coformer1,coformer2
O=C([O-])c1ccncc1,Cc1cc(Br)cc2CN3C[NH+](Cc4cc(Br)cc(C)c34)c12
OC(=O)c1c[nH+]ccc1,COc1ccc(cc1)P(=S)([S-])N1CCOCC1
CC1=CC(=O)N([O-])C(=C1)C1CCCCC1,CN(C)c1cc[n+](cc1)P(C)C
Clc1ccc(cc1N(=O)=O)S(=O)(=O)[O-],[NH3+]CC(O)COc1ccccc1
OC1C[NH+]2CCC1CC2,Fc1cc(ccc1[O-])N(=O)=O
Clc1ccc(Cl)c(OCC(=O)[O-])c1,COC(=O)C1(C[NH2+]C(COC(F)(F)F)C1)C(=O)OC
C[n+]1ccc(NC(=O)Nc2cc[n+](C)cc2)cc1,OC1C(O)C(OC1COP(O)(=O)[O-])N1C=NC2=C1N=CNC2=O
OC(=O)c1ccccc1C(=O)[O-],CN(C)c1cc[n+](cc1)P(C)(C)=S
C[N+]1=CN(C=C1)c1ccc(cc1N(=O)=O)N(=O)=O,OC(=O)C([O-])(c1ccccc1)c1ccccc1
CC1(C)COP(=O)([O-])OC1c1c(Cl)cccc1Cl,C1N2CP3CN1C[N+](C2)(C3)Cc1ccccc1
Oc1cccc(c1)C(=O)[O-],CC(C)(C)[NH+]=Cc1ccccc1Br
Clc1ccc(cc1)C1=C(C#N)C(=O)NC(=C1C#N)[O-],CC(c1ncncc1F)C(O)(CN1C=[NH+]C=N1)c1ccc(F)cc1F
OC(=O)CCCCCCCC(=O)[O-],CCOP(=S)(OCC)OCC[NH+](C)C
Nc1ccc(Cl)cc1C(=O)[O-],Cc1[nH+]c(C)c(Cl)c(N)n1
OC(C(=O)[O-])c1cccc(Cl)c1,NS(=O)(=O)C1=NNC(=[NH2+])S1
Clc1ccc(OCC(=O)[O-])cc1,CS(=[NH2+])(=O)c1ccccc1
[NH3+]F,OC(=O)CC(C(=O)[O-])c1ccccc1
[NH3+]CCS,O=N(=O)c1cccc(c1[O-])N(=O)=O
Clc1ccc(cc1Cl)C(CCC(=O)[O-])c1ccccn1,NC(=[NH2+])NC(=O)c1nc(Cl)c(N)nc1N
[NH3+]c1ccc(F)cc1,FC(F)(F)C(=O)[O-]
OC(Cc1ccccc1)C(=O)[O-],[NH3+]C(CCC)c1cccc(c1)N(=O)=O
[S-]C1=Nc2ccccc2S1,Cc1cccc2SC(=[NH2+])Nc12
OP(F)(=O)[O-],NC1=[NH+]C=CS1
NC(=[NH+]O)C(N)=NO,OC(CC(O)=O)C(=O)[O-]
O=N(=O)C1=N[N-]C(=C1N(=O)=O)N(=O)=O,CN1C(=O)N(C)C2=C([NH+]=CN2)C1=O
CC1(C)OC2OC3C(O)C[NH2+]CC3C2O1,CN1C(=O)N(C)C(=C(C1=O)N(=O)=O)[O-]
OC(C(=O)[O-])c1ccc2ccccc2c1,CC(C)(C)N1C=C[N+](=P1)C(C)(C)C
NNC(=O)c1cc[nH+]cc1,CC1=NC(=NN1)SCC(=O)[O-]
C[N+]1=C(Br)N(CC#C)C(=C1Br)Br,OC(=O)CSc1nc(SCC(O)=O)nc(SCC(=O)[O-])n1
CC1(C)OC(=O)C(=C([O-])O1)C#N,[NH3+]C(CCC)c1cccc(c1)N(=O)=O
O=S1(=O)[N-]S(=O)(=O)c2ccccc12,CN1C2=C(S[S+]=N2)C=C2Sc3nc(Cl)c(Cl)nc3N=C12
[NH3+]NC(=O)NN,OC(=O)CC(O)(CC(O)=O)C(=O)[O-]
OC(=O)C=CC1=CNC=[NH+]1,Cc1cc(C)c(c(C)c1)S(=O)(=O)[O-]
O=C([O-])c1ccc2ccccc2n1,C[N+](C)(N)CCl
CCCC[NH+](CCO)CCO,O=S(=O)([O-])c1cccc2c1cccc2S(=O)(=O)[O-]
CCOC(=O)C1C[NH2+]CCC1,Fc1ccc(cc1)S(=O)(=O)[N-]S(=O)(=O)c1ccc(F)cc1
CC(C)=CC1C(C(=O)[O-])C1(C)C,[NH3+]C(c1ccccc1)c1ccccc1O
[O-]C1=N[N+](=NO1)C1=NN=N[N-]1,NC1=[NH+]C(=O)NC=C1Br
CCOc1cc(ccc1O)C=Cc1cc[n+](C)cc1,OC1CCC(CC1)NC(=O)[O-]
Oc1cc2ccccc2cc1C(=O)[O-],CCCCC#CC1=[N+](CCC#C)c2ccccc2S1
OC(=O)C(=O)[O-],[NH3+]c1ccc(OCC)cc1
ClCP(=O)([O-])CCl,[NH3+]C(C(C)C)C(O)=O
[NH2+]1CCSCC1,CP(O)(=O)[O-]
CC1(C)COP(=O)([O-])OC1c1c(Cl)cccc1Cl,[2H][N+]([2H])([2H])C1CCCCC1C
[NH3+]CCC1=CNc2ccc(O)cc12,Oc1ccc(cc1)C(=O)[O-]
CC1(C)CC(C)(c2ccc([O-])cc2)c2ccccc2O1,NC1=[NH+]C(=O)NC=C1
NC1=NON=C1C1=NN=N[N-]1,Nc1[nH+]c(nc(N)n1)c1ccc(Br)cc1
FC(F)COCc1cc[nH+]cc1,CC(C)(Oc1ccc(Cl)cc1)C(=O)[O-]
OC1CCN(CC1)C(=O)[O-],NC1=[NH+]c2ccc(OC(F)(F)F)cc2S1
ClC1=C(SC=C1)C(=O)[O-],OC(=O)c1cc[nH+]cc1
Oc1ccc(cc1)S(=O)(=O)[O-],CSC=C(C[NH+](C)C)SC
FC(F)(F)C1=C([O-])C(F)(C(=C1C(F)(F)F)C(F)(F)F)C(F)(F)F,[NH2+]1CCOCC1
C[N+]1=CN(C=C1)C1=Cc2ccccc2OC1=O,OC(C(=O)[O-])c1c2ccccc2cc2ccccc12
COC(=O)c1cc[nH+]cc1,O=C1NC(=O)C(C(=O)N1)=C1C(=C[C-](C=C1N(=O)=O)N(=O)=O)N(=O)=O
N[C+](N)NC(N)=O,OC(=O)c1cc(cc(c1[O-])N(=O)=O)N(=O)=O
COc1ccccc1c1c(C)[nH+]c(C)c(Br)c1Br,Oc1ccc(O)c(c1)C(=O)[O-]
FC(F)(F)O[n+]1ccc(cc1)c1ccccc1,O=P([O-])(c1ccccc1)c1ccccc1
CC1=C(C)[NH+]=C(N1)c1ccccc1O,Clc1cc(Cl)cc(OCC(=O)[O-])c1
CN1C(=O)N(C)C2=C(N(CC(=O)[O-])C=N2)C1=O,O=S1(=O)CC(C1)C1C[NH2+]C1
COC(=O)C1[NH2+]CC(F)CC1,O=C([O-])CN1C(=O)c2cccc3cccc(C1=O)c23
Cc1ccc(cc1)C=CC(=O)[O-],NC(=[NH2+])NC(N)=O
NC(=[NH2+])NC(N)=O,CC1(C)COP(=O)([O-])OC1c1c(Cl)cccc1Cl
CCON1C=C[N+](=C1)OCC,Clc1cccc(OCC(=O)[O-])c1Cl
CC(C)C1=[NH+]C(=CC(=O)N1)C,COc1cccc(c1)N1CCN(CC1)C(=O)[O-]
O=C1N(CCCN2C=[NH+]C=C2)C(=O)c2cccc3cccc1c23,CC1=CC(=NO1)[N-]S(=O)(=O)c1ccc(N)cc1
Clc1ccc(c(c1)C(=O)[O-])N(=O)=O,O[n+]1ccc(cc1)c1ccncc1
CN1C=C[N+](=C1N(=O)=O)C,ON1N=C(N=C1C1=NN=NN1[O-])N(=O)=O
O=C([O-])CCN1C(=S)Oc2ccccc12,CC[S+]1CCN(CC1)c1ccccc1
[NH3+]c1cccc(c1)C(O)=O,CCC(=O)Nc1ccccc1C(=O)[O-]
COc1ccc(cc1)C=C1CC[NH+]=C1,O=C([O-])CCN1C(=S)Oc2ccccc12
CC(C)(C)C(=O)[O-],CC(C)N[C+](NC(C)C)Nc1ccc(F)cc1
O=C1NC(=O)[N-]C(=O)N1,C1[N+]2=CC=CN2P(N2C=CC=[N+]12)c1ccccc1
Clc1ccc(OCC(=O)[O-])c(Cl)c1,C[N+]1=NOC(=C1)N
[NH3+]CCc1ccc(O)c(O)c1,Fc1ccccc1NC(=O)C(=O)[O-]
Clc1ccc(CNC(=O)[O-])cc1,[NH3+]C(CCCCN)C(O)=O
CN(C)C(OS(=O)(=O)C(F)(F)F)=[N+](C)C,OC(C(O)C(=O)[O-])C(=O)[O-]
CCOc1ccc(cc1)C=Cc1cccc[n+]1C,O=C([O-])c1ccc(cc1)C(=O)[O-]
[NH3+]C(CCCNC(N)=[NH2+])C(N)=O,CC(=O)Nc1ccccc1C(=O)[O-]
CCN1C=[NH+]C2=C1N=C(N)NC2=O,Oc1ccc(cc1)C=CC(=O)[O-]
N#C[N-]C#N,OC(=O)C[n+]1ccccc1
C[NH+]1CCCC1C1=CC=CO1,ClC1=CC=C(S1)C(=O)[O-]
OC(=O)C1=CC=CN1c1c(cccc1C(F)(F)F)C(=O)[O-],CC([NH2+]CCOc1c(C)cccc1C)CO
O=N(=O)[C-](C#N)N(=O)=O,N1C=C[NH+]=C1C1=CSC(S1)=C1SC=CS1
ClCCC[NH+]1CCCCC1,Clc1cccc(c1)C(=O)[O-]
CCOP(=O)([O-])OCC,Brc1c[nH+]ccc1
CC(C)Cc1ccc(cc1)C(C)C(=O)[O-],C1C[N+]2(CCO1)CC[N+]1(CCOCC1)CC2
OC(=O)CCCCCCC(=O)[O-],CC(C)=[NH+]O
O=N(=O)c1ccc(cc1)[N+]#N,CCOS(=O)(=O)[O-]
CC1(C)COP(=O)([O-])OC1c1ccccc1,Oc1ccc2ccccc2c1C1[NH2+]CCC1
CC[N+](C)(CC)OC1CCC(O)CC1,O=NC1=C([O-])NC(=O)NC1=O
Clc1cc(ccc1C(=O)[O-])N(=O)=O,[NH3+]C1=CNC(=O)NC1=O
COC12CCCCCC(=[NH+]c3ccccc13)N2,FC(F)(F)S(=O)(=O)[O-]
C[NH+]=C1N(C)C2C(N(C)C(=O)N2C)N1C,CC1=NC(=NN1)SCC(=O)[O-]
C[N+](C)(C)NCCC(O)=O,O=NC1=C([O-])NC(=O)NC1=O
[NH3+]C(C)(P(O)(=O)[O-])P(O)(=O)[O-],NC1=[NH+]c2ccc(Br)cc2S1
OB(O)[O-],Cc1cc(C)c(N2C=[N+]3C(=CSC3=C2)C)c(C)c1
O=C(OCc1ccccc1)c1c[nH+]ccc1,COS(=O)(=O)[O-]
CC1(C)COP(=O)([O-])OC1c1c(Cl)cccc1Cl,Cc1ccc(SCc2cc[nH+]cc2)cc1
[NH3+]C1CCC(O)CC1,O=C1NC(=O)C(=C([O-])N1)c1c(cc(cc1N(=O)=O)N(=O)=O)N(=O)=O
OB1OB(O)O[B-](O)(O)O1,[NH3+]c1ccc(Cl)cc1
O=N(=O)c1ccccc1[N+]#N,CC1(C)COP(=O)([O-])OC1c1ccccc1F
O=C([O-])C=CC(=O)[O-],COC(=O)c1ccc(C(=O)OC)c(c1)[n+]1ccccc1
O=Cc1ccccc1C(=O)[O-],Nc1[nH+]c(nc(N)n1)c1cc(Cl)ccc1Cl
O=N(=O)N=C1NN=C2NC(=NN12)[N-]N(=O)=O,CC1=[NH+]N=C2CN=C(c3ccccc3)c3cc(Cl)ccc3N12
CC(C)C1=[NH+]C(=CC(=O)N1)C,CC=CC(=O)[O-]
OC1C[N+]2(CCOCC2)C1,Clc1cccc(Cl)c1Nc1ccccc1CC(=O)[O-]
CCOC(=O)C([N+]#N)=S1c2ccccc2Sc2ccccc12,ClCCN1N=NC2=C(N=CN2C1=O)C(=O)[N-]N(=O)=O
Clc1cc(cc(Cl)c1[O-])N(=O)=O,O=P([O-])([n+]1ccccc1)[n+]1ccccc1
[NH3+]Cc1cccc(OC)c1,S=P([S-])(N1CCOCC1)N1CCOCC1
[NH3+]CCc1ccc(O)cc1,OB1OB(O)O[B-]2(O1)OB(O)OB(O)O2
O=C([O-])C1=CC=CC(=O)N1,CCC(SC1=[NH+]c2ccccc2N1)C(O)=O
CCOP([O-])(=S)c1ccc(Cl)cc1,[NH3+]C1CC(N(C1)C(C)=O)C(=O)OC
O=C([O-])C1COc2ccccc2O1,[NH2+]=C1NC2(COC(CF)CC2CS1)c1ccc(F)cc1F
CCOP([O-])(=S)c1ccccc1,O[NH+]=CC1=CNc2ccccc12
C[NH+]1CCC23CCCC1C2Oc1ccc(cc31)N(=O)=O,FC(F)(F)C1=C([O-])C(F)(C(=C1C(F)(F)F)C(F)(F)F)C(F)(F)F
BrC1=C[NH+]=CNC1C1=CC=CS1,CCCCC(=O)[O-]
COC(C(=O)[O-])(c1ccccc1)C(F)(F)F,CN1C2=C(S[S+]=N2)C=C2Sc3nc(Cl)c(Cl)nc3N=C12
CC(=O)Nc1cc[nH+]cc1,OB1OB(O)O[B-](O)(O)O1
CC1=[N+]([O-])ON=C1C=NNC(N)=[NH2+],O=C([O-])c1ccccn1
OC1CCN(CC1)C(=O)[O-],COc1cc[n+](O)c(OC)c1
OC(=O)C([O-])(c1ccccc1)c1ccccc1,OC(=O)C[n+]1ccccc1
C[Si](C)(C)OP(C)(C)=[N+]=P(C)(C)C,N#CC1=NN=N[N-]1
[NH3+]c1ccc(cc1)S(=O)(=O)N=C1NC=CS1,Fc1c(F)c([O-])c(F)c(F)c1Br
C[n+]1ccccc1CC[Si](C)(C)C,OC(=O)C#CC(=O)[O-]
FS(=O)(=O)[N-]S(F)(=O)=O,Fc1ccccc1N1CC[NH2+]CC1
NN1N=NN(OCc2ccccc2)C1=[NH2+],OC(C(=O)[O-])c1ccccc1
OC(=O)c1ccccc1c1ccccc1C(=O)[O-],OC(=O)C[n+]1ccccc1
O=N(=O)C(=C1N[N-]N=N1)N(=O)=O,[NH3+]c1ccc(cc1)C(O)=O
C[NH2+]C(C)C(O)c1ccccc1,S=C1NC(=S)[N-]C(=S)N1
O=C([O-])CS(=O)C(c1ccccc1)c1ccccc1,[NH3+]c1cccc(Br)c1
C[N+]1(CCCC1)CC(O)=O,O=C([O-])C1CCC(=O)N1
CC(=O)Oc1ccccc1C(=O)[O-],CN1CC[N+]2(C)Cc3cnc(C)c(O)c3C12
COC(=O)C1[NH2+]C(CC1)CC(C)=O,Oc1c2cc(ccc2c(cc1N(=O)=O)N(=O)=O)S(=O)(=O)[O-]
O=C(Oc1ccccc1)[n+]1cccc2ccccc12,O=N(=O)c1ccc([O-])c(c1)N(=O)=O
NC(=O)C1=NC(=C[N-]C1=O)F,CON1C=C[N+](=C1C)OC
c1ccc(cc1)[PH+](c1ccccc1)c1ccccc1,Clc1cccc(c1)C(=O)[O-]
N[n+]1ccnc(Cl)c1,Nc1ccc(c(O)c1)C(=O)[O-]
O=C([O-])C1=CC=CC(=O)N1,CC(c1ncncc1F)C(O)(C[N+]1=CNC=N1)c1ccc(F)cc1F
O=C([O-])c1c2ccccc2cc2ccccc12,C[S+](C)(C)=O
O=N(=O)c1ccc(c(c1)N(=O)=O)S(=O)(=O)[O-],OC(=O)C1CC[NH2+]CC1
O=N(=O)c1c[nH+]ccc1,CC1=CC(=NO1)[N-]S(=O)(=O)c1ccc(N)cc1
CN(C)c1cc[n+](cc1)P(C)C,OC(=O)C1=CC=C(S1)C(=O)[O-]
NC(=[NH2+])NC(=O)c1nc(Cl)c(N)nc1N,COS(=O)(=O)[O-]
CCS(=O)(=O)[O-],COc1ccccc1N1CC[NH2+]CC1
Oc1c[nH+]ccc1,[NH3+]C(C)(P(O)(=O)[O-])P(O)(=O)[O-]
[O-]N1N=NN=C1C1=NN=NN1[O-],[NH2+]=C1NC2=C(N1)C(CCC2)N1NC(=O)N(C1=O)c1ccccc1
OC1=CC([N+]2=C1NC(=O)c1ccccc21)c1ccccc1,CC1=CC=C(S1)C(=O)[O-]
CC(=O)OCC[N+](C)(C)C,Oc1ccc(Cl)cc1C(=O)[O-]
Oc1c(ccc2ccccc12)C(=O)[O-],[nH+]1ccc(SSc2cc[nH+]cc2)cc1
CC(C)(C)OC(=O)N1CC2CC2C1C(=O)[O-],C[N+]1=C2c3ccccc3c3ccccc3C2=NS1
O=C([O-])C1(CCC1)C(=O)[O-],CC(C)N1C(=C(C)[N+](=C1P(N=[N+]=[N-])N=[N+]=[N-])C(C)C)C
COc1ccc(cc1)C(=O)[O-],N#C[S+]1c2ccccc2c2ccccc12
FC1=NC(=O)N=C(F)[N-]1,Cc1cc2[NH+]=C3C(O)C(O)C(O)CN3c2cc1C
CC1(C)COP(=O)([O-])OC1c1ccccc1F,Cc1[nH+]c(N)nc(N)c1c1ccc(Cl)c(Cl)c1
CN1C=C[N+](=C1)CC(O)=O,Oc1ccc(cc1C(=O)[O-])c1ccc(F)cc1F
OC(=O)c1cccc(c1C(=O)[O-])N(=O)=O,[2H][N+]12CCN(CC1)CC2
CC(=O)c1[nH+]cccc1,O=S(=O)([O-])c1ccccc1
NC(=O)C1([NH2+]CCC1)C(F)(F)F,O=S1(=O)[N-]S(=O)(=O)c2ccccc12
O=C1C[N+]2(CCOCC2)CCO1,OC(=O)COc1cccc(OCC(=O)[O-])c1
[2H][N+]([2H])([2H])CCCOC,O=C1NC(=O)C(C(=O)N1)=C1C(=C[C-](C=C1N(=O)=O)N(=O)=O)N(=O)=O
CC1CC2C3CCC[NH+]4CCC(=C(O)C2=O)C34C1,Clc1ncccc1C(=O)[O-]
Clc1ccc(cc1)C1[NH2+]CCN2C=CC=C12,BrCCCCCCC(=O)[O-]
OC(C(O)C(=O)[O-])C(=O)[O-],CC(C)[N+](=NNC(=O)C(C)=C(C)C)C(C)C
Cc1ccccc1C(=O)[O-],CN1C=C[N+](=C1SSC1=[N+](C)C=CN1C)C
O=Cc1ccccc1C(=O)[O-],[NH3+]Cc1cccc(Br)c1
O=C([O-])Cc1ccccc1,CC1=CC(=[NH+]C(N1)c1ccc(O)cc1)C
[NH3+]Cc1ccccc1Br,ClC(Cl)(Cl)C(=O)[O-]
[NH3+]CCC(=O)NC(CC1=C[NH+]=CN1)C(=O)[O-],CC(C)=CC1C(C(=O)[O-])C1(C)C
O=C([O-])CN1C(=O)c2cccc3cccc(C1=O)c23,CC1OC(CC1=O)C[N+](C)(C)C
Clc1ccc(cc1C(=O)[O-])N(=O)=O,NC1=[NH+]C(=O)NC=C1F
[NH3+]C(C(=O)OCc1ccccc1)c1ccccc1,OCC(CO)(CO)CNC(=O)[O-]
CC1=CC(=O)N([O-])C(=C1)C1CCCCC1,[NH3+]C(Cc1ccccc1)C(=O)OCN1N=Nc2ccccc12
COC(C#N)(C#N)c1c(F)c(F)c(c(F)c1F)[C-](C#N)C#N,C1=CN2C(=P[n+]3ccccc23)C=C1
OC(=O)C[n+]1ccc(cc1)C(O)=O,OC(C(=O)[O-])c1cccc(Cl)c1
CCOc1ccc(cc1)C=Cc1cccc[n+]1C,O=C([O-])C1=CNc2ccccc12
C[N+]1(CCCC1)CC(O)=O,CN1C(=O)N(C)C2=C(N(CC(=O)[O-])C=N2)C1=O
[N-]=[N+]=NC1=NN=N[N-]1,CC(C)=[NH+]O
C[n+]1cccc2C=C3N(c4ccccc4C3=O)c12,O=C([O-])CCCCC1CCSS1
NC1=[NH+]c2ccc(Br)cc2S1,OC1=C(Br)C(=O)C(=C(Br)C1=O)[O-]
Oc1ccc(cc1)S(=O)(=O)[O-],[NH3+]C(CC1=CNC=[NH+]1)C(=O)[O-]
[NH3+]c1ccc(cc1)S(=O)(=O)N=C1NN=C(C)S1,Clc1cccc(C(=O)[O-])c1N(=O)=O
N[n+]1ccnc(Cl)c1,NCCc1ccc([O-])cc1
COC(=O)C1[NH2+]CC(C1)N=[N+]=[N-],OC(=O)CC(O)(CC(=O)[O-])C(O)=O
OC(=O)c1cccc(c1C(=O)[O-])N(=O)=O,COC(N)=NC(N)=[NH2+]
COc1cc(OC)cc(c1)C(=O)[O-],[NH3+]NC(=O)c1ccncc1
Nc1[nH+]cc(cc1)N(=O)=O,[O-]N=C(C#N)C#N
O=C([O-])CCCCC(=O)[O-],FC1=CNC(=C1F)C1=CC(=[NH+]N1)C1=C(F)C(=CN1)F
[NH3+]C1CN(CC1C1CC1)C(=O)OC(C)(C)C,CC(C)(C)C(=O)[O-]
[N-]=[N+]=NC1=NN=N[N-]1,CC[n+]1ccc(cc1)C=Cc1ccc(OC)c(OC)c1
C[N+](C)=C(C)OCF,COc1ccc2cc(ccc2c1)C(C)C(=O)[O-]
OP(F)(=O)[O-],CC1CC23C=CC(=O)CC2Nc2ccccc2C3=[NH+]1
O=C([O-])CN1C(=O)c2ccccc2C1=O,[NH3+]C(C)c1ccccc1OC
C[N+]1=C(Br)N(CC#C)C(=C1Br)Br,Clc1cccc(OCC(=O)[O-])c1Cl
C[NH+](CCO)CCO,[O-]C1=N[N+](=NO1)C1=NN=N[N-]1
[NH3+]C(C)(C)CC(C)=O,CC(Oc1cccc(Cl)c1)C(=O)[O-]
CN1C=[N+](C)C(=C1)N(=O)=O,OC1=C(Br)C(=O)C(=C(Br)C1=O)[O-]
[NH3+]c1ccc(CCO)cc1,ClC(Cl)(Cl)C(=O)[O-]
CC(C)=NNC1=[NH+]c2ccccc2S1,O=C1[N-]C(=O)c2ccccc12
[NH3+]C(C)c1cccc(OC)c1,OC(=O)CC(O)(CC(=O)[O-])C(O)=O
C[N+]1(CC[N+](C)(CC1)CC(=O)[O-])CC(O)=O,Cc1c(Cl)cccc1Nc1ccccc1C(=O)[O-]
[N-]=[N+]=NC1=NN=N[N-]1,CC1(C)[NH2+]C(C)(C)CC(=O)C1
[NH3+]CP(C)(C)=O,O=N(=O)c1cc(c(c(c1)N(=O)=O)S(=O)(=O)[O-])N(=O)=O
C[N+]1(CCCC1)CC(O)=O,OC(=O)c1ccccc1C(=O)[O-]
CN1C=C([N+](=C1C)C)N(=O)=O,Cc1ccc(cc1)C1=C(C#N)C(=O)NC(=C1C#N)[O-]
COC(=O)C1=C(O)CC2CCC1[NH+]2C,O=N(=O)C1=N[N-]N=N1
OC1=[NH+]CCC1,OC(=O)C1=NNC(=C1)C(=O)[O-]
OC(=O)C1=NNC(=C1)C(=O)[O-],CN(C)c1cc[nH+]cc1Cl
Fc1c(F)c(c(F)c(F)c1Br)C(=O)[O-],OCC1CC2CC[NH+]1CC2C=C
[NH2+]=C1NC2(COC(CF)CC2CS1)c1ccc(F)cc1F,ClCP(=O)([O-])CCl
O=C([O-])C1=Cc2ccccc2N1,COc1cc(Cc2c[nH+]c(N)nc2N)cc(OC)c1OC
Clc1ccc(CC(=O)[O-])cc1,Clc1ccc(cc1)N=Cc1cc[nH+]cc1
Brc1cccc(c1)C(=O)[O-],CC(C)(C)[NH+]=Cc1ccccc1Br
O[NH+]=Cc1ccccc1O,NS(=O)(=O)c1ccccc1C(=O)[O-]
O=C1NC(=O)C(=C([O-])N1)N(=O)=O,N[n+]1ccnc(Cl)c1
OC(=O)C([O-])(c1ccccc1)c1ccccc1,C[Si](C)(C)N1C=C[N+](=C1)[Si](C)(C)C
O=C1[N-]S(=O)(=O)c2ccccc12,NC(CC[NH+]1CCCCC1)=NO
CC1CC23C=CC(=O)CC2Nc2ccccc2C3=[NH+]1,Cc1ccc(cc1)S(=O)(=O)[O-]
CN1N2CN3C[N+](C)(C2)N(C)P1(=S)N3C,CC1(C)COP(=O)([O-])OC1c1ccccc1F
ClC1=C(Sc2ccccc12)C(=O)[O-],CN1C=C[N+](=C1C)O
C1CC[P+]2(C1)CCCC2,OC(=O)c1cc(cc(c1)C(=O)[O-])C(O)=O
CCOC(=C)[n+]1ccccc1Cl,OC(=O)C=CC(=O)[O-]
Cc1cc(CN2C=[NH+]C=C2)c(O)c(CN2C=CN=C2)c1,ClC(Cl)C(=O)[O-]
O=N(=O)c1ccc([O-])cc1,[NH2+]=C(O)N1c2ccccc2C=Cc2ccccc12
C[NH+]=Cc1c([O-])c(C)[nH+]cc1CO,OP(=O)([O-])c1c(F)c(F)c(F)c(F)c1F
C[NH2+]CCN(C)C(=O)Nc1cccc2cccnc12,Oc1ccc(cc1)C(=O)[O-]
O=N(=O)N=C1NN=N[N-]1,[NH3+]c1cc(Cl)ccc1Cl
O=P1([O-])Oc2ccc3ccccc3c2c2c(O1)ccc1ccccc21,[2H][N+]([2H])=CN([2H])[2H]
OC(C(=O)[O-])c1cccc(Cl)c1,CC(C)N1C(=C(C)[N+](=C1P(N=[N+]=[N-])N=[N+]=[N-])C(C)C)C
C[NH+](C)CC(SC(C)C)=CSC(C)C,NS(=O)(=O)c1ccccc1C(=O)[O-]
NS(=O)(=O)[O-],CC1CC(C)(C)C[NH+]1O
S=C=[N-],[NH3+]NC(=O)C(=O)N[NH3+]
c1ccc(cc1)[S+](c1ccccc1)c1ccccc1,S=C=[N-]
[NH3+]C(CCC(O)=O)C(O)=O,O=C1NC(C(=O)[N-]1)(c1ccccc1)c1ccccc1
CCOc1ccc(cc1)C(=O)[O-],[NH3+]c1ccc(O)cc1
C[NH+](C)C(CO)C(O)c1ccccc1,Clc1ccc(cc1N(=O)=O)S(=O)(=O)[O-]
Clc1cc(Cl)cc(OCC(=O)[O-])c1,C[P+](c1ccccc1)(c1ccccc1)c1ccccc1
C=CC(=O)[O-],CN1C=C[N+](=C1Br)C
COC(=O)c1cc[nH+]cc1,Nc1ccc(cc1)S(=O)(=O)[O-]
CC1CC(C)(C)C[NH+]1O,O=C1CC2C(OC(C2c2ccccc2)C(=O)[O-])O1
FC(F)(F)c1c2nccnc2cc2C3C[NH2+]CC(C3)c12,OC(=O)c1cccc(c1)C(=O)[O-]
OC(=O)CCCC(=O)[O-],O=N(=O)c1ccc(C[n+]2ccc3ccccc3c2)cc1
CC1[NH2+]CCOC1c1cccc(F)c1,O=C1NC(C(=O)[N-]1)(c1ccccc1)c1ccccc1
OC1CNC(=[NH+]C1)CCC1=[NH+]CC(O)CN1,ClC1=CC=C(S1)C(=O)[O-]
OC1=C(Cl)C(=O)C(=O)C(=C1[O-])Cl,[NH3+]C(C)(C)COC(=O)c1ccccc1
Oc1ccccc1C(=O)[O-],C[P+](C)(C)N[Si](C)(C)C
ClC(Cl)(Cl)C(=O)[O-],Cc1ccc(cc1)C(F)(F)[n+]1ccccc1
Nc1cc(nc(N)[n+]1O)N1CCCCC1,N#CC1=NN=N[N-]1
CCOP(=O)([O-])OCC,O=C1N[NH2+]C21CCCCC2
NC(NC1=N[N-]N=N1)=NN(=O)=O,NC(=[NH2+])Nc1ccc(F)cc1
CC1(C)CN2CC[NH2+]C2C(C)(C)SS1,OC(=O)CCCCCCCCC(=O)[O-]
[NH3+]C(CCC)C(O)=O,O=N(=O)c1cccc(c1)S(=O)(=O)[O-]
Cc1cc(CN2C=[NH+]C=C2)c(O)c(CN2C=CN=C2)c1,CC1(C)COP(=O)([O-])OC1c1ccccc1
Nc1[nH+]c(Cl)ccc1,Clc1ccc(OCC(=O)[O-])c(Cl)c1
CCN(CC)P1N2C=CC=[N+]2CN2C=CC=[N+]12,CC(C)=CC(=O)[O-]
[2H][N+]([2H])([2H])C1CCCCC1C,OC(=O)CCC(=O)[O-]
Clc1cc(cc(Cl)c1[O-])N(=O)=O,[NH3+]c1ccc(cc1OC)C(O)=O
O=C(Nc1ccccc1)C1[NH2+]CCCC1,NC(=O)NC(=O)C(=O)[O-]
Nc1ccc(cc1)S(=O)(=O)[O-],OC(=O)C[NH2+]CC(O)=O
C[N+]1=NN(OCF)c2ccc(C)cc12,Cc1ccc(cc1)C(=O)[O-]
O=C([O-])C#Cc1ccccc1,NC1=[NH+]C(=O)N(C=C1)C1CSC(CO)O1
[2H][N+]1=CN([2H])C=C1,Cc1cc(ccc1N(=O)=O)C(=O)[O-]
Cc1ccc(cc1)C(=O)[O-],C[NH+]1C2CCC1C(O)(O)C(F)C2
Nc1ccccc1S(=O)(=O)[O-],COc1ccc(cc1)C(N)=[NH2+]
CC1(C)CCCC(C)(C)[NH+]1O,O=C([O-])C1=CSC=C1
[S-]c1ccccc1,Cc1cc[nH+]cc1Br
O=N(=O)N=C1[N-]N=NN1OCCON1N=N[N-]C1=NN(=O)=O,CC1=[NH+]N(C(=C1)C)c1ncccc1N(=O)=O
OCC[NH+]1CCCCC1,OC(=O)C(F)(F)C(F)(F)C(=O)[O-]
O=C1C[N+]2(CCOCC2)CCO1,COc1ccc(cc1)P(=S)([S-])N1CCOCC1
COc1cccc(c1)N1CCN(CC1)C(=O)[O-],Nc1[nH+]cccc1N(=O)=O
NC(=[NH2+])NC(N)=O,CC(C)OCC(OC(C)C(=O)[O-])c1ccccc1
Clc1ccc(cc1)C1=C(C#N)C(=S)NC(=C1C#N)[S-],[NH3+]C(C)c1ccc(Cl)cc1
Cc1cc(C)c(c(C)c1)S(=O)(=O)[O-],[2H][N+](CCC)(CCC)CCC
ClC1=C(Sc2ccccc12)C(=O)[O-],CC(C)(C)OC(=O)C1[NH2+]C(CC1)C=C
OC(=O)c1ccccc1c1ccccc1C(=O)[O-],CC1=C(C=C(C#N)C(=O)N1)c1cc[nH+]cc1
OC(=O)C=CC(=O)[O-],CCP(CC)(CC)=[N+]1N=C(C)C=C1C
[NH3+]C(CCC[NH+]=C(N)N)C(=O)[O-],Clc1ccc(cn1)C(=O)[O-]
Oc1c(c(O)c(c([O-])c1N(=O)=O)N(=O)=O)N(=O)=O,[NH3+]C(C)(C)COC(=O)c1ccccc1
O=Cc1ccccc1C(=O)[O-],O=C1CCN2C(c3ccccc3)C(=CN12)c1[nH+]cccc1
NC1=CC(=O)NC(=[NH2+])N1,COc1ccc(cc1)C(=O)[O-]
Clc1ccc(OCC(=O)[O-])cc1Cl,O=N(=O)c1ccc(Cc2[nH+]cccc2)c(c1)N(=O)=O
OC(=O)c1cc(C(O)=O)c(cc1C(O)=O)C(=O)[O-],[NH2+]=C1NC(=O)NC=C1
Oc1ccc(CC(=O)[O-])cc1,[NH3+]CCSSCC[NH3+]
O[n+]1ccc(cc1)c1ccncc1,Fc1cc(ccc1[O-])N(=O)=O
CN1C(=O)N(C)C2=C([N-]C=N2)C1=O,CC1=C(C=C(C#N)C(=O)N1)c1cc[nH+]cc1
[NH3+]C1CCC(O)CC1,O=C([O-])CC1=CSc2ccccc12
C[NH+]1CC(O)c2cc(O)ccc2C1c1cccc(O)c1,OB(O)c1ccc(cc1)C(=O)[O-]
NC(=O)NN=Cc1cc[nH+]cc1,OP(=O)([O-])Oc1cccc2ccccc12
CCN1c2ccccc2C=C2C(=O)NC(=[NH2+])N=C12,O=C([O-])CN1C(=O)c2ccccc2C1=O
O=C([O-])C1=CC=CN1,Fc1c(F)c(F)c(c(F)c1F)[P+](F)(c1ccccn1)c1c(F)c(F)c(F)c(F)c1F
CCNC(=[NH+]CC)c1ccc(Br)cc1,O=N(=O)c1ccc(c(c1)N(=O)=O)S(=O)(=O)[O-]
Brc1ccc(CC(=O)[O-])cc1,Clc1ccc(cn1)C1CC2[NH2+]C1CC2
[NH3+]CC(O)CNS(=O)(=O)c1ccc(cc1)N(=O)=O,O=C1CN(N=CC2=CC=C(O2)N(=O)=O)C(=O)[N-]1
O=P([O-])([n+]1ccccc1)[n+]1ccccc1,O=C1NC(=O)C=C(N1)C(=O)[O-]
CC1(C)C2CCC1(CS(=O)(=O)[O-])C(=O)C2,C[Si](C)(C)CCCc1[nH+]cccc1
Clc1cc(ccc1C(=O)[O-])N(=O)=O,COCCN1C(=C(C)[N+](=C1C(C)C)C)C
Oc1c(ccc2ccccc12)C(=O)[O-],CCOc1ccc2[nH+]c3cc(N)ccc3c(N)c2c1
[NH3+]c1cccc(c1)C(F)(F)F,[O-]N1N=NN=C1C1=NN=NN1[O-]
C[N+]1=CN(C=C1)c1ccc(cc1N(=O)=O)N(=O)=O,OC(=O)CC(=O)[O-]
OC(=O)CC(=O)[O-],CC(C)(C)N1[P+]N(c2ccccc12)C(C)(C)C
[S-]c1ccccc1,CC[N+](C)(CC)OC1CCC(O)CC1
OC(=O)CC[n+]1ccccc1,O=N[C-](C#N)C1=Nc2ccccc2O1
Brc1ccc(CC(=O)[O-])cc1,Clc1ccc(cc1)C1=NS[S+]=N1
CCC(=O)[O-],CC(C)[NH2+]CC(O)c1ccccc1Cl
[NH3+]c1ccc(cc1)S(=O)(=O)N=C1NC=CS1,CC(C)=CC1C(C(=O)[O-])C1(C)C
OC(=O)c1cccc(c1C(=O)[O-])N(=O)=O,CC1(C)C2COc3ccccc3C2[NH+]=C2C=NC=CN12
[NH3+]C(C)Cc1c2OC=Cc2c(Br)c2OC=Cc12,OC(CC(=O)[O-])C(O)=O
NC(=O)C(=O)[O-],C[NH+](C)CCO
C[N+](C)(CCO)CCF,O=C([O-])C1=CNc2ccccc12
CC(=O)Oc1ccccc1C(=O)[O-],CSC=C(C[NH+](C)C)SC
CCOC(C)=[N+](C)C,OC(=O)C1=CC=CN1c1c(cccc1C(F)(F)F)C(=O)[O-]
O=C([O-])C=CC(=O)[O-],COc1ccc(C[n+]2ccccc2)cc1
CC(C)[P+](Cl)(C(C)C)C(C)C,CCCCC(=O)[O-]
Oc1ccc(CC(=O)[O-])cc1,[2H][N+]1=CC=CN1[2H]
Clc1ccc(cc1)S(=O)(=O)[O-],C[NH+]1CC[N+](C)(CC1)CC(O)=O
OC(CCc1ccccc1)C(=O)[O-],NC1=[NH+]C(=O)C=C(N)N1
Nc1cccc(c1)C(=O)[O-],CCOC(C)=[N+](C)C
CC1=[NH+]C(=CC(=O)N1)C,OCS(=O)(=O)[O-]
CCP(=O)([S-])Oc1ccccc1,C[n+]1ccc(cc1)B(O)O
CC1=CC(=NO1)[N-]S(=O)(=O)c1ccc(N)cc1,CCOC(=O)C([N+]#N)=S1c2ccccc2Sc2ccccc12
CC(Oc1cccc(Cl)c1)C(=O)[O-],FC[S+]=P(c1ccccc1)(c1ccccc1)c1ccccc1
C[P+](c1ccccc1)(c1ccccc1)c1ccccc1,O=C([O-])c1ccncc1
ClC(Cl)C(=O)[O-],[NH2+]=C1NC2NC(NC2N1)=NN(=O)=O
CC(C(=O)[O-])C(F)(F)F,[NH2+]=C1NC(=O)N(C=C1)C1CSC(CO)O1
CC1=CC=C(S1)C(=O)[O-],[NH3+]C(C(O)=O)c1cccc2ccccc12
[NH3+]Cc1cccc(F)c1,CC(C)(Oc1ccc(Cl)cc1)C(=O)[O-]
CCOC(=O)c1ccc(cc1)[N+]1=NOC(=C1)N,N#CC1=NN=N[N-]1
[NH3+]Cc1ccc(Br)cc1,OC(=O)c1cc(C(=O)[O-])c(cc1C(=O)[O-])C(O)=O
[NH3+]Cc1cccc(Br)c1,[O-]N1N=NN=C1C1=NN=N[N-]1
CC(=O)Nc1ccccc1C(=O)[O-],O=N(=O)c1ccc(cc1)N1CC[NH2+]CC1
FC(F)(Cl)C(=O)[O-],Cc1cc[nH+]cc1Br
OB1OB(O)O[B-](O)(O)O1,OC1=[NH+]CCC1
O=C1C2[NH2+]CCCC2C(=O)N1Cc1ccccc1,CN(C)c1ccc(cc1)C=C(C#N)C(=O)[O-]
COc1ccc2[NH+]=C(N)Sc2c1,O=C1N[N-]C(=N1)N(=O)=O
CN(C)c1cc[n+](cc1)[Si](C)(C)C,CC(C)C1=C(Cl)[N-]C(=O)NC1=O
Clc1ccc(c(c1)C(=O)[O-])N(=O)=O,OC1=[NH+]CCCCCCC1
CN(C)c1cc[nH+]cc1Cl,Cc1cc(ccc1N(=O)=O)C(=O)[O-]
OC(C(=O)[O-])c1ccccc1,[NH3+]c1cccc(Br)c1
BrCCCCCCC(=O)[O-],NC1=[NH+]c2ccc(Br)cc2S1
O=C([O-])CS(=O)C(c1ccccc1)c1ccccc1,C[N+]1=CN(N=C1)c1ccc(cc1N(=O)=O)N(=O)=O
O=C1NC(=O)C=C([O-])N1,[NH3+]C(C1CCCC(O)C1)C(=O)OC(C)(C)C
O=C([O-])c1ccc2ccccc2n1,COc1ccc(cc1)C(N)=[NH2+]
[2H][N+]1=CN([2H])C=C1,CCC1(CC)C(=O)NC(=O)[N-]C1=O
CC1=CC(=O)N([O-])C(=C1)C1CCCCC1,C1[N+]2=CC=CN2P(N2C=CC=[N+]12)c1ccccc1
C[NH+]=C1C[N+](=C(c2ccccc2)c2cc(Cl)ccc2N1)[O-],OC(=O)c1cc(cc(c1[O-])N(=O)=O)N(=O)=O
[NH3+]c1ccc(cc1C)N(=O)=O,OC1CCN(CC1)C(=O)[O-]
[NH3+]C(CCO)CCCCC,Oc1ccc(cc1O)C(=O)[O-]
C[N+](C)(N)CCl,OC(=O)CNc1ccccc1C(=O)[O-]
c1ccc(cc1)P1[n+]2ccccc2c2cccc[n+]12,COC(=O)C1=C(C(=O)OC)[C-](C(=O)OC)C(=C1C(=O)OC)C(=O)OC
OC(C(=O)[O-])c1c2ccccc2cc2ccccc12,CC(C)(C)C(=O)CN1[P+]OC(=C1)C(C)(C)C
C1N2CP3CN1C[N+](C2)(C3)Cc1ccccc1,O=N(=O)c1ccc([O-])c(c1)N(=O)=O
[S-]c1ccccc1,CC1=C(CCCl)C(=O)N2C=CC=CC2=[NH+]1
CCOP(=O)(Nc1[nH+]c(N)ccc1)OCC,N#C[N-]C#N
COc1cc(c(C)cc1N)S(=O)(=O)[O-],[NH3+]c1ccccc1OC(=O)SC
C[NH+]1C2CCCC1CC(=O)C2,Clc1ccc(CC(=O)[O-])cc1
O=C([O-])C1=CC=C(O1)N(=O)=O,Nc1[nH+]cccc1C(O)=O
Clc1ccc(c(Cl)c1)C(=O)[O-],C[NH+]=S(=O)(C=CC(C)(C)C)c1ccccc1
[2H][N+]12CCN(CC1)CC2,[2H]P(O[2H])(=O)[O-]
FC1=NC(=O)N=C(F)[N-]1,CN1C=C([N+](=C1C)C)N(=O)=O
[NH3+]CCC(=O)OO,OB(O)c1ccc(cc1)C(=O)[O-]
CC1(C)C(C1c1cccc2OCCc12)C(=O)NC(N)=[NH2+],Clc1ccc(cc1)S(=O)(=O)CC(=O)[O-]
O=N(=O)c1ccc([O-])cc1,CC(C)=NNC(=O)c1cc[nH+]cc1
OC(=O)CCCNc1nc[nH+]c2N=CNc12,[2H]OC(=O)c1c(F)c(F)c(c(F)c1F)C(=O)[O-]
[NH3+]CCNC(=O)C(=O)NCC[NH3+],FC(F)(F)C1=C([O-])C(F)(C(=C1C(F)(F)F)C(F)(F)F)C(F)(F)F
CC[N+](CC)(CC)Cc1ccccc1Br,OC(=O)CCC(=O)[O-]
CC1=[NH+]N(P(c2ccccc2)c2ccccc2)C(=C1)C,O=C[O-]
FS(=O)(=O)[N-]S(F)(=O)=O,[NH3+]CC(CO)(CO)CO
CC1(C)CC(O)CC2CCC[NH+]12,Clc1ccc(cc1)S(=O)(=O)CC(=O)[O-]
OB1OB(O)O[B-]2(O1)OB(O)OB(O)O2,NS(=O)(=O)c1cc2c(NC[NH2+]S2(=O)=O)cc1Cl
[O-]N1N=NN=C1C1=NN=N[N-]1,C[N+]1=CN(CC[NH2+][BH3-])C=C1
COc1cccc(c1)N1CCN(CC1)C(=O)[O-],CC(C)(C)C(=O)Nc1[nH+]c(N)ccc1
O=C1NN=C([O-])C=C1,CCN1C=CC=CB1O[n+]1ccccc1
CON1C=C[N+](=C1Br)OC,O=C([O-])c1ccc(cc1)N(=O)=O
CN(C)c1cc[n+](cc1)[P+](C)(C)C,O=C([O-])C1=CC=CN1
O=C([O-])CN1C(=O)c2ccccc2C1=O,FS(=O)(=O)CC[n+]1ccccc1
[NH3+]c1cccc(c1)B(O)O,O=N(=O)C1=N[N-]C(=N1)N(=O)=O
OC1C(O)C(OC1COP(O)(=O)[O-])N1C=NC2=C1N=CNC2=O,C[NH+]1CCC(C(CO)C1)c1ccc(F)cc1
NC(=[NH2+])OCF,S=C=[N-]
C[NH+](C)C(C)C(O)c1ccccc1,COc1cc(cc(OC)c1OC)C1CC(=O)NC(=C1C#N)[S-]
COCCN1C(=C(C)[N+](=C1C(C)C)C)C,O=N(=O)c1cccc(c1[O-])N(=O)=O
CC[P+](C)(C)C,OC1C(O)C(OC1COP(O)(=O)[O-])N1C=NC2=C1N=CNC2=O
O=N(=O)c1ccc([O-])cc1,[NH3+]c1ccc(cc1)C(F)(F)F
CC(O)C[NH+](CC(C)O)CC(C)O,Fc1ccc(cc1)S(=O)(=O)[N-]S(=O)(=O)c1ccc(F)cc1
Oc1ccc(cc1O)C(=O)[O-],[NH3+]CC(C)c1cccc(Cl)c1
CN(C)c1cc[nH+]cc1Br,OC(=O)c1cccc(c1C(=O)[O-])N(=O)=O
CSc1ccc(cc1)C(O)C(CO)[NH+](C)C,O=C([O-])C[n+]1ccc(cc1)C(=O)[O-]
[NH3+]CC(C)c1cccc(Cl)c1,CCOP([O-])(=S)c1ccccc1
C[N+]12CN3CP(C1)C[N+](C)(C3)C2,OC(C(=O)[O-])c1cccc(Cl)c1
CCC(=O)[O-],CN1C=CN(C)C1=[P+]=C1N(C)C=CN1C
NCCc1ccc([O-])cc1,[NH3+]CCNc1ccc(cc1)N(=O)=O
COC(=O)c1ccc(cc1)[N+](C)(C)O,CCCCCCCC(=O)[O-]
O[n+]1ccc(cc1)c1cc[n+](O)cc1,S=C([S-])N1CCCCC1
[NH3+]c1cc(ccc1OC)N(=O)=O,OC(=O)c1cc(cc(c1)C(=O)[O-])C(O)=O
Nc1c(Cl)c[nH+]cc1Cl,O=N(=O)c1ccc([O-])cc1
CN1C=C([N+](=C1C)C)N(=O)=O,OCC(=O)[O-]
Clc1ccc(cc1)C1=C(C#N)C(=O)NC(=C1C#N)[O-],NC1=[NH+]C=NC2=C1N=CN2C1OC(CO)C(O)C1O
Clc1ccc(cc1C(=O)[O-])N(=O)=O,c1ccc(cc1)P1[n+]2ccccc2c2cccc[n+]12
O=C1N(C[n+]2ccccc2)C(=O)c2ccccc12,O=C([O-])C#C
FS(=O)(=O)CC[n+]1ccccc1,Cc1c(cc(cc1N(=O)=O)C(=O)[O-])N(=O)=O
C[NH2+]CCO,NC1=C(N=O)C(=O)[N-]C(=N1)N1CCOCC1
C[P+](C)(C)CCO,OC(=O)c1ccncc1C(=O)[O-]
CCOC(=O)C1[NH2+]C(C)C=CC1,O=C([O-])c1ccc2cc3ccccc3cc2c1
[NH3+]CC(CC(C)(C)C)c1ccc(F)cc1,O=C([O-])CCCCC(=O)[O-]
COC(C(=O)[O-])(c1ccccc1)C(F)(F)F,[NH3+]C(C1CCCC(O)C1)C(=O)OC(C)(C)C
C[N+]1=C(C)N(C=C1)S(F)(=O)=O,CC1(C)OC(=O)C(=C([O-])O1)Br
O=C(Nc1c[nH+]ccc1)Nc1cccnc1,Fc1cc(ccc1[O-])N(=O)=O
CC(C)(C)C(=O)[O-],OC1CCCCC1Oc1cccc2ccc[nH+]c12
OC(=O)CN1C(=O)c2cc3C(=O)N(CC(=O)[O-])C(=O)c3cc2C1=O,C[N+](C)(C)CC1OCC2OC(C)(C)OC12
CC1=[NH+]c2ccccc2C(=O)N1N,Clc1ccc(OCC(=O)[O-])c(Cl)c1
OC(C(=O)[O-])c1ccc2ccccc2c1,C[n+]1ccccc1C=Cc1ccc(Cl)cc1
OC(=O)CN1C(=O)c2cc3C(=O)N(CC(=O)[O-])C(=O)c3cc2C1=O,[NH3+]C(C)Cc1c2OC=Cc2c(Br)c2OC=Cc12
c1ccc(cc1)[PH+](c1ccccc1)c1ccccc1,Oc1ccc(O)c(c1)C(=O)[O-]
OC(=O)C1[NH2+]CCC1,CC(C)OP(=S)([S-])OC(C)C
[NH3+]c1ccc(cc1)C(O)=O,[O-]N=C(C#N)C#N
CN1C(=C(C)[N+](=C1P(C#N)C#N)C)C,O=C([O-])C1=CC=CO1
NC1=NC2=C([NH+]=CN2COCCO)C(=O)N1,CN1N=CC(=C1S(N)(=O)=O)C(=O)[O-]
O=C1N[N-]C(=N1)N(=O)=O,[NH3+]C(CCCNC(N)=NN(=O)=O)C(O)=O
ClP(Cl)(=O)[O-],[NH3+]c1cccc(c1)C(F)(F)F
[NH3+]C(C)c1ccccc1OC,O=N(=O)c1ccccc1S(=O)(=O)[O-]
Cc1ccc(cc1)C=CC(=O)[O-],Cc1cc[n+](O[Si](C)(C)C)cc1
C1CC2CC[NH+]1C=C2C1=C(C=CO1)c1ccccc1,OP(=O)([O-])c1c(F)c(F)c(F)c(F)c1F
O=N(=O)c1ccccc1S(=O)(=O)[O-],O=C(CCC(=O)Nc1cc[nH+]cc1)Nc1cc[nH+]cc1
O=C([O-])C1=CSC=C1,O[N+]1=C(OC2C=CCCC12)c1ccccc1
Oc1ccc(cc1)C(=O)[O-],CC1(C)C2COc3ccccc3C2[NH+]=C2C=NC=CN12
[NH3+]c1ccc(F)c(Cl)c1,OC1=C(Cl)C(=O)C(=O)C(=C1[O-])Cl
[2H]OC(=O)C(=O)[O-],[NH3+]C(C)c1ccc(Br)cc1
OC(=O)c1cc(C(=O)[O-])c(cc1C(=O)[O-])C(O)=O,CC([NH+]1CCCC1)C(O)c1ccccc1
OC(=O)[O-],C[n+]1c2ccccc2c(CBr)c2ccccc12
C[NH+](C)CC1=CSCCCCS1,O=C([O-])c1c2ccccc2cc2ccccc12
[NH3+]Cc1ccc(Cl)cc1,[O-]N1N=NN=C1C1=NN=N[N-]1
Oc1ccc(Cl)cc1C(=O)[O-],C[NH2+]CCO
Clc1ccc(Cl)c(OCC(=O)[O-])c1,C[N+]12CN3CP(C1)C[N+](C)(C3)C2
OB1OB(O)O[B-](O)(O)O1,CC1=CC(=O)NC(=[NH+]1)N
C1OC2C(OCC2[n+]2ccccc2)C1[n+]1ccccc1,OC(C(=O)[O-])c1ccc2ccccc2c1
O=C1NC(=O)C=C([O-])N1,Cc1[nH+]c(C)c(c2ccccc2Cl)c(c1Br)c1ccccc1Cl
CC=CC(=O)[O-],C[NH+](C)CCC(c1ccc(Br)cc1)c1ccccn1
ClC1=C(SC=C1)C(=O)[O-],OC(=O)c1[nH+]cccc1
NC(=O)c1c[nH+]ccc1,N#CC(C#N)=C(C#N)[C-](C#N)C#N
ClCC[NH+]1CCOCC1,O=C([O-])c1[nH+]ccc(c1)C(=O)[O-]
CN(C)c1cc[n+](O)cc1,CC(=O)Nc1ccccc1C(=O)[O-]
Fc1cccc(c1)C=C1CC[NH+]=C1,ClP(Cl)(=O)[O-]
O=N(=O)[C-](N(=O)=O)N(=O)=O,[NH2+]1CCN(CC1)Cc1ccc2OCOc2c1
COc1ccc2C3[NH2+]N(C)C(=O)C43CCCC4c2c1,Oc1cc2ccccc2cc1C(=O)[O-]
O=NC1=C([O-])NC(=O)NC1=O,C1OC2C(OCC2[n+]2ccccc2)C1[n+]1ccccc1
[NH3+]C(C(C)C)C(=O)OC,[N-]=[N+]=NC1=NN=N[N-]1
[2H]P(O[2H])(=O)[O-],CC1=CN2N=C(C)SC2=[NH+]1
Oc1cc(O)c(c(O)c1)C(=O)[O-],CC1=[NH+]C=C2CN=C(c3ccccc3F)c3cc(Cl)ccc3N12
[NH3+]C(C)(CO)CO,BrCCCCCCCCCCCC(=O)[O-]
Cc1cc(C)c(N2C=[N+]3C(=CSC3=C2)C)c(C)c1,CCOP([O-])(=S)c1ccccc1
COc1ccc(cc1)P(=S)([S-])N1CCOCC1,[NH3+]C(CO)C(O)=O
Oc1c(CN2C=[NH+]C=C2)cc(Cl)cc1CN1C=CN=C1,Clc1ccc(CNC(=O)[O-])cc1
O=C1NC(=O)C(=C([O-])N1)N(=O)=O,[NH3+]C(C)Cc1c2OC=Cc2c(Br)c2OC=Cc12
[NH2+]=C1Nc2ccccc2S1,Clc1ccc(cc1)C1=C(C#N)C(=S)NC(=C1C#N)[S-]
O=C([O-])CN1C(=O)Oc2ccccc12,OC(O)(c1[nH+]cccc1)c1ccccn1
O=S(=O)([O-])c1ccc(cc1)C#N,COc1c(O)c(nc(c2[nH+]cccc2)c1OC)C(N)=O
OC(=O)[O-],CC1OC(CC1O)C[N+](C)(C)C
O=C([O-])CS(=O)C(c1ccccc1)c1ccccc1,[NH3+]Cc1cc(OC)cc(OC)c1
O=C([O-])c1c2ccccc2cc2ccccc12,[NH3+]C(Cc1ccccc1)C(=O)OCN1N=Nc2ccccc12
O=C([O-])C=CC(=O)[O-],NC(N)=[NH+]C1=NC(=CS1)CSCCC(N)=NS(N)(=O)=O
OC(=O)C1=CC=C(S1)C(=O)[O-],[NH3+]CCOS(=O)(=O)c1ccc(cc1)N(=O)=O
Nc1[nH+]c(CF)c(c(N)n1)c1cc(Cl)cc(Cl)c1Cl,O=S1(=O)[N-]C(=S)c2ccccc12
CC(C)(C)N1C=[N+](C(=C1Cl)Cl)C(C)(C)C,O=N(=O)c1cc(c([O-])c(c1)N(=O)=O)N(=O)=O
C[NH+]=Cc1c([O-])c(C)[nH+]cc1CO,OC(CC(=O)[O-])Cc1ccc(Cl)cc1
[NH3+]C(C)c1ccc(Cl)cc1,O=N(=O)[C-](C#N)N(=O)=O
CCOC1=CC(CCC1)=[NH+]CCCOC,Fc1ccccc1C(=O)[O-]
COc1ccc(cc1OC)C(=O)[O-],OC(=O)C1CC[NH2+]CC1
O=S1(=O)[N-]S(=O)(=O)c2ccccc12,CCC([NH2+]CC[NH2+]C(CC)CO)CO
[NH3+]C(Cc1ccccc1)C(O)=O,O=N(=O)[N-]C1=NON=C1N=NC1=NON=C1[N-]N(=O)=O
OCC(C(=O)[O-])c1ccccc1,Oc1c(CN2C=[NH+]C=C2)cc(Cl)cc1CN1C=CN=C1
[NH3+]C1CSC=C(NC1=O)C(=O)OC,O=P([O-])(c1ccccc1)c1ccccc1
S=C1SCCN1C1=[NH+]CCS1,OC1C(O)C(OC1COP(O)(=O)[O-])N1C=NC2=C1N=CNC2=O
FC1=NC(=O)N=C(F)[N-]1,NC1=[NH+]c2ccc(OC(F)(F)F)cc2S1
CCC[P+](C)(C)C,CS(=O)(=O)[O-]
COC(=O)OCC[N+](C)(C)C,[O-]N1N=NC(=N1)C1=NN=N[N-]1
[NH3+]C1=CNC(=O)NC1=O,O=C1NC(=O)C(C(=O)N1)=C1C(=C[C-](C=C1N(=O)=O)N(=O)=O)N(=O)=O
COc1ccc2cccc(CC[NH+]=C(C)O)c2c1,O=C([O-])c1ccc2ccccc2n1
Oc1ccc(O)c(c1)C(=O)[O-],C[S+](C)(C)=O
Oc1c(cccc1N(=O)=O)C(=O)[O-],CN1CC(=O)NC1=[NH2+]
[NH3+]CC(O)=O,O=C([O-])C1=Cc2ccccc2N1
CC(CC(O)=O)C(=O)[O-],OCC1CC2CC[NH+]1CC2C=C
S=C([S-])N1CCOCC1,FC(F)(F)O[n+]1ccc(cc1)c1ccccc1
CC(C)C1=C(Cl)[N-]C(=O)NC1=O,[NH3+]c1ccc(cc1)C(O)=O
ClP(Cl)(=O)[O-],[NH3+]c1ccc(cc1)S(=O)(=O)N=C1NN=C(C)S1
Oc1cccc2ccc[nH+]c12,CCC1(CC)C(=O)NC(=O)[N-]C1=O
O=C([O-])Cc1ccccc1,COC(=O)NC1=[NH+]c2ccccc2N1
CC(C)[NH2+]CC(O)c1ccccc1Cl,S=P([S-])(N1CCOCC1)N1CCOCC1
CCOC(=C)[n+]1ccccc1N(C)c1ccccc1,[N-]=[N+]=NC1=NN=N[N-]1
CC1=CC=C(S1)C(=O)[O-],CCOC(=C)[n+]1ccccc1Cl
CC(=O)[O-],COC(=O)c1ccc(cc1)[N+](C)(C)O
C[NH2+]CCO,O=C([O-])C1=Cc2ccccc2S1
N[n+]1ccnc(Cl)c1,OC(C(O)C(=O)[O-])C(O)=O
C[N+](C)(C)c1ccc2C(=O)OC(=O)N(CC#C)c2n1,O=C([O-])c1ccc(cc1)C(=O)[O-]
COC(=O)OCC[N+](C)(C)C,O=C([O-])c1cc2CCc3ccc(CCc1cc2)cc3
O=C([O-])C=CC(=O)[O-],CO[n+]1c(C)cccc1C
ClC(Cl)(Cl)C(=O)[O-],CN1C=CN2C[N+]3=C(P=C12)N(C)C=C3
O=S(=O)([O-])c1ccc2ccccc2c1,C[NH+](C)CC1=CSCCCCS1
CSC(N)=[NH2+],Brc1ccc(CC(=O)[O-])cc1
O=C1NC(=O)C(=C([O-])N1)N(=O)=O,[NH3+]C(c1ccccc1)c1ccccc1O
ClS(=O)(=O)[N-]S(Cl)(=O)=O,OCCC1[NH2+]CCCC1
CC1(C)CCC(C)(C)C2=C1[NH+]=C(N)S2,S=P([S-])(N1CCOCC1)N1CCOCC1
[NH3+]C(CS)C(O)=O,Nc1ccc(Cl)cc1C(=O)[O-]
CC1=C([NH+]=CN1)C=O,NS(=O)(=O)c1ccccc1C(=O)[O-]
Fc1ccc(F)c(c1)C1[NH2+]CCC1,Fc1c(F)c(F)c(c(F)c1F)C(=O)[O-]
COC(C(=O)[O-])(c1ccccc1)C(F)(F)F,NC(=[NH2+])SCCOC(F)(F)F
COc1cncc(c1)C#Cc1cc(C)[nH+]c(N)n1,NS(=O)(=O)c1ccc(NC(=O)C(=O)[O-])cc1
O=S(=O)([O-])c1ccccc1,OC(=O)C1[NH2+]CSC1
[S-]C#N,OC1=[NH+]CCCCC1
[NH3+]C(CCCNC(N)=[NH2+])C(=O)[O-],CC(C)(C)OC(=O)NC1CC1CC(=O)[O-]
Cc1cc(CSC(N)=[NH2+])c(C)cc1CSC(N)=[NH2+],OB(O)[O-]
OC(=O)c1ccc[nH+]c1Nc1cccc(c1)C(F)(F)F,NC1=NON=C1C1=NN=N[N-]1
Oc1ccc2ccccc2c1C1[NH2+]CCC1,O=C1C=C([O-])C(=O)c2ccccc12
O=C(Nc1ccccc1)C1[NH2+]CCCC1,CC1=CC(=O)N([O-])C(=C1)C1CCCCC1
FC(F)C(=O)[O-],OC(=O)C1C[NH2+]CCC1
O=N(=O)N=C1NN=N[N-]1,CCOC(=O)C([N+]#N)=S1c2ccccc2Sc2ccccc12
OC(=O)C(F)(F)C(F)(F)C(=O)[O-],CC(=O)c1[nH+]cccc1
Clc1ccc(CC(=O)[O-])cc1,[NH3+]CCNC(=O)c1ccccc1O
OCC[NH+]1CCCC1,Clc1ccc(CNC(=O)[O-])cc1
COc1cc(cc(OC)c1OC)C1CC(=O)NC(=C1C#N)[S-],[NH3+]CCCC(O)=O
O=C([O-])C[n+]1ccc(cc1)C(=O)[O-],COc1ccc(C=CC2=[N+](C)c3ccccc3S2)cc1OC
Fc1c(F)c([O-])c(F)c(F)c1Br,[NH3+]c1ccc(cc1C)N(=O)=O
Cc1ccc(cc1)C(=O)[O-],C[NH+](C)CCCN1C(=O)c2ccccc2C1=O
CS(=O)(=O)[O-],NC(=[NH+]O)C(N)=NO
CCOC(=C)[n+]1ccccc1Cl,Oc1ccc(cc1O)C(=O)[O-]
CCC12CC[NH2+]CC1Oc1ccc(OC)cc21,Cc1ccc(cc1S(=O)(=O)[O-])N(=O)=O
C[N+]1=C2c3ccccc3c3ccccc3C2=NS1,OC(=O)c1cc(cc(c1)N(=O)=O)C(=O)[O-]
CC(C)NC(NCC1=CC=CO1)=[NH+]C(C)C,Fc1ccc(cc1)S(=O)(=O)[N-]S(=O)(=O)c1ccc(F)cc1
Clc1ccc(C(=O)[O-])c(c1)N(=O)=O,CC1(C)CCCC(C)(C)[N+]1=O
Clc1cc(Cl)c([O-])c(Cl)c1,[NH3+]C(C)(C)CO
COC(=O)c1c(Br)c(Br)c(Br)c(Br)c1C(=O)[O-],[NH3+]C1=C(C)N(C)N(c2ccccc2)C1=O
OC(=O)CCCCCCCCC(=O)[O-],COC(=O)C1CC[NH2+]C1c1ccccc1
CN(C)C1=CC=C(S1)C=Cc1cc[n+](C)cc1,OC(C(O)=O)C(=O)[O-]
O=C([O-])CC1=CC=CS1,CC1=CC(=O)NC(=[NH2+])N1
COc1cc(c(C)cc1N)S(=O)(=O)[O-],[NH3+]CCC1=CNc2ccc(O)cc12
OC(=O)C1[NH2+]CCC1,ClC1=C(Sc2ccccc12)C(=O)[O-]
NS(=O)(=O)c1ccc(NC(=O)C(=O)[O-])cc1,O=C1CCN2C(c3ccccc3)C(=CN12)c1[nH+]cccc1
Nc1[nH+]c(N)nc(Cl)c1,OCC(CO)(CO)CNC(=O)[O-]
Clc1cccc(C(=O)[O-])c1N(=O)=O,C[NH+](C)CC(O)=O
COc1ccc(cc1)C(=O)[O-],[NH3+]c1ccc(Cl)c(Cl)c1
CC(C)OS(=O)(=O)[O-],[NH3+]C(C)c1ccccc1OC
O=C([O-])CC1=CSc2ccccc12,C[n+]1ccc(cc1)C=Cc1ccc(O)cc1
[NH3+]C(CCC[NH+]=C(N)N)C(=O)[O-],O=C1[N-]C(=O)c2ccccc12
Fc1ccc(cc1)N1CC[NH2+]CC1,Clc1ccc(cc1)C1=C(C#N)C(=O)NC(=C1C#N)[O-]
Brc1ccc(CC(=O)[O-])cc1,C[N+]1=NN(N2CCOCC2)C(=C1)c1ccc(Br)cc1
Cc1ccccc1OCC(=O)[O-],[2H]N1C=[N+]([2H])C=C1
Nc1ccc[nH+]c1Cl,NS(=O)(=O)c1cc(C(=O)[O-])c(NCC2=CC=CO2)cc1Cl
FC(F)(F)c1c2nccnc2cc2C3C[NH2+]CC(C3)c12,S=C=[N-]
CC1=[NH+]N(C(=C1)C)c1ncccc1N(=O)=O,CC1=CC=C(S1)C(=O)[O-]
CN1CC(=O)NC1=[NH2+],S=C1NC(=S)[N-]C(=S)N1
O=C1C2[NH2+]CCCC2C(=O)N1Cc1ccccc1,O=C([O-])C1=Cc2ccccc2S1
Fc1ccccc1C(=O)[O-],O=C(c1ccccc1)C([N+]#N)=S1c2ccccc2c2ccccc12
[2H][n+]1ccc(C)c(c1N([2H])[2H])N(=O)=O,O=N(=O)c1ccccc1S(=O)(=O)[O-]
Fc1cc(F)c([n+]2ccccc2)c(F)c1C#N,O=C([O-])C1=CC=CS1
CCc1[nH+]c(C)ccc1O,CC(C)(C)OC(=O)NC1CC1CC(=O)[O-]
OC(=O)C=CC1=CNC=[NH+]1,O=C1NC(=O)C=C([O-])N1
O=N(=O)c1ccc(Cc2cc[nH+]cc2)cc1,Cc1ccccc1C(=O)[O-]
N1P=[NH+]c2ccccc12,OC(=O)c1ccc(cc1)C(=O)[O-]
Brc1ccc(CC(=O)[O-])cc1,C[n+]1ccccc1[P+](F)(c1ccccc1)c1ccccc1
[NH3+]c1cc(OC)cc(OC)c1,OC(CC(=O)[O-])Cc1ccc(Cl)cc1
[2H][n+]1ccc(cc1)C(N([2H])[2H])=O,OC1C(O)C(OC1COP(O)(=O)[O-])N1C=NC2=C1N=CNC2=O
COc1c(Cl)ccc(Cl)c1C(=O)[O-],[NH3+]CCCC(=O)OCC
[NH3+]C(Cc1c[nH+]c[nH]1)C(=O)[O-],CC1(CS(=O)(=O)[O-])C2CCC1(C)C(=O)C2Br
N1C(=[NH+]c2ccccc12)C1=CSC=N1,COc1ccc(cc1)S(=O)(=O)[O-]
OCC1[NH2+]CCC1,ClS(=O)(=O)[N-]S(Cl)(=O)=O
C[NH+]1CCOCC1,OC(=O)CCCCCCCC(=O)[O-]
Oc1c[nH+]ccc1,CC1=CC(=O)[N-]S(=O)(=O)O1
C[NH+]1CCN(CC1)CC1=CC(=O)Nc2ccccc12,O=N(=O)c1ccccc1S(=O)(=O)[O-]
CS(=O)(=O)[N-]S(C)(=O)=O,C[NH+]1C2CCC1CC(=O)C2
CN1C=C[N+](=C1N(=O)=O)C,Clc1cccc(Cl)c1C(=O)[O-]
Oc1ccc(cc1)S(=O)(=O)[O-],[O-][P+]([O-])([n+]1ccccc1)[N+]12CCC(CC1)CC2
FC(F)(C(=O)[O-])C(F)(F)C(=O)[O-],CN1C=CN(C)C1=[P+]=C1N(C)C=CN1C
OC1=[NH+]CCCC1,OC(C(=O)[O-])c1cccc(Br)c1
[2H]C1=[N+]([2H])C(=C([2H])N1[2H])[2H],Nc1ccc(cc1)S(=O)(=O)[N-]c1ncccn1
O=C([O-])C1=Cc2ccccc2S1,C[N+]1=CN(CCS(F)(=O)=O)C=C1N(=O)=O
[NH3+]c1ccc(cc1)S(=O)(=O)c1ccc(N)cc1,COc1cc(OC)cc(c1)C(=O)[O-]
CN1C=C[N+](=C1SSC1=[N+](C)C=CN1C)C,OCC(CO)(CO)CNC(=O)[O-]
CN1C2=C(S[S+]=N2)C=C2Sc3nc(Cl)c(Cl)nc3N=C12,NC1=NON=C1C1=NN=N[N-]1
[NH3+]C1CCC(O)CC1,O=S1(=O)[N-]C(=S)c2ccccc12
CC(=O)Nc1cc[nH+]cc1,CC1=CC(=NO1)[N-]S(=O)(=O)c1ccc(N)cc1
Fc1ccc(cc1)N1CC[NH2+]CC1,CC(C)(CO)NC(=O)[O-]
CC(CC(=O)[O-])C(O)=O,C#CCC(C#C)[NH+]1CCOCC1
OC1CCN(CC1)C(=O)[O-],CCOP(=S)(OCC)OCC[NH+](C)C
OC(=O)c1nccnc1C(=O)[O-],[NH3+]CC1=C(F)C(=NO1)OC(C)C
[NH3+]C(CC(C)C)C(N)=O,CC(C)=CC1C(C(=O)[O-])C1(C)C
C[N+]1=C(C)N(CCCS(O)(=O)=O)C=C1,Cc1cc(ccc1N(=O)=O)C(=O)[O-]
OC(=O)C[n+]1ccccc1,O=C([O-])CN1C(=O)Oc2ccccc12
CC(O)(C1CC[NH2+]CC1)c1ccc(F)cc1,COc1cccc(c1)N1CCN(CC1)C(=O)[O-]
COS(=O)(=O)[O-],CC(NC(=S)C1[NH2+]CCC1)c1ccccc1
[2H]OC(C(O[2H])C(O[2H])=O)C(=O)[O-],Cc1ccc(O)c2[nH+]cccc12
OC(=O)CCC(=O)[O-],[NH3+]C(CCCNC(N)=[NH2+])C(N)=O
C1C[N+]2(CCO1)CC[N+]1(CCOCC1)CC2,CN1C(=O)N(C)C2=C(N(CC(=O)[O-])C=N2)C1=O
OC(CCc1ccccc1)C(=O)[O-],NC1=[NH+]C(=CS1)c1ccccc1
OC(=O)C(F)(F)C(F)(F)C(=O)[O-],Cc1cc[nH+]cc1Br
[NH3+]Cc1ccc(OC)cc1,CC(C)(C)OC(=O)N1CC2CC2C1C(=O)[O-]
O=C([O-])C1=CC=CC(=O)N1,C[N+]1(C)C2c3ccccc3C3C(P13)c1ccccc21
[NH3+]c1ccc(F)cc1,OC(=O)C([O-])(c1ccccc1)c1ccccc1
Nc1cccc(c1)C(=O)[O-],C[N+]1=C(C)N(C=C1)S(F)(=O)=O
OCC[NH2+]Cc1ccccc1,Oc1cccc(C(=O)[O-])c1O
O=C([O-])CC1=CC=CS1,c1ccc(cc1)[PH+](c1ccccc1)c1ccccc1
Oc1ccc(CC(=O)[O-])cc1,O=C(OC1C[NH2+]CCC1)c1ccc(cc1N(=O)=O)N(=O)=O
NC(=[NH2+])SCc1ccccc1,O=C1NC(=O)C(=C([O-])N1)c1c(cc(cc1N(=O)=O)N(=O)=O)N(=O)=O
O=C([O-])C=CC(=O)[O-],CN(C)c1cc[n+](O)cc1
[2H][N+]([2H])([2H])C1CCCCC1C,O=C([O-])C#C
CN1C=C[N+](=C1C(=O)c1ccccc1C)C,OC(CCc1ccccc1)C(=O)[O-]
OC(=O)[O-],CC1=C(C=C(C#N)C(=O)N1)c1cc[nH+]cc1
[NH3+]C(Cc1ccccc1)C(O)=O,CC(C)=CC1C(C(=O)[O-])C1(C)C
Clc1ccccc1C(=O)[O-],OB(O)c1c[nH+]ccc1
OC(=O)C1=NNC(=C1)C(=O)[O-],C1CC2CC[NH+]1C=C2C1=C(C=CO1)c1ccccc1
[O-][P+]([O-])([n+]1ccccc1)[N+]12CCC(CC1)CC2,Brc1ccccc1[O-]
Clc1ccc(c(Cl)c1)C(=O)[O-],O=C1CC[NH2+]CC1
O=C([O-])CCCCC(=O)[O-],ON=C1C2=[N+](CCCc3ccccc13)CCC2
CC1(C)C(CCC1(C)C(O)=O)C(=O)[O-],[NH3+]CC(O)c1ccc(O)cc1
COc1ccc2cc(ccc2c1)C(C)C(=O)[O-],CSc1c2ccccc2[nH+]c2ccccc12
CC(=O)Oc1ccccc1C(=O)[O-],CCO[N+]1(C)CCOCC1
Oc1c(c(O)c(c([O-])c1N(=O)=O)N(=O)=O)N(=O)=O,FC(F)(F)c1ccc(cc1)[n+]1ccccc1
NC1=[NH+]c2cc(Cl)ccc2O1,CCCN1C=NC(=C1C(=O)[O-])C(O)=O
O=N(=O)c1ccccc1[N+]#N,Nc1cc(ccc1C(=O)[O-])N(=O)=O
O=C([O-])c1c2ccccc2cc2ccccc12,[NH3+]CCc1cc(OC)ccc1OC
CC(C)C1=C(Cl)[N-]C(=O)NC1=O,C[NH+](CC(C)(C)O)C(C)(C)CO
c1ccc2c(c1)[S+](C1=CN=C3C=CC=NN13)c1ccccc21,COc1ccc2cc(ccc2c1)C(C)C(=O)[O-]
O=C([O-])C=CC(=O)[O-],CS(=O)(=O)O[n+]1ccccc1
OC(=O)c1ccccc1c1ccccc1C(=O)[O-],[NH3+]C(CCS(C)=O)C(O)=O
Nc1ccc(cc1)S(=O)(=O)[O-],OC1(CC[NH2+]CC1)c1ccc(Cl)cc1
O=C([O-])c1cc(cc(c1)N(=O)=O)N(=O)=O,C[NH+]=P(N(C)C)(N(C)C)N(C)C
[NH3+]C(c1ccccc1)c1ccccc1O,N#CC(C#N)=C(C#N)[C-](C#N)C#N
CCOC(=O)C1C[NH2+]CCC1,NC(=O)C1=NC(=C[N-]C1=O)F
COc1ccc2[NH+]=C(N)Sc2c1,N#C[N-]C#N
OC(=O)CC(O)(CC(=O)[O-])C(O)=O,OC(=O)C=CC1=CNC=[NH+]1
COc1ccc2C3[NH+](CCc2c1)CC1CCC3C1,BrC(Br)(Br)C(=O)[O-]
OC(=O)C(F)(F)C(F)(F)C(=O)[O-],CCOC12CCC3=[NH+]CCCN3C1CC(=O)C=C2
OC(Cc1ccccc1)C(=O)[O-],C[N+](C)(CCO)CCF
COC12CCC3=[NH+]CCCN3C1CC(=O)C=C2,Oc1ccc2cc(ccc2c1)C(=O)[O-]
OC(=O)C(OC(=O)c1ccccc1)C(OC(=O)c1ccccc1)C(=O)[O-],O=C(Nc1c[nH+]ccc1)Nc1cccnc1
[NH3+]C(C)c1ccc(Br)cc1,OC(=O)C(F)(F)C(F)(F)C(=O)[O-]
O=C([O-])c1c(cc(cc1N(=O)=O)N(=O)=O)N(=O)=O,CC(C)=[NH+]O
O=S(=O)([O-])c1cccc2c1cccc2S(=O)(=O)[O-],[NH3+]CCN1CCOCC1
Brc1ccc(OCC2=CNN=[NH+]2)cc1,N#C[N-]C#N
Clc1ccc(CNC(=O)[O-])cc1,[2H][n+]1ccccc1
[NH3+]C(CO)C(C)O,OC(=O)c1cccc(c1)C(=O)[O-]
[NH3+]c1ccc(cc1)N(=O)=O,N#CC1=NN=N[N-]1
Oc1c(cccc1N(=O)=O)C(=O)[O-],CCOP(=O)(Nc1[nH+]c(C)ccc1)OCC
CCOC(=O)C1[NH2+]C(C)C=CC1,O=N(=O)N=C1[N-]N=NN1OCCON1N=N[N-]C1=NN(=O)=O
CCP(=O)([S-])Oc1ccccc1,COC(=O)C1[NH2+]CC(F)CC1
Oc1c(ccc2ccccc12)C(=O)[O-],Cc1ccc(cc1NC(N)=[NH2+])N(=O)=O
CC1=CC(=NO1)[N-]S(=O)(=O)c1ccc(N)cc1,NC(=O)c1ccc[n+](c1)C1OC(CO)C(O)C1O
CN1C(=O)N(C)C(=C(C1=O)N(=O)=O)[O-],[2H][N+](=C(N([2H])[2H])N([2H])[2H])C(N([2H])[2H])=S
NC1=C(N=O)C(=O)[N-]C(=N1)N1CCOCC1,COC(=O)C1[NH2+]CC(C1)N=[N+]=[N-]
OC(=O)CCCCCCCC(=O)[O-],[NH3+]C1(CCc2cc(Br)ccc2C1)C(=O)OC
Clc1ncccc1C(=O)[O-],OC1CC2[NH+]3CC(O)C2(C=C1)c1cc2OCOc2cc1C3
ClCC(=O)[O-],O=S1[n+]2ccccc2c2cccc[n+]12
[NH3+]C(C(O)=O)c1cccc2ccccc12,O=C([O-])C1=CC=CN1
OC(=O)c1cccc(c1C(=O)[O-])N(=O)=O,[NH3+]C(C)(C)CC(C)=O
CCNC(=[NH+]CC)c1ccc(Br)cc1,CN1C(=O)N(C)C2=C([N-]C=N2)C1=O
CC(C)NC([S-])=C(C#N)C(N)=O,C[NH+](C)CCC[n+]1ccccc1O
CC([NH2+]C(c1ccccc1)C(F)(F)F)c1ccccc1,S=C([S-])N1CCCCC1
CCOC(=O)OCC[N+](C)(C)C,CC1(CS(=O)(=O)[O-])C2CCC1(C)C(=O)C2Br
[NH3+]c1cccc(Br)c1,OC(=O)c1cc(ccc1C(=O)[O-])N(=O)=O
Brc1ccccc1[O-],CN1C2C(N(C)C1=O)N(C)C(=[NH+]CC=C)N2C
CC1=CC=C(S1)C(=O)[O-],COCCN1C(=C(C)[N+](=C1C(C)C)C)C
CC(Oc1cccc(Cl)c1)C(=O)[O-],Cc1cccc2SC(=[NH2+])Nc12
C[NH+](C)C1CCCC1COC(=O)N(C)C,CC(=O)Nc1ccccc1C(=O)[O-]
Fc1ccc(cn1)C1CC2[NH2+]C1CCC2,O=C([O-])c1cccnc1
O=C([O-])CN1C(=O)Oc2ccccc12,CCN1C=[N+](C)C(=C1Br)Br
[NH3+]C(CCCNC(N)=[NH2+])C(=O)[O-],O=C([O-])c1ccc2ccccc2n1
C[N+]1=CN(CCON(=O)=O)C=C1,CC1(C)COP(=O)([O-])OC1c1ccccc1F
OC12CC[NH+](CC1)CC2,COc1ccc(cc1)P(=S)([S-])N1CCOCC1
Oc1ccc(cc1)S(=O)(=O)[O-],Fc1cc2C(=O)C=CN(C3CC3)c2cc1N1CC[NH2+]CC1
NC1=[NH+]c2cc(Cl)ccc2O1,COc1ccc(cc1)P(=S)([S-])N1CCOCC1
NC(=O)C(=O)[O-],C[n+]1ccccc1Cl
Clc1cccc(Cl)c1Nc1ccccc1CC(=O)[O-],FC(F)(F)S(=O)(=O)O[n+]1ccccc1
Clc1ccc(cn1)C1CC2[NH2+]C1CC2,Clc1cccc(OCC(=O)[O-])c1Cl
[2H]OC(=O)c1c(F)c(F)c(c(F)c1F)C(=O)[O-],[NH3+]NC(N)=NN(=O)=O
CCOC(=C)[n+]1ccccc1N(C)c1ccccc1,COc1cc(C=CC(=O)[O-])ccc1O
COc1c(Cl)ccc(Cl)c1C(=O)[O-],[NH3+]C1(CCc2cc(Br)ccc2C1)C(=O)OC
OC(=O)CC(C(=O)[O-])c1ccccc1,C[N+](C)(C)CC(O)CC(O)=O
Fc1ccccc1C(=O)[O-],[NH3+]c1cc(Cl)ccc1Cl
COc1ccc(C=CC2=[N+](C)c3ccccc3S2)cc1OC,Clc1ccc(cc1N(=O)=O)C(=O)[O-]
N[n+]1ccnc(Cl)c1,O=C([O-])C1=Cc2ccccc2N1
Clc1cc(ccc1C(=O)[O-])N(=O)=O,CN1C=[N+](N=C1N(=O)=O)c1ccc(cc1N(=O)=O)N(=O)=O
Brc1ccccc1C(=O)[O-],Nc1c(Cl)c[nH+]cc1Cl
OC(=O)c1ccc(cc1C(=O)[O-])N(=O)=O,Cc1cc(cc(C)c1O)[N+](C)(C)C
COC(=O)c1ccc(C(=O)OC)c(c1)[n+]1ccccc1,OC(=O)c1ccccc1c1ccccc1C(=O)[O-]
BrC(Br)(Br)C(=O)[O-],Cc1cc(CSC(N)=[NH2+])c(C)cc1CSC(N)=[NH2+]
Brc1cccc(c1)C(=O)[O-],[NH3+]CCNC(=O)C(N)=O
OCC[NH+]1CCCCC1,CC1=CC(=NO1)[N-]S(=O)(=O)c1ccc(N)cc1
OC(=O)CCCCCCC(=O)[O-],[NH3+]Cc1ccc(F)cc1
[NH3+]c1cccc2c(O)cccc12,Clc1ccc(cc1)C(=O)[O-]
Oc1c2cc(ccc2c(cc1N(=O)=O)N(=O)=O)S(=O)(=O)[O-],C[Si](C)(C)N1C=Cc2c[nH+]ccc12
[NH3+]c1ccc(cc1)S(=O)(=O)N=C1NC=CS1,BrCCCCCCC(=O)[O-]
[2H][N+]([2H])([2H])C1CCCCC1C,Clc1cc(cc(Cl)c1[O-])N(=O)=O
C[NH+](C)C(CO)C(O)c1ccccc1,OC(C(=O)[O-])c1cccc(Cl)c1
C[N+]1=CN(C=C1)c1ccc(cc1N(=O)=O)N(=O)=O,CC(C)(CO)NC(=O)[O-]
Clc1ccc(cc1)C=C1C[NH2+]CC1,[NH3+]C(C)(P(O)(=O)[O-])P(O)(=O)[O-]
O[n+]1ccc(cc1)c1ccncc1,Nc1cccc(c1)C(=O)[O-]
FC(F)(F)C(F)(F)C(F)(F)C(F)(F)S(=O)(=O)[C-](Br)S(=O)(=O)C(F)(F)C(F)(F)C(F)(F)C(F)(F)F,COc1ccc2CCC3=[NH+]CCCN3c2c1
OB(O)[O-],O=N(=O)c1ccc(Cc2cc[nH+]cc2)cc1
C[NH+]=P(c1ccccc1)(c1ccccc1)c1ccccc1,O=N(=O)C1=NN([O-])N=N1
CC1=[N+]([O-])ON=C1C=NNC(N)=[NH2+],O=C([O-])CS(=O)C(c1ccccc1)c1ccccc1
CC(=O)NC(CC1=CNc2ccccc12)C(=O)[O-],Nc1c(Cl)c[nH+]cc1Cl
[NH3+]C(Cc1ccccc1)C(=O)Nc1cccnc1,ClP(Cl)(=O)[O-]
NC1=NC(=NO1)C1=NON=C1[N-]N(=O)=O,[NH3+]c1ccc(Cl)c(Cl)c1
C[NH+](C)C1=C(C)N(C)N(c2ccccc2)C1=O,O=C([O-])CN1C(=O)c2cccc3cccc(C1=O)c23
Clc1ccc(CC(=O)[O-])cc1,CN(C)N=NC1=C([NH+]=CN1)C(N)=O
CC(C)[NH2+]CC(O)c1ccccc1Cl,O=C([O-])CN1C(=O)c2cccc3cccc(C1=O)c23
O=N(=O)C1=N[N-]NN1,[NH3+]C(CCCCN)C(O)=O
COc1ccc(cc1OC)C(=O)[O-],[NH3+]c1cc(Cl)ccc1O
NCCc1ccc([O-])cc1,C[N+]1=CN(CCON(=O)=O)C=C1
[2H]OC(=O)c1c(F)c(F)c(c(F)c1F)C(=O)[O-],CN(C)c1cc[n+](O)cc1
CC1(C)C(CCC1(C)C(O)=O)C(=O)[O-],ClCCC[NH+]1CCCCC1
Cc1c(cc(cc1N(=O)=O)C(=O)[O-])N(=O)=O,CCN1C=CC=CB1[n+]1ccc(cc1)C(F)(F)F
[NH2+]1CCN(CC1)Cc1ccc2OCOc2c1,OC(C(O)C(=O)[O-])C(O)=O
OCS(=O)(=O)[O-],NC(=[NH2+])SC#Cc1ccccc1
Nc1ccc[nH+]c1Cl,O=C([O-])C#C
OC(CCc1ccccc1)C(=O)[O-],COc1ccc(C=CC2=[N+](C)c3ccccc3S2)cc1OC
O=C([O-])c1ccc2ccc3cccc4ccc1c2c34,NC(=O)C1([NH2+]CCC1)C(F)(F)F
O=C([O-])c1cnccn1,CN(C)c1cc[n+](CCF)cc1
C[N+]1(CCCC1)CC(O)=O,CC(C)NC([S-])=C(C#N)C(N)=O
O=C1NC(=O)C(=C[N-]1)N(=O)=O,O=P([O-])([n+]1ccccc1)[n+]1ccccc1
O=C1N[N-]C(=O)c2ccccc12,COc1ccc2cccc(CC[NH+]=C(C)O)c2c1
Clc1ccc(c(c1)C(=O)[O-])N(=O)=O,Cc1ccc(SCc2cc[nH+]cc2)cc1
CCC(=O)[O-],C1CC2CC[NH+]1C=C2C1=C(C=CO1)c1ccccc1
[NH3+]c1cc(Cl)ccc1O,Clc1ccc(OCC(=O)[O-])c(Cl)c1
C[N+]1(CCOCC1)CC(O)=O,O=C([O-])c1ccccn1
CCOS(=O)(=O)[O-],CCN1C=[N+](C)C(=C1Br)Br
[O-]N1N=NN=C1C1=NN=N[N-]1,CN1C=[N+](N=C1N(=O)=O)c1ccc(cc1N(=O)=O)N(=O)=O
Fc1c(F)c([O-])c(F)c(F)c1Br,COC1(C=C([NH+]=C2C=CC=CN12)c1ccccc1)C(F)(F)F
Clc1cc(ccc1C(=O)[O-])N(=O)=O,C[NH+]=P(N(C)C)(N(C)C)N(C)C
CC1=NC(=NN1)SCC(=O)[O-],Nc1[nH+]nc(c(N)n1)c1cccc(Cl)c1Cl
C[N+]1=CN(CCS(F)(=O)=O)C=C1N(=O)=O,O=P1([O-])Oc2ccc3ccccc3c2c2c(O1)ccc1ccccc21
O=C([O-])CN1C(=O)c2cccc3cccc(C1=O)c23,[NH3+]C(CC(C)C)C(F)P(=O)(OCC)OCC
O=C([O-])CC1=CC=CS1,C[NH+]=Cc1c([O-])c(C)[nH+]cc1CO
C[n+]1ccc(cc1)C=Cc1ccccc1O,COc1ccc(cc1OC)C(=O)[O-]
NC(=[NH2+])SC#Cc1ccccc1,BrCCCCCCCCCCCC(=O)[O-]
Nc1ccccc1C(=O)[O-],CC[P+](C)(C)C
O=N(=O)c1ccccc1S(=O)(=O)[O-],CC[n+]1cccc(O)c1
FC1=CNC(=C1F)C1=CC(=[NH+]N1)C1=C(F)C(=CN1)F,[2H]OC(=O)c1ccc(cc1)C(=O)[O-]
[NH3+]C(CC(C)C)C(N)=O,NC(=O)C1CCCN1C(=O)[O-]
O=N(=O)C1=N[N-]N=N1,C1C[N+]2(CCO1)CC[N+]1(CCOCC1)CC2
O=C1N[N-]C(=O)c2ccccc12,[NH3+]C(C(=O)OC)c1ccccc1
OC(=O)C[NH2+]CC(O)=O,OC(=O)C1=C(NC=N1)C(=O)[O-]
Clc1cccc(Cl)c1NC1=[NH+]CCN1,[O-]N1N=NN=C1C1=NN=NN1[O-]
NC(=O)c1ccc[n+](c1)C1OC(CO)C(O)C1O,O=C([O-])C1=CC=C(O1)N(=O)=O
CC(C)(C)[NH2+]CC(O)c1ccc(O)c(CO)c1,OC(=O)c1cc(Cl)c(Cl)cc1C(=O)[O-]
COC1=N[N+](=CN1Nc1ccccc1)c1ccccc1,CC(C)(C)OC(=O)NC(Cc1ccccc1)C(=O)[O-]
Oc1ccc(cc1C(=O)[O-])N(=O)=O,OC(=O)c1[nH+]c2ccccc2cc1
[NH3+]C(C)(C)COC,O=C([O-])c1ccc2ccccc2n1
O=N(=O)[N-]C1=NN=NN1C1=NNN=N1,CN(C)c1cc[n+](cc1)S(C)(=O)=O
COC(=O)C1[NH2+]CC(C1)OC(=O)c1ccc(cc1)N(=O)=O,OC(=O)c1cc(C(=O)[O-])c(cc1C(=O)[O-])C(O)=O
CC(CC(=O)[O-])C(O)=O,CC[n+]1ccc(cc1)C=Cc1ccc(OC)c(OC)c1
OC(CC(=O)[O-])c1ccccc1,[NH2+]1C2COCC1COC2
[NH3+]C(c1ccccc1OC)C(C)(C)C,O=S(=O)([O-])c1cccc(c1)P(c1ccccc1)c1ccccc1
[NH2+]=C1NC(=O)N(C=C1)C1CSC(CO)O1,ClC(Cl)(Cl)C(=O)[O-]
[NH3+]C1CCC(O)CC1,OC(=O)c1c(cccc1N(=O)=O)C(=O)[O-]
S=C([S-])N1CCOCC1,OC(O)c1cc[nH+]cc1
COC1(C=C([NH+]=C2C=CC=CN12)c1ccccc1)C(F)(F)F,CCCCC(=O)[O-]
CN1C=C[N+](=C1C)O,CCCCC(=O)[O-]
O=C([O-])C#C,C1OC2C(OCC2[n+]2ccccc2)C1[n+]1ccccc1
[NH3+]C(C)c1ccc(cc1)N(=O)=O,O=N(=O)c1ccc([O-])cc1
CCCC(=O)[O-],OC(=O)C1=CSC(=N1)c1cc[nH+]cc1
O=C1[N-]S(=O)(=O)c2ccccc12,c1ccc(cc1)[S+](c1ccccc1)c1ccccc1
O=C(OC1C[NH2+]CCC1)c1ccc(cc1N(=O)=O)N(=O)=O,OC(=O)c1nccnc1C(=O)[O-]
O=C(NN=C(c1cc[nH+]cc1)c1ccccc1)C1=CC=CO1,BrC(Br)(Br)C(=O)[O-]
FC([O-])=NS(F)(F)C(F)(F)F,CC12C[NH2+]CC(C)(CNC1)C2=O
O=P1([O-])Oc2ccc3ccccc3c2c2c(O1)ccc1ccccc21,FC(F)(F)C([N+]#N)=S1c2ccccc2c2ccccc12
CC(=O)[O-],C[n+]1ccc(Sc2ccncc2)cc1
COc1ccc(cc1)S(=O)(=O)[O-],O=C1N(C[n+]2ccccc2)C(=O)c2ccccc12
NC(=[NH2+])NN=Cc1c(Cl)cc(O)cc1Cl,COC(=O)C1=C(C(=O)OC)[C-](C(=O)OC)C(=C1C(=O)OC)C(=O)OC
Clc1cccc(Cl)c1C(=O)[O-],COC12CCC3=[NH+]CCCN3C1CC(=O)C=C2
CC(C)C1COc2c3OCC(C(C)C)n3[cH+]n12,CC1=CC=C(S1)C(=O)[O-]
OC(=O)c1cc(cc(c1[O-])N(=O)=O)N(=O)=O,CN1C=CN(C)C1=[P+]=C1N(C)C=CN1C
CC1(C)COC2=C3OCC(C)(C)[N+]3=CN12,OC(=O)c1c(cccc1N(=O)=O)C(=O)[O-]
OC(C(=O)[O-])c1c2ccccc2cc2ccccc12,C[n+]1ccccc1Cl
COc1cccc(c1)N1CC[NH2+]CC1,O=C([O-])c1ccccc1C(=O)c1ccccc1
OC(C(=O)[O-])C(F)(F)F,COc1cc[n+](O)c(OC)c1
OC(=O)c1cccc(c1)C(=O)[O-],[NH3+]Cc1cc(OC)cc(OC)c1
OC(=O)C=CC1=CNC=[NH+]1,CC(C)(C)OC(=O)NC(Cc1ccccc1)C(=O)[O-]
NC(=[NH2+])Nc1ccc(F)cc1,CC1(C)C(CCC1(C)C(O)=O)C(=O)[O-]
CC(CC(=O)c1ccccc1)C(=O)[O-],[NH3+]NC(N)=O
O=C(C[NH+]1CCOCC1)c1ccccc1,CN1C(=O)N(C)C(=C(C1=O)N(=O)=O)[O-]
CC[N+]1=C(N)SCC1,O=N(=O)c1ccccc1S(=O)(=O)[O-]
OC(C(O)C(=O)[O-])C(=O)[O-],OC(=O)CN1C=C[N+](=C1)CC(O)=O
BrCCCCCCC(=O)[O-],[NH3+]CCCCC([NH3+])C(O)=O
O=C([O-])c1ccccc1C(=O)c1ccccc1,CC1=[NH+]C=CN1c1ccc(c(C)c1)C1=NC(=CS1)C
ON1N=C(N=C1C1=NN=NN1[O-])N(=O)=O,CSC(N)=[NH2+]
Fc1ccccc1N1CC[NH2+]CC1,OC1CC(=CC(O)C1O)C(=O)[O-]
Cc1cc[nH+]cc1Br,O=S(=O)([O-])c1cccc2c1cccc2S(=O)(=O)[O-]
OC(=O)CCC(=O)[O-],CCCCN1C=[N+](C)C(=C1Br)Br
CCOC(=O)C([N+]#N)=S1c2ccccc2Oc2ccccc12,Clc1ccc(cc1)C1=C(C#N)C(=O)NC(=C1C#N)[O-]
NC1=[NH+]C(=CS1)c1ccccc1,CC(C)OP(=S)([S-])OC(C)C
c1ccc2c(c1)[S+](C1=CN=C3C=CC=NN13)c1ccccc21,OC(=O)CCC(=O)[O-]
CCNC1=NC(NC(=O)N1)=[NH+]C(C)C,N#CC1=NN=N[N-]1
C[NH+]1CC[N+](C)(CC1)CC(O)=O,OC(CC(c1ccccc1Br)S(=O)(=O)[O-])c1ccccc1
[NH3+]CC(CC(O)=O)c1ccccc1,Cc1ccc(cc1S(=O)(=O)[O-])N(=O)=O
N1C=C[NH+]=C1C1=CSC(S1)=C1SC=CS1,OCCN(CCO)C(=O)[O-]
Clc1ccc(cc1C(=O)[O-])N(=O)=O,[NH3+]Cc1ccccc1F
[BH2-]1[N+]2=CC=CN2P(N2C=CC=[N+]12)c1ccccc1,CC(CC(O)=O)C(=O)[O-]
[NH3+]CP(C)(C)=O,O=N(=O)c1ccc(c(c1)N(=O)=O)S(=O)(=O)[O-]
C[N+]1=CN(C=C1)c1ccc(cc1N(=O)=O)N(=O)=O,O=C([O-])CCCCC1CCSS1
C[NH+]1C2CCC1C(O)(O)C(F)C2,O=C([O-])C=Cc1ccccc1
OC(=O)CC(=C)C(=O)[O-],[2H][n+]1ccccc1
Fc1ccc(cc1)C(=O)[O-],F[P-]1(F)(F)(F)[n+]2ccccc2[n+]2ccccc12
COc1cc2ccccc2c[n+]1C,ClCP(=O)([O-])CCl
CCOP(=O)(Nc1[nH+]c(N)ccc1)OCC,O=C([O-])C1=CC=CC(=O)N1
CCOc1ccc(cc1)C(=O)[O-],[NH3+]c1ccc(O)cc1
O=N(=O)c1ccc(C[n+]2ccc3ccccc3c2)cc1,OC(CC(=O)[O-])c1ccccc1
O=C([O-])CN1C(=O)c2ccccc2C1=O,FC(F)(F)c1ccc(cc1)[n+]1ccccc1
O=C([O-])CCC1=NC(=C(O1)c1ccccc1)c1ccccc1,CCCCN1C=[N+](C)C(=C1Br)Br
NC(=[NH2+])C(N(=O)=O)N(=O)=O,Clc1ncccc1C(=O)[O-]
CCC(SC1=Nc2ccccc2N1)C(=O)[O-],O=C(c1cc[nH+]cc1)c1ccccc1
CCC(=O)Nc1ccccc1C(=O)[O-],CC1(C)CCCC(C)(C)[NH+]1O
O=C([O-])c1cccnc1,N#CC[P+](c1ccccc1)(c1ccccc1)c1ccccc1
[NH3+]C(C)CCO,OC1=C(Cl)C(=O)C(=O)C(=C1[O-])Cl
O=N(=O)N=C1NN=N[N-]1,FC(F)(F)S(=O)(=O)O[n+]1ccccc1
OC(=O)C[NH+](CC[NH+](CC(O)=O)CC(O)=O)CC(O)=O,OC(=O)CC(O)(CC(O)=O)C(=O)[O-]
Oc1ccc(O)c(c1)C(=O)[O-],CP(C)(C)=[NH+]N(c1ccccc1)c1ccccc1
[NH3+]C(C)C(=O)OCC,Cc1c(Cl)cccc1Nc1ccccc1C(=O)[O-]
CCOc1ccc(cc1)C(=O)[O-],NC1=[NH+]c2cc(Cl)ccc2O1
O=C([O-])CCCCC1CCSS1,O=C1N[NH2+]C21CCCCC2
Oc1ccc(F)cc1C(=O)[O-],Nc1[nH+]cccc1CO
COC(=O)C([NH+]1CCC2=C(C1)C=CS2)c1ccccc1Cl,Clc1ccc(cc1C(=O)[O-])N(=O)=O
C[N+](C)=C1C=CN(SC(Cl)(Cl)Cl)C=C1,O=C([O-])c1cc2CCc3ccc(CCc1cc2)cc3
Clc1ccc(cc1N(=O)=O)S(=O)(=O)[O-],[NH3+]CCCNC(=O)C(=O)Nc1ccccc1
CON1C=C[N+](=C1C)OC,CC=CC(=O)[O-]
[NH3+]C(C)c1ccc(cc1)N(=O)=O,ClCP(=O)([O-])CCl
[NH3+]C(c1ccccc1OC)C(C)(C)C,OC(=O)CN1C(=O)c2cc3C(=O)N(CC(=O)[O-])C(=O)c3cc2C1=O
C[n+]1ccn(CC2CCCCO2)c1,CC(C)(C)C(=O)[O-]
OC(=O)C1=NNC(=C1)C(=O)[O-],[NH3+]C(C)(C)COC
OC1C[NH+]2CCC1CC2,OB1OB(O)O[B-](O)(O)O1
CCP(=O)([S-])Oc1ccccc1,[NH3+]C(Cc1ccccc1)C(N)=O
COC(=O)c1c(Br)c(Br)c(Br)c(Br)c1C(=O)[O-],[NH3+]C(C)(C)COC
OC1CC(=CC(O)C1O)C(=O)[O-],C[n+]1ccc(cc1)C=CC1=CC=CS1
O=C([O-])C1=CC=CC(=O)N1,COC(=O)C1[NH2+]CC(C1)N=[N+]=[N-]
FC1=C[N-]C(=O)NC1=O,OC(=O)c1cc[nH+]cc1
C[n+]1ccccc1C=Cc1ccc(Cl)cc1,CC=CC(=O)[O-]
O=C(OC1C[NH2+]CCC1)c1ccccc1N(=O)=O,O=C([O-])CN1C(=O)c2ccccc2C1=O
C=CC(=O)[O-],O[N+]1=C(OC2C=CCCC12)c1ccccc1
OC(=O)C(=O)[O-],[NH3+]c1ccc(OCC)cc1
CCCCCCCCCCCCC(=O)[O-],[NH3+]NC(N)=S
O=C([O-])c1ccc(cc1)C#N,COC(=O)C1[NH2+]CC(F)CC1
Cc1ccccc1OCC(=O)[O-],CCOC(=O)c1ccc[n+](CC(N)=O)c1
Oc1cc2ccccc2cc1C(=O)[O-],Cc1cc(N)[nH+]cc1N(=O)=O
Clc1cccc(Cl)c1NC1=[NH+]CCN1,O=N(=O)N=C1NN=C2NC(=NN12)[N-]N(=O)=O
CC1OC(CC1=O)C[N+](C)(C)C,OC(=O)[O-]
CCNC1=NC(NC(=O)N1)=[NH+]C(C)C,CC(CC(=O)[O-])C(O)=O
COc1ccc(cc1)P(=S)([S-])N1CCOCC1,[NH3+]c1cc(ccc1OC)N(=O)=O
OC(=O)C(F)(F)C(F)(F)C(=O)[O-],CC[N+](CC)(CC)Cc1ccccc1Br
C[NH+]1CCCC1C1=CC=CO1,CN1N=CC(=C1S(N)(=O)=O)C(=O)[O-]
Nc1[nH+]cnc2N(CCC(O)=O)C=Nc12,OC(=O)CCCCCCCCC(=O)[O-]
Cc1cc(C)c(N2C=[N+]3C(=CSC3=C2)C)c(C)c1,OC(=O)c1ccncc1C(=O)[O-]
CC1=CC(=O)N([O-])C(=C1)C1CCCCC1,C[N+](C)=C(C)OCF
CN1C2=C(S[S+]=N2)C=C2Sc3nc(Cl)c(Cl)nc3N=C12,O=N(=O)C1=NN=C([N-]1)N1N=C(N=[N+]=[N-])N=[N+]1C1=NN=C([N-]1)N(=O)=O
OC(=O)CC(=O)[O-],c1ccc(cc1)[C+](c1ccccc1)c1ccccc1
OC(C(O)=O)C(=O)[O-],COC(=O)C1[NH2+]CC(F)CC1
CN(C)C=C1c2ccccc2C(=C(C=[N+](C)C)S1(=O)=O)Cl,FC(F)(F)c1cccc(Nc2ncccc2C(=O)[O-])c1
Fc1cccc(c1)C(=O)[O-],CC1(C)[NH+]=C(N(O)C1(C)C)c1ccccc1
FC(F)(F)C(=O)C=C([O-])C(F)(F)F,[NH3+]Cc1ccc(F)cc1
FC(F)(F)O[n+]1ccc(cc1)c1ccccc1,O=C([O-])c1cc(cc(c1)N(=O)=O)N(=O)=O
CCC(SC1=[NH+]c2ccccc2N1)C(O)=O,BrC(Br)(Br)C(=O)[O-]
COC1(C=C([NH+]=C2C=CC=CN12)c1ccccc1)C(F)(F)F,ClP(Cl)(=O)[O-]
[NH2+]=C1Nc2ccc(Br)cc2S1,O=C([O-])C#Cc1ccccc1
CC(C)NC(NC(C)C)=[NH+]c1c(F)c(F)c(F)c(F)c1F,O=C1N[N-]C(=O)c2ccccc12
CC1(CS(=O)(=O)[O-])C2CCC1(C)C(=O)C2Br,NC1=C([N+]2=C(S1)C=CC=C2)C(=O)c1ccc(Br)cc1
C[n+]1c2ccccc2c(C(=O)Oc2ccccc2Br)c2ccccc12,Nc1ccc(Cl)cc1C(=O)[O-]
CC1(C)COP(=O)([O-])OC1c1ccccc1,C[n+]1ccc(NC(=O)Nc2cc[n+](C)cc2)cc1
O=C([O-])CCCNc1ncnc2NC=Nc12,NC(=[NH+]O)C(N)=NO
[NH3+]CCOS(=O)(=O)c1ccc(cc1)N(=O)=O,Oc1cccc(C(=O)[O-])c1O
O=C([O-])C1=CC=CO1,COC1(N(C)C=[N+](C)c2ccccc12)c1ccccc1
CCCc1[nH+]ccc(c1)C(N)=S,OC(=O)c1ccc2C(=O)N(CC(=O)[O-])C(=O)c2c1
OC(=O)CCC(=O)C(=O)[O-],CC(C)[N+](=NNC(=O)C(=O)c1ccccc1)C(C)C
CN(C)c1cc[n+](O)cc1,OC(=O)c1cc(ccc1O)S(=O)(=O)[O-]
C[Si](C)(C)CCCc1[nH+]cccc1,OC(=O)c1cc(cc(c1)C(=O)[O-])C(=O)[O-]
CC(Oc1cccc(Cl)c1)C(=O)[O-],[NH3+]CCCCC(O)=O
C[N+]1=C(Sc2ccccc12)C1CCCO1,CCOP([O-])(=S)c1ccccc1
O=S(=O)([O-])c1cccc(c1)P(c1ccccc1)c1ccccc1,[NH3+]C(C(N)=O)c1ccccc1
[NH3+]c1cc(ccc1OC)N(=O)=O,O=C([O-])C=CC(=O)[O-]
OC(=O)C(Br)C(Br)C(=O)[O-],[NH3+]c1cccc(O)c1
O=C1NC(=O)C(=C[N-]1)N(=O)=O,COc1ccc2cccc(CC[NH+]=C(C)O)c2c1
Fc1c(F)c(F)c(c(F)c1F)C(=O)[O-],[NH3+]C(C)C(O)c1ccccc1
[NH3+]C(CS)C(O)=O,O=C([O-])C12CC3CC(CC(C3)C1)C2
O=C([O-])CN1C(=O)c2cccc3cccc(C1=O)c23,[NH3+]C(C)Cc1ccc(OC)cc1
[NH3+]c1ccccc1C(N)=O,OC1CCC(CC1)NC(=O)[O-]
C1CC[P+]2(C1)CCCC2,OC(=O)CCCCCCCC(=O)[O-]
O=C1C[N+]2(CCOCC2)CCO1,Nc1ccc(cc1)S(=O)(=O)[N-]c1ncccn1
C[NH+](C)CC(=C)SC1CCCCC1,O=C([O-])CS(=O)C(c1ccccc1)c1ccccc1
OC(=O)C1CCCCC1C(=O)[O-],[NH3+]Cc1cccc(Br)c1
[NH3+]c1cc2CCC(C)(C)Oc2c(C)c1C,Oc1ccc(Cl)cc1C(=O)[O-]
C[NH2+]CCN(C)C(=O)Nc1cccc2cccnc12,OC(=O)C1=C(NC=N1)C(=O)[O-]
CC1=CC=C(S1)C(=O)[O-],C[n+]1ccc(cc1)B(O)O
CC#CC(=O)[O-],C[N+]1=C(CCC1)C(=NO)c1ccccc1
CCCC[N+]12CN3CN(CP(C3)C1)C2,O=C([O-])c1ccncc1
C[Si+]1(C)(OS(=O)(=O)C(F)(F)F)n2ccccc2c2ccccn12,Cc1cccc(c1)C(=O)[O-]
CP(O)(=O)[O-],O=P([O-])([n+]1ccccc1)[n+]1ccccc1
NC(NC1=N[N-]N=N1)=NN(=O)=O,C[NH+]1CCC(C(CO)C1)c1ccc(F)cc1
ClS(=O)(=O)[N-]S(Cl)(=O)=O,C[NH+](C)CC(C)O
[NH3+]C(CCl)c1c(C)cc(C)cc1C,CS(=O)(=O)[O-]
FC(F)(F)c1c2nccnc2cc2C3C[NH2+]CC(C3)c12,Cc1cccc(C(=O)[O-])c1O
Brc1cccc(c1)C(=O)[O-],Nc1[nH+]cccc1N(=O)=O
OC(=O)CSc1nc(SCC(O)=O)nc(SCC(=O)[O-])n1,C[n+]1ccccc1CC[Si](C)(C)C
ON=Cc1[nH+]cccc1,CCOP([O-])(=S)c1ccccc1
Nc1[nH+]cccc1CO,OC(=O)c1ccc(cc1C(=O)[O-])N(=O)=O
O=C([O-])CSC1=CNc2ccccc12,c1ccc(cc1)[S+](c1ccccc1)c1ccccc1
N#C[N-]C#N,CC(=NO)c1cc[nH+]cc1
Clc1cc(Cl)c([O-])c(Cl)c1,O=C(NCCON(=O)=O)c1c[nH+]ccc1
CC1=CC(=[NH+]c2c(O)cccc2N1)C,Clc1ccc(OCC(=O)[O-])c(Cl)c1
Oc1c(cc(cc1N(=O)=O)N(=O)=O)C(=O)[O-],C[P+](C)(C)CC=C
C[P+](c1ccccc1)(c1ccccc1)c1ccccc1,CC(C)(C)C(=O)[O-]
COC(C#N)(C#N)c1c(F)c(F)c(c(F)c1F)[C-](C#N)C#N,COc1cc[n+](O)c(OC)c1
COc1ccc(C[n+]2ccccc2)cc1,OC(=O)CCC(=O)[O-]
CP(C)(C)=[NH+]N(c1ccccc1)c1ccccc1,O=P([O-])(Oc1ccccc1)Oc1ccccc1
Oc1cc(cc(O)c1O)C(=O)[O-],[NH3+]CCSSCC[NH3+]
COC(=O)C1CC[NH2+]C1c1ccccc1,O=C1CC2C(OC(C2c2ccccc2)C(=O)[O-])O1
BrC1=C(SC=C1)C(=O)[O-],CCN1C=CC=CB1[n+]1ccc(cc1)C(F)(F)F
[NH3+]c1cc2CCC(C)(C)Oc2c(C)c1C,CCCCC(=O)[O-]
[NH3+]C1Cc2ccccc2C1O,Oc1ccc(F)cc1C(=O)[O-]
[NH3+]c1ccc(cc1C)N(=O)=O,Nc1ccccc1C(=O)[O-]
O=C1N[N-]C(=N1)N(=O)=O,Cc1[nH+]c(NS(=O)(=O)c2ccc(N)cc2)nc(C)c1
O=C1[N-]S(=O)(=O)c2ccccc12,c1ccc(cc1)[C+](c1ccccc1)c1ccccc1
COC(=O)C1[NH2+]C2C=C(Cl)CCC2(CCC#C)C1,Clc1cc(Cl)c([O-])c(Cl)c1
FS(=O)(=O)CC[n+]1ccccc1,OB1OB(O)O[B-]2(O1)OB(O)OB(O)O2
OB1OB(O)O[B-](O)(O)O1,COc1cc(ccc1O)C=Cc1cc[n+](C)cc1
O=C([O-])c1ccc2ccccc2c1,c1ccc(cc1)[S+](c1ccccc1)c1ccccc1
[NH3+]CCCC(O)=O,O=P([O-])(c1ccccc1)c1ccccc1
O=C([O-])c1ccccc1C(=O)c1ccccc1,[NH3+]C1C(O)Cc2ccccc12
C[NH+](C)CC1COCC(C)O1,O=C([O-])C1=CC=CS1
CN1C=[N+](C)C(=C1)N(=O)=O,CC(=NO)C(=O)[O-]
Brc1ccc(CC(=O)[O-])cc1,[NH3+]C(C(N)=O)c1ccccc1
N#C[S+]1c2ccccc2c2ccccc12,Fc1cccc(c1)C(=O)[O-]
COC1=N[N+](=CN1Nc1ccccc1)c1ccccc1,OC(=O)CCCCCC(=O)[O-]
CCN1C=CC=CB1[n+]1ccc(cc1)C(F)(F)F,OC(CC(=O)[O-])C(O)=O
CC(C)(C)OC(=O)NC1CC1CC(=O)[O-],C[N+]1=C(CCC1)C(=NO)c1ccccc1
FC(F)C(=O)[O-],CS(=O)(=O)N1CCN(CC1)c1[nH+]cccn1
OC1=[NH+]CCC1,O=C([O-])C1=Cc2ccccc2O1
[O-][P+]([O-])([n+]1ccccc1)[N+]12CCC(CC1)CC2,OC(C(=O)[O-])c1ccc2ccccc2c1
Oc1ccc(cc1O)C(=O)[O-],CC(=O)OCC[N+](C)(C)C
O=S(=O)([O-])c1ccc(cc1)C#N,[NH3+]C(C(C)C)C(O)=O
OC(=O)CC(ON(=O)=O)C(=O)[O-],C[N+]1=CN(C=C1)c1ccc(cc1N(=O)=O)N(=O)=O
CCN(CC)P1N2C=CC=[N+]2CN2C=CC=[N+]12,OC(=O)C([O-])(c1ccccc1)c1ccccc1
ClC1=CC=C(S1)C(=O)[O-],[NH3+]CCBr
OC(=O)C1=CSC(=N1)c1cc[nH+]cc1,CC1=CC(=O)N([O-])C(=C1)C1CCCCC1
COc1ccc(cc1)N1CC[NH2+]CC1,OC(=O)CSc1nc(SCC(O)=O)nc(SCC(=O)[O-])n1
CS(=O)(=O)[N-]S(C)(=O)=O,[NH3+]C(Cc1ccccc1)C(O)=O
OC(=O)c1cccc(c1C(=O)[O-])N(=O)=O,OC(=O)C[N+]12CC[N+](CC1)(CC2)CC(=O)[O-]
[2H][n+]1ccc(cc1)C(N([2H])[2H])=O,OCS(=O)(=O)[O-]
Cc1cc(C)c(c(C)c1)S(=O)(=O)[O-],C[NH+]1CC(O)c2cc(O)ccc2C1c1cccc(O)c1
OC(C(=O)[O-])c1ccccc1,[NH3+]C(CCC)c1cccc(c1)N(=O)=O
O=N(=O)C1=N[N-]N=N1,Cc1cc(cc(C)c1O)[N+](C)(C)C
O=N(=O)c1cccc(c1)S(=O)(=O)NNC1=[NH+]c2ccccc2S1,Clc1cccc(Cl)c1Nc1ccccc1CC(=O)OCC(=O)[O-]
C[P+](C)(C)CC=C,OP(F)(=O)[O-]
O=P([O-])(Oc1ccccc1)Oc1ccccc1,CCOC1=CC(CCC1)=[NH+]CCCOC
Oc1ccc(c(O)c1)C(=O)[O-],CN(C)C(=[NH2+])ON=C(N)c1ccccc1
O=N(=O)C1=NN=C([N-]1)N1N=C(N=[N+]=[N-])N=[N+]1C1=NN=C([N-]1)N(=O)=O,NC(=[NH2+])NC1=NC(=CS1)CSCCC(N)=NS(N)(=O)=O
Fc1cc2C(=O)C=CN(C3CC3)c2cc1N1CC[NH2+]CC1,COc1ccc(cc1)P(=S)([S-])N1CCOCC1
CCCCCCC(=O)[O-],[NH2+]1CCN(CC1)Cc1ccc2OCOc2c1
Nc1[nH+]nc(c(N)n1)c1cccc(Cl)c1Cl,CC1(C)CC(C)(c2ccc([O-])cc2)c2ccccc2O1
Cc1c(Cl)cccc1Nc1ccccc1C(=O)[O-],CC(C)(C)N1[P+]N(c2ccccc12)C(C)(C)C
CN(C)[S+](N(C)C)N(C)C,NC(=O)C1CCCN1C(=O)[O-]
CC[N+](CC(=O)OC)(CC(=O)OC)CC(=O)OC,OC(=O)CC(O)(CC(O)=O)C(=O)[O-]
COC12CCCCCC(=[NH+]c3ccccc13)N2,CC(C)OCC(OC(C)C(=O)[O-])c1ccccc1
CN1C(=O)N(C)C(=C(C1=O)N(=O)=O)[O-],C[NH2+]CCC1=CNc2ccc(O)cc12
CN(C)C1=CC=C(S1)C=Cc1cc[n+](C)cc1,COC(C#N)(C#N)c1c(F)c(F)c(c(F)c1F)[C-](C#N)C#N
NC(=O)C(=O)[O-],C[n+]1cccc(c1)C(O)=O
OC1=C(Br)C(=O)C(=C(Br)C1=O)[O-],CCc1[nH+]ccc2c3ccccc3N(OC)c12
CC(=O)Oc1ccccc1C(=O)[O-],[NH2+]=C1NC=CS1
CC(C)[N+](=NNC(=O)C(=O)c1ccccc1)C(C)C,CC(C)NC([S-])=C(C#N)C(N)=O
Cc1[nH+]c(O)ccc1,O=C([O-])c1ccccn1
OC(C(=O)[O-])c1ccccc1,C1=CN(N=C1)[B-]12[N+]3=CC=CN3P(N3C=CC=[N+]13)N1C=CC=[N+]21
O=C([O-])c1ccc(cc1)N(=O)=O,[NH3+]NC(=O)C(=O)N[NH3+]
C[Si]1(C)C[N+](C[Si](C)(C)O1)=C(O)CCl,Fc1c(F)c(F)c(c(F)c1F)C(=O)[O-]
OC(=O)CC(=C)C(=O)[O-],Cc1ccc(cc1)C(F)(F)[n+]1ccccc1
OC(=O)CC(C(=O)[O-])c1ccccc1,OCC([NH2+]C1CC(CO)C(O)C(O)C1O)CO
C[N+](C)(C)NCCC(O)=O,CCOP([O-])(=S)c1ccc(Cl)cc1
FC(F)(F)O[n+]1ccc(cc1)c1ccccc1,COC(C(=O)[O-])(c1ccccc1)C(F)(F)F
C[NH+]1C2CCCC1CC(=O)C2,COc1ccc(cc1)C(=O)[O-]
[NH3+]C(C)c1ccc(Cl)cc1,O=C([O-])Cc1ccccc1
C[N+]1=NOC(=C1)N,O=C([O-])COc1ccccc1
C[N+]1=C(SCC1)SC[Si](C)(C)C,COC(C(=O)[O-])(c1ccccc1)C(F)(F)F
Cc1ccc(C)c(c1)S(=O)(=O)[O-],CS(=[NH2+])(=O)c1ccccc1
CN1C=C[N+](=C1)CCC(O)=O,OB(O)c1ccc(cc1)C(=O)[O-]
CC1=[N+]([O-])ON=C1C=NNC(N)=[NH2+],O=C([O-])CCCCC1CCSS1
Nc1[nH+]cc(Cl)cc1,CC(C)NC([S-])=C(C#N)C(N)=O
c1ccc(cc1)[S+](c1ccccc1)c1ccccc1,FC1=NC(=O)N=C(F)[N-]1
Brc1cccc(c1)C(=O)[O-],CC([NH+]1CCCC1)C(O)c1ccccc1
NS(=O)(=O)c1ccc(NC(=O)C(=O)[O-])cc1,[NH3+]c1ccc(O)c(c1)C(O)=O
COc1ccc(cc1)S(=O)(=O)[O-],C[NH+](C)CC(=C)Sc1ccccc1
CCOC(=O)[O-],COC(=O)C([N+]1=CN(C)C=C1)=C(C(=O)OC)C(=O)OC
CC(=O)Nc1cc[nH+]cc1,Cc1cc(ccc1N(=O)=O)C(=O)[O-]
C[N+](C)(C)NCCC(O)=O,Clc1cccc(OCC(=O)[O-])c1Cl
[NH3+]C(C)(CO)CO,COc1ccc(CNS(=O)(=O)[O-])cc1
CN1C=C[N+](=C1C)O,Clc1cccc(C(=O)[O-])c1N(=O)=O
OC1C[N+]2(CCOCC2)C1,COc1cc(C=CC(=O)[O-])ccc1O
[NH3+]CC1=C(F)C(=NO1)OC(C)C,CCCC(=O)[O-]
[NH3+]C(C)C(=O)OC,OCC(=O)[O-]
O=N(=O)[C-](C#N)N(=O)=O,N[n+]1ccnc(Cl)c1
CC(C)(CO)NC(=O)[O-],NC1=[NH+]N=C(S1)c1ccc(Br)cc1
[NH3+]C(CCC[NH+]=C(N)N)C(=O)[O-],O=N(=O)C1=N[N-]C(=N1)N(=O)=O
OC(=O)c1cc(C(=O)[O-])c(cc1C(=O)[O-])C(O)=O,CC1(C)OC2OC3C[NH2+]CC3(O)C2O1
CCOC1OCc2c[nH+]c(C)c(O)c12,OB(O)[O-]
COc1cccc(c1)N1CC[NH2+]CC1,OC(=O)C(Br)C(Br)C(=O)[O-]
CCCCC#CC1=[N+](CCC#C)c2ccccc2S1,OC(CCc1ccccc1)C(=O)[O-]
CC(C)OS(=O)(=O)[O-],COc1ccc(cc1)C1=[NH+]NC=C1
Fc1cc(F)c([n+]2ccccc2)c(F)c1C#N,Oc1ccc(cc1)C(=O)[O-]
CC1(C)COP(=O)([O-])OC1c1c(Cl)cccc1Cl,COC(=O)C1[NH2+]CC(C1)OC(=O)c1ccc(cc1)N(=O)=O
OC(=O)c1cc(cc(c1[O-])N(=O)=O)N(=O)=O,C[NH+](CC(C)(C)O)C(C)(C)CO
[NH3+]Cc1ccccc1OC,FS(=O)(=O)[N-]S(F)(=O)=O
OC(=O)CNc1ccccc1C(=O)[O-],NC1=[NH+]N=CS1
[NH3+]CCC1=CNc2ccc(O)cc12,CN1C(=O)N(C)C(=C(C1=O)N(=O)=O)[O-]
OC(=O)C1CCCCC1C(=O)[O-],[NH3+]c1ccc(Br)cc1
CC1(C)C2CCC1(CS(=O)(=O)[O-])C(=O)C2,Cc1cc(CSC(N)=[NH2+])c(C)cc1CSC(N)=[NH2+]
CC12C[NH2+]CCN1C(=NO2)c1ccccc1,OC(CC(O)=O)C(=O)[O-]
ClC1=C(Sc2ccccc12)C(=O)[O-],[NH2+]=C1NC(=O)NC=C1F
COC1(N(C)C=[N+](C)c2ccccc12)c1ccccc1,CN1C(=O)Nc2ccc(Cl)cc2C21NC(=O)[N-]C2=O
OC(=O)CN1C(=O)c2cc3C(=O)N(CC(=O)[O-])C(=O)c3cc2C1=O,[NH3+]C(C1CCCC(O)C1)C(=O)OC(C)(C)C
O=C([O-])c1ccc2ccccc2c1,[NH3+]C(CCCNC(N)=[NH2+])C(=O)[O-]
NC1=[NH+]C(=O)C=C(N)N1,Clc1cc(cc(Cl)c1[O-])N(=O)=O
CN(C)c1cc[nH+]cc1Cl,CC1(C)COP(=O)([O-])OC1c1ccccc1Cl
C1CC[P+]2(C1)CCCC2,[2H]P(O[2H])(=O)[O-]
OC(=O)CC(ON(=O)=O)C(=O)[O-],OCC[NH+](CCO)CCO
C[NH+]=S(=O)(C=CC(C)(C)C)c1ccccc1,O=N(=O)C1=N[N-]C(=C1N(=O)=O)N(=O)=O
OCC(C(=O)[O-])c1ccccc1,CC1=C(C=C(C#N)C(=O)N1)c1cc[nH+]cc1
CC(C)OS(=O)(=O)[O-],Clc1ccc(cc1)C1=NS[S+]=N1
OC(=O)C1=NNC(=C1)C(=O)[O-],[NH3+]c1ccc(cc1)C1(CC)CCC(=O)NC1=O
OC1CCN(CC1)C(=O)[O-],N[n+]1ccnc(Cl)c1
C[NH+](C)c1cccc2cccc(F)c12,CCOP(=O)([O-])OCC
[NH3+]c1ccccc1OC(=O)SC,CCCN1C=NC(=C1C(=O)[O-])C(O)=O
CC(=O)Nc1cc[nH+]cc1,O=N(=O)C1=NN=C([N-]1)N(=O)=O
FC(F)COCc1cc[nH+]cc1,O=C([O-])c1ccc(cc1)N(=O)=O
ON=Cc1[nH+]cccc1,CCCCCCC(=O)[O-]
C[N+](C)(C)CCCl,[O-]N=C(C#N)C#N
NC(=[NH2+])NC1=NC(=CS1)CSCCC(N)=NS(N)(=O)=O,O=C([O-])c1cnccn1
Clc1ccc(cc1)S(=O)(=O)CC(=O)[O-],[NH3+]c1ccc(Cl)cc1
CC(C)N[C+](NC(C)C)Nc1ccc(F)cc1,NC(=O)C1CCCN1C(=O)[O-]
O=S(=O)([O-])c1cccc(c1)P(c1ccccc1)c1ccccc1,CC[NH+](O)CC
CN(C)c1cc[nH+]cc1Br,Oc1c(cc(c([O-])c1N(=O)=O)N(=O)=O)N(=O)=O
O=N(=O)C1=NN([O-])N=N1,[NH3+]C(CO)C(O)c1ccc(cc1)N(=O)=O
CC(=NO)C(=O)[O-],Fc1cc2C(=O)C=CN(C3CC3)c2cc1N1CC[NH2+]CC1
O=C([O-])C1=Cc2ccccc2OC1=O,C[n+]1c2ccccc2c(CBr)c2ccccc12
O=C(NN=C(c1cc[nH+]cc1)c1ccccc1)C1=CC=CO1,COC(C#N)(C#N)c1c(F)c(F)c(c(F)c1F)[C-](C#N)C#N
Cc1c(cc(cc1N(=O)=O)C(=O)[O-])N(=O)=O,[NH3+]c1ccc(cc1C)N(=O)=O
CSC=C(C[NH+](C)C)SC,O=C([O-])C1=CSC=C1
C[N+]1(CCOCC1)CC(O)=O,O=C([O-])C1=CC=CS1
OC(=O)C(F)(F)C(F)(F)C(=O)[O-],CN(C)c1cc[n+](cc1)P(C)C
Brc1ccc(cc1)N=NC1=[NH+]C=CN1,OC(CC(=O)[O-])Cc1ccc(Cl)cc1
COc1cc[nH+]cc1,Fc1ccc(cc1)S(=O)(=O)[N-]S(=O)(=O)c1ccc(F)cc1
ON=Cc1[nH+]cccc1,ClCP(=O)([O-])CCl
Clc1cccc(Cl)c1Nc1ccccc1CC(=O)OCC(=O)[O-],[NH3+]CC(CO)(CO)CO
COC(C(=O)[O-])(c1ccccc1)C(F)(F)F,[NH3+]C1(CCc2cc(Br)ccc2C1)C(=O)OC
NC(=[NH2+])NN=Cc1c(Cl)cc(O)cc1Cl,CCOP([O-])(=S)c1ccccc1
O=N(=O)C1=N[N-]C(=N1)N(=O)=O,Cc1cc(C)c(N2C=[N+]3C(=CSC3=C2)C)c(C)c1
Oc1ccc(c2ccc[nH+]c12)N(=O)=O,COc1cc(OC)cc(c1)C(=O)[O-]
O=N(=O)N=C1N[N-]C(=N1)C1=NC(N[N-]1)=NN(=O)=O,[2H][N+]([2H])([2H])CCCOC
Nc1ccc(cc1)S(=O)(=O)[O-],[NH3+]C(C)C(=O)OC
CCC12CC[NH2+]CC1Oc1ccc(OC)cc21,COC(=O)C1=C(C(=O)OC)[C-](C(=O)OC)C(=C1C(=O)OC)C(=O)OC
BrC1=CC=C(S1)C1NC=[NH+]C=C1Br,Nc1ccc(cc1)C(=O)[O-]
Nc1ccc(cc1)S(=O)(=O)[O-],Cc1cc[nH+]c(O)c1
FC(F)(F)S(=O)(=O)[O-],[NH3+]CC(C)c1cccc(Cl)c1
[2H]OC(C(O[2H])C(O[2H])=O)C(=O)[O-],C[N+](C)(O)c1ccc(cc1)N(=O)=O
OC(=O)CCCC(=O)[O-],CC[N+](CC)(CC)CCl
C[NH+]1C2CCCC1CC(=O)C2,Oc1cccnc1C(=O)[O-]
CNC(N)=[OH+],OC(Cc1ccccc1)C(=O)[O-]
C[N+](C)=C1C=CN(SC(Cl)(Cl)Cl)C=C1,Oc1cc(O)cc(c1)C(=O)[O-]
O=C([O-])CCCCC1CCSS1,CC1(C)CCCC(C)(C)[NH+]1O
C[N+]1=CN(C=C1)C1=Cc2ccccc2OC1=O,Cc1ccccc1C(=O)[O-]
CC([NH2+]CCOc1c(C)cccc1C)CO,OP(F)(=O)[O-]
O=C([O-])c1ccccc1C(=O)c1ccccc1,[NH2+]1OCC2COc3ccccc3C12
Fc1ccc(cc1)S(=O)(=O)[N-]S(=O)(=O)c1ccc(F)cc1,C[N+]1=CN(CCS(F)(=O)=O)C=C1N(=O)=O
NC(=O)C1=NC(=C[N-]C1=O)F,CC1=C([NH+]=CN1)C=O
CC[N+]1=C(C)Sc2ccccc12,S=C1NC(=S)[N-]C(=S)N1
C[NH+](C)CC(=C)SC1CCCCC1,OC(=O)c1nccnc1C(=O)[O-]
Cc1ccc(cc1)C=CC(=O)[O-],C[NH+]1CCN(CC1)Cc1ccc(cc1)C(O)=O
COC(=O)C1[NH2+]C2C=C(Cl)CCC2(CCC#C)C1,FS(=O)(=O)[N-]S(F)(=O)=O
OC(C(=O)[O-])(c1ccccc1)c1ccccc1,C[N+]1=NN(OCF)c2ccccc12
Fc1c(F)c(F)c(c(F)c1F)[P+](F)(c1ccccn1)c1c(F)c(F)c(F)c(F)c1F,Oc1ccc(cc1C(=O)[O-])c1ccc(F)cc1F
Clc1cccc(Cl)c1C(=O)[O-],[NH3+]C(C(C)C)C(=O)OC
CC1(C)[NH+]=C(N(O)C1(C)C)c1ccccc1,Clc1ccc(C(=O)[O-])c(c1)N(=O)=O
CC(CC(=O)[O-])C(O)=O,Cc1[nH+]c2c(O)cccc2cc1
O=C1NC(=O)C=C(N1)C(=O)[O-],OCC([NH2+]C1CC(CO)C(O)C(O)C1O)CO
CC(C(=O)[O-])C(F)(F)F,COC(=O)NC1=[NH+]c2cc(ccc2N1)C(=O)c1ccccc1
NC(CC[NH+]1CCCCC1)=NO,FC(F)(F)[O-]
OC(=O)c1ccccc1c1ccccc1C(=O)[O-],[NH3+]C(CO)C(O)c1ccccc1
CC(C)(C)[NH+]=Cc1ccccc1Br,CC1=CC=C(S1)C(=O)[O-]
FC(F)(F)C(F)(F)C(F)(F)C(F)(F)S(=O)(=O)[C-](Br)S(=O)(=O)C(F)(F)C(F)(F)C(F)(F)C(F)(F)F,C[NH+]=Cc1c([O-])c(C)[nH+]cc1CO
OC(=O)c1nccnc1C(=O)[O-],C[NH+](C)c1ccc(C=O)cc1
CCOC1OCc2c[nH+]c(C)c(O)c12,OC(=O)C1=CC=CN1c1c(cccc1C(F)(F)F)C(=O)[O-]
O=C1N(CCCN2C=[NH+]C=C2)C(=O)c2cccc3cccc1c23,O=C([O-])c1cccc2c1Cc1ccccc21
O=S1(=O)[N-]S(=O)(=O)c2ccccc12,CCCC(C=C)c1[nH+]cc(Br)c2ccccc12
CCOC(=O)C([N+]#N)=S1c2ccccc2Oc2ccccc12,[S-]C#N
CC1(C)CCC(C)(C)C2=C1[NH+]=C(N)S2,OC(=O)c1ccncc1C(=O)[O-]
OC1CC[NH2+]CC1,Oc1ccc(O)c(c1)C(=O)[O-]
OC(=O)CCC(=O)[O-],CCN1C=CC=CB1[n+]1ccc(C)cc1
O=N(=O)N=C1N[N-]C(=N1)C1=NC(N[N-]1)=NN(=O)=O,CN1C(=O)C2(C=CC(=[NH2+])C=C2)c2ccccc12
OC12CCC(CC3[NH2+]CCC13)C2,O=C([O-])c1ccc2cc3ccccc3cc2c1
C[NH+](C)CC(SC(C)C)=CSC(C)C,Brc1ccc(cc1)S(=O)(=O)[O-]
OC(=O)CN1C=C[N+](=C1)CC(O)=O,CCCN1C=NC(=C1C(=O)[O-])C(O)=O
NC(=O)C(=O)[O-],[NH2+]1CCOCC1
O=C([O-])C1(CCC1)C(=O)[O-],CON1C=C[N+](=C1C)OC
OC(=O)C1=CC=CN1c1c(cccc1C(F)(F)F)C(=O)[O-],[NH3+]CCNC(=O)C(N)=O
C[N+](C)=COCF,O=C([O-])Cc1ccccc1
[NH3+]C1(CCc2cc(Br)ccc2C1)C(=O)OC,[O-]N=C(C#N)C#N
OCC[NH+](CCO)C(CO)(CO)CO,ClC1=CC=C(S1)C(=O)[O-]
Fc1c(F)c(F)c(c(F)c1F)C(=O)[O-],[2H]N(C(N([2H])[2H])=[N+]([2H])[2H])C(N([2H])[2H])=S
C[N+](C)(C)c1ccc(C=O)cc1,Oc1c(ccc2ccccc12)C(=O)[O-]
O=C([O-])c1ccc2ccccc2n1,c1ccc2c(c1)[S+](C1=CN=C3C=CC=NN13)c1ccccc21
[NH3+]Cc1ccc(O)cc1,O=P([O-])(Oc1ccccc1)Oc1ccccc1
OC(=O)c1cccc(c1)C(=O)[O-],CN(CC(O)=O)C(N)=[NH2+]
Oc1[nH+]cccc1,Fc1ccccc1NC(=O)C(=O)[O-]
OC(=O)c1cc(cc(c1[O-])N(=O)=O)N(=O)=O,CN(C)c1cc[n+](cc1)[Si](C)(C)C
Cc1cc(C)c(c(C)c1)S(=O)(=O)[O-],CSc1c2ccccc2[nH+]c2ccccc12
CSc1ccc(cc1)C(O)C(CO)[NH+](C)C,FC(F)(F)C(=O)C=C([O-])C(F)(F)F
COc1c(Cl)ccc(Cl)c1C(=O)[O-],[NH3+]C(C)c1ccc(F)cc1
FC(F)(F)c1ccc(NC(=O)NCS(=O)(=O)[O-])cc1,C[N+]1=CN(CCON(=O)=O)C=C1
FC(F)(F)S(=O)(=O)[N-]S(=O)(=O)C(F)(F)F,[NH3+]C(CC(C)C)C(N)=O
[NH3+]c1cccc(c1)N(=O)=O,Nc1ccc(cc1)C(=O)[O-]
BrCCCCCCC(=O)[O-],O=P([O-])([n+]1ccccc1)[n+]1ccccc1
C[NH2+]CCC1=CNc2ccc(O)cc12,CC1(C)COP(=O)([O-])OC1c1ccccc1Cl
CC(C)(C)[NH2+]CCO,O=C([O-])CN1C(=O)Oc2ccccc12
O=C([O-])c1ccc2OCOc2c1,C[Si](C)(C)OP(C)(C)=[N+]=P(C)(C)C
O=N(=O)N=C1NN=N[N-]1,CC[N+](CC)(CC)CCl
CSC1=[NH+]c2cc(Oc3cccc(Cl)c3Cl)c(Cl)cc2N1,Brc1ccc(CC(=O)[O-])cc1
[NH3+]CCNC(=O)c1ccccc1O,OC(=O)c1ccncc1C(=O)[O-]
[NH2+]1CCOCCOCCOCC1,CN1C(=O)Nc2ccc(Cl)cc2C21NC(=O)[N-]C2=O
CCCC[N+]12CN3CN(CP(C3)C1)C2,OC(=O)CC(=O)[O-]
[NH3+]OS(C)(=O)=O,O=N[C-](C#N)C1=Nc2ccccc2O1
CC1OC(CC1O)C[N+](C)(C)C,OC(=O)c1ccccc1c1ccccc1C(=O)[O-]
[NH3+]C1C(Cl)Cc2ccccc12,OC(=O)CC(C(=O)[O-])c1ccccc1
C[n+]1ccccc1C[Si](C)(C)C(C)(C)C,O=N(=O)[C-](N(=O)=O)N(=O)=O
CC#CC(=O)[O-],[NH3+]Cc1cccc(OC)c1
O=N(=O)N=C1N[N-]C(=N1)C1=NC(N[N-]1)=NN(=O)=O,C[Si](C)(C)OP(C)(C)=[N+]=P(C)(C)C
Fc1cccc(c1)C=C1CC[NH+]=C1,O=P([O-])(c1ccccc1)c1ccccc1
CC([NH2+]C(C(F)F)c1ccccc1)c1ccccc1,OC1CCN(CC1)C(=O)[O-]
C[NH+]=C1N(C)C2C(N(C)C(=O)N2C)N1C,O=C1NC(=O)C=C([O-])N1
CC1(C)C2COc3ccccc3C2[NH+]=C2C=NC=CN12,O=Cc1ccccc1C(=O)[O-]
O=N(=O)c1ccc(Cc2cc[nH+]cc2)cc1,N#CC1=NN=N[N-]1
[2H]N(C(N([2H])[2H])=[N+]([2H])[2H])C(N([2H])[2H])=S,FC(F)(F)S(=O)(=O)[O-]
[2H]OC(C(O[2H])C(O[2H])=O)C(=O)[O-],OCC[NH+]1CC[NH2+]CC1
[NH3+]c1ccc(F)c(Cl)c1,Oc1cccc(C(=O)[O-])c1O
CP(O)(=O)[O-],[NH3+]C(C)(C)COC
CC1=C[NH+]=C(N)S1,Cc1ccc(cc1)C1=C(C#N)C(=O)NC(=C1C#N)[O-]
CN1C=CN2C[N+]3=C(P=C12)N(C)C=C3,OC(=O)c1cccc(n1)C(=O)[O-]
[2H][N+](C)(CC)CC,O=N(=O)C1=NN=C([N-]1)N(=O)=O
ON1N=C(N=C1C1=NN=NN1[O-])N(=O)=O,CN(C)c1cc[n+](cc1)S(=O)[n+]1ccc(cc1)N(C)C
O=N(=O)C1=N[N-]N=N1,[NH3+]Cc1ccccc1F
[NH3+]C(CCCCN)C(O)=O,ClC(Cl)C(=O)[O-]
O=C([O-])c1ccc2OCOc2c1,[NH3+]c1cc(Cl)ccc1Cl
OC(=O)c1c(cccc1N(=O)=O)C(=O)[O-],OC1=[NH+]CCCCC1
[NH3+]c1ccc(F)cc1,OC(=O)c1ccncc1C(=O)[O-]
[NH2+]=C(O)c1ccccc1,S=C([S-])N1CCCCC1
COc1ccc(cc1OC)C(=O)[O-],O=C(OC1C[NH2+]CCC1)c1ccccc1N(=O)=O
[NH3+]Cc1ccccc1Cl,O=C([O-])CCC1=NC(=C(O1)c1ccccc1)c1ccccc1
OC(=O)C=CC(=O)[O-],C1CC[P+]2(C1)CCCC2
Oc1ccc(F)cc1C(=O)[O-],ClCC[NH+]1CCCC1
O=C1NC(=S)NC(=C1)[O-],C1CCC2(C1)COC1=C3OCC4(CCCC4)[N+]3=CN21
NCCc1ccc([O-])cc1,C[n+]1ccccc1CC[Si](C)(C)C
Oc1c(cc(cc1N(=O)=O)N(=O)=O)C(=O)[O-],CC(=O)OCC[N+](C)(C)C
CN(C)c1cc[n+](cc1)S(C)(=O)=O,Oc1ccc(cc1C(=O)[O-])c1ccc(F)cc1F
O=C([O-])C1(CCC1)C(=O)[O-],CC(=O)CC1[NH2+]CCCC1
COC(=O)C([N+]1=CN(C)C=C1)=C(C(=O)OC)C(=O)OC,OC(CC(=O)[O-])Cc1ccc(Cl)cc1
O=Cc1ccccc1C(=O)[O-],CC1OC(CC1=O)C[N+](C)(C)C
NC(=[NH2+])NC1=NC(=CS1)CSCCC(N)=NS(N)(=O)=O,O=C([O-])C1=Cc2ccccc2N1
OC1C[NH+]2CCC1CC2,O=C([O-])C1=CC=CS1
O=C1[N-]S(=O)(=O)c2ccccc12,C[N+]1=C(SCC1)SC[Si](C)(C)C
O=N(=O)c1c[nH+]ccc1,Nc1ccc(Cl)cc1C(=O)[O-]
Clc1ccc(cc1)N=Cc1cc[nH+]cc1,Fc1ccc(OCC(=O)[O-])cc1
O=N(=O)N=C1[N-]N=NN1OCCON1N=N[N-]C1=NN(=O)=O,ON=Cc1cc[nH+]c2ccccc12
[NH3+]CCCCC([NH3+])C(=O)[O-],NC1=C(N=O)C(=O)[N-]C(=N1)N1CCOCC1
OC(=O)c1cc(Cl)c(Cl)cc1C(=O)[O-],CN(CC(O)=O)C(N)=[NH2+]
COC(=O)C1[NH2+]C(CC1)CC(C)=O,FC1=C[N-]C(=O)NC1=O
COC(=O)C1CC[NH2+]C1c1ccccc1,Oc1ccccc1C(=O)[O-]
BrCCCCCCC(=O)[O-],[NH3+]C1CN(CC1F)C(=O)OC(C)(C)C
Clc1ccc(OCC(=O)[O-])cc1,CC(=O)CC1[NH2+]CCCC1
[2H]N([2H])c1ccc(cc1)C(=O)[O-],[NH3+]CCc1cc(OC)ccc1OC
NC(=[NH2+])NC(N)=O,Clc1ccc(OCC(=O)[O-])cc1
O=N(=O)c1ccc([O-])cc1,Brc1ccc(OC(=O)N2CC[NH+]3CCC2CC3)cc1
CC(C(=O)[O-])C(F)(F)F,CN(C)C(OS(=O)(=O)C(F)(F)F)=[N+](C)C
C[N+]1=NN(OCF)c2ccc(C)cc12,FC1=NC(=O)N=C(F)[N-]1
Clc1ccc(cc1N(=O)=O)S(=O)(=O)[O-],CSC1=[NH+]c2cc(Oc3cccc(Cl)c3Cl)c(Cl)cc2N1
COc1ccc(C[n+]2ccccc2)cc1,CC#CC(=O)[O-]
CCC12CC[NH2+]CC1Oc1ccc(OC)cc21,[O-]N1N=NN=C1C1=NN=NN1[O-]
[NH3+]C(Cc1ccccc1)C(=O)Nc1cccnc1,OC(=O)C1(CCC1)C(=O)[O-]
O=C([O-])CSC1=CNc2ccccc12,CC(C)c1[nH+]c(O)cc(Cl)n1
[NH3+]CCNC(=O)C(N)=O,OC(C(=O)[O-])c1cccc(Br)c1
[2H][n+]1ccccc1C,OC(=O)CCCCCCCC(=O)[O-]
O=C([O-])C1=CSC=C1,[NH3+]CP(C)(C)=O
C[NH+]1CCN(CC1)CC1=CC(=O)Nc2ccccc12,OC(=O)c1ccc(cc1C(=O)[O-])N(=O)=O
Clc1ccccc1C(=O)[O-],C[N+]1=CN(CCON(=O)=O)C=C1
[2H]OC(=O)c1ccc(cc1)C(=O)[O-],[NH3+]c1ccccc1C(N)=O
O=N[C-](C#N)C1=Nc2ccccc2O1,OC1CCCCC1Oc1cccc2ccc[nH+]c12
Fc1cccc(c1)C(=O)[O-],[NH3+]c1cc(ccc1C)N(=O)=O
CON1C=C[N+](=C1C)OC,OC(CC(=O)[O-])Cc1ccc(Cl)cc1
O=C([O-])CN1C(=O)Oc2ccccc12,[NH3+]c1cc2CCC(C)(C)Oc2c(C)c1C
[NH3+]C1C(O)Cc2cc3ccccc3cc12,BrCCCCCCCCCCCC(=O)[O-]
[NH3+]C(CC)CO,O=S1(=O)[N-]S(=O)(=O)c2ccccc12
FC(F)(F)C(F)(F)COCc1c[nH+]ccc1,Clc1cc(ccc1C(=O)[O-])N(=O)=O
FC1=NC(=O)N=C(F)[N-]1,OC(=O)C[n+]1ccccc1
OC(C(O)=O)C(=O)[O-],CCN1C=[NH+]C2=C1N=C(N)NC2=O
C[N+](C)(C)c1ccc(C=O)cc1,OC(=O)C([O-])(c1ccccc1)c1ccccc1
O=NC1=C([O-])NC(=O)NC1=O,O=N(=O)C1(C[NH2+]C1)N(=O)=O
OC(=O)COc1cccc(OCC(=O)[O-])c1,CN(C)C1=CC=C(S1)C=Cc1cc[n+](C)cc1
Fc1cc(ccc1[O-])N(=O)=O,CC(C)[NH2+]CC(O)c1ccccc1Cl
OC(=O)c1nccnc1C(=O)[O-],[NH3+]C1C(Cl)Cc2ccccc12
O=C([O-])c1ccncc1,C[N+](C)(C)CC(O)CC(O)=O
Fc1cc2C(=O)C=CN(C3CC3)c2cc1N1CC[NH2+]CC1,CCCC(=O)[O-]
OC(=O)C1[NH2+]CSC1,O=C([O-])c1ccc(cc1)C(=O)[O-]
OP(=O)([O-])Oc1cccc2ccccc12,Clc1ccc(cc1)C1[NH2+]CCN2C=CC=C12
OC(=O)CC(=O)[O-],[2H][N+]([2H])=CN([2H])[2H]
CC(C)(C)OC(=O)NC(Cc1ccccc1)C(=O)[O-],[NH3+]CCC(=O)NC(CC1=C[NH+]=CN1)C(=O)[O-]
OCC[NH2+]Cc1ccccc1,FC([O-])=NS(F)(F)C(F)(F)F
Clc1ccc(OCC(=O)[O-])c(Cl)c1,CCOC1OCc2c[nH+]c(C)c(O)c12
O=N(=O)c1ccc(Cc2cc[nH+]cc2)cc1,CCOC(=O)C1=N[N-]C(=C1)C(=O)OCC
C[n+]1cccc(c1)C1=NS[S+]=N1,CN1C(=O)Nc2ccc(Cl)cc2C21NC(=O)[N-]C2=O
O=N(=O)N=C1N[N-]C(=N1)C1=NC(N[N-]1)=NN(=O)=O,CC(C)N[C+](NC(C)C)Nc1ccc(F)cc1
O=N[C-](C#N)C1=Nc2ccccc2O1,CS(=O)(=N[S+]1c2ccccc2c2ccccc12)c1ccccc1
OC(=O)CC(=C)C(=O)[O-],[NH3+]c1cc(Cl)ccc1O
O=N(=O)c1cccc(c1)S(=O)(=O)NNC1=[NH+]c2ccccc2S1,O=C([O-])Cc1ccccc1
CC(C)NC([S-])=C(C#N)C(N)=O,OC(=O)C[N+]12CCC(CC1)CC2
OCC1[NH2+]CCC1,Clc1cc(Cl)c([O-])c(Cl)c1
CC1=[NH+]N(P(c2ccccc2)c2ccccc2)C(=C1)C,Clc1ccccc1C(=O)[O-]
NC(=[NH2+])NN=Cc1c(Cl)cccc1Cl,OC(=O)CCCCCCC(=O)[O-]
CN(C)C1=CC=C(S1)C=Cc1cc[n+](C)cc1,O=C([O-])c1ccc2ccccc2n1
CN1CC[N+]2(C)Cc3cnc(C)c(O)c3C12,Clc1ccc(CC(=O)[O-])cc1
O=C1[N-]S(=O)(=O)c2ccccc12,C[P+](C)(C)CC=C
Oc1cccc(C(=O)[O-])c1O,C[P+](C)(C)N[Si](C)(C)C
O=N(=O)c1ccc([O-])c(c1)N(=O)=O,COC(=O)C1[NH2+]C2C=C(Cl)CCC2(CCC#C)C1
[2H]OC(C(O[2H])C(O[2H])=O)C(=O)[O-],Nc1[nH+]nc(c(N)n1)c1cccc(Cl)c1Cl
[NH3+]c1ccccc1Cl,CN(C)c1ccc(cc1)C=C(C#N)C(=O)[O-]
Clc1ccc(cc1)C1=C(C#N)C(=O)NC(=C1C#N)[O-],[NH3+]CCC(=O)OO
BrC1=CC=C(S1)C1NC=[NH+]C=C1Br,O=N(=O)c1ccc([O-])cc1
O=N(=O)N=C1[N-]N=NN1OCCON1N=N[N-]C1=NN(=O)=O,C[n+]1cccc(c1)B(O)O
NS(=O)(=O)c1ccc(NC(=O)C(=O)[O-])cc1,NC1=[NH+]C(=O)N(C=C1)C1CSC(CO)O1
CC(C)=CC1C(C(=O)[O-])C1(C)C,O=C(Nc1ccccc1)C1[NH2+]CCCC1
C[NH+](C)C(CO)C(O)c1ccccc1,O=C([O-])c1ccncc1
CC(=NO)C(=O)[O-],O=C(N1CC[NH2+]C2CCCCC12)C1=CC=CO1
Cc1ccc(cc1)C(=O)[O-],[NH3+]c1ccc(cc1)C(=O)OCC
COc1cccc(C=NNC(=O)c2cc[nH+]cc2)c1O,OC(=O)CSc1nc(SCC(O)=O)nc(SCC(=O)[O-])n1
Clc1ccc(c(Cl)c1)C(=O)[O-],[NH3+]c1ccccc1OCC
CC1=CC2[NH+](CCCC2O)CC1,Fc1c(F)c(F)c(c(F)c1F)C(=O)[O-]
Clc1cccc(Cl)c1Nc1ccccc1CC(=O)[O-],O=C1CCN2C(c3ccccc3)C(=CN12)c1[nH+]cccc1
C[n+]1c2ccccc2c(CBr)c2ccccc12,CCOP([O-])(=S)c1ccc(Cl)cc1
NC(=O)C1CCCN1C(=O)[O-],FCCN1C=N[N+](=C1)c1ccccc1
CCC(=O)Nc1ccccc1C(=O)[O-],CNC(O)=[NH+]C
COC1(N(C)C=[N+](C)c2ccccc12)c1ccccc1,OC(CN1C=[NH+]C=C1)(P(O)(=O)[O-])P(O)(=O)[O-]
Oc1ccc(CC(=O)[O-])cc1,[NH3+]C(C(C)CC)C(=O)OC
Nc1[nH+]nc(c(N)n1)c1cccc(Cl)c1Cl,CCCN1C=NC(=C1C(=O)[O-])C(O)=O
CC(=O)CC1[NH2+]CCCC1,O=C([O-])C1=CC=CC(=O)N1
[NH3+]CC1(CCCCC1)CC(O)=O,ClC1=CC(=C(Cl)S1)C(=O)[O-]
Oc1ccc(cc1C(=O)[O-])N(=O)=O,[NH3+]c1ccccc1F
[NH3+]c1cc(ccc1O)C1=[NH+]CCCCN1,[2H]OC(=O)c1ccc(cc1)C(=O)[O-]
O=C(C[NH+]1CCCCC1)c1ccccc1,O=N(=O)N=C1NN=N[N-]1
OC(=O)c1cc(cc(c1)N(=O)=O)C(=O)[O-],[NH2+]=C1NC(=O)N(C=C1)C1CSC(CO)O1
FC(F)(F)C([O-])C(F)(F)F,[2H]N(C(N([2H])[2H])=[N+]([2H])[2H])C(N([2H])[2H])=S
CCS(=O)(=O)[O-],ON=C1C2=[NH+]CCCN2CCCc2ccccc12
C[N+](C)=C(C)OCF,OC1=C(Cl)C(=O)C(=C(Cl)C1=O)[O-]
[NH3+]c1ccc(F)c(Cl)c1,Clc1ccc(cc1)C1=C(C#N)C(=S)NC(=C1C#N)[S-]
CCOP(=O)(Nc1[nH+]c(N)ccc1)OCC,Nc1ccc(cc1)C(=O)[O-]
NC(=[NH2+])Sc1ccc2cc(Br)ccc2n1,COC(C#N)(C#N)c1c(F)c(F)c(c(F)c1F)[C-](C#N)C#N
O=C([O-])C1=CC=CC(=O)N1,C[N+](C)(CCO)CCF
[S-]C#N,CN1C(=C(C)[N+](=C1[Si](C)(C)C)C)C
Brc1ccccc1C(=O)[O-],[NH3+]C(Cc1ccccc1)C(=O)NNc1ccccc1
CC(=O)Nc1ccc(cc1)C(=O)[O-],[NH3+]C(CC(O)=O)c1ccc(OC)cc1
CN1C(=C(O)c2ccccc2S1(=O)=O)C(=O)NC1=[NH+]C=C(C)S1,CC1(CS(=O)(=O)[O-])C2CCC1(C)C(=O)C2Br
Oc1ccc(cc1)C(=O)[O-],FC(F)(F)O[n+]1ccc(cc1)c1ccccc1
CC[N+]1=C(N)SCC1,CC(CC(=O)[O-])C(O)=O
O=C([O-])CCCCC1CCSS1,CC1CC2C3CCC[NH+]4CCC(=C(O)C2=O)C34C1
CC(=O)Nc1c[n+](N)ccn1,O=C([O-])c1ccc(cc1)C(=O)[O-]
O=C1NC(=O)C=C(N1)C(=O)[O-],C[P+](C)(C)CC=C
F[n+]1ccccc1,CC(C)(C)OC(=O)NC1CC1CC(=O)[O-]
OC(=O)COc1cccc(OCC(=O)[O-])c1,NC1=C([N+]2=C(S1)C=CC=C2)C(=O)c1ccc(Br)cc1
Clc1ccc(OCC(=O)[O-])cc1,ON=Cc1cc[nH+]c2ccccc12
OC(CC(=O)[O-])c1ccccc1,OC(=O)CN1C=C[N+](=C1)CC(O)=O
C[NH+]=P(c1ccccc1)(c1ccccc1)c1ccccc1,Fc1c(F)c([O-])c(F)c(F)c1Br
ClC(Cl)(Cl)C(=O)[O-],CC(C)[P+](Cl)(C(C)C)C(C)C
OC1=[NH+]CCCCCCC1,NC(=O)C1CCCN1C(=O)[O-]
[NH3+]C(Cc1[nH+]c[nH]c1)C(=O)[O-],CC(=O)Oc1ccccc1C(=O)[O-]
O=N(=O)[C-](C#N)N(=O)=O,CC(C)(C)[NH+]=C1NCCC2=C1Sc1ccccc21
OC(C(=O)[O-])c1ccc(Br)cc1,CS(=O)(=N[S+]1c2ccccc2c2ccccc12)c1ccccc1
O=C(Nc1cc[nH+]cc1)Nc1cc[nH+]cc1,ClS(=O)(=O)[N-]S(Cl)(=O)=O
C[N+](C)=C(N)ON=C(N)C(C)(C)C,O=C([O-])c1ccc2ccc3cccc4ccc1c2c34
Nc1ccccc1C(=O)[O-],CN1C=C[N+](=C1)[B-](Cl)(N1C=C[N+](=C1)C)c1ccccc1
OC(CC(O)=O)C(=O)[O-],CN(C)c1cc[n+](cc1)[Si](C)(C)C
C[N+](C)(C)c1ccc(C=O)cc1,OC(=O)c1ccc(cc1C(=O)[O-])N(=O)=O
CCOC(=O)C1[NH2+]C(C)C=CC1,FC(F)(F)C1=C([O-])C(F)(C(=C1C(F)(F)F)C(F)(F)F)C(F)(F)F
NC(N)=[NH+]N=C(c1ccccc1)c1cc(Cl)ccc1N,[2H]OC(C(O[2H])C(O[2H])=O)C(=O)[O-]
CC1=CN2N=C(C)SC2=[NH+]1,Brc1ccccc1[O-]
O=N(=O)N=C1[N-]N=NN1OCCON1N=N[N-]C1=NN(=O)=O,OC(=O)C[N+]12CC[N+](CC1)(CC2)CC(=O)[O-]
C[N+]1=C(C)N(C=C1)S(F)(=O)=O,O=C([O-])Cc1ccccc1
OB1OB(O)O[B-](O)(O)O1,OC1=[NH+]CCCCCCC1
C[Si](C)(C)[n+]1ccccc1,CC1(C)C(CCC1(C)C(O)=O)C(=O)[O-]
[NH3+]CCc1ccc(O)cc1,COc1ccc(cc1)P(=S)([S-])N1CCOCC1
[NH3+]C(C)C(=O)OC,OC(=O)CCCCCCCCC(=O)[O-]
S=C([S-])N1CCOCC1,[NH3+]c1ccccc1F
CCOc1ccc(cc1)C=Cc1cccc[n+]1C,[NH3+]C(C)(P(O)(=O)[O-])P(O)(=O)[O-]
[NH3+]c1cccc(OC)c1,OC(=O)c1cc(Cl)c(Cl)cc1C(=O)[O-]
CC1(C)COP(=O)([O-])OC1c1ccccc1Cl,C[N+]1(C)C2c3ccccc3C3C(P13)c1ccccc21
OC(=O)C(Br)C(Br)C(=O)[O-],[NH3+]c1ccc(cc1C)N(=O)=O
C[N+]1=C(SCC1)SC[Si](C)(C)C,FC(F)(F)c1cccc(Nc2ncccc2C(=O)[O-])c1
OC(=O)CSc1nc(SCC(O)=O)nc(SCC(=O)[O-])n1,O[n+]1ccc(cc1)c1cc[n+](O)cc1
Clc1ccc(cc1N(=O)=O)C(=O)[O-],[NH3+]CC(CC(C)C)CC(O)=O
Oc1ccc(c(O)c1)C(=O)[O-],[NH3+]c1ccc(cc1)C(F)(F)F
CC1(O)[n+]2ccccc2c2ccccc12,Cc1cccc(Nc2ccccc2C(=O)[O-])c1C
OC(=O)c1ccc(cc1)C(=O)[O-],CN(C)c1cc[n+](cc1)C(C)=O
OC(=O)c1ccc[nH+]c1Nc1cccc(c1)C(F)(F)F,O=C([O-])C1=Cc2ccccc2S1
OC(CC(O)=O)C(=O)[O-],C[n+]1ccc(cc1)C=Cc1ccccc1O
CC1=C(C)[NH+]=C(N1)c1ccccc1O,O=N(=O)c1ccc([O-])cc1
CCOC(=C)[n+]1ccccc1Cl,CN1C(=O)N(C)C(=C(C1=O)c1ccc(cc1N(=O)=O)N(=O)=O)[O-]
CO[N+]1(C)CCOCC1,O=N(=O)[C-](N(=O)=O)N(=O)=O
NC1=[NH+]C(=O)N(C=C1)C1CSC(CO)O1,O=C1NC(=S)NC(=C1)[O-]
OC(=O)c1ccc(cc1C(=O)[O-])N(=O)=O,FC(F)(F)C(F)(F)COCc1c[nH+]ccc1
CCCCN1[P+]N(C)c2ccccc12,O=C1NC(=O)C(=C[N-]1)N(=O)=O
OC(=O)C1=CSC(=N1)c1cc[nH+]cc1,Fc1c(F)c(c(F)c(F)c1Br)C(=O)[O-]
OC(=O)CSCC(=O)[O-],C[N+](C)=C(N)ON=C(N)C(C)(C)C
ClS(=O)(=O)[N-]S(Cl)(=O)=O,CC(O)C[NH+](CC(C)O)CC(C)O
OC1C(O)C(OC1COP(O)(=O)[O-])N1C=NC2=C1N=CNC2=O,CC1=[NH+]c2ccccc2C(=O)N1N
O=C([O-])c1c(cc(cc1N(=O)=O)N(=O)=O)N(=O)=O,CC(C)[P+](Cl)(C(C)C)C(C)C
CC1=[NH+]C=C2CN=C(c3ccccc3F)c3cc(Cl)ccc3N12,Oc1cccc(O)c1C(=O)[O-]
CC1(C)CCCC(C)(C)[N+]1=O,[2H]P(O[2H])(=O)[O-]
OC1CCN(CC1)C(=O)[O-],COc1c[n+](N)ccn1
CC=CC=CC(=O)[O-],[NH3+]CCNC(=O)C(=O)NCC[NH3+]
ClCC(=O)[O-],Cc1cccc2SC(=[NH2+])Nc12
COC(=O)C1[NH2+]CC(F)CC1,O[B-](c1c(F)c(F)c(F)c(F)c1F)(c1c(F)c(F)c(F)c(F)c1F)c1c(F)c(F)c(F)c(F)c1F
O=N(=O)c1ccc(cc1)[N+]#N,OC(=O)CC(O)(CC(O)=O)C(=O)[O-]
[NH3+]c1cc(cc(c1)C(=O)[O-])C(=O)[O-],[NH3+]CC(O)COc1ccccc1
OC1=C(Cl)C(=O)C(=C(Cl)C1=O)[O-],CN1CC(c2ccc(O)c(C)c2O)[N+](C)(C)C1=O
OC1=[NH+]CCCC1,CP(O)(=O)[O-]
ClC1=CC=C(S1)C(=O)[O-],[NH3+]CCCC([NH3+])C(=O)[O-]
NS(=O)(=O)c1cc2c(NC[NH2+]S2(=O)=O)cc1Cl,CC1(C)C2CCC1(CS(=O)(=O)[O-])C(=O)C2
O=C1CC2C(OC(C2c2ccccc2)C(=O)[O-])O1,CCN1C=CC=CB1[n+]1ccc(cc1)N(C)C
NC(=O)C1CCCN1C(=O)[O-],[2H][n+]1cccc(C)c1
OB(O)[O-],C1N2CP3CN1C[N+](C2)(C3)Cc1ccccc1
CCCCCCCCCCCCC(=O)[O-],[2H][N+]([2H])(C)C
Oc1cccnc1C(=O)[O-],C[N+](C)(C)CC(O)CC(O)=O
[NH3+]CCCO,CCC(=O)Nc1ccccc1C(=O)[O-]
Nc1[nH+]cccc1O,COc1ccc(cc1)P(=S)([S-])N1CCOCC1
O=C1N[N-]C(=O)c2ccccc12,CC(O)C[NH+](CC(C)O)CC(C)O
CC(C)C1=C(Cl)[N-]C(=O)NC1=O,C[NH2+]C(C)C(O)c1ccccc1
ClC[N+]12CCC(CC1)CC2,OC(=O)c1c(F)c(F)c(c(F)c1F)C(=O)[O-]
O=C([O-])CNC(=O)c1ccccc1,O=N(=O)c1ccc(cc1)[N+]#N
[NH3+]C(C(C)CC)C(O)=O,Clc1ccc(cc1N(=O)=O)C(=O)[O-]
O=C1NC(C(=O)[N-]1)(c1ccccc1)c1ccccc1,NC1=[NH+]C=CS1
C[S+](C)C(Cc1ccc(Br)cc1)C(=O)N(C)C,CC(=O)Nc1ccccc1C(=O)[O-]
CC[NH2+]CCO,Oc1cc(O)cc(c1)C(=O)[O-]
ClC1=C(SC=C1)C(=O)[O-],[NH3+]NC(=O)c1cc[nH+]cc1
Fc1ccc(cc1)S(=O)(=O)[N-]S(=O)(=O)c1ccc(F)cc1,NC1=[NH+]C(=O)C=C(N)N1
[2H]OC(=O)c1c(F)c(F)c(c(F)c1F)C(=O)[O-],[NH3+]c1ccc(O)c(c1)C(O)=O
[NH3+]C(C)c1cccc(OC)c1,OC(=O)c1ccc2C(=O)N(CC(=O)[O-])C(=O)c2c1
NC(=O)C1CCCN1C(=O)[O-],COC1(C=C([NH+]=C2C=CC=CN12)c1ccccc1)C(F)(F)F
O=C1N[N-]C(=N1)N(=O)=O,[NH3+]C(C)C(F)(F)F
O=N(=O)N=C1[N-]N=NN1OCCON1N=N[N-]C1=NN(=O)=O,OC(O)(c1[nH+]cccc1)c1ccccn1
OC(=O)c1[nH+]cccc1,CC1(C)COP(=O)([O-])OC1c1c(Cl)cccc1Cl
O=N(=O)[N-]C1=NON=C1N=NC1=NON=C1[N-]N(=O)=O,C[n+]1cccc2C=C3N(c4ccccc4C3=O)c12
[NH3+]C1CSC=C(NC1=O)C(=O)OC,Nc1cccc(c1)C(=O)[O-]
[2H]C1=[NH+]C(=C([2H])N1)[2H],O=C([O-])c1c(cc(cc1N(=O)=O)N(=O)=O)N(=O)=O
CCOC(=O)[O-],CN1C(=O)C2(C=CC(=[NH2+])C=C2)c2ccccc12
Nc1[nH+]c(CF)c(c(N)n1)c1cc(Cl)cc(Cl)c1Cl,OB(O)[O-]
CN1C(=C(C)[N+](=C1P(C#N)C#N)C)C,O=C([O-])CN1C(=O)c2cccc3cccc(C1=O)c23
FS(=O)(=O)CC[n+]1ccccc1,OC(=O)CCC(=O)C(=O)[O-]
Fc1c(F)c([O-])c(F)c(F)c1Br,CC(C)[N+](=NNC(=O)C(=O)c1ccccc1)C(C)C
OC1=C(Cl)C(=O)C(=O)C(=C1[O-])Cl,NC(N)=[NH+]N=C(c1ccccc1)c1cc(Cl)ccc1N
Cl[P-]1(Cl)[n+]2ccccc2[n+]2ccccc12,O=C([O-])c1ccc(cc1)C(=O)[O-]
CCOC(=O)C1[NH2+]C(C)C=CC1,Fc1c(F)c(c(F)c(F)c1Br)C(=O)[O-]
NS(=O)(=O)c1ccc(NC(=O)C(=O)[O-])cc1,CC(c1ncncc1F)C(O)(C[N+]1=CNC=N1)c1ccc(F)cc1F
S=C([S-])N1CCOCC1,[NH3+]C(CO)C(O)=O
S=C=[N-],CNC(N)=[OH+]
Oc1ccc(c(O)c1)C(=O)[O-],C[NH+]1C2CCC1CC(=O)C2
CCCC(C=C)c1[nH+]cc(Br)c2ccccc12,OC(=O)CCCCCCCCC(=O)[O-]
NC1=[NH+]c2ccc(Br)cc2S1,O=C([O-])c1ccc(cc1)C(=O)[O-]
CC(C)(C)OC(=O)N1CC2CC2C1C(=O)[O-],CN1CC[N+]23CCN(C)P12(N=[N+]=[N-])N(C)CC3
CNC(N)=[OH+],OC(CCc1ccccc1)C(=O)[O-]
O=C([O-])C=Cc1ccccc1,CCOc1ccc(cc1)C=Cc1cccc[n+]1C
Cc1ccc(cc1S(=O)(=O)[O-])N(=O)=O,OC(=O)CN1C=C[N+](=C1)CC(O)=O
[NH3+]c1ccc(OC)cc1,ClP(Cl)(=O)[O-]
COC12CCCCCC(=[NH+]c3ccccc13)N2,ClC1=CC=C(S1)C(=O)[O-]
CC([NH2+]C(CF)c1ccccc1)c1ccccc1,Nc1cccc(c1)C(=O)[O-]
CC1(C)OC(=O)C(=C([O-])O1)Br,[NH3+]CCCNC(=O)C(=O)Nc1ccccc1
Brc1ccc(cc1)S(=O)(=O)[O-],OCC[NH+]1CCCCC1
FC(F)(F)C(=O)C=C([O-])C(F)(F)F,O[NH+]=Cc1ccccc1O
OC(=O)c1cccc(n1)C(=O)[O-],CC(C)(C)N1C=C[N+](=P1)C(C)(C)C
OC(=O)CSc1nc(SCC(O)=O)nc(SCC(=O)[O-])n1,[2H][N+]([2H])([2H])CC(O[2H])=O
CN(C)c1cc[n+](cc1)S(=O)(=O)C(F)(F)F,O=N(=O)c1cccc([O-])c1
CC1=CC(=[NH+]C(N1)c1ccc(O)cc1)C,O=C([O-])C1CCC(=O)N1
ON1N=C(N=C1C1=NN=NN1[O-])N(=O)=O,NC1=[NH+]C=CS1
O=C(c1[nH+]cccc1)c1ccccc1,Fc1c(F)c(c(F)c(F)c1Br)C(=O)[O-]
Oc1c(cc(cc1N(=O)=O)N(=O)=O)C(=O)[O-],CCCCC#CC1=[N+](CCC#C)c2ccccc2S1
[NH3+]C(C)(C)COC,FC(F)(F)C1=C([O-])C(F)(C(=C1C(F)(F)F)C(F)(F)F)C(F)(F)F
CC(=NO)C(=O)[O-],Nc1[nH+]cc(Cl)cc1
CCOC(=O)OCC[N+](C)(C)C,OC(=O)CNc1ccccc1C(=O)[O-]
OC(=O)c1c[nH+]ccc1,O=C([O-])C12CC3CC(CC(C3)C1)C2
Cc1ccc(cc1)C1=C(C#N)C(=O)NC(=C1C#N)[O-],[NH3+]c1ccc(cc1)S(=O)(=O)N=C1NC=CS1
[O-][P+]([O-])([n+]1ccccc1)[N+]12CCC(CC1)CC2,OC(=O)c1cc(C(O)=O)c(cc1C(O)=O)C(=O)[O-]
CN1C(=O)N(C)C2=C([N-]C=N2)C1=O,C[N+](C)(C)NCCC(O)=O
CC(=[OH+])NC12CC3CC(CC(C3)C1)C2,O=N(=O)[C-](N(=O)=O)N(=O)=O
[NH3+]C1C2CC3CC(C2)CC1(CO)C3,CC(=O)Nc1ccccc1C(=O)[O-]
OC(=O)C1(CCC1)C(=O)[O-],[NH3+]C(CC(C)C)C(F)P(=O)(OCC)OCC
[2H]OC(C(O[2H])C(O[2H])=O)C(=O)[O-],CCOC(=O)c1ccc(cc1)[N+]1=NOC(=C1)N
Cc1ccccc1C(=O)[O-],NC1=[NH+]C=CS1
OC(=O)C1[NH2+]CCC1,Cc1ccc(cc1)C1=C(C#N)C(=O)NC(=C1C#N)[O-]
Brc1ccccc1C(=O)[O-],OCC[NH2+]CCO
Nc1[nH+]c(CF)c(c(N)n1)c1cc(Cl)cc(Cl)c1Cl,O=C1NC=C(C(=O)[O-])C(=O)N1
CCOC(=O)C1=N[N-]C(=C1)C(=O)OCC,FC(F)(F)c1cc(nc2cccc[n+]12)c1ccccc1
OC(=O)C(OC(=O)c1ccccc1)C(OC(=O)c1ccccc1)C(=O)[O-],ON=C1C2=[NH+]CCCN2CCCc2ccccc12
CS(=O)(=O)N1CC[NH2+]CC1,OC1CC(=CC(O)C1O)C(=O)[O-]
Clc1ccc(Cl)c(OCC(=O)[O-])c1,Cl[P-]1(Cl)[n+]2ccccc2[n+]2ccccc12
[NH3+]C(C)C(=O)NC(C)C(=O)OC(C)(C)C,OC(=O)C12CC3CC(C1)CC(C3)(C2)C(=O)[O-]
OC(C(=O)[O-])c1cccc(Cl)c1,C[NH2+]CCC1=CNc2ccc(O)cc12
CC1=[NH+]C=C(N1CCOC(=O)c1ccccc1)N(=O)=O,O=C1[N-]S(=O)(=O)c2ccccc12
[NH3+]C(CC)(CO)CO,O=C([O-])c1c(cc(cc1N(=O)=O)N(=O)=O)N(=O)=O
CC=CC=CC(=O)[O-],CCOC(C)=[N+](C)C
COCCN1C(=C(C)[N+](=C1C(C)C)C)C,CCOP([O-])(=S)c1ccc(Cl)cc1
ON=Cc1[nH+]cccc1,O=C1NC(=O)[N-]C(=O)N1
[NH3+]CP(C)(C)=O,O=C([O-])C1=CC=CN1
Cc1ccc(cc1S(=O)(=O)[O-])N(=O)=O,[NH2+]=C(O)N1c2ccccc2CCc2ccccc12
Cc1[nH+]c(N)c(Cl)c(C)n1,NS(=O)(=O)[O-]
[NH3+]CC(O)CNS(=O)(=O)c1ccc(cc1)N(=O)=O,OC(=O)CNc1ccccc1C(=O)[O-]
COc1ccc(CNS(=O)(=O)[O-])cc1,Cc1cc(CSC(N)=[NH2+])c(C)cc1CSC(N)=[NH2+]
Oc1cc(O)cc(c1)C(=O)[O-],[NH3+]N=C(N)C(N(=O)=O)N(=O)=O
[NH3+]CCNc1ccc(cc1OC)N(=O)=O,O=N(=O)C(=C1N[N-]N=N1)N(=O)=O
CN(C)c1cc[n+](cc1)P(C)C,O=C1NC(=S)NC(=C1)[O-]
O=C1C=C([O-])C(=O)c2ccccc12,CS(=O)(=O)N1CC[NH2+]CC1
O=C([O-])c1c2ccccc2cc2ccccc12,CN1C=C([N+](=C1C)C)N(=O)=O
Clc1ccc(OCC(=O)[O-])cc1Cl,NC(=[NH2+])SCCOC(F)(F)F
Clc1ccc(cc1)C1=C(C#N)C(=S)NC(=C1C#N)[S-],Clc1ccc(cc1)C1=NS[S+]=N1
[2H][N+]1=CN([2H])C=C1,CCC(=O)Nc1ccccc1C(=O)[O-]
Cc1ccc(cc1)C=CC(=O)[O-],[NH3+]c1cc(ccc1O)C1=[NH+]CCCCN1
Clc1cc(Cl)cc(OCC(=O)[O-])c1,COC(=O)c1cccc2cccc([NH+](C)C)c12
OC(=O)CCCNc1nc[nH+]c2N=CNc12,OC(=O)CCC(=O)[O-]
C1C[NH+](CCO1)Cc1ccccc1,OC(=O)c1c(F)c(F)c(c(F)c1F)C(=O)[O-]
C[NH+]1C2CCC1CC(=O)C2,FC(F)(F)C(=O)[O-]
O=N(=O)N=C1N[N-]C(=N1)C1=NC(N[N-]1)=NN(=O)=O,[NH2+]1CCSCC1
CC1(C)COP(=O)([O-])OC1c1ccccc1Cl,[NH3+]C(CCC(O)=O)C(O)=O
C[P+](C)(C)N[Si](C)(C)C,O=C1N[N-]C(=N1)N(=O)=O
CC(=O)Nc1c[n+](N)ccn1,Clc1cccc(OCC(=O)[O-])c1Cl
COc1ccc(cc1)[N+]#CC(C)(C)C,CCOP([O-])(=S)c1ccc(Cl)cc1
[NH3+]C(CS)C(O)=O,O=C1NN=C([O-])C=C1
FC1=NC(=O)N=C(F)[N-]1,O=C1N(CCCN2C=[NH+]C=C2)C(=O)c2cccc3cccc1c23
NC1=[NH+]C(=O)C=C(N)N1,Cc1c(cc(cc1N(=O)=O)C(=O)[O-])N(=O)=O
O=C1N[N-]C(=O)c2ccccc12,CNC(O)=[NH+]C
C[n+]1ccc(NC(=O)Nc2cc[n+](C)cc2)cc1,Oc1ccc(cc1)C(=O)[O-]
O=C([O-])C(c1ccccc1)c1ccccc1,C[NH+]=P(N(C)C)(N(C)C)N(C)C
CN1C=C[N+](=C1)CC(O)=O,CC(C)(Oc1ccccc1)C(=O)[O-]
[NH3+]c1ccc(N)c(c1)N(=O)=O,O=NC1=C([O-])NC(=O)NC1=O
OCC(=O)[O-],CN(C)C(=[NH2+])ON=C(N)c1ccc(Br)cc1
[NH2+]=C1NC=CS1,FC(F)(F)C(F)(F)C(F)(F)C(F)(F)S(=O)(=O)[C-](Br)S(=O)(=O)C(F)(F)C(F)(F)C(F)(F)C(F)(F)F
CC1=NC(=NN1)SCC(=O)[O-],[NH3+]CC1CCC2COc3c(Br)cc(OC)c1c23
COC(C#N)(C#N)c1c(F)c(F)c(c(F)c1F)[C-](C#N)C#N,OC1CCCCC1Oc1cccc2ccc[nH+]c12
Oc1c(ccc2ccccc12)C(=O)[O-],CC(=NO)c1cc[nH+]cc1
OC(Cc1ccccc1)C(=O)[O-],NC1=N[N+]2(CCOCC2)CC1
Oc1cc[nH+]c2ccccc12,Oc1cccnc1C(=O)[O-]
OP(F)(=O)[O-],ON=C1C2=[N+](CCCc3ccccc13)CCC2
CCOC(C)=[N+](C)C,[2H]OC(=O)c1c(F)c(F)c(c(F)c1F)C(=O)[O-]
[NH3+]C1(CCCCC1=O)c1ccccc1Cl,OC(=O)c1cc(ccc1O)S(=O)(=O)[O-]
C[NH+]1C2CCC1C(O)(O)C(F)C2,OC(=O)C([O-])(c1ccccc1)c1ccccc1
[NH3+]CC(O)c1ccc(O)cc1,FC(F)(F)S(=O)(=O)[O-]
Clc1ccc(CC(=O)[O-])cc1,Nc1[nH+]cccc1O
CC1(C)C(C1c1cccc2OCCc12)C(=O)NC(N)=[NH2+],O=N(=O)C1=N[N-]N=N1
CC([NH2+]C(C(F)F)c1ccccc1)c1ccccc1,O=C([O-])C1=CC=CC(=O)N1
[NH3+]C(C)c1ccc(Br)cc1,O=N(=O)C1=NN=C([N-]1)N1N=C(N=[N+]=[N-])N=[N+]1C1=NN=C([N-]1)N(=O)=O
[NH3+]CCOS(=O)(=O)c1ccc(cc1)N(=O)=O,CN1C(=O)N(C)C(=C(C1=O)N(=O)=O)[O-]
C[NH+]=P(N(C)C)(N(C)C)N(C)C,CC(C)NC([S-])=C(C#N)C(N)=O
COC(=O)c1cccc2cccc([NH+](C)C)c12,ClC1=C(SC=C1)C(=O)[O-]
Fc1c(F)c(c(F)c(F)c1Br)C(=O)[O-],CCN(CC)C(=O)N1CC[NH+](C)CC1
[NH3+]CCN1CCNC(=O)C1,O=C([O-])c1ccccc1C(=O)c1ccccc1
Cc1cc[n+](O[Si](C)(C)C)cc1,O=Cc1ccccc1C(=O)[O-]
C[NH+]1C2CCC1C(O)(O)C(F)C2,O=C([O-])C[n+]1ccc(cc1)C(=O)[O-]
COc1ccccc1N1CC[NH2+]CC1,CC(C)OCC(OC(C)C(=O)[O-])c1ccccc1
O=N(=O)C1=NN=C([N-]1)N1N=C(N=[N+]=[N-])N=[N+]1C1=NN=C([N-]1)N(=O)=O,NC1=[NH+]C(=CS1)C1=CSC(=[NH+]1)N
Oc1ccc(c2ccc[nH+]c12)N(=O)=O,BrCCCCCCCCCCCC(=O)[O-]
CC(CC(O)=O)C(=O)[O-],Clc1cccc(N2CC[NH2+]CC2)c1Cl
[NH3+]Cc1cccc(Cl)c1,NC(=O)C(=O)[O-]
[NH3+]C(CCCNC(N)=NN(=O)=O)C(O)=O,OP(=O)([O-])c1c(F)c(F)c(F)c(F)c1F
[NH3+]c1cccc2c(O)cccc12,CC=CC=CC(=O)[O-]
[NH3+]C(CCC)C(O)=O,OB1OB(O)O[B-]2(O1)OB(O)OB(O)O2
CN(C)c1cc[n+](CCF)cc1,OC(=O)c1ccccc1c1ccccc1C(=O)[O-]
C[N+]1=C(C)N(C=C1)S(F)(=O)=O,O=C1NC(=O)C(=C[N-]1)N(=O)=O
OCC1=CNC=[NH+]1,Clc1cc(Cl)cc(OCC(=O)[O-])c1
O=C([O-])C1=CC=CN1,CC(c1ncncc1F)C(O)(CN1C=[NH+]C=N1)c1ccc(F)cc1F
O=N(=O)N=C1NN=C2NC(=NN12)[N-]N(=O)=O,CCOC1OCc2c[nH+]c(C)c(O)c12
CC(C)=CC(=O)[O-],[NH3+]CCc1ccc(F)cc1
CC(C)N[C+](NC(C)C)Nc1ccc(F)cc1,O=C([O-])c1ccccc1N(=O)=O
OC(CC(=O)[O-])C(O)=O,CN(C)c1cc[n+](cc1)P(C)C
BrC1=CC2(CCNC3=C2C2=[NH+]CCC4=CNC(=C24)C3=O)C=C(Br)C1=O,CC1(C)COP(=O)([O-])OC1c1ccccc1Cl
Oc1cc(cc(O)c1O)C(=O)[O-],O[n+]1cccc(c1)N1C(=O)C2=C(CCCC2)S1(=O)=O
O=C([O-])C1=Cc2ccccc2OC1=O,COC(=O)c1ccc(cc1)[N+](C)(C)O
O=C1[N-]S(=O)(=O)c2ccccc12,[NH3+]C(CCC)c1cccc(c1)N(=O)=O
OC(=O)c1cc(C(O)=O)c(cc1C(O)=O)C(=O)[O-],[NH3+]C(CO)C(O)C(O)CO
CC12C[NH2+]CCN1C(=NO2)c1ccccc1,Nc1ccc(c(O)c1)C(=O)[O-]
Brc1c[nH+]ccc1,CN1C(=O)N(C)C(=C(C1=O)N(=O)=O)[O-]
OC1=C(Cl)C(=O)C(=O)C(=C1[O-])Cl,C[NH+]1CCC23CCCC1C2Oc1ccc(cc31)N(=O)=O
Clc1ccc(cc1)C(N1CC[NH2+]CC1)c1ccccc1,O=P([O-])(Oc1ccccc1)Oc1ccccc1
O=N(=O)N=C1NN=C2NC(=NN12)[N-]N(=O)=O,CC1(C)C2COc3ccccc3C2[NH+]=C2C=NC=CN12
[NH3+]c1ccc(F)c(Cl)c1,CC(C)(C)OC(=O)N1CC2CC2C1C(=O)[O-]
[NH3+]Cc1ccc(O)cc1,Cc1cc(ccc1N(=O)=O)C(=O)[O-]
CC(C)C1=C(Cl)[N-]C(=O)NC1=O,CN1CC[N+]23CCN(C)P12(N=[N+]=[N-])N(C)CC3
CC1[NH2+]CCOC1c1cccc(F)c1,O=S(=O)([O-])c1ccccc1
OC(=O)CSCC(=O)[O-],C[N+]1=C(C)N(CCON(=O)=O)C=C1
NC(=[NH2+])NN=Cc1c(Cl)cccc1Cl,O=N(=O)c1ccccc1S(=O)(=O)[O-]
CCCCC#CC1=[N+](CCC#C)c2ccccc2S1,Clc1ncccc1C(=O)[O-]
[NH3+]c1ccc(OCC)cc1,OCCN(CCO)C(=O)[O-]
FS(=O)(=O)[O-],CN1C=C([N+](=N1)C)C1=Nc2ccccc2O1
O=N(=O)c1ccc(c(c1)N(=O)=O)S(=O)(=O)[O-],OC1=C2SSN=C2C(=O)C2=C1S[S+]=N2
[O-]N1N=NC(=N1)C1=NN=N[N-]1,NC1=[NH+]C(=CS1)C1=CSC(=[NH+]1)N
[S-]c1ccccc1,C[NH+]1CCN(CC1)Cc1ccc(cc1)C(O)=O
Brc1ccc(CC(=O)[O-])cc1,OC(=O)C[NH2+]CC(O)=O
Cc1c(Cl)cccc1Nc1ccccc1C(=O)[O-],CCCC[N+]12CN3CN(CP(C3)C1)C2
CCC1(CC)C(=O)NC(=O)[N-]C1=O,CN1CC(c2ccc(O)c(C)c2O)[N+](C)(C)C1=O
O=N(=O)c1cccc([O-])c1,Nc1[nH+]cccc1N(=O)=O
Clc1cc(Cl)c([O-])c(Cl)c1,CCOC(=O)OCC[N+](C)(C)C
CN1C(=O)Nc2ccc(Cl)cc2C21NC(=O)[N-]C2=O,O=N(=O)c1ccccc1[N+]#N
[NH3+]CC(C)O,O=C([O-])c1cccnc1
O=C([O-])C1=CSC=C1,Cc1cc(cc(C)c1O)[N+](C)(C)C
Oc1ccc(cc1O)C(=O)[O-],S=C1SCCN1C1=[NH+]CCS1
COC12CCC3=[NH+]CCCN3C1CC(=O)C=C2,OC1=C(Cl)C(=O)C(=C(Cl)C1=O)[O-]
OC(=O)C12CC3CC(C1)CC(C3)(C2)C(=O)[O-],Cc1cccc2C[NH2+]C(C(O)=O)c3cccc(C)c3c12
Nc1cc(ccc1C(=O)[O-])N(=O)=O,COc1ccc(cc1)[N+]#CC(C)(C)C
OB(O)c1c[nH+]c2ccccc2c1,S=C([S-])N1CCOCC1
OB1OB(O)O[B-](O)(O)O1,CCC1=N[N+](=C2C=CC=CN12)c1ccc(Cl)cc1Cl
O=C([O-])C1=CC=CO1,CC1CC(C)(C)C[NH+]1O
FS(=O)(=O)[O-],[NH3+]CC1(CCCCC1)CC(O)=O
CN1N=CC(=C1S(N)(=O)=O)C(=O)[O-],C[n+]1ccccc1CC[Si](C)(C)C
CC([NH2+]C(C(F)F)c1ccccc1)c1ccccc1,NC1=NON=C1C1=NN=N[N-]1
C[NH+]1CCC23CCCC1C2Oc1ccc(cc31)N(=O)=O,Oc1ccc(cc1O)C(=O)[O-]
CC(C)Cc1ccc(cc1)C(C)C(=O)[O-],COc1cc[n+](O)cc1
Clc1cccc(Cl)c1C(=O)[O-],CC(C)(C)OC(=O)C1[NH2+]CC2CCCC12
OC(=O)c1cccc(c1C(=O)[O-])N(=O)=O,CC1(O)C[NH2+]CC1C=C
COc1cc(C=CC(=O)[O-])ccc1O,C[N+](C)=CO
CC1(C)CCC(C)(C)C2=C1[NH+]=C(N)S2,O=C1[N-]S(=O)(=O)c2ccccc12
[NH3+]c1ccc(Cl)c(Cl)c1,S=C=[N-]
Oc1cccc(O)c1C(=O)[O-],CC(C)[NH2+]CC(O)c1ccccc1Cl
O=C1[N-]S(=O)(=O)c2ccccc12,[2H][N+]([2H])([2H])CCCOC
[NH3+]CC(O)CNS(=O)(=O)c1ccc(cc1)N(=O)=O,S=C([S-])N1CCOCC1
CC(C(=O)[O-])c1ccccc1,NC1=[NH+]C(=O)C=C(N)N1
OC(=O)C=Cc1[nH+]cccc1,O=C([O-])c1c2ccccc2cc2ccccc12
OC(=O)CCCCCCCCC(=O)[O-],[NH3+]C(C(O)=O)c1ccccc1
Cc1ccccc1OCC(=O)[O-],CN1CC[N+]2(C)Cc3cnc(C)c(O)c3C12
Fc1ccccc1NC(=O)C(=O)[O-],CN1C(=O)N(C)C2=C([NH+]=CN2)C1=O
CN(C)c1cc[nH+]cc1Cl,Clc1ccc(cc1C(=O)[O-])N(=O)=O
CC(=O)Nc1ccc(cc1)C(=O)[O-],O[NH+]=CC1=CNc2ccccc12
NC1=[NH+]C=NC2=C1N=CN2C1OC(CO)C(O)C1O,OC(=O)CCCCC(=O)[O-]
[NH3+]C(CCC[NH+]=C(N)N)C(=O)[O-],FC(F)(F)c1cccc(Nc2ncccc2C(=O)[O-])c1
O=C([O-])CCN1C(=S)Oc2ccccc12,[NH3+]CC1=C(C(=NO1)OC(C)C)C(F)(F)F
[NH3+]NC(N)=NN(=O)=O,Brc1cccc(c1)C(=O)[O-]
CC(C)Cc1ccc(cc1)C(C)C(=O)[O-],CCN1C=[NH+]C2=C1N=C(N)NC2=O
O=C([O-])CN1C(=O)c2cccc3cccc(C1=O)c23,C[NH+](C)C(C)C(O)c1ccccc1
Fc1cccc(c1)C(=O)[O-],[NH3+]Cc1ccccc1Cl
O=N(=O)C1=NN=C([N-]1)N(=O)=O,CN1CC[N+]2(C)Cc3cnc(C)c(O)c3C12
CCOC1OCc2c[nH+]c(C)c(O)c12,Nc1ccc(Cl)cc1C(=O)[O-]
O=C([O-])c1ccc(cc1)N(=O)=O,C[n+]1ccc(Sc2ccncc2)cc1
[NH3+]C(CO)C(O)C(O)CO,FC(F)(F)S(=O)(=O)[N-]S(=O)(=O)C(F)(F)F
OC(=O)C1(CCC1)C(=O)[O-],CCS(=O)(=O)CCN1C(=[NH+]C=C1N(=O)=O)C
Fc1ccccc1C(=O)[O-],[NH3+]C(CO)C(C)O
COC12CCC3=[NH+]CCCN3C1CC(=O)C=C2,Clc1cccc(C(=O)[O-])c1N(=O)=O
[NH3+]C(C)c1ccc(cc1)N(=O)=O,O=N(=O)N=C1[N-]N=NN1OCCON1N=N[N-]C1=NN(=O)=O
Cc1ccc(cc1S(=O)(=O)[O-])N(=O)=O,CC1(C)[NH2+]C(C)(C)CN(O)C1
COC(=O)c1cc(cc[n+]1C)c1cc[n+](C)c(c1)C(=O)OC,O=C([O-])C[n+]1ccc(cc1)C(=O)[O-]
OC(=O)C1=CC=C(S1)C(=O)[O-],COC(=O)C1[NH2+]CC(F)CC1
C1CC2CC[NH+]1C=C2C1=C(C=CO1)c1ccccc1,Cc1ccc(cc1)C=CC(=O)[O-]
FC1=NC(=O)N=C(F)[N-]1,C[NH+]1C2CCC1C(Cc1ccccc1)C(=O)C2
[NH3+]CCC1CCc2ccc3OCCc3c12,CCOC(=O)[O-]
Clc1cc(Cl)c([O-])c(Cl)c1,[NH3+]C(C(O)=O)c1ccccc1
CN1C=C[N+](=C1Br)C,Clc1ccc(OCC(=O)[O-])cc1Cl
[NH3+]C(Cc1ccccc1)C(=O)Nc1cccnc1,CC(C)(C)OC(=O)NC(Cc1ccccc1)C(=O)[O-]
O=C([O-])Cc1ccccc1,C[NH+](CC(C)(C)O)C(C)(C)CO
[NH3+]CCS,OCS(=O)(=O)[O-]
Cc1c(Cl)cccc1Nc1ccccc1C(=O)[O-],ON=C1C2=[N+](CCCc3ccccc13)CCC2
COC(=O)C1[NH2+]CC(C1)OC(=O)c1ccc(cc1)N(=O)=O,ClC1=C(SC=C1)C(=O)[O-]
[NH3+]CCNC(=O)C(N)=O,Clc1ccc(c(Cl)c1)C(=O)[O-]
NC(=O)C[n+]1ccc(cc1)C(N)=O,FC(F)(F)C(=O)C=C([O-])C(F)(F)F
NC1=CC=[NH+]C(=O)N1,CC(C)(C)OC(=O)NC1CC1CC(=O)[O-]
Nc1cccc(c1)C(=O)[O-],c1ccc(cc1)[PH+](c1ccccc1)c1ccccc1
OC(=O)C=CC(=O)[O-],CC(C)N1[P+]N(C(C)C)c2ccccc12
CC(=O)CC1[NH2+]CCCC1,O=N(=O)c1cc(c([O-])c(c1)N(=O)=O)N(=O)=O
OCC[NH2+]Cc1ccccc1,O=C([O-])c1cc(cc(c1)N(=O)=O)N(=O)=O
Nc1[nH+]cc(c(N)n1)c1cc(Cl)cc(Cl)c1Cl,OC(C(=O)[O-])c1c2ccccc2cc2ccccc12
Nc1[nH+]nc(c(N)n1)c1cccc(Cl)c1Cl,CC1=NC(=NN1)SCC(=O)[O-]
[NH2+]1CCOCCOCCOCC1,O=C1NC=C(C(=O)[O-])C(=O)N1
[2H]N1C=[N+]([2H])C=C1,NC(=O)C(=O)[O-]
OC(=O)COc1cccc(OCC(=O)[O-])c1,CCN1C=CC=CB1[P+](C)(C)C
[NH2+]1CCN(CC1)Cc1ccc2OCOc2c1,Oc1cc(O)c(c(O)c1)C(=O)[O-]
OC1CC2[NH+]3CC(O)C2(C=C1)c1cc2OCOc2cc1C3,O=C([O-])c1c2ccccc2cc2ccccc12
NC(=[NH2+])SCc1ccccc1,CCOC(=O)C1=N[N-]C(=C1)C(=O)OCC
[NH3+]C(C)C(=O)NC(C)C(=O)OC(C)(C)C,O=N(=O)c1cccc([O-])c1
NC(=[NH2+])SCc1ccccc1,[2H]OC(C(O[2H])C(O[2H])=O)C(=O)[O-]
[S-]c1ccccc1,[NH3+]C1CCC(CC1NS(=O)(=O)C(F)(F)F)C(=O)OCC
CCCCCCCC(=O)[O-],CN1CC(=O)[NH+]=C1N
O=C1C=C([O-])C(=O)c2ccccc12,C[NH+](C)CC1=CSCCCCS1
[NH2+]1C2COCC1COC2,Fc1c(F)c([O-])c(F)c(F)c1Br
NC1=[NH+]C=CS1,CC1=CC=C(S1)C(=O)[O-]
Fc1c(F)c([O-])c(F)c(F)c1Br,CC(C)(C)N1[P+]N(c2ccccc12)C(C)(C)C
CC(C)NC1=C(C#N)C(=[S+]S1)NC(C)C,NS(=O)(=O)c1ccccc1C(=O)[O-]
[NH3+]c1cc(OC)cc(OC)c1,NC1=C(N=O)C(=O)[N-]C(=N1)N1CCOCC1
C[Si](C)(C)CCCc1[nH+]cccc1,[NH3+]c1cc(cc(c1)C(=O)[O-])C(=O)[O-]
O=C(OCc1ccccc1)c1c[nH+]ccc1,ClC1=CC=C(S1)C(=O)[O-]
COc1ccc(cc1)C1=[NH+]NC=C1,CC1(C)OC(=O)C(=C([O-])O1)Br
Oc1ccccc1C(=O)[O-],[2H][N+]([2H])=CN([2H])[2H]
[NH3+]C(C)c1ccc(cc1)N(=O)=O,OC(=O)CCC(=O)C(=O)[O-]
[NH3+]C(C(O)=O)c1ccc(O)cc1,CC1(C)COP(=O)([O-])OC1c1ccccc1Cl
COS(=O)(=O)[O-],Nc1c(Cl)c[nH+]cc1Cl
NC1=C([N+]2=C(S1)C=CC=C2)C(=O)c1ccc(Br)cc1,COc1cc(C=CC(=O)[O-])ccc1O
O=C([O-])c1ccc(cc1)C#N,[NH3+]CCc1ccc(OC)c(OC)c1
C[NH+](C)CCO,BrCCCCCCC(=O)[O-]
Oc1ccc(cc1)C=CC(=O)[O-],[NH3+]NC(N)=S
OC(=O)c1ccc2C(=O)N(CC(=O)[O-])C(=O)c2c1,[NH3+]C(C)(C)CC(C)(C)N(=O)=O
COc1ccc(cc1)S(=O)(=O)[O-],[2H]C1=[NH+]C(=C([2H])N1)[2H]
O=C([O-])CN1C(=O)c2ccccc2C1=O,C[P+](C)(C)CC=C
ON=Cc1cc[nH+]cc1,COc1ccc(cc1)C(=O)[O-]
CN(C)c1cc[n+](cc1)c1nc(F)nc(F)n1,COc1ccc(cc1OC)C(=O)[O-]
ClS(=O)(=O)[N-]S(Cl)(=O)=O,[NH3+]C(C(N)=O)c1ccccc1
OC(=O)C1=NNC(=C1)C(=O)[O-],COC(=O)C1[NH2+]CC(C1)OC(=O)c1ccc(cc1)N(=O)=O
Oc1c2cc(ccc2c(cc1N(=O)=O)N(=O)=O)S(=O)(=O)[O-],CC(C)N[C+](NC(C)C)Nc1ccc(F)cc1
CC(=NO)C(=O)[O-],C[N+]1(C)C2c3ccccc3C3C(P13)c1ccccc21
CC1(C)CN2CC[NH2+]C2C(C)(C)SS1,CC1=CC(=O)N([O-])C(=C1)C1CCCCC1
COS(=O)(=O)[O-],[NH3+]C(c1ccccc1)c1ccccc1O
COS(=O)(=O)[O-],CC([NH2+]C(C(F)F)c1ccccc1)c1ccccc1
O=P([O-])(Oc1ccccc1)Oc1ccccc1,COC(=O)c1cccc2cccc([NH+](C)C)c12
OC(=O)C(OC(=O)c1ccccc1)C(OC(=O)c1ccccc1)C(=O)[O-],c1ccc2c(c1)[S+](C1=CN=C3C=CC=NN13)c1ccccc21
OC1C2OP(=O)([O-])OCC2OC1N1C=NC2=C1N=CNC2=O,Oc1c(CN2C=[NH+]C=C2)cc(Cl)cc1CN1C=CN=C1
O=C[O-],C[P+](C)(C)N[Si](C)(C)C
Clc1ccc(CC(=O)[O-])cc1,[2H]C1=[N+]([2H])C(=C([2H])N1[2H])[2H]
C[NH+]1CCC23CCCC1C2Oc1ccc(cc31)N(=O)=O,OC(CCc1ccccc1)C(=O)[O-]
C1[N+]2=CC=CN2P(N2C=CC=[N+]12)c1ccccc1,OC(=O)C#CC(=O)[O-]
COc1ccc(cc1)C(O)C[N+]1=CC=CN1,CC(C(=O)[O-])C(F)(F)F
CN1C(=O)Nc2ccc(Cl)cc2C21NC(=O)[N-]C2=O,CC(C)N1N=C(C(=NC1=[NH2+])N)c1cccc(Cl)c1Cl
[NH3+]C(CNC1=CC=CC=CC1=O)C(O)=O,O=C([O-])c1cc2CCc3ccc(CCc1cc2)cc3
O=C1NC(C(=O)[N-]1)(c1ccccc1)c1ccccc1,CN1C=C([N+](=C1C)C)N(=O)=O
Cc1cccc(Nc2ccccc2C(=O)[O-])c1C,C[n+]1cc(cc2ccccc12)B(O)O
NC(=NO)C(=[NH2+])NO,CC(C)(Oc1ccccc1)C(=O)[O-]
COc1ccc(cc1)C(=O)[O-],O=N(=O)c1ccc(Cc2cc[nH+]cc2)cc1
C[N+]1=C(N)NC(=O)C1,CP(O)(=O)[O-]
CCCN1C=NC(=C1C(=O)[O-])C(O)=O,[NH2+]=C1SNc2ccc(cc12)N(=O)=O
[NH3+]c1cccc(F)c1,O=C1CC2C(OC(C2c2ccccc2)C(=O)[O-])O1
CP(O)(=O)[O-],C[N+]1=C(CCC1)C(=NO)c1ccccc1
CN1C(=O)N(C)C(=C(C1=O)N(=O)=O)[O-],CC1(C)C2COc3ccccc3C2[NH+]=C2C=NC=CN12
Fc1c(F)c(c(F)c(F)c1Br)C(=O)[O-],OC(=O)CC[n+]1ccccc1
Cc1ccc(SCc2[nH+]cccc2)cc1,O=C([O-])C(c1ccccc1)c1ccccc1
CC(=O)c1[nH+]cccc1,NC(=O)NC(=O)C(=O)[O-]
CC(C)(C)[NH+]=Cc1ccccc1Br,O=C([O-])c1ccc(cc1)N(=O)=O
[NH3+]C(CO)C(O)c1ccc(cc1)N(=O)=O,OC(=O)CC(O)(CC(=O)[O-])C(O)=O
OC(C(=O)[O-])c1c2ccccc2cc2ccccc12,[NH3+]CCSSCC[NH3+]
O=C([O-])CCC1=NC(=C(O1)c1ccccc1)c1ccccc1,OC(=O)C1=CSC(=N1)c1cc[nH+]cc1
OB1OB(O)O[B-](O)(O)O1,[NH3+]Cc1ccc(Br)cc1
Nc1cc(nc(N)[n+]1O)N1CCCCC1,O=N(=O)c1ccccc1S(=O)(=O)[O-]
NS(=O)(=O)C1=NNC(=[NH2+])S1,O=C1NC(=O)C=C(N1)C(=O)[O-]
CN1C(=O)Nc2ccc(Cl)cc2C21NC(=O)[N-]C2=O,[NH3+]C(CCCNC(N)=NN(=O)=O)C(O)=O
NC(=S)NN=Cc1cc[nH+]cc1,Oc1c(cccc1N(=O)=O)C(=O)[O-]
O=N(=O)C1=N[N-]C(=N1)N(=O)=O,Cc1cc(CSC(N)=[NH2+])c(C)cc1CSC(N)=[NH2+]
Oc1ccc(cc1)C(=O)[O-],[NH3+]C(C)(C)CC(C)(C)N(=O)=O
ClS(=O)(=O)[N-]S(Cl)(=O)=O,OC(=O)C=CC1=CNC=[NH+]1
[NH2+]1C2COCC1COC2,Oc1cc(O)c(c(O)c1)C(=O)[O-]
Oc1c(cc(c([O-])c1N(=O)=O)N(=O)=O)N(=O)=O,[NH3+]Cc1ccc(Cl)cc1
[2H][N+]1=CN([2H])C=C1,FC(F)(F)C(=O)C=C([O-])C(F)(F)F
O=C([O-])CN1C(=O)Oc2ccccc12,CC(C)N1C(=C(C)[N+](=C1Br)C(C)C)C
Cc1cc2[NH+]=C3C(O)C(O)C(O)CN3c2cc1C,CC1=CC(=O)[N-]S(=O)(=O)O1
O=N(=O)N=C1NN=N[N-]1,C[NH+](C)CCO
OC1CCC(CC1)NC(=O)[O-],[NH3+]CC(N)=O
C[n+]1ccc(Nc2ccccc2)cc1Cl,O=C1N[N-]C(=N1)N(=O)=O
ClC[N+]12CCC(CC1)CC2,O=N(=O)c1cccc(c1[O-])N(=O)=O
O=C([O-])C1=CC=CS1,COc1cc[n+](O)c(OC)c1
CCOC(=O)OCC[N+](C)(C)C,Clc1cccc(c1)C(=O)[O-]
[NH3+]C(C)c1ccc(OC)cc1,Brc1ccc(cc1)S(=O)(=O)[O-]
[NH3+]C1CCC(CC1NS(=O)(=O)C(F)(F)F)C(=O)OCC,O=N(=O)c1cc(c([O-])c(c1)N(=O)=O)N(=O)=O
CN1C=C[N+](=C1SSC1=[N+](C)C=CN1C)C,Cc1c(Cl)cccc1Nc1ccccc1C(=O)[O-]
C[N+]1(CCCC1)CC(O)=O,OC(CN1C=[NH+]C=C1)(P(O)(=O)[O-])P(O)(=O)[O-]
OOC(=O)CC[NH+]1CCCCC1,[S-]C1=Nc2ccccc2S1
CCOc1ccc(cc1)C(=O)[O-],CC1(C)[NH+]=C(N(O)C1(C)C)c1ccccc1
OC(=O)C1[NH2+]CCC1,OC(=O)c1ccc(C(=O)[O-])c(c1)C(O)=O
Cc1c(cc(cc1N(=O)=O)C(=O)[O-])N(=O)=O,[NH3+]F
COS(=O)(=O)[O-],Oc1ccccc1C=NCCN1CC[NH2+]CC1
CC(CC(=O)c1ccccc1)C(=O)[O-],Cc1ccc(SCc2cc[nH+]cc2)cc1
OC(=O)c1c(cccc1N(=O)=O)C(=O)[O-],OOC(=O)CC[NH+]1CCCCC1
Cc1cc(Cl)ccc1OCC(=O)[O-],CC1=[NH+]C=C(N1CCOC(=O)c1ccccc1)N(=O)=O
[2H]P(O[2H])(=O)[O-],CC(C)(C)C(=O)Nc1[nH+]c(N)ccc1
NS(=O)(=O)c1ccc(NC(=O)C(=O)[O-])cc1,[NH3+]C(CCC)C(O)=O
OC(=O)C1=CSC(=N1)c1cc[nH+]cc1,O=C([O-])COc1ccccc1
CC(C)CC(CN(=O)=O)C(=O)[O-],O=N(=O)c1ccc(cc1)S(=O)(=O)Nc1cc[nH+]cc1
NC(NC1=N[N-]N=N1)=NN(=O)=O,NC(=O)C[n+]1ccc(cc1)C(N)=O
C[N+]1=CN(CCO)C=C1,CC(C)(Oc1ccccc1)C(=O)[O-]
ON1N=C(N=C1C1=NN=NN1[O-])N(=O)=O,O=N(=O)c1ccc(cc1)N1CC[NH2+]CC1
NC(=O)c1[nH+]cccc1,COC(C(=O)[O-])(c1ccccc1)C(F)(F)F
OCCN(CCO)C(=O)[O-],CCc1[nH+]c(N)nc(N)c1c1ccc(Cl)cc1
C[NH+](C)CCCN1C(=O)c2ccccc2C1=O,O=N(=O)C1=NN=C([N-]1)N(=O)=O
FC(F)(F)O[n+]1ccc(cc1)c1ccccc1,CC(C)(CO)NC(=O)[O-]
[NH3+]c1cccc(OC)c1,OC(=O)c1cccc(c1C(=O)[O-])N(=O)=O
C[P+](C)(C)CCO,ClS(=O)(=O)[N-]S(Cl)(=O)=O
OC1=C(Br)C(=O)C(=C(Br)C1=O)[O-],[NH2+]=C(O)c1ccccc1
O=C([O-])C=Cc1ccccc1,CC1=C(C)[NH+]=C(N1)c1ccccc1O
BrC(Br)(Br)C(=O)[O-],O=C(OC1C[NH2+]CCC1)c1ccc(cc1N(=O)=O)N(=O)=O
O=N(=O)C1=N[N-]N=N1,C[NH+](C)CC(=C)SC1CCCCC1
Oc1cccnc1C(=O)[O-],C[NH+](C)CC1COCC(C)O1
Oc1cccc(c1)C(=O)[O-],O=C1N(CCCN2C=[NH+]C=C2)C(=O)c2ccccc12
[2H]OC(=O)c1c(F)c(F)c(c(F)c1F)C(=O)[O-],C[NH+]1CC(O)c2cc(O)ccc2C1c1cccc(O)c1
Clc1cc(ccc1C(=O)[O-])N(=O)=O,C[N+](C)=C(N)ON=C(N)C(C)(C)C
Nc1[nH+]nc(c(N)n1)c1cccc(Cl)c1Cl,OP(=O)([O-])c1c(F)c(F)c(F)c(F)c1F
CCOP(=O)(Nc1[nH+]c(N)ccc1)OCC,Clc1ccc(cn1)C(=O)[O-]
O=N(=O)c1cccc(c1)S(=O)(=O)[O-],C[NH+]=P(N(C)C)(N(C)C)N(C)C
CC([NH2+]C(CF)c1ccccc1)c1ccccc1,Brc1ccc(cc1)C(=O)[O-]
CC(C)(CO)NC(=O)[O-],CN1C(=O)N(C)C2=C([NH+]=CN2)C1=O
O=C([O-])C=CC(=O)[O-],Cc1ccc(SCc2cc[nH+]cc2)cc1
Brc1ccc(OCC2=CNN=[NH+]2)cc1,O=C[O-]
OC(=O)c1ccncc1C(=O)[O-],[NH3+]c1ccccc1Oc1ccccc1
O=C([O-])C1=CC=C(O1)N(=O)=O,C[NH+](CCO)CCO
[NH3+]c1ccc(O)c(c1)C(O)=O,O=P([O-])(c1ccccc1)c1ccccc1
Cc1cc(ccc1N(=O)=O)C(=O)[O-],NN1C(=[NH2+])NC(=O)C=C1N
FS(=O)(=O)[O-],[NH3+]C(C)(C)CC(C)(C)N(=O)=O
[NH3+]C(Cc1ccccc1)C(N)=O,[S-]C#N
Clc1ccc(cc1)S(=O)(=O)CC(=O)[O-],[NH3+]Cc1cc(OC)cc(OC)c1
O=NC1=C([O-])NC(=O)NC1=O,Brc1ccc(cc1)[N+]1=Cc2ccccc2CC1
O=C1CN(N=CC2=CC=C(O2)N(=O)=O)C(=O)[N-]1,O=N(=O)c1ccc(cc1)[N+]#N
CCOC12CCC3=[NH+]CCCN3C1CC(=O)C=C2,O=C1NC(=O)C(=C([O-])N1)c1c(cc(cc1N(=O)=O)N(=O)=O)N(=O)=O
[NH3+]C(C)CCO,O=N(=O)C1=NN=N[N-]1
NC1=NC(=[NH2+])NC(=O)N1,OC(=O)c1cc(Cl)c(Cl)cc1C(=O)[O-]
[S-]c1ccccc1,O[n+]1cccc(c1)N1C(=O)C2=C(CCCC2)S1(=O)=O
O[n+]1cccc(c1)N1C(=O)C2=C(CCCC2)S1(=O)=O,OC(Cc1ccccc1)C(=O)[O-]
Clc1ccc(c(Cl)c1)C(=O)[O-],CS(=O)(=O)O[n+]1ccccc1
O=C(CN1C=[NH+]C=C1)c1ccccc1,Fc1ccccc1C(=O)[O-]
OC(=O)CC(C(=O)[O-])c1ccccc1,[NH3+]CCCC([NH3+])C(=O)[O-]
[NH3+]C(C)C(O)c1ccccc1,O=S(=O)([O-])c1ccccc1
[NH3+]c1ccccc1OCC,OC(=O)c1cc(Cl)c(Cl)cc1C(=O)[O-]
CCN(CC)C1=[NH+]C(=CC(=O)N1)C,O=C1[N-]S(=O)(=O)c2ccccc12
C[NH+]1CC[N+](C)(CC1)CC(O)=O,ClC(Cl)C(=O)[O-]
O=C([O-])c1c2ccccc2cc2ccccc12,C[NH+](C)CC(O)=O
[2H][N+]1=CC=CN1[2H],CC1=NC(=NN1)SCC(=O)[O-]
NS(=O)(=O)c1cc2c(NC[NH2+]S2(=O)=O)cc1Cl,O=C([O-])CCCCC(=O)[O-]
[O-]N1N=NN=C1C1=NN=NN1[O-],OCC[NH+](CCO)C(CO)(CO)CO
N#C[S+]1c2ccccc2c2ccccc12,O=C([O-])CCCNc1ncnc2NC=Nc12
Cc1cc2[NH+]=C3C(O)C(O)C(O)CN3c2cc1C,CC(C)(C)OC(=O)NC1CC1CC(=O)[O-]
COC(=O)NC1=[NH+]c2ccccc2N1,CN(C)c1cccc(c1)C(=O)[O-]
OC(=O)CC(C(=O)[O-])c1ccccc1,O=C1CCN2C(c3ccccc3)C(=CN12)c1[nH+]cccc1
CC1[NH2+]C(CC=C)C=C(C1)S(=O)(=O)c1ccccc1,O=N(=O)C1=N[N-]C(=C1N(=O)=O)N(=O)=O
CC1[NH2+]CCOC1c1cccc(F)c1,COc1ccc(CNS(=O)(=O)[O-])cc1
CC1[NH2+]C(CC=C)C=C(C1)S(=O)(=O)c1ccccc1,CC1(C)C(CCC1(C)C(O)=O)C(=O)[O-]
[S-]C#N,CN(C)c1cc[n+](cc1)S(=O)(=O)C(F)(F)F
O=C([O-])CCCNc1ncnc2NC=Nc12,[NH3+]C(C1NS(=O)(=O)c2ccccc12)c1ccccc1
O=C([O-])c1cccc(c1)N(=O)=O,CN1C=C([N+](=C1C)C)N(=O)=O
OC(C(O)C(=O)Nc1c[nH+]ccc1)C(=O)Nc1c[nH+]ccc1,C[S](=O)([O-])[N]S(C)(=O)=O
[2H][N+]12CN3CN(C1)CN(C2)C3,NC(=O)NC(=O)C(=O)[O-]
OC(=O)CCCCCC(=O)[O-],[NH3+]c1cccc(Br)c1
S=C1NC(=S)[N-]C(=S)N1,O=N(=O)c1ccccc1[N+]#N
COc1ccccc1c1c(C)[nH+]c(C)c(Br)c1Br,Cc1cc(C)c(c(C)c1)S(=O)(=O)[O-]
C[NH+](C)CC1COCC(C)O1,FC(F)(C(=O)[O-])C(F)(F)C(=O)[O-]
[O-]N1N=NC(=N1)C1=NN=N[N-]1,NC1=[NH+]C(=O)N(C=C1)C1CSC(CO)O1
Oc1cccnc1C(=O)[O-],CCc1[nH+]c(C)ccc1O
CC(NC(=S)C1[NH2+]CCC1)c1ccccc1,O=C1NC(=O)C=C([O-])N1
COc1ccc(cc1)S(=O)(=O)[O-],COc1ccc2[NH+]=C(N)Sc2c1
O[n+]1ccc(cc1)c1cc[n+](O)cc1,OC(=O)C1=C(NC=N1)C(=O)[O-]
OC(=O)c1cc(cc(c1)C(=O)[O-])C(O)=O,CC(O)(C(N)=[NH2+])c1ccccc1
CC(=NO)C(=O)[O-],C[n+]1ccc(cc1)C=Cc1ccc(Br)cc1
Nc1ccc[nH+]c1Cl,ClCC(=O)[O-]
[NH3+]c1cc(cc(c1)C(=O)[O-])C(=O)[O-],C[N+]1(CCCC1)CC(O)=O
CC1CC[N+]2=C(C1)Oc1ccccc21,O=N(=O)C1=N[N-]C(=N1)N(=O)=O
CN1C(=O)NC(=O)C2=C1NC=[N+]2C,Cc1cccc(Nc2ccccc2C(=O)[O-])c1C
Oc1ccc(cc1)S(=O)(=O)[O-],O=C1CCN2C(c3ccccc3)C(=CN12)c1[nH+]cccc1
NC(=[NH2+])SCCOC(F)(F)F,CC(C(O)c1ccccc1)N(C)C(=S)[S-]
NC1=CC(=O)NC(=[NH2+])N1,Clc1cc(ccc1C(=O)[O-])N(=O)=O
Oc1c(cc(c([O-])c1N(=O)=O)N(=O)=O)N(=O)=O,COC1(N(C)C=[N+](C)c2ccccc12)c1ccccc1
Brc1ccccc1C(=O)[O-],[NH3+]C1(CCc2cc(Br)ccc2C1)C(=O)OC
OC(=O)c1nccnc1C(=O)[O-],[NH3+]c1cc(ccc1C)N(=O)=O
N#C[N-]C#N,[NH3+]CCc1ccc(O)cc1
CCCCC(=O)[O-],Oc1ccc2[nH+]cccc2c1
C[N+]1=CN(C=C1)c1ccc(cc1N(=O)=O)N(=O)=O,CCC1(CC)C(=O)NC(=O)[N-]C1=O
O=C([O-])c1cc2CCc3ccc(CCc1cc2)cc3,CCOP(=O)(Nc1[nH+]c(N)ccc1)OCC
CN1C(=C(O)c2ccccc2S1(=O)=O)C(=O)NC1=[NH+]C=C(C)S1,O=N(=O)c1cccc(c1)S(=O)(=O)[O-]
CCNC(=[NH+]CC)c1ccc(Br)cc1,S=C1NC(=S)[N-]C(=S)N1
CN(C)c1cc[nH+]cc1Br,[2H]OC(C(O[2H])C(O[2H])=O)C(=O)[O-]
CN1C(=O)NC(=O)C2=C1NC=[N+]2C,O=N(=O)C1=NN=C([N-]1)N1N=C(N=[N+]=[N-])N=[N+]1C1=NN=C([N-]1)N(=O)=O
[S-]C1=Nc2ccccc2S1,[NH3+]C1CCC(CC1NS(=O)(=O)C(F)(F)F)C(=O)OCC
Clc1cccc(C(=O)[O-])c1N(=O)=O,CCC[P+](C)(C)C
OC(=O)CC(C(=O)[O-])c1ccccc1,Nc1[nH+]c(nc(N)n1)c1ccc(Br)cc1
[NH3+]CCS,Nc1ccc(cc1)S(=O)(=O)[O-]
[NH3+]C(CCCNC(N)=[NH2+])C(N)=O,ClC(Cl)(Cl)C(=O)[O-]
COC(C#N)(C#N)c1c(F)c(F)c(c(F)c1F)[C-](C#N)C#N,[NH3+]CC(CC(O)=O)c1ccccc1
O=C([O-])C#Cc1ccccc1,C[Si](C)(C)N1C=C[N+](=C1)[Si](C)(C)C
CCP(=O)([S-])Oc1ccccc1,CN1C2=C(S[S+]=N2)C=C2Sc3nc(Cl)c(Cl)nc3N=C12
Cc1cc(CSC(N)=[NH2+])c(C)cc1CSC(N)=[NH2+],O=C([O-])C1=Cc2ccccc2O1
N1C=C[NH+]=C1C1=CSC(S1)=C1SC=CS1,CCC(=O)Nc1ccccc1C(=O)[O-]
O=C1NC(=S)NC(=C1)[O-],[NH3+]C(CCC)C(O)=O
CS(=O)(=O)[O-],CC[N+](CC)(CC)CCl
[NH3+]C(CC(C)C)C(F)P(=O)(OCC)OCC,COS(=O)(=O)[O-]
[NH3+]C(Cc1ccccc1)C(O)=O,CC1(C)COP(=O)([O-])OC1c1ccccc1F
NCCc1ccc([O-])cc1,O[n+]1ccc(cc1)c1cc[n+](O)cc1
CC1=NC(=NN1)SCC(=O)[O-],O[n+]1cccc(c1)N1C(=O)C2=C(CCCC2)S1(=O)=O
Clc1ccc(CNC(=O)[O-])cc1,O[N+]1=C(OC2C=CCCC12)c1ccccc1
OC(=O)c1cc(ccc1O)S(=O)(=O)[O-],NS(=O)(=O)C1=NNC(=[NH2+])S1
FC(F)(F)C(F)(F)C(F)(F)C(F)(F)S(=O)(=O)[C-](Br)S(=O)(=O)C(F)(F)C(F)(F)C(F)(F)C(F)(F)F,CC(=O)Nc1cc[nH+]cc1
Cc1[nH+]c(O)ccc1,O=C([O-])C[n+]1ccc(cc1)C(=O)[O-]
C[NH2+]CCN(C)C(=O)Nc1cccc2cccnc12,O=N(=O)c1ccc([O-])c(c1)N(=O)=O
N#C[N-]C#N,N[n+]1ccnc(Cl)c1
OC(=O)c1cc(cc(c1)C(=O)[O-])C(O)=O,O=C(NCCON(=O)=O)c1c[nH+]ccc1
[2H]P(O[2H])(=O)[O-],Fc1c(F)c(F)c2c3ccccc3c3cccc[n+]3c2c1F
Clc1ccc2Oc3ccccc3N=C(N3CC[NH2+]CC3)c2c1,ClC1=C(Sc2ccccc12)C(=O)[O-]
COc1ccc2cc(ccc2c1)C(C)C(=O)[O-],CN1C=C[N+](=C1C(=O)c1ccccc1)C
O=C(Nc1ccccc1)Nc1[nH+]cccc1c1ccccc1,O=S(=O)([O-])c1ccccc1
O=C([O-])c1cc(cc(c1)N(=O)=O)N(=O)=O,FC[S+]=P(c1ccccc1)(c1ccccc1)c1ccccc1
Oc1cc(O)cc(c1)C(=O)[O-],O=S1(=O)CC(C1)C1C[NH2+]C1
NC1=[NH+]c2ccc(OC(F)(F)F)cc2S1,S=C([S-])N1CCCCC1
COc1cc(ccc1O)C=Cc1cc[n+](C)cc1,CCCCC(=O)[O-]
OC(=O)C[NH2+]CC(O)=O,O=C([O-])C1=CSC=C1
COc1ccc(cc1)C(O)C[N+]1=CC=CN1,FC(F)(F)C(=O)C=C([O-])C(F)(F)F
CN(C)c1cc[n+](cc1)C(C)=O,CC(CC(=O)[O-])C(O)=O
CCOP([O-])(=S)c1ccc(Cl)cc1,CC(=O)CC1[NH2+]CCCC1
Oc1ccc(cc1)S(=O)(=O)[O-],Fc1cc(F)c2c(CC[N+]3=C2c2c(F)cc(F)cc2CC3)c1
[NH3+]CCC1CCc2ccc3OCCc3c12,Cc1ccccc1OCC(=O)[O-]
O=C(CN1C=[NH+]C=C1)c1ccccc1,COc1ccc(cc1)P(=S)([S-])N1CCOCC1
C[NH+]=P(N(C)C)(N(C)C)N(C)C,Nc1ccc(cc1)C(=O)[O-]
[NH3+]CCC(=O)OO,O=C([O-])c1cccc2c1Cc1ccccc21
O=N(=O)c1ccc(C[n+]2ccc3ccccc3c2)cc1,Clc1ccc(OCC(=O)[O-])c(Cl)c1
Clc1ccc(cc1)C1=C(C#N)C(=S)NC(=C1C#N)[S-],NC1=[NH+]C=CS1
CC(C)=CC1C(C(=O)[O-])C1(C)C,[NH3+]C(C)c1ccccc1OC
[NH3+]CC1(O)OCC(O)C(O)C1O,OCCN(CCO)C(=O)[O-]
COC(=O)c1cc(cc[n+]1C)c1cc[n+](C)c(c1)C(=O)OC,[2H]OC(=O)C(=O)[O-]
O=C([O-])c1cnccn1,[NH3+]Cc1ccccc1Br
[NH3+]C(c1ccccc1)c1ccccc1O,O=S(=O)([O-])c1ccc(cc1)C#N
CC(C)C1COc2c3OCC(C(C)C)n3[cH+]n12,NC(=O)NC(=O)C(=O)[O-]
CCOP([O-])(=S)c1ccccc1,O=C(c1ccccc1)C([N+]#N)=S1c2ccccc2c2ccccc12
OC(=O)c1cc(cc(c1[O-])N(=O)=O)N(=O)=O,[NH3+]C(C)C(=O)NC(C)C(=O)OC(C)(C)C
OC(=O)C12CC3CC(C1)CC(C3)(C2)C(=O)[O-],COC(=O)C([NH+]1CCC2=C(C1)C=CS2)c1ccccc1Cl
CNC(O)=[NH+]C,[NH3+]c1cc(cc(c1)C(=O)[O-])C(=O)[O-]
[NH3+]C(CCC)c1cccc(c1)N(=O)=O,CC(CC(=O)[O-])C(O)=O
C[NH+]1CCC23CCCC1C2Oc1ccc(cc31)N(=O)=O,OC(CC(=O)[O-])C(O)=O
COc1cc(C)[nH+]c(N)n1,O=C1NN=C([O-])C=C1
O=C([O-])C12CC3CC(CC(C3)C1)C2,[NH3+]c1cccc2c(O)cccc12
OCCN(CCO)C(=O)[O-],[NH2+]1C2CCC1C=C(C2)C1=Cc2ccccc2S1
OC(=O)C1(CCC1)C(=O)[O-],CC(C)N1[P+]N(C(C)C)c2ccccc12
Clc1cc(Cl)c([O-])c(Cl)c1,C[NH+](C)CCC[n+]1ccccc1O
O=C1NC(=O)C=C(N1)C(=O)[O-],CC1(C)OC2OC3C[NH2+]CC3(O)C2O1
O=N(=O)[N-]C1=NON=C1N=NC1=NON=C1[N-]N(=O)=O,CC[NH2+]CCO
NC(=[NH2+])NC1=Nc2ccccc2S1,OC(Cc1ccccc1)C(=O)[O-]
CNC(N)=[OH+],OC1=C([O-])C(=O)C1=O
Nc1cc(nc(N)[n+]1O)N1CCCCC1,ClCCN1N=NC2=C(N=CN2C1=O)C(=O)[N-]N(=O)=O
Nc1ccccc1S(=O)(=O)[O-],Clc1ccc(cc1)C1[NH2+]CCN2C=CC=C12
OC1CC[NH2+]CC1,NS(=O)(=O)[O-]
[NH3+]C(CCC[NH+]=C(N)N)C(=O)[O-],O=C([O-])c1ccccn1
F[P-]1(F)(F)(F)[n+]2ccccc2[n+]2ccccc12,Nc1cc(ccc1C(=O)[O-])N(=O)=O
[NH3+]C(C)c1ccc(cc1)N(=O)=O,O=C([O-])c1ccccn1
O[B-](c1c(F)c(F)c(F)c(F)c1F)(c1c(F)c(F)c(F)c(F)c1F)c1c(F)c(F)c(F)c(F)c1F,CN1CC(=O)NC1=[NH2+]
COc1ccc(cc1)S(=O)(=O)[O-],OC(=O)c1c[nH+]ccc1
[O-]N1N=NN=C1C1=NN=NN1[O-],CC(C)(C)N1[P+]N(C(=C1)Cl)C(C)(C)C
OC(=O)c1cc(Cl)c(Cl)cc1C(=O)[O-],CN1C=C[N+](=C1C(=O)c1ccccc1)C
CCCCCCCC(=O)[O-],C[n+]1ccc(Nc2ccccc2)cc1Cl
[NH3+]c1ccc(OCC)cc1,O=C1NC(=O)C(=C([O-])N1)c1c(cc(cc1N(=O)=O)N(=O)=O)N(=O)=O
NC(=[NH2+])NC(N)=S,OP(=O)([O-])c1c(F)c(F)c(F)c(F)c1F
O=P([O-])(c1ccccc1)c1ccccc1,[NH3+]Cc1cc(OC)cc(OC)c1
FC(F)(F)C(=O)C=C([O-])C(F)(F)F,CC[n+]1cccc(O)c1
[NH2+]1OCC2COc3ccccc3C12,[2H]N([2H])c1ccc(cc1)C(=O)[O-]
CC(=O)[O-],CC(C)=[NH+]O
Fc1cc(ccc1[O-])N(=O)=O,C[N+]1=NN(N2CCOCC2)C(=C1)c1ccc(Br)cc1
Clc1cccc(Cl)c1Nc1ccccc1CC(=O)OCC(=O)[O-],CC1(C)C2COc3ccccc3C2[NH+]=C2C=NC=CN12
Clc1cccc(OCC(=O)[O-])c1Cl,C[N+](C)(C)c1ccc2C(=O)OC(=O)N(CC#C)c2n1
C[NH+]=P(N(C)C)(N(C)C)N(C)C,O=S(=O)([O-])c1ccc2ccccc2c1
C[N+]1=CN(C=C1)c1ccc(cc1N(=O)=O)N(=O)=O,Clc1ccc(OCC(=O)[O-])cc1Cl
[NH3+]c1ccc(F)c(Cl)c1,O=C([O-])Cc1ccccc1
O=N(=O)c1ccc(Cc2[nH+]cccc2)c(c1)N(=O)=O,O=C([O-])c1[nH+]ccc(c1)C(=O)[O-]
COc1ccccc1c1[nH+]cccc1C=O,ClCP(=O)([O-])CCl
CC(C)N1C(=C(C)[N+](=C1Br)C(C)C)C,FC(F)C(=O)[O-]
O=N(=O)[C-](N(=O)=O)N(=O)=O,CC[NH+](CC)CCO
C[NH+]1CC(O)c2cc(O)ccc2C1c1cccc(O)c1,O=P1([O-])Oc2ccc3ccccc3c2c2c(O1)ccc1ccccc21
S=C1NC(=S)[N-]C(=S)N1,ON=C(C#N)C1=[NH+]c2ccccc2O1
[NH2+]1CCOCCOCCOCC1,OC1CC(=CC(O)C1O)C(=O)[O-]
O=C([O-])c1cccc2c1Cc1ccccc21,[NH3+]Cc1cccc(OC)c1
COc1ccc(cc1)P(=S)([S-])N1CCOCC1,[NH3+]CCNc1ccc(cc1)N(=O)=O
C[NH+]1CC[N+](C)(CC1)CC(O)=O,ClCP(=O)([O-])CCl
O=C([O-])c1c(cc(cc1N(=O)=O)N(=O)=O)N(=O)=O,[2H]N(C(N([2H])[2H])=[N+]([2H])[2H])C(N([2H])[2H])=S
O=C(OC1C[NH2+]CCC1)c1ccccc1N(=O)=O,Cc1cccc(c1)C(=O)[O-]
C[NH+](C)CC(C)O,CC(=NO)C(=O)[O-]
Oc1c(ccc2ccccc12)C(=O)[O-],C[N+](C)(N)CCl
[O-]N1N=NN=C1C1=NN=NN1[O-],CCCCN1C=[N+](C)C(=C1Br)Br
CC1=CC(=[NH+]C(N1)c1ccc(O)cc1)C,O=C1NC(=O)C(C(=O)N1)=C1C(=C[C-](C=C1N(=O)=O)N(=O)=O)N(=O)=O
COc1cc(C=CC(=O)[O-])ccc1O,NC1=[NH+]c2ccccc2S1
CC(C)(Oc1ccccc1)C(=O)[O-],CC(C)NC(NC(C)C)=[NH+]c1c(F)c(F)c(F)c(F)c1F
CN(C)c1cc[n+](O)cc1,Clc1ccc(c(Cl)c1)C(=O)[O-]
Nc1ccc(c(O)c1)C(=O)[O-],FCCN1C=N[N+](=C1)c1ccccc1
OCC(CO)(CO)CNC(=O)[O-],O=N(=O)c1cccc(c1)S(=O)(=O)NNC1=[NH+]c2ccccc2S1
CC1CC23C=CC(=O)CC2Nc2ccccc2C3=[NH+]1,O=S(=O)([O-])c1ccccc1
CC(C)(C)OC(=O)C1[NH2+]CC2CCCC12,OB1OB(O)O[B-]2(O1)OB(O)OB(O)O2
OC1=C(Cl)C(=O)C(=O)C(=C1[O-])Cl,O[NH+]=Cc1ccccc1O
OC(=O)CCCCCCC(=O)[O-],[NH3+]C(CC)CO
C[NH+]1CCC(C(CO)C1)c1ccc(F)cc1,OC(=O)c1ccncc1C(=O)[O-]
CCc1[nH+]ccc2c3ccccc3N(OC)c12,O=N(=O)[C-](C#N)N(=O)=O
CCCC(C(O)=O)[N+]12CCC(CC1)CC2,Fc1ccc(OCC(=O)[O-])cc1
OCC(CO)(CO)CNC(=O)[O-],C[NH2+]C1CCC2=C(C1)c1cc(ccc1N2)C(N)=O
C1CC2CC[NH+]1C=C2C1=C(C=CO1)c1ccccc1,FC([O-])=NS(F)(F)C(F)(F)F
Clc1ccc(cn1)C1CC2[NH2+]C1CC2,FC(F)(F)C(=O)[O-]
COc1cccc(c1)N1CCN(CC1)C(=O)[O-],[NH3+]C(CO)C(O)=O
[2H]OC(=O)C(=O)[O-],CN1C(=C(C)[N+](=C1P(C#N)C#N)C)C
Oc1c(cccc1N(=O)=O)C(=O)[O-],COc1ccc2cccc(CC[NH+]=C(C)O)c2c1
Fc1ccc(OCC(=O)[O-])cc1,CN1CC[N+]2(C)Cc3cnc(C)c(O)c3C12
OC(=O)CN1C=C[N+](=C1)CC(O)=O,Clc1cccc(Cl)c1C(=O)[O-]
[NH3+]CCCC([NH3+])C(=O)[O-],OC(=O)C1=CC=CN1c1c(cccc1C(F)(F)F)C(=O)[O-]
Clc1ccc(cc1)C1=C(C#N)C(=O)NC(=C1C#N)[O-],c1ccc(cc1)P1[n+]2ccccc2c2cccc[n+]12
CC1=NC(=NN1)SCC(=O)[O-],[NH3+]c1ccc(cc1)C(O)=O
CC(NC(=S)C1[NH2+]CCC1)c1ccccc1,Nc1ccccc1S(=O)(=O)[O-]
OCC[NH+](CCO)CCO,FS(=O)(=O)[N-]S(F)(=O)=O
O=N[C-](C#N)C1=Nc2ccccc2O1,[NH3+]CC(CO)(CO)CO
OC(=O)C=CC1=CNC=[NH+]1,O=C1NC(=O)C(=C[N-]1)N(=O)=O
O=C([O-])c1c2ccccc2cc2ccccc12,[NH3+]F
C[n+]1ccc(Sc2ccncc2)cc1,CC(C)(C)OC(=O)NC1CC1CC(=O)[O-]
OCC(C(=O)[O-])c1ccccc1,[NH3+]CCNC(=O)C(=O)NCC[NH3+]
Fc1cc(F)c2c(CC[N+]3=C2c2c(F)cc(F)cc2CC3)c1,OC(=O)C#CC(=O)[O-]
S=C=[N-],[NH2+]=C(O)c1ccccc1
[NH3+]C(CO)c1ccccc1,OC(=O)CSc1nc(SCC(O)=O)nc(SCC(=O)[O-])n1
COC(=O)C1=C(O)CC[NH2+]C1c1ccc(C)cc1,OCC(CO)(CO)CNC(=O)[O-]
O=C([O-])CN1C(=O)Oc2ccccc12,CN(C)c1cc[n+](cc1)P(C)C
OC(=O)CSc1nc(SCC(O)=O)nc(SCC(=O)[O-])n1,CC(O)(C(N)=[NH2+])c1ccccc1
C[N+]1=C(C)N(CCCS(O)(=O)=O)C=C1,O=N(=O)[N-]C1=NN=NN1C1=NNN=N1
FC(F)(F)S(=O)(=O)O[n+]1ccccc1,CC(C)(Oc1ccccc1)C(=O)[O-]
[NH3+]CCNC(=O)c1ccccc1O,O=C([O-])C12CC3CC(CC(C3)C1)C2
CC1(C)[NH+]=C(N(O)C1(C)C)c1ccccc1,FC(F)(F)C([O-])C(F)(F)F
NN1C(=[NH+]N=C1C1=NON=C1N)N,OP(=O)([O-])Oc1cccc2ccccc12
CCOc1ccc(cc1)C=Cc1cccc[n+]1C,O=C([O-])c1ccccn1
C[NH+]1C2CCC1C(O)(O)C(F)C2,OC1CC(=CC(O)C1O)C(=O)[O-]
Oc1ccc(O)c(c1)C(=O)[O-],[NH3+]NC(N)=S
Cc1cc(Br)cc2CN3C[NH+](Cc4cc(Br)cc(C)c34)c12,FC([O-])=NS(F)(F)C(F)(F)F
CS(=O)(=O)[N-]S(C)(=O)=O,C[NH+]1C2CCC1C(O)(O)C(F)C2
CC1[NH2+]C(CC=C)C=C(C1)S(=O)(=O)c1ccccc1,OC1CC(=CC(O)C1O)C(=O)[O-]
O[N+]1=C(OC2C=CCCC12)c1ccccc1,Oc1ccc2cc(ccc2c1)C(=O)[O-]
OC1C2OP(=O)([O-])OCC2OC1N1C=NC2=C1N=CNC2=O,OCC[NH+]1CC[NH2+]CC1
O=C([O-])CS(=O)C(c1ccccc1)c1ccccc1,Cc1cccc2SC(=[NH2+])Nc12
CC(C)=NNC1=[NH+]c2ccccc2S1,ClCP(=O)([O-])CCl
OC1C(O)C(OC1COP(O)(=O)[O-])N1C=NC2=C1N=CNC2=O,N[n+]1ccnc(Cl)c1
CN1C(=O)N(C)C2=C(N(CC(=O)[O-])C=N2)C1=O,O[n+]1ccc(cc1)c1ccccc1
O=C([O-])Cc1ccccc1,C[n+]1cc(cc2ccccc12)B(O)O
[NH3+]C(CO)C(O)C(O)CO,CC(=O)NC(CC1=CNc2ccccc12)C(=O)[O-]
[NH3+]Cc1cccc(OC)c1,Oc1c(cc(c([O-])c1N(=O)=O)N(=O)=O)N(=O)=O
Clc1ccccc1C(=O)[O-],Nc1c(Cl)c[nH+]cc1Cl
OC(=O)CCCCCCC(=O)[O-],[NH3+]C(Cc1c[nH+]c[nH]1)C(=O)[O-]
OC(CC(=O)[O-])Cc1ccc(Cl)cc1,CN1C=C[N+](=C1)CCC(O)=O
CN1C(=C(O)c2ccccc2S1(=O)=O)C(=O)NC1=[NH+]C=C(C)S1,CN1C(=O)N(C)C(=C(C1=O)c1ccc(cc1N(=O)=O)N(=O)=O)[O-]
O=N(=O)[N-]C1=NON=C1N=NC1=NON=C1[N-]N(=O)=O,[NH3+]CCCO
C[n+]1cccc(c1)B(O)O,O=C1N[N-]C(=O)c2ccccc12
OC(=O)C12CC3CC(C1)CC(C3)(C2)C(=O)[O-],[NH2+]=C1NC2(COC(CF)CC2CS1)c1ccc(F)cc1F
O=NC1=C([O-])NC(=O)NC1=O,CC1=C([NH+]=CN1)C=O
[NH3+]CCSSCC[NH3+],OCC[NH+]=Cc1cc(ccc1[O-])S(=O)(=O)[O-]
Cc1cc[nH+]c2N(C3CC3)c3ncccc3C(=O)Nc12,CC(C)OCC(OC(C)C(=O)[O-])c1ccccc1
NC(=O)C[n+]1ccc(cc1)C(N)=O,CCP(=O)([S-])Oc1ccccc1
COc1c(O)c(nc(c2[nH+]cccc2)c1OC)C(N)=O,S=C1NC(=S)[N-]C(=S)N1
O=C1C2[NH2+]CCCC2C(=O)N1Cc1ccccc1,O=N(=O)c1cccc(c1)S(=O)(=O)[O-]
CCN1C=CC=CB1[n+]1ccc(cc1)N(C)C,OC(=O)CC(O)(CC(O)=O)C(=O)[O-]
O=S(=O)([O-])c1cccnc1,OC1CC[NH2+]CC1
[O-]N1N=NC(=N1)C1=NN=N[N-]1,O=C(Nc1ccccc1)C1[NH2+]CCCC1
CC(C)(Oc1ccccc1)C(=O)[O-],[NH3+]F
Fc1cc(ccc1[O-])N(=O)=O,[NH3+]C1=NC(=CS1)c1ccccc1
[2H][n+]1ccc(C)c(c1N([2H])[2H])N(=O)=O,ClC1=CC=C(S1)C(=O)[O-]
Nc1ccccc1S(=O)(=O)[O-],CC(=O)CC1[NH2+]CCCC1
CCN1C=C(C(O)=O)C(=O)c2cnc(nc12)N1CC[NH2+]CC1,NC1=NON=C1C1=NN=N[N-]1
FC(F)(F)C(F)(F)C(F)(F)C(F)(F)S(=O)(=O)[C-](Br)S(=O)(=O)C(F)(F)C(F)(F)C(F)(F)C(F)(F)F,[NH3+]CCN1CCNC(=O)C1
NC1=NON=C1C1=NN=N[N-]1,O=C(NCCON(=O)=O)c1c[nH+]ccc1
O=C1C(=O)c2cccnc2c2[nH+]cccc12,ON1N=C(N=C1C1=NN=NN1[O-])N(=O)=O
FC([O-])=NS(F)(F)C(F)(F)F,C[n+]1c2ccccc2c(CBr)c2ccccc12
CCOC(=O)C([N+]#N)=S1c2ccccc2Oc2ccccc12,COc1cc(cc(OC)c1OC)C1CC(=O)NC(=C1C#N)[S-]
COc1cc[n+](O)cc1,OC1=C(Br)C(=O)C(=C(Br)C1=O)[O-]
O[B-](c1c(F)c(F)c(F)c(F)c1F)(c1c(F)c(F)c(F)c(F)c1F)c1c(F)c(F)c(F)c(F)c1F,C[NH+](C)CC(=C)Sc1ccccc1
C[NH+]=S(=O)(C=CC(C)(C)C)c1ccccc1,Brc1ccc(CC(=O)[O-])cc1
CC(C)N1N=C(C(=NC1=[NH2+])N)c1cccc(Cl)c1Cl,CC1(C)COP(=O)([O-])OC1c1ccccc1Cl
OC(C(=O)[O-])C(F)(F)F,Fc1ccc(cc1)C(N1CC[NH2+]CC1)c1ccc(F)cc1
Clc1ncccc1C(=O)[O-],COC(=O)C1[NH2+]CC(F)CC1
[NH3+]C(C)(C)CC(C)=O,OC(=O)C1=C(NC=N1)C(=O)[O-]
CCOc1ccc(cc1)C(=O)[O-],[NH3+]NC1CC(OC1=O)c1ccccc1
C[n+]1ccc(cc1)C=Cc1ccccc1O,O=N(=O)[C-](N(=O)=O)N(=O)=O
Clc1ccc(c(c1)C(=O)[O-])N(=O)=O,OCC([NH2+]C1CC(CO)C(O)C(O)C1O)CO
[NH3+]C1C(O)Cc2cc3ccccc3cc12,NC(=O)C1=NC(=C[N-]C1=O)F
O=C([O-])C1=CNc2ccccc12,[NH3+]CCC(=O)OO
O=C([O-])C1=CC=C(O1)N(=O)=O,CCOC(=O)C([N+]#N)=S1c2ccccc2Oc2ccccc12
COC(=O)C1[NH2+]CC(F)CC1,OC(=O)CSc1nc(SCC(O)=O)nc(SCC(=O)[O-])n1
OCC(=O)[O-],OC(=O)C[n+]1ccc(cc1)C(O)=O
[NH3+]C(CO)C(O)c1ccccc1,CC1=CC(=O)[N-]S(=O)(=O)O1
COc1c(Cl)ccc(Cl)c1C(=O)[O-],C[NH+]=S(=O)(C=CC(C)(C)C)c1ccccc1
[NH3+]c1cccc(O)c1,Oc1cccc(C(=O)[O-])c1O
OC(=O)C1[NH2+]CSC1,Fc1c(F)c([O-])c(F)c(F)c1Br
Cc1ccc(cc1)C1=C(C#N)C(=O)NC(=C1C#N)[O-],CC(C)[N+](=NNC(=O)C(=O)c1ccccc1)C(C)C
FC([O-])=NS(F)(F)C(F)(F)F,[NH3+]C(C(C)CC)C(=O)OC
CC([NH2+]C(CF)c1ccccc1)c1ccccc1,CCC(SC1=Nc2ccccc2N1)C(=O)[O-]
Cc1ccc(cc1S(=O)(=O)[O-])N(=O)=O,C[N+]1=C(Sc2ccccc12)C1CCCO1
C[N+](C)=C(N)O,Oc1cc(cc(O)c1O)C(=O)[O-]
OC(CC(=O)[O-])C(O)=O,[NH3+]C1(CCc2cc(Br)ccc2C1)C(=O)OC
[NH3+]c1cccc(c1)C(O)=O,CC1=NC(=NN1)SCC(=O)[O-]
Clc1ccc(cc1Cl)C(CCC(=O)[O-])c1ccccn1,C[N+](C)=C(C)OCF
COc1[nH+]c(N)nc(OC)c1,O=C([O-])C1COC2OC(=O)CC12
COc1ccc2CCC3=[NH+]CCCN3c2c1,CC(=O)Nc1ccccc1C(=O)[O-]
[NH3+]c1ccc(cc1)C(O)=O,O=P([O-])(c1ccccc1)c1ccccc1
CN1C2=C(S[S+]=N2)C=C2Sc3cc(Cl)ccc3N=C12,ON1N=C(N=C1C1=NN=NN1[O-])N(=O)=O
O=C([O-])CCCCC(=O)[O-],c1ccc(cc1)[PH+](c1ccccc1)c1ccccc1
OCC[NH+](CCO)CCO,S=C([S-])N1CCCCC1
C[N+]1(C)c2cccc3cccc(c23)C1(O)C(F)(F)F,Brc1cccc(c1)C(=O)[O-]
COC(=O)C1Cc2ccccc2C(N1)=[NH+]C(C)(C)C,OC(=O)c1nccnc1C(=O)[O-]
OC(=O)CC(ON(=O)=O)C(=O)[O-],NC1=[NH+]C(=C(CC2=C(N)N=C(N)NC2=O)C(=O)N1)N
[NH3+]c1ccc(cc1)C(=O)OCC,O=C([O-])C1CCC(=O)N1
COc1cc(cc(OC)c1OC)C1CC(=O)NC(=C1C#N)[S-],[NH3+]C(C)c1ccccc1O
CC[n+]1cccc(O)c1,OC1C2OP(=O)([O-])OCC2OC1N1C=NC2=C1N=CNC2=O
NC1=NC(=NO1)C1=NON=C1[N-]N(=O)=O,C[NH+]1CC(O)c2cc(O)ccc2C1c1cccc(O)c1
S=C([S-])N1CCOCC1,NC1=[NH+]N=C(S1)c1ccc(Br)cc1
OOC(=O)CC[NH+]1CCCCC1,OB(O)[O-]
c1ccc(cc1)[C+](c1ccccc1)c1ccccc1,O=C([O-])c1c2ccccc2cc2ccccc12
CC(C)N1C(=C(C)[N+](=C1Br)C(C)C)C,O=N(=O)N=C1[N-]N=NN1OCCON1N=N[N-]C1=NN(=O)=O
COc1cc(cc(OC)c1OC)C1CC(=O)NC(=C1C#N)[S-],CC(C)c1[nH+]c(O)cc(Cl)n1
O=C([O-])C1=CC=C(O1)N(=O)=O,[NH3+]C(CO)(CO)CO
CC1=CC(=O)[N-]S(=O)(=O)O1,OCCC1[NH2+]CCCC1
O=C([O-])C#Cc1ccccc1,CC(C)N1[P+]N(C(C)C)c2ccccc12
[NH3+]C1(CCCCC1=O)c1ccccc1Cl,OC(=O)CNc1ccccc1C(=O)[O-]
Cc1c(cc(cc1N(=O)=O)C(=O)[O-])N(=O)=O,OC(=O)C1CC[NH2+]CC1
C[NH+](C)CCC[n+]1ccccc1O,Fc1ccc(OCC(=O)[O-])cc1
CC[P+](C)(C)C,O=C([O-])C#Cc1ccccc1
NC(=[NH2+])Nc1ccc(F)cc1,OC(=O)c1c(F)c(F)c(c(F)c1F)C(=O)[O-]
Brc1ccccc1C(=O)[O-],CC(C)(C)[NH2+]CCO
CCOC1OCc2c[nH+]c(C)c(O)c12,O=C([O-])C[n+]1ccc(cc1)C(=O)[O-]
CCC(SC1=Nc2ccccc2N1)C(=O)[O-],CCOc1ccc2[nH+]c3cc(N)ccc3c(N)c2c1
Oc1c2cc(ccc2c(cc1N(=O)=O)N(=O)=O)S(=O)(=O)[O-],C[N+](C)(C)CC1OCC2OC(C)(C)OC12
CC1=CC=C(S1)C(=O)[O-],Oc1[nH+]cccc1
COc1ccc(cc1)C(N)=[NH2+],Clc1cccc(C(=O)[O-])c1N(=O)=O
[NH3+]C(Cc1ccccc1)C(O)=O,O=N(=O)C(=C1N[N-]N=N1)N(=O)=O
O=C([O-])C12CC3CC(CC(C3)C1)C2,Nc1c(Cl)c[nH+]cc1Cl
NC(=[NH2+])NC(=O)c1nc(Cl)c(N)nc1N,O=C([O-])CC1=CSc2ccccc12
C[N+](C)=C1C=CN(SC(Cl)(Cl)Cl)C=C1,CC#CC(=O)[O-]
O=N(=O)c1cccc([O-])c1,[NH3+]CCN1CCOCC1
O=C([O-])CN1C(=O)c2ccccc2C1=O,C[n+]1c(N)cccc1NC1=NC=CNC1=S
OC(=O)CN1C(=O)c2cc3C(=O)N(CC(=O)[O-])C(=O)c3cc2C1=O,[NH3+]C(C)c1ccc(Br)cc1
Cc1ccc(cc1S(=O)(=O)[O-])N(=O)=O,OC(=O)C[n+]1ccc(cc1)C(O)=O
[NH3+]c1ccc(OC)cc1C1(O)N(C)C(=O)N(C)C1=O,OP(=O)([O-])Oc1cccc2ccccc12
[NH3+]Cc1ccc(Br)cc1,COc1cc(OC)cc(c1)C(=O)[O-]
[NH3+]N=C(N)C(N(=O)=O)N(=O)=O,O=C([O-])CN1C(=O)Oc2ccccc12
Oc1cccc(C(=O)[O-])c1O,[NH3+]C1C2CC3CC(C2)CC1(CO)C3
C[N+]1=NN(OCF)c2ccc(C)cc12,OC(=O)C1=CC=CN1c1c(cccc1C(F)(F)F)C(=O)[O-]
CN1N=CC(=C1S(N)(=O)=O)C(=O)[O-],[NH3+]c1ccccc1OCC
[NH3+]C(C1NS(=O)(=O)c2ccccc12)c1ccccc1,Cc1ccccc1C(=O)[O-]
CC12C[NH2+]CCN1C(=NO2)c1ccccc1,CC(C)C1=C(Cl)[N-]C(=O)NC1=O
ON=Cc1cc[nH+]c2ccccc12,O=S(=O)([O-])c1ccc(cc1)C#N
NC(=O)c1c[nH+]ccc1,O=C([O-])C1COc2ccccc2O1
OC(=O)C12CC3CC(C1)CC(C3)(C2)C(=O)[O-],CC(C)(C)[NH2+]CCO
OB1OB(O)O[B-]2(O1)OB(O)OB(O)O2,Nc1[nH+]cc(Br)cc1
CS(=[NH2+])(=O)c1ccccc1,OC(=O)c1cc(Cl)c(Cl)cc1C(=O)[O-]
ON=C1C2=[NH+]CCCN2CCCc2ccccc12,CC(C(=O)[O-])C(F)(F)F
O=C([O-])C1=CC=CC(=O)N1,O=C(CN1C=[NH+]C=C1)c1ccccc1
Clc1ccc(cc1N(=O)=O)S(=O)(=O)[O-],CCCCN1C=[N+](C)C(=C1Br)Br
O=C(Nc1cc[nH+]cc1)Nc1cc[nH+]cc1,N#CC1=NN=N[N-]1
BrC(Br)(Br)C(=O)[O-],[NH3+]CC1=C(F)C(=NO1)OC(C)C
NC(=O)c1c[nH+]ccc1,OC(CN1C=[NH+]C=C1)(P(O)(=O)[O-])P(O)(=O)[O-]
[NH2+]1CCOCCOCCOCC1,OC(=O)C(=O)[O-]
Fc1cccc(c1)C(=O)[O-],COC(=O)C1CC[NH2+]C1c1ccccc1
ON=C(C#N)C1=[NH+]c2ccccc2O1,CC(C(=O)[O-])C(F)(F)F
CN(C)C(=[NH2+])ON=C(N)c1ccccc1,O=C1NC(C(=O)[N-]1)(c1ccccc1)c1ccccc1
[NH3+]Cc1cccc(Cl)c1,CCOP([O-])(=S)c1ccc(Cl)cc1
[NH3+]C(CC(C)C)C(F)P(=O)(OCC)OCC,CCC(=O)Nc1ccccc1C(=O)[O-]
OC(C(=O)[O-])(c1ccccc1)c1ccccc1,O[n+]1ccc(cc1)c1cc[n+](O)cc1
CC1=[NH+]N(C(=C1)C)c1ncccc1N(=O)=O,Brc1ccccc1[O-]
CS(=O)(=N[S+]1c2ccccc2c2ccccc12)c1ccccc1,O[B-](c1c(F)c(F)c(F)c(F)c1F)(c1c(F)c(F)c(F)c(F)c1F)c1c(F)c(F)c(F)c(F)c1F
[NH3+]C1Cc2ccccc2C1O,OCC(CO)(CO)CNC(=O)[O-]
[NH3+]C(C)C(F)(F)F,O=C([O-])c1ccc(cc1)C#N
NC(=[NH+]O)C(N)=NO,Cc1ccccc1OCC(=O)[O-]
Oc1ccc(cc1)S(=O)(=O)[O-],CN1CC(c2ccc(O)c(C)c2O)[N+](C)(C)C1=O
O=C([O-])c1ccc(cc1)N(=O)=O,[NH2+]=C(O)c1ccccc1
[NH3+]C(C)C(N)=O,CC(=O)NC(CC1=CNc2ccccc12)C(=O)[O-]
C[N+]1=C(C)N(CCON(=O)=O)C=C1,OC(=O)c1ccc(cc1)C(=O)[O-]
COS(=O)(=O)[O-],O=C(c1ccccc1)C([N+]#N)=S1c2ccccc2c2ccccc12
O=N(=O)c1cccc([O-])c1,[NH3+]CC(C)O
OC(=O)C(=O)[O-],CCOC(=C)[n+]1ccccc1Cl
CN1C=C([N+](=N1)C)C1=Nc2ccccc2O1,OC(=O)C=CC(=O)[O-]
[O-]N1N=NN=C1C1=NN=NN1[O-],[NH3+]C(C(C)C)C(=O)OC
OC(C(=O)[O-])c1cccc(Cl)c1,COCCN1C(=C(C)[N+](=C1C(C)C)C)C
CCOP(=S)(OCC)OCC[NH+](C)C,Oc1ccc(cc1C(=O)[O-])N(=O)=O
Oc1ccc2ccccc2c1C1[NH2+]CCC1,O=N(=O)C(=C1N[N-]N=N1)N(=O)=O
C[n+]1ccccc1CC[Si](C)(C)C,COC(C#N)(C#N)c1c(F)c(F)c(c(F)c1F)[C-](C#N)C#N
[NH3+]N=C(N)C(N(=O)=O)N(=O)=O,OC(=O)C(F)(F)C(F)(F)C(=O)[O-]
OC(=O)C[N+]12CCC(CC1)CC2,O=C1N[N-]C(=O)c2ccccc12
[NH3+]C(C)Cc1ccc(OC)cc1,O=S(=O)([O-])c1cccnc1
NC1=[NH+]c2ccccc2O1,FS(=O)(=O)[N-]S(F)(=O)=O
O=C([O-])C1=CC=C(O1)N(=O)=O,[2H][N+]([2H])=CN([2H])[2H]
O=C([O-])C[n+]1ccc(cc1)C(=O)[O-],[NH3+]C[Si]1(CO)CCCC1
BrC1=C[NH+]=CNC1C1=CC=CS1,O=S(=O)([O-])c1ccc2ccccc2c1
OC(=O)CNc1ccccc1C(=O)[O-],CN(C)c1cc[n+](cc1)[Si](C)(C)C
NC(=[NH2+])NC1=NC(=CS1)CSCCC(N)=NS(N)(=O)=O,CC1=CC(=NO1)[N-]S(=O)(=O)c1ccc(N)cc1
OC1=[NH+]CCCCC1,OC(=O)c1cc(cc(c1)C(=O)[O-])C(=O)[O-]
Oc1ccc(cc1)C(=O)[O-],CN1N2CN3C[N+](C)(C2)N(C)P1(=S)N3C
FS(=O)(=O)CC[n+]1ccccc1,OC(=O)COc1cccc(OCC(=O)[O-])c1
OC(=O)c1cc(Cl)c(Cl)cc1C(=O)[O-],O=N(=O)c1c[nH+]ccc1
CC(CC(=O)[O-])C(O)=O,CC1(C)OC2OC3C(O)C[NH2+]CC3C2O1
CC[P+](C)(C)C,Brc1ccccc1[O-]
OC(C(=O)[O-])c1ccc2ccccc2c1,CN1C=CN2C[N+]3=C(P=C12)N(C)C=C3
[NH3+]c1cc(ccc1O)C1=[NH+]CCCCN1,COC(=O)C1=C(C(=O)OC)[C-](C(=O)OC)C(=C1C(=O)OC)C(=O)OC
CCOc1ccc(cc1)C=Cc1cccc[n+]1C,O[B-](c1c(F)c(F)c(F)c(F)c1F)(c1c(F)c(F)c(F)c(F)c1F)c1c(F)c(F)c(F)c(F)c1F
Cc1cc[nH+]cc1Br,CC1(C)C(CCC1(C)C(O)=O)C(=O)[O-]
OC(=O)c1ccc(cc1C(=O)[O-])N(=O)=O,[NH3+]C(C(N)=O)c1ccccc1
Oc1ccc2[nH+]cccc2c1,[N-]=[N+]=NC1=NN=N[N-]1
C#CCC(C#C)[NH+]1CCOCC1,O=C([O-])c1ccccn1
[NH3+]CCc1ccc(OC)cc1,Clc1cccc(C(=O)[O-])c1N(=O)=O
CN1CC(c2ccc(O)c(C)c2O)[N+](C)(C)C1=O,Fc1cc(ccc1[O-])N(=O)=O
C[n+]1ccccc1CC[Si](C)(C)C,OC(=O)c1cccc(c1C(=O)[O-])N(=O)=O
CC(C)NC(NCC1=CC=CO1)=[NH+]C(C)C,CN1C(=O)Nc2ccc(Cl)cc2C21NC(=O)[N-]C2=O
C[n+]1ccc(Nc2ccccc2)cc1Cl,Clc1ccc(CC(=O)[O-])cc1
Clc1ncccc1C(=O)[O-],O[N+]1=C(OC2C=CCCC12)c1ccccc1
CC1=NC(=NN1)SCC(=O)[O-],CCOP(=O)(OCC)C(C)(C)[NH2+]C(C)C
O=C([O-])c1cccnc1,CC1(C)C(C1c1cccc2OCCc12)C(=O)NC(N)=[NH2+]
O=N(=O)N=C1NN=N[N-]1,OCC[NH+](CCO)C(CO)(CO)CO
C[NH+]1CCC(C(CO)C1)c1ccc(F)cc1,Brc1ccc(cc1)S(=O)(=O)[N-]S(=O)(=O)c1ccc(Br)cc1
C[N+]1(CCOCC1)CC(O)=O,Clc1cccc(Cl)c1Nc1ccccc1CC(=O)OCC(=O)[O-]
OC(=O)CC(O)(CC(O)=O)C(=O)[O-],C[N+](C)(C)CCCl
OC(=O)c1cccc(c1)C(=O)[O-],NC(=[NH2+])NC1=NC(=CS1)CSCCC(N)=NS(N)(=O)=O
O[n+]1cccc(c1)N1C(=O)C2=C(CCCC2)S1(=O)=O,OC(C(=O)[O-])c1cccc(Br)c1
Oc1ccccc1C=NCCN1CC[NH2+]CC1,O=C([O-])C1CCC(=O)N1
Oc1cccc2ccc[nH+]c12,S=C=[N-]
O=C([O-])CCCNc1ncnc2NC=Nc12,CCCCC#CC1=[N+](CCC#C)c2ccccc2S1
Clc1ccc(cc1)C(N1CC[NH2+]CC1)c1ccccc1,CC(C)(C)OC(=O)NC1CC1CC(=O)[O-]
OC(=O)c1cccc(c1C(=O)[O-])N(=O)=O,C[n+]1ccccc1P(F)(F)(c1ccccc1)c1ccccc1
CCOC1=CC(CCC1)=[NH+]CCCOC,OC(=O)CCCCCCCC(=O)[O-]
CCOC(=O)C[N+]1(C)CCOCC1,O=C([O-])c1ccccc1
OC(=O)c1nccnc1C(=O)[O-],C[N+](C)(C)CC(O)=O
[NH3+]C[Si]1(CO)CCCC1,OC(=O)C([O-])(c1ccccc1)c1ccccc1
COc1cccc(c1)N1CCN(CC1)C(=O)[O-],NC(=[NH2+])NC(=O)c1nc(Cl)c(N)nc1N
O[n+]1cccc(c1)N1C(=O)C2=C(CCCC2)S1(=O)=O,OCC(CO)(CO)CNC(=O)[O-]
C[n+]1c2ccccc2c(CBr)c2ccccc12,COC(=O)c1c(Br)c(Br)c(Br)c(Br)c1C(=O)[O-]
[NH3+]c1ccc(Cl)c(Cl)c1,CCCCCCC(=O)[O-]
CCCN1C=NC(=C1C(=O)[O-])C(O)=O,CN(C)N=NC1=C([NH+]=CN1)C(N)=O
ClC1=C(SC=C1)C(=O)[O-],N1P=[NH+]c2ccccc12
OCS(=O)(=O)[O-],[NH3+]c1ccc(cc1)S(=O)(=O)N=C1NN=C(C)S1
OC(=O)c1cc(cc(c1[O-])N(=O)=O)N(=O)=O,O=C1C(=O)c2ccccc2C2=C1S[S+]=N2
CC(C)NC([S-])=C(C#N)C(N)=O,NC(=[NH2+])NC(N)=S
[NH3+]CCCO,CC1(C)COP(=O)([O-])OC1c1c(Cl)cccc1Cl
COCCN1C=[NH+]c2ccccc12,OC(=O)c1ccccc1C(=O)[O-]
C[NH2+]C1CCC(c2ccc(Cl)c(Cl)c2)c2ccccc12,Fc1c(F)c(F)c(c(F)c1F)C(=O)[O-]
Clc1ccc(OCC(=O)[O-])cc1,[NH3+]c1ccccc1Oc1ccccc1
C[N+]1=C2C=CC=CC2=NS1,Oc1ccc(cc1C(=O)[O-])c1ccc(F)cc1F
Fc1ccccc1NC(=O)C(=O)[O-],[NH2+]=C1NC(=O)NC=C1
CCCC(=O)CC1[NH2+]C(CC1)C(=O)OC,OC(=O)c1cc(cc(c1)C(=O)[O-])C(O)=O
[2H][N+]([2H])=CN([2H])[2H],[2H]P(O[2H])(=O)[O-]
Brc1cccc(c1)C(=O)[O-],CC[N+](CC)(CC)Cc1ccccc1Br
O=C([O-])C=CC(=O)[O-],C[N+]1=NN(OCF)c2ccccc12
[2H]OC(=O)c1ccc(cc1)C(=O)[O-],COC12[NH2+]C(CC1)C1C=CCCC21
CC(C)NC(NC(C)C)=[NH+]c1c(F)c(F)c(F)c(F)c1F,O=N(=O)N=C1NN=C2NC(=NN12)[N-]N(=O)=O
CCP(=O)([S-])Oc1ccccc1,CC1(C)CCC(C)(C)C2=C1[NH+]=C(N)S2
OC(=O)CN1C(=O)c2cc3C(=O)N(CC(=O)[O-])C(=O)c3cc2C1=O,[NH3+]Cc1cc(OC)cc(OC)c1
O=C1NC(=S)NC(=C1)[O-],CC1(C)OC2OC3C(O)C[NH2+]CC3C2O1
CN(C)C(=[NH2+])O,O=S(=O)([O-])c1cccc(c1)P(c1ccccc1)c1ccccc1
NC1=NON=C1C1=NN=N[N-]1,OC12CCC(CC3[NH2+]CCC13)C2
ClS(=O)(=O)[N-]S(Cl)(=O)=O,FC(F)(F)c1c2nccnc2cc2C3C[NH2+]CC(C3)c12
Clc1ccc(OCC(=O)[O-])cc1,COc1ccc(cc1)C=C1CC[NH+]=C1
CC1=[NH+]N(C(=C1)C)c1ccc(cn1)N(=O)=O,Oc1ccc(CC(=O)[O-])cc1
Clc1cc(ccc1C(=O)[O-])N(=O)=O,COC1(N(C)C=[N+](C)c2ccccc12)c1ccccc1
Cc1cc(C)[n+](F)c(C)c1,O=C([O-])c1ccc2cc3ccccc3cc2c1
CC1=CC(=[NH+]c2cc(ccc2N1)C(O)=O)C,OCS(=O)(=O)[O-]
Clc1ccc(c(c1)C(=O)[O-])N(=O)=O,C[N+]1=C(C)N(CCON(=O)=O)C=C1
COc1ccc2[NH+]=C(N)Sc2c1,S=C1NC(=S)[N-]C(=S)N1
[NH3+]Cc1ccc(Cl)cc1,O=C([O-])CCN1C(=S)Oc2ccccc12
OC(=O)c1ccc2C(=O)N(CC(=O)[O-])C(=O)c2c1,Brc1ccc(cc1)N=NC1=[NH+]C=CN1
C[n+]1c(N)cccc1NC1=NC=CNC1=S,ClC1=C(SC=C1)C(=O)[O-]
O=N(=O)C1=N[N-]C(=C1)N(=O)=O,[NH3+]c1ccccc1Oc1ccccc1
C[NH+]1C2CCC1C(O)(O)C(F)C2,O=C([O-])CC1=CSc2ccccc12
[NH3+]C(C)C(N)=O,[S-]c1ccccc1
OC(C(=O)[O-])c1ccc2ccccc2c1,COC(=O)c1ccc(cc1)[N+](C)(C)O
O=N(=O)c1ccc(cc1)S(=O)(=O)[O-],CC(C)[N+](=NNC(=O)C(C)=C(C)C)C(C)C
[NH3+]C(Cc1ccccc1)C(=O)OCN1N=Nc2ccccc12,OC(=O)CCC(=O)[O-]
O=C([O-])c1cc2CCc3ccc(CCc1cc2)cc3,C[N+](C)(N)CCl
Oc1ccc(cc1C(=O)[O-])N(=O)=O,[NH3+]C(CCCNC(N)=NN(=O)=O)C(O)=O
[BH2-]1[N+]2=CC=CN2P(N2C=CC=[N+]12)c1ccccc1,OC(=O)c1cc(C(O)=O)c(cc1C(O)=O)C(=O)[O-]
CN1C=CN(C)C1=[P+]=C1N(C)C=CN1C,O=C1NC(=O)C(=C([O-])N1)c1c(cc(cc1N(=O)=O)N(=O)=O)N(=O)=O
C[N+]1=C(N)NC(=O)C1,FC(F)C(=O)[O-]
OC(=O)CNc1ccccc1C(=O)[O-],C1C[N+]2(CCO1)CC[N+]1(CCOCC1)CC2
OC(=O)C1=NNC(=C1)C(=O)[O-],[2H][N+]1=CN([2H])C=C1
O=C1C(=O)c2cccnc2c2[nH+]cccc12,CC(=NO)C(=O)[O-]
[NH3+]c1ccc(Br)cc1,CCOC(=O)C1=N[N-]C(=C1)C(=O)OCC
C=CC(=O)[O-],[2H][N+]([2H])([2H])C1CCCCC1C
[NH3+]c1cccc(c1)C(F)(F)F,OC(=O)c1ccc2C(=O)N(CC(=O)[O-])C(=O)c2c1
Oc1c(cc(cc1N(=O)=O)N(=O)=O)C(=O)[O-],[NH2+]1CCSCC1
[NH3+]c1cc(cc(c1)C(=O)[O-])C(=O)[O-],[NH2+]1C2CCC1C=C(C2)C1=Cc2ccccc2S1
CS(=O)(=O)[O-],[NH3+]C(C)(C)CC(C)=O
O=N(=O)C1=NN=N[N-]1,COC(=O)C1(C[NH2+]C(COC(F)(F)F)C1)C(=O)OC
OC(CN1C=[NH+]C=C1)(P(O)(=O)[O-])P(O)(=O)[O-],OC(=O)C1[NH2+]CSC1
ClP(Cl)(=O)[O-],NC(=[NH+]O)C(N)=NO
[NH3+]CCc1ccc(OC)cc1,CCP(=O)([S-])Oc1ccccc1
[NH3+]C(Cc1ccccc1)C(N)=O,ON1N=C(N=C1C1=NN=NN1[O-])N(=O)=O
COc1cc(ccc1O)C=Cc1cc[n+](C)cc1,O=C([O-])C#Cc1ccccc1
[NH3+]c1cc(OC)cc(OC)c1,Oc1cc2ccccc2cc1C(=O)[O-]
Oc1[nH+]cccc1,CCCCCCC(=O)[O-]
BrC(Br)(Br)C(=O)[O-],[NH2+]=C(O)N1c2ccccc2CCc2ccccc12
NC(=O)NC(=O)C(=O)[O-],[NH3+]C1CN(CC1C1CC1)C(=O)OC(C)(C)C
Nc1[nH+]c(N)nc(Cl)c1,O=C([O-])C1=CC=CS1
C[NH+](C)CC(SC(C)C)=CSC(C)C,Oc1cccc(O)c1C(=O)[O-]
CC[NH+](O)CC,O=C([O-])C1COC2OC(=O)CC12
[NH3+]CCCC([NH3+])C(=O)[O-],O=C([O-])c1cc(cc(c1)N(=O)=O)N(=O)=O
CCOC(=O)[O-],NS(=O)(=O)C1=NNC(=[NH2+])S1
OCC(C(=O)[O-])c1ccccc1Cl,ON=C(C#N)C1=[NH+]c2ccccc2O1
COC(=O)c1ccc(C(=O)OC)c(c1)[n+]1ccccc1,Cc1cc(ccc1N(=O)=O)C(=O)[O-]
O=C1NC(=O)C=C([O-])N1,Cc1[nH+]c(CO)c2COC(C)(C)OCc2c1O
CC(NC(=O)C1[NH2+]CCC1)c1ccccc1,Clc1ccc(cc1)C1=C(C#N)C(=S)NC(=C1C#N)[S-]
[NH3+]C(C)C(=O)OC,OC1C(O)C(OC1COP(O)(=O)[O-])N1C=NC2=C1N=CNC2=O
OC(=O)CCCCCC(=O)[O-],[NH3+]NC1CC(OC1=O)c1ccccc1
C[NH2+]C(C)C(O)c1ccccc1,[O-]N1N=NC(=N1)C1=NN=N[N-]1
O=C([O-])CCCCC(=O)[O-],[NH3+]c1cc2CCC(C)(C)Oc2c(C)c1C
[NH3+]c1ccccc1O,OC(=O)c1cc(ccc1O)S(=O)(=O)[O-]
Nc1cc(nc(N)[n+]1O)N1CCCCC1,FC([O-])=NS(F)(F)C(F)(F)F
CCc1[nH+]c(N)nc(N)c1c1ccc(Cl)cc1,CC1(C)COP(=O)([O-])OC1c1ccccc1F
CCS(=O)(=O)[O-],[NH3+]C(CCCCN)C(O)=O
CC(=O)Nc1c[n+](N)ccn1,O=C([O-])c1c(cc(cc1N(=O)=O)N(=O)=O)N(=O)=O
OC1=C(Cl)C(=O)C(=C(Cl)C1=O)[O-],[2H]N(C(N([2H])[2H])=[N+]([2H])[2H])C(N([2H])[2H])=S
CC1(C)[NH2+]C(C)(C)CN(O)C1,Clc1ccc(cc1)C1=C(C#N)C(=S)NC(=C1C#N)[S-]
CC1=[NH+]C(=CC(=O)N1)C,OC(=O)CC(C(=O)[O-])c1ccccc1
[NH3+]C(C)c1ccccc1OC,Oc1ccc(cc1)C=CC(=O)[O-]
CC(c1ncncc1F)C(O)(C[N+]1=CNC=N1)c1ccc(F)cc1F,ClC1=CC=C(S1)C(=O)[O-]
CN1C=C[N+](=C1N(=O)=O)C,CP(O)(=O)[O-]
ON=C1C2=[N+](CCCc3ccccc13)CCC2,Cc1cc(Cl)ccc1OCC(=O)[O-]
[2H]OC(=O)c1ccc(cc1)C(=O)[O-],CN(C)[S+](N(C)C)N(C)C
COC12[NH2+]C(CC1)C1C=CCCC21,Oc1cc(O)c(c(O)c1)C(=O)[O-]
FC(F)C(=O)[O-],[NH3+]N=C(N)C(N(=O)=O)N(=O)=O
OC(=O)CCCCCC(=O)[O-],CCCCC#CC1=[N+](CCC#C)c2ccccc2S1
Fc1cc(ccc1[O-])N(=O)=O,Nc1[nH+]c(nc(N)n1)c1cc(Cl)ccc1Cl
ClC(Cl)(Cl)C(=O)[O-],C[NH+](C)CC(=C)Sc1ccccc1
NC(=[NH2+])NC1=NC(=CS1)CSCCC(N)=NS(N)(=O)=O,O=C([O-])CCCCC1CCSS1
CN(C)c1cc[n+](cc1)C(C)=O,CCOC(=O)C1=N[N-]C(=C1)C(=O)OCC
CC(=O)CC1[NH2+]CCCC1,CCC(=O)[O-]
[NH3+]C(Cc1c[nH+]c[nH]1)C(=O)[O-],COc1cc(OC)cc(c1)C(=O)[O-]
ClC(Cl)(Cl)C(=O)[O-],[NH3+]Cc1cccc(Cl)c1
CC(O)(C1CC[NH2+]CC1)c1ccc(F)cc1,COC(=O)c1c(Br)c(Br)c(Br)c(Br)c1C(=O)[O-]
[NH3+]C(C)C(=O)OCC,CCOP([O-])(=S)c1ccccc1
O=C([O-])C=CC(=O)[O-],C[N+](C)=COCF
Cc1ccc(cc1)C=CC(=O)[O-],CC1(C)CCC(C)(C)C2=C1[NH+]=C(N)S2
OC(=O)c1ccc[nH+]c1Nc1cccc(c1)C(F)(F)F,O=C([O-])c1ccccc1N(=O)=O
O=C([O-])C1CCC(=O)N1,CCON1C=C[N+](=C1)OCC
CC1=CC(=O)N([O-])C(=C1)C1CCCCC1,C[n+]1ccccc1P(F)(F)(c1ccccc1)c1ccccc1
Fc1ccc(cc1)S(=O)(=O)[N-]S(=O)(=O)c1ccc(F)cc1,[NH2+]1C2CCC1C=C(C2)C1=Cc2ccccc2S1
CSC1=[NH+]c2cc(Oc3cccc(Cl)c3Cl)c(Cl)cc2N1,O=C([O-])C1=CSC=C1
[NH2+]=C(O)c1ccccc1,O=N(=O)[C-](C#N)N(=O)=O
CS(=O)(=O)N1CCN(CC1)c1[nH+]cccn1,CCP(=O)([S-])Oc1ccccc1
O=S(=O)([O-])c1cccc(c1)P(c1ccccc1)c1ccccc1,C[N+]1=CN(CC[NH2+][BH3-])C=C1
NC(=O)C1=NC(=C[N-]C1=O)F,CN1C=C([N+](=C1C)C)N(=O)=O
FS(=O)(=O)[O-],C[N+]12CN3CP(C1)C[N+](C)(C3)C2
C[N+]1=CN(CCON(=O)=O)C=C1,O=S(=O)([O-])c1ccc(cc1)C#N
Cc1c(Cl)cccc1Nc1ccccc1C(=O)[O-],CCNC(=[NH+]CC)c1ccc(Br)cc1
CC1=[NH+]N(P(c2ccccc2)c2ccccc2)C(=C1)C,O=C([O-])c1ccccn1
[NH3+]CCC1CCc2ccc3OCCc3c12,Fc1ccc(OCC(=O)[O-])cc1
CC(NC(=S)C1[NH2+]CCC1)c1ccccc1,COc1cc(OC)cc(c1)C(=O)[O-]
OC1CNC(=[NH+]C1)CCC1=[NH+]CC(O)CN1,Brc1ccccc1[O-]
Clc1cccc(C(=O)[O-])c1N(=O)=O,[2H][N+]1([2H])CCCC1
O=C(C[NH+]1CCOCC1)c1ccccc1,O=C([O-])Cc1ccccc1
OC(=O)c1ccc2C(=O)N(CC(=O)[O-])C(=O)c2c1,Nc1[nH+]c(Cl)ccc1
CC1=CC2[NH+](CCCC2O)CC1,FC(F)(Cl)C(=O)[O-]
[NH3+]CCNC(=O)c1ccccc1O,ClCP(=O)([O-])CCl
[NH3+]c1ccccc1F,O=S(=O)([O-])c1cccc(c1)P(c1ccccc1)c1ccccc1
ClC1=C(SC=C1)C(=O)[O-],[NH3+]C(CCCNC(N)=NN(=O)=O)C(O)=O
CC(=O)[O-],C[n+]1ccc(cc1)B(O)O
CCOC(=O)[O-],Fc1ccc(F)c(c1)C1[NH2+]CCC1
[NH3+]C1Cc2ccccc2C1O,[O-]C1=N[N+](=NO1)C1=NN=N[N-]1
O=C([O-])C1CCC(=O)N1,Oc1[nH+]cccc1
OC(=O)C1CCCCC1C(=O)[O-],NC(=[NH2+])NN=Cc1c(Cl)cccc1Cl
Oc1ccc(cc1O)C(=O)[O-],ClCC[NH+]1CCCC1
CCCC[NH+](CCO)CCO,ClC(Cl)(Cl)C(=O)[O-]
[NH3+]CCO,FC(F)(F)C([O-])C(F)(F)F
O=C(Nc1cc[nH+]cc1)Nc1cc[nH+]cc1,Oc1ccc(Cl)cc1C(=O)[O-]
N1C(=[NH+]c2ccccc12)C1=CSC=N1,OC(CC(c1ccccc1Br)S(=O)(=O)[O-])c1ccccc1
CCON1C=C[N+](=C1)OCC,CC1=CC=C(S1)C(=O)[O-]
CC(C)Cc1ccc(cc1)C(C)C(=O)[O-],[NH3+]CC(N)=O
CC(C)=[NH+]O,OC1=C([O-])C(=O)C1=O
O=N(=O)c1ccc([O-])cc1,Cc1[nH+]c2c(O)cccc2cc1
OC(=O)CCCCCCCC(=O)[O-],[NH3+]c1cc(N)cc(c1)C(O)=O
NC1=[NH+]C(=CS1)c1ccccc1,Cc1ccccc1C(=O)[O-]
[2H]P(O[2H])(=O)[O-],Nc1[nH+]cc(Cl)cc1
CN1C(=O)N(C)C2=C([N-]C=N2)C1=O,COC1=N[N+](=CN1Nc1ccccc1)c1ccccc1
[NH3+]C(CC(C)C)C(F)P(=O)(OCC)OCC,OC1C2OP(=O)([O-])OCC2OC1N1C=NC2=C1N=CNC2=O
CSC1=[NH+]c2cc(Oc3cccc(Cl)c3Cl)c(Cl)cc2N1,CCOC(=O)[O-]
Clc1ccccc1C(=O)[O-],CC1=[NH+]C(=CC(=O)N1)C
[NH3+]c1c(C)c(C)c2OC(C)(C)CCc2c1C,NC(=O)C1=NC(=C[N-]C1=O)F
CN1C=C[N+](=C1)[B-](Cl)(N1C=C[N+](=C1)C)c1ccccc1,COC(=O)c1c(Br)c(Br)c(Br)c(Br)c1C(=O)[O-]
NC1=C(N=O)C(=O)[N-]C(=N1)N1CCOCC1,[NH3+]C(CCCNC(N)=[NH2+])C(N)=O
Clc1cccc(Cl)c1NC1=[NH+]CCN1,O=N(=O)C1=NN=C([N-]1)N(=O)=O
O=N(=O)C1=NN=C([N-]1)N(=O)=O,O=C(OCc1ccccc1)c1c[nH+]ccc1
[NH3+]C(C(O)=O)c1ccccc1,O=C([O-])c1cc(cc(c1)N(=O)=O)N(=O)=O
CCN1C=[N+](C)C(=C1Br)Br,O=N(=O)[N-]C1=NON=C1N=NC1=NON=C1[N-]N(=O)=O
O=C([O-])c1cnccn1,C#CCC(C#C)[NH+]1CCOCC1
[2H]C1=[NH+]C(=C([2H])N1)[2H],O=C([O-])C1=Cc2ccccc2N1
[NH3+]CCNC(=O)C(N)=O,COc1cc(cc(OC)c1OC)C1CC(=O)NC(=C1C#N)[S-]
NC(=O)Nc1cccc2ccc[nH+]c12,OC(=O)C1=CC=C(S1)C(=O)[O-]
CC(C)(C)N1[P+]N(c2ccccc12)C(C)(C)C,N#CC1=NN=N[N-]1
NC1=C([N+]2=C(S1)C=CC=C2)C(=O)c1ccc(Br)cc1,OC(=O)C1=C(NC=N1)C(=O)[O-]
OC(=O)CC(=C)C(=O)[O-],CC(C)[N+](=NNC(=O)C(C)=C(C)C)C(C)C
FC(F)(F)C([O-])C(F)(F)F,[NH3+]c1ccc(cc1)S(=O)(=O)Nc1ncccn1
CC1(C)OC2OC3CSC(=[NH+]C3(O)C2O1)N,OC(=O)[O-]
[NH3+]C(CS)C(O)=O,O=C([O-])c1ccc2ccc3cccc4ccc1c2c34
O=C([O-])C#Cc1ccccc1,[2H][N+](CCC)(CCC)CCC
O=C([O-])c1ccc2ccccc2n1,C[N+](C)(C)c1ccc(C=O)cc1
Nc1c(Br)cc(Br)cc1C[NH2+]C1CCC(O)CC1,OC(=O)CCCC(=O)[O-]
OC(C(O)=O)C(=O)[O-],[NH3+]Cc1ccccc1Cl
OB(O)c1c[nH+]c2ccccc2c1,CCCCCCCC(=O)[O-]
NC1=[NH+]C=CS1,O=C([O-])CS(=O)C(c1ccccc1)c1ccccc1
Fc1ccc(cc1)C(N1CC[NH2+]CC1)c1ccc(F)cc1,Nc1ccc(cc1)C(=O)[O-]
C[Si](C)(C)CCCc1[nH+]cccc1,CC(C(=O)[O-])c1ccccc1
CCCCCCC(=O)[O-],CO[N+]1(C)CCOCC1
CC(c1ncncc1F)C(O)(CN1C=[NH+]C=N1)c1ccc(F)cc1F,FC(F)(F)C(F)(F)C(F)(F)C(F)(F)S(=O)(=O)[C-](Br)S(=O)(=O)C(F)(F)C(F)(F)C(F)(F)C(F)(F)F
C[n+]1ccc(cc1)C=Cc1ccccc1O,ClP(Cl)(=O)[O-]
CN1C=C[N+](=C1N(=O)=O)C,O=C([O-])c1ccc(cc1)N(=O)=O
[S-]C1=Nc2ccccc2S1,CC1[NH2+]CCOC1c1cccc(F)c1
[NH3+]C(C)C(O)=O,O=C([O-])CN1C(=O)c2cccc3cccc(C1=O)c23
OC1=C(Br)C(=O)C(=C(Br)C1=O)[O-],Fc1ccc(cc1)N1CC[NH2+]CC1
CC1=CC(=NO1)[N-]S(=O)(=O)c1ccc(N)cc1,[NH3+]C1CCC(CC1NS(=O)(=O)C(F)(F)F)C(=O)OCC
ON1N=C(N=C1C1=NN=NN1[O-])N(=O)=O,OC(O)(c1[nH+]cccc1)c1ccccn1
OC(=O)CCCCCC(=O)[O-],CC(C)N1[P+]N(C(C)C)c2ccccc12
Clc1cc(Cl)c([O-])c(Cl)c1,Cc1cc[nH+]c(O)c1
F[P-]1(F)(F)(F)[n+]2ccccc2[n+]2ccccc12,O=C([O-])C1=CC=CC(=O)N1
C[N+](C)(C)CC1OCC2OC(C)(C)OC12,OC(=O)c1cc(C(O)=O)c(cc1C(O)=O)C(=O)[O-]
[NH3+]NC(=O)NN,CCCCCCCC(=O)[O-]
CC1=[N+]([O-])ON=C1C=NNC(N)=[NH2+],OC(=O)CCCCC(=O)[O-]
CC(=O)Oc1ccccc1C(=O)[O-],CC(C)(C)C(=O)CN1[P+]OC(=C1)C(C)(C)C
C[N+](C)(N)CCl,OC(=O)c1ccccc1C(=O)[O-]
NC1=[NH+]C(=CC(=O)N1)N,OC(=O)C1(CCC1)C(=O)[O-]
Clc1ccc(OCC(=O)[O-])cc1Cl,CN(C)c1cc[n+](cc1)S(=O)(=O)C(F)(F)F
OC(C(=O)[O-])(c1ccccc1)c1ccccc1,[NH3+]C(C(=O)OC)c1ccccc1
O=Cc1ccccc1C(=O)[O-],C[S+](C)(C)=O
O=C([O-])c1ccc2OCOc2c1,[NH3+]CCCC(=O)OCC
OC1=C(Cl)C(=O)C(=O)C(=C1[O-])Cl,Nc1[nH+]cc(c(N)n1)c1cc(Cl)cc(Cl)c1Cl
OC(=O)CC(ON(=O)=O)C(=O)[O-],[NH3+]N(C)C(N)=O
CCC(SC1=Nc2ccccc2N1)C(=O)[O-],COCC12C[NH2+]CCC1(C2)c1ccc(Cl)c(Cl)c1
C[N+]1=CN(CCO)C=C1,Clc1ccc(OCC(=O)[O-])cc1
O=C(NCCON(=O)=O)c1c[nH+]ccc1,CC(C)CC(CN(=O)=O)C(=O)[O-]
C[NH+](CCO)CCO,FC(F)C(=O)[O-]
Clc1ccc(cc1)S(=O)(=O)CC(=O)[O-],OC1=C2SSN=C2C(=O)C2=C1S[S+]=N2
[NH3+]CC(CC(O)=O)c1ccccc1,COc1ccc2cc(ccc2c1)C(C)C(=O)[O-]
[NH3+]C(CO)(CO)CO,[S-]C1=Nc2ccccc2S1
[O-]C1=N[N+](=NO1)C1=NN=N[N-]1,NC1=NC2=C([NH+]=CN2COCCO)C(=O)N1
Oc1ccc(cc1)C(=O)[O-],[NH3+]N=C(N)C(N(=O)=O)N(=O)=O
O=N(=O)[N-]C1=NON=C1C1=NON=C1[N-]N(=O)=O,[NH2+]1CC2(C1)COC2
OC(=O)C1=CC=CN1c1c(cccc1C(F)(F)F)C(=O)[O-],CN(C)c1cc[n+](cc1)S(=O)[n+]1ccc(cc1)N(C)C
O=S1(=O)[N-]S(=O)(=O)c2ccccc12,C[NH+](C)CC(SC(C)C)=CSC(C)C
CCC12CC[NH2+]CC1Oc1ccc(OC)cc21,OC(=O)CSc1nc(SCC(O)=O)nc(SCC(=O)[O-])n1
[NH3+]Cc1cc(OC)cc(OC)c1,Nc1ccc(c(O)c1)C(=O)[O-]
NC1=NC(=NO1)C1=NON=C1[N-]N(=O)=O,CC(C)N[C+](NC(C)C)Nc1ccc(F)cc1
CN1C(=O)N(C)C2=C([N+](=CN2)C)C1=O,Oc1c(cccc1N(=O)=O)C(=O)[O-]
NC1=NC(=NO1)C1=NON=C1[N-]N(=O)=O,BrC1=C[NH+]=CNC1C1=CC=CS1
CN1C(=O)N(C)C2=C([NH+]=CN2)C1=O,FC(F)(C(=O)[O-])C(F)(F)C(=O)[O-]
OC(=O)c1cccc(c1)C(=O)[O-],CC1CC[N+]2=C(C1)Oc1ccccc21
O=C(C[n+]1ccccc1)OC1CCCCC1,Clc1cccc(OCC(=O)[O-])c1Cl
OP(=O)([O-])c1c(F)c(F)c(F)c(F)c1F,Cc1ccc(cc1NC(N)=[NH2+])N(=O)=O
OC(=O)C1CCCCC1C(=O)[O-],C[n+]1ccccc1CC[Si](C)(C)C
O=C([O-])CN1C(=O)Oc2ccccc12,CC(C)NC(NC(C)C)=[NH+]c1c(F)c(F)c(F)c(F)c1F
Oc1c(cc(cc1N(=O)=O)N(=O)=O)C(=O)[O-],COC(=O)C1CC[NH2+]C1c1ccccc1
OC(=O)CCC(=O)[O-],Cc1ccc(SCc2cc[nH+]cc2)cc1
OC(=O)C1=CC=C(S1)C(=O)[O-],[NH2+]1OCC2COc3ccccc3C12
Brc1ccc(cc1)[N+]1=Cc2ccccc2CC1,Cc1cccc(Nc2ccccc2C(=O)[O-])c1C
C=CC(=O)[O-],c1ccc(cc1)[PH+](c1ccccc1)c1ccccc1
Cc1cccc(Nc2ccccc2C(=O)[O-])c1C,CC[N+]1=C(N)SCC1
Oc1ccc(cc1)C(=O)[O-],Cc1cc(C)c(N2C=[N+]3C(=CSC3=C2)C)c(C)c1
C[Si](C)(C)OP(C)(C)=[N+]=P(C)(C)C,Clc1cc(cc(Cl)c1[O-])N(=O)=O
[NH3+]C(CCCNC(N)=[NH2+])C(O)=O,Brc1ccccc1[O-]
OC(C(=O)[O-])C(F)(F)F,CCOC1=CC(CCC1)=[NH+]CCCOC
CC1=NC(=NN1)SCC(=O)[O-],NC(=[NH2+])NN=Cc1c(Cl)cc(O)cc1Cl
C[NH2+]CCN(C)C(=O)Nc1cccc2cccnc12,CC(CC(=O)[O-])C(O)=O
Cc1[nH+]cc2COC(O)c2c1O,CCC1(CC)C(=O)NC(=O)[N-]C1=O
Oc1ccc(cc1C(=O)[O-])c1ccc(F)cc1F,CC1=[NH+]C=C(N1CCOC(=O)c1ccccc1)N(=O)=O
O=C([O-])C1COc2ccccc2O1,COc1cc[nH+]cc1
[NH3+]CC1CCC(CC1)C(O)=O,O=C1NC(=S)NC(=C1)[O-]
CCP(=O)([S-])Oc1ccccc1,CN1C=C[N+](=C1N(=O)=O)C
OP(F)(=O)[O-],O=C1CCN2C(c3ccccc3)C(=CN12)c1[nH+]cccc1
COc1ccc(cc1)P(=S)([S-])N1CCOCC1,CCN(CC)C1=[NH+]C(=CC(=O)N1)C
C[N+]1=CN(CCS(F)(=O)=O)C=C1N(=O)=O,OC(=O)C1CCCCC1C(=O)[O-]
[NH3+]C(CC1=CNC=[NH+]1)C(=O)[O-],CC1(C)COP(=O)([O-])OC1c1ccccc1Cl
CC(Oc1cccc(Cl)c1)C(=O)[O-],[NH3+]N=C(N)C(N(=O)=O)N(=O)=O
CCCCN1[P+]N(C)c2ccccc12,Fc1c(F)c([O-])c(F)c(F)c1Br
CCN1c2ccccc2C=C2C(=O)NC(=[NH2+])N=C12,O=N(=O)[C-](C#N)N(=O)=O
[NH2+]=C1NC2=C(N1)C(CCC2)N1NC(=O)N(C1=O)c1ccccc1,Cc1cccc(Nc2ccccc2C(=O)[O-])c1C
NC1=NC(=[NH2+])N(O)C(=O)N1O,O=N(=O)N=C1[N-]N=NN1OCCON1N=N[N-]C1=NN(=O)=O
CC[N+](CC(=O)OC)(CC(=O)OC)CC(=O)OC,CCOP(=O)([O-])OCC
OC(=O)CCCCCCCCC(=O)[O-],COc1ccc2cccc(CC[NH+]=C(C)O)c2c1
OC(=O)C=CC(=O)[O-],CS(=[NH2+])(=O)c1ccccc1
[NH3+]c1cccc(Br)c1,OC(=O)C1CCCCC1C(=O)[O-]
[NH3+]C1Cc2ccccc2C1O,S=C([S-])N1CCCCC1
OC(=O)COc1cccc(OCC(=O)[O-])c1,C=CCNC(=S)NN=Cc1[nH+]cccc1
[NH3+]c1ccc(O)cc1,S=C=[N-]
OB(O)[O-],[NH3+]C(C)C(F)(F)F
Fc1ccc(cc1)C(=O)[O-],C[N+]1=C(C)N(CCCS(O)(=O)=O)C=C1
C[N+]1=NN(N2CCOCC2)C(=C1)c1ccc(Br)cc1,OC(=O)CCCCCCC(=O)[O-]
O=N(=O)N=C1NN=N[N-]1,FC[S+]=P(c1ccccc1)(c1ccccc1)c1ccccc1
C[N+](C)(O)c1ccc(cc1)N(=O)=O,Oc1c2cc(ccc2c(cc1N(=O)=O)N(=O)=O)S(=O)(=O)[O-]
CCOC1=CC(CCC1)=[NH+]CCCOC,[S-]C#N
CN(C)c1cc[n+](cc1)S(=O)[n+]1ccc(cc1)N(C)C,COc1c(Cl)ccc(Cl)c1C(=O)[O-]
NS(=O)(=O)c1ccccc1C(=O)[O-],CC(O)C[NH+](CC(C)O)CC(C)O
CCOP(=O)(Nc1[nH+]c(C)ccc1)OCC,OC1CCC(CC1)NC(=O)[O-]
[NH3+]Cc1ccc(OC)cc1,O=N(=O)c1cccc([O-])c1
FC(F)(F)S(=O)(=O)[N-]S(=O)(=O)C(F)(F)F,CC(=NO)C(=O)NCC[NH2+]CCO
OC(=O)CC(ON(=O)=O)C(=O)[O-],OCC[NH+]1CCCCC1
NC(=O)c1cc[nH+]cc1,NC(=O)NC(=O)C(=O)[O-]
N#C[B-](C#N)(C#N)C#N,CC1=[NH+]c2ccccc2C(=O)N1N
Cc1[nH+]cc(cc1)C(N)=O,O=S(=O)([O-])c1ccc(cc1)C#N
[2H]P(O[2H])(=O)[O-],CCC12CC[NH2+]CC1Oc1ccc(OC)cc21
C[NH+]1C2CCC1CC(=O)C2,Clc1ccc(cn1)C(=O)[O-]
O=C([O-])C1COC2OC(=O)CC12,[NH3+]C(C)C(N)=O
O=C([O-])c1cc2CCc3ccc(CCc1cc2)cc3,CC1=CN2N=C(C)SC2=[NH+]1
Cc1ccc(cc1)C=CC(=O)[O-],CON1C=C[N+](=C1Br)OC
O=N(=O)C(=C1N[N-]N=N1)N(=O)=O,CC1(C)CC(O)CC2CCC[NH+]12
Oc1ccc2[nH+]cccc2c1,O=C([O-])C1COC2OC(=O)CC12
O=N(=O)C1=NN=C([N-]1)N1N=C(N=[N+]=[N-])N=[N+]1C1=NN=C([N-]1)N(=O)=O,C1CC2CC[NH+]1C=C2C1=C(C=CO1)c1ccccc1
CCCCCCCC(=O)[O-],[2H][N+]1([2H])CCCC1
NC1=NON=C1C1=NN=N[N-]1,OC(=O)C1=CSC(=N1)c1cc[nH+]cc1
O=S(=O)([O-])c1ccccc1,C[n+]1ccc(cc1)C=Cc1ccc(Br)cc1
O=C1CCN2C(c3ccccc3)C(=CN12)c1[nH+]cccc1,OC1=C(Cl)C(=O)C(=C(Cl)C1=O)[O-]
[NH3+]Cc1cccc(F)c1,OB1OB(O)O[B-](O)(O)O1
[NH3+]CCOS(=O)(=O)c1ccc(cc1)N(=O)=O,O=C([O-])C1=CC=CN1
Nc1[nH+]c(nc(N)n1)c1ccc(Cl)cc1,Cc1cc(Cl)ccc1OCC(=O)[O-]
CN(C)c1cc[n+]2c(c1)C(=O)c1ccccc21,O=N(=O)c1ccc([O-])cc1
Clc1ncccc1C(=O)[O-],[NH3+]C(C)C(=O)OCC
Cc1[nH+]c2c(O)cccc2cc1,OC(=O)CCC(=O)[O-]
Oc1ccc(F)cc1C(=O)[O-],C[NH+](C)c1ccc(cc1)C=NO
