coformer1,coformer2
NC(=O)c1ccncc1,CC(C)N=NC(C)(C)OO
Nc1nc(N)nc(N)n1,c1ccc2nc3ccccc3nc2c1
OC(=O)c1cc(O)cc(O)c1,OCC(O)=O
OC(=O)C=Cc1ccccc1,CCCCCCO
NC(=O)c1cccnc1,c1cc(ccn1)C=Cc1ccncc1
O=C(NC(=S)NNC(=S)NC(=O)c1ccccc1)c1ccccc1,c1cnc2c(c1)ccc1cccnc21
CCOc1ccccc1C(N)=O,Nc1ncccn1
C1CN2CCN1CC2,c1cc(ccn1)C=Cc1ccncc1
NC(=O)c1ccncc1,NC1=C(C#N)c2c(F)c(F)c(F)c(F)c2C1(F)F
Cc1nc(C)c(C)nc1C,C1CN2CN3CCN(CN1C3)C2
OC(=O)c1ccc(cc1)C(O)=O,Oc1ccc2c(Oc3cc(O)ccc3C32OC(=O)c2ccccc32)c1
C(Cc1ccncc1)c1ccncc1,O=C(NN=Cc1ccncc1)c1cccnc1
Cc1nc(C)c(C)nc1C,c1cc(ccn1)c1ccncc1
OC(=O)c1ccc(OCCCCCC#N)cc1,OC(=O)C(O)=O
OC(=O)C=Cc1ccc(O)cc1,COc1ccc(OC)cc1
CC(=O)Nc1ccc(cc1)C(O)=O,NC1=C(c2c(F)c(F)c(F)c(F)c2C1(F)F)C(=O)C(F)(F)F
NC(=NO)C(N)=NO,O=P(c1ccccc1)(c1ccccc1)c1ccccc1
Nc1ncccn1,c1cc(ccn1)C=Cc1ccncc1
c1cc(ccn1)C=Cc1ccncc1,NC(=O)C1c2ccccc2C=Cc2ccccc12
Nc1nnc(c(N)n1)c1cccc(Cl)c1Cl,c1cc(ccn1)C=Cc1ccncc1
CCOc1ccccc1C(N)=O,N1C2=NON=C2NC2=NON=C12
COC(=O)C=Cc1ccccn1,O=C1NS(=O)(=O)c2ccccc12
OC(=O)c1cc(O)c(O)c(O)c1,Oc1cccc(O)c1
Brc1cncc(Br)c1,BrC1=C(Br)C(=O)NC1=O
ON=C1CCCCC1=NO,Oc1ccc(O)cc1
OC(=O)c1ccc(cc1)C(O)=O,OC(=O)CCC(O)=O
OC(=O)c1ccc2C(=O)OC(=O)c2c1,CN(C)c1ccncc1
c1cc(ccn1)c1ccncc1,CC(C)=NNC(=O)c1cccnc1
c1cc(ccn1)C=Cc1ccncc1,C1N2CN3CN1CN(C2)C3
c1cc(ccn1)c1ccncc1,N#Cc1cc(C#N)c(cc1C#N)C#N
c1cc(ccn1)c1ccncc1,c1ccc2ncccc2c1
OCCCCCCCCCCO,Cc1ccc2N=C(N)Sc2c1
NC(=O)c1cccnc1,C1CN2CCN1CC2
NC1=Nc2ccc(OC(F)(F)F)cc2S1,c1ccccc1
C1N2CN3CN1CN(C2)C3,c1cc(ccn1)C=Cc1ccncc1
CN1C=NC2=C1C(=O)N(C)C(=O)N2C,c1cc(ccn1)c1ccncc1
OC1=CC(=O)C(=CC1=O)O,OC(=O)CCC(O)=O
NC(N)=S,O=C1C(=O)C(=C1NCc1ccccn1)NCc1ccccn1
c1cc(ccn1)c1ccncc1,CC1=NN2C=C(C)N=C2S1
Nc1nnc(c(N)n1)c1cccc(Cl)c1Cl,c1ccccc1
OC(=O)c1c(O)cc(O)cc1O,Nc1ccc(cc1)C(O)=O
Oc1cc(O)c(Cl)cc1Cl,O=C1NC(=O)C2=C1C(=O)c1cccc3cccc2c13
OC(=O)COc1ccc(Cl)cc1Cl,OC(=O)c1ccc(F)cc1
c1cc(ccn1)c1ccncc1,CN(C)C=O
c1cc(ccn1)c1ccncc1,CS(C)=O
CC(=O)Nc1ccccn1,NC(=O)N1c2ccccc2CCc2ccccc12
Nc1nc(N)nc(N)n1,c1cc(ccn1)c1ccncc1
NC1=NN=NN1NC1=NN=C(NN2N=NN=C2N)N=N1,Cc1cc(C)nc(NS(=O)(=O)c2ccc(N)cc2)n1
S1c2ccccc2c2ccccc12,NC(=O)C(Br)(Br)Br
c1cc(ccn1)C=Cc1ccncc1,C1CN2CCN1CC2
Oc1cccc(O)c1,OC(=O)c1cccc(C(O)=O)c1C(O)=O
OC(=O)CCC(O)=O,OC(=O)C#C
Cc1ccnc(NS(=O)(=O)c2ccc(N)cc2)n1,NC1=C(SC(=NN=C(C#N)C#N)N1c1ccccc1)C#N
CS(C)=O,OC(=O)CCC(O)=O
c1cc(ccn1)c1ccncc1,C(Cc1ccncc1)c1ccncc1
OC(=O)CN1C(=O)c2ccc3C(=O)N(CC(O)=O)C(=O)c4ccc(C1=O)c2c34,C(N1C=CN=C1c1ccccc1)c1cccnc1
c1cc(ccn1)c1ccncc1,N#Cc1cc(C#N)c(cc1C#N)C#N
C1CN2CCN1CC2,c1cc(ccn1)c1ccncc1
NC(=O)c1ccncc1,Nc1ncccn1
COc1ccc(cc1)C(O)=O,OC(=O)c1ccc(O)cc1
c1ccc2nccnc2c1,c1cc(ccn1)c1ccncc1
c1ccc2c(c1)cnc1ccccc21,NC(=O)c1ccncc1
OC(=O)c1cc(O)c(cc1O)C(O)=O,CN(C)C=O
CCCCCCCCC(O)=O,OC(=O)CCCC(O)=O
Cc1cccc(Nc2ccccc2C(O)=O)c1C,Oc1ccc2ccccc2c1c1c(O)ccc2ccccc12
c1cc(ccn1)c1ccncc1,C1COCCO1
OC(=O)C=Cc1ccccc1,COc1cc(ccc1O)C(O)=O
N#Cc1cc(C#N)c(cc1C#N)C#N,OC(=O)CCC(O)=O
Nc1ccccc1C(O)=O,CC(C)(c1ccc(O)cc1)c1ccc(O)cc1
N#Cc1ccncc1,NC(=O)c1cccnc1
c1ccc2nc3ccccc3nc2c1,CCCCCCCCCO
NC(=O)N1c2ccccc2C=Cc2ccccc12,CS(C)=O
CCCCCCO,CCCC(O)=O
CN(C)C=NN=CN(C)C,c1ccccc1
NNC(=O)c1ccncc1,NC1=Nc2ccc(Br)cc2S1
O=C1C=CC(=O)C(=C1C#N)C#N,OC(=O)c1cc(cc(c1)C(O)=O)C(O)=O
BrN1C(=O)c2ccccc2C1=O,FC1=C(F)C(C(=C(F)C1=C(C#N)C#N)F)=C(C#N)C#N
c1ccc2nc3ccccc3cc2c1,NC(=O)CN1CCCC1=O
Oc1cccc2cccnc12,c1cc(ccn1)c1ccncc1
OC(=O)c1ccc(O)cc1O,OC(=O)CCC(O)=O
OC(=O)C=CC(O)=O,OC(=O)CCCC(O)=O
NC(=O)N1c2ccccc2CCc2ccccc12,Oc1cccc(O)c1
c1cc(ccn1)C=Cc1ccncc1,C1CN2CCN1CC2
OC(=O)CCC(O)=O,OC1=C(Cl)C(=O)C(=C(Cl)C1=O)O
OC1=C(Cl)C(=O)C(=C(Cl)C1=O)O,FC1=C(F)C(C(=C(F)C1=C(C#N)C#N)F)=C(C#N)C#N
NN1C=CN=N1,OC(=O)c1ccc(O)cc1O
c1cc(ccn1)C=Cc1ccncc1,NCc1ccccc1
Cc1c(O)cccc1O,CS(C)=O
OC(=O)c1cccc(Cl)c1,OC(=O)C1=CC=C(Cl)S1
CCN1C(=O)C(SC1=S)=C1SC(=S)N(CC)C1=O,CN(C)C(C)=O
NC(=O)c1ccc(O)cc1,CN(C)C=O
OC(=O)c1cc(O)cc(O)c1,NC(N)=S
O=C1CC2(CCCCC2)CN1,Clc1c(Cl)c(Cl)c2C(=O)NC(=O)c2c1Cl
CN1C=CC(=O)C(=C1C)O,C(N1C=CN=C1C1=NC=CN1Cc1ccccn1)c1ccccn1
NC(=O)c1ccncc1,Nc1ncccn1
CN1C=CC(=O)C(=C1C)O,Cc1nc(C)c(C)nc1C
Nc1ccccc1,c1cc(ccn1)c1ccncc1
c1cnc2c(c1)ccc1cccnc21,CCC(C(O)=O)C(O)=O
CC(=O)Nc1cccc(c1)C(O)=O,OC(=O)COC(=O)Cc1ccccc1Nc1c(Cl)cccc1Cl
C1CN2CCN1CC2,CN(C)C=O
Oc1cc(O)c(Br)cc1Br,CCCCCCCCCCC(O)=O
c1ccncc1,c1cc(ccn1)c1ccncc1
N#Cc1cc(C#N)c(cc1C#N)C#N,CC(C)O
C1CCOC1,NC(=O)CN1CCCC1=O
NC(=O)c1ccncc1,C(N1C=CN=C1)c1ccc(CN2C=CN=C2)cc1
OC(=O)CCC(O)=O,CN(C)C=O
OC(=O)c1ccc2ccccc2c1c1c(ccc2ccccc12)C(O)=O,Cc1cccc(Nc2ccccc2C(O)=O)c1C
OC(=O)C=Cc1ccccc1,Cc1ccccc1C(O)=O
NC(=O)c1ccncc1,C1CN2CCN1CC2
c1cc(ccn1)c1ccncc1,Cc1nc(C)c(C)nc1C
Nc1nnc(c(N)n1)c1cccc(Cl)c1Cl,OC(c1ccccc1)=C(C=C(C#N)C(=O)c1ccccc1)C#N
c1cc(ccn1)C=Cc1ccncc1,c1ccc2nc3ccccc3cc2c1
OC(=O)c1ccc(O)cc1,OB(O)c1ccc(cc1)C#N
OC(=O)CCC(O)=O,OC(=O)C=Cc1ccccc1
NC1=Nc2ccc(OC(F)(F)F)cc2S1,c1cc(ccn1)C=Cc1ccncc1
CC(C)O,Cc1nc(C)c(C)nc1C
c1ccc2c(c1)c1ccccc1c1ccccc21,Nc1ncccn1
NC(N)=O,NS(=O)(=O)C(F)(F)F
c1ccc2ncccc2c1,O=C(NC(=S)NNC(=S)NC(=O)c1ccccc1)c1ccccc1
Cc1cc(C)cc(C)c1,c1cc(ccn1)c1ccncc1
CC(=NO)C(C)=NO,OCC(F)(F)F
COc1ccc(NS(=O)(=O)c2cccc(C)c2)cc1,OC(=O)c1ccccc1O
NC(=O)c1ccncc1,FC1=C(F)C(C(=C(F)C1=C(C#N)C#N)F)=C(C#N)C#N
Oc1ccc(O)cc1,c1ccccc1
CN1C=NC2=C1C(=O)N(C)C(=O)N2C,c1ccc2nc3ccccc3cc2c1
OC(=O)CCC(O)=O,OC(=O)c1cc(Cl)cc(Cl)c1
O=C1C(=O)C(=C1NCc1ccccn1)NCc1ccccn1,CCc1nc(N)nc(N)c1c1ccc(Cl)cc1
OC(=O)c1cc(O)cc(O)c1,OB(O)c1ccc(Br)cc1
c1cc(ccn1)c1ccncc1,CN(C)C=O
OC(=O)CCC(O)=O,CC1(C)C(C(O)=O)C1(C)C
OC=O,CC1(C)CC(=O)NC(=O)C1
NC(=O)c1nc(F)cnc1O,Cc1cccc2SC(=Nc12)N
C1COCCOc2ccccc2OCCOCCO1,OC(=O)c1cccc(Cl)c1
BrC1=C(Br)C(=O)C(=C(C#N)C1=O)C#N,C1CN2CCN1CC2
Cc1cccc(Nc2ccccc2C(O)=O)c1C,Nc1ccc(cc1)S(=O)(=O)Nc1ncccn1
Nc1cccc(O)c1,OB(O)c1ccc(Br)cc1
c1cc(ccn1)C=Cc1ccncc1,CN1c2ccccc2N=C1c1ccncc1
OC(=O)C=Cc1ccccc1,OC(=O)c1ccccc1O
NC(=O)c1ccncc1,C1COCCN1
CCOC(=O)C1=C(N)c2c(O1)c(Cl)c(Cl)c(O)c2C#N,c1ccc(C=NN=Cc2ccccn2)nc1
C1=CN(C=N1)c1cncnc1,NC(=O)C1=NON=C1N=NC1=NON=C1C(N)=O
CNC(=S)NN=C(C)C(C)=NNC(=S)NC,CCN(CC)CC
CN1C=NC2=C1C(=O)N(C)C(=O)N2C,c1cnc2c(c1)ccc1ncccc21
c1ccccc1,OC(=O)CCCC(O)=O
OC(=O)c1cc(cc(c1)C(O)=O)C(O)=O,Oc1ccc(O)cc1
Oc1ccc(C=O)c(O)c1,Oc1ccc(O)cc1
Cc1cc(C)nc(C)c1,OC(=O)c1ccc2ccccc2c1O
OC(=O)c1ccc(O)cc1O,ON=C1CCCCC1=NO
Cc1cccc(C)c1NC(=O)CN1CCCC1=O,Nc1ccc(Sc2ccc(N)cc2)cc1
N#Cc1ccncc1,NC(N)=O
CC1=CN=C(N)S1,Cc1ccccc1S(N)(=O)=O
c1cc(ccn1)c1ccncc1,C1CN2CCN1CC2
Clc1ccc(cc1)c1ccccc1NC(=O)c1cccnc1Cl,OCC(O)=O
CN(C)c1ccncc1,CN(C)C=O
NC(=O)c1cccnc1,c1cc(ccn1)C=Cc1ccncc1
Cc1c(O)cccc1O,COc1ccc(cc1OC)C(=NO)C#N
NC(=O)c1ccncc1,CC1=CSC(=N1)N
NC(=O)c1ccncc1,Nc1ncccn1
NC(=O)c1ccncc1,O=C1NC(=O)C=C1
OC(=O)CCC(O)=O,OC1=C(Cl)C(=O)C(=C(Cl)C1=O)O
C1N2CN3CN1CN(C2)C3,Clc1ccccc1Cl
Cc1cc(O)cc(O)c1,Cc1ccccc1C(O)=O
c1cc(ccn1)C=Cc1ccncc1,NNC(=O)c1ccncc1
OC(=O)c1ccccc1O,CS(C)=O
CNC(=S)NN=Cc1ccc(O)cc1O,CN(C)c1ccncc1
C1N2CN3CN1CN(C2)C3,CN(C)C=O
NNC(=O)c1ccncc1,CC1(C)N2C(=Nc3ccc(Cl)c(Cl)c3C2=O)NC1=O
Cc1cc(C)nc(NS(=O)(=O)c2ccc(N)cc2)n1,NC(=O)N1c2ccccc2CCc2ccccc12
CN(C)C=O,OC(C(F)(F)F)C(F)(F)F
NC1=NC2=NC(=NC3=NC(=NC(=N1)N23)N)N,NC(N)=O
NC(N)=S,CC(=O)NC1=NN=C(S1)S(N)(=O)=O
c1cnc2c(c1)ccc1cccnc21,BrN1C(=O)c2ccccc2C1=O
c1cc(ccn1)c1ccncc1,Cc1ccc2ccc3ccc(C)nc3c2n1
OC(=O)c1cc(O)ccc1O,c1ccc2cc3ccccc3cc2c1
NC(N)=S,CC(=NO)c1ccccc1
NS(=O)(=O)c1cc2c(NCNS2(=O)=O)cc1Cl,OC(=O)c1ccccc1O
CC(=O)Nc1ccccn1,NC(N)=O
c1cc(ccn1)C=Cc1ccncc1,NNC(=O)c1ccncc1
NC1=NN=NN1NC1=NN=C(NN2N=NN=C2N)N=N1,N#Cc1ccncc1
OC(=O)c1cccc(c1)C(O)=O,Cc1c(O)cccc1O
OC(=O)CCCCCCCCC(O)=O,c1ccccc1
NS(=O)(=O)c1cc2c(NCNS2(=O)=O)cc1Cl,OC(=O)CCCCCCCCC(O)=O
c1ccc2cc3ccccc3cc2c1,OC(=O)CCCC(O)=O
c1cc(ccn1)c1ccncc1,C1N2CN3CN1CN(C2)C3
FC1=C(F)C(C(=C(F)C1=C(C#N)C#N)F)=C(C#N)C#N,OC(=O)CCCCCCC(O)=O
CC1=CN=C(N)S1,ClC1=C(Cl)C(=O)NC1=O
OC(=O)CCC(O)=O,OC(=O)c1cccc2ccccc12
Nc1nc(N)nc(N)n1,COc1cccc(c1)C1(O)c2ccccc2Oc2ccccc12
CN(C)c1cccc(c1)C(O)=O,OC(=O)C(O)=O
OC=O,S1c2ccccc2c2ccccc12
CN(C)C=O,O=Cc1ccncc1
NC(=O)CN1CCCC1=O,c1cc(ccn1)c1ccncc1
OC(=O)c1ccc(O)cc1,OC=O
CCCCCCCCCO,Oc1c(Cl)c(Cl)c(Cl)c(Cl)c1Cl
N#Cc1ccncc1,c1cc(ccn1)c1ccncc1
OC(=O)CN1C(=O)c2cc3C(=O)N(CC(O)=O)C(=O)c3cc2C1=O,Cl
c1cc(ccn1)c1ccncc1,OC(C(F)(F)F)C(F)(F)F
c1ncncn1,N#CC(C#N)=C1C=CC(C=C1)=C(C#N)C#N
Oc1cccc(O)c1,CC(=O)NC1=NN=C(S1)S(N)(=O)=O
OC(=O)c1ccccc1O,OC(=O)CSCc1ccc(CSCC(O)=O)cc1
CN(C)C=O,Cc1ccncc1
c1cc(ccn1)N=Nc1ccncc1,COc1ccc2cccc(CCNC(C)=O)c2c1
OC(=O)c1cc(O)cc(O)c1,OC(=O)c1cccc(O)c1
NS(=O)(=O)c1cc(C(O)=O)c(NCC2=CC=CO2)cc1Cl,OC(=O)CCCCC(O)=O
CC=CC1=C(O)C(=O)C2=C(O1)C(=O)NC2=O,Cc1cccc(Nc2ccccc2C(O)=O)c1C
NC(=O)c1ccncc1,Nc1ncncn1
Brc1c2ccccc2cc2ccccc12,Cc1nc(C)c(Cl)c(N)n1
OC(=CC(=O)c1ccccc1)c1ccncc1,Nc1ccc(cc1)S(=O)(=O)Nc1ncccn1
OC(=O)CNS(=O)(=O)c1cccc(c1)C(O)=O,CC(C)(O)C#Cc1cccc(Br)n1
Brc1cncc(Br)c1,CN1C=NC2=C1C(=O)N(C)C(=O)N2C
c1cc(ccn1)c1ccncc1,OC(C(F)(F)F)C(F)(F)F
C1N2CN3CN1CN(C2)C3,NC(=O)c1ccncc1
COc1cc(ccc1O)C(O)=O,O=C1NS(=O)(=O)c2ccccc12
OC1=C(Br)C(=O)C(=C(Br)C1=O)O,OC(=O)c1cc(O)cc(O)c1
Cc1nc(N)nc(N)n1,C1COCCOCCOCCO1
OC(=O)C=CC(O)=O,OC(=O)C(O)=O
OC(=O)C=Cc1ccccc1,OC(=O)c1ccc(O)c(O)c1
C1N2CN3CN1CN(C2)C3,CN1C(=NC(=Cc2ccc3OCOc3c2)C1=O)N
OC(=O)CCCCCC(O)=O,OC(CN1C=NC=N1)(CN1C=NC=N1)c1ccc(F)cc1F
Oc1ccc2ccccc2c1c1c(O)ccc2ccccc12,O=S(c1ccccc1)c1ccccc1
C1CN2CN3CCN(CN1C3)C2,Fc1c(F)c(c(F)c(F)c1Br)c1c(F)c(F)c(Br)c(F)c1F
OC(=O)CCCCC(O)=O,Oc1ccc(Cl)c(Cl)c1Cl
CC(=CC(O)=O)C(O)=O,NC(N)=S
O=C1NS(=O)(=O)c2ccccc12,C1N2CN3CN1CN(C2)C3
C1N2CN3CN1CN(C2)C3,c1ccncc1
c1cc(ccn1)C=Cc1ccncc1,N#Cc1ccncc1
c1cc(ccn1)c1ccncc1,C1CN2CCN1CC2
OC(=O)CCC(O)=O,CC#CC(O)=O
NNC(=O)c1cccnc1,NS(=O)(=O)c1cc2c(NCNS2(=O)=O)cc1Cl
Cc1cc2N=CN(Cc3ccncc3)c2cc1C,OC(=O)c1ccc2cc(ccc2c1)C(O)=O
c1cc(ccn1)C=Cc1ccncc1,OC(CN1C=NC=N1)(CN1C=NC=N1)c1ccc(F)cc1F
Oc1ccc2ccc(O)cc2c1,OC(=O)c1ccccc1Cl
Cc1cc(C)nc(NS(=O)(=O)c2ccc(N)cc2)n1,NC(N)=O
Nc1ccccc1C(O)=O,OC(=O)c1c(O)cccc1O
CN1C=CN=C1,OC(=O)c1ccc(O)cc1O
Nc1nc(N)nc(N)n1,COc1ccc(NS(=O)(=O)c2cccc(Cl)c2)cc1OC
OC(=O)c1ccc(O)cc1O,OC(=O)c1ccc2cc(ccc2c1)C(O)=O
c1cc(ccn1)C=Cc1ccncc1,c1cc(ccn1)c1ccncc1
Nc1ncccn1,CC(=O)NC1=NN=C(S1)S(N)(=O)=O
OC(=O)CCCCCCCCC(O)=O,COc1ccc(cc1OC)C(=NO)C#N
C1COCCOCCOCCO1,c1cc(ccn1)C=Cc1ccncc1
c1ccc2nc3ccccc3cc2c1,C1COCCN1
Nc1ccc(C(O)=O)c(O)c1,COc1cccc(c1)C1(O)c2ccccc2Oc2ccccc12
c1cc(ccn1)C=Cc1ccncc1,c1cc(ccn1)c1ccncc1
CN(C)C=O,N#Cc1ccncc1
O=P(c1ccccc1)(c1ccccc1)c1ccccc1,OC(=O)C=Cc1ccc(O)cc1
CN(C)c1ccc(cc1)C=NNC(N)=S,CC(=O)c1cccc2cccc(O)c12
OC(=O)Cc1ccccc1,CC(=O)NC1=NN=C(S1)S(N)(=O)=O
OCC(O)=O,OC(=O)c1ccc(O)cc1O
CN(C)C=O,c1ccccc1
NS(=O)(=O)c1cc(C(O)=O)c(NCC2=CC=CO2)cc1Cl,Cc1cccc2SC(=Nc12)N
NC(=O)c1ccncc1,NC(N)=S
Oc1cc(O)cc(O)c1,Oc1ccc2ccccc2c1c1c(O)ccc2ccccc12
CC(C)O,OC(=O)c1ccc(O)cc1
Oc1ccc(O)cc1,OC(=O)c1cc(C(O)=O)c(cc1C(O)=O)C(O)=O
O=C1NS(=O)(=O)c2ccccc12,OC(=O)CCCC(O)=O
c1ccc2nc3ccccc3nc2c1,NC(=O)C(Br)(Br)Br
Cc1cccc(Nc2ccccc2C(O)=O)c1C,O=C1CCCN1
CN1C(=O)N(C)C2=C(N(CC3OCCO3)C=N2)C1=O,Cc1nc(C)c(C)nc1C
NC(=O)c1cccnc1,CN(C)C=O
Oc1ccc(cc1)c1ccc(O)cc1,OC(=O)c1cccc(c1)C(O)=O
NC(N)=O,Cc1ccc(cc1)C1=CC(F)(F)C(=O)Nc2ccccc12
NC(=O)c1cccnc1,c1ccc2c(c1)cnc1ccccc21
OC(=O)C=CC(O)=O,O=C1C=CC(=O)C=C1
OB(O)O,OC(=O)c1ccc(O)cc1
c1cc(ccn1)C=Cc1ccncc1,c1ccncc1
Oc1ccc(cc1)c1ccc(O)cc1,C1COCCO1
Cc1ccc(cc1)c1nc(N)nc(N)n1,NC1=Nc2ccc(Br)cc2S1
Oc1ccc2c(Oc3cc(O)ccc3C32OC(=O)c2ccccc32)c1,NNC(=O)c1ccncc1
c1ccncc1,OC(=O)C1=CC=C(Cl)S1
c1cc(ccn1)C=Cc1ccncc1,OC(=O)CN1CSCCSC1
CCC1=C(C)C2=CC3=CC=C(C=NO)N3C(=O)N2C1=O,OC(=O)CCC(O)=O
NC(=O)c1cccnc1,c1cc(ccn1)C=Cc1ccncc1
FC1=C(F)C(C(=C(F)C1=C(C#N)C#N)F)=C(C#N)C#N,NC(=O)c1cccnc1
c1cc(ccn1)c1ccncc1,CS(C)=O
NNC(=O)c1ccncc1,Nc1nc(N)nc(n1)c1ccccc1
NS(=O)(=O)c1cc(C(O)=O)c(NCC2=CC=CO2)cc1Cl,C1CN2CCN1CC2
CN1N(C(=O)C=C1C)c1ccccc1,C1=CN(C=N1)c1ccc(cc1)N1C=CN=C1
NC(=O)c1cccnc1,C(Cc1ccncc1)c1ccncc1
CC(=O)Nc1ccccn1,NNC(=O)c1ccncc1
CCCOc1ccc2ncnc3c4ccccc4Sc1c23,CN(C)c1ccc(cc1)N(C)C
CC(=O)Nc1ccc(O)cc1,COc1cc(O)cc(O)c1
c1ccc2c(c1)c1ccccc1c1ccccc21,CN(C)c1ccncc1
CN1C=CC(=O)C(=C1C)O,O=C(Nc1cccnc1)c1ccccc1
Cc1nccnc1C,c1cc(ccn1)c1ccncc1
OC(=O)c1ccc(F)c(F)c1F,NC(=O)c1cnccn1
OC(=O)c1ccc(Cl)cc1,O=P(c1ccccc1)(c1ccccc1)c1ccccc1
COc1cc(O)cc(O)c1,Oc1ccc(cc1)c1ccc(O)cc1
CCCN(CCC)S(=O)(=O)c1ccc(cc1)C(O)=O,ON1CCN(O)CC1
O=C(Nc1ccccn1)c1ccncc1,Nc1ccc(cc1)C(O)=O
OC(c1ccccc1)=C(C=C(C#N)C(=O)c1ccccc1)C#N,OC(=O)c1cc(O)cc(O)c1
Nc1ccc(Cc2ccc(N)cc2)cc1,c1cnc2c(c1)ccc1cccnc21
c1ccc(C=Cc2ccccn2)nc1,C1CN2CCN1CC2
OC(=O)c1cccc(O)c1,OC(=O)C=Cc1ccccc1
OC(=O)C1=CC=C(Cl)S1,OC(=O)C=CC(O)=O
CCOc1ccccc1C(N)=O,O=C(c1ccccc1)c1ccncc1
OC(=O)c1cccc(O)c1,OC(=O)c1ccc(O)cc1
C1CN2CCN1CC2,O=C1C(=C(C#N)C(=O)C(=C1C#N)C#N)C#N
OC(=O)C(O)=O,OC(=O)Cc1ccccc1
c1ccc2nc3ccccc3nc2c1,OC(=O)CN1C(=O)c2ccc3C(=O)N(CC(O)=O)C(=O)c4ccc(C1=O)c2c34
OC(=O)CCC(O)=O,C1COCCO1
c1cc(ccn1)C=Cc1ccncc1,N#Cc1ccncc1
CC(C)(C)OC(=O)NCC1=NC(=CS1)C1=NC(=CS1)C(O)=O,c1cc(ccn1)c1ccncc1
NC(=O)NN=C1C(=O)c2ccccc2c2ccccc12,OC(=O)c1cc(O)ccc1O
c1cc(ccn1)c1cncnc1,c1cc(ccn1)C=Cc1ccncc1
OC(=O)c1cc(cc(c1)C(O)=O)C(O)=O,OC(=O)CCCCCCC(O)=O
c1cnc2ncccc2c1,Cc1cccc2SC(=Nc12)N
OC(=O)c1c(F)c(F)c(C(O)=O)c(F)c1F,ON1C(=O)c2c(Cl)c(Cl)c(Cl)c(Cl)c2C1=O
ON=C1C(=O)NC(=O)NC1=O,OC(=O)CCC(O)=O
OC(=O)c1cc(O)cc(O)c1,OC(=O)c1ccc(cc1)c1ccccc1
CN1C=NC2=C1C(=O)N(C)C(=O)N2C,c1ccc2cnccc2c1
O1C(=CN=C1c1ccccc1)c1ccccc1,N#Cc1cc(C#N)c(cc1C#N)C#N
Nc1ccc(cc1)C1=Nc2cc3N=C(Oc3cc2O1)c1ccc(N)cc1,OC(=O)c1ccc(O)cc1
OC(=O)C(O)=O,OC(=O)c1cc(C(O)=O)c(cc1C(O)=O)C(O)=O
c1ccccc1,Nc1ccccc1N
c1cc(ccn1)c1ccncc1,Cc1nc(C)c(C)nc1C
Cc1cc2N=CN(Cc3ccncc3)c2cc1C,Clc1ccc(cc1)C=C1SC(=S)NC1=O
c1ccncc1,c1ccc(C=Cc2ccccn2)nc1
Cc1cccc(Nc2ccccc2C(O)=O)c1C,COc1cccc(c1)C1(O)c2ccccc2Oc2ccccc12
Cc1c(O)cccc1O,OC(=O)c1ccc(Br)cc1
OC(=O)CCC(O)=O,ClC1=CC(C(=CC1=C(C#N)C#N)Cl)=C(C#N)C#N
NS(=O)(=O)c1ccc(Cl)cc1,Cc1ccnc(NS(=O)(=O)c2ccc(N)cc2)n1
c1cc(ccn1)C=Cc1ccncc1,NC(=O)C1c2ccccc2C=Cc2ccccc12
c1cc(ccn1)c1ccncc1,Cc1nc(C)c(C)nc1C
OC(=O)c1cc(O)ccc1O,OC(=O)C(O)=O
NC(N)=S,OC(=O)C1=CC=C(Cl)S1
c1cc(ccn1)C=Cc1ccncc1,NC=S
CN1N(c2ccccc2)C(=O)C(=C1C)N,O=C(Nc1ccccn1)c1cccnc1
OC(=O)CCC(O)=O,CN(C)C=O
c1ccncc1,O=P(c1ccccc1)(c1ccccc1)c1ccccc1
c1cc(ccn1)c1ccncc1,C1N2CN3CN1CN(C2)C3
c1cc(ccn1)c1ccncc1,C1N2CN3CN1CN(C2)C3
OC(=O)CCC(O)=O,OC(=O)CCCCC(O)=O
Nc1c(Cl)cc(cc1Cl)S(N)(=O)=O,OC(=O)c1cc(Cl)cc(Cl)c1O
BrN1C(=O)c2ccccc2C1=O,CN(C)C=O
OC(=O)c1ccc(C(O)=O)c(c1)C(O)=O,Oc1c(F)c(F)c(F)c(F)c1F
OC(=O)C=CC(O)=O,OC(=O)CCCCCC(O)=O
CN1C=NC2=C1C(=O)N(C)C(=O)N2C,c1cc(ccn1)c1ccncc1
Fc1c(F)c(F)c(F)c(F)c1F,OC(=O)c1ccc2ccccc2c1O
c1cc(ccn1)C=Cc1ccncc1,Cc1ccncc1
CC(C)(C)c1ccc(cc1)C(O)=O,OC(=O)CCC(O)=O
c1cc(ccn1)c1ccncc1,Cc1nc(C)c(C)nc1C
OC(=O)c1ccc(cc1)C(O)=O,NC(N)=O
OC=O,OC(=O)c1cc(cc(c1)C(O)=O)C(O)=O
NS(=O)(=O)c1ccccc1,OC(=O)CCC(O)=O
c1cc(ccn1)c1ccncc1,CC(C)=NNC(=O)c1ccncc1
Nc1ccc(cc1)c1ccc(N)cc1,Cc1nc(C)c(C)nc1C
Cc1cc(C)nc(N)n1,CN(C)C=O
NC(=O)c1ccc(Br)cc1,Oc1cc(O)cc(O)c1
OC(=O)C1=CC=C(Cl)S1,OC(=O)c1cc(cc(c1)C(O)=O)C(O)=O
ON=C1CCCCC1,Oc1ccc(cc1)N=Nc1ccc(cc1)C(O)=O
NC1=Nc2ccc(OC(F)(F)F)cc2S1,NS(=O)(=O)Oc1ccc2C3=C(CCCCC3)C(=O)Oc2c1
c1cc(ccn1)C=Cc1ccncc1,c1cc(ccn1)c1ccncc1
CC(=O)NC(=S)NC(C)=O,c1cc(ccn1)C=Cc1ccncc1
CC1=CN=C(NC(=O)c2ccccc2)S1,c1ccc(nc1)c1nnc(nn1)c1ccccn1
O1C(=Nc2ccccc12)C=Cc1ccncc1,OCC(O)=O
O=C1NCCNc2ccc(cc2S(=O)(=O)c2ccccc12)C#N,Cc1cccc(Nc2ccccc2C(O)=O)c1C
C1N2CN3CN1CN(C2)C3,Cc1ccncc1
NC1=Nc2cc(Cl)ccc2O1,c1cc(ccn1)c1cncnc1
OC(=O)CCC(O)=O,OC=O
c1cnc2c(c1)ccc1cccnc21,Cc1nc(N)nc(N)n1
Cc1cc(C)nc(N)n1,O=Cc1ccncc1
OC(=O)C=Cc1ccccc1,Oc1cccc(O)c1
Oc1cc(O)c(Cl)cc1Cl,Oc1cc(O)cc(O)c1
C1COCCOCCOCCO1,CN(C)C(C)=O
c1cc(ccn1)c1ccncc1,c1ccccc1
c1cc(ccn1)C=Cc1ccncc1,CC1(C)CC(=O)NC(=O)C1
CN(C)P(=O)(N(C)C)N(C)C,OC(=O)c1ccccc1O
c1cc(ccn1)C=Cc1ccncc1,c1cc(ccn1)c1ccncc1
OC(=O)c1cccc(O)c1,OC(=O)C(O)=O
OC(=O)CCC(O)=O,OC(=O)COc1ccc2ccccc2c1
NS(=O)(=O)c1cc2c(NCNS2(=O)=O)cc1Cl,Cc1ccnc(NS(=O)(=O)c2ccc(N)cc2)n1
NC(N)=NC1=NC(=CS1)CSCCC(N)=NS(N)(=O)=O,O=C1CCC(=O)N1
CC(=O)Nc1ccc(O)cc1,OC(=O)c1ccc(cc1)C#N
c1cc(ccn1)C=Cc1ccncc1,C(CCN1C=CN=C1)CN1C=CN=C1
OC(=O)c1cccc(c1)C(O)=O,Oc1ccc2ccccc2c1
OC(=O)C=Cc1ccccc1,Cc1cccc(Nc2ccccc2C(O)=O)c1C
Cc1ccc(cc1)C(O)=O,OC(=O)c1ccc(Br)cc1
COc1cc(Cc2cnc(N)nc2N)cc(OC)c1OC,Nc1cccc(N)n1
NC1=Nc2cc(Cl)ccc2O1,CC(=O)NC1=NN=C(S1)S(N)(=O)=O
CC(=O)NC1=NN=C(S1)S(N)(=O)=O,Fc1c(F)c(F)c(F)c(F)c1F
c1cc(ccn1)c1ccncc1,N#Cc1ccncc1
NC(=O)c1ccc(O)cc1,c1cc(ccn1)C=Cc1ccncc1
COc1ccc(NS(=O)(=O)c2ccc3ccccc3c2)cc1,C1N2CN3CN1CN(C2)C3
Nc1ccccc1C(O)=O,OC(=O)c1c(O)ccc2ccccc12
OC(=O)Cc1ccc(O)c(Cl)c1,OC(=O)c1ccc(O)cc1
CS(C)=O,CN(C)C(C)=O
OC(=O)CNC(=S)NC(=O)c1ccccc1,Nc1ccc(cc1)C(O)=O
O=C(Nc1cccnc1)c1ccccc1,NC(=O)c1cccnc1
Clc1ccc(cc1)C=C1SC(=S)NC1=O,NC(=O)c1ccccc1
CN1C=NC2=C1C(=O)N(C)C(=O)N2C,c1cnc2c(c1)ccc1cccnc21
Clc1ccc(NC2=NCCN2)cc1,OC(=O)CCCC(O)=O
OC(=O)c1cc(O)c(O)c(O)c1,OC(=O)CCC(O)=O
C1N2CN3CN1CN(C2)C3,Cc1cccc(N)c1C
c1cc(ccn1)c1ccncc1,C(Cc1ccncc1)c1ccncc1
c1cc(ccn1)C=Cc1ccncc1,c1ccncc1
C1COCCN1,c1cc(ccn1)c1ccncc1
Nc1ncccn1,c1cc(ccn1)C=Cc1ccncc1
c1cc(ccn1)c1ccncc1,C1N2CN3CN1CN(C2)C3
c1cc(ccn1)c1ccncc1,CN(C)C=O
O=P(c1ccccc1)(c1ccccc1)c1ccccc1,OB(O)c1ccc(O)cc1
c1ncncn1,Nc1nc(N)nc(N)n1
OB(O)O,NC(=O)NN=C1C(=O)c2ccccc2c2ccccc12
OC(=O)c1cccc(O)c1,OC(=O)c1cc(O)ccc1O
CCc1nc(N)nc(N)c1c1ccc(Cl)cc1,c1ccc2nc3ccccc3nc2c1
CC(=O)NC1=NN=C(S1)S(N)(=O)=O,OC(=O)CCCCC(O)=O
Nc1ncccn1,C(Cc1ccncc1)c1ccncc1
NC(=O)c1cccnc1,C(Cc1ccncc1)c1ccncc1
c1ccc(cc1)c1ccncc1,CN(C)C=O
CC(=CC=C(C)C(O)=O)C(O)=O,ON=C1CCCCC1=NO
OCCCCCCO,COc1cc(C)nc(N)n1
OC(=O)c1cccc(n1)C(O)=O,Cc1ccc(cc1)C(O)=O
OC(=O)Cc1ccc(CC(O)=O)cc1,Oc1cccc(O)c1
OC(=O)C=CC(O)=O,OC(=O)C(O)=O
OC(=O)c1cc(F)c(F)cc1F,CCN1C(=O)SC(C1=S)=C1SC(=O)N(CC)C1=S
CN(C)C=O,CS(C)=O
c1cc(ccn1)c1ccncc1,Cc1nc(C)c(C)nc1C
NC(=O)c1ccncc1,CCNc1nc(Cl)nc(NC(C)C)n1
NC(N)=O,OC(=O)COC(=O)Cc1ccccc1Nc1c(Cl)cccc1Cl
CCCCCC(=O)c1c(O)cc(O)cc1O,CN(C)C=O
CN1C=CC(=O)C(=C1C)O,O=P(c1ccccc1)(c1ccccc1)c1ccccc1
CN1C=NC2=C1C(=O)N(C)C(=O)N2C,c1cnc2c(c1)ccc1cccnc21
N#Cc1cc(C#N)c(cc1C#N)C#N,O=C1CC2(CCCCC2)CN1
OC=O,N#Cc1cc(C#N)c(cc1C#N)C#N
Cc1c(Cl)cccc1Nc1ccccc1C(O)=O,OC(=O)c1cccc2C(=O)C(=C(Sc12)c1ccccc1)O
OC(=O)c1ccc(O)cc1,OC(=O)c1cccc(c1)C(O)=O
Clc1ccccc1Cl,Oc1ccc2ccccc2c1c1c(O)ccc2ccccc12
Nc1ncccn1,Fc1ccc(cc1)C=C1SC(=S)NC1=O
O=C1CC(=O)NC(=S)N1,C1CCOC1
CCOc1ccccc1C(N)=O,C1N2CN3CN1CN(C2)C3
OC(=O)c1ccc(cc1)c1ccccc1,OC(=O)CCC(O)=O
C1N2CN3CN1CN(C2)C3,c1ccncc1
COc1ccc(cc1)B(O)O,C1CN2CCN1CC2
CS(C)=O,CN(C)C(C)=O
OC(=O)c1ccc(O)cc1,OC(=O)CCC(O)=O
O=C1CC(=O)NC(=O)N1,OC(=O)CCC(O)=O
CN1C=CC(=O)C(=C1C)O,NS(=O)(=O)c1cc2c(NCNS2(=O)=O)cc1Cl
OC(=O)CCCCC(O)=O,CCN(CC)CC
COC(=O)C(=O)Nc1ccccc1NC(=O)C(=O)OC,OC(=O)c1ccc2ccccc2c1O
OB(O)c1ccc(O)cc1,NC(N)=S
c1cnc2ncccc2c1,CN1CCCN(C)C1=O
COc1ccc(cc1)C(O)=O,c1ccccc1
OC(=O)c1ccc(C(O)=O)c(c1)C(O)=O,OC(CC=C)(C(F)(F)F)C(F)(F)F
C1=CN(C=N1)c1cncnc1,Cc1ccc(cn1)C(N)=O
NC(N)=S,Clc1ccc(cc1)c1ccccc1NC(=O)c1cccnc1Cl
O=C1CCC(=O)N1,C1COCCOCCOCCO1
Cc1cccc2SC(=Nc12)N,NC(=O)c1ccncc1
Cc1c(O)cccc1O,OC(=O)c1ccccc1
OC(=O)CCCCCCC(O)=O,CN1C(=O)N(C)C(=O)C(O)(C1=O)C1(O)C(=O)N(C)C(=O)N(C)C1=O
Nc1cc(Cl)ccc1Cl,OC(=O)CCCC(O)=O
c1ccc2nccnc2c1,Cc1cc(C)nc(N)n1
NC(N)=O,Nc1ccc(Cc2ccc(N)cc2)cc1
O=C(Nc1ccccn1)c1cccnc1,c1ccc2nccnc2c1
Cc1cccc(Nc2ccccc2C(O)=O)c1C,NS(=O)(=O)c1cc2c(NCNS2(=O)=O)cc1Cl
c1cc(ccn1)c1ccncc1,CS(C)=O
OC(=O)CCC(O)=O,OC(=O)c1c(F)c(F)c(C(O)=O)c(F)c1F
OC(=O)CCC#C,OC(=O)c1ccc(cc1)C#N
Cc1ccccc1S(N)(=O)=O,OC(=O)c1ccc(O)cc1
Nc1ccc(cc1)S(N)(=O)=O,OC(=O)CCCC(O)=O
c1cncc(c1)C=Cc1cccnc1,NC(=O)c1ccncc1
O=C(NN=Cc1cccnc1)c1ccccn1,NC(N)=O
CN(C)C=C1SC2=NC(=O)c3ccccc3N2C1=O,OC(=O)CCC(O)=O
O1C(=NN=C1c1cccnc1)c1cccnc1,O1C(=NN=C1c1ccncc1)c1ccncc1
CN1C=NC2=C1C(=O)N(CCCCC(C)=O)C(=O)N2C,NC(=O)c1ccncc1
NC(=O)C1c2ccccc2C=Cc2ccccc12,c1cnc2c(c1)ccc1cccnc21
OC(=O)c1cccc(c1)C(O)=O,COc1ccc(cc1)C(O)=O
COC(=O)c1ccncc1,CC1(C)N(N=O)C(C)(C)c2ccccc12
NNC(=O)c1ccncc1,[O]n1ccn([O])c2ccccc12
OC(=O)C=CC(O)=O,OC(=O)CCCCCCC(O)=O
OC(=O)CCCC(O)=O,OC(=O)CCC(O)=O
c1cc(ccn1)C=Cc1ccncc1,BrN1C(=O)c2ccccc2C1=O
NC(=O)c1cccnc1,c1cc(ccn1)C=Cc1ccncc1
Nc1nc(N)nc(n1)c1ccccc1,c1cc(ccn1)c1ccncc1
Oc1ccc(N2C(=O)c3ccccc3C2=O)c(c1)C(O)=O,C1N2CN3CN1CN(C2)C3
NS(=O)(=O)c1cc(C(O)=O)c(NCC2=CC=CO2)cc1Cl,OC(=O)C=CC(O)=O
COc1ccc(cc1)C1(O)c2ccccc2Oc2ccccc12,OC(=O)c1ccc(Cl)cc1
OC(=O)c1ccccc1O,OC(=O)CCCCCCCCC(O)=O
N#Cc1ccncc1,c1cc(ccn1)C=Cc1ccncc1
c1cncc(c1)C=Cc1cccnc1,CN(C)C=O
CCCCCCCCCCCC(O)=O,Oc1cccc(O)c1
Nc1ccc(cc1)C(O)=O,OC(=O)CCCCCCCCC(O)=O
N#Cc1cc(C#N)c(cc1C#N)C#N,OC(=O)CCC(O)=O
OCCCCCCCCCCO,CN1C=NC2=C1C(=O)N(C)C(=O)N2C
c1ccc2nc3ccccc3cc2c1,CC1=CN(C(=O)C=C1)c1ccccc1
NS(=O)(=O)c1cc2c(NCNS2(=O)=O)cc1Cl,Cc1ccnc(NS(=O)(=O)c2ccc(N)cc2)n1
CCCN1C(=O)C(SC1=S)=C1SC(=S)N(CCC)C1=O,Nc1ncccn1
Cc1ccccc1C(O)=O,CC(=O)Nc1ccc(cc1)C(O)=O
Oc1cc(O)cc(Cl)c1,NC(=O)c1nc(F)cnc1O
OC(=O)c1ccc2ccccc2c1O,OC(=O)c1cc(O)cc(O)c1
Oc1ccc(cc1)C(c1ccccc1O)c1ccccc1O,COc1ccc2cccc(CCNC(C)=O)c2c1
CN1C=NC2=C1C(=O)N(C)C(=O)N2C,C1N2CN3CN1CN(C2)C3
C1COCCO1,Fc1c(F)c(F)c(F)c(F)c1F
c1cc(ccn1)c1ccncc1,c1ccc2c(c1)cnc1ccccc21
Cc1c(O)cccc1O,OC(=O)Cc1ccccc1C(O)=O
CCCN(CCC)S(=O)(=O)c1ccc(cc1)C(O)=O,CC(=O)NC1=NN=C(S1)S(N)(=O)=O
COC(=O)COc1ccc2C(=C(Cl)C(=O)Oc2c1)C,COc1cc(OC)nc(N)n1
OC(=O)C=CC(O)=O,OC(=O)c1ccc2OCOc2c1
COc1cc(OC)nc(N)n1,CN1CCN(C)CC1
OC(=O)c1ccc(O)cc1,CN(C)C=O
Oc1cc(O)c(Cl)cc1Cl,CC(=O)NC1=NN=C(S1)S(N)(=O)=O
NNC(=O)c1ccncc1,NC(=O)c1ccncc1
CN1C=NC2=C1C(=O)N(CCCCC(C)=O)C(=O)N2C,O=C(NNc1ccccc1)NNc1ccccc1
Oc1cccc(O)c1,OC(=O)c1cc(C(O)=O)c(cc1C(O)=O)C(O)=O
Cc1nc(C)c(C)nc1C,c1cc(ccn1)C=Cc1ccncc1
Oc1cccc(O)c1,OC(=O)CCCC(O)=O
c1cc(ccn1)c1ccncc1,N#Cc1ccncc1
Oc1cc(O)cc(O)c1,OC(=O)CCCCCCCCC(O)=O
OC1=C(Br)C(=O)C(=C(Br)C1=O)O,NCC=C
NC(=O)c1cccnc1,C1COCCO1
OC(=O)CCC(O)=O,Oc1cccc2c3cccc(O)c3c12
CS(C)=O,CN(C)C=O
NC1=Nc2ccccc2S1,c1ccc(nc1)c1ccccn1
Cc1cc(Cl)nc(N)n1,CCCCCCC(O)=O
NC(=O)c1ccncc1,CS(C)=O
OC(=O)c1cccc(c1)C(O)=O,NC(N)=O
O=C1NS(=O)(=O)c2ccccc12,c1cc(ccn1)C=Cc1ccncc1
CC(=NO)C(C)=NO,NC(=O)CN1CCCC1=O
CCN1C=C(C(O)=O)C(=O)c2ccc(C)nc12,Nc1ncccn1
Cc1ccc(cc1)C(N)=O,Nc1nc(N)nc(n1)c1ccccc1
OC(=O)c1cc(O)cc(O)c1,CCCC(O)=O
NC(=S)NN=C1CCCc2nc(ccc12)C1=CC=C(Cl)S1,Nc1ccccc1
C1=CN(C=N1)c1ccc(cc1)N1C=CN=C1,CC(=O)NC1=NN=C(S1)S(N)(=O)=O
N1C2=NON=C2NC2=NON=C12,COc1cc(ccc1O)C(O)=O
OC(=O)Cc1ccccc1Nc1c(Cl)cccc1Cl,OC(=O)c1ccc(O)cc1O
OC(O)C(O)=O,NS(=O)(=O)c1cc(C(O)=O)c(NCC2=CC=CO2)cc1Cl
Oc1ccc(cc1)c1ccc(O)cc1,COc1ccc(cc1)C(O)=O
CN(C)C=O,Cc1ccncc1
c1cc(ccn1)c1ccncc1,c1ccc(cc1)c1ccncc1
OC(=O)c1cc(cc(c1)C(O)=O)C(O)=O,NC(N)=O
CN1C=CC(=O)C(=C1C)O,Cc1ccc2ncccc2c1
Nc1ccc(Br)cn1,Cc1nccnc1C
c1cc(ccn1)C=Cc1ccncc1,NNC(=O)c1ccncc1
CC(C)(C)OC(=O)NCC1=NC(=CS1)C1=NC(=CS1)C(O)=O,c1cc(ccn1)c1ccncc1
O=C1CC(=O)NC(=O)N1,O=C1CCCN1
c1ccc2nc3ccccc3cc2c1,c1ccc2nc3ccccc3nc2c1
NC(N)=O,Nc1ccccc1
NNC(=O)c1ccncc1,N#Cc1cccnc1
OC(=O)CCC(O)=O,CN(C)C=O
O1C(=NN=C1c1ccncc1)c1ccncc1,c1cc(ccn1)c1ccncc1
NC(=O)c1ccncc1,CN1CCN(C)CC1
OC(=O)c1ccc(O)cc1,OC(=O)c1cccc(c1)C(O)=O
CC(=O)NC1=NN=C(S1)S(N)(=O)=O,CN(C)C=O
NC(=O)c1ccncc1,ON=Cc1c(F)c(F)c(Br)c(F)c1F
OC(=O)c1ccc(cc1)C(O)=O,Oc1cccc(O)c1
Cc1ccc(cc1)C1=CC(=NN1c1ccc(cc1)S(N)(=O)=O)C(F)(F)F,CC1=CSC(=N1)N
Cc1ccnc2N(C3CC3)c3ncccc3C(=O)Nc12,NC(=O)c1ccncc1
CCC(C)=NNC(=O)c1ccncc1,NC(N)=O
C1CN2CCN1CC2,CC(C)=NNC(=O)c1cccnc1
c1cc(ccn1)C=Cc1ccncc1,c1ccc2nc3ccccc3cc2c1
Oc1ccc(cc1)N=Nc1ccc(cc1)C(O)=O,OC(=O)c1ccc(cc1)C(O)=O
OC(=O)c1cccc(c1)C(O)=O,OC(=O)C=CC(O)=O
OC(=O)c1cc(C(O)=O)c(cc1C(O)=O)C(O)=O,OC(=O)CCCCC(O)=O
c1cc(ccn1)c1ccncc1,CC1=NN=C2CN=C(c3ccccc3)c3cc(Cl)ccc3N12
OC1=C(Cl)C(=O)C(=C(Cl)C1=O)O,Oc1ccc2ccc(O)cc2c1
NNC(=O)c1ccncc1,O=C1CCC(=O)N1
Cc1ccccc1C(O)=O,CC(=O)Nc1ccc(cc1)C(O)=O
c1cc(ccn1)C=Cc1ccncc1,CN(C)C=O
c1cc(ccn1)c1ccncc1,NC=S
BrN1C(=O)c2ccccc2C1=O,OC(=O)c1cc(Br)c(O)c(Br)c1O
OC(=O)CCCCC(O)=O,C1COCCO1
OC(O)(c1cccc(n1)C(O)(O)C(F)(F)F)C(F)(F)F,OC(O)C(O)=O
BrN1C(=O)CCC1=O,Oc1c(Cl)c(Cl)c(Cl)c(Cl)c1Cl
OC(=O)C=CC(O)=O,OC1=C(Br)C(=O)C(=C(Br)C1=O)O
NC(N)=NCCN=C(N)N,Nc1cnc(Br)cn1
FC1=C(F)C(=O)C(=C(F)C1=O)F,O=C1CCC(=O)N1
c1cc(ccn1)c1ccncc1,c1ccc2nc3ccccc3cc2c1
CC(=O)Nc1cccnc1,NC(=O)NN=C1C(=O)c2ccccc2c2ccccc12
Cc1cccc2SC(=Nc12)N,c1cc(ccn1)c1ccncc1
Oc1ccc2ccc(O)cc2c1,CN(C)C=O
OC(=O)c1cc(cc(c1)C(O)=O)C(O)=O,OC(=O)c1c(F)c(F)c(C(O)=O)c(F)c1F
CN1C=NC2=C1C(=O)N(C)C(=O)N2C,NC(N)=O
Nc1ncccn1,NS(=O)(=O)c1cc2c(NCNS2(=O)=O)cc1Cl
Nc1nc(N)nc(n1)c1ccccc1,Nc1ccccc1N
c1ccncc1,c1cc(ccn1)C=Cc1ccncc1
Cc1ccc(cn1)C(N)=O,CCc1nc(N)nc(N)c1c1ccc(Cl)cc1
OC(=O)CCC(O)=O,OC(=O)CCCC(O)=O
OC(=O)c1cc(Br)c(O)c(Br)c1O,c1cc(ccn1)C=Cc1ccncc1
c1cc(ccn1)c1ccncc1,CS(C)=O
NC(N)=O,NC1=NN=C(O1)N=NC1=NN=C(N)O1
N#Cc1ccncc1,c1cc(ccn1)c1ccncc1
CCCCCCO,NC1=Nc2ccc(OC(F)(F)F)cc2S1
Oc1ccc(O)cc1,OC(=O)c1cc(Cl)ccc1O
Nc1ncccn1,NS(=O)(=O)c1cc2c(NCNS2(=O)=O)cc1Cl
NC(N)=S,CC(=NO)c1ccccc1
CN1C=NC2=C1C(=O)N(C)C(=O)N2C,O1C(=CN=C1c1ccccc1)c1ccccc1
BrN1C(=O)c2ccccc2C1=O,OC(=O)Cc1ccccc1
OC(=O)c1ccc(O)cc1O,OC(=O)CCCCC(O)=O
c1ccc(nc1)c1ccccn1,C(Cc1ccncc1)c1ccncc1
OC(=O)c1ccc(O)cc1,OC(=O)C=Cc1ccccc1
OC(=O)c1ccc(O)cc1,OB(O)O
OC(=O)c1cccc(O)c1,OC(=O)c1ccc(O)cc1
CCOc1ccccc1C(N)=O,NC(N)=O
NC(N)=O,NC(=S)NN=Cc1cc(Br)ccc1O
c1cc(ccn1)C=Cc1ccncc1,C1N2CN3CN1CN(C2)C3
OCC(O)=O,OC(=O)c1ccc(O)cc1
NC(=O)c1cccnc1,CN(C)C=O
c1cc(nc(c1)N1C=NN=C1)N1C=NN=C1,c1cc(ccn1)c1ccncc1
c1cc(ccn1)C=Cc1ccncc1,c1ccc2ncccc2c1
Nc1nc(N)nc(N)n1,c1cnc2c(c1)ccc1cccnc21
Oc1ccc(O)cc1,CC(C)(C)c1ccc(cc1)C(O)=O
Nc1nc(N)nc(N)n1,Nc1nc(N)nc(n1)c1ccccc1
OC(=O)CCCCCCC(O)=O,OC(=O)c1ccc(O)cc1
c1ccc(cc1)c1ccncc1,C1CN2CCN1CC2
NC(=O)c1cccnc1,CN(C)C=O
OC(=O)CCC(O)=O,OC(=O)CNc1ccccc1C(O)=O
CC(=CC(O)=O)C(O)=O,NNC(=O)C1=C(O)c2ccccc2S(=O)(=O)N1
c1cc(ccn1)C=Cc1ccncc1,O=C1CCC(=O)N1
C1CN2CCN1CC2,CN(C)P(=O)(N(C)C)N(C)C
Cc1cc(O)cc(O)c1,Oc1ccc2cc(Br)ccc2c1
OC(=O)c1ccc(O)cc1,OC(=O)Cc1ccccc1C(O)=O
NS(=O)(=O)c1ccc(cc1)C(O)=O,c1cc2cccc(c3ccncc3)c2c(c1)c1ccncc1
NC(=O)c1cccnc1,C1CN2CCN1CC2
Nc1ccccc1N,c1cc(ccn1)c1ccncc1
O1C(=NN=C1c1cccnc1)c1cccnc1,COc1cc(OC)nc(N)n1
C1COCCOCCOCCO1,c1cc(ccn1)c1ccncc1
Nc1ccc(cc1)C(O)=O,Oc1ccc(O)cc1
c1ccc(nc1)c1ccccn1,c1cc(ccn1)c1ccncc1
CC1=NN(Cc2ccc(cc2)C#N)C(=C1)C,Cc1cccc2SC(=Nc12)N
OC(=O)c1cc(Cl)ccc1O,OC(=O)CC(O)=O
c1cc(ccn1)c1ccncc1,C1CN2CCN1CC2
CN1CCCN(C)C1=O,NC(N)=O
c1cc(ccn1)C=Cc1ccncc1,c1cc(ccn1)c1ccncc1
Oc1cc(O)cc(O)c1,Cc1ccc(cc1)S(O)(=O)=O
OC(=O)c1cccc(c1)C#N,OC(=O)c1ccc2cc(ccc2c1)C(O)=O
OC(C(F)(F)F)C(F)(F)F,C1COCCOCCOCCO1
NC(=O)c1ccncc1,CS(C)=O
NS(=O)(=O)c1cc2c(NCNS2(=O)=O)cc1Cl,Oc1cc(O)c(Br)cc1Br
Cc1ccnc(NS(=O)(=O)c2ccc(N)cc2)n1,O=C1CCC(=O)N1
OC(=O)CCCC(O)=O,OC(=O)CCCCCCC(O)=O
NS(=O)(=O)c1ccc(cc1)C(O)=O,OC1=C(F)C(=O)C(=C(F)C1=O)O
Brc1ccc(cc1)C=C1SC(=S)NC1=O,NC(=O)c1ccc(CN2C=CC=N2)cc1
CCN(CC)C1(O)CCC1,NC1=NON=C1Nc1nnc(NC2=NON=C2N)nn1
Nc1ncccn1,CC1=CN=C(N)S1
OC(=O)Cc1ccc(CC(O)=O)cc1,OC(=O)CN1C(=O)c2ccccc2C1=O
OC(=O)COc1ccccc1C=O,OC(=O)c1cc(F)c(F)c(F)c1
O=C1NC(=O)C=C1,OC(=O)C1=CC=C(Cl)S1
OC(=O)c1cccc(c1)C(O)=O,NC(N)=O
COc1ccc(cc1)B(O)O,CC(C)(O)C#Cc1cccc(Br)n1
NC(=O)c1ccncc1,Nc1ncccn1
OC(=O)C1CCCCC1,CNC(=S)NN=Cc1ccc(O)cc1O
Nc1cccc(c1)C(O)=O,OC(=O)c1cccc(c1)C(O)=O
C1=CN(C=N1)c1ccc(cc1)N1C=CN=C1,Cc1ccc(cc1)S(O)(=O)=O
CC1=CC(=CC(=O)O1)OCc1cccc2ccccc12,c1cc(ccn1)c1ccncc1
Nc1ccccc1N,NC(=O)c1ccncc1
ON=C(Cc1ccc(O)c(Br)c1)C(=O)NCCSC#N,NC1=Nc2ccc(Br)cc2S1
Cc1cc(C)cc(C)c1,NNC(=O)c1ccncc1
O=C(NCc1cccnc1)C(=O)NCc1cccnc1,Cc1ccnc(NS(=O)(=O)c2ccc(N)cc2)n1
CC(=O)NC1=NN=C(S1)S(N)(=O)=O,OB(O)O
Nc1ccc(cc1)C(O)=O,OC(=O)CCCCCCCCC(O)=O
OC(=O)c1cccc(O)c1,OC(=O)C=CC(O)=O
Oc1cccc(O)c1,Oc1cccc(c1)C#N
OC(=O)CCCCCCCCC(O)=O,BrC1=C(Br)C(=O)C(=C(C#N)C1=O)C#N
c1ccc2ncccc2c1,c1cc(nc(c1)N1C=NN=C1)N1C=NN=C1
NC(=O)CN1CCCC1=O,O=C1CCCCCN1
CN1C=NC2=C1C(=O)N(C)C(=O)N2C,CNC(N)=S
CCCOc1ccc2ncnc3c4ccccc4Sc1c23,OC(=O)CCC(O)=O
Oc1ccc2ccc(O)cc2c1,C1CCOC1
OC(=O)C1=CC=C(Cl)S1,OC(=O)C=Cc1ccccc1
Nc1ncccn1,c1cc(ccn1)c1ccncc1
NC(N)=O,CS(C)=O
NC(=O)CN1CCCC1=O,c1cc(ccn1)C=Cc1ccncc1
CN1C=NC2=C1C(=O)N(C)C(=O)N2C,c1cc(ccn1)c1ccncc1
Oc1ccc2ccccc2c1c1c(O)ccc2ccccc12,OC(=O)c1ccccc1Cl
CN1C=NC2=C1C(=O)N(C)C(=O)N2C,c1cc(ccn1)c1ccncc1
OC(=O)c1ccc(O)cc1O,Cc1cccc(Nc2ccccc2C(O)=O)c1C
CCCN(CCC)S(=O)(=O)c1ccc(cc1)C(O)=O,Cc1c(O)cccc1O
c1cc(ccn1)c1ccncc1,CN(C)C(C)=O
c1cc(ccn1)C=Cc1ccncc1,Cc1cc2N=CN(Cc3ccncc3)c2cc1C
COc1ccc2cccc(CCNC(C)=O)c2c1,OC(c1ccccc1)=C(C=C(C#N)C(=O)c1ccccc1)C#N
OC(=O)c1ccc(O)cc1,NC1=C(C#N)c2c(F)c(F)c(F)c(F)c2C1(F)F
NC(=O)c1ccncc1,Nc1ccc(Br)cn1
NC(N)=O,OC(c1ccccc1)=C(C=C(C#N)C(=O)c1ccccc1)C#N
Cc1cccc(Nc2ccccc2C(O)=O)c1C,BrC1=C(Br)C(=O)C(=C(C#N)C1=O)C#N
CN1C=NC2=C1C(=O)N(C)C(=O)N2C,CN(C)P(=O)(N(C)C)N(C)C
Oc1cc(O)cc(O)c1,Oc1ccc(O)cc1
Nc1cc(Cl)nc(N)n1,Clc1ccc(cc1)c1ccccc1NC(=O)c1cccnc1Cl
c1ccc2nc3ccccc3cc2c1,CN(C)C=O
c1cc(ccn1)c1ccncc1,ClC1=CC(C(=CC1=C(C#N)C#N)Cl)=C(C#N)C#N
OC(=O)c1cccc(O)c1,OC(=O)c1ccc(O)cc1
NS(=O)(=O)c1cc(C(O)=O)c(NCC2=CC=CO2)cc1Cl,Oc1ccc(O)cc1
Nc1ncnc2N(CCOCP(O)(O)=O)C=Nc12,NC(=O)c1cccnc1
ON=C(CBr)C(CBr)=NO,OC(=O)C(O)=O
Cc1cccc2SC(=Nc12)N,c1cc(ccn1)C=Cc1ccncc1
Nc1nc(N)nc(N)n1,Cc1ccc2ccccc2n1
Cc1cccc(Nc2ccccc2C(O)=O)c1C,Oc1ccc2ccccc2c1c1c(O)ccc2ccccc12
Cc1cccc(Nc2ccccc2C(O)=O)c1C,O=C1NS(=O)(=O)c2ccccc12
Oc1cc(O)cc(O)c1,OB(O)c1ccc(cc1)B(O)O
NC(=O)c1cccnc1,c1ccc2cnccc2c1
CN1C=NC2=C1C(=O)N(C)C(=O)N2C,c1cc(ccn1)c1ccncc1
CCC(C)=NNC(=O)c1ccncc1,NC(=O)c1ccncc1
Cc1ccncc1,NC(=O)c1ccncc1
NC(N)=NC1=NC(=CS1)CSCCC(N)=NS(N)(=O)=O,Oc1ccc2ccccc2c1C=NN1CCOCC1
Nc1ccccc1C(O)=O,OC(=O)c1cccc(O)c1
NC(=O)NN=C1C(=O)c2ccccc2c2ccccc12,N#Cc1cc(C#N)c(cc1C#N)C#N
CC(=O)NC1=NN=C(S1)S(N)(=O)=O,O=C1C(=O)C(=C1NCc1ccccn1)NCc1ccccn1
NC(=O)c1ccncc1,Cc1cc(C)nc(N)n1
OC1=C(Br)C(=O)C(=C(Br)C1=O)O,BrC#CC#CBr
OC(=O)c1ccc(Oc2ccc(cc2)C(O)=O)cc1,CC(=O)NC(C)=O
OC(=O)CCCC(O)=O,OC(=O)c1cccc2C(=O)C(=C(Sc12)c1ccccc1)O
Cc1cc(O)cc(O)c1,OC(=O)CCC(O)=O
NC(=O)c1ccc(O)cc1,c1cc(ccn1)c1ccncc1
OC=O,Cc1c(O)cccc1O
O=P(c1ccccc1)(c1ccccc1)c1ccccc1,OC(=O)CCCC(O)=O
O=C1CC2(CCCCC2)CN1,CCCN(CCC)S(=O)(=O)c1ccc(cc1)C(O)=O
BrN1C(=O)c2ccccc2C1=O,CC1=NN=C2N1N=C(N)N(CC=C)C2=O
Oc1cc2ccccc2cc1O,CN(C)C=O
OC(=O)c1cc(cc(c1)C(O)=O)C(O)=O,OC(=O)c1ccc(O)cc1
c1cnc2c(c1)ccc1cccnc21,CN1C=CN=C1
Cc1ccnc(NS(=O)(=O)c2ccc(N)cc2)n1,CC(C)(c1ccc(O)cc1)c1ccc(O)cc1
OC(=O)CCCCC(O)=O,CS(C)=O
CN(C)C=O,c1ccc2nc3ccccc3cc2c1
Nc1nc(N)nc(n1)c1ccccc1,N#Cc1ccncc1
Oc1ccc2ccccc2c1c1c(O)ccc2ccccc12,COC(=O)c1cc(O)c(O)c(O)c1
OC(=O)c1ccc(cc1)C(O)=O,Oc1ccc(cc1)c1ccc(O)cc1
CN1C=CC(=O)C(=C1C)O,Nc1nc(N)nc(n1)c1ccccc1
Cc1cccc(Nc2ccccc2C(O)=O)c1C,C1CN2CN3CN1CN(C2)C3
OC(=O)CCCCCCCCC(O)=O,OC(=O)C=CC(O)=O
OC(=O)CCCC(O)=O,OC(=O)CCC(O)=O
OC=O,C1CN2CN3CN1CN(C2)C3
NC(=O)c1cnccn1,c1cc(ccn1)c1ccncc1
NC(=O)c1ccncc1,NC1=Nc2ccc(Br)cc2S1
OC(=O)CCCCC(O)=O,OC(=O)CCCCCCCCC(O)=O
Cc1nc(C)c(C)nc1C,Nc1ccc(cc1)c1ccc(N)cc1
OC1(O)C(=O)NC(=O)NC1=O,Oc1cccc2c3cccc(O)c3c12
c1cc(ccn1)c1ccncc1,C1COCCO1
c1cc(ccn1)C=Cc1ccncc1,O=P(c1ccccc1)(c1ccccc1)c1ccccc1
Cc1cc(O)cc(O)c1,OC(=O)c1ccc(cc1)C(O)=O
c1cc(ccn1)c1ccncc1,C(CCN1C=CN=C1)CN1C=CN=C1
OC(=O)c1cc(O)cc(O)c1,OC(=O)CCC(O)=O
OC(CC=C)(C(F)(F)F)C(F)(F)F,c1ccc2nc3ccccc3cc2c1
Oc1cccc(O)c1,Oc1ccc(cc1)c1ccc(O)cc1
NC(=O)c1ccncc1,C(N1C=CN=C1)N1C=CN=C1
NC(=S)NN=C1C(=O)C=C(N2CCCC2)c2ccccc12,OC(=O)c1ccccc1O
NC(=O)c1cccnc1,c1ccc2nc3ccccc3nc2c1
CN(C)C(N)=O,Nc1nc(N)nc(n1)c1ccccc1
NC(=O)c1cccnc1,C(Cc1ccncc1)c1ccncc1
Nc1ccccc1,c1cc(ccn1)c1ccncc1
OC(=O)c1ccccc1,Oc1cccc(O)c1
O=C1NC(=O)C=C1,c1ccc2nc3ccccc3nc2c1
CS(C)=O,OC(=O)CCCCCCCCC(O)=O
C1N2CN3CN1CN(C2)C3,c1ccc2nc3ccccc3cc2c1
ON=Cc1c(F)c(F)c(Br)c(F)c1F,COc1ccc(cc1)C(O)=O
Oc1ccc2ccccc2c1c1c(O)ccc2ccccc12,OC(=O)c1cc(O)cc(O)c1
OC(=O)c1cccc(c1)C(O)=O,NC(N)=O
Cc1c(Cl)cccc1Nc1ccccc1C(O)=O,BrN1C(=O)c2ccccc2C1=O
OO,OC(=O)c1ccc2ccccc2c1O
Fc1ccc2NC(=O)C(=O)c2c1,Nc1nc(N)nc(N)n1
CN(C)P(=O)(N(C)C)N(C)C,Oc1ccc2ccc(O)cc2c1
BrC#CC#CBr,c1ccc2nc3ccccc3cc2c1
OC(=O)c1ccc(F)cc1,OC(=O)COc1cccc2ccccc12
ON=Cc1c(F)c(F)c(Br)c(F)c1F,CC(=O)NC1=NN(C(=O)C1)c1c(Cl)cc(Cl)cc1Cl
COc1cc(OC)nc(N)n1,NC1=Nc2ccc(Br)cc2S1
c1cc(ccn1)C=Cc1ccncc1,c1cc(ccn1)c1ccncc1
CN(C)C=O,C1N2CN3CN1CN(C2)C3
c1cc(ccn1)c1ccncc1,CN(C)C=O
CCOC(=O)C1=Cc2ccccc2OC1=O,CN1C(=C(O)c2ccccc2S1(=O)=O)C(=O)NC1=NC=C(C)S1
c1cc(ccn1)c1ccncc1,CN(C)P(=O)(N(C)C)N(C)C
Cc1nccnc1C,OB(O)c1ccc(Br)cc1
Cc1ccncc1,C1COCCOCCOCCO1
c1cc(ccn1)c1ccncc1,Cc1nc(C)c(C)nc1C
OCC(O)=O,NS(=O)(=O)c1cc(C(O)=O)c(NCC2=CC=CO2)cc1Cl
NC(=O)c1cnccn1,C1N2CN3CN1CN(C2)C3
CN(C)c1cccc(c1)C(O)=O,CS(C)=O
Oc1cccc(O)c1,CC(C)O
c1cc(ccn1)c1ccncc1,C(Cc1ccncc1)c1ccncc1
Nc1cccc(c1)C(O)=O,OC(=O)c1cc(O)ccc1O
Nc1nc(N)nc(n1)c1ccccc1,CC(=O)NC1=NN=C(S1)S(N)(=O)=O
OC(=O)Cc1ccccc1,OC(=O)c1ccccc1O
NC(=O)c1ccc(O)cc1,c1cnc2c(c1)ccc1cccnc21
Cc1cccc(C)c1NC(=O)CN1CCCC1=O,CCN(CC)CC(=O)Nc1c(C)cccc1C
c1ccc(cc1)C=Cc1ccncc1,OC(=O)C=Cc1ccccc1
C(Nc1ccccn1)c1ccccc1,CN1C=NC2=C1C(=O)N(C)C(=O)N2C
NC(=O)c1ccncc1,c1cc(ccn1)C=NN=Cc1ccncc1
C1N2CN3CN1CN(C2)C3,Nc1ccc(CO)cc1
Oc1ccc(cc1)c1ccc(O)cc1,OC(=O)CCCCCCCCC(O)=O
Oc1ccccc1C(c1cc(O)c(O)c(O)c1)c1ccccc1O,OC(=O)C=Cc1ccccc1
c1cc(ccn1)c1ccncc1,C1N2CN3CN1CN(C2)C3
OC(=O)c1ccc2ccccc2c1O,c1cncc(c1)C=Cc1cccnc1
NC(=O)c1ccc(O)cc1,c1cc(ccn1)C=Cc1ccncc1
OC(=O)CCC(O)=O,C1COCCO1
CN(C)C(N)=O,CC(=O)NC1=NN=C(S1)S(N)(=O)=O
Cc1ccc2ccc3ccc(C)nc3c2n1,C1N2CN3CN1CN(C2)C3
OC(=O)c1cc2ccccc2cc1O,OC=O
CN1C=NC2=C1C(=O)N(C)C(=O)N2C,NC(N)=O
O=C1NS(=O)(=O)c2ccccc12,c1cc(ccn1)C=Cc1ccncc1
Cc1c(O)cccc1O,OC(=O)CCC(O)=O
Oc1cc(O)cc(O)c1,OC(=O)CCCCCCCCC(O)=O
CN1N(C(=O)C=C1C)c1ccccc1,c1cc(ccn1)c1ccncc1
Cc1cccc(Nc2ccccc2C(O)=O)c1C,Oc1ccc(cc1)C1(CCCCC1)c1ccc(O)cc1
N#Cc1ccncc1,c1ccc2ncccc2c1
COc1cc(C=O)ccc1O,OC(=O)c1cc(O)cc(O)c1
OC(=O)C=Cc1ccccc1,OC(=O)C=CC(O)=O
O=C1CCC(=O)N1P1C(=O)c2ccccc2C1=O,Nc1ccnc(N)n1
OC(=O)Cc1ccccc1,C1N2CN3CN1CN(C2)C3
Cc1cc(O)cc(O)c1,OCC(O)=O
CC(=NO)C(C)=NO,OC(=O)CCC(O)=O
OC(=O)c1ccc(O)cc1,OC(=O)CCC(O)=O
CCCCCC(O)=O,NS(=O)(=O)c1cc(C(O)=O)c(NCC2=CC=CO2)cc1Cl
CN(C)c1ccc(cc1)C=NNC(N)=S,Nc1nc(N)nc(N)n1
OC(=O)C(O)=O,NS(=O)(=O)c1cc(C(O)=O)c(NCC2=CC=CO2)cc1Cl
c1cncc(c1)C#CC#Cc1cccnc1,CCCOc1ccc2ncnc3c4ccccc4Sc1c23
c1cnc2c(c1)ccc1cccnc21,C1N2CN3CN1CN(C2)C3
Cc1ccnc(NS(=O)(=O)c2ccc(N)cc2)n1,OC(=O)c1cc(cc(c1)C(O)=O)C(O)=O
c1cnc2c(c1)ccc1ncccc21,c1cc(ccn1)c1ccncc1
Cc1ccncc1,N#Cc1ccncc1
Oc1ccc(cc1)c1ccc(O)cc1,COc1cc(O)cc(O)c1
OC(=O)CCCCC(O)=O,OC(=O)c1ccc(cc1)C(O)=O
NC(=O)c1ccncc1,N#Cc1cc(C#N)c(cc1C#N)C#N
OC(=O)c1cc(O)cc(O)c1,OC(=O)C(O)=O
CC1=NN=C2CN=C(c3ccccc3)c3cc(Cl)ccc3N12,c1ccc2nccnc2c1
Nc1nc(N)nc(n1)c1ccccc1,c1cc(ccn1)c1ccncc1
OC(=O)CCCCC(O)=O,CC1=Nc2ccccc2OC(C)(C)C1
c1cncc(c1)N=Nc1cccnc1,c1cc(ccn1)c1ccncc1
c1ccc(nc1)c1ccccn1,CS(C)=O
CCCCCCCCO,Oc1ccc2ccccc2c1C=NN1CCOCC1
O=C(NN=Cc1cccnc1)c1cccnc1,CC(C)N(C(C)C)C(=O)Nc1ccccc1
NC(N)=S,CCC1(CC)C(C#N)(C#N)C1(C#N)C#N
c1ccc2ncccc2c1,ON=C1CCCCC1=NO
Nc1nc(Cl)nc(Nc2cccc(Br)c2)n1,Nc1ccc(cc1)C(O)=O
COc1cc(ccc1O)C(O)=O,Oc1ccc2ccccc2c1c1c(O)ccc2ccccc12
OC(CN1C=NC=N1)(CN1C=NC=N1)c1ccc(F)cc1F,Cc1nc(C)c(C)nc1C
Cc1ccnc(NS(=O)(=O)c2ccc(N)cc2)n1,OC(=O)Cc1ccccc1Nc1c(Cl)cccc1Cl
OC(=O)CCC(O)=O,NCC=C
COc1cncc(Br)c1,NC(=O)c1ccncc1
NC(=O)c1ccc(O)cc1,NC1=Nc2ccc(Br)cc2S1
Cc1c(O)cccc1O,Cc1ccc(cc1)S(O)(=O)=O
CC(=NO)C(C)=NO,OC(=O)c1cc(Cl)cc(Cl)c1O
c1ccc(C=Cc2ccccn2)nc1,NC1=NC(=NO1)C1=NN2N=NN=C2N=C1N
C1N2CN3CN1CN(C2)C3,Nc1nc(N)nc(N)n1
OC(=O)c1cc(cc(c1)C(O)=O)C(O)=O,NC(N)=S
COc1cc(C#N)c(cc1OC)c1ccc(O)cc1,NS(=O)(=O)c1cc2c(NCNS2(=O)=O)cc1Cl
NS(=O)(=O)c1cc2c(NCNS2(=O)=O)cc1Cl,OB(O)c1ccc(cc1)B(O)O
CSC1=C(C#N)C(=O)N2CCCNC2=C1C(=O)c1ccc(Cl)cc1,OC(=O)c1ccc(Nc2ccccc2)cc1
OC(=O)c1ccc(O)cc1,OC=O
OC(=O)C1=CC=C(Cl)S1,NS(=O)(=O)c1ccc(Br)cc1
c1cc(ccn1)c1ccncc1,CN(C)C=O
NC(=O)c1ccncc1,NC1=Nc2ccc(Br)cc2S1
CC(C)O,OC(=O)c1ccc(cc1)C(O)=O
NC(=O)c1ccncc1,Nc1ncccn1
c1ccncc1,Fc1c(F)c(F)c(F)c(F)c1F
Cc1cccc(N)c1C,c1cc(ccn1)c1ccncc1
NC(N)=O,O=P(c1ccccc1)(c1ccccc1)c1ccccc1
NC(=O)c1ccncc1,Nc1ncccn1
c1cc(ccn1)c1ccncc1,N#Cc1ccncc1
OC(=O)c1cc(cc(c1)C(O)=O)C(O)=O,Oc1ccc(cc1)C(c1ccccc1O)c1ccccc1O
c1cc(ccn1)C=Cc1ccncc1,Cc1nc(C)c(C)nc1C
O=C(NCc1ccncc1)C(=O)NCc1ccncc1,NC(=O)c1ccncc1
NS(=O)(=O)c1cc(C(O)=O)c(NCC2=CC=CO2)cc1Cl,C1CN2CCN1CC2
CN(C)C=C1SC2=NC(=O)c3ccccc3N2C1=O,NS(=O)(=O)c1cc2c(NCNS2(=O)=O)cc1Cl
CN1CCN(C)CC1,CN(C)C=O
OC(=O)c1ccc(O)cc1,OC1=C(Cl)C(=O)C(=C(Cl)C1=O)O
OC1(O)C(=O)NC(=O)NC1=O,OC(=O)CCCC(O)=O
OC(O)C(O)=O,Oc1ccc(cc1)c1ccc(O)cc1
NC(=O)c1ccc(CN2C=CC=N2)cc1,NC(=O)c1ccncc1
Nc1ccc(N)cc1,COC(=O)N1C=NC(=C1N)C(N)=O
CCc1nc(N)nc(N)c1c1ccc(Cl)cc1,NC(=O)c1ccc(Br)cc1
OC(=O)c1ccccc1,OC(=O)CCCC(O)=O
Cc1cc2N=CN(Cc3cccnc3)c2cc1C,CN1C=NC2=C1C(=O)N(C)C(=O)N2C
Nc1ncccn1,Cc1nc(C)c(C)nc1C
c1cc(ccn1)C=Cc1ccncc1,c1ccc2nc3ccccc3nc2c1
OC(=O)c1ccc(O)cc1O,OC(=O)CCC(O)=O
CN(C)C=O,CN(C)P(=O)(N(C)C)N(C)C
c1cc(ccn1)C=Cc1ccncc1,c1ccc2nc3ccccc3cc2c1
OC=O,CC1=CC(=CC(=O)O1)OCc1cccc(C)c1
OC(=O)CC(O)=O,OC(=O)CCC(O)=O
Cc1ccncc1,ON=Cc1c(F)c(F)c(Br)c(F)c1F
CC=CC1=C(O)C(=O)C2=C(O1)C(=O)NC2=O,OC(=O)CCC(O)=O
O=C1CCC(=O)N1P1C(=O)c2ccccc2C1=O,O=C(Nc1ccccc1)C1=CC=C(S1)C(=O)Nc1ccccc1
C1CN2CCN1CC2,OC(=O)c1cnccn1
Cc1c(O)cccc1O,CN(C)C=NN=CN(C)C
CSC1=C(C#N)C(=O)N2CCCNC2=C1C(=O)c1ccc(Cl)cc1,OC(=O)C=CC(O)=O
OC(=O)c1cccc(Cl)c1,C1N2CN3CN1CN(C2)C3
OC(=O)c1cc(cc(c1)C(O)=O)C(O)=O,NC(N)=O
OC=O,Oc1c(Cl)cc(cc1Cl)C#N
Cc1c(O)cccc1O,OC(=O)c1ccccc1O
Oc1ccc(Cl)c(Cl)c1Cl,c1cc(ccn1)c1ccncc1
O=C(NN=Cc1cccnc1)c1cccnc1,O=C1CCCN1
OC(=O)CCC(O)=O,CC(C)(C)c1ccc(cc1)C(O)=O
c1cc(ccn1)c1ccncc1,CN(C)C=O
O=C1C=CC(=O)C(=C1C#N)C#N,OC(=O)c1ccccc1
c1cncc(c1)C=Cc1cccnc1,c1cc(ccn1)C=Cc1ccncc1
N#Cc1cccnc1,COC(=O)C=Cc1ccccn1
Oc1cc(O)cc(O)c1,OC(=O)c1cccc(c1)C(O)=O
C1N2CN3CN1CN(C2)C3,Nc1cccc2c(N)cccc12
OC(=O)CCCCC(O)=O,OC(=O)c1cc(Cl)c(C#N)c(Cl)c1
c1cc(ccn1)C=Cc1ccncc1,CS(C)=O
NC(N)=O,ON=C(C#N)c1ccc(cc1)C(=NO)C#N
CC(C)C1=C(C)N(C)N(c2ccccc2)C1=O,CN(C)c1ccc(C=O)cc1
c1ccc2nc3ccccc3cc2c1,N#Cc1cc(C#N)c(cc1C#N)C#N
OC(=O)c1cccc(Cl)c1,CC1(C)OC(=O)C2(C(=O)O1)C(C#N)(C#N)C2(C#N)C#N
c1ccncc1,c1cc(ccn1)c1ccncc1
CC1(C)N(N=O)C(C)(C)c2ccccc12,NC1=C(C#N)c2c(O1)c(C#C)c1c(OC(=C1C#N)N)c2C#C
Brc1cncc(Br)c1,OC(O)(c1cccc(n1)C(O)(O)C(F)(F)F)C(F)(F)F
OC(=O)C(O)=O,OB(O)c1ccc(cc1)C#N
CCOc1ccccc1C(N)=O,c1cc(ccn1)c1ccncc1
COC(=O)c1ccc2ccccc2n1,OC(=O)c1c(O)ccc2ccccc12
Nc1nc(N)nc(N)n1,Oc1cc(O)cc(O)c1
OC(=O)c1cc(O)ccc1O,Oc1c(Cl)c(Cl)c(Cl)c(Cl)c1Cl
CN(C)C=O,c1ccncc1
Cc1cc(Cl)nc(N)n1,C1CCOC1
OC(=O)CCCC(O)=O,OC(=O)c1cc(cc(c1)C(O)=O)C(O)=O
NC(N)=O,ON=C(C#N)c1cccc(Cl)c1
c1cc(ccn1)c1ccncc1,N#Cc1cc(C#N)c(cc1C#N)C#N
OC(=O)CCCCCC(O)=O,C1COCCOCCOCCO1
OC(=O)c1cccc(Cl)c1,OC(=O)CCC(O)=O
NC(N)=O,CC(=O)NC1=NN=C(S1)S(N)(=O)=O
Oc1cc2OC(=O)C=Cc2cc1O,NC(=O)CN1CCCC1=O
NC(=O)c1ccncc1,CCCN1C(=O)C(SC1=S)=C1SC(=S)N(CCC)C1=O
Cc1ccnc(NS(=O)(=O)c2ccc(N)cc2)n1,Cc1c(C)c(N)c(C)c(C)c1N
Cc1cccc(Nc2ccccc2C(O)=O)c1C,Oc1c(Cl)c(Cl)c(Cl)c(Cl)c1Cl
OC(=O)c1cc(O)c(O)c(O)c1,Oc1cc2C(=O)Oc3c(O)c(O)cc4C(=O)Oc(c1O)c2c34
Cc1ccc2ccc3ccc(C)nc3c2n1,NS(=O)(=O)c1cc(C(O)=O)c(NCC2=CC=CO2)cc1Cl
Oc1cc(O)cc(O)c1,NS(=O)(=O)c1cc2c(NCNS2(=O)=O)cc1Cl
Cc1cc(C)nc(NS(=O)(=O)c2ccc(N)cc2)n1,O=C1NS(=O)(=O)c2ccccc12
CC(=O)NC1=NN=C(S1)S(N)(=O)=O,NS(=O)(=O)c1cc2c(NCNS2(=O)=O)cc1Cl
NC(=O)c1ccncc1,Cc1nc(N)nc(N)n1
OC(=O)CCC(O)=O,C1COCCOCCOCCO1
c1cc(ccn1)C=Cc1ccncc1,c1ccncc1
CC(=O)Nc1ccccn1,NC(=O)c1cccnc1
Cc1ccnc2N(C3CC3)c3ncccc3C(=O)Nc12,COc1cc(Cc2cnc(N)nc2N)cc(OC)c1OC
OC(=O)c1cc(F)c(F)c(F)c1F,CN(C)C(=O)c1ccc(cc1)C(=O)N(C)C
Fc1ccccc1NC(=S)NNC(=O)c1ccncc1,Cc1c(O)cccc1O
NC(=O)c1cccnc1,c1cc(ccn1)C=Cc1ccncc1
Brc1ccc(cc1)C=C1SC(=S)NC1=O,c1cc(ccn1)c1ccncc1
N#Cc1ccncc1,NC=O
CCCCCCC(O)=O,Oc1cc2ccccc2cc1O
CC1=C(C)C(=O)C(=C(Br)C1=O)Br,Oc1ccc2ccccc2c1c1c(O)ccc2ccccc12
OC(=O)c1cnccn1,C1CN2CN3CN1CN(C2)C3
CC(C)C1=C(C)N(C)N(c2ccccc2)C1=O,NC(N)=O
c1cc(ccn1)c1ccncc1,Cc1nc(C)c(C)nc1C
c1cc(ccn1)C=Cc1ccncc1,c1ccc2nc3ccccc3cc2c1
c1cc(ccn1)C=Cc1ccncc1,c1ccc(cc1)C=Cc1ccncc1
Oc1cccc(O)c1,OC(=O)c1cccc(O)c1
C1=CN(C=N1)c1ccc(cc1)N1C=CN=C1,CCN(CC)CC
Nc1nnc(c(N)n1)c1cccc(Cl)c1Cl,Cc1nc(C)c(C)nc1C
O=S1(=O)NS(=O)(=O)c2ccc3ccccc3c2c2c3ccccc3ccc12,OC(=O)CCCCCC(O)=O
NC(=O)c1ccncc1,C1N2CN3CN1CN(C2)C3
Oc1cc(O)cc(c1)C(c1ccccc1O)c1ccccc1O,Cc1ccnc(NS(=O)(=O)c2ccc(N)cc2)n1
OC(=O)c1cc(O)cc(O)c1,OC(=O)CCC(O)=O
Nc1nnc(c(N)n1)c1cccc(Cl)c1Cl,c1cc(ccn1)c1ccncc1
c1ccc2nccnc2c1,NS(=O)(=O)c1ccccc1
NC(=O)c1ccncc1,c1ccccc1
OC(=O)CCCCC(O)=O,c1ccccc1
CC(=O)NC1=NN=C(S1)S(N)(=O)=O,C1N2CN3CN1CN(C2)C3
c1cc(ccn1)c1ccncc1,c1ccc2nc3ccccc3cc2c1
OC(=O)CCC(O)=O,OC(=O)c1cccc(Cl)c1
Nc1ccc(cc1)C(O)=O,OC(=O)CCCCC(O)=O
BrC1=CC=CC=C(C1=O)C1(C#N)c2ccccc2C(=O)c2ccccc12,OC(=O)c1cc(cc(c1)C(O)=O)C(O)=O
c1cc(ccn1)C=Cc1ccncc1,c1cc(ccn1)c1ccncc1
OC(=O)c1c(F)c(F)c(F)c(F)c1F,CN1C=CC(=O)C(=C1C)O
Nc1ccc(N)cc1,Nc1ncccn1
OC(=O)CN1C(=O)c2ccccc2C1=O,NC(=O)c1ccc(O)cc1
OC(=O)C1=CC=C(Cl)S1,CN(C)C=O
OC(=O)c1cc(O)ccc1O,CC(=NO)c1ccccc1
OC(=O)C=Cc1ccccc1,O=Cc1ccc(C=O)cc1
O=S1(=O)NC(=S)c2ccccc12,Cc1cc(Cl)nc(N)n1
OC(=O)c1ccc(O)cc1O,OC(=O)COc1ccc(Cl)cc1
O=C1C(=C(C#N)C(=O)C(=C1C#N)C#N)C#N,Cc1ccc(cc1)C(N)=O
c1ccc2nc3ccccc3nc2c1,c1cc(ccn1)c1ccncc1
c1cc(ccn1)c1ccncc1,Cc1nc(C)c(C)nc1C
NC(=O)c1cccnc1,c1cc(ccn1)C=Cc1ccncc1
CCOC(=O)c1ccccn1,c1cc(ccn1)N=Nc1ccncc1
Cc1ccnc2N(C3CC3)c3ncccc3C(=O)Nc12,NC(=O)c1ccccc1
CN1C=CN=C1,OC(=O)CCCC(O)=O
O=C1CCC(=O)N1P1C(=O)c2ccccc2C1=O,C1N2CN3CN1CN(C2)C3
CC1=CC(=CC(=O)O1)OCc1cccc2ccccc12,NS(=O)(=O)c1cc(C(O)=O)c(NCC2=CC=CO2)cc1Cl
c1cc(ccn1)C=Cc1ccncc1,C1N2CN3CN1CN(C2)C3
CCc1nc(N)nc(N)c1c1ccc(Cl)cc1,c1cc(ccn1)c1ccncc1
Cc1cc2N=CN(Cc3cccnc3)c2cc1C,NC(=O)c1ccncc1
Cc1ccccc1C(O)=O,NC(N)=O
Cc1ccc(cn1)C(N)=O,NC(=O)c1cnccn1
CN(C)C=O,O=Cc1ccncc1
OC=O,OB(O)c1ccc(O)cc1
NC(N)=O,O=S(c1ccccc1)c1ccccc1
NC1=NC2=NC(=NC3=NC(=NC(=N1)N23)N)N,Oc1cccc(O)c1
COC(=O)C(=O)Nc1ccccc1NC(=O)C(=O)OC,CC(=O)NC1=NN=C(S1)S(N)(=O)=O
c1ccncc1,Nc1cccc(Cl)n1
Nc1ccc(cc1)C(O)=O,OC(=O)CCCC(O)=O
O1C(=NN=C1c1ccncc1)c1ccncc1,OC1=CC2=Nc3ccccc3OC2=C(F)C1=O
OC(=O)CCCCCCCCC(O)=O,OB(O)c1ccccc1
CN(C)c1ccc(C=O)cc1,CCCN(CCC)S(=O)(=O)c1ccc(cc1)C(O)=O
Nc1ccnc(N)n1,COc1cc(O)cc(OC)c1O
NC(=O)c1ccncc1,Nc1ncccn1
Nc1nc(N)nc(n1)c1ccccc1,Cc1cc(C)nc(NS(=O)(=O)c2ccc(N)cc2)n1
OC(=O)CCCC(O)=O,OCC(O)=O
Oc1ccc(cc1)C1(CCCCC1)c1ccc(O)cc1,COc1ccc(cn1)c1cc(C)nc(N)n1
NS(=O)(=O)c1cc(C(O)=O)c(NCC2=CC=CO2)cc1Cl,O=C1NS(=O)(=O)c2ccccc12
CCN(CC)C1(O)CCC1,CC(=O)Nc1ccc(cc1)C(O)=O
Nc1cccc(N)n1,S(Sc1ccncc1)c1ccncc1
c1ccc2cnccc2c1,OC=O
CN1C=NC2=C1C(=O)N(C)C(=O)N2C,c1cc(ccn1)C=Cc1ccncc1
c1ccncc1,c1cc(ccn1)c1ccncc1
CC1(C)NC(=NC(=N1)C(Cl)(Cl)Cl)C(Cl)(Cl)Cl,OC(=O)C=CC(O)=O
c1ccc2nc3ccccc3cc2c1,CC(C)=NNC(=O)c1ccncc1
BrN1C(=O)c2ccccc2C1=O,NC(N)=O
NC(=O)c1cnccn1,Nc1ncccn1
CCN1C=Nc2c(N)ncnc12,NC1=NON=C1Nc1nnc(NC2=NON=C2N)nn1
c1cc(ccn1)c1ccncc1,C1N2CN3CN1CN(C2)C3
OC(=O)CCC(O)=O,CN(C)C=O
OC(=O)CCCCCCCCC(O)=O,OC(=O)CCC(O)=O
CCCC(O)=O,Oc1cc(O)c(Cl)cc1Cl
OC(=O)c1ccc(cc1)C(O)=O,OC(=O)C=Cc1ccccc1
Nc1ccc(C(O)=O)c(O)c1,OC(=O)c1cc(cc(c1)C(O)=O)C(O)=O
C(Cc1ccncc1)c1ccncc1,NC(=O)c1cccnc1
c1ccc2c(c1)nnc1ccccc21,OC(=O)CCC(O)=O
OC1=CC(=O)c2ccccc2C1=O,O=C(CN1C=CN=C1)c1ccccc1
CCCN(CCC)S(=O)(=O)c1ccc(cc1)C(O)=O,OC(=O)C=CC(O)=O
Brc1c2ccccc2cc2ccccc12,OC(c1ccccc1)=C(C=C(C#N)C(=O)c1ccccc1)C#N
Fc1cccc2C(=O)C(=O)Nc12,c1cc(ccn1)c1ccncc1
c1cc(ccn1)c1ccncc1,C1CN2CCN1CC2
c1cc(ccn1)C=Cc1ccncc1,C1COCCO1
OC(=O)c1c(F)c(F)c(F)c(F)c1F,C1N2CN3CN1CN(C2)C3
NC(N)=O,NS(=O)(=O)c1ccccc1
OC(=O)c1cc(cc(c1)C(O)=O)C(O)=O,OC(=O)c1cc(O)c(Br)c(O)c1
Cc1cccc(Nc2ccccc2C(O)=O)c1C,OC(=O)c1cc(O)cc(O)c1
Oc1cc(O)c(Br)cc1Br,Cc1cccc(C)c1NC(=O)CN1CCCC1=O
Nc1cccc(c1)C(O)=O,CN(C)P(=O)(N(C)C)N(C)C
Cc1ccncc1,CN(C)C=O
OC(=O)c1ccc(cc1)C(O)=O,C1COCCO1
Cc1ccncc1,Cc1nc(C)c(C)nc1C
NC(=O)N1c2ccccc2C=Cc2ccccc12,C1N2CN3CN1CN(C2)C3
NC(N)=O,OC(=O)C1=CC=C(Cl)S1
NC(=O)c1cccnc1,c1ccc2nc3ccccc3cc2c1
CCOc1ccccc1C(N)=O,c1cc(ccn1)C=Cc1ccncc1
OC(=O)c1cccc2ccccc12,c1ccc(cc1)c1ccncc1
OC(=O)c1cccc(O)c1,CN(C)C=O
c1cc(ccn1)c1ccncc1,C(Cc1ccncc1)c1ccncc1
OC(=O)C=Cc1ccc(O)cc1,Oc1ccc(Cl)c(Cl)c1Cl
Cc1ccnc2N(C3CC3)c3ncccc3C(=O)Nc12,CN(C)C=O
OC(=O)C=Cc1ccccc1,OC(=O)c1ccccc1O
c1cc(ccn1)C=Cc1ccncc1,c1cnc2c(c1)ccc1cccnc21
Cc1cc2N=CN(Cc3cccnc3)c2cc1C,NC(=O)c1ccncc1
OC(=O)CCCC#C,Cc1cc(O)cc(O)c1
OC(=O)CCC(O)=O,OC(=O)c1c(F)c(F)c(C(O)=O)c(F)c1F
Cc1nc(C)c(Cl)c(N)n1,C1N2CN3CN1CN(C2)C3
OC(=O)c1cc(cc(c1)C(O)=O)C(O)=O,OC(=O)c1cc(Cl)ccc1O
CN1C(=C(O)c2ccccc2S1(=O)=O)C(=O)NC1=NC=C(C)S1,c1cc(ccn1)c1ccncc1
OC(=O)c1ccc(O)cc1O,Oc1ccccc1C(c1cc(O)c(O)c(O)c1)c1ccccc1O
OC(=O)Cc1ccc(CC(O)=O)cc1,Oc1cc(O)c(Cl)cc1Cl
NS(=O)(=O)c1ccc(cc1)C(O)=O,Cc1c(O)cccc1O
Cc1ccc(cc1)C1=CC(=NN1c1ccc(cc1)S(N)(=O)=O)C(F)(F)F,CC1=NN2C=C(C)N=C2S1
CS(C)=O,OC=O
OC(=O)CN1C(=O)c2cc3C(=O)N(CC(O)=O)C(=O)c3cc2C1=O,OC(=O)CCC(O)=O
CCCCCCO,OC(=O)CCC(O)=O
C1N2CN3CN1CN(C2)C3,c1cc(ccn1)C=Cc1ccncc1
C(N1C=CN=C1)c1ccc(CN2C=CN=C2)cc1,Nc1ccc(cc1)C1=Nc2cc3N=C(Oc3cc2O1)c1ccc(N)cc1
NC(=O)c1ccncc1,O=C(N1CCCC1)c1ccc(cc1)C(=O)N1CCCC1
Nc1ccc(C(O)=O)c(O)c1,OC(=O)CCCCCCCCC(O)=O
COc1cccc(c1)C1(O)c2ccccc2Oc2ccccc12,OC=O
Nc1nc(N)nc(n1)c1ccccc1,CS(C)=O
CN(C)C=O,c1ccccc1
Oc1ccccc1C(c1cc(O)c(O)c(O)c1)c1ccccc1O,Cc1cccc(Nc2ccccc2C(O)=O)c1C
N#Cc1ccncc1,CC(=O)NC(=S)NC(C)=O
CCCC(O)=O,OC(=O)C(O)=O
Nc1ncccn1,Cc1cncc(C)n1
c1cc(ccn1)c1ccncc1,c1ccccc1
CN(C)C(N)=O,Cc1ccc(N)cc1
Oc1cc(O)c(Br)cc1Br,C1CCOC1
OC(=O)c1cc(Cl)ccc1O,C1CN2CCN1CC2
c1cc(ccn1)C=Cc1ccncc1,CCN(CC)C1(O)CCC1
Clc1ccc2N3CN(Cc2c1)c1ccc(Cl)cc1C3,OC(=O)c1ccc(O)cc1
OC(=O)CCC(O)=O,CCCCCCCCCO
Oc1cc(O)cc(O)c1,OC(=O)CCCCC(O)=O
COc1cc(OC)nc(N)n1,c1cc(ccn1)c1ccncc1
c1ccccc1,c1cc(ccn1)C=Cc1ccncc1
BrN1C(=O)c2ccccc2C1=O,NS(=O)(=O)c1cc(C(O)=O)c(NCC2=CC=CO2)cc1Cl
NC(N)=O,Cc1cc(C)nc(NS(=O)(=O)c2ccc(N)cc2)n1
Cc1cccc(NC(=O)C(C)(C)C)n1,c1ccncc1
O=C1C(=C(C#N)C(=O)C(=C1C#N)C#N)C#N,Cc1ccnc2N(C3CC3)c3ncccc3C(=O)Nc12
OCC(O)=O,Oc1cccc(O)c1
Oc1cccc(O)c1,OB(O)c1ccc(Br)cc1
OC(=O)c1cccc(O)c1,CN(C)P(=O)(N(C)C)N(C)C
NC(N)=S,C(N1C=CN=C1)c1ccc(CN2C=CN=C2)cc1
C1N2CN3CN1CN(C2)C3,NC1=Nc2ccc(OC(F)(F)F)cc2S1
NC(=O)c1ccncc1,C1N2CN3CN1CN(C2)C3
OC(=O)c1ccc(cc1)C(O)=O,OC(=O)c1cc2ccccc2cc1O
c1cc(ccn1)c1ccncc1,CC1=NN(Cc2ccc(cc2)C#N)C(=C1)C
Oc1ccc(cc1)c1ccc(O)cc1,NC(N)=O
Cc1ccnc2N(C3CC3)c3ncccc3C(=O)Nc12,c1ccncc1
Nc1nc(N)nc(N)n1,OC(CN1C=NC=N1)(CN1C=NC=N1)c1ccc(F)cc1F
OB(O)O,OC(=O)C=Cc1ccccc1
c1ccc2cnccc2c1,c1cc(ccn1)c1ccncc1
NC(=O)c1ccncc1,CCN(CC)CC(=O)Nc1c(C)cccc1C
c1cc(ccn1)C=Cc1ccncc1,N#Cc1cc(C#N)c(cc1C#N)C#N
OB(O)c1ccccc1,Fc1c(F)c(C#N)c2Oc3ccccc3Nc2c1C#N
OC(=O)c1cccc(c1)C(O)=O,NC(N)=O
c1cc(ccn1)c1ccncc1,CN(C)C=O
NC1=NN=C(O1)N=NC1=NN=C(N)O1,OC(=O)c1cccc(O)c1
O=C1CCC(=O)N1P1C(=O)c2ccccc2C1=O,Cc1ccccc1C(O)=O
Nc1ccc(Cc2ccc(N)cc2)cc1,Cc1nc(C)c(C)nc1C
c1cc(ccn1)C=Cc1ccncc1,c1cc(ccn1)c1ccncc1
CCOC(=O)c1ccccn1,c1cc2cncc3ccc4cncc1c4c23
CCN1C=Nc2c(N)ncnc12,NC(=O)c1ccncc1
OC(=O)CCCCCCCCC(O)=O,NS(=O)(=O)c1cc(C(O)=O)c(NCC2=CC=CO2)cc1Cl
OC(=O)c1ccc(O)cc1,OC(=O)CCCCCCCCC(O)=O
OC(=O)c1ccccc1Cl,COC(=O)c1ccc(O)cc1
OC(=O)c1ccc(O)cc1,OC1=C(F)C(=O)C(=C(F)C1=O)O
NC(=O)c1ccc(Br)cc1,NC(=S)NN=Cc1cc(Br)ccc1O
NC(=O)c1ccncc1,C1N2CN3CN1CN(C2)C3
C1CN2CCN1CC2,Nc1ccncc1
CCOc1ccccc1C(N)=O,NC(N)=O
NC(=O)c1ccncc1,CCCc1cc(ccn1)C(N)=S
Nc1ccc(N)cc1,Cc1nc(C)c(C)nc1C
O=C(NN=Cc1cccnc1)c1cccnc1,NC(N)=O
OC(=O)c1ccc(O)cc1,C1COCCO1
NC(N)=S,OC(=O)c1cccc(Cl)c1
Oc1cc2C(=O)Oc3c(O)c(O)cc4C(=O)Oc(c1O)c2c34,CCCCC(O)=O
Cc1c(O)cccc1O,OC(=O)c1ccccc1O
COc1ccc(cc1)B(O)O,OC(=O)CCC(O)=O
NS(=O)(=O)c1cc2c(NCNS2(=O)=O)cc1Cl,OC(=O)CC(=CC(O)=O)C(O)=O
Nc1ccc(cc1)c1ccc(N)cc1,COC(=O)Cc1nc2C(=O)N(C)C(=O)N(C)c2nc1O
OC(=O)c1ccccc1C(O)=O,OC(=O)CCCC(O)=O
Oc1cc(O)cc(O)c1,NS(=O)(=O)c1cc(C(O)=O)c(NCC2=CC=CO2)cc1Cl
O=S1(=O)NC(=S)c2ccccc12,OC(=O)CCN1C(=S)SC(=CC=Cc2ccc(Cl)cc2)C1=O
OC(=O)CCCC(O)=O,OC(=O)c1ccc(cc1)C(O)=O
OC(=O)c1cccc(c1)C(O)=O,c1ccccc1
NC(=O)c1ccc(Br)cc1,Nc1ccc(F)cc1
c1cc(ccn1)C=Cc1ccncc1,Cc1cccnc1
Cc1ccnc2N(C3CC3)c3ncccc3C(=O)Nc12,c1ccc2nc3ccccc3nc2c1
c1cc(ccn1)c1ccncc1,c1ccc2nc3ccccc3cc2c1
OB(O)c1ccc(cc1)C#N,OC(=O)c1ccc(cc1)C(O)=O
C1N2CN3CN1CN(C2)C3,C1CN2CCN1CC2
Oc1cccc(O)c1,Oc1ccc(O)cc1
Oc1c(F)c(F)c(F)c(F)c1F,OC(=O)c1ccc(cc1)c1ccccc1
C1COCCO1,c1cc(ccn1)C=Cc1ccncc1
Oc1cccc(O)c1,CN(C)C=O
c1cc(ccn1)c1ccncc1,c1ccccc1
Cc1cc(O)cc(O)c1,OC(=O)c1cccc(O)c1
NC(=O)N1c2ccccc2C=Cc2ccccc12,ON=Cc1c(F)c(F)c(Br)c(F)c1F
c1ccc2nccnc2c1,CN1N(C(=O)C=C1C)c1ccccc1
OC(=O)c1ccc(cc1)C(O)=O,CCOc1ccccc1C(N)=O
OC(=O)CCCC(O)=O,OC(=O)c1cccc(O)c1
CN1C=NC2=C1C(=O)N(C)C(=O)N2C,O=C1C(=C(C#N)C(=O)C(=C1C#N)C#N)C#N
FC1=C(F)C(=O)C(=C(F)C1=O)F,CCCC(O)=O
Cc1ccc(N)cc1C,NC(=O)c1ccncc1
ClC1=C(Cl)C(=O)C(=C(C#N)C1=O)C#N,OC(=O)CCCCC(O)=O
C(Cc1ccncc1)c1ccncc1,CS(C)=O
CCCN(CCC)S(=O)(=O)c1ccc(cc1)C(O)=O,OC(=O)C=Cc1ccccc1
Oc1cc(O)cc(O)c1,OC(=O)C=CC(O)=O
c1cc(ccn1)c1ccncc1,CN(C)C(N)=S
c1cc(ccn1)c1ccncc1,Cc1nc(C)c(C)nc1C
COC(=O)C(=O)Nc1ccccc1NC(=O)C(=O)OC,OC(=O)c1cc(Cl)c(C#N)c(Cl)c1
Nc1ccc(Cl)cn1,NC(N)=O
NC(N)=O,ON=C1CCC(CC1)=C1CCC(CC1)=NO
Nc1nnc(c(N)n1)c1cccc(Cl)c1Cl,Cc1nc(C)c(C)nc1C
Cc1ccnc2N(C3CC3)c3ncccc3C(=O)Nc12,O=Cc1ccc(C=O)cc1
c1cc(ccn1)c1ccncc1,CN(C)C(N)=S
Nc1ccc(cc1)C(O)=O,ON=Cc1c(F)c(F)c(Br)c(F)c1F
OC(=O)CCC(O)=O,OC=O
CCCCCCCCC(O)=O,OC(=O)c1cccc(O)c1
NC(N)=S,Cc1ccc(O)c(c1)N1N=C2C=CC=CC2=N1
C1N2CN3CN1CN(C2)C3,Nc1cccc2cccnc12
C1N2CN3CN1CN(C2)C3,c1ccc2c(c1)cnc1ccccc21
Nc1c(N)c(C#N)c(C#N)c(C#N)c1C#N,NC(N)=O
c1cnc2ncccc2c1,Cc1ccc(cn1)C(N)=O
Oc1ccc2ccccc2c1c1c(O)ccc2ccccc12,Oc1ccc(cc1)c1ccc(O)cc1
CN1C=CN=C1C(O)(C1=NC=CN1C)C1=NC=CN1C,OC(=O)CCC(O)=O
O=CC1=CC=CO1,Nc1ncccn1
c1cc(ccn1)c1ccncc1,C1N2CN3CN1CN(C2)C3
Nc1ncccn1,c1cc(ccn1)c1ccncc1
OC(=O)c1cccc(c1)C(O)=O,Cc1cc(C)cc(c1)C(O)=O
S1c2ccccc2c2ccccc12,Clc1cccc(NC(=O)Nc2cccc(Cl)c2)c1
NS(=O)(=O)c1ccc(Br)cc1,OC(=O)C=CC(O)=O
CN(C)C=O,c1ccc2nc3ccccc3cc2c1
CC(=O)N1CCN(CC1)C(C)=O,Nc1ccc(cc1)C(O)=O
NS(=O)(=O)c1cc(C(O)=O)c(NCC2=CC=CO2)cc1Cl,Oc1cncc(c1)C(O)=O
c1cc(ccn1)C=Cc1ccncc1,C1COCCO1
c1ccc2nc3ccccc3nc2c1,N#Cc1cc(C#N)c(cc1C#N)C#N
CN(C)C(N)=S,CCN1C(=O)SC(C1=S)=C1SC(=O)N(CC)C1=S
NC(N)=O,NS(=O)(=O)c1ccccc1Cl
Oc1ccc(cc1)C#N,OC(=O)c1cc(O)cc(O)c1
NC(=O)c1ccncc1,NC1=Nc2ccc(Br)cc2S1
OC(=O)c1cc(O)cc(O)c1,Oc1ccc2ccccc2c1c1c(O)ccc2ccccc12
NC(N)=NCCN=C(N)N,OC=O
NC(=O)c1ccc(O)cc1,CCCc1cc(ccn1)C(N)=S
CC(N)=O,c1cc(ccn1)c1ccncc1
OC(=O)c1cc(C(O)=O)c(cc1C(O)=O)C(O)=O,OC1=C(O)C(=O)C1=O
c1cc(ccn1)C=Cc1ccncc1,ON=C(CCN1C=CN=C1)c1ccc2OCOc2c1
OC(=O)c1cccc(c1)C(O)=O,OC(=O)c1cccc(O)c1
Nc1ncccn1,Cc1nc(C)c(C)nc1C
COc1cc(ccc1O)C(O)=O,CN(C)C=O
Oc1c(Cl)c(Cl)c(Cl)c(Cl)c1Cl,COc1ccc(NS(=O)(=O)c2cccc(C)c2)cc1
OC=O,C1COCCO1
COc1cc(Cc2cnc(N)nc2N)cc(OC)c1OC,c1cc(ccn1)c1ccncc1
Nc1ccc(Cc2ccc(N)cc2)cc1,OC(=O)CCC(O)=O
C1CN(CCO1)N=C1CCSCC1,CCCN(CCC)S(=O)(=O)c1ccc(cc1)C(O)=O
CN1C=NC2=C1C(=O)N(C)C(=O)N2C,N#Cc1ccncc1
Nc1ccccc1C(O)=O,OC(=O)c1ccccc1O
COc1ccc(cc1)C(O)=O,ON1CCN(O)CC1
Nc1ccc(cc1)c1ccc(N)cc1,c1ccc2nccnc2c1
Oc1ccc(Cl)c(Cl)c1Cl,Cc1ccc(cc1)C1=CC(=NN1c1ccc(cc1)S(N)(=O)=O)C(F)(F)F
CC(C)=NNC(=O)c1cccnc1,NC1=Nc2ccc(OC(F)(F)F)cc2S1
c1cc(ccn1)C=Cc1ccncc1,Cc1cc2N=CN(Cc3ccncc3)c2cc1C
c1cc(ccn1)C=Cc1ccncc1,c1ccccc1
CCc1nc(N)nc(N)c1c1ccc(Cl)cc1,N#Cc1cc(C#N)c(cc1C#N)C#N
c1ccc2nc3ccccc3nc2c1,Cc1nc(C)c(C)nc1C
NC(=O)c1ccncc1,NC(N)=S
O=C1CC(=O)NC(=O)N1,OC(=O)C1=CC=C(Cl)S1
NC1=C(C#N)c2c(O1)c(C#C)c1c(OC(=C1C#N)N)c2C#C,CCN(CC)CC(=O)Nc1c(C)cccc1C
c1ccncc1,CS(C)=O
C(N1C=CN=C1C1=NC=CN1Cc1ccccn1)c1ccccn1,O=C1C(=C(C#N)C(=O)C(=C1C#N)C#N)C#N
CCCCCCC(O)=O,Oc1cccc(O)c1
ON=C(C#N)c1ccc(cc1)C(=NO)C#N,Oc1cc2OC(=O)C=Cc2cc1O
Oc1ccc2ccc(O)cc2c1,NC(N)=O
OC(=O)CCCCCCC(O)=O,OC(=O)c1ccccc1C(O)=O
OC1=C(Cl)C(=O)C(=C(Cl)C1=O)O,OC(=O)C(O)=O
c1cc(ccn1)c1ccncc1,C1CN=C(N1)c1ccc(cc1)C1=NCCN1
OC(=O)C(C1=CC=CS1)C1=CC=CS1,NS(=O)(=O)C(F)(F)F
Nc1ccc(C(O)=O)c(O)c1,CN(C)P(=O)(N(C)C)N(C)C
CN(C)C=O,NCc1ccccc1
OC1=C(Br)C(=O)C(=C(Br)C1=O)O,Cc1ccc(cc1)C(O)=O
OC(=O)c1ccccc1O,Cc1c(C)c(C)c(c(C)c1C)C(O)=O
c1cc(ccn1)C=Cc1ccncc1,c1ccc2c(c1)nnc1ccccc21
Oc1ccc(Cl)c(Cl)c1Cl,NS(=O)(=O)c1cc(C(O)=O)c(NCC2=CC=CO2)cc1Cl
NC(N)=O,Cc1ccnc(NS(=O)(=O)c2ccc(N)cc2)n1
OC(=O)c1cccc(Cl)c1,OC(=O)c1ccc(cc1)C(O)=O
OC(=O)C=Cc1ccccc1,OC(=O)C1CCCCC1
OC(=O)c1cccc(n1)C(O)=O,OB(O)O
CN(C)C=O,OB(O)O
OC(=O)c1ccc(OCc2cccc(c2)C(O)=O)cc1,NC(=O)c1cccnc1
c1ccc2nc3ccccc3cc2c1,NC(N)=O
OC(=O)c1cc(O)c(Br)c(O)c1,CN(C)C(C)=O
Oc1ccc2ccc(O)cc2c1,OC(=O)CCCCCCCCC(O)=O
OC(=O)C=CC(O)=O,OC(=O)CCC(O)=O
OC(=O)CCCCCCCCC(O)=O,CN(C)C=O
NN1C(=NN=C1c1ccncc1)c1ccncc1,CN1c2ccccc2N=C1c1ccncc1
NC(=O)c1ccncc1,BrN1C(=O)CCC1=O
c1cc(ccn1)c1ccncc1,c1ccc2nc3ccccc3cc2c1
NC(=O)c1cccnc1,O=C1CCC(=O)N1
Nc1cccc(Cl)c1,NC(=O)c1ccc(O)cc1
BrC1=C(Br)C(=O)NC1=O,CC(=NO)C1(C)NCC(C)(C)CN1
c1cc(ccn1)C=Cc1ccncc1,c1cc(ccn1)c1ccncc1
CC(C)C1=C(C)N(C)N(c2ccccc2)C1=O,C1CN2CCN1CC2
NC(=O)c1ccncc1,C(N1C=CN=C1)c1ccc(CN2C=CN=C2)cc1
OC(=O)CCCC(O)=O,Oc1cccc(O)c1
OC(=O)CCCC(O)=O,OC(=O)C(O)=O
COC(=O)Cc1nc2C(=O)N(C)C(=O)N(C)c2nc1O,C1N2CN3CN1CN(C2)C3
CN(C)C=O,COC(=O)C=Cc1ccccn1
OC(=O)CSCc1ccc(CSCC(O)=O)cc1,CC(=O)Nc1ccc(cc1)S(=O)(=O)Nc1nccc(C)n1
N#Cc1cccnc1,C1CCNCC1
O=C(Nc1cccnc1)c1ccccc1,Cc1nc(N)nc(N)n1
c1ccc2nccnc2c1,NC(=O)c1ccncc1
OC(=O)c1ccc(O)cc1,CN(C)C=O
c1cc(ccn1)c1ccncc1,C1COCCO1
O=C(Nc1ccccn1)c1ccncc1,c1ccncc1
NNC(=O)c1ccncc1,N1C2=NON=C2NC2=NON=C12
C(Cc1ccncc1)c1ccncc1,c1cnc2ncccc2c1
OC1=C(Cl)C(=O)C(=C(Cl)C1=O)O,Cc1ccc(cc1C)C(O)=O
OC(=O)CCC(O)=O,C1COCCO1
O=Cc1ccc(C=O)cc1,N#Cc1cccnc1
c1cc(ccn1)C=Cc1ccncc1,N#Cc1cc(C#N)c(cc1C#N)C#N
OC(=O)CCCCCCCCC(O)=O,CN(C)c1cccc(c1)C(O)=O
c1ccc(cc1)C=Cc1ccncc1,OC(O)(c1cccc(n1)C(O)(O)C(F)(F)F)C(F)(F)F
Oc1cccc(O)c1,Oc1ccc2ccccc2c1c1c(O)ccc2ccccc12
CCC(=O)c1c(O)cc(O)cc1O,OC(C(F)(F)F)C(F)(F)F
Oc1ccc2ccccc2c1c1c(O)ccc2ccccc12,CC(=O)NC1=NN=C(S1)S(N)(=O)=O
c1cc(ccn1)c1ccncc1,C(Cc1ccncc1)c1ccncc1
CCCC(O)=O,C(N1C=CN=C1)N1C=CN=C1
OC(=O)C=CC(O)=O,OC(=O)CN1CSCCSC1
Nc1nc(N)nc(n1)c1ccccc1,Cc1ccc2ccc3ccc(C)nc3c2n1
CCC1=C(C)C2=CC3=CC=C(C=NO)N3C(=O)N2C1=O,c1ccc2c(c1)cnc1ccccc21
NC(=O)CN1CCCC1=O,CCN1C(=O)SC(C1=S)=C1SC(=O)N(CC)C1=S
CCN1C=Nc2c(N)ncnc12,O=C1NC(=O)C(=C1c1ccccc1)c1ccccc1
Nc1nc(N)nc(n1)c1ccccc1,OO
NC(N)=O,NS(=O)(=O)c1cc2c(NCNS2(=O)=O)cc1Cl
Oc1c(F)c(F)c(c(F)c1F)c1c(F)c(F)c(O)c(F)c1F,NC(=O)CN1CCCC1=O
NC(N)=NCCN=C(N)N,Cc1nc(C)c(C)nc1C
Nc1nc(N)nc(n1)c1ccccc1,NS(=O)(=O)c1cc(C(O)=O)c(NCC2=CC=CO2)cc1Cl
Oc1cccc(O)c1,OC(=O)C(C1=CC=CS1)C1=CC=CS1
C1N2CN3CN1CN(C2)C3,CN(C)C=O
NC(=O)c1ccncc1,Nc1nc(N)nc(N)n1
Clc1c(Cl)c(Cl)c2C(=O)NC(=O)c2c1Cl,OC(=O)c1ccccc1Cl
Cc1ccc2N=C(N)Sc2c1,CN1C=NC2=C1C(=O)N(C)C(=O)N2C
CN(C)C=C1SC2=NC(=O)c3ccccc3N2C1=O,COC(=O)C=Cc1ccccn1
CC(C)O,NC(=O)c1ccc(Br)cc1
OC(=O)CCC(O)=O,OC(=O)c1cc(cc(c1)C(O)=O)C(O)=O
c1cc(ccn1)C=Cc1ccncc1,CN(C)P(=O)(N(C)C)N(C)C
OC(=O)c1cccc(c1)C(O)=O,OC(=O)CCCCCC(O)=O
c1cc(ccn1)c1ccncc1,N#Cc1cc(C#N)c(cc1C#N)C#N
NC1=Nc2ccccc2S1,c1cc(ccn1)c1ccncc1
Nc1ccc(cc1)S(=O)(=O)Nc1ncccn1,OC(=O)c1ccc(O)cc1
OC(=O)c1ccc(O)cc1,Cc1ccccc1C(O)=O
NC(N)=O,CC1=CSC(=N1)N
OC(=O)CCC(O)=O,OC(=O)Cc1ccccc1Nc1c(Cl)cccc1Cl
OC(=O)c1cc(Cl)c(C#N)c(Cl)c1,OC(=O)CCSCCC(O)=O
Oc1cccc(O)c1,Cc1ccc(cn1)c1ncc(Cl)cc1c1ccc(cc1)S(C)(=O)=O
CN1C=NC2=C1C(=O)N(CCCCC(C)=O)C(=O)N2C,CN1CCN(C)CC1
CCN1C(=O)SC(C1=S)=C1SC(=O)N(CC)C1=S,Oc1c(F)c(F)c(c(F)c1F)c1c(F)c(F)c(O)c(F)c1F
NNC(=O)c1ccncc1,NC(=O)c1ccncc1
N#Cc1ccncc1,c1cc(ccn1)c1ccncc1
OC(=O)c1ccc2OCOc2c1,Oc1cc(O)cc(O)c1
CCN1C(=O)SC(C1=S)=C1SC(=O)N(CC)C1=S,OC(=O)c1cccc(c1)C(O)=O
Nc1ccc(cc1)C(O)=O,OC(=O)C(O)=O
OC(=O)CCCC(O)=O,CCCCC(O)=O
NC(N)=S,CCc1nc(N)nc(N)c1c1ccc(Cl)cc1
NC(=O)C1=NON=C1N=NC1=NON=C1C(N)=O,OC(=O)c1cc(cc(c1)C(O)=O)C(O)=O
Nc1nc(N)nc(N)n1,CCOC(=O)C1=C(N)c2c(O1)c(Cl)c(Cl)c(O)c2C#N
O=C1CCCN1,C1N2CN3CN1CN(C2)C3
C1COCCN1,CN1CCN(C)CC1
Oc1cccc(O)c1,OC(=O)CCC(O)=O
Cc1cccc(Nc2ccccc2C(O)=O)c1C,OC(=O)c1cc(cc(c1)C(O)=O)C(O)=O
Cc1ccncc1,O1C(=NN=C1c1ccncc1)c1ccncc1
c1cc(ccn1)c1ccncc1,Cc1nc(C)c(C)nc1C
c1cc(ccn1)C=Cc1ccncc1,c1ccc2nccnc2c1
CC(=O)NC1=NN=C(S1)S(N)(=O)=O,OC(=O)CCC(O)=O
CN(C)P(=O)(N(C)C)N(C)C,c1cc(ccn1)c1ccncc1
Cc1ccc(cc1)c1nc(N)nc(N)n1,NS(=O)(=O)c1cc(C(O)=O)c(NCC2=CC=CO2)cc1Cl
COc1cc(O)cc(O)c1,NC(N)=O
OC(=O)c1c(F)cccc1F,OC(=O)COc1ccc(Cl)cc1Cl
CC(C)=NNC(=O)c1ccncc1,Cc1nc(C)c(C)nc1C
C(Cc1ccncc1)c1ccncc1,NNC(=O)c1ccncc1
NC(=NO)C(N)=NO,Oc1ccc(O)cc1
Oc1cc(O)cc(F)c1,Cc1ccnc(NS(=O)(=O)c2ccc(N)cc2)n1
NC(=O)c1cccnc1,O=C1CCCCCN1
Nc1ncccn1,c1cc(ccn1)C=Cc1ccncc1
COC(=O)C(=O)Nc1ccccc1NC(=O)C(=O)OC,NCC=C
OC(=O)c1ccccc1Cl,CNC(=S)NN=Cc1ccc(O)cc1O
c1ccc2nc3ccccc3cc2c1,O=C1CCC(=O)N1
OCCCCCCO,OC(=O)CCC(O)=O
CN(C)c1ccc(cc1)N(C)C,Nc1cccc(Cl)n1
Cc1nc(C)c(C)nc1C,c1cc(ccn1)c1ccncc1
CC(=O)NC1=NN=C(S1)S(N)(=O)=O,OB(O)O
c1cncc(c1)C#CC#Cc1cccnc1,O=P(c1ccccc1)(c1ccccc1)c1ccccc1
CN(C)C=C1SC2=NC(=O)c3ccccc3N2C1=O,Nc1cccc(c1)C(O)=O
CN1C=CC(=C2C=CN(C)C3=NSN=C23)C2=NSN=C12,Cc1ccc2ccc3ccc(C)nc3c2n1
NS(=O)(=O)c1cc2c(NCNS2(=O)=O)cc1Cl,OC(=O)C=CC(O)=O
OC(CN1C=NC=N1)(CN1C=NC=N1)c1ccc(F)cc1F,CN(C)C=O
C(N1c2ccccc2N=C1c1ccccc1)c1ccccc1,OC(=O)C(O)=O
c1cc(ccn1)c1ccncc1,N#Cc1ccncc1
ON=C1CCCCC1=NO,Oc1cccc(O)c1
Nc1cccc(O)c1,CN1C=NC2=C1C(=O)N(C)C(=O)N2C
CN1C=NC2=C1C(=O)N(C)C(=O)N2C,OB(O)c1ccc(cc1)C#N
Oc1ccc2ccccc2c1c1c(O)ccc2ccccc12,CC1=CC(=CC(=O)O1)OCc1cccc2ccccc12
NC(=O)c1ccncc1,O=C1NC(=O)C(=C1c1ccccc1)c1ccccc1
O=C(CS(=O)(=O)C1=Nc2ccccc2S1)c1ccccc1,c1ccc2ncccc2c1
c1ccc2nc3ccccc3nc2c1,C1COCCN1
Cc1cccc2SC(=Nc12)N,Nc1ncccn1
c1cc(ccn1)C=Cc1ccncc1,OC(CN1C=NC=N1)(CN1C=NC=N1)c1ccc(F)cc1F
OC(=O)c1ccc(O)cc1,OC(=O)C(O)=O
O=S(=O)(NN=Cc1cccc2ccccc12)c1ccccc1,N#Cc1cc(C#N)c(cc1C#N)C#N
C(Cc1ccncc1)Cc1ccncc1,NC(N)=O
c1ccc2nc3ccccc3nc2c1,CN(C)C=O
NC(=O)c1ccncc1,ON=C1CCCCC1
c1cc(ccn1)c1ccncc1,c1ccc2nc3ccccc3cc2c1
CCCCCCC(O)=O,OC(=O)c1c(Br)c(Br)c(C(O)=O)c(Br)c1Br
NC1=Nc2ccc(Br)cc2S1,Oc1ccc2ccc(O)cc2c1
NNC(=O)c1ccncc1,c1cc(ccn1)C=Cc1ccncc1
CCOc1ccccc1C(N)=O,c1cc(ccn1)c1ccncc1
OC(=O)CCC(O)=O,CC1=C(C=C(S1)C(O)=O)C1=C(C2=C(C)SC(=C2)C(O)=O)C(F)(F)C(F)(F)C1(F)F
OC(=O)C=Cc1ccc(O)cc1,OC(=O)c1ccccc1C(O)=O
NCC=C,c1cc(ccn1)C=Cc1ccncc1
NC1=C(c2c(F)c(F)c(F)c(F)c2C1(F)F)C(=O)C(F)(F)F,NC(=O)c1ccc(O)cc1
OC(=O)CCCCCCCCC(O)=O,CCC(C(O)=O)C(O)=O
NC(N)=O,NS(=O)(=O)c1cc2c(NCNS2(=O)=O)cc1Cl
OC(=O)C=Cc1ccccc1,CN(C)C=O
OC(=O)c1cccc(O)c1,OC(=O)C=CC(O)=O
N1C2=NON=C2NC2=NON=C12,OC(=O)Cc1ccccc1Nc1c(Cl)cccc1Cl
c1cnc2c(c1)ccc1cccnc21,Cc1ccncc1
Cc1cc(O)cc(O)c1,CC1=Nc2ccccc2OC(C)(C)C1
CC(=O)Nc1ccc(cc1)S(=O)(=O)Nc1nccc(C)n1,Oc1ccc(Cl)c(Cl)c1Cl
Cc1cccc(C)c1NC(=O)CN1CCCC1=O,COc1nc(N)nc(OC)c1N=Nc1ccc(N)cc1
COc1cc(OC)nc(N)n1,NS(=O)(=O)c1cc2c(NCNS2(=O)=O)cc1Cl
OC(=O)c1ccc(Oc2ccc(cc2)C(O)=O)cc1,NC(=O)c1cccnc1
O=S1(=O)N=C(NC2=CC(=NN12)c1ccccc1)N1CCCCC1,CN(C)c1ccc(cc1)N(C)C
c1ccc2cnccc2c1,Nc1ncc(Br)cc1Br
OC1=C(Cl)C(=O)C(=C(Cl)C1=O)O,OC(=O)c1cccc(c1)C#N
NS(=O)(=O)c1cc(C(O)=O)c(NCC2=CC=CO2)cc1Cl,Oc1cc2ccccc2cc1O
CCCOc1ccc2ncnc3c4ccccc4Sc1c23,CC(C)COc1ccc(cc1C#N)C1=NC(=C(S1)C(O)=O)C
Oc1ccc2ccccc2c1,N#Cc1cc(C#N)c(cc1C#N)C#N
c1cc(ccn1)C=Cc1ccncc1,C1CN2CCN1CC2
CC(C)(c1ccc(O)cc1)c1ccc(O)cc1,N#Cc1cc(C#N)c(cc1C#N)C#N
c1cc(ccn1)c1ccncc1,c1ccc2nc3ccccc3cc2c1
OC(=O)c1ccc(Br)c2ccccc12,Cc1cc(C)cc(C)c1
Oc1ccccc1C(c1cc(O)c(O)c(O)c1)c1ccccc1O,OC(=O)c1cc(O)cc(O)c1
c1ccc(nc1)c1nccnc1c1ccccn1,COc1cc(OC)nc(SC)n1
OC(=O)c1cccc(c1)C(O)=O,Oc1cccc(O)c1
OC(=O)C=CC(O)=O,OCCCCCCO
OC(=O)C=CC(O)=O,OC(=O)CCCCCCC(O)=O
Cc1ccc(cc1)S(O)(=O)=O,OC(=O)c1cc(O)c(cc1O)C(O)=O
c1cc(ccn1)c1ccncc1,c1ccc(cc1)c1ccncc1
c1cnc2c(c1)ccc1ncccc21,c1cc(ccn1)C=Cc1ccncc1
OC(=O)c1cccc2ccccc12,c1ccc2nc3ccccc3cc2c1
CN1C(=C(O)c2ccccc2S1(=O)=O)C(=O)NC1=NC=C(C)S1,Cc1cccc(C)c1N
c1cc(ccn1)c1ccncc1,C1CN2CCN1CC2
OC(=O)CCCCCCCCC(O)=O,O=C1NS(=O)(=O)c2ccccc12
CN(C)c1ccc(cc1)C(O)=O,CN1CC(=O)N(C)CC1=O
OC1=C(Cl)C(=O)C(=C(Cl)C1=O)O,O=C1C(=C(C#N)C(=O)C(=C1C#N)C#N)C#N
Oc1ccc(Cl)c(Cl)c1Cl,c1cc(ccn1)c1ccncc1
Brc1ccc(cc1)S(=O)(=O)NS(=O)(=O)c1ccc(Br)cc1,Nc1ccc(CO)cc1
OC(=O)CCCC(O)=O,OC(=O)c1cccc(c1)C(O)=O
C1N2CN3CN1CN(C2)C3,CN(C)C=O
c1ccc2c(c1)c1ccccc1c1ccccc21,ON=C(C#N)c1ccc(cc1)C(=NO)C#N
O=C1CC(=O)NC(=O)N1,NS(=O)(=O)c1cc2c(NCNS2(=O)=O)cc1Cl
Cc1ccc(cn1)c1ncc(Cl)cc1c1ccc(cc1)S(C)(=O)=O,Oc1ccc(cc1)c1ccc(O)cc1
Cc1ccncc1,NC(=O)c1cnccn1
OC(=O)c1cc(F)c(F)c(F)c1F,Cc1cccc2SC(=Nc12)N
CCOc1ccc(cc1)C(O)=O,Oc1ccc2ccccc2c1c1c(O)ccc2ccccc12
Nc1ccc(Br)cn1,NC(=O)c1ccncc1
OC(=O)c1ccc(Cl)cc1,OC(=O)c1cccc(n1)C(O)=O
COc1cc(cc(OC)c1OC)C=C1N=C(C)N(C)C1=O,c1cc(ccn1)C=Cc1ccncc1
CN(C)C=O,OCCCCCCCCCCO
OC(=O)CC(=CC(O)=O)C(O)=O,OC(=O)C1=CC=C(Cl)S1
ON=C(CBr)C(CBr)=NO,OC(=O)CCCCC(O)=O
c1cncnc1,OC(=O)CCCCCCCCC(O)=O
CCOc1ccccc1C(N)=O,C(Cc1ccncc1)c1ccncc1
COc1ccc2cccc(CCNC(C)=O)c2c1,CC(=NO)c1ccccc1
O=Cc1ccncc1,NS(=O)(=O)c1cc2c(NCNS2(=O)=O)cc1Cl
OC(=O)c1ccc(Br)cc1,OC(=O)C=Cc1ccccc1
CN(C)P(=O)(N(C)C)N(C)C,FC1=C(F)C(=O)C(=C(F)C1=O)F
c1cc(ccn1)c1ccncc1,c1ccccc1
OC(=O)c1ccccc1,COc1ccc(cc1)B(O)O
OC(=O)c1ccc(O)cc1,c1ccccc1
OC(=O)C#C,NC1=Nc2ccc(OC(F)(F)F)cc2S1
OC1=C(Cl)C(=O)C(=C(Cl)C1=O)O,OC(=O)c1cc(O)ccc1O
CC(=O)C(=NNc1cccc(c1)C(O)=O)C(C)=O,OC(=O)c1ccc(O)c(O)c1
OC(=O)c1ccc(OCCCCCC#N)cc1,Nc1ccc(cc1)C(O)=O
OC(=O)CCC(O)=O,CN(C)C=O
C1N2CN3CN1CN(C2)C3,c1cc(ccn1)C=Cc1ccncc1
OC(=O)CCC(O)=O,OC(=O)C=CC(O)=O
OC(=O)c1ccccc1O,OC(=O)c1cccc(c1)C(O)=O
Oc1c(Cl)c(Cl)c(Cl)c(Cl)c1Cl,Nc1cccc(c1)C(O)=O
Nc1cccc(N)n1,OC(=O)c1ccc(cc1)C(O)=O
Brc1ccc(cc1)C=C1SC(=S)NC1=O,c1ccc2nc3ccccc3cc2c1
c1cc(ccn1)c1ccncc1,c1ccc2nc3ccccc3cc2c1
c1ccncc1,CC(=NO)c1ccccc1
c1ccncc1,ON=C(CCN1C=CN=C1)c1ccc2OCOc2c1
OC(=O)CCC(O)=O,OC(=O)CCCC(O)=O
c1ccc2nccnc2c1,c1cnc2c(c1)ccc1ncccc21
COc1nc(N)nc(OC)c1N=Nc1ccc(N)cc1,NS(=O)(=O)Oc1ccc2C3=C(CCCCC3)C(=O)Oc2c1
CN1C=NC2=C1C(=O)N(C)C(=O)N2C,CCCc1cc(ccn1)C(N)=S
Nc1ccc(N)cc1,CN1C(=O)N(C)c2nc3N(C)C(=O)N(C)C(=O)c3nc2C1=O
Cc1ccnc(NS(=O)(=O)c2ccc(N)cc2)n1,NC(N)=O
c1cc(ccn1)c1ccncc1,Cc1nc(C)c(C)nc1C
NC(=O)c1cccnc1,C1CN2CCN1CC2
OC(=O)c1ccccc1O,C1CCOC1
OC(=O)CCC(O)=O,Cl
CC1=CC(=CC(=O)O1)OCc1cccc2ccccc12,C1N2CN3CN1CN(C2)C3
c1ccc(nc1)c1nnc(nn1)c1ccccn1,Nc1nc(N)nc(n1)c1ccccc1
Cc1ccc(cc1)S(O)(=O)=O,CCCC(O)=O
C1COCCOCCOCCO1,OC(=O)c1ccccc1O
C(CCN1C=CN=C1)CN1C=CN=C1,C1N2CN3CN1CN(C2)C3
CS(C)=O,OC(=O)C=Cc1ccccc1
NC(N)=O,CC(=O)NC1=NN=C(S1)S(N)(=O)=O
OC(=O)CCC(O)=O,OCC(O)=O
OC(=O)CCC(O)=O,OC(=O)CCC#C
c1ccc(nc1)c1ccccn1,C(CCN1C=CN=C1)CN1C=CN=C1
CN(C)C=O,Cc1ccc2ccccc2n1
c1ccncc1,c1cc(ccn1)c1ccncc1
Nc1ncccn1,c1cc(ccn1)C=Cc1ccncc1
Nc1ccccc1C(O)=O,Oc1cc(O)cc(O)c1
CC(=O)NC1=NN=C(S1)S(N)(=O)=O,Cc1ccnc(NS(=O)(=O)c2ccc(N)cc2)n1
OC(=O)c1cccc2ccccc12,NS(=O)(=O)c1cc2c(NCNS2(=O)=O)cc1Cl
NC(=O)c1cnccn1,c1cc(ccn1)c1ccncc1
c1cc(ccn1)c1ccncc1,N#Cc1cc(C#N)c(cc1C#N)C#N
Nc1ccc(cc1)S(=O)(=O)Nc1ncccn1,OC(=O)Cc1ccccc1
CN1CC(=O)N(C)CC1=O,Oc1cc(O)cc(O)c1
NC(=O)c1ccncc1,C1CN2CCN1CC2
NC(=O)c1ccncc1,Nc1ncccn1
OC(=O)c1cc2ccccc2cc1O,CCCCCCO
OC(=O)c1ccc(OCc2cccc(c2)C(O)=O)cc1,NS(=O)(=O)c1cc(C(O)=O)c(NCC2=CC=CO2)cc1Cl
c1ccncc1,Brc1c2ccccc2cc2ccccc12
c1cnc2c(c1)ccc1cccnc21,c1cc(ccn1)c1ccncc1
OC(=O)c1cccc(O)c1,OC(=O)CCC(O)=O
Nc1ncccn1,c1cc(ccn1)c1ccncc1
c1cc(ccn1)C=Cc1ccncc1,Cc1cc(C)cc(C)c1
CCN1C=Nc2c(N)ncnc12,c1cc(ccn1)c1ccncc1
OC(=O)c1ccc(F)cc1,OC(=O)c1ccccc1O
CN1C=NC2=C1C(=O)N(C)C(=O)N2C,CN(C)C=O
OC(=O)c1ccc(O)cc1O,OC(=O)CCCCC(O)=O
Oc1ccc2ccccc2c1,OC(=O)CCC(O)=O
CC=CC1=C(O)C(=O)C2=C(O1)C(=O)NC2=O,OC(=O)C#C
OC(=O)c1cccc(n1)C(O)=O,Nc1ccc(cc1)C(O)=O
NC(=O)c1cnccn1,c1ccc2nc3ccccc3cc2c1
NS(=O)(=O)c1cc(C(O)=O)c(NCC2=CC=CO2)cc1Cl,ON=C1CCC(CC1)=C1CCC(CC1)=NO
OC(=O)c1ccc(cc1)C(O)=O,CCC(=O)c1c(O)cc(O)cc1O
Oc1cc(O)cc(O)c1,Nc1ccc(Cl)cc1
c1cc(ccn1)N=Nc1ccncc1,c1cc(ccn1)C=Cc1ccncc1
OC(=O)c1cccc(O)c1,OC(=O)CCCCC(O)=O
OC(=O)CCC(O)=O,OC(=O)CCCCCCC(O)=O
NC(N)=S,OC(C(F)(F)F)C(F)(F)F
OC(=O)CCCCCCCC(O)=O,O=P(c1ccccc1)(c1ccccc1)c1ccccc1
NC(=O)c1cnccn1,CC(=NO)C(C)=NO
c1cncc(c1)C=Cc1cccnc1,c1ccc2nc3ccccc3cc2c1
NC1=NON=C1Nc1nnc(NC2=NON=C2N)nn1,Cc1ccccc1C
NC(=O)c1ccncc1,NC(N)=S
CC(C)N(C(C)C)C(=O)Nc1ccccc1,OC(=O)c1ccc(Nc2ccccc2)cc1
c1cc(ccn1)c1ccncc1,CC(C)=NNC(=O)c1ccncc1
ON=C(Cc1ccc(O)c(Br)c1)C(=O)NCCSC#N,Cc1nc(C)c(C)nc1C
CC(=O)NC1=NC=C(C)S1,OC(=O)C(C1=CC=CS1)C1=CC=CS1
NC(N)=O,CC(C)O
c1cc(ccn1)c1ccncc1,C1COCCO1
OC1=CC(=O)c2ccccc2C1=O,OC=O
c1cc(ccn1)c1ccncc1,C1N2CN3CN1CN(C2)C3
c1cc(ccn1)c1ccncc1,CN(C)P(=O)(N(C)C)N(C)C
CCOC(=O)C1=Cc2cccc(OC)c2OC1=O,OC(=O)c1ccccc1O
CC(=O)NC1=NN=C(S1)S(N)(=O)=O,C1CN2CCN1CC2
OC(=O)CCC(O)=O,Cc1ccccc1C(O)=O
CC1=CN=C(NC(=O)c2ccccc2)S1,c1cc(ccn1)C=Cc1ccncc1
c1cc(ccn1)C=Cc1ccncc1,C1N2CN3CN1CN(C2)C3
NS(=O)(=O)c1cc(C(O)=O)c(NCC2=CC=CO2)cc1Cl,Oc1cncc(c1)C(O)=O
OC(=O)c1cccc(O)c1,OC(=O)c1ccc(Br)cc1
O=P(c1ccccc1)(c1ccccc1)c1ccccc1,NC(N)=NCCN=C(N)N
CN(C)C(=O)C1(C#N)C(C#N)(C#N)C1(C#N)C#N,OC(=O)C=CC(O)=O
OC(=O)c1ccc(O)cc1,OC(=O)CCC(O)=O
NC(=O)C1=NON=C1N=NC1=NON=C1C(N)=O,OC(=O)CCC(O)=O
c1cc(ccn1)C=Cc1ccncc1,N#Cc1cc(C#N)c(cc1C#N)C#N
CS(C)=O,NC=O
CC(=O)Nc1ccc(O)cc1,O=P(c1ccccc1)(c1ccccc1)c1ccccc1
C1COCCO1,OC(=O)CCC(O)=O
c1ccc(nc1)c1ccccn1,NC1=C(c2c(F)c(F)c(F)c(F)c2C1(F)F)C(=O)C(F)(F)F
Cc1nc(N)nc(N)n1,N#CC(C#N)=C1C=CC(C=C1)=C1NCCN1
CCCN(CCC)S(=O)(=O)c1ccc(cc1)C(O)=O,OC(=O)c1ccc(OCCCCCC#N)cc1
NC(=O)c1ccncc1,CC(=NO)C(C)=NO
c1cc(ccn1)C=Cc1ccncc1,Cc1nc(C)c(C)nc1C
Cc1ccc2ccc3ccc(C)nc3c2n1,C(N1C=CN=C1)c1ccc(CN2C=CN=C2)cc1
OC(=O)c1cc(C(O)=O)c(cc1C(O)=O)C(O)=O,CN1C(=NC(=Cc2ccc3OCOc3c2)C1=O)N
Cc1ccc2ccc3ccc(C)nc3c2n1,OC(CN1C=NC=N1)(CN1C=NC=N1)c1ccc(F)cc1F
Cc1ccc(cc1)C(O)=O,Oc1ccc(O)cc1
NS(=O)(=O)c1cc(C(O)=O)c(NCC2=CC=CO2)cc1Cl,OC(=O)C(O)=O
c1ccccc1,Cc1ccc(cc1)C(O)=O
Cc1cc(O)cc(O)c1,C1COCCO1
Cc1ccc(cc1)C(N)=O,Nc1ccccc1C(O)=O
CN(C)C(N)=O,NC(=O)N1c2ccccc2C=Cc2ccccc12
O=C1CCCCCN1,CN1CCN(C)CC1
OC(=O)CCCCCCCCC(O)=O,NS(=O)(=O)c1cc2c(NCNS2(=O)=O)cc1Cl
OC(=O)c1cc(O)c(O)c(O)c1,OC(=O)c1cccc(O)c1
OC(=O)CN1C(=O)c2cc3C(=O)N(CC(O)=O)C(=O)c3cc2C1=O,C1N2CN3CN1CN(C2)C3
OC(=O)c1cc(Cl)cc(Cl)c1,NS(=O)(=O)c1ccccc1Cl
Oc1cccc(O)c1,NS(=O)(=O)c1cc2c(NCNS2(=O)=O)cc1Cl
Cc1ccnc2N(C3CC3)c3ncccc3C(=O)Nc12,NC(N)=S
Oc1ccc(cc1)c1ccc(O)cc1,OC(=O)CCC(O)=O
O=S1(=O)NC(=S)c2ccccc12,CC(=O)NC1=NN(C(=O)C1)c1c(Cl)cc(Cl)cc1Cl
OC(=O)c1nc(c2ccccn2)c(nc1c1ccccn1)C(O)=O,N#Cc1cc(C#N)c(cc1C#N)C#N
O=C1CC(=O)NC(=O)N1,OC(=O)c1ccccc1O
NC(N)=NCCN=C(N)N,OC(=O)c1ccc(F)cc1
OC(=O)COc1cccc(c1)C(O)=O,COc1cc(ccc1O)C(O)=O
Cc1cc2N=CN(Cc3cccnc3)c2cc1C,Cc1cc(C)nc(NS(=O)(=O)c2ccc(N)cc2)n1
OC(=O)CCCC(O)=O,C1CN2CCN1CC2
Oc1cccc(O)c1,O=P(c1ccccc1)(c1ccccc1)c1ccccc1
Nc1ncc(Br)cc1Br,NC(=O)NN=C1C(=O)c2ccccc2c2ccccc12
BrC1=C(Br)C(=O)NC1=O,CN(C)C=O
Oc1cccc(c1)C#N,Oc1ccc2ccccc2c1c1c(O)ccc2ccccc12
CNC(=O)NC,CN(C)C=O
Cc1cccc(C)c1NC(=O)CN1CCCC1=O,c1ccccc1
OC(=O)c1cccc(O)c1,OC(=O)c1ccc(O)cc1
c1ccncc1,Cc1ccnc2c1ccc1c(C)ccnc21
OC(=O)c1cc(O)cc(O)c1,OC(=O)CCC(O)=O
c1cncnc1,CN(C)C=O
C1CN2CCN1CC2,C(Cc1ccncc1)c1ccncc1
NC(N)=O,NS(=O)(=O)c1cc2c(NCNS2(=O)=O)cc1Cl
Cc1cccc2SC(=Nc12)N,c1cc(ccn1)C=Cc1ccncc1
Cc1nc(C)c(Cl)c(N)n1,Nc1ncccn1
OC(=O)CCC(O)=O,OC(=O)c1ccc(F)cc1
Oc1ccc(Cl)c(Cl)c1Cl,OC(=O)c1ccc(cc1)C(O)=O
CC(C)COc1ccc(cc1C#N)C1=NC(=C(S1)C(O)=O)C,S1c2ccccc2c2ccccc12
OC(=O)CC(O)=O,OC1=C(F)C(=O)C(=C(F)C1=O)O
COc1ccc2cccc(CCNC(C)=O)c2c1,COc1cc(cc(OC)c1OC)C=C1N=C(C)N(C)C1=O
CN(C)C=O,Cl
OC(=O)c1cc(cc(c1)C(O)=O)C(O)=O,NC(N)=O
OC(=O)c1ccc(F)c(F)c1F,CN1N(c2ccccc2)C(=O)C(=C1C)N
OC(=O)c1ccc(O)cc1,BrC1=C(Br)C(=O)C(=C(C#N)C1=O)C#N
Nc1nc(N)nc(n1)c1ccccc1,Cc1ccncc1
Cc1ccncc1,O1C(=NN=C1c1cccnc1)c1cccnc1
OC(=O)c1cc(O)cc(O)c1,Nc1c(Cl)cc(cc1Cl)S(N)(=O)=O
CN1C=CN=C1,COc1ccc(cc1)C(O)=O
C(Cc1ccncc1)Cc1ccncc1,Cc1nc(N)nc(N)n1
Nc1ccc(Cc2ccc(N)cc2)cc1,Clc1ccc(cc1)c1ccccc1NC(=O)c1cccnc1Cl
ON=Cc1cc2ccccc2c(c1O)c1c(O)ccc2ccccc12,C1CN2CCN1CC2
NC(=O)c1ccncc1,NC(N)=S
Cc1nc(C)c(C)nc1C,CN(C)c1cccc(c1)C(O)=O
CN(C)C=O,CN(C)P(=O)(N(C)C)N(C)C
CS(C)=O,OC(=O)CCCCCCC(O)=O
O=C(c1ccccc1)c1ccncc1,COc1cc(ccc1O)C(O)=O
ON=C1C(=O)NC(=O)NC1=O,OC(=O)CCCCCCC(O)=O
c1cc(ccn1)c1ccncc1,O1C(=CN=C1c1ccccc1)c1ccccc1
O=C(Nc1ccccn1)c1ccncc1,Oc1cc(O)c(Cl)cc1Cl
Oc1ccc2ccc(O)cc2c1,OC(=O)C=CC(O)=O
c1cc(ccn1)C=Cc1ccncc1,c1cc(ccn1)c1ccncc1
NC(=O)c1cccnc1,ON=C(C#N)c1cccc(Cl)c1
CC(=O)Nc1ccc(cc1)S(=O)(=O)Nc1nccc(C)n1,c1ccncc1
Cc1ccncc1,OB(O)c1ccc(Br)cc1
COc1ccncc1,Oc1cc(O)c(Br)cc1Br
COC1=NS(=O)(=O)c2cnccc2N1,NC(=O)c1ccncc1
CCOC(=O)C1=Cc2c(OC1=O)ccc1ccccc21,C(N1C=CN=C1C1=NC=CN1Cc1ccccn1)c1ccccn1
NC(=O)c1cccnc1,c1cc(ccn1)C=Cc1ccncc1
C1CN2CCN1CC2,CS(C)=O
c1cc(ccn1)C=Cc1ccncc1,ON=C(CBr)C(CBr)=NO
OC(=O)c1cc(cc(c1)C(O)=O)C(O)=O,CCCC(O)=O
OCC(O)=O,CNC(=O)NC
Clc1c(Cl)c(Cl)c2C(=O)NC(=O)c2c1Cl,NS(=O)(=O)c1cc(C(O)=O)c(NCC2=CC=CO2)cc1Cl
c1cnc2c(c1)ccc1cccnc21,Cc1ccncc1
ON=Cc1c(F)c(F)c(Br)c(F)c1F,Nc1ccc(C(O)=O)c(O)c1
COc1ccc(cc1)C1(O)c2ccccc2Oc2ccccc12,NS(=O)(=O)c1ccccc1Cl
CCCOc1ccc2ncnc3c4ccccc4Sc1c23,NC(=O)c1cccnc1
OC(=O)Cc1ccc(O)c(Cl)c1,OB(O)c1ccc(Br)cc1
[O]n1ccn([O])c2ccccc12,COc1cc(ccc1O)C(O)=O
CCOc1ccccc1C(N)=O,c1ccncc1
Nc1ncccn1,NNC(=O)c1ccncc1
c1cc(ccn1)C=Cc1ccncc1,Cc1cc(C)nc(C)c1
O1C(=CN=C1c1ccccc1)c1ccccc1,OC(=O)CCC(O)=O
OC(=O)c1ccc2OCOc2c1,NC(N)=S
Clc1ccc(NC2=NCCN2)cc1,Oc1cccc(O)c1
OC(=O)c1ccc(Br)cc1,OC(=O)c1cccc2ccccc12
c1cnc2c(c1)ccc1cccnc21,Cc1ccc2ncccc2c1
C1CSCCO1,CCCC(O)=O
OC(=O)c1cccc(c1)C(O)=O,NS(=O)(=O)c1cc(C(O)=O)c(NCC2=CC=CO2)cc1Cl
Cc1nc(C)c(C)nc1C,CN1CC(=O)N(C)CC1=O
CNC(N)=O,c1cc(ccn1)C=Cc1ccncc1
CC1(C)CC(=O)NC(=O)C1,Cc1ccc(cc1)S(N)(=O)=O
c1cc(ccn1)c1ccncc1,CN(C)C=O
C1=CN(C=N1)c1cncnc1,O=C1CC(=O)NC(=O)N1
Nc1ncccn1,c1cc(ccn1)c1ccncc1
Oc1c(F)c(F)c(F)c(F)c1F,OC(=O)c1cccc(c1)C(O)=O
Nc1nc(N)nc(N)n1,C1=CN(C=N1)c1ccc(cc1)N1C=CN=C1
Oc1ccc2ccc(O)cc2c1,FC1=C(F)C(=O)C(=C(F)C1=O)F
NC(=O)c1ccccc1,ON=C(Cc1ccc(O)c(Br)c1)C(=O)NCCSC#N
NNC(=O)c1ccncc1,Cc1nc(C)c(C)nc1C
Nc1cccc(c1)C(O)=O,OC(=O)c1ccccc1O
Nc1ncccn1,C1CN2CN3CCN(CN1C3)C2
Cc1cc(C)nc(C)c1,CC(=O)NC1=NN=C(S1)S(N)(=O)=O
OC(=O)c1ccc(O)cc1,OC(=O)c1cccc2ccccc12
c1cc(ccn1)c1ccncc1,CN(C)C=O
OC(O)C(O)=O,CC(C)N(C(C)C)C(=O)Nc1ccccc1
NC(=O)CN1CCCC1=O,CN(C)C=O
OC(=O)CCCC(O)=O,Oc1ccc(cc1)c1ccc(O)cc1
c1ccc2nc3ccccc3nc2c1,N#Cc1cc(C#N)c(cc1C#N)C#N
c1cnc2c(c1)ccc1cccnc21,c1cc(ccn1)c1ccncc1
Cc1nc(C)c(C)nc1C,O=C1CC(=O)NC(=O)N1
NC(=O)c1ccncc1,O=C1CCC(=O)N1
O=C1NC(=O)C(=C1c1ccccc1)c1ccccc1,CCCCCCCCC(O)=O
COc1cc(O)cc(O)c1,Cc1ccnc(NS(=O)(=O)c2ccc(N)cc2)n1
Nc1nc(N)nc(N)n1,CCNc1nc(Cl)nc(NC(C)C)n1
C1COCCN1,c1cc(ccn1)c1ccncc1
OC(=O)c1ccc(cc1)C(O)=O,OC(=O)c1ccc(O)cc1O
c1ccc2nc3ccccc3nc2c1,CN1C=CN=C1
CN1C=NC2=C1C(=O)N(C)C(=O)N2C,FC1=C(F)C(=O)C(=C(F)C1=O)F
c1ccncc1,OCCCCCCCCCCO
OC(=O)CCCCCCCCC(O)=O,CN(C)c1ccc(cc1)N(C)C
NC(=O)c1ccncc1,C1CN2CCN1CC2
OC(=O)C(O)=O,O=P(c1ccccc1)(c1ccccc1)c1ccccc1
NC(N)=O,Cc1ccnc(NS(=O)(=O)c2ccc(N)cc2)n1
c1cc(ccn1)C=Cc1ccncc1,Oc1ccccc1CN1C=Nc2ccccc12
Oc1ccc(O)cc1,BrC1=C(Br)C(=O)C(=C(C#N)C1=O)C#N
O=C(NCc1ccncc1)C(=O)NCc1ccncc1,Clc1c(Cl)c(Cl)c2C(=O)NC(=O)c2c1Cl
OC(CN1C=NC=N1)(CN1C=NC=N1)c1ccc(F)cc1F,NC(=O)c1cccnc1
CS(C)=O,N#Cc1cc(C#N)c(cc1C#N)C#N
NC(=O)C1=NON=C1N=NC1=NON=C1C(N)=O,Cc1cc(Cl)nc(N)n1
c1cc(ccn1)c1ccncc1,C(Cc1ccncc1)c1ccncc1
NC(=O)c1ccc(O)cc1,Brc1ccc(cc1)C=C1SC(=S)NC1=O
Cc1ccc(cc1)C(O)=O,NC(N)=O
C1COCCOCCOCCO1,CC(=O)NC1=NC=CS1
OC(=O)CCC(O)=O,Oc1ccc(Cl)c(Cl)c1Cl
c1cc(ccn1)c1ccncc1,C(Cc1ccncc1)c1ccncc1
COC(=O)c1cc(O)c(O)c(O)c1,Cc1cccnc1
Cc1ccc(cc1C)C(O)=O,COc1ccc2c(C)cc(C)nc2c1
OC(=O)CCC(O)=O,CC(C)(C)c1ccc(O)c(c1)C(C)(C)C
O=C1CCCN1,CC(=NO)C(C)=NO
O=C1NS(=O)(=O)c2ccccc12,Oc1c(Cl)c(Cl)c(Cl)c(Cl)c1Cl
CC(C)N=NC(C)(C)OO,CC1=CN(C(=O)C=C1)c1ccccc1
c1ccncc1,c1cc(ccn1)c1ccncc1
OC=O,OC(=O)c1cc(O)ccc1O
CN(C)C=NN=CN(C)C,c1cc(ccn1)c1ccncc1
OC(=O)C=CC(O)=O,OC(=O)c1ccc(Cl)cc1Cl
c1cc(ccn1)c1ccncc1,C1N2CN3CN1CN(C2)C3
NNC(=O)c1ccncc1,c1cc(ccn1)C=Cc1ccncc1
C1CCOC1,N#Cc1ccncc1
Cc1cccc2SC(=Nc12)N,CN1CCCN(C)C1=O
c1cnc2c(c1)ccc1cccnc21,C(Cc1ccncc1)c1ccncc1
Nc1cccc(O)c1,Oc1ccc2ccc(O)cc2c1
OC(=O)c1ccccc1,OC(=O)c1ccc(cc1)C(O)=O
OC(=O)CCCCCCCCC(O)=O,CCCCCCCCCCCC(O)=O
OB(O)O,CC(=NO)C(C)=NO
NC(N)=O,C(CCN1C=CN=C1)CN1C=CN=C1
ONC(=O)C=Cc1cccc(c1)S(=O)(=O)Nc1ccccc1,O=P(c1ccccc1)(c1ccccc1)c1ccccc1
OC(=O)c1ccc(cc1)C(O)=O,OC(=O)C=CC(O)=O
CC(C)=NNC(=O)c1ccncc1,Cc1nc(C)c(C)nc1C
Cc1cccnc1,NC(N)=O
OC(=O)C=Cc1ccc(O)cc1,OC(=O)CCCC(O)=O
Cc1nc(C)c(C)nc1C,c1cc(ccn1)C=Cc1ccncc1
Oc1cc2ccccc2cc1O,NC(=O)c1ccncc1
OC(C(F)(F)F)C(F)(F)F,CC(=O)NC1=NN=C(S1)S(N)(=O)=O
c1cc(ccn1)c1ccncc1,CN(C)C=O
OC(=O)c1cc(O)c(O)c(O)c1,CC1(C)C(C(O)=O)C1(C)C
c1cc(ccn1)C=NN=Cc1ccncc1,CN1C=NC2=C1C(=O)N(C)C(=O)N2C
C(Cc1ccncc1)c1ccncc1,c1cc(ccn1)c1ccncc1
CN1C(=O)C(=O)c2ccccc12,c1cc(ccn1)c1ccncc1
c1cc(ccn1)c1ccncc1,C1N2CN3CN1CN(C2)C3
NC1=Nc2ccc(OC(F)(F)F)cc2S1,NC(N)=S
NC(=O)c1ccccc1,OC(=O)COC(=O)Cc1ccccc1Nc1c(Cl)cccc1Cl
OC(=O)c1cc(Cl)cc(Cl)c1,OC(O)C(O)=O
OC(=O)c1ccccc1O,CCCCC(O)=O
c1ccc2nc3ccccc3cc2c1,C1CN2CCN1CC2
O=C(Nc1cccnc1)c1ccccc1,c1ccccc1
c1cc(ccn1)C=Cc1ccncc1,c1ccc2ncccc2c1
BrN1C(=O)c2ccccc2C1=O,O=C1CCC(=O)N1
c1cc(ccn1)c1ccncc1,NCC=C
Cc1nc(C)c(C)nc1C,N1C2=NON=C2NC2=NON=C12
OC1=CC(=O)C(=CC1=O)O,OC(=O)c1ccc(Br)cc1
c1cnc2ncccc2c1,OC(=O)CNS(=O)(=O)c1cccc(c1)C(O)=O
OB(O)O,OC(=O)CCC(O)=O
CN(C)C(=O)C1(C#N)C(C#N)(C#N)C1(C#N)C#N,c1cc(ccn1)C=Cc1ccncc1
NC(=O)c1ccc(O)cc1,NS(=O)(=O)c1cc(C(O)=O)c(NCC2=CC=CO2)cc1Cl
c1ccc2cnccc2c1,c1ccc2nc3ccccc3nc2c1
CC#CC(O)=O,NS(=O)(=O)c1ccc(Br)cc1
c1cc(ccn1)C=Cc1ccncc1,c1ccc2nc3ccccc3nc2c1
NC(=O)c1ccncc1,C1N2CN3CN1CN(C2)C3
COc1ccc(cc1)C(O)=O,OC(=O)CCC(O)=O
c1cc(ccn1)c1ccncc1,CN(C)C=O
N#Cc1cccnc1,S=C(Nc1cccc2ccccc12)Nc1cccc2ccccc12
Oc1ccc2ccc(O)cc2c1,OC(=O)C(O)=O
c1cc(ccn1)C=Cc1ccncc1,C1N2CN3CN1CN(C2)C3
c1ccc2nc3ccccc3nc2c1,CC(C)COc1ccc(cc1C#N)C1=NC(=C(S1)C(O)=O)C
c1cc(ccn1)C=NN=Cc1ccncc1,c1ccc2nccnc2c1
CCC1(CC)C(C#N)(C#N)C1(C#N)C#N,OC(=O)c1ccc(F)cc1F
c1cnc2c(c1)ccc1cccnc21,OC(=O)C1=CC=CS1
Fc1c(F)c(C#N)c2Oc3ccccc3Nc2c1C#N,NS(=O)(=O)c1cc2c(NCNS2(=O)=O)cc1Cl
CN1C=NC2=C1C(=O)N(C)C(=O)N2C,c1cc(ccn1)c1ccncc1
CN(C)c1ccc(cc1)N(C)C,Cc1ccncc1
O1C(=CN=C1c1ccccc1)c1ccccc1,c1cc(ccn1)c1ccncc1
O=C(NCc1ccncc1)C(=O)NCc1ccncc1,Cc1ccnc2N(C3CC3)c3ncccc3C(=O)Nc12
Oc1cc(O)c(Cl)cc1Cl,CCC(=O)Nc1cc(ccc1C(O)=O)C(O)=O
C1COCCO1,c1ccccc1
OC(=O)C=Cc1ccccc1,Oc1cc(O)c(Cl)cc1Cl
c1ccncc1,c1cc(ccn1)C=Cc1ccncc1
CC(=O)NC1=NN=C(S1)S(N)(=O)=O,OC(=O)CCC#C
CCCN(CCC)S(=O)(=O)c1ccc(cc1)C(O)=O,OC(=O)c1cccc2ccccc12
Fc1c(F)c(F)c(F)c(F)c1F,OC(=O)c1cc(O)ccc1O
NC(=O)c1ccncc1,C1COCCO1
OC(=O)CNc1ccccc1C(O)=O,Clc1c(Cl)c(Cl)c2C(=O)NC(=O)c2c1Cl
Oc1ccc2ccccc2c1c1c(O)ccc2ccccc12,Oc1cc(O)cc(F)c1
Nc1nnc(c(N)n1)c1cccc(Cl)c1Cl,COB(O)c1ccc(cc1)C#N
OC(=O)c1cccc(O)c1,CN(C)c1ccc(cc1)N(C)C
OC(=O)C=Cc1ccc(O)cc1,Cc1ccc(cc1)C1=CC(=NN1c1ccc(cc1)S(N)(=O)=O)C(F)(F)F
C1N2CN3CN1CN(C2)C3,c1cc(ccn1)c1ccncc1
Nc1ccc(Cc2ccc(N)cc2)cc1,OC(=O)CCN1C(=O)c2ccccc2C1=O
N#Cc1ccncc1,NC(=O)C1c2ccccc2C=Cc2ccccc12
OC(=O)CCCC(O)=O,CN(C)c1ccc(cc1)C(O)=O
O=C1C(=C(C#N)C(=O)C(=C1C#N)C#N)C#N,NC(=O)c1ccc(CN2C=CC=N2)cc1
NC(=O)c1ccncc1,NC1=Nc2ccc(OC(F)(F)F)cc2S1
OC(=O)C(C1=CC=CS1)C1=CC=CS1,CC(C)C1=C(C)N(C)N(c2ccccc2)C1=O
OC(=O)c1ccc(O)cc1,O=C1C(=C(C#N)C(=O)C(=C1C#N)C#N)C#N
CC(=O)Nc1cccnc1,CN1C=NC2=C1C(=O)N(C)C(=O)N2C
Nc1cnc(Br)cn1,COc1ccc(cc1)C(O)=O
OC(=O)c1ccccc1O,c1ccccc1
c1ccncc1,c1ccc2nc3ccccc3cc2c1
NC(=O)c1cccnc1,C1CN2CCN1CC2
OC(=O)c1cccc(n1)C(O)=O,OC(=O)CCCC(O)=O
CN1C=CN=C1C(O)(C1=NC=CN1C)C1=NC=CN1C,OC(=O)c1ccc2C(=O)OC(=O)c2c1
OC(=O)CCC(O)=O,OC(=O)C(O)=O
Cc1ccc(cc1)c1nc(N)nc(N)n1,c1ccncc1
OC1=CC(=O)C(=CC1=O)O,CCN1C(=O)SC(C1=S)=C1SC(=O)N(CC)C1=S
Cc1c(O)cccc1O,OC(CN1C=NC=N1)(CN1C=NC=N1)c1ccc(F)cc1F
O=C1NS(=O)(=O)c2ccccc12,OC(=O)c1cc(C(O)=O)c(cc1C(O)=O)C(O)=O
ON=Cc1cc2ccccc2c(c1O)c1c(O)ccc2ccccc12,c1cnc2ncccc2c1
c1cc(ccn1)C=Cc1ccncc1,c1ccc2nc3ccccc3cc2c1
CN(C)C=O,C1CCOC1
Cc1cccc(C)c1N,NC(=O)c1ccncc1
CN(C)C=O,Brc1c2ccccc2cc2ccccc12
COc1cc(ccc1O)C(O)=O,CN(C)C=O
FC1=C(F)C(C(=C(F)C1=C(C#N)C#N)F)=C(C#N)C#N,Oc1cc(O)c(Cl)cc1Cl
OC(=O)c1c(O)cccc1O,NC1=C(c2c(F)c(F)c(F)c(F)c2C1(F)F)C(=O)C(F)(F)F
Oc1ccc2c(Oc3cc(O)ccc3C32OC(=O)c2ccccc32)c1,OC(=O)c1ccc2cc(O)ccc2c1
OC(=O)c1cc(F)c(F)c(F)c1,OC(=O)CCCCCCCCC(O)=O
NC(=O)c1ccncc1,Cc1cc(C)nc(N)n1
c1ccncc1,c1cc(ccn1)C=Cc1ccncc1
CNC(N)=O,Cc1ccc(cc1)c1nc(N)nc(N)n1
CN(C)C=O,c1ccc2nc3ccccc3cc2c1
Nc1nc(N)nc(N)n1,OCC(F)(F)F
N#CC(C#N)=C1C=CC(C=C1)=C(C#N)C#N,c1cc(ccn1)C=Cc1ccncc1
OC(=O)c1ccc2cc(ccc2c1)C(O)=O,Oc1ccc2ccccc2c1c1c(O)ccc2ccccc12
COC(=O)C(=O)Nc1ccccc1NC(=O)C(=O)OC,Nc1ccc(C(O)=O)c(O)c1
O1C(=CN=C1c1ccccc1)c1ccccc1,NC(=O)c1ccncc1
Oc1cc(O)cc(O)c1,OC=O
NS(=O)(=O)c1cc2c(NCNS2(=O)=O)cc1Cl,CCN1C=C(C(O)=O)C(=O)c2ccc(C)nc12
CC(C)COc1ccc(cc1C#N)C1=NC(=C(S1)C(O)=O)C,OC(=O)C1=CC=C(Cl)S1
Fc1c(F)c(c(F)c(F)c1Br)c1c(F)c(F)c(Br)c(F)c1F,OC(=O)CCCC(O)=O
Oc1ccc(C=O)c(O)c1O,OC(=O)c1ccc(O)cc1
c1cc(ccn1)c1ccncc1,CN1C=CN=C1C(O)(C1=NC=CN1C)C1=NC=CN1C
COc1cc(ccc1O)C(O)=O,OC(=O)c1ccc(F)cc1
NC(=O)c1cccnc1,c1ccc2nccnc2c1
CC(=O)NC1=NN=C(S1)S(N)(=O)=O,N#Cc1cc(C#N)c(cc1C#N)C#N
NC(=O)c1cccnc1,c1cc(ccn1)c1ccncc1
CCC(C(O)=O)C(O)=O,O1C(=NN=C1c1cccnc1)c1cccnc1
OC(=O)c1ccccc1,OC=O
OC(=O)c1c(F)c(F)c(C(O)=O)c(F)c1F,Oc1cccc(O)c1
S=C(Nc1cccc2ccccc12)Nc1cccc2ccccc12,Oc1cc(O)cc(O)c1
Oc1ccc(Cl)c(Cl)c1Cl,OC(=O)c1ccc2C(=O)OC(=O)c2c1
Cc1cccnc1,NC(N)=O
C(N1C=CN=C1c1ccccc1)c1cccnc1,COc1cc(cc(OC)c1OC)C=C1N=C(C)N(C)C1=O
c1ccncc1,c1ccc2nc3ccccc3cc2c1
CCCOC(=O)c1cc(O)c(O)c(O)c1,c1cc(ccn1)c1ccncc1
OC(=O)c1ccc(Br)cc1,OC(=O)CCC(O)=O
c1cc(ccn1)c1ccncc1,Cc1nc(C)c(C)nc1C
OC(=O)c1cccc(O)c1,OB(O)O
COc1cccc(c1)B(O)O,c1ccncc1
NC1=Nc2ccc(OC(F)(F)F)cc2S1,c1cc(ccn1)c1ccncc1
NC(=O)c1cccnc1,CS(C)=O
CCCCCCCC(O)=O,OC(=O)C(O)=O
c1cnc2c(c1)ccc1cccnc21,c1ccc2nc3ccccc3cc2c1
OC(=O)CCCCC(O)=O,O=C1OC(=O)c2cc3C(=O)OC(=O)c3cc12
c1cc(ccn1)c1ccncc1,C1N2CN3CN1CN(C2)C3
OC(=O)CCCCC(O)=O,CN(C)C=O
Fc1ccc(cc1)C=C1SC(=S)NC1=O,C1N2CN3CN1CN(C2)C3
CC1(C)NC(=NC(=N1)C(Cl)(Cl)Cl)C(Cl)(Cl)Cl,c1cc(ccn1)C=Cc1ccncc1
OC(=O)c1cc(C(O)=O)c(cc1C(O)=O)C(O)=O,O=P(c1ccccc1)(c1ccccc1)c1ccccc1
NC(=O)c1cccnc1,c1cc(ccn1)c1ccncc1
c1ccc2nc3ccccc3cc2c1,N#Cc1ccncc1
COc1ccc(OC)cc1,OC(=O)C(O)=O
c1cc(ccn1)c1ccncc1,O1C(=CN=C1c1ccccc1)c1ccccc1
CN(C)c1ccncc1,Nc1cc(Cl)ccc1Cl
O=C(CS(=O)(=O)C1=Nc2ccccc2S1)c1ccccc1,OC(=O)c1cccc(Cl)c1
OB(O)c1ccc(Br)cc1,COc1ccc(C=CC(O)=O)cc1
OC(=O)CCC(O)=O,O=P(c1ccccc1)(c1ccccc1)c1ccccc1
CNC(N)=O,CN(C)C=O
c1ncncn1,c1ccc(nc1)c1nnc(nn1)c1ccccn1
CN(C)C(C)=O,C1N2CN3CN1CN(C2)C3
OC=O,OC(=O)c1cc(Br)c(O)c(Br)c1O
CC(C)O,NC(=O)c1ccncc1
OC1=C(F)C(=O)C(=C(F)C1=O)O,OC(=O)CCCC(O)=O
OC(=O)C=Cc1ccc(O)cc1,CCCN(CCC)S(=O)(=O)c1ccc(cc1)C(O)=O
OC(=O)CCC(O)=O,OC(=O)COc1ccc(Cl)cc1
CS(C)=O,CCCCC(O)=O
CCN(CC)CC(=O)Nc1c(C)cccc1C,c1ccc2cnccc2c1
O=C(Nc1ccccn1)c1ccncc1,OB(O)c1ccc(Br)cc1
c1ccc2ncccc2c1,CC1=NNC(=S)NCCC(=NNC(=S)NCC1)C
OB(O)c1ccc(cc1)B(O)O,CN(C)c1ccncc1
C1N2CN3CN1CN(C2)C3,O=C(NCc1ccncc1)C(=O)NCc1ccncc1
N#Cc1cc(C#N)c(cc1C#N)C#N,CN(C)C=O
Cc1cc(Cl)nc(N)n1,CC(C)=NNC(N)=S
OC(=O)c1cccc(O)c1,NC(N)=S
Oc1cc(O)cc(O)c1,NC1=NN=C(S1)c1ccc(Br)cc1
c1ccc2ncccc2c1,NS(=O)(=O)c1ccccc1Cl
c1cc(ccn1)c1ccncc1,O=C(NN=Cc1cccnc1)c1ccccn1
Oc1ccc(cc1)C(c1ccccc1O)c1ccccc1O,OC(=O)c1ccc(cc1)C(O)=O
Oc1cc(O)cc(Cl)c1,OC(=O)Cc1ccc(O)c(Cl)c1
CCOC(=O)c1ccccn1,Cc1nc(C)c(C)nc1C
O=C1NS(=O)(=O)c2ccccc12,CCCCCO
N#CC(C#N)=C1C=CC(C=C1)=C(C#N)C#N,Oc1cccc(O)c1
OC(=O)c1ccc(O)cc1,OC(=O)c1ccccc1
NC(N)=O,NC(N)=S
NC(N)=NC(=O)C1=NON=C1NNC1=NON=C1C(=O)N=C(N)N,OC(=O)c1ccccc1O
NC(=O)c1cccnc1,c1cc(ccn1)C=Cc1ccncc1
OC(=O)c1cc(O)cc(O)c1,OC(=O)c1ccc(cc1)C(O)=O
O=C1NC(=C2C(=O)NC(=C12)C1=CC=CO1)C1=CC=CO1,Cc1ccc(cc1)C(O)=O
OC(=O)C=Cc1ccccc1,OC(=O)CCCC(O)=O
OC(=O)c1cccc(Cl)c1,Oc1ccc2ccccc2c1c1c(O)ccc2ccccc12
Nc1ncccn1,c1ccc2nc3ccccc3nc2c1
Oc1cccc(O)c1,Oc1cc(O)cc(O)c1
c1ccc(C=Cc2ccncc2)nc1,c1cc(ccn1)c1ccncc1
OC(=O)c1c(F)c(F)c(C(O)=O)c(F)c1F,Cc1ccccc1O
OC(=O)c1ccc(O)cc1,OC(=O)c1ccc2ccccc2c1c1c(ccc2ccccc12)C(O)=O
Nc1nnc(c(N)n1)c1cccc(Cl)c1Cl,ClC(Cl)=C(NC(=O)Cc1ccccc1CC(=O)NC(C#N)=C(Cl)Cl)C#N
c1cc(ccn1)c1ccncc1,CN(C)C=O
CC1=CC(=NO1)NC(=O)CC(=O)NC1=NOC(=C1)C,c1cnc2c(c1)ccc1ncccc21
c1ccc(nc1)c1ccccn1,N#Cc1ccncc1
OC=O,Cc1cc(Cl)nc(N)n1
c1cncnc1,c1cc(ccn1)C=Cc1ccncc1
Nc1ccc(cc1)S(=O)(=O)Nc1ncccn1,Cc1nc(C)c(Cl)c(N)n1
OC(=O)Cc1ccccc1Nc1c(Cl)cccc1Cl,OC(=O)c1cccc(c1)C(O)=O
OC(=O)c1cc(O)cc(O)c1,OC=O
CC(=O)NC1=NN=C(S1)S(N)(=O)=O,NS(=O)(=O)c1ccccc1
Nc1ncccn1,CN(C)C=O
CC(C)(c1ccc(O)cc1)c1ccc(O)cc1,CN(C)C=O
OC(=O)c1ccc(O)cc1O,OC(=O)CCC(O)=O
COc1cc(OC)nc(SC)n1,Cc1nc(C)c(Cl)c(N)n1
Nc1ccccc1,Nc1ccccc1C(O)=O
OB(O)c1ccc(cc1)B(O)O,OC(=O)c1ccc(C(O)=O)c2ccccc12
NC(=O)c1ccc(O)cc1,NC(=O)c1ccc(Br)cc1
OC(=O)CCCCCCCCC(O)=O,OC(=O)C1CCCCC1
c1cc(ccn1)C=Cc1ccncc1,C1CN2CCN1CC2
Oc1ccc(cc1)C=Cc1cc(O)cc(O)c1,OCCCCCCO
OC(=O)c1ccc(O)cc1,OC1=C(F)C(=O)C(=C(F)C1=O)O
NNC(=O)c1ccncc1,C(Cc1ccncc1)c1ccncc1
NC(=O)c1ccncc1,Nc1ccc(Br)cn1
O=S(c1ccccc1)c1ccccc1,Cc1c(O)cccc1O
CCCCCO,Nc1ncccn1
OC(=O)c1cccc(c1)C(O)=O,CN(C)C(C)=O
OC(=O)c1ccccc1O,NS(=O)(=O)c1cc2c(NCNS2(=O)=O)cc1Cl
OC(=O)c1ccccc1Cl,Cc1cccc(Nc2ccccc2C(O)=O)c1C
Nc1ccc(cc1)C(O)=O,CN1C=CN=C1
Nc1ccc(cc1)C(=O)OCc1ccc(Cl)nc1,OC(=O)c1cc(O)ccc1O
OC(=O)c1ccc2OCOc2c1,OC(=O)c1ccc(Cl)cc1
O=C1NS(=O)(=O)c2ccccc12,Nc1ccc(cc1)C(O)=O
Oc1cc(O)c(Cl)cc1Cl,Cc1ccc(cc1)S(O)(=O)=O
C1N2CN3CN1CN(C2)C3,OB(O)O
OC(=O)c1ccc(O)c(O)c1,O=C1NS(=O)(=O)c2ccccc12
NC1=NN=C(S1)c1ccc(Br)cc1,N#Cc1ccncc1
OC(=O)c1cc(cc(c1)C(O)=O)C(O)=O,NS(=O)(=O)c1cc2c(NCNS2(=O)=O)cc1Cl
Oc1cc(O)cc(O)c1,Cc1ccc(cc1)C1=CC(F)(F)C(=O)Nc2ccccc12
Oc1ccc(Cl)c(Cl)c1Cl,Brc1cncc(Br)c1
Cc1ccc(cn1)C(N)=O,O=C(CS(=O)(=O)C1=Nc2ccccc2S1)c1ccccc1
Oc1cc(O)c(Cl)cc1Cl,OC(=O)c1ccc(O)cc1
NC(=O)c1ccncc1,C1N2CN3CN1CN(C2)C3
Cc1ccc(cc1)C(N)=O,Cc1nc(C)c(C)nc1C
NS(=O)(=O)c1cc2c(NCNS2(=O)=O)cc1Cl,N#Cc1cc(C#N)c(cc1C#N)C#N
Oc1cc(O)cc(O)c1,Oc1ccc(Cl)c(O)c1
OC(=O)CCCCCC(O)=O,O=C1CCC(=O)N1P1C(=O)c2ccccc2C1=O
NC(=O)N1c2ccccc2C=Cc2ccccc12,N#CC(C#N)=C1C=CC(C=C1)=C1NCCN1
ON=C1C(=O)NC(=O)NC1=O,Cc1c(O)cccc1O
NC(=O)c1ccncc1,C1CN2CCN1CC2
Oc1cc2OC(=O)C=Cc2cc1O,NC1=NC(=NO1)N=NC1=NOC(=N1)N
N#Cc1cc(C#N)c(cc1C#N)C#N,C1CN(CCO1)N=C1CCSCC1
Nc1cc(Cl)ccc1Cl,OC(=O)CN1C(=O)c2cc3C(=O)N(CC(O)=O)C(=O)c3cc2C1=O
NC(=O)N1c2ccccc2C=Cc2ccccc12,CN1C=NC2=C1C(=O)N(CCCCC(C)=O)C(=O)N2C
Clc1ccc(cc1)c1ccccc1NC(=O)c1cccnc1Cl,Cc1ccncc1
CS(C)=O,CCC(C(O)=O)C(O)=O
Nc1ccc(cc1)C(O)=O,CN(C)C=O
Oc1cccc(O)c1,OC(=O)C=CC(O)=O
OC(=O)c1cc(cc(c1)C(O)=O)C(O)=O,NS(=O)(=O)c1ccccc1
OB(O)c1ccc(Br)cc1,O=C1CC(=O)NC(=S)N1
OC(=O)CCC(O)=O,Cc1ccc(cc1C)C(O)=O
OB(O)c1ccc(Br)cc1,CCCN(CCC)S(=O)(=O)c1ccc(cc1)C(O)=O
CN(C)C=O,C1N2CN3CN1CN(C2)C3
c1ccc2c(c1)nnc1ccccc21,CSC1=C(C#N)C(=O)N2CCCNC2=C1C(=O)c1ccc(Cl)cc1
OC(=O)CCCC(O)=O,OC(=O)c1ccc2ccccc2c1O
c1ccc2nccnc2c1,Nc1ccc(cc1)S(=O)(=O)Nc1ncccn1
Oc1ccc2ccccc2c1c1c(O)ccc2ccccc12,OC(=O)C=CC(O)=O
c1cc(ccn1)C=Cc1ccncc1,c1cc(ccn1)c1ccncc1
c1cc(ccn1)c1ccncc1,C1CN2CCN1CC2
Oc1cc(Cl)c(Cl)c(Cl)c1,CN1C=NC2=C1C(=O)N(C)C(=O)N2C
OC(=O)c1ccc(cc1)c1ccccc1,OC(=O)c1cccc(c1)C#N
c1ccccc1,Nc1cccc2c(N)cccc12
c1cc(ccn1)C=Cc1ccncc1,c1cc(ccn1)c1ccncc1
Cc1ccncc1,c1ccc2nc3ccccc3nc2c1
Oc1cccc(O)c1,Cc1ccnc(NS(=O)(=O)c2ccc(N)cc2)n1
Oc1ccc(cc1)c1ccc(O)cc1,O=C1C=CC(=O)C=C1
CC(=O)Nc1ccc(O)cc1,Oc1cc(O)c(Cl)cc1Cl
Nc1ccc(Cc2ccc(N)cc2)cc1,Fc1ccc2NC(=O)c3cc(F)ccc3NC(=O)c2c1
O=C1CNC(=O)N1,C1N2CN3CN1CN(C2)C3
NC(N)=O,NCC=C
OC(=O)C(O)=O,OB(O)c1ccc(cc1)C#N
CN(C)C(N)=S,CC(=O)Nc1ccc(O)cc1
OC(=O)CCCCCC(O)=O,CC(=O)NS(=O)(=O)c1ccc(N)cc1
NC=O,Nc1ccc(C(O)=O)c(O)c1
CN1CCN(C)CC1,c1cnc2c(c1)ccc1ncccc21
CC(C)(c1ccc(O)cc1)c1ccc(O)cc1,C1COCCO1
OC(=O)C=Cc1ccc(O)cc1,OC1=C(Cl)C(=O)C(=C(Cl)C1=O)O
Cc1cc(O)cc(O)c1,OC(=O)CCC(O)=O
Nc1nc(Cl)nc(Nc2cccc(Br)c2)n1,Nc1cccc2cccnc12
CCc1ccc(NC(=O)NC2=CC(=O)OC2)cc1Cl,N#Cc1cc(C#N)c(cc1C#N)C#N
Cc1cc(C)nc(NS(=O)(=O)c2ccc(N)cc2)n1,Cc1cccc2SC(=Nc12)N
c1cc(ccn1)c1ccncc1,CCN(CC)CC(=O)Nc1c(C)cccc1C
CN1CC(=O)N(C)CC1=O,CN(C)P(=O)(N(C)C)N(C)C
c1cc(ccn1)C=Cc1ccncc1,c1ccc2nc3ccccc3nc2c1
OC(=O)c1cc(cc(c1)C(O)=O)C(O)=O,CN(C)P(=O)(N(C)C)N(C)C
CC(=O)Nc1ccccn1,Nc1ccc(Br)cn1
Nc1ccnc(N)n1,COc1cc(OC)nc(SC)n1
COc1cc(Cc2cnc(N)nc2N)cc(OC)c1OC,COC(=O)C=CC=Cc1ccncc1
c1cc(ccn1)c1ccncc1,Cc1nc(C)c(C)nc1C
NS(=O)(=O)c1ccc(Cl)cc1,c1cc(ccn1)c1ccncc1
Cc1cc2N=CN(Cc3cccc(c3)C#N)c2cc1C,C1N2CN3CN1CN(C2)C3
NC(N)=S,OC(=O)c1c(F)cccc1F
OC(=O)c1ccc(O)c(c1)C(O)=O,CN(C)C=O
c1cnc2ccc3ncccc3c2c1,ON=C(CCN1C=CN=C1)c1ccc2OCOc2c1
CC1=CC(C=C(C)C1=O)=C(C#N)C#N,NNC(=O)c1ccncc1
CCOC(=O)C1=Cc2ccccc2OC1=O,c1ccc2nc3ccccc3cc2c1
OC(=O)c1ccc(O)cc1O,OB(O)c1ccc(Br)cc1
NC(N)=O,NS(=O)(=O)C(F)(F)F
OC(=O)CCCC(O)=O,OC(=O)c1cc(O)c(O)c(O)c1
Cc1ccnc(NS(=O)(=O)c2ccc(N)cc2)n1,NC(N)=O
c1ccc(nc1)c1ccccn1,NS(=O)(=O)c1cc2c(NCNS2(=O)=O)cc1Cl
OC(=O)C=Cc1ccc(O)c(O)c1,NS(=O)(=O)c1cc2c(NCNS2(=O)=O)cc1Cl
NC(=O)c1ccccc1,C1N2CN3CN1CN(C2)C3
C1COCCO1,OC(=O)CCCCC(O)=O
O1C(=NN=C1c1cccnc1)c1cccnc1,Nc1ncccn1
OB(O)O,OC(=O)c1c(F)c(F)c(C(O)=O)c(F)c1F
Cc1cc(C)nc(N)n1,CCC1=C(C)C2=CC3=CC=C(C=NO)N3C(=O)N2C1=O
Nc1nc(N)nc(n1)c1ccccc1,c1cc(ccn1)c1ccncc1
C1CCNCC1,c1cncnc1
O1C(=NN=C1c1cccnc1)c1cccnc1,O=C1CC(=O)NC(=O)N1
CCOc1ccc(cc1)C(O)=O,FC1=C(F)C(C(=C(F)C1=C(C#N)C#N)F)=C(C#N)C#N
CC1=CC(=CC(=O)O1)OCc1cccc2ccccc12,OC(=O)C(O)=O
NC(=O)c1ccncc1,CC1(C)C(C#N)(C#N)C1(C#N)C#N
C1N2CN3CN1CN(C2)C3,Nc1nc(N)nc(n1)c1ccccc1
OC(=O)C=Cc1ccc(O)c(O)c1,OC(=O)CCCCC(O)=O
NC(N)=O,[O]n1ccn([O])c2ccccc12
OC1=C(Cl)C(=O)C(=C(Cl)C1=O)O,CC(C)OC(=S)Nc1ccccc1
OC(CN1C=NC=N1)(CN1C=NC=N1)c1ccc(F)cc1F,c1cc(ccn1)c1ccncc1
Cc1cc(C)nc(N)n1,CN1C=NC2=C1C(=O)N(C)C(=O)N2C
OC(=O)C=CC(O)=O,OC1=C(Cl)C(=O)C(=C(Cl)C1=O)O
CN(C)P(=O)(N(C)C)N(C)C,Cc1cc(O)cc(O)c1
NC(=O)c1ccc(O)cc1,NS(=O)(=O)c1cc(C(O)=O)c(NCC2=CC=CO2)cc1Cl
Cc1cc(C)nc(NS(=O)(=O)c2ccc(N)cc2)n1,Cc1nc(C)c(Cl)c(N)n1
OC(=O)c1ccc(F)cc1F,CCCCCCC(O)=O
O=C1NS(=O)(=O)c2ccccc12,CN(C)C=O
OC(=O)C=Cc1ccc(O)cc1,Oc1cncc(c1)C(O)=O
Cc1cc(C)nc(N)n1,c1cc(ccn1)c1ccncc1
OC(=O)c1cccc(O)c1,Oc1cc(O)cc(O)c1
NC(N)=S,O=C1C(=O)C(=C1NCc1ccccn1)NCc1ccccn1
NC(=O)c1ccncc1,Nc1ncccn1
OC1=C(Br)C(=O)C(=C(Br)C1=O)O,NC1=Nc2ccc(OC(F)(F)F)cc2S1
C1CCOC1,N#Cc1ccncc1
Cc1cc(C)nc(NS(=O)(=O)c2ccc(N)cc2)n1,ClC1=NSN=C(Cl)C21NC(=O)c1ccccc1N2
CCCCCCCCCO,OC(=O)c1ccc(O)cc1
OC(=O)CCC(O)=O,CCCCCO
BrN1C(=O)c2ccccc2C1=O,CN1C=NC2=C1C(=O)N(C)C(=O)N2C
C1CCOC1,OC(=O)CCC(O)=O
c1cc(ccn1)c1ccncc1,C1CN2CCN1CC2
NC(N)=S,C1N2CN3CN1CN(C2)C3
OC(=O)CCCC(O)=O,OC(=O)c1ccc(Br)cc1
CC(=O)NC1=NN=C(S1)S(N)(=O)=O,CN1C=NC2=C1C(=O)N(C)C(=O)N2C
OC(=O)c1cc(cc(c1)C(O)=O)C(O)=O,OC(=O)c1ccc(O)cc1
OC(=O)c1cccc(c1)C(O)=O,CC(=O)NC1=NN=C(S1)S(N)(=O)=O
N#Cc1ccncc1,Nc1ncccn1
NC(N)=S,NNC(=O)c1ccncc1
NC(=O)c1ccc(O)cc1,c1cc(ccn1)c1ccncc1
C1COCCO1,OB(O)O
Cc1ccnc2N(C3CC3)c3ncccc3C(=O)Nc12,NC(=O)c1ccncc1
Oc1ccc(O)cc1,OC(=O)C=Cc1ccccc1
NC(N)=S,ON=C(Cc1ccc(O)c(Br)c1)C(=O)NCCSC#N
OC(=O)C=Cc1ccccc1,OC1=C(Cl)C(=O)C(=C(Cl)C1=O)O
C1CN2CCN1CC2,CC1(C)NC(=NC(=N1)C(Cl)(Cl)Cl)C(Cl)(Cl)Cl
NC(N)=S,BrC#CC#CBr
OC(=O)c1ccc(O)cc1,CC1=C(C)C(=O)C(=C(Br)C1=O)Br
C(Nc1ccccn1)c1ccccc1,Oc1cc(O)c(Br)cc1Br
OC(=O)CCC#C,OC(=O)c1ccc2ccccc2c1c1c(ccc2ccccc12)C(O)=O
O=C(Nc1ccccn1)c1ccncc1,CCOC(=O)C1=Cc2ccccc2OC1=O
Oc1cc(O)cc(O)c1,OC(=O)Cc1ccccc1
c1ccc2ncccc2c1,C1CN2CN3CN1CN(C2)C3
c1ccc2nc3ccccc3cc2c1,c1cc(ccn1)C=Cc1ccncc1
Cc1ccc2ncccc2c1,c1ccc(cc1)c1ccncc1
O=C1NC(=O)C(=C1c1ccccc1)c1ccccc1,N#Cc1cc(C#N)c(cc1C#N)C#N
CCCC(CCC)C(O)=O,OC(=O)C1CCCCC1
Nc1ccc(C(O)=O)c(O)c1,OC(=O)C(O)=O
NC(=O)c1cccnc1,N#Cc1cc(C#N)c(cc1C#N)C#N
OC(=O)CCC(O)=O,OC(=O)C=CC(O)=O
NC(N)=O,c1ccccc1
OC(=O)c1cc(O)c(O)c(O)c1,OC(=O)CCC(O)=O
COc1cncc(Br)c1,NC(N)=O
c1cnc2c(c1)ccc1cccnc21,N#Cc1ccncc1
Oc1ccc(cc1)C1(CCCCC1)c1ccc(O)cc1,CN(C)P(=O)(N(C)C)N(C)C
Cc1ccncc1,CCCc1cc(ccn1)C(N)=S
c1cc(ccn1)C=Cc1ccncc1,c1ccc(nc1)c1nnc(nn1)c1ccccn1
NC(=O)c1ccncc1,C1N2CN3CN1CN(C2)C3
OC(=O)COc1cccc2ccccc12,CCCN(CCC)S(=O)(=O)c1ccc(cc1)C(O)=O
NC1=Nc2ccc(OC(F)(F)F)cc2S1,NC(=O)c1ccncc1
CN1c2ccccc2N=C1c1ccncc1,C1COCCO1
C1N2CN3CN1CN(C2)C3,c1cc(ccn1)c1ccncc1
OC(=O)c1cccc(O)c1,OC(=O)CCC(O)=O
OC(=O)c1ccccc1NC1=C(C(=O)NC1=O)c1ccccc1,CC(=NO)c1ccccc1
OC(=O)c1cc(O)ccc1O,Oc1ccc2ccccc2c1c1c(O)ccc2ccccc12
c1cc(ccn1)C=Cc1ccncc1,c1ccncc1
NC(N)=O,OC(=O)COC(=O)Cc1ccccc1Nc1c(Cl)cccc1Cl
Oc1cccc(O)c1,NC(N)=S
CC(=O)c1c2ccccc2cc2ccccc12,CN1C=NC2=C1C(=O)N(CCCCC(C)=O)C(=O)N2C
NC(=O)c1ccncc1,O1C(=CN=C1c1ccccc1)c1ccccc1
C(Cc1ccncc1)c1ccncc1,CN(C)C(C)=O
OB(O)c1ccc(cc1)B(O)O,OC1=C(Cl)C(=O)C(=C(Cl)C1=O)O
C1CN2CCN1CC2,c1cc(ccn1)C=Cc1ccncc1
OC(=O)c1ccc(Cl)c(Cl)c1,OC(=O)c1ccc(O)cc1O
c1cc(ccn1)C=Cc1ccncc1,c1cc(ccn1)c1ccncc1
CCC(C(O)=O)C(O)=O,COc1cc2OC(=O)C=Cc2cc1OC
C1N2CN3CN1CN(C2)C3,NC(N)=S
Cc1ccc(cc1)C1=CC(=NN1c1ccc(cc1)S(N)(=O)=O)C(F)(F)F,OC(=O)c1cc(O)c(cc1O)C(O)=O
c1ccc(nc1)c1nnc(nn1)c1ccccn1,OC(=O)CCCCC(O)=O
CN1C=NC2=C1C(=O)N(CCCCC(C)=O)C(=O)N2C,c1cc(ccn1)c1ccncc1
NC(N)=S,OC=O
c1cc(ccn1)c1ccncc1,CN(C)P(=O)(N(C)C)N(C)C
Nc1ccc(Cc2ccc(N)cc2)cc1,OB(O)c1ccc(cc1)B(O)O
C1CN2CN3CN1CN(C2)C3,c1cc(ccn1)C=Cc1ccncc1
Oc1cc(O)c(Cl)cc1Cl,OC1=C(F)C(=O)C(=C(F)C1=O)O
c1ccccc1,CN(C)C=O
O=C1NS(=O)(=O)c2ccccc12,OC(=O)c1cc2ccccc2cc1O
OC(=O)c1cccc(O)c1,OC(=O)c1cc(O)ccc1O
OO,OCC(O)=O
CN1C=NC2=C1C(=O)N(C)C(=O)N2C,c1cc(ccn1)c1ccncc1
c1cc(ccn1)C=Cc1ccncc1,NC(=O)c1cnccn1
CN1C(=C(O)c2ccccc2S1(=O)=O)C(=O)NC1=NC=C(C)S1,O=C(NN=Cc1ccncc1)c1cccnc1
OC(=O)c1ccc(cc1)C(O)=O,OC(=O)c1cc(O)ccc1O
OC(=O)CCC#C,Cc1cccc(N)c1C
O1C(=CN=C1c1ccccc1)c1ccccc1,NC(=O)c1ccncc1
Oc1c(F)c(F)c(O)c(F)c1F,NC(N)=O
Cc1cccc(Nc2ccccc2C(O)=O)c1C,OC(=O)c1ccc(O)cc1O
Cc1cccc(N)c1C,c1cc(ccn1)C=Cc1ccncc1
Oc1cccc(c1)C#N,OC(=O)c1cccc(n1)C(O)=O
NC(=O)c1cccnc1,c1cnc2c(c1)ccc1cccnc21
CN1C=NC2=C1C(=O)N(C)C(=O)N2C,NC(N)=O
OC(=O)CCCCCCCC(O)=O,OC(=O)c1cccc(Cl)c1
CN(C)C=O,CCCCCCCCC(O)=O
OC(=O)CCCC(O)=O,OB(O)c1ccc(O)cc1
N#Cc1cc(C#N)c(cc1C#N)C#N,Nc1ccc(Cc2ccc(N)cc2)cc1
CN1C=NC2=C1C(=O)N(C)C(=O)N2C,N#Cc1cccnc1
Cc1cccc(Nc2ccccc2C(O)=O)c1C,Oc1ccc(O)cc1
CC(=O)Nc1ccc(cc1)C(O)=O,OC1=C(Br)C(=O)C(=C(Br)C1=O)O
Cc1nc(C)c(Cl)c(N)n1,c1cc(ccn1)C=Cc1ccncc1
OCC(O)=O,OC(=O)c1cc(O)ccc1O
c1cc(ccn1)c1ccncc1,C(Cc1ccncc1)c1ccncc1
Nc1ccncc1,NC(=O)c1ccncc1
c1cc(ccn1)c1ccncc1,CN(C)C=O
OC(=O)c1ccc(O)cc1,OC(=O)c1ccc2OCOc2c1
Nc1ncccn1,C1N2CN3CN1CN(C2)C3
OC(=O)c1ccccc1C(O)=O,C1CN2CCN1CC2
NS(=O)(=O)c1cc2c(NCNS2(=O)=O)cc1Cl,O=C1C=CC(=O)C(=C1C#N)C#N
OC(=O)c1ccc(O)cc1O,OC(=O)C=Cc1ccccc1
OC(=O)COc1cccc(c1)C(O)=O,Oc1cc(Cl)c(Cl)c(Cl)c1
C(Cc1ccncc1)c1ccncc1,C1N2CN3CN1CN(C2)C3
OC(=O)c1cccc(Cl)c1,BrC1=C(Br)C(=O)NC1=O
OC(=O)c1cccc(c1)C(O)=O,OC(=O)CCC(O)=O
OC(=O)CCC(O)=O,OC(=O)C=CC(O)=O
OC(=O)CCC(O)=O,c1ccccc1
OC(=O)c1ccc(O)cc1,OC(=O)C=CC(O)=O
c1cc(ccn1)c1ccncc1,CN(C)C=O
CC(=O)c1cccc2cccc(O)c12,Nc1ccc(cc1)c1ccc(N)cc1
C1Cc2cc3cccnc3c3c4ncccc4cc1c23,NS(=O)(=O)c1cc2c(NCNS2(=O)=O)cc1Cl
COc1cc2NC(=NS(=O)(=O)c2c(OC)c1)C(Cl)(Cl)Cl,OC(=O)c1c(F)cccc1F
O1C(=NN=C1c1ccncc1)c1ccncc1,CN(C)C(C)=O
FC1=C(F)C(C(=C(F)C1=C(C#N)C#N)F)=C(C#N)C#N,NC(=O)c1ccncc1
Nc1cccc2c(N)cccc12,NC(N)=O
CC(=CC(O)=O)C(O)=O,Nc1ccc(Br)cn1
CN1C=CC(=O)C(=C1C)O,c1cc(ccn1)N=Nc1ccncc1
Cc1ccc2ccc3ccc(C)nc3c2n1,CC(N)=C1C(=O)Oc2c(F)c(F)c(F)c(F)c2C1=O
OC(=O)CCSCCC(O)=O,CN(C)C=O
c1cc(ccn1)C=Cc1ccncc1,c1ccc2nc3ccccc3cc2c1
c1cc(ccn1)c1ccncc1,C(Cc1ccncc1)c1ccncc1
OC(=O)CCCCCCC(O)=O,C1CCOC1
NC(=O)c1ccncc1,N#Cc1cc(C#N)c(cc1C#N)C#N
c1ccncc1,S(Sc1ccncc1)c1ccncc1
NC(N)=O,C1CN2CN3CCN(CN1C3)C2
Cc1cc(O)cc(O)c1,Cc1cccc(Nc2ccccc2C(O)=O)c1C
OC(=O)c1ccc(O)cc1,OC(=O)c1c(Br)c(Br)c(C(O)=O)c(Br)c1Br
OC(=O)c1c(F)c(F)c(C(O)=O)c(F)c1F,NC1=Nc2ccc(OC(F)(F)F)cc2S1
Oc1ccc(cc1)C#N,OB(O)c1ccc(Br)cc1
c1cc(ccn1)C=Cc1ccncc1,c1ccc2nc3ccccc3nc2c1
c1cc(ccn1)c1ccncc1,C(Cc1ccncc1)c1ccncc1
OC(=O)c1cccc(O)c1,Oc1cccc(O)c1
OC(=O)CCC(O)=O,NC=S
NC(=O)c1cnccn1,C1CN2CN3CCN(CN1C3)C2
OC(=O)c1ccccc1C(O)=O,O=S1(=O)N=C(NC2=CC(=NN12)c1ccccc1)N1CCCCC1
CN(C)C=O,CCCCCCCCO
COc1ccc(NS(=O)(=O)c2cccc(C)c2)cc1,Cc1ccnc(NS(=O)(=O)c2ccc(N)cc2)n1
OC(=O)c1cc(C(O)=O)c(cc1C(O)=O)C(O)=O,CC1=NNC(=S)NCCC(=NNC(=S)NCC1)C
Nc1ccc(Br)cn1,OB(O)O
Cc1cccc(N)c1C,NC(=O)c1ccncc1
OC(=O)COc1ccc(OCC(O)=O)cc1,OC(=O)c1cc(O)ccc1O
Cc1ccc2ccc3ccc(C)nc3c2n1,NC(N)=O
OC(=O)c1cc(O)ccc1O,C1N2CN3CN1CN(C2)C3
OC(=O)C1=CC=C(Cl)S1,CN(C)C=O
OC(C(F)(F)F)C(F)(F)F,OC(=O)CCC(O)=O
OC(=O)CN1C(=O)c2cc3C(=O)N(CC(O)=O)C(=O)c3cc2C1=O,OCCCCCCO
Oc1ccc(Cl)c(Cl)c1Cl,O=C(NNc1ccccc1)NNc1ccccc1
O=C1NC(=O)C=C1,OC(=O)CCC(O)=O
Cc1cccc(Nc2ccccc2C(O)=O)c1C,ON1C(=O)c2c(Cl)c(Cl)c(Cl)c(Cl)c2C1=O
Cc1ccc2ccc3ccc(C)nc3c2n1,NC1=C(C#N)c2c(O1)c(C#C)c1c(OC(=C1C#N)N)c2C#C
NC(=O)c1ccc(O)cc1,Nc1c(Cl)cc(cc1Cl)S(N)(=O)=O
OC(=O)CC(O)=O,O=S(c1ccccc1)c1ccccc1
Nc1cccc(Cl)n1,NC(=O)c1ccncc1
OC(=O)CCCC(O)=O,OC(=O)CCCCC(O)=O
NS(=O)(=O)c1cc2c(NCNS2(=O)=O)cc1Cl,OC(=O)c1c(O)cccc1O
OC(=O)c1ccc2ccccc2c1O,OC(=O)c1cccc(c1)C(O)=O
Nc1ccc(cc1)c1ccc(N)cc1,Nc1ccc(Cc2ccc(N)cc2)cc1
C(Cc1ccncc1)c1ccncc1,Nc1ccc(Br)cn1
Oc1ccc(cc1)c1ccc(O)cc1,O=P(c1ccccc1)(c1ccccc1)c1ccccc1
OC(=O)Cc1ccccc1,CCCN(CCC)S(=O)(=O)c1ccc(cc1)C(O)=O
c1ccncc1,c1ccc2c(c1)nnc1ccccc21
Cc1nc(C)c(C)nc1C,CCc1nc(N)nc(N)c1c1ccc(Cl)cc1
CN1C=NC2=C1C(=O)N(C)C(=O)N2C,CN(C)C=O
Nc1nc(N)nc(N)n1,NC(N)=S
CN1C=NC2=C1C(=O)N(C)C(=O)N2C,c1ccc2nc3ccccc3nc2c1
OC(=O)CCC(O)=O,OC(=O)CCCC(O)=O
OC(=O)c1ccc2ccccc2c1O,OC(=O)c1ccc(OCc2cccc(c2)C(O)=O)cc1
NC(N)=O,CC(=O)NC1=NN=C(S1)S(N)(=O)=O
NC(=O)N1c2ccccc2C=Cc2ccccc12,CC1=NNC(=S)NCCC(=NNC(=S)NCC1)C
Cc1c(Cl)cccc1Nc1ccccc1C(O)=O,OC(=O)C(O)=O
OC(=O)c1cc(O)cc(O)c1,Oc1ccc2ccccc2c1c1c(O)ccc2ccccc12
c1cc(ccn1)C=Cc1ccncc1,NNC(=O)c1ccncc1
c1cc(ccn1)C=Cc1ccncc1,CN(C)P(=O)(N(C)C)N(C)C
CC1(C)N(Br)C(=O)N(Br)C1=O,OC(=O)C(O)=O
Oc1ccc2ccccc2c1c1c(O)ccc2ccccc12,OC(=O)c1cc(C(O)=O)c(cc1C(O)=O)C(O)=O
OC(=O)CCCC(O)=O,Oc1ccc(cc1)c1ccc(O)cc1
Cc1nc(C)c(C)nc1C,c1ccc2nc3ccccc3cc2c1
NC(=O)c1cccnc1,C1CN2CCN1CC2
Cc1nc(C)c(C)nc1C,NC(=O)c1cccnc1
Nc1ccccc1C(O)=O,Nc1ccc(cc1)C(O)=O
Cc1cccc(Nc2ccccc2C(O)=O)c1C,CC(=O)NC1=NN=C(S1)S(N)(=O)=O
NC(=O)c1ccncc1,O=C1C(=C(C#N)C(=O)C(=C1C#N)C#N)C#N
Nc1nc(N)nc(n1)c1cccnc1,Cc1cccc(C)c1NC(=O)CN1CCCC1=O
c1cc(ccn1)C=Cc1ccncc1,c1cc(ccn1)c1ccncc1
c1cc(ccn1)c1ccncc1,OC(C(F)(F)F)C(F)(F)F
c1cc(ccn1)c1ccncc1,c1ccccc1
c1ccc2nc3ccccc3nc2c1,N1C2=NON=C2NC2=NON=C12
N#Cc1ccncc1,c1cc(ccn1)C=Cc1ccncc1
Oc1ccc(cc1)c1ccc(O)cc1,OC(=O)CCC(O)=O
NC(=O)c1cccnc1,N#Cc1cc(C#N)c(cc1C#N)C#N
c1cc(ccn1)c1ccncc1,c1ccccc1
c1cc(ccn1)C=Cc1ccncc1,O=C1CCCC(=O)N1
NC(=O)c1ccncc1,C1CCOC1
Nc1nnc(c(N)n1)c1cccc(Cl)c1Cl,c1ccc2c(c1)nnc1ccccc21
Nc1nc(N)nc(N)n1,CN(C)C=O
OC(=O)C=Cc1ccccc1,Fc1c(F)c(F)c(F)c(F)c1F
Nc1ccc(Cl)cc1,BrC#CC#CBr
Nc1cccc2c(N)cccc12,BrN1C(=O)c2ccccc2C1=O
ONC(=O)C=Cc1cccc(c1)S(=O)(=O)Nc1ccccc1,OC(=O)c1ccc(O)cc1
c1ccncc1,Cc1ccc2ccc3ccc(C)nc3c2n1
Cc1ccc(cc1)C1=CC(=NN1c1ccc(cc1)S(N)(=O)=O)C(F)(F)F,OC(=O)CC(O)=O
Nc1nc(N)nc(N)n1,NC(N)=O
CCCCCCCCO,c1cc(ccn1)c1ccncc1
c1cc(ccn1)c1ccncc1,C1N2CN3CN1CN(C2)C3
NC(=O)c1ccncc1,O=C1NC(=O)C(=C1c1ccccc1)c1ccccc1
OC(=O)CCCC(O)=O,OC(=O)c1ccc(O)cc1
CCCN1C(=O)C(SC1=S)=C1SC(=S)N(CCC)C1=O,O=C1NS(=O)(=O)c2ccccc12
ON=C1C(=O)NC(=O)NC1=O,OC(=O)C=CC(O)=O
C1COCCO1,c1ccc2cnccc2c1
c1ccccc1,Cc1cc(C)nc(N)n1
NC(=O)c1ccccc1,C1N2CN3CN1CN(C2)C3
Oc1ccc(Cl)c(Cl)c1Cl,Nc1nc(N)nc(n1)c1ccccc1
OC(=O)CCCCCC(O)=O,OC(=O)C=Cc1ccccc1
CN(C)C=C1SC2=NC(=O)c3ccccc3N2C1=O,BrN1C(=O)c2ccccc2C1=O
NC(=O)c1ccncc1,c1ccccc1
c1ccc(nc1)c1ccccn1,NC1=NC(=NO1)N=NC1=NOC(=N1)N
c1cc(ccn1)C=Cc1ccncc1,CN(C)c1ccncc1
Oc1c(O)c(Cl)c(Cl)c(Cl)c1Cl,OC(=O)c1ccc(O)cc1
CCC(=O)c1c(O)cc(O)cc1O,CN(C)C(C)=O
Brc1ccc(CN2C=Nc3ccccc23)cc1,Oc1cc(O)c(Cl)cc1Cl
c1cnc2ncccc2c1,OC(=O)c1c(F)c(F)c(C(O)=O)c(F)c1F
CC(=O)Nc1ccc(O)cc1,Cc1ccc(cn1)C(N)=O
Cc1cccc2SC(=Nc12)N,c1cc(ccn1)C=Cc1ccncc1
OC(=O)CCCCCCCCC(O)=O,OC(=O)CCCC(O)=O
NC(=O)c1ccncc1,Cc1cc(Cl)nc(N)n1
O1C(=NN=C1c1cccnc1)c1cccnc1,NC(=O)c1ccncc1
CC(=O)Nc1ccccn1,C1N2CN3CN1CN(C2)C3
CN(C)C(N)=O,CCCCCCC(O)=O
Cc1ccnc(NS(=O)(=O)c2ccc(N)cc2)n1,OC(=O)CCCCCC(O)=O
Cc1cccc(C)c1NC(=O)CN1CCCC1=O,c1cc(ccn1)c1ccncc1
c1ccc2nccnc2c1,c1cc(ccn1)c1ccncc1
NS(=O)(=O)c1cc2c(NCNS2(=O)=O)cc1Cl,CC(=O)NC1=NN=C(S1)S(N)(=O)=O
c1ccc(nc1)c1ccccn1,CN(C)C=O
OC(=O)CCCCCCC(O)=O,Nc1c(Cl)cc(cc1Cl)S(N)(=O)=O
ON=C1C(=O)NC(=O)NC1=O,COC(=O)c1ccncc1
OC(=O)c1cc2ccccc2cc1O,Cc1cc(O)cc(O)c1
OC(=O)CCC(O)=O,OC(=O)CCCC(O)=O
c1cc(ccn1)c1cncnc1,COC(=O)C=CC=Cc1ccncc1
CCCC(O)=O,OC(=O)c1c(Br)c(Br)c(C(O)=O)c(Br)c1Br
c1ccc2nc3ccccc3cc2c1,NC(=O)c1ccncc1
COc1ccc(cc1)C=C1SC(=O)NC1=O,NC(=O)c1ccncc1
Nc1ccc(Cc2ccc(N)cc2)cc1,c1ccc2nc3ccccc3cc2c1
c1ccc2nccnc2c1,CN(C)c1ccncc1
CC1(C)N(N=O)C(C)(C)c2ccccc12,OC(=O)c1ccc2ccccc2c1O
O=C1C(=C(C#N)C(=O)C(=C1C#N)C#N)C#N,CC1(C)OC(=O)C2(C(=O)O1)C(C#N)(C#N)C2(C#N)C#N
CCC(C(O)=O)C(O)=O,Cc1cccc2SC(=Nc12)N
Cc1c(O)cccc1O,Oc1ccccc1C(c1cc(O)c(O)c(O)c1)c1ccccc1O
Cc1nc(C)c(Cl)c(N)n1,Oc1ccc2ccccc2c1c1c(O)ccc2ccccc12
Cc1ccc(cc1)C(N)=O,NC(=O)c1cccnc1
ON=C1CCC(CC1)=C1CCC(CC1)=NO,NC(N)=O
CN(C)P(=O)(N(C)C)N(C)C,OC(=O)Cc1ccccc1
Fc1ccc(cc1)C=C1SC(=S)NC1=O,C1CN2CCN1CC2
CC(=O)Oc1cc(ccc1C(O)=O)C(F)(F)F,CN(C)c1ccc(cc1)N(C)C
OC(=O)c1ccc2ccccc2c1O,OC(=O)c1ccc(Oc2ccc(cc2)C(O)=O)cc1
OC(=O)c1ccccc1,OC(=O)CCCCC(O)=O
c1cc(ccn1)C=Cc1ccncc1,c1ccncc1
Brc1c2ccccc2cc2ccccc12,COc1cc(OC)nc(N)n1
NS(=O)(=O)c1cc2c(NCNS2(=O)=O)cc1Cl,CC(=NO)c1ccccc1
Nc1ccc(cc1)S(=O)(=O)Nc1ncccn1,O=Cc1ccc(C=O)cc1
c1ccc2nc3ccccc3cc2c1,NC1=NN=C(S1)c1ccc(Br)cc1
OC(=O)C(O)=O,OC(=O)CCC(O)=O
OC(=O)c1ccc(OCCCCCC#N)cc1,OC(=O)c1ccc(cc1)C(O)=O
CC(C)O,c1cc(ccn1)c1ccncc1
Oc1cc(O)c2ccccc2c1,Oc1cccc(O)c1
Nc1ccc(C(O)=O)c(O)c1,OC(=O)c1ccc2OCOc2c1
C1N2CN3CN1CN(C2)C3,c1cncc(c1)N=Nc1cccnc1
Cc1ccc(cc1)C(N)=O,Cc1cccc(C)c1NC(=O)CN1CCCC1=O
Nc1ccc(cc1)C1=Nc2cc3N=C(Oc3cc2O1)c1ccc(N)cc1,c1cc(ccn1)C=Cc1ccncc1
Oc1ccc(cc1)C=Cc1cc(O)cc(O)c1,OC(=O)c1ccc2C(=O)OC(=O)c2c1
OC1=C(Br)C(=O)C(=C(Br)C1=O)O,NC(N)=O
C1COCCOCCOCCO1,NC(N)=NC(=O)C1=NON=C1NNC1=NON=C1C(=O)N=C(N)N
Oc1cccc(O)c1,Cc1ccnc(NS(=O)(=O)c2ccc(N)cc2)n1
OC(=O)c1ccc(Br)cc1,OC(=O)c1ccc(O)cc1O
OC=O,Nc1ccc(Br)cn1
O=C1CCC(=O)N1,NC(N)=S
CC(C)C1=C(C)N(C)N(c2ccccc2)C1=O,Cc1nc(C)c(C)nc1C
O=C1CCC(=O)N1,NC(=O)CN1CCCC1=O
OC(=O)C=CC(O)=O,OCCCCCCCCCCO
Nc1ncccn1,c1cc(ccn1)C=Cc1ccncc1
Oc1cc(O)c(Cl)cc1Cl,OB(O)c1cccc(C=C2NC(=O)NC2=O)c1
NC(=O)c1cnccn1,CC(=O)N1CCN(CC1)C(C)=O
CC(=O)NC1=NN=C(S1)S(N)(=O)=O,COc1ccncc1
CN(C)c1ccc(C=O)cc1,c1ccncc1
OC(=O)c1cc(cc(c1)C(O)=O)C(O)=O,OC(=O)c1ccc(Br)cc1
OC(=O)C#CC(O)=O,OC(=O)CCCCCC(O)=O
NC(=O)c1ccncc1,Cc1nc(N)nc(N)n1
COc1cc(C=O)ccc1O,Cc1c(O)cccc1O
c1cc(ccn1)C=Cc1ccncc1,C(N1C=CN=C1)c1ccc(CN2C=CN=C2)cc1
N#Cc1ccncc1,NC(N)=S
CN1c2ccccc2N=C1c1ccncc1,OC(=O)Cc1ccccc1
O=C1NC(=C2C(=O)NC(=C12)C1=CC=CO1)C1=CC=CO1,OC(=O)c1cc(O)ccc1O
CN(C)C=O,CN(C)P(=O)(N(C)C)N(C)C
Oc1ccc2c(Oc3cc(O)ccc3C32OC(=O)c2ccccc32)c1,Oc1ccc(O)cc1
c1cc(ccn1)C=Cc1ccncc1,Cc1ccc2ccccc2n1
Nc1ccc(cc1)S(=O)(=O)Nc1ncccn1,C1CN2CN3CN1CN(C2)C3
O=C1NC(=C2C(=O)NC(=C12)C1=CC=CO1)C1=CC=CO1,c1ccc2nc3ccccc3nc2c1
NS(=O)(=O)c1cc2c(NCNS2(=O)=O)cc1Cl,COc1cc(cc(OC)c1OC)C=C1N=C(C)N(C)C1=O
C1N2CN3CN1CN(C2)C3,CN(C)C=O
NS(=O)(=O)c1cc2c(NCNS2(=O)=O)cc1Cl,Oc1cc2ccccc2cc1O
C1CN2CCN1CC2,CN(C)C(=O)N(C)C
NC(=O)c1nc(F)cnc1O,Cc1nccnc1C
NS(=O)(=O)c1cc2c(NCNS2(=O)=O)cc1Cl,Oc1cc(O)c(Cl)cc1Cl
c1cc(ccn1)C=Cc1ccncc1,c1cc(ccn1)c1ccncc1
OC(=O)CC(O)=O,OC(=O)c1ccccc1Cl
OC(=O)CCCC(O)=O,OC1=C(Br)C(=O)C(=C(Br)C1=O)O
OC(=O)c1ccccc1Cl,OC(=O)c1ccc2ccccc2c1O
COc1ccc(cn1)c1cc(C)nc(N)n1,Oc1ccc(cc1)C1(CCCCC1)c1ccc(O)cc1
NC(=O)c1cccnc1,N#Cc1ccncc1
CC(=O)NC1=NN=C(S1)S(N)(=O)=O,NC1=Nc2ccc(OC(F)(F)F)cc2S1
NC(=O)c1ccncc1,FC1=C(F)C(C(=C(F)C1=C(C#N)C#N)F)=C(C#N)C#N
C1=CN(C=N1)c1ccc(cc1)N1C=CN=C1,NC(=O)N1c2ccccc2C=Cc2ccccc12
COc1cc(O)cc(O)c1,Cc1ccc(cn1)c1ncc(Cl)cc1c1ccc(cc1)S(C)(=O)=O
c1cc(ccn1)c1ccncc1,O=P(c1ccccc1)(c1ccccc1)c1ccccc1
OC(=O)CCCCC(O)=O,OC(=O)c1ccccc1Cl
OC(=O)CCCC(O)=O,OC(=O)c1ccc(cc1)C(O)=O
Cc1nc(C)c(C)nc1C,CCCCCCC(O)=O
COc1cc(C=CC(O)=O)ccc1O,OC(=O)C=CC(O)=O
CN1CC(=O)N(C)CC1=O,Nc1ccc(Cl)cc1
OC(=O)c1cccc(O)c1,OC(=O)c1cc(O)cc(O)c1
CN(C)C=O,c1ccc2cnccc2c1
CN(C)c1ccc(cc1)N(C)C,CCCCC(O)=O
Nc1nc(N)nc(n1)c1ccccc1,C1CN2CN3CN1CN(C2)C3
c1cc(ccn1)c1ccncc1,CN(C)C=O
CN(C)c1cccc(c1)C(O)=O,CCOc1ccc(cc1)C(O)=O
NC(=O)c1ccncc1,BrC1=C(Br)C(=O)NC1=O
NC(N)=O,NC(N)=S
Cc1nc(C)c(C)nc1C,c1cc(ccn1)C=Cc1ccncc1
OC(=O)c1ccccc1O,OC1=C(Br)C(=O)C(=C(Br)C1=O)O
COc1cc(ccc1O)C(O)=O,OC(=O)c1cc(O)cc(O)c1
OC(=O)c1cc(O)cc(O)c1,CC1=CSC(=N1)N
OC=O,COc1ccc(cc1)C1(O)c2ccccc2Oc2ccccc12
OC(=O)c1ccccc1O,OC(=O)c1ccc(F)cc1
c1ccc(cc1)c1ccncc1,CCCCC(O)=O
NC1=NC(=NO1)C1=NN2N=NN=C2N=C1N,NS(=O)(=O)c1cc(C(O)=O)c(NCC2=CC=CO2)cc1Cl
c1cc(ccn1)C=Cc1ccncc1,O1C(=NN=C1c1cccnc1)c1cccnc1
O=C1CCC(=O)N1,C1CN2CCN1CC2
OC1=C(F)C(=O)C(=C(F)C1=O)O,CN1C(=NC(=Cc2ccc3OCOc3c2)C1=O)N
NC(=O)c1cccnc1,C1CCOC1
OC(=O)CCCC(O)=O,OC(C(F)(F)F)C(F)(F)F
OB(O)c1ccc(Br)cc1,COc1ccc(OC)cc1
CN(C)c1ccncc1,CCCCCCCCCCC(O)=O
CNC(N)=S,OC(O)C(O)=O
Oc1cc(O)c(Cl)cc1Cl,O=C1C(=C(C#N)C(=O)C(=C1C#N)C#N)C#N
OC(=O)c1ccc(O)cc1,OC(=O)CCCC(O)=O
CC1(C)CC(=O)NC(=O)C1,CC(=O)NC(=S)NC(C)=O
c1cc(ccn1)c1ccncc1,c1ccc(cc1)c1ccncc1
OC(=O)CCCC(O)=O,OC(=O)c1cccc(c1)C(O)=O
c1cc(ccn1)C=Cc1ccncc1,O=P(c1ccccc1)(c1ccccc1)c1ccccc1
c1ccccc1,NC(N)=O
c1ccc2nc3ccccc3cc2c1,CC(=O)N1CCN(CC1)C(C)=O
c1cc(ccn1)c1ccncc1,C1CN2CCN1CC2
COC(=O)C(=O)Nc1ccccc1NC(=O)C(=O)OC,OC(=O)c1ccccc1O
c1cc(ccn1)c1ccncc1,CN(C)C(C)=O
Oc1cc(O)c(Cl)cc1Cl,OC=O
N#Cc1ccncc1,c1cncc(c1)N=Nc1cccnc1
OC(=O)c1cc(O)ccc1O,OC(=O)c1cc(O)cc(O)c1
OCC(F)(F)F,CS(C)=O
c1ccc2cnccc2c1,c1cc(ccn1)C=Cc1ccncc1
COc1ccc(cc1)C1=C2N(C(=S)NC2=O)C(=C1C#N)N,[O]n1ccn([O])c2ccccc12
COc1ccc(C=CC(O)=O)cc1,CCN(CC)CC
COC1=NS(=O)(=O)c2cnccc2N1,O=C1CC(=O)NC(=O)N1
Nc1ncccn1,Cc1nc(C)c(C)nc1C
OC(=O)CCCCC(O)=O,OC(=O)CCCC(O)=O
CN(C)P(=O)(N(C)C)N(C)C,NC(=O)c1cccnc1
Oc1cc(O)cc(O)c1,OC(=O)c1cc(Cl)cc(Cl)c1O
C1CSCCO1,Nc1ccnc(N)n1
NC(=O)c1cccnc1,C1COCCO1
COc1ccc(cc1)C1(O)c2ccccc2Oc2ccccc12,NNC(=O)c1ccncc1
Oc1cc2ccccc2cc1O,O=C1CCC(=O)N1
NC(=O)c1ccncc1,FC1=C(F)C(C(=C(F)C1=C(C#N)C#N)F)=C(C#N)C#N
O1C(=Nc2ccccc12)C=Cc1ccncc1,c1ccc(cc1)c1ccncc1
COC(=O)C=Cc1ccccn1,OC(=O)CCCCCCC(O)=O
Fc1ccccc1NC(=S)NNC(=O)c1ccncc1,NS(=O)(=O)c1cc2c(NCNS2(=O)=O)cc1Cl
Cc1ccc(N)cc1,NC(N)=S
N#Cc1cc(C#N)c(cc1C#N)C#N,Cc1ccc(cc1)c1nc(N)nc(N)n1
Oc1ccc(O)cc1,OC(=O)CC(O)=O
NS(=O)(=O)c1ccccc1,OC(=O)C(O)=O
c1cc(ccn1)C=Cc1ccncc1,CN(C)P(=O)(N(C)C)N(C)C
OC(=O)c1cc(O)c(Br)c(O)c1,OC(=O)CCC#C
CC1=NN=C2CN=C(c3ccccc3)c3cc(Cl)ccc3N12,NC(=O)c1cccnc1
OC(=O)C=Cc1ccccc1,COc1ccc2cccc(CCNC(C)=O)c2c1
OC(=O)c1cc(O)cc(O)c1,OC(=O)c1ccc(cc1)C(O)=O
Cc1cc(C)nc(NS(=O)(=O)c2ccc(N)cc2)n1,COc1ccc(NS(=O)(=O)c2ccc3ccccc3c2)cc1
CC1=CSC(=N1)N,c1cc2cncc3ccc4cncc1c4c23
O1C(=NN=C1c1cccnc1)c1cccnc1,c1ccc2c(c1)c1ccccc1c1ccccc21
C1COCCO1,OC(=O)C(O)=O
OC(=O)c1cc(cc(c1)C(O)=O)C(O)=O,OB(O)c1ccc(O)cc1
CC(C)O,Cc1cccnc1
Nc1ccc(cc1)C(O)=O,OC1=C(Br)C(=O)C(=C(Br)C1=O)O
c1ccc(nc1)c1ccccn1,ONC(=O)C=Cc1cccc(c1)S(=O)(=O)Nc1ccccc1
c1ccc(C=Cc2ccccn2)nc1,O=P(c1ccccc1)(c1ccccc1)c1ccccc1
OC(=O)CCC(O)=O,CN(C)C=O
Oc1ccc(cc1)C#N,CN1N(C(=O)C=C1C)c1ccccc1
O=C1CC(=O)NC(=O)N1,Oc1ccc2ccccc2c1c1c(O)ccc2ccccc12
Nc1ncccn1,NC1=NC(=NO1)N=NC1=NOC(=N1)N
c1cc(ccn1)C=Cc1ccncc1,N#Cc1ccncc1
Nc1nc(N)nc(n1)c1ccccc1,Nc1ncccn1
OC(=O)CCCC(O)=O,OC=O
COc1cc(C#N)c(cc1OC)c1ccc(O)cc1,O=C1CC(=O)NC(=O)N1
OC(=O)C=Cc1ccc(O)cc1,Oc1ccc(O)cc1
Oc1c(O)c(Cl)c(Cl)c(Cl)c1Cl,Cc1ccc(cc1)C(N)=O
OC(=O)c1cccc(Cl)c1,OC(=O)c1c(O)cccc1O
C1CN2CCN1CC2,O1C(=NN=C1c1cccnc1)c1cccnc1
C1COCCN1,O=Cc1ccncc1
Cc1ccnc(NS(=O)(=O)c2ccc(N)cc2)n1,Nc1ccc(Sc2ccc(N)cc2)cc1
CS(C)=O,OC(=O)CCCCCCC(O)=O
O=S(=O)(Nc1ccc(Oc2ccccc2)cc1)c1ccccc1,Oc1cc(O)cc(O)c1
CC(=NO)C(C)=NO,NC(=O)N1c2ccccc2C=Cc2ccccc12
COC(=O)N1C=NC(=C1N)C(N)=O,c1ccc2nccnc2c1
C1CCOC1,OC(=O)C(O)=O
OC(=O)c1cc(F)c(F)c(F)c1F,O=C1CC(=O)NC(=O)N1
OC(=O)c1c(O)cc(O)cc1O,NC(=O)c1cccc(N)c1
Oc1cccc(O)c1,Oc1ccc(cc1)c1ccc(O)cc1
OC(=O)C1=CC=C(Cl)S1,Nc1ccc(C(O)=O)c(O)c1
OC(=O)c1ccccc1Cl,OC(=O)c1cc(O)ccc1O
c1cc(ccn1)c1ccncc1,C1CN2CCN1CC2
Oc1ccc(O)cc1,OC(=O)CSCc1ccc(CSCC(O)=O)cc1
CC(=O)NC1=NN=C(S1)S(N)(=O)=O,CN1C(=NC(=Cc2ccc3OCOc3c2)C1=O)N
OC(=O)c1cccc(c1)C(O)=O,OC=O
NC(=O)c1ccncc1,O=C1NC(=O)C(=C1c1ccccc1)c1ccccc1
OC(=O)COc1ccc(Cl)cc1Cl,OC(=O)c1cc(O)cc(O)c1
OC(=O)c1cnccn1,OC(=O)c1ccc(Br)cc1
C(Cc1ccncc1)c1ccncc1,Brc1cncc(Br)c1
c1cc(ccn1)c1ccncc1,Cc1nc(C)c(C)nc1C
OC(=O)c1ccc(Cl)c(Cl)c1,Oc1cc(O)c(Br)cc1Br
c1cncnc1,c1cc(ccn1)c1ccncc1
NC(=O)c1ccc(O)cc1,Nc1ccccc1
c1cnc2ncccc2c1,c1cc(ccn1)C=Cc1ccncc1
CN1C=CC(=C2C=CN(C)C3=NSN=C23)C2=NSN=C12,c1ccc2nc3ccccc3nc2c1
Cc1cc2N=CN(Cc3ccncc3)c2cc1C,CCOc1ccc(cc1)C(O)=O
OC(=O)CCCCCCC(O)=O,N#Cc1cc(C#N)c(cc1C#N)C#N
OC(=O)CC(O)=O,OC(=O)CCCC(O)=O
COc1cc(O)cc(O)c1,O=C1CCC(=O)N1
NC(N)=NC1=NC(=CS1)CSCCC(N)=NS(N)(=O)=O,OC(=O)c1ccc2OCOc2c1
OC(=O)CCCCCCCCC(O)=O,OC(=O)CCCC(O)=O
Cc1ccccc1,O=C1CNC(=O)N1
OC(=O)c1ccc(O)cc1,OC(=O)CCCC(O)=O
NC(=O)c1ccc(O)cc1,c1cc(ccn1)C=Cc1ccncc1
Cc1ccnc(NS(=O)(=O)c2ccc(N)cc2)n1,c1ccc(nc1)c1nnc(nn1)c1ccccn1
OC(=O)CCCCCCCCC(O)=O,OC(=O)Cc1ccccc1
CCOc1ccccc1C(N)=O,NC1=Nc2ccc(OC(F)(F)F)cc2S1
NNC(=O)c1ccncc1,C1COCCN1
CCC(=O)c1c(O)cc(O)cc1O,Nc1ccc(C(O)=O)c(O)c1
Cc1ccnc(NS(=O)(=O)c2ccc(N)cc2)n1,CC(C)(O)C#Cc1cccc(Br)n1
CN(C)C=O,c1ccc2nc3ccccc3cc2c1
NS(=O)(=O)c1ccccc1,OC(=O)C=Cc1ccc(O)cc1
Cc1c(O)cccc1O,OC(=O)CCC(O)=O
c1ccncc1,NCC=C
Brc1ccc(cc1)C=C1SC(=S)NC1=O,OC(=O)CCC(O)=O
OC(=O)c1cc(O)c(Br)c(O)c1,OC(=O)c1cc(O)ccc1O
CC(C)C1=C(C)N(C)N(c2ccccc2)C1=O,NS(=O)(=O)c1ccccc1Cl
NC(=O)c1ccncc1,CN(C)P(=O)(N(C)C)N(C)C
c1cncnc1,OC(=O)CCC(O)=O
OC(=O)c1ccc(O)cc1O,OC(=O)c1ccc(cc1)C(O)=O
c1ccccc1,O=C1C=CC(=O)C=C1
CC(=O)Nc1ccc(O)cc1,COc1ccc(cc1)c1nc(N)nc(N)n1
NC(=O)c1cnccn1,C1CN2CCN1CC2
OC(=CC(=O)c1ccccc1)c1ccncc1,Clc1ccc(NC2=NCCN2)cc1
NNC(=O)c1cccnc1,OB(O)c1ccc(O)cc1
NC(=O)c1cccnc1,Cc1nc(C)c(C)nc1C
CC(=O)NC1=NN=C(S1)S(N)(=O)=O,CN(C)C=O
CCCc1cc(ccn1)C(N)=S,c1cnc2c(c1)ccc1cccnc21
NC(N)=S,Nc1nc(N)nc(n1)c1ccccc1
C1=CN(C=N1)c1ccc(cc1)N1C=CN=C1,Clc1ccc(cc1)c1ccccc1NC(=O)c1cccnc1Cl
Nc1ccc(Cc2ccc(N)cc2)cc1,NC(N)=S
Cl,C1N2CN3CN1CN(C2)C3
O=C1NC(=O)C=C1,OC(c1ccccc1)=C(C=C(C#N)C(=O)c1ccccc1)C#N
COc1cc(O)cc(OC)c1O,CN(C)C=O
Cc1nc(N)nc(N)n1,NC(=O)c1ccc(O)cc1
Oc1cccc(O)c1,ONC(=O)C=Cc1cccc(c1)S(=O)(=O)Nc1ccccc1
OC(=O)c1cc2ccccc2cc1O,OC(=O)c1cccc(O)c1
CN(C)C=O,C1COCCO1
Nc1nc(N)nc(n1)c1ccccc1,C1CN2CCN1CC2
S(Sc1ccncc1)c1ccncc1,c1cc(ccn1)c1ccncc1
CN(C)C=O,BrBr
c1ccc2nc3ccccc3nc2c1,NC(N)=S
NC(=O)c1ccc(O)cc1,C(Cc1ccncc1)c1ccncc1
COc1cc(Cc2cnc(N)nc2N)cc(OC)c1OC,Nc1ccc(Cl)cn1
COc1cc(C=O)ccc1O,Oc1cc(O)cc(O)c1
OC(=O)c1ccc(cc1)C(O)=O,OC(=O)CCCC(O)=O
COc1cc(OC)nc(N)n1,O=C1CC(=O)NC(=O)N1
CC(=O)Nc1ccc2c(C)cc(nc2n1)C(Br)Br,Nc1cccc(Cl)n1
c1cc(ccn1)C=Cc1ccncc1,O=C1CCCC1
OC(=O)c1c(F)c(F)c(F)c(F)c1F,Cc1ccc(O)c(c1)N1N=C2C=CC=CC2=N1
c1cc(ccn1)C=Cc1ccncc1,CC(C)=NNC(=O)c1cccnc1
c1cc2cccc(c3ccncc3)c2c(c1)c1ccncc1,OB(O)O
Nc1ccncc1,c1cc(ccn1)C=Cc1ccncc1
c1cc(ccn1)c1cncnc1,Cc1ccncc1
COc1ccc(NS(=O)(=O)c2cccc(Cl)c2)cc1OC,OC(=O)c1ccc(Br)cc1
c1cc(ccn1)c1ccncc1,CN(C)C=O
c1cc(ccn1)C=Cc1ccncc1,CN(C)C=C1SC2=NC(=O)c3ccccc3N2C1=O
Cc1cccc(Nc2ccccc2C(O)=O)c1C,CCN1C(=O)SC(C1=S)=C1SC(=O)N(CC)C1=S
CC(C)(C)OC(=O)NCC1=NC(=CS1)C1=NC(=CS1)C(O)=O,Nc1ccc(C(O)=O)c(O)c1
OC(=O)CCC(O)=O,OB(O)c1ccc(Br)cc1
OC(=O)c1ccccc1O,OC(=O)Cc1cccc2ccccc12
Oc1ccccc1CN1C=Nc2ccccc12,OC(=O)C=Cc1ccccc1
Cc1nc(C)c(C)nc1C,ClC(Cl)=C(NC(=O)Cc1ccccc1CC(=O)NC(C#N)=C(Cl)Cl)C#N
OC(=O)CCC(O)=O,OC(=O)c1cccc(c1)C(O)=O
OC(=O)c1cc(O)cc(O)c1,OC(=O)c1cccc(O)c1
CN(C)C(=O)CCC(=O)N(C)C,OC(=O)C(O)=O
NS(=O)(=O)c1cc2c(NCNS2(=O)=O)cc1Cl,NS(=O)(=O)c1cc(C(O)=O)c(NCC2=CC=CO2)cc1Cl
Cc1cccc(N)c1C,NC(=O)c1ccc(Br)cc1
c1ccc2nccnc2c1,CN1C=NC2=C1C(=O)N(C)C(=O)N2C
c1cc(ccn1)C=Cc1ccncc1,CN1CCOCC1
OC(=O)C(O)=O,OB(O)O
O=C1NS(=O)(=O)c2ccccc12,c1cc(ccn1)C=Cc1ccncc1
Cc1cccc(Nc2ccccc2C(O)=O)c1C,C1CCOC1
OB(O)c1ccc(O)cc1,OC(=O)C(O)=O
c1ccncc1,c1ccc2nc3ccccc3cc2c1
c1cc(ccn1)C=Cc1ccncc1,O=S(c1ccccc1)c1ccccc1
CN1C=NC2=C1C(=O)N(CCCCC(C)=O)C(=O)N2C,CN1C=NC2=C1C(=O)N(C)C(=O)N2C
Cc1ccncc1,c1cc(ccn1)C=Cc1ccncc1
OC(=O)C#CC(O)=O,OC(=O)c1c(F)c(F)c(F)c(F)c1F
COC(=O)C=Cc1ccccn1,Nc1nc(N)nc(N)n1
c1cc(ccn1)C=Cc1ccncc1,c1ccc2c(c1)nnc1ccccc21
OC(=O)CCCCCCCCC(O)=O,OC(=O)CN1CSCCSC1
COc1cc(cc(OC)c1OC)C=C1N=C(C)N(C)C1=O,C1CN2CN3CCN(CN1C3)C2
Cc1cccc(Nc2ccccc2C(O)=O)c1C,NS(=O)(=O)c1cc2c(NCNS2(=O)=O)cc1Cl
CC1=Nc2ccccc2OC(C)(C)C1,CN1c2ccccc2N=C1c1ccncc1
CC(C)=NNC(=O)c1cccnc1,CC1=Nc2ccccc2N1Cc1ccc(Br)cc1
c1ccncc1,NC=S
NC(=O)c1ccncc1,C1CN2CCN1CC2
NC(=O)c1ccncc1,Nc1ccc(Br)cn1
NC(=O)c1cnccn1,C1N2CN3CN1CN(C2)C3
Nc1ccc(cc1)S(=O)(=O)Nc1ncccn1,OC(=O)CCCC(O)=O
CN(C)C=O,N#Cc1cc(C#N)c(cc1C#N)C#N
c1cc(ccn1)c1ccncc1,CN(C)P(=O)(N(C)C)N(C)C
OC(=O)c1cnccn1,CN(C)c1ccncc1
CCC1(CC)C(C#N)(C#N)C1(C#N)C#N,O=C(Nc1ccccc1)C(=O)Nc1ccccc1
Oc1cccc2cccnc12,NC(=O)C(Br)(Br)Br
Nc1ccccc1N,Cc1cc(C)nc(N)n1
c1ccc2nc3ccccc3cc2c1,c1cnc2c(c1)ccc1cccnc21
c1ccncc1,c1ccc(nc1)c1ccccn1
OC(=O)CCC(O)=O,CS(C)=O
CN(C)C=O,Cc1cccnc1
OB(O)c1ccc(O)cc1,BrN1C(=O)c2ccccc2C1=O
NC(N)=S,NNC(=O)c1ccncc1
OC(=O)c1cccc(O)c1,CCNCC
C1CN2CCN1CC2,Cc1cccnc1
OC(=O)C=C=CC(O)=O,Cc1nc(C)c(C)nc1C
COC(=O)C=CC=Cc1ccncc1,NN1C=CN=N1
OC(=O)c1cc(O)cc(O)c1,Cc1ccnc(NS(=O)(=O)c2ccc(N)cc2)n1
c1cc(ccn1)c1ccncc1,OC(C(F)(F)F)C(F)(F)F
CN(C)C=O,CN(C)P(=O)(N(C)C)N(C)C
NC(N)=O,COC1=NS(=O)(=O)c2cnccc2N1
c1ccc2nc3ccccc3nc2c1,C1N2CN3CN1CN(C2)C3
c1cnc2ncccc2c1,Oc1cc2ccccc2cc1O
CC(=O)Nc1ccc2c(C)cc(nc2n1)C(Br)Br,Cc1cccc(Nc2ccccc2C(O)=O)c1C
CC#CC(O)=O,OC(=O)c1ccc(O)cc1O
c1ccc2cnncc2c1,c1cc(ccn1)c1ccncc1
Cc1ccc(cc1)C1=CC(=NN1c1ccc(cc1)S(N)(=O)=O)C(F)(F)F,COc1ccc(cc1)C1(O)c2ccccc2Oc2ccccc12
OC(=O)c1cccc(c1)C(O)=O,O=C1NS(=O)(=O)c2ccccc12
C1N2CN3CN1CN(C2)C3,Cc1nc(N)nc(N)n1
c1cncc(c1)C=Cc1cccnc1,NNC(=O)c1ccncc1
NS(=O)(=O)c1cc(C(O)=O)c(NCC2=CC=CO2)cc1Cl,ONC(=O)C=Cc1cccc(c1)S(=O)(=O)Nc1ccccc1
OC(=O)CCCC(O)=O,OC(=O)c1ccc2ccccc2c1O
Cc1cc(O)cc(O)c1,OC(=O)C=Cc1ccccc1
OC(=O)C=Cc1ccccc1,OC(=O)Cc1ccccc1Nc1c(Cl)cccc1Cl
c1cc(ccn1)C=Cc1ccncc1,Brc1ccc(cc1)C=C1SC(=S)NC1=O
c1ccccc1,N#Cc1cc(C#N)c(cc1C#N)C#N
C1N2CN3CN1CN(C2)C3,c1cc(ccn1)C=Cc1ccncc1
CC1=NN(Cc2ccc(cc2)C#N)C(=C1)C,c1ccc2nc3ccccc3nc2c1
CCCCCCC(O)=O,Cc1c(O)cccc1O
NC(=O)c1ccncc1,C1N2CN3CN1CN(C2)C3
Oc1ccc(cc1)N=Nc1ccc(cc1)C(O)=O,CCN(CC)CC(=O)Nc1c(C)cccc1C
ON1S(=O)(=O)c2cccc3cccc(c23)S1(=O)=O,OC(=O)c1c(F)c(F)c(C(O)=O)c(F)c1F
NNC(=O)c1ccncc1,c1cc(ccn1)c1ccncc1
CN(C)c1cccc(c1)C(O)=O,C1N2CN3CN1CN(C2)C3
c1cncc(c1)C=Cc1cccnc1,CNC(=S)NN=C(C)C(C)=NNC(=S)NC
OC(=O)c1cc(O)c(O)c(O)c1,OC(=O)c1cc(O)cc(O)c1
Oc1ccc(O)cc1,OC(=O)c1ccc(cc1)c1ccccc1
NNC(=O)c1ccncc1,c1cc(ccn1)C=Cc1ccncc1
CC(=O)NC1=NC=C(C)S1,OC(=O)C1CCCCC1
Oc1cccc(O)c1,CC1(C)N(N=O)C(C)(C)c2ccccc12
OC(=O)c1cc(F)cc(F)c1,NC(N)=S
OC(=O)c1ccc(O)cc1,OC(=O)C=CC(O)=O
CN1C=NC2=C1C(=O)N(C)C(=O)N2C,NC(N)=O
Oc1c(Cl)cc(cc1Cl)C#N,NS(=O)(=O)c1cc2c(NCNS2(=O)=O)cc1Cl
CN(C)C=O,Cc1ccncc1
N#Cc1ccncc1,c1cnc2c(c1)ccc1cccnc21
O=P(c1ccccc1)(c1ccccc1)c1ccccc1,OC(=O)c1ccc2ccccc2c1O
OC(=O)c1c(F)cccc1F,OC(=O)c1ccc2cc(ccc2c1)C(O)=O
NC(=O)N1c2ccccc2C=Cc2ccccc12,NC(N)=S
NNC(=O)c1ccncc1,C1CN2CCN1CC2
OC(=O)c1cccc(O)c1,Oc1cccc(O)c1
Oc1c(F)c(F)c(Br)c(F)c1F,O=C1NC(=O)C=C1
NS(=O)(=O)c1cc(C(O)=O)c(O)cc1Cl,OC(CN1C=NC=N1)(CN1C=NC=N1)c1ccc(F)cc1F
Oc1ccc(cc1)C(c1ccccc1O)c1ccccc1O,Cc1cccc(Nc2ccccc2C(O)=O)c1C
NC(=O)c1ccncc1,Nc1ccc(Cl)cn1
C1N2CN3CN1CN(C2)C3,Nc1nc(N)nc(N)n1
CN1C(=C(O)c2ccccc2S1(=O)=O)C(=O)NC1=NC=C(C)S1,Nc1ccc(Sc2ccc(N)cc2)cc1
C1N2CN3CN1CN(C2)C3,c1ccncc1
OC(=O)CCCCCCCCC(O)=O,OC(=O)C=Cc1ccccc1
OC(=O)c1cc(cc(c1)C(O)=O)C(O)=O,OC(=O)CCC(O)=O
OC(=O)CCC#C,COC(=O)COc1ccc2C(=C(Cl)C(=O)Oc2c1)C
CN1C=CC(=O)C(=C1C)O,C1N2CN3CN1CN(C2)C3
OC(=O)C1CCCCC1,C(Cc1ccncc1)c1ccncc1
OC(=O)c1c(F)c(F)c(F)c(F)c1F,NC(=O)CN1CCCC1=O
NC(=O)c1ccncc1,C1N2CN3CN1CN(C2)C3
NC(N)=O,O=S(=O)(Nc1ccc(Oc2ccccc2)cc1)c1ccccc1
Fc1c(F)c(c(F)c(F)c1Br)c1c(F)c(F)c(Br)c(F)c1F,CCC(C)=NNC(=O)c1ccncc1
NC(=O)c1ccncc1,CS(C)=O
OCCCCO,c1cc(ccn1)c1ccncc1
c1cc(ccn1)c1ccncc1,CN(C)C=O
OC(=O)CCCCCCCC(O)=O,OC(=O)c1c(F)c(F)c(C(O)=O)c(F)c1F
Cc1nc(C)c(C)nc1C,c1cc(ccn1)c1ccncc1
CC(=O)NC1=NN=C(S1)S(N)(=O)=O,OC(=O)CCC(O)=O
c1ccc2nc3ccccc3nc2c1,Cc1cc2N=CN(Cc3ccncc3)c2cc1C
COc1cc(ccc1O)C(O)=O,OC(=O)CCC(O)=O
c1ccc2nc3ccccc3cc2c1,C(N1C=CN=C1)c1ccc(CN2C=CN=C2)cc1
NC(=O)N1c2ccccc2CCc2ccccc12,Nc1ccc(cc1)C(O)=O
OC(=O)c1cccc(O)c1,OC1=C(F)C(=O)C(=C(F)C1=O)O
OC(=O)CCCCCCC(O)=O,OC(=O)c1cccc(O)c1
c1cc(nc(c1)N1C=NN=C1)N1C=NN=C1,c1cc(ccn1)C=Cc1ccncc1
O=C1SC2=C(S1)SC(=C(S2)c1ccncc1)c1ccncc1,CN(C)C(C)=O
OC(=O)c1cccc(c1)C#N,c1cc(ccn1)c1ccncc1
Nc1ccc(C(O)=O)c(O)c1,CC1=CC(=CC(=O)O1)OCc1cccc2ccccc12
c1ccc2nc3ccccc3cc2c1,c1cncc(c1)C#CC#Cc1cccnc1
OC(=O)CCC(O)=O,OC(=O)CCCCCCCCC(O)=O
OC(=O)CCN1C(=O)c2ccccc2C1=O,Cc1cc(C)nc(NS(=O)(=O)c2ccc(N)cc2)n1
O=C1CCCC(=O)N1,OC(=O)CCC(O)=O
OC(=O)Cc1ccccc1,OC(=O)C1CCCCC1
OC(=O)CCCCCCCCC(O)=O,OC(=O)CCCC(O)=O
CC1=C(C=C(S1)C(O)=O)C1=C(C2=C(C)SC(=C2)C(O)=O)C(F)(F)C(F)(F)C1(F)F,OC(=O)c1ccc(O)cc1O
NNC(=O)c1cccnc1,NC(=O)c1cccnc1
OC(=O)CCCC(O)=O,OC(=O)C=CC(O)=O
c1cnc2c(c1)ccc1cccnc21,c1cnc2ncccc2c1
OC(=O)CCC(O)=O,OC(=O)c1cccc(c1)C(O)=O
OC(=O)CCC(O)=O,OC(=O)C=Cc1ccccc1
OC(=O)c1cccc(c1)C(O)=O,OC(=O)c1cc(cc(c1)C(O)=O)C(O)=O
[O]n1ccn([O])c2ccccc12,NC(=O)c1ccc(O)cc1
OC1=C(Br)C(=O)C(=C(Br)C1=O)O,OC(=O)CCC(O)=O
CCOc1ccccc1C(N)=O,c1cc(ccn1)c1ccncc1
Cc1cc(O)cc(O)c1,CCC(C(O)=O)C(O)=O
Fc1ccc2NC(=O)c3cc(F)ccc3NC(=O)c2c1,NC1=C(c2c(F)c(F)c(F)c(F)c2C1(F)F)C(=O)C(F)(F)F
NC(=O)CN1CCCC1=O,CCCCCCCCCC(O)=O
OC(=O)c1ccc(O)c(O)c1,OC(=O)CCC(O)=O
CC(C)COc1ccc(cc1C#N)C1=NC(=C(S1)C(O)=O)C,CCCCC(O)=O
Nc1ccc(Cc2ccc(N)cc2)cc1,ONC(=O)C=Cc1cccc(c1)S(=O)(=O)Nc1ccccc1
Nc1cccc(O)c1,Cc1cccc(Nc2ccccc2C(O)=O)c1C
NC(=O)c1ccccc1,CC(=NO)C(C)=NO
N#Cc1ccncc1,Nc1ncccn1
Nc1ccc(cc1)C(O)=O,OC(=O)CSCc1ccc(CSCC(O)=O)cc1
CC(=O)NC1=NN=C(S1)S(N)(=O)=O,BrN1C(=O)c2ccccc2C1=O
c1cc(ccn1)C=Cc1ccncc1,CN(C)C=O
C1N2CN3CN1CN(C2)C3,NC(=O)c1ccncc1
Nc1nc(N)c2N=C3N(CCc4ccccc34)c2n1,CN(C)C=O
COc1cc(ccc1O)C(O)=O,CC(=O)NC1=NN=C(S1)S(N)(=O)=O
OC(=O)c1cccc(c1)C(O)=O,O=C1OC(=O)c2cc3C(=O)OC(=O)c3cc12
OC(=O)CCCCC(O)=O,C1N2CN3CN1CN(C2)C3
OC(=O)C(O)=O,OC(=O)c1cc(cc(c1)C(O)=O)C(O)=O
CC(C)(c1ccc(O)cc1)c1ccc(O)cc1,OC(=O)c1ccc(O)cc1
ON=C1C(=O)NC(=O)NC1=O,c1cc(ccn1)c1ccncc1
OC(=O)CCC(O)=O,CN(C)C(N)=S
OC(=O)c1cccc(c1)C(O)=O,OC(=O)c1cccc(O)c1
CC1(C)C(C(O)=O)C1(C)C,OC(=O)CCCC(O)=O
Oc1ccccc1C=O,c1cc(ccn1)c1ccncc1
c1ccc2nc3ccccc3nc2c1,NC(=O)c1cccnc1
OC(=O)CCC(O)=O,CCCCCCO
COc1ccc(cc1)C(O)=O,NS(=O)(=O)c1ccccc1
OC(=O)CC(O)=O,OC(=O)CNc1ccccc1C(O)=O
Oc1ccc(cc1)c1ccc(O)cc1,OC(=O)c1cc(C(O)=O)c(cc1C(O)=O)C(O)=O
CN1CC(=O)N(C)CC1=O,c1ccc(nc1)c1nnc(nn1)c1ccccn1
c1cc(ccn1)c1ccncc1,C1COCCO1
OC1=C(Br)C(=O)C(=C(Br)C1=O)O,OC(=O)c1ccc(F)cc1F
Oc1c(Cl)c(Cl)c(Cl)c(Cl)c1Cl,COc1cc(ccc1O)C(O)=O
ON=Cc1c(F)c(F)c(Br)c(F)c1F,OC(=O)Cc1ccc(O)c(Cl)c1
Cc1cc(C)nc(N)n1,NS(=O)(=O)c1cc(C(O)=O)c(NCC2=CC=CO2)cc1Cl
c1cncc(c1)C#CC#Cc1cccnc1,OC(=O)c1ccc2ccccc2c1O
c1cc(ccn1)c1ccncc1,C1COCCN1
O=C(Nc1ccccn1)c1cccnc1,c1ccc(nc1)c1nnc(nn1)c1ccccn1
CC1=C(O)C(=O)C=CO1,Cc1cccc(C)c1N
NNC(=O)c1ccncc1,CN1CC(=O)N(C)CC1=O
NC(=O)N1c2ccccc2C=Cc2ccccc12,COB(O)c1ccc(cc1)C#N
OC(=O)c1cc2ccccc2cc1O,c1ccccc1
OC(=O)Cc1ccccc1Nc1c(Cl)cccc1Cl,Oc1ccc2c(Oc3cc(O)ccc3C32OC(=O)c2ccccc32)c1
c1cc(ccn1)C=Cc1ccncc1,Cc1nc(C)c(C)nc1C
OC(=O)c1cc(Cl)ccc1O,CC(=O)NS(=O)(=O)c1ccc(N)cc1
OC(=O)CCCCC(O)=O,Cc1cc(C)cc(C)c1
c1cc(ccn1)C=NN=Cc1ccncc1,CN1N=NC(=N1)N
CC(C)COc1ccc(cc1C#N)C1=NC(=C(S1)C(O)=O)C,OC(=O)c1cccc(c1)C(O)=O
C(Cc1ccncc1)c1ccncc1,BrN1C(=O)CCC1=O
CN(C)C(=O)c1ccc(cc1)C(=O)N(C)C,c1ccncc1
C1N2CN3CN1CN(C2)C3,NC(=O)C1=NON=C1N=NC1=NON=C1C(N)=O
CN1C=NC2=C1C(=O)N(C)C(=O)N2C,C1N2CN3CN1CN(C2)C3
COc1cc(O)cc(O)c1,OC(=O)COc1ccc2ccccc2c1
OC(=O)c1ccc(cc1)C(O)=O,O=C1C=CC(=O)C(=C1C#N)C#N
CN(C)C=O,Cc1ccncc1
NC(N)=O,BrC1=C(Br)C(=O)C(=C(C#N)C1=O)C#N
OC(=O)CCC(O)=O,CN(C)P(=O)(N(C)C)N(C)C
O=C1C(=O)C(=C1NCc1ccccn1)NCc1ccccn1,C1N2CN3CN1CN(C2)C3
Nc1ccc(cc1)S(N)(=O)=O,Oc1cc(O)cc(O)c1
OC(=O)c1ccc(Cl)cc1,NC(=O)N1c2ccccc2C=Cc2ccccc12
c1cc(ccn1)C=Cc1ccncc1,Cc1ccncc1
c1cc(ccn1)C=Cc1ccncc1,c1cc(ccn1)c1ccncc1
CC1(C)CC(=O)NC(=O)C1,c1cnc2c(c1)ccc1ncccc21
COC1=NS(=O)(=O)c2cnccc2N1,OC(=O)C=CC(O)=O
OC(=O)c1ccc(cc1)C(O)=O,OB(O)c1ccc(O)cc1
c1cc(ccn1)c1ccncc1,C1CCOC1
Nc1nc(N)nc(n1)c1ccccc1,OB(O)c1ccc(O)cc1
Cc1ccc(cc1)C1=CC(=NN1c1ccc(cc1)S(N)(=O)=O)C(F)(F)F,OC(=O)C(O)=O
CN1C=CC(=C2C=CN(C)C3=NSN=C23)C2=NSN=C12,NC(N)=O
OC(=O)C=Cc1ccccc1,OC(O)C(O)=O
OC1(O)C(=O)NC(=O)NC1=O,OB(O)c1ccc(Br)cc1
NC1=NON=C1N,NC(=O)c1cccc(N)c1
c1cc(ccn1)c1ccncc1,CN(C)C=O
c1cc(ccn1)c1ccncc1,C1N2CN3CN1CN(C2)C3
c1ccncc1,CC(=O)N1CCN(CC1)C(C)=O
