Original Item,Refcode,Temperature,SMILES,Spacegroup,Polymorph,Temperature_Num,Temperature_Category,coformer1,coformer2
YOCRUE,YOCRUE,at 100.00 K,O=N(=O)c1cccc(c1)S(=O)(=O)[O-].NC(=[NH2+])SCc1ccccc1,P1,False,100.0,lowT,O=N(=O)c1cccc(c1)S(=O)(=O)[O-],NC(=[NH2+])SCc1ccccc1
NOJWOY,NOJWOY,at 120 K,[NH3+]Cc1cccc(Cl)c1.OC(CC(O)=O)C(=O)[O-],P21,False,120.0,lowT,[NH3+]Cc1cccc(Cl)c1,OC(CC(O)=O)C(=O)[O-]
GUYYIL,GUYYIL,100 K,O=C([O-])c1ccc(cc1N(=O)=O)N(=O)=O.C[N+](C)=C(N)O,Pbca,False,100.0,lowT,O=C([O-])c1ccc(cc1N(=O)=O)N(=O)=O,C[N+](C)=C(N)O
QIYJEQ,QIYJEQ,100 K,Nc1cc(ccc1C(=O)[O-])N(=O)=O.CC(=O)c1ccc(cc1)N1CC[NH2+]CC1,P-1,False,100.0,lowT,Nc1cc(ccc1C(=O)[O-])N(=O)=O,CC(=O)c1ccc(cc1)N1CC[NH2+]CC1
MUPDOR,MUPDOR,at 100 K,[NH3+]c1ccccc1Oc1ccccc1.OC(=O)C1=NNC(=C1)C(=O)[O-],P21/c,False,100.0,lowT,[NH3+]c1ccccc1Oc1ccccc1,OC(=O)C1=NNC(=C1)C(=O)[O-]
MEDHIO,MEDHIO,at 120 K,OC(C(O)C(=O)[O-])C(O)=O.[NH3+]CCc1ccc(O)cc1,P-1,False,120.0,lowT,OC(C(O)C(=O)[O-])C(O)=O,[NH3+]CCc1ccc(O)cc1
XUVRAI,XUVRAI,at 120 K,CC1=CN2N=C(C)SC2=[NH+]1.O=C([O-])C1=CC=C(O1)N(=O)=O,P21/c,False,120.0,lowT,CC1=CN2N=C(C)SC2=[NH+]1,O=C([O-])C1=CC=C(O1)N(=O)=O
MEDBEE,MEDBEE,at 123 K,Nc1ccccc1C(=O)[O-].[NH3+]CCc1ccc(O)cc1,P21/c,False,123.0,lowT,Nc1ccccc1C(=O)[O-],[NH3+]CCc1ccc(O)cc1
NOBYAE,NOBYAE,at 120K,OC(=O)C1=C(NC=N1)C(=O)[O-].[NH3+]C(CC1=CNC=[NH+]1)C(=O)[O-],P21,False,120.0,lowT,OC(=O)C1=C(NC=N1)C(=O)[O-],[NH3+]C(CC1=CNC=[NH+]1)C(=O)[O-]
YACFIU,YACFIU,100 K,CC(C)C1=C(C)N(C)N(c2ccccc2)C1=O.OC(=O)C=CC(O)=O,P-1,False,100.0,lowT,CC(C)C1=C(C)N(C)N(c2ccccc2)C1=O,OC(=O)C=CC(O)=O
MIPBIZ,MIPBIZ,100 K,FC(F)(F)S(=O)(=O)[N-]S(=O)(=O)C(F)(F)F.FC(F)(F)O[n+]1ccc(cc1)c1ccccc1,C2/c,False,100.0,lowT,FC(F)(F)S(=O)(=O)[N-]S(=O)(=O)C(F)(F)F,FC(F)(F)O[n+]1ccc(cc1)c1ccccc1
SIBYUB,SIBYUB,113.2 K,NC(=O)c1ccncc1.ONC(=O)C=Cc1cccc(c1)S(=O)(=O)Nc1ccccc1,P-1,False,113.0,lowT,NC(=O)c1ccncc1,ONC(=O)C=Cc1cccc(c1)S(=O)(=O)Nc1ccccc1
HUCRON,HUCRON,at 120 K,CC(=NO)C(=O)NCC[NH2+]CCO.CC(=NO)C(=O)[O-],P21/c,False,120.0,lowT,CC(=NO)C(=O)NCC[NH2+]CCO,CC(=NO)C(=O)[O-]
QOLMEL,QOLMEL,at 114 K,Cc1ccnc2c1ccc1c(C)ccnc21.Oc1c(O)c(Cl)c(Cl)c(Cl)c1Cl,P-1,False,114.0,lowT,Cc1ccnc2c1ccc1c(C)ccnc21,Oc1c(O)c(Cl)c(Cl)c(Cl)c1Cl
GESRAB,GESRAB,120 K,NC1=N[N+]2(CCOCC2)CC1.Cc1ccc(cc1)S(=O)(=O)[O-],P21/c,False,120.0,lowT,NC1=N[N+]2(CCOCC2)CC1,Cc1ccc(cc1)S(=O)(=O)[O-]
KIZYEZ01,KIZYEZ01,at 123 K,CC(=O)Nc1ccccn1.OC(=O)c1ccccc1,P21/c,False,123.0,lowT,CC(=O)Nc1ccccn1,OC(=O)c1ccccc1
TEYVUP,TEYVUP,at 123.1 K,[NH3+]C(C(O)c1ccccc1)c1ccccc1.O=C([O-])c1ccccc1,P21,False,123.0,lowT,[NH3+]C(C(O)c1ccccc1)c1ccccc1,O=C([O-])c1ccccc1
WIPQOE01,WIPQOE01,100 K,OC(=O)C(=O)[O-].[NH3+]C(CC(C)C)C(O)=O,P-1,False,100.0,lowT,OC(=O)C(=O)[O-],[NH3+]C(CC(C)C)C(O)=O
DAQYEC,DAQYEC,100 K,NC(=O)c1ccccc1.OC(=O)C1=NN(Cc2ccc(Cl)cc2Cl)c2ccccc12,P21/c,False,100.0,lowT,NC(=O)c1ccccc1,OC(=O)C1=NN(Cc2ccc(Cl)cc2Cl)c2ccccc12
PAVXAN,PAVXAN,at 100 K,c1cc(ccn1)c1ccncc1.OC(=O)c1ccc(cc1)C(O)=O,P-1,False,100.0,lowT,c1cc(ccn1)c1ccncc1,OC(=O)c1ccc(cc1)C(O)=O
QASZIX,QASZIX,120 K,CN(C)C=O.OC(=O)c1cc(Br)c(O)cc1O,P21/n,False,120.0,lowT,CN(C)C=O,OC(=O)c1cc(Br)c(O)cc1O
MEDFUY,MEDFUY,at 123 K,OC(=O)CC(=O)[O-].[NH3+]CCc1ccc(O)cc1,P21/c,False,123.0,lowT,OC(=O)CC(=O)[O-],[NH3+]CCc1ccc(O)cc1
HEMDOV,HEMDOV,113 K,NC(N)=S.CC(=O)N1C=CN(C=C1)C(C)=O,C2/c,False,113.0,lowT,NC(N)=S,CC(=O)N1C=CN(C=C1)C(C)=O
UNIBOI,UNIBOI,at 100 K,NC=O.NC(=O)N1c2ccccc2C=Cc2ccccc12,P-1,False,100.0,lowT,NC=O,NC(=O)N1c2ccccc2C=Cc2ccccc12
VIBSAE,VIBSAE,100.0 K,OC(=O)c1ccccc1NC1=C(C(=O)NC1=O)c1ccccc1.CS(C)=O,P21/c,False,100.0,lowT,OC(=O)c1ccccc1NC1=C(C(=O)NC1=O)c1ccccc1,CS(C)=O
GUZVEF,GUZVEF,100 K,CN(C)C(N)=O.OC(=O)c1ccccc1C(O)=O,P21/c,False,100.0,lowT,CN(C)C(N)=O,OC(=O)c1ccccc1C(O)=O
IVUMIW,IVUMIW,at 123 K,O=S(=O)([O-])c1ccccc1.C[NH+](C)C(C)C(O)c1ccccc1,P21,False,123.0,lowT,O=S(=O)([O-])c1ccccc1,C[NH+](C)C(C)C(O)c1ccccc1
VUKSEC,VUKSEC,100 K,CCOc1ccccc1C(N)=O.Oc1ccccc1,P21/c,False,100.0,lowT,CCOc1ccccc1C(N)=O,Oc1ccccc1
TUVXEQ,TUVXEQ,120 K,CCCC(=O)[O-].[NH2+]1CCOCC1,C2/c,False,120.0,lowT,CCCC(=O)[O-],[NH2+]1CCOCC1
KUFWIT,KUFWIT,100 K,O=C([O-])c1ccc(cc1N(=O)=O)N(=O)=O.[NH3+]c1ccc(cc1)S(=O)(=O)N=C1NC=CS1,P-1,False,100.0,lowT,O=C([O-])c1ccc(cc1N(=O)=O)N(=O)=O,[NH3+]c1ccc(cc1)S(=O)(=O)N=C1NC=CS1
ZIKQOB,ZIKQOB,at 30 K,OC(=O)c1c[nH+]ccc1.O=C([O-])c1cc(cc(c1)N(=O)=O)N(=O)=O,P21/n,False,30.0,lowT,OC(=O)c1c[nH+]ccc1,O=C([O-])c1cc(cc(c1)N(=O)=O)N(=O)=O
AJAGEX,AJAGEX,at 90 K,OC(=O)C#C.O=C1CNC(=O)CN1,P21/c,False,90.0,lowT,OC(=O)C#C,O=C1CNC(=O)CN1
TOJRAM,TOJRAM,at 100 K,FC(F)(F)S(=O)(=O)[N-]S(=O)(=O)C(F)(F)F.OC(=O)C[n+]1ccccc1,P1,False,100.0,lowT,FC(F)(F)S(=O)(=O)[N-]S(=O)(=O)C(F)(F)F,OC(=O)C[n+]1ccccc1
WIZBEN,WIZBEN,at 100 K,OC(=O)C(=O)[O-].CSC=C(C[NH+](C)C)SC,C2/c,False,100.0,lowT,OC(=O)C(=O)[O-],CSC=C(C[NH+](C)C)SC
WAPQEL,WAPQEL,at 100 K,[NH3+]C(C(C)CC)C(=O)OC.Cc1ccc(cc1)C=CC(=O)[O-],P212121,False,100.0,lowT,[NH3+]C(C(C)CC)C(=O)OC,Cc1ccc(cc1)C=CC(=O)[O-]
YASGOQ04,YASGOQ04,100 K,NS(=O)(=O)c1cc(C(O)=O)c(NCC2=CC=CO2)cc1Cl.NC(=O)c1cccnc1,P21/n,False,100.0,lowT,NS(=O)(=O)c1cc(C(O)=O)c(NCC2=CC=CO2)cc1Cl,NC(=O)c1cccnc1
BEMLUB,BEMLUB,at 77 K,COc1cc(O)cc(O)c1.C(=CC=Cc1ccncc1)C=Cc1ccncc1,P-1,False,77.0,lowT,COc1cc(O)cc(O)c1,C(=CC=Cc1ccncc1)C=Cc1ccncc1
QUDPIQ,QUDPIQ,100 K,[O-]N1N=NN=C1C1=NN=N[N-]1.[NH3+]NC(=O)N[NH3+],Cc,False,100.0,lowT,[O-]N1N=NN=C1C1=NN=N[N-]1,[NH3+]NC(=O)N[NH3+]
PAFFEL,PAFFEL,100 K,FC(F)(F)S(=O)(=O)[O-].C[S+](C)C(Cc1ccc(Br)cc1)C(=O)N(C)C,P21/c,False,100.0,lowT,FC(F)(F)S(=O)(=O)[O-],C[S+](C)C(Cc1ccc(Br)cc1)C(=O)N(C)C
MUPPAP,MUPPAP,at 100 K,NC(=O)c1cccnc1.OC(=O)c1cc(O)c(O)c(O)c1,P212121,False,100.0,lowT,NC(=O)c1cccnc1,OC(=O)c1cc(O)c(O)c(O)c1
ACERUX,ACERUX,at 100 K,OC(=O)C=CC(O)=O.CN1N=NC2=C(N=CN2C1=O)C(N)=O,P-1,False,100.0,lowT,OC(=O)C=CC(O)=O,CN1N=NC2=C(N=CN2C1=O)C(N)=O
FOYSAO,FOYSAO,at 84 K,[NH3+]CCOCCOCC[NH3+].OC(C(O)C(O)C(=O)[O-])C(O)C(=O)[O-],P-1,False,84.0,lowT,[NH3+]CCOCCOCC[NH3+],OC(C(O)C(O)C(=O)[O-])C(O)C(=O)[O-]
SODDOF,SODDOF,at 120 K,OC(=O)c1ccccc1O.NC(=O)c1cccnc1,P21/n,False,120.0,lowT,OC(=O)c1ccccc1O,NC(=O)c1cccnc1
ACERAC,ACERAC,at 123 K,CN(C)C=O.OC(=O)c1ccc(Cl)cc1,P21/c,False,123.0,lowT,CN(C)C=O,OC(=O)c1ccc(Cl)cc1
REHSOO,REHSOO,at 110 K,Nc1ccc(cc1)C(O)=O.CCOc1ccccc1C(N)=O,P21/c,False,110.0,lowT,Nc1ccc(cc1)C(O)=O,CCOc1ccccc1C(N)=O
HURMOX,HURMOX,at 115 K,O=C([O-])CC1=CC=CS1.[NH3+]C(C(O)c1ccccc1)c1ccccc1,P21,False,115.0,lowT,O=C([O-])CC1=CC=CS1,[NH3+]C(C(O)c1ccccc1)c1ccccc1
ZEYRII,ZEYRII,100 K,CCc1[nH+]ccc(c1)C(N)=S.O=C1NC(=S)NC(=C1)[O-],P-1,False,100.0,lowT,CCc1[nH+]ccc(c1)C(N)=S,O=C1NC(=S)NC(=C1)[O-]
TAHNAU,TAHNAU,100 K,CC=CC1=C(O)C(=O)C2=C(O1)C(=O)NC2=O.C1COCCO1,C2/c,False,100.0,lowT,CC=CC1=C(O)C(=O)C2=C(O1)C(=O)NC2=O,C1COCCO1
SOVFOA,SOVFOA,at 100 K,FC(F)(Cl)C(=O)[O-].C[N+](C)(C)CC(O)=O,P21/c,False,100.0,lowT,FC(F)(Cl)C(=O)[O-],C[N+](C)(C)CC(O)=O
EQANAN,EQANAN,100 K,N#CC(C#N)=C1C=CC(C=C1)=C1NCCN1.CN(C)C=O,P-1,False,100.0,lowT,N#CC(C#N)=C1C=CC(C=C1)=C1NCCN1,CN(C)C=O
MEDCIJ,MEDCIJ,at 123 K,Clc1cccc(c1)C(=O)[O-].[NH3+]CCc1ccc(O)cc1,C2/c,False,123.0,lowT,Clc1cccc(c1)C(=O)[O-],[NH3+]CCc1ccc(O)cc1
ADAGUL,ADAGUL,100 K,O=C1CCC(=O)N1P1C(=O)c2ccccc2C1=O.Cc1ccccc1,P21/m,False,100.0,lowT,O=C1CCC(=O)N1P1C(=O)c2ccccc2C1=O,Cc1ccccc1
TEWQOF,TEWQOF,100 K,c1ccc2nc3ccccc3nc2c1.OC(=O)c1ccc(O)c(O)c1,P21/n,False,100.0,lowT,c1ccc2nc3ccccc3nc2c1,OC(=O)c1ccc(O)c(O)c1
CEHKEG,CEHKEG,at 120 K,C[N+](C)(C)S(=O)(=O)[N-]S(=O)(=O)[N+](C)(C)C.COS(=O)(=O)[O-],P21/n,False,120.0,lowT,C[N+](C)(C)S(=O)(=O)[N-]S(=O)(=O)[N+](C)(C)C,COS(=O)(=O)[O-]
APUVOZ,APUVOZ,113 K,Oc1cccc(O)c1C(=O)[O-].CC1=NNC(=O)N(C1)N=Cc1c[nH+]ccc1,P-1,False,113.0,lowT,Oc1cccc(O)c1C(=O)[O-],CC1=NNC(=O)N(C1)N=Cc1c[nH+]ccc1
CEGGUS,CEGGUS,at 100 K,COc1ccc(cc1)c1nc(N)nc(N)n1.OC(=O)CCCCC(O)=O,P2/c,False,100.0,lowT,COc1ccc(cc1)c1nc(N)nc(N)n1,OC(=O)CCCCC(O)=O
KIPGUO,KIPGUO,100 K,NC(=O)c1cccnc1.Cc1cc(O)c2C(=O)c3c(O)cc(O)cc3C(=O)c2c1,P-1,False,100.0,lowT,NC(=O)c1cccnc1,Cc1cc(O)c2C(=O)c3c(O)cc(O)cc3C(=O)c2c1
QEMKAV,QEMKAV,at 100 K,Oc1ccc(O)cc1.c1ccc2nccnc2c1,P-1,False,100.0,lowT,Oc1ccc(O)cc1,c1ccc2nccnc2c1
MOYZUX,MOYZUX,120 K,Nc1ncccn1.Nc1ccc(C(O)=O)c(O)c1,P21/n,False,120.0,lowT,Nc1ncccn1,Nc1ccc(C(O)=O)c(O)c1
NEQMOO,NEQMOO,120 K,CC(=O)NC1=NC=CS1.OC(=O)c1cccc(O)c1,P21/n,False,120.0,lowT,CC(=O)NC1=NC=CS1,OC(=O)c1cccc(O)c1
ZATGIO,ZATGIO,100 K,CN1C=CC(=O)C(=C1C)O.Oc1ccc(O)cc1,P-1,False,100.0,lowT,CN1C=CC(=O)C(=C1C)O,Oc1ccc(O)cc1
LASHEW,LASHEW,100 K,[NH3+]CCCC(O)=O.OC(CC(O)=O)C(=O)[O-],P21,False,100.0,lowT,[NH3+]CCCC(O)=O,OC(CC(O)=O)C(=O)[O-]
RAMLOK,RAMLOK,113 K,NC(=O)c1ccncc1.OC(=O)COc1ccc(Cl)cc1Cl,P-1,False,113.0,lowT,NC(=O)c1ccncc1,OC(=O)COc1ccc(Cl)cc1Cl
SAGNAT,SAGNAT,100 K,c1ccc2c(c1)nnc1ccccc21.ClC1=C(Cl)C(=O)C(=C(Cl)C1=O)Cl,P21/n,False,100.0,lowT,c1ccc2c(c1)nnc1ccccc21,ClC1=C(Cl)C(=O)C(=C(Cl)C1=O)Cl
KUMRER,KUMRER,at 90 K,OO.CN1C=NC2=C1C(=O)N(C)C(=O)N2C,P21/n,False,90.0,lowT,OO,CN1C=NC2=C1C(=O)N(C)C(=O)N2C
WEYYUY,WEYYUY,100 K,OC(=O)C1CCCCC1.ClC1=NN2C=CN=C2C(=C1)C1CCCCC1,P-1,False,100.0,lowT,OC(=O)C1CCCCC1,ClC1=NN2C=CN=C2C(=C1)C1CCCCC1
AFONIV,AFONIV,100 K,c1cc(ccn1)C=Cc1ccncc1.Cc1cccc(Nc2ccccc2C(O)=O)c1C,P-1,False,100.0,lowT,c1cc(ccn1)C=Cc1ccncc1,Cc1cccc(Nc2ccccc2C(O)=O)c1C
FIXQIM,FIXQIM,at 122.0 K,OC(C(O)C(=O)[O-])C(O)=O.[NH3+]C(CO)C(C)C,P212121,False,122.0,lowT,OC(C(O)C(=O)[O-])C(O)=O,[NH3+]C(CO)C(C)C
TIRZEB,TIRZEB,121 K,[NH3+]CCc1ccc(O)cc1.NCCc1ccc([O-])cc1,Pbc21,False,121.0,lowT,[NH3+]CCc1ccc(O)cc1,NCCc1ccc([O-])cc1
SABDOQ,SABDOQ,at 98 K,Cc1cc(C)nc(NS(=O)(=O)c2ccc(N)cc2)n1.OC(=O)c1ccccc1,Pbca,False,98.0,lowT,Cc1cc(C)nc(NS(=O)(=O)c2ccc(N)cc2)n1,OC(=O)c1ccccc1
SABKEN,SABKEN,at 100 K,Nc1[nH+]cc(Cl)cc1.OC(=O)C=CC(=O)[O-],Fdd2,False,100.0,lowT,Nc1[nH+]cc(Cl)cc1,OC(=O)C=CC(=O)[O-]
UHAFAL,UHAFAL,at 120 K,OC(=O)CCCCCC(O)=O.O=C1NCCN1,Cmcm,False,120.0,lowT,OC(=O)CCCCCC(O)=O,O=C1NCCN1
HOGGER,HOGGER,at 100 K,OC(=O)CCCC(O)=O.NC(=O)c1ccccn1,C2/c,False,100.0,lowT,OC(=O)CCCC(O)=O,NC(=O)c1ccccn1
ZOLXAC,ZOLXAC,100 K,OC(=O)c1cc(ccc1O)S(=O)(=O)[O-].Nc1[nH+]c(Cl)ccc1,C2/c,False,100.0,lowT,OC(=O)c1cc(ccc1O)S(=O)(=O)[O-],Nc1[nH+]c(Cl)ccc1
DEMTEV,DEMTEV,at 90 K,O=C1NC2=NC(=O)NC3=NC(=O)NC(=N1)N23.CS(C)=O,P65,False,90.0,lowT,O=C1NC2=NC(=O)NC3=NC(=O)NC(=N1)N23,CS(C)=O
LIGLIY,LIGLIY,at 100 K,[NH3+]c1ccccc1OCC.OC(=O)C1=NNC(=C1)C(=O)[O-],P-1,False,100.0,lowT,[NH3+]c1ccccc1OCC,OC(=O)C1=NNC(=C1)C(=O)[O-]
VAVMIR,VAVMIR,123 K,OC(C(O)C(=O)[O-])C(O)=O.C[NH+](C)C(C)C(O)c1ccccc1,Pbc21,False,123.0,lowT,OC(C(O)C(=O)[O-])C(O)=O,C[NH+](C)C(C)C(O)c1ccccc1
CIKNUI01,CIKNUI01,100 K,[NH2+]1CCOCC1.OC(=O)C(=O)[O-],P21/c,False,100.0,lowT,[NH2+]1CCOCC1,OC(=O)C(=O)[O-]
PUKDIJ,PUKDIJ,at 100 K,Nc1ccc(Br)cn1.OC(=O)c1ccccc1,P21/c,False,100.0,lowT,Nc1ccc(Br)cn1,OC(=O)c1ccccc1
NAQPUT,NAQPUT,100 K,NC1=Nc2ccc(OC(F)(F)F)cc2S1.CN(C)c1ccncc1,P-1,False,100.0,lowT,NC1=Nc2ccc(OC(F)(F)F)cc2S1,CN(C)c1ccncc1
GASMOD,GASMOD,at 100 K,[NH2+]1CCOCC1.CC1(C)CC(C)(c2ccc([O-])cc2)c2ccccc2O1,P-1,False,100.0,lowT,[NH2+]1CCOCC1,CC1(C)CC(C)(c2ccc([O-])cc2)c2ccccc2O1
BUJWIN,BUJWIN,at 100 K,OC(=O)c1cccc(n1)C(O)=O.O=C1C(=O)c2cccnc2c2ncccc12,P-1,False,100.0,lowT,OC(=O)c1cccc(n1)C(O)=O,O=C1C(=O)c2cccnc2c2ncccc12
QATBOG,QATBOG,120 K,OC(=O)c1cc(Br)c(O)c(Br)c1O.CN(C)C=O,Pna21,False,120.0,lowT,OC(=O)c1cc(Br)c(O)c(Br)c1O,CN(C)C=O
XOKVEA,XOKVEA,at 110 K,C1N2CN3CN1CN(C2)C3.OC(=O)c1cc(O)c(O)c(O)c1,P21/n,False,110.0,lowT,C1N2CN3CN1CN(C2)C3,OC(=O)c1cc(O)c(O)c(O)c1
CIDCUO,CIDCUO,at 120 K,OC(C(O)C(=O)[O-])C(O)=O.COc1[nH+]c(N)nc(OC)c1,P21,False,120.0,lowT,OC(C(O)C(=O)[O-])C(O)=O,COc1[nH+]c(N)nc(OC)c1
FEYSIO,FEYSIO,100 K,Fc1c(F)c(F)c(F)c(F)c1F.Clc1cccc(c1)C(=O)Nc1cccc(c1)C#C,P21/c,False,100.0,lowT,Fc1c(F)c(F)c(F)c(F)c1F,Clc1cccc(c1)C(=O)Nc1cccc(c1)C#C
JEBRAM,JEBRAM,120 K,Nc1[nH+]c(N)nc(Cl)c1.OC(=O)c1c(cccc1N(=O)=O)C(=O)[O-],P-1,False,120.0,lowT,Nc1[nH+]c(N)nc(Cl)c1,OC(=O)c1c(cccc1N(=O)=O)C(=O)[O-]
GEHHOR,GEHHOR,at 100 K,O=C([O-])c1ccc(cc1)N(=O)=O.C[NH+]=Cc1c([O-])c(C)[nH+]cc1CO,P21/c,False,100.0,lowT,O=C([O-])c1ccc(cc1)N(=O)=O,C[NH+]=Cc1c([O-])c(C)[nH+]cc1CO
PYOTCA01,PYOTCA01,at 120 K,O[n+]1ccccc1.ClC(Cl)(Cl)C(=O)[O-],P21/c,False,120.0,lowT,O[n+]1ccccc1,ClC(Cl)(Cl)C(=O)[O-]
HURCON,HURCON,at 120 K,[NH2+]1CCOCC1.OB1OB(O)O[B-]2(O1)OB(O)OB(O)O2,P-1,False,120.0,lowT,[NH2+]1CCOCC1,OB1OB(O)O[B-]2(O1)OB(O)OB(O)O2
HOGFIU,HOGFIU,at 100 K,OC(=O)CCC(O)=O.NC(=O)c1ccccn1,C2/c,False,100.0,lowT,OC(=O)CCC(O)=O,NC(=O)c1ccccn1
YONKUJ,YONKUJ,123 K,[NH3+]c1ccc(cc1)S(=O)(=O)Nc1ncccn1.CCS(=O)(=O)[O-],P21/c,False,123.0,lowT,[NH3+]c1ccc(cc1)S(=O)(=O)Nc1ncccn1,CCS(=O)(=O)[O-]
DUKJUR,DUKJUR,100 K,CN1C=NC2=C1C(=O)N(CCCCC(C)=O)C(=O)N2C.OC(=O)c1ccc(O)cc1,P-1,False,100.0,lowT,CN1C=NC2=C1C(=O)N(CCCCC(C)=O)C(=O)N2C,OC(=O)c1ccc(O)cc1
OHAGEK,OHAGEK,at 103 K,C1CCOC1.COC(=O)NC(=S)Nc1ccccc1NC(=S)NC(=O)OC,P-1,False,103.0,lowT,C1CCOC1,COC(=O)NC(=S)Nc1ccccc1NC(=S)NC(=O)OC
KOBHES,KOBHES,100 K,NC1=N[N+]2(CCOCC2)CC1.O=N(=O)c1ccccc1S(=O)(=O)[O-],P21/n,False,100.0,lowT,NC1=N[N+]2(CCOCC2)CC1,O=N(=O)c1ccccc1S(=O)(=O)[O-]
IVURUN,IVURUN,at 120 K,C[NH+](C)C(C)C(O)c1ccccc1.Oc1ccc(cc1)S(=O)(=O)[O-],P21,False,120.0,lowT,C[NH+](C)C(C)C(O)c1ccccc1,Oc1ccc(cc1)S(=O)(=O)[O-]
XAYKAN,XAYKAN,100.0 K,FC(F)(F)S(=O)(=O)[O-].O=P([O-])([n+]1ccccc1)[n+]1ccccc1,Pn,False,100.0,lowT,FC(F)(F)S(=O)(=O)[O-],O=P([O-])([n+]1ccccc1)[n+]1ccccc1
VAGVEF,VAGVEF,at 105 K,[NH3+]CCC(O)=O.ClC(Cl)(Cl)C(=O)[O-],P21/n,False,105.0,lowT,[NH3+]CCC(O)=O,ClC(Cl)(Cl)C(=O)[O-]
RERCUQ,RERCUQ,100 K,Oc1ccc(cc1)C(=O)[O-].NC(N)=[NH+]C1=NC(=CS1)CSCCC(N)=NS(N)(=O)=O,P21/c,False,100.0,lowT,Oc1ccc(cc1)C(=O)[O-],NC(N)=[NH+]C1=NC(=CS1)CSCCC(N)=NS(N)(=O)=O
CEWQUU,CEWQUU,100.0 K,[NH3+]CC(CC(C)C)CC(O)=O.OC(CC(O)=O)C(=O)[O-],P212121,False,100.0,lowT,[NH3+]CC(CC(C)C)CC(O)=O,OC(CC(O)=O)C(=O)[O-]
AMAYUL,AMAYUL,100 K,CCOC(=O)C([N+]#N)=S1c2ccccc2Sc2ccccc12.FC(F)(F)S(=O)(=O)[O-],P-1,False,100.0,lowT,CCOC(=O)C([N+]#N)=S1c2ccccc2Sc2ccccc12,FC(F)(F)S(=O)(=O)[O-]
VABZIJ,VABZIJ,at 100 K,CC(C)C1=[NH+]C(=CC(=O)N1)C.OC(=O)c1cc(cc(c1[O-])N(=O)=O)N(=O)=O,P-1,False,100.0,lowT,CC(C)C1=[NH+]C(=CC(=O)N1)C,OC(=O)c1cc(cc(c1[O-])N(=O)=O)N(=O)=O
ZEFFEX,ZEFFEX,at 100 K,CN(C)C(=[NH2+])O.OC(=O)C(=O)[O-],P21/c,False,100.0,lowT,CN(C)C(=[NH2+])O,OC(=O)C(=O)[O-]
BUKGUM,BUKGUM,113.2 K,Cc1ccc(cn1)c1ncc(Cl)cc1c1ccc(cc1)S(C)(=O)=O.NC=O,P2/c,False,113.0,lowT,Cc1ccc(cn1)c1ncc(Cl)cc1c1ccc(cc1)S(C)(=O)=O,NC=O
PEJVAE,PEJVAE,100 K,O=C[O-].C[N+](C)(C)CCO,P21/c,False,100.0,lowT,O=C[O-],C[N+](C)(C)CCO
IVURAT,IVURAT,at 123 K,C[NH+](C)C(C)C(O)c1ccccc1.O=C([O-])c1ccccc1,P212121,False,123.0,lowT,C[NH+](C)C(C)C(O)c1ccccc1,O=C([O-])c1ccccc1
WUZDIG,WUZDIG,120 K,Cc1ccc(cc1)S(=O)(=O)[O-].C[N+](C)(C)CC(O)=O,P21/c,False,120.0,lowT,Cc1ccc(cc1)S(=O)(=O)[O-],C[N+](C)(C)CC(O)=O
NAQPED,NAQPED,90 K,NC1=Nc2ccc(OC(F)(F)F)cc2S1.OC(=O)CCCCCCCCC(O)=O,P21/n,False,90.0,lowT,NC1=Nc2ccc(OC(F)(F)F)cc2S1,OC(=O)CCCCCCCCC(O)=O
CUYKOZ,CUYKOZ,100 K,OCC(O)=O.NC(=O)c1cccnc1,Pbca,False,100.0,lowT,OCC(O)=O,NC(=O)c1cccnc1
IVUMOC,IVUMOC,at 123 K,O=S(=O)([O-])c1ccccc1.C[NH+](C)C(C)C(O)c1ccccc1,P21/c,False,123.0,lowT,O=S(=O)([O-])c1ccccc1,C[NH+](C)C(C)C(O)c1ccccc1
SOHNAG,SOHNAG,at 100 K,OC(=O)c1cc(ccc1O)S(=O)(=O)[O-].NC(=O)c1c[nH+]ccc1,Pca21,False,100.0,lowT,OC(=O)c1cc(ccc1O)S(=O)(=O)[O-],NC(=O)c1c[nH+]ccc1
NISLOQ01,NISLOQ01,120 K,C1CN2CCN1CC2.Oc1ccc(cc1)c1ccc(O)cc1,P21/c,False,120.0,lowT,C1CN2CCN1CC2,Oc1ccc(cc1)c1ccc(O)cc1
MUDSAF,MUDSAF,at 100 K,c1ccc2nc3ccccc3cc2c1.CCC1(CC)C(=O)NC(=O)NC1=O,C2/c,False,100.0,lowT,c1ccc2nc3ccccc3cc2c1,CCC1(CC)C(=O)NC(=O)NC1=O
EVUMOY,EVUMOY,at 100 K,COC1=NS(=O)(=O)c2cnccc2N1.CS(C)=O,P21/c,False,100.0,lowT,COC1=NS(=O)(=O)c2cnccc2N1,CS(C)=O
XEZDIQ,XEZDIQ,at 100 K,c1cc(ccn1)c1ccncc1.OC(=O)C(O)=O,P-1,False,100.0,lowT,c1cc(ccn1)c1ccncc1,OC(=O)C(O)=O
VIJQOY,VIJQOY,100 K,FC(F)(F)S(=O)(=O)[O-].CN1C=C[N+](=C1C(=O)c1ccccc1C)C,C2/c,False,100.0,lowT,FC(F)(F)S(=O)(=O)[O-],CN1C=C[N+](=C1C(=O)c1ccccc1C)C
KIPWEO,KIPWEO,100 K,NC(N)=S.O=C1CC(=O)NC(=O)N1,P21/n,False,100.0,lowT,NC(N)=S,O=C1CC(=O)NC(=O)N1
EPIWAC,EPIWAC,at 120 K,Nc1cnc(Br)cn1.OC(=O)c1c(F)c(F)c(Br)c(F)c1F,P-1,False,120.0,lowT,Nc1cnc(Br)cn1,OC(=O)c1c(F)c(F)c(Br)c(F)c1F
HIDCIK,HIDCIK,100 K,OC(=O)C=CC(=O)[O-].[NH3+]CC(CC(O)=O)c1ccccc1,P21/c,False,100.0,lowT,OC(=O)C=CC(=O)[O-],[NH3+]CC(CC(O)=O)c1ccccc1
GEBMOP01,GEBMOP01,at 105 K,CCOC(=O)OCC[N+](C)(C)C.O=N(=O)c1cc(c([O-])c(c1)N(=O)=O)N(=O)=O,P2/n,False,105.0,lowT,CCOC(=O)OCC[N+](C)(C)C,O=N(=O)c1cc(c([O-])c(c1)N(=O)=O)N(=O)=O
LIHHAM,LIHHAM,at 100 K,OC(=O)C(=O)[O-].C[NH+](C)CC(=C)SC1CCCCC1,C2/c,False,100.0,lowT,OC(=O)C(=O)[O-],C[NH+](C)CC(=C)SC1CCCCC1
ODEFEJ,ODEFEJ,at 123 K,NS(=O)(=O)c1cc2c(NCNS2(=O)=O)cc1Cl.CS(C)=O,P-1,False,123.0,lowT,NS(=O)(=O)c1cc2c(NCNS2(=O)=O)cc1Cl,CS(C)=O
JAMPEV,JAMPEV,100 K,FC(F)(F)S(=O)(=O)[O-].C[N+](C)=C(N)ON=C(N)C(C)(C)C,P21/c,False,100.0,lowT,FC(F)(F)S(=O)(=O)[O-],C[N+](C)=C(N)ON=C(N)C(C)(C)C
WOBNEH,WOBNEH,at 98 K,C[n+]1ccc(cc1)C=Cc1ccc(O)cc1.O=N(=O)c1cccc([O-])c1,P21/n,False,98.0,lowT,C[n+]1ccc(cc1)C=Cc1ccc(O)cc1,O=N(=O)c1cccc([O-])c1
KASXAF,KASXAF,at 123 K,OCC[NH+]1CCCC1.O=C([O-])c1ccccc1,C2/c,False,123.0,lowT,OCC[NH+]1CCCC1,O=C([O-])c1ccccc1
NEWRIR,NEWRIR,at 100 K,CC(=O)Nc1cccnc1.OC(=O)C=CC(O)=O,Pca21,False,100.0,lowT,CC(=O)Nc1cccnc1,OC(=O)C=CC(O)=O
XOJYEC02,XOJYEC02,123 K,NC(=O)c1ccncc1.CC(C)c1cccc(C(C)C)c1O,P21/c,False,123.0,lowT,NC(=O)c1ccncc1,CC(C)c1cccc(C(C)C)c1O
EYEGIA,EYEGIA,93 K,c1cc(ccn1)C=Cc1ccncc1.COc1ccc(cc1)C(O)=O,P21/n,False,93.0,lowT,c1cc(ccn1)C=Cc1ccncc1,COc1ccc(cc1)C(O)=O
DUSKUY,DUSKUY,at 100 K,Nc1ccc(Br)cn1.OC(=O)c1ccc(O)cc1,Pna21,False,100.0,lowT,Nc1ccc(Br)cn1,OC(=O)c1ccc(O)cc1
KIDLOB,KIDLOB,100 K,CC(C)=NNC1=[NH+]c2ccccc2S1.O=N(=O)c1cccc(c1)S(=O)(=O)[O-],P-1,False,100.0,lowT,CC(C)=NNC1=[NH+]c2ccccc2S1,O=N(=O)c1cccc(c1)S(=O)(=O)[O-]
SURFOD,SURFOD,100 K,Oc1c(Cl)c(Cl)cc(Cl)c1Cl.Cc1cncc(C)c1,Cc,False,100.0,lowT,Oc1c(Cl)c(Cl)cc(Cl)c1Cl,Cc1cncc(C)c1
DUNCUM,DUNCUM,120 K,O=C1CCC(=O)N1.OC(=O)c1cc(O)c(O)c(O)c1,P-1,False,120.0,lowT,O=C1CCC(=O)N1,OC(=O)c1cc(O)c(O)c(O)c1
ULOJOX,ULOJOX,100 K,O=C([O-])c1ccncc1.COc1cc(Cc2c[nH+]c(N)nc2N)cc(OC)c1OC,P21/n,False,100.0,lowT,O=C([O-])c1ccncc1,COc1cc(Cc2c[nH+]c(N)nc2N)cc(OC)c1OC
ZATFOT,ZATFOT,100 K,CN1C=CC(=O)C(=C1C)O.Oc1ccccc1O,P42/n,False,100.0,lowT,CN1C=CC(=O)C(=C1C)O,Oc1ccccc1O
XITREZ,XITREZ,at 93 K,O=C([O-])c1ccc2ccccc2c1.[NH3+]Cc1ccccc1Cl,C2/c,False,93.0,lowT,O=C([O-])c1ccc2ccccc2c1,[NH3+]Cc1ccccc1Cl
KASWEI,KASWEI,at 123 K,OCC[NH+]1CCCC1.Oc1ccc(O)c(c1)C(=O)[O-],P21/c,False,123.0,lowT,OCC[NH+]1CCCC1,Oc1ccc(O)c(c1)C(=O)[O-]
BINFAI,BINFAI,100 K,FC(F)(F)S(=O)(=O)[O-].CC(C)(C)[NH+]=C1NCCC2=C1Sc1ccccc21,P21/n,False,100.0,lowT,FC(F)(F)S(=O)(=O)[O-],CC(C)(C)[NH+]=C1NCCC2=C1Sc1ccccc21
XOKTIC,XOKTIC,at 120 K,C1N2CN3CN1CN(C2)C3.OC(=O)c1ccc(O)c(O)c1,P21/c,False,120.0,lowT,C1N2CN3CN1CN(C2)C3,OC(=O)c1ccc(O)c(O)c1
XAQYOF,XAQYOF,at 120 K,NC(N)=[NH+]C(N)=O.OP(F)(=O)[O-],Cc,False,120.0,lowT,NC(N)=[NH+]C(N)=O,OP(F)(=O)[O-]
XARVUJ,XARVUJ,at 100 K,[NH3+]c1c(C)c(C)c2OC(C)(C)CCc2c1C.Cc1ccc(cc1)S(=O)(=O)[O-],P-1,False,100.0,lowT,[NH3+]c1c(C)c(C)c2OC(C)(C)CCc2c1C,Cc1ccc(cc1)S(=O)(=O)[O-]
KECMAJ,KECMAJ,120 K,O=C(NN=Cc1cccnc1)c1ccccn1.OC(=O)CCCCCC(O)=O,P21/c,False,120.0,lowT,O=C(NN=Cc1cccnc1)c1ccccn1,OC(=O)CCCCCC(O)=O
QUFKEI,QUFKEI,at 120 K,O=P(c1ccccc1)(c1ccccc1)c1ccccc1.CC1(C)C(=O)NC(=O)C1(C)C,P21/n,False,120.0,lowT,O=P(c1ccccc1)(c1ccccc1)c1ccccc1,CC1(C)C(=O)NC(=O)C1(C)C
QUBRAH,QUBRAH,at 100 K,NC(=[NH2+])NC(N)=S.O=C[O-],P21/c,False,100.0,lowT,NC(=[NH2+])NC(N)=S,O=C[O-]
VITKIT,VITKIT,at 100 K,ON=Cc1c(F)c(F)c(Br)c(F)c1F.CN1c2ccccc2N=C1c1ccncc1,P212121,False,100.0,lowT,ON=Cc1c(F)c(F)c(Br)c(F)c1F,CN1c2ccccc2N=C1c1ccncc1
JAZQIN,JAZQIN,122.7 K,NC(N)=O.Cc1cccc(O)c1,Pbca,False,122.0,lowT,NC(N)=O,Cc1cccc(O)c1
BOPGIY,BOPGIY,at 100 K,c1ccc2nccnc2c1.CC(=NO)C(C)=NNC(N)=S,P-1,False,100.0,lowT,c1ccc2nccnc2c1,CC(=NO)C(C)=NNC(N)=S
TADROJ,TADROJ,100.2 K,FC(F)(F)c1c2nccnc2cc2C3C[NH2+]CC(C3)c12.FC(F)(F)C(=O)[O-],P21/c,False,100.0,lowT,FC(F)(F)c1c2nccnc2cc2C3C[NH2+]CC(C3)c12,FC(F)(F)C(=O)[O-]
OKUYOK,OKUYOK,100 K,Clc1ccc(cc1)C=C1SC(=S)NC1=O.CS(C)=O,P-1,False,100.0,lowT,Clc1ccc(cc1)C=C1SC(=S)NC1=O,CS(C)=O
GEPDAK,GEPDAK,100 K,FC(F)(F)C(=O)[O-].OC(=O)c1[nH+]cccc1,P-1,False,100.0,lowT,FC(F)(F)C(=O)[O-],OC(=O)c1[nH+]cccc1
VIDNEC,VIDNEC,at 123 K,CS(C)=O.NS(=O)(=O)c1cc2c(NC=NS2(=O)=O)cc1Cl,P-1,False,123.0,lowT,CS(C)=O,NS(=O)(=O)c1cc2c(NC=NS2(=O)=O)cc1Cl
TOZHOF01,TOZHOF01,30 K,NC(N)=O.CC(=O)CCCCC(C)=O,P6522,False,30.0,lowT,NC(N)=O,CC(=O)CCCCC(C)=O
BIZXEO,BIZXEO,at 123 K,c1ccncc1.NS(=O)(=O)c1cc2c(NC=NS2(=O)=O)cc1Cl,P-1,False,123.0,lowT,c1ccncc1,NS(=O)(=O)c1cc2c(NC=NS2(=O)=O)cc1Cl
MUPNUH,MUPNUH,at 100 K,NC(=O)c1ccncc1.OC(=O)c1cc(O)c(O)c(O)c1,P21/n,False,100.0,lowT,NC(=O)c1ccncc1,OC(=O)c1cc(O)c(O)c(O)c1
FALSES,FALSES,at 110 K,Cc1ccnc(NS(=O)(=O)c2ccc(N)cc2)n1.C1COCCO1,P21/c,False,110.0,lowT,Cc1ccnc(NS(=O)(=O)c2ccc(N)cc2)n1,C1COCCO1
VUZZEW,VUZZEW,at 98 K,c1ccc(C=NN=Cc2ccccn2)nc1.OC(=O)c1ccccc1,P-1,False,98.0,lowT,c1ccc(C=NN=Cc2ccccn2)nc1,OC(=O)c1ccccc1
ROBFAS,ROBFAS,100 K,C=CC(=O)[O-].CCc1[nH+]c(N)nc(N)c1c1ccc(Cl)cc1,P-1,False,100.0,lowT,C=CC(=O)[O-],CCc1[nH+]c(N)nc(N)c1c1ccc(Cl)cc1
WIZLEX,WIZLEX,at 120 K,[NH2+]1CCOCC1.NC1=C(N=O)C(=O)[N-]C(=N1)N1CCOCC1,I2/a,False,120.0,lowT,[NH2+]1CCOCC1,NC1=C(N=O)C(=O)[N-]C(=N1)N1CCOCC1
LATBIT,LATBIT,at 110 K,OC(=O)c1ccc(O)cc1.CN1C=NC2=C1C(=O)N(C)C(=O)N2C,P-1,False,110.0,lowT,OC(=O)c1ccc(O)cc1,CN1C=NC2=C1C(=O)N(C)C(=O)N2C
JISRUZ,JISRUZ,at 123 K,FC(F)(F)S(=O)(=O)[O-].CC(C)(C)N1C=C[N+](=P1)C(C)(C)C,Pnma,False,123.0,lowT,FC(F)(F)S(=O)(=O)[O-],CC(C)(C)N1C=C[N+](=P1)C(C)(C)C
BAZTIJ,BAZTIJ,100 K,OC(=O)CCCC(O)=O.N#Cc1cccnc1,P21/c,False,100.0,lowT,OC(=O)CCCC(O)=O,N#Cc1cccnc1
XAZZEH,XAZZEH,123 K,ON1N=C(N=C1C1=NN=NN1[O-])N(=O)=O.CC(C)=[NH+]O,P-1,False,123.0,lowT,ON1N=C(N=C1C1=NN=NN1[O-])N(=O)=O,CC(C)=[NH+]O
XITRUP,XITRUP,at 93 K,O=C([O-])c1ccc2ccccc2c1.[NH3+]Cc1cccc(Br)c1,Pbca,False,93.0,lowT,O=C([O-])c1ccc2ccccc2c1,[NH3+]Cc1cccc(Br)c1
YACQOL,YACQOL,100 K,Oc1ccc(O)cc1.CC(C)C1=C(C)N(C)N(c2ccccc2)C1=O,P-1,False,100.0,lowT,Oc1ccc(O)cc1,CC(C)C1=C(C)N(C)N(c2ccccc2)C1=O
NIPHUR,NIPHUR,at 123 K,CC(C)(C)C(=O)Nc1[nH+]c(N)ccc1.O=C([O-])c1ccccc1,P21/c,False,123.0,lowT,CC(C)(C)C(=O)Nc1[nH+]c(N)ccc1,O=C([O-])c1ccccc1
EVUMOX,EVUMOX,at 100 K,O=C1CC(=O)NC(=O)N1.C1COCCO1,P-1,False,100.0,lowT,O=C1CC(=O)NC(=O)N1,C1COCCO1
YONLAQ,YONLAQ,123 K,[NH3+]c1ccc(cc1)S(=O)(=O)Nc1ncccn1.Oc1ccc(cc1)S(=O)(=O)[O-],P21/n,False,123.0,lowT,[NH3+]c1ccc(cc1)S(=O)(=O)Nc1ncccn1,Oc1ccc(cc1)S(=O)(=O)[O-]
DUCZUX,DUCZUX,at 110 K,CC1=C(CCCl)C(=O)N2C=CC=CC2=[NH+]1.O=N(=O)c1cc(c([O-])c(c1)N(=O)=O)N(=O)=O,P21/n,False,110.0,lowT,CC1=C(CCCl)C(=O)N2C=CC=CC2=[NH+]1,O=N(=O)c1cc(c([O-])c(c1)N(=O)=O)N(=O)=O
SEYHEM,SEYHEM,120 K,OC1=C(Cl)C(=O)C(=C(Cl)C1=O)O.Cc1cnccn1,P21/c,False,120.0,lowT,OC1=C(Cl)C(=O)C(=C(Cl)C1=O)O,Cc1cnccn1
SIHLIH,SIHLIH,100 K,OC(=O)C1=CC=C(Cl)S1.Cc1nc(C)c(Cl)c(N)n1,P-1,False,100.0,lowT,OC(=O)C1=CC=C(Cl)S1,Cc1nc(C)c(Cl)c(N)n1
ZATMIU,ZATMIU,100 K,[NH3+]C(CCC)C(O)=O.OC(=O)C(=O)[O-],P-1,False,100.0,lowT,[NH3+]C(CCC)C(O)=O,OC(=O)C(=O)[O-]
MOWDOU,MOWDOU,110 K,Fc1c(F)c(C#N)c2Oc3ccccc3Nc2c1C#N.CS(C)=O,P-1,False,110.0,lowT,Fc1c(F)c(C#N)c2Oc3ccccc3Nc2c1C#N,CS(C)=O
TEZMOC,TEZMOC,at 100 K,Nc1nc(N)nc(n1)c1ccccc1.OC(=O)c1ccc(cc1)C(O)=O,C2/c,False,100.0,lowT,Nc1nc(N)nc(n1)c1ccccc1,OC(=O)c1ccc(cc1)C(O)=O
WAKROS,WAKROS,100 K,CC(=O)[O-].C[N+]1=CN(CCO)C=C1,Pca21,False,100.0,lowT,CC(=O)[O-],C[N+]1=CN(CCO)C=C1
FIFCOQ,FIFCOQ,90 K,O=N(=O)c1ccc(cc1)N1CC[NH2+]CC1.OC(=O)CCC(=O)[O-],C2/c,False,90.0,lowT,O=N(=O)c1ccc(cc1)N1CC[NH2+]CC1,OC(=O)CCC(=O)[O-]
CISDAL,CISDAL,at 120 K,FC(F)(F)S(=O)(=O)[O-].CN1C=[N+](N=C1N(=O)=O)c1ccc(cc1N(=O)=O)N(=O)=O,P21/c,False,120.0,lowT,FC(F)(F)S(=O)(=O)[O-],CN1C=[N+](N=C1N(=O)=O)c1ccc(cc1N(=O)=O)N(=O)=O
LADCUQ,LADCUQ,at 120 K,OC(=O)CCCCCCCCC(O)=O.CCC(=O)Nc1ccc(Br)cn1,P-1,False,120.0,lowT,OC(=O)CCCCCCCCC(O)=O,CCC(=O)Nc1ccc(Br)cn1
YACDUE,YACDUE,100 K,CC(C)C1=C(C)N(C)N(c2ccccc2)C1=O.OC(=O)c1cc(Cl)c(Cl)cc1C(O)=O,Pbca,False,100.0,lowT,CC(C)C1=C(C)N(C)N(c2ccccc2)C1=O,OC(=O)c1cc(Cl)c(Cl)cc1C(O)=O
XUBKUD,XUBKUD,100 K,Cc1ccnc(NS(=O)(=O)c2ccc(N)cc2)n1.NC(=O)c1ccccc1O,P-1,False,100.0,lowT,Cc1ccnc(NS(=O)(=O)c2ccc(N)cc2)n1,NC(=O)c1ccccc1O
IVUNET,IVUNET,at 123 K,C[NH+](C)C(C)C(O)c1ccccc1.CS(=O)(=O)[O-],P212121,False,123.0,lowT,C[NH+](C)C(C)C(O)c1ccccc1,CS(=O)(=O)[O-]
NIDSOK,NIDSOK,at 123 K,OC(C1[NH2+]CCC1)(c1ccccc1)c1ccccc1.O=C([O-])c1ccccc1,P21,False,123.0,lowT,OC(C1[NH2+]CCC1)(c1ccccc1)c1ccccc1,O=C([O-])c1ccccc1
IVEKEC,IVEKEC,100 K,CC[NH+](CC)CC(=O)Nc1c(C)cccc1C.OC(=O)CCCC(=O)[O-],P21/c,False,100.0,lowT,CC[NH+](CC)CC(=O)Nc1c(C)cccc1C,OC(=O)CCCC(=O)[O-]
SAYPUF,SAYPUF,at 100 K,OC(=O)c1cccc(O)c1.O=C(NN=C1CCCCC1)c1ccncc1,P-1,False,100.0,lowT,OC(=O)c1cccc(O)c1,O=C(NN=C1CCCCC1)c1ccncc1
OBUBOE,OBUBOE,at 100 K,NC(=O)c1cccnc1.COc1cc(C=O)ccc1O,P-1,False,100.0,lowT,NC(=O)c1cccnc1,COc1cc(C=O)ccc1O
TOJREQ,TOJREQ,at 100 K,FC(F)(F)S(=O)(=O)[N-]S(=O)(=O)C(F)(F)F.C[N+]1(CCCC1)CC(O)=O,P21/c,False,100.0,lowT,FC(F)(F)S(=O)(=O)[N-]S(=O)(=O)C(F)(F)F,C[N+]1(CCCC1)CC(O)=O
TIJKIG,TIJKIG,at 100 K,c1ccc(nc1)c1ccccn1.Oc1c(O)c(O)c(O)c(O)c1O,P-1,False,100.0,lowT,c1ccc(nc1)c1ccccn1,Oc1c(O)c(O)c(O)c(O)c1O
XEBZUC,XEBZUC,100 K,CN1C(=NC(=Cc2ccc3OCOc3c2)C1=O)N.CS(C)=O,P-1,False,100.0,lowT,CN1C(=NC(=Cc2ccc3OCOc3c2)C1=O)N,CS(C)=O
TECCOW,TECCOW,93 K,COS(=O)(=O)[O-].CO[n+]1ccc(C)cc1,P21/c,False,93.0,lowT,COS(=O)(=O)[O-],CO[n+]1ccc(C)cc1
PEFGEO01,PEFGEO01,at 110 K,OC(=O)c1cc(O)c(O)c(O)c1.CC(N)=O,P21/n,False,110.0,lowT,OC(=O)c1cc(O)c(O)c(O)c1,CC(N)=O
PORVEA,PORVEA,100 K,COc1cc(Cc2c[nH+]c(N)nc2N)cc(OC)c1OC.Cc1cccc(Nc2ccccc2C(=O)[O-])c1C,P-1,False,100.0,lowT,COc1cc(Cc2c[nH+]c(N)nc2N)cc(OC)c1OC,Cc1cccc(Nc2ccccc2C(=O)[O-])c1C
TIJKOM,TIJKOM,at 100 K,c1cc(ccn1)c1ccncc1.OC1=C(O)C(=O)C(=C(O)C1=O)O,P-1,False,100.0,lowT,c1cc(ccn1)c1ccncc1,OC1=C(O)C(=O)C(=C(O)C1=O)O
FEJWUP,FEJWUP,123 K,FC(F)(F)S(=O)(=O)[O-].C[n+]1c(N)cccc1NC1=NC=CNC1=S,P21/c,False,123.0,lowT,FC(F)(F)S(=O)(=O)[O-],C[n+]1c(N)cccc1NC1=NC=CNC1=S
XAQQEM,XAQQEM,at 100 K,NC(=O)c1ccncc1.OC(=O)c1ccccc1O,P21/c,False,100.0,lowT,NC(=O)c1ccncc1,OC(=O)c1ccccc1O
BALDUR,BALDUR,120 K,NC1=N[N+]2(CCOCC2)CC1.Brc1ccc(cc1)C(=O)[O-],P21,False,120.0,lowT,NC1=N[N+]2(CCOCC2)CC1,Brc1ccc(cc1)C(=O)[O-]
PEZQAN,PEZQAN,at 100 K,Cc1cncc(C)n1.OC1=C(Cl)C(=O)C(=C(Cl)C1=O)O,P21/c,False,100.0,lowT,Cc1cncc(C)n1,OC1=C(Cl)C(=O)C(=C(Cl)C1=O)O
FIDLIO,FIDLIO,at 120 K,Nc1ccc(Cc2ccc(N)cc2)cc1.Oc1ccc(Cc2ccc(O)cc2)cc1,P21/n,False,120.0,lowT,Nc1ccc(Cc2ccc(N)cc2)cc1,Oc1ccc(Cc2ccc(O)cc2)cc1
COZYOG,COZYOG,at 100 K,Cc1nc(C)c(C)nc1C.OC(=O)C(O)=O,P-1,False,100.0,lowT,Cc1nc(C)c(C)nc1C,OC(=O)C(O)=O
CEPJOA,CEPJOA,100 K,CC1=NNC(=S)NCCC(=NNC(=S)NCC1)C.CS(C)=O,P-1,False,100.0,lowT,CC1=NNC(=S)NCCC(=NNC(=S)NCC1)C,CS(C)=O
REHSUU,REHSUU,at 110 K,OC(=O)c1ccc(O)cc1.CCOc1ccccc1C(N)=O,P21/n,False,110.0,lowT,OC(=O)c1ccc(O)cc1,CCOc1ccccc1C(N)=O
JIMVUX,JIMVUX,at 100 K,FC(F)(F)S(=O)(=O)[O-].C[n+]1ccn(CC2CCCCO2)c1,P21/n,False,100.0,lowT,FC(F)(F)S(=O)(=O)[O-],C[n+]1ccn(CC2CCCCO2)c1
XUVQEL,XUVQEL,at 120 K,OC(=O)Cc1ccccc1Nc1c(Cl)cccc1Cl.CC1=CN=C(N)S1,Pbca,False,120.0,lowT,OC(=O)Cc1ccccc1Nc1c(Cl)cccc1Cl,CC1=CN=C(N)S1
OYUZAM,OYUZAM,100 K,Cc1cccc(C)c1NC(=O)CN1CCCC1=O.OC(=O)C(O)=O,P21,False,100.0,lowT,Cc1cccc(C)c1NC(=O)CN1CCCC1=O,OC(=O)C(O)=O
NEFGIR,NEFGIR,100 K,NC(=O)c1cnccn1.OC(=O)c1cccc(O)c1O,P-1,False,100.0,lowT,NC(=O)c1cnccn1,OC(=O)c1cccc(O)c1O
FEJXIE,FEJXIE,120.0 K,CN1C2=C(S[S+]=N2)C=C2Sc3cc(Cl)ccc3N=C12.FC(F)(F)S(=O)(=O)[O-],P21/n,False,120.0,lowT,CN1C2=C(S[S+]=N2)C=C2Sc3cc(Cl)ccc3N=C12,FC(F)(F)S(=O)(=O)[O-]
HOGFUG,HOGFUG,at 100 K,OC(=O)CCCCC(O)=O.NC(=O)c1ccccn1,P21/c,False,100.0,lowT,OC(=O)CCCCC(O)=O,NC(=O)c1ccccn1
LADBOJ,LADBOJ,at 120 K,Nc1[nH+]cc(Br)cc1.O=C([O-])c1ccc(cc1)C#N,Pca21,False,120.0,lowT,Nc1[nH+]cc(Br)cc1,O=C([O-])c1ccc(cc1)C#N
ULAZIQ,ULAZIQ,at 120 K,Oc1cccc(O)c1.OCCN1C(=O)c2ccccc2C1=O,C2/c,False,120.0,lowT,Oc1cccc(O)c1,OCCN1C(=O)c2ccccc2C1=O
SIDHUK,SIDHUK,at 100 K,NC(N)=S.C1COCCO1,P21/n,False,100.0,lowT,NC(N)=S,C1COCCO1
UHADOX,UHADOX,at 120 K,OC(=O)CC(O)=O.O=C1NCCN1,C2/c,False,120.0,lowT,OC(=O)CC(O)=O,O=C1NCCN1
RAXZAV,RAXZAV,100 K,CC(C)(c1ccc(O)cc1)c1ccc(O)cc1.C(Cc1ccncc1)c1ccncc1,P-1,False,100.0,lowT,CC(C)(c1ccc(O)cc1)c1ccc(O)cc1,C(Cc1ccncc1)c1ccncc1
NAQMUQ,NAQMUQ,90 K,NC1=[NH+]c2ccc(OC(F)(F)F)cc2S1.OC(=O)CC(=O)[O-],P21/c,False,90.0,lowT,NC1=[NH+]c2ccc(OC(F)(F)F)cc2S1,OC(=O)CC(=O)[O-]
KEFBON,KEFBON,at 100 K,CC(=O)Nc1ccccn1.OC(=O)CCCCCC(O)=O,I2/a,False,100.0,lowT,CC(=O)Nc1ccccn1,OC(=O)CCCCCC(O)=O
DEXTOQ,DEXTOQ,at 100 K,OC(=O)c1c(O)cccc1O.c1ccc2nc3ccccc3nc2c1,C2/c,False,100.0,lowT,OC(=O)c1c(O)cccc1O,c1ccc2nc3ccccc3nc2c1
PUWFOD,PUWFOD,at 100 K,Oc1ccc(O)cc1.CCN(CC)C=O,P-1,False,100.0,lowT,Oc1ccc(O)cc1,CCN(CC)C=O
TEWQUL,TEWQUL,100 K,c1ccc2nc3ccccc3nc2c1.OC(=O)c1ccc(O)c(O)c1,P21/c,False,100.0,lowT,c1ccc2nc3ccccc3nc2c1,OC(=O)c1ccc(O)c(O)c1
XUMLUP,XUMLUP,100 K,[NH3+]C(CO)(CO)CO.Cc1ccccc1OCC(=O)[O-],P-1,False,100.0,lowT,[NH3+]C(CO)(CO)CO,Cc1ccccc1OCC(=O)[O-]
KAYFOH,KAYFOH,at 120 K,O=C(Nc1ccccn1)c1ccncc1.OC(=O)CCCC(O)=O,P-1,False,120.0,lowT,O=C(Nc1ccccn1)c1ccncc1,OC(=O)CCCC(O)=O
DITHUK,DITHUK,at 100 K,Oc1c(Cl)c(Cl)c(Cl)c(Cl)c1Cl.Cc1ccncc1C,P-1,False,100.0,lowT,Oc1c(Cl)c(Cl)c(Cl)c(Cl)c1Cl,Cc1ccncc1C
NIGKEW,NIGKEW,120 K,Clc1ccc(cn1)C1CC2[NH2+]C1CC2.OC(C(O)C(=O)[O-])C(O)=O,P212121,False,120.0,lowT,Clc1ccc(cn1)C1CC2[NH2+]C1CC2,OC(C(O)C(=O)[O-])C(O)=O
UROHUF,UROHUF,at 100 K,Nc1nc(N)c2N=C3N(CCc4ccccc34)c2n1.CS(C)=O,P21/c,False,100.0,lowT,Nc1nc(N)c2N=C3N(CCc4ccccc34)c2n1,CS(C)=O
ULIMEI,ULIMEI,at 90 K,OC(C(O)C(=O)[O-])C(O)=O.[NH3+]C1(CCCCC1=O)c1ccccc1Cl,P212121,False,90.0,lowT,OC(C(O)C(=O)[O-])C(O)=O,[NH3+]C1(CCCCC1=O)c1ccccc1Cl
RUYGIC,RUYGIC,at 100 K,CC(=O)NC1=NN=C(S1)S(N)(=O)=O.OC(=O)c1ccc(O)cc1,P21/c,False,100.0,lowT,CC(=O)NC1=NN=C(S1)S(N)(=O)=O,OC(=O)c1ccc(O)cc1
FESCUF,FESCUF,100 K,[NH3+]CC(CC(O)=O)c1ccc(Cl)cc1.OC(C(O)C(=O)[O-])C(O)=O,P1,False,100.0,lowT,[NH3+]CC(CC(O)=O)c1ccc(Cl)cc1,OC(C(O)C(=O)[O-])C(O)=O
IVUSEY,IVUSEY,at 123 K,C[NH+](C)C(C)C(O)c1ccccc1.Oc1ccc(cc1)C(=O)[O-],P21,False,123.0,lowT,C[NH+](C)C(C)C(O)c1ccccc1,Oc1ccc(cc1)C(=O)[O-]
AJAHUO,AJAHUO,at 90 K,OC(=O)c1cc(Cl)c(cc1Cl)C(O)=O.O=C1CNC(=O)CN1,P-1,False,90.0,lowT,OC(=O)c1cc(Cl)c(cc1Cl)C(O)=O,O=C1CNC(=O)CN1
PECREW,PECREW,at 100 K,COc1cc(OC)nc(SC)n1.OC(=O)c1ccc(O)cc1,P-1,False,100.0,lowT,COc1cc(OC)nc(SC)n1,OC(=O)c1ccc(O)cc1
GUDVEI,GUDVEI,at 100 K,OC(=O)CCCCCC(O)=O.c1cnccn1,P21/c,False,100.0,lowT,OC(=O)CCCCCC(O)=O,c1cnccn1
KIWRIV,KIWRIV,120 K,CN(C)C=O.COC(=O)C=C1SC(=NC1=O)N=C(N)N,P-1,False,120.0,lowT,CN(C)C=O,COC(=O)C=C1SC(=NC1=O)N=C(N)N
MUNSUM,MUNSUM,100 K,CCCC(C=C)c1[nH+]cc(Br)c2ccccc12.FC(F)(F)S(=O)(=O)[O-],P1,False,100.0,lowT,CCCC(C=C)c1[nH+]cc(Br)c2ccccc12,FC(F)(F)S(=O)(=O)[O-]
PETPIP,PETPIP,at 120 K,ON=Cc1c(F)c(F)c(Br)c(F)c1F.c1cncc(c1)N=Nc1cccnc1,P-1,False,120.0,lowT,ON=Cc1c(F)c(F)c(Br)c(F)c1F,c1cncc(c1)N=Nc1cccnc1
HOGFOA,HOGFOA,at 100 K,OC(=O)C=CC(O)=O.NC(=O)c1ccccn1,P21/n,False,100.0,lowT,OC(=O)C=CC(O)=O,NC(=O)c1ccccn1
AJAHEY,AJAHEY,at 90 K,OC(=O)c1cc(Cl)ccc1O.O=C1CNC(=O)CN1,P21/n,False,90.0,lowT,OC(=O)c1cc(Cl)ccc1O,O=C1CNC(=O)CN1
VULVOP,VULVOP,100 K,Cc1[nH+]cc(CO)c(CO)c1O.O=C([O-])c1ccc(cc1)C#N,P-1,False,100.0,lowT,Cc1[nH+]cc(CO)c(CO)c1O,O=C([O-])c1ccc(cc1)C#N
PIGSOO,PIGSOO,at 113 K,CC1=[NH+]C=C2CN=C(c3ccccc3F)c3cc(Cl)ccc3N12.O=C1[N-]S(=O)(=O)c2ccccc12,P21/c,False,113.0,lowT,CC1=[NH+]C=C2CN=C(c3ccccc3F)c3cc(Cl)ccc3N12,O=C1[N-]S(=O)(=O)c2ccccc12
KETZAM,KETZAM,at 100 K,c1cc(ccn1)C=Cc1ccncc1.CC(=O)Nc1ccc(O)cc1,P21/c,False,100.0,lowT,c1cc(ccn1)C=Cc1ccncc1,CC(=O)Nc1ccc(O)cc1
TENYAO,TENYAO,at 110 K,OC(=O)COc1cccc2ccccc12.CN1C=NC2=C1C(=O)N(C)C(=O)N2C,P21/c,False,110.0,lowT,OC(=O)COc1cccc2ccccc12,CN1C=NC2=C1C(=O)N(C)C(=O)N2C
LEDXOJ,LEDXOJ,at 100 K,CN1C(=O)N(C)c2nc3N(C)C(=O)N(C)C(=O)c3nc2C1=O.CSc1ccccc1C=NC1=C(N)N(C)C(=O)N(C)C1=O,P21/n,False,100.0,lowT,CN1C(=O)N(C)c2nc3N(C)C(=O)N(C)C(=O)c3nc2C1=O,CSc1ccccc1C=NC1=C(N)N(C)C(=O)N(C)C1=O
TILYUL,TILYUL,100 K,CCCSc1ccc2[NH+]=C(NC(=O)OC)Nc2c1.Cc1ccc(cc1)S(=O)(=O)[O-],P-1,False,100.0,lowT,CCCSc1ccc2[NH+]=C(NC(=O)OC)Nc2c1,Cc1ccc(cc1)S(=O)(=O)[O-]
ROJJEG,ROJJEG,at 120 K,C[NH+](C)CCCN1C(=O)c2ccccc2C1=O.CC(=O)[O-],C2/c,False,120.0,lowT,C[NH+](C)CCCN1C(=O)c2ccccc2C1=O,CC(=O)[O-]
TOMXEA,TOMXEA,at 110 K,OC(=O)COc1ccccc1C=O.O=C1C(=O)c2cccnc2c2ncccc12,P-1,False,110.0,lowT,OC(=O)COc1ccccc1C=O,O=C1C(=O)c2cccnc2c2ncccc12
GUZXUW,GUZXUW,100 K,Cc1ccc(cc1)S(=O)(=O)[O-].CN(C)C(=[NH2+])ON=C(N)c1ccc(Br)cc1,C2/c,False,100.0,lowT,Cc1ccc(cc1)S(=O)(=O)[O-],CN(C)C(=[NH2+])ON=C(N)c1ccc(Br)cc1
BUNHUP,BUNHUP,120 K,Oc1c(F)c(F)c(Br)c(F)c1F.C(Cc1ccncc1)c1ccncc1,C2/c,False,120.0,lowT,Oc1c(F)c(F)c(Br)c(F)c1F,C(Cc1ccncc1)c1ccncc1
SUZBEV,SUZBEV,at 100 K,Nc1[nH+]cc(Br)cc1.OC(=O)c1ccccc1C(=O)[O-],P-1,False,100.0,lowT,Nc1[nH+]cc(Br)cc1,OC(=O)c1ccccc1C(=O)[O-]
DOSPOS,DOSPOS,at 120 K,C(N1C=CN=C1C1=NC=CN1Cc1ccccn1)c1ccccn1.OC(=O)CCCCCCCCC(O)=O,P-1,False,120.0,lowT,C(N1C=CN=C1C1=NC=CN1Cc1ccccn1)c1ccccn1,OC(=O)CCCCCCCCC(O)=O
QUCSEN,QUCSEN,at 100 K,[NH3+]CCc1ccc(F)cc1.OC(=O)C1=NNC(=C1)C(=O)[O-],Cc,False,100.0,lowT,[NH3+]CCc1ccc(F)cc1,OC(=O)C1=NNC(=C1)C(=O)[O-]
HONTAG,HONTAG,at 100 K,OC(=O)c1ccc(O)cc1.c1ccc(cc1)c1ccncc1,C2/c,False,100.0,lowT,OC(=O)c1ccc(O)cc1,c1ccc(cc1)c1ccncc1
CATJAK,CATJAK,at 100 K,[NH3+]C(C(O)c1ccccc1)c1ccccc1.O=C([O-])C1=CC=CO1,P212121,False,100.0,lowT,[NH3+]C(C(O)c1ccccc1)c1ccccc1,O=C([O-])C1=CC=CO1
TIMMIP,TIMMIP,100.0 K,[O-][P+]([O-])([n+]1ccccc1)[N+]12CCC(CC1)CC2.FC(F)(F)S(=O)(=O)[O-],P21/c,False,100.0,lowT,[O-][P+]([O-])([n+]1ccccc1)[N+]12CCC(CC1)CC2,FC(F)(F)S(=O)(=O)[O-]
IQUNUE,IQUNUE,at 100 K,O=C(CS(=O)(=O)C1=Nc2ccccc2S1)c1ccccc1.C1COCCO1,P-1,False,100.0,lowT,O=C(CS(=O)(=O)C1=Nc2ccccc2S1)c1ccccc1,C1COCCO1
OCASAM,OCASAM,at 120 K,FC(F)(F)S(=O)(=O)[O-].C[N+]1=C(CCC1)C(=NO)c1ccccc1,P21/c,False,120.0,lowT,FC(F)(F)S(=O)(=O)[O-],C[N+]1=C(CCC1)C(=NO)c1ccccc1
SAXCOK,SAXCOK,at 120 K,Nc1[nH+]cc(Cl)cc1.O=S(=O)([O-])c1ccc(cc1)C#N,Pna21,False,120.0,lowT,Nc1[nH+]cc(Cl)cc1,O=S(=O)([O-])c1ccc(cc1)C#N
GINSAA,GINSAA,100 K,OC(C(O)C(=O)[O-])C(O)=O.NC(=O)C1([NH2+]CCC1)C(F)(F)F,P21,False,100.0,lowT,OC(C(O)C(=O)[O-])C(O)=O,NC(=O)C1([NH2+]CCC1)C(F)(F)F
VEKZIY,VEKZIY,100 K,[NH3+]C(CC(C)C)C(F)P(=O)(OCC)OCC.OC(=O)C(=O)[O-],P212121,False,100.0,lowT,[NH3+]C(CC(C)C)C(F)P(=O)(OCC)OCC,OC(=O)C(=O)[O-]
FEVKUO,FEVKUO,at 98 K,OC(=O)c1cc(C(O)=O)c(cc1C(O)=O)C(O)=O.Cc1cc(C)nc(NS(=O)(=O)c2ccc(N)cc2)n1,Pbca,False,98.0,lowT,OC(=O)c1cc(C(O)=O)c(cc1C(O)=O)C(O)=O,Cc1cc(C)nc(NS(=O)(=O)c2ccc(N)cc2)n1
LATQEE,LATQEE,at 100 K,OC(=O)CCCC(O)=O.Cc1ccnc2N(C3CC3)c3ncccc3C(=O)Nc12,P-1,False,100.0,lowT,OC(=O)CCCC(O)=O,Cc1ccnc2N(C3CC3)c3ncccc3C(=O)Nc12
FICYIB,FICYIB,at 100 K,Cc1ccc(cc1)C(O)=O.Cc1ccc(cc1)c1nc(N)nc(N)n1,Cc,False,100.0,lowT,Cc1ccc(cc1)C(O)=O,Cc1ccc(cc1)c1nc(N)nc(N)n1
PUNWIF,PUNWIF,at 103.1 K,[NH3+]C(C)c1ccc(F)cc1.CCOP([O-])(=S)c1ccc(Cl)cc1,C2,False,103.0,lowT,[NH3+]C(C)c1ccc(F)cc1,CCOP([O-])(=S)c1ccc(Cl)cc1
OYEBAX,OYEBAX,100 K,c1ccc2nc3ccccc3cc2c1.OC(=O)c1ccccc1Nc1ccccc1,P21/c,False,100.0,lowT,c1ccc2nc3ccccc3cc2c1,OC(=O)c1ccccc1Nc1ccccc1
VUXCAU,VUXCAU,100 K,OC(C(=O)[O-])c1ccccc1.[NH3+]C1C2CC3CC(C2)CC1(CO)C3,C2,False,100.0,lowT,OC(C(=O)[O-])c1ccccc1,[NH3+]C1C2CC3CC(C2)CC1(CO)C3
ALOWUW,ALOWUW,100 K,FC(F)(F)C(=O)[O-].[NH3+]C(Cc1ccccc1)C(=O)OCN1N=Nc2ccccc12,P21/n,False,100.0,lowT,FC(F)(F)C(=O)[O-],[NH3+]C(Cc1ccccc1)C(=O)OCN1N=Nc2ccccc12
QILVUF,QILVUF,100.0 K,CCCN1C=NC(=C1C(=O)[O-])C(O)=O.OCC[NH+](CCO)CCO,P21/n,False,100.0,lowT,CCCN1C=NC(=C1C(=O)[O-])C(O)=O,OCC[NH+](CCO)CCO
JENKUM,JENKUM,100 K,FC(F)(F)C(=O)[O-].COC12CCCCCC(=[NH+]c3ccccc13)N2,C2/c,False,100.0,lowT,FC(F)(F)C(=O)[O-],COC12CCCCCC(=[NH+]c3ccccc13)N2
JOFJUK,JOFJUK,at 120 K,O=C1CCC(=O)N1.Cc1c(N)ccc(Cl)c1F,P-1,False,120.0,lowT,O=C1CCC(=O)N1,Cc1c(N)ccc(Cl)c1F
UXACAZ,UXACAZ,123 K,ClC1=C(Cl)C(=O)C(=C(C#N)C1=O)C#N.COc1ccc(cc1)C1=Cc2ccccc2O1,P21/c,False,123.0,lowT,ClC1=C(Cl)C(=O)C(=C(C#N)C1=O)C#N,COc1ccc(cc1)C1=Cc2ccccc2O1
EFAPUY,EFAPUY,at 100 K,OC(=O)CCC(O)=O.COc1cc(Cl)nc(N)n1,P-1,False,100.0,lowT,OC(=O)CCC(O)=O,COc1cc(Cl)nc(N)n1
ZIPHEO,ZIPHEO,100 K,NC(=O)c1ccncc1.COc1ccccc1C(O)=O,P21/c,False,100.0,lowT,NC(=O)c1ccncc1,COc1ccccc1C(O)=O
GIFDOR,GIFDOR,100 K,NC(N)=O.Cc1nccnc1C,Pnma,False,100.0,lowT,NC(N)=O,Cc1nccnc1C
COZZIB,COZZIB,at 100 K,c1cc(ccn1)C=Cc1ccncc1.Oc1ccc(O)cc1,P21/c,False,100.0,lowT,c1cc(ccn1)C=Cc1ccncc1,Oc1ccc(O)cc1
EMUDAS,EMUDAS,at 110 K,[NH2+]1CC2(C1)COC2.OC(=O)C(=O)[O-],P-1,False,110.0,lowT,[NH2+]1CC2(C1)COC2,OC(=O)C(=O)[O-]
ZOKYUV,ZOKYUV,at 100 K,CC(C)N=NC(C)(C)OO.CC(C)NN=C(C)C,P-1,False,100.0,lowT,CC(C)N=NC(C)(C)OO,CC(C)NN=C(C)C
IPEVOP01,IPEVOP01,100 K,C1N2CN3CN1CN(C2)C3.Cc1ccc(cc1)C(O)=O,P21/n,False,100.0,lowT,C1N2CN3CN1CN(C2)C3,Cc1ccc(cc1)C(O)=O
GINKUK,GINKUK,at 95.0 K,c1ccc2nccnc2c1.OC1=C(Cl)C(=O)C(=C(Cl)C1=O)O,P-1,False,95.0,lowT,c1ccc2nccnc2c1,OC1=C(Cl)C(=O)C(=C(Cl)C1=O)O
GEXTIO,GEXTIO,at 100 K,[NH3+]Cc1ccccc1F.O=C([O-])c1ccc2ccccc2c1,P21,False,100.0,lowT,[NH3+]Cc1ccccc1F,O=C([O-])c1ccc2ccccc2c1
XOTYUB01,XOTYUB01,93 K,CCOc1ccc(cc1)C(O)=O.c1cc(ccn1)c1ccncc1,P21/n,False,93.0,lowT,CCOc1ccc(cc1)C(O)=O,c1cc(ccn1)c1ccncc1
TIPFII,TIPFII,at 120 K,COc1cc(OC)nc(N)n1.OC(=O)c1ccccc1C(O)=O,P21/c,False,120.0,lowT,COc1cc(OC)nc(N)n1,OC(=O)c1ccccc1C(O)=O
PITPOB,PITPOB,123 K,Cc1ccc(cc1)S(=O)(=O)[O-].OC1=[NH+]CCCC1,P21/n,False,123.0,lowT,Cc1ccc(cc1)S(=O)(=O)[O-],OC1=[NH+]CCCC1
YUTSIR,YUTSIR,100 K,CCOC(C)=[N+](C)C.CCOS(=O)(=O)[O-],P21/c,False,100.0,lowT,CCOC(C)=[N+](C)C,CCOS(=O)(=O)[O-]
CEMFIM,CEMFIM,100 K,Oc1ccc(Cl)cc1C(=O)[O-].Cc1[nH+]c(N)c(Cl)c(C)n1,P-1,False,100.0,lowT,Oc1ccc(Cl)cc1C(=O)[O-],Cc1[nH+]c(N)c(Cl)c(C)n1
YAKREK,YAKREK,100 K,COc1cc2NC(=O)C(=O)c2cc1O.CS(C)=O,P21/c,False,100.0,lowT,COc1cc2NC(=O)C(=O)c2cc1O,CS(C)=O
REBXON,REBXON,at 100 K,OC(=O)c1ccc2ccccc2c1O.NC(=O)c1cnccn1,P21/c,False,100.0,lowT,OC(=O)c1ccc2ccccc2c1O,NC(=O)c1cnccn1
KECLOW,KECLOW,120 K,O=C(NN=Cc1cccnc1)c1ccccn1.OC(=O)CCCC(O)=O,P21/c,False,120.0,lowT,O=C(NN=Cc1cccnc1)c1ccccn1,OC(=O)CCCC(O)=O
VELBAR,VELBAR,at 100 K,O=C([O-])C1=Cc2ccccc2O1.[NH3+]C(C(O)c1ccccc1)c1ccccc1,C2,False,100.0,lowT,O=C([O-])C1=Cc2ccccc2O1,[NH3+]C(C(O)c1ccccc1)c1ccccc1
AMAZAS,AMAZAS,100 K,CCOC(=O)C([N+]#N)=S1c2ccccc2Oc2ccccc12.FC(F)(F)S(=O)(=O)[O-],P21/n,False,100.0,lowT,CCOC(=O)C([N+]#N)=S1c2ccccc2Oc2ccccc12,FC(F)(F)S(=O)(=O)[O-]
CIFZID,CIFZID,100 K,NC(=O)C(Br)(Br)Br.C1CN2CCN1CC2,P21/c,False,100.0,lowT,NC(=O)C(Br)(Br)Br,C1CN2CCN1CC2
RITBUT,RITBUT,at 100 K,[NH3+]c1cc(OC)cc(OC)c1.Cc1ccc(cc1)S(=O)(=O)[O-],P21/n,False,100.0,lowT,[NH3+]c1cc(OC)cc(OC)c1,Cc1ccc(cc1)S(=O)(=O)[O-]
SIDJEW,SIDJEW,at 100 K,NC(N)=O.C1COCCO1,P2/c,False,100.0,lowT,NC(N)=O,C1COCCO1
UHADEN,UHADEN,at 120 K,OC(=O)CCC(O)=O.O=C1NCCN1,P-1,False,120.0,lowT,OC(=O)CCC(O)=O,O=C1NCCN1
MAKWAA,MAKWAA,100 K,C1CN2CCN1CC2.CC(C)c1cc(Br)ccc1O,C2/c,False,100.0,lowT,C1CN2CCN1CC2,CC(C)c1cc(Br)ccc1O
POVZOQ,POVZOQ,at 100 K,OC1=C(Cl)C(=O)C(=O)C(=C1[O-])Cl.NC(=O)c1cc[nH+]cc1,Cc,False,100.0,lowT,OC1=C(Cl)C(=O)C(=O)C(=C1[O-])Cl,NC(=O)c1cc[nH+]cc1
ZATGAG01,ZATGAG01,100 K,CN1C=CC(=O)C(=C1C)O.Oc1ccccc1O,P21/c,False,100.0,lowT,CN1C=CC(=O)C(=C1C)O,Oc1ccccc1O
NUGRAJ,NUGRAJ,at 120 K,N#Cc1cc(C#N)c(cc1C#N)C#N.Oc1ccc2cc(Br)ccc2c1c1c(O)ccc2cc(Br)ccc12,C2,False,120.0,lowT,N#Cc1cc(C#N)c(cc1C#N)C#N,Oc1ccc2cc(Br)ccc2c1c1c(O)ccc2cc(Br)ccc12
UDEPIG,UDEPIG,100.2 K,CCCC(=O)[O-].[NH3+]Cc1ccc(cc1)S(N)(=O)=O,P-1,False,100.0,lowT,CCCC(=O)[O-],[NH3+]Cc1ccc(cc1)S(N)(=O)=O
PAQPEG,PAQPEG,123 K,Clc1ccc(cc1)S(=O)(=O)[O-].[NH2+]=C(O)c1ccccc1,P-1,False,123.0,lowT,Clc1ccc(cc1)S(=O)(=O)[O-],[NH2+]=C(O)c1ccccc1
GESQUU,GESQUU,120 K,NC1=N[N+]2(CCOCC2)CC1.Cc1ccc(cc1)S(=O)(=O)[O-],P-1,False,120.0,lowT,NC1=N[N+]2(CCOCC2)CC1,Cc1ccc(cc1)S(=O)(=O)[O-]
PUWFIX,PUWFIX,at 100 K,CN(C)C(C)=O.Oc1ccc(O)cc1,C2/c,False,100.0,lowT,CN(C)C(C)=O,Oc1ccc(O)cc1
XUVTUE,XUVTUE,at 120 K,CC1=NN2C=C(C)N=C2S1.CCc1ccc(cc1)C(O)=O,P21/c,False,120.0,lowT,CC1=NN2C=C(C)N=C2S1,CCc1ccc(cc1)C(O)=O
GIBSUJ,GIBSUJ,100 K,FC(F)(F)C(=O)[O-].CCOC(=O)c1ccc(cc1)[N+]1=NOC(=C1)N,Cc,False,100.0,lowT,FC(F)(F)C(=O)[O-],CCOC(=O)c1ccc(cc1)[N+]1=NOC(=C1)N
GIFDUX,GIFDUX,100 K,NC(N)=O.Cc1cnccn1,P21/c,False,100.0,lowT,NC(N)=O,Cc1cnccn1
KUQVOI,KUQVOI,at 100 K,NC(=O)C(=O)[O-].[NH3+]CCNC(=O)C(N)=O,P-1,False,100.0,lowT,NC(=O)C(=O)[O-],[NH3+]CCNC(=O)C(N)=O
MULPUH,MULPUH,120 K,COc1cc[n+](O)cc1.O=C1[N-]S(=O)(=O)c2ccccc12,P21/c,False,120.0,lowT,COc1cc[n+](O)cc1,O=C1[N-]S(=O)(=O)c2ccccc12
COXYUK,COXYUK,at 123 K,O=C1NC(C(=O)[N-]1)(c1ccccc1)c1ccccc1.C[N+](C)(C)CCO,P21/c,False,123.0,lowT,O=C1NC(C(=O)[N-]1)(c1ccccc1)c1ccccc1,C[N+](C)(C)CCO
NUQYII,NUQYII,at 120 K,OC1(O)C(=O)NC(=O)NC1=O.C1COCCO1,P-1,False,120.0,lowT,OC1(O)C(=O)NC(=O)NC1=O,C1COCCO1
UZUFON,UZUFON,120 K,C1N2CN3CN1CN(C2)C3.BrN1C(=O)c2ccccc2C1=O,Pmn21,False,120.0,lowT,C1N2CN3CN1CN(C2)C3,BrN1C(=O)c2ccccc2C1=O
PUMFOV,PUMFOV,120 K,OC(=O)C=Cc1ccccc1O.NNC(=O)c1ccncc1,P21/n,False,120.0,lowT,OC(=O)C=Cc1ccccc1O,NNC(=O)c1ccncc1
AGIVAR,AGIVAR,100 K,COc1cc(cc(OC)c1OC)C=C1N=C(C)N(C)C1=O.Fc1c(F)c(F)c2c(F)c(F)c(F)c(F)c2c1F,P-1,False,100.0,lowT,COc1cc(cc(OC)c1OC)C=C1N=C(C)N(C)C1=O,Fc1c(F)c(F)c2c(F)c(F)c(F)c(F)c2c1F
MENQUV,MENQUV,100 K,Nc1ccc(Cl)cn1.Cc1ccccc1C(O)=O,P21/c,False,100.0,lowT,Nc1ccc(Cl)cn1,Cc1ccccc1C(O)=O
WOBQEM,WOBQEM,100 K,Oc1cc(cc(O)c1O)C(=O)[O-].[NH3+]C(CC1=C[NH+]=CN1)C(=O)[O-],P21,False,100.0,lowT,Oc1cc(cc(O)c1O)C(=O)[O-],[NH3+]C(CC1=C[NH+]=CN1)C(=O)[O-]
UMIQIR,UMIQIR,at 100 K,OC1=C(Cl)C(=O)C(=C(Cl)C1=O)O.Cc1cnc(C)cn1,P-1,False,100.0,lowT,OC1=C(Cl)C(=O)C(=C(Cl)C1=O)O,Cc1cnc(C)cn1
KENCIS,KENCIS,120 K,OB(O)O.O=C1CCCCCN1,P21/n,False,120.0,lowT,OB(O)O,O=C1CCCCCN1
BACQOO,BACQOO,99.3 K,O1C(=CN=C1c1ccccc1)c1ccccc1.OC1=C(Cl)C(=O)C(=C(Cl)C1=O)O,P21/c,False,99.0,lowT,O1C(=CN=C1c1ccccc1)c1ccccc1,OC1=C(Cl)C(=O)C(=C(Cl)C1=O)O
REJZUC,REJZUC,at 90 K,[NH3+]C(CC1=CNC=[NH+]1)C(=O)[O-].OC(CC(O)=O)C(=O)[O-],P212121,False,90.0,lowT,[NH3+]C(CC1=CNC=[NH+]1)C(=O)[O-],OC(CC(O)=O)C(=O)[O-]
BILKEO,BILKEO,at 120 K,[NH3+]CCSSCC[NH3+].OC(C(O)C(=O)[O-])C(=O)[O-],P212121,False,120.0,lowT,[NH3+]CCSSCC[NH3+],OC(C(O)C(=O)[O-])C(=O)[O-]
PEZKIQ01,PEZKIQ01,100 K,CC(=O)[O-].Nc1[nH+]nc(c(N)n1)c1cccc(Cl)c1Cl,P-1,False,100.0,lowT,CC(=O)[O-],Nc1[nH+]nc(c(N)n1)c1cccc(Cl)c1Cl
FANFOT,FANFOT,120 K,[NH3+]c1ccc(Cl)cc1.O=N(=O)c1cc(c([O-])c(c1)N(=O)=O)N(=O)=O,P21/c,False,120.0,lowT,[NH3+]c1ccc(Cl)cc1,O=N(=O)c1cc(c([O-])c(c1)N(=O)=O)N(=O)=O
SIDJIA,SIDJIA,at 100 K,NC(N)=O.C1COCCN1,Pbcm,False,100.0,lowT,NC(N)=O,C1COCCN1
UFIRAG,UFIRAG,102 K,OCC(CO)(CO)CNC(=O)[O-].[NH3+]CC(CO)(CO)CO,P21/c,False,102.0,lowT,OCC(CO)(CO)CNC(=O)[O-],[NH3+]CC(CO)(CO)CO
SAYQAM,SAYQAM,at 100 K,OC(=O)c1cccc(O)c1.O=C(NN=C1CCCCCC1)c1ccncc1,P21/n,False,100.0,lowT,OC(=O)c1cccc(O)c1,O=C(NN=C1CCCCCC1)c1ccncc1
LEZNAG,LEZNAG,at 122 K,OC(C(O)C(=O)[O-])C(O)=O.C[NH+](C)C1CCCC1COC(=O)N(C)C,P22121,False,122.0,lowT,OC(C(O)C(=O)[O-])C(O)=O,C[NH+](C)C1CCCC1COC(=O)N(C)C
PUMGAI,PUMGAI,120 K,NNC(=O)c1ccncc1.OC(=O)C=Cc1ccc(O)cc1O,P-1,False,120.0,lowT,NNC(=O)c1ccncc1,OC(=O)C=Cc1ccc(O)cc1O
OCIPOG,OCIPOG,at 100 K,OC(=O)C(O)=O.NC(=O)c1ccc(CN2C=CC=N2)cc1,P21/n,False,100.0,lowT,OC(=O)C(O)=O,NC(=O)c1ccc(CN2C=CC=N2)cc1
NEZCAY,NEZCAY,at 100 K,CN(C)C=C1c2ccccc2C(=C(C=[N+](C)C)S1(=O)=O)Cl.ClP(Cl)(=O)[O-],P21/c,False,100.0,lowT,CN(C)C=C1c2ccccc2C(=C(C=[N+](C)C)S1(=O)=O)Cl,ClP(Cl)(=O)[O-]
BEQWAV,BEQWAV,at 100.0 K,c1cc(ccn1)c1ccncc1.OC(=O)c1cc(O)cc(O)c1,P-1,False,100.0,lowT,c1cc(ccn1)c1ccncc1,OC(=O)c1cc(O)cc(O)c1
NOLCAV,NOLCAV,100.2 K,NS(=O)(=O)c1cc2c(NCNS2(=O)=O)cc1Cl.O=C1CCCCN1,P-1,False,100.0,lowT,NS(=O)(=O)c1cc2c(NCNS2(=O)=O)cc1Cl,O=C1CCCCN1
EBONUG,EBONUG,at 100 K,Nc1ccccc1C(O)=O.NC(=O)c1cnccn1,P-1,False,100.0,lowT,Nc1ccccc1C(O)=O,NC(=O)c1cnccn1
VAGVIJ,VAGVIJ,at 123 K,OC(=O)C=CC(=O)[O-].[NH3+]C(Cc1ccccc1)C(O)=O,P21/n,False,123.0,lowT,OC(=O)C=CC(=O)[O-],[NH3+]C(Cc1ccccc1)C(O)=O
OHIQUS,OHIQUS,at 100 K,N#Cc1cc(C#N)c(cc1C#N)C#N.COc1cc(OC)c(OC)c(OC)c1,P-1,False,100.0,lowT,N#Cc1cc(C#N)c(cc1C#N)C#N,COc1cc(OC)c(OC)c(OC)c1
BUBWIF,BUBWIF,at 108 K,Nc1ccc[nH+]c1Cl.OC1=C([O-])C(=O)C1=O,P-1,False,108.0,lowT,Nc1ccc[nH+]c1Cl,OC1=C([O-])C(=O)C1=O
JELVAA,JELVAA,123 K,c1ccc2cc3ccccc3cc2c1.OC(=O)c1cc(Br)c(C#N)c(Br)c1,P-1,False,123.0,lowT,c1ccc2cc3ccccc3cc2c1,OC(=O)c1cc(Br)c(C#N)c(Br)c1
QARGUO,QARGUO,120 K,OC(=O)CC(O)=O.CC(N)=O,P21/c,False,120.0,lowT,OC(=O)CC(O)=O,CC(N)=O
HUQWUN,HUQWUN,123 K,[NH2+]=C(O)N1c2ccccc2C=Cc2ccccc12.O=S(=O)([O-])c1ccccc1,P21/c,False,123.0,lowT,[NH2+]=C(O)N1c2ccccc2C=Cc2ccccc12,O=S(=O)([O-])c1ccccc1
XUVTOY,XUVTOY,at 120 K,OC(=O)c1ccccc1O.COc1ccc(cc1)C1=NN2C=C(C)N=C2S1,P21/n,False,120.0,lowT,OC(=O)c1ccccc1O,COc1ccc(cc1)C1=NN2C=C(C)N=C2S1
MOYLIW,MOYLIW,at 100 K,c1cc(ccn1)c1ccncc1.OB(O)c1cccc(c1)B(O)O,C2/c,False,100.0,lowT,c1cc(ccn1)c1ccncc1,OB(O)c1cccc(c1)B(O)O
FUSCIH01,FUSCIH01,100.0 K,Brc1c2ccccc2cc2ccccc12.C=CCN1C(=O)C2=C(SC3=C(S2)C(=O)N(CC=C)C3=O)C1=O,P-1,False,100.0,lowT,Brc1c2ccccc2cc2ccccc12,C=CCN1C(=O)C2=C(SC3=C(S2)C(=O)N(CC=C)C3=O)C1=O
SAVZUO,SAVZUO,100 K,OC(=O)c1cc(O)c(O)c(O)c1.c1cnccn1,P-1,False,100.0,lowT,OC(=O)c1cc(O)c(O)c(O)c1,c1cnccn1
HOGFEQ,HOGFEQ,at 100 K,OC(=O)c1ccccc1O.NC(=O)c1ccccn1,P21/c,False,100.0,lowT,OC(=O)c1ccccc1O,NC(=O)c1ccccn1
KOKHAV,KOKHAV,at 120 K,CS(=O)(=O)N1CCN(CC1)c1[nH+]cccn1.CS(=O)(=O)[O-],P21/c,False,120.0,lowT,CS(=O)(=O)N1CCN(CC1)c1[nH+]cccn1,CS(=O)(=O)[O-]
EDUYUZ,EDUYUZ,at 100 K,CCOC(=O)[O-].NC(=[NH2+])N1CCOCC1,P21/n,False,100.0,lowT,CCOC(=O)[O-],NC(=[NH2+])N1CCOCC1
PYMCBZ01,PYMCBZ01,at 90 K,[2H][N+]1([2H])CCCC1.Clc1ccc(cc1)C(=O)[O-],Pbca,False,90.0,lowT,[2H][N+]1([2H])CCCC1,Clc1ccc(cc1)C(=O)[O-]
TECCIQ,TECCIQ,93 K,CO[n+]1c(C)cccc1C.COS(=O)(=O)[O-],P21/n,False,93.0,lowT,CO[n+]1c(C)cccc1C,COS(=O)(=O)[O-]
KOMTUC,KOMTUC,at 90.0 K,[NH2+]1CCOCC1.O=N(=O)c1cc(c([O-])c(c1)N(=O)=O)N(=O)=O,P-1,False,90.0,lowT,[NH2+]1CCOCC1,O=N(=O)c1cc(c([O-])c(c1)N(=O)=O)N(=O)=O
PUNXOM,PUNXOM,at 103 K,[NH3+]C(C)c1ccc(Br)cc1.CCOP([O-])(=S)c1ccc(Cl)cc1,P43212,False,103.0,lowT,[NH3+]C(C)c1ccc(Br)cc1,CCOP([O-])(=S)c1ccc(Cl)cc1
IVULER,IVULER,at 120 K,C[NH+](C)C(C)C(O)c1ccccc1.Fc1cccc(c1)C(=O)[O-],P21,False,120.0,lowT,C[NH+](C)C(C)C(O)c1ccccc1,Fc1cccc(c1)C(=O)[O-]
HONTOU,HONTOU,at 100 K,OC(=O)c1cccc(O)c1.c1ccc(cc1)c1ccncc1,P21/n,False,100.0,lowT,OC(=O)c1cccc(O)c1,c1ccc(cc1)c1ccncc1
EXANUN,EXANUN,at 100 K,OC(=O)c1ccc2ccccc2c1O.Cc1cc(C)nc(NS(=O)(=O)c2ccc(N)cc2)n1,P-1,False,100.0,lowT,OC(=O)c1ccc2ccccc2c1O,Cc1cc(C)nc(NS(=O)(=O)c2ccc(N)cc2)n1
WUVKEE,WUVKEE,at 100 K,Nc1nnc(c(N)n1)c1cccc(Cl)c1Cl.COC(=O)c1ccc(O)cc1,P21/n,False,100.0,lowT,Nc1nnc(c(N)n1)c1cccc(Cl)c1Cl,COC(=O)c1ccc(O)cc1
UQEJAE,UQEJAE,100 K,OC(C(=O)[O-])c1ccccc1.[NH3+]NC(=O)c1ccncc1,P21/c,False,100.0,lowT,OC(C(=O)[O-])c1ccccc1,[NH3+]NC(=O)c1ccncc1
ROQYED,ROQYED,at 120 K,c1cc(ccn1)c1ccncc1.NC(=O)CCC(O)=O,P-1,False,120.0,lowT,c1cc(ccn1)c1ccncc1,NC(=O)CCC(O)=O
MUPPES02,MUPPES02,at 123 K,CC(=O)Nc1ccc(O)cc1.C1COCCO1,P21/c,False,123.0,lowT,CC(=O)Nc1ccc(O)cc1,C1COCCO1
EYOMAH,EYOMAH,at 93 K,C1CN2CCN1CC2.CCCC(O)(C(F)(F)F)C(F)(F)F,P21/n,False,93.0,lowT,C1CN2CCN1CC2,CCCC(O)(C(F)(F)F)C(F)(F)F
BURWAP,BURWAP,100 K,FC(F)(F)S(=O)(=O)[O-].C[N+](C)=CO,Pna21,False,100.0,lowT,FC(F)(F)S(=O)(=O)[O-],C[N+](C)=CO
FEYTOV,FEYTOV,100 K,Fc1c(F)c(F)c(F)c(F)c1F.O=C(Nc1cccc(c1)C#C)c1ccccc1,P21/c,False,100.0,lowT,Fc1c(F)c(F)c(F)c(F)c1F,O=C(Nc1cccc(c1)C#C)c1ccccc1
JOXFOU,JOXFOU,123 K,NC1=C(SC(=NN=C(C#N)C#N)N1c1ccccc1)C#N.C1COCCO1,P21/n,False,123.0,lowT,NC1=C(SC(=NN=C(C#N)C#N)N1c1ccccc1)C#N,C1COCCO1
ZOCRAM,ZOCRAM,at 98 K,c1cc(ccn1)c1ccncc1.Cc1cc(C)nc(NS(=O)(=O)c2ccc(N)cc2)n1,P-1,False,98.0,lowT,c1cc(ccn1)c1ccncc1,Cc1cc(C)nc(NS(=O)(=O)c2ccc(N)cc2)n1
MEDFOS,MEDFOS,at 120 K,OC(=O)C=CC(=O)[O-].[NH3+]CCc1ccc(O)cc1,P21/c,False,120.0,lowT,OC(=O)C=CC(=O)[O-],[NH3+]CCc1ccc(O)cc1
CIZYIU,CIZYIU,at 120 K,[NH3+]C(C(O)c1ccccc1)c1ccccc1.O=C([O-])C#Cc1ccccc1,P212121,False,120.0,lowT,[NH3+]C(C(O)c1ccccc1)c1ccccc1,O=C([O-])C#Cc1ccccc1
QURWOQ03,QURWOQ03,at 100 K,CCN(CC)C(=O)N1CC[NH+](C)CC1.OC(=O)CC(O)(CC(=O)[O-])C(O)=O,P-1,False,100.0,lowT,CCN(CC)C(=O)N1CC[NH+](C)CC1,OC(=O)CC(O)(CC(=O)[O-])C(O)=O
WUTFAV,WUTFAV,100 K,C1N2CN3CN1CN(C2)C3.CC(C)c1ccc(C)c(O)c1,P3,False,100.0,lowT,C1N2CN3CN1CN(C2)C3,CC(C)c1ccc(C)c(O)c1
UREXPO11,UREXPO11,at 81 K,NC(N)=O.OO,Pnca,False,81.0,lowT,NC(N)=O,OO
UHADIR,UHADIR,at 120 K,OC(=O)CCCCC(O)=O.O=C1NCCN1,P21/c,False,120.0,lowT,OC(=O)CCCCC(O)=O,O=C1NCCN1
NINXOZ,NINXOZ,at 98 K,c1cc(ccn1)c1ccncc1.Nc1ccccc1C(O)=O,P21/c,False,98.0,lowT,c1cc(ccn1)c1ccncc1,Nc1ccccc1C(O)=O
LUTXOP,LUTXOP,93 K,c1cc(ccn1)c1ccncc1.CCCOc1ccc(cc1)C(O)=O,P-1,False,93.0,lowT,c1cc(ccn1)c1ccncc1,CCCOc1ccc(cc1)C(O)=O
UMUXIJ,UMUXIJ,at 123 K,CC1=CC(=[NH+]c2cc(ccc2N1)C(O)=O)C.O=N(=O)c1cc(c([O-])c(c1)N(=O)=O)N(=O)=O,P-1,False,123.0,lowT,CC1=CC(=[NH+]c2cc(ccc2N1)C(O)=O)C,O=N(=O)c1cc(c([O-])c(c1)N(=O)=O)N(=O)=O
LOLSUA,LOLSUA,at 30 K,Oc1c(Cl)c(Cl)c(Cl)c(Cl)c1Cl.Cc1ccccn1,P-1,False,30.0,lowT,Oc1c(Cl)c(Cl)c(Cl)c(Cl)c1Cl,Cc1ccccn1
KUQYEB,KUQYEB,at 100 K,c1cc(ccn1)c1ccncc1.OB(O)c1ccc(cc1)B(O)O,P-1,False,100.0,lowT,c1cc(ccn1)c1ccncc1,OB(O)c1ccc(cc1)B(O)O
YIJVIX,YIJVIX,at 113 K,ON=Cc1cc2ccccc2c(c1O)c1c(O)ccc2ccccc12.C1CCOC1,P-1,False,113.0,lowT,ON=Cc1cc2ccccc2c(c1O)c1c(O)ccc2ccccc12,C1CCOC1
FACXUD,FACXUD,at 123 K,[NH3+]C(C(C)C)C(O)=O.ClC(Cl)(Cl)C(=O)[O-],P-1,False,123.0,lowT,[NH3+]C(C(C)C)C(O)=O,ClC(Cl)(Cl)C(=O)[O-]
IVUQOG,IVUQOG,at 123 K,Clc1cccc(c1)C(=O)[O-].C[NH+](C)C(C)C(O)c1ccccc1,P212121,False,123.0,lowT,Clc1cccc(c1)C(=O)[O-],C[NH+](C)C(C)C(O)c1ccccc1
VIGDAR01,VIGDAR01,100 K,Cc1ccc(cc1)C1=CC(=NN1c1ccc(cc1)S(N)(=O)=O)C(F)(F)F.NC(=O)c1cccnc1,P21/n,False,100.0,lowT,Cc1ccc(cc1)C1=CC(=NN1c1ccc(cc1)S(N)(=O)=O)C(F)(F)F,NC(=O)c1cccnc1
LEPDAP,LEPDAP,120 K,CCCCC(O)=O.c1cc(ccn1)N=Nc1ccncc1,P-1,False,120.0,lowT,CCCCC(O)=O,c1cc(ccn1)N=Nc1ccncc1
MIYBAX,MIYBAX,at 123 K,OC(=O)C=CC(=O)[O-].C[NH2+]CC(O)=O,C2/c,False,123.0,lowT,OC(=O)C=CC(=O)[O-],C[NH2+]CC(O)=O
GUDTAC,GUDTAC,at 100 K,OC(=O)CC(O)=O.c1cnccn1,P-1,False,100.0,lowT,OC(=O)CC(O)=O,c1cnccn1
XOBVOC,XOBVOC,100 K,OC(CC(c1ccccc1Br)S(=O)(=O)[O-])c1ccccc1.CC[N+](CC)(CC)Cc1ccccc1Br,P212121,False,100.0,lowT,OC(CC(c1ccccc1Br)S(=O)(=O)[O-])c1ccccc1,CC[N+](CC)(CC)Cc1ccccc1Br
WOTDOB,WOTDOB,110 K,C[n+]1cccc2C=C3N(c4ccccc4C3=O)c12.FC(F)(F)S(=O)(=O)[O-],P-1,False,110.0,lowT,C[n+]1cccc2C=C3N(c4ccccc4C3=O)c12,FC(F)(F)S(=O)(=O)[O-]
TAVZOI,TAVZOI,100 K,NC(=O)c1ccncc1.COc1ccc(cc1)C(O)=O,I2/a,False,100.0,lowT,NC(=O)c1ccncc1,COc1ccc(cc1)C(O)=O
RERCIE,RERCIE,100 K,Oc1ccccc1C(=O)[O-].NC(N)=[NH+]C1=NC(=CS1)CSCCC(N)=NS(N)(=O)=O,P212121,False,100.0,lowT,Oc1ccccc1C(=O)[O-],NC(N)=[NH+]C1=NC(=CS1)CSCCC(N)=NS(N)(=O)=O
KIHYUW,KIHYUW,at 100 K,Oc1ccc(cc1)c1ccc(O)cc1.N#Cc1cccnc1,P21/c,False,100.0,lowT,Oc1ccc(cc1)c1ccc(O)cc1,N#Cc1cccnc1
XULMAS,XULMAS,at 110 K,CS(C)=O.CC(=NO)C(C)=NN=C(C)C(C)=NN=C(C)C(C)=NO,P-1,False,110.0,lowT,CS(C)=O,CC(=NO)C(C)=NN=C(C)C(C)=NN=C(C)C(C)=NO
UMIWET,UMIWET,at 103 K,Nc1cccc(N)n1.CN1B(NC(=O)NC1=O)c1c(C)cc(C)cc1C,P-1,False,103.0,lowT,Nc1cccc(N)n1,CN1B(NC(=O)NC1=O)c1c(C)cc(C)cc1C
CIMVED,CIMVED,93 K,CCOc1ccccc1C(N)=O.OC(=O)CC(O)=O,P21/c,False,93.0,lowT,CCOc1ccccc1C(N)=O,OC(=O)CC(O)=O
FOMFET,FOMFET,at 120 K,OC(=O)c1cc(ccc1C(=O)[O-])N(=O)=O.[NH3+]c1ccc(Cl)cc1,C2/c,False,120.0,lowT,OC(=O)c1cc(ccc1C(=O)[O-])N(=O)=O,[NH3+]c1ccc(Cl)cc1
ODIHOZ,ODIHOZ,at 100 K,CC1=CC(=O)[N-]S(=O)(=O)O1.C[N+](C)(C)CCO,P21/n,False,100.0,lowT,CC1=CC(=O)[N-]S(=O)(=O)O1,C[N+](C)(C)CCO
MULPAN,MULPAN,123 K,O[n+]1ccc(cc1)c1ccccc1.O=C1[N-]S(=O)(=O)c2ccccc12,P-1,False,123.0,lowT,O[n+]1ccc(cc1)c1ccccc1,O=C1[N-]S(=O)(=O)c2ccccc12
KOYWAW,KOYWAW,at 105 K,O=N(=O)c1cc(c([O-])c(c1)N(=O)=O)N(=O)=O.C[N+](C)(C)CCO,P21/n,False,105.0,lowT,O=N(=O)c1cc(c([O-])c(c1)N(=O)=O)N(=O)=O,C[N+](C)(C)CCO
XUJNOH,XUJNOH,93 K,[NH3+]C(CO)C(O)C(O)CO.OC(=O)C(=O)[O-],P212121,False,93.0,lowT,[NH3+]C(CO)C(O)C(O)CO,OC(=O)C(=O)[O-]
DIDZEX,DIDZEX,at 98 K,Nc1ccccc1C(O)=O.O=C(NCc1ccccn1)C(=O)NCc1ccccn1,P-1,False,98.0,lowT,Nc1ccccc1C(O)=O,O=C(NCc1ccccn1)C(=O)NCc1ccccn1
FEYZEQ,FEYZEQ,at 120 K,Cc1ccccc1C.COc1ccc(NS(=O)(=O)c2ccc3ccccc3c2)cc1,P21/c,False,120.0,lowT,Cc1ccccc1C,COc1ccc(NS(=O)(=O)c2ccc3ccccc3c2)cc1
TOMXIE,TOMXIE,at 110 K,OC(=O)COc1ccc2ccccc2c1.O=C1C(=O)c2cccnc2c2ncccc12,Cc,False,110.0,lowT,OC(=O)COc1ccc2ccccc2c1,O=C1C(=O)c2cccnc2c2ncccc12
KEKHAK,KEKHAK,at 120 K,O=C([O-])CN1C(=O)c2ccccc2C1=O.Oc1cccc2ccc[nH+]c12,P-1,False,120.0,lowT,O=C([O-])CN1C(=O)c2ccccc2C1=O,Oc1cccc2ccc[nH+]c12
PEFGEO,PEFGEO,at 110 K,OC(=O)c1cc(O)c(O)c(O)c1.CC(N)=O,P21/c,False,110.0,lowT,OC(=O)c1cc(O)c(O)c(O)c1,CC(N)=O
GUMVIU,GUMVIU,at 115 K,O=C([O-])c1ccc2ccccc2c1.[NH3+]C1C(O)Cc2ccccc12,P212121,False,115.0,lowT,O=C([O-])c1ccc2ccccc2c1,[NH3+]C1C(O)Cc2ccccc12
ANILER01,ANILER01,110.9 K,Nc1ccc(cc1)S(=O)(=O)Nc1ncccn1.C1COCCO1,P-1,False,110.0,lowT,Nc1ccc(cc1)S(=O)(=O)Nc1ncccn1,C1COCCO1
VUHFIO,VUHFIO,at 110 K,O=C1NS(=O)(=O)c2ccccc12.CCOc1ccccc1C(N)=O,P-1,False,110.0,lowT,O=C1NS(=O)(=O)c2ccccc12,CCOc1ccccc1C(N)=O
TUFNUF,TUFNUF,100 K,OC(=O)c1cc(O)ccc1O.CN1C(=C(O)c2ccccc2S1(=O)=O)C(=O)Nc1ccccn1,P21/c,False,100.0,lowT,OC(=O)c1cc(O)ccc1O,CN1C(=C(O)c2ccccc2S1(=O)=O)C(=O)Nc1ccccn1
KUZJIZ,KUZJIZ,at 100 K,Nc1[nH+]cc(Cl)cc1.OC(=O)c1ccccc1C(=O)[O-],P-1,False,100.0,lowT,Nc1[nH+]cc(Cl)cc1,OC(=O)c1ccccc1C(=O)[O-]
XAQRAJ,XAQRAJ,at 100 K,Nc1ccc(cc1)C(O)=O.NC(=O)N1c2ccccc2C=Cc2ccccc12,C2/c,False,100.0,lowT,Nc1ccc(cc1)C(O)=O,NC(=O)N1c2ccccc2C=Cc2ccccc12
MECHAF,MECHAF,at 110 K,OC(=O)Cc1ccccc1.NC(=O)c1ccccc1,P-1,False,110.0,lowT,OC(=O)Cc1ccccc1,NC(=O)c1ccccc1
WEDLUO,WEDLUO,at 120 K,OC(=O)c1c(F)c(F)c(F)c(F)c1F.Nc1ncc(Br)nc1Br,P21/n,False,120.0,lowT,OC(=O)c1c(F)c(F)c(F)c(F)c1F,Nc1ncc(Br)nc1Br
TOJQUF,TOJQUF,at 100 K,FC(F)(F)S(=O)(=O)[N-]S(=O)(=O)C(F)(F)F.CN1C=C[N+](=C1)CC(O)=O,P-1,False,100.0,lowT,FC(F)(F)S(=O)(=O)[N-]S(=O)(=O)C(F)(F)F,CN1C=C[N+](=C1)CC(O)=O
YETFOV,YETFOV,100 K,CC(C)(C)N1[P+]N(c2ccccc12)C(C)(C)C.FC(F)(F)S(=O)(=O)[O-],Pc,False,100.0,lowT,CC(C)(C)N1[P+]N(c2ccccc12)C(C)(C)C,FC(F)(F)S(=O)(=O)[O-]
KAYGOI,KAYGOI,at 120 K,O=C(Nc1ccccn1)c1ccncc1.OC(=O)CCCCCCCC(O)=O,P-1,False,120.0,lowT,O=C(Nc1ccccn1)c1ccncc1,OC(=O)CCCCCCCC(O)=O
GARQIC,GARQIC,100 K,CC(=O)[O-].CC1(C)CC(O)CC2CCC[NH+]12,P212121,False,100.0,lowT,CC(=O)[O-],CC1(C)CC(O)CC2CCC[NH+]12
VUKPAU,VUKPAU,100 K,Cc1[nH+]cc(CO)c(CO)c1O.O=C([O-])c1ccc(cc1)N(=O)=O,P-1,False,100.0,lowT,Cc1[nH+]cc(CO)c(CO)c1O,O=C([O-])c1ccc(cc1)N(=O)=O
WUSMUU,WUSMUU,100 K,CN(C)C=O.CSC1=C(C#N)C(=O)N(NS(=O)(=O)c2ccc(Br)cc2)C(=N1)N,P-1,False,100.0,lowT,CN(C)C=O,CSC1=C(C#N)C(=O)N(NS(=O)(=O)c2ccc(Br)cc2)C(=N1)N
FOXPOY,FOXPOY,at 85 K,OC(C(=O)[O-])c1ccccc1.[NH3+]CC1(CCCCC1)CC(O)=O,P-1,False,85.0,lowT,OC(C(=O)[O-])c1ccccc1,[NH3+]CC1(CCCCC1)CC(O)=O
ULAWAF02,ULAWAF02,at 100 K,NC(=O)c1ccncc1.OC(=O)C(O)=O,P-1,False,100.0,lowT,NC(=O)c1ccncc1,OC(=O)C(O)=O
RUYZAO,RUYZAO,100 K,Cc1ccnc(NS(=O)(=O)c2ccc(N)cc2)n1.CC1=CC(=O)c2ccccc2C1=O,P-1,False,100.0,lowT,Cc1ccnc(NS(=O)(=O)c2ccc(N)cc2)n1,CC1=CC(=O)c2ccccc2C1=O
MAVYUF,MAVYUF,at 123 K,[NH3+]C(C)c1ccc(Cl)cc1.O=C([O-])C1COC2OC(=O)CC12,P212121,False,123.0,lowT,[NH3+]C(C)c1ccc(Cl)cc1,O=C([O-])C1COC2OC(=O)CC12
FALTET,FALTET,at 110 K,Cc1ccnc(NS(=O)(=O)c2ccc(N)cc2)n1.Cc1cccnc1,P-1,False,110.0,lowT,Cc1ccnc(NS(=O)(=O)c2ccc(N)cc2)n1,Cc1cccnc1
XICROS,XICROS,at 100 K,Nc1ccc(c(O)c1)C(=O)[O-].NC1=[NH+]C(=O)NC=C1,P21/c,False,100.0,lowT,Nc1ccc(c(O)c1)C(=O)[O-],NC1=[NH+]C(=O)NC=C1
TRYPTB,TRYPTB,at 121 K,OC(=O)C(=O)[O-].[NH3+]C(CC1=CNc2ccccc12)C(O)=O,P212121,False,121.0,lowT,OC(=O)C(=O)[O-],[NH3+]C(CC1=CNc2ccccc12)C(O)=O
VIPXOJ,VIPXOJ,at 98 K,C1CN2CCN1CC2.Cc1cc(C)nc(NS(=O)(=O)c2ccc(N)cc2)n1,Pbcn,False,98.0,lowT,C1CN2CCN1CC2,Cc1cc(C)nc(NS(=O)(=O)c2ccc(N)cc2)n1
YIRLOB,YIRLOB,at 120 K,COc1cc(OC)nc(N)n1.Nc1ccccc1C(O)=O,P-1,False,120.0,lowT,COc1cc(OC)nc(N)n1,Nc1ccccc1C(O)=O
PIGHAP,PIGHAP,at 93 K,CN(C)c1cc[n+](CCF)cc1.Cc1ccc(cc1)S(=O)(=O)[O-],P-1,False,93.0,lowT,CN(C)c1cc[n+](CCF)cc1,Cc1ccc(cc1)S(=O)(=O)[O-]
CEWQEE,CEWQEE,100 K,[NH3+]CC(CC(C)C)CC(O)=O.OC(C(=O)[O-])c1ccccc1,P21,False,100.0,lowT,[NH3+]CC(CC(C)C)CC(O)=O,OC(C(=O)[O-])c1ccccc1
KECTAQ,KECTAQ,120 K,OC(=O)CCC(O)=O.O=C(NN=Cc1ccncc1)c1cccnc1,Pbca,False,120.0,lowT,OC(=O)CCC(O)=O,O=C(NN=Cc1ccncc1)c1cccnc1
KIPHOJ,KIPHOJ,100 K,c1cc(ccn1)c1ccncc1.Cc1cc(O)c2C(=O)c3c(O)cc(O)cc3C(=O)c2c1,P-1,False,100.0,lowT,c1cc(ccn1)c1ccncc1,Cc1cc(O)c2C(=O)c3c(O)cc(O)cc3C(=O)c2c1
UHUFOU,UHUFOU,at 110.2 K,Nc1nc(N)nc(n1)c1ccccc1.OC(=O)CCSc1ccccc1,Cc,False,110.0,lowT,Nc1nc(N)nc(n1)c1ccccc1,OC(=O)CCSc1ccccc1
XAQREN,XAQREN,at 100 K,Nc1ccc(cc1)C(O)=O.NC(=O)N1c2ccccc2C=Cc2ccccc12,P21/n,False,100.0,lowT,Nc1ccc(cc1)C(O)=O,NC(=O)N1c2ccccc2C=Cc2ccccc12
ISIJAW,ISIJAW,at 120 K,NC(=O)c1ccncc1.OC(=O)CCCCCCCC(O)=O,P2/c,False,120.0,lowT,NC(=O)c1ccncc1,OC(=O)CCCCCCCC(O)=O
EZIFEZ,EZIFEZ,at 100 K,OC(=O)c1cc(O)cc(O)c1.CC1=NN=C2CN=C(c3ccccc3)c3cc(Cl)ccc3N12,P-1,False,100.0,lowT,OC(=O)c1cc(O)cc(O)c1,CC1=NN=C2CN=C(c3ccccc3)c3cc(Cl)ccc3N12
LOFJOH,LOFJOH,at 100 K,[NH3+]C(C(O)c1ccccc1)c1ccccc1.ClC1=C(Sc2ccccc12)C(=O)[O-],P21,False,100.0,lowT,[NH3+]C(C(O)c1ccccc1)c1ccccc1,ClC1=C(Sc2ccccc12)C(=O)[O-]
GOGFOA,GOGFOA,100 K,OC(=O)Cc1ccccc1Nc1c(Cl)cccc1Cl.C(Cc1ccncc1)c1ccncc1,Pbcn,False,100.0,lowT,OC(=O)Cc1ccccc1Nc1c(Cl)cccc1Cl,C(Cc1ccncc1)c1ccncc1
MEDCOP,MEDCOP,at 123 K,Oc1cccc(c1)C(=O)[O-].[NH3+]CCc1ccc(O)cc1,P-1,False,123.0,lowT,Oc1cccc(c1)C(=O)[O-],[NH3+]CCc1ccc(O)cc1
HURMUC,HURMUC,at 100 K,Clc1cccc(c1)C(=O)[O-].COc1cc(Cc2c[nH+]c(N)nc2N)cc(OC)c1OC,P-1,False,100.0,lowT,Clc1cccc(c1)C(=O)[O-],COc1cc(Cc2c[nH+]c(N)nc2N)cc(OC)c1OC
HOGGUH,HOGGUH,at 100 K,OC(=O)CC(O)=O.NC(=O)c1ccccn1,P-1,False,100.0,lowT,OC(=O)CC(O)=O,NC(=O)c1ccccn1
UNEZOC,UNEZOC,at 100 K,OC=O.NC(=O)N1c2ccccc2C=Cc2ccccc12,P21/c,False,100.0,lowT,OC=O,NC(=O)N1c2ccccc2C=Cc2ccccc12
NAQPIH,NAQPIH,100 K,NC1=Nc2ccc(OC(F)(F)F)cc2S1.OC(=O)CCCCCCCC(O)=O,P-1,False,100.0,lowT,NC1=Nc2ccc(OC(F)(F)F)cc2S1,OC(=O)CCCCCCCC(O)=O
AMAYOF,AMAYOF,100 K,FC(F)(F)S(=O)(=O)[O-].O=C(c1ccccc1)C([N+]#N)=S1c2ccccc2c2ccccc12,P-1,False,100.0,lowT,FC(F)(F)S(=O)(=O)[O-],O=C(c1ccccc1)C([N+]#N)=S1c2ccccc2c2ccccc12
AJAGUN,AJAGUN,at 90 K,OC(=O)c1cc(O)ccc1O.O=C1CNC(=O)CN1,Pna21,False,90.0,lowT,OC(=O)c1cc(O)ccc1O,O=C1CNC(=O)CN1
YUCPIW,YUCPIW,at 100 K,Oc1ccc(O)cc1.C1N2CN3CN1CN(C2)c1ccccc31,P21/n,False,100.0,lowT,Oc1ccc(O)cc1,C1N2CN3CN1CN(C2)c1ccccc31
VAVKIP,VAVKIP,123 K,Oc1cccc(c1)C(=O)[O-].C[NH+](C)C(C)C(O)c1ccccc1,P21/c,False,123.0,lowT,Oc1cccc(c1)C(=O)[O-],C[NH+](C)C(C)C(O)c1ccccc1
CUKKUR,CUKKUR,100 K,C1N2CN3CN1CN(C2)C3.COc1cc(cc(OC)c1O)C(O)=O,P21/n,False,100.0,lowT,C1N2CN3CN1CN(C2)C3,COc1cc(cc(OC)c1O)C(O)=O
AGIJAF,AGIJAF,100 K,COc1cc(cc(OC)c1OC)C=C1N=C(C)N(C)C1=O.Fc1c(F)c(Br)c(F)c(F)c1Br,P-1,False,100.0,lowT,COc1cc(cc(OC)c1OC)C=C1N=C(C)N(C)C1=O,Fc1c(F)c(Br)c(F)c(F)c1Br
UGOHUV,UGOHUV,100 K,OC(=O)c1cc(O)cc(O)c1.O=C1CCCC(=O)N1,P-1,False,100.0,lowT,OC(=O)c1cc(O)cc(O)c1,O=C1CCCC(=O)N1
NEQNOP,NEQNOP,120 K,CC1=CN=C(NC(=O)c2ccccc2)S1.OC(=O)CCCCCCCCC(O)=O,P-1,False,120.0,lowT,CC1=CN=C(NC(=O)c2ccccc2)S1,OC(=O)CCCCCCCCC(O)=O
LIBTUN,LIBTUN,at 120 K,CCC(=O)[O-].Nc1[nH+]nc(c(N)n1)c1cccc(Cl)c1Cl,I41/a,False,120.0,lowT,CCC(=O)[O-],Nc1[nH+]nc(c(N)n1)c1cccc(Cl)c1Cl
SIHMAA,SIHMAA,100 K,Cc1nc(C)c(Cl)c(N)n1.CC1=CC=C(S1)C(O)=O,P21/c,False,100.0,lowT,Cc1nc(C)c(Cl)c(N)n1,CC1=CC=C(S1)C(O)=O
MUYSIJ,MUYSIJ,at 90 K,CN(C)C=O.OC(=O)c1cccnc1Nc1cccc(F)c1F,Pcab,False,90.0,lowT,CN(C)C=O,OC(=O)c1cccnc1Nc1cccc(F)c1F
TAPMEC,TAPMEC,at 105 K,CC1OC(CC1=O)C[N+](C)(C)C.O=N(=O)c1cc(c([O-])c(c1)N(=O)=O)N(=O)=O,P-1,False,105.0,lowT,CC1OC(CC1=O)C[N+](C)(C)C,O=N(=O)c1cc(c([O-])c(c1)N(=O)=O)N(=O)=O
MUPNER,MUPNER,at 100 K,NC(=O)c1ccncc1.COc1cc(C=CC(O)=O)ccc1O,P21/n,False,100.0,lowT,NC(=O)c1ccncc1,COc1cc(C=CC(O)=O)ccc1O
AWOQUY,AWOQUY,at 103 K,[NH3+]C1(CCc2cc(Br)ccc2C1)C(=O)OC.OC(C(=O)[O-])c1ccccc1,P212121,False,103.0,lowT,[NH3+]C1(CCc2cc(Br)ccc2C1)C(=O)OC,OC(C(=O)[O-])c1ccccc1
DIDZAT,DIDZAT,at 98 K,O=C(NCc1cccnc1)C(=O)NCc1cccnc1.Nc1ccccc1C(O)=O,P21/c,False,98.0,lowT,O=C(NCc1cccnc1)C(=O)NCc1cccnc1,Nc1ccccc1C(O)=O
XUVQOV,XUVQOV,at 120 K,OC(=O)c1ccccc1O.CC1=NN2C=C(C)N=C2S1,P-1,False,120.0,lowT,OC(=O)c1ccccc1O,CC1=NN2C=C(C)N=C2S1
XAQQOW,XAQQOW,at 100 K,OC(=O)c1cc(O)ccc1O.NC(=O)c1cnccn1,P21/n,False,100.0,lowT,OC(=O)c1cc(O)ccc1O,NC(=O)c1cnccn1
FALSUI,FALSUI,at 110 K,Cc1ccnc(NS(=O)(=O)c2ccc(N)cc2)n1.CN(C)C(C)=O,P-1,False,110.0,lowT,Cc1ccnc(NS(=O)(=O)c2ccc(N)cc2)n1,CN(C)C(C)=O
ADAFOD01,ADAFOD01,100.0 K,FC(F)(F)S(=O)(=O)[O-].CN(C)c1cc[n+](cc1)S(=O)(=O)C(F)(F)F,P21/n,False,100.0,lowT,FC(F)(F)S(=O)(=O)[O-],CN(C)c1cc[n+](cc1)S(=O)(=O)C(F)(F)F
EZASEG,EZASEG,113.2 K,COc1[nH+]c(N)nc(OC)c1.Oc1cccc(C(=O)[O-])c1O,P-1,False,113.0,lowT,COc1[nH+]c(N)nc(OC)c1,Oc1cccc(C(=O)[O-])c1O
JOKYEQ,JOKYEQ,123 K,C1CCOC1.Nc1ccc(cc1)S(=O)(=O)Nc1ccc(Cl)nn1,Pc,False,123.0,lowT,C1CCOC1,Nc1ccc(cc1)S(=O)(=O)Nc1ccc(Cl)nn1
OHAGIO,OHAGIO,at 103 K,C1COCCO1.COC(=O)NC(=S)Nc1ccccc1NC(=S)NC(=O)OC,C2/c,False,103.0,lowT,C1COCCO1,COC(=O)NC(=S)Nc1ccccc1NC(=S)NC(=O)OC
EYEHAT,EYEHAT,93 K,c1cc(ccn1)C=Cc1ccncc1.CCCCOc1ccc(cc1)C(O)=O,P-1,False,93.0,lowT,c1cc(ccn1)C=Cc1ccncc1,CCCCOc1ccc(cc1)C(O)=O
NETTOZ,NETTOZ,100 K,Oc1ccccc1C(=O)[O-].OCC[NH+](CCO)C(CO)(CO)CO,P-1,False,100.0,lowT,Oc1ccccc1C(=O)[O-],OCC[NH+](CCO)C(CO)(CO)CO
GUDVIM,GUDVIM,at 100 K,OC(=O)CCCCCC(O)=O.c1cnccn1,P-1,False,100.0,lowT,OC(=O)CCCCCC(O)=O,c1cnccn1
HECROZ,HECROZ,100 K,C1N2CN3CN1CN(C2)C3.OC(=O)c1ccccc1,Pn,False,100.0,lowT,C1N2CN3CN1CN(C2)C3,OC(=O)c1ccccc1
KIBQOC,KIBQOC,at 100 K,Nc1c(F)c(F)c(F)c(F)c1F.Oc1c(F)c(F)c(F)c(F)c1F,Cc,False,100.0,lowT,Nc1c(F)c(F)c(F)c(F)c1F,Oc1c(F)c(F)c(F)c(F)c1F
WODDEZ,WODDEZ,at 120 K,O=C([O-])c1cccc2c1Cc1ccccc21.[NH3+]C(C(O)c1ccccc1)c1ccccc1,C2,False,120.0,lowT,O=C([O-])c1cccc2c1Cc1ccccc21,[NH3+]C(C(O)c1ccccc1)c1ccccc1
MEWNUA,MEWNUA,100 K,CC(C)OC(=S)Nc1ccccc1.c1cc(ccn1)c1ccncc1,P-1,False,100.0,lowT,CC(C)OC(=S)Nc1ccccc1,c1cc(ccn1)c1ccncc1
NUZSOS,NUZSOS,100 K,OC(=O)C=Cc1ccccc1.c1cc(ccn1)c1ccncc1,P21/n,False,100.0,lowT,OC(=O)C=Cc1ccccc1,c1cc(ccn1)c1ccncc1
BIZTOV,BIZTOV,at 100 K,NC(=O)c1cc[nH+]cc1.Oc1cc(O)c(c(O)c1)C(=O)[O-],Pna21,False,100.0,lowT,NC(=O)c1cc[nH+]cc1,Oc1cc(O)c(c(O)c1)C(=O)[O-]
WEGMOM,WEGMOM,at 100 K,FC(F)(F)S(=O)(=O)[O-].NC(=O)C[n+]1ccc(cc1)C(N)=O,P21/n,False,100.0,lowT,FC(F)(F)S(=O)(=O)[O-],NC(=O)C[n+]1ccc(cc1)C(N)=O
CUYKUF,CUYKUF,100 K,NC(=O)c1ccncc1.OCC(O)=O,P-1,False,100.0,lowT,NC(=O)c1ccncc1,OCC(O)=O
LADDIF,LADDIF,at 100 K,OC(=O)CCC(O)=O.CC(=O)Nc1ccc(Br)cn1,P-1,False,100.0,lowT,OC(=O)CCC(O)=O,CC(=O)Nc1ccc(Br)cn1
URUDER,URUDER,at 100 K,NNC(=O)c1ccncc1.Nc1ccc(C(O)=O)c(O)c1,Pna21,False,100.0,lowT,NNC(=O)c1ccncc1,Nc1ccc(C(O)=O)c(O)c1
SIMKUV,SIMKUV,at 100 K,Cc1ccc(cc1)S(=O)(=O)[O-].COc1ccc(C[n+]2ccccc2)cc1,P21/n,False,100.0,lowT,Cc1ccc(cc1)S(=O)(=O)[O-],COc1ccc(C[n+]2ccccc2)cc1
OHAGUA,OHAGUA,at 103 K,Clc1ccccc1Cl.COC(=O)NC(=S)Nc1ccccc1NC(=S)NC(=O)OC,P-1,False,103.0,lowT,Clc1ccccc1Cl,COC(=O)NC(=S)Nc1ccccc1NC(=S)NC(=O)OC
VUWQEL,VUWQEL,100 K,Clc1cccc(NC(=O)Nc2cccc(Cl)c2)c1.O=P(c1ccccc1)(c1ccccc1)c1ccccc1,P-1,False,100.0,lowT,Clc1cccc(NC(=O)Nc2cccc(Cl)c2)c1,O=P(c1ccccc1)(c1ccccc1)c1ccccc1
GUXSUQ,GUXSUQ,100 K,CC(=O)NC1=NN=C(S1)S(N)(=O)=O.Nc1ccccn1,P-1,False,100.0,lowT,CC(=O)NC1=NN=C(S1)S(N)(=O)=O,Nc1ccccn1
RULYAA,RULYAA,120 K,[NH2+]1CCOCC1.COc1ccc(cc1)P(=S)([S-])N1CCOCC1,C2/c,False,120.0,lowT,[NH2+]1CCOCC1,COc1ccc(cc1)P(=S)([S-])N1CCOCC1
FERLOH,FERLOH,113.15 K,OC(=O)C=Cc1ccccc1.CC1=NN=C(c2ccccc2)C(=O)N1N,P21/c,False,113.0,lowT,OC(=O)C=Cc1ccccc1,CC1=NN=C(c2ccccc2)C(=O)N1N
VABVOL,VABVOL,at 98 K,c1cc(ccn1)C=NN=Cc1ccncc1.OC(=O)c1ccccc1,P21/n,False,98.0,lowT,c1cc(ccn1)C=NN=Cc1ccncc1,OC(=O)c1ccccc1
ETEFAN,ETEFAN,100 K,Cc1cccc(Nc2ccccc2C(O)=O)c1C.c1ccc2nc3ccccc3cc2c1,P-1,False,100.0,lowT,Cc1cccc(Nc2ccccc2C(O)=O)c1C,c1ccc2nc3ccccc3cc2c1
WELCAV,WELCAV,100 K,CCCCCO.NCC=C,P21/c,False,100.0,lowT,CCCCCO,NCC=C
WUVKOO,WUVKOO,at 100 K,Nc1[nH+]nc(c(N)n1)c1cccc(Cl)c1Cl.O=C1[N-]S(=O)(=O)c2ccccc12,P21/c,False,100.0,lowT,Nc1[nH+]nc(c(N)n1)c1cccc(Cl)c1Cl,O=C1[N-]S(=O)(=O)c2ccccc12
ATUVEQ,ATUVEQ,at 120 K,[NH3+]C1CCC(O)CC1.OC1CCC(CC1)NC(=O)[O-],P21/c,False,120.0,lowT,[NH3+]C1CCC(O)CC1,OC1CCC(CC1)NC(=O)[O-]
MORVOF,MORVOF,at 100 K,Oc1cc(O)cc(O)c1.c1ccc2nc3ccccc3cc2c1,Pca21,False,100.0,lowT,Oc1cc(O)cc(O)c1,c1ccc2nc3ccccc3cc2c1
RERDEB,RERDEB,100 K,Nc1ccc(cc1)C(=O)[O-].NC(N)=[NH+]C1=NC(=CS1)CSCCC(N)=NS(N)(=O)=O,P21/c,False,100.0,lowT,Nc1ccc(cc1)C(=O)[O-],NC(N)=[NH+]C1=NC(=CS1)CSCCC(N)=NS(N)(=O)=O
XAYGUA,XAYGUA,at 93.1 K,NC(=[NH2+])SC#Cc1ccccc1.CS(=O)(=O)[O-],P212121,False,93.0,lowT,NC(=[NH2+])SC#Cc1ccccc1,CS(=O)(=O)[O-]
JAZROU,JAZROU,100.0 K,OC(=O)C(=O)[O-].OCC[NH+](CCO)CCO,Pca21,False,100.0,lowT,OC(=O)C(=O)[O-],OCC[NH+](CCO)CCO
VIMJAF,VIMJAF,120.2 K,c1ccccc1.Oc1cccc(CN2CCCC2=O)c1O,P21/n,False,120.0,lowT,c1ccccc1,Oc1cccc(CN2CCCC2=O)c1O
UHUFUA,UHUFUA,at 110.2 K,Nc1nc(N)nc(n1)c1ccccc1.OC(=O)CSc1ccccc1,Pca21,False,110.0,lowT,Nc1nc(N)nc(n1)c1ccccc1,OC(=O)CSc1ccccc1
IVUPAR,IVUPAR,at 123 K,OC(=O)C=CC(=O)[O-].C[NH+](C)C(C)C(O)c1ccccc1,P21212,False,123.0,lowT,OC(=O)C=CC(=O)[O-],C[NH+](C)C(C)C(O)c1ccccc1
KEFBAZ,KEFBAZ,at 100 K,CC(=O)Nc1ccccn1.OC(=O)C=CC(O)=O,P-1,False,100.0,lowT,CC(=O)Nc1ccccn1,OC(=O)C=CC(O)=O
XEPBOL,XEPBOL,at 120 K,OC(=O)CCCCCCC(O)=O.c1cncc(c1)N=Nc1cccnc1,P-1,False,120.0,lowT,OC(=O)CCCCCCC(O)=O,c1cncc(c1)N=Nc1cccnc1
FAFGUR,FAFGUR,90 K,COc1ccc2cccc(CCNC(C)=O)c2c1.CC(=O)C(O)=O,C2/c,False,90.0,lowT,COc1ccc2cccc(CCNC(C)=O)c2c1,CC(=O)C(O)=O
YOGCUU,YOGCUU,at 100 K,Clc1ccc2N3CN(Cc2c1)c1ccc(Cl)cc1C3.Cc1ccc2N3CN(Cc2c1)c1ccc(C)cc1C3,P21212,False,100.0,lowT,Clc1ccc2N3CN(Cc2c1)c1ccc(Cl)cc1C3,Cc1ccc2N3CN(Cc2c1)c1ccc(C)cc1C3
HEDSAM,HEDSAM,at 100 K,c1ccc2ncccc2c1.Oc1cccc(O)c1O,P-1,False,100.0,lowT,c1ccc2ncccc2c1,Oc1cccc(O)c1O
BACRAB,BACRAB,99.7 K,O1C(=CN=C1c1ccccc1)c1ccccc1.Oc1ccc(O)cc1,Pca21,False,99.0,lowT,O1C(=CN=C1c1ccccc1)c1ccccc1,Oc1ccc(O)cc1
GEKGIP,GEKGIP,100 K,Fc1c(F)c(F)c(F)c(F)c1F.Fc1ccc(cc1)C(=O)Nc1cccc(c1)C#C,P21/c,False,100.0,lowT,Fc1c(F)c(F)c(F)c(F)c1F,Fc1ccc(cc1)C(=O)Nc1cccc(c1)C#C
KIPWIS,KIPWIS,100 K,NC(N)=S.O=C1CC(=O)NC(=S)N1,P21/m,False,100.0,lowT,NC(N)=S,O=C1CC(=O)NC(=S)N1
PASLAY,PASLAY,at 120 K,CN(C)P(=O)(N(C)C)N(C)C.Fc1c(F)c(Br)c(F)c(Br)c1F,C2/c,False,120.0,lowT,CN(C)P(=O)(N(C)C)N(C)C,Fc1c(F)c(Br)c(F)c(Br)c1F
LOGDOC,LOGDOC,at 100 K,Cc1cc(N)[nH+]cc1N(=O)=O.Oc1ccc(cc1)S(=O)(=O)[O-],P21/n,False,100.0,lowT,Cc1cc(N)[nH+]cc1N(=O)=O,Oc1ccc(cc1)S(=O)(=O)[O-]
MUPMUG,MUPMUG,at 100 K,Oc1cc2C(=O)Oc3c(O)c(O)cc4C(=O)Oc(c1O)c2c34.CN1C=NC2=C1C(=O)N(C)C(=O)N2C,P-1,False,100.0,lowT,Oc1cc2C(=O)Oc3c(O)c(O)cc4C(=O)Oc(c1O)c2c34,CN1C=NC2=C1C(=O)N(C)C(=O)N2C
SEZZIK,SEZZIK,90 K,COc1ccc(cc1)N1CC[NH2+]CC1.COc1ccc(cc1)C(=O)[O-],P21/c,False,90.0,lowT,COc1ccc(cc1)N1CC[NH2+]CC1,COc1ccc(cc1)C(=O)[O-]
IVEKIG,IVEKIG,100 K,CC[NH+](CC)CC(=O)Nc1c(C)cccc1C.OC(=O)CCCCC(=O)[O-],P21/n,False,100.0,lowT,CC[NH+](CC)CC(=O)Nc1c(C)cccc1C,OC(=O)CCCCC(=O)[O-]
BIXDIZ,BIXDIZ,100 K,FC(F)(F)S(=O)(=O)[O-].C[N+](C)(C)c1ccc2C(=O)OC(=O)N(CC#C)c2n1,P21,False,100.0,lowT,FC(F)(F)S(=O)(=O)[O-],C[N+](C)(C)c1ccc2C(=O)OC(=O)N(CC#C)c2n1
GIKBEL,GIKBEL,113.2 K,Oc1cc(cc(O)c1O)C(=O)[O-].COc1cc(Cc2c[nH+]c(N)nc2N)cc(OC)c1OC,P21/c,False,113.0,lowT,Oc1cc(cc(O)c1O)C(=O)[O-],COc1cc(Cc2c[nH+]c(N)nc2N)cc(OC)c1OC
IVORUI,IVORUI,120 K,Cc1ccncc1.NC(=O)Nc1ccc(O)c(c1)C(O)=O,P-1,False,120.0,lowT,Cc1ccncc1,NC(=O)Nc1ccc(O)c(c1)C(O)=O
HEGHIL,HEGHIL,at 120 K,COc1cc(Cc2c[nH+]c(N)nc2N)cc(OC)c1OC.O=C([O-])c1ccccn1,P-1,False,120.0,lowT,COc1cc(Cc2c[nH+]c(N)nc2N)cc(OC)c1OC,O=C([O-])c1ccccn1
NUKYUO02,NUKYUO02,at 110 K,NC(=O)c1cccnc1.OC(=O)CCCCCC(O)=O,Pna21,False,110.0,lowT,NC(=O)c1cccnc1,OC(=O)CCCCCC(O)=O
UHACUC,UHACUC,at 120 K,O=C1CCCN1.OC(=O)C=CC(O)=O,P21/n,False,120.0,lowT,O=C1CCCN1,OC(=O)C=CC(O)=O
FANFUZ,FANFUZ,120 K,[NH3+]c1cccc(Cl)c1.O=N(=O)c1cc(c([O-])c(c1)N(=O)=O)N(=O)=O,P-1,False,120.0,lowT,[NH3+]c1cccc(Cl)c1,O=N(=O)c1cc(c([O-])c(c1)N(=O)=O)N(=O)=O
JEYTUG,JEYTUG,123 K,FC(F)(F)S(=O)(=O)[O-].COc1ccc(cc1)[N+]#CC(C)(C)C,P21/n,False,123.0,lowT,FC(F)(F)S(=O)(=O)[O-],COc1ccc(cc1)[N+]#CC(C)(C)C
YACFEQ,YACFEQ,100 K,Oc1cc(O)cc(O)c1.CC(C)C1=C(C)N(C)N(c2ccccc2)C1=O,P21/n,False,100.0,lowT,Oc1cc(O)cc(O)c1,CC(C)C1=C(C)N(C)N(c2ccccc2)C1=O
VIRKIU,VIRKIU,113.2 K,NC(=O)c1cccnc1.CC=CC=CC(O)=O,P-1,False,113.0,lowT,NC(=O)c1cccnc1,CC=CC=CC(O)=O
MIDRUN,MIDRUN,at 103 K,[NH3+]C(C(O)c1ccccc1)c1ccccc1.Cc1ccc(cc1)C(=O)[O-],P212121,False,103.0,lowT,[NH3+]C(C(O)c1ccccc1)c1ccccc1,Cc1ccc(cc1)C(=O)[O-]
MOYLOC,MOYLOC,at 100 K,c1cc(ccn1)c1ccncc1.Nc1cccc(c1)B(O)O,Cc,False,100.0,lowT,c1cc(ccn1)c1ccncc1,Nc1cccc(c1)B(O)O
QOFSIQ,QOFSIQ,100 K,NC(N)=O.c1cnccn1,P2/c,False,100.0,lowT,NC(N)=O,c1cnccn1
QOVQEY,QOVQEY,at 120 K,COc1[nH+]c(N)nc(OC)c1.O=N(=O)c1cc(c([O-])c(c1)N(=O)=O)N(=O)=O,P-1,False,120.0,lowT,COc1[nH+]c(N)nc(OC)c1,O=N(=O)c1cc(c([O-])c(c1)N(=O)=O)N(=O)=O
OHAHAH,OHAHAH,at 103 K,c1ccccc1.COC(=O)NC(=S)Nc1ccccc1NC(=S)NC(=O)OC,P-1,False,103.0,lowT,c1ccccc1,COC(=O)NC(=S)Nc1ccccc1NC(=S)NC(=O)OC
QANMEY,QANMEY,at 120 K,OC(=O)C(O)=O.O=C1CNC(=O)CN1,P-1,False,120.0,lowT,OC(=O)C(O)=O,O=C1CNC(=O)CN1
UROHOZ,UROHOZ,at 123 K,CS(C)=O.Nc1nc(N)c2N=C3CCCCCN3c2n1,P21/c,False,123.0,lowT,CS(C)=O,Nc1nc(N)c2N=C3CCCCCN3c2n1
WADXUX,WADXUX,100 K,O=C(NCc1ccncc1)C(=O)NCc1ccncc1.Cc1ccccc1C(O)=O,P-1,False,100.0,lowT,O=C(NCc1ccncc1)C(=O)NCc1ccncc1,Cc1ccccc1C(O)=O
NAQNOL,NAQNOL,100 K,NC1=Nc2ccc(OC(F)(F)F)cc2S1.CC=CC=CC(O)=O,P-1,False,100.0,lowT,NC1=Nc2ccc(OC(F)(F)F)cc2S1,CC=CC=CC(O)=O
KABLEG,KABLEG,at 98 K,OC(=O)Cc1ccccc1.c1cncc(c1)C=NN=Cc1cccnc1,P-1,False,98.0,lowT,OC(=O)Cc1ccccc1,c1cncc(c1)C=NN=Cc1cccnc1
UDEPOM,UDEPOM,99.8 K,CCCCC(=O)[O-].[NH3+]Cc1ccc(cc1)S(N)(=O)=O,P-1,False,99.0,lowT,CCCCC(=O)[O-],[NH3+]Cc1ccc(cc1)S(N)(=O)=O
HONVAI,HONVAI,at 100 K,OC(=O)c1cccc(O)c1.c1cc(ccn1)c1ccncc1,P-1,False,100.0,lowT,OC(=O)c1cccc(O)c1,c1cc(ccn1)c1ccncc1
TUMWEF,TUMWEF,100 K,C[NH+]1C2CCC1C(Cc1ccccc1)C(=O)C2.O=C([O-])c1cc(cc(c1)N(=O)=O)N(=O)=O,P21/c,False,100.0,lowT,C[NH+]1C2CCC1C(Cc1ccccc1)C(=O)C2,O=C([O-])c1cc(cc(c1)N(=O)=O)N(=O)=O
NOFQOR,NOFQOR,100 K,OC(C(=O)[O-])c1ccccc1.CC(=O)CC1[NH2+]CCCC1,P1,False,100.0,lowT,OC(C(=O)[O-])c1ccccc1,CC(=O)CC1[NH2+]CCCC1
HONVUC,HONVUC,at 100 K,c1cc(ccn1)C=Cc1ccncc1.OC(=O)c1ccc(O)cc1,P-1,False,100.0,lowT,c1cc(ccn1)C=Cc1ccncc1,OC(=O)c1ccc(O)cc1
ZATHAH,ZATHAH,100 K,Oc1cc(O)cc(O)c1.CN1C=CC(=O)C(=C1C)O,Pbca,False,100.0,lowT,Oc1cc(O)cc(O)c1,CN1C=CC(=O)C(=C1C)O
OKOKIL,OKOKIL,113 K,CS(C)=O.CN1C(=C(N=O)C(=O)N(C)C1=O)N,Pbca,False,113.0,lowT,CS(C)=O,CN1C(=C(N=O)C(=O)N(C)C1=O)N
LAVMED,LAVMED,100 K,FC(F)(F)C(=O)[O-].OC(=O)C=Cc1[nH+]cccc1,P-1,False,100.0,lowT,FC(F)(F)C(=O)[O-],OC(=O)C=Cc1[nH+]cccc1
ENICIO,ENICIO,at 100 K,CN1C(=C(O)c2ccccc2S1(=O)=O)C(=O)NC1=NC=C(C)S1.OC(=O)C=CC(O)=O,P-1,False,100.0,lowT,CN1C(=C(O)c2ccccc2S1(=O)=O)C(=O)NC1=NC=C(C)S1,OC(=O)C=CC(O)=O
DIPDUF,DIPDUF,120.0 K,CN(C)C(OS(=O)(=O)C(F)(F)F)=[N+](C)C.FC(F)(F)S(=O)(=O)[O-],P21/c,False,120.0,lowT,CN(C)C(OS(=O)(=O)C(F)(F)F)=[N+](C)C,FC(F)(F)S(=O)(=O)[O-]
VECTUV,VECTUV,85 K,Nc1[nH+]nc(c(N)n1)c1cccc(Cl)c1Cl.OC(=O)CC(=O)[O-],Ia,False,85.0,lowT,Nc1[nH+]nc(c(N)n1)c1cccc(Cl)c1Cl,OC(=O)CC(=O)[O-]
BANPUC,BANPUC,at 123 K,[NH3+]C(CCSC)C(O)=O.ClC(Cl)(Cl)C(=O)[O-],P-1,False,123.0,lowT,[NH3+]C(CCSC)C(O)=O,ClC(Cl)(Cl)C(=O)[O-]
IXEJIE,IXEJIE,at 100 K,CC1(C)COP(=O)([O-])OC1c1ccccc1.[NH3+]C(CCC)c1cccc(c1)N(=O)=O,P212121,False,100.0,lowT,CC1(C)COP(=O)([O-])OC1c1ccccc1,[NH3+]C(CCC)c1cccc(c1)N(=O)=O
EMUZOE01,EMUZOE01,100 K,[2H]N(C(N([2H])[2H])=[N+]([2H])[2H])C(N([2H])[2H])=S.[2H]N([2H])c1ccc(cc1)C(=O)[O-],P21/c,False,100.0,lowT,[2H]N(C(N([2H])[2H])=[N+]([2H])[2H])C(N([2H])[2H])=S,[2H]N([2H])c1ccc(cc1)C(=O)[O-]
HURMEN,HURMEN,at 115 K,O=C([O-])CC1=CC=CS1.[NH3+]C(C(O)c1ccccc1)c1ccccc1,C2,False,115.0,lowT,O=C([O-])CC1=CC=CS1,[NH3+]C(C(O)c1ccccc1)c1ccccc1
VUMTAB,VUMTAB,100 K,NC1=N[N+]2(CCOCC2)CC1.COc1ccc(cc1)S(=O)(=O)[O-],P21/n,False,100.0,lowT,NC1=N[N+]2(CCOCC2)CC1,COc1ccc(cc1)S(=O)(=O)[O-]
SOLBEC,SOLBEC,120 K,OC(=O)C=Cc1ccc(O)cc1.NC(=O)c1cccnc1,C2/c,False,120.0,lowT,OC(=O)C=Cc1ccc(O)cc1,NC(=O)c1cccnc1
WUTFEZ,WUTFEZ,103.1 K,C1N2CN3CN1CN(C2)C3.COc1cc(CC=C)ccc1O,Pbcn,False,103.0,lowT,C1N2CN3CN1CN(C2)C3,COc1cc(CC=C)ccc1O
SEZDIL,SEZDIL,at 123 K,OC=O.NC(=O)N1c2ccccc2CCc2ccccc12,P-1,False,123.0,lowT,OC=O,NC(=O)N1c2ccccc2CCc2ccccc12
IRUDOP,IRUDOP,at 103 K,BrC1=C(Br)C(=O)NC1=O.Nc1nc(N)c(Cl)cc1Cl,P-1,False,103.0,lowT,BrC1=C(Br)C(=O)NC1=O,Nc1nc(N)c(Cl)cc1Cl
AGAQOQ,AGAQOQ,98 K,OC(=O)c1cc[nH+]cc1.OC(=O)c1cc(C(O)=O)c(cc1C(O)=O)C(=O)[O-],P-1,False,98.0,lowT,OC(=O)c1cc[nH+]cc1,OC(=O)c1cc(C(O)=O)c(cc1C(O)=O)C(=O)[O-]
PADNUH,PADNUH,100.0 K,OC(=O)c1c(F)c(F)c(F)c(F)c1F.C(Cc1ccncc1)Cc1ccncc1,P21212,False,100.0,lowT,OC(=O)c1c(F)c(F)c(F)c(F)c1F,C(Cc1ccncc1)Cc1ccncc1
PITPIV,PITPIV,123 K,Cc1ccc(cc1)S(=O)(=O)[O-].[NH3+]CCCC(=O)OCC,P21/n,False,123.0,lowT,Cc1ccc(cc1)S(=O)(=O)[O-],[NH3+]CCCC(=O)OCC
PUNXEC,PUNXEC,at 103.1 K,[NH3+]C(C)c1ccc(F)cc1.CCOP([O-])(=S)c1ccc(Cl)cc1,P21,False,103.0,lowT,[NH3+]C(C)c1ccc(F)cc1,CCOP([O-])(=S)c1ccc(Cl)cc1
FICTAO,FICTAO,100 K,O=Cc1ccncc1.OC(=O)C=CC(O)=O,P-1,False,100.0,lowT,O=Cc1ccncc1,OC(=O)C=CC(O)=O
GEQXEH,GEQXEH,at 100 K,OC(=O)c1c(O)cccc1O.CCOc1ccccc1C(N)=O,P21/n,False,100.0,lowT,OC(=O)c1c(O)cccc1O,CCOc1ccccc1C(N)=O
ZATGOU,ZATGOU,100 K,Oc1cccc(O)c1.CN1C=CC(=O)C(=C1C)O,P21/n,False,100.0,lowT,Oc1cccc(O)c1,CN1C=CC(=O)C(=C1C)O
EBALEB,EBALEB,110 K,C(Cc1ccncc1)c1ccncc1.Nc1cc(cc(c1)C(O)=O)C(O)=O,P21/n,False,110.0,lowT,C(Cc1ccncc1)c1ccncc1,Nc1cc(cc(c1)C(O)=O)C(O)=O
COHWIF01,COHWIF01,at 93 K,C1CN2CCN1CC2.Oc1ccc(O)cc1,P21/n,False,93.0,lowT,C1CN2CCN1CC2,Oc1ccc(O)cc1
TUVZIU,TUVZIU,at 110 K,OC1C(O)C(OC1COP(O)(=O)[O-])N1C=NC2=C1N=CNC2=O.[NH3+]C(CC1=C[NH+]=CN1)C(=O)[O-],P21,False,110.0,lowT,OC1C(O)C(OC1COP(O)(=O)[O-])N1C=NC2=C1N=CNC2=O,[NH3+]C(CC1=C[NH+]=CN1)C(=O)[O-]
WUVLEF,WUVLEF,at 100 K,O=C([O-])c1cccnc1.Nc1[nH+]nc(c(N)n1)c1cccc(Cl)c1Cl,P21/c,False,100.0,lowT,O=C([O-])c1cccnc1,Nc1[nH+]nc(c(N)n1)c1cccc(Cl)c1Cl
NEFFIQ,NEFFIQ,100 K,NC(=O)c1cccnc1.OC(=O)c1cccc(O)c1O,P21/n,False,100.0,lowT,NC(=O)c1cccnc1,OC(=O)c1cccc(O)c1O
SIMXUK,SIMXUK,100 K,NC(N)=O.OC(=O)CC(O)(CC(O)=O)C(O)=O,P21/c,False,100.0,lowT,NC(N)=O,OC(=O)CC(O)(CC(O)=O)C(O)=O
SIHMEE,SIHMEE,120 K,Cc1nc(C)c(Cl)c(N)n1.OC(=O)c1ccccc1,P21/c,False,120.0,lowT,Cc1nc(C)c(Cl)c(N)n1,OC(=O)c1ccccc1
NUJWEV,NUJWEV,at 100 K,CC1=Nc2ccccc2N1Cc1ccc(Br)cc1.ON=C(C#N)c1ccc(Br)cc1,P21/c,False,100.0,lowT,CC1=Nc2ccccc2N1Cc1ccc(Br)cc1,ON=C(C#N)c1ccc(Br)cc1
KECKUB,KECKUB,120 K,O=C(NN=Cc1ccncc1)c1cccnc1.OC(=O)CCCC(O)=O,P-1,False,120.0,lowT,O=C(NN=Cc1ccncc1)c1cccnc1,OC(=O)CCCC(O)=O
IBOSEZ,IBOSEZ,at 100 K,FC(F)(F)S(=O)(=O)[O-].C[Si](C)(C)OP(C)(C)=[N+]=P(C)(C)C,P-1,False,100.0,lowT,FC(F)(F)S(=O)(=O)[O-],C[Si](C)(C)OP(C)(C)=[N+]=P(C)(C)C
VECTOP,VECTOP,85 K,Nc1[nH+]nc(c(N)n1)c1cccc(Cl)c1Cl.OC(=O)C(=O)[O-],P21/c,False,85.0,lowT,Nc1[nH+]nc(c(N)n1)c1cccc(Cl)c1Cl,OC(=O)C(=O)[O-]
NUGJUX,NUGJUX,100 K,CCC([NH2+]CC[NH2+]C(CC)CO)CO.O=C([O-])C=CC(=O)[O-],P1,False,100.0,lowT,CCC([NH2+]CC[NH2+]C(CC)CO)CO,O=C([O-])C=CC(=O)[O-]
DUNCOG,DUNCOG,110 K,O=C1CCC(=O)N1.OC(=O)c1cc(O)c(O)c(O)c1,P21/c,False,110.0,lowT,O=C1CCC(=O)N1,OC(=O)c1cc(O)c(O)c(O)c1
TMABCA01,TMABCA01,81 K,CN(C)c1ccc(cc1)N(C)C.ClC1=C(Cl)C(=O)C(=C(Cl)C1=O)Cl,P-1,False,81.0,lowT,CN(C)c1ccc(cc1)N(C)C,ClC1=C(Cl)C(=O)C(=C(Cl)C1=O)Cl
HIQMUT,HIQMUT,90 K,Fc1c(F)c(F)c(c(F)c1F)C(=O)[O-].COc1ccccc1N1CC[NH2+]CC1,P21/n,False,90.0,lowT,Fc1c(F)c(F)c(c(F)c1F)C(=O)[O-],COc1ccccc1N1CC[NH2+]CC1
ZATHIP01,ZATHIP01,100 K,CN1C=CC(=O)C(=C1C)O.Oc1cccc(O)c1O,Pna21,False,100.0,lowT,CN1C=CC(=O)C(=C1C)O,Oc1cccc(O)c1O
DEJWAT,DEJWAT,100 K,CC(=O)[O-].[NH3+]CCO,P21/n,False,100.0,lowT,CC(=O)[O-],[NH3+]CCO
NEFGEN,NEFGEN,100 K,OC(=O)c1c(O)cccc1O.NC(=O)c1cnccn1,P21/c,False,100.0,lowT,OC(=O)c1c(O)cccc1O,NC(=O)c1cnccn1
UMUZAG,UMUZAG,100 K,CC(C)=NNC(=O)c1cc[nH+]cc1.FC(F)(F)c1ccc(NC(=O)NCS(=O)(=O)[O-])cc1,Pna21,False,100.0,lowT,CC(C)=NNC(=O)c1cc[nH+]cc1,FC(F)(F)c1ccc(NC(=O)NCS(=O)(=O)[O-])cc1
MORVEV01,MORVEV01,at 100 K,Oc1cc(O)cc(O)c1.c1ccc2nc3ccccc3nc2c1,P-1,False,100.0,lowT,Oc1cc(O)cc(O)c1,c1ccc2nc3ccccc3nc2c1
PECWEB,PECWEB,at 100 K,Nc1cc(Cl)nc(N)n1.OC(=O)c1ccccc1,P21/c,False,100.0,lowT,Nc1cc(Cl)nc(N)n1,OC(=O)c1ccccc1
KIHXEF,KIHXEF,at 100 K,Oc1cccc(c1)C#N.C(Cc1ccncc1)c1ccncc1,P21/c,False,100.0,lowT,Oc1cccc(c1)C#N,C(Cc1ccncc1)c1ccncc1
REHNAT01,REHNAT01,100 K,N#Cc1cc(C#N)c(cc1C#N)C#N.Oc1ccc(O)cc1,P-1,False,100.0,lowT,N#Cc1cc(C#N)c(cc1C#N)C#N,Oc1ccc(O)cc1
ROPTIB,ROPTIB,at 100 K,OC(C(O)C(=O)[O-])C(O)=O.[NH3+]c1ccc(Cl)cc1,P1,False,100.0,lowT,OC(C(O)C(=O)[O-])C(O)=O,[NH3+]c1ccc(Cl)cc1
TAZRAO,TAZRAO,at 100 K,NC(=O)N1c2ccccc2C=Cc2ccccc12.CC(=O)Oc1ccccc1C(O)=O,P-1,False,100.0,lowT,NC(=O)N1c2ccccc2C=Cc2ccccc12,CC(=O)Oc1ccccc1C(O)=O
GAXSAB,GAXSAB,at 85 K,OC(=O)c1cc(O)ccc1O.O=C1CC2(CCCCC2)CN1,P21/n,False,85.0,lowT,OC(=O)c1cc(O)ccc1O,O=C1CC2(CCCCC2)CN1
LOFJEX,LOFJEX,at 100 K,[NH3+]C(C(O)c1ccccc1)c1ccccc1.ClC1=C(Sc2ccccc12)C(=O)[O-],C2,False,100.0,lowT,[NH3+]C(C(O)c1ccccc1)c1ccccc1,ClC1=C(Sc2ccccc12)C(=O)[O-]
KUPBAB,KUPBAB,100.0 K,FC(F)(F)C(=O)[O-].CCc1[nH+]ccc2c3ccccc3N(OC)c12,P-1,False,100.0,lowT,FC(F)(F)C(=O)[O-],CCc1[nH+]ccc2c3ccccc3N(OC)c12
ZATLOZ,ZATLOZ,100 K,OC(=O)C(=O)[O-].[NH3+]C(C(C)CC)C(O)=O,P21/n,False,100.0,lowT,OC(=O)C(=O)[O-],[NH3+]C(C(C)CC)C(O)=O
IVUKIU,IVUKIU,at 123 K,C[NH+](C)C(C)C(O)c1ccccc1.Clc1ccccc1C(=O)[O-],P21,False,123.0,lowT,C[NH+](C)C(C)C(O)c1ccccc1,Clc1ccccc1C(=O)[O-]
NEWRUD,NEWRUD,at 100 K,OC(=O)CCCCCCCCC(O)=O.CC(=O)Nc1ccncc1,C2/c,False,100.0,lowT,OC(=O)CCCCCCCCC(O)=O,CC(=O)Nc1ccncc1
DIYYOB,DIYYOB,97 K,CC(C)(C)c1cc(O)ccc1O.CCN1C=C(C(O)=O)C(=O)c2ccc(C)nc12,P-1,False,97.0,lowT,CC(C)(C)c1cc(O)ccc1O,CCN1C=C(C(O)=O)C(=O)c2ccc(C)nc12
MEDCEF,MEDCEF,at 123 K,Fc1cccc(c1)C(=O)[O-].[NH3+]CCc1ccc(O)cc1,P21/c,False,123.0,lowT,Fc1cccc(c1)C(=O)[O-],[NH3+]CCc1ccc(O)cc1
KAHCUV01,KAHCUV01,100 K,Oc1ccccc1C(=O)[O-].CC(O)C[NH+](CC(C)O)CC(C)O,P-1,False,100.0,lowT,Oc1ccccc1C(=O)[O-],CC(O)C[NH+](CC(C)O)CC(C)O
KEKGUD,KEKGUD,at 120 K,Nc1ncccn1.OC(=O)CN1C(=O)c2cc3C(=O)N(CC(O)=O)C(=O)c3cc2C1=O,P21/c,False,120.0,lowT,Nc1ncccn1,OC(=O)CN1C(=O)c2cc3C(=O)N(CC(O)=O)C(=O)c3cc2C1=O
BICQUB01,BICQUB01,at 110 K,NNC(=O)c1ccncc1.OC(=O)c1ccc(O)cc1,P21/n,False,110.0,lowT,NNC(=O)c1ccncc1,OC(=O)c1ccc(O)cc1
NUNPUJ,NUNPUJ,100 K,OC1CC[NH2+]CC1.OC1CCN(CC1)C(=O)[O-],P-1,False,100.0,lowT,OC1CC[NH2+]CC1,OC1CCN(CC1)C(=O)[O-]
KAYHUP,KAYHUP,at 120 K,O=C(Nc1ccccn1)c1cccnc1.OC(=O)CCCCCC(O)=O,P-1,False,120.0,lowT,O=C(Nc1ccccn1)c1cccnc1,OC(=O)CCCCCC(O)=O
WIZBIR,WIZBIR,at 100 K,C[NH+](C)CC(SC(C)C)=CSC(C)C.OC(=O)C(=O)[O-],P21/c,False,100.0,lowT,C[NH+](C)CC(SC(C)C)=CSC(C)C,OC(=O)C(=O)[O-]
PIVZAZ,PIVZAZ,123 K,OC1=[NH+]CCCCC1.FC(F)(F)S(=O)(=O)[O-],P212121,False,123.0,lowT,OC1=[NH+]CCCCC1,FC(F)(F)S(=O)(=O)[O-]
UVIMAO,UVIMAO,at 120 K,OC(=O)C(F)(F)C(F)(F)C(=O)[O-].CN1C(=O)N(C)C2=C([N+](=CN2)C)C1=O,P21/n,False,120.0,lowT,OC(=O)C(F)(F)C(F)(F)C(=O)[O-],CN1C(=O)N(C)C2=C([N+](=CN2)C)C1=O
XUVPOU,XUVPOU,at 120 K,O=C([O-])c1ccc(cc1)N(=O)=O.CC1=C[NH+]=C(N)S1,Pca21,False,120.0,lowT,O=C([O-])c1ccc(cc1)N(=O)=O,CC1=C[NH+]=C(N)S1
UROLAQ,UROLAQ,100 K,CC(C)(C)OC(=O)N1CC2CC2C1C(=O)[O-].[NH3+]C(CO)c1ccccc1,P212121,False,100.0,lowT,CC(C)(C)OC(=O)N1CC2CC2C1C(=O)[O-],[NH3+]C(CO)c1ccccc1
VATVAP,VATVAP,at 100 K,O=C1C=C([O-])C(=O)c2ccccc12.[NH3+]C(CO)(CO)CO,P-1,False,100.0,lowT,O=C1C=C([O-])C(=O)c2ccccc12,[NH3+]C(CO)(CO)CO
BILXEA,BILXEA,at 120 K,O=C(Nc1ccccc1)C1=CC=C(S1)C(=O)Nc1ccccc1.CS(C)=O,P21/n,False,120.0,lowT,O=C(Nc1ccccc1)C1=CC=C(S1)C(=O)Nc1ccccc1,CS(C)=O
FOSMIL,FOSMIL,100 K,OC(=O)C=Cc1ccc(O)c(O)c1.NNC(=O)c1ccncc1,P21/c,False,100.0,lowT,OC(=O)C=Cc1ccc(O)c(O)c1,NNC(=O)c1ccncc1
YIPLAN,YIPLAN,100.0 K,[NH3+]CC(CC(O)=O)c1ccc(Cl)cc1.OC(CC(=O)[O-])C(O)=O,P21,False,100.0,lowT,[NH3+]CC(CC(O)=O)c1ccc(Cl)cc1,OC(CC(=O)[O-])C(O)=O
KENCOY,KENCOY,120 K,OB(O)c1ccc(O)cc1.O=C1CCCCCN1,P21/n,False,120.0,lowT,OB(O)c1ccc(O)cc1,O=C1CCCCCN1
BUNFUN,BUNFUN,120 K,Cc1nc(C)c(C)nc1C.Oc1c(F)c(F)c(Br)c(F)c1F,P-1,False,120.0,lowT,Cc1nc(C)c(C)nc1C,Oc1c(F)c(F)c(Br)c(F)c1F
VIBBUG,VIBBUG,100 K,Oc1ccc(cc1)C(=O)[O-].[NH3+]C(Cc1ccccc1)C(=O)NNc1ccccc1,P21,False,100.0,lowT,Oc1ccc(cc1)C(=O)[O-],[NH3+]C(Cc1ccccc1)C(=O)NNc1ccccc1
FIKJIW,FIKJIW,120 K,CN(C)c1cc[n+](cc1)c1nc(F)nc(F)n1.FC(F)(F)S(=O)(=O)[O-],C2/c,False,120.0,lowT,CN(C)c1cc[n+](cc1)c1nc(F)nc(F)n1,FC(F)(F)S(=O)(=O)[O-]
ZIBDEX,ZIBDEX,100 K,[NH3+]C1CN(CC1F)C(=O)OC(C)(C)C.OC(=O)CC(C(=O)[O-])c1ccccc1,P21,False,100.0,lowT,[NH3+]C1CN(CC1F)C(=O)OC(C)(C)C,OC(=O)CC(C(=O)[O-])c1ccccc1
HEZDAU,HEZDAU,93 K,FC(F)(F)S(=O)(=O)[O-].C[Si](C)(C)[n+]1ccccc1,P21/n,False,93.0,lowT,FC(F)(F)S(=O)(=O)[O-],C[Si](C)(C)[n+]1ccccc1
HUCYUB,HUCYUB,at 100 K,CN(C)C(=[NH2+])ON=C(N)c1ccccc1.Cc1ccc(cc1)S(=O)(=O)[O-],C2/c,False,100.0,lowT,CN(C)C(=[NH2+])ON=C(N)c1ccccc1,Cc1ccc(cc1)S(=O)(=O)[O-]
HEMHAM,HEMHAM,100 K,FC(F)(F)S(=O)(=O)[O-].CC1(O)[n+]2ccccc2c2ccccc12,P21/c,False,100.0,lowT,FC(F)(F)S(=O)(=O)[O-],CC1(O)[n+]2ccccc2c2ccccc12
ZIYFOF,ZIYFOF,100 K,NC1=Nc2ccc(OC(F)(F)F)cc2S1.COc1cc(cc(OC)c1OC)C(O)=O,Pna21,False,100.0,lowT,NC1=Nc2ccc(OC(F)(F)F)cc2S1,COc1cc(cc(OC)c1OC)C(O)=O
RIGTIM,RIGTIM,at 120 K,Oc1ccc2c(Oc3cc(O)ccc3C32OC(=O)c2ccccc32)c1.c1ccc2c(c1)cnc1ccccc21,Cmc21,False,120.0,lowT,Oc1ccc2c(Oc3cc(O)ccc3C32OC(=O)c2ccccc32)c1,c1ccc2c(c1)cnc1ccccc21
UDEPUS,UDEPUS,99.8 K,CCC(=O)[O-].[NH3+]Cc1ccc(cc1)S(N)(=O)=O,P21/n,False,99.0,lowT,CCC(=O)[O-],[NH3+]Cc1ccc(cc1)S(N)(=O)=O
MERWUF,MERWUF,100 K,Oc1ccc2ccccc2c1.COC(=O)c1ccncc1,P-1,False,100.0,lowT,Oc1ccc2ccccc2c1,COC(=O)c1ccncc1
NIYJIR,NIYJIR,100 K,FC(F)(F)C(=O)[O-].O=S1(=O)CC(C1)C1C[NH2+]C1,C2/c,False,100.0,lowT,FC(F)(F)C(=O)[O-],O=S1(=O)CC(C1)C1C[NH2+]C1
TICRUU,TICRUU,at 100 K,c1cc(ccn1)c1ccncc1.Nc1ccc(cc1)S(=O)(=O)Nc1ncccn1,P-1,False,100.0,lowT,c1cc(ccn1)c1ccncc1,Nc1ccc(cc1)S(=O)(=O)Nc1ncccn1
GIWWUI,GIWWUI,123 K,Cc1ccc(cc1)S(=O)(=O)[O-].C[N+](C)=C(C)O,P21/c,False,123.0,lowT,Cc1ccc(cc1)S(=O)(=O)[O-],C[N+](C)=C(C)O
GAXSUV,GAXSUV,at 120 K,CN(C)C=NN=CN(C)C.CCOC(=O)c1ccccc1N,P-1,False,120.0,lowT,CN(C)C=NN=CN(C)C,CCOC(=O)c1ccccc1N
VULVUV,VULVUV,100 K,Cc1[nH+]cc(CO)c(CO)c1O.O=C1[N-]S(=O)(=O)c2ccccc12,P21/c,False,100.0,lowT,Cc1[nH+]cc(CO)c(CO)c1O,O=C1[N-]S(=O)(=O)c2ccccc12
TANZUH,TANZUH,100 K,[NH3+]F.FC(F)(F)S(=O)(=O)[O-],P-1,False,100.0,lowT,[NH3+]F,FC(F)(F)S(=O)(=O)[O-]
MEDHOU,MEDHOU,at 123 K,OC(C(=O)[O-])c1ccccc1.[NH3+]CCc1ccc(O)cc1,P21,False,123.0,lowT,OC(C(=O)[O-])c1ccccc1,[NH3+]CCc1ccc(O)cc1
DEJWEX,DEJWEX,100 K,CC(=O)[O-].C[N+](C)(C)CCO,P21,False,100.0,lowT,CC(=O)[O-],C[N+](C)(C)CCO
TEWQAR,TEWQAR,100 K,FC1=C(F)C(=O)C(=C(F)C1=O)F.O1c2cccc3Oc4cccc5Oc6cccc1c6N(c23)c45,P-1,False,100.0,lowT,FC1=C(F)C(=O)C(=C(F)C1=O)F,O1c2cccc3Oc4cccc5Oc6cccc1c6N(c23)c45
SOGFUS,SOGFUS,100 K,OB(O)c1c[nH+]c2ccccc2c1.OP(=O)([O-])Oc1cccc2ccccc12,P-1,False,100.0,lowT,OB(O)c1c[nH+]c2ccccc2c1,OP(=O)([O-])Oc1cccc2ccccc12
XAFSUV01,XAFSUV01,101 K,[NH2+]1CCOCC1.OC(=O)c1cc(cc(c1[O-])N(=O)=O)N(=O)=O,C2/c,False,101.0,lowT,[NH2+]1CCOCC1,OC(=O)c1cc(cc(c1[O-])N(=O)=O)N(=O)=O
ILIZUB,ILIZUB,113 K,O=C1NC(=O)C=C(N1)C(=O)[O-].[NH3+]CCCCC(O)=O,P21/n,False,113.0,lowT,O=C1NC(=O)C=C(N1)C(=O)[O-],[NH3+]CCCCC(O)=O
NEVLEI,NEVLEI,100 K,[NH2+]1CCOCC1.FC(F)(F)C([O-])C(F)(F)F,P-1,False,100.0,lowT,[NH2+]1CCOCC1,FC(F)(F)C([O-])C(F)(F)F
UTIMOC,UTIMOC,100 K,Oc1c(cccc1N(=O)=O)C(=O)[O-].NC(=O)c1c[nH+]ccc1,P21/n,False,100.0,lowT,Oc1c(cccc1N(=O)=O)C(=O)[O-],NC(=O)c1c[nH+]ccc1
XUKDEM,XUKDEM,at 100 K,CC(C)C1COc2c3OCC(C(C)C)n3[cH+]n12.FC(F)(F)S(=O)(=O)[O-],P212121,False,100.0,lowT,CC(C)C1COc2c3OCC(C(C)C)n3[cH+]n12,FC(F)(F)S(=O)(=O)[O-]
GUDSUV,GUDSUV,at 100 K,OC(=O)C(O)=O.c1cnccn1,Cc,False,100.0,lowT,OC(=O)C(O)=O,c1cnccn1
XOSFOB,XOSFOB,at 103 K,NC1=NON=C1Nc1nnc(NC2=NON=C2N)nn1.CS(C)=O,P21/c,False,103.0,lowT,NC1=NON=C1Nc1nnc(NC2=NON=C2N)nn1,CS(C)=O
GIFFAF,GIFFAF,100 K,NC(N)=O.Cc1cncc(C)n1,Pnma,False,100.0,lowT,NC(N)=O,Cc1cncc(C)n1
FIFDEH,FIFDEH,90 K,O=N(=O)c1ccc(cc1)N1CC[NH2+]CC1.Fc1c(F)c(F)c(c(F)c1F)C(=O)[O-],P-1,False,90.0,lowT,O=N(=O)c1ccc(cc1)N1CC[NH2+]CC1,Fc1c(F)c(F)c(c(F)c1F)C(=O)[O-]
YIDLUW,YIDLUW,100 K,[NH2+]=C1NN=C(N1)C1=NNC=C1N(=O)=O.O=C1NC(=O)C(=C([O-])N1)N(=O)=O,P-1,False,100.0,lowT,[NH2+]=C1NN=C(N1)C1=NNC=C1N(=O)=O,O=C1NC(=O)C(=C([O-])N1)N(=O)=O
TIYPEX,TIYPEX,at 100 K,[NH3+]C(C(O)c1ccccc1)c1ccccc1.O=C([O-])c1ccc2ccc3cccc4ccc1c2c34,P21,False,100.0,lowT,[NH3+]C(C(O)c1ccccc1)c1ccccc1,O=C([O-])c1ccc2ccc3cccc4ccc1c2c34
EHIMOZ,EHIMOZ,100 K,CN(C)C=O.OOC(=O)c1ccc(cc1)C(=O)OO,P-1,False,100.0,lowT,CN(C)C=O,OOC(=O)c1ccc(cc1)C(=O)OO
JIQHAT,JIQHAT,at 113 K,OC1=C(Cl)C(=O)C(=C(Cl)C1=O)[O-].N1C=C[NH+]=C1C1=CSC(S1)=C1SC=CS1,Pna21,False,113.0,lowT,OC1=C(Cl)C(=O)C(=C(Cl)C1=O)[O-],N1C=C[NH+]=C1C1=CSC(S1)=C1SC=CS1
GAVFUG,GAVFUG,at 123.1 K,[NH3+]C1CCC(CC1NS(=O)(=O)C(F)(F)F)C(=O)OCC.Fc1c(F)c(F)c(c(F)c1F)C(=O)[O-],P21,False,123.0,lowT,[NH3+]C1CCC(CC1NS(=O)(=O)C(F)(F)F)C(=O)OCC,Fc1c(F)c(F)c(c(F)c1F)C(=O)[O-]
XEPBIF,XEPBIF,at 120 K,c1cncc(c1)N=Nc1cccnc1.OC(=O)CCCCC(O)=O,P-1,False,120.0,lowT,c1cncc(c1)N=Nc1cccnc1,OC(=O)CCCCC(O)=O
FALTAP,FALTAP,at 110 K,Cc1ccnc(NS(=O)(=O)c2ccc(N)cc2)n1.O=C1CCCC1,P-1,False,110.0,lowT,Cc1ccnc(NS(=O)(=O)c2ccc(N)cc2)n1,O=C1CCCC1
GUYVUU01,GUYVUU01,100 K,O=C([O-])c1ccc(cc1N(=O)=O)N(=O)=O.NC(=O)c1cc[nH+]cc1,P-1,False,100.0,lowT,O=C([O-])c1ccc(cc1N(=O)=O)N(=O)=O,NC(=O)c1cc[nH+]cc1
AFONUH,AFONUH,100 K,Cc1cccc(Nc2ccccc2C(O)=O)c1C.c1cc(ccn1)N=Nc1ccncc1,P-1,False,100.0,lowT,Cc1cccc(Nc2ccccc2C(O)=O)c1C,c1cc(ccn1)N=Nc1ccncc1
GIKZOS,GIKZOS,100 K,[NH3+]CCC(=O)OO.CS(=O)(=O)[O-],P21/n,False,100.0,lowT,[NH3+]CCC(=O)OO,CS(=O)(=O)[O-]
VECYAF,VECYAF,at 120 K,CC1(C)C2CCC1(CS(=O)(=O)[O-])C(=O)C2.[NH3+]CC(C(O)CCC)c1ccccc1,P21,False,120.0,lowT,CC1(C)C2CCC1(CS(=O)(=O)[O-])C(=O)C2,[NH3+]CC(C(O)CCC)c1ccccc1
FOMXAH,FOMXAH,at 120 K,O=CC1=CC=CO1.NC(=O)N1c2ccccc2C=Cc2ccccc12,P21/n,False,120.0,lowT,O=CC1=CC=CO1,NC(=O)N1c2ccccc2C=Cc2ccccc12
AZUQAP,AZUQAP,120 K,NC(N)=O.BrCCCCCCBr,P21/n,False,120.0,lowT,NC(N)=O,BrCCCCCCBr
CEQBEI,CEQBEI,100 K,c1ccc2nc3ccccc3cc2c1.Oc1ccc(Br)cc1,P21/c,False,100.0,lowT,c1ccc2nc3ccccc3cc2c1,Oc1ccc(Br)cc1
OJAHOY,OJAHOY,122 K,Oc1cc[nH+]cc1.OC(=O)c1cc(cc(c1)C(=O)[O-])C(O)=O,Pna21,False,122.0,lowT,Oc1cc[nH+]cc1,OC(=O)c1cc(cc(c1)C(=O)[O-])C(O)=O
BAJXET,BAJXET,100 K,NNC(=O)c1cc[nH+]cc1.OC(=O)c1cc(cc(c1)C(=O)[O-])C(O)=O,Pca21,False,100.0,lowT,NNC(=O)c1cc[nH+]cc1,OC(=O)c1cc(cc(c1)C(=O)[O-])C(O)=O
QOLNOW,QOLNOW,at 120 K,Cc1ccc2ccc3ccc(C)nc3c2n1.Oc1ccccc1O,P21/c,False,120.0,lowT,Cc1ccc2ccc3ccc(C)nc3c2n1,Oc1ccccc1O
DAFLUV,DAFLUV,113.2 K,C1N2CN3CN1CN(C2)C3.CC(=O)c1ccc(O)cc1,P21/c,False,113.0,lowT,C1N2CN3CN1CN(C2)C3,CC(=O)c1ccc(O)cc1
ZIPGIR,ZIPGIR,100 K,NC(=O)c1ccncc1.Nc1cccc(c1)C(O)=O,P-1,False,100.0,lowT,NC(=O)c1ccncc1,Nc1cccc(c1)C(O)=O
CEQKOC,CEQKOC,100 K,NC(=[NH2+])Sc1ccc2cc(Br)ccc2n1.FC(F)(F)S(=O)(=O)[O-],P21/n,False,100.0,lowT,NC(=[NH2+])Sc1ccc2cc(Br)ccc2n1,FC(F)(F)S(=O)(=O)[O-]
BIWVUY,BIWVUY,at 120 K,c1ccc2nc3ccccc3cc2c1.O=C1OC(=O)c2cc3C(=O)OC(=O)c3cc12,P21/c,False,120.0,lowT,c1ccc2nc3ccccc3cc2c1,O=C1OC(=O)c2cc3C(=O)OC(=O)c3cc12
HONTEK,HONTEK,at 100 K,OC(=O)c1ccc(O)cc1.c1cnccn1,P-1,False,100.0,lowT,OC(=O)c1ccc(O)cc1,c1cnccn1
FEPYUW,FEPYUW,at 100 K,COC(=O)C1[NH2+]CC(F)CC1.O=N(=O)c1cc(c([O-])c(c1)N(=O)=O)N(=O)=O,P21/c,False,100.0,lowT,COC(=O)C1[NH2+]CC(F)CC1,O=N(=O)c1cc(c([O-])c(c1)N(=O)=O)N(=O)=O
UFEROO,UFEROO,at 100 K,FC(F)(F)C(=O)[O-].[NH2+]=C1NC2=C(N1)C(CCC2)N1NC(=O)N(C1=O)c1ccccc1,P-1,False,100.0,lowT,FC(F)(F)C(=O)[O-],[NH2+]=C1NC2=C(N1)C(CCC2)N1NC(=O)N(C1=O)c1ccccc1
XARVIX,XARVIX,at 100 K,Cc1ccc(cc1)S(=O)(=O)[O-].[NH3+]c1cc2CCC(C)(C)Oc2c(C)c1C,P-1,False,100.0,lowT,Cc1ccc(cc1)S(=O)(=O)[O-],[NH3+]c1cc2CCC(C)(C)Oc2c(C)c1C
PASWEO,PASWEO,100 K,O=N(=O)c1cc(c([O-])c(c1)N(=O)=O)N(=O)=O.CS(=O)(=O)N1CC[NH2+]CC1,P21/c,False,100.0,lowT,O=N(=O)c1cc(c([O-])c(c1)N(=O)=O)N(=O)=O,CS(=O)(=O)N1CC[NH2+]CC1
YONCAI,YONCAI,100 K,CN(C)c1ccc(C=O)cc1.CN(C)c1ccc(cc1)C=C(O)C(O)=O,P-1,False,100.0,lowT,CN(C)c1ccc(C=O)cc1,CN(C)c1ccc(cc1)C=C(O)C(O)=O
WEQHIN,WEQHIN,100 K,OC(=O)c1ccc(cc1)C(O)=O.N#Cc1ccncc1,P-1,False,100.0,lowT,OC(=O)c1ccc(cc1)C(O)=O,N#Cc1ccncc1
NUQXIH,NUQXIH,at 100 K,OC1(CC[NH2+]CC1)c1ccc(Cl)cc1.O=N(=O)c1cc(c([O-])c(c1)N(=O)=O)N(=O)=O,P21,False,100.0,lowT,OC1(CC[NH2+]CC1)c1ccc(Cl)cc1,O=N(=O)c1cc(c([O-])c(c1)N(=O)=O)N(=O)=O
LADCEA,LADCEA,at 100 K,OC(=O)CCCCCCC(O)=O.CCC(=O)Nc1ccc(Br)cn1,P-1,False,100.0,lowT,OC(=O)CCCCCCC(O)=O,CCC(=O)Nc1ccc(Br)cn1
IVEKUS,IVEKUS,100 K,OC(=O)CCCCCCC(=O)[O-].CC[NH+](CC)CC(=O)Nc1c(C)cccc1C,P-1,False,100.0,lowT,OC(=O)CCCCCCC(=O)[O-],CC[NH+](CC)CC(=O)Nc1c(C)cccc1C
PUJNIS,PUJNIS,at 100 K,Nc1ccc(Cl)cn1.OC(=O)c1ccccc1,P21/c,False,100.0,lowT,Nc1ccc(Cl)cn1,OC(=O)c1ccccc1
XICQAD,XICQAD,at 100 K,c1cc(ccn1)c1ccncc1.OC(=O)COC(=O)Cc1ccccc1Nc1c(Cl)cccc1Cl,P21/c,False,100.0,lowT,c1cc(ccn1)c1ccncc1,OC(=O)COC(=O)Cc1ccccc1Nc1c(Cl)cccc1Cl
OFEGEP,OFEGEP,100 K,OC(=O)Cc1ccccc1C(O)=O.NC(=O)c1cnccn1,P21/n,False,100.0,lowT,OC(=O)Cc1ccccc1C(O)=O,NC(=O)c1cnccn1
ROPTEX,ROPTEX,at 100 K,OC(C(O)C(=O)[O-])C(O)=O.[NH3+]c1ccc(Br)cc1,P1,False,100.0,lowT,OC(C(O)C(=O)[O-])C(O)=O,[NH3+]c1ccc(Br)cc1
CASMAL,CASMAL,at 123 K,NS(=O)(=O)c1cc2c(NCNS2(=O)=O)cc1Cl.Nc1ccccc1,P21/n,False,123.0,lowT,NS(=O)(=O)c1cc2c(NCNS2(=O)=O)cc1Cl,Nc1ccccc1
QIQSAO,QIQSAO,100 K,FC(F)(F)S(=O)(=O)[O-].CC(C)(C)N1C=[N+](C(=C1Cl)Cl)C(C)(C)C,Pbca,False,100.0,lowT,FC(F)(F)S(=O)(=O)[O-],CC(C)(C)N1C=[N+](C(=C1Cl)Cl)C(C)(C)C
MEDBUU,MEDBUU,at 123 K,Cc1ccccc1C(=O)[O-].[NH3+]CCc1ccc(O)cc1,P21/c,False,123.0,lowT,Cc1ccccc1C(=O)[O-],[NH3+]CCc1ccc(O)cc1
OJUQAN,OJUQAN,110.2 K,OC(=O)CCC1=NC(=C(O1)c1ccccc1)c1ccccc1.C(Cc1ccncc1)c1ccncc1,P-1,False,110.0,lowT,OC(=O)CCC1=NC(=C(O1)c1ccccc1)c1ccccc1,C(Cc1ccncc1)c1ccncc1
HOLPEE,HOLPEE,at 103 K,OC1=C(Cl)C(=O)C(=C(Cl)C1=O)[O-].OC(=O)c1[nH+]cccc1,P21/c,False,103.0,lowT,OC1=C(Cl)C(=O)C(=C(Cl)C1=O)[O-],OC(=O)c1[nH+]cccc1
SIGPUW,SIGPUW,119 K,CC(=O)c1c2ccccc2cc2ccccc12.Fc1c(F)c(C#N)c(F)c(F)c1C#N,P21/n,False,119.0,lowT,CC(=O)c1c2ccccc2cc2ccccc12,Fc1c(F)c(C#N)c(F)c(F)c1C#N
SUYPIN,SUYPIN,100 K,OC(=O)C=CC(=O)[O-].Brc1ccc(OC(=O)N2CC[NH+]3CCC2CC3)cc1,P21/c,False,100.0,lowT,OC(=O)C=CC(=O)[O-],Brc1ccc(OC(=O)N2CC[NH+]3CCC2CC3)cc1
BICQUB,BICQUB,at 110 K,NNC(=O)c1ccncc1.OC(=O)c1ccc(O)cc1,P21,False,110.0,lowT,NNC(=O)c1ccncc1,OC(=O)c1ccc(O)cc1
ACERAD,ACERAD,at 100 K,COC(=O)N1C=NC(=C1N)C(N)=O.CN1N=NC2=C(N=CN2C1=O)C(N)=O,P21/c,False,100.0,lowT,COC(=O)N1C=NC(=C1N)C(N)=O,CN1N=NC2=C(N=CN2C1=O)C(N)=O
MOKNAC,MOKNAC,at 90 K,O=C1N(C[n+]2ccccc2)C(=O)c2ccccc12.Cc1ccc(cc1)S(=O)(=O)[O-],P21/c,False,90.0,lowT,O=C1N(C[n+]2ccccc2)C(=O)c2ccccc12,Cc1ccc(cc1)S(=O)(=O)[O-]
PEFGIS,PEFGIS,at 110 K,OC(=O)c1cc(O)c(O)c(O)c1.CC(N)=O,P-1,False,110.0,lowT,OC(=O)c1cc(O)c(O)c(O)c1,CC(N)=O
NUQKOA,NUQKOA,at 100 K,Nc1cccc(c1)C(O)=O.C(Cc1ccncc1)c1ccncc1,P-1,False,100.0,lowT,Nc1cccc(c1)C(O)=O,C(Cc1ccncc1)c1ccncc1
MEDNUG,MEDNUG,at 90 K,OC1C2OP(=O)([O-])OCC2OC1N1C=NC2=C1N=CNC2=O.[NH3+]C(CC1=C[NH+]=CN1)C(=O)[O-],P212121,False,90.0,lowT,OC1C2OP(=O)([O-])OCC2OC1N1C=NC2=C1N=CNC2=O,[NH3+]C(CC1=C[NH+]=CN1)C(=O)[O-]
HAPQUN,HAPQUN,100 K,O=C1NC(=C2C(=O)NC(=C12)C1=CC=CO1)C1=CC=CO1.CCCCCCCCC(O)=O,P-1,False,100.0,lowT,O=C1NC(=C2C(=O)NC(=C12)C1=CC=CO1)C1=CC=CO1,CCCCCCCCC(O)=O
IZUCIS,IZUCIS,113.2 K,O=C1CCCC1.ONC(=O)C=Cc1cccc(c1)S(=O)(=O)Nc1ccccc1,P21/c,False,113.0,lowT,O=C1CCCC1,ONC(=O)C=Cc1cccc(c1)S(=O)(=O)Nc1ccccc1
NUZTOT,NUZTOT,100 K,COc1ccc(C=CC(O)=O)cc1.c1cc(ccn1)c1ccncc1,P21/n,False,100.0,lowT,COc1ccc(C=CC(O)=O)cc1,c1cc(ccn1)c1ccncc1
IFILAM,IFILAM,at 93 K,CP(C)(C)=[NH+]N(c1ccccc1)c1ccccc1.FC(F)(F)S(=O)(=O)[O-],P212121,False,93.0,lowT,CP(C)(C)=[NH+]N(c1ccccc1)c1ccccc1,FC(F)(F)S(=O)(=O)[O-]
SUYYER,SUYYER,at 100 K,Oc1cccc2ccc[nH+]c12.OC(=O)CC(=O)[O-],P21/c,False,100.0,lowT,Oc1cccc2ccc[nH+]c12,OC(=O)CC(=O)[O-]
HONTIO,HONTIO,at 100 K,Cc1nc(C)c(C)nc1C.OC(=O)c1ccc(O)cc1,P21/c,False,100.0,lowT,Cc1nc(C)c(C)nc1C,OC(=O)c1ccc(O)cc1
KIGDOU,KIGDOU,at 100 K,CN1C=CN=C1C(O)(C1=NC=CN1C)C1=NC=CN1C.c1ccccc1,P-1,False,100.0,lowT,CN1C=CN=C1C(O)(C1=NC=CN1C)C1=NC=CN1C,c1ccccc1
TORDUC,TORDUC,100 K,C1=CN2C(=P[n+]3ccccc23)C=C1.FC(F)(F)S(=O)(=O)[O-],P-1,False,100.0,lowT,C1=CN2C(=P[n+]3ccccc23)C=C1,FC(F)(F)S(=O)(=O)[O-]
NITTAO,NITTAO,120 K,Clc1cc(cc(Cl)c1[O-])N(=O)=O.OCC[NH+]1CCCCC1,P-1,False,120.0,lowT,Clc1cc(cc(Cl)c1[O-])N(=O)=O,OCC[NH+]1CCCCC1
IVUREX,IVUREX,at 123 K,C[NH+](C)C(C)C(O)c1ccccc1.O=C([O-])c1ccccc1,Pbca,False,123.0,lowT,C[NH+](C)C(C)C(O)c1ccccc1,O=C([O-])c1ccccc1
FALSOC,FALSOC,at 110 K,Cc1ccnc(NS(=O)(=O)c2ccc(N)cc2)n1.CN(C)C=O,P-1,False,110.0,lowT,Cc1ccnc(NS(=O)(=O)c2ccc(N)cc2)n1,CN(C)C=O
BIRFIV,BIRFIV,123 K,OC1=[NH+]CCCCC1.Cc1ccc(cc1)S(=O)(=O)[O-],P-1,False,123.0,lowT,OC1=[NH+]CCCCC1,Cc1ccc(cc1)S(=O)(=O)[O-]
DUPFUQ,DUPFUQ,at 100 K,Nc1[nH+]cc(Cl)cc1.OC(=O)CCC(=O)[O-],P212121,False,100.0,lowT,Nc1[nH+]cc(Cl)cc1,OC(=O)CCC(=O)[O-]
UNEYOB,UNEYOB,100 K,O=C1C=CC(=O)C=C1.NC(=O)N1c2ccccc2C=Cc2ccccc12,P21/c,False,100.0,lowT,O=C1C=CC(=O)C=C1,NC(=O)N1c2ccccc2C=Cc2ccccc12
RIDSOQ,RIDSOQ,113.2 K,CCN1C=C(C(O)=O)C(=O)c2cnc(nc12)N1CC[NH2+]CC1.Oc1ccc(cc1O)C(=O)[O-],P-1,False,113.0,lowT,CCN1C=C(C(O)=O)C(=O)c2cnc(nc12)N1CC[NH2+]CC1,Oc1ccc(cc1O)C(=O)[O-]
LIBYAY,LIBYAY,at 90 K,Oc1ccc(cc1)C(=O)[O-].Nc1[nH+]nc(c(N)n1)c1cccc(Cl)c1Cl,P21/c,False,90.0,lowT,Oc1ccc(cc1)C(=O)[O-],Nc1[nH+]nc(c(N)n1)c1cccc(Cl)c1Cl
RAXYEY,RAXYEY,100 K,OC(=O)COC(=O)Cc1ccccc1Nc1c(Cl)cccc1Cl.C(Cc1ccncc1)c1ccncc1,P21/c,False,100.0,lowT,OC(=O)COC(=O)Cc1ccccc1Nc1c(Cl)cccc1Cl,C(Cc1ccncc1)c1ccncc1
ULECEU,ULECEU,at 110 K,Nc1ncccn1.OC(=O)C1(CCCC1)c1ccccc1,P21/n,False,110.0,lowT,Nc1ncccn1,OC(=O)C1(CCCC1)c1ccccc1
OKEJUK,OKEJUK,at 123 K,OC(=O)c1cc(O)cc(O)c1.ClCC#N,P-1,False,123.0,lowT,OC(=O)c1cc(O)cc(O)c1,ClCC#N
UGOWEU,UGOWEU,100 K,OC(=O)c1ccc(O)cc1.O=C1NC(=O)C=C1,P21/n,False,100.0,lowT,OC(=O)c1ccc(O)cc1,O=C1NC(=O)C=C1
DITJAS,DITJAS,at 100 K,Oc1c(Cl)c(Cl)c(Cl)c(Cl)c1Cl.Cc1cccnc1C,C2/c,False,100.0,lowT,Oc1c(Cl)c(Cl)c(Cl)c(Cl)c1Cl,Cc1cccnc1C
QULLUF02,QULLUF02,at 110 K,OC(=O)c1cc(O)ccc1O.CCOc1ccccc1C(N)=O,P21/n,False,110.0,lowT,OC(=O)c1cc(O)ccc1O,CCOc1ccccc1C(N)=O
DUVHAE,DUVHAE,at 98 K,Oc1cccc(O)c1.C1CN2CCN1CC2,P21/c,False,98.0,lowT,Oc1cccc(O)c1,C1CN2CCN1CC2
ZATGAG,ZATGAG,100 K,CN1C=CC(=O)C(=C1C)O.Oc1ccccc1O,Pbca,False,100.0,lowT,CN1C=CC(=O)C(=C1C)O,Oc1ccccc1O
GAXCEQ,GAXCEQ,100 K,[NH3+]C(C)CCO.Brc1ccc(cc1)C(=O)[O-],P21,False,100.0,lowT,[NH3+]C(C)CCO,Brc1ccc(cc1)C(=O)[O-]
LUWHEQ,LUWHEQ,at 120 K,COc1cc(Cc2c[nH+]c(N)nc2N)cc(OC)c1OC.Nc1ccc(cc1)S(=O)(=O)[O-],P21/c,False,120.0,lowT,COc1cc(Cc2c[nH+]c(N)nc2N)cc(OC)c1OC,Nc1ccc(cc1)S(=O)(=O)[O-]
GIKZUY,GIKZUY,100 K,OOC(=O)CC[NH+]1CCCCC1.CS(=O)(=O)[O-],Pna21,False,100.0,lowT,OOC(=O)CC[NH+]1CCCCC1,CS(=O)(=O)[O-]
HONSOT,HONSOT,at 100 K,OC(=O)c1cccc(O)c1.c1cnccn1,P21/n,False,100.0,lowT,OC(=O)c1cccc(O)c1,c1cnccn1
ZIYVAH,ZIYVAH,93 K,CC12C[NH2+]CCN1C(=NO2)c1ccccc1.CC1(C)C2CCC1(CS(=O)(=O)[O-])C(=O)C2,P212121,False,93.0,lowT,CC12C[NH2+]CCN1C(=NO2)c1ccccc1,CC1(C)C2CCC1(CS(=O)(=O)[O-])C(=O)C2
GIQHUM,GIQHUM,105 K,FC(F)(F)C(=O)[O-].O=C(Nc1ccccc1)Nc1[nH+]cccc1c1ccccc1,P-1,False,105.0,lowT,FC(F)(F)C(=O)[O-],O=C(Nc1ccccc1)Nc1[nH+]cccc1c1ccccc1
WOJNEO,WOJNEO,at 123 K,CC(C)(C)N1[P+]N(C(=C1)Cl)C(C)(C)C.FC(F)(F)S(=O)(=O)[O-],Pbca,False,123.0,lowT,CC(C)(C)N1[P+]N(C(=C1)Cl)C(C)(C)C,FC(F)(F)S(=O)(=O)[O-]
ZIYFAR,ZIYFAR,100 K,NC1=[NH+]c2ccc(OC(F)(F)F)cc2S1.O=C([O-])c1ccc(cc1)N(=O)=O,P21/c,False,100.0,lowT,NC1=[NH+]c2ccc(OC(F)(F)F)cc2S1,O=C([O-])c1ccc(cc1)N(=O)=O
IVEKOM,IVEKOM,100 K,OC(=O)CCCCCC(=O)[O-].CC[NH+](CC)CC(=O)Nc1c(C)cccc1C,P-1,False,100.0,lowT,OC(=O)CCCCCC(=O)[O-],CC[NH+](CC)CC(=O)Nc1c(C)cccc1C
MEWJIK,MEWJIK,100 K,c1cc(ccn1)c1ccncc1.CCOC(=S)Nc1ccccc1,P-1,False,100.0,lowT,c1cc(ccn1)c1ccncc1,CCOC(=S)Nc1ccccc1
HONVOW,HONVOW,at 100 K,c1cc(ccn1)C=Cc1ccncc1.OC(=O)c1ccc2cc(O)ccc2c1,P-1,False,100.0,lowT,c1cc(ccn1)C=Cc1ccncc1,OC(=O)c1ccc2cc(O)ccc2c1
TICROO,TICROO,at 100 K,Nc1ccc(cc1)S(=O)(=O)Nc1ncccn1.c1cc(ccn1)C#Cc1ccncc1,P-1,False,100.0,lowT,Nc1ccc(cc1)S(=O)(=O)Nc1ncccn1,c1cc(ccn1)C#Cc1ccncc1
PUCLEH,PUCLEH,93 K,Cc1ccc(cc1)S(=O)(=O)[O-].CC(O)=[NH+]c1ccc(O)cc1,P21/n,False,93.0,lowT,Cc1ccc(cc1)S(=O)(=O)[O-],CC(O)=[NH+]c1ccc(O)cc1
RUQSOM,RUQSOM,at 103 K,OC(=O)c1cc(ccc1C(=O)[O-])N(=O)=O.[NH3+]CCc1ccc(O)cc1,P21/c,False,103.0,lowT,OC(=O)c1cc(ccc1C(=O)[O-])N(=O)=O,[NH3+]CCc1ccc(O)cc1
GEBMEF,GEBMEF,at 105 K,CC(=O)OCC[N+](C)(C)C.O=N(=O)c1cc(c([O-])c(c1)N(=O)=O)N(=O)=O,Pbca,False,105.0,lowT,CC(=O)OCC[N+](C)(C)C,O=N(=O)c1cc(c([O-])c(c1)N(=O)=O)N(=O)=O
BULTUZ,BULTUZ,120 K,OC(=O)c1ccc(Br)cc1.N#Cc1ccncc1,P-1,False,120.0,lowT,OC(=O)c1ccc(Br)cc1,N#Cc1ccncc1
JAKPOB,JAKPOB,at 120 K,Oc1ccc(cc1)c1ccc(O)cc1.Nc1ccc(Oc2ccc(N)cc2)cc1,Pbcn,False,120.0,lowT,Oc1ccc(cc1)c1ccc(O)cc1,Nc1ccc(Oc2ccc(N)cc2)cc1
COBLAG,COBLAG,at 100 K,Oc1ccc(cc1)c1ccc(O)cc1.c1cc(ccn1)c1ccncc1,P-1,False,100.0,lowT,Oc1ccc(cc1)c1ccc(O)cc1,c1cc(ccn1)c1ccncc1
ENICOU,ENICOU,at 100 K,OC(=O)CCC(O)=O.CN1C(=C(O)c2ccccc2S1(=O)=O)C(=O)NC1=NC=C(C)S1,P-1,False,100.0,lowT,OC(=O)CCC(O)=O,CN1C(=C(O)c2ccccc2S1(=O)=O)C(=O)NC1=NC=C(C)S1
JIGJOB,JIGJOB,100 K,CS(C)=O.O=C1NC(=S)NC1(c1ccccc1)c1ccccc1,P21/n,False,100.0,lowT,CS(C)=O,O=C1NC(=S)NC1(c1ccccc1)c1ccccc1
PARWOV,PARWOV,at 100 K,O=C([O-])c1cccc(c1)N(=O)=O.COc1cc(Cc2c[nH+]c(N)nc2N)cc(OC)c1OC,Fdd2,False,100.0,lowT,O=C([O-])c1cccc(c1)N(=O)=O,COc1cc(Cc2c[nH+]c(N)nc2N)cc(OC)c1OC
NAQNAX,NAQNAX,100 K,NC1=Nc2ccc(OC(F)(F)F)cc2S1.OC(=O)CCCC(O)=O,C2/c,False,100.0,lowT,NC1=Nc2ccc(OC(F)(F)F)cc2S1,OC(=O)CCCC(O)=O
NIJLIE,NIJLIE,115 K,O=C([O-])C12CC3CC(CC(C3)C1)C2.NC(=O)C1[NH2+]CCC1,P21,False,115.0,lowT,O=C([O-])C12CC3CC(CC(C3)C1)C2,NC(=O)C1[NH2+]CCC1
KAYHID,KAYHID,at 120 K,O=C(Nc1ccccn1)c1cccnc1.OC(=O)CC(O)=O,C2/c,False,120.0,lowT,O=C(Nc1ccccn1)c1cccnc1,OC(=O)CC(O)=O
IWOQES01,IWOQES01,100 K,c1ccc2ncccc2c1.OP(O)(O)=O,P-1,False,100.0,lowT,c1ccc2ncccc2c1,OP(O)(O)=O
DINKAO,DINKAO,at 100 K,OC(=O)C=CC(=O)[O-].NC1=[NH+]C(=O)NC=C1F,P21/c,False,100.0,lowT,OC(=O)C=CC(=O)[O-],NC1=[NH+]C(=O)NC=C1F
FIVXIU,FIVXIU,100 K,FC(F)(F)S(=O)(=O)[O-].[NH3+]OS(C)(=O)=O,Pna21,False,100.0,lowT,FC(F)(F)S(=O)(=O)[O-],[NH3+]OS(C)(=O)=O
CATHUC,CATHUC,at 100 K,O=C([O-])C1=CC=CN1.[NH3+]C(C(O)c1ccccc1)c1ccccc1,P212121,False,100.0,lowT,O=C([O-])C1=CC=CN1,[NH3+]C(C(O)c1ccccc1)c1ccccc1
GOGQID,GOGQID,at 113 K,NC(=O)c1cccnc1.CCOC(=O)c1ccc(O)cc1,P21/n,False,113.0,lowT,NC(=O)c1cccnc1,CCOC(=O)c1ccc(O)cc1
IVUNIX,IVUNIX,at 123 K,C[NH+](C)C(C)C(O)c1ccccc1.CS(=O)(=O)[O-],P21,False,123.0,lowT,C[NH+](C)C(C)C(O)c1ccccc1,CS(=O)(=O)[O-]
KIHXOP,KIHXOP,at 100 K,Oc1cccc(c1)C#N.c1cc(ccn1)C=Cc1ccncc1,C2/c,False,100.0,lowT,Oc1cccc(c1)C#N,c1cc(ccn1)C=Cc1ccncc1
DARWOJ,DARWOJ,at 100 K,FC(F)(F)C(=O)[O-].COC(=O)C1[NH2+]C2C=C(Cl)CCC2(CCC#C)C1,P21,False,100.0,lowT,FC(F)(F)C(=O)[O-],COC(=O)C1[NH2+]C2C=C(Cl)CCC2(CCC#C)C1
HOFYOT,HOFYOT,100 K,NC(=O)c1ccncc1.OC(=O)CCCCCC(O)=O,P-1,False,100.0,lowT,NC(=O)c1ccncc1,OC(=O)CCCCCC(O)=O
COZZOH,COZZOH,at 100 K,Cc1nc(C)c(C)nc1C.Oc1ccc(O)cc1,P21/c,False,100.0,lowT,Cc1nc(C)c(C)nc1C,Oc1ccc(O)cc1
IVUPIZ,IVUPIZ,at 123 K,C[NH+](C)C(C)C(O)c1ccccc1.OC(=O)CC(=O)[O-],P1,False,123.0,lowT,C[NH+](C)C(C)C(O)c1ccccc1,OC(=O)CC(=O)[O-]
HIDCEG,HIDCEG,100 K,OC(=O)C=CC(=O)[O-].[NH3+]CC(CC(C)C)CC(O)=O,P-1,False,100.0,lowT,OC(=O)C=CC(=O)[O-],[NH3+]CC(CC(C)C)CC(O)=O
BAGFAS,BAGFAS,at 100 K,C[n+]1cccc(c1)B(O)O.CS(=O)(=O)[O-],P21/c,False,100.0,lowT,C[n+]1cccc(c1)B(O)O,CS(=O)(=O)[O-]
CILLOA,CILLOA,at 123 K,Cc1cccc(NC(=O)C(C)(C)C)n1.OC(=O)c1ccccc1,P21/c,False,123.0,lowT,Cc1cccc(NC(=O)C(C)(C)C)n1,OC(=O)c1ccccc1
ISIJEA,ISIJEA,at 120 K,NC(=O)c1ccncc1.OC(=O)CCCCCC(O)=O,P2/c,False,120.0,lowT,NC(=O)c1ccncc1,OC(=O)CCCCCC(O)=O
LODHIX,LODHIX,at 100 K,Oc1cc(cc(O)c1O)C(=O)[O-].NNC(=O)c1cc[nH+]cc1,P21,False,100.0,lowT,Oc1cc(cc(O)c1O)C(=O)[O-],NNC(=O)c1cc[nH+]cc1
XOKSUN,XOKSUN,at 110 K,OC(=O)c1cccc(O)c1.C1N2CN3CN1CN(C2)C3,Pccn,False,110.0,lowT,OC(=O)c1cccc(O)c1,C1N2CN3CN1CN(C2)C3
VUKPEY,VUKPEY,100 K,Cc1[nH+]cc(CO)c(CO)c1O.Oc1ccc(cc1)C(=O)[O-],C2/c,False,100.0,lowT,Cc1[nH+]cc(CO)c(CO)c1O,Oc1ccc(cc1)C(=O)[O-]
BIYGAT,BIYGAT,110.0 K,Fc1c(F)c([O-])c(F)c(F)c1Br.[NH2+]1CCSCC1,P-1,False,110.0,lowT,Fc1c(F)c([O-])c(F)c(F)c1Br,[NH2+]1CCSCC1
CEZCUH,CEZCUH,at 100 K,FC(F)(F)S(=O)(=O)[O-].FCCN1C=C[N+](=C1)c1ccccc1,P21/c,False,100.0,lowT,FC(F)(F)S(=O)(=O)[O-],FCCN1C=C[N+](=C1)c1ccccc1
KEFCEE,KEFCEE,at 100 K,OC(=O)CCCCCCCCC(O)=O.CC(=O)Nc1ccccn1,P-1,False,100.0,lowT,OC(=O)CCCCCCCCC(O)=O,CC(=O)Nc1ccccn1
JEGBAZ,JEGBAZ,at 100 K,C(N1C=CN=C1)c1ccc(CN2C=CN=C2)cc1.ON=C(C#N)c1ccc(Br)cc1,P21/c,False,100.0,lowT,C(N1C=CN=C1)c1ccc(CN2C=CN=C2)cc1,ON=C(C#N)c1ccc(Br)cc1
MUPNIV,MUPNIV,at 100 K,NC(=O)c1cccnc1.COc1cc(C=CC(O)=O)ccc1O,P21/n,False,100.0,lowT,NC(=O)c1cccnc1,COc1cc(C=CC(O)=O)ccc1O
EJEDUU,EJEDUU,123 K,Cc1ccc(cc1)S(=O)(=O)[O-].COc1ccc2C3[NH+](CCc2c1)CC1CCC3C1,P-1,False,123.0,lowT,Cc1ccc(cc1)S(=O)(=O)[O-],COc1ccc2C3[NH+](CCc2c1)CC1CCC3C1
EXISOW,EXISOW,99.9 K,OCC[NH2+]CCO.Oc1c(ccc2ccccc12)C(=O)[O-],P21/n,False,99.0,lowT,OCC[NH2+]CCO,Oc1c(ccc2ccccc12)C(=O)[O-]
CISDEP,CISDEP,at 100 K,FC(F)(F)S(=O)(=O)[O-].C[N+]1=CN(N=C1)c1ccc(cc1N(=O)=O)N(=O)=O,P212121,False,100.0,lowT,FC(F)(F)S(=O)(=O)[O-],C[N+]1=CN(N=C1)c1ccc(cc1N(=O)=O)N(=O)=O
FOMFIX,FOMFIX,at 120 K,OC(=O)c1cc(ccc1C(=O)[O-])N(=O)=O.[NH3+]c1ccc(Br)cc1,C2/c,False,120.0,lowT,OC(=O)c1cc(ccc1C(=O)[O-])N(=O)=O,[NH3+]c1ccc(Br)cc1
QUKKOY,QUKKOY,100 K,Nc1ccc(Cl)cn1.Cc1cccc(c1)C(O)=O,P21/c,False,100.0,lowT,Nc1ccc(Cl)cn1,Cc1cccc(c1)C(O)=O
LIYBUT,LIYBUT,120 K,CN(C)C=O.Clc1ccc(NC(=S)N2CCOCC2)cc1,P-1,False,120.0,lowT,CN(C)C=O,Clc1ccc(NC(=S)N2CCOCC2)cc1
DIGCIG,DIGCIG,at 100 K,O=C(Nc1c[nH+]ccc1)Nc1cccnc1.OC(=O)CCCCC(=O)[O-],P-1,False,100.0,lowT,O=C(Nc1c[nH+]ccc1)Nc1cccnc1,OC(=O)CCCCC(=O)[O-]
DUVCIH,DUVCIH,at 100 K,Nc1[nH+]cc(Br)cc1.Oc1ccccc1C(=O)[O-],P21/c,False,100.0,lowT,Nc1[nH+]cc(Br)cc1,Oc1ccccc1C(=O)[O-]
XETHEN,XETHEN,100 K,OC(=O)C(=O)[O-].C[NH+]1CC(O)c2cc(O)ccc2C1c1cccc(O)c1,P212121,False,100.0,lowT,OC(=O)C(=O)[O-],C[NH+]1CC(O)c2cc(O)ccc2C1c1cccc(O)c1
XUYVAO,XUYVAO,at 105 K,OC(=O)C1[NH2+]CCC1.ClC(Cl)(Cl)C(=O)[O-],P31,False,105.0,lowT,OC(=O)C1[NH2+]CCC1,ClC(Cl)(Cl)C(=O)[O-]
WEKDID01,WEKDID01,100 K,NC(=O)c1ccccc1.NC(=O)N1c2ccccc2C=Cc2ccccc12,P21/n,False,100.0,lowT,NC(=O)c1ccccc1,NC(=O)N1c2ccccc2C=Cc2ccccc12
CURFOM,CURFOM,105 K,C[NH2+]C(C)C(O)c1ccccc1.CC(C)CC(CN(=O)=O)C(=O)[O-],P21,False,105.0,lowT,C[NH2+]C(C)C(O)c1ccccc1,CC(C)CC(CN(=O)=O)C(=O)[O-]
VEMPOV,VEMPOV,100 K,[O-]N=C(C#N)C#N.CSC(N)=[NH2+],P-1,False,100.0,lowT,[O-]N=C(C#N)C#N,CSC(N)=[NH2+]
IPEKUM,IPEKUM,100 K,NC=S.CCOC(C)=O,Pnma,False,100.0,lowT,NC=S,CCOC(C)=O
EYEGOG,EYEGOG,93 K,c1cc(ccn1)C=Cc1ccncc1.CCOc1ccc(cc1)C(O)=O,P-1,False,93.0,lowT,c1cc(ccn1)C=Cc1ccncc1,CCOc1ccc(cc1)C(O)=O
SOYQED,SOYQED,at 120 K,CS(=O)(=O)[O-].CC(=[OH+])NC12CC3CC(CC(C3)C1)C2,Pbca,False,120.0,lowT,CS(=O)(=O)[O-],CC(=[OH+])NC12CC3CC(CC(C3)C1)C2
KOBHIW,KOBHIW,100 K,NC1=N[N+]2(CCSCC2)CC1.O=N(=O)c1ccccc1S(=O)(=O)[O-],P21/n,False,100.0,lowT,NC1=N[N+]2(CCSCC2)CC1,O=N(=O)c1ccccc1S(=O)(=O)[O-]
IFOSUT,IFOSUT,at 100 K,C[N+]1=CN(C=C1)C1=Cc2ccccc2OC1=O.O=N(=O)c1cc(c([O-])c(c1)N(=O)=O)N(=O)=O,P21,False,100.0,lowT,C[N+]1=CN(C=C1)C1=Cc2ccccc2OC1=O,O=N(=O)c1cc(c([O-])c(c1)N(=O)=O)N(=O)=O
BURXUJ,BURXUJ,120 K,FC(F)(F)S(=O)(=O)[O-].C[NH2+]CCN(C)C(=O)Nc1cccc2cccnc12,Pbca,False,120.0,lowT,FC(F)(F)S(=O)(=O)[O-],C[NH2+]CCN(C)C(=O)Nc1cccc2cccnc12
XUMMAW,XUMMAW,100.0 K,[NH3+]C(CO)(CO)CO.OC(=O)CC(=O)[O-],P21/c,False,100.0,lowT,[NH3+]C(CO)(CO)CO,OC(=O)CC(=O)[O-]
EQOSEL,EQOSEL,100 K,FC(F)COCc1cc[nH+]cc1.O=C1[N-]S(=O)(=O)c2ccccc12,P-1,False,100.0,lowT,FC(F)COCc1cc[nH+]cc1,O=C1[N-]S(=O)(=O)c2ccccc12
YARPAL,YARPAL,93 K,FC(F)(F)S(=O)(=O)[O-].Fc1c(F)c(F)c2c3ccccc3c3cccc[n+]3c2c1F,P-1,False,93.0,lowT,FC(F)(F)S(=O)(=O)[O-],Fc1c(F)c(F)c2c3ccccc3c3cccc[n+]3c2c1F
NUZTUZ,NUZTUZ,100 K,COc1ccc(C=CC(O)=O)cc1.NC(=O)c1ccncc1,P-1,False,100.0,lowT,COc1ccc(C=CC(O)=O)cc1,NC(=O)c1ccncc1
HEXYIT,HEXYIT,at 100 K,FC(F)(F)C(=O)[O-].CC(NC(=S)C1[NH2+]CCC1)c1ccccc1,P21,False,100.0,lowT,FC(F)(F)C(=O)[O-],CC(NC(=S)C1[NH2+]CCC1)c1ccccc1
PEXTUK,PEXTUK,100 K,[NH3+]Cc1cccc(Cl)c1.O=C[O-],P21/c,False,100.0,lowT,[NH3+]Cc1cccc(Cl)c1,O=C[O-]
FUHMUT,FUHMUT,100.1 K,FC(F)(F)S(=O)(=O)[N-]S(=O)(=O)C(F)(F)F.Cc1ccc(cc1)C(F)(F)[n+]1ccccc1,P-1,False,100.0,lowT,FC(F)(F)S(=O)(=O)[N-]S(=O)(=O)C(F)(F)F,Cc1ccc(cc1)C(F)(F)[n+]1ccccc1
ULUKOE,ULUKOE,100.2 K,COc1ccc(cc1OC)C(=NO)C#N.CS(C)=O,Pna21,False,100.0,lowT,COc1ccc(cc1OC)C(=NO)C#N,CS(C)=O
MUDSIN,MUDSIN,at 100 K,C1N2CN3CN1CN(C2)C3.CCC1(CC)C(=O)NC(=O)NC1=O,Pbca,False,100.0,lowT,C1N2CN3CN1CN(C2)C3,CCC1(CC)C(=O)NC(=O)NC1=O
YAJHUO,YAJHUO,at 120 K,CC(=O)[O-].NC(=[NH2+])NC1=Nc2ccccc2S1,Pca21,False,120.0,lowT,CC(=O)[O-],NC(=[NH2+])NC1=Nc2ccccc2S1
UYOCAN,UYOCAN,at 100 K,FC(F)(F)S(=O)(=O)[O-].C[n+]1ccc(Nc2ccccc2)cc1Cl,P21/c,False,100.0,lowT,FC(F)(F)S(=O)(=O)[O-],C[n+]1ccc(Nc2ccccc2)cc1Cl
SUZZIX,SUZZIX,at 100 K,Nc1[nH+]cc(Br)cc1.OC(=O)c1cc(ccc1O)S(=O)(=O)[O-],P-1,False,100.0,lowT,Nc1[nH+]cc(Br)cc1,OC(=O)c1cc(ccc1O)S(=O)(=O)[O-]
CEZCOB,CEZCOB,at 100 K,FC(F)(F)S(=O)(=O)[O-].FCCN1C=N[N+](=C1)c1ccccc1,P21/n,False,100.0,lowT,FC(F)(F)S(=O)(=O)[O-],FCCN1C=N[N+](=C1)c1ccccc1
ATAYIG,ATAYIG,100 K,c1cc(ccn1)c1ccncc1.CCCNC(=O)NS(=O)(=O)c1ccc(Cl)cc1,P21/c,False,100.0,lowT,c1cc(ccn1)c1ccncc1,CCCNC(=O)NS(=O)(=O)c1ccc(Cl)cc1
TENNUX,TENNUX,at 110 K,CN1C=NC2=C1C(=O)N(C)C(=O)N2C.OC(=O)COc1ccc(C=O)cc1,P21/n,False,110.0,lowT,CN1C=NC2=C1C(=O)N(C)C(=O)N2C,OC(=O)COc1ccc(C=O)cc1
PUMGOW,PUMGOW,120 K,NNC(=O)c1ccncc1.OC(=O)C=Cc1cccc(O)c1,P21/n,False,120.0,lowT,NNC(=O)c1ccncc1,OC(=O)C=Cc1cccc(O)c1
PETQEM,PETQEM,at 120 K,c1cncc(c1)N=Nc1cccnc1.OC(=O)c1c(F)c(F)c(Br)c(F)c1F,P21/c,False,120.0,lowT,c1cncc(c1)N=Nc1cccnc1,OC(=O)c1c(F)c(F)c(Br)c(F)c1F
WINMIQ,WINMIQ,at 120 K,Nc1nc(N)nc(n1)c1ccccc1.CC=CC=CC(O)=O,C2/c,False,120.0,lowT,Nc1nc(N)nc(n1)c1ccccc1,CC=CC=CC(O)=O
DIHSAS,DIHSAS,100 K,CCOP(=O)([O-])OCC.CCOP(=O)(Nc1[nH+]c(N)ccc1)OCC,P21/n,False,100.0,lowT,CCOP(=O)([O-])OCC,CCOP(=O)(Nc1[nH+]c(N)ccc1)OCC
HIDRAP,HIDRAP,at 120 K,Cc1cc2N=CN(Cc3ccncc3)c2cc1C.ON=C(C#N)c1ccc(O)cc1,P-1,False,120.0,lowT,Cc1cc2N=CN(Cc3ccncc3)c2cc1C,ON=C(C#N)c1ccc(O)cc1
SOYGAP,SOYGAP,at 100 K,CC(=O)c1[nH+]cccc1.OC1=C(Br)C(=O)C(=C(Br)C1=O)[O-],P21/c,False,100.0,lowT,CC(=O)c1[nH+]cccc1,OC1=C(Br)C(=O)C(=C(Br)C1=O)[O-]
UGOTUH,UGOTUH,100 K,OC(=O)c1ccc(O)cc1.O=C1CCC(=O)N1,P-1,False,100.0,lowT,OC(=O)c1ccc(O)cc1,O=C1CCC(=O)N1
ZIYRUY,ZIYRUY,100 K,c1cc(ccn1)c1ccncc1.CC(C)c1ccc(C)cc1O,P21/c,False,100.0,lowT,c1cc(ccn1)c1ccncc1,CC(C)c1ccc(C)cc1O
KAYGUO,KAYGUO,at 120 K,O=C(Nc1ccccn1)c1ccncc1.OC(=O)CCC(O)=O,P-1,False,120.0,lowT,O=C(Nc1ccccn1)c1ccncc1,OC(=O)CCC(O)=O
IVUQUM,IVUQUM,at 123 K,Clc1cccc(c1)C(=O)[O-].C[NH+](C)C(C)C(O)c1ccccc1,C2/c,False,123.0,lowT,Clc1cccc(c1)C(=O)[O-],C[NH+](C)C(C)C(O)c1ccccc1
WAPQIP,WAPQIP,at 100 K,[NH3+]C(C(C)C)C(=O)OC.Cc1ccc(cc1)C=CC(=O)[O-],P212121,False,100.0,lowT,[NH3+]C(C(C)C)C(=O)OC,Cc1ccc(cc1)C=CC(=O)[O-]
UGOWIY,UGOWIY,100 K,OC(=O)c1ccc(O)cc1O.O=C1NC(=O)C=C1,I2/a,False,100.0,lowT,OC(=O)c1ccc(O)cc1O,O=C1NC(=O)C=C1
JUDPEG,JUDPEG,100 K,Cc1c(Cl)cccc1Nc1ccccc1C(O)=O.CN(C)C=O,P-1,False,100.0,lowT,Cc1c(Cl)cccc1Nc1ccccc1C(O)=O,CN(C)C=O
QOSWOM,QOSWOM,at 100 K,[NH3+]C(C(O)c1ccccc1)c1ccccc1.O=C([O-])CC1=CSc2ccccc12,P21,False,100.0,lowT,[NH3+]C(C(O)c1ccccc1)c1ccccc1,O=C([O-])CC1=CSc2ccccc12
HAHKOT,HAHKOT,100 K,CC(C)(C)C(=O)[O-].[NH3+]CCO,P21/c,False,100.0,lowT,CC(C)(C)C(=O)[O-],[NH3+]CCO
JOWZIG,JOWZIG,at 100 K,NC(=O)c1ccncc1.OC(=O)c1cnccn1,P-1,False,100.0,lowT,NC(=O)c1ccncc1,OC(=O)c1cnccn1
IFUSOS,IFUSOS,at 100.00 K,C[n+]1ccc(cc1)C=CC1=CC=CS1.Cc1ccc(cc1)S(=O)(=O)[O-],P-1,False,100.0,lowT,C[n+]1ccc(cc1)C=CC1=CC=CS1,Cc1ccc(cc1)S(=O)(=O)[O-]
WATREP,WATREP,at 100 K,Cc1nc(C)c(C)nc1C.OC1=C(Cl)C(=O)C(=C(Cl)C1=O)O,P21/c,False,100.0,lowT,Cc1nc(C)c(C)nc1C,OC1=C(Cl)C(=O)C(=C(Cl)C1=O)O
ZILPET,ZILPET,100.2 K,FC(F)(F)C(=O)[O-].O=C1COCC2(CC[NH2+]CC2)N1Cc1ccccc1,Pbcn,False,100.0,lowT,FC(F)(F)C(=O)[O-],O=C1COCC2(CC[NH2+]CC2)N1Cc1ccccc1
YAXPEW,YAXPEW,100 K,CC(=O)[O-].[NH3+]c1ccccc1O,P21/c,False,100.0,lowT,CC(=O)[O-],[NH3+]c1ccccc1O
HOLWOW,HOLWOW,at 100 K,CN1C=NC2=C1C(=O)N(C)C(=O)N2C.CC(=CC(O)=O)C(O)=O,Cc,False,100.0,lowT,CN1C=NC2=C1C(=O)N(C)C(=O)N2C,CC(=CC(O)=O)C(O)=O
UBUJIM03,UBUJIM03,at 100 K,c1cc(ccn1)c1ccncc1.Cc1cc(O)cc(O)c1,P21/n,False,100.0,lowT,c1cc(ccn1)c1ccncc1,Cc1cc(O)cc(O)c1
SUZQOU,SUZQOU,at 100 K,N#Cc1ccc2ccccc2n1.OC(=O)C=CC(O)=O,P21/c,False,100.0,lowT,N#Cc1ccc2ccccc2n1,OC(=O)C=CC(O)=O
VIPXUP,VIPXUP,98 K,C(Cc1ccncc1)c1ccncc1.Nc1ccccc1C(O)=O,P21/c,False,98.0,lowT,C(Cc1ccncc1)c1ccncc1,Nc1ccccc1C(O)=O
FUHDAO,FUHDAO,at 110 K,Cc1ccc(cc1NC(N)=[NH2+])N(=O)=O.O=N(=O)c1cc(c([O-])c(c1)N(=O)=O)N(=O)=O,P-1,False,110.0,lowT,Cc1ccc(cc1NC(N)=[NH2+])N(=O)=O,O=N(=O)c1cc(c([O-])c(c1)N(=O)=O)N(=O)=O
OCAMUC,OCAMUC,at 98 K,Nc1ccccc1C(O)=O.S(Sc1ccncc1)c1ccncc1,Cc,False,98.0,lowT,Nc1ccccc1C(O)=O,S(Sc1ccncc1)c1ccncc1
WIGWUG,WIGWUG,at 100 K,Nc1[nH+]cc(Br)cc1.Oc1ccc(Cl)cc1C(=O)[O-],P21,False,100.0,lowT,Nc1[nH+]cc(Br)cc1,Oc1ccc(Cl)cc1C(=O)[O-]
DUTSOB,DUTSOB,at 98 K,Cc1ccc2ccc3ccc(C)nc3c2n1.OC(=O)c1ccccc1,P21/c,False,98.0,lowT,Cc1ccc2ccc3ccc(C)nc3c2n1,OC(=O)c1ccccc1
XITROJ,XITROJ,at 100 K,[NH3+]Cc1ccccc1Br.O=C([O-])c1ccc2ccccc2c1,P-1,False,100.0,lowT,[NH3+]Cc1ccccc1Br,O=C([O-])c1ccc2ccccc2c1
VEKZUI,VEKZUI,at 100 K,[NH3+]C(C(O)c1ccccc1)c1ccccc1.O=C([O-])C1=Cc2ccccc2S1,C2,False,100.0,lowT,[NH3+]C(C(O)c1ccccc1)c1ccccc1,O=C([O-])C1=Cc2ccccc2S1
QAMBEO,QAMBEO,110 K,C[NH+]=C1N(C)C2C(N(C)C(=O)N2C)N1C.FC(F)(F)S(=O)(=O)[O-],P21/n,False,110.0,lowT,C[NH+]=C1N(C)C2C(N(C)C(=O)N2C)N1C,FC(F)(F)S(=O)(=O)[O-]
QEPXEQ,QEPXEQ,at 100 K,FC(F)(F)C(=O)[O-].CN1C(=C(O)c2ccccc2S1(=O)=O)C(=O)NC1=[NH+]C=C(C)S1,P-1,False,100.0,lowT,FC(F)(F)C(=O)[O-],CN1C(=C(O)c2ccccc2S1(=O)=O)C(=O)NC1=[NH+]C=C(C)S1
CIZPEH,CIZPEH,at 120 K,OB(O)O.COc1ccc(OC)nn1,P21/c,False,120.0,lowT,OB(O)O,COc1ccc(OC)nn1
JAKDIM,JAKDIM,93 K,c1cc(ccn1)c1ccncc1.Brc1ccc(cc1)S(=O)(=O)Nc1cccc(Br)c1,P-1,False,93.0,lowT,c1cc(ccn1)c1ccncc1,Brc1ccc(cc1)S(=O)(=O)Nc1cccc(Br)c1
ENIBUZ,ENIBUZ,at 100 K,OC(=O)CCCC(O)=O.CN1C(=C(O)c2ccccc2S1(=O)=O)C(=O)NC1=NC=C(C)S1,P-1,False,100.0,lowT,OC(=O)CCCC(O)=O,CN1C(=C(O)c2ccccc2S1(=O)=O)C(=O)NC1=NC=C(C)S1
SAYMUB01,SAYMUB01,at 100 K,OC(=O)c1cc(cc(c1)C(O)=O)C(O)=O.C(Cc1ccncc1)c1ccncc1,Pbca,False,100.0,lowT,OC(=O)c1cc(cc(c1)C(O)=O)C(O)=O,C(Cc1ccncc1)c1ccncc1
MEDBAA,MEDBAA,at 123 K,[NH3+]CCc1ccc(O)cc1.O=C([O-])c1ccccc1,P21,False,123.0,lowT,[NH3+]CCc1ccc(O)cc1,O=C([O-])c1ccccc1
OVIMAJ,OVIMAJ,97 K,FC(F)(F)C(=O)[O-].CCCC(=O)CC1[NH2+]C(CC1)C(=O)OC,P212121,False,97.0,lowT,FC(F)(F)C(=O)[O-],CCCC(=O)CC1[NH2+]C(CC1)C(=O)OC
HOFSAX,HOFSAX,at 100 K,Cc1ccc(cc1)S(=O)(=O)[O-].OC(=O)C[NH2+]CC(O)=O,Pbca,False,100.0,lowT,Cc1ccc(cc1)S(=O)(=O)[O-],OC(=O)C[NH2+]CC(O)=O
BALNEK,BALNEK,100 K,[NH3+]C(C(O)=O)c1ccccc1.CS(=O)(=O)[O-],P21/c,False,100.0,lowT,[NH3+]C(C(O)=O)c1ccccc1,CS(=O)(=O)[O-]
VODWIV,VODWIV,at 90 K,NC1=NN=NN1NC1=NN=C(NN2N=NN=C2N)N=N1.CS(C)=O,P-1,False,90.0,lowT,NC1=NN=NN1NC1=NN=C(NN2N=NN=C2N)N=N1,CS(C)=O
EYEGUM,EYEGUM,93 K,c1cc(ccn1)C=Cc1ccncc1.CCCOc1ccc(cc1)C(O)=O,Pc,False,93.0,lowT,c1cc(ccn1)C=Cc1ccncc1,CCCOc1ccc(cc1)C(O)=O
LEZTET,LEZTET,120 K,OC(=O)c1c(F)c(F)c(F)c(F)c1F.O=C1Nc2cccc3cccc1c23,P21/n,False,120.0,lowT,OC(=O)c1c(F)c(F)c(F)c(F)c1F,O=C1Nc2cccc3cccc1c23
BALFAZ,BALFAZ,120 K,Clc1cccc(c1)C(=O)[O-].NC1=N[N+]2(CCOCC2)CC1,C2/c,False,120.0,lowT,Clc1cccc(c1)C(=O)[O-],NC1=N[N+]2(CCOCC2)CC1
PEXTAQ,PEXTAQ,100.0 K,[NH3+]Cc1ccc(OC)cc1.O=C[O-],Cc,False,100.0,lowT,[NH3+]Cc1ccc(OC)cc1,O=C[O-]
DUNFUQ,DUNFUQ,100 K,OC(C(O)C(=O)[O-])C(O)=O.[NH3+]C1CN(CC1C1CC1)C(=O)OC(C)(C)C,P41,False,100.0,lowT,OC(C(O)C(=O)[O-])C(O)=O,[NH3+]C1CN(CC1C1CC1)C(=O)OC(C)(C)C
JIPZEO,JIPZEO,at 100 K,[NH3+]c1ccccc1OC(=O)SC.FC(F)(F)S(=O)(=O)[O-],Pca21,False,100.0,lowT,[NH3+]c1ccccc1OC(=O)SC,FC(F)(F)S(=O)(=O)[O-]
PAKRIG,PAKRIG,100 K,Oc1cccc(c1)C(=O)[O-].CCc1[nH+]c(N)nc(N)c1c1ccc(Cl)cc1,C2/c,False,100.0,lowT,Oc1cccc(c1)C(=O)[O-],CCc1[nH+]c(N)nc(N)c1c1ccc(Cl)cc1
MOZBEK,MOZBEK,120 K,Nc1ncccn1.OC(=O)c1ccccc1Br,P21/c,False,120.0,lowT,Nc1ncccn1,OC(=O)c1ccccc1Br
IBIYUP,IBIYUP,at 123 K,C1N2CN3CN1CN(C2)C3.BrN1C(=O)CCC1=O,Pn,False,123.0,lowT,C1N2CN3CN1CN(C2)C3,BrN1C(=O)CCC1=O
HUFZUE,HUFZUE,at 110 K,O=C1CC2(CCCCC2)CN1.OC1=C(Cl)C(=O)C(=C(Cl)C1=O)O,P-1,False,110.0,lowT,O=C1CC2(CCCCC2)CN1,OC1=C(Cl)C(=O)C(=C(Cl)C1=O)O
UHACEM,UHACEM,at 120 K,OC(=O)CCC(O)=O.O=C1CCCN1,P-1,False,120.0,lowT,OC(=O)CCC(O)=O,O=C1CCCN1
SAYMUB,SAYMUB,at 100 K,OC(=O)c1cc(cc(c1)C(O)=O)C(O)=O.C(Cc1ccncc1)c1ccncc1,P21/n,False,100.0,lowT,OC(=O)c1cc(cc(c1)C(O)=O)C(O)=O,C(Cc1ccncc1)c1ccncc1
QUHRES,QUHRES,100 K,N#Cc1ccncc1.COc1cc(C=CC(O)=O)cc(OC)c1O,P21/c,False,100.0,lowT,N#Cc1ccncc1,COc1cc(C=CC(O)=O)cc(OC)c1O
AJAHOI,AJAHOI,at 90 K,OC(=O)c1cc(O)c(cc1O)C(O)=O.O=C1CNC(=O)CN1,P-1,False,90.0,lowT,OC(=O)c1cc(O)c(cc1O)C(O)=O,O=C1CNC(=O)CN1
MUMXEA,MUMXEA,100.0 K,Clc1ccc(cc1)N=Cc1cc[nH+]cc1.O=C([O-])c1cc(cc(c1)N(=O)=O)N(=O)=O,P21/n,False,100.0,lowT,Clc1ccc(cc1)N=Cc1cc[nH+]cc1,O=C([O-])c1cc(cc(c1)N(=O)=O)N(=O)=O
JAKDAE,JAKDAE,93 K,COc1ccc(NS(=O)(=O)c2cccc(Cl)c2)cc1OC.c1cc(ccn1)c1ccncc1,P-1,False,93.0,lowT,COc1ccc(NS(=O)(=O)c2cccc(Cl)c2)cc1OC,c1cc(ccn1)c1ccncc1
ACESUY,ACESUY,at 100 K,OC(=O)CCC(O)=O.CN1N=NC2=C(N=CN2C1=O)C(N)=O,P21/n,False,100.0,lowT,OC(=O)CCC(O)=O,CN1N=NC2=C(N=CN2C1=O)C(N)=O
JEMTEE,JEMTEE,120 K,CC(=O)Nc1ccc(O)cc1.OC(=O)C=CC(O)=O,P-1,False,120.0,lowT,CC(=O)Nc1ccc(O)cc1,OC(=O)C=CC(O)=O
KIGKER,KIGKER,at 120 K,CN1C=NC2=C1C(=O)N(C)C(=O)N2C.OC(=O)CC(O)(CC(O)=O)C(O)=O,P-1,False,120.0,lowT,CN1C=NC2=C1C(=O)N(C)C(=O)N2C,OC(=O)CC(O)(CC(O)=O)C(O)=O
LIMCET,LIMCET,100.2 K,[NH3+]C(C(O)=O)c1cccc2ccccc12.CC1(C)C2CCC1(CS(=O)(=O)[O-])C(=O)C2,P212121,False,100.0,lowT,[NH3+]C(C(O)=O)c1cccc2ccccc12,CC1(C)C2CCC1(CS(=O)(=O)[O-])C(=O)C2
BUVZIC,BUVZIC,at 100 K,NC1=CC2=Nc3ccccc3OC2=CC1=O.Oc1c(Cl)c(Cl)c(O)c(Cl)c1Cl,P-1,False,100.0,lowT,NC1=CC2=Nc3ccccc3OC2=CC1=O,Oc1c(Cl)c(Cl)c(O)c(Cl)c1Cl
GUDVAE,GUDVAE,at 100 K,OC(=O)CCCCC(O)=O.c1cnccn1,P-1,False,100.0,lowT,OC(=O)CCCCC(O)=O,c1cnccn1
WAYVEZ,WAYVEZ,at 100 K,C[n+]1ccc(cc1)B(O)O.CS(=O)(=O)[O-],P-1,False,100.0,lowT,C[n+]1ccc(cc1)B(O)O,CS(=O)(=O)[O-]
TOQKAN,TOQKAN,at 105 K,O=C1C(=O)C(=C1NCc1ccccn1)NCc1ccccn1.OC(=O)C=CC(O)=O,C2/c,False,105.0,lowT,O=C1C(=O)C(=C1NCc1ccccn1)NCc1ccccn1,OC(=O)C=CC(O)=O
SAYNUD,SAYNUD,at 100 K,OC(=O)c1cccc(O)c1.O=C(NN=C1CCCCCCC1)c1ccncc1,P21/c,False,100.0,lowT,OC(=O)c1cccc(O)c1,O=C(NN=C1CCCCCCC1)c1ccncc1
UGOVET,UGOVET,100 K,O=C1CCC(=O)N1.OC(=O)c1ccc(O)c(O)c1,P21/c,False,100.0,lowT,O=C1CCC(=O)N1,OC(=O)c1ccc(O)c(O)c1
VUNRON,VUNRON,100 K,OC1=C(Br)C(=O)C(=C(Br)C1=O)O.Cc1cncc(C)n1,P21/c,False,100.0,lowT,OC1=C(Br)C(=O)C(=C(Br)C1=O)O,Cc1cncc(C)n1
UBUPEP,UBUPEP,85 K,FC1=C(F)C(=O)C(=C(F)C1=O)F.Nc1cccc2c(N)cccc12,P21/c,False,85.0,lowT,FC1=C(F)C(=O)C(=C(F)C1=O)F,Nc1cccc2c(N)cccc12
YIKQIU,YIKQIU,at 100 K,Cc1cc[nH+]cc1Br.OC1=C(Br)C(=O)C(=C(Br)C1=O)[O-],P21/c,False,100.0,lowT,Cc1cc[nH+]cc1Br,OC1=C(Br)C(=O)C(=C(Br)C1=O)[O-]
NEQNEF,NEQNEF,120 K,OC(=O)CCC(O)=O.CC1=CN=C(NC(=O)c2ccccc2)S1,P21/c,False,120.0,lowT,OC(=O)CCC(O)=O,CC1=CN=C(NC(=O)c2ccccc2)S1
WUZPAL,WUZPAL,100 K,Fc1ccc2NC(=O)c3cc(F)ccc3NC(=O)c2c1.C1CCOC1,P21/n,False,100.0,lowT,Fc1ccc2NC(=O)c3cc(F)ccc3NC(=O)c2c1,C1CCOC1
JAKBEG,JAKBEG,93 K,COc1ccc(NS(=O)(=O)c2cccc(C)c2)cc1.c1cc(ccn1)c1ccncc1,C2/c,False,93.0,lowT,COc1ccc(NS(=O)(=O)c2cccc(C)c2)cc1,c1cc(ccn1)c1ccncc1
GOMDET,GOMDET,90 K,CN1C=NC2=C1C(=O)N(C)C(=O)N2C.OC(=O)CCSc1ccccc1,P21/m,False,90.0,lowT,CN1C=NC2=C1C(=O)N(C)C(=O)N2C,OC(=O)CCSc1ccccc1
LOFLAV,LOFLAV,100 K,NS(=O)(=O)c1cc(C(O)=O)c(NCC2=CC=CO2)cc1Cl.Nc1ccc(cc1)C(O)=O,P21/n,False,100.0,lowT,NS(=O)(=O)c1cc(C(O)=O)c(NCC2=CC=CO2)cc1Cl,Nc1ccc(cc1)C(O)=O
NAJMUK,NAJMUK,116.7 K,OC(=O)CC(=O)[O-].CC(O)C[NH+](CC(C)O)CC(C)O,P21/n,False,116.0,lowT,OC(=O)CC(=O)[O-],CC(O)C[NH+](CC(C)O)CC(C)O
NERZET,NERZET,120 K,[NH3+]CCCO.CS(=O)(=O)[O-],P21,False,120.0,lowT,[NH3+]CCCO,CS(=O)(=O)[O-]
RORNAP,RORNAP,at 120 K,OB(O)c1ccc(Br)cc1.c1cc(ccn1)c1ccncc1,P21/n,False,120.0,lowT,OB(O)c1ccc(Br)cc1,c1cc(ccn1)c1ccncc1
ZATHIP,ZATHIP,100 K,CN1C=CC(=O)C(=C1C)O.Oc1cccc(O)c1O,C2/c,False,100.0,lowT,CN1C=CC(=O)C(=C1C)O,Oc1cccc(O)c1O
WOBPUB,WOBPUB,104 K,[NH3+]C(CC1=CNC=[NH+]1)C(=O)[O-].Oc1cc(O)cc(c1)C(=O)[O-],P21,False,104.0,lowT,[NH3+]C(CC1=CNC=[NH+]1)C(=O)[O-],Oc1cc(O)cc(c1)C(=O)[O-]
PAQMIG,PAQMIG,100 K,NC(=O)c1ccncc1.OC(=O)c1ccccn1,P-1,False,100.0,lowT,NC(=O)c1ccncc1,OC(=O)c1ccccn1
RINQUC,RINQUC,at 100.0 K,O=N(=O)c1cccc(c1)S(=O)(=O)[O-].CN(C)C1=CC=C(S1)C=Cc1cc[n+](C)cc1,P1,False,100.0,lowT,O=N(=O)c1cccc(c1)S(=O)(=O)[O-],CN(C)C1=CC=C(S1)C=Cc1cc[n+](C)cc1
NUZVAH,NUZVAH,100 K,NC(=O)c1ccncc1.COc1ccc(C=CC(O)=O)cc1OC,P21/c,False,100.0,lowT,NC(=O)c1ccncc1,COc1ccc(C=CC(O)=O)cc1OC
QAJZEH,QAJZEH,at 100 K,CC1(C)COC2=C3OCC(C)(C)[N+]3=CN12.FC(F)(F)S(=O)(=O)[O-],P21/c,False,100.0,lowT,CC1(C)COC2=C3OCC(C)(C)[N+]3=CN12,FC(F)(F)S(=O)(=O)[O-]
SUZQIO,SUZQIO,at 98 K,c1ccc(C=NN=Cc2ccccn2)nc1.OC(=O)Cc1ccc(Cl)cc1,Pca21,False,98.0,lowT,c1ccc(C=NN=Cc2ccccn2)nc1,OC(=O)Cc1ccc(Cl)cc1
KAMQOH,KAMQOH,100 K,CN1C=NC2=C1C(=O)N(C)C(=O)N2C.Oc1cc2OC(=CC(=O)c2c(O)c1O)c1ccccc1,P21/c,False,100.0,lowT,CN1C=NC2=C1C(=O)N(C)C(=O)N2C,Oc1cc2OC(=CC(=O)c2c(O)c1O)c1ccccc1
MENXAI,MENXAI,100 K,C1CN2CCN1CC2.CC(C)c1cccc(C(C)C)c1O,P21/c,False,100.0,lowT,C1CN2CCN1CC2,CC(C)c1cccc(C(C)C)c1O
SUDDEC,SUDDEC,20 K,OC(=O)CCC(O)=O.CNC(N)=O,P21/n,False,20.0,lowT,OC(=O)CCC(O)=O,CNC(N)=O
HIPVAH,HIPVAH,100 K,FC(F)(F)C(=O)[O-].OC1=[NH+]C=CN1,P-1,False,100.0,lowT,FC(F)(F)C(=O)[O-],OC1=[NH+]C=CN1
KANBIN01,KANBIN01,120 K,CCCN(CCC)S(=O)(=O)c1ccc(cc1)C(O)=O.c1cc(ccn1)c1ccncc1,P-1,False,120.0,lowT,CCCN(CCC)S(=O)(=O)c1ccc(cc1)C(O)=O,c1cc(ccn1)c1ccncc1
PIXZEF,PIXZEF,123 K,Cc1ccc(cc1)S(=O)(=O)[O-].OC1=[NH+]CCCCCCC1,Cc,False,123.0,lowT,Cc1ccc(cc1)S(=O)(=O)[O-],OC1=[NH+]CCCCCCC1
TEWRAS,TEWRAS,100 K,c1ccc2nc3ccccc3nc2c1.OC(=O)c1ccc(O)c(O)c1,P-1,False,100.0,lowT,c1ccc2nc3ccccc3nc2c1,OC(=O)c1ccc(O)c(O)c1
HUQXAU,HUQXAU,123 K,[NH2+]=C(O)N1c2ccccc2C=Cc2ccccc12.Oc1ccc(cc1)S(=O)(=O)[O-],Pn,False,123.0,lowT,[NH2+]=C(O)N1c2ccccc2C=Cc2ccccc12,Oc1ccc(cc1)S(=O)(=O)[O-]
TOQGUD,TOQGUD,at 120 K,OC(=O)C(=O)[O-].Cc1cc[nH+]c(N)c1N(=O)=O,P21,False,120.0,lowT,OC(=O)C(=O)[O-],Cc1cc[nH+]c(N)c1N(=O)=O
IVUKUG,IVUKUG,at 123 K,C[NH+](C)C(C)C(O)c1ccccc1.O=C([O-])c1ccccc1N(=O)=O,P21,False,123.0,lowT,C[NH+](C)C(C)C(O)c1ccccc1,O=C([O-])c1ccccc1N(=O)=O
TENYES,TENYES,at 110 K,CN1C=NC2=C1C(=O)N(C)C(=O)N2C.OC(=O)COc1ccc2ccccc2c1,P21/c,False,110.0,lowT,CN1C=NC2=C1C(=O)N(C)C(=O)N2C,OC(=O)COc1ccc2ccccc2c1
XEQXEX,XEQXEX,at 120 K,CC1CC(C)(C)C[NH+]1O.O=N(=O)c1cc(c([O-])c(c1)N(=O)=O)N(=O)=O,P21/n,False,120.0,lowT,CC1CC(C)(C)C[NH+]1O,O=N(=O)c1cc(c([O-])c(c1)N(=O)=O)N(=O)=O
BEJGUT,BEJGUT,at 113.2 K,O=C1NC(=O)C=C1.CC1=CC(=CC(=O)O1)OCc1cccc(Cl)c1,P-1,False,113.0,lowT,O=C1NC(=O)C=C1,CC1=CC(=CC(=O)O1)OCc1cccc(Cl)c1
PAHNOD,PAHNOD,at 110 K,CC(=O)Nc1ccc(cc1)S(=O)(=O)Nc1nccc(C)n1.C1COCCO1,P-1,False,110.0,lowT,CC(=O)Nc1ccc(cc1)S(=O)(=O)Nc1nccc(C)n1,C1COCCO1
OVILUC,OVILUC,97 K,FC(F)(F)C(=O)[O-].COC(=O)C1[NH2+]C(CC1)CC(C)=O,P21,False,97.0,lowT,FC(F)(F)C(=O)[O-],COC(=O)C1[NH2+]C(CC1)CC(C)=O
VAWPEP,VAWPEP,at 100 K,C[NH2+]C(C)C(O)c1ccccc1.O=C1[N-]S(=O)(=O)c2ccccc12,P21,False,100.0,lowT,C[NH2+]C(C)C(O)c1ccccc1,O=C1[N-]S(=O)(=O)c2ccccc12
LADCIE,LADCIE,at 120 K,OC(=O)C=CC(O)=O.CCC(=O)Nc1ccc(Br)cn1,P21/n,False,120.0,lowT,OC(=O)C=CC(O)=O,CCC(=O)Nc1ccc(Br)cn1
RAXYEX,RAXYEX,100 K,C(Cc1ccncc1)c1ccncc1.Oc1c(F)c(F)c(O)c(F)c1F,P-1,False,100.0,lowT,C(Cc1ccncc1)c1ccncc1,Oc1c(F)c(F)c(O)c(F)c1F
VECVAD,VECVAD,85 K,Nc1[nH+]nc(c(N)n1)c1cccc(Cl)c1Cl.OC(=O)CCCCCCCCC(=O)[O-],Pca21,False,85.0,lowT,Nc1[nH+]nc(c(N)n1)c1cccc(Cl)c1Cl,OC(=O)CCCCCCCCC(=O)[O-]
INEDIP,INEDIP,at 100 K,OC(=O)CCCCCC(=O)[O-].C[NH2+]C(C)C(O)c1ccccc1,P21,False,100.0,lowT,OC(=O)CCCCCC(=O)[O-],C[NH2+]C(C)C(O)c1ccccc1
DALJIN,DALJIN,100 K,CCN(CC)CC(=O)Nc1c(C)cccc1C.OC(=O)CCCCCCCC(O)=O,P21,False,100.0,lowT,CCN(CC)CC(=O)Nc1c(C)cccc1C,OC(=O)CCCCCCCC(O)=O
PAKPAU,PAKPAU,at 100 K,C[n+]1cccc(c1)C(O)=O.OC1=C([O-])C(=O)C1=O,P21/c,False,100.0,lowT,C[n+]1cccc(c1)C(O)=O,OC1=C([O-])C(=O)C1=O
XICPUW,XICPUW,at 100 K,[NH2+]=C1NC(=O)NC=C1.Clc1cccc(Cl)c1Nc1ccccc1CC(=O)OCC(=O)[O-],P21/n,False,100.0,lowT,[NH2+]=C1NC(=O)NC=C1,Clc1cccc(Cl)c1Nc1ccccc1CC(=O)OCC(=O)[O-]
JETTOU,JETTOU,100.0 K,FC(F)(F)S(=O)(=O)[O-].CCOC(=C)[n+]1ccccc1Cl,P-1,False,100.0,lowT,FC(F)(F)S(=O)(=O)[O-],CCOC(=C)[n+]1ccccc1Cl
GUXVAZ,GUXVAZ,100 K,CC(=O)NC1=NN=C(S1)S(N)(=O)=O.C(Cc1ccncc1)Cc1ccncc1,P-1,False,100.0,lowT,CC(=O)NC1=NN=C(S1)S(N)(=O)=O,C(Cc1ccncc1)Cc1ccncc1
IBIYOJ,IBIYOJ,at 123 K,C1CN2CCN1CC2.BrN1C(=O)CCC1=O,P21/a,False,123.0,lowT,C1CN2CCN1CC2,BrN1C(=O)CCC1=O
YAJVAJ,YAJVAJ,97.3 K,Cc1ccc(O)c(c1)N1N=C2C=CC=CC2=N1.Fc1c(F)c(F)c2c(F)c(F)c(F)c(F)c2c1F,P21/c,False,97.0,lowT,Cc1ccc(O)c(c1)N1N=C2C=CC=CC2=N1,Fc1c(F)c(F)c2c(F)c(F)c(F)c(F)c2c1F
ECUSUU,ECUSUU,100.2 K,Cc1ccc(cc1)S(=O)(=O)[O-].Nc1c(Br)cc(Br)cc1C[NH2+]C1CCC(O)CC1,P-1,False,100.0,lowT,Cc1ccc(cc1)S(=O)(=O)[O-],Nc1c(Br)cc(Br)cc1C[NH2+]C1CCC(O)CC1
MOYZIL,MOYZIL,120 K,Nc1ncccn1.OC(=O)c1ccccc1F,P21/n,False,120.0,lowT,Nc1ncccn1,OC(=O)c1ccccc1F
HABJIG,HABJIG,110.2 K,CC(=O)Oc1cc(ccc1C(O)=O)C(F)(F)F.NC(=O)c1ccccn1,P-1,False,110.0,lowT,CC(=O)Oc1cc(ccc1C(O)=O)C(F)(F)F,NC(=O)c1ccccn1
ABUQAR,ABUQAR,at 110 K,FC(F)(F)C(=O)[O-].Clc1ccc(cc1)C1[NH2+]CCN2C=CC=C12,P21,False,110.0,lowT,FC(F)(F)C(=O)[O-],Clc1ccc(cc1)C1[NH2+]CCN2C=CC=C12
SOKZUQ,SOKZUQ,101.4 K,N#C[S+]1c2ccccc2c2ccccc12.FC(F)(F)S(=O)(=O)[O-],P21/n,False,101.0,lowT,N#C[S+]1c2ccccc2c2ccccc12,FC(F)(F)S(=O)(=O)[O-]
PUJKOV,PUJKOV,at 100 K,Nc1[nH+]cc(Cl)cc1.Oc1ccc(cc1)C(=O)[O-],P21/c,False,100.0,lowT,Nc1[nH+]cc(Cl)cc1,Oc1ccc(cc1)C(=O)[O-]
QIDKOF,QIDKOF,at 100 K,C[N+]1=CN(C=C1)c1ccc(cc1N(=O)=O)N(=O)=O.FC(F)(F)S(=O)(=O)[O-],P-1,False,100.0,lowT,C[N+]1=CN(C=C1)c1ccc(cc1N(=O)=O)N(=O)=O,FC(F)(F)S(=O)(=O)[O-]
WEDMEZ,WEDMEZ,at 120 K,OC(=O)c1c(F)cccc1F.Nc1ncc(Br)nc1Br,P21/c,False,120.0,lowT,OC(=O)c1c(F)cccc1F,Nc1ncc(Br)nc1Br
ZECQUW,ZECQUW,100 K,FC(F)(F)C(F)(F)COCc1c[nH+]ccc1.O=C1[N-]S(=O)(=O)c2ccccc12,I-4,False,100.0,lowT,FC(F)(F)C(F)(F)COCc1c[nH+]ccc1,O=C1[N-]S(=O)(=O)c2ccccc12
LODHOD,LODHOD,110 K,NNC(=O)c1ccncc1.OC(=O)c1cc(O)c(O)c(O)c1,P-1,False,110.0,lowT,NNC(=O)c1ccncc1,OC(=O)c1cc(O)c(O)c(O)c1
CUYKIT,CUYKIT,100 K,OCC(O)=O.NC(=O)c1ccccn1,P21/n,False,100.0,lowT,OCC(O)=O,NC(=O)c1ccccn1
QEYMIU,QEYMIU,120 K,CCNC1=NC(NC(=O)N1)=[NH+]C(C)C.CS(=O)(=O)[O-],C2/c,False,120.0,lowT,CCNC1=NC(NC(=O)N1)=[NH+]C(C)C,CS(=O)(=O)[O-]
AGIGEE,AGIGEE,110 K,OC(=O)C=Cc1ccccc1.CN1C=NC2=C1C(=O)N(C)C(=O)N2C,P-1,False,110.0,lowT,OC(=O)C=Cc1ccccc1,CN1C=NC2=C1C(=O)N(C)C(=O)N2C
HURCIH,HURCIH,at 120 K,[NH3+]C(C)(C)CO.OB1OB(O)O[B-]2(O1)OB(O)OB(O)O2,P1,False,120.0,lowT,[NH3+]C(C)(C)CO,OB1OB(O)O[B-]2(O1)OB(O)OB(O)O2
YUQLOM,YUQLOM,at 100 K,Oc1cc2ccccc2cc1O.CN1N(C(=O)C(=C1C)NC(C)=O)c1ccccc1,P21/c,False,100.0,lowT,Oc1cc2ccccc2cc1O,CN1N(C(=O)C(=C1C)NC(C)=O)c1ccccc1
DIYYUH,DIYYUH,at 97 K,CCCOC(=O)c1cc(O)c(O)c(O)c1.CCN1C=C(C(O)=O)C(=O)c2ccc(C)nc12,P-1,False,97.0,lowT,CCCOC(=O)c1cc(O)c(O)c(O)c1,CCN1C=C(C(O)=O)C(=O)c2ccc(C)nc12
QUYVEO,QUYVEO,120 K,[NH2+]1CCOCC1.ClCCN1N=NC2=C(N=CN2C1=O)C(=O)[N-]N(=O)=O,P21/c,False,120.0,lowT,[NH2+]1CCOCC1,ClCCN1N=NC2=C(N=CN2C1=O)C(=O)[N-]N(=O)=O
CEKMEM,CEKMEM,at 100 K,OC(=O)c1ccc(F)cc1.CN1C(=C(O)c2ccccc2S1(=O)=O)C(=O)Nc1ccccn1,P42/n,False,100.0,lowT,OC(=O)c1ccc(F)cc1,CN1C(=C(O)c2ccccc2S1(=O)=O)C(=O)Nc1ccccn1
VIHNOT,VIHNOT,90 K,FC(F)(F)C(=O)[O-].COc1ccc(cc1)N1CC[NH2+]CC1,Pbca,False,90.0,lowT,FC(F)(F)C(=O)[O-],COc1ccc(cc1)N1CC[NH2+]CC1
VUKPIC,VUKPIC,100.0 K,Cc1[nH+]cc(CO)c(CO)c1O.Nc1ccc(cc1)C(=O)[O-],P-1,False,100.0,lowT,Cc1[nH+]cc(CO)c(CO)c1O,Nc1ccc(cc1)C(=O)[O-]
SOVKAS,SOVKAS,100 K,Cc1cc(cc(C)c1O)[N+](C)(C)C.FC(F)(F)S(=O)(=O)[O-],P21/c,False,100.0,lowT,Cc1cc(cc(C)c1O)[N+](C)(C)C,FC(F)(F)S(=O)(=O)[O-]
LAJKEQ,LAJKEQ,100 K,[2H]N(C(N([2H])[2H])=[N+]([2H])[2H])C(N([2H])[2H])=S.O=C([O-])c1cccc(c1)N(=O)=O,P21/n,False,100.0,lowT,[2H]N(C(N([2H])[2H])=[N+]([2H])[2H])C(N([2H])[2H])=S,O=C([O-])c1cccc(c1)N(=O)=O
VAVKEL,VAVKEL,123 K,C[NH+](C)C(C)C(O)c1ccccc1.OC(=O)CCC(=O)[O-],P212121,False,123.0,lowT,C[NH+](C)C(C)C(O)c1ccccc1,OC(=O)CCC(=O)[O-]
TENPAF,TENPAF,at 110 K,CN1C=NC2=C1C(=O)N(C)C(=O)N2C.OC(=O)COc1ccccc1C=O,P-1,False,110.0,lowT,CN1C=NC2=C1C(=O)N(C)C(=O)N2C,OC(=O)COc1ccccc1C=O
JAKBOQ,JAKBOQ,93 K,c1cc(ccn1)c1ccncc1.Cc1cccc(c1)S(=O)(=O)Nc1cccc(F)c1,P21/c,False,93.0,lowT,c1cc(ccn1)c1ccncc1,Cc1cccc(c1)S(=O)(=O)Nc1cccc(F)c1
JAZSAH,JAZSAH,100 K,OC(=O)CC(=O)[O-].OCC[NH+](CCO)CCO,P21/c,False,100.0,lowT,OC(=O)CC(=O)[O-],OCC[NH+](CCO)CCO
GICXEZ,GICXEZ,120 K,CC1(C)N2C(=Nc3ccc(Cl)c(Cl)c3C2=O)NC1=O.CS(C)=O,Pnma,False,120.0,lowT,CC1(C)N2C(=Nc3ccc(Cl)c(Cl)c3C2=O)NC1=O,CS(C)=O
BOQNUS,BOQNUS,at 100 K,OC(=O)CSCc1ccc(CSCC(O)=O)cc1.Cc1cc(C)nc(N)n1,Cmce,False,100.0,lowT,OC(=O)CSCc1ccc(CSCC(O)=O)cc1,Cc1cc(C)nc(N)n1
GIJTEC,GIJTEC,113.2 K,O=C1NC(=O)C=C(N1)C(=O)[O-].COc1cc(Cc2c[nH+]c(N)nc2N)cc(OC)c1OC,P-1,False,113.0,lowT,O=C1NC(=O)C=C(N1)C(=O)[O-],COc1cc(Cc2c[nH+]c(N)nc2N)cc(OC)c1OC
JOYJAK01,JOYJAK01,at 120 K,Nc1ncccn1.OC(=O)CCCC(O)=O,Pbcm,False,120.0,lowT,Nc1ncccn1,OC(=O)CCCC(O)=O
OFAZII,OFAZII,100 K,FC(F)(F)S(=O)(=O)[O-].Fc1cc(F)c2c(CC[N+]3=C2c2c(F)cc(F)cc2CC3)c1,Pna21,False,100.0,lowT,FC(F)(F)S(=O)(=O)[O-],Fc1cc(F)c2c(CC[N+]3=C2c2c(F)cc(F)cc2CC3)c1
COZZEX,COZZEX,at 100 K,Oc1ccc(cc1)c1ccc(O)cc1.C(Cc1ccncc1)c1ccncc1,P21/c,False,100.0,lowT,Oc1ccc(cc1)c1ccc(O)cc1,C(Cc1ccncc1)c1ccncc1
UBUQIU,UBUQIU,85 K,Nc1cccc2c(N)cccc12.BrC1=C(Br)C(=O)C(=C(Br)C1=O)Br,P21/n,False,85.0,lowT,Nc1cccc2c(N)cccc12,BrC1=C(Br)C(=O)C(=C(Br)C1=O)Br
NIRMIN,NIRMIN,100 K,Brc1ccc(OCC2=CNN=[NH+]2)cc1.Cc1ccc(cc1)S(=O)(=O)[O-],C2/c,False,100.0,lowT,Brc1ccc(OCC2=CNN=[NH+]2)cc1,Cc1ccc(cc1)S(=O)(=O)[O-]
HURDEE,HURDEE,at 120 K,OCC[NH+]1CCCC1.OB1OB(O)O[B-]2(O1)OB(O)OB(O)O2,P21/c,False,120.0,lowT,OCC[NH+]1CCCC1,OB1OB(O)O[B-]2(O1)OB(O)OB(O)O2
ZIYDAP,ZIYDAP,100 K,NC1=[NH+]c2ccc(OC(F)(F)F)cc2S1.Oc1ccc(O)c(c1)C(=O)[O-],C2,False,100.0,lowT,NC1=[NH+]c2ccc(OC(F)(F)F)cc2S1,Oc1ccc(O)c(c1)C(=O)[O-]
TUDKIO,TUDKIO,100 K,Cc1cc(Br)cc2CN3C[NH+](Cc4cc(Br)cc(C)c34)c12.CC1(C)C2CCC1(CS(=O)(=O)[O-])C(=O)C2,P1,False,100.0,lowT,Cc1cc(Br)cc2CN3C[NH+](Cc4cc(Br)cc(C)c34)c12,CC1(C)C2CCC1(CS(=O)(=O)[O-])C(=O)C2
SOGGED,SOGGED,100 K,O=P([O-])(Oc1ccccc1)Oc1ccccc1.OB(O)c1c[nH+]c2ccccc2c1,P-1,False,100.0,lowT,O=P([O-])(Oc1ccccc1)Oc1ccccc1,OB(O)c1c[nH+]c2ccccc2c1
HONVIQ,HONVIQ,at 100 K,OC(=O)c1cccc(O)c1.Cc1nc(C)c(C)nc1C,P21/c,False,100.0,lowT,OC(=O)c1cccc(O)c1,Cc1nc(C)c(C)nc1C
AKISEU,AKISEU,100 K,NC(=O)CN1CCCC1=O.OC(=O)c1cc(O)c(O)c(O)c1,P21/c,False,100.0,lowT,NC(=O)CN1CCCC1=O,OC(=O)c1cc(O)c(O)c(O)c1
UFEZOY,UFEZOY,100 K,CN1C=C[N+](=C1)[B-](Cl)(N1C=C[N+](=C1)C)c1ccccc1.FC(F)(F)S(=O)(=O)[O-],P-1,False,100.0,lowT,CN1C=C[N+](=C1)[B-](Cl)(N1C=C[N+](=C1)C)c1ccccc1,FC(F)(F)S(=O)(=O)[O-]
QUCKEH,QUCKEH,100 K,OC(=O)c1ccc2OCOc2c1.NC(=O)c1ccncc1,P-1,False,100.0,lowT,OC(=O)c1ccc2OCOc2c1,NC(=O)c1ccncc1
KETZEQ,KETZEQ,at 100 K,c1cc(ccn1)C=Cc1ccncc1.CC(=O)Nc1ccc(O)cc1,P-1,False,100.0,lowT,c1cc(ccn1)C=Cc1ccncc1,CC(=O)Nc1ccc(O)cc1
DOWSAK,DOWSAK,at 100 K,OC(=O)C(=O)[O-].C[NH+](C)CC1=CSCCCCS1,P21/c,False,100.0,lowT,OC(=O)C(=O)[O-],C[NH+](C)CC1=CSCCCCS1
UYILEV,UYILEV,110 K,C[NH+](C)c1cccc2cccc(C(O)=O)c12.FC(F)(F)S(=O)(=O)[O-],P-1,False,110.0,lowT,C[NH+](C)c1cccc2cccc(C(O)=O)c12,FC(F)(F)S(=O)(=O)[O-]
HIDRET,HIDRET,at 120 K,C(N1C=CN=C1c1ccccc1)c1cccnc1.ON=C(C#N)c1ccc(O)cc1,P21/n,False,120.0,lowT,C(N1C=CN=C1c1ccccc1)c1cccnc1,ON=C(C#N)c1ccc(O)cc1
ONIDEX,ONIDEX,100 K,FC(F)(F)S(=O)(=O)[O-].CS(=O)(=N[S+]1c2ccccc2c2ccccc12)c1ccccc1,P21/c,False,100.0,lowT,FC(F)(F)S(=O)(=O)[O-],CS(=O)(=N[S+]1c2ccccc2c2ccccc12)c1ccccc1
QIWFEJ,QIWFEJ,at 100 K,O=N(=O)c1ccc(cc1)S(=O)(=O)[O-].[NH3+]CCOS(=O)(=O)c1ccc(cc1)N(=O)=O,P21/c,False,100.0,lowT,O=N(=O)c1ccc(cc1)S(=O)(=O)[O-],[NH3+]CCOS(=O)(=O)c1ccc(cc1)N(=O)=O
ISANIB,ISANIB,100 K,FC(F)(F)S(=O)(=O)[N-]S(=O)(=O)C(F)(F)F.C[N+](C)=CO,P212121,False,100.0,lowT,FC(F)(F)S(=O)(=O)[N-]S(=O)(=O)C(F)(F)F,C[N+](C)=CO
NEQMUU,NEQMUU,120 K,CC(=O)NC1=NC=C(C)S1.OC(=O)c1ccc(O)cc1,P21/n,False,120.0,lowT,CC(=O)NC1=NC=C(C)S1,OC(=O)c1ccc(O)cc1
IDELIO,IDELIO,100 K,NC(N)=O.Cc1ccc2ccc(C)nc2n1,C2/c,False,100.0,lowT,NC(N)=O,Cc1ccc2ccc(C)nc2n1
JOKPUW,JOKPUW,at 100 K,CCOS(=O)(=O)[O-].CCOC1=CC(CCC1)=[NH+]CCCOC,P-1,False,100.0,lowT,CCOS(=O)(=O)[O-],CCOC1=CC(CCC1)=[NH+]CCCOC
NAQMOK,NAQMOK,100 K,OC(=O)CCC(O)=O.NC1=Nc2ccc(OC(F)(F)F)cc2S1,C2/c,False,100.0,lowT,OC(=O)CCC(O)=O,NC1=Nc2ccc(OC(F)(F)F)cc2S1
RECQUM,RECQUM,at 120.2 K,NC(N)=S.COc1ccccc1C(N)=O,Pbca,False,120.0,lowT,NC(N)=S,COc1ccccc1C(N)=O
SIBYOV,SIBYOV,113.2 K,ONC(=O)C=Cc1cccc(c1)S(=O)(=O)Nc1ccccc1.NNC(=O)c1ccncc1,P-1,False,113.0,lowT,ONC(=O)C=Cc1cccc(c1)S(=O)(=O)Nc1ccccc1,NNC(=O)c1ccncc1
UHORUF,UHORUF,at 98 K,c1cc(ccn1)C=Cc1ccncc1.COC(=S)Nc1ccccc1,P-1,False,98.0,lowT,c1cc(ccn1)C=Cc1ccncc1,COC(=S)Nc1ccccc1
OTESEM,OTESEM,at 100 K,O=C1NS(=O)(=O)c2ccccc12.NC(=O)N1c2ccccc2CCc2ccccc12,P21/n,False,100.0,lowT,O=C1NS(=O)(=O)c2ccccc12,NC(=O)N1c2ccccc2CCc2ccccc12
IVULIV,IVULIV,at 123 K,C[NH+](C)C(C)C(O)c1ccccc1.Fc1cccc(c1)C(=O)[O-],C2/c,False,123.0,lowT,C[NH+](C)C(C)C(O)c1ccccc1,Fc1cccc(c1)C(=O)[O-]
BUNHEZ,BUNHEZ,120 K,c1cc(ccn1)c1ccncc1.OC(=O)c1ccc(Br)cc1,P21/c,False,120.0,lowT,c1cc(ccn1)c1ccncc1,OC(=O)c1ccc(Br)cc1
KAYHEZ,KAYHEZ,at 120 K,OC(=O)CCCCCCCCC(O)=O.O=C(Nc1ccccn1)c1cccnc1,P-1,False,120.0,lowT,OC(=O)CCCCCCCCC(O)=O,O=C(Nc1ccccn1)c1cccnc1
REHSAA,REHSAA,at 100 K,OC(=O)c1ccccc1O.CCOc1ccccc1C(N)=O,P21/n,False,100.0,lowT,OC(=O)c1ccccc1O,CCOc1ccccc1C(N)=O
VAVHIM,VAVHIM,123 K,Nc1ccccc1C(=O)[O-].C[NH+](C)C(C)C(O)c1ccccc1,P21,False,123.0,lowT,Nc1ccccc1C(=O)[O-],C[NH+](C)C(C)C(O)c1ccccc1
XUMMEA,XUMMEA,100.0 K,[NH3+]C(CO)(CO)CO.OC(=O)CCC(=O)[O-],P212121,False,100.0,lowT,[NH3+]C(CO)(CO)CO,OC(=O)CCC(=O)[O-]
YACRAY,YACRAY,100 K,OC(=O)c1cc(O)cc(O)c1.CC(C)C1=C(C)N(C)N(c2ccccc2)C1=O,P-1,False,100.0,lowT,OC(=O)c1cc(O)cc(O)c1,CC(C)C1=C(C)N(C)N(c2ccccc2)C1=O
LOFKIB,LOFKIB,at 120 K,NC(=O)c1ccncc1.NC(=O)N1c2ccccc2C=Cc2ccccc12,P-1,False,120.0,lowT,NC(=O)c1ccncc1,NC(=O)N1c2ccccc2C=Cc2ccccc12
UGOWOE,UGOWOE,100 K,OC(=O)c1cc(O)cc(O)c1.O=C1NC(=O)C=C1,P-1,False,100.0,lowT,OC(=O)c1cc(O)cc(O)c1,O=C1NC(=O)C=C1
SIHLED,SIHLED,100 K,Cc1nc(C)c(Cl)c(N)n1.OC(=O)C1=C(Br)C=CS1,P-1,False,100.0,lowT,Cc1nc(C)c(Cl)c(N)n1,OC(=O)C1=C(Br)C=CS1
BIVSIJ02,BIVSIJ02,at 90 K,c1cc(ccn1)C=Cc1ccncc1.Oc1ccc(cc1)C(=O)c1ccc(O)cc1,C2/c,False,90.0,lowT,c1cc(ccn1)C=Cc1ccncc1,Oc1ccc(cc1)C(=O)c1ccc(O)cc1
LATBOZ,LATBOZ,at 110 K,NC(=O)CN1CCCC1=O.OC(=O)c1ccc(O)cc1,P-1,False,110.0,lowT,NC(=O)CN1CCCC1=O,OC(=O)c1ccc(O)cc1
IVUPEV,IVUPEV,at 123 K,OC(=O)C=CC(=O)[O-].C[NH+](C)C(C)C(O)c1ccccc1,P21/c,False,123.0,lowT,OC(=O)C=CC(=O)[O-],C[NH+](C)C(C)C(O)c1ccccc1
POVZIK,POVZIK,at 100 K,OC1=C(Cl)C(=O)C(=C(Cl)C1=O)[O-].NC(=O)c1c[nH+]ccc1,Pc,False,100.0,lowT,OC1=C(Cl)C(=O)C(=C(Cl)C1=O)[O-],NC(=O)c1c[nH+]ccc1
XITRID,XITRID,at 93 K,O=C([O-])c1ccc2ccccc2c1.[NH3+]Cc1cccc(Cl)c1,Pbca,False,93.0,lowT,O=C([O-])c1ccc2ccccc2c1,[NH3+]Cc1cccc(Cl)c1
AWAZUV,AWAZUV,100 K,CN(C)C=O.CNC(=S)NN=Cc1cccc(c1O)C(C)(C)C,P-1,False,100.0,lowT,CN(C)C=O,CNC(=S)NN=Cc1cccc(c1O)C(C)(C)C
VUMTEF,VUMTEF,100 K,NC1=N[N+]2(CCOCC2)CC1.O=N(=O)c1ccc(cc1)S(=O)(=O)[O-],P21/c,False,100.0,lowT,NC1=N[N+]2(CCOCC2)CC1,O=N(=O)c1ccc(cc1)S(=O)(=O)[O-]
OTUKUM,OTUKUM,113.2 K,OC(=O)c1c(F)c(F)c(C(O)=O)c(F)c1F.CCCOc1ccc(cc1)N=Nc1ccncc1,P-1,False,113.0,lowT,OC(=O)c1c(F)c(F)c(C(O)=O)c(F)c1F,CCCOc1ccc(cc1)N=Nc1ccncc1
NEFFEM,NEFFEM,100 K,OC(=O)c1ccc(O)cc1O.NC(=O)c1cnccn1,P21/c,False,100.0,lowT,OC(=O)c1ccc(O)cc1O,NC(=O)c1cnccn1
YEXPOK,YEXPOK,100 K,FC(F)(F)S(=O)(=O)[O-].C[NH+]=P(c1ccccc1)(c1ccccc1)c1ccccc1,P212121,False,100.0,lowT,FC(F)(F)S(=O)(=O)[O-],C[NH+]=P(c1ccccc1)(c1ccccc1)c1ccccc1
DAVPEW,DAVPEW,at 100 K,NC(=O)CN1CCCC1=O.OC(=O)c1ccc(O)cc1,P21/n,False,100.0,lowT,NC(=O)CN1CCCC1=O,OC(=O)c1ccc(O)cc1
SETYEY,SETYEY,123 K,[NH3+]CCO.Nc1ccc(cc1)S(=O)(=O)[N-]c1ncccn1,P21/c,False,123.0,lowT,[NH3+]CCO,Nc1ccc(cc1)S(=O)(=O)[N-]c1ncccn1
LADDEB,LADDEB,at 120 K,Nc1ncc(Br)cc1Br.OC(=O)C=CC(O)=O,P21/c,False,120.0,lowT,Nc1ncc(Br)cc1Br,OC(=O)C=CC(O)=O
TEBREA,TEBREA,100 K,[NH3+]c1ccc(OC)cc1C1(O)N(C)C(=O)N(C)C1=O.Cc1ccc(cc1)S(=O)(=O)[O-],P-1,False,100.0,lowT,[NH3+]c1ccc(OC)cc1C1(O)N(C)C(=O)N(C)C1=O,Cc1ccc(cc1)S(=O)(=O)[O-]
BOKHAM01,BOKHAM01,100 K,NS(=O)(=O)c1cc(C(O)=O)c(NCC2=CC=CO2)cc1Cl.c1cc(ccn1)c1ccncc1,C2/c,False,100.0,lowT,NS(=O)(=O)c1cc(C(O)=O)c(NCC2=CC=CO2)cc1Cl,c1cc(ccn1)c1ccncc1
CEPFEJ,CEPFEJ,at 93.1 K,FC(F)(F)C(F)(F)C(F)(F)C(F)(F)S(=O)(=O)[C-](Br)S(=O)(=O)C(F)(F)C(F)(F)C(F)(F)C(F)(F)F.FC(F)(F)c1ccc(cc1)[n+]1ccccc1,P21/n,False,93.0,lowT,FC(F)(F)C(F)(F)C(F)(F)C(F)(F)S(=O)(=O)[C-](Br)S(=O)(=O)C(F)(F)C(F)(F)C(F)(F)C(F)(F)F,FC(F)(F)c1ccc(cc1)[n+]1ccccc1
PUQGOY,PUQGOY,at 100 K,[NH3+]c1ccc(cc1OC)C(O)=O.OC(=O)c1cccc(c1C(=O)[O-])N(=O)=O,P-1,False,100.0,lowT,[NH3+]c1ccc(cc1OC)C(O)=O,OC(=O)c1cccc(c1C(=O)[O-])N(=O)=O
VIPXUQ,VIPXUQ,120 K,Nc1cc(ccc1C(=O)[O-])N(=O)=O.[NH3+]C(CO)(CO)CO,P21/c,False,120.0,lowT,Nc1cc(ccc1C(=O)[O-])N(=O)=O,[NH3+]C(CO)(CO)CO
OKOROY,OKOROY,100 K,CC1=CC(=O)[N-]S(=O)(=O)O1.Cc1[nH+]c(NS(=O)(=O)c2ccc(N)cc2)nc(C)c1,P21/n,False,100.0,lowT,CC1=CC(=O)[N-]S(=O)(=O)O1,Cc1[nH+]c(NS(=O)(=O)c2ccc(N)cc2)nc(C)c1
FEPZAD,FEPZAD,at 100 K,COC(=O)C1[NH2+]CC(F)CC1.O=N(=O)c1cc(c([O-])c(c1)N(=O)=O)N(=O)=O,P-1,False,100.0,lowT,COC(=O)C1[NH2+]CC(F)CC1,O=N(=O)c1cc(c([O-])c(c1)N(=O)=O)N(=O)=O
AJAHIC,AJAHIC,at 90 K,OC(=O)C=CC(O)=O.O=C1CNC(=O)CN1,P-1,False,90.0,lowT,OC(=O)C=CC(O)=O,O=C1CNC(=O)CN1
UBAJOZ,UBAJOZ,93 K,c1cc(ccn1)C=Cc1ccncc1.CCCCCOc1ccc(cc1)C(O)=O,P-1,False,93.0,lowT,c1cc(ccn1)C=Cc1ccncc1,CCCCCOc1ccc(cc1)C(O)=O
OWOJER,OWOJER,100 K,CNC(N)=S.C1COCCO1,P-1,False,100.0,lowT,CNC(N)=S,C1COCCO1
VEQKIN,VEQKIN,at 113 K,Oc1cc2ccccc2cc1C(=O)[O-].[NH2+]=C1Nc2ccccc2S1,P21/c,False,113.0,lowT,Oc1cc2ccccc2cc1C(=O)[O-],[NH2+]=C1Nc2ccccc2S1
EMUMAC,EMUMAC,100 K,OC(=O)c1ccccc1C(=O)[O-].COc1cc(C)[nH+]c(N)n1,P-1,False,100.0,lowT,OC(=O)c1ccccc1C(=O)[O-],COc1cc(C)[nH+]c(N)n1
JAZSOV,JAZSOV,100 K,OC(=O)CCC(=O)[O-].OCC[NH+](CCO)CCO,P21/c,False,100.0,lowT,OC(=O)CCC(=O)[O-],OCC[NH+](CCO)CCO
AMUZUE,AMUZUE,at 93 K,CCN(CC)CC.COc1ccc(cc1)C(=O)C(=NO)c1ccc(OC)cc1,Pbca,False,93.0,lowT,CCN(CC)CC,COc1ccc(cc1)C(=O)C(=NO)c1ccc(OC)cc1
BOVZAO,BOVZAO,at 100 K,C[n+]1ccccc1C=Cc1ccc(Cl)cc1.COc1ccc(cc1)S(=O)(=O)[O-],P21/c,False,100.0,lowT,C[n+]1ccccc1C=Cc1ccc(Cl)cc1,COc1ccc(cc1)S(=O)(=O)[O-]
QOTLIW,QOTLIW,at 100 K,[NH3+]C(C(O)c1ccccc1)c1ccccc1.O=C([O-])CC1=CSc2ccccc12,P212121,False,100.0,lowT,[NH3+]C(C(O)c1ccccc1)c1ccccc1,O=C([O-])CC1=CSc2ccccc12
VECVEH,VECVEH,85 K,Nc1nnc(c(N)n1)c1cccc(Cl)c1Cl.CCC1(C(=O)NC(=O)NC1=O)c1ccccc1,Cc,False,85.0,lowT,Nc1nnc(c(N)n1)c1cccc(Cl)c1Cl,CCC1(C(=O)NC(=O)NC1=O)c1ccccc1
CEPZUV,CEPZUV,100 K,c1ccc2nc3ccccc3cc2c1.Oc1ccc(Cl)cc1,P21/c,False,100.0,lowT,c1ccc2nc3ccccc3cc2c1,Oc1ccc(Cl)cc1
GUYVUU,GUYVUU,100 K,O=C([O-])c1ccc(cc1N(=O)=O)N(=O)=O.NC(=O)c1cc[nH+]cc1,P21/c,False,100.0,lowT,O=C([O-])c1ccc(cc1N(=O)=O)N(=O)=O,NC(=O)c1cc[nH+]cc1
KAXSEJ,KAXSEJ,at 100 K,NC(N)=O.COc1ccc2cccc(CCNC(C)=O)c2c1,P21/n,False,100.0,lowT,NC(N)=O,COc1ccc2cccc(CCNC(C)=O)c2c1
QADLOY,QADLOY,at 113 K,CCC12CC[NH2+]CC1Oc1ccc(OC)cc21.OC(C(=O)[O-])c1ccccc1,P21,False,113.0,lowT,CCC12CC[NH2+]CC1Oc1ccc(OC)cc21,OC(C(=O)[O-])c1ccccc1
SUYPIN01,SUYPIN01,100 K,OC(=O)C=CC(=O)[O-].Brc1ccc(OC(=O)N2CC[NH+]3CCC2CC3)cc1,P21/n,False,100.0,lowT,OC(=O)C=CC(=O)[O-],Brc1ccc(OC(=O)N2CC[NH+]3CCC2CC3)cc1
NUZTAF,NUZTAF,100 K,OC(=O)C=Cc1ccccc1.NC(=O)c1cccnc1,P21/c,False,100.0,lowT,OC(=O)C=Cc1ccccc1,NC(=O)c1cccnc1
PODRAC,PODRAC,at 120 K,CCN1c2ccccc2C=C2C(=O)NC(=[NH2+])N=C12.Cc1ccc(cc1)S(=O)(=O)[O-],P21/n,False,120.0,lowT,CCN1c2ccccc2C=C2C(=O)NC(=[NH2+])N=C12,Cc1ccc(cc1)S(=O)(=O)[O-]
OCIJUG,OCIJUG,at 113 K,CN(C)C=O.ON1C(=O)N(O)C(=O)N(O)C1=O,P-1,False,113.0,lowT,CN(C)C=O,ON1C(=O)N(O)C(=O)N(O)C1=O
XONPUN,XONPUN,at 100 K,Nc1cccc(Cl)n1.OC(=O)c1ccccc1,P212121,False,100.0,lowT,Nc1cccc(Cl)n1,OC(=O)c1ccccc1
NERLIJ,NERLIJ,120 K,OC(=O)C(=O)[O-].[NH3+]CCCO,P21/n,False,120.0,lowT,OC(=O)C(=O)[O-],[NH3+]CCCO
DOWSEO,DOWSEO,at 100 K,OC(=O)C(=O)[O-].C[NH+](C)CC1=CSCC(C)(C)CS1,P21/c,False,100.0,lowT,OC(=O)C(=O)[O-],C[NH+](C)CC1=CSCC(C)(C)CS1
WAPQAH,WAPQAH,at 100 K,O=C([O-])C=Cc1ccccc1.[NH3+]C(C)C(=O)OC,P212121,False,100.0,lowT,O=C([O-])C=Cc1ccccc1,[NH3+]C(C)C(=O)OC
GEBMIJ,GEBMIJ,at 105 K,O=N(=O)c1cc(c([O-])c(c1)N(=O)=O)N(=O)=O.COC(=O)OCC[N+](C)(C)C,P2/n,False,105.0,lowT,O=N(=O)c1cc(c([O-])c(c1)N(=O)=O)N(=O)=O,COC(=O)OCC[N+](C)(C)C
MENREG,MENREG,100 K,Nc1ccc(Br)cn1.Cc1ccc(cc1)C(O)=O,P21/c,False,100.0,lowT,Nc1ccc(Br)cn1,Cc1ccc(cc1)C(O)=O
EBOJAK,EBOJAK,115 K,COc1cc(O)cc(OC)c1O.N#Cc1cc(C#N)c(cc1C#N)C#N,C2/c,False,115.0,lowT,COc1cc(O)cc(OC)c1O,N#Cc1cc(C#N)c(cc1C#N)C#N
TEWQEV,TEWQEV,100 K,FC1=C(F)C(C(=C(F)C1=C(C#N)C#N)F)=C(C#N)C#N.O1c2cccc3Oc4cccc5Oc6cccc1c6N(c23)c45,P21/c,False,100.0,lowT,FC1=C(F)C(C(=C(F)C1=C(C#N)C#N)F)=C(C#N)C#N,O1c2cccc3Oc4cccc5Oc6cccc1c6N(c23)c45
VAVKUB,VAVKUB,123 K,Nc1ccc(cc1)C(=O)[O-].C[NH+](C)C(C)C(O)c1ccccc1,Pbca,False,123.0,lowT,Nc1ccc(cc1)C(=O)[O-],C[NH+](C)C(C)C(O)c1ccccc1
VAVMAJ,VAVMAJ,123 K,C[NH+](C)C(C)C(O)c1ccccc1.OC(C(=O)[O-])c1ccccc1,P21/c,False,123.0,lowT,C[NH+](C)C(C)C(O)c1ccccc1,OC(C(=O)[O-])c1ccccc1
UHOSOA,UHOSOA,at 98 K,c1cc(ccn1)C=Cc1ccncc1.CC(C)OC(=S)Nc1ccccc1,C2/c,False,98.0,lowT,c1cc(ccn1)C=Cc1ccncc1,CC(C)OC(=S)Nc1ccccc1
RIBFIT,RIBFIT,at 120 K,OC(=O)c1ccccc1C(=O)[O-].NC1=[NH+]C(=O)N(C=C1)C1CSC(CO)O1,P21,False,120.0,lowT,OC(=O)c1ccccc1C(=O)[O-],NC1=[NH+]C(=O)N(C=C1)C1CSC(CO)O1
TIPGIK,TIPGIK,at 98 K,OC(=O)c1cc(C(=O)[O-])c(cc1C(=O)[O-])C(O)=O.[nH+]1ccc(SSc2cc[nH+]cc2)cc1,P-1,False,98.0,lowT,OC(=O)c1cc(C(=O)[O-])c(cc1C(=O)[O-])C(O)=O,[nH+]1ccc(SSc2cc[nH+]cc2)cc1
TOQGUD01,TOQGUD01,90 K,[2H]OC(=O)C(=O)[O-].[2H][n+]1ccc(C)c(c1N([2H])[2H])N(=O)=O,P21,False,90.0,lowT,[2H]OC(=O)C(=O)[O-],[2H][n+]1ccc(C)c(c1N([2H])[2H])N(=O)=O
FOSMIL01,FOSMIL01,100 K,OC(=O)C=Cc1ccc(O)c(O)c1.NNC(=O)c1ccncc1,P-1,False,100.0,lowT,OC(=O)C=Cc1ccc(O)c(O)c1,NNC(=O)c1ccncc1
DUDNIA,DUDNIA,at 120 K,[NH2+]1OCC2COc3ccccc3C12.CC1(C)C2CCC1(CS(=O)(=O)[O-])C(=O)C2,P212121,False,120.0,lowT,[NH2+]1OCC2COc3ccccc3C12,CC1(C)C2CCC1(CS(=O)(=O)[O-])C(=O)C2
IRUFIL,IRUFIL,at 123 K,ClC1=C(Cl)C(=O)NC1=O.Nc1nc(N)c(Cl)cc1Cl,P-1,False,123.0,lowT,ClC1=C(Cl)C(=O)NC1=O,Nc1nc(N)c(Cl)cc1Cl
DEGTIW,DEGTIW,100 K,C#Cc1cncc(c1)C#C.BrN1C(=O)CCC1=O,P21/n,False,100.0,lowT,C#Cc1cncc(c1)C#C,BrN1C(=O)CCC1=O
GUZXOQ,GUZXOQ,100 K,Cc1ccc(cc1)S(=O)(=O)[O-].CN(C)C(=[NH2+])ON=C(N)Cc1ccccc1,P21/c,False,100.0,lowT,Cc1ccc(cc1)S(=O)(=O)[O-],CN(C)C(=[NH2+])ON=C(N)Cc1ccccc1
HEBHOM,HEBHOM,at 113 K,Nc1ccc(N)cc1.COc1ccc(cc1)C1(O)c2ccccc2Oc2ccccc12,P-1,False,113.0,lowT,Nc1ccc(N)cc1,COc1ccc(cc1)C1(O)c2ccccc2Oc2ccccc12
CYTBGL01,CYTBGL01,at 105 K,[NH2+]=C1NC(=O)NC=C1.O=C([O-])CNC(=O)c1ccccc1,P21/c,False,105.0,lowT,[NH2+]=C1NC(=O)NC=C1,O=C([O-])CNC(=O)c1ccccc1
WEDLAU,WEDLAU,at 120 K,OC(=O)CCCCCC(O)=O.Nc1cnccn1,P21/c,False,120.0,lowT,OC(=O)CCCCCC(O)=O,Nc1cnccn1
ZESMES,ZESMES,120 K,NC(N)=O.OC(=O)CC(O)(CC(O)=O)C(O)=O,P-1,False,120.0,lowT,NC(N)=O,OC(=O)CC(O)(CC(O)=O)C(O)=O
VAKTOR01,VAKTOR01,107 K,NC(=O)c1ccncc1.OC(=O)c1ccc(O)cc1,P21/c,False,107.0,lowT,NC(=O)c1ccncc1,OC(=O)c1ccc(O)cc1
ENAGIK,ENAGIK,at 100 K,O=S(c1ccccc1)c1ccccc1.Nc1ccc(cc1)C(O)=O,P2/c,False,100.0,lowT,O=S(c1ccccc1)c1ccccc1,Nc1ccc(cc1)C(O)=O
GUMVOA,GUMVOA,at 115 K,O=C([O-])c1ccc2cc3ccccc3cc2c1.[NH3+]C1C(O)Cc2ccccc12,P212121,False,115.0,lowT,O=C([O-])c1ccc2cc3ccccc3cc2c1,[NH3+]C1C(O)Cc2ccccc12
MUDSEJ,MUDSEJ,at 100 K,c1cnc2c(c1)ccc1cccnc21.CCC1(CC)C(=O)NC(=O)NC1=O,P21/c,False,100.0,lowT,c1cnc2c(c1)ccc1cccnc21,CCC1(CC)C(=O)NC(=O)NC1=O
PEQQAE,PEQQAE,at 100 K,Cc1c(C)c(C)c(c(C)c1C)C(O)=O.COc1ccc(cn1)c1cc(C)nc(N)n1,P-1,False,100.0,lowT,Cc1c(C)c(C)c(c(C)c1C)C(O)=O,COc1ccc(cn1)c1cc(C)nc(N)n1
JOLCOE,JOLCOE,at 100 K,NC(N)=O.Cc1cncc(C)c1,Cc,False,100.0,lowT,NC(N)=O,Cc1cncc(C)c1
RERCEA,RERCEA,100 K,Nc1ccccc1C(=O)[O-].NC(N)=[NH+]C1=NC(=CS1)CSCCC(N)=NS(N)(=O)=O,P212121,False,100.0,lowT,Nc1ccccc1C(=O)[O-],NC(N)=[NH+]C1=NC(=CS1)CSCCC(N)=NS(N)(=O)=O
NEQPAD,NEQPAD,120 K,CC1=CN=C(NC(=O)c2ccccc2)S1.OC(=O)CCCCCCCC(O)=O,Cc,False,120.0,lowT,CC1=CN=C(NC(=O)c2ccccc2)S1,OC(=O)CCCCCCCC(O)=O
LETJUT,LETJUT,100 K,ON1CCN(O)CC1.Nc1ccc(cc1)C(O)=O,P21/n,False,100.0,lowT,ON1CCN(O)CC1,Nc1ccc(cc1)C(O)=O
UMEXIU,UMEXIU,at 100 K,OC(=O)c1cc(ccc1O)S(=O)(=O)[O-].CN1C(=O)N(C)C2=C([NH+]=CN2)C1=O,P21/c,False,100.0,lowT,OC(=O)c1cc(ccc1O)S(=O)(=O)[O-],CN1C(=O)N(C)C2=C([NH+]=CN2)C1=O
XICRAE,XICRAE,at 100 K,NC(=O)c1cccnc1.Nc1ccc(C(O)=O)c(O)c1,P-1,False,100.0,lowT,NC(=O)c1cccnc1,Nc1ccc(C(O)=O)c(O)c1
DITJEW,DITJEW,at 100 K,Oc1c(Cl)c(Cl)c(Cl)c(Cl)c1Cl.Cc1cccc(C)n1,P-1,False,100.0,lowT,Oc1c(Cl)c(Cl)c(Cl)c(Cl)c1Cl,Cc1cccc(C)n1
LATQII,LATQII,at 100 K,Cc1ccnc2N(C3CC3)c3ncccc3C(=O)Nc12.OC(=O)C=CC(O)=O,P21/n,False,100.0,lowT,Cc1ccnc2N(C3CC3)c3ncccc3C(=O)Nc12,OC(=O)C=CC(O)=O
PAPJEZ,PAPJEZ,100 K,CC(=O)C(=NNc1cccc(c1)C(O)=O)C(C)=O.CS(C)=O,C2/c,False,100.0,lowT,CC(=O)C(=NNc1cccc(c1)C(O)=O)C(C)=O,CS(C)=O
VIBYOX,VIBYOX,100 K,c1cnc2c(c1)ccc1cccnc21.Oc1ccccc1,P21/c,False,100.0,lowT,c1cnc2c(c1)ccc1cccnc21,Oc1ccccc1
BIWMAZ,BIWMAZ,100 K,CCc1[nH+]c(C)ccc1O.OC(=O)CC(ON(=O)=O)C(=O)[O-],P212121,False,100.0,lowT,CCc1[nH+]c(C)ccc1O,OC(=O)CC(ON(=O)=O)C(=O)[O-]
FEJWID,FEJWID,120 K,FC(F)(F)S(=O)(=O)[O-].C[n+]1c(N)cccc1Sc1nccnc1N,P-1,False,120.0,lowT,FC(F)(F)S(=O)(=O)[O-],C[n+]1c(N)cccc1Sc1nccnc1N
WOBQUC,WOBQUC,100.0 K,OC(=O)C=CC1=CNC=[NH+]1.Oc1cccc(C(=O)[O-])c1O,Pbca,False,100.0,lowT,OC(=O)C=CC1=CNC=[NH+]1,Oc1cccc(C(=O)[O-])c1O
RUYTAI,RUYTAI,100 K,CC(=NO)C(C)=NO.C1CN=C(N1)c1ccccc1C1=NCCN1,P-1,False,100.0,lowT,CC(=NO)C(C)=NO,C1CN=C(N1)c1ccccc1C1=NCCN1
OFIYOT,OFIYOT,100 K,CNC(N)=S.C1COCCN1,P21/n,False,100.0,lowT,CNC(N)=S,C1COCCN1
PUPGUD,PUPGUD,at 100 K,OC(=O)c1cccc(c1)C(O)=O.CN1C=NC2=C1C(=O)N(C)C(=O)N2C,P21/c,False,100.0,lowT,OC(=O)c1cccc(c1)C(O)=O,CN1C=NC2=C1C(=O)N(C)C(=O)N2C
SIHLUT,SIHLUT,120 K,Cc1nc(C)c(Cl)c(N)n1.Nc1ccccc1C(O)=O,P21/n,False,120.0,lowT,Cc1nc(C)c(Cl)c(N)n1,Nc1ccccc1C(O)=O
HITQUA,HITQUA,100 K,OC(=O)c1ccc2OCOc2c1.CC(=O)c1ccncc1,P-1,False,100.0,lowT,OC(=O)c1ccc2OCOc2c1,CC(=O)c1ccncc1
JOYJEO,JOYJEO,at 120 K,Nc1ncccn1.OC(=O)CCCC(O)=O,P21/n,False,120.0,lowT,Nc1ncccn1,OC(=O)CCCC(O)=O
SERNAH,SERNAH,100.2 K,Oc1cc(O)c(Br)cc1Br.c1ccc(cc1)N=Nc1cccnc1,P-1,False,100.0,lowT,Oc1cc(O)c(Br)cc1Br,c1ccc(cc1)N=Nc1cccnc1
YIKMAI,YIKMAI,at 120 K,[NH2+]=C(O)N1c2ccccc2C=Cc2ccccc12.CS(=O)(=O)[O-],P21/c,False,120.0,lowT,[NH2+]=C(O)N1c2ccccc2C=Cc2ccccc12,CS(=O)(=O)[O-]
XECXOV,XECXOV,100 K,NC(=O)C(Br)(Br)Br.CN(C)c1ccc(cc1)N(C)C,P21/c,False,100.0,lowT,NC(=O)C(Br)(Br)Br,CN(C)c1ccc(cc1)N(C)C
LUTXUV,LUTXUV,93 K,c1cc(ccn1)c1ccncc1.CCCCOc1ccc(cc1)C(O)=O,P-1,False,93.0,lowT,c1cc(ccn1)c1ccncc1,CCCCOc1ccc(cc1)C(O)=O
QAHNOF,QAHNOF,100.6 K,N#Cc1cc(C#N)c(cc1C#N)C#N.CC(=O)c1c2ccccc2cc2ccccc12,P21/c,False,100.0,lowT,N#Cc1cc(C#N)c(cc1C#N)C#N,CC(=O)c1c2ccccc2cc2ccccc12
ETUBUT,ETUBUT,120 K,CCNc1nc(Cl)nc(NC(C)C)n1.OC(=O)C=CC(O)=O,C2/c,False,120.0,lowT,CCNc1nc(Cl)nc(NC(C)C)n1,OC(=O)C=CC(O)=O
NEQNIJ,NEQNIJ,120 K,CC1=CN=C(NC(=O)c2ccccc2)S1.OC(=O)CCCCCCC(O)=O,P21/n,False,120.0,lowT,CC1=CN=C(NC(=O)c2ccccc2)S1,OC(=O)CCCCCCC(O)=O
CIRNAU,CIRNAU,at 120 K,OC(=O)c1ccc(O)cc1.C(N1C=Nc2ccccc12)c1cccnc1,P-1,False,120.0,lowT,OC(=O)c1ccc(O)cc1,C(N1C=Nc2ccccc12)c1cccnc1
DAQZIH,DAQZIH,100 K,Nc1ncccn1.OC(=O)C1=NN(Cc2ccc(Cl)cc2Cl)c2ccccc12,P21/c,False,100.0,lowT,Nc1ncccn1,OC(=O)C1=NN(Cc2ccc(Cl)cc2Cl)c2ccccc12
EQAVOJ,EQAVOJ,100 K,FC(F)(F)C(=O)[O-].COc1cc(C)[nH+]c(N)n1,P-1,False,100.0,lowT,FC(F)(F)C(=O)[O-],COc1cc(C)[nH+]c(N)n1
TIHFOG,TIHFOG,at 123 K,Fc1cccc2C(=O)C(=O)Nc12.C1COCCO1,P21/n,False,123.0,lowT,Fc1cccc2C(=O)C(=O)Nc12,C1COCCO1
EKECOM01,EKECOM01,at 123 K,C1N2CN3CN1CN(C2)C3.OC(=O)CCCCCCCCCC(O)=O,P21/c,False,123.0,lowT,C1N2CN3CN1CN(C2)C3,OC(=O)CCCCCCCCCC(O)=O
DUMWEO,DUMWEO,at 100 K,Brc1ccc(cc1)S(=O)(=O)[O-].CCOc1ccc(cc1)C=Cc1cccc[n+]1C,P21/c,False,100.0,lowT,Brc1ccc(cc1)S(=O)(=O)[O-],CCOc1ccc(cc1)C=Cc1cccc[n+]1C
LEPFOF,LEPFOF,100 K,OC(C(O)C(=O)[O-])C(O)=O.[NH3+]CC(CC(O)=O)c1ccccc1,P21,False,100.0,lowT,OC(C(O)C(=O)[O-])C(O)=O,[NH3+]CC(CC(O)=O)c1ccccc1
ODAPIV,ODAPIV,100 K,CCC1=C(C)C2=CC3=CC=C(C=NO)N3C(=O)N2C1=O.CS(C)=O,P-1,False,100.0,lowT,CCC1=C(C)C2=CC3=CC=C(C=NO)N3C(=O)N2C1=O,CS(C)=O
XUVQUB,XUVQUB,at 120 K,OC(=O)Cc1ccccc1Nc1c(Cl)cccc1Cl.CC1=NN2C=C(C)N=C2S1,P-1,False,120.0,lowT,OC(=O)Cc1ccccc1Nc1c(Cl)cccc1Cl,CC1=NN2C=C(C)N=C2S1
HURMOW,HURMOW,at 100K,Clc1cccc(c1)C(=O)[O-].COc1cc(Cc2c[nH+]c(N)nc2N)cc(OC)c1OC,P21/n,False,100.0,lowT,Clc1cccc(c1)C(=O)[O-],COc1cc(Cc2c[nH+]c(N)nc2N)cc(OC)c1OC
BOBXAU,BOBXAU,100 K,CN(C)C=O.COc1cccc(CNc2ccc(cc2)C(O)=O)c1O,Pbca,False,100.0,lowT,CN(C)C=O,COc1cccc(CNc2ccc(cc2)C(O)=O)c1O
DUVHOR10,DUVHOR10,at 123 K,CC(=O)NC(C)=O.CC(N)=O,P21/m,False,123.0,lowT,CC(=O)NC(C)=O,CC(N)=O
PUQGIS,PUQGIS,at 100 K,[NH3+]c1cc(N)cc(c1)C(O)=O.O=C([O-])c1cc(cc(c1)N(=O)=O)N(=O)=O,P21/n,False,100.0,lowT,[NH3+]c1cc(N)cc(c1)C(O)=O,O=C([O-])c1cc(cc(c1)N(=O)=O)N(=O)=O
ACESOS,ACESOS,at 100 K,OC(=O)c1ccc(O)cc1.CN1N=NC2=C(N=CN2C1=O)C(N)=O,P21/c,False,100.0,lowT,OC(=O)c1ccc(O)cc1,CN1N=NC2=C(N=CN2C1=O)C(N)=O
ZIPJEQ,ZIPJEQ,100 K,NC(=O)c1ccncc1.OC(=O)c1cc(Cl)ccc1O,P21/c,False,100.0,lowT,NC(=O)c1ccncc1,OC(=O)c1cc(Cl)ccc1O
IVULAN,IVULAN,at 123 K,C[NH+](C)C(C)C(O)c1ccccc1.O=C([O-])c1ccccc1N(=O)=O,Pbca,False,123.0,lowT,C[NH+](C)C(C)C(O)c1ccccc1,O=C([O-])c1ccccc1N(=O)=O
KEZXAR,KEZXAR,100.0 K,Cc1cc(C)cc(C)c1.S1C=CSC1=C1SC=CS1,P-1,False,100.0,lowT,Cc1cc(C)cc(C)c1,S1C=CSC1=C1SC=CS1
GAVMAV,GAVMAV,100 K,F[P-]1(F)(F)(F)[n+]2ccccc2[n+]2ccccc12.FC(F)(F)S(=O)(=O)[O-],Pn,False,100.0,lowT,F[P-]1(F)(F)(F)[n+]2ccccc2[n+]2ccccc12,FC(F)(F)S(=O)(=O)[O-]
NEQNUV,NEQNUV,120 K,CC1=CN=C(NC(=O)c2ccccc2)S1.OC(=O)CCCCCCCCCCC(O)=O,P-1,False,120.0,lowT,CC1=CN=C(NC(=O)c2ccccc2)S1,OC(=O)CCCCCCCCCCC(O)=O
ODUQIO,ODUQIO,at 113 K,COc1ccc(cc1)C1(O)c2ccccc2Oc2ccccc12.CN(C)C=O,P-1,False,113.0,lowT,COc1ccc(cc1)C1(O)c2ccccc2Oc2ccccc12,CN(C)C=O
CIWFOF,CIWFOF,at 120 K,OC(=O)CCCCCCC(O)=O.O=C(NCCCCNC(=O)c1ccncc1)c1ccncc1,P-1,False,120.0,lowT,OC(=O)CCCCCCC(O)=O,O=C(NCCCCNC(=O)c1ccncc1)c1ccncc1
GINNIB,GINNIB,at 120 K,O=C([O-])c1cccnc1.CCc1[nH+]c(N)nc(N)c1c1ccc(Cl)cc1,P21,False,120.0,lowT,O=C([O-])c1cccnc1,CCc1[nH+]c(N)nc(N)c1c1ccc(Cl)cc1
ABOQUF,ABOQUF,at 110 K,Oc1ccc(O)cc1.NC(=O)N1c2ccccc2C=Cc2ccccc12,P-1,False,110.0,lowT,Oc1ccc(O)cc1,NC(=O)N1c2ccccc2C=Cc2ccccc12
CACWEK,CACWEK,at 100 K,C[NH2+]C(C)C(O)c1ccccc1.CC(C)(C)OC(=O)NC1CC1CC(=O)[O-],P212121,False,100.0,lowT,C[NH2+]C(C)C(O)c1ccccc1,CC(C)(C)OC(=O)NC1CC1CC(=O)[O-]
PAQPIK,PAQPIK,123 K,NC(=O)c1ccccc1.OC(=O)CCl,P-1,False,123.0,lowT,NC(=O)c1ccccc1,OC(=O)CCl
XIKLUA,XIKLUA,at 110 K,CC(N)=C1C(=O)Oc2c(F)c(F)c(F)c(F)c2C1=O.CS(C)=O,P-1,False,110.0,lowT,CC(N)=C1C(=O)Oc2c(F)c(F)c(F)c(F)c2C1=O,CS(C)=O
FIDLOU,FIDLOU,at 100 K,Nc1ccc(Cc2ccc(N)cc2)cc1.Oc1ccc(Sc2ccc(O)cc2)cc1,P21/n,False,100.0,lowT,Nc1ccc(Cc2ccc(N)cc2)cc1,Oc1ccc(Sc2ccc(O)cc2)cc1
KEFBIH,KEFBIH,at 100 K,OC(=O)CCCC(O)=O.CC(=O)Nc1ccccn1,P21/c,False,100.0,lowT,OC(=O)CCCC(O)=O,CC(=O)Nc1ccccn1
BEMLOV,BEMLOV,at 77 K,COc1cc(O)cc(O)c1.C(C=Cc1ccncc1)=Cc1ccncc1,P21/c,False,77.0,lowT,COc1cc(O)cc(O)c1,C(C=Cc1ccncc1)=Cc1ccncc1
RORMUI,RORMUI,at 120 K,c1cnc2ccc3ncccc3c2c1.OB(O)c1ccc(Cl)cc1,P-1,False,120.0,lowT,c1cnc2ccc3ncccc3c2c1,OB(O)c1ccc(Cl)cc1
WUQQUW,WUQQUW,100 K,BrC#CC#CBr.O=C(NCc1cccnc1)C(=O)NCc1cccnc1,P-1,False,100.0,lowT,BrC#CC#CBr,O=C(NCc1cccnc1)C(=O)NCc1cccnc1
MUBNED,MUBNED,at 113 K,CN(C)C(C)=O.OC(=O)c1ccc(cc1)C(O)=O,P21/n,False,113.0,lowT,CN(C)C(C)=O,OC(=O)c1ccc(cc1)C(O)=O
KASXIN,KASXIN,at 123 K,OCC[NH+]1CCCC1.Oc1ccccc1C(=O)[O-],P21/c,False,123.0,lowT,OCC[NH+]1CCCC1,Oc1ccccc1C(=O)[O-]
KAYGAU,KAYGAU,at 120 K,O=C(Nc1ccccn1)c1ccncc1.OC(=O)CCCCCCCCC(O)=O,P21/n,False,120.0,lowT,O=C(Nc1ccccn1)c1ccncc1,OC(=O)CCCCCCCCC(O)=O
NINFIB,NINFIB,at 100 K,O=C1NC(=O)C2=C1C(=O)c1cccc3cccc2c13.CS(C)=O,P21/c,False,100.0,lowT,O=C1NC(=O)C2=C1C(=O)c1cccc3cccc2c13,CS(C)=O
LIBXUR,LIBXUR,at 90 K,CC(=O)[O-].Nc1[nH+]nc(c(N)n1)c1cccc(Cl)c1Cl,P21/c,False,90.0,lowT,CC(=O)[O-],Nc1[nH+]nc(c(N)n1)c1cccc(Cl)c1Cl
OCIQAT,OCIQAT,at 100 K,NC(=O)c1ccc(CN2C=CC=N2)cc1.OC(=O)c1ccccc1,P-1,False,100.0,lowT,NC(=O)c1ccc(CN2C=CC=N2)cc1,OC(=O)c1ccccc1
URIRAR,URIRAR,100 K,O=C1NCCNc2ccc(cc2S(=O)(=O)c2ccccc12)C#N.CS(C)=O,P21/c,False,100.0,lowT,O=C1NCCNc2ccc(cc2S(=O)(=O)c2ccccc12)C#N,CS(C)=O
EYOLIO,EYOLIO,at 93 K,OC(C(F)(F)F)C(F)(F)F.C1CNCCN1,P-1,False,93.0,lowT,OC(C(F)(F)F)C(F)(F)F,C1CNCCN1
ZIYDUJ,ZIYDUJ,100 K,NC1=[NH+]c2ccc(OC(F)(F)F)cc2S1.CS(=O)(=O)[O-],P21/c,False,100.0,lowT,NC1=[NH+]c2ccc(OC(F)(F)F)cc2S1,CS(=O)(=O)[O-]
BILKIS,BILKIS,at 120 K,OC(C(O)C(=O)[O-])C(O)=O.[NH3+]CCS,P212121,False,120.0,lowT,OC(C(O)C(=O)[O-])C(O)=O,[NH3+]CCS
VISMUI,VISMUI,119.8 K,CCC1(CC)C(=O)NC(=O)[N-]C1=O.[NH3+]CCc1ccc(O)cc1,R-3c,False,119.0,lowT,CCC1(CC)C(=O)NC(=O)[N-]C1=O,[NH3+]CCc1ccc(O)cc1
NAQPAZ,NAQPAZ,100 K,NC1=Nc2ccc(OC(F)(F)F)cc2S1.OC(=O)CCCCCCC(O)=O,P21,False,100.0,lowT,NC1=Nc2ccc(OC(F)(F)F)cc2S1,OC(=O)CCCCCCC(O)=O
YIVQUQ,YIVQUQ,at 113 K,Cc1ccnc2N(C3CC3)c3ncccc3C(=O)Nc12.C1COCCO1,P21/n,False,113.0,lowT,Cc1ccnc2N(C3CC3)c3ncccc3C(=O)Nc12,C1COCCO1
WAPPUA,WAPPUA,at 100 K,[NH3+]C(C)C(=O)OC.Cc1ccc(cc1)C=CC(=O)[O-],P21,False,100.0,lowT,[NH3+]C(C)C(=O)OC,Cc1ccc(cc1)C=CC(=O)[O-]
SEZZOQ,SEZZOQ,90 K,Oc1ccc(cc1)C(=O)[O-].COc1ccc(cc1)N1CC[NH2+]CC1,P-1,False,90.0,lowT,Oc1ccc(cc1)C(=O)[O-],COc1ccc(cc1)N1CC[NH2+]CC1
ROSYIK,ROSYIK,101 K,CCCC(CCC)C(O)=O.Nc1nnc(c(N)n1)c1cccc(Cl)c1Cl,P21/n,False,101.0,lowT,CCCC(CCC)C(O)=O,Nc1nnc(c(N)n1)c1cccc(Cl)c1Cl
POVZEG,POVZEG,at 100 K,OC1=C(Cl)C(=O)C(=C(Cl)C1=O)[O-].NC(=O)c1[nH+]cccc1,P21/c,False,100.0,lowT,OC1=C(Cl)C(=O)C(=C(Cl)C1=O)[O-],NC(=O)c1[nH+]cccc1
PAHHAK,PAHHAK,120 K,NC(=O)c1ccc(O)cc1.Nc1ccc(C(O)=O)c(O)c1,Pca21,False,120.0,lowT,NC(=O)c1ccc(O)cc1,Nc1ccc(C(O)=O)c(O)c1
BOQNIG,BOQNIG,at 100 K,OC(=O)CSCc1ccc(CSCC(O)=O)cc1.Cc1cc(C)nc(N)n1,P21/c,False,100.0,lowT,OC(=O)CSCc1ccc(CSCC(O)=O)cc1,Cc1cc(C)nc(N)n1
BALDOL,BALDOL,120 K,NC1=N[N+]2(CCOCC2)CC1.O=C([O-])c1ccccc1,P21/c,False,120.0,lowT,NC1=N[N+]2(CCOCC2)CC1,O=C([O-])c1ccccc1
AMECUT,AMECUT,100 K,FC(F)(F)S(=O)(=O)[O-].C[N+]1=NN(N2CCOCC2)C(=C1)c1ccc(Br)cc1,P21/n,False,100.0,lowT,FC(F)(F)S(=O)(=O)[O-],C[N+]1=NN(N2CCOCC2)C(=C1)c1ccc(Br)cc1
PARVOW,PARVOW,100 K,CN1C(=O)C(=O)c2ccccc12.CN1C(=O)C(=Nc2ccccc2)c2ccccc12,P-1,False,100.0,lowT,CN1C(=O)C(=O)c2ccccc12,CN1C(=O)C(=Nc2ccccc2)c2ccccc12
RORNIX,RORNIX,at 120 K,OB(O)c1ccc(Br)cc1.c1cnc2ccc3ncccc3c2c1,P-1,False,120.0,lowT,OB(O)c1ccc(Br)cc1,c1cnc2ccc3ncccc3c2c1
BIXMUS,BIXMUS,at 100 K,OC(=O)c1cc[nH+]cc1.OC(=O)C#CC(=O)[O-],P-1,False,100.0,lowT,OC(=O)c1cc[nH+]cc1,OC(=O)C#CC(=O)[O-]
IVORAO,IVORAO,120 K,C1CCOC1.NC(=O)Nc1ccc(O)c(c1)C(O)=O,P21/c,False,120.0,lowT,C1CCOC1,NC(=O)Nc1ccc(O)c(c1)C(O)=O
GIMPIF,GIMPIF,80 K,CN(C)c1ccc(cc1)N(C)C.BrC1=C(Br)C(=O)C(=C(Br)C1=O)Br,P-1,False,80.0,lowT,CN(C)c1ccc(cc1)N(C)C,BrC1=C(Br)C(=O)C(=C(Br)C1=O)Br
HEDRAL,HEDRAL,at 100 K,NC(=O)c1cnccn1.Oc1cccc(O)c1O,P-1,False,100.0,lowT,NC(=O)c1cnccn1,Oc1cccc(O)c1O
YACQUR,YACQUR,100 K,COC(=O)c1ccc(O)cc1.CC(C)C1=C(C)N(C)N(c2ccccc2)C1=O,P212121,False,100.0,lowT,COC(=O)c1ccc(O)cc1,CC(C)C1=C(C)N(C)N(c2ccccc2)C1=O
HIQNAA,HIQNAA,90 K,OC(C(O)C(=O)[O-])C(O)=O.COc1ccccc1N1CC[NH2+]CC1,P21,False,90.0,lowT,OC(C(O)C(=O)[O-])C(O)=O,COc1ccccc1N1CC[NH2+]CC1
PILKEB,PILKEB,at 123 K,OC=O.NS(=O)(=O)c1cc2c(NC=NS2(=O)=O)cc1Cl,P21/c,False,123.0,lowT,OC=O,NS(=O)(=O)c1cc2c(NC=NS2(=O)=O)cc1Cl
ABORAM,ABORAM,at 110 K,NC(=O)CN1CCCC1=O.Oc1ccc(O)cc1,P-1,False,110.0,lowT,NC(=O)CN1CCCC1=O,Oc1ccc(O)cc1
ZUFPEX,ZUFPEX,at 100 K,CN(C)P(=O)(N(C)C)N(C)C.FC(F)(Br)C(F)(F)Br,P21/c,False,100.0,lowT,CN(C)P(=O)(N(C)C)N(C)C,FC(F)(Br)C(F)(F)Br
PARWUB,PARWUB,at 100 K,O=C([O-])c1ccc(cc1)N(=O)=O.COc1cc(Cc2c[nH+]c(N)nc2N)cc(OC)c1OC,P21/n,False,100.0,lowT,O=C([O-])c1ccc(cc1)N(=O)=O,COc1cc(Cc2c[nH+]c(N)nc2N)cc(OC)c1OC
HEBHUS,HEBHUS,at 113 K,Nc1ccccc1.COc1cccc(c1)C1(O)c2ccccc2Oc2ccccc12,P21/c,False,113.0,lowT,Nc1ccccc1,COc1cccc(c1)C1(O)c2ccccc2Oc2ccccc12
GUXTUR,GUXTUR,100 K,CC(=O)NC1=NN=C(S1)S(N)(=O)=O.C(Cc1ccncc1)c1ccncc1,P-1,False,100.0,lowT,CC(=O)NC1=NN=C(S1)S(N)(=O)=O,C(Cc1ccncc1)c1ccncc1
YOKPEW,YOKPEW,100 K,[NH3+]CCC(O)=O.Oc1ccc(cc1)S(=O)(=O)[O-],P21/c,False,100.0,lowT,[NH3+]CCC(O)=O,Oc1ccc(cc1)S(=O)(=O)[O-]
AXUSUJ,AXUSUJ,120 K,OC(=O)CCCC(O)=O.c1ccc2N3N=NC=C3C=Cc2c1,Fdd2,False,120.0,lowT,OC(=O)CCCC(O)=O,c1ccc2N3N=NC=C3C=Cc2c1
XOJZIH,XOJZIH,120 K,[NH3+]CCO.O=S(=O)([O-])c1ccc2ccccc2c1,P21/c,False,120.0,lowT,[NH3+]CCO,O=S(=O)([O-])c1ccc2ccccc2c1
UNEZUI,UNEZUI,at 100 K,CCCC(O)=O.NC(=O)N1c2ccccc2C=Cc2ccccc12,P-1,False,100.0,lowT,CCCC(O)=O,NC(=O)N1c2ccccc2C=Cc2ccccc12
NAFKAJ,NAFKAJ,100 K,FC(F)(F)C(=O)[O-].[NH3+]C1CC(N(C1)C(C)=O)C(=O)OC,P21,False,100.0,lowT,FC(F)(F)C(=O)[O-],[NH3+]C1CC(N(C1)C(C)=O)C(=O)OC
VAVKAH,VAVKAH,123 K,C[NH+](C)C(C)C(O)c1ccccc1.OC(C(=O)[O-])c1ccccc1,P21,False,123.0,lowT,C[NH+](C)C(C)C(O)c1ccccc1,OC(C(=O)[O-])c1ccccc1
GAXCIU,GAXCIU,100 K,[NH3+]C(CCO)CCCCC.Brc1ccc(cc1)C(=O)[O-],P212121,False,100.0,lowT,[NH3+]C(CCO)CCCCC,Brc1ccc(cc1)C(=O)[O-]
NUPBEH,NUPBEH,100 K,[2H]OC(=O)C(=O)[O-].[2H][n+]1ccc(cc1)C(N([2H])[2H])=O,P-1,False,100.0,lowT,[2H]OC(=O)C(=O)[O-],[2H][n+]1ccc(cc1)C(N([2H])[2H])=O
VAXWAU,VAXWAU,at 120 K,OC(=O)CCC(O)=O.c1cnccn1,P21/n,False,120.0,lowT,OC(=O)CCC(O)=O,c1cnccn1
MEDBOO,MEDBOO,at 123 K,Clc1ccccc1C(=O)[O-].[NH3+]CCc1ccc(O)cc1,P21/c,False,123.0,lowT,Clc1ccccc1C(=O)[O-],[NH3+]CCc1ccc(O)cc1
AMEBUS,AMEBUS,100 K,FC(F)(F)S(=O)(=O)[O-].FC(F)(F)C([N+]#N)=S1c2ccccc2c2ccccc12,P-1,False,100.0,lowT,FC(F)(F)S(=O)(=O)[O-],FC(F)(F)C([N+]#N)=S1c2ccccc2c2ccccc12
OVIGEG,OVIGEG,at 120 K,OC(C(O)C(=O)[O-])C(O)=O.OC(=O)C1C[NH2+]CCC1,P21,False,120.0,lowT,OC(C(O)C(=O)[O-])C(O)=O,OC(=O)C1C[NH2+]CCC1
MENRAC,MENRAC,100 K,Nc1ccc(Br)cn1.Cc1ccccc1C(O)=O,P21/c,False,100.0,lowT,Nc1ccc(Br)cn1,Cc1ccccc1C(O)=O
WOBQIQ,WOBQIQ,100 K,OC(=O)C=CC1=CNC=[NH+]1.Oc1cc(O)cc(c1)C(=O)[O-],Pccn,False,100.0,lowT,OC(=O)C=CC1=CNC=[NH+]1,Oc1cc(O)cc(c1)C(=O)[O-]
GUMHAZ,GUMHAZ,100 K,FC(F)(F)S(=O)(=O)[N-]S(=O)(=O)C(F)(F)F.O=C1CC[NH2+]CC1,P21/c,False,100.0,lowT,FC(F)(F)S(=O)(=O)[N-]S(=O)(=O)C(F)(F)F,O=C1CC[NH2+]CC1
GONQIL,GONQIL,100 K,Nc1nc(N)nc(N)n1.CS(C)=O,P21/c,False,100.0,lowT,Nc1nc(N)nc(N)n1,CS(C)=O
JIYQEQ,JIYQEQ,100 K,Fc1cc(F)c([n+]2ccccc2)c(F)c1C#N.FC(F)(F)S(=O)(=O)[O-],P-1,False,100.0,lowT,Fc1cc(F)c([n+]2ccccc2)c(F)c1C#N,FC(F)(F)S(=O)(=O)[O-]
AWIJUM,AWIJUM,at 90 K,NC(=[NH2+])NN=Cc1c(Cl)cc(O)cc1Cl.CC(=O)[O-],Pbca,False,90.0,lowT,NC(=[NH2+])NN=Cc1c(Cl)cc(O)cc1Cl,CC(=O)[O-]
LUTDUR01,LUTDUR01,at 100 K,NC(N)=O.Cc1cccc(C)n1,P-1,False,100.0,lowT,NC(N)=O,Cc1cccc(C)n1
MOXVIF01,MOXVIF01,at 85 K,OC(=O)c1ccc(O)cc1.NC(=O)N1c2ccccc2C=Cc2ccccc12,P21/n,False,85.0,lowT,OC(=O)c1ccc(O)cc1,NC(=O)N1c2ccccc2C=Cc2ccccc12
JIYQIU,JIYQIU,100 K,FC(F)(F)S(=O)(=O)[O-].Clc1cnc([n+]2ccccc2)c(Cl)n1,P21/n,False,100.0,lowT,FC(F)(F)S(=O)(=O)[O-],Clc1cnc([n+]2ccccc2)c(Cl)n1
VAVHUY,VAVHUY,123 K,C[NH+](C)C(C)C(O)c1ccccc1.Oc1ccccc1C(=O)[O-],P212121,False,123.0,lowT,C[NH+](C)C(C)C(O)c1ccccc1,Oc1ccccc1C(=O)[O-]
YIKMEM,YIKMEM,at 100 K,[NH2+]=C(O)N1c2ccccc2CCc2ccccc12.CS(=O)(=O)[O-],P21/c,False,100.0,lowT,[NH2+]=C(O)N1c2ccccc2CCc2ccccc12,CS(=O)(=O)[O-]
ASAVAU,ASAVAU,120 K,C[N+]1=C(SCC1)SC[Si](C)(C)C.FC(F)(F)S(=O)(=O)[O-],P21/c,False,120.0,lowT,C[N+]1=C(SCC1)SC[Si](C)(C)C,FC(F)(F)S(=O)(=O)[O-]
ADARIH,ADARIH,at 120 K,ON=C1CCCCC1.C1CCC(CC1)NC1CCCCC1,Pna21,False,120.0,lowT,ON=C1CCCCC1,C1CCC(CC1)NC1CCCCC1
SAVMEK,SAVMEK,100 K,OB(O)c1c[nH+]ccc1.OC(=O)c1cc(cc(c1)C(=O)[O-])C(O)=O,P-1,False,100.0,lowT,OB(O)c1c[nH+]ccc1,OC(=O)c1cc(cc(c1)C(=O)[O-])C(O)=O
GUXVON,GUXVON,100 K,CC(=O)NC1=NN=C(S1)S(N)(=O)=O.c1cc(ccn1)N=Nc1ccncc1,P-1,False,100.0,lowT,CC(=O)NC1=NN=C(S1)S(N)(=O)=O,c1cc(ccn1)N=Nc1ccncc1
UGOWAQ,UGOWAQ,100 K,OC(=O)c1cc(O)cc(O)c1.O=C1CCC(=O)N1,P-1,False,100.0,lowT,OC(=O)c1cc(O)cc(O)c1,O=C1CCC(=O)N1
PETNEJ,PETNEJ,at 120 K,ON=Cc1c(F)c(F)c(Br)c(F)c1F.c1cc(ccn1)N=Nc1ccncc1,P21/n,False,120.0,lowT,ON=Cc1c(F)c(F)c(Br)c(F)c1F,c1cc(ccn1)N=Nc1ccncc1
HABNON,HABNON,at 105 K,CC1OC(CC1O)C[N+](C)(C)C.O=N(=O)c1cc(c([O-])c(c1)N(=O)=O)N(=O)=O,P-1,False,105.0,lowT,CC1OC(CC1O)C[N+](C)(C)C,O=N(=O)c1cc(c([O-])c(c1)N(=O)=O)N(=O)=O
QUBQOT,QUBQOT,at 93 K,CC1=CC(=CC(=O)O1)OCc1cccc2ccccc12.O=C1NC(=O)C=C1,P-1,False,93.0,lowT,CC1=CC(=CC(=O)O1)OCc1cccc2ccccc12,O=C1NC(=O)C=C1
ULAZEM,ULAZEM,at 120 K,Oc1cc(O)cc(O)c1.OCCN1C(=O)c2ccccc2C1=O,P21/n,False,120.0,lowT,Oc1cc(O)cc(O)c1,OCCN1C(=O)c2ccccc2C1=O
JUFVAJ,JUFVAJ,at 100 K,OCC1[NH2+]CCC1.OB1OB(O)O[B-]2(O1)OB(O)OB(O)O2,P1,False,100.0,lowT,OCC1[NH2+]CCC1,OB1OB(O)O[B-]2(O1)OB(O)OB(O)O2
KIHYAC,KIHYAC,at 100 K,c1cc(ccn1)c1ccncc1.Oc1ccc(cc1)C#N,P-1,False,100.0,lowT,c1cc(ccn1)c1ccncc1,Oc1ccc(cc1)C#N
XOMTUP02,XOMTUP02,at 100 K,Cc1ccc(cc1)S(=O)(=O)[O-].C[NH2+]CC(O)=O,P21/n,False,100.0,lowT,Cc1ccc(cc1)S(=O)(=O)[O-],C[NH2+]CC(O)=O
DUNWIU,DUNWIU,100 K,c1cc(ccn1)C=Cc1ccncc1.OC(=O)c1cccc(O)c1O,P-1,False,100.0,lowT,c1cc(ccn1)C=Cc1ccncc1,OC(=O)c1cccc(O)c1O
TICREE,TICREE,at 100 K,Cc1ccncc1.Nc1ccc(cc1)S(=O)(=O)Nc1ncccn1,P-1,False,100.0,lowT,Cc1ccncc1,Nc1ccc(cc1)S(=O)(=O)Nc1ncccn1
KEKFOW,KEKFOW,at 120 K,OC(=O)CN1C(=O)c2cc3C(=O)N(CC(O)=O)C(=O)c3cc2C1=O.CS(C)=O,P21/m,False,120.0,lowT,OC(=O)CN1C(=O)c2cc3C(=O)N(CC(O)=O)C(=O)c3cc2C1=O,CS(C)=O
DAVPAS,DAVPAS,at 100 K,OC(=O)c1cc(O)ccc1O.NC(=O)CN1CCCC1=O,C2/c,False,100.0,lowT,OC(=O)c1cc(O)ccc1O,NC(=O)CN1CCCC1=O
FOBNIV,FOBNIV,at 100 K,FC(F)(F)S(=O)(=O)[O-].[BH2-]1[N+]2=CC=CN2P(N2C=CC=[N+]12)c1ccccc1,Pna21,False,100.0,lowT,FC(F)(F)S(=O)(=O)[O-],[BH2-]1[N+]2=CC=CN2P(N2C=CC=[N+]12)c1ccccc1
MUPNOB,MUPNOB,at 100 K,CN1C=NC2=C1C(=O)N(C)C(=O)N2C.OC(=O)c1cc(O)c(O)c(O)c1,C2/c,False,100.0,lowT,CN1C=NC2=C1C(=O)N(C)C(=O)N2C,OC(=O)c1cc(O)c(O)c(O)c1
RERCOK,RERCOK,100 K,NC(=[NH2+])NC1=NC(=CS1)CSCCC(N)=NS(N)(=O)=O.Oc1cccc(c1)C(=O)[O-],P-1,False,100.0,lowT,NC(=[NH2+])NC1=NC(=CS1)CSCCC(N)=NS(N)(=O)=O,Oc1cccc(c1)C(=O)[O-]
WIVDUA05,WIVDUA05,at 110 K,OC1=C(Br)C(=O)C(=C(Br)C1=O)O.c1ccc2nc3ccccc3nc2c1,P21,False,110.0,lowT,OC1=C(Br)C(=O)C(=C(Br)C1=O)O,c1ccc2nc3ccccc3nc2c1
GAVWOR,GAVWOR,at 100 K,FC(F)(F)C(=O)[O-].COC(=O)C1=C(O)CC[NH2+]C1c1ccc(C)cc1,P21/c,False,100.0,lowT,FC(F)(F)C(=O)[O-],COC(=O)C1=C(O)CC[NH2+]C1c1ccc(C)cc1
GULSIR,GULSIR,100 K,FC(F)(F)S(=O)(=O)[O-].O=C1CC[NH2+]CC1,P-1,False,100.0,lowT,FC(F)(F)S(=O)(=O)[O-],O=C1CC[NH2+]CC1
ILIZOV,ILIZOV,113.2 K,O=C1NC(=O)C=C(N1)C(=O)[O-].[NH3+]CCCC(O)=O,P-1,False,113.0,lowT,O=C1NC(=O)C=C(N1)C(=O)[O-],[NH3+]CCCC(O)=O
NUJWIZ,NUJWIZ,at 100 K,Brc1ccc(CN2C=Nc3ccccc23)cc1.ON=C(C#N)c1ccc(Br)cc1,P-1,False,100.0,lowT,Brc1ccc(CN2C=Nc3ccccc23)cc1,ON=C(C#N)c1ccc(Br)cc1
ZATHEL,ZATHEL,100 K,Oc1cc(O)cc(O)c1.CN1C=CC(=O)C(=C1C)O,P-1,False,100.0,lowT,Oc1cc(O)cc(O)c1,CN1C=CC(=O)C(=C1C)O
JOYJAK,JOYJAK,at 120 K,Nc1ncccn1.OC(=O)CCCC(O)=O,P-1,False,120.0,lowT,Nc1ncccn1,OC(=O)CCCC(O)=O
CIHDOP,CIHDOP,123 K,[NH2+]=C1NC(=O)N(C=C1)C1CSC(CO)O1.CC1=CC(=O)[N-]S(=O)(=O)O1,P212121,False,123.0,lowT,[NH2+]=C1NC(=O)N(C=C1)C1CSC(CO)O1,CC1=CC(=O)[N-]S(=O)(=O)O1
PEFGEO03,PEFGEO03,at 120 K,OC(=O)c1cc(O)c(O)c(O)c1.CC(N)=O,C2/c,False,120.0,lowT,OC(=O)c1cc(O)c(O)c(O)c1,CC(N)=O
TAPJIF,TAPJIF,at 100 K,FC(F)(F)S(=O)(=O)[O-].CCOC(=O)c1ccc[n+](CC(N)=O)c1,P-1,False,100.0,lowT,FC(F)(F)S(=O)(=O)[O-],CCOC(=O)c1ccc[n+](CC(N)=O)c1
HUQXEY,HUQXEY,123 K,OC(=O)c1cc(ccc1O)S(=O)(=O)[O-].[NH2+]=C(O)N1c2ccccc2C=Cc2ccccc12,P-1,False,123.0,lowT,OC(=O)c1cc(ccc1O)S(=O)(=O)[O-],[NH2+]=C(O)N1c2ccccc2C=Cc2ccccc12
MODDIU,MODDIU,110 K,Nc1nc(N)nc(N)n1.CCC1(CC)C(=O)NC(=O)NC1=O,Pmn21,False,110.0,lowT,Nc1nc(N)nc(N)n1,CCC1(CC)C(=O)NC(=O)NC1=O
EQAYOM,EQAYOM,100 K,Cc1[nH+]c(C)c(Cl)c(N)n1.OC(=O)C1=CC=C(S1)C(=O)[O-],P21/n,False,100.0,lowT,Cc1[nH+]c(C)c(Cl)c(N)n1,OC(=O)C1=CC=C(S1)C(=O)[O-]
RAXZEZ,RAXZEZ,100 K,CC(C)(c1ccc(O)cc1)c1ccc(O)cc1.c1cc(ccn1)N=Nc1ccncc1,C2/c,False,100.0,lowT,CC(C)(c1ccc(O)cc1)c1ccc(O)cc1,c1cc(ccn1)N=Nc1ccncc1
VAVLUC,VAVLUC,123 K,C[NH+](C)C(C)C(O)c1ccccc1.Cc1cccc(c1)C(=O)[O-],C2/c,False,123.0,lowT,C[NH+](C)C(C)C(O)c1ccccc1,Cc1cccc(c1)C(=O)[O-]
OTESAI,OTESAI,at 100 K,O=C1NS(=O)(=O)c2ccccc12.NC(=O)C1c2ccccc2CCc2ccccc12,P21/n,False,100.0,lowT,O=C1NS(=O)(=O)c2ccccc12,NC(=O)C1c2ccccc2CCc2ccccc12
PEQPOR,PEQPOR,at 100 K,COc1ccc(cn1)c1cc(C)nc(N)n1.CN(C)c1ccc(cc1)C(O)=O,P-1,False,100.0,lowT,COc1ccc(cn1)c1cc(C)nc(N)n1,CN(C)c1ccc(cc1)C(O)=O
TUFPER,TUFPER,100 K,FC(F)(F)S(=O)(=O)[N-]S(=O)(=O)C(F)(F)F.CC1(C)CCCC(C)(C)[N+]1=O,P-1,False,100.0,lowT,FC(F)(F)S(=O)(=O)[N-]S(=O)(=O)C(F)(F)F,CC1(C)CCCC(C)(C)[N+]1=O
ZIRWEG,ZIRWEG,123 K,[NH3+]CCc1ccc(O)c(O)c1.O=C([O-])c1ccccc1,P21/c,False,123.0,lowT,[NH3+]CCc1ccc(O)c(O)c1,O=C([O-])c1ccccc1
VAVKOV,VAVKOV,123 K,C[NH+](C)C(C)C(O)c1ccccc1.O=C([O-])c1cccc(c1)N(=O)=O,C2/c,False,123.0,lowT,C[NH+](C)C(C)C(O)c1ccccc1,O=C([O-])c1cccc(c1)N(=O)=O
PAMFIV,PAMFIV,100 K,CC1=C(O)C(=O)C=CO1.OC(=O)c1cc(O)cc(c1)C(O)=O,P21/n,False,100.0,lowT,CC1=C(O)C(=O)C=CO1,OC(=O)c1cc(O)cc(c1)C(O)=O
ZIYFEV,ZIYFEV,100 K,NC1=[NH+]c2ccc(OC(F)(F)F)cc2S1.Oc1ccccc1C(=O)[O-],P21/c,False,100.0,lowT,NC1=[NH+]c2ccc(OC(F)(F)F)cc2S1,Oc1ccccc1C(=O)[O-]
AMAYIZ,AMAYIZ,100 K,FC(F)(F)S(=O)(=O)[O-].CCOC(=O)C([N+]#N)=S1c2ccccc2c2ccccc12,P-1,False,100.0,lowT,FC(F)(F)S(=O)(=O)[O-],CCOC(=O)C([N+]#N)=S1c2ccccc2c2ccccc12
EBIXEW,EBIXEW,100.0 K,FC(F)(F)S(=O)(=O)[O-].Fc1c(F)c(F)c(c(F)c1F)[P+](F)(c1ccccn1)c1c(F)c(F)c(F)c(F)c1F,P21/c,False,100.0,lowT,FC(F)(F)S(=O)(=O)[O-],Fc1c(F)c(F)c(c(F)c1F)[P+](F)(c1ccccn1)c1c(F)c(F)c(F)c(F)c1F
FEYZAM,FEYZAM,at 120 K,COc1ccc(NS(=O)(=O)c2ccc3ccccc3c2)cc1.Cc1ccc(C)cc1,P21/c,False,120.0,lowT,COc1ccc(NS(=O)(=O)c2ccc3ccccc3c2)cc1,Cc1ccc(C)cc1
OJUQER,OJUQER,110.2 K,O=C([O-])CCC1=NC(=C(O1)c1ccccc1)c1ccccc1.CC(C)(C)[NH2+]CC(O)c1ccc(O)c(CO)c1,P-1,False,110.0,lowT,O=C([O-])CCC1=NC(=C(O1)c1ccccc1)c1ccccc1,CC(C)(C)[NH2+]CC(O)c1ccc(O)c(CO)c1
TETYOI,TETYOI,at 100 K,COC(=O)C(=O)Nc1ccccc1NC(=O)C(=O)OC.CS(C)=O,C2/c,False,100.0,lowT,COC(=O)C(=O)Nc1ccccc1NC(=O)C(=O)OC,CS(C)=O
WAPQOV,WAPQOV,at 100 K,O=C([O-])C=Cc1ccccc1.[NH3+]C(C(C)C)C(=O)OC,P212121,False,100.0,lowT,O=C([O-])C=Cc1ccccc1,[NH3+]C(C(C)C)C(=O)OC
PAQNOO,PAQNOO,100 K,[NH3+]c1ccc(O)cc1.CS(=O)(=O)[O-],P21/c,False,100.0,lowT,[NH3+]c1ccc(O)cc1,CS(=O)(=O)[O-]
OWOJIV,OWOJIV,100 K,CN(C)C(N)=S.C1COCCN1,P-1,False,100.0,lowT,CN(C)C(N)=S,C1COCCN1
IVUPOF,IVUPOF,at 123 K,C[NH+](C)C(C)C(O)c1ccccc1.OC(=O)CC(=O)[O-],P-1,False,123.0,lowT,C[NH+](C)C(C)C(O)c1ccccc1,OC(=O)CC(=O)[O-]
LEBWAR,LEBWAR,at 120 K,C[NH+](C)CC(=C)Sc1ccccc1.OC(=O)C(=O)[O-],Cc,False,120.0,lowT,C[NH+](C)CC(=C)Sc1ccccc1,OC(=O)C(=O)[O-]
QAJXUV,QAJXUV,at 100 K,C1CCC2(C1)COC1=C3OCC4(CCCC4)[N+]3=CN21.FC(F)(F)S(=O)(=O)[O-],Pbca,False,100.0,lowT,C1CCC2(C1)COC1=C3OCC4(CCCC4)[N+]3=CN21,FC(F)(F)S(=O)(=O)[O-]
UFEVIN,UFEVIN,120 K,OC(=O)CCC(O)=O.NC(=O)c1ccc(N)cc1,P21/c,False,120.0,lowT,OC(=O)CCC(O)=O,NC(=O)c1ccc(N)cc1
VUXXAP,VUXXAP,93 K,CCOc1ccc(cc1)C(O)=O.C(Cc1ccncc1)c1ccncc1,P-1,False,93.0,lowT,CCOc1ccc(cc1)C(O)=O,C(Cc1ccncc1)c1ccncc1
CATHOW,CATHOW,at 103 K,[NH3+]C(C(O)c1ccccc1)c1ccccc1.O=C([O-])C1=CC=CS1,P212121,False,103.0,lowT,[NH3+]C(C(O)c1ccccc1)c1ccccc1,O=C([O-])C1=CC=CS1
ADETOT,ADETOT,at 120 K,OC(=O)c1ccc(O)cc1.Cc1cc(C)nc(N)n1,Cc,False,120.0,lowT,OC(=O)c1ccc(O)cc1,Cc1cc(C)nc(N)n1
IPABOR,IPABOR,at 100 K,N#CC1=NN=N[N-]1.[NH3+]NC(N)=O,C2/c,False,100.0,lowT,N#CC1=NN=N[N-]1,[NH3+]NC(N)=O
GIYDEZ,GIYDEZ,at 100 K,[NH3+]CC(O)=O.CS(=O)(=O)[O-],P21/c,False,100.0,lowT,[NH3+]CC(O)=O,CS(=O)(=O)[O-]
TOJQOZ,TOJQOZ,at 100 K,FC(F)(F)S(=O)(=O)[N-]S(=O)(=O)C(F)(F)F.CCOC(=O)C[N+]1(C)CCOCC1,P21/c,False,100.0,lowT,FC(F)(F)S(=O)(=O)[N-]S(=O)(=O)C(F)(F)F,CCOC(=O)C[N+]1(C)CCOCC1
UZADOQ,UZADOQ,100 K,C[N+]1=C(C)N(CCCS(O)(=O)=O)C=C1.FC(F)(F)S(=O)(=O)[O-],C2/c,False,100.0,lowT,C[N+]1=C(C)N(CCCS(O)(=O)=O)C=C1,FC(F)(F)S(=O)(=O)[O-]
BAVJIT,BAVJIT,at 110 K,C[N+](C)(N)CCl.O=N(=O)c1cc(c([O-])c(c1)N(=O)=O)N(=O)=O,C2/c,False,110.0,lowT,C[N+](C)(N)CCl,O=N(=O)c1cc(c([O-])c(c1)N(=O)=O)N(=O)=O
MEDHOU01,MEDHOU01,at 123 K,OC(C(=O)[O-])c1ccccc1.[NH3+]CCc1ccc(O)cc1,P-1,False,123.0,lowT,OC(C(=O)[O-])c1ccccc1,[NH3+]CCc1ccc(O)cc1
BUNHOJ,BUNHOJ,120 K,c1cc(ccn1)c1ccncc1.Oc1c(F)c(F)c(Br)c(F)c1F,P21/c,False,120.0,lowT,c1cc(ccn1)c1ccncc1,Oc1c(F)c(F)c(Br)c(F)c1F
WOBTIT,WOBTIT,100 K,Oc1ccc(cc1O)C(=O)[O-].[NH3+]C(CC1=C[NH+]=CN1)C(=O)[O-],P212121,False,100.0,lowT,Oc1ccc(cc1O)C(=O)[O-],[NH3+]C(CC1=C[NH+]=CN1)C(=O)[O-]
COGJOZ,COGJOZ,106 K,O1C(=CN=C1c1ccccc1)c1ccccc1.Oc1c(F)c(F)c(F)c(F)c1F,P21,False,106.0,lowT,O1C(=CN=C1c1ccccc1)c1ccccc1,Oc1c(F)c(F)c(F)c(F)c1F
KENCAK,KENCAK,120 K,OB(O)O.O=C1CCCN1CCOCCN1CCCC1=O,P-1,False,120.0,lowT,OB(O)O,O=C1CCCN1CCOCCN1CCCC1=O
WUCDEG,WUCDEG,100 K,FC(F)(F)S(=O)(=O)[O-].[NH3+]C(C(O)=O)c1ccccc1,C2/c,False,100.0,lowT,FC(F)(F)S(=O)(=O)[O-],[NH3+]C(C(O)=O)c1ccccc1
IVUMAO,IVUMAO,at 123 K,Cc1ccccc1C(=O)[O-].C[NH+](C)C(C)C(O)c1ccccc1,P21,False,123.0,lowT,Cc1ccccc1C(=O)[O-],C[NH+](C)C(C)C(O)c1ccccc1
XUGBOT01,XUGBOT01,100.0 K,OC(C(=O)[O-])C(F)(F)F.[NH3+]C(CO)C(O)c1ccccc1,P212121,False,100.0,lowT,OC(C(=O)[O-])C(F)(F)F,[NH3+]C(CO)C(O)c1ccccc1
GEXTEK,GEXTEK,at 100 K,O=C([O-])c1ccc2ccccc2c1.[NH3+]Cc1cccc(F)c1,P21/n,False,100.0,lowT,O=C([O-])c1ccc2ccccc2c1,[NH3+]Cc1cccc(F)c1
XOKVIE,XOKVIE,110 K,C1N2CN3CN1CN(C2)C3.OC(=O)c1cc(O)c(O)c(O)c1,P21/c,False,110.0,lowT,C1N2CN3CN1CN(C2)C3,OC(=O)c1cc(O)c(O)c(O)c1
LADBUP,LADBUP,at 120 K,Nc1[nH+]cc(Br)cc1.O=C([O-])c1ccc(cc1)N(=O)=O,P21/c,False,120.0,lowT,Nc1[nH+]cc(Br)cc1,O=C([O-])c1ccc(cc1)N(=O)=O
OSEVOY,OSEVOY,at 115 K,O=C([O-])c1ccc2ccccc2c1.[NH3+]C(C)c1ccc(OC)cc1,P21/c,False,115.0,lowT,O=C([O-])c1ccc2ccccc2c1,[NH3+]C(C)c1ccc(OC)cc1
VAWPIT,VAWPIT,at 100 K,NC1=[NH+]C(=O)N(C=C1)C1CSC(CO)O1.O=C1[N-]S(=O)(=O)c2ccccc12,P212121,False,100.0,lowT,NC1=[NH+]C(=O)N(C=C1)C1CSC(CO)O1,O=C1[N-]S(=O)(=O)c2ccccc12
REBXED,REBXED,at 100 K,COc1cc(ccc1O)C(O)=O.NC(=O)c1cnccn1,P-1,False,100.0,lowT,COc1cc(ccc1O)C(O)=O,NC(=O)c1cnccn1
HIYREN,HIYREN,at 100 K,OC(C(=O)[O-])c1ccccc1.[NH3+]C(C)c1cccc(OC)c1,P21,False,100.0,lowT,OC(C(=O)[O-])c1ccccc1,[NH3+]C(C)c1cccc(OC)c1
AFEVEN,AFEVEN,at 120 K,NC(=O)N1c2ccccc2CCc2ccccc12.NC=O,P-1,False,120.0,lowT,NC(=O)N1c2ccccc2CCc2ccccc12,NC=O
YESSUL,YESSUL,at 100 K,FC(F)(F)S(=O)(=O)[N-]S(=O)(=O)C(F)(F)F.C[N+](C)(C)CC(O)=O,Pbca,False,100.0,lowT,FC(F)(F)S(=O)(=O)[N-]S(=O)(=O)C(F)(F)F,C[N+](C)(C)CC(O)=O
VAKTOS01,VAKTOS01,at 110 K,CCC(C(O)=O)C(O)=O.CCOc1ccccc1C(N)=O,P21/c,False,110.0,lowT,CCC(C(O)=O)C(O)=O,CCOc1ccccc1C(N)=O
TUQKEW,TUQKEW,at 100 K,Nc1[nH+]cc(Cl)cc1.OC(=O)CC(=O)[O-],P21/c,False,100.0,lowT,Nc1[nH+]cc(Cl)cc1,OC(=O)CC(=O)[O-]
UFUHAF,UFUHAF,at 93 K,C[NH+]1CCC23CCCC1C2Oc1ccc(cc31)N(=O)=O.CC1(CS(=O)(=O)[O-])C2CCC1(C)C(=O)C2Br,P212121,False,93.0,lowT,C[NH+]1CCC23CCCC1C2Oc1ccc(cc31)N(=O)=O,CC1(CS(=O)(=O)[O-])C2CCC1(C)C(=O)C2Br
ZURFOJ,ZURFOJ,120 K,ClP(Cl)(=O)[O-].CC(C)c1[nH+]c(O)cc(Cl)n1,P-1,False,120.0,lowT,ClP(Cl)(=O)[O-],CC(C)c1[nH+]c(O)cc(Cl)n1
ZIRWIK,ZIRWIK,123 K,O=C([O-])c1ccc(cc1)N(=O)=O.[NH3+]CCc1ccc(O)c(O)c1,P21/n,False,123.0,lowT,O=C([O-])c1ccc(cc1)N(=O)=O,[NH3+]CCc1ccc(O)c(O)c1
RIGTOS,RIGTOS,at 120 K,Oc1ccc2c(Oc3cc(O)ccc3C32OC(=O)c2ccccc32)c1.c1ccc2nc3ccccc3cc2c1,P21/c,False,120.0,lowT,Oc1ccc2c(Oc3cc(O)ccc3C32OC(=O)c2ccccc32)c1,c1ccc2nc3ccccc3cc2c1
TOYLOI,TOYLOI,at 123 K,NC(=O)C(=O)[O-].Nc1[nH+]cc(cc1)N(=O)=O,P21/c,False,123.0,lowT,NC(=O)C(=O)[O-],Nc1[nH+]cc(cc1)N(=O)=O
HUJQIP,HUJQIP,100 K,c1ccc2nc3ccccc3cc2c1.CC(C)c1ccc(C)cc1O,P21/c,False,100.0,lowT,c1ccc2nc3ccccc3cc2c1,CC(C)c1ccc(C)cc1O
QUWYEN,QUWYEN,at 123 K,[NH3+]c1cc(Cl)ccc1Cl.O=N(=O)c1cc(c([O-])c(c1)N(=O)=O)N(=O)=O,Cc,False,123.0,lowT,[NH3+]c1cc(Cl)ccc1Cl,O=N(=O)c1cc(c([O-])c(c1)N(=O)=O)N(=O)=O
LOWNUJ,LOWNUJ,100 K,Clc1ccc(cc1)C1=CSC(=N1)NC=O.NC1=NC(=CS1)c1ccc(Cl)cc1,P-1,False,100.0,lowT,Clc1ccc(cc1)C1=CSC(=N1)NC=O,NC1=NC(=CS1)c1ccc(Cl)cc1
OREBIZ,OREBIZ,100.0 K,Clc1ccc2Oc3ccccc3N=C(N3CC[NH2+]CC3)c2c1.OC(=O)C=CC(=O)[O-],P21/c,False,100.0,lowT,Clc1ccc2Oc3ccccc3N=C(N3CC[NH2+]CC3)c2c1,OC(=O)C=CC(=O)[O-]
HIDBUV,HIDBUV,100.0 K,OC(=O)C=CC(=O)[O-].[NH3+]CC1(CCCCC1)CC(O)=O,P-1,False,100.0,lowT,OC(=O)C=CC(=O)[O-],[NH3+]CC1(CCCCC1)CC(O)=O
JAKBAC,JAKBAC,93 K,O=S(=O)(Nc1ccc(Oc2ccccc2)cc1)c1ccccc1.c1cc(ccn1)c1ccncc1,P21/n,False,93.0,lowT,O=S(=O)(Nc1ccc(Oc2ccccc2)cc1)c1ccccc1,c1cc(ccn1)c1ccncc1
COZZUN,COZZUN,at 100 K,Oc1cccc(O)c1.Cc1nc(C)c(C)nc1C,P-1,False,100.0,lowT,Oc1cccc(O)c1,Cc1nc(C)c(C)nc1C
IRUGEI,IRUGEI,at 103 K,O=C1NC(=O)C=C1.Nc1nc(N)c(Cl)cc1Cl,P-1,False,103.0,lowT,O=C1NC(=O)C=C1,Nc1nc(N)c(Cl)cc1Cl
YEKDUR,YEKDUR,120 K,ON=C(CBr)C(CBr)=NO.C1COCCO1,P-1,False,120.0,lowT,ON=C(CBr)C(CBr)=NO,C1COCCO1
UQEKAF,UQEKAF,100 K,OCC(O)=O.NNC(=O)c1ccncc1,P21/n,False,100.0,lowT,OCC(O)=O,NNC(=O)c1ccncc1
KEFBED,KEFBED,at 100 K,OC(=O)CCC(O)=O.CC(=O)Nc1ccccn1,P21/n,False,100.0,lowT,OC(=O)CCC(O)=O,CC(=O)Nc1ccccn1
KEQPEC,KEQPEC,at 100 K,OC1=C(Cl)C(=O)C(=C(Cl)C1=O)[O-].NC1=[NH+]C(=O)NC=C1,P21/n,False,100.0,lowT,OC1=C(Cl)C(=O)C(=C(Cl)C1=O)[O-],NC1=[NH+]C(=O)NC=C1
VAVJOU,VAVJOU,123 K,OC(C(O)C(=O)[O-])C(O)=O.C[NH+](C)C(C)C(O)c1ccccc1,P21,False,123.0,lowT,OC(C(O)C(=O)[O-])C(O)=O,C[NH+](C)C(C)C(O)c1ccccc1
ZAMNAG,ZAMNAG,100 K,C[N+]1=C(Sc2ccccc12)C1CCCO1.FC(F)(F)S(=O)(=O)[O-],Pbca,False,100.0,lowT,C[N+]1=C(Sc2ccccc12)C1CCCO1,FC(F)(F)S(=O)(=O)[O-]
LATQUU02,LATQUU02,100.0 K,OC(=O)c1ccccc1O.Cc1ccnc2N(C3CC3)c3ncccc3C(=O)Nc12,P-1,False,100.0,lowT,OC(=O)c1ccccc1O,Cc1ccnc2N(C3CC3)c3ncccc3C(=O)Nc12
FICYEX,FICYEX,100 K,Cc1ccc(cc1)c1nc(N)nc(N)n1.OC(=O)c1ccccc1,P-1,False,100.0,lowT,Cc1ccc(cc1)c1nc(N)nc(N)n1,OC(=O)c1ccccc1
BULVAH,BULVAH,120 K,N#Cc1ccncc1.Oc1c(F)c(F)c(Br)c(F)c1F,P21/n,False,120.0,lowT,N#Cc1ccncc1,Oc1c(F)c(F)c(Br)c(F)c1F
BOPDAO,BOPDAO,100 K,C1Cc2cc3cccnc3c3c4ncccc4cc1c23.Oc1ccccc1,P21/n,False,100.0,lowT,C1Cc2cc3cccnc3c3c4ncccc4cc1c23,Oc1ccccc1
UTAQUE,UTAQUE,100 K,COC(=O)c1ccc2ccccc2n1.OC(C(F)(F)F)C(F)(F)F,P21/c,False,100.0,lowT,COC(=O)c1ccc2ccccc2n1,OC(C(F)(F)F)C(F)(F)F
XAQQUC,XAQQUC,at 100 K,c1cc(ccn1)c1ccncc1.NC(=O)N1c2ccccc2C=Cc2ccccc12,P-1,False,100.0,lowT,c1cc(ccn1)c1ccncc1,NC(=O)N1c2ccccc2C=Cc2ccccc12
XONQIC,XONQIC,at 100 K,Nc1cccc(Cl)n1.OC(=O)c1cccc(Cl)c1,P-1,False,100.0,lowT,Nc1cccc(Cl)n1,OC(=O)c1cccc(Cl)c1
HIDCAC,HIDCAC,100 K,OC(=O)C=CC(=O)[O-].[NH3+]CC(CC(C)C)CC(O)=O,C2,False,100.0,lowT,OC(=O)C=CC(=O)[O-],[NH3+]CC(CC(C)C)CC(O)=O
EFUXOT,EFUXOT,at 90 K,O=N(=O)c1ccccc1[N+]#N.Cc1ccc(cc1)S(=O)(=O)[O-],P-1,False,90.0,lowT,O=N(=O)c1ccccc1[N+]#N,Cc1ccc(cc1)S(=O)(=O)[O-]
XAQQIQ,XAQQIQ,at 100 K,OC(=O)c1cccc(O)c1.NC(=O)c1cccnc1,P21/c,False,100.0,lowT,OC(=O)c1cccc(O)c1,NC(=O)c1cccnc1
SEWHEL,SEWHEL,120 K,ON=C(Cc1ccc(O)c(Br)c1)C(=O)NCCSC#N.CCOC(C)=O,P21/c,False,120.0,lowT,ON=C(Cc1ccc(O)c(Br)c1)C(=O)NCCSC#N,CCOC(C)=O
JAMQOG,JAMQOG,100 K,FC(F)(F)S(=O)(=O)[O-].CN(C)C(=[NH2+])ON=C(N)c1ccccc1,C2/c,False,100.0,lowT,FC(F)(F)S(=O)(=O)[O-],CN(C)C(=[NH2+])ON=C(N)c1ccccc1
PIQPAK,PIQPAK,123 K,OC1=[NH+]CCCCC1.CS(=O)(=O)[O-],Pbca,False,123.0,lowT,OC1=[NH+]CCCCC1,CS(=O)(=O)[O-]
JIYPOZ,JIYPOZ,100 K,FC(F)(F)S(=O)(=O)O[n+]1ccccc1.FC(F)(F)S(=O)(=O)[O-],P21/c,False,100.0,lowT,FC(F)(F)S(=O)(=O)O[n+]1ccccc1,FC(F)(F)S(=O)(=O)[O-]
PUNWUR,PUNWUR,at 103.1 K,[NH3+]C(C)c1ccc(Br)cc1.CCOP([O-])(=S)c1ccc(Cl)cc1,C2,False,103.0,lowT,[NH3+]C(C)c1ccc(Br)cc1,CCOP([O-])(=S)c1ccc(Cl)cc1
VUHFIO01,VUHFIO01,at 110 K,O=C1NS(=O)(=O)c2ccccc12.CCOc1ccccc1C(N)=O,P21/n,False,110.0,lowT,O=C1NS(=O)(=O)c2ccccc12,CCOc1ccccc1C(N)=O
NUJXEW,NUJXEW,at 120 K,Cc1cc2N=CN(Cc3ccncc3)c2cc1C.ON=C(C#N)c1ccc(F)cc1,P21/n,False,120.0,lowT,Cc1cc2N=CN(Cc3ccncc3)c2cc1C,ON=C(C#N)c1ccc(F)cc1
VIHNUZ,VIHNUZ,90 K,Fc1c(F)c(F)c(c(F)c1F)C(=O)[O-].COc1ccc(cc1)N1CC[NH2+]CC1,P21/c,False,90.0,lowT,Fc1c(F)c(F)c(c(F)c1F)C(=O)[O-],COc1ccc(cc1)N1CC[NH2+]CC1
WAKKAV01,WAKKAV01,100 K,CC(C(O)c1ccccc1)N(C)C(=S)[S-].C[NH2+]C(C)C(O)c1ccccc1,P212121,False,100.0,lowT,CC(C(O)c1ccccc1)N(C)C(=S)[S-],C[NH2+]C(C)C(O)c1ccccc1
QASNOR,QASNOR,120 K,OC(=O)c1ccc(O)cc1O.CN(C)C=O,P21/c,False,120.0,lowT,OC(=O)c1ccc(O)cc1O,CN(C)C=O
LABYOC,LABYOC,at 123 K,Cc1ccc(cc1)S(=O)(=O)[O-].COC(=O)C1C2OC(C3[NH2+]C23)C1C(=O)OC,P21/n,False,123.0,lowT,Cc1ccc(cc1)S(=O)(=O)[O-],COC(=O)C1C2OC(C3[NH2+]C23)C1C(=O)OC
ETEFIV,ETEFIV,100 K,Cc1c(Cl)cccc1Nc1ccccc1C(O)=O.c1ccc2nc3ccccc3cc2c1,P-1,False,100.0,lowT,Cc1c(Cl)cccc1Nc1ccccc1C(O)=O,c1ccc2nc3ccccc3cc2c1
CIDCIC,CIDCIC,at 120 K,Oc1ccc(cc1)C(=O)[O-].COc1[nH+]c(N)nc(OC)c1,P21/c,False,120.0,lowT,Oc1ccc(cc1)C(=O)[O-],COc1[nH+]c(N)nc(OC)c1
WIRNEU,WIRNEU,100 K,CCOC(=C)[n+]1ccccc1N(C)c1ccccc1.FC(F)(F)S(=O)(=O)[O-],P21/c,False,100.0,lowT,CCOC(=C)[n+]1ccccc1N(C)c1ccccc1,FC(F)(F)S(=O)(=O)[O-]
YESCEI,YESCEI,100 K,O=C([O-])c1cccnc1.NC(=[NH2+])NC(N)=S,P212121,False,100.0,lowT,O=C([O-])c1cccnc1,NC(=[NH2+])NC(N)=S
JAKCIL,JAKCIL,93 K,c1cc(ccn1)c1ccncc1.CCc1cccc(NS(=O)(=O)c2ccc(F)cc2)c1,P-1,False,93.0,lowT,c1cc(ccn1)c1ccncc1,CCc1cccc(NS(=O)(=O)c2ccc(F)cc2)c1
KECKOV,KECKOV,120 K,O=C(NN=Cc1cccnc1)c1cccnc1.OC(=O)CCCCCCCCCCC(O)=O,P-1,False,120.0,lowT,O=C(NN=Cc1cccnc1)c1cccnc1,OC(=O)CCCCCCCCCCC(O)=O
HOLJAU03,HOLJAU03,at 100 K,CC(=O)c1ccncc1.OC(=O)c1cccc(F)c1,P21/n,False,100.0,lowT,CC(=O)c1ccncc1,OC(=O)c1cccc(F)c1
DADGEX,DADGEX,100 K,Nc1[nH+]cc(Br)cc1.O=C([O-])COc1ccccc1,P41212,False,100.0,lowT,Nc1[nH+]cc(Br)cc1,O=C([O-])COc1ccccc1
MECZAX,MECZAX,at 123 K,[NH3+]CCc1ccc(O)cc1.CS(=O)(=O)[O-],P212121,False,123.0,lowT,[NH3+]CCc1ccc(O)cc1,CS(=O)(=O)[O-]
WUZPEP,WUZPEP,100 K,C1CCOC1.Brc1ccc2NC(=O)c3cc(Br)ccc3NC(=O)c2c1,Pbca,False,100.0,lowT,C1CCOC1,Brc1ccc2NC(=O)c3cc(Br)ccc3NC(=O)c2c1
VAXVUN01,VAXVUN01,100 K,OC(=O)c1ccccc1C(O)=O.c1cnccn1,P-1,False,100.0,lowT,OC(=O)c1ccccc1C(O)=O,c1cnccn1
MEDDAC,MEDDAC,at 123 K,O=C([O-])c1cccc(c1)N(=O)=O.[NH3+]CCc1ccc(O)cc1,P21/c,False,123.0,lowT,O=C([O-])c1cccc(c1)N(=O)=O,[NH3+]CCc1ccc(O)cc1
YACFAM,YACFAM,100 K,OC(=O)c1ccc(O)cc1.CC(C)C1=C(C)N(C)N(c2ccccc2)C1=O,P21/c,False,100.0,lowT,OC(=O)c1ccc(O)cc1,CC(C)C1=C(C)N(C)N(c2ccccc2)C1=O
VEPGIJ,VEPGIJ,120 K,FC(F)(F)C(=O)[O-].[NH3+]CCCNC(=O)C(=O)Nc1ccccc1,P21/c,False,120.0,lowT,FC(F)(F)C(=O)[O-],[NH3+]CCCNC(=O)C(=O)Nc1ccccc1
SUYNUW,SUYNUW,at 100 K,Nc1[nH+]cc(Br)cc1.OC(=O)C=CC(=O)[O-],P-1,False,100.0,lowT,Nc1[nH+]cc(Br)cc1,OC(=O)C=CC(=O)[O-]
UGOHOP,UGOHOP,100 K,OC(=O)c1ccc(O)cc1.O=C1CCCC(=O)N1,Pca21,False,100.0,lowT,OC(=O)c1ccc(O)cc1,O=C1CCCC(=O)N1
SUDFOO,SUDFOO,at 100 K,CNC(N)=O.OC(=O)C=CC(O)=O,P21/n,False,100.0,lowT,CNC(N)=O,OC(=O)C=CC(O)=O
KIDMAO,KIDMAO,100 K,O=N(=O)c1cccc(c1)S(=O)(=O)[O-].O=N(=O)c1cccc(c1)S(=O)(=O)NNC1=[NH+]c2ccccc2S1,P-1,False,100.0,lowT,O=N(=O)c1cccc(c1)S(=O)(=O)[O-],O=N(=O)c1cccc(c1)S(=O)(=O)NNC1=[NH+]c2ccccc2S1
MENQOP,MENQOP,100 K,Nc1ccc(Br)cn1.Cc1cccc(c1)C(O)=O,P21/c,False,100.0,lowT,Nc1ccc(Br)cn1,Cc1cccc(c1)C(O)=O
AFIROA,AFIROA,100 K,CC(=O)Nc1cccc(c1)C(O)=O.NC(=O)N1c2ccccc2C=Cc2ccccc12,P21/n,False,100.0,lowT,CC(=O)Nc1cccc(c1)C(O)=O,NC(=O)N1c2ccccc2C=Cc2ccccc12
XUGBOT,XUGBOT,100.0 K,OC(C(=O)[O-])C(F)(F)F.[NH3+]C(CO)C(O)c1ccccc1,P21,False,100.0,lowT,OC(C(=O)[O-])C(F)(F)F,[NH3+]C(CO)C(O)c1ccccc1
BACREF,BACREF,99.7 K,Fc1c(F)c(c(F)c(F)c1Br)c1c(F)c(F)c(Br)c(F)c1F.O1C(=CN=C1c1ccccc1)c1ccccc1,P-1,False,99.0,lowT,Fc1c(F)c(c(F)c(F)c1Br)c1c(F)c(F)c(Br)c(F)c1F,O1C(=CN=C1c1ccccc1)c1ccccc1
QANQUS,QANQUS,at 123 K,CN(C)C=O.NC(=O)N1c2ccccc2C=Cc2ccccc12,P-1,False,123.0,lowT,CN(C)C=O,NC(=O)N1c2ccccc2C=Cc2ccccc12
WUVMIK,WUVMIK,at 123 K,Nc1[nH+]c(CF)c(c(N)n1)c1cc(Cl)cc(Cl)c1Cl.CS(=O)(=O)[O-],P1,False,123.0,lowT,Nc1[nH+]c(CF)c(c(N)n1)c1cc(Cl)cc(Cl)c1Cl,CS(=O)(=O)[O-]
COZYIA,COZYIA,at 100 K,c1cc(ccn1)C=Cc1ccncc1.OC(=O)CCCC(O)=O,C2/c,False,100.0,lowT,c1cc(ccn1)C=Cc1ccncc1,OC(=O)CCCC(O)=O
KUVQAW,KUVQAW,100 K,c1ccc2c(c1)[S+](C1=CN=C3C=CC=NN13)c1ccccc21.FC(F)(F)C(=O)[O-],P-1,False,100.0,lowT,c1ccc2c(c1)[S+](C1=CN=C3C=CC=NN13)c1ccccc21,FC(F)(F)C(=O)[O-]
HIDQUI,HIDQUI,at 120 K,Cc1cc2N=CN(Cc3cccnc3)c2cc1C.ON=C(C#N)c1ccc(O)cc1,P21/n,False,120.0,lowT,Cc1cc2N=CN(Cc3cccnc3)c2cc1C,ON=C(C#N)c1ccc(O)cc1
LILGEV01,LILGEV01,100.0 K,O=C1[N-]S(=O)(=O)c2ccccc12.CC1=CC(=O)NC(=[NH+]1)N,P21/n,False,100.0,lowT,O=C1[N-]S(=O)(=O)c2ccccc12,CC1=CC(=O)NC(=[NH+]1)N
CARWEZ,CARWEZ,at 115 K,O=C([O-])c1ccc2ccccc2c1.[NH3+]C(C)c1ccc(OC)cc1,P1,False,115.0,lowT,O=C([O-])c1ccc2ccccc2c1,[NH3+]C(C)c1ccc(OC)cc1
LOFQOO,LOFQOO,at 100 K,FC(F)(F)S(=O)(=O)[O-].C[N+]1(C)c2cccc3cccc(c23)C1(O)C(F)(F)F,P21/c,False,100.0,lowT,FC(F)(F)S(=O)(=O)[O-],C[N+]1(C)c2cccc3cccc(c23)C1(O)C(F)(F)F
WAFRIH,WAFRIH,93 K,O=N(=O)c1cc(c(c(c1)N(=O)=O)S(=O)(=O)[O-])N(=O)=O.CCOC(=O)C1[NH2+]C(C)C=CC1,P21,False,93.0,lowT,O=N(=O)c1cc(c(c(c1)N(=O)=O)S(=O)(=O)[O-])N(=O)=O,CCOC(=O)C1[NH2+]C(C)C=CC1
HONWEN,HONWEN,at 100 K,Oc1c[nH+]ccc1.O=C([O-])c1ccccc1,Pc,False,100.0,lowT,Oc1c[nH+]ccc1,O=C([O-])c1ccccc1
PIVBAX,PIVBAX,at 122 K,OC(C(=O)[O-])c1ccccc1.[NH3+]C(CO)c1ccccc1,P1,False,122.0,lowT,OC(C(=O)[O-])c1ccccc1,[NH3+]C(CO)c1ccccc1
EXISIQ,EXISIQ,100 K,OCC[NH2+]CCO.O=C([O-])c1ccccc1,P21/n,False,100.0,lowT,OCC[NH2+]CCO,O=C([O-])c1ccccc1
NUZTIN,NUZTIN,100 K,NC(=O)c1ccncc1.Cc1ccc(cc1)C=CC(O)=O,P-1,False,100.0,lowT,NC(=O)c1ccncc1,Cc1ccc(cc1)C=CC(O)=O
XIPTOG,XIPTOG,at 120 K,OC(=O)c1c(O)cc(O)cc1O.c1cnccn1,P21/c,False,120.0,lowT,OC(=O)c1c(O)cc(O)cc1O,c1cnccn1
FOPXAK,FOPXAK,at 113 K,CN(C)C(C)=O.Cc1ccc(cc1)C1(O)c2ccccc2Oc2ccccc12,P21/n,False,113.0,lowT,CN(C)C(C)=O,Cc1ccc(cc1)C1(O)c2ccccc2Oc2ccccc12
PAKROM,PAKROM,100 K,Cc1cccc(C(=O)[O-])c1O.CCc1[nH+]c(N)nc(N)c1c1ccc(Cl)cc1,P-1,False,100.0,lowT,Cc1cccc(C(=O)[O-])c1O,CCc1[nH+]c(N)nc(N)c1c1ccc(Cl)cc1
EXAQOK01,EXAQOK01,100.0 K,Cc1cccc(Nc2ccccc2C(O)=O)c1C.NC(=O)c1cccnc1,P-1,False,100.0,lowT,Cc1cccc(Nc2ccccc2C(O)=O)c1C,NC(=O)c1cccnc1
RUYHEZ,RUYHEZ,at 100 K,NC(=O)c1cccnc1.OC(=O)c1ccc(O)cc1,C2/c,False,100.0,lowT,NC(=O)c1cccnc1,OC(=O)c1ccc(O)cc1
VAKTOS,VAKTOS,at 110 K,CCC(C(O)=O)C(O)=O.CCOc1ccccc1C(N)=O,P-1,False,110.0,lowT,CCC(C(O)=O)C(O)=O,CCOc1ccccc1C(N)=O
DAFMAC,DAFMAC,113.2 K,CC(=O)c1ccc(O)cc1.C1CNCCN1,P-1,False,113.0,lowT,CC(=O)c1ccc(O)cc1,C1CNCCN1
MIQFAU,MIQFAU,at 93 K,CCNCC.OC1(C#C)c2cc(Br)ccc2c2ccc(Br)cc12,Cmce,False,93.0,lowT,CCNCC,OC1(C#C)c2cc(Br)ccc2c2ccc(Br)cc12
AMUSIN,AMUSIN,100 K,CN(C)C=O.O=P(Nc1ccccn1)(Nc1ccccn1)Nc1ccccn1,P21/n,False,100.0,lowT,CN(C)C=O,O=P(Nc1ccccn1)(Nc1ccccn1)Nc1ccccn1
GUYXEE,GUYXEE,at 123 K,NC1=C(C#N)c2c(O1)c(C#C)c1c(OC(=C1C#N)N)c2C#C.CN(C)C=O,P21/c,False,123.0,lowT,NC1=C(C#N)c2c(O1)c(C#C)c1c(OC(=C1C#N)N)c2C#C,CN(C)C=O
VECKEU,VECKEU,at 86 K,[NH2+]1CCOCC1.FC(F)(F)C(=O)C=C([O-])C(F)(F)F,P21/c,False,86.0,lowT,[NH2+]1CCOCC1,FC(F)(F)C(=O)C=C([O-])C(F)(F)F
NETTEP,NETTEP,99.9 K,OC(=O)C(=O)[O-].OCC[NH+](CCO)C(CO)(CO)CO,P21/c,False,99.0,lowT,OC(=O)C(=O)[O-],OCC[NH+](CCO)C(CO)(CO)CO
VAVJUA,VAVJUA,123 K,C[NH+](C)C(C)C(O)c1ccccc1.OC(C(=O)[O-])c1ccccc1,P212121,False,123.0,lowT,C[NH+](C)C(C)C(O)c1ccccc1,OC(C(=O)[O-])c1ccccc1
CIMKES,CIMKES,93 K,Cc1ccc(cc1)S(=O)(=O)[O-].C[N+](C)(C)CCO,P21/c,False,93.0,lowT,Cc1ccc(cc1)S(=O)(=O)[O-],C[N+](C)(C)CCO
XOGTIX,XOGTIX,at 123 K,OC=O.NC(=O)C1c2ccccc2C=Cc2ccccc12,P21/c,False,123.0,lowT,OC=O,NC(=O)C1c2ccccc2C=Cc2ccccc12
VIPXOK,VIPXOK,120 K,Nc1cc(ccc1C(=O)[O-])N(=O)=O.CC(C)(C)[NH2+]CCO,C2/c,False,120.0,lowT,Nc1cc(ccc1C(=O)[O-])N(=O)=O,CC(C)(C)[NH2+]CCO
VIPMAK,VIPMAK,at 100 K,COCCN1C(=C(C)[N+](=C1C(C)C)C)C.CS(=O)(=O)[O-],P21/n,False,100.0,lowT,COCCN1C(=C(C)[N+](=C1C(C)C)C)C,CS(=O)(=O)[O-]
PETNOT,PETNOT,at 120 K,Oc1c(F)c(F)c(Br)c(F)c1F.c1cc(ccn1)N=Nc1ccncc1,P-1,False,120.0,lowT,Oc1c(F)c(F)c(Br)c(F)c1F,c1cc(ccn1)N=Nc1ccncc1
ACOYOG01,ACOYOG01,at 120 K,Oc1cccc(O)c1.C(Cc1ccncc1)c1ccncc1,P21/n,False,120.0,lowT,Oc1cccc(O)c1,C(Cc1ccncc1)c1ccncc1
PESLUX,PESLUX,102 K,c1ccncc1.NC(N)=O,P21/c,False,102.0,lowT,c1ccncc1,NC(N)=O
UDAPUM,UDAPUM,at 100 K,FC(F)(F)S(=O)(=O)[O-].CC(C)(C)OC(=O)C1[NH2+]C(CC1)C=C,P212121,False,100.0,lowT,FC(F)(F)S(=O)(=O)[O-],CC(C)(C)OC(=O)C1[NH2+]C(CC1)C=C
NUTPEZ,NUTPEZ,100 K,CN1C=NC2=C1C(=O)N(C)C(=O)N2C.Oc1cc(O)c2C(=O)C(=C(Oc2c1)c1ccc(O)c(O)c1)O,P21/c,False,100.0,lowT,CN1C=NC2=C1C(=O)N(C)C(=O)N2C,Oc1cc(O)c2C(=O)C(=C(Oc2c1)c1ccc(O)c(O)c1)O
LADCAW,LADCAW,at 120 K,OC(=O)c1ccc(Cl)c(Cl)c1.CCC(=O)Nc1ccc(Br)cn1,P-1,False,120.0,lowT,OC(=O)c1ccc(Cl)c(Cl)c1,CCC(=O)Nc1ccc(Br)cn1
VAVLAI,VAVLAI,120 K,Fc1ccc(cc1)C(=O)[O-].C[NH+](C)C(C)C(O)c1ccccc1,P21/c,False,120.0,lowT,Fc1ccc(cc1)C(=O)[O-],C[NH+](C)C(C)C(O)c1ccccc1
JEGBON,JEGBON,at 100 K,ON=C(C#N)c1cccc(Cl)c1.C(N1C=CN=C1)c1ccc(CN2C=CN=C2)cc1,P-1,False,100.0,lowT,ON=C(C#N)c1cccc(Cl)c1,C(N1C=CN=C1)c1ccc(CN2C=CN=C2)cc1
QAKSUS,QAKSUS,at 120 K,OC(=O)c1ccc2cc(ccc2c1)C(O)=O.CN1CCCC1=O,Fdd2,False,120.0,lowT,OC(=O)c1ccc2cc(ccc2c1)C(O)=O,CN1CCCC1=O
GAVMEZ,GAVMEZ,100 K,FC(F)(F)S(=O)(=O)[O-].Cl[P-]1(Cl)[n+]2ccccc2[n+]2ccccc12,P21/n,False,100.0,lowT,FC(F)(F)S(=O)(=O)[O-],Cl[P-]1(Cl)[n+]2ccccc2[n+]2ccccc12
FIDMAH,FIDMAH,at 120 K,Nc1ccc(Sc2ccc(N)cc2)cc1.Oc1ccc(Sc2ccc(O)cc2)cc1,P212121,False,120.0,lowT,Nc1ccc(Sc2ccc(N)cc2)cc1,Oc1ccc(Sc2ccc(O)cc2)cc1
GUXTAX,GUXTAX,100 K,CC(=O)NC1=NN=C(S1)S(N)(=O)=O.c1cc(ccn1)N=Nc1ccncc1,P21/c,False,100.0,lowT,CC(=O)NC1=NN=C(S1)S(N)(=O)=O,c1cc(ccn1)N=Nc1ccncc1
UHADUD,UHADUD,at 120 K,OC(=O)CCCC(O)=O.O=C1NCCN1,Cc,False,120.0,lowT,OC(=O)CCCC(O)=O,O=C1NCCN1
BOQDOA,BOQDOA,at 100 K,c1cc(ccn1)c1ccncc1.Oc1ccc(Sc2ccc(O)cc2)cc1,P21/c,False,100.0,lowT,c1cc(ccn1)c1ccncc1,Oc1ccc(Sc2ccc(O)cc2)cc1
VAXVOH,VAXVOH,at 120 K,OC(=O)C=CC(O)=O.c1cnccn1,P-1,False,120.0,lowT,OC(=O)C=CC(O)=O,c1cnccn1
FALSIW,FALSIW,at 110 K,Cc1ccnc(NS(=O)(=O)c2ccc(N)cc2)n1.C1COCCO1,P-1,False,110.0,lowT,Cc1ccnc(NS(=O)(=O)c2ccc(N)cc2)n1,C1COCCO1
MUKVUM,MUKVUM,100 K,FC(F)(F)S(=O)(=O)[O-].CC[S+]1CCN(CC1)c1ccccc1,P21/n,False,100.0,lowT,FC(F)(F)S(=O)(=O)[O-],CC[S+]1CCN(CC1)c1ccccc1
CIWVIP,CIWVIP,at 100 K,O=N(=O)[N-]C1=NON=C1N=NC1=NON=C1[N-]N(=O)=O.[NH3+]NC(=O)N[NH3+],P-1,False,100.0,lowT,O=N(=O)[N-]C1=NON=C1N=NC1=NON=C1[N-]N(=O)=O,[NH3+]NC(=O)N[NH3+]
ECOQEV,ECOQEV,123 K,Clc1ccc(cc1)S(=O)(=O)[O-].CC(O)=[NH+]c1ccc(O)cc1,P21/c,False,123.0,lowT,Clc1ccc(cc1)S(=O)(=O)[O-],CC(O)=[NH+]c1ccc(O)cc1
QOLMAH,QOLMAH,at 123 K,Cc1ccc2ccc3ccc(C)nc3c2n1.Oc1c(O)c(Cl)c(Cl)c(Cl)c1Cl,I2/a,False,123.0,lowT,Cc1ccc2ccc3ccc(C)nc3c2n1,Oc1c(O)c(Cl)c(Cl)c(Cl)c1Cl
IVUSAU,IVUSAU,at 123 K,C[NH+](C)C(C)C(O)c1ccccc1.Oc1ccc(cc1)S(=O)(=O)[O-],P-1,False,123.0,lowT,C[NH+](C)C(C)C(O)c1ccccc1,Oc1ccc(cc1)S(=O)(=O)[O-]
SEVPOC,SEVPOC,100 K,NC1=NC(=NO1)C1=NN2N=NN=C2N=C1N.CS(C)=O,P-1,False,100.0,lowT,NC1=NC(=NO1)C1=NN2N=NN=C2N=C1N,CS(C)=O
HARHIV,HARHIV,113.2 K,OC(=O)COc1ccc(Cl)cc1Cl.C(Cc1ccncc1)c1ccncc1,P-1,False,113.0,lowT,OC(=O)COc1ccc(Cl)cc1Cl,C(Cc1ccncc1)c1ccncc1
GIFPER,GIFPER,at 100 K,FC(F)(F)S(=O)(=O)[O-].COC(=O)C1Cc2ccccc2C(N1)=[NH+]C(C)(C)C,P21,False,100.0,lowT,FC(F)(F)S(=O)(=O)[O-],COC(=O)C1Cc2ccccc2C(N1)=[NH+]C(C)(C)C
IJEZUT,IJEZUT,at 120 K,OC(=O)C=Cc1ccc(O)cc1.CN1C=NC2=C1C(=O)N(C)C(=O)N2C,P21/c,False,120.0,lowT,OC(=O)C=Cc1ccc(O)cc1,CN1C=NC2=C1C(=O)N(C)C(=O)N2C
MOZBOU,MOZBOU,120 K,Nc1ncccn1.OC(=O)c1cccc(Br)c1,Pnma,False,120.0,lowT,Nc1ncccn1,OC(=O)c1cccc(Br)c1
MUPPIX,MUPPIX,at 100 K,NS(=O)(=O)c1cc2c(NCNS2(=O)=O)cc1Cl.NC(=O)c1ccncc1,P-1,False,100.0,lowT,NS(=O)(=O)c1cc2c(NCNS2(=O)=O)cc1Cl,NC(=O)c1ccncc1
ACEROR,ACEROR,at 100 K,OC=O.CN1N=NC2=C(N=CN2C1=O)C(N)=O,P-1,False,100.0,lowT,OC=O,CN1N=NC2=C(N=CN2C1=O)C(N)=O
JUPBII,JUPBII,120 K,COC(=O)NC1=[NH+]c2ccccc2N1.OC(=O)C=CC(=O)[O-],P21/c,False,120.0,lowT,COC(=O)NC1=[NH+]c2ccccc2N1,OC(=O)C=CC(=O)[O-]
DIDNAI,DIDNAI,100 K,Oc1ccc2ccccc2c1c1c(O)ccc2ccccc12.c1ccc2nc3ccccc3nc2c1,P21,False,100.0,lowT,Oc1ccc2ccccc2c1c1c(O)ccc2ccccc12,c1ccc2nc3ccccc3nc2c1
WUZNOX,WUZNOX,100 K,C1CCOC1.Clc1ccc2NC(=O)c3cc(Cl)ccc3NC(=O)c2c1,Pbca,False,100.0,lowT,C1CCOC1,Clc1ccc2NC(=O)c3cc(Cl)ccc3NC(=O)c2c1
WUBYUN,WUBYUN,at 93.2 K,CC1=CC(=CC(=O)O1)OCc1cccc(C)c1.O=C1NC(=O)C=C1,C2/c,False,93.0,lowT,CC1=CC(=CC(=O)O1)OCc1cccc(C)c1,O=C1NC(=O)C=C1
IVULUH,IVULUH,at 123 K,O=C([O-])c1ccc(cc1)N(=O)=O.C[NH+](C)C(C)C(O)c1ccccc1,P21/c,False,123.0,lowT,O=C([O-])c1ccc(cc1)N(=O)=O,C[NH+](C)C(C)C(O)c1ccccc1
COZXOF,COZXOF,at 100 K,c1cc(ccn1)C=Cc1ccncc1.OC(=O)c1ccccc1,P21/c,False,100.0,lowT,c1cc(ccn1)C=Cc1ccncc1,OC(=O)c1ccccc1
CASCAB,CASCAB,at 123 K,NS(=O)(=O)c1cc2c(NCNS2(=O)=O)cc1Cl.C1COCCO1,P-1,False,123.0,lowT,NS(=O)(=O)c1cc2c(NCNS2(=O)=O)cc1Cl,C1COCCO1
LATHUL,LATHUL,at 120 K,Nc1ccc(cc1)C(O)=O.c1ccc2nc3ccccc3nc2c1,P-1,False,120.0,lowT,Nc1ccc(cc1)C(O)=O,c1ccc2nc3ccccc3nc2c1
PUHBUQ,PUHBUQ,at 123 K,FC(F)C(=O)[O-].NC(=O)c1c[nH+]ccc1,P21/c,False,123.0,lowT,FC(F)C(=O)[O-],NC(=O)c1c[nH+]ccc1
CUYLAM,CUYLAM,100 K,OCC(O)=O.CN1C=NC2=C1C(=O)N(C)C(=O)N2C,Pnma,False,100.0,lowT,OCC(O)=O,CN1C=NC2=C1C(=O)N(C)C(=O)N2C
RAXYAU,RAXYAU,100.0 K,c1cc(ccn1)C=Cc1ccncc1.OC(=O)COC(=O)Cc1ccccc1Nc1c(Cl)cccc1Cl,P21/c,False,100.0,lowT,c1cc(ccn1)C=Cc1ccncc1,OC(=O)COC(=O)Cc1ccccc1Nc1c(Cl)cccc1Cl
MECZUR,MECZUR,at 123 K,[NH3+]CCc1ccc(O)cc1.Oc1ccc(cc1)S(=O)(=O)[O-],P212121,False,123.0,lowT,[NH3+]CCc1ccc(O)cc1,Oc1ccc(cc1)S(=O)(=O)[O-]
FEHQIV,FEHQIV,100 K,OC(=O)[O-].CC(C)(C)[NH2+]CCO,P21/c,False,100.0,lowT,OC(=O)[O-],CC(C)(C)[NH2+]CCO
XUGCAG,XUGCAG,100.0 K,OC(C(=O)[O-])C(F)(F)F.[NH3+]C(CO)c1ccccc1,P21,False,100.0,lowT,OC(C(=O)[O-])C(F)(F)F,[NH3+]C(CO)c1ccccc1
PITZUN,PITZUN,at 122 K,OC(C(=O)[O-])c1ccccc1.[NH3+]C(CO)c1ccccc1,C2,False,122.0,lowT,OC(C(=O)[O-])c1ccccc1,[NH3+]C(CO)c1ccccc1
MECZOL,MECZOL,at 123 K,O=S(=O)([O-])c1ccccc1.[NH3+]CCc1ccc(O)cc1,P212121,False,123.0,lowT,O=S(=O)([O-])c1ccccc1,[NH3+]CCc1ccc(O)cc1
IZUCEO,IZUCEO,113.2 K,ONC(=O)C=Cc1cccc(c1)S(=O)(=O)Nc1ccccc1.CS(C)=O,P-1,False,113.0,lowT,ONC(=O)C=Cc1cccc(c1)S(=O)(=O)Nc1ccccc1,CS(C)=O
XEPBUR,XEPBUR,at 120 K,OC(=O)CCCCCCCCC(O)=O.c1cncc(c1)N=Nc1cccnc1,P-1,False,120.0,lowT,OC(=O)CCCCCCCCC(O)=O,c1cncc(c1)N=Nc1cccnc1
GIJTAY,GIJTAY,113.2 K,COc1cc(Cc2c[nH+]c(N)nc2N)cc(OC)c1OC.Oc1ccc(O)c(c1)C(=O)[O-],P21/n,False,113.0,lowT,COc1cc(Cc2c[nH+]c(N)nc2N)cc(OC)c1OC,Oc1ccc(O)c(c1)C(=O)[O-]
MUXSAB,MUXSAB,90 K,Cc1ccccc1.CCCCN(c1ccccc1)c1ncccc1C(O)=O,P21/c,False,90.0,lowT,Cc1ccccc1,CCCCN(c1ccccc1)c1ncccc1C(O)=O
COQYOX,COQYOX,at 100 K,FC(F)(F)S(=O)(=O)[O-].N1P=[NH+]c2ccccc12,P-1,False,100.0,lowT,FC(F)(F)S(=O)(=O)[O-],N1P=[NH+]c2ccccc12
BEFGOM,BEFGOM,90 K,O=N(=O)c1ccc(cc1)N1CC[NH2+]CC1.OC(=O)c1cc(cc(c1[O-])N(=O)=O)N(=O)=O,P-1,False,90.0,lowT,O=N(=O)c1ccc(cc1)N1CC[NH2+]CC1,OC(=O)c1cc(cc(c1[O-])N(=O)=O)N(=O)=O
MOZBAG,MOZBAG,120 K,Nc1ncccn1.OC(=O)c1ccc(Cl)cc1,Pnma,False,120.0,lowT,Nc1ncccn1,OC(=O)c1ccc(Cl)cc1
OZETEU,OZETEU,100 K,OC(=O)c1ccc(O)cc1.Cc1ccnc(N)n1,Pc,False,100.0,lowT,OC(=O)c1ccc(O)cc1,Cc1ccnc(N)n1
XEPCAY,XEPCAY,at 120 K,OC(=O)CCCCCCC(O)=O.c1cc(ccn1)N=Nc1ccncc1,P-1,False,120.0,lowT,OC(=O)CCCCCCC(O)=O,c1cc(ccn1)N=Nc1ccncc1
FOXPEO,FOXPEO,at 85 K,Oc1c(ccc2ccccc12)C(=O)[O-].[NH3+]CC1(CCCCC1)CC(O)=O,P21/c,False,85.0,lowT,Oc1c(ccc2ccccc12)C(=O)[O-],[NH3+]CC1(CCCCC1)CC(O)=O
ASAPIV,ASAPIV,100 K,CC(C(=O)[O-])C(F)(F)F.[NH3+]C(CO)C(C)O,P1,False,100.0,lowT,CC(C(=O)[O-])C(F)(F)F,[NH3+]C(CO)C(C)O
UHOSEQ,UHOSEQ,at 120 K,c1cc(ccn1)C=Cc1ccncc1.CCOC(=S)Nc1ccccc1,P-1,False,120.0,lowT,c1cc(ccn1)C=Cc1ccncc1,CCOC(=S)Nc1ccccc1
NOKLAD,NOKLAD,100 K,ClC1=NSN=C(Cl)C21NC(=O)c1ccccc1N2.C1CCOC1,P21/c,False,100.0,lowT,ClC1=NSN=C(Cl)C21NC(=O)c1ccccc1N2,C1CCOC1
REBXIH,REBXIH,at 100 K,OC(=O)c1cc(O)c(O)c(O)c1.NC(=O)c1cnccn1,P21/c,False,100.0,lowT,OC(=O)c1cc(O)c(O)c(O)c1,NC(=O)c1cnccn1
EWOJIM,EWOJIM,100.2 K,O1C(=Nc2ccccc12)C=Cc1ccncc1.N#Cc1cc(C#N)c(cc1C#N)C#N,P21/c,False,100.0,lowT,O1C(=Nc2ccccc12)C=Cc1ccncc1,N#Cc1cc(C#N)c(cc1C#N)C#N
OCIPUM,OCIPUM,at 100 K,OC(=O)CCC(O)=O.NC(=O)c1ccc(CN2C=CC=N2)cc1,P21/n,False,100.0,lowT,OC(=O)CCC(O)=O,NC(=O)c1ccc(CN2C=CC=N2)cc1
BENWUO,BENWUO,at 100 K,O=C1NC(=O)C=C([O-])N1.CC[NH+](CC)CC(=O)Nc1c(C)cccc1C,P21,False,100.0,lowT,O=C1NC(=O)C=C([O-])N1,CC[NH+](CC)CC(=O)Nc1c(C)cccc1C
SOHMUZ,SOHMUZ,90 K,OC(=O)c1cc(ccc1O)S(=O)(=O)[O-].NC(=O)c1cc[nH+]cc1,Pbca,False,90.0,lowT,OC(=O)c1cc(ccc1O)S(=O)(=O)[O-],NC(=O)c1cc[nH+]cc1
HABJUS,HABJUS,110.2 K,CC(=O)Oc1cc(ccc1C(O)=O)C(F)(F)F.NC(N)=O,C2/c,False,110.0,lowT,CC(=O)Oc1cc(ccc1C(O)=O)C(F)(F)F,NC(N)=O
BODVOH,BODVOH,at 123.2 K,CC[n+]1ccc(cc1)C=Cc1ccc(OC)c(OC)c1.O=N(=O)c1cc(c([O-])c(c1)N(=O)=O)N(=O)=O,P21/c,False,123.0,lowT,CC[n+]1ccc(cc1)C=Cc1ccc(OC)c(OC)c1,O=N(=O)c1cc(c([O-])c(c1)N(=O)=O)N(=O)=O
IVUMES,IVUMES,at 120 K,Cc1ccccc1C(=O)[O-].C[NH+](C)C(C)C(O)c1ccccc1,Pbc21,False,120.0,lowT,Cc1ccccc1C(=O)[O-],C[NH+](C)C(C)C(O)c1ccccc1
FIFDAD,FIFDAD,90 K,O=N(=O)c1ccc(cc1)N1CC[NH2+]CC1.Clc1ccc(CC(=O)[O-])cc1,P-1,False,90.0,lowT,O=N(=O)c1ccc(cc1)N1CC[NH2+]CC1,Clc1ccc(CC(=O)[O-])cc1
WATREP02,WATREP02,at 14 K,Cc1nc(C)c(C)nc1C.OC1=C(Cl)C(=O)C(=C(Cl)C1=O)O,P21/n,False,14.0,lowT,Cc1nc(C)c(C)nc1C,OC1=C(Cl)C(=O)C(=C(Cl)C1=O)O
YEPGOT,YEPGOT,100 K,NC1=NN=C(O1)N=NC1=NN=C(N)O1.CS(C)=O,P-1,False,100.0,lowT,NC1=NN=C(O1)N=NC1=NN=C(N)O1,CS(C)=O
GUXVIH,GUXVIH,100 K,CC(=O)NC1=NN=C(S1)S(N)(=O)=O.c1cnccn1,P-1,False,100.0,lowT,CC(=O)NC1=NN=C(S1)S(N)(=O)=O,c1cnccn1
FAFGOL,FAFGOL,106 K,COc1ccc2cccc(CCNC(C)=O)c2c1.Oc1ccc(O)cc1,P21,False,106.0,lowT,COc1ccc2cccc(CCNC(C)=O)c2c1,Oc1ccc(O)cc1
TIGTOU,TIGTOU,at 90 K,CC1(C)C2CCC1(CS(=O)(=O)[O-])C(=O)C2.Brc1ccc(cc1)[N+]#N,P21,False,90.0,lowT,CC1(C)C2CCC1(CS(=O)(=O)[O-])C(=O)C2,Brc1ccc(cc1)[N+]#N
ORELEE,ORELEE,100 K,OC(C(F)(F)F)C(F)(F)F.CN1C=Nc2c(N)ncnc12,P-1,False,100.0,lowT,OC(C(F)(F)F)C(F)(F)F,CN1C=Nc2c(N)ncnc12
XISLIV01,XISLIV01,at 111 K,O=N(=O)c1ccc(cc1)S(=O)(=O)Nc1cc[nH+]cc1.ClC(Cl)(Cl)C(=O)[O-],P21/c,False,111.0,lowT,O=N(=O)c1ccc(cc1)S(=O)(=O)Nc1cc[nH+]cc1,ClC(Cl)(Cl)C(=O)[O-]
OBAWUM,OBAWUM,100 K,Cc1ccccc1C(O)=O.C1N2CN3CN1CN(C2)C3,P21/c,False,100.0,lowT,Cc1ccccc1C(O)=O,C1N2CN3CN1CN(C2)C3
CIDCOI,CIDCOI,at 120 K,OC(=O)c1cccc(n1)C(=O)[O-].COc1[nH+]c(N)nc(OC)c1,P-1,False,120.0,lowT,OC(=O)c1cccc(n1)C(=O)[O-],COc1[nH+]c(N)nc(OC)c1
SIHLON,SIHLON,120 K,OC(=O)c1ccc(Cl)cc1Cl.Cc1nc(C)c(Cl)c(N)n1,P-1,False,120.0,lowT,OC(=O)c1ccc(Cl)cc1Cl,Cc1nc(C)c(Cl)c(N)n1
HONWAJ,HONWAJ,at 100 K,c1cc(ccn1)C=Cc1ccncc1.OC(=O)c1cccc(O)c1,P-1,False,100.0,lowT,c1cc(ccn1)C=Cc1ccncc1,OC(=O)c1cccc(O)c1
BEFGIG,BEFGIG,90 K,O=N(=O)c1ccc(cc1)N1CC[NH2+]CC1.O=C([O-])c1ccccc1,P-1,False,90.0,lowT,O=N(=O)c1ccc(cc1)N1CC[NH2+]CC1,O=C([O-])c1ccccc1
LIQSIQ,LIQSIQ,100 K,OC(=O)c1cccc(C(O)=O)c1C(O)=O.c1cnccn1,P-1,False,100.0,lowT,OC(=O)c1cccc(C(O)=O)c1C(O)=O,c1cnccn1
GULQAH,GULQAH,100 K,c1cc(ccn1)C=NN=Cc1ccncc1.OC(=O)CCCCC(O)=O,P21/c,False,100.0,lowT,c1cc(ccn1)C=NN=Cc1ccncc1,OC(=O)CCCCC(O)=O
COZXIZ,COZXIZ,at 100 K,C(Cc1ccncc1)c1ccncc1.OC(=O)c1ccccc1,P-1,False,100.0,lowT,C(Cc1ccncc1)c1ccncc1,OC(=O)c1ccccc1
VUXXIX,VUXXIX,93 K,C(Cc1ccncc1)c1ccncc1.CCCCOc1ccc(cc1)C(O)=O,P-1,False,93.0,lowT,C(Cc1ccncc1)c1ccncc1,CCCCOc1ccc(cc1)C(O)=O
VAXJAJ,VAXJAJ,100 K,CCOc1ccc2[nH+]c3cc(N)ccc3c(N)c2c1.Cc1cccc(Nc2ccccc2C(=O)[O-])c1C,P-1,False,100.0,lowT,CCOc1ccc2[nH+]c3cc(N)ccc3c(N)c2c1,Cc1cccc(Nc2ccccc2C(=O)[O-])c1C
FIFCUW,FIFCUW,90 K,O=N(=O)c1ccc(cc1)N1CC[NH2+]CC1.Nc1ccc(cc1)C(=O)[O-],P-1,False,90.0,lowT,O=N(=O)c1ccc(cc1)N1CC[NH2+]CC1,Nc1ccc(cc1)C(=O)[O-]
HAVYEL,HAVYEL,100 K,[NH3+]C(C)C(F)(F)F.FC(F)(F)S(=O)(=O)[O-],P212121,False,100.0,lowT,[NH3+]C(C)C(F)(F)F,FC(F)(F)S(=O)(=O)[O-]
REHTAB,REHTAB,at 110 K,CCOc1ccccc1C(N)=O.OC(=O)C=CC(O)=O,P-1,False,110.0,lowT,CCOc1ccccc1C(N)=O,OC(=O)C=CC(O)=O
TICRII,TICRII,at 100 K,c1cc(ccn1)C=Cc1ccncc1.Nc1ccc(cc1)S(=O)(=O)Nc1ncccn1,P-1,False,100.0,lowT,c1cc(ccn1)C=Cc1ccncc1,Nc1ccc(cc1)S(=O)(=O)Nc1ncccn1
CUBBAD,CUBBAD,at 100 K,Cc1nc(C)c(C)nc1C.Oc1ccc2ccc(O)cc2c1,P21/c,False,100.0,lowT,Cc1nc(C)c(C)nc1C,Oc1ccc2ccc(O)cc2c1
HONTUA,HONTUA,at 100 K,OC(=O)c1cccc(O)c1.C(Cc1ccncc1)c1ccncc1,P-1,False,100.0,lowT,OC(=O)c1cccc(O)c1,C(Cc1ccncc1)c1ccncc1
HIDBOP,HIDBOP,100.0 K,OC(=O)C=CC(=O)[O-].[NH3+]CCCC(O)=O,P21/c,False,100.0,lowT,OC(=O)C=CC(=O)[O-],[NH3+]CCCC(O)=O
ORUXEF,ORUXEF,at 100 K,[NH3+]C(CCCNC(N)=[NH2+])C(=O)[O-].O=C1CN(N=CC2=CC=C(O2)N(=O)=O)C(=O)[N-]1,P212121,False,100.0,lowT,[NH3+]C(CCCNC(N)=[NH2+])C(=O)[O-],O=C1CN(N=CC2=CC=C(O2)N(=O)=O)C(=O)[N-]1
ODUSUE,ODUSUE,90 K,FC(F)(F)S(=O)(=O)[O-].Cc1cc[n+](O[Si](C)(C)C)cc1,Pnma,False,90.0,lowT,FC(F)(F)S(=O)(=O)[O-],Cc1cc[n+](O[Si](C)(C)C)cc1
IVUKOA,IVUKOA,at 123 K,C[NH+](C)C(C)C(O)c1ccccc1.Clc1ccccc1C(=O)[O-],Pca21,False,123.0,lowT,C[NH+](C)C(C)C(O)c1ccccc1,Clc1ccccc1C(=O)[O-]
TIMQIT,TIMQIT,100 K,Cc1ccc(cc1)S(=O)(=O)[O-].O=C1N[NH2+]C21CCCCC2,Pna21,False,100.0,lowT,Cc1ccc(cc1)S(=O)(=O)[O-],O=C1N[NH2+]C21CCCCC2
VELBEV,VELBEV,at 100 K,[NH3+]C(C(O)c1ccccc1)c1ccccc1.O=C([O-])C1=Cc2ccccc2N1,C2,False,100.0,lowT,[NH3+]C(C(O)c1ccccc1)c1ccccc1,O=C([O-])C1=Cc2ccccc2N1
HEPQIG,HEPQIG,100 K,OC(=O)c1ccccc1Cl.CN1N(C(=O)C=C1C)c1ccccc1,P21/c,False,100.0,lowT,OC(=O)c1ccccc1Cl,CN1N(C(=O)C=C1C)c1ccccc1
COSLIG,COSLIG,at 110 K,FC(F)(F)C(=O)[O-].[NH3+]C1CSC=C(NC1=O)C(=O)OC,P1,False,110.0,lowT,FC(F)(F)C(=O)[O-],[NH3+]C1CSC=C(NC1=O)C(=O)OC
GIFFEJ,GIFFEJ,100 K,NC(N)=O.Cc1cnc(C)cn1,P21/c,False,100.0,lowT,NC(N)=O,Cc1cnc(C)cn1
CAMHIJ,CAMHIJ,at 110 K,FC(F)(F)S(=O)(=O)[O-].C[NH+](C)c1cccc2cccc(F)c12,P21/c,False,110.0,lowT,FC(F)(F)S(=O)(=O)[O-],C[NH+](C)c1cccc2cccc(F)c12
OXANEI,OXANEI,100 K,Oc1c(CC(=O)NCC2=CC=CO2)c2OC(=O)Cc2c2OC(=O)Cc12.c1ccccc1,P21/n,False,100.0,lowT,Oc1c(CC(=O)NCC2=CC=CO2)c2OC(=O)Cc2c2OC(=O)Cc12,c1ccccc1
HIFCOQ,HIFCOQ,at 100 K,FC(F)(F)C(=O)[O-].CC1CC2C3CCC[NH+]4CCC(=C(O)C2=O)C34C1,P21,False,100.0,lowT,FC(F)(F)C(=O)[O-],CC1CC2C3CCC[NH+]4CCC(=C(O)C2=O)C34C1
SUCTIV,SUCTIV,at 100 K,OC(=O)C=CC(O)=O.CN(C)C(N)=O,P21/n,False,100.0,lowT,OC(=O)C=CC(O)=O,CN(C)C(N)=O
NENWEM,NENWEM,100 K,C(N1C=CN=C1)c1ccc(CN2C=CN=C2)cc1.OC(=O)c1ccc(cc1)C(O)=O,C2/c,False,100.0,lowT,C(N1C=CN=C1)c1ccc(CN2C=CN=C2)cc1,OC(=O)c1ccc(cc1)C(O)=O
DUZPAQ,DUZPAQ,at 120 K,OC(=O)CCC(O)=O.NC(=O)c1cccnc1,P-1,False,120.0,lowT,OC(=O)CCC(O)=O,NC(=O)c1cccnc1
LOGDIW,LOGDIW,at 100 K,Cc1cc(N)[nH+]cc1N(=O)=O.FC(F)(F)C(=O)[O-],P21/m,False,100.0,lowT,Cc1cc(N)[nH+]cc1N(=O)=O,FC(F)(F)C(=O)[O-]
SIHBIX,SIHBIX,120 K,Nc1ccc(cc1)C(O)=O.Cc1nc(C)c(Cl)c(N)n1,P21/c,False,120.0,lowT,Nc1ccc(cc1)C(O)=O,Cc1nc(C)c(Cl)c(N)n1
GAXFUI,GAXFUI,at 107.4 K,[NH2+]=C1NC(=O)N(C=C1)C1CSC(CO)O1.Oc1ccccc1C(=O)[O-],P21,False,107.0,lowT,[NH2+]=C1NC(=O)N(C=C1)C1CSC(CO)O1,Oc1ccccc1C(=O)[O-]
UNIHUU,UNIHUU,at 123 K,CC1=CC(=[NH+]c2c(O)cccc2N1)C.O=N(=O)c1cc(c([O-])c(c1)N(=O)=O)N(=O)=O,P-1,False,123.0,lowT,CC1=CC(=[NH+]c2c(O)cccc2N1)C,O=N(=O)c1cc(c([O-])c(c1)N(=O)=O)N(=O)=O
MUZTUY,MUZTUY,100 K,FC(F)(F)S(=O)(=O)[O-].CN1C=CN(C)C1=[P+]=C1N(C)C=CN1C,P-1,False,100.0,lowT,FC(F)(F)S(=O)(=O)[O-],CN1C=CN(C)C1=[P+]=C1N(C)C=CN1C
ZIPGOX,ZIPGOX,100 K,NC(=O)c1cc[nH+]cc1.OC(=O)c1ccccc1C(=O)[O-],P21/c,False,100.0,lowT,NC(=O)c1cc[nH+]cc1,OC(=O)c1ccccc1C(=O)[O-]
REKTAG,REKTAG,100 K,O=C(NCc1ccncc1)C(=O)NCc1ccncc1.OC(=O)c1cccc(Cl)c1,P-1,False,100.0,lowT,O=C(NCc1ccncc1)C(=O)NCc1ccncc1,OC(=O)c1cccc(Cl)c1
CEHJEF,CEHJEF,at 120 K,C[N+](C)(C)S(=O)(=O)[N-]S(=O)(=O)[N+](C)(C)C.ClS(=O)(=O)[N-]S(Cl)(=O)=O,P-1,False,120.0,lowT,C[N+](C)(C)S(=O)(=O)[N-]S(=O)(=O)[N+](C)(C)C,ClS(=O)(=O)[N-]S(Cl)(=O)=O
YUGQEZ,YUGQEZ,110 K,O=P(c1ccccc1)(c1ccccc1)c1ccccc1.O=S(=O)(NS(=O)(=O)c1ccccc1)c1ccccc1,P212121,False,110.0,lowT,O=P(c1ccccc1)(c1ccccc1)c1ccccc1,O=S(=O)(NS(=O)(=O)c1ccccc1)c1ccccc1
YAJHIE,YAJHIE,93.2 K,FC(F)(F)C(=O)[O-].COc1c(O)c(nc(c2[nH+]cccc2)c1OC)C(N)=O,P-1,False,93.0,lowT,FC(F)(F)C(=O)[O-],COc1c(O)c(nc(c2[nH+]cccc2)c1OC)C(N)=O
YICNEH,YICNEH,100 K,Oc1ccc(cc1O)C(=O)[O-].NC1=[NH+]C(=O)NC=C1F,P21,False,100.0,lowT,Oc1ccc(cc1O)C(=O)[O-],NC1=[NH+]C(=O)NC=C1F
JAXSOR,JAXSOR,at 100 K,c1ncncn1.Oc1cccc(O)c1O,P21/n,False,100.0,lowT,c1ncncn1,Oc1cccc(O)c1O
EWIKAY,EWIKAY,100.2 K,c1ccc2nc3ccccc3nc2c1.CC(C)c1cccc(C(C)C)c1O,C2/c,False,100.0,lowT,c1ccc2nc3ccccc3nc2c1,CC(C)c1cccc(C(C)C)c1O
MEDHAG,MEDHAG,at 123 K,[NH3+]CCc1ccc(O)cc1.OC(CC(O)=O)C(=O)[O-],Pna21,False,123.0,lowT,[NH3+]CCc1ccc(O)cc1,OC(CC(O)=O)C(=O)[O-]
DEZDAO,DEZDAO,at 123 K,FC(F)(F)C(=O)[O-].FC1=CNC(=C1F)C1=CC(=[NH+]N1)C1=C(F)C(=CN1)F,P21/n,False,123.0,lowT,FC(F)(F)C(=O)[O-],FC1=CNC(=C1F)C1=CC(=[NH+]N1)C1=C(F)C(=CN1)F
JIYQAM,JIYQAM,100 K,FC(F)(F)S(=O)(=O)[O-].COC(=O)c1ccc(C(=O)OC)c(c1)[n+]1ccccc1,P-1,False,100.0,lowT,FC(F)(F)S(=O)(=O)[O-],COC(=O)c1ccc(C(=O)OC)c(c1)[n+]1ccccc1
INEFIQ01,INEFIQ01,at 93 K,[NH3+]C(CCCNC(N)=[NH2+])C(O)=O.FC(F)(F)C(=O)[O-],P21,False,93.0,lowT,[NH3+]C(CCCNC(N)=[NH2+])C(O)=O,FC(F)(F)C(=O)[O-]
NUGKAE,NUGKAE,100 K,CCC([NH2+]CC[NH2+]C(CC)CO)CO.CS(=O)(=O)[O-],P21212,False,100.0,lowT,CCC([NH2+]CC[NH2+]C(CC)CO)CO,CS(=O)(=O)[O-]
TAFGAM,TAFGAM,100 K,OC(=O)C[NH+](CC[NH+](CC(O)=O)CC(O)=O)CC(O)=O.CS(=O)(=O)[O-],C2/c,False,100.0,lowT,OC(=O)C[NH+](CC[NH+](CC(O)=O)CC(O)=O)CC(O)=O,CS(=O)(=O)[O-]
WACNIA,WACNIA,100 K,CC1[NH2+]CCOC1c1cccc(F)c1.O=C([O-])C=CC(=O)[O-],P21/c,False,100.0,lowT,CC1[NH2+]CCOC1c1cccc(F)c1,O=C([O-])C=CC(=O)[O-]
LUVQEZ,LUVQEZ,at 123 K,FC(F)(F)S(=O)(=O)[O-].C[NH+](C)CCC[n+]1ccccc1O,P-1,False,123.0,lowT,FC(F)(F)S(=O)(=O)[O-],C[NH+](C)CCC[n+]1ccccc1O
FOBNUH,FOBNUH,at 100 K,FC(F)(F)S(=O)(=O)[O-].C1=CN(N=C1)[B-]12[N+]3=CC=CN3P(N3C=CC=[N+]13)N1C=CC=[N+]21,P-1,False,100.0,lowT,FC(F)(F)S(=O)(=O)[O-],C1=CN(N=C1)[B-]12[N+]3=CC=CN3P(N3C=CC=[N+]13)N1C=CC=[N+]21
FOBPAP,FOBPAP,at 100 K,FC(F)(F)S(=O)(=O)[O-].CCN(CC)P1N2C=CC=[N+]2CN2C=CC=[N+]12,P21/n,False,100.0,lowT,FC(F)(F)S(=O)(=O)[O-],CCN(CC)P1N2C=CC=[N+]2CN2C=CC=[N+]12
SUYYAN,SUYYAN,at 100 K,Nc1[nH+]cc(Br)cc1.O=C([O-])C=CC(=O)[O-],P21/c,False,100.0,lowT,Nc1[nH+]cc(Br)cc1,O=C([O-])C=CC(=O)[O-]
TINQOZ,TINQOZ,120 K,FC(F)(F)S(=O)(=O)[O-].C[n+]1cccc(c1)C1=NS[S+]=N1,P-1,False,120.0,lowT,FC(F)(F)S(=O)(=O)[O-],C[n+]1cccc(c1)C1=NS[S+]=N1
QUYKUS01,QUYKUS01,113 K,O[n+]1ccc(cc1)c1cc[n+](O)cc1.ClC(Cl)(Cl)C(=O)[O-],C2/c,False,113.0,lowT,O[n+]1ccc(cc1)c1cc[n+](O)cc1,ClC(Cl)(Cl)C(=O)[O-]
ICOWAB,ICOWAB,100 K,[O-]N1N=NN=C1C1=NN=NN1[O-].NC(=[NH2+])O,P21/n,False,100.0,lowT,[O-]N1N=NN=C1C1=NN=NN1[O-],NC(=[NH2+])O
KODLAT,KODLAT,100 K,OC(=O)CCCNc1nc[nH+]c2N=CNc12.O=C([O-])CCCNc1ncnc2NC=Nc12,P21/c,False,100.0,lowT,OC(=O)CCCNc1nc[nH+]c2N=CNc12,O=C([O-])CCCNc1ncnc2NC=Nc12
QUWGOH,QUWGOH,120 K,Cc1cc(CSC(N)=[NH2+])c(C)cc1CSC(N)=[NH2+].CC(=O)[O-],P21/c,False,120.0,lowT,Cc1cc(CSC(N)=[NH2+])c(C)cc1CSC(N)=[NH2+],CC(=O)[O-]
FOBNOB,FOBNOB,at 100 K,FC(F)(F)S(=O)(=O)[O-].C1[N+]2=CC=CN2P(N2C=CC=[N+]12)c1ccccc1,P-1,False,100.0,lowT,FC(F)(F)S(=O)(=O)[O-],C1[N+]2=CC=CN2P(N2C=CC=[N+]12)c1ccccc1
DINJUH,DINJUH,at 100 K,NC1=[NH+]C(=O)NC=C1F.O=C([O-])C=CC(=O)[O-],P21/c,False,100.0,lowT,NC1=[NH+]C(=O)NC=C1F,O=C([O-])C=CC(=O)[O-]
ETIXIR,ETIXIR,295 K,NC(=[NH2+])NC(N)=S.O=C([O-])c1ccccn1,P-1,False,295.0,highT,NC(=[NH2+])NC(N)=S,O=C([O-])c1ccccn1
NAKZOR,NAKZOR,296 K,OC(=O)c1ccccc1C(=O)[O-].NNC(=O)c1cc[nH+]cc1,P-1,False,296.0,highT,OC(=O)c1ccccc1C(=O)[O-],NNC(=O)c1cc[nH+]cc1
NUMZED,NUMZED,298 K,COc1ccc(cc1)C(O)=O.Fc1c(F)c(F)c(N=Cc2ccncc2)c(F)c1F,P-1,False,298.0,highT,COc1ccc(cc1)C(O)=O,Fc1c(F)c(F)c(N=Cc2ccncc2)c(F)c1F
AYIJUP,AYIJUP,296 K,c1ccc2ncccc2c1.OC(=O)CCSC1=CC(=O)C(=O)c2ccccc12,P21/c,False,296.0,highT,c1ccc2ncccc2c1,OC(=O)CCSC1=CC(=O)C(=O)c2ccccc12
ATOLIF,ATOLIF,at 300 K,OC(=O)c1cc(ccc1O)S(=O)(=O)[O-].[NH3+]CCc1ccc(O)c(O)c1,C2/c,False,300.0,highT,OC(=O)c1cc(ccc1O)S(=O)(=O)[O-],[NH3+]CCc1ccc(O)c(O)c1
QAXZIB,QAXZIB,293 K,c1cc(ccn1)C=Cc1ccncc1.NC(=S)NN=Cc1ccc(O)cc1O,P-1,False,293.0,highT,c1cc(ccn1)C=Cc1ccncc1,NC(=S)NN=Cc1ccc(O)cc1O
ECEQIP,ECEQIP,295 K,COc1cc[nH+]cc1.OC(=O)CNc1ccccc1C(=O)[O-],C2/c,False,295.0,highT,COc1cc[nH+]cc1,OC(=O)CNc1ccccc1C(=O)[O-]
TITJAI,TITJAI,at 295 K,C1COCCO1.NC(=O)c1cc(nc(Cl)n1)c1ccccc1,P-1,False,295.0,highT,C1COCCO1,NC(=O)c1cc(nc(Cl)n1)c1ccccc1
TEHNAW01,TEHNAW01,at 298 K,Oc1ccc(cc1)c1ccc(O)cc1.N#Cc1ccncc1,P21/n,False,298.0,highT,Oc1ccc(cc1)c1ccc(O)cc1,N#Cc1ccncc1
VAKKEA,VAKKEA,298 K,[NH3+]C(Cc1ccccc1)C(=O)Nc1cccnc1.Brc1ccc(cc1)C(=O)[O-],P212121,False,298.0,highT,[NH3+]C(Cc1ccccc1)C(=O)Nc1cccnc1,Brc1ccc(cc1)C(=O)[O-]
TEJNEC,TEJNEC,at 293 K,O=C(NNc1ccccc1)NNc1ccccc1.NC(=O)NNc1ccccc1,P21/n,False,293.0,highT,O=C(NNc1ccccc1)NNc1ccccc1,NC(=O)NNc1ccccc1
YECWUC,YECWUC,298 K,NC(=O)c1ccc(O)cc1.CN1C(=O)N(C)C2=C(N(CC(O)=O)C=N2)C1=O,P21/n,False,298.0,highT,NC(=O)c1ccc(O)cc1,CN1C(=O)N(C)C2=C(N(CC(O)=O)C=N2)C1=O
WARPEN,WARPEN,298.1 K,NC(=O)c1ccncc1.OB1OCc2cc(F)ccc12,P21/c,False,298.0,highT,NC(=O)c1ccncc1,OB1OCc2cc(F)ccc12
JOKYIU,JOKYIU,302 K,C1CN2CCN1CC2.Nc1ccc(cc1)S(=O)(=O)Nc1ccc(Cl)nn1,P21/c,False,302.0,highT,C1CN2CCN1CC2,Nc1ccc(cc1)S(=O)(=O)Nc1ccc(Cl)nn1
TEZNIX,TEZNIX,at 298 K,OC(=O)Cc1ccc(CC(O)=O)cc1.Nc1nc(N)nc(n1)c1ccccc1,Pbca,False,298.0,highT,OC(=O)Cc1ccc(CC(O)=O)cc1,Nc1nc(N)nc(n1)c1ccccc1
TIBXEL,TIBXEL,294 K,COc1cc(Cc2c[nH+]c(N)nc2N)cc(OC)c1OC.CN1C(=O)N(C)C2=C(N(CC(=O)[O-])C=N2)C1=O,P-1,False,294.0,highT,COc1cc(Cc2c[nH+]c(N)nc2N)cc(OC)c1OC,CN1C(=O)N(C)C2=C(N(CC(=O)[O-])C=N2)C1=O
MUZFEU,MUZFEU,298 K,c1cc(ccn1)C=Cc1ccncc1.Oc1cc(O)c(Br)cc1Br,P-1,False,298.0,highT,c1cc(ccn1)C=Cc1ccncc1,Oc1cc(O)c(Br)cc1Br
EPAXAX,EPAXAX,293 K,OCS(=O)(=O)[O-].[NH3+]C(CO)(CO)CO,P21/c,False,293.0,highT,OCS(=O)(=O)[O-],[NH3+]C(CO)(CO)CO
MOCCUE,MOCCUE,293 K,Cc1ccc(cc1)S(O)(=O)=O.COc1cc(OC)nc(N)n1,P-1,False,293.0,highT,Cc1ccc(cc1)S(O)(=O)=O,COc1cc(OC)nc(N)n1
ACETAF,ACETAF,at 298 K,OC(=O)c1ccccc1O.CN1N=NC2=C(N=CN2C1=O)C(N)=O,P-1,False,298.0,highT,OC(=O)c1ccccc1O,CN1N=NC2=C(N=CN2C1=O)C(N)=O
YANBEX,YANBEX,293 K,c1cc(ccn1)C=Cc1ccncc1.CNC(=S)NN=C(C)c1ccc(O)cc1O,P21/n,False,293.0,highT,c1cc(ccn1)C=Cc1ccncc1,CNC(=S)NN=C(C)c1ccc(O)cc1O
ACOPOA,ACOPOA,296 K,OC(=O)c1cc(O)cc(O)c1.NC(=O)c1cnccn1,P21/c,False,296.0,highT,OC(=O)c1cc(O)cc(O)c1,NC(=O)c1cnccn1
MIHSIJ,MIHSIJ,295 K,CC(C)=CC(=O)[O-].[NH3+]C(CCCNC(N)=[NH2+])C(=O)[O-],P212121,False,295.0,highT,CC(C)=CC(=O)[O-],[NH3+]C(CCCNC(N)=[NH2+])C(=O)[O-]
NEBWOK,NEBWOK,293 K,CCOc1ccc(cc1)C(=O)[O-].O=N(=O)c1ccc(cc1)N1CC[NH2+]CC1,P-1,False,293.0,highT,CCOc1ccc(cc1)C(=O)[O-],O=N(=O)c1ccc(cc1)N1CC[NH2+]CC1
GUYZOS,GUYZOS,300 K,NC(=O)c1cc[nH+]cc1.OC(=O)c1ccccc1C(=O)[O-],P21/n,False,300.0,highT,NC(=O)c1cc[nH+]cc1,OC(=O)c1ccccc1C(=O)[O-]
CAKYOE,CAKYOE,at 298 K,Oc1c(Cl)cc(Cl)cc1Cl.CC1=NN=C2CN=C(c3ccccc3)c3cc(Cl)ccc3N12,P21/c,False,298.0,highT,Oc1c(Cl)cc(Cl)cc1Cl,CC1=NN=C2CN=C(c3ccccc3)c3cc(Cl)ccc3N12
YECHIY,YECHIY,at 293 K,O1C(=NN=C1c1cccnc1)c1cccnc1.OC(=O)CCCCCCC(O)=O,C2/c,False,293.0,highT,O1C(=NN=C1c1cccnc1)c1cccnc1,OC(=O)CCCCCCC(O)=O
ZAZGEO,ZAZGEO,at 298 K,[NH2+]=C1NC(=O)NC=C1.Cc1cccc(Nc2ccccc2C(=O)[O-])c1C,P-1,False,298.0,highT,[NH2+]=C1NC(=O)NC=C1,Cc1cccc(Nc2ccccc2C(=O)[O-])c1C
GAHHUT,GAHHUT,at 293 K,Oc1cccc2ccc[nH+]c12.O=N(=O)c1cc(c([O-])c(c1)N(=O)=O)N(=O)=O,P21/c,False,293.0,highT,Oc1cccc2ccc[nH+]c12,O=N(=O)c1cc(c([O-])c(c1)N(=O)=O)N(=O)=O
EFUNUP,EFUNUP,at 294 K,O=C([O-])c1ccc(cc1)N(=O)=O.NC1=CC=[NH+]C(=O)N1,P-1,False,294.0,highT,O=C([O-])c1ccc(cc1)N(=O)=O,NC1=CC=[NH+]C(=O)N1
ULEKIG,ULEKIG,at 296 K,c1cc(ccn1)c1ccncc1.OC(=O)c1cc(F)cc(c1)C(O)=O,P21/n,False,296.0,highT,c1cc(ccn1)c1ccncc1,OC(=O)c1cc(F)cc(c1)C(O)=O
AWAYUV,AWAYUV,293 K,C[NH+]1CCOCC1.COc1cc(cc(OC)c1OC)C1CC(=O)NC(=C1C#N)[S-],P-1,False,293.0,highT,C[NH+]1CCOCC1,COc1cc(cc(OC)c1OC)C1CC(=O)NC(=C1C#N)[S-]
LAWBER,LAWBER,at 273 K,OC(=O)c1cccc(c1)C(O)=O.Cc1ccncc1,Cc,False,273.0,highT,OC(=O)c1cccc(c1)C(O)=O,Cc1ccncc1
UDABOU,UDABOU,296 K,Oc1ccc(c(O)c1)C(=O)[O-].Nc1cc(nc(N)[n+]1O)N1CCCCC1,P21/c,False,296.0,highT,Oc1ccc(c(O)c1)C(=O)[O-],Nc1cc(nc(N)[n+]1O)N1CCCCC1
XAQCIC,XAQCIC,at 25 deg.C,Cc1ccc(cc1)S(=O)(=O)[O-].CC([NH2+]C(CF)c1ccccc1)c1ccccc1,P21,False,298.0,highT,Cc1ccc(cc1)S(=O)(=O)[O-],CC([NH2+]C(CF)c1ccccc1)c1ccccc1
VEJZAO,VEJZAO,298.9 K,NC(=O)c1ccccc1.NS(=O)(=O)c1cc2c(NC=NS2(=O)=O)cc1Cl,Pnma,False,298.0,highT,NC(=O)c1ccccc1,NS(=O)(=O)c1cc2c(NC=NS2(=O)=O)cc1Cl
IKANAK,IKANAK,at 293 K,c1cnc2c(c1)ccc1cccnc21.OC(=O)c1ccc2C(=O)OC(=O)c3ccc(C(O)=O)c1c23,P-1,False,293.0,highT,c1cnc2c(c1)ccc1cccnc21,OC(=O)c1ccc2C(=O)OC(=O)c3ccc(C(O)=O)c1c23
RIDVIK,RIDVIK,at 296.1 K,CCOP([O-])(=S)c1ccccc1.[NH3+]C(C)c1ccccc1OC,P21,False,296.0,highT,CCOP([O-])(=S)c1ccccc1,[NH3+]C(C)c1ccccc1OC
XOTPUU,XOTPUU,293.1 K,C[N+]1=C(C)N(CCON(=O)=O)C=C1.O=N(=O)c1cc(c([O-])c(c1)N(=O)=O)N(=O)=O,P21/c,False,293.0,highT,C[N+]1=C(C)N(CCON(=O)=O)C=C1,O=N(=O)c1cc(c([O-])c(c1)N(=O)=O)N(=O)=O
GIMTON,GIMTON,at 293 K,Clc1ccc(cc1)S(=O)(=O)CC(=O)[O-].C[NH+](CCO)CCO,P1,False,293.0,highT,Clc1ccc(cc1)S(=O)(=O)CC(=O)[O-],C[NH+](CCO)CCO
YAWQOD,YAWQOD,at 293 K,FC1=C(F)C(C(=C(F)C1=C(C#N)C#N)F)=C(C#N)C#N.OCC1=C(CO)SC(S1)=C1SC(=C(CO)S1)CO,P-1,False,293.0,highT,FC1=C(F)C(C(=C(F)C1=C(C#N)C#N)F)=C(C#N)C#N,OCC1=C(CO)SC(S1)=C1SC(=C(CO)S1)CO
XIYSIK,XIYSIK,298 K,OC(CN1C=NC=N1)(CN1C=NC=N1)c1ccc(F)cc1F.OC(=O)C=CC(O)=O,P21/n,False,298.0,highT,OC(CN1C=NC=N1)(CN1C=NC=N1)c1ccc(F)cc1F,OC(=O)C=CC(O)=O
QUBQAF,QUBQAF,at 296 K,CC1=CC(=CC(=O)O1)OCc1ccccc1.O=C1NC(=O)C=C1,P-1,False,296.0,highT,CC1=CC(=CC(=O)O1)OCc1ccccc1,O=C1NC(=O)C=C1
EYUROI,EYUROI,296 K,NC(=O)c1nc(F)cnc1O.COc1cc(C=CC(O)=O)ccc1O,P-1,False,296.0,highT,NC(=O)c1nc(F)cnc1O,COc1cc(C=CC(O)=O)ccc1O
CEXNEC,CEXNEC,293 K,OC(=O)c1cc(O)c(Br)c(O)c1.c1cc(ccn1)c1ccncc1,P-1,False,293.0,highT,OC(=O)c1cc(O)c(Br)c(O)c1,c1cc(ccn1)c1ccncc1
QUTMOI,QUTMOI,at 296 K,c1ccc2ncccc2c1.OC(=O)c1ccc(C(O)=O)c2c(ccc(C(O)=O)c12)C(O)=O,P21/n,False,296.0,highT,c1ccc2ncccc2c1,OC(=O)c1ccc(C(O)=O)c2c(ccc(C(O)=O)c12)C(O)=O
KATBAJ,KATBAJ,at 293 K,OC(=O)c1ccc(cc1)C(O)=O.C(Cc1ccncc1)Cc1ccncc1,C2/c,False,293.0,highT,OC(=O)c1ccc(cc1)C(O)=O,C(Cc1ccncc1)Cc1ccncc1
YAGKEY,YAGKEY,at 293 K,OC(=O)C=CC(=O)[O-].CN1CC(=O)[NH+]=C1N,P21/n,False,293.0,highT,OC(=O)C=CC(=O)[O-],CN1CC(=O)[NH+]=C1N
EYIWEO,EYIWEO,at 295 K,OC(=O)c1cc(ccc1O)S(=O)(=O)[O-].Oc1cccc2ccc[nH+]c12,P21/n,False,295.0,highT,OC(=O)c1cc(ccc1O)S(=O)(=O)[O-],Oc1cccc2ccc[nH+]c12
GUHHEX,GUHHEX,at 293 K,O=C([O-])C[n+]1ccc(cc1)C(=O)[O-].OC(=O)C[n+]1ccc(cc1)C(O)=O,P21/n,False,293.0,highT,O=C([O-])C[n+]1ccc(cc1)C(=O)[O-],OC(=O)C[n+]1ccc(cc1)C(O)=O
VEFWAF,VEFWAF,at 298 K,OC(=O)c1cc(O)c(Br)c(O)c1.c1cc(ccn1)c1ccncc1,P21/n,False,298.0,highT,OC(=O)c1cc(O)c(Br)c(O)c1,c1cc(ccn1)c1ccncc1
EXEJOH,EXEJOH,at 293 K,C1N2CN3CN1CN(C2)C3.Oc1c(Br)cc(Cc2cc(Br)c(O)c(Br)c2)cc1Br,P-1,False,293.0,highT,C1N2CN3CN1CN(C2)C3,Oc1c(Br)cc(Cc2cc(Br)c(O)c(Br)c2)cc1Br
JIQFIB,JIQFIB,296 K,Oc1ccc(c(O)c1)C(=O)[O-].[NH3+]CC1CCC(CC1)C(O)=O,P21/n,False,296.0,highT,Oc1ccc(c(O)c1)C(=O)[O-],[NH3+]CC1CCC(CC1)C(O)=O
WUYRIR,WUYRIR,at 293 K,CN1C(=O)N(C)C2=C([N-]C=N2)C1=O.[NH3+]CCO,P-1,False,293.0,highT,CN1C(=O)N(C)C2=C([N-]C=N2)C1=O,[NH3+]CCO
LIQSUC,LIQSUC,295 K,OC(=O)c1cc(C(O)=O)c(cc1C(O)=O)C(O)=O.c1cnccn1,P21/c,False,295.0,highT,OC(=O)c1cc(C(O)=O)c(cc1C(O)=O)C(O)=O,c1cnccn1
WIWNAU,WIWNAU,293 K,Oc1cc(O)cc(O)c1.NNC(=O)c1ccncc1,P21/c,False,293.0,highT,Oc1cc(O)cc(O)c1,NNC(=O)c1ccncc1
GIDGAF,GIDGAF,294 K,O=C([O-])c1cccnc1.[NH3+]CC1CCC(CC1)C(O)=O,P-1,False,294.0,highT,O=C([O-])c1cccnc1,[NH3+]CC1CCC(CC1)C(O)=O
ICOPAV,ICOPAV,298 K,[NH3+]C1=C(C)N(C)N(c2ccccc2)C1=O.O=C([O-])c1cc(cc(c1)N(=O)=O)N(=O)=O,Pna21,False,298.0,highT,[NH3+]C1=C(C)N(C)N(c2ccccc2)C1=O,O=C([O-])c1cc(cc(c1)N(=O)=O)N(=O)=O
VEJKIH,VEJKIH,293 K,C[NH+]=S(=O)(C=CC(C)(C)C)c1ccccc1.CS(=O)(=O)[O-],P-1,False,293.0,highT,C[NH+]=S(=O)(C=CC(C)(C)C)c1ccccc1,CS(=O)(=O)[O-]
SEPTIT,SEPTIT,296 K,COc1ccc(cc1)C=C1CC[NH+]=C1.FC(F)(F)C(=O)[O-],P-1,False,296.0,highT,COc1ccc(cc1)C=C1CC[NH+]=C1,FC(F)(F)C(=O)[O-]
WAKTUY,WAKTUY,at 295 K,ClCC(=O)[O-].NC(CC[NH+]1CCCCC1)=NO,P21/c,False,295.0,highT,ClCC(=O)[O-],NC(CC[NH+]1CCCCC1)=NO
NORTOG,NORTOG,296 K,c1ccc2nc3ccccc3nc2c1.Oc1cccc(O)c1O,P-1,False,296.0,highT,c1ccc2nc3ccccc3nc2c1,Oc1cccc(O)c1O
LODGUH,LODGUH,at 293 K,Oc1c(F)c(F)c(F)c(F)c1F.CN1C(=S)c2ccccc2N(C)C(=S)c2ccccc12,C2/c,False,293.0,highT,Oc1c(F)c(F)c(F)c(F)c1F,CN1C(=S)c2ccccc2N(C)C(=S)c2ccccc12
ZEVROL,ZEVROL,295 K,c1cc(ccn1)C=Cc1ccncc1.OB(O)C=Cc1ccc(F)cc1,P21/c,False,295.0,highT,c1cc(ccn1)C=Cc1ccncc1,OB(O)C=Cc1ccc(F)cc1
UPEDIE,UPEDIE,296 K,OC(=O)C(=O)[O-].Nc1[nH+]c(N)nc(n1)c1ccc(Br)cc1,P41212,False,296.0,highT,OC(=O)C(=O)[O-],Nc1[nH+]c(N)nc(n1)c1ccc(Br)cc1
ZEXWAC,ZEXWAC,at 298 K,CCN1C=C(C(O)=O)C(=O)c2ccc(C)nc12.Oc1cccc(O)c1O,C2/c,False,298.0,highT,CCN1C=C(C(O)=O)C(=O)c2ccc(C)nc12,Oc1cccc(O)c1O
OGEPOG,OGEPOG,at 296 K,c1cc(ccn1)c1ccncc1.OC(=O)c1ccc(cc1)C(=O)c1ccccc1C(O)=O,P21/n,False,296.0,highT,c1cc(ccn1)c1ccncc1,OC(=O)c1ccc(cc1)C(=O)c1ccccc1C(O)=O
YAXRAS,YAXRAS,at 298 K,c1cc(ccn1)c1ccncc1.OC(c1ccc(cc1)C(O)=O)c1ccc(cc1)C(O)=O,P21/n,False,298.0,highT,c1cc(ccn1)c1ccncc1,OC(c1ccc(cc1)C(O)=O)c1ccc(cc1)C(O)=O
ALLCAM,ALLCAM,at -150deg.C,OC(=O)C=C=CC(O)=O.CC(N)=O,C2/c,False,423.0,highT,OC(=O)C=C=CC(O)=O,CC(N)=O
HETFEV,HETFEV,298 K,CN(C)C=O.CN1C(=O)C2=C(OC(=C(C#N)C2(C#N)C#N)N)c2ccccc12,P21/n,False,298.0,highT,CN(C)C=O,CN1C(=O)C2=C(OC(=C(C#N)C2(C#N)C#N)N)c2ccccc12
BALJII,BALJII,at 293 K,C[N+]1(CCOCC1)CC(O)=O.O=N(=O)c1cc(c([O-])c(c1)N(=O)=O)N(=O)=O,P21/c,False,293.0,highT,C[N+]1(CCOCC1)CC(O)=O,O=N(=O)c1cc(c([O-])c(c1)N(=O)=O)N(=O)=O
CAHLUT,CAHLUT,at 296K,OC1=C(Br)C(=O)C(=C(Br)C1=O)O.c1ccc(nc1)C#Cc1ccccn1,P-1,False,296.0,highT,OC1=C(Br)C(=O)C(=C(Br)C1=O)O,c1ccc(nc1)C#Cc1ccccn1
QANKUM,QANKUM,at 295 K,OC(=O)c1cc(ccc1O)S(=O)(=O)[O-].[NH3+]c1ccc(F)cc1,P21,False,295.0,highT,OC(=O)c1cc(ccc1O)S(=O)(=O)[O-],[NH3+]c1ccc(F)cc1
VUKQEZ,VUKQEZ,298 K,OC(=O)C=CC(=O)[O-].[NH3+]C(C(C)CC)C(O)=O,P21,False,298.0,highT,OC(=O)C=CC(=O)[O-],[NH3+]C(C(C)CC)C(O)=O
IKOMEC,IKOMEC,293 K,CN1C(=O)N(C)C(=C(C1=O)c1ccc(cc1N(=O)=O)N(=O)=O)[O-].CN1CC(=O)[NH+]=C1N,P21/n,False,293.0,highT,CN1C(=O)N(C)C(=C(C1=O)c1ccc(cc1N(=O)=O)N(=O)=O)[O-],CN1CC(=O)[NH+]=C1N
KANBUZ,KANBUZ,300 K,c1ccncc1.CCCN(CCC)S(=O)(=O)c1ccc(cc1)C(O)=O,P21/c,False,300.0,highT,c1ccncc1,CCCN(CCC)S(=O)(=O)c1ccc(cc1)C(O)=O
FURYOI,FURYOI,298 K,NS(=O)(=O)c1ccc(cc1)C(O)=O.O=C1CCCCN1,P-1,False,298.0,highT,NS(=O)(=O)c1ccc(cc1)C(O)=O,O=C1CCCCN1
CIKNUI,CIKNUI,296 K,[NH2+]1CCOCC1.OC(=O)C(=O)[O-],P21/n,False,296.0,highT,[NH2+]1CCOCC1,OC(=O)C(=O)[O-]
WIVBEJ,WIVBEJ,at 296 K,Oc1cccc2ccc[nH+]c12.OC(=O)c1ccc2C(=O)N(CC(=O)[O-])C(=O)c2c1,P21/c,False,296.0,highT,Oc1cccc2ccc[nH+]c12,OC(=O)c1ccc2C(=O)N(CC(=O)[O-])C(=O)c2c1
YECVEL,YECVEL,298 K,NC(=O)c1cc[nH+]cc1.CN1C(=O)N(C)C2=C(N(CC(=O)[O-])C=N2)C1=O,P-1,False,298.0,highT,NC(=O)c1cc[nH+]cc1,CN1C(=O)N(C)C2=C(N(CC(=O)[O-])C=N2)C1=O
PAKZUZ,PAKZUZ,293 K,CS(C)=O.CSc1ccc(cc1)C=NNC(=S)Nc1ccccc1,P-1,False,293.0,highT,CS(C)=O,CSc1ccc(cc1)C=NNC(=S)Nc1ccccc1
PEDRIB,PEDRIB,at 295 K,[2H][N+](=C(N([2H])[2H])N([2H])[2H])C(N([2H])[2H])=S.[2H]OC(C(O[2H])C(O[2H])=O)C(=O)[O-],P21,False,295.0,highT,[2H][N+](=C(N([2H])[2H])N([2H])[2H])C(N([2H])[2H])=S,[2H]OC(C(O[2H])C(O[2H])=O)C(=O)[O-]
VURZIU,VURZIU,296 K,Nc1[nH+]cc(Cl)cc1.Cc1ccc(cc1)S(=O)(=O)[O-],P21/n,False,296.0,highT,Nc1[nH+]cc(Cl)cc1,Cc1ccc(cc1)S(=O)(=O)[O-]
DUSYIA,DUSYIA,at 296 K,Nc1[nH+]cc(Cl)cc1.OC(=O)CCCC(=O)[O-],P212121,False,296.0,highT,Nc1[nH+]cc(Cl)cc1,OC(=O)CCCC(=O)[O-]
VIPVOH,VIPVOH,at 295 K,OC(=O)c1cc(ccc1O)S(=O)(=O)[O-].[NH3+]c1ccc(cc1)N(=O)=O,Pbca,False,295.0,highT,OC(=O)c1cc(ccc1O)S(=O)(=O)[O-],[NH3+]c1ccc(cc1)N(=O)=O
UGOSIU,UGOSIU,at 293 K,OC(=O)C=CC(=O)[O-].CC1=C[NH+]=C(N)S1,P21/n,False,293.0,highT,OC(=O)C=CC(=O)[O-],CC1=C[NH+]=C(N)S1
CUDRUR,CUDRUR,293 K,O=C([O-])c1ccc2ccccc2n1.[NH3+]c1ccc(Cl)cc1,P-1,False,293.0,highT,O=C([O-])c1ccc2ccccc2n1,[NH3+]c1ccc(Cl)cc1
WUTFID,WUTFID,296 K,CC(C)c1ccc(C)c(O)c1.c1ccc2nc3ccccc3nc2c1,P-1,False,296.0,highT,CC(C)c1ccc(C)c(O)c1,c1ccc2nc3ccccc3nc2c1
YOVMAA,YOVMAA,293 K,O=C1NS(=O)(=O)c2ccccc12.CN1N(C(=O)C=C1C)c1ccccc1,P21/c,False,293.0,highT,O=C1NS(=O)(=O)c2ccccc12,CN1N(C(=O)C=C1C)c1ccccc1
WENDEC,WENDEC,290 K,[NH3+]CCO.NC(=O)C1=NC(=C[N-]C1=O)F,P21/c,False,290.0,highT,[NH3+]CCO,NC(=O)C1=NC(=C[N-]C1=O)F
MEXSIT,MEXSIT,at 294 K,OC(=O)CCC(=O)[O-].C[NH2+]C1CCC2=C(C1)c1cc(ccc1N2)C(N)=O,P21,False,294.0,highT,OC(=O)CCC(=O)[O-],C[NH2+]C1CCC2=C(C1)c1cc(ccc1N2)C(N)=O
CADPAB,CADPAB,293 K,OC1=C(Cl)C(=O)C(=C(Cl)C1=O)[O-].[NH3+]C(CC(C)C)C(O)=O,P21,False,293.0,highT,OC1=C(Cl)C(=O)C(=C(Cl)C1=O)[O-],[NH3+]C(CC(C)C)C(O)=O
LEVWER,LEVWER,296 K,Oc1ccc(c(O)c1)C(=O)[O-].CCc1[nH+]c(N)nc(N)c1c1ccc(Cl)cc1,P-1,False,296.0,highT,Oc1ccc(c(O)c1)C(=O)[O-],CCc1[nH+]c(N)nc(N)c1c1ccc(Cl)cc1
EYIWOY,EYIWOY,at 295 K,OC(=O)c1cc(ccc1O)S(=O)(=O)[O-].OC(=O)c1[nH+]c2ccccc2cc1,P21/n,False,295.0,highT,OC(=O)c1cc(ccc1O)S(=O)(=O)[O-],OC(=O)c1[nH+]c2ccccc2cc1
CAMWOD,CAMWOD,at 293 K,OC(=O)CC(=O)[O-].[NH3+]C(Cc1c[nH+]c[nH]1)C(=O)[O-],P21/n,False,293.0,highT,OC(=O)CC(=O)[O-],[NH3+]C(Cc1c[nH+]c[nH]1)C(=O)[O-]
LUJCID,LUJCID,at 291 K,Cc1ccc2ccc3ccc(C)nc3c2n1.Oc1ccc2ccccc2c1c1c(O)ccc2ccccc12,C2/c,False,291.0,highT,Cc1ccc2ccc3ccc(C)nc3c2n1,Oc1ccc2ccccc2c1c1c(O)ccc2ccccc12
GUYBUX,GUYBUX,at 298 K,c1cc(ccn1)C=Cc1ccncc1.CCCCCCCCCC(O)=O,P-1,False,298.0,highT,c1cc(ccn1)C=Cc1ccncc1,CCCCCCCCCC(O)=O
TUTFIA,TUTFIA,296 K,Oc1c(F)c(F)c(c(F)c1F)c1c(F)c(F)c(O)c(F)c1F.N#CCc1ccc(CC#N)cc1,C2/c,False,296.0,highT,Oc1c(F)c(F)c(c(F)c1F)c1c(F)c(F)c(O)c(F)c1F,N#CCc1ccc(CC#N)cc1
TIQLIS,TIQLIS,296.1 K,NC(=[NH2+])NC1=NC(=CS1)CSCCC(N)=NS(N)(=O)=O.OC(CC(O)=O)C(=O)[O-],P21/n,False,296.0,highT,NC(=[NH2+])NC1=NC(=CS1)CSCCC(N)=NS(N)(=O)=O,OC(CC(O)=O)C(=O)[O-]
KOVSOF,KOVSOF,at 296 K,NC(=O)c1cnccn1.OC(=O)CC(O)(CC(O)=O)C(O)=O,P-1,False,296.0,highT,NC(=O)c1cnccn1,OC(=O)CC(O)(CC(O)=O)C(O)=O
GALHUZ,GALHUZ,293 K,FC(F)(F)C(=O)[O-].Cc1[nH+]cc2COC(O)c2c1O,P21/n,False,293.0,highT,FC(F)(F)C(=O)[O-],Cc1[nH+]cc2COC(O)c2c1O
OJUBAY,OJUBAY,296.1 K,OC(=O)CCCCC(O)=O.Nc1nc(N)nc(n1)c1ccc(Cl)cc1,P-1,False,296.0,highT,OC(=O)CCCCC(O)=O,Nc1nc(N)nc(n1)c1ccc(Cl)cc1
ABELUP,ABELUP,at 298 K,Oc1c(cc(cc1N(=O)=O)N(=O)=O)C(=O)[O-].NC1=[NH+]C=NC2=C1N=CN2C1OC(CO)C(O)C1O,P21,False,298.0,highT,Oc1c(cc(cc1N(=O)=O)N(=O)=O)C(=O)[O-],NC1=[NH+]C=NC2=C1N=CN2C1OC(CO)C(O)C1O
YEPHOT,YEPHOT,294 K,NC1=Nc2ccc(OC(F)(F)F)cc2S1.COc1cc(C=CC(O)=O)ccc1O,P21/c,False,294.0,highT,NC1=Nc2ccc(OC(F)(F)F)cc2S1,COc1cc(C=CC(O)=O)ccc1O
ELOGOE,ELOGOE,296 K,OC(=O)c1ccc2cc(ccc2c1)C(O)=O.c1cc(ccn1)c1ccncc1,P21/n,False,296.0,highT,OC(=O)c1ccc2cc(ccc2c1)C(O)=O,c1cc(ccn1)c1ccncc1
YECXIR,YECXIR,298 K,OC(=O)c1cc(O)c(O)c(O)c1.CN1C(=O)N(C)C2=C(N(CC(O)=O)C=N2)C1=O,P21/n,False,298.0,highT,OC(=O)c1cc(O)c(O)c(O)c1,CN1C(=O)N(C)C2=C(N(CC(O)=O)C=N2)C1=O
ZUPMUV,ZUPMUV,298 K,OC(=O)C=CC(=O)[O-].[NH3+]Cc1ccc(Cl)cc1,P-1,False,298.0,highT,OC(=O)C=CC(=O)[O-],[NH3+]Cc1ccc(Cl)cc1
NUQJAL,NUQJAL,at 291 K,c1cc(ccn1)c1ccncc1.OC(=O)COc1ccccc1OCC(O)=O,P21/c,False,291.0,highT,c1cc(ccn1)c1ccncc1,OC(=O)COc1ccccc1OCC(O)=O
IPEPEB,IPEPEB,293 K,N#Cc1cc(C#N)c(cc1C#N)C#N.COC(=O)CNC(=O)c1c2ccccc2cc2ccccc12,P-1,False,293.0,highT,N#Cc1cc(C#N)c(cc1C#N)C#N,COC(=O)CNC(=O)c1c2ccccc2cc2ccccc12
QEPQUA,QEPQUA,293 K,[NH3+]CCNc1ccc(cc1OC)N(=O)=O.O=C([O-])COc1ccccc1,P21,False,293.0,highT,[NH3+]CCNc1ccc(cc1OC)N(=O)=O,O=C([O-])COc1ccccc1
GUPXEX,GUPXEX,296 K,O=S(=O)(NN=Cc1cccc2ccccc12)c1ccccc1.O=Cc1cccc2ccccc12,Pc,False,296.0,highT,O=S(=O)(NN=Cc1cccc2ccccc12)c1ccccc1,O=Cc1cccc2ccccc12
RITKEM,RITKEM,at 299 K,[NH3+]Nc1ccc(cc1)N(=O)=O.O=N(=O)c1cc(c([O-])c(c1)N(=O)=O)N(=O)=O,P21/c,False,299.0,highT,[NH3+]Nc1ccc(cc1)N(=O)=O,O=N(=O)c1cc(c([O-])c(c1)N(=O)=O)N(=O)=O
ABORAO,ABORAO,296 K,[NH3+]c1ccc(O)cc1.O=N(=O)c1cc(c([O-])c(c1)N(=O)=O)N(=O)=O,P21/c,False,296.0,highT,[NH3+]c1ccc(O)cc1,O=N(=O)c1cc(c([O-])c(c1)N(=O)=O)N(=O)=O
RIRGUV,RIRGUV,at 296 K,c1cc(ccn1)c1ccncc1.OC(=O)c1ccc(OCCOc2ccc(cc2)C(O)=O)cc1,P-1,False,296.0,highT,c1cc(ccn1)c1ccncc1,OC(=O)c1ccc(OCCOc2ccc(cc2)C(O)=O)cc1
EBEROV,EBEROV,296 K,Nc1ccc(Cl)cc1.OC(=O)CC(O)=O,P21/c,False,296.0,highT,Nc1ccc(Cl)cc1,OC(=O)CC(O)=O
WOPDEM,WOPDEM,at 293 K,Clc1cc(ccc1C(=O)[O-])N(=O)=O.Oc1cccc2ccc[nH+]c12,P21/c,False,293.0,highT,Clc1cc(ccc1C(=O)[O-])N(=O)=O,Oc1cccc2ccc[nH+]c12
MUPPAO,MUPPAO,at 293 K,OC(=O)CC(=O)[O-].[NH3+]C(CCCNC(N)=[NH2+])C(=O)[O-],P1,False,293.0,highT,OC(=O)CC(=O)[O-],[NH3+]C(CCCNC(N)=[NH2+])C(=O)[O-]
GOGCEM,GOGCEM,at 295 K,CC1(C)CN2CC[NH2+]C2C(C)(C)SS1.O=N(=O)c1cc(c([O-])c(c1)N(=O)=O)N(=O)=O,P2/c,False,295.0,highT,CC1(C)CN2CC[NH2+]C2C(C)(C)SS1,O=N(=O)c1cc(c([O-])c(c1)N(=O)=O)N(=O)=O
YAGNIF,YAGNIF,at 298 K,Cc1ccc(cc1)S(=O)(=O)[O-].[NH3+]c1cccc(Cl)c1,P21/c,False,298.0,highT,Cc1ccc(cc1)S(=O)(=O)[O-],[NH3+]c1cccc(Cl)c1
FUHGUL,FUHGUL,at 293 K,OC(=O)CCCCCCC(O)=O.Cc1ccc2N=C(N)Sc2c1,P21/c,False,293.0,highT,OC(=O)CCCCCCC(O)=O,Cc1ccc2N=C(N)Sc2c1
UNUROL,UNUROL,at 298 K,[NH3+]CCO.COC(=O)c1c(Br)c(Br)c(Br)c(Br)c1C(=O)[O-],P21/c,False,298.0,highT,[NH3+]CCO,COC(=O)c1c(Br)c(Br)c(Br)c(Br)c1C(=O)[O-]
FURWOG,FURWOG,298 K,NC(=O)c1ccncc1.NS(=O)(=O)c1ccc(cc1)C(O)=O,C2/c,False,298.0,highT,NC(=O)c1ccncc1,NS(=O)(=O)c1ccc(cc1)C(O)=O
ZURHAY,ZURHAY,293 K,[NH3+]CCCCC([NH3+])C(=O)[O-].OC(C(=O)[O-])c1ccccc1,P1,False,293.0,highT,[NH3+]CCCCC([NH3+])C(=O)[O-],OC(C(=O)[O-])c1ccccc1
LEXKEI,LEXKEI,298 K,O=S(=O)([O-])c1ccccc1.CN1C(=O)NC(=O)C2=C1NC=[N+]2C,P21/n,False,298.0,highT,O=S(=O)([O-])c1ccccc1,CN1C(=O)NC(=O)C2=C1NC=[N+]2C
MUSXEE,MUSXEE,at 295 K,NC(=[NH2+])NC(N)=S.O=N(=O)c1cc(c([O-])c(c1)N(=O)=O)N(=O)=O,C2/c,False,295.0,highT,NC(=[NH2+])NC(N)=S,O=N(=O)c1cc(c([O-])c(c1)N(=O)=O)N(=O)=O
YIFLOP,YIFLOP,at 298 K,[NH3+]CC(O)=O.OC(=O)c1cccc(c1C(=O)[O-])N(=O)=O,P21/c,False,298.0,highT,[NH3+]CC(O)=O,OC(=O)c1cccc(c1C(=O)[O-])N(=O)=O
GADQAE,GADQAE,at 295 K,CP(O)(=O)[O-].N[C+](N)NC(N)=O,P21/c,False,295.0,highT,CP(O)(=O)[O-],N[C+](N)NC(N)=O
EXANEX,EXANEX,at 296 K,Cc1cc(C)nc(NS(=O)(=O)c2ccc(N)cc2)n1.OC(=O)c1ccc(Cl)c(Cl)c1,P21/n,False,296.0,highT,Cc1cc(C)nc(NS(=O)(=O)c2ccc(N)cc2)n1,OC(=O)c1ccc(Cl)c(Cl)c1
LABSEM02,LABSEM02,at 360 K,[2H]P(O[2H])(=O)[O-].[2H][N+]([2H])([2H])CC(O[2H])=O,P21/a,False,360.0,highT,[2H]P(O[2H])(=O)[O-],[2H][N+]([2H])([2H])CC(O[2H])=O
JIRRIO,JIRRIO,293 K,NC(N)=NC(=O)C1=NON=C1NNC1=NON=C1C(=O)N=C(N)N.CN(C)C=O,P212121,False,293.0,highT,NC(N)=NC(=O)C1=NON=C1NNC1=NON=C1C(=O)N=C(N)N,CN(C)C=O
VOHMEL,VOHMEL,at 295 K,NC(=C1c2c(F)c(F)c(F)c(F)c2C(F)(F)C1=O)C(F)(F)F.C1COCCO1,P-1,False,295.0,highT,NC(=C1c2c(F)c(F)c(F)c(F)c2C(F)(F)C1=O)C(F)(F)F,C1COCCO1
YIPQIA,YIPQIA,296 K,N#Cc1ccncc1.OC(=O)c1ccccc1F,P21/n,False,296.0,highT,N#Cc1ccncc1,OC(=O)c1ccccc1F
PUTMUO,PUTMUO,295 K,OC(=O)c1cccc(Cl)c1.c1ccc2nc3ccccc3cc2c1,P-1,False,295.0,highT,OC(=O)c1cccc(Cl)c1,c1ccc2nc3ccccc3cc2c1
KAPKEU,KAPKEU,293 K,Cc1ccc(cc1)S(O)(=O)=O.NC1=NN=C(S1)S(N)(=O)=O,P-1,False,293.0,highT,Cc1ccc(cc1)S(O)(=O)=O,NC1=NN=C(S1)S(N)(=O)=O
UKESEI,UKESEI,at 301 K,OC(=O)c1cccc(n1)C(=O)[O-].CC[N+](CC)(CC)CCl,P212121,False,301.0,highT,OC(=O)c1cccc(n1)C(=O)[O-],CC[N+](CC)(CC)CCl
NOZLEW,NOZLEW,293 K,Clc1ccc(cc1)c1ccccc1NC(=O)c1cccnc1Cl.C1COCCO1,P21/c,False,293.0,highT,Clc1ccc(cc1)c1ccccc1NC(=O)c1cccnc1Cl,C1COCCO1
UTOMUM,UTOMUM,at 301 K,CC1(C)COP(=O)([O-])OC1c1ccccc1Cl.CC(O)(C1CC[NH2+]CC1)c1ccc(F)cc1,P21,False,301.0,highT,CC1(C)COP(=O)([O-])OC1c1ccccc1Cl,CC(O)(C1CC[NH2+]CC1)c1ccc(F)cc1
OXUGIZ,OXUGIZ,295 K,CN(CC(O)=O)C(N)=[NH2+].Cc1ccc(cc1)S(=O)(=O)[O-],Pbca,False,295.0,highT,CN(CC(O)=O)C(N)=[NH2+],Cc1ccc(cc1)S(=O)(=O)[O-]
UKUTOK,UKUTOK,at 295 K,FC(F)(F)S(=O)(=O)[O-].CN1CC(c2ccc(O)c(C)c2O)[N+](C)(C)C1=O,Fdd2,False,295.0,highT,FC(F)(F)S(=O)(=O)[O-],CN1CC(c2ccc(O)c(C)c2O)[N+](C)(C)C1=O
XAPYUL,XAPYUL,293 K,Oc1cccc(O)c1.Nc1ccc(N)cc1,Pca21,False,293.0,highT,Oc1cccc(O)c1,Nc1ccc(N)cc1
KAHRAO,KAHRAO,at 293 K,CN(C)C=O.CSC1=NN2C(=C(C=NC2=N1)C(O)=O)N,P21/c,False,293.0,highT,CN(C)C=O,CSC1=NN2C(=C(C=NC2=N1)C(O)=O)N
OKOVAM,OKOVAM,at 293 K,O=N(=O)C1(C[NH2+]C1)N(=O)=O.O=N(=O)c1cc(c([O-])c(c1)N(=O)=O)N(=O)=O,P212121,False,293.0,highT,O=N(=O)C1(C[NH2+]C1)N(=O)=O,O=N(=O)c1cc(c([O-])c(c1)N(=O)=O)N(=O)=O
KIHZEH,KIHZEH,at 298 K,Oc1cc(O)cc(O)c1.N#Cc1ccncc1,P-1,False,298.0,highT,Oc1cc(O)cc(O)c1,N#Cc1ccncc1
IHIMEU,IHIMEU,293 K,Nc1ccc(cc1)C(=O)[O-].COc1ccc(cc1)N1CC[NH2+]CC1,P-1,False,293.0,highT,Nc1ccc(cc1)C(=O)[O-],COc1ccc(cc1)N1CC[NH2+]CC1
TOJMIR,TOJMIR,295 K,[NH3+]C(C(N)=O)c1ccccc1.CC(CC(=O)[O-])C(O)=O,P212121,False,295.0,highT,[NH3+]C(C(N)=O)c1ccccc1,CC(CC(=O)[O-])C(O)=O
VUXXET,VUXXET,290 K,CCCOc1ccc(cc1)C(O)=O.C(Cc1ccncc1)c1ccncc1,P-1,False,290.0,highT,CCCOc1ccc(cc1)C(O)=O,C(Cc1ccncc1)c1ccncc1
RUXQEG,RUXQEG,at 293 K,c1ccc2nccnc2c1.OC(=O)C=CC(O)=O,P-1,False,293.0,highT,c1ccc2nccnc2c1,OC(=O)C=CC(O)=O
YEYDEP,YEYDEP,293 K,OC(=O)c1cccc(NC=O)c1.c1cc(ccn1)c1ccncc1,P21/n,False,293.0,highT,OC(=O)c1cccc(NC=O)c1,c1cc(ccn1)c1ccncc1
BEBCET,BEBCET,296 K,OC(=O)c1nccnc1C(=O)[O-].[NH3+]C(CC1=CNc2ccccc12)C(O)=O,P21,False,296.0,highT,OC(=O)c1nccnc1C(=O)[O-],[NH3+]C(CC1=CNc2ccccc12)C(O)=O
LOMREM,LOMREM,at 296 K,CCC(=O)Nc1cc(ccc1C(O)=O)C(O)=O.CN(C)C=O,P-1,False,296.0,highT,CCC(=O)Nc1cc(ccc1C(O)=O)C(O)=O,CN(C)C=O
RONBAA,RONBAA,296 K,Oc1ccc(cc1)N=Nc1ccc(cc1)C(O)=O.Cc1cc(C)nc(NS(=O)(=O)c2ccc(N)cc2)n1,P21/c,False,296.0,highT,Oc1ccc(cc1)N=Nc1ccc(cc1)C(O)=O,Cc1cc(C)nc(NS(=O)(=O)c2ccc(N)cc2)n1
OBARUG,OBARUG,at 298 K,FC(F)(F)S(=O)(=O)[O-].Oc1cccc2ccc[nH+]c12,P21/c,False,298.0,highT,FC(F)(F)S(=O)(=O)[O-],Oc1cccc2ccc[nH+]c12
FICVES,FICVES,at -150 deg.C,OC(C(=O)[O-])c1ccccc1.CCOP(=O)(OCC)C(C)(C)[NH2+]C(C)C,P-1,False,423.0,highT,OC(C(=O)[O-])c1ccccc1,CCOP(=O)(OCC)C(C)(C)[NH2+]C(C)C
ELUWIU,ELUWIU,294 K,OC(=O)CCCC#C.C(Cc1ccncc1)c1ccncc1,P21/n,False,294.0,highT,OC(=O)CCCC#C,C(Cc1ccncc1)c1ccncc1
XEDWAI,XEDWAI,298.1 K,c1ccc(nc1)c1ccccn1.Oc1ccccc1O,P-1,False,298.0,highT,c1ccc(nc1)c1ccccn1,Oc1ccccc1O
WOMGIO,WOMGIO,at -174 deg.C,NC(N)=O.ClCCCCCCCl,P21/n,False,447.0,highT,NC(N)=O,ClCCCCCCCl
PARTAH,PARTAH,296 K,FC(F)(F)C(=O)[O-].NC1=NC(=[NH2+])N(O)C(=O)N1O,P-1,False,296.0,highT,FC(F)(F)C(=O)[O-],NC1=NC(=[NH2+])N(O)C(=O)N1O
MADGIK,MADGIK,298 K,CC(=O)NC1=NN=C(S1)S(N)(=O)=O.O=C1CCCCN1,P21/c,False,298.0,highT,CC(=O)NC1=NN=C(S1)S(N)(=O)=O,O=C1CCCCN1
IDUBUF,IDUBUF,at 292 K,OC(=O)c1ccc(O)cc1O.c1cc(ccn1)c1ccncc1,P21/c,False,292.0,highT,OC(=O)c1ccc(O)cc1O,c1cc(ccn1)c1ccncc1
SECZOS,SECZOS,295 K,Cc1ccncc1.O=C1CCC(=O)N1,P21,False,295.0,highT,Cc1ccncc1,O=C1CCC(=O)N1
XAZRAU,XAZRAU,298 K,[NH3+]c1ccc(O)c(c1)C(O)=O.CS(=O)(=O)[O-],P21/c,False,298.0,highT,[NH3+]c1ccc(O)c(c1)C(O)=O,CS(=O)(=O)[O-]
FIWYIW,FIWYIW,295.1 K,OC(=O)c1ccc(F)cc1F.N#Cc1ccncc1,C2/c,False,295.0,highT,OC(=O)c1ccc(F)cc1F,N#Cc1ccncc1
REXNEP,REXNEP,at 296 K,c1cc(ccn1)c1ccncc1.OC(=O)c1c(F)c(F)c(C(O)=O)c(F)c1F,P-1,False,296.0,highT,c1cc(ccn1)c1ccncc1,OC(=O)c1c(F)c(F)c(C(O)=O)c(F)c1F
KAYFUN,KAYFUN,at 296 K,O=C(Nc1ccccn1)c1ccncc1.OC(=O)CCCCCC(O)=O,P21/n,False,296.0,highT,O=C(Nc1ccccn1)c1ccncc1,OC(=O)CCCCCC(O)=O
ANAWOE,ANAWOE,294 K,CC#CC(O)=O.C(Cc1ccncc1)c1ccncc1,P21/n,False,294.0,highT,CC#CC(O)=O,C(Cc1ccncc1)c1ccncc1
FEVKOJ,FEVKOJ,293 K,ClC1=CC(=C(Cl)S1)C(=O)[O-].CCc1[nH+]c(N)nc(N)c1c1ccc(Cl)cc1,P-1,False,293.0,highT,ClC1=CC(=C(Cl)S1)C(=O)[O-],CCc1[nH+]c(N)nc(N)c1c1ccc(Cl)cc1
UXAWAU,UXAWAU,293 K,NS(=O)(=O)c1cc(C(O)=O)c(O)cc1Cl.OC(=O)c1ccccc1,P21/n,False,293.0,highT,NS(=O)(=O)c1cc(C(O)=O)c(O)cc1Cl,OC(=O)c1ccccc1
GEFFEG,GEFFEG,298 K,CC1=CN=C(N)S1.OC(=O)CCCCC(O)=O,P-1,False,298.0,highT,CC1=CN=C(N)S1,OC(=O)CCCCC(O)=O
CIKQIY,CIKQIY,at 293 K,[NH3+]C(CO)(CO)CO.Oc1ccc(cc1)C(=O)[O-],Pbca,False,293.0,highT,[NH3+]C(CO)(CO)CO,Oc1ccc(cc1)C(=O)[O-]
AFUJES,AFUJES,at 298 K,Oc1ccc(cc1C(=O)[O-])N(=O)=O.NC1=[NH+]C(=CS1)c1ccccc1,Pna21,False,298.0,highT,Oc1ccc(cc1C(=O)[O-])N(=O)=O,NC1=[NH+]C(=CS1)c1ccccc1
ISERUW,ISERUW,293 K,COc1c(Cl)ccc(Cl)c1C(=O)[O-].C[N+](C)(C)CC(O)CC(O)=O,P212121,False,293.0,highT,COc1c(Cl)ccc(Cl)c1C(=O)[O-],C[N+](C)(C)CC(O)CC(O)=O
EVORAJ,EVORAJ,at 290 K,[NH2+]1CCOCC1.S=C([S-])N1CCOCC1,P21/c,False,290.0,highT,[NH2+]1CCOCC1,S=C([S-])N1CCOCC1
AXUVAR,AXUVAR,at 295 K,CN1C(=O)N(C)C(=O)C(O)(C1=O)C1(O)C(=O)N(C)C(=O)N(C)C1=O.CS(C)=O,P212121,False,295.0,highT,CN1C(=O)N(C)C(=O)C(O)(C1=O)C1(O)C(=O)N(C)C(=O)N(C)C1=O,CS(C)=O
WOKXOL,WOKXOL,at 294 K,Cc1ccc(cc1)S(=O)(=O)[O-].Nc1[nH+]nc(c(N)n1)c1cccc(Cl)c1Cl,Pbca,False,294.0,highT,Cc1ccc(cc1)S(=O)(=O)[O-],Nc1[nH+]nc(c(N)n1)c1cccc(Cl)c1Cl
OFIWUW,OFIWUW,at 293 K,O=N(=O)c1ccc([O-])cc1.[NH3+]C(CCCNC(N)=[NH2+])C(=O)[O-],P212121,False,293.0,highT,O=N(=O)c1ccc([O-])cc1,[NH3+]C(CCCNC(N)=[NH2+])C(=O)[O-]
SOHMUZ03,SOHMUZ03,298 K,OC(=O)c1cc(ccc1O)S(=O)(=O)[O-].NC(=O)c1cc[nH+]cc1,P21,False,298.0,highT,OC(=O)c1cc(ccc1O)S(=O)(=O)[O-],NC(=O)c1cc[nH+]cc1
WICYEQ,WICYEQ,294 K,CN(C)C(=O)c1ccc(cc1)C(=O)N(C)C.Oc1cc(O)cc(O)c1,P1,False,294.0,highT,CN(C)C(=O)c1ccc(cc1)C(=O)N(C)C,Oc1cc(O)cc(O)c1
TUQBIR,TUQBIR,at 296 K,c1cc(ccn1)c1ccncc1.OC(=O)Cc1ccc(O)cc1,C2/c,False,296.0,highT,c1cc(ccn1)c1ccncc1,OC(=O)Cc1ccc(O)cc1
DAYWAC,DAYWAC,at 293 K,OC(=O)C=Cc1ccccc1.Cc1cc(C)nc(N)n1,Pbcn,False,293.0,highT,OC(=O)C=Cc1ccccc1,Cc1cc(C)nc(N)n1
EPAMAK,EPAMAK,at 295 K,Oc1ccc(cc1)C(=O)[O-].NC1=CC=[NH+]C(=O)N1,P-1,False,295.0,highT,Oc1ccc(cc1)C(=O)[O-],NC1=CC=[NH+]C(=O)N1
REWLAJ,REWLAJ,296 K,C[NH+](C)c1ccc(cc1)C=NO.O=N(=O)c1cc(c([O-])c(c1)N(=O)=O)N(=O)=O,P-1,False,296.0,highT,C[NH+](C)c1ccc(cc1)C=NO,O=N(=O)c1cc(c([O-])c(c1)N(=O)=O)N(=O)=O
SAHHEQ,SAHHEQ,at 298 K,c1cc(ccn1)c1ccncc1.CC(=NO)C(C)=NO,P21/c,False,298.0,highT,c1cc(ccn1)c1ccncc1,CC(=NO)C(C)=NO
HURNEN,HURNEN,at 293 K,Oc1ccccc1C(=O)[O-].Oc1cccc2ccc[nH+]c12,P21,False,293.0,highT,Oc1ccccc1C(=O)[O-],Oc1cccc2ccc[nH+]c12
VABHAI,VABHAI,at 293 K,FC(F)(F)S(=O)(=O)[O-].Cc1cc(C)[n+](F)c(C)c1,Pnma,False,293.0,highT,FC(F)(F)S(=O)(=O)[O-],Cc1cc(C)[n+](F)c(C)c1
KAHFAE,KAHFAE,293 K,O=C([O-])c1ccc(cc1)N(=O)=O.OCC[NH+](CCO)CCO,P-1,False,293.0,highT,O=C([O-])c1ccc(cc1)N(=O)=O,OCC[NH+](CCO)CCO
HEMFAJ,HEMFAJ,293 K,NC(N)=S.CC(=O)N1C=C(C)N(C=C1C)C(C)=O,P212121,False,293.0,highT,NC(N)=S,CC(=O)N1C=C(C)N(C=C1C)C(C)=O
UNISOA,UNISOA,at 296 K,CN1C=NC2=C1C(=O)N(C)C(=O)N2C.OC(=O)c1cccc(n1)C(O)=O,P-1,False,296.0,highT,CN1C=NC2=C1C(=O)N(C)C(=O)N2C,OC(=O)c1cccc(n1)C(O)=O
AFOQIX,AFOQIX,at 293 K,O=C1N[N-]C(=N1)N(=O)=O.NC(=[NH2+])NC(N)=O,P21/n,False,293.0,highT,O=C1N[N-]C(=N1)N(=O)=O,NC(=[NH2+])NC(N)=O
RIBFOZ,RIBFOZ,at 298 K,NC1=[NH+]C(=O)N(C=C1)C1CSC(CO)O1.OC(=O)c1cc(Cl)c(Cl)cc1C(=O)[O-],P1,False,298.0,highT,NC1=[NH+]C(=O)N(C=C1)C1CSC(CO)O1,OC(=O)c1cc(Cl)c(Cl)cc1C(=O)[O-]
ZEYLAS,ZEYLAS,at 298 K,[NH2+]=C1NC(=O)NC=C1.OC(=O)CC(=O)[O-],P-1,False,298.0,highT,[NH2+]=C1NC(=O)NC=C1,OC(=O)CC(=O)[O-]
OYUXOY,OYUXOY,297 K,Cc1cccc(C)c1NC(=O)CN1CCCC1=O.OC(=O)c1ccccc1C(=O)c1ccccc1,Pca21,False,297.0,highT,Cc1cccc(C)c1NC(=O)CN1CCCC1=O,OC(=O)c1ccccc1C(=O)c1ccccc1
RIMWOC,RIMWOC,293 K,Cc1nc(C)c(C)nc1C.OC(=O)c1cc(Cl)cc(Cl)c1O,P-1,False,293.0,highT,Cc1nc(C)c(C)nc1C,OC(=O)c1cc(Cl)cc(Cl)c1O
GATCAG,GATCAG,at 293 K,Oc1c(c(O)c(c([O-])c1N(=O)=O)N(=O)=O)N(=O)=O.[NH3+]NC(N)=O,P-1,False,293.0,highT,Oc1c(c(O)c(c([O-])c1N(=O)=O)N(=O)=O)N(=O)=O,[NH3+]NC(N)=O
MIYLUB,MIYLUB,at 250.0 K,[NH3+]CCc1ccc(OC)c(OC)c1.O=C([O-])c1cc(cc(c1)N(=O)=O)N(=O)=O,P-1,False,250.0,highT,[NH3+]CCc1ccc(OC)c(OC)c1,O=C([O-])c1cc(cc(c1)N(=O)=O)N(=O)=O
LACTAN,LACTAN,298 K,c1cncnc1.Nc1ccc(C(O)=O)c(O)c1,Cc,False,298.0,highT,c1cncnc1,Nc1ccc(C(O)=O)c(O)c1
DARGAH01,DARGAH01,293 K,Cc1cc(C)nc(NS(=O)(=O)c2ccc(N)cc2)n1.C1CNCCN1,P21/c,False,293.0,highT,Cc1cc(C)nc(NS(=O)(=O)c2ccc(N)cc2)n1,C1CNCCN1
OLUTOH,OLUTOH,298 K,[NH2+]=C1NC(=O)N(C=C1F)C1CSC(CO)O1.O=C1[N-]S(=O)(=O)c2ccccc12,P21,False,298.0,highT,[NH2+]=C1NC(=O)N(C=C1F)C1CSC(CO)O1,O=C1[N-]S(=O)(=O)c2ccccc12
WAGFIX,WAGFIX,301 K,OC(C(=O)[O-])c1ccccc1.CCc1[nH+]c(N)nc(N)c1c1ccc(Cl)cc1,P21/c,False,301.0,highT,OC(C(=O)[O-])c1ccccc1,CCc1[nH+]c(N)nc(N)c1c1ccc(Cl)cc1
DOWNEL,DOWNEL,298 K,Clc1cc(Cl)c([O-])c(Cl)c1.NC1=[NH+]C=CS1,P21/n,False,298.0,highT,Clc1cc(Cl)c([O-])c(Cl)c1,NC1=[NH+]C=CS1
YUKFUG,YUKFUG,at 294 K,[NH3+]C(CC(C)C)C(N)=O.OC1=C([O-])C(=O)C1=O,P212121,False,294.0,highT,[NH3+]C(CC(C)C)C(N)=O,OC1=C([O-])C(=O)C1=O
NEBXID,NEBXID,at 293 K,COc1ccc(cc1)C(O)=O.COc1cc(OC)nc(N)n1,P21/c,False,293.0,highT,COc1ccc(cc1)C(O)=O,COc1cc(OC)nc(N)n1
EWIJUR,EWIJUR,293.1 K,c1cc(ccn1)c1ccncc1.CC(C)c1cccc(C(C)C)c1O,P21/c,False,293.0,highT,c1cc(ccn1)c1ccncc1,CC(C)c1cccc(C(C)C)c1O
GEHXEA,GEHXEA,298 K,Cc1ccc(cn1)C(N)=O.OC(=O)CCCCCCCC(O)=O,P-1,False,298.0,highT,Cc1ccc(cn1)C(N)=O,OC(=O)CCCCCCCC(O)=O
NAXZUL,NAXZUL,250 K,O=N(=O)N=C1NN=C2NC(=NN12)[N-]N(=O)=O.[NH3+]NC(N)=O,P-1,False,250.0,highT,O=N(=O)N=C1NN=C2NC(=NN12)[N-]N(=O)=O,[NH3+]NC(N)=O
FIFWOJ,FIFWOJ,296.1 K,Cc1ccc(cc1)S(=O)(=O)[O-].[NH3+]c1ccc(cc1)S(=O)(=O)N=C1NC=CS1,P-1,False,296.0,highT,Cc1ccc(cc1)S(=O)(=O)[O-],[NH3+]c1ccc(cc1)S(=O)(=O)N=C1NC=CS1
QEKMAX,QEKMAX,296 K,ON=C(CCN1C=CN=C1)c1ccc2OCOc2c1.CC(C)O,P21,False,296.0,highT,ON=C(CCN1C=CN=C1)c1ccc2OCOc2c1,CC(C)O
FOVBUO,FOVBUO,at 295 K,Nc1[nH+]cc(Cl)cc1.ClC(Cl)(Cl)C(=O)[O-],Cc,False,295.0,highT,Nc1[nH+]cc(Cl)cc1,ClC(Cl)(Cl)C(=O)[O-]
CEXKAV,CEXKAV,293 K,Oc1ccc2ccc(O)cc2c1.C(Cc1ccncc1)c1ccncc1,P-1,False,293.0,highT,Oc1ccc2ccc(O)cc2c1,C(Cc1ccncc1)c1ccncc1
HABFOG,HABFOG,at 293 K,Nc1nc(N)nc(N)n1.OB(O)O,P21/c,False,293.0,highT,Nc1nc(N)nc(N)n1,OB(O)O
EZAQUU,EZAQUU,293 K,COc1[nH+]c(N)nc(OC)c1.O=C([O-])c1cc(cc(c1)N(=O)=O)N(=O)=O,C2/c,False,293.0,highT,COc1[nH+]c(N)nc(OC)c1,O=C([O-])c1cc(cc(c1)N(=O)=O)N(=O)=O
KIHZAD,KIHZAD,at 298 K,Oc1cccc(O)c1.N#Cc1ccncc1,P-1,False,298.0,highT,Oc1cccc(O)c1,N#Cc1ccncc1
YALWEO,YALWEO,at 298 K,[NH3+]C1C(O)Cc2cc3ccccc3cc12.COc1ccc2cc(ccc2c1)C(C)C(=O)[O-],P212121,False,298.0,highT,[NH3+]C1C(O)Cc2cc3ccccc3cc12,COc1ccc2cc(ccc2c1)C(C)C(=O)[O-]
ULOXIC,ULOXIC,at 296.2 K,CC1=C(C)C(=O)C(=C(Br)C1=O)Br.S=C(SSC(=S)N1CCCC1)N1CCCC1,P-1,False,296.0,highT,CC1=C(C)C(=O)C(=C(Br)C1=O)Br,S=C(SSC(=S)N1CCCC1)N1CCCC1
QUCRUC,QUCRUC,at 293 K,[NH3+]CCc1ccc(OC)cc1.OC(=O)C1=NNC(=C1)C(=O)[O-],P21/n,False,293.0,highT,[NH3+]CCc1ccc(OC)cc1,OC(=O)C1=NNC(=C1)C(=O)[O-]
YANBIB,YANBIB,293 K,c1cc(ccn1)c1ccncc1.CNC(=S)NN=C(C)c1ccc(O)cc1O,P-1,False,293.0,highT,c1cc(ccn1)c1ccncc1,CNC(=S)NN=C(C)c1ccc(O)cc1O
BALJEE,BALJEE,at 293 K,C[N+]1(CCOCC1)CC(O)=O.O=N(=O)c1cc(c([O-])c(c1)N(=O)=O)N(=O)=O,Pbca,False,293.0,highT,C[N+]1(CCOCC1)CC(O)=O,O=N(=O)c1cc(c([O-])c(c1)N(=O)=O)N(=O)=O
IXAVEI,IXAVEI,at 295 K,OC(C(O)C(=O)[O-])C(O)=O.[NH3+]C(CC1=C[NH+]=CN1)C(=O)[O-],P21/c,False,295.0,highT,OC(C(O)C(=O)[O-])C(O)=O,[NH3+]C(CC1=C[NH+]=CN1)C(=O)[O-]
HAGHIJ,HAGHIJ,296 K,c1cc(ccn1)C=Cc1ccncc1.NC(N)=O,P21/c,False,296.0,highT,c1cc(ccn1)C=Cc1ccncc1,NC(N)=O
WOPCOV,WOPCOV,at 293 K,Nc1ccccn1.Nc1ccc(cc1)C(O)=O,Pca21,False,293.0,highT,Nc1ccccn1,Nc1ccc(cc1)C(O)=O
ITAQOM,ITAQOM,298 K,OC(=O)Cc1ccccc1.Cc1cccc2SC(=Nc12)N,C2/c,False,298.0,highT,OC(=O)Cc1ccccc1,Cc1cccc2SC(=Nc12)N
WUTDOH,WUTDOH,296 K,COc1cc(CC=C)ccc1O.c1ccc2nc3ccccc3nc2c1,P21/c,False,296.0,highT,COc1cc(CC=C)ccc1O,c1ccc2nc3ccccc3nc2c1
YOCRIS,YOCRIS,at 298 K,OC(=O)c1cc(ccc1O)S(=O)(=O)[O-].OC(=O)c1cc[nH+]cc1,P212121,False,298.0,highT,OC(=O)c1cc(ccc1O)S(=O)(=O)[O-],OC(=O)c1cc[nH+]cc1
XAGYEN,XAGYEN,296 K,Nc1ccc(cc1)C(=O)[O-].COc1ccccc1N1CC[NH2+]CC1,P21/c,False,296.0,highT,Nc1ccc(cc1)C(=O)[O-],COc1ccccc1N1CC[NH2+]CC1
DOWPEN,DOWPEN,298 K,NC1=[NH+]C=CS1.O=C([O-])c1ccc2OCOc2c1,P-1,False,298.0,highT,NC1=[NH+]C=CS1,O=C([O-])c1ccc2OCOc2c1
CATKEP,CATKEP,at 298 K,Oc1ccc2ccccc2c1c1c(O)ccc2ccccc12.C(CN1C=Nc2ccccc12)CN1C=Nc2ccccc12,P21/c,False,298.0,highT,Oc1ccc2ccccc2c1c1c(O)ccc2ccccc12,C(CN1C=Nc2ccccc12)CN1C=Nc2ccccc12
LUMRUG,LUMRUG,at 296.1 K,OC(C(=O)[O-])c1ccc2ccccc2c1.[NH3+]C(C)c1ccc(Br)cc1,P212121,False,296.0,highT,OC(C(=O)[O-])c1ccc2ccccc2c1,[NH3+]C(C)c1ccc(Br)cc1
MAJPOF,MAJPOF,293 K,FC(F)(F)C(=O)[O-].C[NH2+]CC(O)=O,P21/n,False,293.0,highT,FC(F)(F)C(=O)[O-],C[NH2+]CC(O)=O
IDAFEB,IDAFEB,296.1 K,CC(=O)[O-].CC(=NO)C(C)=NNC1=[NH+]c2ccccc2N1,P21/n,False,296.0,highT,CC(=O)[O-],CC(=NO)C(C)=NNC1=[NH+]c2ccccc2N1
QUZZOC,QUZZOC,296 K,[NH3+]c1ccc(cc1)S(=O)(=O)c1ccc(N)cc1.CS(=O)(=O)[O-],P21/n,False,296.0,highT,[NH3+]c1ccc(cc1)S(=O)(=O)c1ccc(N)cc1,CS(=O)(=O)[O-]
LIGPEZ,LIGPEZ,293 K,NC1=[NH+]c2ccccc2S1.OC(=O)CC(=O)[O-],P-1,False,293.0,highT,NC1=[NH+]c2ccccc2S1,OC(=O)CC(=O)[O-]
IHILUJ,IHILUJ,293 K,COc1ccc(cc1)N1CC[NH2+]CC1.O=C([O-])c1cc(cc(c1)N(=O)=O)N(=O)=O,P-1,False,293.0,highT,COc1ccc(cc1)N1CC[NH2+]CC1,O=C([O-])c1cc(cc(c1)N(=O)=O)N(=O)=O
TIWPIB,TIWPIB,293 K,OC(=O)CCCC(O)=O.CCOc1ccccc1C(N)=O,P21/c,False,293.0,highT,OC(=O)CCCC(O)=O,CCOc1ccccc1C(N)=O
MISDIC,MISDIC,at 293 K,CN1C(=O)N(C)C2=C(N(CC3OCCO3)C=N2)C1=O.OC(=O)C(Cl)(Cl)Cl,P-1,False,293.0,highT,CN1C(=O)N(C)C2=C(N(CC3OCCO3)C=N2)C1=O,OC(=O)C(Cl)(Cl)Cl
BIXBOC,BIXBOC,295 K,Nc1nc(N)nc(n1)c1ccccc1.NC(=O)N1c2ccccc2C=Cc2ccccc12,P-1,False,295.0,highT,Nc1nc(N)nc(n1)c1ccccc1,NC(=O)N1c2ccccc2C=Cc2ccccc12
JEJHAL,JEJHAL,286 K,OC(=O)c1ccc(O)cc1O.CC1=C(C=C(C#N)C(=O)N1)c1ccncc1,P21/c,False,286.0,highT,OC(=O)c1ccc(O)cc1O,CC1=C(C=C(C#N)C(=O)N1)c1ccncc1
HAYLAY,HAYLAY,293 K,Oc1ccc(C=O)c(O)c1.c1cc(ccn1)c1ccncc1,C2/c,False,293.0,highT,Oc1ccc(C=O)c(O)c1,c1cc(ccn1)c1ccncc1
RORPOF,RORPOF,at 301 K,c1ccc2nc3ccccc3cc2c1.OB(O)c1ccc(Cl)cc1,P21/n,False,301.0,highT,c1ccc2nc3ccccc3cc2c1,OB(O)c1ccc(Cl)cc1
JOMHIF,JOMHIF,298.1 K,c1cncc(c1)C=Cc1cccnc1.OCC#CCO,P21/n,False,298.0,highT,c1cncc(c1)C=Cc1cccnc1,OCC#CCO
VAKKAW,VAKKAW,298 K,[NH3+]C(Cc1ccccc1)C(=O)Nc1cccnc1.O=C([O-])c1ccc(cc1)N(=O)=O,P212121,False,298.0,highT,[NH3+]C(Cc1ccccc1)C(=O)Nc1cccnc1,O=C([O-])c1ccc(cc1)N(=O)=O
ULAYAH,ULAYAH,at 293 K,OC(=O)CCC(=O)[O-].CCc1[nH+]c(N)nc(N)c1c1ccc(Cl)cc1,P21/c,False,293.0,highT,OC(=O)CCC(=O)[O-],CCc1[nH+]c(N)nc(N)c1c1ccc(Cl)cc1
JIQGIC,JIQGIC,296 K,OC(C(O)C(=O)[O-])C(O)=O.[NH3+]CC1CCC(CC1)C(O)=O,P21,False,296.0,highT,OC(C(O)C(=O)[O-])C(O)=O,[NH3+]CC1CCC(CC1)C(O)=O
ADAVOQ,ADAVOQ,at 293 K,[NH3+]C(Cc1[nH+]c[nH]c1)C(=O)[O-].OC(=O)CCCC(=O)[O-],P212121,False,293.0,highT,[NH3+]C(Cc1[nH+]c[nH]c1)C(=O)[O-],OC(=O)CCCC(=O)[O-]
KIJTAA,KIJTAA,at 298 K,NC(=O)c1ccncc1.CN1N=NC2=C(N=CN2C1=O)C(N)=O,P-1,False,298.0,highT,NC(=O)c1ccncc1,CN1N=NC2=C(N=CN2C1=O)C(N)=O
DOKRUR,DOKRUR,at 293 K,Cc1ccc(cc1)S(=O)(=O)[O-].CCOc1cc(ccc1O)C=Cc1cc[n+](C)cc1,P21/n,False,293.0,highT,Cc1ccc(cc1)S(=O)(=O)[O-],CCOc1cc(ccc1O)C=Cc1cc[n+](C)cc1
GABYUE,GABYUE,at 296 K,OC(=O)c1cccc(c1)C(O)=O.N(c1cccc(Nc2ccccn2)c1)c1ccccn1,Pbcm,False,296.0,highT,OC(=O)c1cccc(c1)C(O)=O,N(c1cccc(Nc2ccccn2)c1)c1ccccn1
NEFSUP,NEFSUP,296 K,Oc1ccccc1C(=O)[O-].COc1cc(C)[nH+]c(N)n1,P21/c,False,296.0,highT,Oc1ccccc1C(=O)[O-],COc1cc(C)[nH+]c(N)n1
SAZKEK,SAZKEK,at 298 K,O1C(=NN=C1c1ccncc1)c1ccncc1.Oc1ccc(O)cc1,Pbca,False,298.0,highT,O1C(=NN=C1c1ccncc1)c1ccncc1,Oc1ccc(O)cc1
XEMMEK,XEMMEK,293 K,Clc1cc(ccc1C(=O)[O-])N(=O)=O.[NH3+]c1ccc(cc1)C(O)=O,Pbca,False,293.0,highT,Clc1cc(ccc1C(=O)[O-])N(=O)=O,[NH3+]c1ccc(cc1)C(O)=O
IXUCIQ,IXUCIQ,273 K,O=C([O-])CCCCC1CCSS1.Clc1cccc(Cl)c1NC1=[NH+]CCN1,P21,False,273.0,highT,O=C([O-])CCCCC1CCSS1,Clc1cccc(Cl)c1NC1=[NH+]CCN1
RECQOG,RECQOG,at 299.2 K,NC(N)=O.COc1ccccc1C(N)=O,Pbca,False,299.0,highT,NC(N)=O,COc1ccccc1C(N)=O
ZIJZOL,ZIJZOL,288 K,OC1CC(=CC(O)C1O)C(=O)[O-].Nc1[nH+]nc(c(N)n1)c1cccc(Cl)c1Cl,P21,False,288.0,highT,OC1CC(=CC(O)C1O)C(=O)[O-],Nc1[nH+]nc(c(N)n1)c1cccc(Cl)c1Cl
MIFRAU04,MIFRAU04,285 K,[NH3+]CCC(O)=O.OC(=O)C(=O)[O-],I2/a,False,285.0,highT,[NH3+]CCC(O)=O,OC(=O)C(=O)[O-]
VAGSEE,VAGSEE,298 K,Cc1ccc(cn1)c1ncc(Cl)cc1c1ccc(cc1)S(C)(=O)=O.OC(=O)CCCCC(O)=O,P21/n,False,298.0,highT,Cc1ccc(cn1)c1ncc(Cl)cc1c1ccc(cc1)S(C)(=O)=O,OC(=O)CCCCC(O)=O
SIZKUJ,SIZKUJ,at 296 K,C[N+](C)(C)CC(O)=O.OC1=C([O-])C(=O)C1=O,Pca21,False,296.0,highT,C[N+](C)(C)CC(O)=O,OC1=C([O-])C(=O)C1=O
OWIXUO,OWIXUO,at 295 K,Cc1cc[nH+]c(O)c1.O=N(=O)c1cc(c([O-])c(c1)N(=O)=O)N(=O)=O,P-1,False,295.0,highT,Cc1cc[nH+]c(O)c1,O=N(=O)c1cc(c([O-])c(c1)N(=O)=O)N(=O)=O
YEJYIV,YEJYIV,at 293 K,[NH3+]C(C)C(O)=O.OC(=O)C(=O)[O-],P212121,False,293.0,highT,[NH3+]C(C)C(O)=O,OC(=O)C(=O)[O-]
YEHZES,YEHZES,at 298 K,[NH3+]c1ccc(cc1)C(O)=O.COC(=O)c1c(Br)c(Br)c(Br)c(Br)c1C(=O)[O-],P21/c,False,298.0,highT,[NH3+]c1ccc(cc1)C(O)=O,COC(=O)c1c(Br)c(Br)c(Br)c(Br)c1C(=O)[O-]
OJENIA,OJENIA,at 298 K,c1cc(ccn1)c1ccncc1.OC(=O)c1ccccc1c1ccccc1C(O)=O,P-1,False,298.0,highT,c1cc(ccn1)c1ccncc1,OC(=O)c1ccccc1c1ccccc1C(O)=O
KIJSIH,KIJSIH,at 298 K,NC(=O)c1ccc(O)cc1.CN1N=NC2=C(N=CN2C1=O)C(N)=O,P-1,False,298.0,highT,NC(=O)c1ccc(O)cc1,CN1N=NC2=C(N=CN2C1=O)C(N)=O
WAFFUG,WAFFUG,at 296 K,c1cc(ccn1)c1ccncc1.OC(=O)CSc1ncccc1C(O)=O,P21/c,False,296.0,highT,c1cc(ccn1)c1ccncc1,OC(=O)CSc1ncccc1C(O)=O
RISFEH,RISFEH,297 K,Cc1[nH+]c(C)c(c2ccccc2Cl)c(c1Br)c1ccccc1Cl.O=N(=O)c1cc(c([O-])c(c1)N(=O)=O)N(=O)=O,P212121,False,297.0,highT,Cc1[nH+]c(C)c(c2ccccc2Cl)c(c1Br)c1ccccc1Cl,O=N(=O)c1cc(c([O-])c(c1)N(=O)=O)N(=O)=O
JIGKES01,JIGKES01,296.1 K,CCCN(CCC)S(=O)(=O)c1ccc(cc1)C(O)=O.c1cc(ccn1)N=Nc1ccncc1,P21/c,False,296.0,highT,CCCN(CCC)S(=O)(=O)c1ccc(cc1)C(O)=O,c1cc(ccn1)N=Nc1ccncc1
NOWDOU,NOWDOU,at 296 K,c1cc(ccn1)C=Cc1ccncc1.OB(O)O,P21/c,False,296.0,highT,c1cc(ccn1)C=Cc1ccncc1,OB(O)O
KIJTEE,KIJTEE,at 298 K,CN1C=NC2=C1C(=O)N(C)C(=O)N2C.CN1N=NC2=C(N=CN2C1=O)C(N)=O,P-1,False,298.0,highT,CN1C=NC2=C1C(=O)N(C)C(=O)N2C,CN1N=NC2=C(N=CN2C1=O)C(N)=O
ZODJEK,ZODJEK,296 K,Cc1ccc(cc1)S(=O)(=O)[O-].COCCN1C=[NH+]c2ccccc12,P21/n,False,296.0,highT,Cc1ccc(cc1)S(=O)(=O)[O-],COCCN1C=[NH+]c2ccccc12
SEDBAH,SEDBAH,295 K,COc1cc[nH+]cc1.OC(=O)CCC(=O)[O-],P21/n,False,295.0,highT,COc1cc[nH+]cc1,OC(=O)CCC(=O)[O-]
PUNWOL,PUNWOL,at 296.1 K,[NH3+]C(C)c1ccc(Cl)cc1.CCOP([O-])(=S)c1ccc(Cl)cc1,C2,False,296.0,highT,[NH3+]C(C)c1ccc(Cl)cc1,CCOP([O-])(=S)c1ccc(Cl)cc1
ERIWUY,ERIWUY,at 293 K,NC(N)=O.OC(=O)CCCCC(O)=O,P-1,False,293.0,highT,NC(N)=O,OC(=O)CCCCC(O)=O
KEWZUI,KEWZUI,at 298 K,Oc1ccc(cc1)c1ccc(O)cc1.O=C1CCCCCN1,C2/c,False,298.0,highT,Oc1ccc(cc1)c1ccc(O)cc1,O=C1CCCCCN1
FONJAU,FONJAU,at 298 K,[NH3+]C(CCSC)C(O)=O.OC(C(=O)[O-])c1ccccc1,P212121,False,298.0,highT,[NH3+]C(CCSC)C(O)=O,OC(C(=O)[O-])c1ccccc1
RIJCIY,RIJCIY,at 295 K,FC(F)(F)S(=O)(=O)[O-].O=C(C[n+]1ccccc1)OC1CCCCC1,P-1,False,295.0,highT,FC(F)(F)S(=O)(=O)[O-],O=C(C[n+]1ccccc1)OC1CCCCC1
HISMAZ,HISMAZ,at 293 K,[NH3+]C(CO)(CO)CO.Oc1ccccc1C(=O)[O-],P21212,False,293.0,highT,[NH3+]C(CO)(CO)CO,Oc1ccccc1C(=O)[O-]
NUNHAG,NUNHAG,at 293 K,CCOC(=O)C1=N[N-]C(=C1)C(=O)OCC.[NH3+]CCc1ccc(OC)c(OC)c1,P21/n,False,293.0,highT,CCOC(=O)C1=N[N-]C(=C1)C(=O)OCC,[NH3+]CCc1ccc(OC)c(OC)c1
HOWRAN,HOWRAN,at 298 K,[NH3+]C(C)(C)CC(C)=O.O=C([O-])c1cc(cc(c1)N(=O)=O)N(=O)=O,P21/c,False,298.0,highT,[NH3+]C(C)(C)CC(C)=O,O=C([O-])c1cc(cc(c1)N(=O)=O)N(=O)=O
KAGPOB,KAGPOB,296.1 K,OC(=O)c1cc(ccc1O)S(=O)(=O)[O-].NC(=O)c1cc[nH+]cc1,P21/c,False,296.0,highT,OC(=O)c1cc(ccc1O)S(=O)(=O)[O-],NC(=O)c1cc[nH+]cc1
XAGWUB,XAGWUB,296 K,COc1ccccc1N1CC[NH2+]CC1.Brc1ccc(cc1)C(=O)[O-],P-1,False,296.0,highT,COc1ccccc1N1CC[NH2+]CC1,Brc1ccc(cc1)C(=O)[O-]
UNUNID,UNUNID,294 K,c1ccc2nc3ccccc3nc2c1.OC(=O)C#C,P21/c,False,294.0,highT,c1ccc2nc3ccccc3nc2c1,OC(=O)C#C
POXFIU,POXFIU,296 K,Oc1ccc(cc1)C(=O)[O-].CCc1[nH+]c(N)nc(N)c1c1ccc(Cl)cc1,P-1,False,296.0,highT,Oc1ccc(cc1)C(=O)[O-],CCc1[nH+]c(N)nc(N)c1c1ccc(Cl)cc1
DOWPAJ,DOWPAJ,298 K,NC1=[NH+]C=CS1.Clc1ccc(OCC(=O)[O-])cc1,Pca21,False,298.0,highT,NC1=[NH+]C=CS1,Clc1ccc(OCC(=O)[O-])cc1
QAXZEX,QAXZEX,293 K,c1cc(ccn1)c1ccncc1.NC(=S)NN=Cc1ccc(O)cc1O,P-1,False,293.0,highT,c1cc(ccn1)c1ccncc1,NC(=S)NN=Cc1ccc(O)cc1O
SEVJAH,SEVJAH,296 K,Cc1cc(C)nc(N)n1.OC(=O)CCCCCC(O)=O,P21/c,False,296.0,highT,Cc1cc(C)nc(N)n1,OC(=O)CCCCCC(O)=O
CUYXUQ,CUYXUQ,at 293 K,NC(=O)c1cccnc1.OC(=O)CC(O)(CC(O)=O)C(O)=O,P-1,False,293.0,highT,NC(=O)c1cccnc1,OC(=O)CC(O)(CC(O)=O)C(O)=O
NEBVOH,NEBVOH,at 293 K,OC(=O)c1ccccc1Cl.COc1cc(OC)nc(N)n1,P-1,False,293.0,highT,OC(=O)c1ccccc1Cl,COc1cc(OC)nc(N)n1
QIPMIO,QIPMIO,293 K,C[P+](C)(C)CC=C.O=N(=O)c1cc(c([O-])c(c1)N(=O)=O)N(=O)=O,Pcab,False,293.0,highT,C[P+](C)(C)CC=C,O=N(=O)c1cc(c([O-])c(c1)N(=O)=O)N(=O)=O
ESAWON,ESAWON,293 K,c1ccc2nccnc2c1.OC(=O)c1c(Br)c(Br)c(C(O)=O)c(Br)c1Br,Pnma,False,293.0,highT,c1ccc2nccnc2c1,OC(=O)c1c(Br)c(Br)c(C(O)=O)c(Br)c1Br
RIDKIA,RIDKIA,at 293 K,O=S(=O)([O-])c1cccc(c1)P(c1ccccc1)c1ccccc1.CCCC[N+]12CN3CN(CP(C3)C1)C2,P-1,False,293.0,highT,O=S(=O)([O-])c1cccc(c1)P(c1ccccc1)c1ccccc1,CCCC[N+]12CN3CN(CP(C3)C1)C2
ZIMHIO,ZIMHIO,at 298 K,CC(=O)NS(=O)(=O)c1ccc(N)cc1.CC(N)=O,P21/c,False,298.0,highT,CC(=O)NS(=O)(=O)c1ccc(N)cc1,CC(N)=O
EZEGUN,EZEGUN,296 K,CCc1[nH+]ccc(c1)C(N)=S.Oc1cccc(O)c1C(=O)[O-],P-1,False,296.0,highT,CCc1[nH+]ccc(c1)C(N)=S,Oc1cccc(O)c1C(=O)[O-]
NUMJUC,NUMJUC,298 K,Cc1ccc(cc1)S(N)(=O)=O.O=C1CCCCN1,P-1,False,298.0,highT,Cc1ccc(cc1)S(N)(=O)=O,O=C1CCCCN1
ROMZOL,ROMZOL,296 K,OC(=O)c1ccc(cc1)c1ccccc1.Cc1cc(C)nc(NS(=O)(=O)c2ccc(N)cc2)n1,P21/c,False,296.0,highT,OC(=O)c1ccc(cc1)c1ccccc1,Cc1cc(C)nc(NS(=O)(=O)c2ccc(N)cc2)n1
GAPNUI,GAPNUI,at 293 K,OC(C(O)C(=O)[O-])C(O)=O.[NH2+]1CCOCC1,P-1,False,293.0,highT,OC(C(O)C(=O)[O-])C(O)=O,[NH2+]1CCOCC1
QELDEU,QELDEU,298 K,c1cc(ccn1)C=Cc1ccncc1.OC(=O)c1cccnc1Nc1cccc(c1)C(F)(F)F,Cc,False,298.0,highT,c1cc(ccn1)C=Cc1ccncc1,OC(=O)c1cccnc1Nc1cccc(c1)C(F)(F)F
RASMOR,RASMOR,293 K,CC[NH+](CC)CCO.O=C([O-])c1ccc(cc1)N(=O)=O,P-1,False,293.0,highT,CC[NH+](CC)CCO,O=C([O-])c1ccc(cc1)N(=O)=O
EXICEU,EXICEU,at 293 K,OC(=O)c1ccc(Cl)cc1.Cc1cc(C)nc(N)n1,C2/c,False,293.0,highT,OC(=O)c1ccc(Cl)cc1,Cc1cc(C)nc(N)n1
SICQEC,SICQEC,at 296 K,[NH2+]1CCOCC1.Cc1ccc(cc1)C1=C(C#N)C(=O)NC(=C1C#N)[O-],P-1,False,296.0,highT,[NH2+]1CCOCC1,Cc1ccc(cc1)C1=C(C#N)C(=O)NC(=C1C#N)[O-]
QOLRIV,QOLRIV,298 K,CCN1C(=O)SC(C1=S)=C1SC(=O)N(CC)C1=S.c1cc2cccc3c4cccc5cccc(c(c1)c23)c45,P-1,False,298.0,highT,CCN1C(=O)SC(C1=S)=C1SC(=O)N(CC)C1=S,c1cc2cccc3c4cccc5cccc(c(c1)c23)c45
GIDGEJ,GIDGEJ,294 K,OC(C(=O)[O-])c1ccccc1.[NH3+]CC1CCC(CC1)C(O)=O,Pca21,False,294.0,highT,OC(C(=O)[O-])c1ccccc1,[NH3+]CC1CCC(CC1)C(O)=O
NELJEX,NELJEX,295 K,CCOc1ccc2[nH+]c3cc(N)ccc3c(N)c2c1.Clc1cccc(Cl)c1Nc1ccccc1CC(=O)[O-],P-1,False,295.0,highT,CCOc1ccc2[nH+]c3cc(N)ccc3c(N)c2c1,Clc1cccc(Cl)c1Nc1ccccc1CC(=O)[O-]
ZEQCEG,ZEQCEG,293 K,CN1C=NC2=C1C(=O)N(C)C(=O)N2C.Nc1ccc(C(O)=O)c(O)c1,P212121,False,293.0,highT,CN1C=NC2=C1C(=O)N(C)C(=O)N2C,Nc1ccc(C(O)=O)c(O)c1
ZEGFAU,ZEGFAU,at 294 K,Oc1ccc(CC(=O)[O-])cc1.NC1=[NH+]C(=O)NC=C1,Pbcn,False,294.0,highT,Oc1ccc(CC(=O)[O-])cc1,NC1=[NH+]C(=O)NC=C1
GOLZIR,GOLZIR,at 293 K,[NH3+]CC(O)=O.OC(=O)C=CC(=O)[O-],P21/n,False,293.0,highT,[NH3+]CC(O)=O,OC(=O)C=CC(=O)[O-]
TEZNOD,TEZNOD,at 298 K,Nc1nc(N)nc(n1)c1ccccc1.OC(=O)Cc1cccc(CC(O)=O)c1,Pbcn,False,298.0,highT,Nc1nc(N)nc(n1)c1ccccc1,OC(=O)Cc1cccc(CC(O)=O)c1
EPUHEF,EPUHEF,298 K,NC1=[NH+]c2ccccc2S1.ClC(Cl)C(=O)[O-],P-1,False,298.0,highT,NC1=[NH+]c2ccccc2S1,ClC(Cl)C(=O)[O-]
SUXVUC,SUXVUC,at 296 K,OC(=O)c1ccccc1C(O)=O.c1cc(ccn1)C#Cc1ccncc1,C2/c,False,296.0,highT,OC(=O)c1ccccc1C(O)=O,c1cc(ccn1)C#Cc1ccncc1
AFITOA,AFITOA,at 293 K,[NH3+]c1cccc(O)c1.Cc1ccc(cc1)S(=O)(=O)[O-],P-1,False,293.0,highT,[NH3+]c1cccc(O)c1,Cc1ccc(cc1)S(=O)(=O)[O-]
SAYNIQ,SAYNIQ,at 293 K,c1cncc(c1)C#CC#Cc1cccnc1.OC(=O)CNC(=O)C(=O)NCC(O)=O,C2/c,False,293.0,highT,c1cncc(c1)C#CC#Cc1cccnc1,OC(=O)CNC(=O)C(=O)NCC(O)=O
QOCCUI,QOCCUI,at 293 K,Nc1[nH+]cc(cc1)N(=O)=O.OC(=O)C(=O)[O-],P-1,False,293.0,highT,Nc1[nH+]cc(cc1)N(=O)=O,OC(=O)C(=O)[O-]
EKUMOP,EKUMOP,296 K,CC(=O)[O-].[NH3+]CCc1cc(OC)ccc1OC,P212121,False,296.0,highT,CC(=O)[O-],[NH3+]CCc1cc(OC)ccc1OC
CEQDIP,CEQDIP,295 K,OC(CN1C=NC=N1)(CN1C=NC=N1)c1ccc(F)cc1F.OC(=O)c1cc(O)c(O)c(O)c1,P21/c,False,295.0,highT,OC(CN1C=NC=N1)(CN1C=NC=N1)c1ccc(F)cc1F,OC(=O)c1cc(O)c(O)c(O)c1
MIGGIW,MIGGIW,296 K,c1ccc2nc3ccccc3nc2c1.NC(N)=NS(=O)(=O)c1ccc(N)cc1,P21/c,False,296.0,highT,c1ccc2nc3ccccc3nc2c1,NC(N)=NS(=O)(=O)c1ccc(N)cc1
AWUQUF,AWUQUF,at 296 K,OC(=O)COc1ccc(OCC(O)=O)cc1.S(Sc1ccncc1)c1ccncc1,C2/c,False,296.0,highT,OC(=O)COc1ccc(OCC(O)=O)cc1,S(Sc1ccncc1)c1ccncc1
ZEXWEG,ZEXWEG,at 298 K,Oc1ccc(O)cc1.CCN1C=C(C(O)=O)C(=O)c2ccc(C)nc12,P-1,False,298.0,highT,Oc1ccc(O)cc1,CCN1C=C(C(O)=O)C(=O)c2ccc(C)nc12
DIBZAQ02,DIBZAQ02,at 293 K,[2H][N+]12CN3CN(C1)CN(C2)C3.O=C([O-])c1cc(cc(c1)N(=O)=O)N(=O)=O,P-1,False,293.0,highT,[2H][N+]12CN3CN(C1)CN(C2)C3,O=C([O-])c1cc(cc(c1)N(=O)=O)N(=O)=O
BULKOK,BULKOK,295 K,c1cc(ccn1)C=Cc1ccncc1.OC(=O)c1ccccc1O,P21/c,False,295.0,highT,c1cc(ccn1)C=Cc1ccncc1,OC(=O)c1ccccc1O
SUZNEH,SUZNEH,at 296 K,Nc1[nH+]cc(Cl)cc1.O=C([O-])C1=CC=CC(=O)N1,P212121,False,296.0,highT,Nc1[nH+]cc(Cl)cc1,O=C([O-])C1=CC=CC(=O)N1
DOCWIE,DOCWIE,298 K,OC(=O)C=CC(=O)[O-].O=C(CN1C=[NH+]C=C1)c1ccccc1,P21/n,False,298.0,highT,OC(=O)C=CC(=O)[O-],O=C(CN1C=[NH+]C=C1)c1ccccc1
IMAHOT,IMAHOT,at 293 K,[NH3+]C(C)Cc1ccc(OC)cc1.CN1C(=O)Nc2ccc(Cl)cc2C21NC(=O)[N-]C2=O,P21,False,293.0,highT,[NH3+]C(C)Cc1ccc(OC)cc1,CN1C(=O)Nc2ccc(Cl)cc2C21NC(=O)[N-]C2=O
EFAFIC,EFAFIC,at 298 K,COc1ccc(cc1)C(N)=[NH2+].CC(=O)[O-],P21/n,False,298.0,highT,COc1ccc(cc1)C(N)=[NH2+],CC(=O)[O-]
MIHJIA,MIHJIA,298 K,OC(C(O)C(=O)[O-])C(O)=O.C[NH2+]C1CCC(c2ccc(Cl)c(Cl)c2)c2ccccc12,P212121,False,298.0,highT,OC(C(O)C(=O)[O-])C(O)=O,C[NH2+]C1CCC(c2ccc(Cl)c(Cl)c2)c2ccccc12
REZPET,REZPET,297 K,OC(=O)C=CC(=O)[O-].[NH3+]C(CO)C(O)=O,P21,False,297.0,highT,OC(=O)C=CC(=O)[O-],[NH3+]C(CO)C(O)=O
VIZZEL,VIZZEL,296 K,OC(=O)C(=O)[O-].[NH3+]CP(C)(C)=O,P21212,False,296.0,highT,OC(=O)C(=O)[O-],[NH3+]CP(C)(C)=O
QUTMUO,QUTMUO,at 296 K,c1ccncc1.OC(=O)c1ccccc1N1C(=O)c2ccccc2C1=O,P21/c,False,296.0,highT,c1ccncc1,OC(=O)c1ccccc1N1C(=O)c2ccccc2C1=O
JIRXER,JIRXER,293 K,OC(=O)c1ccccc1C(=O)[O-].Oc1cccc2ccc[nH+]c12,P21/n,False,293.0,highT,OC(=O)c1ccccc1C(=O)[O-],Oc1cccc2ccc[nH+]c12
KIDNUH,KIDNUH,at 292 K,OC(=O)c1ccc(cc1)C(O)=O.Cc1cc(CN2C=CN=C2)c(O)c(CN2C=CN=C2)c1,P-1,False,292.0,highT,OC(=O)c1ccc(cc1)C(O)=O,Cc1cc(CN2C=CN=C2)c(O)c(CN2C=CN=C2)c1
SADYII,SADYII,293 K,OC(=O)c1c[nH+]ccc1.ClC(Cl)(Cl)C(=O)[O-],P21/c,False,293.0,highT,OC(=O)c1c[nH+]ccc1,ClC(Cl)(Cl)C(=O)[O-]
LUJCOJ,LUJCOJ,at 295 K,c1cc(ccn1)c1ccncc1.Oc1ccc2ccccc2c1c1c(O)ccc2ccccc12,Pca21,False,295.0,highT,c1cc(ccn1)c1ccncc1,Oc1ccc2ccccc2c1c1c(O)ccc2ccccc12
EPUFON,EPUFON,298 K,NC1=[NH+]C=CS1.OC(=O)c1cc(O)cc(c1)C(=O)[O-],P21/n,False,298.0,highT,NC1=[NH+]C=CS1,OC(=O)c1cc(O)cc(c1)C(=O)[O-]
DOWPOX,DOWPOX,298 K,NC1=[NH+]C=CS1.OC(=O)c1cccc(c1C(=O)[O-])N(=O)=O,P21/c,False,298.0,highT,NC1=[NH+]C=CS1,OC(=O)c1cccc(c1C(=O)[O-])N(=O)=O
DUVGAC01,DUVGAC01,at 293 K,NC(N)=S.O=C1CCCCCCC1,P21/c,False,293.0,highT,NC(N)=S,O=C1CCCCCCC1
KOVSAR,KOVSAR,at 296 K,NC(=O)c1cnccn1.OC(=O)CCCCC(O)=O,P-1,False,296.0,highT,NC(=O)c1cnccn1,OC(=O)CCCCC(O)=O
NAYGOK,NAYGOK,at 295 K,[S-]C#N.NC1=C([N+]2=C(S1)C=CC=C2)C(=O)c1ccc(Br)cc1,P21/c,False,295.0,highT,[S-]C#N,NC1=C([N+]2=C(S1)C=CC=C2)C(=O)c1ccc(Br)cc1
VIGFIB,VIGFIB,at 293 K,O=C1CC(=O)NC(=O)N1.[O]n1ccn([O])cc1,P21/n,False,293.0,highT,O=C1CC(=O)NC(=O)N1,[O]n1ccn([O])cc1
KEGSEV,KEGSEV,at 293 K,FC(F)(F)S(=O)(=O)[O-].ON=C1C2=[NH+]CCCN2CCCc2ccccc12,P21/c,False,293.0,highT,FC(F)(F)S(=O)(=O)[O-],ON=C1C2=[NH+]CCCN2CCCc2ccccc12
ITIWIT,ITIWIT,298 K,O=N(=O)c1cc(c([O-])c(c1)N(=O)=O)N(=O)=O.NC(=NO)C(=[NH2+])NO,P-1,False,298.0,highT,O=N(=O)c1cc(c([O-])c(c1)N(=O)=O)N(=O)=O,NC(=NO)C(=[NH2+])NO
KEWDAV,KEWDAV,295 K,C[N+]1=C2c3ccccc3c3ccccc3C2=NS1.FC(F)(F)S(=O)(=O)[O-],Ia,False,295.0,highT,C[N+]1=C2c3ccccc3c3ccccc3C2=NS1,FC(F)(F)S(=O)(=O)[O-]
HOJKEY,HOJKEY,at 297 K,c1cc(ccn1)c1ccncc1.OC(=O)CCCSSCCCC(O)=O,P-1,False,297.0,highT,c1cc(ccn1)c1ccncc1,OC(=O)CCCSSCCCC(O)=O
FASJIU,FASJIU,at 298 K,O=C(CN1C=[NH+]C=C1)c1ccccc1.O=N(=O)c1cc(c([O-])c(c1)N(=O)=O)N(=O)=O,C2/c,False,298.0,highT,O=C(CN1C=[NH+]C=C1)c1ccccc1,O=N(=O)c1cc(c([O-])c(c1)N(=O)=O)N(=O)=O
REWLIR,REWLIR,296 K,ON=Cc1cc[nH+]c2ccccc12.O=N(=O)c1cc(c([O-])c(c1)N(=O)=O)N(=O)=O,P21/n,False,296.0,highT,ON=Cc1cc[nH+]c2ccccc12,O=N(=O)c1cc(c([O-])c(c1)N(=O)=O)N(=O)=O
EXANIB,EXANIB,at 296 K,Cc1cc(C)nc(NS(=O)(=O)c2ccc(N)cc2)n1.CC=CC=CC(O)=O,P21/c,False,296.0,highT,Cc1cc(C)nc(NS(=O)(=O)c2ccc(N)cc2)n1,CC=CC=CC(O)=O
NUGZEV,NUGZEV,at 294 K,OC(=O)c1cccc(c1)C(O)=O.NN1C(=NN=C1c1ccncc1)c1ccncc1,P21/c,False,294.0,highT,OC(=O)c1cccc(c1)C(O)=O,NN1C(=NN=C1c1ccncc1)c1ccncc1
FECGEC,FECGEC,300 K,NC(=O)c1ccccc1.OC(=O)c1cccc(F)c1,P-1,False,300.0,highT,NC(=O)c1ccccc1,OC(=O)c1cccc(F)c1
NOLBEY,NOLBEY,298.1 K,NS(=O)(=O)c1cc(C(O)=O)c(NCC2=CC=CO2)cc1Cl.O=C1CCCCCN1,P-1,False,298.0,highT,NS(=O)(=O)c1cc(C(O)=O)c(NCC2=CC=CO2)cc1Cl,O=C1CCCCCN1
BEMQOC,BEMQOC,296 K,[NH3+]NC(N)=S.Oc1ccc(cc1)S(=O)(=O)[O-],P21/n,False,296.0,highT,[NH3+]NC(N)=S,Oc1ccc(cc1)S(=O)(=O)[O-]
KAGPIV,KAGPIV,296 K,OC(=O)c1cc(ccc1O)S(=O)(=O)[O-].NC(=O)c1cc[nH+]cc1,P21/n,False,296.0,highT,OC(=O)c1cc(ccc1O)S(=O)(=O)[O-],NC(=O)c1cc[nH+]cc1
LIHBAG,LIHBAG,at 293 K,O=C([O-])c1ccc(cc1)N(=O)=O.OCC[NH2+]CCO,P-1,False,293.0,highT,O=C([O-])c1ccc(cc1)N(=O)=O,OCC[NH2+]CCO
KANBOT,KANBOT,300 K,CCCN(CCC)S(=O)(=O)c1ccc(cc1)C(O)=O.c1ccc2nc3ccccc3cc2c1,P21/c,False,300.0,highT,CCCN(CCC)S(=O)(=O)c1ccc(cc1)C(O)=O,c1ccc2nc3ccccc3cc2c1
WUZDEC,WUZDEC,270 K,Cc1ccc(cc1)S(=O)(=O)[O-].C[N+](C)(C)CC(O)=O,P-1,False,270.0,highT,Cc1ccc(cc1)S(=O)(=O)[O-],C[N+](C)(C)CC(O)=O
IFACUO,IFACUO,at 293 K,Nc1ccc(cc1)C(O)=O.COc1cc(OC)nc(N)n1,P21/c,False,293.0,highT,Nc1ccc(cc1)C(O)=O,COc1cc(OC)nc(N)n1
XOGDOO,XOGDOO,at 293 K,Cc1nc(C)c(C)nc1C.OC(=O)c1c(O)cccc1O,P21/c,False,293.0,highT,Cc1nc(C)c(C)nc1C,OC(=O)c1c(O)cccc1O
KAYGIC,KAYGIC,at 296 K,O=C(Nc1ccccn1)c1ccncc1.OC(=O)CCCCCCC(O)=O,P21/n,False,296.0,highT,O=C(Nc1ccccn1)c1ccncc1,OC(=O)CCCCCCC(O)=O
PAVNOR,PAVNOR,at 293 K,Oc1[nH+]cccc1.Cc1ccc(cc1)S(=O)(=O)[O-],Pbca,False,293.0,highT,Oc1[nH+]cccc1,Cc1ccc(cc1)S(=O)(=O)[O-]
OLUTUN,OLUTUN,298 K,[NH2+]=C1NC(=O)N(C=C1F)C1CSC(CO)O1.OC(=O)CC(=O)[O-],P21,False,298.0,highT,[NH2+]=C1NC(=O)N(C=C1F)C1CSC(CO)O1,OC(=O)CC(=O)[O-]
MARXUC,MARXUC,296 K,OC(=O)c1ccc2C(=O)OC(=O)c2c1.CN(C)C=O,P21/n,False,296.0,highT,OC(=O)c1ccc2C(=O)OC(=O)c2c1,CN(C)C=O
ASULOP,ASULOP,at 293 K,FC(F)(C(=O)[O-])C(F)(F)C(=O)[O-].[NH3+]C(CC1=C[NH+]=CN1)C(O)=O,C2,False,293.0,highT,FC(F)(C(=O)[O-])C(F)(F)C(=O)[O-],[NH3+]C(CC1=C[NH+]=CN1)C(O)=O
XOCMEK,XOCMEK,296 K,OC(=O)c1cccc(n1)C(=O)[O-].[NH3+]c1ccc(OC)cc1,P41,False,296.0,highT,OC(=O)c1cccc(n1)C(=O)[O-],[NH3+]c1ccc(OC)cc1
GIDGIN,GIDGIN,294 K,[NH3+]CC1CCC(CC1)C(O)=O.O=C1[N-]S(=O)(=O)c2ccccc12,P21/n,False,294.0,highT,[NH3+]CC1CCC(CC1)C(O)=O,O=C1[N-]S(=O)(=O)c2ccccc12
XERCAB,XERCAB,293 K,N#Cc1cc(C#N)c(cc1C#N)C#N.CC(=O)N1c2ccccc2c2ccccc12,P21/n,False,293.0,highT,N#Cc1cc(C#N)c(cc1C#N)C#N,CC(=O)N1c2ccccc2c2ccccc12
NUMHUA,NUMHUA,298 K,Cc1ccccc1S(N)(=O)=O.O=C1CCCCN1,P21/n,False,298.0,highT,Cc1ccccc1S(N)(=O)=O,O=C1CCCCN1
VELVIU,VELVIU,295 K,O=C(c1ccccc1)c1ccncc1.BrN1C(=O)c2ccccc2C1=O,P-1,False,295.0,highT,O=C(c1ccccc1)c1ccncc1,BrN1C(=O)c2ccccc2C1=O
ZIJDAZ,ZIJDAZ,at 293 K,Cc1ccc(cc1)S(=O)(=O)[O-].[NH3+]C(CC1=C[NH+]=CN1)C(=O)[O-],P212121,False,293.0,highT,Cc1ccc(cc1)S(=O)(=O)[O-],[NH3+]C(CC1=C[NH+]=CN1)C(=O)[O-]
QUTBUF,QUTBUF,296 K,NN1C(=[NH+]N=C1C1=NON=C1N)N.O=N(=O)c1cc(c([O-])c(c1)N(=O)=O)N(=O)=O,P21/c,False,296.0,highT,NN1C(=[NH+]N=C1C1=NON=C1N)N,O=N(=O)c1cc(c([O-])c(c1)N(=O)=O)N(=O)=O
NENMEA,NENMEA,at 295 K,[NH3+]CCCCC([NH3+])C(=O)[O-].CC1=NC(=NN1)SCC(=O)[O-],P212121,False,295.0,highT,[NH3+]CCCCC([NH3+])C(=O)[O-],CC1=NC(=NN1)SCC(=O)[O-]
QANLAT,QANLAT,at 295 K,OC(=O)c1cc(ccc1O)S(=O)(=O)[O-].[NH3+]c1ccc(Cl)cc1,P21/c,False,295.0,highT,OC(=O)c1cc(ccc1O)S(=O)(=O)[O-],[NH3+]c1ccc(Cl)cc1
XEYMAP,XEYMAP,at 293 K,Oc1ccc2ccccc2c1c1c(O)ccc2ccccc12.Cc1cncc(C)c1,P-1,False,293.0,highT,Oc1ccc2ccccc2c1c1c(O)ccc2ccccc12,Cc1cncc(C)c1
COSDUK,COSDUK,at 294 K,ON=Cc1cc[nH+]cc1.OC(=O)C(=O)[O-],P21/c,False,294.0,highT,ON=Cc1cc[nH+]cc1,OC(=O)C(=O)[O-]
QAXZUN,QAXZUN,293 K,CNC(=S)NN=Cc1ccc(O)cc1O.c1cc(ccn1)c1ccncc1,P-1,False,293.0,highT,CNC(=S)NN=Cc1ccc(O)cc1O,c1cc(ccn1)c1ccncc1
PUKDUW,PUKDUW,296 K,[NH3+]C(CCCNC(N)=NN(=O)=O)C(O)=O.O=N(=O)c1cc(c([O-])c(c1)N(=O)=O)N(=O)=O,P21,False,296.0,highT,[NH3+]C(CCCNC(N)=NN(=O)=O)C(O)=O,O=N(=O)c1cc(c([O-])c(c1)N(=O)=O)N(=O)=O
HEPSAZ09,HEPSAZ09,363 K,[2H]OC(=O)c1ccc(cc1)C(=O)[O-].[2H]C1=[N+]([2H])C(=C([2H])N1[2H])[2H],P21/c,False,363.0,highT,[2H]OC(=O)c1ccc(cc1)C(=O)[O-],[2H]C1=[N+]([2H])C(=C([2H])N1[2H])[2H]
ULABAN,ULABAN,293 K,Oc1cccc(O)c1.c1ccc(nc1)c1ccccn1,P21/n,False,293.0,highT,Oc1cccc(O)c1,c1ccc(nc1)c1ccccn1
HAGHAB,HAGHAB,296 K,NC(N)=O.c1ccc(C=Cc2ccncc2)nc1,P-1,False,296.0,highT,NC(N)=O,c1ccc(C=Cc2ccncc2)nc1
EGUXOU,EGUXOU,at 295 K,FC(F)(F)S(=O)(=O)[O-].CSc1c2ccccc2[nH+]c2ccccc12,P21/c,False,295.0,highT,FC(F)(F)S(=O)(=O)[O-],CSc1c2ccccc2[nH+]c2ccccc12
DASYAB,DASYAB,293 K,NC(N)=S.OC(=O)C1=Cc2ccccc2OC1=O,P21/n,False,293.0,highT,NC(N)=S,OC(=O)C1=Cc2ccccc2OC1=O
SOVBOU,SOVBOU,at 273 K,c1cc(ccn1)c1ccncc1.OC(=O)CC(O)=O,C2/c,False,273.0,highT,c1cc(ccn1)c1ccncc1,OC(=O)CC(O)=O
HUVGOW,HUVGOW,296 K,C1=CN(C=N1)c1ccc(cc1)N1C=CN=C1.Oc1ccc(cc1)c1ccc(O)cc1,P-1,False,296.0,highT,C1=CN(C=N1)c1ccc(cc1)N1C=CN=C1,Oc1ccc(cc1)c1ccc(O)cc1
NUMHOU,NUMHOU,298 K,O=C1CCCCCN1.NS(=O)(=O)c1ccc(Br)cc1,P212121,False,298.0,highT,O=C1CCCCCN1,NS(=O)(=O)c1ccc(Br)cc1
BOQTEG,BOQTEG,at 293 K,OC(=O)C=CC(=O)[O-].[NH3+]C(C)C(O)=O,P212121,False,293.0,highT,OC(=O)C=CC(=O)[O-],[NH3+]C(C)C(O)=O
LISKEH,LISKEH,290 K,CCCc1[nH+]ccc(c1)C(N)=S.O=S(=O)([O-])c1ccccc1,P-1,False,290.0,highT,CCCc1[nH+]ccc(c1)C(N)=S,O=S(=O)([O-])c1ccccc1
XAPZEW,XAPZEW,293 K,Nc1ccc(Cc2ccc(N)cc2)cc1.Oc1ccc(O)cc1,C2/c,False,293.0,highT,Nc1ccc(Cc2ccc(N)cc2)cc1,Oc1ccc(O)cc1
NIJGIY,NIJGIY,296 K,Nc1nc(N)nc(n1)c1ccccc1.OC(=O)CCC(O)=O,P-1,False,296.0,highT,Nc1nc(N)nc(n1)c1ccccc1,OC(=O)CCC(O)=O
FOZZIG,FOZZIG,295 K,[NH3+]C(CS)C(O)=O.O=N(=O)c1cc(c([O-])c(c1)N(=O)=O)N(=O)=O,P21,False,295.0,highT,[NH3+]C(CS)C(O)=O,O=N(=O)c1cc(c([O-])c(c1)N(=O)=O)N(=O)=O
NAJZUW,NAJZUW,298 K,OC(=O)CCCCC(O)=O.CCc1cc(ccn1)C(N)=S,P-1,False,298.0,highT,OC(=O)CCCCC(O)=O,CCc1cc(ccn1)C(N)=S
YAHQEF,YAHQEF,at 298 K,C1=CN(C=N1)c1cncnc1.Oc1ccc(O)cc1,P-1,False,298.0,highT,C1=CN(C=N1)c1cncnc1,Oc1ccc(O)cc1
EDADUI,EDADUI,at 296.2 K,Cc1ccc(cc1)S(=O)(=O)[O-].Nc1[nH+]cc(cc1)N(=O)=O,Pc,False,296.0,highT,Cc1ccc(cc1)S(=O)(=O)[O-],Nc1[nH+]cc(cc1)N(=O)=O
XAGYAJ,XAGYAJ,296 K,Cc1ccccc1C(=O)[O-].COc1ccccc1N1CC[NH2+]CC1,P-1,False,296.0,highT,Cc1ccccc1C(=O)[O-],COc1ccccc1N1CC[NH2+]CC1
ZOCBOL,ZOCBOL,296 K,Oc1c(cc(cc1N(=O)=O)N(=O)=O)C(=O)[O-].CCc1[nH+]c(N)nc(N)c1c1ccc(Cl)cc1,P21/c,False,296.0,highT,Oc1c(cc(cc1N(=O)=O)N(=O)=O)C(=O)[O-],CCc1[nH+]c(N)nc(N)c1c1ccc(Cl)cc1
ECIROB,ECIROB,293 K,Clc1ccc(cc1)C(=O)[O-].Nc1c(Br)cc(Br)cc1C[NH2+]C1CCC(O)CC1,C2/c,False,293.0,highT,Clc1ccc(cc1)C(=O)[O-],Nc1c(Br)cc(Br)cc1C[NH2+]C1CCC(O)CC1
QAYBAW,QAYBAW,293 K,c1cc(ccn1)C=Cc1ccncc1.CNC(=S)NN=Cc1ccc(O)cc1O,P-1,False,293.0,highT,c1cc(ccn1)C=Cc1ccncc1,CNC(=S)NN=Cc1ccc(O)cc1O
BECNUS02,BECNUS02,at -120 deg.C,O=C1OC(=O)c2cc3C(=O)OC(=O)c3cc12.c1ccc2nc3ccccc3nc2c1,P-1,False,393.0,highT,O=C1OC(=O)c2cc3C(=O)OC(=O)c3cc12,c1ccc2nc3ccccc3nc2c1
ETUCII,ETUCII,298 K,FC(F)(F)C(=O)[O-].CCNc1nc(NC(C)C)[nH+]c(SC)n1,P21/c,False,298.0,highT,FC(F)(F)C(=O)[O-],CCNc1nc(NC(C)C)[nH+]c(SC)n1
YADSAA,YADSAA,293 K,c1ccncc1.Cc1cc(C)nc(NS(=O)(=O)c2ccc(N)cc2)n1,Pna21,False,293.0,highT,c1ccncc1,Cc1cc(C)nc(NS(=O)(=O)c2ccc(N)cc2)n1
FUQFEE,FUQFEE,300 K,O=C([O-])c1ccc(cc1)N(=O)=O.[NH3+]C(CC1=C[NH+]=CN1)C(=O)[O-],P212121,False,300.0,highT,O=C([O-])c1ccc(cc1)N(=O)=O,[NH3+]C(CC1=C[NH+]=CN1)C(=O)[O-]
UBOZAQ,UBOZAQ,295 K,CN(C)C(C)=O.ON1C(=O)c2ccc3C(=O)N(O)C(=O)c4ccc(C1=O)c2c34,P-1,False,295.0,highT,CN(C)C(C)=O,ON1C(=O)c2ccc3C(=O)N(O)C(=O)c4ccc(C1=O)c2c34
SOHDOJ,SOHDOJ,at 295 K,N[n+]1ccnc(Cl)c1.Cc1cc(C)c(c(C)c1)S(=O)(=O)[O-],P-1,False,295.0,highT,N[n+]1ccnc(Cl)c1,Cc1cc(C)c(c(C)c1)S(=O)(=O)[O-]
EPUGAA,EPUGAA,298 K,OCC(=O)[O-].NC1=[NH+]C=CS1,C2/c,False,298.0,highT,OCC(=O)[O-],NC1=[NH+]C=CS1
HUZLAP,HUZLAP,at 295 K,[NH3+]CCNC(=O)c1ccccc1O.O=N(=O)c1cc(c([O-])c(c1)N(=O)=O)N(=O)=O,P21/n,False,295.0,highT,[NH3+]CCNC(=O)c1ccccc1O,O=N(=O)c1cc(c([O-])c(c1)N(=O)=O)N(=O)=O
POZNOK,POZNOK,296 K,COc1cc(ccc1O)C(O)=O.OC(CN1C=NC=N1)(CN1C=NC=N1)c1ccc(F)cc1F,P21/c,False,296.0,highT,COc1cc(ccc1O)C(O)=O,OC(CN1C=NC=N1)(CN1C=NC=N1)c1ccc(F)cc1F
WEDXEL,WEDXEL,293 K,CN1C=NC2=C1C(=O)N(CCCCC(C)=O)C(=O)N2C.Fc1c(F)c(Br)c(F)c(F)c1Br,P-1,False,293.0,highT,CN1C=NC2=C1C(=O)N(CCCCC(C)=O)C(=O)N2C,Fc1c(F)c(Br)c(F)c(F)c1Br
XICRIM,XICRIM,at 298 K,Nc1ccc(c(O)c1)C(=O)[O-].NC1=[NH+]C(=O)NC=C1,P21/n,False,298.0,highT,Nc1ccc(c(O)c1)C(=O)[O-],NC1=[NH+]C(=O)NC=C1
KEZFUS,KEZFUS,at 293 K,[NH3+]CCO.Cc1ccc(cc1)C(=O)[O-],Iba2,False,293.0,highT,[NH3+]CCO,Cc1ccc(cc1)C(=O)[O-]
ZUPZAO,ZUPZAO,298 K,Clc1cccc(c1)C(=O)[O-].[NH3+]Cc1ccc(Cl)cc1,P21,False,298.0,highT,Clc1cccc(c1)C(=O)[O-],[NH3+]Cc1ccc(Cl)cc1
ECEREM,ECEREM,295 K,OC(=O)CNc1ccccc1C(O)=O.COC(=O)c1ccncc1,P-1,False,295.0,highT,OC(=O)CNc1ccccc1C(O)=O,COC(=O)c1ccncc1
GIYHUS,GIYHUS,at 291 K,OC(=O)CNS(=O)(=O)c1cccc(c1)C(O)=O.c1cc(ccn1)c1ccncc1,P-1,False,291.0,highT,OC(=O)CNS(=O)(=O)c1cccc(c1)C(O)=O,c1cc(ccn1)c1ccncc1
ZAVMER,ZAVMER,296 K,Oc1ccc(cc1)C(=O)[O-].OCC[NH+]1CCCCC1,P21/c,False,296.0,highT,Oc1ccc(cc1)C(=O)[O-],OCC[NH+]1CCCCC1
CEXJUO,CEXJUO,293 K,Oc1ccc2ccc(O)cc2c1.Cc1nc2ccccc2nc1C,P21/c,False,293.0,highT,Oc1ccc2ccc(O)cc2c1,Cc1nc2ccccc2nc1C
DISGUK,DISGUK,296 K,Oc1cc(cc(O)c1O)C(=O)[O-].CCc1[nH+]c(N)nc(N)c1c1ccc(Cl)cc1,P21/c,False,296.0,highT,Oc1cc(cc(O)c1O)C(=O)[O-],CCc1[nH+]c(N)nc(N)c1c1ccc(Cl)cc1
KOVSEV,KOVSEV,at 296 K,OC(=O)CCCCCCCCC(O)=O.NC(=O)c1cnccn1,P-1,False,296.0,highT,OC(=O)CCCCCCCCC(O)=O,NC(=O)c1cnccn1
JOKYOA,JOKYOA,300 K,c1ccc(cc1)c1ccncc1.Nc1ccc(cc1)S(=O)(=O)Nc1ccc(Cl)nn1,P21/c,False,300.0,highT,c1ccc(cc1)c1ccncc1,Nc1ccc(cc1)S(=O)(=O)Nc1ccc(Cl)nn1
TEHNAW,TEHNAW,at 298 K,Oc1ccc(cc1)c1ccc(O)cc1.N#Cc1ccncc1,C2/c,False,298.0,highT,Oc1ccc(cc1)c1ccc(O)cc1,N#Cc1ccncc1
EJORIG,EJORIG,293 K,CC(=O)NNC(C)=O.Nc1ccccc1Nc1cc(nnc1C(F)(F)F)c1ccccc1,C2/c,False,293.0,highT,CC(=O)NNC(C)=O,Nc1ccccc1Nc1cc(nnc1C(F)(F)F)c1ccccc1
TAZMIT,TAZMIT,293 K,c1cnc2c(c1)ccc1cccnc21.OB(O)c1cc(F)c(F)c(F)c1,P21/c,False,293.0,highT,c1cnc2c(c1)ccc1cccnc21,OB(O)c1cc(F)c(F)c(F)c1
VEBZAH,VEBZAH,293 K,CN(C)c1ccc(cc1)N(C)C.O=C1OC(=O)c2cc3C(=O)OC(=O)c3cc12,P-1,False,293.0,highT,CN(C)c1ccc(cc1)N(C)C,O=C1OC(=O)c2cc3C(=O)OC(=O)c3cc12
AWITOS,AWITOS,298 K,OC(=O)c1cc(cc(c1)C(O)=O)C(O)=O.CC1=CN(C(=O)C=C1)c1ccccc1,P21/c,False,298.0,highT,OC(=O)c1cc(cc(c1)C(O)=O)C(O)=O,CC1=CN(C(=O)C=C1)c1ccccc1
XIJBOK,XIJBOK,298 K,NS(=O)(=O)c1ccc(NC(=O)C(=O)[O-])cc1.[NH3+]c1ccc(cc1)S(N)(=O)=O,Pc,False,298.0,highT,NS(=O)(=O)c1ccc(NC(=O)C(=O)[O-])cc1,[NH3+]c1ccc(cc1)S(N)(=O)=O
PUFFUS,PUFFUS,at 296 K,c1cc(ccn1)c1ccncc1.OC(=O)c1c(F)c(F)c(F)c(F)c1F,C2/c,False,296.0,highT,c1cc(ccn1)c1ccncc1,OC(=O)c1c(F)c(F)c(F)c(F)c1F
QAXYUM,QAXYUM,293 K,c1cc(ccn1)C=Cc1ccncc1.CNC(=S)NN=Cc1ccc(O)cc1O,C2/c,False,293.0,highT,c1cc(ccn1)C=Cc1ccncc1,CNC(=S)NN=Cc1ccc(O)cc1O
ZIPYIK,ZIPYIK,298 K,OC(=O)c1ccc2OCOc2c1.COc1cc(OC)nc(N)n1,P21/c,False,298.0,highT,OC(=O)c1ccc2OCOc2c1,COc1cc(OC)nc(N)n1
SECZIM,SECZIM,295 K,O=C(c1ccccc1)c1ccncc1.BrN1C(=O)CCC1=O,Pna21,False,295.0,highT,O=C(c1ccccc1)c1ccncc1,BrN1C(=O)CCC1=O
WEKDID,WEKDID,293 K,NC(=O)c1ccccc1.NC(=O)N1c2ccccc2C=Cc2ccccc12,P21/c,False,293.0,highT,NC(=O)c1ccccc1,NC(=O)N1c2ccccc2C=Cc2ccccc12
WEDXOV,WEDXOV,293 K,NC(=O)c1cnccn1.Fc1c(F)c(Br)c(F)c(F)c1Br,P-1,False,293.0,highT,NC(=O)c1cnccn1,Fc1c(F)c(Br)c(F)c(F)c1Br
MOFXUB,MOFXUB,at 296 K,Oc1ccc2ccccc2c1c1c(O)ccc2ccccc12.O=C1C(=O)c2cccnc2c2ncccc12,P-421c,False,296.0,highT,Oc1ccc2ccccc2c1c1c(O)ccc2ccccc12,O=C1C(=O)c2cccnc2c2ncccc12
SATLUV,SATLUV,at 293 K,OC(=O)c1c[nH+]ccc1.O=N(=O)c1cc(c([O-])c(c1)N(=O)=O)N(=O)=O,P-1,False,293.0,highT,OC(=O)c1c[nH+]ccc1,O=N(=O)c1cc(c([O-])c(c1)N(=O)=O)N(=O)=O
MADSIW,MADSIW,298 K,CC(=O)NC1=NN=C(S1)S(N)(=O)=O.O=C1CCCCCN1,P-1,False,298.0,highT,CC(=O)NC1=NN=C(S1)S(N)(=O)=O,O=C1CCCCCN1
MUFBOE,MUFBOE,at 295 K,OC(C(O)C(=O)[O-])C(O)=O.C[NH2+]CC(O)c1cccc(O)c1,P212121,False,295.0,highT,OC(C(O)C(=O)[O-])C(O)=O,C[NH2+]CC(O)c1cccc(O)c1
PATYOB,PATYOB,296 K,OC(=O)c1cc(ccc1O)S(=O)(=O)[O-].CN1C=[NH+]C2=C1C(=O)N(C)C(=O)N2C,P21/c,False,296.0,highT,OC(=O)c1cc(ccc1O)S(=O)(=O)[O-],CN1C=[NH+]C2=C1C(=O)N(C)C(=O)N2C
AZULIR,AZULIR,at 296 K,Cc1ccc(cc1)S(=O)(=O)[O-].COc1[nH+]c(N)nc(OC)c1,Pca21,False,296.0,highT,Cc1ccc(cc1)S(=O)(=O)[O-],COc1[nH+]c(N)nc(OC)c1
QOLQOA,QOLQOA,298 K,CCN1C(=O)C(SC1=S)=C1SC(=S)N(CC)C1=O.c1cc2ccc3cccc4ccc(c1)c2c34,P-1,False,298.0,highT,CCN1C(=O)C(SC1=S)=C1SC(=S)N(CC)C1=O,c1cc2ccc3cccc4ccc(c1)c2c34
SIMVET,SIMVET,296 K,CC(Oc1cccc(Cl)c1)C(=O)[O-].[NH3+]c1ccc(OC)cc1,P21/c,False,296.0,highT,CC(Oc1cccc(Cl)c1)C(=O)[O-],[NH3+]c1ccc(OC)cc1
NOPDAY,NOPDAY,at 273 K,CCOC(=O)C1=Cc2c(OC1=O)ccc1ccccc21.NC1=Nc2ccccc2S1,P21/c,False,273.0,highT,CCOC(=O)C1=Cc2c(OC1=O)ccc1ccccc21,NC1=Nc2ccccc2S1
GENMIW,GENMIW,at 296 K,OC(=O)CN1C(=O)c2cc3C(=O)N(CC(O)=O)C(=O)c3cc2C1=O.c1ccc2c(c1)ccc1ccccc21,P-1,False,296.0,highT,OC(=O)CN1C(=O)c2cc3C(=O)N(CC(O)=O)C(=O)c3cc2C1=O,c1ccc2c(c1)ccc1ccccc21
UMINOT,UMINOT,at 293 K,c1cc(ccn1)C=Cc1ccncc1.OC(=O)CCC(O)=O,P-1,False,293.0,highT,c1cc(ccn1)C=Cc1ccncc1,OC(=O)CCC(O)=O
XEQDAA,XEQDAA,at 293 K,c1cc(ccn1)c1cncnc1.Oc1ccc(O)cc1,P-1,False,293.0,highT,c1cc(ccn1)c1cncnc1,Oc1ccc(O)cc1
REXBEF,REXBEF,295 K,OC(=O)c1ccc(O)cc1.CN1N=NC2=C(N=CN2C1=O)C(N)=O,P-1,False,295.0,highT,OC(=O)c1ccc(O)cc1,CN1N=NC2=C(N=CN2C1=O)C(N)=O
MOYKES,MOYKES,at 293 K,OC(C(O)C(=O)[O-])C(O)=O.Nc1[nH+]cc(Cl)cc1,P21,False,293.0,highT,OC(C(O)C(=O)[O-])C(O)=O,Nc1[nH+]cc(Cl)cc1
JOBROK,JOBROK,298 K,Oc1ccc(cc1)c1ccc(O)cc1.COc1cccc(C=Nc2cccnc2)c1O,P21/n,False,298.0,highT,Oc1ccc(cc1)c1ccc(O)cc1,COc1cccc(C=Nc2cccnc2)c1O
LECDOP,LECDOP,293 K,OC(=O)c1ccc(O)c(c1)C(O)=O.Cc1cnccn1,P-1,False,293.0,highT,OC(=O)c1ccc(O)c(c1)C(O)=O,Cc1cnccn1
BAQNUD,BAQNUD,at 296 K,BrC1=CC=CC=C(C1=O)C1(C#N)c2ccccc2C(=O)c2ccccc12.c1ccccc1,P-1,False,296.0,highT,BrC1=CC=CC=C(C1=O)C1(C#N)c2ccccc2C(=O)c2ccccc12,c1ccccc1
CURSAL,CURSAL,293 K,OC(=O)C=CC(=O)[O-].COc1cc(Cc2c[nH+]c(N)nc2N)cc(OC)c1OC,P-1,False,293.0,highT,OC(=O)C=CC(=O)[O-],COc1cc(Cc2c[nH+]c(N)nc2N)cc(OC)c1OC
ITARAZ,ITARAZ,298 K,Cc1cccc2SC(=[NH2+])Nc12.OC(=O)CSCC(=O)[O-],P-1,False,298.0,highT,Cc1cccc2SC(=[NH2+])Nc12,OC(=O)CSCC(=O)[O-]
CEQDAH,CEQDAH,295 K,OC(CN1C=NC=N1)(CN1C=NC=N1)c1ccc(F)cc1F.OC(=O)c1ccc(O)c(O)c1,P21,False,295.0,highT,OC(CN1C=NC=N1)(CN1C=NC=N1)c1ccc(F)cc1F,OC(=O)c1ccc(O)c(O)c1
ETOTIS,ETOTIS,293 K,OCC[NH2+]CCO.O=C([O-])c1ccccc1N(=O)=O,P21/n,False,293.0,highT,OCC[NH2+]CCO,O=C([O-])c1ccccc1N(=O)=O
PAHZAA,PAHZAA,at 298 K,OC(C(O)=O)C(=O)[O-].Oc1c[nH+]ccc1,Pc,False,298.0,highT,OC(C(O)=O)C(=O)[O-],Oc1c[nH+]ccc1
IXOZIG02,IXOZIG02,296 K,Oc1[nH+]cccc1.O=C([O-])c1cc(cc(c1)N(=O)=O)N(=O)=O,P21/n,False,296.0,highT,Oc1[nH+]cccc1,O=C([O-])c1cc(cc(c1)N(=O)=O)N(=O)=O
ITAPUR,ITAPUR,298 K,Clc1ncccc1C(=O)[O-].Cc1cccc2SC(=[NH2+])Nc12,P21/n,False,298.0,highT,Clc1ncccc1C(=O)[O-],Cc1cccc2SC(=[NH2+])Nc12
MICLAM,MICLAM,at 293 K,CC(C)=CC1C(C(=O)[O-])C1(C)C.CSc1ccc(cc1)C(O)C(CO)[NH+](C)C,P212121,False,293.0,highT,CC(C)=CC1C(C(=O)[O-])C1(C)C,CSc1ccc(cc1)C(O)C(CO)[NH+](C)C
PAMXAE,PAMXAE,at 296 K,NC(=O)c1cccnc1.OC(=O)c1cccc(n1)C(O)=O,P21/c,False,296.0,highT,NC(=O)c1cccnc1,OC(=O)c1cccc(n1)C(O)=O
OYUXIS,OYUXIS,297 K,Cc1cccc(C)c1NC(=O)CN1CCCC1=O.OC(=O)c1cc(cc(c1)C(O)=O)C#N,Pc,False,297.0,highT,Cc1cccc(C)c1NC(=O)CN1CCCC1=O,OC(=O)c1cc(cc(c1)C(O)=O)C#N
OWIXOI,OWIXOI,at 295 K,Cc1[nH+]c(O)ccc1.O=N(=O)c1cc(c([O-])c(c1)N(=O)=O)N(=O)=O,P21/a,False,295.0,highT,Cc1[nH+]c(O)ccc1,O=N(=O)c1cc(c([O-])c(c1)N(=O)=O)N(=O)=O
HEGCUT,HEGCUT,at 296.1 K,Brc1ccc(CC(=O)[O-])cc1.CC(C)(C)OC(=O)C1[NH2+]CC2CCCC12,P21,False,296.0,highT,Brc1ccc(CC(=O)[O-])cc1,CC(C)(C)OC(=O)C1[NH2+]CC2CCCC12
SAFXAA,SAFXAA,at 293 K,FC(F)(F)C(=O)[O-].[NH3+]C(CO)(CO)CO,P21/c,False,293.0,highT,FC(F)(F)C(=O)[O-],[NH3+]C(CO)(CO)CO
IYEBIX,IYEBIX,at 293 K,[NH3+]C(C(C)O)C(O)=O.ClC(Cl)(Cl)C(=O)[O-],P21,False,293.0,highT,[NH3+]C(C(C)O)C(O)=O,ClC(Cl)(Cl)C(=O)[O-]
KAXLII,KAXLII,297 K,OC(=O)CCCCCCCC(=O)[O-].CCc1[nH+]c(N)nc(N)c1c1ccc(Cl)cc1,P21/c,False,297.0,highT,OC(=O)CCCCCCCC(=O)[O-],CCc1[nH+]c(N)nc(N)c1c1ccc(Cl)cc1
PEKQUT,PEKQUT,at 295 K,Oc1ccc(O)c(c1)C(=O)[O-].Nc1[nH+]cccc1N(=O)=O,P-1,False,295.0,highT,Oc1ccc(O)c(c1)C(=O)[O-],Nc1[nH+]cccc1N(=O)=O
UBEKAP,UBEKAP,at 295 K,Nc1ccc[nH+]c1Cl.O=N(=O)c1cc(c([O-])c(c1)N(=O)=O)N(=O)=O,P-1,False,295.0,highT,Nc1ccc[nH+]c1Cl,O=N(=O)c1cc(c([O-])c(c1)N(=O)=O)N(=O)=O
TUYKAB,TUYKAB,300 K,COc1cc(OC)cc(c1)C(=O)[O-].[NH3+]C(C)C(O)c1ccccc1,P21,False,300.0,highT,COc1cc(OC)cc(c1)C(=O)[O-],[NH3+]C(C)C(O)c1ccccc1
FEVKAV,FEVKAV,293 K,COc1cc(Cc2c[nH+]c(N)nc2N)cc(OC)c1OC.ClC1=C(SC=C1)C(=O)[O-],P21/c,False,293.0,highT,COc1cc(Cc2c[nH+]c(N)nc2N)cc(OC)c1OC,ClC1=C(SC=C1)C(=O)[O-]
QUBROV,QUBROV,at 292 K,OC(=O)c1ccccc1C(=O)[O-].[NH3+]c1ccc(Cl)cc1,P21/c,False,292.0,highT,OC(=O)c1ccccc1C(=O)[O-],[NH3+]c1ccc(Cl)cc1
VOVYEM,VOVYEM,298 K,[NH2+]=C1Nc2ccccc2S1.Clc1ccc(cc1)S(=O)(=O)[O-],P21/c,False,298.0,highT,[NH2+]=C1Nc2ccccc2S1,Clc1ccc(cc1)S(=O)(=O)[O-]
QANLEX,QANLEX,at 295 K,OC(=O)c1cc(ccc1O)S(=O)(=O)[O-].[NH3+]c1ccc(Br)cc1,Pbca,False,295.0,highT,OC(=O)c1cc(ccc1O)S(=O)(=O)[O-],[NH3+]c1ccc(Br)cc1
BASZAY,BASZAY,at 298 K,NC1=Nc2ccc(Br)cc2S1.OC(=O)C=CC(O)=O,P21/c,False,298.0,highT,NC1=Nc2ccc(Br)cc2S1,OC(=O)C=CC(O)=O
WUVMEG,WUVMEG,at 293 K,Nc1[nH+]c(CF)c(c(N)n1)c1cc(Cl)cc(Cl)c1Cl.CS(=O)(=O)[O-],P21,False,293.0,highT,Nc1[nH+]c(CF)c(c(N)n1)c1cc(Cl)cc(Cl)c1Cl,CS(=O)(=O)[O-]
LIGNEW,LIGNEW,291 K,OC(=O)c1cc(ccc1O)S(=O)(=O)[O-].ClCC[NH+]1CCCC1,P-1,False,291.0,highT,OC(=O)c1cc(ccc1O)S(=O)(=O)[O-],ClCC[NH+]1CCCC1
LIQQAF,LIQQAF,at 298 K,Cc1ccc(cc1)C1=CC(=NN1c1ccc(cc1)S(N)(=O)=O)C(F)(F)F.O=C1CCCCCCN1,P21/c,False,298.0,highT,Cc1ccc(cc1)C1=CC(=NN1c1ccc(cc1)S(N)(=O)=O)C(F)(F)F,O=C1CCCCCCN1
ROJKUY,ROJKUY,at 293 K,Nc1[nH+]nc(c(N)n1)c1cccc(Cl)c1Cl.O=C1[N-]S(=O)(=O)c2ccccc12,C2/c,False,293.0,highT,Nc1[nH+]nc(c(N)n1)c1cccc(Cl)c1Cl,O=C1[N-]S(=O)(=O)c2ccccc12
WEPDIF,WEPDIF,at 298 K,c1ccncc1.OC(=O)c1ccc(O)cc1,P21/c,False,298.0,highT,c1ccncc1,OC(=O)c1ccc(O)cc1
QEPXEP,QEPXEP,at 293 K,[NH3+]C(C(=O)OCc1ccccc1)c1ccccc1.Cc1ccc(cc1)S(=O)(=O)[O-],P21,False,293.0,highT,[NH3+]C(C(=O)OCc1ccccc1)c1ccccc1,Cc1ccc(cc1)S(=O)(=O)[O-]
FOWROZ,FOWROZ,at 296 K,[NH3+]C(C)(C)CC(C)=O.NS(=O)(=O)c1ccccc1C(=O)[O-],Pbca,False,296.0,highT,[NH3+]C(C)(C)CC(C)=O,NS(=O)(=O)c1ccccc1C(=O)[O-]
PUZZOZ,PUZZOZ,at 293 K,Cc1cccc(C)c1N.Oc1ccc2ccccc2c1c1c(O)ccc2ccccc12,C2/c,False,293.0,highT,Cc1cccc(C)c1N,Oc1ccc2ccccc2c1c1c(O)ccc2ccccc12
YIQWUU,YIQWUU,273 K,FC(F)(F)S(=O)(=O)[N-]S(=O)(=O)C(F)(F)F.Cc1[nH+]c2c(O)cccc2cc1,P-1,False,273.0,highT,FC(F)(F)S(=O)(=O)[N-]S(=O)(=O)C(F)(F)F,Cc1[nH+]c2c(O)cccc2cc1
EYURIC,EYURIC,296 K,NC(=O)c1nc(F)cnc1O.OC(=O)c1ccc(O)cc1,P21/c,False,296.0,highT,NC(=O)c1nc(F)cnc1O,OC(=O)c1ccc(O)cc1
XUYKEI,XUYKEI,at 294 K,c1cc(ccn1)c1ccncc1.Oc1ccc2C3c4ccc(O)cc4C(c2c1)c1cc(O)ccc31,C2/c,False,294.0,highT,c1cc(ccn1)c1ccncc1,Oc1ccc2C3c4ccc(O)cc4C(c2c1)c1cc(O)ccc31
FOSFOK,FOSFOK,298 K,Oc1cccc(O)c1.NNC(=O)c1ccncc1,P21/c,False,298.0,highT,Oc1cccc(O)c1,NNC(=O)c1ccncc1
HUWNUL,HUWNUL,295 K,[NH3+]C(CS)C(O)=O.CS(=O)(=O)[O-],P212121,False,295.0,highT,[NH3+]C(CS)C(O)=O,CS(=O)(=O)[O-]
KIRGEB,KIRGEB,296 K,S(Sc1ccncc1)c1ccncc1.Nc1cc(cc(c1)C(O)=O)C(O)=O,P21/c,False,296.0,highT,S(Sc1ccncc1)c1ccncc1,Nc1cc(cc(c1)C(O)=O)C(O)=O
ORILEI,ORILEI,296 K,CCOc1ccccc1C(N)=O.Cc1cccc(c1)C(O)=O,P21/n,False,296.0,highT,CCOc1ccccc1C(N)=O,Cc1cccc(c1)C(O)=O
UPOBIM,UPOBIM,293 K,FC(F)(F)C(=O)[O-].[NH3+]NC1CC(OC1=O)c1ccccc1,P21,False,293.0,highT,FC(F)(F)C(=O)[O-],[NH3+]NC1CC(OC1=O)c1ccccc1
XOTPUT,XOTPUT,at 293 K,Oc1ccc(cc1O)C(=O)[O-].Nc1c(Br)cc(Br)cc1C[NH2+]C1CCC(O)CC1,Cc,False,293.0,highT,Oc1ccc(cc1O)C(=O)[O-],Nc1c(Br)cc(Br)cc1C[NH2+]C1CCC(O)CC1
ORIKIL,ORIKIL,296 K,CCOc1ccccc1C(N)=O.OC(=O)c1cc(O)c(O)c(O)c1,P-1,False,296.0,highT,CCOc1ccccc1C(N)=O,OC(=O)c1cc(O)c(O)c(O)c1
HINJAT,HINJAT,293 K,CC1=C(C=C(C#N)C(=O)N1)c1cc[nH+]cc1.Fc1ccc(cc1)C(=O)[O-],P-1,False,293.0,highT,CC1=C(C=C(C#N)C(=O)N1)c1cc[nH+]cc1,Fc1ccc(cc1)C(=O)[O-]
FABXIT,FABXIT,293 K,FC(F)(F)S(=O)(=O)[N-]S(=O)(=O)C(F)(F)F.OC(=O)CN1C=C[N+](=C1)CC(O)=O,P6522,False,293.0,highT,FC(F)(F)S(=O)(=O)[N-]S(=O)(=O)C(F)(F)F,OC(=O)CN1C=C[N+](=C1)CC(O)=O
PASLOO,PASLOO,296 K,OC(=O)c1cccc(n1)C(=O)[O-].[NH3+]c1ccc(cc1)S(=O)(=O)N=C1NC=CS1,I2/a,False,296.0,highT,OC(=O)c1cccc(n1)C(=O)[O-],[NH3+]c1ccc(cc1)S(=O)(=O)N=C1NC=CS1
WAKKAV,WAKKAV,at 295 K,CC(C(O)c1ccccc1)N(C)C(=S)[S-].C[NH2+]C(C)C(O)c1ccccc1,P21,False,295.0,highT,CC(C(O)c1ccccc1)N(C)C(=S)[S-],C[NH2+]C(C)C(O)c1ccccc1
TACCUX,TACCUX,at 293 K,C(Cc1ccncc1)c1ccncc1.OC(=O)CCCCC(O)=O,P-1,False,293.0,highT,C(Cc1ccncc1)c1ccncc1,OC(=O)CCCCC(O)=O
NUMZON,NUMZON,298 K,CN(C)c1ccc(cc1)C(O)=O.Fc1c(F)c(F)c(N=Cc2ccncc2)c(F)c1F,P-1,False,298.0,highT,CN(C)c1ccc(cc1)C(O)=O,Fc1c(F)c(F)c(N=Cc2ccncc2)c(F)c1F
WADJUI,WADJUI,at 296 K,c1ccncc1.OC(=O)c1ccc(O)c(O)c1,P21/c,False,296.0,highT,c1ccncc1,OC(=O)c1ccc(O)c(O)c1
UBEHOA,UBEHOA,at 295 K,OC(=O)c1cc[nH+]cc1.O=N(=O)c1cc(c([O-])c(c1)N(=O)=O)N(=O)=O,P21/c,False,295.0,highT,OC(=O)c1cc[nH+]cc1,O=N(=O)c1cc(c([O-])c(c1)N(=O)=O)N(=O)=O
RATNIN,RATNIN,296.1 K,O=P([O-])(Oc1ccccc1)Oc1ccccc1.[NH3+]c1ccccc1Cl,P21,False,296.0,highT,O=P([O-])(Oc1ccccc1)Oc1ccccc1,[NH3+]c1ccccc1Cl
CAGQIO,CAGQIO,293 K,c1cc(ccn1)c1ccncc1.Oc1ccc2c(Oc3cc(O)ccc3C32OC(=O)c2ccccc32)c1,P21/a,False,293.0,highT,c1cc(ccn1)c1ccncc1,Oc1ccc2c(Oc3cc(O)ccc3C32OC(=O)c2ccccc32)c1
VAJPII,VAJPII,293 K,Oc1ccc2cc(ccc2c1)C(=O)[O-].CC1=CC(=O)NC(=[NH2+])N1,P21/c,False,293.0,highT,Oc1ccc2cc(ccc2c1)C(=O)[O-],CC1=CC(=O)NC(=[NH2+])N1
PEKSIJ,PEKSIJ,at 295 K,COC(=O)c1cc[nH+]cc1.Oc1ccc(O)c(c1)C(=O)[O-],P-1,False,295.0,highT,COC(=O)c1cc[nH+]cc1,Oc1ccc(O)c(c1)C(=O)[O-]
UBESAV,UBESAV,at 297 K,O=S(=O)([O-])c1ccccc1.NC(=[NH2+])O,C2/c,False,297.0,highT,O=S(=O)([O-])c1ccccc1,NC(=[NH2+])O
IRAGAL,IRAGAL,296 K,OC(=O)CSCC(=O)[O-].Nc1[nH+]c(N)nc(n1)c1ccc(Br)cc1,P-1,False,296.0,highT,OC(=O)CSCC(=O)[O-],Nc1[nH+]c(N)nc(n1)c1ccc(Br)cc1
ULESUB,ULESUB,295 K,c1cc(ccn1)c1ccncc1.BrN1C(=O)CCC1=O,P21/c,False,295.0,highT,c1cc(ccn1)c1ccncc1,BrN1C(=O)CCC1=O
BATDUX,BATDUX,at 298 K,Cc1ccc2ccccc2n1.OC(=O)C=CC(O)=O,P21/n,False,298.0,highT,Cc1ccc2ccccc2n1,OC(=O)C=CC(O)=O
QUYJEA,QUYJEA,at 297 K,Nc1ccc(cc1)C(O)=O.C(Cc1ccncc1)c1ccncc1,P21/c,False,297.0,highT,Nc1ccc(cc1)C(O)=O,C(Cc1ccncc1)c1ccncc1
CAPKEL,CAPKEL,at 296 K,[NH3+]C(C)C(O)=O.O=N(=O)c1cc(c([O-])c(c1)N(=O)=O)N(=O)=O,P21,False,296.0,highT,[NH3+]C(C)C(O)=O,O=N(=O)c1cc(c([O-])c(c1)N(=O)=O)N(=O)=O
VAVYUQ,VAVYUQ,293 K,Oc1ccc(Cl)cc1C(=O)[O-].COc1cc(C)[nH+]c(N)n1,P-1,False,293.0,highT,Oc1ccc(Cl)cc1C(=O)[O-],COc1cc(C)[nH+]c(N)n1
VEVFUZ,VEVFUZ,at 295 K,N#CC(C#N)=C1C=CC(C=C1)=C(C#N)C#N.CC1=NN(c2ccccc2)C(=C1C(=O)c1ccccc1)O,P-1,False,295.0,highT,N#CC(C#N)=C1C=CC(C=C1)=C(C#N)C#N,CC1=NN(c2ccccc2)C(=C1C(=O)c1ccccc1)O
YERXUP,YERXUP,at 298 K,OC1=C(Cl)C(=O)C(=C(Cl)C1=O)[O-].OC(=O)c1cc[nH+]cc1,P21/n,False,298.0,highT,OC1=C(Cl)C(=O)C(=C(Cl)C1=O)[O-],OC(=O)c1cc[nH+]cc1
VEGHOH,VEGHOH,291.8 K,NNC(=O)c1ccncc1.OC(=O)c1cc(C(O)=O)c(cc1C(O)=O)C(O)=O,Ia,False,291.0,highT,NNC(=O)c1ccncc1,OC(=O)c1cc(C(O)=O)c(cc1C(O)=O)C(O)=O
KAXSOT,KAXSOT,at 293 K,NC(=O)c1ccncc1.COc1ccc2cccc(CCNC(C)=O)c2c1,P212121,False,293.0,highT,NC(=O)c1ccncc1,COc1ccc2cccc(CCNC(C)=O)c2c1
RACBED,RACBED,at 298 K,Oc1c[nH+]ccc1.Oc1ccc(O)c(c1)C(=O)[O-],P21/c,False,298.0,highT,Oc1c[nH+]ccc1,Oc1ccc(O)c(c1)C(=O)[O-]
KUQXAY,KUQXAY,299.8 K,BrC1=C(Br)C(=O)C(=C(C#N)C1=O)C#N.S1c2ccccc2c2ccccc12,Pn,False,299.0,highT,BrC1=C(Br)C(=O)C(=C(C#N)C1=O)C#N,S1c2ccccc2c2ccccc12
NORTAS,NORTAS,296 K,c1ccc2nc3ccccc3nc2c1.Oc1ccccc1O,P-1,False,296.0,highT,c1ccc2nc3ccccc3nc2c1,Oc1ccccc1O
HOLWAI,HOLWAI,at 296 K,CN1C=NC2=C1C(=O)N(C)C(=O)N2C.CC(=CC(O)=O)C(O)=O,Pbca,False,296.0,highT,CN1C=NC2=C1C(=O)N(C)C(=O)N2C,CC(=CC(O)=O)C(O)=O
WUVXEQ,WUVXEQ,at 273 K,O=C(NC(=S)NNC(=S)NC(=O)c1ccccc1)c1ccccc1.CS(C)=O,P21/n,False,273.0,highT,O=C(NC(=S)NNC(=S)NC(=O)c1ccccc1)c1ccccc1,CS(C)=O
IRAMEV01,IRAMEV01,293 K,OC(=O)CCC(O)=O.COc1cccc(C=Nc2cccnc2)c1O,I2/a,False,293.0,highT,OC(=O)CCC(O)=O,COc1cccc(C=Nc2cccnc2)c1O
WUXYAQ,WUXYAQ,at 296 K,OC(C(O)C(=O)Nc1c[nH+]ccc1)C(=O)Nc1c[nH+]ccc1.OC(=O)c1cc(C(=O)[O-])c(cc1C(=O)[O-])C(O)=O,P21,False,296.0,highT,OC(C(O)C(=O)Nc1c[nH+]ccc1)C(=O)Nc1c[nH+]ccc1,OC(=O)c1cc(C(=O)[O-])c(cc1C(=O)[O-])C(O)=O
HOGLIB,HOGLIB,298.1 K,c1cc(ccn1)C=Cc1ccncc1.Oc1c(Br)cc(Br)cc1Br,P21/n,False,298.0,highT,c1cc(ccn1)C=Cc1ccncc1,Oc1c(Br)cc(Br)cc1Br
LEWQUB,LEWQUB,298 K,CC1(C)C2CCC1(CS(=O)(=O)[O-])C(=O)C2.[NH3+]C(C(O)c1ccccc1)c1ccccc1,P21,False,298.0,highT,CC1(C)C2CCC1(CS(=O)(=O)[O-])C(=O)C2,[NH3+]C(C(O)c1ccccc1)c1ccccc1
LIPZOA,LIPZOA,at 293 K,[NH2+]1CCOCC1.O=N(=O)c1ccc([O-])c(c1)N(=O)=O,P-1,False,293.0,highT,[NH2+]1CCOCC1,O=N(=O)c1ccc([O-])c(c1)N(=O)=O
OYUHAU,OYUHAU,293 K,OC(C(O)C(=O)[O-])C(O)=O.[NH3+]CCCC(O)=O,P21,False,293.0,highT,OC(C(O)C(=O)[O-])C(O)=O,[NH3+]CCCC(O)=O
AXAKOA,AXAKOA,at 293 K,C[NH+](Cc1cc(Br)cc(Br)c1N)C1CCCCC1.Cc1ccc(cc1)S(=O)(=O)[O-],P21/c,False,293.0,highT,C[NH+](Cc1cc(Br)cc(Br)c1N)C1CCCCC1,Cc1ccc(cc1)S(=O)(=O)[O-]
XUBVEW,XUBVEW,at 293 K,OC(=O)CCC(O)=O.S(Sc1ccccn1)c1ccccn1,C2/c,False,293.0,highT,OC(=O)CCC(O)=O,S(Sc1ccccn1)c1ccccn1
ERELIZ,ERELIZ,293 K,NC(N)=S.COC(=O)C=Cc1ccncc1,P21/c,False,293.0,highT,NC(N)=S,COC(=O)C=Cc1ccncc1
TIKPAF,TIKPAF,at 298 K,Nc1ccc(cc1)c1ccc(N)cc1.O=S(c1ccccc1)c1ccccc1,C2/c,False,298.0,highT,Nc1ccc(cc1)c1ccc(N)cc1,O=S(c1ccccc1)c1ccccc1
GEFDOO,GEFDOO,298 K,CC1=CNC(=[NH2+])S1.Clc1ccc(cc1)S(=O)(=O)[O-],Pbca,False,298.0,highT,CC1=CNC(=[NH2+])S1,Clc1ccc(cc1)S(=O)(=O)[O-]
KADFUR,KADFUR,at 293 K,COc1cc(Cc2c[nH+]c(N)nc2N)cc(OC)c1OC.CC=CC=CC(=O)[O-],P-1,False,293.0,highT,COc1cc(Cc2c[nH+]c(N)nc2N)cc(OC)c1OC,CC=CC=CC(=O)[O-]
NIJHEV,NIJHEV,296 K,Nc1nc(N)nc(n1)c1ccccc1.OC(=O)CCCCC(O)=O,C2/c,False,296.0,highT,Nc1nc(N)nc(n1)c1ccccc1,OC(=O)CCCCC(O)=O
CENLIT,CENLIT,298 K,OC(=O)c1cc(O)cc(O)c1.c1ccc2nc3ccccc3cc2c1,P21/c,False,298.0,highT,OC(=O)c1cc(O)cc(O)c1,c1ccc2nc3ccccc3cc2c1
KICWEA01,KICWEA01,300 K,CCc1[nH+]c(N)nc(N)c1c1ccc(Cl)cc1.O=C1[N-]S(=O)(=O)c2ccccc12,P21/c,False,300.0,highT,CCc1[nH+]c(N)nc(N)c1c1ccc(Cl)cc1,O=C1[N-]S(=O)(=O)c2ccccc12
PEKTAC,PEKTAC,at 295 K,OC(=O)c1cc(O)ccc1O.N#Cc1ccncc1,Cc,False,295.0,highT,OC(=O)c1cc(O)ccc1O,N#Cc1ccncc1
QAFSAU,QAFSAU,298 K,OC(=O)c1cc(O)cc(O)c1.CN(C)c1ccc(C=O)cc1,P-1,False,298.0,highT,OC(=O)c1cc(O)cc(O)c1,CN(C)c1ccc(C=O)cc1
TOJNOY,TOJNOY,295 K,CC1(C)C(CCC1(C)C(O)=O)C(=O)[O-].[NH3+]C(C(N)=O)c1ccccc1,P212121,False,295.0,highT,CC1(C)C(CCC1(C)C(O)=O)C(=O)[O-],[NH3+]C(C(N)=O)c1ccccc1
GEFGEH,GEFGEH,298 K,CC1=CNC(=[NH2+])S1.Clc1ccc(C(=O)[O-])c(c1)N(=O)=O,P-1,False,298.0,highT,CC1=CNC(=[NH2+])S1,Clc1ccc(C(=O)[O-])c(c1)N(=O)=O
EFOMOB,EFOMOB,at 293 K,CNC(O)=[NH+]C.O=N(=O)c1cc(c([O-])c(c1)N(=O)=O)N(=O)=O,P-1,False,293.0,highT,CNC(O)=[NH+]C,O=N(=O)c1cc(c([O-])c(c1)N(=O)=O)N(=O)=O
USAKOP,USAKOP,at 273 K,OB(O)c1ccc(O)cc1.c1ccc2nc3ccccc3nc2c1,P21/n,False,273.0,highT,OB(O)c1ccc(O)cc1,c1ccc2nc3ccccc3nc2c1
YECXEN,YECXEN,298 K,NC1=[NH+]C(=O)NC=C1.CN1C(=O)N(C)C2=C(N(CC(=O)[O-])C=N2)C1=O,P21/c,False,298.0,highT,NC1=[NH+]C(=O)NC=C1,CN1C(=O)N(C)C2=C(N(CC(=O)[O-])C=N2)C1=O
MAHKEN,MAHKEN,at 293 K,COc1cc(C=O)ccc1O.c1ccc2nc3ccccc3cc2c1,Pnma,False,293.0,highT,COc1cc(C=O)ccc1O,c1ccc2nc3ccccc3cc2c1
JEDZOL,JEDZOL,298 K,O=C1CCC(=O)N1.CC1=CC(=NO1)NS(=O)(=O)c1ccc(N)cc1,P21/c,False,298.0,highT,O=C1CCC(=O)N1,CC1=CC(=NO1)NS(=O)(=O)c1ccc(N)cc1
UFIFAQ01,UFIFAQ01,at 295.1 K,c1ccccc1.Oc1cc(O)cc(c1)c1c2ccccc2nc2ccccc12,P21/n,False,295.0,highT,c1ccccc1,Oc1cc(O)cc(c1)c1c2ccccc2nc2ccccc12
ATOLOL,ATOLOL,at 300 K,[NH3+]CC(O)c1ccc(O)cc1.OC1=C([O-])C(=O)C1=O,P21/n,False,300.0,highT,[NH3+]CC(O)c1ccc(O)cc1,OC1=C([O-])C(=O)C1=O
HAYVOT,HAYVOT,at 295 K,Nc1ccc(cc1)C1=Nc2cc3N=C(Oc3cc2O1)c1ccc(N)cc1.CN1CCCC1=O,P-1,False,295.0,highT,Nc1ccc(cc1)C1=Nc2cc3N=C(Oc3cc2O1)c1ccc(N)cc1,CN1CCCC1=O
CEQDEL,CEQDEL,295 K,OC(=O)c1cc(O)cc(O)c1.OC(CN1C=NC=N1)(CN1C=NC=N1)c1ccc(F)cc1F,P21/n,False,295.0,highT,OC(=O)c1cc(O)cc(O)c1,OC(CN1C=NC=N1)(CN1C=NC=N1)c1ccc(F)cc1F
DOTGOJ,DOTGOJ,at 298 K,O=C1NN=C([O-])C=C1.NC1=[NH+]C(=O)NC=C1,P-1,False,298.0,highT,O=C1NN=C([O-])C=C1,NC1=[NH+]C(=O)NC=C1
XAGXIQ,XAGXIQ,296 K,Clc1ccccc1C(=O)[O-].COc1ccccc1N1CC[NH2+]CC1,P21/c,False,296.0,highT,Clc1ccccc1C(=O)[O-],COc1ccccc1N1CC[NH2+]CC1
EMUROU,EMUROU,at 293 K,O=N(=O)c1ccc([O-])cc1.[NH3+]C(CC1=C[NH+]=CN1)C(=O)[O-],P21,False,293.0,highT,O=N(=O)c1ccc([O-])cc1,[NH3+]C(CC1=C[NH+]=CN1)C(=O)[O-]
AKIBOM,AKIBOM,at 300 K,O=P(c1ccccc1)(c1ccccc1)c1ccccc1.NC(=S)c1ccccc1,P-1,False,300.0,highT,O=P(c1ccccc1)(c1ccccc1)c1ccccc1,NC(=S)c1ccccc1
CUXZOM,CUXZOM,298 K,[NH3+]C(C)(CO)CO.Oc1ccc(cc1C(=O)[O-])c1ccc(F)cc1F,P21/c,False,298.0,highT,[NH3+]C(C)(CO)CO,Oc1ccc(cc1C(=O)[O-])c1ccc(F)cc1F
IYUVAA,IYUVAA,at 298 K,c1cc(ccn1)C=Cc1ccncc1.Oc1cc(O)cc(c1)C#N,P-1,False,298.0,highT,c1cc(ccn1)C=Cc1ccncc1,Oc1cc(O)cc(c1)C#N
YEXFUD,YEXFUD,at 273 K,OC(=O)c1ccccc1C(=O)[O-].Nc1[nH+]nc(c(N)n1)c1cccc(Cl)c1Cl,P-1,False,273.0,highT,OC(=O)c1ccccc1C(=O)[O-],Nc1[nH+]nc(c(N)n1)c1cccc(Cl)c1Cl
XIBDUJ,XIBDUJ,at 295 K,NC(=[NH2+])NC(N)=S.Oc1ccc(cc1)C(=O)[O-],P21/c,False,295.0,highT,NC(=[NH2+])NC(N)=S,Oc1ccc(cc1)C(=O)[O-]
YIFXOB,YIFXOB,at 299 K,OC(=O)c1cc(ccc1O)S(=O)(=O)[O-].NNC(=O)c1cc[nH+]cc1,Pbca,False,299.0,highT,OC(=O)c1cc(ccc1O)S(=O)(=O)[O-],NNC(=O)c1cc[nH+]cc1
LIDNUK,LIDNUK,296 K,OC(=O)c1cccc(c1)C#N.NC(=O)c1ccc(O)cc1,P21/c,False,296.0,highT,OC(=O)c1cccc(c1)C#N,NC(=O)c1ccc(O)cc1
CIXMIH,CIXMIH,at 298 K,OC(=O)CC(=O)[O-].[NH2+]=C1Nc2ccc(Br)cc2S1,P21/c,False,298.0,highT,OC(=O)CC(=O)[O-],[NH2+]=C1Nc2ccc(Br)cc2S1
YEFDOE,YEFDOE,at 298 K,CC1(C)[NH2+]C(C)(C)CN(O)C1.O=N(=O)c1cc(c([O-])c(c1)N(=O)=O)N(=O)=O,P21/c,False,298.0,highT,CC1(C)[NH2+]C(C)(C)CN(O)C1,O=N(=O)c1cc(c([O-])c(c1)N(=O)=O)N(=O)=O
ONAPOJ,ONAPOJ,at 293 K,CC1=C(O)C(=O)C=CN1c1ccc(N)cc1.CCOC(C)=O,C2/c,False,293.0,highT,CC1=C(O)C(=O)C=CN1c1ccc(N)cc1,CCOC(C)=O
YOVMEE,YOVMEE,293 K,OC(=O)C=CC(O)=O.CN(C)C1=C(C)N(C)N(c2ccccc2)C1=O,P-1,False,293.0,highT,OC(=O)C=CC(O)=O,CN(C)C1=C(C)N(C)N(c2ccccc2)C1=O
RAMKOJ,RAMKOJ,293 K,OC(=O)COc1ccc(Cl)cc1Cl.NC(=O)c1cnccn1,P21/n,False,293.0,highT,OC(=O)COc1ccc(Cl)cc1Cl,NC(=O)c1cnccn1
ROMLOV,ROMLOV,at 293 K,C[N+](C)=Cc1ccc(O)cc1O.ClP(Cl)(=O)[O-],P-1,False,293.0,highT,C[N+](C)=Cc1ccc(O)cc1O,ClP(Cl)(=O)[O-]
NIWQOC,NIWQOC,293 K,N#Cc1cc(C#N)c(cc1C#N)C#N.CC(=O)c1cc2ccccc2c2ccccc12,P21/n,False,293.0,highT,N#Cc1cc(C#N)c(cc1C#N)C#N,CC(=O)c1cc2ccccc2c2ccccc12
MEBHAD,MEBHAD,at 294 K,CN(C)C=O.COc1ccc(cc1)c1c(C#N)c(N)nc(N)c1C#N,P-1,False,294.0,highT,CN(C)C=O,COc1ccc(cc1)c1c(C#N)c(N)nc(N)c1C#N
SECWEE,SECWEE,at 293 K,Nc1[nH+]cc(Cl)cc1.Nc1ccc(cc1)C(=O)[O-],P21/n,False,293.0,highT,Nc1[nH+]cc(Cl)cc1,Nc1ccc(cc1)C(=O)[O-]
POHFAU,POHFAU,at 293 K,ClCC(=O)[O-].OC(=O)C1CC[NH2+]CC1,Pna21,False,293.0,highT,ClCC(=O)[O-],OC(=O)C1CC[NH2+]CC1
MIJDIU,MIJDIU,at 298 K,CS(=O)(=O)[O-].COC(=O)NC1=[NH+]c2cc(ccc2N1)C(=O)c1ccccc1,P-1,False,298.0,highT,CS(=O)(=O)[O-],COC(=O)NC1=[NH+]c2cc(ccc2N1)C(=O)c1ccccc1
LIGNUN,LIGNUN,293 K,NC1=[NH+]c2ccccc2S1.O=C([O-])C1=CC=CO1,P21/c,False,293.0,highT,NC1=[NH+]c2ccccc2S1,O=C([O-])C1=CC=CO1
ULAJAV,ULAJAV,293 K,c1ccc(nc1)c1ccccn1.Oc1ccc(Cl)c(O)c1,Pna21,False,293.0,highT,c1ccc(nc1)c1ccccn1,Oc1ccc(Cl)c(O)c1
WOKXIF,WOKXIF,294 K,Nc1[nH+]nc(c(N)n1)c1cccc(Cl)c1Cl.Oc1ccc(O)c(c1)C(=O)[O-],P-1,False,294.0,highT,Nc1[nH+]nc(c(N)n1)c1cccc(Cl)c1Cl,Oc1ccc(O)c(c1)C(=O)[O-]
NAWZAQ,NAWZAQ,293 K,[NH3+]Cc1ccccc1O.O=C([O-])c1ccccc1N(=O)=O,P21/c,False,293.0,highT,[NH3+]Cc1ccccc1O,O=C([O-])c1ccccc1N(=O)=O
QIRRAM,QIRRAM,at 295 K,OC(=O)c1cc(ccc1O)S(=O)(=O)[O-].NC(=[NH2+])O,P-1,False,295.0,highT,OC(=O)c1cc(ccc1O)S(=O)(=O)[O-],NC(=[NH2+])O
JUWHUG,JUWHUG,296 K,OC(=O)C=CC(O)=O.ON=Cc1ccnc2ccccc12,P21/n,False,296.0,highT,OC(=O)C=CC(O)=O,ON=Cc1ccnc2ccccc12
CEHBAU,CEHBAU,at 295 K,[NH3+]c1ccc(cc1)N(=O)=O.Cc1ccc(cc1)S(=O)(=O)[O-],P21/n,False,295.0,highT,[NH3+]c1ccc(cc1)N(=O)=O,Cc1ccc(cc1)S(=O)(=O)[O-]
UPEDEA,UPEDEA,296 K,Nc1[nH+]c(nc(N)n1)c1ccc(Br)cc1.OC(=O)CC(=O)[O-],P21/n,False,296.0,highT,Nc1[nH+]c(nc(N)n1)c1ccc(Br)cc1,OC(=O)CC(=O)[O-]
HEGHEJ,HEGHEJ,296 K,OC(=O)CCN1C(=O)c2ccccc2C1=O.c1ccc(nc1)c1ccccn1,P21/n,False,296.0,highT,OC(=O)CCN1C(=O)c2ccccc2C1=O,c1ccc(nc1)c1ccccn1
TAZKAJ,TAZKAJ,293 K,c1cnc2c(c1)ccc1cccnc21.OB(O)c1c(F)cccc1F,P21/n,False,293.0,highT,c1cnc2c(c1)ccc1cccnc21,OB(O)c1c(F)cccc1F
TUPTUU01,TUPTUU01,at 293 K,Nc1[nH+]cc(Cl)cc1.Oc1ccccc1C(=O)[O-],P21/n,False,293.0,highT,Nc1[nH+]cc(Cl)cc1,Oc1ccccc1C(=O)[O-]
XAZSID,XAZSID,293 K,NC(N)=S.OC(=O)CCCC(O)=O,Pc21n,False,293.0,highT,NC(N)=S,OC(=O)CCCC(O)=O
HAGGUU,HAGGUU,296 K,NC(N)=O.c1ccc(C=Cc2ccccn2)nc1,P21/n,False,296.0,highT,NC(N)=O,c1ccc(C=Cc2ccccn2)nc1
HUHDUK01,HUHDUK01,298 K,OC(=O)c1ccc(O)cc1O.c1cc(ccn1)C=Cc1ccncc1,P1,False,298.0,highT,OC(=O)c1ccc(O)cc1O,c1cc(ccn1)C=Cc1ccncc1
ELEGUY01,ELEGUY01,at 293 K,c1cc(ccn1)c1ccncc1.OC(=O)CCC(=O)CCC(O)=O,P21/n,False,293.0,highT,c1cc(ccn1)c1ccncc1,OC(=O)CCC(=O)CCC(O)=O
GAZSOT,GAZSOT,293 K,OC(=O)C1CCCCC1C(=O)[O-].CC1=C[NH+]=C(N)S1,P21/c,False,293.0,highT,OC(=O)C1CCCCC1C(=O)[O-],CC1=C[NH+]=C(N)S1
DATQEV,DATQEV,at 293 K,c1cc(ccn1)c1ccncc1.Oc1ccc(Cl)cc1Sc1cc(Cl)ccc1O,P21/c,False,293.0,highT,c1cc(ccn1)c1ccncc1,Oc1ccc(Cl)cc1Sc1cc(Cl)ccc1O
INEXIJ,INEXIJ,at 298 K,C(CCN1C=CN=C1)CN1C=CN=C1.OC(=O)CCCCCCCCC(O)=O,P-1,False,298.0,highT,C(CCN1C=CN=C1)CN1C=CN=C1,OC(=O)CCCCCCCCC(O)=O
BULLAX,BULLAX,293 K,Oc1cccc(O)c1.c1cc(ccn1)N=Nc1ccncc1,P-1,False,293.0,highT,Oc1cccc(O)c1,c1cc(ccn1)N=Nc1ccncc1
DIRNUP,DIRNUP,at 298 K,O=C1NC(=O)[N-]C(=O)N1.OCC[NH2+]Cc1ccccc1,C2/c,False,298.0,highT,O=C1NC(=O)[N-]C(=O)N1,OCC[NH2+]Cc1ccccc1
XANPOT,XANPOT,at 296 K,O=N(=O)N=C1[N-]N=NN1OCCON1N=N[N-]C1=NN(=O)=O.[NH3+]NC(=O)N[NH3+],P-1,False,296.0,highT,O=N(=O)N=C1[N-]N=NN1OCCON1N=N[N-]C1=NN(=O)=O,[NH3+]NC(=O)N[NH3+]
XEQCUT,XEQCUT,at 298 K,Oc1cccc(O)c1.c1cc(ccn1)c1cncnc1,C2/c,False,298.0,highT,Oc1cccc(O)c1,c1cc(ccn1)c1cncnc1
FOHDIQ,FOHDIQ,at 298 K,OC(=O)CNC(=S)NC(=O)c1ccccc1.CS(C)=O,P21,False,298.0,highT,OC(=O)CNC(=S)NC(=O)c1ccccc1,CS(C)=O
ASAVUL,ASAVUL,at 296.2 K,ClC1=CC(C(=CC1=C(C#N)C#N)Cl)=C(C#N)C#N.C1COC2=C(O1)SC(S2)=C1SC2=C(OCCO2)S1,P21/n,False,296.0,highT,ClC1=CC(C(=CC1=C(C#N)C#N)Cl)=C(C#N)C#N,C1COC2=C(O1)SC(S2)=C1SC2=C(OCCO2)S1
ZARHUX,ZARHUX,at 297 K,[NH3+]c1ccccc1O.O=C([O-])c1cc(cc(c1)N(=O)=O)N(=O)=O,P21,False,297.0,highT,[NH3+]c1ccccc1O,O=C([O-])c1cc(cc(c1)N(=O)=O)N(=O)=O
PARXEM,PARXEM,at 293 K,O=C([O-])c1cccc(c1)N(=O)=O.CCc1[nH+]c(N)nc(N)c1c1ccc(Cl)cc1,P-1,False,293.0,highT,O=C([O-])c1cccc(c1)N(=O)=O,CCc1[nH+]c(N)nc(N)c1c1ccc(Cl)cc1
EHETOD,EHETOD,293 K,CN1C(=O)C(=O)c2ccccc12.NC1=Nc2ccccc2S1,P-1,False,293.0,highT,CN1C(=O)C(=O)c2ccccc12,NC1=Nc2ccccc2S1
OFIDIU,OFIDIU,300.1 K,OC(=O)C(=O)[O-].C[NH2+]CCC1=CNc2ccc(O)cc12,Pn,False,300.0,highT,OC(=O)C(=O)[O-],C[NH2+]CCC1=CNc2ccc(O)cc12
QIPMEK,QIPMEK,293 K,O=N(=O)c1cc(c([O-])c(c1)N(=O)=O)N(=O)=O.CCC[P+](C)(C)C,P21/c,False,293.0,highT,O=N(=O)c1cc(c([O-])c(c1)N(=O)=O)N(=O)=O,CCC[P+](C)(C)C
VEJZOC,VEJZOC,300 K,c1cc(ccn1)C=Cc1ccncc1.NS(=O)(=O)c1cc2c(NC=NS2(=O)=O)cc1Cl,P-1,False,300.0,highT,c1cc(ccn1)C=Cc1ccncc1,NS(=O)(=O)c1cc2c(NC=NS2(=O)=O)cc1Cl
SECYEH,SECYEH,295 K,c1ccncc1.BrN1C(=O)CCC1=O,P21/n,False,295.0,highT,c1ccncc1,BrN1C(=O)CCC1=O
NUMYOM,NUMYOM,304 K,OC(=O)c1ccc(Br)cc1.Fc1c(F)c(F)c(N=Cc2ccncc2)c(F)c1F,P-1,False,304.0,highT,OC(=O)c1ccc(Br)cc1,Fc1c(F)c(F)c(N=Cc2ccncc2)c(F)c1F
AQEJEO,AQEJEO,296 K,OC(=O)c1ccccc1O.NC(=O)c1ccccc1O,Pna21,False,296.0,highT,OC(=O)c1ccccc1O,NC(=O)c1ccccc1O
ZITJIX,ZITJIX,at 293 K,CN(C)C=O.CC1=C(C=O)C(=O)NC2(CCCCC2)N1,P21/c,False,293.0,highT,CN(C)C=O,CC1=C(C=O)C(=O)NC2(CCCCC2)N1
LORNEM,LORNEM,at 295 K,COc1cc(OC)c2[nH+]c3ccccc3c(Cl)c2c1.FC(F)(F)S(=O)(=O)[O-],P21/c,False,295.0,highT,COc1cc(OC)c2[nH+]c3ccccc3c(Cl)c2c1,FC(F)(F)S(=O)(=O)[O-]
ZAQTUG,ZAQTUG,at -100 deg.C,CN(c1ccccc1)C1=NC(=NC1(C)C)C(F)(F)F.NC(=O)C(F)(F)F,P21/n,False,373.0,highT,CN(c1ccccc1)C1=NC(=NC1(C)C)C(F)(F)F,NC(=O)C(F)(F)F
EMIQEZ,EMIQEZ,294 K,OC(=O)CCC#C.C(Cc1ccncc1)c1ccncc1,P-1,False,294.0,highT,OC(=O)CCC#C,C(Cc1ccncc1)c1ccncc1
WANDIZ,WANDIZ,at 293 K,O1C(=NN=C1c1cccnc1)c1cccnc1.OC(=O)c1cc(C(O)=O)c(cc1C(O)=O)C(O)=O,C2/c,False,293.0,highT,O1C(=NN=C1c1cccnc1)c1cccnc1,OC(=O)c1cc(C(O)=O)c(cc1C(O)=O)C(O)=O
JIQFAT,JIQFAT,296 K,Oc1ccccc1C(=O)[O-].[NH3+]CC1CCC(CC1)C(O)=O,P21/n,False,296.0,highT,Oc1ccccc1C(=O)[O-],[NH3+]CC1CCC(CC1)C(O)=O
PEGMOF,PEGMOF,at 294 K,[NH3+]C(CC1=C[NH+]=CN1)C(=O)[O-].O=C([O-])c1ccccc1N(=O)=O,P21,False,294.0,highT,[NH3+]C(CC1=C[NH+]=CN1)C(=O)[O-],O=C([O-])c1ccccc1N(=O)=O
RUKHAH,RUKHAH,at 295 K,NC(=S)NN=Cc1cc[nH+]cc1.FC(F)(F)S(=O)(=O)[O-],P21/c,False,295.0,highT,NC(=S)NN=Cc1cc[nH+]cc1,FC(F)(F)S(=O)(=O)[O-]
FIWWIT,FIWWIT,at 296 K,O=C([O-])c1ccc(cc1)N(=O)=O.[NH3+]C(CCCNC(N)=[NH2+])C(=O)[O-],P21,False,296.0,highT,O=C([O-])c1ccc(cc1)N(=O)=O,[NH3+]C(CCCNC(N)=[NH2+])C(=O)[O-]
XOJNAM,XOJNAM,at 298 K,Cc1cc(C)nc(N)n1.OC(=O)c1cccc(F)c1F,C2/c,False,298.0,highT,Cc1cc(C)nc(N)n1,OC(=O)c1cccc(F)c1F
GANYIE01,GANYIE01,at 293 K,CN1C=NC2=C1C(=O)N(C)C(=O)N2C.OC(=O)C=CC(O)=O,Pc,False,293.0,highT,CN1C=NC2=C1C(=O)N(C)C(=O)N2C,OC(=O)C=CC(O)=O
LOQWUM01,LOQWUM01,293 K,[2H]OC(=O)c1c(F)c(F)c(c(F)c1F)C(=O)[O-].[2H][n+]1ccccc1C,P21/c,False,293.0,highT,[2H]OC(=O)c1c(F)c(F)c(c(F)c1F)C(=O)[O-],[2H][n+]1ccccc1C
OTIGAA,OTIGAA,at 293 K,C[N+](C)(C)CCCl.Cc1cc(Cl)ccc1OCC(=O)[O-],P21/c,False,293.0,highT,C[N+](C)(C)CCCl,Cc1cc(Cl)ccc1OCC(=O)[O-]
VUSMAY,VUSMAY,at 298 K,OC(C(O)C(=O)[O-])C(O)=O.CCOC(=O)C1C[NH2+]CCC1,P212121,False,298.0,highT,OC(C(O)C(=O)[O-])C(O)=O,CCOC(=O)C1C[NH2+]CCC1
KOXWEB,KOXWEB,296 K,Nc1[nH+]cc(Cl)cc1.O=C([O-])c1ccccn1,P21/c,False,296.0,highT,Nc1[nH+]cc(Cl)cc1,O=C([O-])c1ccccn1
JUWHOA,JUWHOA,296 K,OC(=O)CCC(O)=O.ON=Cc1ccnc2ccccc12,P21/n,False,296.0,highT,OC(=O)CCC(O)=O,ON=Cc1ccnc2ccccc12
ODIDEN,ODIDEN,296 K,OC(=O)c1cc(O)cc(O)c1.CCOc1ccccc1C(N)=O,P-1,False,296.0,highT,OC(=O)c1cc(O)cc(O)c1,CCOc1ccccc1C(N)=O
UKIVAO,UKIVAO,298 K,OC(=O)C1CCCCC1C(=O)[O-].Cc1cccc2SC(=[NH+]c12)N,P21/n,False,298.0,highT,OC(=O)C1CCCCC1C(=O)[O-],Cc1cccc2SC(=[NH+]c12)N
SARQOV,SARQOV,298 K,NS(=O)(=O)c1cc(C(O)=O)c(NCC2=CC=CO2)cc1Cl.CCOc1ccccc1C(N)=O,P21/c,False,298.0,highT,NS(=O)(=O)c1cc(C(O)=O)c(NCC2=CC=CO2)cc1Cl,CCOc1ccccc1C(N)=O
EGENOV,EGENOV,at 296 K,NS(=O)(=O)c1cc2c(NCNS2(=O)=O)cc1Cl.c1cc(ccn1)c1ccncc1,P21/n,False,296.0,highT,NS(=O)(=O)c1cc2c(NCNS2(=O)=O)cc1Cl,c1cc(ccn1)c1ccncc1
SAXPAK,SAXPAK,at 298 K,NC(=O)c1ccncc1.Cc1ccc(Cl)c(Nc2ccccc2C(O)=O)c1Cl,P21/c,False,298.0,highT,NC(=O)c1ccncc1,Cc1ccc(Cl)c(Nc2ccccc2C(O)=O)c1Cl
YAWKEQ,YAWKEQ,296 K,Cc1ccc(cc1)C1=CC(F)(F)C(=O)Nc2ccccc12.Cc1ccccc1,P21/n,False,296.0,highT,Cc1ccc(cc1)C1=CC(F)(F)C(=O)Nc2ccccc12,Cc1ccccc1
VELWOB,VELWOB,295 K,c1cc(ccn1)c1ccncc1.BrN1C(=O)c2ccccc2C1=O,P21/c,False,295.0,highT,c1cc(ccn1)c1ccncc1,BrN1C(=O)c2ccccc2C1=O
OFEGIT,OFEGIT,285 K,OC(=O)c1cc(Cl)ccc1O.NC(=O)N1c2ccccc2C=Cc2ccccc12,P21/n,False,285.0,highT,OC(=O)c1cc(Cl)ccc1O,NC(=O)N1c2ccccc2C=Cc2ccccc12
ZEXJOE,ZEXJOE,298 K,OC(=O)c1ccc(O)c(O)c1.Oc1ccc(Br)cc1C=Nc1cccnc1,P-1,False,298.0,highT,OC(=O)c1ccc(O)c(O)c1,Oc1ccc(Br)cc1C=Nc1cccnc1
YEPKAI,YEPKAI,294 K,OC(=O)C=Cc1ccccc1.NC1=Nc2ccc(OC(F)(F)F)cc2S1,P21/c,False,294.0,highT,OC(=O)C=Cc1ccccc1,NC1=Nc2ccc(OC(F)(F)F)cc2S1
LATNAX,LATNAX,at 293 K,C1COCCO1.NS(=O)(=O)Oc1ccc2C3=C(CCCCC3)C(=O)Oc2c1,P-1,False,293.0,highT,C1COCCO1,NS(=O)(=O)Oc1ccc2C3=C(CCCCC3)C(=O)Oc2c1
AFADIU,AFADIU,at 293.2 K,Cc1ccc(cc1)S(=O)(=O)[O-].C[NH2+]C1CNCC1OC,P212121,False,293.0,highT,Cc1ccc(cc1)S(=O)(=O)[O-],C[NH2+]C1CNCC1OC
HIQGAT,HIQGAT,293 K,OB(O)c1ccc(cc1)C#N.c1cnc2ccc3ncccc3c2c1,P21,False,293.0,highT,OB(O)c1ccc(cc1)C#N,c1cnc2ccc3ncccc3c2c1
HIFRUN,HIFRUN,293.1 K,OC(=O)c1ccc(O)cc1.Nc1ccncc1,P-1,False,293.0,highT,OC(=O)c1ccc(O)cc1,Nc1ccncc1
GEHROB,GEHROB,at 293 K,OC(=O)c1cc2ccccc2cc1O.c1cc(ccn1)c1ccncc1,P21/c,False,293.0,highT,OC(=O)c1cc2ccccc2cc1O,c1cc(ccn1)c1ccncc1
GAPMAN,GAPMAN,at 293 K,[NH2+]1CCOCC1.OC(C(O)C(=O)[O-])C(O)=O,P212121,False,293.0,highT,[NH2+]1CCOCC1,OC(C(O)C(=O)[O-])C(O)=O
CASCIJ,CASCIJ,at 293 K,OC(=O)C(=O)[O-].NC1=[NH+]C(=O)NC=C1,P21/c,False,293.0,highT,OC(=O)C(=O)[O-],NC1=[NH+]C(=O)NC=C1
FIFFEG,FIFFEG,at 295 K,[NH2+]1CCOCC1.Oc1ccc(cc1C(=O)[O-])N(=O)=O,Pnma,False,295.0,highT,[NH2+]1CCOCC1,Oc1ccc(cc1C(=O)[O-])N(=O)=O
LOCLOF01,LOCLOF01,at 293 K,OC(=O)C(=O)[O-].[NH3+]C(CS)C(O)=O,C2,False,293.0,highT,OC(=O)C(=O)[O-],[NH3+]C(CS)C(O)=O
XUPKUO,XUPKUO,at 293 K,C[NH+]1CCC(C(CO)C1)c1ccc(F)cc1.COC(C(=O)[O-])(c1ccccc1)C(F)(F)F,P21,False,293.0,highT,C[NH+]1CCC(C(CO)C1)c1ccc(F)cc1,COC(C(=O)[O-])(c1ccccc1)C(F)(F)F
GIDFUY,GIDFUY,294 K,OC(=O)C=CC(=O)[O-].[NH3+]CC1CCC(CC1)C(O)=O,P21/c,False,294.0,highT,OC(=O)C=CC(=O)[O-],[NH3+]CC1CCC(CC1)C(O)=O
REHTII,REHTII,at 293 K,[NH3+]C(CCC[NH+]=C(N)N)C(=O)[O-].OC(=O)C(=O)[O-],P21,False,293.0,highT,[NH3+]C(CCC[NH+]=C(N)N)C(=O)[O-],OC(=O)C(=O)[O-]
BECPOR,BECPOR,293 K,N#Cc1cc(C#N)c(cc1C#N)C#N.COc1cc(ccc1O)C(O)=O,P-1,False,293.0,highT,N#Cc1cc(C#N)c(cc1C#N)C#N,COc1cc(ccc1O)C(O)=O
YOVNAB,YOVNAB,293 K,C[NH+](C)C1=C(C)N(C)N(c2ccccc2)C1=O.O=C1[N-]S(=O)(=O)c2ccccc12,P21/n,False,293.0,highT,C[NH+](C)C1=C(C)N(C)N(c2ccccc2)C1=O,O=C1[N-]S(=O)(=O)c2ccccc12
BUDQEX,BUDQEX,at 293 K,Sc1ccc(CC(=O)[O-])cc1.[NH3+]Cc1ccc(O)cc1,P21/c,False,293.0,highT,Sc1ccc(CC(=O)[O-])cc1,[NH3+]Cc1ccc(O)cc1
TARPIO,TARPIO,295 K,NS(=O)(=O)c1cc(C(O)=O)c(NCC2=CC=CO2)cc1Cl.CS(C)=O,P-1,False,295.0,highT,NS(=O)(=O)c1cc(C(O)=O)c(NCC2=CC=CO2)cc1Cl,CS(C)=O
TEYSIC,TEYSIC,293 K,Cc1ccc(cc1)S(=O)(=O)[O-].[NH3+]c1cc(c(N)cc1Cl)N(=O)=O,P21/c,False,293.0,highT,Cc1ccc(cc1)S(=O)(=O)[O-],[NH3+]c1cc(c(N)cc1Cl)N(=O)=O
WIJNOS01,WIJNOS01,at 293 K,O=C[O-].[NH3+]C(CCCNC(N)=[NH2+])C(=O)[O-],P212121,False,293.0,highT,O=C[O-],[NH3+]C(CCCNC(N)=[NH2+])C(=O)[O-]
YECXUD,YECXUD,298 K,OC(=O)c1cc(O)cc(O)c1.CN1C(=O)N(C)C2=C(N(CC(O)=O)C=N2)C1=O,P21/n,False,298.0,highT,OC(=O)c1cc(O)cc(O)c1,CN1C(=O)N(C)C2=C(N(CC(O)=O)C=N2)C1=O
LAJJUF,LAJJUF,295 K,NC(=[NH2+])NC(N)=S.O=C([O-])c1cccc(c1)N(=O)=O,P-1,False,295.0,highT,NC(=[NH2+])NC(N)=S,O=C([O-])c1cccc(c1)N(=O)=O
RIQWUM,RIQWUM,298 K,O=S(=O)([O-])c1ccccc1.OC(=O)c1ccc[nH+]c1Nc1cccc(c1)C(F)(F)F,P-1,False,298.0,highT,O=S(=O)([O-])c1ccccc1,OC(=O)c1ccc[nH+]c1Nc1cccc(c1)C(F)(F)F
LETBOF,LETBOF,293 K,C[NH2+]C1CCC(c2ccc(Cl)c(Cl)c2)c2ccccc12.CS(=O)(=O)[O-],C2,False,293.0,highT,C[NH2+]C1CCC(c2ccc(Cl)c(Cl)c2)c2ccccc12,CS(=O)(=O)[O-]
HIQHAU,HIQHAU,293 K,COB(O)c1ccc(cc1)C#N.c1cc(ccn1)N=Nc1ccncc1,P21/c,False,293.0,highT,COB(O)c1ccc(cc1)C#N,c1cc(ccn1)N=Nc1ccncc1
OYUXAK,OYUXAK,295 K,Cc1cccc(C)c1NC(=O)CN1CCCC1=O.OC(=O)c1ccc(O)cc1,P21/n,False,295.0,highT,Cc1cccc(C)c1NC(=O)CN1CCCC1=O,OC(=O)c1ccc(O)cc1
ICOVEF,ICOVEF,293 K,OC(=O)c1cc2ccccc2cc1O.NC(N)=O,C2/c,False,293.0,highT,OC(=O)c1cc2ccccc2cc1O,NC(N)=O
YEDCUI,YEDCUI,293 K,O=C([O-])CCN1C(=S)Oc2ccccc12.[NH3+]CCO,P21,False,293.0,highT,O=C([O-])CCN1C(=S)Oc2ccccc12,[NH3+]CCO
FARMEU,FARMEU,293 K,Cc1ccc(N)cc1.Cc1ccc(NC(=NO)C(Nc2ccc(C)cc2)=NO)cc1,Pn,False,293.0,highT,Cc1ccc(N)cc1,Cc1ccc(NC(=NO)C(Nc2ccc(C)cc2)=NO)cc1
DUZNOC,DUZNOC,at 294 K,O=C([O-])c1ccncc1.NC1=[NH+]C(=O)NC=C1,P-1,False,294.0,highT,O=C([O-])c1ccncc1,NC1=[NH+]C(=O)NC=C1
AWIHIY,AWIHIY,at 297 K,[NH3+]CC(O)=O.OC(=O)CC(=O)[O-],P21/c,False,297.0,highT,[NH3+]CC(O)=O,OC(=O)CC(=O)[O-]
LOMHUR,LOMHUR,at 291 K,c1cc(ccn1)c1ccncc1.OC(=O)CNS(=O)(=O)c1ccc(cc1)C(O)=O,Cc,False,291.0,highT,c1cc(ccn1)c1ccncc1,OC(=O)CNS(=O)(=O)c1ccc(cc1)C(O)=O
JEPYIP,JEPYIP,293 K,CN(C)C(C)=O.Cc1cc(C)nc(NS(=O)(=O)c2ccc(N)cc2)n1,Pna21,False,293.0,highT,CN(C)C(C)=O,Cc1cc(C)nc(NS(=O)(=O)c2ccc(N)cc2)n1
FAKJUY,FAKJUY,at 293 K,OC(=O)c1ccc(cc1)C(O)=O.CN1C(=C(O)c2ccccc2S1(=O)=O)C(=O)NC1=NC=C(C)S1,P-1,False,293.0,highT,OC(=O)c1ccc(cc1)C(O)=O,CN1C(=C(O)c2ccccc2S1(=O)=O)C(=O)NC1=NC=C(C)S1
OLOBAS,OLOBAS,at 293 K,CCOC(=O)C1=Cc2ccccc2OC1=O.NC1=Nc2ccccc2S1,Pc,False,293.0,highT,CCOC(=O)C1=Cc2ccccc2OC1=O,NC1=Nc2ccccc2S1
HOCJUH,HOCJUH,296 K,OC(=O)C=CC(=O)[O-].C[NH+](C)CCC1=CNc2cccc(OC(C)=O)c12,P21/c,False,296.0,highT,OC(=O)C=CC(=O)[O-],C[NH+](C)CCC1=CNc2cccc(OC(C)=O)c12
VOJKIR,VOJKIR,296 K,OC(=O)COc1cccc(c1)C(O)=O.NC(=O)c1ccncc1,P-1,False,296.0,highT,OC(=O)COc1cccc(c1)C(O)=O,NC(=O)c1ccncc1
LIDNOE,LIDNOE,296 K,OC(=O)c1cccc(c1)C#N.NC(=O)c1ccc(O)cc1,P21/n,False,296.0,highT,OC(=O)c1cccc(c1)C#N,NC(=O)c1ccc(O)cc1
MIPVOW,MIPVOW,at 293 K,OC(=O)c1cccc(c1)C(O)=O.C1N2CN3CN1CN(C2)C3,P212121,False,293.0,highT,OC(=O)c1cccc(c1)C(O)=O,C1N2CN3CN1CN(C2)C3
BUQQEK,BUQQEK,at 298 K,[S-]C#N.Brc1ccc(cc1)N=NC1=[NH+]C=CN1,P21/c,False,298.0,highT,[S-]C#N,Brc1ccc(cc1)N=NC1=[NH+]C=CN1
XOJNUG,XOJNUG,at 298 K,Cc1ccc(cc1C)C(O)=O.Cc1cc(C)nc(N)n1,P-1,False,298.0,highT,Cc1ccc(cc1C)C(O)=O,Cc1cc(C)nc(N)n1
YOZKUW,YOZKUW,298 K,Oc1cc(cc(O)c1O)C(=O)[O-].CN1CC(=O)NC1=[NH2+],P21/c,False,298.0,highT,Oc1cc(cc(O)c1O)C(=O)[O-],CN1CC(=O)NC1=[NH2+]
WINXAW,WINXAW,293 K,O=C1[N-]S(=O)(=O)c2ccccc12.Nc1[nH+]cccc1O,Cc,False,293.0,highT,O=C1[N-]S(=O)(=O)c2ccccc12,Nc1[nH+]cccc1O
KUQXIG,KUQXIG,299.8 K,S1c2ccccc2c2ccccc12.ClC1=C(Cl)C(=O)C(=C(C#N)C1=O)C#N,Pn,False,299.0,highT,S1c2ccccc2c2ccccc12,ClC1=C(Cl)C(=O)C(=C(C#N)C1=O)C#N
UMININ,UMININ,at 293 K,OC(=O)C=CC(O)=O.c1cc(ccn1)N=Nc1ccncc1,P-1,False,293.0,highT,OC(=O)C=CC(O)=O,c1cc(ccn1)N=Nc1ccncc1
WIVDUA03,WIVDUA03,at 293.1 K,OC1=C(Br)C(=O)C(=C(Br)C1=O)O.c1ccc2nc3ccccc3nc2c1,P21/c,False,293.0,highT,OC1=C(Br)C(=O)C(=C(Br)C1=O)O,c1ccc2nc3ccccc3nc2c1
LAGVAU,LAGVAU,293 K,NC(N)=O.Oc1ccccc1O,P21/c,False,293.0,highT,NC(N)=O,Oc1ccccc1O
GUFDOB,GUFDOB,at 291 K,CCOC(=O)C1=Cc2cccc(OC)c2OC1=O.NC1=Nc2ccccc2S1,P-1,False,291.0,highT,CCOC(=O)C1=Cc2cccc(OC)c2OC1=O,NC1=Nc2ccccc2S1
XERCEF,XERCEF,293 K,O=Cc1ccc2ccc3cccc4ccc1c2c34.N#Cc1cc(C#N)c(cc1C#N)C#N,P21/n,False,293.0,highT,O=Cc1ccc2ccc3cccc4ccc1c2c34,N#Cc1cc(C#N)c(cc1C#N)C#N
KIJFUI,KIJFUI,298 K,Oc1ccc(O)cc1.CCOc1ccccc1C(N)=O,P-1,False,298.0,highT,Oc1ccc(O)cc1,CCOc1ccccc1C(N)=O
ZUPMOP,ZUPMOP,298 K,OC(=O)C(=O)[O-].[NH3+]Cc1ccc(Cl)cc1,C2/c,False,298.0,highT,OC(=O)C(=O)[O-],[NH3+]Cc1ccc(Cl)cc1
KEXZUJ,KEXZUJ,at 293 K,Nc1ccc(N)cc1.OCCCCCCCCCCCCO,P21/c,False,293.0,highT,Nc1ccc(N)cc1,OCCCCCCCCCCCCO
TEYSOI,TEYSOI,293 K,Oc1ccc(cc1)S(=O)(=O)[O-].[NH3+]c1cc(c(N)cc1Cl)N(=O)=O,P-1,False,293.0,highT,Oc1ccc(cc1)S(=O)(=O)[O-],[NH3+]c1cc(c(N)cc1Cl)N(=O)=O
LIGNAT,LIGNAT,293 K,Cc1ccc(cc1)C(O)=O.NC1=Nc2ccccc2S1,P21/c,False,293.0,highT,Cc1ccc(cc1)C(O)=O,NC1=Nc2ccccc2S1
FEVLAW,FEVLAW,293 K,O=C([O-])c1c2ccccc2cc2ccccc12.CCc1[nH+]c(N)nc(N)c1c1ccc(Cl)cc1,P21/n,False,293.0,highT,O=C([O-])c1c2ccccc2cc2ccccc12,CCc1[nH+]c(N)nc(N)c1c1ccc(Cl)cc1
CASYUT,CASYUT,293 K,NN1C(=[NH2+])NC(=O)C=C1N.OC(=O)CC(=O)[O-],P-1,False,293.0,highT,NN1C(=[NH2+])NC(=O)C=C1N,OC(=O)CC(=O)[O-]
IXOXEZ,IXOXEZ,at 293 K,OC(=CC(=O)c1ccccc1)c1ccncc1.OC(=O)c1ccccc1,P21/c,False,293.0,highT,OC(=CC(=O)c1ccccc1)c1ccncc1,OC(=O)c1ccccc1
SECDUB,SECDUB,at 295 K,OC(=O)C=CC(=O)[O-].OC(=O)c1[nH+]cccc1,P21/c,False,295.0,highT,OC(=O)C=CC(=O)[O-],OC(=O)c1[nH+]cccc1
OVEZIB,OVEZIB,296.1 K,O=C(NN=C(c1cc[nH+]cc1)c1ccccc1)C1=CC=CO1.CCOS(=O)(=O)[O-],P-1,False,296.0,highT,O=C(NN=C(c1cc[nH+]cc1)c1ccccc1)C1=CC=CO1,CCOS(=O)(=O)[O-]
JOXBEF,JOXBEF,at 298 K,OC(=O)c1cnccn1.OC(=O)c1cc(O)c(O)c(O)c1,P21/c,False,298.0,highT,OC(=O)c1cnccn1,OC(=O)c1cc(O)c(O)c(O)c1
SIBYUA,SIBYUA,298.1 K,c1cc(ccn1)c1ccncc1.CC(=O)Oc1ccccc1C(O)=O,P21/c,False,298.0,highT,c1cc(ccn1)c1ccncc1,CC(=O)Oc1ccccc1C(O)=O
EFUCEP,EFUCEP,298 K,Cc1ccc2ccccc2n1.Nc1ccccc1C(O)=O,P21/c,False,298.0,highT,Cc1ccc2ccccc2n1,Nc1ccccc1C(O)=O
OPEKAW,OPEKAW,at 293 K,c1cc(ccn1)C=Cc1ccncc1.OC(=O)c1ccc(C(O)=O)c2ccccc12,P21/n,False,293.0,highT,c1cc(ccn1)C=Cc1ccncc1,OC(=O)c1ccc(C(O)=O)c2ccccc12
XEDSOS,XEDSOS,298.1 K,Oc1cccc(O)c1.S1C(=Nc2ccccc12)C=CC=Cc1ccccc1,P21,False,298.0,highT,Oc1cccc(O)c1,S1C(=Nc2ccccc12)C=CC=Cc1ccccc1
BUBXEC,BUBXEC,at 293 K,O=N(=O)c1c[nH+]ccc1.OC1=C([O-])C(=O)C1=O,C2/c,False,293.0,highT,O=N(=O)c1c[nH+]ccc1,OC1=C([O-])C(=O)C1=O
BIDJEE,BIDJEE,at 296.2 K,Nc1[nH+]cc(cc1)N(=O)=O.Clc1ccc(cc1N(=O)=O)S(=O)(=O)[O-],P21/n,False,296.0,highT,Nc1[nH+]cc(cc1)N(=O)=O,Clc1ccc(cc1N(=O)=O)S(=O)(=O)[O-]
SOVDIQ,SOVDIQ,at 273 K,c1cc(ccn1)c1ccncc1.OC(=O)CCCC(O)=O,P21/c,False,273.0,highT,c1cc(ccn1)c1ccncc1,OC(=O)CCCC(O)=O
CEXVAG,CEXVAG,293 K,Oc1cc(O)cc(Cl)c1.c1ccc2nc3ccccc3nc2c1,P-1,False,293.0,highT,Oc1cc(O)cc(Cl)c1,c1ccc2nc3ccccc3nc2c1
HISRIM,HISRIM,at 293 K,c1ccc2nc3ccccc3nc2c1.OC(=O)c1cccc(C(O)=O)c1c1c(cccc1C(O)=O)C(O)=O,C2/c,False,293.0,highT,c1ccc2nc3ccccc3nc2c1,OC(=O)c1cccc(C(O)=O)c1c1c(cccc1C(O)=O)C(O)=O
KAZNAD,KAZNAD,293 K,FC(F)(F)S(=O)(=O)[O-].CC(C#Cc1cccc(Br)c1)[N+](C)(C)C,P21,False,293.0,highT,FC(F)(F)S(=O)(=O)[O-],CC(C#Cc1cccc(Br)c1)[N+](C)(C)C
FAYTAC,FAYTAC,at 296 K,COc1ccc(cc1)C1=[NH+]NC=C1.FC(F)(F)S(=O)(=O)[O-],P-1,False,296.0,highT,COc1ccc(cc1)C1=[NH+]NC=C1,FC(F)(F)S(=O)(=O)[O-]
QOJNAF,QOJNAF,at 291 K,CC1(C)OC2OC3CSC(=[NH+]C3(O)C2O1)N.Cc1ccc(cc1)S(=O)(=O)[O-],P21,False,291.0,highT,CC1(C)OC2OC3CSC(=[NH+]C3(O)C2O1)N,Cc1ccc(cc1)S(=O)(=O)[O-]
UKISUF,UKISUF,293 K,Cc1cccc2SC(=[NH2+])Nc12.OC(=O)c1ccc(cc1C(=O)[O-])N(=O)=O,P-1,False,293.0,highT,Cc1cccc2SC(=[NH2+])Nc12,OC(=O)c1ccc(cc1C(=O)[O-])N(=O)=O
NIZLAK,NIZLAK,at 293 K,CC(C)NC([S-])=C(C#N)C(N)=O.CC(C)NC1=C(C#N)C(=[S+]S1)NC(C)C,P212121,False,293.0,highT,CC(C)NC([S-])=C(C#N)C(N)=O,CC(C)NC1=C(C#N)C(=[S+]S1)NC(C)C
BIHZAU,BIHZAU,at 293 K,c1cc(ccn1)c1ccncc1.OC(=O)C1=CC=C(S1)C(O)=O,P21/c,False,293.0,highT,c1cc(ccn1)c1ccncc1,OC(=O)C1=CC=C(S1)C(O)=O
VATTIV,VATTIV,at 298 K,OC(=O)c1cc(cc(c1)C(O)=O)C(O)=O.Cc1ccc2ccccc2n1,P-1,False,298.0,highT,OC(=O)c1cc(cc(c1)C(O)=O)C(O)=O,Cc1ccc2ccccc2n1
AQUMIL01,AQUMIL01,293.1 K,COC(=O)C=Cc1ccccn1.NC(N)=O,Pnma,False,293.0,highT,COC(=O)C=Cc1ccccn1,NC(N)=O
URAKOO,URAKOO,at 296 K,CN(C)C=O.Cc1ccc(cc1)S(=O)(=O)Nc1ccc(cc1)C(O)=O,P21/n,False,296.0,highT,CN(C)C=O,Cc1ccc(cc1)S(=O)(=O)Nc1ccc(cc1)C(O)=O
QAXYOG,QAXYOG,293 K,CNC(=S)NN=Cc1ccc(O)cc1O.c1cc(ccn1)c1ccncc1,P21/c,False,293.0,highT,CNC(=S)NN=Cc1ccc(O)cc1O,c1cc(ccn1)c1ccncc1
QEDXII,QEDXII,at 293 K,NC(=O)c1cc[nH+]cc1.ClC(Cl)(Cl)C(=O)[O-],Pc,False,293.0,highT,NC(=O)c1cc[nH+]cc1,ClC(Cl)(Cl)C(=O)[O-]
ZELDAY,ZELDAY,293 K,Oc1ccc(O)cc1.COc1ccc(N)cc1,P21/c,False,293.0,highT,Oc1ccc(O)cc1,COc1ccc(N)cc1
AXASOH,AXASOH,at 296 K,COC(=O)c1cc(O)c(O)c(O)c1.CN1SC(=CC1=O)Cl,P21/a,False,296.0,highT,COC(=O)c1cc(O)c(O)c(O)c1,CN1SC(=CC1=O)Cl
JOSLAG,JOSLAG,at 295.6 K,FC(F)(F)C(=O)[O-].CN1C(=O)C2(C=CC(=[NH2+])C=C2)c2ccccc12,P-1,False,295.0,highT,FC(F)(F)C(=O)[O-],CN1C(=O)C2(C=CC(=[NH2+])C=C2)c2ccccc12
WUDHUA,WUDHUA,296 K,c1cc(ccn1)c1ccncc1.OC(=O)COc1cccc(OCC(O)=O)c1,P-1,False,296.0,highT,c1cc(ccn1)c1ccncc1,OC(=O)COc1cccc(OCC(O)=O)c1
EROROT,EROROT,at 298 K,OC(=O)c1ccccc1C(=O)[O-].[NH3+]c1ccc(Br)cc1,C2,False,298.0,highT,OC(=O)c1ccccc1C(=O)[O-],[NH3+]c1ccc(Br)cc1
FOACAM,FOACAM,at -187deg.C,OC=O.NC=O,C2/c,False,460.0,highT,OC=O,NC=O
YADSEE,YADSEE,296 K,Cc1cccnc1.Cc1cc(C)nc(NS(=O)(=O)c2ccc(N)cc2)n1,P212121,False,296.0,highT,Cc1cccnc1,Cc1cc(C)nc(NS(=O)(=O)c2ccc(N)cc2)n1
CUXPET,CUXPET,296 K,CCc1[nH+]c(N)nc(N)c1c1ccc(Cl)cc1.OC(=O)c1cccc(c1)C(=O)[O-],P-1,False,296.0,highT,CCc1[nH+]c(N)nc(N)c1c1ccc(Cl)cc1,OC(=O)c1cccc(c1)C(=O)[O-]
PAHZEE,PAHZEE,at 298 K,OC(C(O)=O)C(=O)[O-].Oc1cc[nH+]cc1,Pn,False,298.0,highT,OC(C(O)=O)C(=O)[O-],Oc1cc[nH+]cc1
EKOZIQ,EKOZIQ,273.1 K,OC(=O)C=Cc1ccc(O)cc1.NC(=O)c1cccnc1,P21/c,False,273.0,highT,OC(=O)C=Cc1ccc(O)cc1,NC(=O)c1cccnc1
RIVMIV,RIVMIV,296 K,CN(C)c1ccncc1.Oc1ccc(Br)cc1,P21/c,False,296.0,highT,CN(C)c1ccncc1,Oc1ccc(Br)cc1
VULDUC,VULDUC,at 298 K,[NH3+]C(C)(P(O)(=O)[O-])P(O)(=O)[O-].NC(=[NH2+])O,P-1,False,298.0,highT,[NH3+]C(C)(P(O)(=O)[O-])P(O)(=O)[O-],NC(=[NH2+])O
MAHKAJ,MAHKAJ,at 293 K,COc1cc(C=O)ccc1O.c1ccc2nc3ccccc3nc2c1,P21/n,False,293.0,highT,COc1cc(C=O)ccc1O,c1ccc2nc3ccccc3nc2c1
CAKZEV,CAKZEV,at 298 K,Oc1ccc(O)cc1.CC1=NN=C2CN=C(c3ccccc3)c3cc(Cl)ccc3N12,P-1,False,298.0,highT,Oc1ccc(O)cc1,CC1=NN=C2CN=C(c3ccccc3)c3cc(Cl)ccc3N12
OJUBEC,OJUBEC,296.1 K,Nc1[nH+]c(nc(N)n1)c1ccc(Cl)cc1.OC(=O)CC(=O)[O-],P21/n,False,296.0,highT,Nc1[nH+]c(nc(N)n1)c1ccc(Cl)cc1,OC(=O)CC(=O)[O-]
BARLAK,BARLAK,295 K,NC(=[NH2+])NC(N)=S.CCC(=O)[O-],C2/c,False,295.0,highT,NC(=[NH2+])NC(N)=S,CCC(=O)[O-]
QEDNUM,QEDNUM,293 K,CC(C)COc1ccc(cc1C#N)C1=NC(=C(S1)C(O)=O)C.c1cc(ccn1)c1ccncc1,P-1,False,293.0,highT,CC(C)COc1ccc(cc1C#N)C1=NC(=C(S1)C(O)=O)C,c1cc(ccn1)c1ccncc1
CELMUC,CELMUC,at 293 K,Cc1[nH+]cc(CO)c(CO)c1O.O=N(=O)c1cc(c([O-])c(c1)N(=O)=O)N(=O)=O,P-1,False,293.0,highT,Cc1[nH+]cc(CO)c(CO)c1O,O=N(=O)c1cc(c([O-])c(c1)N(=O)=O)N(=O)=O
DENXAW,DENXAW,at 293 K,Oc1ccccc1C(=O)[O-].CN1CC(=O)[NH+]=C1N,P21/n,False,293.0,highT,Oc1ccccc1C(=O)[O-],CN1CC(=O)[NH+]=C1N
TMABCA02,TMABCA02,293 K,CN(C)c1ccc(cc1)N(C)C.ClC1=C(Cl)C(=O)C(=C(Cl)C1=O)Cl,I2/m,False,293.0,highT,CN(C)c1ccc(cc1)N(C)C,ClC1=C(Cl)C(=O)C(=C(Cl)C1=O)Cl
MOLGIE01,MOLGIE01,at 293 K,[NH2+]1CCOCC1.CC1=NC(=NN1)SCC(=O)[O-],Pbca,False,293.0,highT,[NH2+]1CCOCC1,CC1=NC(=NN1)SCC(=O)[O-]
POVYAD,POVYAD,296 K,CC1=CNC(=[NH2+])S1.[NH3+]c1cc(cc(c1)C(=O)[O-])C(=O)[O-],P21/c,False,296.0,highT,CC1=CNC(=[NH2+])S1,[NH3+]c1cc(cc(c1)C(=O)[O-])C(=O)[O-]
POWYAE,POWYAE,296 K,FC(F)(F)S(=O)(=O)[O-].Cc1cc2[NH+]=C3C(O)C(O)C(O)CN3c2cc1C,P212121,False,296.0,highT,FC(F)(F)S(=O)(=O)[O-],Cc1cc2[NH+]=C3C(O)C(O)C(O)CN3c2cc1C
QIBCEM,QIBCEM,296 K,c1ccc(cc1)c1ccncc1.CC1=CC(=NO1)NS(=O)(=O)c1ccc(N)cc1,Pbcn,False,296.0,highT,c1ccc(cc1)c1ccncc1,CC1=CC(=NO1)NS(=O)(=O)c1ccc(N)cc1
FEPPUO,FEPPUO,293 K,c1cnc2c(c1)ccc1cccnc21.NC(N)=NS(=O)(=O)c1ccc(N)cc1,P21/n,False,293.0,highT,c1cnc2c(c1)ccc1cccnc21,NC(N)=NS(=O)(=O)c1ccc(N)cc1
AYUYUO,AYUYUO,at 293 K,CC1(C)C2CCC1(CS(=O)(=O)[O-])C(=O)C2.COc1ccc2CCC(N3CC[NH2+]CC3)c2c1,P21,False,293.0,highT,CC1(C)C2CCC1(CS(=O)(=O)[O-])C(=O)C2,COc1ccc2CCC(N3CC[NH2+]CC3)c2c1
DAQYUQ,DAQYUQ,at 298 K,c1ccc(nc1)c1ccccn1.Nc1ccc(cc1)C(O)=O,P21/c,False,298.0,highT,c1ccc(nc1)c1ccccn1,Nc1ccc(cc1)C(O)=O
PEVCOL01,PEVCOL01,295 K,[NH3+]C(CCCNC(N)=[NH2+])C(=O)[O-].CS(=O)(=O)[O-],P21,False,295.0,highT,[NH3+]C(CCCNC(N)=[NH2+])C(=O)[O-],CS(=O)(=O)[O-]
FAKJOS,FAKJOS,at 293 K,CN1C(=C(O)c2ccccc2S1(=O)=O)C(=O)NC1=NC=C(C)S1.OC(=O)CCCCC(O)=O,P-1,False,293.0,highT,CN1C(=C(O)c2ccccc2S1(=O)=O)C(=O)NC1=NC=C(C)S1,OC(=O)CCCCC(O)=O
BOMCAJ,BOMCAJ,at 296 K,OC(=O)c1cccc(O)c1.NNC(=O)c1ccncc1,Pca21,False,296.0,highT,OC(=O)c1cccc(O)c1,NNC(=O)c1ccncc1
EDADOC,EDADOC,at 296.2 K,Nc1[nH+]cc(cc1)N(=O)=O.Cc1ccc(cc1S(=O)(=O)[O-])N(=O)=O,P212121,False,296.0,highT,Nc1[nH+]cc(cc1)N(=O)=O,Cc1ccc(cc1S(=O)(=O)[O-])N(=O)=O
XOJNIU,XOJNIU,at 293 K,Cc1cc(C)nc(N)n1.Cc1ccc(C)c(c1)C(O)=O,C2/c,False,293.0,highT,Cc1cc(C)nc(N)n1,Cc1ccc(C)c(c1)C(O)=O
JOKXUF,JOKXUF,303 K,c1cc(ccn1)c1ccncc1.Nc1ccc(cc1)S(=O)(=O)Nc1ccc(Cl)nn1,P-1,False,303.0,highT,c1cc(ccn1)c1ccncc1,Nc1ccc(cc1)S(=O)(=O)Nc1ccc(Cl)nn1
PUPGOX,PUPGOX,at 296 K,Oc1cc(O)cc(O)c1.CN1C=NC2=C1C(=O)N(C)C(=O)N2C,P21/c,False,296.0,highT,Oc1cc(O)cc(O)c1,CN1C=NC2=C1C(=O)N(C)C(=O)N2C
SERRAL,SERRAL,296 K,[NH2+]=C1NC(=O)NC=C1F.Oc1cccc(C(=O)[O-])c1O,P-1,False,296.0,highT,[NH2+]=C1NC(=O)NC=C1F,Oc1cccc(C(=O)[O-])c1O
FOVCAV,FOVCAV,at 295 K,[NH3+]c1cc(ccc1C)N(=O)=O.ClC(Cl)(Cl)C(=O)[O-],P-1,False,295.0,highT,[NH3+]c1cc(ccc1C)N(=O)=O,ClC(Cl)(Cl)C(=O)[O-]
ROSTUQ,ROSTUQ,at 293 K,OC(=O)CCC(O)=O.CCNC(=O)c1cccc(c1)C(=O)NC1=NC=CS1,P-1,False,293.0,highT,OC(=O)CCC(O)=O,CCNC(=O)c1cccc(c1)C(=O)NC1=NC=CS1
MIPVIQ,MIPVIQ,at 293 K,C1N2CN3CN1CN(C2)C3.OC(=O)c1cccc(c1)C(O)=O,P21/m,False,293.0,highT,C1N2CN3CN1CN(C2)C3,OC(=O)c1cccc(c1)C(O)=O
UHEVIN,UHEVIN,at 293 K,Nc1ccc(CO)cc1.CC(=O)c1ccncc1,P21/c,False,293.0,highT,Nc1ccc(CO)cc1,CC(=O)c1ccncc1
WAGFOD,WAGFOD,301 K,CC=CC=CC(=O)[O-].CCc1[nH+]c(N)nc(N)c1c1ccc(Cl)cc1,P21/n,False,301.0,highT,CC=CC=CC(=O)[O-],CCc1[nH+]c(N)nc(N)c1c1ccc(Cl)cc1
GIJLOD,GIJLOD,293 K,Oc1c[nH+]ccc1.OC(=O)CC(=O)[O-],P-1,False,293.0,highT,Oc1c[nH+]ccc1,OC(=O)CC(=O)[O-]
COQDES,COQDES,at 293 K,C[NH+]1CCCC1C1=CC=CO1.OC(=O)C(OC(=O)c1ccccc1)C(OC(=O)c1ccccc1)C(=O)[O-],P212121,False,293.0,highT,C[NH+]1CCCC1C1=CC=CO1,OC(=O)C(OC(=O)c1ccccc1)C(OC(=O)c1ccccc1)C(=O)[O-]
TEYSUO,TEYSUO,293 K,O=S(=O)([O-])c1ccccc1.[NH3+]c1cc(c(N)cc1Cl)N(=O)=O,Pccn,False,293.0,highT,O=S(=O)([O-])c1ccccc1,[NH3+]c1cc(c(N)cc1Cl)N(=O)=O
WAGDER,WAGDER,297.1 K,CCc1nc(N)nc(N)c1c1ccc(Cl)cc1.O=C1CCCC(=O)N1,P21/c,False,297.0,highT,CCc1nc(N)nc(N)c1c1ccc(Cl)cc1,O=C1CCCC(=O)N1
XUNCAL,XUNCAL,at 298 K,FC(F)(F)C(=O)[O-].O=C(Nc1ccccc1)C1[NH2+]CCCC1,C2,False,298.0,highT,FC(F)(F)C(=O)[O-],O=C(Nc1ccccc1)C1[NH2+]CCCC1
FIYTEP,FIYTEP,296 K,O=C1N(CCCN2C=[NH+]C=C2)C(=O)c2ccccc12.O=N(=O)c1cc(c([O-])c(c1)N(=O)=O)N(=O)=O,P-1,False,296.0,highT,O=C1N(CCCN2C=[NH+]C=C2)C(=O)c2ccccc12,O=N(=O)c1cc(c([O-])c(c1)N(=O)=O)N(=O)=O
CAHLON,CAHLON,at 296K,OC1=CC(=O)C(=CC1=O)O.c1cc(ccn1)C#Cc1ccncc1,P21/n,False,296.0,highT,OC1=CC(=O)C(=CC1=O)O,c1cc(ccn1)C#Cc1ccncc1
GEFFAC,GEFFAC,298 K,OC(C(O)C(=O)[O-])C(O)=O.CC1=CNC(=[NH2+])S1,P21,False,298.0,highT,OC(C(O)C(=O)[O-])C(O)=O,CC1=CNC(=[NH2+])S1
QOLSAM,QOLSAM,at 293 K,C1=CN(C=N1)c1ccc(cc1)N1C=CN=C1.OC(=O)c1ccc(cc1)C(O)=O,P21/n,False,293.0,highT,C1=CN(C=N1)c1ccc(cc1)N1C=CN=C1,OC(=O)c1ccc(cc1)C(O)=O
ELUGUQ,ELUGUQ,293 K,OC1=CC2=Nc3ccccc3OC2=C(F)C1=O.CS(C)=O,P-1,False,293.0,highT,OC1=CC2=Nc3ccccc3OC2=C(F)C1=O,CS(C)=O
FOVQEP,FOVQEP,296 K,Oc1ccccc1C(=O)[O-].COc1ccc(cc1)N1CC[NH2+]CC1,P212121,False,296.0,highT,Oc1ccccc1C(=O)[O-],COc1ccc(cc1)N1CC[NH2+]CC1
SIMTEO,SIMTEO,at 296 K,OC(=O)c1cc(Cl)c(Cl)cc1C(=O)[O-].[NH3+]c1cccc(c1)C(F)(F)F,P21/c,False,296.0,highT,OC(=O)c1cc(Cl)c(Cl)cc1C(=O)[O-],[NH3+]c1cccc(c1)C(F)(F)F
BOMGUH,BOMGUH,at 296 K,c1cc(ccn1)c1ccncc1.OC(=O)c1ccccc1c1ccccc1C(O)=O,I41/acd,False,296.0,highT,c1cc(ccn1)c1ccncc1,OC(=O)c1ccccc1c1ccccc1C(O)=O
TIJCOI,TIJCOI,293 K,C=CCNC(=S)NN=Cc1[nH+]cccc1.ClC(Cl)C(=O)[O-],P-1,False,293.0,highT,C=CCNC(=S)NN=Cc1[nH+]cccc1,ClC(Cl)C(=O)[O-]
PIPLUY,PIPLUY,298 K,[NH3+]C(CO)(CO)CO.Nc1ccc(cc1)C(=O)[O-],P21/c,False,298.0,highT,[NH3+]C(CO)(CO)CO,Nc1ccc(cc1)C(=O)[O-]
MOCXUX,MOCXUX,at 293 K,[NH3+]C(CCSC)C(O)=O.OC(=O)C=CC(=O)[O-],P21/c,False,293.0,highT,[NH3+]C(CCSC)C(O)=O,OC(=O)C=CC(=O)[O-]
GUPCAY,GUPCAY,293 K,Fc1ccc(cc1)N1CC[NH2+]CC1.Fc1ccccc1C(=O)[O-],P-1,False,293.0,highT,Fc1ccc(cc1)N1CC[NH2+]CC1,Fc1ccccc1C(=O)[O-]
YUKVEI,YUKVEI,293 K,Cc1cc(C)nc(N)n1.OC(=O)Cc1cccc2ccccc12,P21/n,False,293.0,highT,Cc1cc(C)nc(N)n1,OC(=O)Cc1cccc2ccccc12
VABGUB,VABGUB,at 293 K,F[n+]1ccccc1.FC(F)(F)S(=O)(=O)[O-],P21/n,False,293.0,highT,F[n+]1ccccc1,FC(F)(F)S(=O)(=O)[O-]
ABEBIT,ABEBIT,at 269 K,O=C1Nc2ccccc2C(=O)Nc2ccccc12.CN(C)C=O,P-1,False,269.0,highT,O=C1Nc2ccccc2C(=O)Nc2ccccc12,CN(C)C=O
ERELOF,ERELOF,293 K,NC(N)=O.COC(=O)C=Cc1ccncc1,P21/c,False,293.0,highT,NC(N)=O,COC(=O)C=Cc1ccncc1
SIZKOD,SIZKOD,at 296 K,C[NH2+]CC(O)=O.OC1=C([O-])C(=O)C1=O,C2/c,False,296.0,highT,C[NH2+]CC(O)=O,OC1=C([O-])C(=O)C1=O
RERPAI,RERPAI,296 K,C[NH+]1CCCCC1CO.Oc1ccc(cc1)C(=O)[O-],P212121,False,296.0,highT,C[NH+]1CCCCC1CO,Oc1ccc(cc1)C(=O)[O-]
FEJXOK,FEJXOK,294.0 K,CN1C2=C(S[S+]=N2)C=C2Sc3nc(Cl)c(Cl)nc3N=C12.FC(F)(F)S(=O)(=O)[O-],P-1,False,294.0,highT,CN1C2=C(S[S+]=N2)C=C2Sc3nc(Cl)c(Cl)nc3N=C12,FC(F)(F)S(=O)(=O)[O-]
AGUTUT,AGUTUT,273 K,Nc1ncnc2N(CCOCP(O)(O)=O)C=Nc12.OC(=O)c1cc(O)cc(O)c1,P21/n,False,273.0,highT,Nc1ncnc2N(CCOCP(O)(O)=O)C=Nc12,OC(=O)c1cc(O)cc(O)c1
PAVTAI,PAVTAI,at 298 K,OCCCCO.NC(N)=O,P21/c,False,298.0,highT,OCCCCO,NC(N)=O
QICJOE,QICJOE,293.0 K,OC(=O)C=CC(=O)[O-].NNC(=O)c1cc[nH+]cc1,P21,False,293.0,highT,OC(=O)C=CC(=O)[O-],NNC(=O)c1cc[nH+]cc1
PIPQUD,PIPQUD,297 K,CCc1[nH+]c(N)nc(N)c1c1ccc(Cl)cc1.Oc1cc(O)cc(c1)C(=O)[O-],C2/c,False,297.0,highT,CCc1[nH+]c(N)nc(N)c1c1ccc(Cl)cc1,Oc1cc(O)cc(c1)C(=O)[O-]
TIDFER,TIDFER,at 293.2 K,OC(=O)C(c1ccccc1)c1ccccc1.c1ccc2nc3ccccc3cc2c1,P212121,False,293.0,highT,OC(=O)C(c1ccccc1)c1ccccc1,c1ccc2nc3ccccc3cc2c1
MESWAL,MESWAL,296 K,NC(=S)NN=Cc1cc(Br)ccc1O.CS(C)=O,P-1,False,296.0,highT,NC(=S)NN=Cc1cc(Br)ccc1O,CS(C)=O
SAFNOE,SAFNOE,at 298 K,OC(=O)c1cc(cc(c1)C(O)=O)C(O)=O.c1cc(ccn1)c1cncnc1,P21/c,False,298.0,highT,OC(=O)c1cc(cc(c1)C(O)=O)C(O)=O,c1cc(ccn1)c1cncnc1
IZAJUO,IZAJUO,at 295 K,OC(C(O)C(=O)[O-])C(O)=O.[NH3+]C(CC1=C[NH+]=CN1)C(=O)[O-],P212121,False,295.0,highT,OC(C(O)C(=O)[O-])C(O)=O,[NH3+]C(CC1=C[NH+]=CN1)C(=O)[O-]
EPUHAB,EPUHAB,298 K,NC1=[NH+]c2ccccc2S1.O=C1[N-]S(=O)(=O)c2ccccc12,P21/n,False,298.0,highT,NC1=[NH+]c2ccccc2S1,O=C1[N-]S(=O)(=O)c2ccccc12
TILYIZ,TILYIZ,298 K,CCCSc1ccc2NC(=[NH+]c2c1)NC(=O)OC.O=S(=O)([O-])c1ccccc1,P-1,False,298.0,highT,CCCSc1ccc2NC(=[NH+]c2c1)NC(=O)OC,O=S(=O)([O-])c1ccccc1
UNECIB,UNECIB,293 K,OC(=O)c1ccc(cc1)C(O)=O.CN1CCCC1=O,P-1,False,293.0,highT,OC(=O)c1ccc(cc1)C(O)=O,CN1CCCC1=O
MADSOC,MADSOC,298 K,CC(=O)NC1=NN=C(S1)S(N)(=O)=O.CS(C)=O,C2/c,False,298.0,highT,CC(=O)NC1=NN=C(S1)S(N)(=O)=O,CS(C)=O
EDAFAQ,EDAFAQ,at 296.2 K,Clc1ccc(cc1)S(=O)(=O)[O-].Nc1[nH+]cc(cc1)N(=O)=O,Pc,False,296.0,highT,Clc1ccc(cc1)S(=O)(=O)[O-],Nc1[nH+]cc(cc1)N(=O)=O
YOPRUT,YOPRUT,273 K,ClC(Cl)(Cl)C(=O)[O-].Nc1[nH+]cccc1N(=O)=O,Pca21,False,273.0,highT,ClC(Cl)(Cl)C(=O)[O-],Nc1[nH+]cccc1N(=O)=O
OZOSED,OZOSED,296 K,Cc1ccccc1C(O)=O.ON=Cc1ccnc2ccccc12,P-1,False,296.0,highT,Cc1ccccc1C(O)=O,ON=Cc1ccnc2ccccc12
PEKRAA,PEKRAA,at 295 K,Nc1[nH+]cccc1O.Oc1ccc(O)c(c1)C(=O)[O-],Pna21,False,295.0,highT,Nc1[nH+]cccc1O,Oc1ccc(O)c(c1)C(=O)[O-]
ZUWCAV,ZUWCAV,at -130 deg.C,FS(=O)(=O)[N-]S(F)(=O)=O.c1ccc(cc1)[PH+](c1ccccc1)c1ccccc1,P21/n,False,403.0,highT,FS(=O)(=O)[N-]S(F)(=O)=O,c1ccc(cc1)[PH+](c1ccccc1)c1ccccc1
PEXZOK,PEXZOK,293 K,CC(C)O.Clc1nc(Cl)nc(NNc2nnc(NNc3nc(Cl)nc(Cl)n3)nn2)n1,P-1,False,293.0,highT,CC(C)O,Clc1nc(Cl)nc(NNc2nnc(NNc3nc(Cl)nc(Cl)n3)nn2)n1
EZAQOO,EZAQOO,293 K,OC(=O)CCC(O)=O.COc1cc(OC)nc(N)n1,P-1,False,293.0,highT,OC(=O)CCC(O)=O,COc1cc(OC)nc(N)n1
ZIMHIO01,ZIMHIO01,at 298 K,CC(=O)NS(=O)(=O)c1ccc(N)cc1.CC(N)=O,C2/c,False,298.0,highT,CC(=O)NS(=O)(=O)c1ccc(N)cc1,CC(N)=O
HIBKEI,HIBKEI,at -10 deg.C,Nc1nc(Cl)nc(Nc2cccc(Br)c2)n1.CCC1(CC)C(=O)NC(=O)NC1=O,P-1,False,283.0,highT,Nc1nc(Cl)nc(Nc2cccc(Br)c2)n1,CCC1(CC)C(=O)NC(=O)NC1=O
JARTII,JARTII,293 K,OC(=O)C=CC(=O)[O-].CC1=NOC(C1)C1(O)CC2[NH2+]C1CC2,Cc,False,293.0,highT,OC(=O)C=CC(=O)[O-],CC1=NOC(C1)C1(O)CC2[NH2+]C1CC2
RIQXOH,RIQXOH,298 K,FC(F)(F)c1cccc(Nc2ncccc2C(=O)[O-])c1.[NH3+]CCc1ccc(O)cc1,P21/c,False,298.0,highT,FC(F)(F)c1cccc(Nc2ncccc2C(=O)[O-])c1,[NH3+]CCc1ccc(O)cc1
JOXBAB,JOXBAB,at 298 K,NC1=[NH+]C(=O)NC=C1.O=C([O-])c1cnccn1,P21/c,False,298.0,highT,NC1=[NH+]C(=O)NC=C1,O=C([O-])c1cnccn1
WEQHOT,WEQHOT,294 K,N#Cc1cccnc1.OC(=O)CCCCC(O)=O,P-1,False,294.0,highT,N#Cc1cccnc1,OC(=O)CCCCC(O)=O
LIGNOH,LIGNOH,293 K,NC1=Nc2ccccc2S1.OC(=O)c1ccccc1,P21/c,False,293.0,highT,NC1=Nc2ccccc2S1,OC(=O)c1ccccc1
FEBSIR,FEBSIR,296 K,NC(=O)c1cccnc1.Nc1ccccc1C(O)=O,P21,False,296.0,highT,NC(=O)c1cccnc1,Nc1ccccc1C(O)=O
IFABUN,IFABUN,at 295 K,c1cc(ccn1)c1ccncc1.OC(=O)CCCCCCCCC(O)=O,P-1,False,295.0,highT,c1cc(ccn1)c1ccncc1,OC(=O)CCCCCCCCC(O)=O
VIGGOI,VIGGOI,at 293 K,[O]n1ccn([O])c2ccccc12.NC(=O)N1c2ccccc2C=Cc2ccccc12,P-1,False,293.0,highT,[O]n1ccn([O])c2ccccc12,NC(=O)N1c2ccccc2C=Cc2ccccc12
QUTCAM,QUTCAM,296 K,O=N(=O)[C-](N(=O)=O)N(=O)=O.NN1C(=[NH+]N=C1C1=NON=C1N)N,P21/n,False,296.0,highT,O=N(=O)[C-](N(=O)=O)N(=O)=O,NN1C(=[NH+]N=C1C1=NON=C1N)N
YOJFEK,YOJFEK,at 293 K,NC(=O)C1CCCN1C(=O)[O-].NC(=O)C1[NH2+]CCC1,P212121,False,293.0,highT,NC(=O)C1CCCN1C(=O)[O-],NC(=O)C1[NH2+]CCC1
LISFAY,LISFAY,295 K,CCCc1[nH+]ccc(c1)C(N)=S.OC(=O)C=CC(=O)[O-],P-1,False,295.0,highT,CCCc1[nH+]ccc(c1)C(N)=S,OC(=O)C=CC(=O)[O-]
SEQGAX,SEQGAX,at 293 K,C[NH+](C)C(CO)C(O)c1ccccc1.CC(C)=CC1C(C(=O)[O-])C1(C)C,P212121,False,293.0,highT,C[NH+](C)C(CO)C(O)c1ccccc1,CC(C)=CC1C(C(=O)[O-])C1(C)C
GANYEA01,GANYEA01,at 293 K,CN1C=NC2=C1C(=O)N(C)C(=O)N2C.OC(=O)C=CC(O)=O,P-1,False,293.0,highT,CN1C=NC2=C1C(=O)N(C)C(=O)N2C,OC(=O)C=CC(O)=O
SAHCAG,SAHCAG,at 293 K,OCC1CC2CC[NH+]1CC2C=C.Cc1ccc(cc1)S(=O)(=O)[O-],P212121,False,293.0,highT,OCC1CC2CC[NH+]1CC2C=C,Cc1ccc(cc1)S(=O)(=O)[O-]
REWKUC,REWKUC,296 K,O[NH+]=CC1=CNc2ccccc12.O=N(=O)c1cc(c([O-])c(c1)N(=O)=O)N(=O)=O,P-1,False,296.0,highT,O[NH+]=CC1=CNc2ccccc12,O=N(=O)c1cc(c([O-])c(c1)N(=O)=O)N(=O)=O
VEYRAT,VEYRAT,at 298 K,[NH2+]1CCOCC1.Clc1ccc(cc1)C1=C(C#N)C(=S)NC(=C1C#N)[S-],C2/c,False,298.0,highT,[NH2+]1CCOCC1,Clc1ccc(cc1)C1=C(C#N)C(=S)NC(=C1C#N)[S-]
IFOFUF,IFOFUF,at 296 K,FC(F)(F)S(=O)(=O)[O-].C[N+]1=C2C=CC=CC2=NS1,P21/c,False,296.0,highT,FC(F)(F)S(=O)(=O)[O-],C[N+]1=C2C=CC=CC2=NS1
LIGPAV,LIGPAV,293 K,OC(=O)C=CC(O)=O.NC1=Nc2ccccc2S1,P21/c,False,293.0,highT,OC(=O)C=CC(O)=O,NC1=Nc2ccccc2S1
TAZLUE,TAZLUE,293 K,c1cnc2ncccc2c1.CSc1ccc(cc1)B(O)O,Pbcn,False,293.0,highT,c1cnc2ncccc2c1,CSc1ccc(cc1)B(O)O
LESBOC,LESBOC,at 293 K,CC(=O)Nc1ccc2c(C)cc(nc2n1)C(Br)Br.O=C1CCC(=O)N1,P21/m,False,293.0,highT,CC(=O)Nc1ccc2c(C)cc(nc2n1)C(Br)Br,O=C1CCC(=O)N1
QEPRAH,QEPRAH,293 K,[NH3+]CCNc1ccc(cc1OC)N(=O)=O.CC(=O)[O-],Fdd2,False,293.0,highT,[NH3+]CCNc1ccc(cc1OC)N(=O)=O,CC(=O)[O-]
ADIZIA,ADIZIA,293 K,O=S(=O)([O-])c1ccccc1.[NH3+]c1ccc(cc1)N(=O)=O,P21/c,False,293.0,highT,O=S(=O)([O-])c1ccccc1,[NH3+]c1ccc(cc1)N(=O)=O
ASOMAW,ASOMAW,at 296.1 K,[NH3+]Cc1ccccc1OC.CC=CC=CC(=O)[O-],P-1,False,296.0,highT,[NH3+]Cc1ccccc1OC,CC=CC=CC(=O)[O-]
UNUNOJ,UNUNOJ,294 K,OC(=O)CCC#C.c1cnccn1,P21/c,False,294.0,highT,OC(=O)CCC#C,c1cnccn1
VABSAU,VABSAU,at 296 K,O=C([O-])c1ccccc1.CC(C)[NH2+]CC(O)c1ccccc1Cl,P21/n,False,296.0,highT,O=C([O-])c1ccccc1,CC(C)[NH2+]CC(O)c1ccccc1Cl
JICWIB10,JICWIB10,at 0 deg.C,Nc1nc(N)nc(N)n1.BrC1(Br)C(=O)NC(=O)NC1=O,Ccm21,False,273.0,highT,Nc1nc(N)nc(N)n1,BrC1(Br)C(=O)NC(=O)NC1=O
CEMPOD,CEMPOD,298.1 K,OB(O)c1ccc(cc1)B(O)O.C(Cc1ccncc1)c1ccncc1,P-1,False,298.0,highT,OB(O)c1ccc(cc1)B(O)O,C(Cc1ccncc1)c1ccncc1
EROHOJ,EROHOJ,at 293 K,O=C([O-])C=Cc1ccccc1.CN1CC(=O)[NH+]=C1N,P21/c,False,293.0,highT,O=C([O-])C=Cc1ccccc1,CN1CC(=O)[NH+]=C1N
NEBWAW,NEBWAW,293 K,O=N(=O)c1ccc(cc1)N1CC[NH2+]CC1.Oc1ccc(cc1)C(=O)[O-],P-1,False,293.0,highT,O=N(=O)c1ccc(cc1)N1CC[NH2+]CC1,Oc1ccc(cc1)C(=O)[O-]
VEKBEV,VEKBEV,297.3 K,NC(=O)c1ccncc1.NS(=O)(=O)c1cc2c(NC=NS2(=O)=O)cc1Cl,P21/n,False,297.0,highT,NC(=O)c1ccncc1,NS(=O)(=O)c1cc2c(NC=NS2(=O)=O)cc1Cl
IPUYEZ,IPUYEZ,298 K,NC(=O)c1cccnc1.COc1cc(cc(OC)c1O)C(O)=O,P21/n,False,298.0,highT,NC(=O)c1cccnc1,COc1cc(cc(OC)c1O)C(O)=O
QIGQIK,QIGQIK,294 K,O=C(N1CCCC1)c1ccc(cc1)C(=O)N1CCCC1.Oc1ccc(O)cc1,P21/c,False,294.0,highT,O=C(N1CCCC1)c1ccc(cc1)C(=O)N1CCCC1,Oc1ccc(O)cc1
XOGFIK,XOGFIK,at 293 K,Cc1nc(C)c(C)nc1C.OC(=O)c1ccccc1C(O)=O,P-1,False,293.0,highT,Cc1nc(C)c(C)nc1C,OC(=O)c1ccccc1C(O)=O
AYUQAN,AYUQAN,at 293 K,CC(=O)Nc1ccccc1C(=O)[O-].CCc1[nH+]c(N)nc(N)c1c1ccc(Cl)cc1,C2/c,False,293.0,highT,CC(=O)Nc1ccccc1C(=O)[O-],CCc1[nH+]c(N)nc(N)c1c1ccc(Cl)cc1
ONAQAW,ONAQAW,at 293 K,C(Cc1ccncc1)c1ccncc1.Cc1ccc(cc1)C(O)=O,P-1,False,293.0,highT,C(Cc1ccncc1)c1ccncc1,Cc1ccc(cc1)C(O)=O
OTURIH,OTURIH,291 K,CCCOc1ccc2ncnc3c4ccccc4Sc1c23.Oc1ccccc1,P-1,False,291.0,highT,CCCOc1ccc2ncnc3c4ccccc4Sc1c23,Oc1ccccc1
WEGTUA,WEGTUA,293 K,c1cnc2c(c1)ccc1cccnc21.CC(=NO)C(C)=NO,I2/a,False,293.0,highT,c1cnc2c(c1)ccc1cccnc21,CC(=NO)C(C)=NO
TITHAG,TITHAG,at 295 K,OC(=O)C(O)=O.O=C1N2CCCCC2=Nc2ccccc12,P-1,False,295.0,highT,OC(=O)C(O)=O,O=C1N2CCCCC2=Nc2ccccc12
AQONIG,AQONIG,295 K,c1cc(ccn1)C=Cc1ccncc1.Oc1ccc(Cc2ccc(O)cc2)cc1,C2/c,False,295.0,highT,c1cc(ccn1)C=Cc1ccncc1,Oc1ccc(Cc2ccc(O)cc2)cc1
LOXCUY,LOXCUY,293 K,NC(=O)c1ccncc1.OB(O)c1ccc(cc1)B(O)O,P21/c,False,293.0,highT,NC(=O)c1ccncc1,OB(O)c1ccc(cc1)B(O)O
NAYCUN,NAYCUN,at 293 K,O=C([O-])c1ccc(cc1)N(=O)=O.Oc1ccc2[nH+]cccc2c1,P-1,False,293.0,highT,O=C([O-])c1ccc(cc1)N(=O)=O,Oc1ccc2[nH+]cccc2c1
GAMCED,GAMCED,at 293 K,OCC([NH2+]C1CC(CO)C(O)C(O)C1O)CO.O=N(=O)c1cc(c([O-])c(c1)N(=O)=O)N(=O)=O,P21,False,293.0,highT,OCC([NH2+]C1CC(CO)C(O)C(O)C1O)CO,O=N(=O)c1cc(c([O-])c(c1)N(=O)=O)N(=O)=O
MOFYAI,MOFYAI,at 291 K,Oc1ccc2ccccc2c1c1c(O)ccc2ccccc12.c1ccc2nc3ccccc3cc2c1,P2/c,False,291.0,highT,Oc1ccc2ccccc2c1c1c(O)ccc2ccccc12,c1ccc2nc3ccccc3cc2c1
ROJRAM,ROJRAM,293 K,N#Cc1cc(C#N)c(cc1C#N)C#N.O=C(N1c2ccccc2c2ccccc12)c1ccccc1,P-1,False,293.0,highT,N#Cc1cc(C#N)c(cc1C#N)C#N,O=C(N1c2ccccc2c2ccccc12)c1ccccc1
TAZQIX,TAZQIX,293 K,OC(C(O)C(=O)[O-])C(O)=O.CN1CC(=O)NC1=[NH2+],P212121,False,293.0,highT,OC(C(O)C(=O)[O-])C(O)=O,CN1CC(=O)NC1=[NH2+]
UFORAK,UFORAK,at 296 K,CN(C)C=O.OC1=C(C(=O)CC1)C1(C(=O)Nc2ccc(F)cc12)C1=C(O)CCC1=O,P-1,False,296.0,highT,CN(C)C=O,OC1=C(C(=O)CC1)C1(C(=O)Nc2ccc(F)cc12)C1=C(O)CCC1=O
ETOYAP,ETOYAP,295 K,BrBr.COc1ccncc1,P-1,False,295.0,highT,BrBr,COc1ccncc1
UBEJOC,UBEJOC,at 295 K,O=C(c1[nH+]cccc1)c1ccccc1.O=N(=O)c1cc(c([O-])c(c1)N(=O)=O)N(=O)=O,P-1,False,295.0,highT,O=C(c1[nH+]cccc1)c1ccccc1,O=N(=O)c1cc(c([O-])c(c1)N(=O)=O)N(=O)=O
NUGQOW,NUGQOW,at 293 K,c1ccc(C=Cc2ccccn2)nc1.OC(=O)C=CC(O)=O,C2/c,False,293.0,highT,c1ccc(C=Cc2ccccn2)nc1,OC(=O)C=CC(O)=O
JAJYUS,JAJYUS,293 K,OC(=O)C=Cc1ccc(O)cc1.NC(=O)c1cnccn1,C2/c,False,293.0,highT,OC(=O)C=Cc1ccc(O)cc1,NC(=O)c1cnccn1
TIFTAD,TIFTAD,at 293 K,OC(=O)CCSCCC(O)=O.c1cnc2c(c1)ccc1ncccc21,C2/c,False,293.0,highT,OC(=O)CCSCCC(O)=O,c1cnc2c(c1)ccc1ncccc21
LACSUG,LACSUG,298 K,Nc1ccc(C(O)=O)c(O)c1.c1cnccn1,P21/c,False,298.0,highT,Nc1ccc(C(O)=O)c(O)c1,c1cnccn1
LIHBEK,LIHBEK,at 293 K,O=C([O-])c1ccc(cc1)N(=O)=O.[NH3+]C(CC)CO,P-1,False,293.0,highT,O=C([O-])c1ccc(cc1)N(=O)=O,[NH3+]C(CC)CO
TEZTIC,TEZTIC,at 293 K,[NH3+]CCCCC([NH3+])C(=O)[O-].ClC(Cl)(Cl)C(=O)[O-],P21,False,293.0,highT,[NH3+]CCCCC([NH3+])C(=O)[O-],ClC(Cl)(Cl)C(=O)[O-]
DEDMAD,DEDMAD,293.1 K,NC(=O)CN1CCCC1=O.Nc1cccc(N)n1,Pbca,False,293.0,highT,NC(=O)CN1CCCC1=O,Nc1cccc(N)n1
LECDUV,LECDUV,293 K,Cc1nccnc1C.OC(=O)c1ccc(O)c(c1)C(O)=O,P-1,False,293.0,highT,Cc1nccnc1C,OC(=O)c1ccc(O)c(c1)C(O)=O
TARPIO02,TARPIO02,295 K,NS(=O)(=O)c1cc(C(O)=O)c(NCC2=CC=CO2)cc1Cl.CS(C)=O,P21/c,False,295.0,highT,NS(=O)(=O)c1cc(C(O)=O)c(NCC2=CC=CO2)cc1Cl,CS(C)=O
PAVYUI,PAVYUI,at 295 K,FC(F)(F)S(=O)(=O)[O-].C[n+]1c2ccccc2c(C(=O)Oc2ccccc2Br)c2ccccc12,P21/c,False,295.0,highT,FC(F)(F)S(=O)(=O)[O-],C[n+]1c2ccccc2c(C(=O)Oc2ccccc2Br)c2ccccc12
VABGUB01,VABGUB01,at 293 K,F[n+]1ccccc1.FC(F)(F)S(=O)(=O)[O-],P21/c,False,293.0,highT,F[n+]1ccccc1,FC(F)(F)S(=O)(=O)[O-]
GAZSEJ,GAZSEJ,293 K,O=C([O-])C(c1ccccc1)c1ccccc1.CC1=C[NH+]=C(N)S1,P21,False,293.0,highT,O=C([O-])C(c1ccccc1)c1ccccc1,CC1=C[NH+]=C(N)S1
KIHXAB,KIHXAB,at 298 K,Oc1cccc(c1)C#N.c1ccc(cc1)c1ccncc1,P21/c,False,298.0,highT,Oc1cccc(c1)C#N,c1ccc(cc1)c1ccncc1
EXEZIR,EXEZIR,at 293 K,Cc1cc(Cl)nc(N)n1.Cc1ccccc1C(O)=O,P21/c,False,293.0,highT,Cc1cc(Cl)nc(N)n1,Cc1ccccc1C(O)=O
FALXAS,FALXAS,at 293 K,OC(C(O)C(=O)[O-])C(O)=O.O=C(N1CC[NH2+]C2CCCCC12)C1=CC=CO1,P21,False,293.0,highT,OC(C(O)C(=O)[O-])C(O)=O,O=C(N1CC[NH2+]C2CCCCC12)C1=CC=CO1
XUVLUV,XUVLUV,at 293 K,CC(C)N1N=C(C(=NC1=[NH2+])N)c1cccc(Cl)c1Cl.CS(=O)(=O)[O-],P-1,False,293.0,highT,CC(C)N1N=C(C(=NC1=[NH2+])N)c1cccc(Cl)c1Cl,CS(=O)(=O)[O-]
EGENIP,EGENIP,296 K,NS(=O)(=O)c1cc2c(NCNS2(=O)=O)cc1Cl.NC(=O)c1cnccn1,P212121,False,296.0,highT,NS(=O)(=O)c1cc2c(NCNS2(=O)=O)cc1Cl,NC(=O)c1cnccn1
ABULEQ,ABULEQ,at 293 K,OC(=O)c1cc2ccccc2cc1O.NC(=O)c1cccnc1,C2/c,False,293.0,highT,OC(=O)c1cc2ccccc2cc1O,NC(=O)c1cccnc1
UPIYUP,UPIYUP,296 K,[NH3+]C(C(=O)OC)C(C)(O)C(F)F.CC1(C)C2CCC1(CS(=O)(=O)[O-])C(=O)C2,P212121,False,296.0,highT,[NH3+]C(C(=O)OC)C(C)(O)C(F)F,CC1(C)C2CCC1(CS(=O)(=O)[O-])C(=O)C2
UFEZUD,UFEZUD,292 K,[NH3+]Cc1cc(OC)cc(OC)c1.CN(C)c1ccc(cc1)C=C(C#N)C(=O)[O-],P21,False,292.0,highT,[NH3+]Cc1cc(OC)cc(OC)c1,CN(C)c1ccc(cc1)C=C(C#N)C(=O)[O-]
XONBEJ,XONBEJ,at 296 K,OC(=O)C1=CC=C(Cl)S1.c1ccc2nc3ccccc3cc2c1,P-1,False,296.0,highT,OC(=O)C1=CC=C(Cl)S1,c1ccc2nc3ccccc3cc2c1
QUWZIS,QUWZIS,at 294 K,c1ccc2nccnc2c1.Oc1c(F)c(F)c(O)c(F)c1F,P212121,False,294.0,highT,c1ccc2nccnc2c1,Oc1c(F)c(F)c(O)c(F)c1F
ZEYNID,ZEYNID,293 K,Cc1nccnc1C.OC(=O)c1cccc(O)c1O,C2/c,False,293.0,highT,Cc1nccnc1C,OC(=O)c1cccc(O)c1O
UKITEQ,UKITEQ,298 K,Cc1cccc2SC(=Nc12)N.COc1cc(C=CC(O)=O)cc(OC)c1OC,P21/c,False,298.0,highT,Cc1cccc2SC(=Nc12)N,COc1cc(C=CC(O)=O)cc(OC)c1OC
AYILEB,AYILEB,296 K,c1ccc2cnccc2c1.OC(=O)c1ccccc1SSc1ccccc1C(O)=O,P-1,False,296.0,highT,c1ccc2cnccc2c1,OC(=O)c1ccccc1SSc1ccccc1C(O)=O
VEMJII,VEMJII,at 293 K,[NH3+]CC(O)COc1ccccc1.OC(C(=O)[O-])c1ccccc1,P212121,False,293.0,highT,[NH3+]CC(O)COc1ccccc1,OC(C(=O)[O-])c1ccccc1
OZOTEE,OZOTEE,296 K,ON=Cc1cc[nH+]c2ccccc12.Oc1cccc(C(=O)[O-])c1O,C2/c,False,296.0,highT,ON=Cc1cc[nH+]c2ccccc12,Oc1cccc(C(=O)[O-])c1O
HEZSOU,HEZSOU,at -60 deg.C,NC(N)=O.N#CCCCC#N,Pmmn,False,333.0,highT,NC(N)=O,N#CCCCC#N
XEDSUY,XEDSUY,298.1 K,Oc1cc(O)c(Cl)cc1Cl.S1C(=Nc2ccccc12)C=CC=Cc1ccccc1,Pbca,False,298.0,highT,Oc1cc(O)c(Cl)cc1Cl,S1C(=Nc2ccccc12)C=CC=Cc1ccccc1
SIJXEQ,SIJXEQ,at 298 K,[NH2+]=C1NC(=O)NC=C1F.O=C1[N-]S(=O)(=O)c2ccccc12,P21/c,False,298.0,highT,[NH2+]=C1NC(=O)NC=C1F,O=C1[N-]S(=O)(=O)c2ccccc12
VACJAM,VACJAM,at 293 K,[NH2+]1CCOCC1.Oc1c(cc(c([O-])c1N(=O)=O)N(=O)=O)N(=O)=O,P-1,False,293.0,highT,[NH2+]1CCOCC1,Oc1c(cc(c([O-])c1N(=O)=O)N(=O)=O)N(=O)=O
XIYSEG,XIYSEG,298 K,OC(=O)c1cccc(n1)C(O)=O.OC(CN1C=NC=N1)(CN1C=NC=N1)c1ccc(F)cc1F,P-1,False,298.0,highT,OC(=O)c1cccc(n1)C(O)=O,OC(CN1C=NC=N1)(CN1C=NC=N1)c1ccc(F)cc1F
HIQQEF,HIQQEF,298 K,CC(C)COc1ccc(cc1C#N)C1=NC(=C(S1)C(O)=O)C.CC(N)=O,P21/c,False,298.0,highT,CC(C)COc1ccc(cc1C#N)C1=NC(=C(S1)C(O)=O)C,CC(N)=O
FOSFUQ,FOSFUQ,298 K,COc1cc(ccc1O)C(O)=O.NNC(=O)c1ccncc1,P-1,False,298.0,highT,COc1cc(ccc1O)C(O)=O,NNC(=O)c1ccncc1
BULJID,BULJID,293 K,OC(=O)c1ccccc1O.c1cc(ccn1)N=Nc1ccncc1,P21/c,False,293.0,highT,OC(=O)c1ccccc1O,c1cc(ccn1)N=Nc1ccncc1
EWINAZ,EWINAZ,at 298 K,[NH3+]C(CCCNC(N)=[NH2+])C(=O)[O-].Oc1ccc(O)c(c1)C(=O)[O-],P21,False,298.0,highT,[NH3+]C(CCCNC(N)=[NH2+])C(=O)[O-],Oc1ccc(O)c(c1)C(=O)[O-]
LIGNIA,LIGNIA,290 K,OC(=O)c1cc(ccc1O)S(=O)(=O)[O-].ClCCC[NH+]1CCCCC1,P212121,False,290.0,highT,OC(=O)c1cc(ccc1O)S(=O)(=O)[O-],ClCCC[NH+]1CCCCC1
UGOSAM,UGOSAM,at 293 K,CC1=CSC(=N1)N.OC(=O)CCCCCCC(O)=O,P21/c,False,293.0,highT,CC1=CSC(=N1)N,OC(=O)CCCCCCC(O)=O
GENTOJ,GENTOJ,at 290 K,OB(O)c1ccccc1.NN1C(=O)NC2(CCCCC2)C1=O,P-1,False,290.0,highT,OB(O)c1ccccc1,NN1C(=O)NC2(CCCCC2)C1=O
DATDUZ,DATDUZ,at 293 K,CC(=O)NC1=NN=C(S1)S(N)(=O)=O.OC(=O)c1cccc(O)c1O,P21/c,False,293.0,highT,CC(=O)NC1=NN=C(S1)S(N)(=O)=O,OC(=O)c1cccc(O)c1O
EZEGOH,EZEGOH,296 K,CCc1[nH+]ccc(c1)C(N)=S.Clc1cc(ccc1C(=O)[O-])N(=O)=O,P21/n,False,296.0,highT,CCc1[nH+]ccc(c1)C(N)=S,Clc1cc(ccc1C(=O)[O-])N(=O)=O
RIMWIW,RIMWIW,293 K,Cc1nc(C)c(C)nc1C.OC(=O)c1cc(Cl)ccc1O,C2/c,False,293.0,highT,Cc1nc(C)c(C)nc1C,OC(=O)c1cc(Cl)ccc1O
VUTNAB,VUTNAB,296 K,Nc1ccc(cc1)C(O)=O.NC(=O)c1cnccn1,P21/n,False,296.0,highT,Nc1ccc(cc1)C(O)=O,NC(=O)c1cnccn1
JOKYAM,JOKYAM,301 K,Cc1ccncc1.Nc1ccc(cc1)S(=O)(=O)Nc1ccc(Cl)nn1,P21/c,False,301.0,highT,Cc1ccncc1,Nc1ccc(cc1)S(=O)(=O)Nc1ccc(Cl)nn1
ODIDIR,ODIDIR,296 K,CCOc1ccccc1C(N)=O.COc1cc(C=CC(O)=O)ccc1O,Pbca,False,296.0,highT,CCOc1ccccc1C(N)=O,COc1cc(C=CC(O)=O)ccc1O
DUHYOV,DUHYOV,at 293 K,[NH3+]C1=C(C)N(C)N(c2ccccc2)C1=O.Oc1ccccc1C(=O)[O-],P21/c,False,293.0,highT,[NH3+]C1=C(C)N(C)N(c2ccccc2)C1=O,Oc1ccccc1C(=O)[O-]
RORNUJ,RORNUJ,at 301 K,OB(O)c1ccc(Br)cc1.c1ccc2nc3ccccc3nc2c1,P-1,False,301.0,highT,OB(O)c1ccc(Br)cc1,c1ccc2nc3ccccc3nc2c1
EFUNOJ,EFUNOJ,at 294 K,OC(=O)CCC(=O)[O-].NC1=CC=[NH+]C(=O)N1,C2/c,False,294.0,highT,OC(=O)CCC(=O)[O-],NC1=CC=[NH+]C(=O)N1
EDAPOQ,EDAPOQ,at 295 K,NC(=O)c1cccnc1.OC(=O)C=CC(O)=O,P21/n,False,295.0,highT,NC(=O)c1cccnc1,OC(=O)C=CC(O)=O
VELVOA,VELVOA,295 K,BrN1C(=O)c2ccccc2C1=O.Cc1ccccn1,Pnna,False,295.0,highT,BrN1C(=O)c2ccccc2C1=O,Cc1ccccn1
NUKXUN02,NUKXUN02,at 293 K,NC(=O)c1cccnc1.OC(=O)CC(O)=O,P21/c,False,293.0,highT,NC(=O)c1cccnc1,OC(=O)CC(O)=O
NUMHAG,NUMHAG,298 K,NS(=O)(=O)c1ccccc1.O=C1CCCCCCN1,P21/n,False,298.0,highT,NS(=O)(=O)c1ccccc1,O=C1CCCCCCN1
MAMPUM01,MAMPUM01,at 298 K,c1ccc2nc3ccccc3nc2c1.OC1=C(Cl)C(=O)C(=C(Cl)C1=O)O,P21/n,False,298.0,highT,c1ccc2nc3ccccc3nc2c1,OC1=C(Cl)C(=O)C(=C(Cl)C1=O)O
SUYZAP,SUYZAP,298 K,OC(=O)C(O)=O.CN(C)c1ccc(C=O)cc1,P-1,False,298.0,highT,OC(=O)C(O)=O,CN(C)c1ccc(C=O)cc1
KALQUM,KALQUM,293 K,NC(=O)c1cc[nH+]cc1.OC(CC(O)=O)C(=O)[O-],P21/n,False,293.0,highT,NC(=O)c1cc[nH+]cc1,OC(CC(O)=O)C(=O)[O-]
ABEHOF,ABEHOF,at 293 K,[NH3+]C(C(C)C)C(O)=O.O=N(=O)c1cc(c([O-])c(c1)N(=O)=O)N(=O)=O,P21,False,293.0,highT,[NH3+]C(C(C)C)C(O)=O,O=N(=O)c1cc(c([O-])c(c1)N(=O)=O)N(=O)=O
TEMVAL,TEMVAL,250 K,FC(F)(F)S(=O)(=O)[O-].[NH3+]CCC(O)=O,P-1,False,250.0,highT,FC(F)(F)S(=O)(=O)[O-],[NH3+]CCC(O)=O
SOVNIA,SOVNIA,at 273 K,OC(=O)CCCCC(O)=O.Nc1cc(N)nc(N)n1,P21/c,False,273.0,highT,OC(=O)CCCCC(O)=O,Nc1cc(N)nc(N)n1
LUWHOA,LUWHOA,at 293 K,OC(=O)c1cc(ccc1O)S(=O)(=O)[O-].COc1cc(Cc2c[nH+]c(N)nc2N)cc(OC)c1OC,P21/c,False,293.0,highT,OC(=O)c1cc(ccc1O)S(=O)(=O)[O-],COc1cc(Cc2c[nH+]c(N)nc2N)cc(OC)c1OC
RAVXOE,RAVXOE,296 K,Brc1cncc(Br)c1.OC(=O)c1cc(Br)cc(Br)c1O,P-1,False,296.0,highT,Brc1cncc(Br)c1,OC(=O)c1cc(Br)cc(Br)c1O
CAKZAR,CAKZAR,at 298 K,OB(O)c1ccc(O)cc1.CC1=NN=C2CN=C(c3ccccc3)c3cc(Cl)ccc3N12,P-1,False,298.0,highT,OB(O)c1ccc(O)cc1,CC1=NN=C2CN=C(c3ccccc3)c3cc(Cl)ccc3N12
NEQHIC,NEQHIC,at 298 K,[NH2+]=C1NC(=O)NC=C1.O=C1NC(=O)C=C(N1)C(=O)[O-],P21/c,False,298.0,highT,[NH2+]=C1NC(=O)NC=C1,O=C1NC(=O)C=C(N1)C(=O)[O-]
NUGZEV01,NUGZEV01,at 294 K,OC(=O)c1cccc(c1)C(O)=O.NN1C(=NN=C1c1ccncc1)c1ccncc1,P-1,False,294.0,highT,OC(=O)c1cccc(c1)C(O)=O,NN1C(=NN=C1c1ccncc1)c1ccncc1
MESTEM,MESTEM,296 K,[NH3+]C(C(C)O)C(O)=O.Cc1ccc(cc1)S(=O)(=O)[O-],P21,False,296.0,highT,[NH3+]C(C(C)O)C(O)=O,Cc1ccc(cc1)S(=O)(=O)[O-]
UFIJEB,UFIJEB,291 K,O=N(=O)c1ccc(C[n+]2ccc3ccccc3c2)cc1.O=N(=O)c1cc(c([O-])c(c1)N(=O)=O)N(=O)=O,Cc,False,291.0,highT,O=N(=O)c1ccc(C[n+]2ccc3ccccc3c2)cc1,O=N(=O)c1cc(c([O-])c(c1)N(=O)=O)N(=O)=O
NUMKAJ,NUMKAJ,298 K,NS(=O)(=O)c1ccccc1Cl.O=C1CCCCN1,P21/c,False,298.0,highT,NS(=O)(=O)c1ccccc1Cl,O=C1CCCCN1
DAMMAF,DAMMAF,at -100 deg.C,CN(C)[S+](N(C)C)N(C)C.FC(F)(F)[O-],Pnma,False,373.0,highT,CN(C)[S+](N(C)C)N(C)C,FC(F)(F)[O-]
XOQRAZ,XOQRAZ,296 K,Oc1c(cc(cc1N(=O)=O)N(=O)=O)C(=O)[O-].[NH2+]=C1NC(=O)NC=C1F,C2,False,296.0,highT,Oc1c(cc(cc1N(=O)=O)N(=O)=O)C(=O)[O-],[NH2+]=C1NC(=O)NC=C1F
MOLGIE,MOLGIE,at 293 K,[NH2+]1CCOCC1.CC1=NC(=NN1)SCC(=O)[O-],P21/c,False,293.0,highT,[NH2+]1CCOCC1,CC1=NC(=NN1)SCC(=O)[O-]
WIHTUG,WIHTUG,296 K,Oc1ccc(c2ccc[nH+]c12)N(=O)=O.Cc1ccc(cc1)S(=O)(=O)[O-],C2/c,False,296.0,highT,Oc1ccc(c2ccc[nH+]c12)N(=O)=O,Cc1ccc(cc1)S(=O)(=O)[O-]
YIZCOA,YIZCOA,at 293 K,O=S(=O)([O-])c1ccccc1.CCc1[nH+]c(N)nc(N)c1c1ccc(Cl)cc1,P-1,False,293.0,highT,O=S(=O)([O-])c1ccccc1,CCc1[nH+]c(N)nc(N)c1c1ccc(Cl)cc1
PAQNOM,PAQNOM,at 296 K,OC1=C(O)C(=O)C1=O.NC(=O)c1cnccn1,P21/c,False,296.0,highT,OC1=C(O)C(=O)C1=O,NC(=O)c1cnccn1
YUCRAS,YUCRAS,293 K,Fc1ccccc1NC(=S)NNC(=O)c1ccncc1.CC(C)O,P21/n,False,293.0,highT,Fc1ccccc1NC(=S)NNC(=O)c1ccncc1,CC(C)O
WARPIP,WARPIP,at 293 K,OC(=O)c1cc(cc(c1)C(O)=O)C(O)=O.c1cncc(c1)c1nnc(nn1)c1cccnc1,C2/c,False,293.0,highT,OC(=O)c1cc(cc(c1)C(O)=O)C(O)=O,c1cncc(c1)c1nnc(nn1)c1cccnc1
QISSUK,QISSUK,282 K,OC(=O)c1ccc(Nc2ccccc2)cc1.c1ccncc1,P21/n,False,282.0,highT,OC(=O)c1ccc(Nc2ccccc2)cc1,c1ccncc1
CEWYIM20,CEWYIM20,at -123deg.C,Oc1cccc2c3cccc(O)c3c12.CN1C(=CC(=O)C=C1C)C,P21/n,False,396.0,highT,Oc1cccc2c3cccc(O)c3c12,CN1C(=CC(=O)C=C1C)C
NORTEW,NORTEW,296 K,Oc1cccc(O)c1.c1ccc2nc3ccccc3nc2c1,C2/c,False,296.0,highT,Oc1cccc(O)c1,c1ccc2nc3ccccc3nc2c1
HUVGIQ,HUVGIQ,273 K,OC(=O)CCC(O)=O.C1=CN(C=N1)c1ccc(cc1)N1C=CN=C1,P-1,False,273.0,highT,OC(=O)CCC(O)=O,C1=CN(C=N1)c1ccc(cc1)N1C=CN=C1
VANDIA,VANDIA,293 K,OC(=O)c1cc(ccc1O)S(=O)(=O)[O-].[NH3+]c1ccc(OC)cc1,Cc,False,293.0,highT,OC(=O)c1cc(ccc1O)S(=O)(=O)[O-],[NH3+]c1ccc(OC)cc1
VEJQAG,VEJQAG,293 K,Nc1ncccn1.OC(=O)c1ccc(F)cc1,Pnma,False,293.0,highT,Nc1ncccn1,OC(=O)c1ccc(F)cc1
NEBVUN,NEBVUN,at 293 K,Oc1cccnc1C(=O)[O-].COc1[nH+]c(N)nc(OC)c1,P-1,False,293.0,highT,Oc1cccnc1C(=O)[O-],COc1[nH+]c(N)nc(OC)c1
NEBXUP,NEBXUP,at 293 K,OC(=O)CCl.COc1cc(OC)nc(N)n1,P21/c,False,293.0,highT,OC(=O)CCl,COc1cc(OC)nc(N)n1
UKISOZ,UKISOZ,298 K,Cc1cccc2SC(=[NH2+])Nc12.Clc1ccc(C(=O)[O-])c(c1)N(=O)=O,P-1,False,298.0,highT,Cc1cccc2SC(=[NH2+])Nc12,Clc1ccc(C(=O)[O-])c(c1)N(=O)=O
FICXIZ,FICXIZ,at 298 K,NC1=[NH+]C(=O)NC=C1.OC(=O)c1cc(cc(c1[O-])N(=O)=O)N(=O)=O,P21/n,False,298.0,highT,NC1=[NH+]C(=O)NC=C1,OC(=O)c1cc(cc(c1[O-])N(=O)=O)N(=O)=O
QOZYOV,QOZYOV,at 293 K,Nc1[nH+]cc(Br)cc1.OC(C(O)C(=O)[O-])C(O)=O,P212121,False,293.0,highT,Nc1[nH+]cc(Br)cc1,OC(C(O)C(=O)[O-])C(O)=O
MUYDIW,MUYDIW,299 K,OC(C(O)C(=O)[O-])C(O)=O.[NH3+]c1ccc(O)cc1,P21,False,299.0,highT,OC(C(O)C(=O)[O-])C(O)=O,[NH3+]c1ccc(O)cc1
ENODIV,ENODIV,at 294 K,NC1=[NH+]C(=O)NC=C1.OC(CN1C=[NH+]C=C1)(P(O)(=O)[O-])P(O)(=O)[O-],P-1,False,294.0,highT,NC1=[NH+]C(=O)NC=C1,OC(CN1C=[NH+]C=C1)(P(O)(=O)[O-])P(O)(=O)[O-]
BIGCEA,BIGCEA,at 298 K,Cc1ccc(cc1)S(=O)(=O)[O-].C[N+](C)(C)CC1OCC2OC(C)(C)OC12,P212121,False,298.0,highT,Cc1ccc(cc1)S(=O)(=O)[O-],C[N+](C)(C)CC1OCC2OC(C)(C)OC12
KEXZIX,KEXZIX,at 293 K,Nc1ccc(N)cc1.OCCCCCCCCO,C2/c,False,293.0,highT,Nc1ccc(N)cc1,OCCCCCCCCO
RURROM01,RURROM01,at 293.1 K,OC1=C(F)C(=O)C(=C(F)C1=O)O.c1ccc2nc3ccccc3nc2c1,P-1,False,293.0,highT,OC1=C(F)C(=O)C(=C(F)C1=O)O,c1ccc2nc3ccccc3nc2c1
PASXIT,PASXIT,296 K,OC(=O)c1ccccc1c1ccccc1C(=O)[O-].CN1CC(=O)NC1=[NH2+],P21/c,False,296.0,highT,OC(=O)c1ccccc1c1ccccc1C(=O)[O-],CN1CC(=O)NC1=[NH2+]
KIQRIN,KIQRIN,at 293 K,CNC([O-])=C(C#N)c1ccc(cc1N(=O)=O)N(=O)=O.C[NH+]1CCOCC1,P21/n,False,293.0,highT,CNC([O-])=C(C#N)c1ccc(cc1N(=O)=O)N(=O)=O,C[NH+]1CCOCC1
JEJNES,JEJNES,at 294 K,O=C([O-])c1ccc(cc1)N(=O)=O.[NH3+]c1ccc(OC)cc1,P21/n,False,294.0,highT,O=C([O-])c1ccc(cc1)N(=O)=O,[NH3+]c1ccc(OC)cc1
MAYGAV,MAYGAV,at 293 K,NC1=NC2=NC(=NC3=NC(=NC(=N1)N23)N)N.OP(O)(O)=O,R3c,False,293.0,highT,NC1=NC2=NC(=NC3=NC(=NC(=N1)N23)N)N,OP(O)(O)=O
CAKZUL,CAKZUL,at 301 K,OC(=O)CCC(O)=O.CC1=NN=C2CN=C(c3ccccc3)c3cc(Cl)ccc3N12,C2/c,False,301.0,highT,OC(=O)CCC(O)=O,CC1=NN=C2CN=C(c3ccccc3)c3cc(Cl)ccc3N12
YEQGUA,YEQGUA,298 K,OC(=O)c1ccc(cc1)C(O)=O.NC(=O)c1cnccn1,P-1,False,298.0,highT,OC(=O)c1ccc(cc1)C(O)=O,NC(=O)c1cnccn1
SIKKIK,SIKKIK,298 K,Oc1cc2OC(=O)C=Cc2cc1O.NC(=O)c1cccnc1,P-1,False,298.0,highT,Oc1cc2OC(=O)C=Cc2cc1O,NC(=O)c1cccnc1
YECVOV01,YECVOV01,298 K,NC(=O)c1cc[nH+]cc1.CN1C(=O)N(C)C2=C(N(CC(=O)[O-])C=N2)C1=O,C2/c,False,298.0,highT,NC(=O)c1cc[nH+]cc1,CN1C(=O)N(C)C2=C(N(CC(=O)[O-])C=N2)C1=O
WIJCOL,WIJCOL,293 K,c1ccc2nc3ccccc3cc2c1.Oc1ccc(C=O)cc1,P21/c,False,293.0,highT,c1ccc2nc3ccccc3cc2c1,Oc1ccc(C=O)cc1
DOGDAH,DOGDAH,301.1 K,CC1=[NH+]C=C(N1CCOC(=O)c1ccccc1)N(=O)=O.Oc1cccc(O)c1C(=O)[O-],P21/n,False,301.0,highT,CC1=[NH+]C=C(N1CCOC(=O)c1ccccc1)N(=O)=O,Oc1cccc(O)c1C(=O)[O-]
FOYTAP,FOYTAP,at 293 K,[NH3+]C(Cc1ccc(O)cc1)C(N)=O.OC1=C([O-])C(=O)C1=O,P21,False,293.0,highT,[NH3+]C(Cc1ccc(O)cc1)C(N)=O,OC1=C([O-])C(=O)C1=O
AZUZIF,AZUZIF,at 296 K,[S-]C#N.Brc1ccc(cc1)[N+]1=Cc2ccccc2CC1,P-1,False,296.0,highT,[S-]C#N,Brc1ccc(cc1)[N+]1=Cc2ccccc2CC1
UPEFAY,UPEFAY,296 K,Nc1[nH+]c(N)nc(n1)c1ccc(Br)cc1.OC(=O)CCCC(=O)[O-],P21,False,296.0,highT,Nc1[nH+]c(N)nc(n1)c1ccc(Br)cc1,OC(=O)CCCC(=O)[O-]
TIRNOY,TIRNOY,at 293 K,Nc1[nH+]cc(c(N)n1)c1cc(Cl)cc(Cl)c1Cl.CS(=O)(=O)[O-],C2/c,False,293.0,highT,Nc1[nH+]cc(c(N)n1)c1cc(Cl)cc(Cl)c1Cl,CS(=O)(=O)[O-]
PATYER,PATYER,293 K,OC(=O)c1cc(ccc1O)S(=O)(=O)[O-].[NH3+]C1=CNC(=O)NC1=O,P-1,False,293.0,highT,OC(=O)c1cc(ccc1O)S(=O)(=O)[O-],[NH3+]C1=CNC(=O)NC1=O
CAJVEP,CAJVEP,at 293 K,c1cc(ccn1)c1ccncc1.NC1=NC(=NC(=N1)N)N,C2/c,False,293.0,highT,c1cc(ccn1)c1ccncc1,NC1=NC(=NC(=N1)N)N
TARLAA,TARLAA,at 293 K,NC(N)=S.CCOC(=O)C(=O)OCC,P-1,False,293.0,highT,NC(N)=S,CCOC(=O)C(=O)OCC
XISWAA,XISWAA,293 K,Nc1ccc(cc1)C(=O)[O-].OCC[NH2+]CCO,P21/c,False,293.0,highT,Nc1ccc(cc1)C(=O)[O-],OCC[NH2+]CCO
KIKLEW,KIKLEW,at 298 K,Oc1[nH+]cccc1.O=N(=O)c1cc(c([O-])c(c1)N(=O)=O)N(=O)=O,P21/c,False,298.0,highT,Oc1[nH+]cccc1,O=N(=O)c1cc(c([O-])c(c1)N(=O)=O)N(=O)=O
PAVGOK,PAVGOK,at 298 K,N#Cc1ccncc1.OC(=O)C(O)=O,P-1,False,298.0,highT,N#Cc1ccncc1,OC(=O)C(O)=O
EZIDEX,EZIDEX,at 298 K,Oc1cccc(O)c1C(=O)[O-].CC1=[NH+]N=C2CN=C(c3ccccc3)c3cc(Cl)ccc3N12,P-1,False,298.0,highT,Oc1cccc(O)c1C(=O)[O-],CC1=[NH+]N=C2CN=C(c3ccccc3)c3cc(Cl)ccc3N12
NAXBEX,NAXBEX,293 K,O=N(=O)c1ccc([O-])cc1.[NH3+]Cc1ccccc1O,P-1,False,293.0,highT,O=N(=O)c1ccc([O-])cc1,[NH3+]Cc1ccccc1O
INEDIO,INEDIO,at 293 K,OCC1=CNC=[NH+]1.O=N(=O)c1cc(c([O-])c(c1)N(=O)=O)N(=O)=O,P21,False,293.0,highT,OCC1=CNC=[NH+]1,O=N(=O)c1cc(c([O-])c(c1)N(=O)=O)N(=O)=O
FOXCUT01,FOXCUT01,299.9 K,BrC1=C(Br)C(=O)C(=C(C#N)C1=O)C#N.Cc1ccc2Sc3c(C)cccc3c2c1,Cmc21,False,299.0,highT,BrC1=C(Br)C(=O)C(=C(C#N)C1=O)C#N,Cc1ccc2Sc3c(C)cccc3c2c1
KULSOA01,KULSOA01,at 294 K,OC1=C([O-])C(=O)C1=O.OC(O)c1cc[nH+]cc1,P-1,False,294.0,highT,OC1=C([O-])C(=O)C1=O,OC(O)c1cc[nH+]cc1
VELWUH,VELWUH,295 K,BrN1C(=O)c2ccccc2C1=O.Cc1cc(C)nc(C)c1,P21/n,False,295.0,highT,BrN1C(=O)c2ccccc2C1=O,Cc1cc(C)nc(C)c1
MUHKEI,MUHKEI,293 K,CC(C)=[NH+]O.ON1N=NN=C1C1=NN=NN1[O-],P-1,False,293.0,highT,CC(C)=[NH+]O,ON1N=NN=C1C1=NN=NN1[O-]
VORLOE,VORLOE,at 295 K,OC(=O)c1cccc(c1)C(O)=O.S(Sc1ccncc1)c1ccncc1,P21/c,False,295.0,highT,OC(=O)c1cccc(c1)C(O)=O,S(Sc1ccncc1)c1ccncc1
HASXUY,HASXUY,296 K,N1C2=NON=C2NC2=NON=C12.CN(C)C=O,C2/c,False,296.0,highT,N1C2=NON=C2NC2=NON=C12,CN(C)C=O
OROWEY,OROWEY,at 296 K,c1cc(ccn1)c1ccncc1.CC1=C(SCC(O)=O)C(=O)c2ccccc2C1=O,P21/n,False,296.0,highT,c1cc(ccn1)c1ccncc1,CC1=C(SCC(O)=O)C(=O)c2ccccc2C1=O
REQCOJ,REQCOJ,293.1 K,N#CC[P+](c1ccccc1)(c1ccccc1)c1ccccc1.O=N(=O)c1ccc(c(c1)N(=O)=O)S(=O)(=O)[O-],P-1,False,293.0,highT,N#CC[P+](c1ccccc1)(c1ccccc1)c1ccccc1,O=N(=O)c1ccc(c(c1)N(=O)=O)S(=O)(=O)[O-]
COZYEW,COZYEW,at 298 K,OC(=O)CCCC(O)=O.C(Cc1ccncc1)c1ccncc1,P21/c,False,298.0,highT,OC(=O)CCCC(O)=O,C(Cc1ccncc1)c1ccncc1
QINQEN,QINQEN,298.1 K,c1cc(ccn1)C=Cc1ccncc1.OB(O)c1ccccc1,P21/c,False,298.0,highT,c1cc(ccn1)C=Cc1ccncc1,OB(O)c1ccccc1
SAZXID,SAZXID,293.1 K,O=N(=O)C1=N[N-]C(=N1)N(=O)=O.C[N+]1=CN(CCO)C=C1,P-1,False,293.0,highT,O=N(=O)C1=N[N-]C(=N1)N(=O)=O,C[N+]1=CN(CCO)C=C1
LACWEU,LACWEU,298 K,N#Cc1ccncc1.Nc1ccc(C(O)=O)c(O)c1,C2/c,False,298.0,highT,N#Cc1ccncc1,Nc1ccc(C(O)=O)c(O)c1
IJOKEX,IJOKEX,at 293 K,O=C1N[N-]C(=O)c2ccccc12.[NH3+]CCN1CCNC(=O)C1,P21/c,False,293.0,highT,O=C1N[N-]C(=O)c2ccccc12,[NH3+]CCN1CCNC(=O)C1
RIRFOQ,RIRFOQ,293 K,CCCC(C(O)=O)[N+]12CCC(CC1)CC2.Clc1cc(cc(Cl)c1[O-])N(=O)=O,Pbca,False,293.0,highT,CCCC(C(O)=O)[N+]12CCC(CC1)CC2,Clc1cc(cc(Cl)c1[O-])N(=O)=O
CERLIY,CERLIY,293 K,FC(F)(F)C(=O)[O-].[NH3+]C(CNC1=CC=CC=CC1=O)C(O)=O,P1,False,293.0,highT,FC(F)(F)C(=O)[O-],[NH3+]C(CNC1=CC=CC=CC1=O)C(O)=O
OQIXAQ,OQIXAQ,273 K,c1cc(ccn1)C=Cc1ccncc1.Oc1cc(O)c2C(=O)C=C(Oc2c1)c1ccc(O)c(O)c1,P-1,False,273.0,highT,c1cc(ccn1)C=Cc1ccncc1,Oc1cc(O)c2C(=O)C=C(Oc2c1)c1ccc(O)c(O)c1
LOQYAU01,LOQYAU01,293 K,[2H][N+]([2H])(C)C.[2H]OC(=O)c1c(F)c(F)c(c(F)c1F)C(=O)[O-],P21/c,False,293.0,highT,[2H][N+]([2H])(C)C,[2H]OC(=O)c1c(F)c(F)c(c(F)c1F)C(=O)[O-]
UPAVUE,UPAVUE,298 K,FC1=C(F)C(C(=C(F)C1=C(C#N)C#N)F)=C(C#N)C#N.COc1ccc2SC3=C(Sc4ccc(OC)cc34)c2c1,P-1,False,298.0,highT,FC1=C(F)C(C(=C(F)C1=C(C#N)C#N)F)=C(C#N)C#N,COc1ccc2SC3=C(Sc4ccc(OC)cc34)c2c1
UMIMOS,UMIMOS,at 293 K,OC(=O)CCCCCCCCC(O)=O.c1cc(ccn1)N=Nc1ccncc1,P-1,False,293.0,highT,OC(=O)CCCCCCCCC(O)=O,c1cc(ccn1)N=Nc1ccncc1
VAJPOO,VAJPOO,293 K,c1cc(ccn1)c1ccncc1.OC(=O)c1ccc2cc(O)ccc2c1,P21/c,False,293.0,highT,c1cc(ccn1)c1ccncc1,OC(=O)c1ccc2cc(O)ccc2c1
NEBYEA,NEBYEA,at 293 K,Oc1ccc(Cl)cc1C(=O)[O-].COc1[nH+]c(N)nc(OC)c1,Pbca,False,293.0,highT,Oc1ccc(Cl)cc1C(=O)[O-],COc1[nH+]c(N)nc(OC)c1
IPUYID,IPUYID,298 K,NC(N)=O.COc1cc(cc(OC)c1O)C(O)=O,Cmce,False,298.0,highT,NC(N)=O,COc1cc(cc(OC)c1O)C(O)=O
SAVZOH,SAVZOH,293 K,CSC1=C(C#N)C(=O)N2CCCNC2=C1C(=O)c1ccc(Cl)cc1.CS(C)=O,P-1,False,293.0,highT,CSC1=C(C#N)C(=O)N2CCCNC2=C1C(=O)c1ccc(Cl)cc1,CS(C)=O
TAZMUF,TAZMUF,293 K,c1cnc2ncccc2c1.OB(O)c1ccc(cc1)B(O)O,P-1,False,293.0,highT,c1cnc2ncccc2c1,OB(O)c1ccc(cc1)B(O)O
NEBWEA,NEBWEA,293 K,O=N(=O)c1ccc(cc1)N1CC[NH2+]CC1.Cc1ccc(cc1)C(=O)[O-],P-1,False,293.0,highT,O=N(=O)c1ccc(cc1)N1CC[NH2+]CC1,Cc1ccc(cc1)C(=O)[O-]
CUFGIW,CUFGIW,296 K,FC(F)(F)S(=O)(=O)[O-].OC1=CC([N+]2=C1NC(=O)c1ccccc21)c1ccccc1,P21,False,296.0,highT,FC(F)(F)S(=O)(=O)[O-],OC1=CC([N+]2=C1NC(=O)c1ccccc21)c1ccccc1
WUXXUJ,WUXXUJ,at 293 K,O=C(CCC(=O)Nc1cc[nH+]cc1)Nc1cc[nH+]cc1.OC(=O)c1cc(cc(c1)C(=O)[O-])C(=O)[O-],P-1,False,293.0,highT,O=C(CCC(=O)Nc1cc[nH+]cc1)Nc1cc[nH+]cc1,OC(=O)c1cc(cc(c1)C(=O)[O-])C(=O)[O-]
ZAKSIQ,ZAKSIQ,296 K,OC(=O)c1ccccc1Cl.N#Cc1ccncc1,P-1,False,296.0,highT,OC(=O)c1ccccc1Cl,N#Cc1ccncc1
HOLHIC,HOLHIC,296 K,NC(N)=NC1=NC(=CS1)CSCCC(N)=NS(N)(=O)=O.OC(=O)CC(O)=O,P21/n,False,296.0,highT,NC(N)=NC1=NC(=CS1)CSCCC(N)=NS(N)(=O)=O,OC(=O)CC(O)=O
TIFSUW,TIFSUW,at 293 K,c1cnc2c(c1)ccc1ncccc21.OC(=O)CSCC(O)=O,C2/c,False,293.0,highT,c1cnc2c(c1)ccc1ncccc21,OC(=O)CSCC(O)=O
MULVUN,MULVUN,296 K,CC1=CC(=O)[N-]S(=O)(=O)O1.Nc1[nH+]cccc1O,P-1,False,296.0,highT,CC1=CC(=O)[N-]S(=O)(=O)O1,Nc1[nH+]cccc1O
ACUDAG,ACUDAG,292.5 K,OC(=O)c1ccc(cc1)C#N.NNC(=O)c1ccncc1,P-1,False,292.0,highT,OC(=O)c1ccc(cc1)C#N,NNC(=O)c1ccncc1
ZIPZEH,ZIPZEH,298 K,COc1cc(OC)nc(N)n1.COc1cc(C=CC(O)=O)cc(OC)c1OC,P-1,False,298.0,highT,COc1cc(OC)nc(N)n1,COc1cc(C=CC(O)=O)cc(OC)c1OC
YEXHOZ,YEXHOZ,at 296 K,CC(C)OS(=O)(=O)[O-].COC(=O)C([NH+]1CCC2=C(C1)C=CS2)c1ccccc1Cl,P212121,False,296.0,highT,CC(C)OS(=O)(=O)[O-],COC(=O)C([NH+]1CCC2=C(C1)C=CS2)c1ccccc1Cl
DUMJUS,DUMJUS,291.1 K,Nc1ccc(Cl)cc1C(=O)[O-].CC([NH+]1CCCC1)C(O)c1ccccc1,P212121,False,291.0,highT,Nc1ccc(Cl)cc1C(=O)[O-],CC([NH+]1CCCC1)C(O)c1ccccc1
JEZFUT,JEZFUT,293 K,OC(=O)C=CC(=O)[O-].NC1=[NH+]c2ccccc2O1,Pbca,False,293.0,highT,OC(=O)C=CC(=O)[O-],NC1=[NH+]c2ccccc2O1
LEPCIW,LEPCIW,270 K,CCCC(O)=O.c1cc(ccn1)N=Nc1ccncc1,P-1,False,270.0,highT,CCCC(O)=O,c1cc(ccn1)N=Nc1ccncc1
BAYQIF,BAYQIF,298 K,Cc1cccc2SC(=Nc12)N.COc1ccc(cc1OC)C(O)=O,P21/n,False,298.0,highT,Cc1cccc2SC(=Nc12)N,COc1ccc(cc1OC)C(O)=O
YIRLUK,YIRLUK,298.1 K,FC(F)(F)S(=O)(=O)[N-]S(=O)(=O)C(F)(F)F.Cc1ccc(O)c2[nH+]cccc12,P21/c,False,298.0,highT,FC(F)(F)S(=O)(=O)[N-]S(=O)(=O)C(F)(F)F,Cc1ccc(O)c2[nH+]cccc12
UKITUG,UKITUG,298 K,Cc1cccc2SC(=Nc12)N.OC(=O)CCCCCCCCC(O)=O,P21/n,False,298.0,highT,Cc1cccc2SC(=Nc12)N,OC(=O)CCCCCCCCC(O)=O
OBIDAF,OBIDAF,at 293 K,O=C1C[N+]2(CCOCC2)CCO1.O=N(=O)c1cc(c([O-])c(c1)N(=O)=O)N(=O)=O,P21/c,False,293.0,highT,O=C1C[N+]2(CCOCC2)CCO1,O=N(=O)c1cc(c([O-])c(c1)N(=O)=O)N(=O)=O
QOPMUF,QOPMUF,at 296 K,CS(C)=O.NC(=S)NN=Cc1c2ccccc2cc2ccccc12,P21,False,296.0,highT,CS(C)=O,NC(=S)NN=Cc1c2ccccc2cc2ccccc12
HARCAI,HARCAI,293.1 K,c1ccc(nc1)c1ccccn1.OC(=O)COc1ccc(Cl)cc1Cl,P21/n,False,293.0,highT,c1ccc(nc1)c1ccccn1,OC(=O)COc1ccc(Cl)cc1Cl
HEMDUB,HEMDUB,293 K,NC(N)=S.CC(=O)N1C=CN(C(C)=O)C(=C1C)C,P21/c,False,293.0,highT,NC(N)=S,CC(=O)N1C=CN(C(C)=O)C(=C1C)C
YEHWIT,YEHWIT,at 298 K,NC1=[NH+]c2ccccc2S1.COC(=O)c1c(Br)c(Br)c(Br)c(Br)c1C(=O)[O-],P21/c,False,298.0,highT,NC1=[NH+]c2ccccc2S1,COC(=O)c1c(Br)c(Br)c(Br)c(Br)c1C(=O)[O-]
TIVCOS,TIVCOS,at 293 K,c1ccc(nc1)c1nccnc1c1ccccn1.OC1=C(F)C(=O)C(=C(F)C1=O)O,C2/c,False,293.0,highT,c1ccc(nc1)c1nccnc1c1ccccn1,OC1=C(F)C(=O)C(=C(F)C1=O)O
FEXHOH,FEXHOH,at 273 K,OC(=O)CCCCCCCCC(O)=O.COc1ccc2N=C(N)Sc2c1,P21/n,False,273.0,highT,OC(=O)CCCCCCCCC(O)=O,COc1ccc2N=C(N)Sc2c1
ALABEU,ALABEU,at 295 K,OC(C(O)C(=O)[O-])C(O)=O.[NH3+]c1ccc(cc1)C(O)=O,P212121,False,295.0,highT,OC(C(O)C(=O)[O-])C(O)=O,[NH3+]c1ccc(cc1)C(O)=O
BIPCIQ,BIPCIQ,296.1 K,CNC(=O)NC.CCCNC(=O)NS(=O)(=O)c1ccc(Cl)cc1,P-1,False,296.0,highT,CNC(=O)NC,CCCNC(=O)NS(=O)(=O)c1ccc(Cl)cc1
FIDKOT,FIDKOT,at 293 K,c1cc(ccn1)c1ccncc1.Oc1ccc2ccccc2c1c1c(O)ccc2ccccc12,P21/n,False,293.0,highT,c1cc(ccn1)c1ccncc1,Oc1ccc2ccccc2c1c1c(O)ccc2ccccc12
SIYCEJ,SIYCEJ,at 293 K,OC(=O)c1cccc(c1)C(O)=O.Cc1cc(nc(N)n1)c1ccccc1,C2/c,False,293.0,highT,OC(=O)c1cccc(c1)C(O)=O,Cc1cc(nc(N)n1)c1ccccc1
XAQPEM,XAQPEM,at 296 K,OC(=O)CCC(=O)[O-].CCc1[nH+]c(C)ccc1O,P21/c,False,296.0,highT,OC(=O)CCC(=O)[O-],CCc1[nH+]c(C)ccc1O
LIQTIP,LIQTIP,at 273 K,c1cc(nc(c1)N1C=NN=C1)N1C=NN=C1.OC(=O)c1cc(cc(c1)C(O)=O)C(O)=O,P21/n,False,273.0,highT,c1cc(nc(c1)N1C=NN=C1)N1C=NN=C1,OC(=O)c1cc(cc(c1)C(O)=O)C(O)=O
LARXIO,LARXIO,293.1 K,O=C([O-])c1ccc(cc1)C(=O)[O-].CCC([NH2+]CC[NH2+]C(CC)CO)CO,P1,False,293.0,highT,O=C([O-])c1ccc(cc1)C(=O)[O-],CCC([NH2+]CC[NH2+]C(CC)CO)CO
QEDRIC,QEDRIC,at 293 K,[NH3+]CCO.Cc1ccc(cc1S(=O)(=O)[O-])N(=O)=O,P21/c,False,293.0,highT,[NH3+]CCO,Cc1ccc(cc1S(=O)(=O)[O-])N(=O)=O
ALIWEZ,ALIWEZ,293 K,S=C1NC(=S)[N-]C(=S)N1.[NH3+]C(CC1=C[NH+]=CN1)C(=O)[O-],P21,False,293.0,highT,S=C1NC(=S)[N-]C(=S)N1,[NH3+]C(CC1=C[NH+]=CN1)C(=O)[O-]
GUQKUA,GUQKUA,295 K,O=S(=O)([O-])c1cccc2c1cccc2S(=O)(=O)[O-].[NH3+]C(CC1=C[NH+]=CN1)C(O)=O,P32,False,295.0,highT,O=S(=O)([O-])c1cccc2c1cccc2S(=O)(=O)[O-],[NH3+]C(CC1=C[NH+]=CN1)C(O)=O
TAZKIR,TAZKIR,293 K,c1cnc2c(c1)ccc1cccnc21.OB(O)c1c(Br)cccc1Br,P21/c,False,293.0,highT,c1cnc2c(c1)ccc1cccnc21,OB(O)c1c(Br)cccc1Br
ULIZUM,ULIZUM,296 K,COc1cc(O)cc(O)c1.C(C=CN1C=CN=C1)=CN1C=CN=C1,P21/c,False,296.0,highT,COc1cc(O)cc(O)c1,C(C=CN1C=CN=C1)=CN1C=CN=C1
ENIKOE,ENIKOE,294 K,c1cc(ccn1)C=Cc1ccncc1.OC(=O)CCC#C,P-1,False,294.0,highT,c1cc(ccn1)C=Cc1ccncc1,OC(=O)CCC#C
HOCCEJ,HOCCEJ,at 298 K,c1cc(ccn1)c1ccncc1.CC(=O)NS(=O)(=O)c1ccc(N)cc1,P21/n,False,298.0,highT,c1cc(ccn1)c1ccncc1,CC(=O)NS(=O)(=O)c1ccc(N)cc1
TAZWUN,TAZWUN,at 298 K,OC(=O)c1ccccc1.NC1=NC(=O)NC=C1,P21/c,False,298.0,highT,OC(=O)c1ccccc1,NC1=NC(=O)NC=C1
YECXOX,YECXOX,298 K,OC(=O)c1ccc(O)cc1O.CN1C(=O)N(C)C2=C(N(CC(O)=O)C=N2)C1=O,P21/n,False,298.0,highT,OC(=O)c1ccc(O)cc1O,CN1C(=O)N(C)C2=C(N(CC(O)=O)C=N2)C1=O
LANLAO,LANLAO,at 293 K,COc1cc(ccc1O)C=Cc1cc[n+](C)cc1.Brc1ccc(cc1)S(=O)(=O)[O-],P-1,False,293.0,highT,COc1cc(ccc1O)C=Cc1cc[n+](C)cc1,Brc1ccc(cc1)S(=O)(=O)[O-]
KIHYIK,KIHYIK,at 293 K,c1cc(ccn1)C=Cc1ccncc1.Oc1ccc(cc1)C#N,P21/c,False,293.0,highT,c1cc(ccn1)C=Cc1ccncc1,Oc1ccc(cc1)C#N
LOQVOF01,LOQVOF01,293 K,[2H]OC(=O)c1c(F)c(F)c(c(F)c1F)C(=O)[O-].[2H][N+](C)(CC)CC,P-1,False,293.0,highT,[2H]OC(=O)c1c(F)c(F)c(c(F)c1F)C(=O)[O-],[2H][N+](C)(CC)CC
SOHDEZ,SOHDEZ,at 295 K,CC(=O)Nc1c[n+](N)ccn1.Cc1cc(C)c(c(C)c1)S(=O)(=O)[O-],Pbcn,False,295.0,highT,CC(=O)Nc1c[n+](N)ccn1,Cc1cc(C)c(c(C)c1)S(=O)(=O)[O-]
PRMESA10,PRMESA10,at -18 deg.C,CCS(=O)(=O)[O-].Cc1[nH+]c(N)nc(N)c1c1ccc(Cl)c(Cl)c1,P-1,False,291.0,highT,CCS(=O)(=O)[O-],Cc1[nH+]c(N)nc(N)c1c1ccc(Cl)c(Cl)c1
PAXTIS,PAXTIS,at 293 K,c1cc(ccn1)c1ccncc1.OB(O)c1ccc(cc1)C(O)=O,P1,False,293.0,highT,c1cc(ccn1)c1ccncc1,OB(O)c1ccc(cc1)C(O)=O
PEJGIY,PEJGIY,293 K,Oc1ccccc1C=NCCN1CC[NH2+]CC1.CC(=O)[O-],P21/c,False,293.0,highT,Oc1ccccc1C=NCCN1CC[NH2+]CC1,CC(=O)[O-]
NAKZIL,NAKZIL,296 K,CC(C)=NNC(=O)c1ccncc1.Nc1cccc(c1)C(O)=O,P21/c,False,296.0,highT,CC(C)=NNC(=O)c1ccncc1,Nc1cccc(c1)C(O)=O
APEGEJ,APEGEJ,293 K,c1ccncc1.Oc1cc(O)c(Cl)cc1Cl,Pbca,False,293.0,highT,c1ccncc1,Oc1cc(O)c(Cl)cc1Cl
ABAMAV,ABAMAV,293 K,OC(CC(O)=O)C(=O)[O-].Fc1ccc(F)c(c1)C1[NH2+]CCC1,P21,False,293.0,highT,OC(CC(O)=O)C(=O)[O-],Fc1ccc(F)c(c1)C1[NH2+]CCC1
RAHHEN,RAHHEN,at 298 K,OC(=O)C(C1=CC=CS1)C1=CC=CS1.c1ccc2c(c1)cnc1ccccc21,P-1,False,298.0,highT,OC(=O)C(C1=CC=CS1)C1=CC=CS1,c1ccc2c(c1)cnc1ccccc21
KESKOM,KESKOM,293 K,Oc1cccc2ccc[nH+]c12.O=C([O-])c1ccccc1N(=O)=O,P21/n,False,293.0,highT,Oc1cccc2ccc[nH+]c12,O=C([O-])c1ccccc1N(=O)=O
HOSMAF,HOSMAF,at 293 K,[NH2+]=C1NC(=O)N(C=C1)C1CSC(CO)O1.OC(C(=O)[O-])c1ccccc1,P212121,False,293.0,highT,[NH2+]=C1NC(=O)N(C=C1)C1CSC(CO)O1,OC(C(=O)[O-])c1ccccc1
MIYLOV,MIYLOV,at 250.0 K,[NH3+]CCc1ccc(O)c(O)c1.O=C([O-])c1cc(cc(c1)N(=O)=O)N(=O)=O,P-1,False,250.0,highT,[NH3+]CCc1ccc(O)c(O)c1,O=C([O-])c1cc(cc(c1)N(=O)=O)N(=O)=O
PEHFUF,PEHFUF,at 293 K,OC(=O)C=Cc1ccc(O)cc1.NNC(=O)c1ccncc1,P21/n,False,293.0,highT,OC(=O)C=Cc1ccc(O)cc1,NNC(=O)c1ccncc1
ACESEI,ACESEI,at 298 K,OC(=O)C(O)=O.CN1N=NC2=C(N=CN2C1=O)C(N)=O,C2/c,False,298.0,highT,OC(=O)C(O)=O,CN1N=NC2=C(N=CN2C1=O)C(N)=O
MUSSUR,MUSSUR,293 K,COc1cc(C#N)c(cc1OC)c1ccc(O)cc1.OC(C(F)(F)F)C(F)(F)F,P-1,False,293.0,highT,COc1cc(C#N)c(cc1OC)c1ccc(O)cc1,OC(C(F)(F)F)C(F)(F)F
KOFFOB,KOFFOB,at 298 K,O=P(c1ccccc1)(c1ccccc1)c1ccccc1.CC1=NN(C(=C1)C)c1ccc(Cl)c(n1)C(O)=O,P21/c,False,298.0,highT,O=P(c1ccccc1)(c1ccccc1)c1ccccc1,CC1=NN(C(=C1)C)c1ccc(Cl)c(n1)C(O)=O
DEQFUD,DEQFUD,296 K,NS(=O)(=O)c1cc2c(NC[NH2+]S2(=O)=O)cc1Cl.O=C([O-])c1cccnc1,P212121,False,296.0,highT,NS(=O)(=O)c1cc2c(NC[NH2+]S2(=O)=O)cc1Cl,O=C([O-])c1cccnc1
SUGFAD,SUGFAD,295 K,OC(=O)c1cccc(c1C(=O)[O-])N(=O)=O.Oc1cccc2ccc[nH+]c12,P21/c,False,295.0,highT,OC(=O)c1cccc(c1C(=O)[O-])N(=O)=O,Oc1cccc2ccc[nH+]c12
KULSOA,KULSOA,at 294 K,OC1=C([O-])C(=O)C1=O.OC(O)c1cc[nH+]cc1,P21/c,False,294.0,highT,OC1=C([O-])C(=O)C1=O,OC(O)c1cc[nH+]cc1
KAXMIJ,KAXMIJ,296.6 K,OC(=O)CCC(=O)C(=O)[O-].COc1cc(Cc2c[nH+]c(N)nc2N)cc(OC)c1OC,P-1,False,296.0,highT,OC(=O)CCC(=O)C(=O)[O-],COc1cc(Cc2c[nH+]c(N)nc2N)cc(OC)c1OC
ZIPCOT,ZIPCOT,294 K,OC1=C([O-])C(=O)C1=O.[NH3+]C(CC(C)C)C(O)=O,P21,False,294.0,highT,OC1=C([O-])C(=O)C1=O,[NH3+]C(CC(C)C)C(O)=O
GAZRUY,GAZRUY,273.1 K,[NH3+]c1ccc(cc1)C(=O)OCC.OC(=O)c1cc(cc(c1[O-])N(=O)=O)N(=O)=O,P21,False,273.0,highT,[NH3+]c1ccc(cc1)C(=O)OCC,OC(=O)c1cc(cc(c1[O-])N(=O)=O)N(=O)=O
HOJLIC,HOJLIC,at 295 K,NC(N)=O.O=C1NCCN1,P-1,False,295.0,highT,NC(N)=O,O=C1NCCN1
PAZFUS,PAZFUS,at 294 K,[NH3+]C(C)C(N)=O.OC1=C([O-])C(=O)C1=O,P21,False,294.0,highT,[NH3+]C(C)C(N)=O,OC1=C([O-])C(=O)C1=O
FIWJIF,FIWJIF,at 295 K,OC(C(O)C(=O)[O-])C(=O)[O-].NC1=[NH+]C(=CS1)C1=CSC(=[NH+]1)N,P3221,False,295.0,highT,OC(C(O)C(=O)[O-])C(=O)[O-],NC1=[NH+]C(=CS1)C1=CSC(=[NH+]1)N
LONDOJ,LONDOJ,at 293 K,Oc1cccc2ccc[nH+]c12.O=C([O-])c1cc(cc(c1)N(=O)=O)N(=O)=O,P21,False,293.0,highT,Oc1cccc2ccc[nH+]c12,O=C([O-])c1cc(cc(c1)N(=O)=O)N(=O)=O
WETZAZ,WETZAZ,296 K,OC(C(O)C(=O)[O-])C(O)=O.NNC(=O)c1cc[nH+]cc1,P212121,False,296.0,highT,OC(C(O)C(=O)[O-])C(O)=O,NNC(=O)c1cc[nH+]cc1
VAHHEU,VAHHEU,295 K,O=C([O-])C1=Cc2ccccc2OC1=O.C[NH2+]C1CCC(c2ccc(Cl)c(Cl)c2)c2ccccc12,P21,False,295.0,highT,O=C([O-])C1=Cc2ccccc2OC1=O,C[NH2+]C1CCC(c2ccc(Cl)c(Cl)c2)c2ccccc12
AFIJOQ,AFIJOQ,295 K,c1cnc2c(c1)ccc1cccnc21.OB(O)O,P-1,False,295.0,highT,c1cnc2c(c1)ccc1cccnc21,OB(O)O
KEXBAR,KEXBAR,at 298 K,Oc1ccc(cc1)c1ccc(O)cc1.Nc1ccccn1,P21/c,False,298.0,highT,Oc1ccc(cc1)c1ccc(O)cc1,Nc1ccccn1
REXNAL,REXNAL,at 293 K,OC(=O)c1c(F)c(F)c(C(O)=O)c(F)c1F.O1C(=NN=C1c1ccncc1)c1ccncc1,P2/c,False,293.0,highT,OC(=O)c1c(F)c(F)c(C(O)=O)c(F)c1F,O1C(=NN=C1c1ccncc1)c1ccncc1
XOTBIT,XOTBIT,at 293 K,[NH3+]c1c(Br)cc(Br)cc1CNC1CCC(O)CC1.Oc1cccc(c1)C(=O)[O-],P21/n,False,293.0,highT,[NH3+]c1c(Br)cc(Br)cc1CNC1CCC(O)CC1,Oc1cccc(c1)C(=O)[O-]
XOMZOQ,XOMZOQ,at 296 K,Cc1cc(C)nc(N)n1.OC(=O)C1=CC=C(S1)C(O)=O,P21/c,False,296.0,highT,Cc1cc(C)nc(N)n1,OC(=O)C1=CC=C(S1)C(O)=O
QOLSAM01,QOLSAM01,293 K,C1=CN(C=N1)c1ccc(cc1)N1C=CN=C1.OC(=O)c1ccc(cc1)C(O)=O,P-1,False,293.0,highT,C1=CN(C=N1)c1ccc(cc1)N1C=CN=C1,OC(=O)c1ccc(cc1)C(O)=O
XIJXIB,XIJXIB,293 K,Cc1nc(C)c(C)nc1C.OC(=O)c1cc(O)c(O)c(O)c1,P-1,False,293.0,highT,Cc1nc(C)c(C)nc1C,OC(=O)c1cc(O)c(O)c(O)c1
LEFZIH,LEFZIH,at 296 K,Clc1ccc(cc1)C(N1CC[NH2+]CC1)c1ccccc1.O=N(=O)c1cc(c([O-])c(c1)N(=O)=O)N(=O)=O,C2/c,False,296.0,highT,Clc1ccc(cc1)C(N1CC[NH2+]CC1)c1ccccc1,O=N(=O)c1cc(c([O-])c(c1)N(=O)=O)N(=O)=O
EFOZAB01,EFOZAB01,at 293 K,NC(N)=O.O=C1CC(=O)NC(=O)N1,Cc,False,293.0,highT,NC(N)=O,O=C1CC(=O)NC(=O)N1
XABMEV,XABMEV,293 K,[NH2+]=C1NC=CS1.Oc1ccc(O)c(c1)C(=O)[O-],I41/a,False,293.0,highT,[NH2+]=C1NC=CS1,Oc1ccc(O)c(c1)C(=O)[O-]
YUGZEI,YUGZEI,293.1 K,CCc1[nH+]c(N)nc(N)c1c1ccc(Cl)cc1.O=C([O-])c1ccccc1,P21/c,False,293.0,highT,CCc1[nH+]c(N)nc(N)c1c1ccc(Cl)cc1,O=C([O-])c1ccccc1
GECZIZ,GECZIZ,at 295 K,FC(F)(F)C(=O)[O-].BrC1=CC=C(S1)C1NC=[NH+]C=C1Br,P21/c,False,295.0,highT,FC(F)(F)C(=O)[O-],BrC1=CC=C(S1)C1NC=[NH+]C=C1Br
FIDCIG,FIDCIG,293 K,OC(=O)CCC(O)=O.NC(=NO)c1ccccn1,P21/c,False,293.0,highT,OC(=O)CCC(O)=O,NC(=NO)c1ccccn1
SALQIG,SALQIG,at 296.2 K,Cc1ccc(cc1)S(=O)(=O)[O-].Nc1[nH+]cccc1N(=O)=O,Pna21,False,296.0,highT,Cc1ccc(cc1)S(=O)(=O)[O-],Nc1[nH+]cccc1N(=O)=O
ADIHOL,ADIHOL,at 295 K,FC(F)(F)C(=O)[O-].[NH3+]C(CCCNC(N)=[NH2+])C(=O)[O-],P21,False,295.0,highT,FC(F)(F)C(=O)[O-],[NH3+]C(CCCNC(N)=[NH2+])C(=O)[O-]
RIGHUO,RIGHUO,293 K,O=N(=O)c1ccc([O-])cc1.C[N+]1=C(N)NC(=O)C1,P-1,False,293.0,highT,O=N(=O)c1ccc([O-])cc1,C[N+]1=C(N)NC(=O)C1
TIJCAU,TIJCAU,293 K,C=CCNC(=S)NN=Cc1[nH+]cccc1.NS(=O)(=O)[O-],P212121,False,293.0,highT,C=CCNC(=S)NN=Cc1[nH+]cccc1,NS(=O)(=O)[O-]
HIBGOP,HIBGOP,at 298 K,OC(=O)c1c(F)c(F)c(F)c(F)c1F.NC(=O)c1c(F)c(F)c(F)c(F)c1F,Pbca,False,298.0,highT,OC(=O)c1c(F)c(F)c(F)c(F)c1F,NC(=O)c1c(F)c(F)c(F)c(F)c1F
AYIKUR,AYIKUR,293 K,CN(C)C(C)=O.Cc1c(Cl)cccc1Nc1ncccc1C(O)=O,P21/c,False,293.0,highT,CN(C)C(C)=O,Cc1c(Cl)cccc1Nc1ncccc1C(O)=O
GEXYAN,GEXYAN,293 K,c1ccc(nc1)c1nnc(nn1)c1ccccn1.Oc1c(Br)cc(Br)cc1Br,P-1,False,293.0,highT,c1ccc(nc1)c1nnc(nn1)c1ccccn1,Oc1c(Br)cc(Br)cc1Br
LOQWAS01,LOQWAS01,293 K,[2H][N+](CCC)(CCC)CCC.[2H]OC(=O)c1c(F)c(F)c(c(F)c1F)C(=O)[O-],P-1,False,293.0,highT,[2H][N+](CCC)(CCC)CCC,[2H]OC(=O)c1c(F)c(F)c(c(F)c1F)C(=O)[O-]
SOVMOF,SOVMOF,at 273 K,OC(=O)CCCC(O)=O.Nc1cc(N)nc(N)n1,C2/c,False,273.0,highT,OC(=O)CCCC(O)=O,Nc1cc(N)nc(N)n1
ORETIP,ORETIP,at 298 K,O=C1[N-]S(=O)(=O)c2ccccc12.NC1=[NH+]C(=CS1)c1ccccc1,P-1,False,298.0,highT,O=C1[N-]S(=O)(=O)c2ccccc12,NC1=[NH+]C(=CS1)c1ccccc1
SEKHIA,SEKHIA,at 298 K,[NH3+]C(C)(C)CC(C)(C)N(=O)=O.O=N(=O)c1cc(c([O-])c(c1)N(=O)=O)N(=O)=O,P-1,False,298.0,highT,[NH3+]C(C)(C)CC(C)(C)N(=O)=O,O=N(=O)c1cc(c([O-])c(c1)N(=O)=O)N(=O)=O
VEKPOR,VEKPOR,at 295 K,CC1=NN=C2N1N=C(N)N(CC=C)C2=O.CS(C)=O,P21/n,False,295.0,highT,CC1=NN=C2N1N=C(N)N(CC=C)C2=O,CS(C)=O
GADGUN09,GADGUN09,293 K,Oc1c(Cl)c(Cl)c(Cl)c(Cl)c1Cl.Cc1ccncc1,Cc,False,293.0,highT,Oc1c(Cl)c(Cl)c(Cl)c(Cl)c1Cl,Cc1ccncc1
YEFXOX,YEFXOX,at 298 K,[NH3+]CCCCC([NH3+])C(=O)[O-].OC(=O)CCCCC(=O)[O-],P21,False,298.0,highT,[NH3+]CCCCC([NH3+])C(=O)[O-],OC(=O)CCCCC(=O)[O-]
USOBOU,USOBOU,at 298 K,N#Cc1ccncc1.Cc1ccc(cc1)C(O)=O,C2/c,False,298.0,highT,N#Cc1ccncc1,Cc1ccc(cc1)C(O)=O
EZEHEY,EZEHEY,296 K,CCc1[nH+]ccc(c1)C(N)=S.O=C([O-])c1ccc(cc1N(=O)=O)N(=O)=O,P-1,False,296.0,highT,CCc1[nH+]ccc(c1)C(N)=S,O=C([O-])c1ccc(cc1N(=O)=O)N(=O)=O
BAHLEC,BAHLEC,at 293 K,OC(=O)C=CC(=O)[O-].C[N+](C)(C)CC(O)=O,Pnma,False,293.0,highT,OC(=O)C=CC(=O)[O-],C[N+](C)(C)CC(O)=O
EZAPUT,EZAPUT,293 K,OC(=O)C=CC(=O)[O-].COc1[nH+]c(N)nc(OC)c1,P-1,False,293.0,highT,OC(=O)C=CC(=O)[O-],COc1[nH+]c(N)nc(OC)c1
KEBLAG,KEBLAG,at 296 K,c1ccncc1.Oc1ccc(N2C(=O)c3ccccc3C2=O)c(c1)C(O)=O,P-1,False,296.0,highT,c1ccncc1,Oc1ccc(N2C(=O)c3ccccc3C2=O)c(c1)C(O)=O
NOLBIC,NOLBIC,298 K,NS(=O)(=O)c1cc(C(O)=O)c(NCC2=CC=CO2)cc1Cl.O=C1CCCCN1,P21/n,False,298.0,highT,NS(=O)(=O)c1cc(C(O)=O)c(NCC2=CC=CO2)cc1Cl,O=C1CCCCN1
BEWMEY,BEWMEY,296 K,FC(F)(F)S(=O)(=O)[O-].C[N+]1=C(C)N(C=C1)S(F)(=O)=O,P21/n,False,296.0,highT,FC(F)(F)S(=O)(=O)[O-],C[N+]1=C(C)N(C=C1)S(F)(=O)=O
JEPYOV,JEPYOV,298 K,CN(C)C=O.Cc1cc(C)nc(NS(=O)(=O)c2ccc(N)cc2)n1,P21/n,False,298.0,highT,CN(C)C=O,Cc1cc(C)nc(NS(=O)(=O)c2ccc(N)cc2)n1
VATXOF,VATXOF,at 293 K,Nc1ccc(C(O)=O)c(O)c1.C(Cc1ccncc1)c1ccncc1,P-1,False,293.0,highT,Nc1ccc(C(O)=O)c(O)c1,C(Cc1ccncc1)c1ccncc1
BAYPOK,BAYPOK,298 K,Cc1ccc(cc1)S(=O)(=O)[O-].Cc1cccc2SC(=[NH2+])Nc12,C2/c,False,298.0,highT,Cc1ccc(cc1)S(=O)(=O)[O-],Cc1cccc2SC(=[NH2+])Nc12
VECJOD,VECJOD,at 296.2 K,[NH3+]CCC1CCc2ccc3OCCc3c12.OC(CC(O)=O)C(=O)[O-],P212121,False,296.0,highT,[NH3+]CCC1CCc2ccc3OCCc3c12,OC(CC(O)=O)C(=O)[O-]
PESROV01,PESROV01,at 294 K,OC(=O)c1cccc(c1)C(O)=O.N1N=C(NN=C1c1cnccn1)c1cnccn1,Pnna,False,294.0,highT,OC(=O)c1cccc(c1)C(O)=O,N1N=C(NN=C1c1cnccn1)c1cnccn1
EFAWUF,EFAWUF,at 293 K,OC(=O)c1ccc(cc1)C(O)=O.c1ccc(C=Cc2ccncc2)nc1,P21/n,False,293.0,highT,OC(=O)c1ccc(cc1)C(O)=O,c1ccc(C=Cc2ccncc2)nc1
EZAREF,EZAREF,293 K,Oc1cc(cc(O)c1O)C(=O)[O-].COc1[nH+]c(N)nc(OC)c1,P-1,False,293.0,highT,Oc1cc(cc(O)c1O)C(=O)[O-],COc1[nH+]c(N)nc(OC)c1
LIDVAW,LIDVAW,at 298 K,c1cc(ccn1)c1ccncc1.Cc1ccc(cc1)S(=O)(=O)NCC(O)=O,P21/c,False,298.0,highT,c1cc(ccn1)c1ccncc1,Cc1ccc(cc1)S(=O)(=O)NCC(O)=O
MENQIJ,MENQIJ,294 K,Nc1ccc(Cl)cn1.Cc1ccc(cc1)C(O)=O,P21/c,False,294.0,highT,Nc1ccc(Cl)cn1,Cc1ccc(cc1)C(O)=O
UHAYIL,UHAYIL,at 293 K,O=C[O-].CCc1[nH+]c(N)nc(N)c1c1ccc(Cl)cc1,P21/n,False,293.0,highT,O=C[O-],CCc1[nH+]c(N)nc(N)c1c1ccc(Cl)cc1
COXGUS01,COXGUS01,298 K,[NH3+]c1ccc(cc1)C(O)=O.OC(=O)c1cccc(c1C(=O)[O-])N(=O)=O,P21/c,False,298.0,highT,[NH3+]c1ccc(cc1)C(O)=O,OC(=O)c1cccc(c1C(=O)[O-])N(=O)=O
ZEFTUB,ZEFTUB,at 293 K,OC(=O)c1ccc(O)cc1.Cc1nccnc1C,P-1,False,293.0,highT,OC(=O)c1ccc(O)cc1,Cc1nccnc1C
QAWTEQ,QAWTEQ,293 K,[NH3+]CC(O)=O.NC(=O)NC(=O)C(=O)[O-],P21/c,False,293.0,highT,[NH3+]CC(O)=O,NC(=O)NC(=O)C(=O)[O-]
VEJZUI,VEJZUI,300 K,NC(=O)N1c2ccccc2C=Cc2ccccc12.NS(=O)(=O)c1cc2c(NC=NS2(=O)=O)cc1Cl,Pca21,False,300.0,highT,NC(=O)N1c2ccccc2C=Cc2ccccc12,NS(=O)(=O)c1cc2c(NC=NS2(=O)=O)cc1Cl
VEKBAR,VEKBAR,298.5 K,C1N2CN3CN1CN(C2)C3.NS(=O)(=O)c1cc2c(NC=NS2(=O)=O)cc1Cl,P21/c,False,298.0,highT,C1N2CN3CN1CN(C2)C3,NS(=O)(=O)c1cc2c(NC=NS2(=O)=O)cc1Cl
REPFEX,REPFEX,at 293 K,[NH3+]C(C(C)O)C(O)=O.OC(=O)C(=O)[O-],P21/n,False,293.0,highT,[NH3+]C(C(C)O)C(O)=O,OC(=O)C(=O)[O-]
SEYWUP,SEYWUP,at 293 K,[NH3+]CC(O)=O.Cc1ccc(cc1)S(=O)(=O)[O-],Pbca,False,293.0,highT,[NH3+]CC(O)=O,Cc1ccc(cc1)S(=O)(=O)[O-]
POXJAQ,POXJAQ,296 K,Cc1ccc(cc1)S(=O)(=O)[O-].C[n+]1ccc(cc1)C=Cc1ccccc1O,P21/n,False,296.0,highT,Cc1ccc(cc1)S(=O)(=O)[O-],C[n+]1ccc(cc1)C=Cc1ccccc1O
DUTTOC,DUTTOC,at 296 K,CCc1[nH+]c(N)nc(N)c1c1ccc(Cl)cc1.O=S(=O)([O-])c1cccnc1,P-1,False,296.0,highT,CCc1[nH+]c(N)nc(N)c1c1ccc(Cl)cc1,O=S(=O)([O-])c1cccnc1
ZAPTET,ZAPTET,298 K,OC1=C(Br)C(=O)C(=C(Br)C1=O)O.O=C1CCCN1,P-1,False,298.0,highT,OC1=C(Br)C(=O)C(=C(Br)C1=O)O,O=C1CCCN1
GUPCEC,GUPCEC,293 K,Brc1ccccc1C(=O)[O-].Fc1ccc(cc1)N1CC[NH2+]CC1,P-1,False,293.0,highT,Brc1ccccc1C(=O)[O-],Fc1ccc(cc1)N1CC[NH2+]CC1
CONVAD,CONVAD,at 293 K,[NH3+]C(CCCCN)C(O)=O.OC1=C([O-])C(=O)C1=O,P1,False,293.0,highT,[NH3+]C(CCCCN)C(O)=O,OC1=C([O-])C(=O)C1=O
CUMNEE,CUMNEE,at 293 K,c1cc(ccn1)C=Cc1ccncc1.OC(=O)c1cccc(C(O)=O)c1c1c(cccc1C(O)=O)C(O)=O,C2/c,False,293.0,highT,c1cc(ccn1)C=Cc1ccncc1,OC(=O)c1cccc(C(O)=O)c1c1c(cccc1C(O)=O)C(O)=O
TAZXAU,TAZXAU,at 298 K,NC1=[NH+]C(=O)NC=C1.OC(=O)c1cccc(c1)C(=O)[O-],P-1,False,298.0,highT,NC1=[NH+]C(=O)NC=C1,OC(=O)c1cccc(c1)C(=O)[O-]
RACFUA,RACFUA,293 K,COS(=O)(=O)[O-].COC(=O)NC1=[NH+]c2cc(ccc2N1)C(=O)c1ccccc1,P-1,False,293.0,highT,COS(=O)(=O)[O-],COC(=O)NC1=[NH+]c2cc(ccc2N1)C(=O)c1ccccc1
SOVHEQ,SOVHEQ,at 273 K,c1cc(ccn1)c1ccncc1.OC(=O)CCSCCC(O)=O,P2/n,False,273.0,highT,c1cc(ccn1)c1ccncc1,OC(=O)CCSCCC(O)=O
LUZQEC,LUZQEC,at 296.2 K,FC(F)(F)S(=O)(=O)[O-].C[n+]1ccc(Sc2ccncc2)cc1,P-1,False,296.0,highT,FC(F)(F)S(=O)(=O)[O-],C[n+]1ccc(Sc2ccncc2)cc1
WIWBOV,WIWBOV,at 293 K,c1ccc(nc1)c1nnc(nn1)c1ccccn1.OC(=O)c1c(Br)c(Br)c(C(O)=O)c(Br)c1Br,P-1,False,293.0,highT,c1ccc(nc1)c1nnc(nn1)c1ccccn1,OC(=O)c1c(Br)c(Br)c(C(O)=O)c(Br)c1Br
AHEROU,AHEROU,at 293 K,Oc1c(cc(cc1N(=O)=O)N(=O)=O)C(=O)[O-].O[NH+]=Cc1ccccc1O,P21/n,False,293.0,highT,Oc1c(cc(cc1N(=O)=O)N(=O)=O)C(=O)[O-],O[NH+]=Cc1ccccc1O
KIHXUV,KIHXUV,at 298 K,Oc1ccc(cc1)C#N.c1ccc(cc1)c1ccncc1,C2/c,False,298.0,highT,Oc1ccc(cc1)C#N,c1ccc(cc1)c1ccncc1
VAYGIM,VAYGIM,at 293 K,CC[N+](C)(CC)OC1CCC(O)CC1.FC(F)(F)S(=O)(=O)[O-],P21/n,False,293.0,highT,CC[N+](C)(CC)OC1CCC(O)CC1,FC(F)(F)S(=O)(=O)[O-]
KUFBIY,KUFBIY,293 K,Oc1cc2C(=O)Oc3c(O)c(O)cc4C(=O)Oc(c1O)c2c34.CNC,P-1,False,293.0,highT,Oc1cc2C(=O)Oc3c(O)c(O)cc4C(=O)Oc(c1O)c2c34,CNC
XOTYUB,XOTYUB,at 295 K,CCOc1ccc(cc1)C(O)=O.c1cc(ccn1)c1ccncc1,P21,False,295.0,highT,CCOc1ccc(cc1)C(O)=O,c1cc(ccn1)c1ccncc1
DATFEL,DATFEL,at 293 K,CC(=O)NC1=NN=C(S1)S(N)(=O)=O.NC(=O)c1ccccc1O,P-1,False,293.0,highT,CC(=O)NC1=NN=C(S1)S(N)(=O)=O,NC(=O)c1ccccc1O
NIKYAK,NIKYAK,293 K,c1cc(ccn1)c1ccncc1.Oc1ccc(cc1)C1=C(O)C(=O)c2c(O)cc(O)cc2O1,P-1,False,293.0,highT,c1cc(ccn1)c1ccncc1,Oc1ccc(cc1)C1=C(O)C(=O)c2c(O)cc(O)cc2O1
PAHCIL,PAHCIL,at 293 K,[NH3+]C(C(C)C)C(O)=O.O=N(=O)c1cc(c([O-])c(c1)N(=O)=O)N(=O)=O,P21/n,False,293.0,highT,[NH3+]C(C(C)C)C(O)=O,O=N(=O)c1cc(c([O-])c(c1)N(=O)=O)N(=O)=O
TUMWOP,TUMWOP,296 K,C[NH+]1C2CCC1CC(=O)C2.O=C([O-])c1ccc(cc1)N(=O)=O,P21/n,False,296.0,highT,C[NH+]1C2CCC1CC(=O)C2,O=C([O-])c1ccc(cc1)N(=O)=O
GAZSIN,GAZSIN,298 K,CC1=C[NH+]=C(N)S1.Clc1ccc(OCC(=O)[O-])cc1,P21/c,False,298.0,highT,CC1=C[NH+]=C(N)S1,Clc1ccc(OCC(=O)[O-])cc1
GESREF,GESREF,295 K,NC1=N[N+]2(CCSCC2)CC1.Cc1ccc(cc1)S(=O)(=O)[O-],P-1,False,295.0,highT,NC1=N[N+]2(CCSCC2)CC1,Cc1ccc(cc1)S(=O)(=O)[O-]
DOCWOK,DOCWOK,298 K,O=C(CN1C=[NH+]C=C1)c1ccccc1.O=C([O-])c1cc(cc(c1)N(=O)=O)N(=O)=O,P212121,False,298.0,highT,O=C(CN1C=[NH+]C=C1)c1ccccc1,O=C([O-])c1cc(cc(c1)N(=O)=O)N(=O)=O
LOQZEZ01,LOQZEZ01,293 K,[2H]OC(=O)c1c(F)c(F)c(c(F)c1F)C(=O)[O-].[2H][N+]([2H])([2H])CCCOC,P21/c,False,293.0,highT,[2H]OC(=O)c1c(F)c(F)c(c(F)c1F)C(=O)[O-],[2H][N+]([2H])([2H])CCCOC
YOCZIB,YOCZIB,at 293 K,OC(=O)c1c(F)c(F)c(C(O)=O)c(F)c1F.Cc1cncc(C)n1,P-1,False,293.0,highT,OC(=O)c1c(F)c(F)c(C(O)=O)c(F)c1F,Cc1cncc(C)n1
CUZLUH,CUZLUH,294 K,CC(=O)NC(=S)NC(C)=O.CC(=O)NC(N)=S,P-1,False,294.0,highT,CC(=O)NC(=S)NC(C)=O,CC(=O)NC(N)=S
ZEYLEW,ZEYLEW,at 298 K,OC(=O)C12CC3CC(C1)CC(C3)(C2)C(=O)[O-].[NH2+]=C1NC(=O)NC=C1,P-1,False,298.0,highT,OC(=O)C12CC3CC(C1)CC(C3)(C2)C(=O)[O-],[NH2+]=C1NC(=O)NC=C1
GALBIF,GALBIF,at 298 K,OC(=O)CCC(O)=O.c1cc(ccn1)N=Nc1ccncc1,P-1,False,298.0,highT,OC(=O)CCC(O)=O,c1cc(ccn1)N=Nc1ccncc1
YIVZIP,YIVZIP,296 K,Oc1cncc(c1)C(O)=O.CS(C)=O,P21/c,False,296.0,highT,Oc1cncc(c1)C(O)=O,CS(C)=O
CEMPAP,CEMPAP,298.1 K,c1cc(ccn1)C=Cc1ccncc1.OB(O)c1cccc(c1)B(O)O,C2/c,False,298.0,highT,c1cc(ccn1)C=Cc1ccncc1,OB(O)c1cccc(c1)B(O)O
LUMYOH,LUMYOH,at 293 K,CC(C)(O)C#Cc1cccc(Br)n1.O=P(c1ccccc1)(c1ccccc1)c1ccccc1,P21/n,False,293.0,highT,CC(C)(O)C#Cc1cccc(Br)n1,O=P(c1ccccc1)(c1ccccc1)c1ccccc1
QISMIQ,QISMIQ,at 293 K,OC(=O)c1ccc(OCc2cccc(c2)C(O)=O)cc1.C(Cc1ccncc1)Cc1ccncc1,P21/c,False,293.0,highT,OC(=O)c1ccc(OCc2cccc(c2)C(O)=O)cc1,C(Cc1ccncc1)Cc1ccncc1
YIFXUH,YIFXUH,at 298 K,[NH3+]NC(N)=S.O=N(=O)c1cc(c([O-])c(c1)N(=O)=O)N(=O)=O,P-1,False,298.0,highT,[NH3+]NC(N)=S,O=N(=O)c1cc(c([O-])c(c1)N(=O)=O)N(=O)=O
SAFNOF,SAFNOF,298 K,OC(=O)C1[NH2+]CSC1.O=N(=O)c1cc(c([O-])c(c1)N(=O)=O)N(=O)=O,P21,False,298.0,highT,OC(=O)C1[NH2+]CSC1,O=N(=O)c1cc(c([O-])c(c1)N(=O)=O)N(=O)=O
HIDVUM,HIDVUM,at 297 K,[NH3+]c1cccc2c(O)cccc12.OC(=O)c1cc(cc(c1[O-])N(=O)=O)N(=O)=O,P21/n,False,297.0,highT,[NH3+]c1cccc2c(O)cccc12,OC(=O)c1cc(cc(c1[O-])N(=O)=O)N(=O)=O
IJAHOR,IJAHOR,at 293 K,Nc1nnc(c(N)n1)c1cccc(Cl)c1Cl.CC(C)O,P21/c,False,293.0,highT,Nc1nnc(c(N)n1)c1cccc(Cl)c1Cl,CC(C)O
WARNUB,WARNUB,298.1 K,c1cc(ccn1)C=Cc1ccncc1.OB1OCc2cc(F)ccc12,P21/c,False,298.0,highT,c1cc(ccn1)C=Cc1ccncc1,OB1OCc2cc(F)ccc12
XUCKOX,XUCKOX,at 253 K,NC1=C(c2c(F)c(F)c(F)c(F)c2C1(F)F)C(=O)C(F)(F)F.C1COCCO1,P-1,False,253.0,highT,NC1=C(c2c(F)c(F)c(F)c(F)c2C1(F)F)C(=O)C(F)(F)F,C1COCCO1
ODEFUZ,ODEFUZ,at 295 K,CCC(SC1=Nc2ccccc2N1)C(=O)[O-].CCC(SC1=[NH+]c2ccccc2N1)C(O)=O,P21/c,False,295.0,highT,CCC(SC1=Nc2ccccc2N1)C(=O)[O-],CCC(SC1=[NH+]c2ccccc2N1)C(O)=O
BIDHUS,BIDHUS,at 296.2 K,O=N(=O)c1ccccc1S(=O)(=O)[O-].Nc1[nH+]cc(cc1)N(=O)=O,Pc,False,296.0,highT,O=N(=O)c1ccccc1S(=O)(=O)[O-],Nc1[nH+]cc(cc1)N(=O)=O
ENIKIY,ENIKIY,294 K,c1cc(ccn1)C=Cc1ccncc1.OC(=O)CCCC#C,P21/c,False,294.0,highT,c1cc(ccn1)C=Cc1ccncc1,OC(=O)CCCC#C
UKISIT,UKISIT,298 K,Nc1cccc(c1)C(=O)[O-].Cc1cccc2SC(=[NH+]c12)N,P-1,False,298.0,highT,Nc1cccc(c1)C(=O)[O-],Cc1cccc2SC(=[NH+]c12)N
YADHIW,YADHIW,at 292 K,[NH3+]c1ccc(OCC)cc1.OC(=O)c1ccccc1C(=O)[O-],P-1,False,292.0,highT,[NH3+]c1ccc(OCC)cc1,OC(=O)c1ccccc1C(=O)[O-]
TACDAE,TACDAE,at 293 K,C(Cc1ccncc1)c1ccncc1.OC(=O)CCCCCC(O)=O,P21/c,False,293.0,highT,C(Cc1ccncc1)c1ccncc1,OC(=O)CCCCCC(O)=O
APAWAR,APAWAR,293 K,CN(C)C=O.OC(=O)c1cccc2c1NC(=O)NS2(=O)=O,P21/c,False,293.0,highT,CN(C)C=O,OC(=O)c1cccc2c1NC(=O)NS2(=O)=O
EDATOS,EDATOS,at 293 K,Oc1ccccc1C(=O)[O-].NC1=[NH+]C(=O)NC=C1F,P21/n,False,293.0,highT,Oc1ccccc1C(=O)[O-],NC1=[NH+]C(=O)NC=C1F
HIHPIY,HIHPIY,at 293 K,Clc1ccc(cc1C(=O)[O-])N(=O)=O.Cc1[nH+]c2c(O)cccc2cc1,P21/c,False,293.0,highT,Clc1ccc(cc1C(=O)[O-])N(=O)=O,Cc1[nH+]c2c(O)cccc2cc1
AJOHEP,AJOHEP,295 K,Oc1ccc2ccccc2c1C=NN1CCOCC1.Fc1c(F)c(Br)c(F)c(F)c1Br,P21/n,False,295.0,highT,Oc1ccc2ccccc2c1C=NN1CCOCC1,Fc1c(F)c(Br)c(F)c(F)c1Br
RIDWEH,RIDWEH,at 296.1 K,CCOP([O-])(=S)c1ccccc1.[NH3+]C(C(O)c1ccccc1)c1ccccc1,P212121,False,296.0,highT,CCOP([O-])(=S)c1ccccc1,[NH3+]C(C(O)c1ccccc1)c1ccccc1
DETGAN,DETGAN,293 K,NC(N)=O.CN(C)c1ccncc1,C2/c,False,293.0,highT,NC(N)=O,CN(C)c1ccncc1
QUWZEO,QUWZEO,at 294 K,Oc1c(F)c(F)c(O)c(F)c1F.c1cnccn1,P-1,False,294.0,highT,Oc1c(F)c(F)c(O)c(F)c1F,c1cnccn1
GEHKEK,GEHKEK,at 293 K,C[NH2+]C(C)C(O)c1ccccc1.OC(CC(O)=O)C(=O)[O-],P21,False,293.0,highT,C[NH2+]C(C)C(O)c1ccccc1,OC(CC(O)=O)C(=O)[O-]
ZINDEI,ZINDEI,300 K,OC1=C([O-])C(=O)C1=O.[NH3+]C(CC(C)C)C(O)=O,P2/n,False,300.0,highT,OC1=C([O-])C(=O)C1=O,[NH3+]C(CC(C)C)C(O)=O
KUQRAQ,KUQRAQ,at 293 K,Oc1cccnc1C(=O)[O-].CCc1[nH+]c(N)nc(N)c1c1ccc(Cl)cc1,P21/c,False,293.0,highT,Oc1cccnc1C(=O)[O-],CCc1[nH+]c(N)nc(N)c1c1ccc(Cl)cc1
YUDDIM,YUDDIM,at 295 K,[NH3+]C(CCSC)C(O)=O.O=N(=O)c1cc(c([O-])c(c1)N(=O)=O)N(=O)=O,P21,False,295.0,highT,[NH3+]C(CCSC)C(O)=O,O=N(=O)c1cc(c([O-])c(c1)N(=O)=O)N(=O)=O
QUBRUB,QUBRUB,at 292 K,OC(=O)c1ccccc1C(=O)[O-].[NH3+]c1ccccc1O,P21/c,False,292.0,highT,OC(=O)c1ccccc1C(=O)[O-],[NH3+]c1ccccc1O
TOJNEO,TOJNEO,295 K,CC1(C)C(CCC1(C)C(O)=O)C(=O)[O-].[NH3+]C(C(N)=O)c1ccccc1,P21,False,295.0,highT,CC1(C)C(CCC1(C)C(O)=O)C(=O)[O-],[NH3+]C(C(N)=O)c1ccccc1
IGERUJ,IGERUJ,298 K,Oc1cc2ccccc2cc1C(=O)[O-].Oc1c[nH+]ccc1,P21/n,False,298.0,highT,Oc1cc2ccccc2cc1C(=O)[O-],Oc1c[nH+]ccc1
OQIHAA,OQIHAA,293 K,O=N(=O)c1cc(c([O-])c(c1)N(=O)=O)N(=O)=O.Clc1cccc(N2CC[NH2+]CC2)c1Cl,P21/n,False,293.0,highT,O=N(=O)c1cc(c([O-])c(c1)N(=O)=O)N(=O)=O,Clc1cccc(N2CC[NH2+]CC2)c1Cl
USAKIJ,USAKIJ,at 293 K,OB(O)c1ccc(O)cc1.c1cnc2ccc3ncccc3c2c1,P21/n,False,293.0,highT,OB(O)c1ccc(O)cc1,c1cnc2ccc3ncccc3c2c1
SIQBEB,SIQBEB,at 296 K,[NH3+]c1cccc(Cl)c1.O=N(=O)c1ccc(c(c1)N(=O)=O)S(=O)(=O)[O-],P21/c,False,296.0,highT,[NH3+]c1cccc(Cl)c1,O=N(=O)c1ccc(c(c1)N(=O)=O)S(=O)(=O)[O-]
SUYNIM,SUYNIM,293 K,CC1=C(C)[N+](=CN1O)O.O=C1NC(=O)C=C([O-])N1,P-1,False,293.0,highT,CC1=C(C)[N+](=CN1O)O,O=C1NC(=O)C=C([O-])N1
ZUPZUI,ZUPZUI,298 K,[NH3+]Cc1ccc(Cl)cc1.ClC(Cl)C(=O)[O-],P21/c,False,298.0,highT,[NH3+]Cc1ccc(Cl)cc1,ClC(Cl)C(=O)[O-]
AMOZAG,AMOZAG,294 K,Nc1[nH+]cc(Br)cc1.O=C([O-])C#Cc1ccccc1,P21/n,False,294.0,highT,Nc1[nH+]cc(Br)cc1,O=C([O-])C#Cc1ccccc1
REGSEF,REGSEF,296 K,CS(=O)(=O)[O-].CC[N+]1=C(C)Sc2ccccc12,Pbca,False,296.0,highT,CS(=O)(=O)[O-],CC[N+]1=C(C)Sc2ccccc12
TOJMAJ,TOJMAJ,295 K,CC(CC(O)=O)C(=O)[O-].[NH3+]C(C(N)=O)c1ccccc1,P21,False,295.0,highT,CC(CC(O)=O)C(=O)[O-],[NH3+]C(C(N)=O)c1ccccc1
GAPYOO,GAPYOO,293 K,[NH3+]C(CC1=C[NH+]=CN1)C(=O)[O-].Fc1cc(ccc1[O-])N(=O)=O,P21,False,293.0,highT,[NH3+]C(CC1=C[NH+]=CN1)C(=O)[O-],Fc1cc(ccc1[O-])N(=O)=O
DUDDIQ,DUDDIQ,at 273 K,C1CN=C(N1)c1ccc(cc1)C1=NCCN1.Nc1ccc(cc1)S(O)(=O)=O,Pbca,False,273.0,highT,C1CN=C(N1)c1ccc(cc1)C1=NCCN1,Nc1ccc(cc1)S(O)(=O)=O
OPITOX,OPITOX,at 295 K,Cc1[nH+]c(CO)c2COC(C)(C)OCc2c1O.Cc1ccc(cc1)S(=O)(=O)[O-],P-1,False,295.0,highT,Cc1[nH+]c(CO)c2COC(C)(C)OCc2c1O,Cc1ccc(cc1)S(=O)(=O)[O-]
OJUBOM,OJUBOM,296.1 K,OC(=O)CCCC(O)=O.Nc1nc(N)nc(n1)c1ccc(Cl)cc1,P-1,False,296.0,highT,OC(=O)CCCC(O)=O,Nc1nc(N)nc(n1)c1ccc(Cl)cc1
ODOBIT,ODOBIT,at 298 K,Cc1nc(C)c(C)nc1C.OC(=O)c1ccc(O)cc1,P21,False,298.0,highT,Cc1nc(C)c(C)nc1C,OC(=O)c1ccc(O)cc1
VELCAT,VELCAT,293 K,OC(C(O)C(=O)[O-])C(O)=O.[NH3+]CCCC(O)=O,P-1,False,293.0,highT,OC(C(O)C(=O)[O-])C(O)=O,[NH3+]CCCC(O)=O
LOCLOF,LOCLOF,at 295 K,OC(=O)C(=O)[O-].[NH3+]C(CS)C(O)=O,P212121,False,295.0,highT,OC(=O)C(=O)[O-],[NH3+]C(CS)C(O)=O
PUPHAK,PUPHAK,at 296 K,CN1C=NC2=C1C(=O)N(C)C(=O)N2C.OC(=O)c1cc(O)cc(c1)C(O)=O,P-1,False,296.0,highT,CN1C=NC2=C1C(=O)N(C)C(=O)N2C,OC(=O)c1cc(O)cc(c1)C(O)=O
OCAKAF,OCAKAF,at 295 K,Oc1c[nH+]ccc1.OC(=O)COc1cccc(OCC(=O)[O-])c1,P21/n,False,295.0,highT,Oc1c[nH+]ccc1,OC(=O)COc1cccc(OCC(=O)[O-])c1
BIDJII,BIDJII,at 296.2 K,O=S(=O)([O-])c1ccccc1.Nc1[nH+]cc(cc1)N(=O)=O,P21/n,False,296.0,highT,O=S(=O)([O-])c1ccccc1,Nc1[nH+]cc(cc1)N(=O)=O
NUMHEK,NUMHEK,297 K,NS(=O)(=O)c1ccc(Cl)cc1.O=C1CCCCCN1,P212121,False,297.0,highT,NS(=O)(=O)c1ccc(Cl)cc1,O=C1CCCCCN1
MOZMIY,MOZMIY,at 293 K,[NH3+]NC(N)=O.OC(=O)c1cccc(n1)C(=O)[O-],P21/c,False,293.0,highT,[NH3+]NC(N)=O,OC(=O)c1cccc(n1)C(=O)[O-]
KUZGOD,KUZGOD,296 K,OC(=O)C1C[NH2+]CCC1.Clc1cc(cc(Cl)c1[O-])N(=O)=O,P-1,False,296.0,highT,OC(=O)C1C[NH2+]CCC1,Clc1cc(cc(Cl)c1[O-])N(=O)=O
DUNVUE,DUNVUE,at 293 K,CN(C)C=O.NC(=S)NN=Cc1cccc(c1)C#N,P21/n,False,293.0,highT,CN(C)C=O,NC(=S)NN=Cc1cccc(c1)C#N
TECMUK,TECMUK,at 294 K,NC(=O)C1[NH2+]CCC1.OC1=C([O-])C(=O)C1=O,C2,False,294.0,highT,NC(=O)C1[NH2+]CCC1,OC1=C([O-])C(=O)C1=O
ERAHAJ,ERAHAJ,298 K,NC(=O)c1ccncc1.OC(=O)Cc1ccccc1CC(O)=O,P-1,False,298.0,highT,NC(=O)c1ccncc1,OC(=O)Cc1ccccc1CC(O)=O
ELEGUY,ELEGUY,at 293 K,c1cc(ccn1)c1ccncc1.OC(=O)CCC(=O)CCC(O)=O,C2/c,False,293.0,highT,c1cc(ccn1)c1ccncc1,OC(=O)CCC(=O)CCC(O)=O
APUYUI,APUYUI,293 K,OC(=O)c1cc(O)cc(O)c1.CC1=NNC(=O)N(C1)N=Cc1cccnc1,P-1,False,293.0,highT,OC(=O)c1cc(O)cc(O)c1,CC1=NNC(=O)N(C1)N=Cc1cccnc1
TUMWIJ,TUMWIJ,296 K,O=C([O-])c1ccc(cc1)N(=O)=O.C[NH+]1C2CCCC1CC(=O)C2,Pbca,False,296.0,highT,O=C([O-])c1ccc(cc1)N(=O)=O,C[NH+]1C2CCCC1CC(=O)C2
EYIYIU,EYIYIU,at 298 K,Oc1cccc2ccc[nH+]c12.Nc1ccccc1S(=O)(=O)[O-],P21/a,False,298.0,highT,Oc1cccc2ccc[nH+]c12,Nc1ccccc1S(=O)(=O)[O-]
LULROC,LULROC,298.1 K,OC(=O)Cc1ccccc1Nc1c(Cl)cccc1Cl.C(Cc1ccncc1)Cc1ccncc1,Pbcn,False,298.0,highT,OC(=O)Cc1ccccc1Nc1c(Cl)cccc1Cl,C(Cc1ccncc1)Cc1ccncc1
TAFCAI,TAFCAI,293 K,CC1=C(N)C(=O)C=C2Oc3cc(Br)ccc3N=C12.CS(C)=O,P-1,False,293.0,highT,CC1=C(N)C(=O)C=C2Oc3cc(Br)ccc3N=C12,CS(C)=O
GABZUF,GABZUF,at 294 K,OC(=O)CCC(O)=O.N(c1cccc(Nc2ccccn2)c1)c1ccccn1,P21/m,False,294.0,highT,OC(=O)CCC(O)=O,N(c1cccc(Nc2ccccn2)c1)c1ccccn1
PIGZEN,PIGZEN,296 K,CC(=O)[O-].CC1=CC(=[NH+]C(N1)c1ccc(O)cc1)C,Pna21,False,296.0,highT,CC(=O)[O-],CC1=CC(=[NH+]C(N1)c1ccc(O)cc1)C
BUWNIS,BUWNIS,293.1 K,Oc1cc(cc(O)c1O)C(=O)[O-].CC1=C[NH+]=C(N1CCO)N(=O)=O,P21/c,False,293.0,highT,Oc1cc(cc(O)c1O)C(=O)[O-],CC1=C[NH+]=C(N1CCO)N(=O)=O
CIDDAV,CIDDAV,at 295 K,Nc1nc(N)nc(N)n1.O=C1NC(=O)c2ccccc12,Pnma,False,295.0,highT,Nc1nc(N)nc(N)n1,O=C1NC(=O)c2ccccc12
DEVYEL,DEVYEL,295 K,Oc1ccc(cc1)C=Cc1cc(O)cc(O)c1.C1CNCCN1,P-1,False,295.0,highT,Oc1ccc(cc1)C=Cc1cc(O)cc(O)c1,C1CNCCN1
TUDPIR01,TUDPIR01,296.1 K,[NH3+]C(CO)(CO)CO.Clc1cccc(Cl)c1Nc1ccccc1CC(=O)[O-],P21/c,False,296.0,highT,[NH3+]C(CO)(CO)CO,Clc1cccc(Cl)c1Nc1ccccc1CC(=O)[O-]
KAXROS,KAXROS,at 293 K,c1cc(ccn1)C=Cc1ccncc1.OC(=O)C=CC=CC(O)=O,P-1,False,293.0,highT,c1cc(ccn1)C=Cc1ccncc1,OC(=O)C=CC=CC(O)=O
JOKYUG,JOKYUG,301 K,Nc1ccncc1.Nc1ccc(cc1)S(=O)(=O)Nc1ccc(Cl)nn1,P21/n,False,301.0,highT,Nc1ccncc1,Nc1ccc(cc1)S(=O)(=O)Nc1ccc(Cl)nn1
IDIXUR,IDIXUR,298 K,Oc1ccccc1C(=O)[O-].CC1=CC(=O)NC(=[NH2+])N1,Pbca,False,298.0,highT,Oc1ccccc1C(=O)[O-],CC1=CC(=O)NC(=[NH2+])N1
HILJAP,HILJAP,296 K,c1cc(ccn1)c1ccncc1.OC(=O)CCl,P21/c,False,296.0,highT,c1cc(ccn1)c1ccncc1,OC(=O)CCl
YEQCED,YEQCED,at 295 K,FC(F)(F)S(=O)(=O)[O-].CN1N2CN3C[N+](C)(C2)N(C)P1(=S)N3C,P21/c,False,295.0,highT,FC(F)(F)S(=O)(=O)[O-],CN1N2CN3C[N+](C)(C2)N(C)P1(=S)N3C
NAYCOH,NAYCOH,at 293 K,Oc1ccc2[nH+]cccc2c1.O=C([O-])c1cc(cc(c1)N(=O)=O)N(=O)=O,P21/c,False,293.0,highT,Oc1ccc2[nH+]cccc2c1,O=C([O-])c1cc(cc(c1)N(=O)=O)N(=O)=O
NEBXAV,NEBXAV,at 293 K,OC(=O)C=Cc1ccccc1.COc1cc(OC)nc(N)n1,P-1,False,293.0,highT,OC(=O)C=Cc1ccccc1,COc1cc(OC)nc(N)n1
OVUMEY,OVUMEY,at 294 K,Nc1nnc(c(N)n1)c1cccc(Cl)c1Cl.OC(=O)c1ccc(F)cc1,P21,False,294.0,highT,Nc1nnc(c(N)n1)c1cccc(Cl)c1Cl,OC(=O)c1ccc(F)cc1
EZAQAA,EZAQAA,293 K,Oc1cccc(O)c1C(=O)[O-].COc1[nH+]c(N)nc(OC)c1,P21/c,False,293.0,highT,Oc1cccc(O)c1C(=O)[O-],COc1[nH+]c(N)nc(OC)c1
WERLEO,WERLEO,298 K,NC1=[NH+]C(=O)NC=C1.Clc1cccc(Cl)c1Nc1ccccc1CC(=O)[O-],Pca21,False,298.0,highT,NC1=[NH+]C(=O)NC=C1,Clc1cccc(Cl)c1Nc1ccccc1CC(=O)[O-]
AWUQEP,AWUQEP,at 298 K,CC1(C)[NH2+]C(C)(C)CC(=O)C1.Clc1ccc(cc1N(=O)=O)C(=O)[O-],P-1,False,298.0,highT,CC1(C)[NH2+]C(C)(C)CC(=O)C1,Clc1ccc(cc1N(=O)=O)C(=O)[O-]
CUFRUT,CUFRUT,296 K,NC1=NC(=NO1)C1=NON=C1[N-]N(=O)=O.[NH3+]NC(=O)NN,P1,False,296.0,highT,NC1=NC(=NO1)C1=NON=C1[N-]N(=O)=O,[NH3+]NC(=O)NN
XIYSII,XIYSII,at 296 K,[NH3+]c1ccccc1F.Fc1ccccc1NC(=O)C(=O)[O-],P-1,False,296.0,highT,[NH3+]c1ccccc1F,Fc1ccccc1NC(=O)C(=O)[O-]
LATNEB,LATNEB,at 293 K,NS(=O)(=O)Oc1ccc2C3=C(CCCCC3)C(=O)Oc2c1.CS(C)=O,P21/c,False,293.0,highT,NS(=O)(=O)Oc1ccc2C3=C(CCCCC3)C(=O)Oc2c1,CS(C)=O
KUVJOB,KUVJOB,at 293 K,OC(=O)C(=O)[O-].[NH3+]c1ccc(Cl)cc1,C2/c,False,293.0,highT,OC(=O)C(=O)[O-],[NH3+]c1ccc(Cl)cc1
WEFNUR,WEFNUR,at 298 K,O=C([O-])c1ccc(cc1)N(=O)=O.OCC[NH+](CCO)C(CO)(CO)CO,P-1,False,298.0,highT,O=C([O-])c1ccc(cc1)N(=O)=O,OCC[NH+](CCO)C(CO)(CO)CO
CINXIH,CINXIH,at 293 K,CC(=O)[O-].NC(N)=[NH+]N=C(c1ccccc1)c1cc(Cl)ccc1N,P21/n,False,293.0,highT,CC(=O)[O-],NC(N)=[NH+]N=C(c1ccccc1)c1cc(Cl)ccc1N
OZOSIH,OZOSIH,296 K,Oc1ccccc1C(=O)[O-].ON=Cc1cc[nH+]c2ccccc12,P21/c,False,296.0,highT,Oc1ccccc1C(=O)[O-],ON=Cc1cc[nH+]c2ccccc12
CAVCUY01,CAVCUY01,at 260 K,OC(C(O)C(=O)[O-])C(O)=O.[NH3+]CCCCC([NH3+])C(=O)[O-],P21,False,260.0,highT,OC(C(O)C(=O)[O-])C(O)=O,[NH3+]CCCCC([NH3+])C(=O)[O-]
CIWMAZ,CIWMAZ,293 K,CC[NH2+]CCO.O=C([O-])c1ccc(cc1)N(=O)=O,P21/c,False,293.0,highT,CC[NH2+]CCO,O=C([O-])c1ccc(cc1)N(=O)=O
EGENUB,EGENUB,at 293 K,NS(=O)(=O)c1cc2c(NCNS2(=O)=O)cc1Cl.C(Cc1ccncc1)c1ccncc1,P21/c,False,293.0,highT,NS(=O)(=O)c1cc2c(NCNS2(=O)=O)cc1Cl,C(Cc1ccncc1)c1ccncc1
QUCNOS,QUCNOS,at 273 K,OC(=O)C=CC(=O)[O-].Oc1cccc2ccc[nH+]c12,P-1,False,273.0,highT,OC(=O)C=CC(=O)[O-],Oc1cccc2ccc[nH+]c12
APUWAM,APUWAM,293 K,OC(=O)C(=O)[O-].CC1=NNC(=O)N(C1)N=Cc1c[nH+]ccc1,P-1,False,293.0,highT,OC(=O)C(=O)[O-],CC1=NNC(=O)N(C1)N=Cc1c[nH+]ccc1
VEJBOC,VEJBOC,at 293 K,CC1(C)[NH2+]C(C)(C)CC(=O)C1.S=C=[N-],C2/c,False,293.0,highT,CC1(C)[NH2+]C(C)(C)CC(=O)C1,S=C=[N-]
PIJSUZ,PIJSUZ,296 K,C1N2CN3CN1CN(C2)C3.Oc1ccc2ccc(O)cc2c1,P21/n,False,296.0,highT,C1N2CN3CN1CN(C2)C3,Oc1ccc2ccc(O)cc2c1
NUMJAI,NUMJAI,298 K,NS(=O)(=O)c1ccccc1Cl.O=C1CCCCCN1,P21/c,False,298.0,highT,NS(=O)(=O)c1ccccc1Cl,O=C1CCCCCN1
FICBIE,FICBIE,at 273 K,Cc1cccc2SC(=Nc12)N.OC(=O)CCCCC(O)=O,P21/n,False,273.0,highT,Cc1cccc2SC(=Nc12)N,OC(=O)CCCCC(O)=O
KIJFOC,KIJFOC,298 K,Oc1cccc(O)c1.CCOc1ccccc1C(N)=O,P21/c,False,298.0,highT,Oc1cccc(O)c1,CCOc1ccccc1C(N)=O
LUWHIU,LUWHIU,at 293 K,O=S(=O)([O-])c1ccccc1.COc1cc(Cc2c[nH+]c(N)nc2N)cc(OC)c1OC,P21/c,False,293.0,highT,O=S(=O)([O-])c1ccccc1,COc1cc(Cc2c[nH+]c(N)nc2N)cc(OC)c1OC
HEPSAZ06,HEPSAZ06,363 K,[2H]OC(=O)c1ccc(cc1)C(=O)[O-].[2H][N+]1=CN([2H])C=C1,P21/c,False,363.0,highT,[2H]OC(=O)c1ccc(cc1)C(=O)[O-],[2H][N+]1=CN([2H])C=C1
YUCQUJ,YUCQUJ,at 294 K,c1cc(ccn1)c1ccncc1.Oc1ccc(Cc2ccc(O)cc2)cc1,P21/c,False,294.0,highT,c1cc(ccn1)c1ccncc1,Oc1ccc(Cc2ccc(O)cc2)cc1
PAFFIP,PAFFIP,296 K,Cc1ccc(cc1)C(=O)[O-].CCc1[nH+]c(N)nc(N)c1c1ccc(Cl)cc1,P21/c,False,296.0,highT,Cc1ccc(cc1)C(=O)[O-],CCc1[nH+]c(N)nc(N)c1c1ccc(Cl)cc1
FOVQIT,FOVQIT,296 K,O=C([O-])c1cccnc1.COc1ccc(cc1)N1CC[NH2+]CC1,Pbca,False,296.0,highT,O=C([O-])c1cccnc1,COc1ccc(cc1)N1CC[NH2+]CC1
JAJYOM,JAJYOM,298 K,OC(=O)C=Cc1ccccc1O.NC(=O)c1cnccn1,P21/n,False,298.0,highT,OC(=O)C=Cc1ccccc1O,NC(=O)c1cnccn1
LUWHAM,LUWHAM,at 293 K,Cc1ccc(cc1)S(=O)(=O)[O-].COc1cc(Cc2c[nH+]c(N)nc2N)cc(OC)c1OC,P21/n,False,293.0,highT,Cc1ccc(cc1)S(=O)(=O)[O-],COc1cc(Cc2c[nH+]c(N)nc2N)cc(OC)c1OC
IDOHAN,IDOHAN,293 K,CN1C(=C(O)c2ccccc2S1(=O)=O)C(=O)NC1=NC=C(C)S1.OC(=O)c1ccccc1,P-1,False,293.0,highT,CN1C(=C(O)c2ccccc2S1(=O)=O)C(=O)NC1=NC=C(C)S1,OC(=O)c1ccccc1
PEDQOG,PEDQOG,at 293 K,OC(=O)C[N+]12CCC(CC1)CC2.OC1=C([O-])C(=O)C1=O,P21/n,False,293.0,highT,OC(=O)C[N+]12CCC(CC1)CC2,OC1=C([O-])C(=O)C1=O
NAWZUK,NAWZUK,293 K,[NH3+]Cc1ccccc1O.Nc1ccc(cc1)C(=O)[O-],P212121,False,293.0,highT,[NH3+]Cc1ccccc1O,Nc1ccc(cc1)C(=O)[O-]
HEPSAZ02,HEPSAZ02,293 K,OC(=O)c1ccc(cc1)C(=O)[O-].[2H]C1=[NH+]C(=C([2H])N1)[2H],P21/c,False,293.0,highT,OC(=O)c1ccc(cc1)C(=O)[O-],[2H]C1=[NH+]C(=C([2H])N1)[2H]
CEXVEK,CEXVEK,293 K,Oc1cc(O)cc(Cl)c1.Cc1nc(C)c(C)nc1C,P-1,False,293.0,highT,Oc1cc(O)cc(Cl)c1,Cc1nc(C)c(C)nc1C
CIKSEV,CIKSEV,at 291 K,Cc1cc[nH+]c2N(C3CC3)c3ncccc3C(=O)Nc12.O=N(=O)c1cc(c([O-])c(c1)N(=O)=O)N(=O)=O,P-1,False,291.0,highT,Cc1cc[nH+]c2N(C3CC3)c3ncccc3C(=O)Nc12,O=N(=O)c1cc(c([O-])c(c1)N(=O)=O)N(=O)=O
UGOROZ,UGOROZ,at 298 K,OC(=O)CCCCCCC(O)=O.NC1=NC=CS1,P21/n,False,298.0,highT,OC(=O)CCCCCCC(O)=O,NC1=NC=CS1
VELXIW,VELXIW,295 K,Cc1cccnc1.BrN1C(=O)c2ccccc2C1=O,P21/c,False,295.0,highT,Cc1cccnc1,BrN1C(=O)c2ccccc2C1=O
HUCXAF,HUCXAF,at 297 K,[NH3+]c1ccc(CCO)cc1.O=C([O-])c1cc(cc(c1)N(=O)=O)N(=O)=O,P21/n,False,297.0,highT,[NH3+]c1ccc(CCO)cc1,O=C([O-])c1cc(cc(c1)N(=O)=O)N(=O)=O
XAPSEN,XAPSEN,at 294 K,CN(C)C=O.ON=C(Cl)c1ccc(cc1)C(Cl)=NO,P-1,False,294.0,highT,CN(C)C=O,ON=C(Cl)c1ccc(cc1)C(Cl)=NO
AYUMEN,AYUMEN,at 296 K,OC(=O)C(O)=O.S1C=Nc2ccccc12,P21/c,False,296.0,highT,OC(=O)C(O)=O,S1C=Nc2ccccc12
CEXLIE,CEXLIE,293 K,OC(=O)c1cc(O)c(Br)c(O)c1.Cc1nc(C)c(C)nc1C,P-1,False,293.0,highT,OC(=O)c1cc(O)c(Br)c(O)c1,Cc1nc(C)c(C)nc1C
FIQYOX,FIQYOX,295 K,c1ccc2nc3ccccc3nc2c1.OC(=O)CC(O)(CC(O)=O)C(O)=O,P-1,False,295.0,highT,c1ccc2nc3ccccc3nc2c1,OC(=O)CC(O)(CC(O)=O)C(O)=O
PAZSIW,PAZSIW,296 K,C1COCCN1.Nc1cccc(NC(=S)Nc2ccccc2)n1,P-1,False,296.0,highT,C1COCCN1,Nc1cccc(NC(=S)Nc2ccccc2)n1
PUGGAA,PUGGAA,at 273 K,OC(=O)c1ccc(cc1)C(O)=O.C1CN=C(N1)c1ccc(cc1)C1=NCCN1,P21/c,False,273.0,highT,OC(=O)c1ccc(cc1)C(O)=O,C1CN=C(N1)c1ccc(cc1)C1=NCCN1
AHERAG,AHERAG,at 293 K,OC(C(O)C(=O)[O-])C(O)=O.[NH3+]C(C)C(O)=O,P21,False,293.0,highT,OC(C(O)C(=O)[O-])C(O)=O,[NH3+]C(C)C(O)=O
VOJKOX,VOJKOX,296 K,OC(=O)COc1ccc2ccc(OCC(O)=O)cc2c1.CN1C=NC2=C1C(=O)N(C)C(=O)N2C,P21/c,False,296.0,highT,OC(=O)COc1ccc2ccc(OCC(O)=O)cc2c1,CN1C=NC2=C1C(=O)N(C)C(=O)N2C
OPITOX01,OPITOX01,at 295 K,Cc1[nH+]c(CO)c2COC(C)(C)OCc2c1O.Cc1ccc(cc1)S(=O)(=O)[O-],P21/c,False,295.0,highT,Cc1[nH+]c(CO)c2COC(C)(C)OCc2c1O,Cc1ccc(cc1)S(=O)(=O)[O-]
HIQFUM,HIQFUM,293 K,c1cnc2c(c1)ccc1ncccc21.OB(O)c1ccc(cc1)C#N,P-1,False,293.0,highT,c1cnc2c(c1)ccc1ncccc21,OB(O)c1ccc(cc1)C#N
SAXPEO,SAXPEO,at 298 K,Cc1ccc(Cl)c(Nc2ccccc2C(O)=O)c1Cl.c1cc(ccn1)c1ccncc1,P21/c,False,298.0,highT,Cc1ccc(Cl)c(Nc2ccccc2C(O)=O)c1Cl,c1cc(ccn1)c1ccncc1
KUXWIM,KUXWIM,293 K,[NH3+]CCC(O)=O.Cc1ccc(cc1)S(=O)(=O)[O-],Pbca,False,293.0,highT,[NH3+]CCC(O)=O,Cc1ccc(cc1)S(=O)(=O)[O-]
TINFAB,TINFAB,293 K,COS(=O)(=O)[O-].[NH3+]c1cccc(c1)B(O)O,P21/n,False,293.0,highT,COS(=O)(=O)[O-],[NH3+]c1cccc(c1)B(O)O
ISICIX,ISICIX,at 298 K,OC(=O)C=CC(=O)[O-].NC1=[NH+]C(=CS1)c1ccccc1,Pbca,False,298.0,highT,OC(=O)C=CC(=O)[O-],NC1=[NH+]C(=CS1)c1ccccc1
VELWER,VELWER,295 K,BrN1C(=O)c2ccccc2C1=O.c1ccc2ncccc2c1,Pbca,False,295.0,highT,BrN1C(=O)c2ccccc2C1=O,c1ccc2ncccc2c1
ZUPZES,ZUPZES,298 K,O=C([O-])c1cccc(c1)N(=O)=O.[NH3+]Cc1ccc(Cl)cc1,P21/n,False,298.0,highT,O=C([O-])c1cccc(c1)N(=O)=O,[NH3+]Cc1ccc(Cl)cc1
REWLEN,REWLEN,296 K,ON=Cc1cc[nH+]cc1.O=N(=O)c1cc(c([O-])c(c1)N(=O)=O)N(=O)=O,P-1,False,296.0,highT,ON=Cc1cc[nH+]cc1,O=N(=O)c1cc(c([O-])c(c1)N(=O)=O)N(=O)=O
YOZBAT,YOZBAT,293 K,NC(N)=O.OC(=O)c1cc(O)c(O)c(O)c1,P21/c,False,293.0,highT,NC(N)=O,OC(=O)c1cc(O)c(O)c(O)c1
GOKBAL,GOKBAL,293 K,OC(=O)CCC(O)=O.c1cc(ccn1)c1ccncc1,P-1,False,293.0,highT,OC(=O)CCC(O)=O,c1cc(ccn1)c1ccncc1
XAPZUM,XAPZUM,293 K,Oc1cccc(O)c1.Nc1ccc(Cc2ccc(N)cc2)cc1,P21/n,False,293.0,highT,Oc1cccc(O)c1,Nc1ccc(Cc2ccc(N)cc2)cc1
KAXSUZ,KAXSUZ,at 293 K,COc1ccc2cccc(CCNC(C)=O)c2c1.COC(=O)c1ccc(O)cc1,P-1,False,293.0,highT,COc1ccc2cccc(CCNC(C)=O)c2c1,COC(=O)c1ccc(O)cc1
HEWFEW,HEWFEW,at 296 K,NC(=[NH2+])O.O=N(=O)c1cc(c([O-])c(c1)N(=O)=O)N(=O)=O,P21/c,False,296.0,highT,NC(=[NH2+])O,O=N(=O)c1cc(c([O-])c(c1)N(=O)=O)N(=O)=O
SAZXEZ,SAZXEZ,293.1 K,C[N+]1=CN(CCON(=O)=O)C=C1.O=N(=O)c1cc(c([O-])c(c1)N(=O)=O)N(=O)=O,P21/n,False,293.0,highT,C[N+]1=CN(CCON(=O)=O)C=C1,O=N(=O)c1cc(c([O-])c(c1)N(=O)=O)N(=O)=O
XATQES,XATQES,296 K,NC(N)=O.COC(=O)c1ccc(O)cc1,C2/c,False,296.0,highT,NC(N)=O,COC(=O)c1ccc(O)cc1
GOWPOA,GOWPOA,295 K,Cc1ccc(cc1)S(=O)(=O)[O-].OC(=O)c1c[nH+]ccc1,Pmn21,False,295.0,highT,Cc1ccc(cc1)S(=O)(=O)[O-],OC(=O)c1c[nH+]ccc1
NUZMIG,NUZMIG,298 K,OC(=O)C=CC(=O)[O-].[NH3+]C(C(C)C)C(O)=O,P21,False,298.0,highT,OC(=O)C=CC(=O)[O-],[NH3+]C(C(C)C)C(O)=O
QOLNAI,QOLNAI,at 293 K,Cc1ccc2ccc3ccc(C)nc3c2n1.Oc1cc(Cl)cc(Cl)c1O,P21/c,False,293.0,highT,Cc1ccc2ccc3ccc(C)nc3c2n1,Oc1cc(Cl)cc(Cl)c1O
LORQIT,LORQIT,at 296 K,[NH3+]CC1(CCCCC1)CC(O)=O.O=N(=O)c1cc(c([O-])c(c1)N(=O)=O)N(=O)=O,P21/n,False,296.0,highT,[NH3+]CC1(CCCCC1)CC(O)=O,O=N(=O)c1cc(c([O-])c(c1)N(=O)=O)N(=O)=O
GARGIT,GARGIT,280.0 K,Cc1ccc(cc1)S(=O)(=O)[O-].COc1ccc(C=CC2=[N+](C)c3ccccc3S2)cc1OC,P21,False,280.0,highT,Cc1ccc(cc1)S(=O)(=O)[O-],COc1ccc(C=CC2=[N+](C)c3ccccc3S2)cc1OC
ZANYOE,ZANYOE,at 294 K,CN1CC(=O)NC1=[NH2+].ClCC(=O)[O-],P21/n,False,294.0,highT,CN1CC(=O)NC1=[NH2+],ClCC(=O)[O-]
YACYEK,YACYEK,293 K,OC(=O)CCCCC(O)=O.N#Cc1ccccn1,P21/c,False,293.0,highT,OC(=O)CCCCC(O)=O,N#Cc1ccccn1
LIGQID,LIGQID,293 K,Nc1nnc(c(N)n1)c1cccc(Cl)c1Cl.CC(N)=O,P-1,False,293.0,highT,Nc1nnc(c(N)n1)c1cccc(Cl)c1Cl,CC(N)=O
VODTUD,VODTUD,at 292 K,c1ccccc1.CC(C)c1cccc(C(C)C)c1N1C(=O)C=CC1=O,P2/c,False,292.0,highT,c1ccccc1,CC(C)c1cccc(C(C)C)c1N1C(=O)C=CC1=O
QACKEO,QACKEO,301 K,[NH2+]=C1Nc2ccccc2S1.Nc1ccc(cc1)S(=O)(=O)[O-],P21/c,False,301.0,highT,[NH2+]=C1Nc2ccccc2S1,Nc1ccc(cc1)S(=O)(=O)[O-]
KETSUY,KETSUY,at 293 K,Cc1ccc(cc1)S(=O)(=O)[O-].[NH3+]NC(=O)NN,Pbca,False,293.0,highT,Cc1ccc(cc1)S(=O)(=O)[O-],[NH3+]NC(=O)NN
GEHWID,GEHWID,298 K,Oc1ccc(c(O)c1)C(=O)[O-].Cc1[nH+]cc(cc1)C(N)=O,Cc,False,298.0,highT,Oc1ccc(c(O)c1)C(=O)[O-],Cc1[nH+]cc(cc1)C(N)=O
ULICAV01,ULICAV01,293 K,O=C([O-])CN1C(=O)Oc2ccccc12.[NH3+]CCO,Fdd2,False,293.0,highT,O=C([O-])CN1C(=O)Oc2ccccc12,[NH3+]CCO
SEMNAA,SEMNAA,at 293 K,OC(=O)c1ccccc1C(=O)[O-].COc1cc(Cc2c[nH+]c(N)nc2N)cc(OC)c1OC,P-1,False,293.0,highT,OC(=O)c1ccccc1C(=O)[O-],COc1cc(Cc2c[nH+]c(N)nc2N)cc(OC)c1OC
OKIQEE,OKIQEE,at 293 K,CC(C(=O)[O-])c1ccccc1.[NH3+]C1Cc2ccccc2C1O,C2,False,293.0,highT,CC(C(=O)[O-])c1ccccc1,[NH3+]C1Cc2ccccc2C1O
OZOSON,OZOSON,296 K,ON=Cc1cc[nH+]c2ccccc12.O=C([O-])c1ccccc1N(=O)=O,P-1,False,296.0,highT,ON=Cc1cc[nH+]c2ccccc12,O=C([O-])c1ccccc1N(=O)=O
DUNSAI,DUNSAI,298 K,C(Cc1ccncc1)c1ccncc1.OC(=O)c1ccc(O)c(O)c1,P-1,False,298.0,highT,C(Cc1ccncc1)c1ccncc1,OC(=O)c1ccc(O)c(O)c1
BANZEX,BANZEX,at 295 K,[NH3+]C(C(=O)OC)c1ccccc1.OC(=O)C1=CC=CN1c1c(cccc1C(F)(F)F)C(=O)[O-],P21,False,295.0,highT,[NH3+]C(C(=O)OC)c1ccccc1,OC(=O)C1=CC=CN1c1c(cccc1C(F)(F)F)C(=O)[O-]
CEDPAF,CEDPAF,296 K,Cc1ccc(cc1)S(=O)(=O)[O-].NC(=[NH2+])NC(N)=O,P-1,False,296.0,highT,Cc1ccc(cc1)S(=O)(=O)[O-],NC(=[NH2+])NC(N)=O
NOLCEZ,NOLCEZ,298.1 K,NS(=O)(=O)c1cc2c(NCNS2(=O)=O)cc1Cl.O=C1CCCCCN1,Pbca,False,298.0,highT,NS(=O)(=O)c1cc2c(NCNS2(=O)=O)cc1Cl,O=C1CCCCCN1
QUTBIT,QUTBIT,296 K,O=N(=O)C1=N[N-]C(=C1)N(=O)=O.NN1C(=[NH+]N=C1C1=NON=C1N)N,P21/c,False,296.0,highT,O=N(=O)C1=N[N-]C(=C1)N(=O)=O,NN1C(=[NH+]N=C1C1=NON=C1N)N
VAKJUP,VAKJUP,298 K,[NH3+]C(Cc1ccccc1)C(=O)Nc1cccnc1.Cc1ccc(cc1)C(=O)[O-],P212121,False,298.0,highT,[NH3+]C(Cc1ccccc1)C(=O)Nc1cccnc1,Cc1ccc(cc1)C(=O)[O-]
FIRQED,FIRQED,at 298 K,OC(C(O)C(=O)[O-])C(O)=O.O=C1C2[NH2+]CCCC2C(=O)N1Cc1ccccc1,P212121,False,298.0,highT,OC(C(O)C(=O)[O-])C(O)=O,O=C1C2[NH2+]CCCC2C(=O)N1Cc1ccccc1
MODXUZ,MODXUZ,at 293 K,OC(C(O)C(=O)[O-])C(O)=O.COC(=O)C1=C(O)CC2CCC1[NH+]2C,P21,False,293.0,highT,OC(C(O)C(=O)[O-])C(O)=O,COC(=O)C1=C(O)CC2CCC1[NH+]2C
EYOHOP,EYOHOP,at 295 K,FC(F)(F)S(=O)(=O)[O-].CC1(C)[NH+]=C(N(O)C1(C)C)c1ccccc1,P21/c,False,295.0,highT,FC(F)(F)S(=O)(=O)[O-],CC1(C)[NH+]=C(N(O)C1(C)C)c1ccccc1
HIQFOG,HIQFOG,293 K,c1cnc2c(c1)ccc1cccnc21.OB(O)c1ccc(cc1)C#N,P212121,False,293.0,highT,c1cnc2c(c1)ccc1cccnc21,OB(O)c1ccc(cc1)C#N
MEWCUQ,MEWCUQ,300.1 K,Cc1cccc(Nc2ccccc2C(O)=O)c1C.Nc1cccnc1,P-1,False,300.0,highT,Cc1cccc(Nc2ccccc2C(O)=O)c1C,Nc1cccnc1
NUJFEF,NUJFEF,293 K,c1cc(ccn1)c1ccncc1.OC(=O)Cc1ccccc1C(O)=O,P21,False,293.0,highT,c1cc(ccn1)c1ccncc1,OC(=O)Cc1ccccc1C(O)=O
SOYVAE,SOYVAE,at 296 K,OC(=O)c1ccc(C(=O)[O-])c(c1)C(O)=O.[NH2+]=C1Nc2ccccc2S1,Pna21,False,296.0,highT,OC(=O)c1ccc(C(=O)[O-])c(c1)C(O)=O,[NH2+]=C1Nc2ccccc2S1
LIWFON,LIWFON,at 293 K,Oc1ccc(cc1)C(=O)[O-].OC(=O)C[NH+]1CCCCC1,C2,False,293.0,highT,Oc1ccc(cc1)C(=O)[O-],OC(=O)C[NH+]1CCCCC1
ZEYNOJ,ZEYNOJ,293 K,OC(=O)c1ccc2cc(O)ccc2c1.Cc1nccnc1C,P-1,False,293.0,highT,OC(=O)c1ccc2cc(O)ccc2c1,Cc1nccnc1C
KUQWOL,KUQWOL,299.9 K,S1c2ccccc2c2ccccc12.O=C1C=CC(=O)C(=C1C#N)C#N,P21/n,False,299.0,highT,S1c2ccccc2c2ccccc12,O=C1C=CC(=O)C(=C1C#N)C#N
RUXPUV,RUXPUV,at 299 K,OC(=O)C(O)=O.c1ccc2nccnc2c1,P-1,False,299.0,highT,OC(=O)C(O)=O,c1ccc2nccnc2c1
TAZKOX,TAZKOX,293 K,c1cnc2ncccc2c1.Cc1cc(C)c(B(O)O)c(C)c1,P21/c,False,293.0,highT,c1cnc2ncccc2c1,Cc1cc(C)c(B(O)O)c(C)c1
KUGKUV,KUGKUV,296.6 K,NC(=O)c1ccncc1.COc1cc(C=CC(O)=O)ccc1O,P-1,False,296.0,highT,NC(=O)c1ccncc1,COc1cc(C=CC(O)=O)ccc1O
TEYXUT,TEYXUT,293 K,[NH3+]c1ccc(N)c(c1)N(=O)=O.Nc1ccccc1S(=O)(=O)[O-],Pbca,False,293.0,highT,[NH3+]c1ccc(N)c(c1)N(=O)=O,Nc1ccccc1S(=O)(=O)[O-]
RASZAQ,RASZAQ,293 K,Cc1ccc(cc1)S(=O)(=O)[O-].[NH3+]C(C(C)CC)C(O)=O,P21,False,293.0,highT,Cc1ccc(cc1)S(=O)(=O)[O-],[NH3+]C(C(C)CC)C(O)=O
XEYQIC,XEYQIC,at 293 K,Nc1ccc(cc1)C(=O)OCc1ccc(Cl)nc1.c1ccccc1,C2/c,False,293.0,highT,Nc1ccc(cc1)C(=O)OCc1ccc(Cl)nc1,c1ccccc1
GESCAK,GESCAK,at 293 K,NC(=O)c1ccc(O)cc1.OC(=O)CCCCCC(O)=O,C2/c,False,293.0,highT,NC(=O)c1ccc(O)cc1,OC(=O)CCCCCC(O)=O
FARPUN,FARPUN,293 K,CN(C)C=O.OC(=O)C(=O)Nc1ccc(NC(=O)C(O)=O)cc1,P21/c,False,293.0,highT,CN(C)C=O,OC(=O)C(=O)Nc1ccc(NC(=O)C(O)=O)cc1
TAXXOI,TAXXOI,293 K,[NH3+]c1ccc(N)c(c1)N(=O)=O.Cc1ccc(cc1)S(=O)(=O)[O-],P212121,False,293.0,highT,[NH3+]c1ccc(N)c(c1)N(=O)=O,Cc1ccc(cc1)S(=O)(=O)[O-]
CUDREY,CUDREY,at -120 deg.C,NC1=[NH+]C=CS1.ClC(Cl)(Cl)C(=O)[O-],P21/c,False,393.0,highT,NC1=[NH+]C=CS1,ClC(Cl)(Cl)C(=O)[O-]
NAXTAJ,NAXTAJ,at 298 K,O=C1[N-]S(=O)(=O)c2ccccc12.[NH2+]=C1Nc2ccc(Br)cc2S1,P-1,False,298.0,highT,O=C1[N-]S(=O)(=O)c2ccccc12,[NH2+]=C1Nc2ccc(Br)cc2S1
ITAQEC,ITAQEC,298 K,Cc1cccc2SC(=Nc12)N.COc1cc(cc(OC)c1OC)C(O)=O,P21/c,False,298.0,highT,Cc1cccc2SC(=Nc12)N,COc1cc(cc(OC)c1OC)C(O)=O
FAFGOL02,FAFGOL02,297.6 K,COc1ccc2cccc(CCNC(C)=O)c2c1.Oc1ccc(O)cc1,P212121,False,297.0,highT,COc1ccc2cccc(CCNC(C)=O)c2c1,Oc1ccc(O)cc1
GAZTUA,GAZTUA,298 K,Oc1c(cc(cc1N(=O)=O)N(=O)=O)C(=O)[O-].CC1=C[NH+]=C(N)S1,C2/c,False,298.0,highT,Oc1c(cc(cc1N(=O)=O)N(=O)=O)C(=O)[O-],CC1=C[NH+]=C(N)S1
XAGXOW,XAGXOW,293 K,Brc1ccccc1C(=O)[O-].COc1ccccc1N1CC[NH2+]CC1,P212121,False,293.0,highT,Brc1ccccc1C(=O)[O-],COc1ccccc1N1CC[NH2+]CC1
QUWXAI01,QUWXAI01,296 K,Cc1nc(N)nc(N)n1.OC(=O)c1ccccc1C(O)=O,P21/c,False,296.0,highT,Cc1nc(N)nc(N)n1,OC(=O)c1ccccc1C(O)=O
QOVLIZ,QOVLIZ,293 K,Nc1ccc[nH+]c1Cl.OC(=O)C([O-])(c1ccccc1)c1ccccc1,P21/c,False,293.0,highT,Nc1ccc[nH+]c1Cl,OC(=O)C([O-])(c1ccccc1)c1ccccc1
EZIFAV,EZIFAV,at 298 K,OC(=O)c1cc(F)cc(F)c1.CC1=NN=C2CN=C(c3ccccc3)c3cc(Cl)ccc3N12,P-1,False,298.0,highT,OC(=O)c1cc(F)cc(F)c1,CC1=NN=C2CN=C(c3ccccc3)c3cc(Cl)ccc3N12
FIWYOC,FIWYOC,296 K,OC(=O)c1cccc(Br)c1.N#Cc1ccncc1,P21/c,False,296.0,highT,OC(=O)c1cccc(Br)c1,N#Cc1ccncc1
MUYVIM,MUYVIM,at 300 K,COc1cc[nH+]cc1.O=C1NC(=O)C=C([O-])N1,P-1,False,300.0,highT,COc1cc[nH+]cc1,O=C1NC(=O)C=C([O-])N1
QEYKOU,QEYKOU,at -83deg.C,FC(F)(F)S(=O)(=O)[O-].C[P+](C)(C)N[Si](C)(C)C,P21/c,False,356.0,highT,FC(F)(F)S(=O)(=O)[O-],C[P+](C)(C)N[Si](C)(C)C
YOKSAU,YOKSAU,at 293 K,Nc1[nH+]cc(Br)cc1.Nc1ccc(cc1)C(=O)[O-],P21/n,False,293.0,highT,Nc1[nH+]cc(Br)cc1,Nc1ccc(cc1)C(=O)[O-]
VIDPOO,VIDPOO,at 294 K,Clc1c(Cl)c(Cl)c2C(=O)NC(=O)c2c1Cl.CN(C)C=O,P-1,False,294.0,highT,Clc1c(Cl)c(Cl)c2C(=O)NC(=O)c2c1Cl,CN(C)C=O
DINRUP01,DINRUP01,at 293 K,OC(=O)c1ccc(O)cc1O.NC(=O)c1cccnc1,P-1,False,293.0,highT,OC(=O)c1ccc(O)cc1O,NC(=O)c1cccnc1
SOVQAV,SOVQAV,at 273 K,OC(=O)CCSCCC(O)=O.Nc1cc(N)nc(N)n1,C2/m,False,273.0,highT,OC(=O)CCSCCC(O)=O,Nc1cc(N)nc(N)n1
VEXZUX,VEXZUX,293 K,O=N(=O)c1ccc(cc1)N1CC[NH2+]CC1.Oc1ccccc1C(=O)[O-],P21/n,False,293.0,highT,O=N(=O)c1ccc(cc1)N1CC[NH2+]CC1,Oc1ccccc1C(=O)[O-]
NABCEZ,NABCEZ,at 293 K,OC(=O)C=Cc1ccccc1.CC(=NO)C(C)=NO,P21/c,False,293.0,highT,OC(=O)C=Cc1ccccc1,CC(=NO)C(C)=NO
PONPAK,PONPAK,at 295 K,c1ccccc1.CC(O)=C(C(C)=O)C(=S)Nc1ccccc1,P21/a,False,295.0,highT,c1ccccc1,CC(O)=C(C(C)=O)C(=S)Nc1ccccc1
OXUVUZ,OXUVUZ,at 293 K,CS(=O)(=O)[O-].NS(=O)(=O)C1=NNC(=[NH2+])S1,Cc,False,293.0,highT,CS(=O)(=O)[O-],NS(=O)(=O)C1=NNC(=[NH2+])S1
FEVJUO,FEVJUO,293 K,COc1cc(Cc2c[nH+]c(N)nc2N)cc(OC)c1OC.BrC1=C(SC=C1)C(=O)[O-],P21/c,False,293.0,highT,COc1cc(Cc2c[nH+]c(N)nc2N)cc(OC)c1OC,BrC1=C(SC=C1)C(=O)[O-]
PEQQOS,PEQQOS,at 293 K,CN(C)c1cccc(c1)C(O)=O.COc1cncc(c1)C#Cc1cc(C)nc(N)n1,P21/c,False,293.0,highT,CN(C)c1cccc(c1)C(O)=O,COc1cncc(c1)C#Cc1cc(C)nc(N)n1
FERNOJ,FERNOJ,298 K,O=N(=O)c1cc(c(c(c1)N(=O)=O)S(=O)(=O)[O-])N(=O)=O.[NH3+]C(CC1=CNc2ccccc12)C(O)=O,P21/c,False,298.0,highT,O=N(=O)c1cc(c(c(c1)N(=O)=O)S(=O)(=O)[O-])N(=O)=O,[NH3+]C(CC1=CNc2ccccc12)C(O)=O
FEPQAV,FEPQAV,293.1 K,O=C1CC(=O)NC(=S)N1.NC(N)=NS(=O)(=O)c1ccc(N)cc1,P-1,False,293.0,highT,O=C1CC(=O)NC(=S)N1,NC(N)=NS(=O)(=O)c1ccc(N)cc1
ZEDTIO,ZEDTIO,293 K,[NH3+]C(C)C(O)=O.Cc1ccc(cc1)S(=O)(=O)[O-],P212121,False,293.0,highT,[NH3+]C(C)C(O)=O,Cc1ccc(cc1)S(=O)(=O)[O-]
TEZREX,TEZREX,at 298 K,[NH3+]c1cc(Cl)ccc1O.O=C([O-])c1cc(cc(c1)N(=O)=O)N(=O)=O,P-1,False,298.0,highT,[NH3+]c1cc(Cl)ccc1O,O=C([O-])c1cc(cc(c1)N(=O)=O)N(=O)=O
VEYBAG,VEYBAG,293 K,O=N(=O)c1ccc(cc1)N1CC[NH2+]CC1.Fc1ccc(cc1)C(=O)[O-],P21/n,False,293.0,highT,O=N(=O)c1ccc(cc1)N1CC[NH2+]CC1,Fc1ccc(cc1)C(=O)[O-]
EYURUO,EYURUO,296 K,NC(=O)c1nc(F)cnc1O.OC(=O)c1cc(O)c(O)c(O)c1,P21/n,False,296.0,highT,NC(=O)c1nc(F)cnc1O,OC(=O)c1cc(O)c(O)c(O)c1
ULEWIS,ULEWIS,at 297 K,C(Cc1ccncc1)c1ccncc1.Cc1cc(ccc1N)C(O)=O,P21/c,False,297.0,highT,C(Cc1ccncc1)c1ccncc1,Cc1cc(ccc1N)C(O)=O
KAXNOQ,KAXNOQ,299.1 K,COc1cc(Cc2cnc(N)nc2N)cc(OC)c1OC.OC(=O)CCCCCC(O)=O,P-1,False,299.0,highT,COc1cc(Cc2cnc(N)nc2N)cc(OC)c1OC,OC(=O)CCCCCC(O)=O
SAHBUZ,SAHBUZ,at 293 K,OC(C(O)C(=O)[O-])C(O)=O.OCC1CC2CC[NH+]1CC2C=C,P21,False,293.0,highT,OC(C(O)C(=O)[O-])C(O)=O,OCC1CC2CC[NH+]1CC2C=C
QEDZUX,QEDZUX,293 K,COc1ccc(cc1)C1=C2N(C(=S)NC2=O)C(=C1C#N)N.CN(C)C=O,P21/n,False,293.0,highT,COc1ccc(cc1)C1=C2N(C(=S)NC2=O)C(=C1C#N)N,CN(C)C=O
KIPKUT,KIPKUT,293 K,c1cc(ccn1)C=Cc1ccncc1.OO,Pna21,False,293.0,highT,c1cc(ccn1)C=Cc1ccncc1,OO
LECFAD,LECFAD,293 K,Cc1nc(C)c(C)nc1C.OC(=O)c1ccc(O)c(c1)C(O)=O,P21/n,False,293.0,highT,Cc1nc(C)c(C)nc1C,OC(=O)c1ccc(O)c(c1)C(O)=O
PIPMEJ,PIPMEJ,298 K,[NH3+]C(CO)(CO)CO.Clc1ccc(OCC(=O)[O-])cc1,P21/n,False,298.0,highT,[NH3+]C(CO)(CO)CO,Clc1ccc(OCC(=O)[O-])cc1
GUPCOM,GUPCOM,293 K,Fc1ccc(cc1)N1CC[NH2+]CC1.O=N(=O)c1cc(c([O-])c(c1)N(=O)=O)N(=O)=O,P21/n,False,293.0,highT,Fc1ccc(cc1)N1CC[NH2+]CC1,O=N(=O)c1cc(c([O-])c(c1)N(=O)=O)N(=O)=O
SECYIL,SECYIL,295 K,Cc1ccncc1.BrN1C(=O)CCC1=O,P21,False,295.0,highT,Cc1ccncc1,BrN1C(=O)CCC1=O
BEHKEF,BEHKEF,at 293.1 K,[NH3+]CCO.CC1=CC(=O)N([O-])C(=C1)C1CCCCC1,I41/a,False,293.0,highT,[NH3+]CCO,CC1=CC(=O)N([O-])C(=C1)C1CCCCC1
FAXYOV,FAXYOV,293 K,OC(=O)C=CC(=O)[O-].[NH3+]C(CC1=C[NH+]=CN1)C(=O)[O-],C2,False,293.0,highT,OC(=O)C=CC(=O)[O-],[NH3+]C(CC1=C[NH+]=CN1)C(=O)[O-]
QOLRAN,QOLRAN,298 K,CCCN1C(=O)C(SC1=S)=C1SC(=S)N(CCC)C1=O.c1cc2cccc3c4cccc5cccc(c(c1)c23)c45,P-1,False,298.0,highT,CCCN1C(=O)C(SC1=S)=C1SC(=S)N(CCC)C1=O,c1cc2cccc3c4cccc5cccc(c(c1)c23)c45
DEJNAK,DEJNAK,295 K,Nc1nc(N)nc(N)n1.OC(=O)Cc1ccc(F)cc1,C2/c,False,295.0,highT,Nc1nc(N)nc(N)n1,OC(=O)Cc1ccc(F)cc1
XAPZAS,XAPZAS,293 K,Nc1ccc(N)cc1.Oc1ccc2ccc(O)cc2c1,P21/c,False,293.0,highT,Nc1ccc(N)cc1,Oc1ccc2ccc(O)cc2c1
QOLMIP,QOLMIP,at 293 K,Oc1c(O)c(Cl)c(Cl)c(Cl)c1Cl.Cc1c(C)c2cccnc2c2ncccc12,Pbcn,False,293.0,highT,Oc1c(O)c(Cl)c(Cl)c(Cl)c1Cl,Cc1c(C)c2cccnc2c2ncccc12
PUZZIT,PUZZIT,at 253 K,Oc1ccc2ccccc2c1c1c(O)ccc2ccccc12.Cc1cc(C)cc(N)c1,P-1,False,253.0,highT,Oc1ccc2ccccc2c1c1c(O)ccc2ccccc12,Cc1cc(C)cc(N)c1
JIQLAZ,JIQLAZ,295 K,Nc1ncccn1.NC(=O)N1c2ccccc2C=Cc2ccccc12,P21/a,False,295.0,highT,Nc1ncccn1,NC(=O)N1c2ccccc2C=Cc2ccccc12
FECGUS,FECGUS,296 K,c1cc(ccn1)c1ccncc1.OC(=O)c1ccccc1F,P21/n,False,296.0,highT,c1cc(ccn1)c1ccncc1,OC(=O)c1ccccc1F
QUQBIQ,QUQBIQ,293 K,Cc1ccc(cc1)S(=O)(=O)[O-].[NH2+]=C1SNc2ccc(cc12)N(=O)=O,P-1,False,293.0,highT,Cc1ccc(cc1)S(=O)(=O)[O-],[NH2+]=C1SNc2ccc(cc12)N(=O)=O
RORNOD,RORNOD,at 301 K,c1ccc2nc3ccccc3nc2c1.OB(O)c1ccc(Cl)cc1,P-1,False,301.0,highT,c1ccc2nc3ccccc3nc2c1,OB(O)c1ccc(Cl)cc1
NUVFIV,NUVFIV,293 K,OC(=O)c1ccc(O)cc1.NC(=O)c1cnccn1,Pca21,False,293.0,highT,OC(=O)c1ccc(O)cc1,NC(=O)c1cnccn1
NANQOJ,NANQOJ,at 293 K,OC(=O)c1ccc(cc1)C(O)=O.O1C(=NN=C1c1ccncc1)c1ccncc1,Cmc21,False,293.0,highT,OC(=O)c1ccc(cc1)C(O)=O,O1C(=NN=C1c1ccncc1)c1ccncc1
POVGAK,POVGAK,at 296 K,Cc1ccc(cc1)C1=CC(=NN1c1ccc(cc1)S(N)(=O)=O)C(F)(F)F.c1cc(ccn1)c1ccncc1,P-1,False,296.0,highT,Cc1ccc(cc1)C1=CC(=NN1c1ccc(cc1)S(N)(=O)=O)C(F)(F)F,c1cc(ccn1)c1ccncc1
FAQKAN,FAQKAN,293 K,O=S(=O)([O-])c1ccccc1.CN1C(=O)N(C)C2=C([NH+]=CN2)C1=O,P21/c,False,293.0,highT,O=S(=O)([O-])c1ccccc1,CN1C(=O)N(C)C2=C([NH+]=CN2)C1=O
XIDDAS,XIDDAS,293 K,Cc1cc(O)cc(O)c1.CCOC(=O)C=C(C)c1ccncc1,P21/c,False,293.0,highT,Cc1cc(O)cc(O)c1,CCOC(=O)C=C(C)c1ccncc1
RELPOR,RELPOR,293 K,Fc1ccc(cc1)N1CC[NH2+]CC1.OC(=O)c1cc(cc(c1[O-])N(=O)=O)N(=O)=O,P21/c,False,293.0,highT,Fc1ccc(cc1)N1CC[NH2+]CC1,OC(=O)c1cc(cc(c1[O-])N(=O)=O)N(=O)=O
UNEBOE,UNEBOE,at 293 K,c1cnc2c(c1)ccc1ncccc21.OC(=O)c1cc(C(O)=O)c(cc1C(O)=O)C(O)=O,P-1,False,293.0,highT,c1cnc2c(c1)ccc1ncccc21,OC(=O)c1cc(C(O)=O)c(cc1C(O)=O)C(O)=O
OMUXOK,OMUXOK,at 297 K,OC(=O)c1cc(ccc1O)S(=O)(=O)[O-].[NH2+]1CCOCC1,P-1,False,297.0,highT,OC(=O)c1cc(ccc1O)S(=O)(=O)[O-],[NH2+]1CCOCC1
ORASAC,ORASAC,at 296 K,OC(=O)c1ccc(Oc2ccc(cc2)C(O)=O)cc1.c1cc(ccn1)c1ccncc1,P21/n,False,296.0,highT,OC(=O)c1ccc(Oc2ccc(cc2)C(O)=O)cc1,c1cc(ccn1)c1ccncc1
APUWOA,APUWOA,293 K,OC(=O)c1ccc(O)cc1.CC1=NNC(=O)N(C1)N=Cc1cccnc1,Pbca,False,293.0,highT,OC(=O)c1ccc(O)cc1,CC1=NNC(=O)N(C1)N=Cc1cccnc1
XOWBUJ,XOWBUJ,293 K,O=C([O-])c1ccc(cc1)N(=O)=O.C[NH+](C)CCO,P21/n,False,293.0,highT,O=C([O-])c1ccc(cc1)N(=O)=O,C[NH+](C)CCO
VUCBAY,VUCBAY,295 K,[NH3+]c1ccc(Br)cc1.Cc1ccc(cc1)S(=O)(=O)[O-],P-1,False,295.0,highT,[NH3+]c1ccc(Br)cc1,Cc1ccc(cc1)S(=O)(=O)[O-]
MANXOQ,MANXOQ,at 297 K,OC(C(O)C(=O)[O-])C(O)=O.OC1CC2[NH2+]C1CCC2,P21,False,297.0,highT,OC(C(O)C(=O)[O-])C(O)=O,OC1CC2[NH2+]C1CCC2
GECZEV,GECZEV,at 295 K,FC(F)(F)C(=O)[O-].BrC1=C[NH+]=CNC1C1=CC=CS1,P21/c,False,295.0,highT,FC(F)(F)C(=O)[O-],BrC1=C[NH+]=CNC1C1=CC=CS1
ZEXWIK,ZEXWIK,at 298 K,CCN1C=C(C(O)=O)C(=O)c2ccc(C)nc12.Oc1ccccc1O,P-1,False,298.0,highT,CCN1C=C(C(O)=O)C(=O)c2ccc(C)nc12,Oc1ccccc1O
XOKTOI,XOKTOI,at 298 K,C1N2CN3CN1CN(C2)C3.OC(=O)c1ccc(O)c(O)c1,C2/c,False,298.0,highT,C1N2CN3CN1CN(C2)C3,OC(=O)c1ccc(O)c(O)c1
NUMZIH,NUMZIH,304 K,OC(=O)c1ccc(Cl)cc1.Fc1c(F)c(F)c(N=Cc2ccncc2)c(F)c1F,P-1,False,304.0,highT,OC(=O)c1ccc(Cl)cc1,Fc1c(F)c(F)c(N=Cc2ccncc2)c(F)c1F
PUZXIR,PUZXIR,at 293 K,CS(C)=O.ClC1=NSSC1=C1N=C(SC1=O)C#N,P-1,False,293.0,highT,CS(C)=O,ClC1=NSSC1=C1N=C(SC1=O)C#N
KIPBIX,KIPBIX,293 K,OC1CCCCC1Oc1cccc2ccc[nH+]c12.OC(C(=O)[O-])c1ccccc1,I2,False,293.0,highT,OC1CCCCC1Oc1cccc2ccc[nH+]c12,OC(C(=O)[O-])c1ccccc1
AXAKUG,AXAKUG,at 296 K,c1cc(ccn1)c1ccncc1.OC(=O)c1cncc(c1)C(O)=O,P21/n,False,296.0,highT,c1cc(ccn1)c1ccncc1,OC(=O)c1cncc(c1)C(O)=O
AMUBAM,AMUBAM,at 296 K,CC(=O)Nc1ccc(O)cc1.OC(=O)CC(O)(CC(O)=O)C(O)=O,C2/c,False,296.0,highT,CC(=O)Nc1ccc(O)cc1,OC(=O)CC(O)(CC(O)=O)C(O)=O
PIPMAF,PIPMAF,298 K,Clc1ccc(c(Cl)c1)C(=O)[O-].[NH3+]C(CO)(CO)CO,P21/n,False,298.0,highT,Clc1ccc(c(Cl)c1)C(=O)[O-],[NH3+]C(CO)(CO)CO
VEJQEK,VEJQEK,293.0 K,OC(=O)c1ccc(Br)cc1.Nc1ncccn1,Pnma,False,293.0,highT,OC(=O)c1ccc(Br)cc1,Nc1ncccn1
TEQCAW,TEQCAW,296.1 K,[NH3+]C(CO)(CO)CO.COc1ccc2cc(ccc2c1)C(C)C(=O)[O-],P212121,False,296.0,highT,[NH3+]C(CO)(CO)CO,COc1ccc2cc(ccc2c1)C(C)C(=O)[O-]
KURBUV03,KURBUV03,293 K,[2H]OC(=O)c1c(F)c(F)c(c(F)c1F)C(=O)[O-].[2H][N+]1=CN([2H])C=C1,Pna21,False,293.0,highT,[2H]OC(=O)c1c(F)c(F)c(c(F)c1F)C(=O)[O-],[2H][N+]1=CN([2H])C=C1
JIFHAK,JIFHAK,296 K,OC(=O)c1ccc(O)cc1O.CCOc1ccccc1C(N)=O,P21/n,False,296.0,highT,OC(=O)c1ccc(O)cc1O,CCOc1ccccc1C(N)=O
XAQCUO,XAQCUO,at 23 deg.C,CC([NH2+]C(c1ccccc1)C(F)(F)F)c1ccccc1.Cc1ccc(cc1)S(=O)(=O)[O-],P21,False,296.0,highT,CC([NH2+]C(c1ccccc1)C(F)(F)F)c1ccccc1,Cc1ccc(cc1)S(=O)(=O)[O-]
DENWUP,DENWUP,at 293 K,CN1CC(=O)[NH+]=C1N.O=C([O-])c1ccccc1,P212121,False,293.0,highT,CN1CC(=O)[NH+]=C1N,O=C([O-])c1ccccc1
LACWIY,LACWIY,298 K,Nc1ccc(C(O)=O)c(O)c1.c1cnccn1,C2/c,False,298.0,highT,Nc1ccc(C(O)=O)c(O)c1,c1cnccn1
FADGIC,FADGIC,at 293 K,OC(=O)CCC(O)=O.NNC(=O)c1ccncc1,P21/n,False,293.0,highT,OC(=O)CCC(O)=O,NNC(=O)c1ccncc1
ABUKUF,ABUKUF,at 298 K,Oc1c(cc(cc1N(=O)=O)N(=O)=O)C(=O)[O-].[NH3+]c1ccc(Cl)cc1,P-1,False,298.0,highT,Oc1c(cc(cc1N(=O)=O)N(=O)=O)C(=O)[O-],[NH3+]c1ccc(Cl)cc1
KAYGEY,KAYGEY,at 296 K,O=C(Nc1ccccn1)c1ccncc1.OC(=O)CCCCC(O)=O,P21/c,False,296.0,highT,O=C(Nc1ccccn1)c1ccncc1,OC(=O)CCCCC(O)=O
ULESAG,ULESAG,at 293 K,[NH2+]1CCOCC1.COc1cc(c(C)cc1N)S(=O)(=O)[O-],P21/c,False,293.0,highT,[NH2+]1CCOCC1,COc1cc(c(C)cc1N)S(=O)(=O)[O-]
WUVKII,WUVKII,at 296 K,Nc1nnc(c(N)n1)c1cccc(Cl)c1Cl.NC(=O)c1cccnc1,P-1,False,296.0,highT,Nc1nnc(c(N)n1)c1cccc(Cl)c1Cl,NC(=O)c1cccnc1
TAZPES,TAZPES,293 K,OB(O)c1ccc(Br)cc1.c1ccc2nc3nc4ccccc4nc3nc2c1,P-1,False,293.0,highT,OB(O)c1ccc(Br)cc1,c1ccc2nc3nc4ccccc4nc3nc2c1
HOGLEX,HOGLEX,298.1 K,c1cc(ccn1)C=Cc1ccncc1.Oc1c(Cl)cc(Cl)cc1Cl,P21/c,False,298.0,highT,c1cc(ccn1)C=Cc1ccncc1,Oc1c(Cl)cc(Cl)cc1Cl
APUVUF,APUVUF,293 K,OC(=O)c1cc(O)ccc1O.CC1=NNC(=O)N(C1)N=Cc1cccnc1,P21/c,False,293.0,highT,OC(=O)c1cc(O)ccc1O,CC1=NNC(=O)N(C1)N=Cc1cccnc1
AZOQAI,AZOQAI,at 293 K,CCc1[nH+]c(N)nc(N)c1c1ccc(Cl)cc1.CCC(=O)Nc1ccccc1C(=O)[O-],C2/c,False,293.0,highT,CCc1[nH+]c(N)nc(N)c1c1ccc(Cl)cc1,CCC(=O)Nc1ccccc1C(=O)[O-]
FOWSAM,FOWSAM,at 298 K,OC(=O)c1cc(F)c(F)c(F)c1F.c1cc(ccn1)c1ccncc1,P21/c,False,298.0,highT,OC(=O)c1cc(F)c(F)c(F)c1F,c1cc(ccn1)c1ccncc1
MAFQIU,MAFQIU,at 296.1 K,CC(C)(c1ccc(O)cc1)c1ccc(O)cc1.c1ccc2ncccc2c1,P21/a,False,296.0,highT,CC(C)(c1ccc(O)cc1)c1ccc(O)cc1,c1ccc2ncccc2c1
NELYOW,NELYOW,296 K,Clc1ccc(CNC(=O)[O-])cc1.[NH3+]Cc1ccc(Cl)cc1,P1,False,296.0,highT,Clc1ccc(CNC(=O)[O-])cc1,[NH3+]Cc1ccc(Cl)cc1
NAVHIC,NAVHIC,at 293 K,CC1(C)C2CCC1(CS(=O)(=O)[O-])C(=O)C2.[NH3+]CCNc1ccc(cc1)N(=O)=O,P21,False,293.0,highT,CC1(C)C2CCC1(CS(=O)(=O)[O-])C(=O)C2,[NH3+]CCNc1ccc(cc1)N(=O)=O
LAGSUK,LAGSUK,296 K,NC(=O)c1ccncc1.OC(=O)c1ccc(O)cc1O,P-1,False,296.0,highT,NC(=O)c1ccncc1,OC(=O)c1ccc(O)cc1O
OFEQIZ,OFEQIZ,at 293 K,Oc1ccc(cc1)C1(CCCCC1)c1ccc(O)cc1.Cc1cc(C)cc(N)c1,P-1,False,293.0,highT,Oc1ccc(cc1)C1(CCCCC1)c1ccc(O)cc1,Cc1cc(C)cc(N)c1
WUFVUP,WUFVUP,at 293 K,OC(C(O)C(=O)[O-])C(O)=O.OC(=O)C[N+]12CCC(CC1)CC2,P21,False,293.0,highT,OC(C(O)C(=O)[O-])C(O)=O,OC(=O)C[N+]12CCC(CC1)CC2
YECYIS,YECYIS,298 K,OC(=O)c1ccc(O)cc1.CN1C(=O)N(C)C2=C(N(CC(O)=O)C=N2)C1=O,P21/n,False,298.0,highT,OC(=O)c1ccc(O)cc1,CN1C(=O)N(C)C2=C(N(CC(O)=O)C=N2)C1=O
CEXGAR,CEXGAR,293 K,Oc1ccc2ccc(O)cc2c1.c1cc(ccn1)N=Nc1ccncc1,C2/c,False,293.0,highT,Oc1ccc2ccc(O)cc2c1,c1cc(ccn1)N=Nc1ccncc1
HAGWET,HAGWET,at 293 K,OC(=O)c1ccc(O)cc1.C1CNCCN1,P21/c,False,293.0,highT,OC(=O)c1ccc(O)cc1,C1CNCCN1
HEWWAI,HEWWAI,at 293 K,OC(=O)C(=O)[O-].OC(=O)c1c[nH+]ccc1,P21/m,False,293.0,highT,OC(=O)C(=O)[O-],OC(=O)c1c[nH+]ccc1
GIHGEK,GIHGEK,at 293 K,OC(=O)C=CC(=O)[O-].[NH3+]C(CCCNC(N)=[NH2+])C(=O)[O-],P1,False,293.0,highT,OC(=O)C=CC(=O)[O-],[NH3+]C(CCCNC(N)=[NH2+])C(=O)[O-]
LAGSOE,LAGSOE,296 K,NC(=O)c1ccncc1.OC(=O)c1cccc(O)c1O,P-1,False,296.0,highT,NC(=O)c1ccncc1,OC(=O)c1cccc(O)c1O
GIDFIM,GIDFIM,294 K,OC(=O)C=CC(=O)[O-].[NH3+]CC1CCC(CC1)C(O)=O,P-1,False,294.0,highT,OC(=O)C=CC(=O)[O-],[NH3+]CC1CCC(CC1)C(O)=O
VESYUQ,VESYUQ,293 K,NC(=O)c1ccncc1.COc1cc(C=O)ccc1O,P-1,False,293.0,highT,NC(=O)c1ccncc1,COc1cc(C=O)ccc1O
RURROM,RURROM,at 293.1 K,OC1=C(F)C(=O)C(=C(F)C1=O)O.c1ccc2nc3ccccc3nc2c1,P21/n,False,293.0,highT,OC1=C(F)C(=O)C(=C(F)C1=O)O,c1ccc2nc3ccccc3nc2c1
EBOLEP,EBOLEP,293 K,OC(=O)C#CC(O)=O.CN1C(=C(O)c2ccccc2S1(=O)=O)C(=O)NC1=NC=C(C)S1,P-1,False,293.0,highT,OC(=O)C#CC(O)=O,CN1C(=C(O)c2ccccc2S1(=O)=O)C(=O)NC1=NC=C(C)S1
EVETAB,EVETAB,at 293 K,NC(N)=O.OC(=O)CCCCCC(O)=O,C2/c,False,293.0,highT,NC(N)=O,OC(=O)CCCCCC(O)=O
TAZMOZ,TAZMOZ,293 K,c1cnc2ncccc2c1.OB(O)c1cccc2ccccc12,P21/n,False,293.0,highT,c1cnc2ncccc2c1,OB(O)c1cccc2ccccc12
SABVUP,SABVUP,296 K,C(Nc1ccccn1)c1ccccc1.OC(=O)C(O)=O,Cc,False,296.0,highT,C(Nc1ccccn1)c1ccccc1,OC(=O)C(O)=O
HAZMAA01,HAZMAA01,293 K,C[NH2+]CCO.Clc1cc(ccc1C(=O)[O-])N(=O)=O,Pna21,False,293.0,highT,C[NH2+]CCO,Clc1cc(ccc1C(=O)[O-])N(=O)=O
LIQFAU,LIQFAU,at 296 K,Cc1cc(C)nc(N)n1.CC=CC=CC(O)=O,P-1,False,296.0,highT,Cc1cc(C)nc(N)n1,CC=CC=CC(O)=O
UGOTER,UGOTER,293 K,CC1=CN=C(N)S1.OC(=O)CCCCCCCCCCC(O)=O,P-1,False,293.0,highT,CC1=CN=C(N)S1,OC(=O)CCCCCCCCCCC(O)=O
TACBAC,TACBAC,at 293 K,OC(=O)CCCCCCCCC(O)=O.C(Cc1ccncc1)c1ccncc1,P-1,False,293.0,highT,OC(=O)CCCCCCCCC(O)=O,C(Cc1ccncc1)c1ccncc1
MOGZEP,MOGZEP,at 293 K,OC(=O)CCC(O)=O.Cc1ccc(cn1)c1ncc(Cl)cc1c1ccc(cc1)S(C)(=O)=O,P21/n,False,293.0,highT,OC(=O)CCC(O)=O,Cc1ccc(cn1)c1ncc(Cl)cc1c1ccc(cc1)S(C)(=O)=O
JAZBES,JAZBES,at 298 K,OC(=O)CCC(O)=O.C(Cc1ccncc1)Cc1ccncc1,C2/c,False,298.0,highT,OC(=O)CCC(O)=O,C(Cc1ccncc1)Cc1ccncc1
XERBUU,XERBUU,293 K,N#Cc1cc(C#N)c(cc1C#N)C#N.O=CN1c2ccccc2c2ccccc12,P21/n,False,293.0,highT,N#Cc1cc(C#N)c(cc1C#N)C#N,O=CN1c2ccccc2c2ccccc12
HEYDOI,HEYDOI,300.0 K,Oc1ccc2cc(ccc2c1)C(=O)[O-].Nc1c(Br)cc(Br)cc1C[NH2+]C1CCC(O)CC1,P21/n,False,300.0,highT,Oc1ccc2cc(ccc2c1)C(=O)[O-],Nc1c(Br)cc(Br)cc1C[NH2+]C1CCC(O)CC1
XIBDOD,XIBDOD,at 295 K,Oc1cc(cc(O)c1O)C(=O)[O-].NC(=[NH2+])NC(N)=S,P21/c,False,295.0,highT,Oc1cc(cc(O)c1O)C(=O)[O-],NC(=[NH2+])NC(N)=S
HEBQUC,HEBQUC,at 293 K,[NH3+]c1cccc(O)c1.Cc1ccc(C)c(c1)S(=O)(=O)[O-],Pna21,False,293.0,highT,[NH3+]c1cccc(O)c1,Cc1ccc(C)c(c1)S(=O)(=O)[O-]
AJACOF,AJACOF,295 K,NC(N)=S.O=C1C(=O)c2ccccc2c2ccccc12,Pbcn,False,295.0,highT,NC(N)=S,O=C1C(=O)c2ccccc2c2ccccc12
SECZEI,SECZEI,295 K,COC(=O)c1ccncc1.BrN1C(=O)CCC1=O,P21/c,False,295.0,highT,COC(=O)c1ccncc1,BrN1C(=O)CCC1=O
AJODOU,AJODOU,294 K,[NH3+]C(CO)C(O)=O.O=N(=O)c1cc(c([O-])c(c1)N(=O)=O)N(=O)=O,P21,False,294.0,highT,[NH3+]C(CO)C(O)=O,O=N(=O)c1cc(c([O-])c(c1)N(=O)=O)N(=O)=O
BAQQIW,BAQQIW,293 K,O=C1NC(=O)C(=C[N-]1)N(=O)=O.[NH3+]C(CC1=C[NH+]=CN1)C(=O)[O-],P21,False,293.0,highT,O=C1NC(=O)C(=C[N-]1)N(=O)=O,[NH3+]C(CC1=C[NH+]=CN1)C(=O)[O-]
DINLAN02,DINLAN02,at 300 K,OC(C(=O)[O-])c1ccccc1.C[NH2+]C(C)C(O)c1ccccc1,C2,False,300.0,highT,OC(C(=O)[O-])c1ccccc1,C[NH2+]C(C)C(O)c1ccccc1
PUTMAU,PUTMAU,295 K,c1ccc2nc3ccccc3cc2c1.OC(=O)c1ccccc1,P21/n,False,295.0,highT,c1ccc2nc3ccccc3cc2c1,OC(=O)c1ccccc1
DAYWAC01,DAYWAC01,at 293 K,OC(=O)C=Cc1ccccc1.Cc1cc(C)nc(N)n1,P-1,False,293.0,highT,OC(=O)C=Cc1ccccc1,Cc1cc(C)nc(N)n1
WASRER,WASRER,293 K,NC(=O)c1c[nH+]ccc1.OC(=O)C(Br)C(Br)C(=O)[O-],P-1,False,293.0,highT,NC(=O)c1c[nH+]ccc1,OC(=O)C(Br)C(Br)C(=O)[O-]
SIPVET,SIPVET,at 291 K,CC1(C)OC2OC3C[NH2+]CC3(O)C2O1.Cc1ccc(cc1)S(=O)(=O)[O-],P21,False,291.0,highT,CC1(C)OC2OC3C[NH2+]CC3(O)C2O1,Cc1ccc(cc1)S(=O)(=O)[O-]
IPAYIK,IPAYIK,273.1 K,Cc1ccnc2N(C3CC3)c3ncccc3C(=O)Nc12.COC(=O)c1cc(ccc1C(O)=O)C(O)=O,P-1,False,273.0,highT,Cc1ccnc2N(C3CC3)c3ncccc3C(=O)Nc12,COC(=O)c1cc(ccc1C(O)=O)C(O)=O
OYUYEP,OYUYEP,297 K,Cc1cccc(C)c1NC(=O)CN1CCCC1=O.OC(=O)c1cc(O)cc(c1)C(O)=O,P21/c,False,297.0,highT,Cc1cccc(C)c1NC(=O)CN1CCCC1=O,OC(=O)c1cc(O)cc(c1)C(O)=O
VEFVIM,VEFVIM,at 298 K,OC(=O)c1cc(O)cc(O)c1.C(Cc1ccncc1)c1ccncc1,P-1,False,298.0,highT,OC(=O)c1cc(O)cc(O)c1,C(Cc1ccncc1)c1ccncc1
KEKGAJ,KEKGAJ,at 296 K,Nc1ncccn1.OC(=O)CN1C(=O)c2ccccc2C1=O,Pbcn,False,296.0,highT,Nc1ncccn1,OC(=O)CN1C(=O)c2ccccc2C1=O
XABLOE,XABLOE,293 K,[NH2+]=C1NC=CS1.O=C([O-])c1ccccc1,C2/c,False,293.0,highT,[NH2+]=C1NC=CS1,O=C([O-])c1ccccc1
HUNWUI,HUNWUI,at 293 K,NC1=NON=C1N.C1COCCOCCOCCOCCO1,P21/c,False,293.0,highT,NC1=NON=C1N,C1COCCOCCOCCOCCO1
BIGHAD,BIGHAD,300 K,CC(=O)N1c2ccccc2N(C(C)=O)c2nc3ccccc3nc12.CC(=O)OC(C)=O,I2/a,False,300.0,highT,CC(=O)N1c2ccccc2N(C(C)=O)c2nc3ccccc3nc12,CC(=O)OC(C)=O
AZUMEO,AZUMEO,at 298 K,CS(C)=O.OC(=O)CNC(=S)NC(=O)C=Cc1ccccc1,P-1,False,298.0,highT,CS(C)=O,OC(=O)CNC(=S)NC(=O)C=Cc1ccccc1
BUTBOJ,BUTBOJ,300 K,[NH3+]C(CO)C(O)=O.OC1=C([O-])C(=O)C1=O,P21/n,False,300.0,highT,[NH3+]C(CO)C(O)=O,OC1=C([O-])C(=O)C1=O
FATQEA,FATQEA,296 K,CC(C)(c1ccc(O)cc1)c1ccc(O)cc1.C1C=NC23N=CCC12CC=N3,Pbcm,False,296.0,highT,CC(C)(c1ccc(O)cc1)c1ccc(O)cc1,C1C=NC23N=CCC12CC=N3
EXIBIX,EXIBIX,at 293 K,OC(=O)c1ccccc1Cl.Cc1cc(C)nc(N)n1,P21/c,False,293.0,highT,OC(=O)c1ccccc1Cl,Cc1cc(C)nc(N)n1
ULICAV,ULICAV,293 K,O=C([O-])CN1C(=O)Oc2ccccc12.[NH3+]CCO,P21/c,False,293.0,highT,O=C([O-])CN1C(=O)Oc2ccccc12,[NH3+]CCO
RALRUS,RALRUS,at 293 K,[NH3+]C(Cc1ccccc1)C(O)=O.OC(=O)CC(=O)[O-],P21,False,293.0,highT,[NH3+]C(Cc1ccccc1)C(O)=O,OC(=O)CC(=O)[O-]
ROGLIJ,ROGLIJ,at 291 K,OC(=O)c1cc(ccc1O)S(=O)(=O)[O-].OC(=O)C1=CSC(=N1)c1cc[nH+]cc1,P-1,False,291.0,highT,OC(=O)c1cc(ccc1O)S(=O)(=O)[O-],OC(=O)C1=CSC(=N1)c1cc[nH+]cc1
COWJUU,COWJUU,at 293 K,Fc1c(F)c(c(F)c(F)c1Br)C(=O)[O-].COc1cncc(c1)C#Cc1cc(C)[nH+]c(N)n1,P-1,False,293.0,highT,Fc1c(F)c(c(F)c(F)c1Br)C(=O)[O-],COc1cncc(c1)C#Cc1cc(C)[nH+]c(N)n1
CIXMAZ,CIXMAZ,at 298 K,Oc1c(cc(cc1N(=O)=O)N(=O)=O)C(=O)[O-].[NH2+]=C1Nc2ccc(Br)cc2S1,C2/c,False,298.0,highT,Oc1c(cc(cc1N(=O)=O)N(=O)=O)C(=O)[O-],[NH2+]=C1Nc2ccc(Br)cc2S1
QOLROB,QOLROB,298 K,CCN1C(=O)SC(C1=S)=C1SC(=O)N(CC)C1=S.c1cc2ccc3ccc4ccc5ccc6ccc1c1c2c3c4c5c61,P-1,False,298.0,highT,CCN1C(=O)SC(C1=S)=C1SC(=O)N(CC)C1=S,c1cc2ccc3ccc4ccc5ccc6ccc1c1c2c3c4c5c61
KEVSAG,KEVSAG,at 293 K,COC(C#N)(C#N)c1c(F)c(F)c(c(F)c1F)[C-](C#N)C#N.NC1=[NH+]C(=O)NC=C1,P-1,False,293.0,highT,COC(C#N)(C#N)c1c(F)c(F)c(c(F)c1F)[C-](C#N)C#N,NC1=[NH+]C(=O)NC=C1
KADHIK,KADHIK,294 K,OC(=O)c1c(Br)c(Br)c(C(O)=O)c(Br)c1Br.Brc1cccnc1,P-1,False,294.0,highT,OC(=O)c1c(Br)c(Br)c(C(O)=O)c(Br)c1Br,Brc1cccnc1
ACIFAT,ACIFAT,at 293 K,[NH3+]c1ccc(cc1)S(N)(=O)=O.OC(=O)c1cc(cc(c1[O-])N(=O)=O)N(=O)=O,P-1,False,293.0,highT,[NH3+]c1ccc(cc1)S(N)(=O)=O,OC(=O)c1cc(cc(c1[O-])N(=O)=O)N(=O)=O
QEPJAX,QEPJAX,at 298 K,O=C[O-].[NH3+]CCNc1ccc(cc1)N(=O)=O,Pbca,False,298.0,highT,O=C[O-],[NH3+]CCNc1ccc(cc1)N(=O)=O
DUCCAI,DUCCAI,296 K,N#Cc1ccncc1.OC(=O)c1ccc(Cl)cc1,P-1,False,296.0,highT,N#Cc1ccncc1,OC(=O)c1ccc(Cl)cc1
XELBEZ,XELBEZ,293 K,CC1=CC2[NH+](CCCC2O)CC1.O=N(=O)c1cc(c([O-])c(c1)N(=O)=O)N(=O)=O,P21/c,False,293.0,highT,CC1=CC2[NH+](CCCC2O)CC1,O=N(=O)c1cc(c([O-])c(c1)N(=O)=O)N(=O)=O
AYEHOB,AYEHOB,at 273 K,CC1(C)OC(=O)C(=C([O-])O1)Br.CC(C)N1C(=C(C)[N+](=C1Br)C(C)C)C,C2/c,False,273.0,highT,CC1(C)OC(=O)C(=C([O-])O1)Br,CC(C)N1C(=C(C)[N+](=C1Br)C(C)C)C
GELSUM,GELSUM,at 293 K,CC(NC(=O)C1[NH2+]CCC1)c1ccccc1.FC(F)(F)C(=O)[O-],P41212,False,293.0,highT,CC(NC(=O)C1[NH2+]CCC1)c1ccccc1,FC(F)(F)C(=O)[O-]
GOLGIZ,GOLGIZ,at 296 K,O[n+]1ccc(cc1)c1ccncc1.COS(=O)(=O)[O-],P-1,False,296.0,highT,O[n+]1ccc(cc1)c1ccncc1,COS(=O)(=O)[O-]
TACCIL,TACCIL,at 293 K,OC(=O)CCC(O)=O.C(Cc1ccncc1)c1ccncc1,C2/c,False,293.0,highT,OC(=O)CCC(O)=O,C(Cc1ccncc1)c1ccncc1
MILGAT,MILGAT,296 K,OC(=O)c1cccc(c1)C(O)=O.Nc1ncnc(N)c1C=O,P21,False,296.0,highT,OC(=O)c1cccc(c1)C(O)=O,Nc1ncnc(N)c1C=O
QEPJEB,QEPJEB,at 298 K,CC(=O)[O-].[NH3+]CCNc1ccc(cc1)N(=O)=O,Pc,False,298.0,highT,CC(=O)[O-],[NH3+]CCNc1ccc(cc1)N(=O)=O
VIWBIM,VIWBIM,at -60 deg.C,O=P(c1ccccc1)(c1ccccc1)c1ccccc1.O=C(NC(=O)c1ccccc1)c1ccccc1,P21/c,False,333.0,highT,O=P(c1ccccc1)(c1ccccc1)c1ccccc1,O=C(NC(=O)c1ccccc1)c1ccccc1
ACOPUG,ACOPUG,296 K,COc1cc(C=CC(O)=O)ccc1O.NC(=O)c1cnccn1,P-1,False,296.0,highT,COc1cc(C=CC(O)=O)ccc1O,NC(=O)c1cnccn1
RORPUL,RORPUL,at 301 K,OB(O)c1ccc(Br)cc1.c1ccc2nc3ccccc3cc2c1,P-1,False,301.0,highT,OB(O)c1ccc(Br)cc1,c1ccc2nc3ccccc3cc2c1
GAXFOC,GAXFOC,at 298 K,OC(=O)c1ccccc1C(=O)[O-].[NH2+]=C1NC(=O)N(C=C1)C1CSC(CO)O1,P212121,False,298.0,highT,OC(=O)c1ccccc1C(=O)[O-],[NH2+]=C1NC(=O)N(C=C1)C1CSC(CO)O1
GETYIO,GETYIO,at 293 K,Oc1ccc(O)cc1.Oc1ccncc1,P21/c,False,293.0,highT,Oc1ccc(O)cc1,Oc1ccncc1
LEWROY,LEWROY,296 K,CNC(N)=O.OC(=O)c1ccccc1,P21/c,False,296.0,highT,CNC(N)=O,OC(=O)c1ccccc1
MILKOL,MILKOL,293 K,OC(=O)c1cc(O)ccc1O.NC(N)=O,P21,False,293.0,highT,OC(=O)c1cc(O)ccc1O,NC(N)=O
OTIZAT,OTIZAT,at 298 K,NC(N)=O.OCCCCCCCCO,P21/c,False,298.0,highT,NC(N)=O,OCCCCCCCCO
XIXTOQ,XIXTOQ,296 K,OC(=O)c1cccc(Cl)c1.N#Cc1ccncc1,P21/c,False,296.0,highT,OC(=O)c1cccc(Cl)c1,N#Cc1ccncc1
LOHNOM,LOHNOM,at 296 K,Oc1ccc2cc(Br)ccc2c1.C1CNCCN1,P21/n,False,296.0,highT,Oc1ccc2cc(Br)ccc2c1,C1CNCCN1
ULAXOU,ULAXOU,at 293 K,OC(=O)C=CC(=O)[O-].CCc1[nH+]c(N)nc(N)c1c1ccc(Cl)cc1,P21/c,False,293.0,highT,OC(=O)C=CC(=O)[O-],CCc1[nH+]c(N)nc(N)c1c1ccc(Cl)cc1
DAMSAM,DAMSAM,at 293 K,BrC1=C(Br)C(=O)NC1=O.Brc1cnc2c(c1)C(=O)c1cc(Br)cnc21,I41md,False,293.0,highT,BrC1=C(Br)C(=O)NC1=O,Brc1cnc2c(c1)C(=O)c1cc(Br)cnc21
FEVKEZ,FEVKEZ,293 K,CC1=CC=C(S1)C(=O)[O-].COc1cc(Cc2c[nH+]c(N)nc2N)cc(OC)c1OC,P-1,False,293.0,highT,CC1=CC=C(S1)C(=O)[O-],COc1cc(Cc2c[nH+]c(N)nc2N)cc(OC)c1OC
TUQHUJ,TUQHUJ,at 293 K,FC(F)(F)C(=O)[O-].[NH3+]C(C)(C)COC,P212121,False,293.0,highT,FC(F)(F)C(=O)[O-],[NH3+]C(C)(C)COC
PUJBOM,PUJBOM,at 293 K,Cc1cc(C)nc(N)n1.Nc1ccccc1C(O)=O,P-1,False,293.0,highT,Cc1cc(C)nc(N)n1,Nc1ccccc1C(O)=O
KELVEE,KELVEE,at 295 K,Clc1ccc(OCC(=O)[O-])cc1.OCC[NH+](CCO)CCO,P21/c,False,295.0,highT,Clc1ccc(OCC(=O)[O-])cc1,OCC[NH+](CCO)CCO
QOVHOZ,QOVHOZ,at 298 K,c1cc(ccn1)C=Cc1ccncc1.Oc1cccc2ccccc12,P21/c,False,298.0,highT,c1cc(ccn1)C=Cc1ccncc1,Oc1cccc2ccccc12
TILYEV,TILYEV,293 K,CCCSc1ccc2[NH+]=C(NC(=O)OC)Nc2c1.Cc1ccc(cc1)S(=O)(=O)[O-],P21/n,False,293.0,highT,CCCSc1ccc2[NH+]=C(NC(=O)OC)Nc2c1,Cc1ccc(cc1)S(=O)(=O)[O-]
AWIDER,AWIDER,296 K,O=N(=O)c1ccc([O-])cc1.[NH3+]CCCCC([NH3+])C(=O)[O-],P212121,False,296.0,highT,O=N(=O)c1ccc([O-])cc1,[NH3+]CCCCC([NH3+])C(=O)[O-]
COGCUZ,COGCUZ,296 K,CCOC(=O)c1ccccn1.OC(=O)C=CC(O)=O,P21/c,False,296.0,highT,CCOC(=O)c1ccccn1,OC(=O)C=CC(O)=O
ZEXHES,ZEXHES,296 K,OC(=O)c1ccc(Cl)cc1.Oc1ccc(Br)cc1C=Nc1cccnc1,C2/c,False,296.0,highT,OC(=O)c1ccc(Cl)cc1,Oc1ccc(Br)cc1C=Nc1cccnc1
BIXBUI,BIXBUI,295 K,[NH2+]=C(O)N1c2ccccc2C=Cc2ccccc12.O=N(=O)c1cc(c([O-])c(c1)N(=O)=O)N(=O)=O,P21/n,False,295.0,highT,[NH2+]=C(O)N1c2ccccc2C=Cc2ccccc12,O=N(=O)c1cc(c([O-])c(c1)N(=O)=O)N(=O)=O
QOLRER,QOLRER,298 K,CCN1C(=O)SC(C1=S)=C1SC(=O)N(CC)C1=S.c1cc2ccc3cccc4ccc(c1)c2c34,P-1,False,298.0,highT,CCN1C(=O)SC(C1=S)=C1SC(=O)N(CC)C1=S,c1cc2ccc3cccc4ccc(c1)c2c34
IFUQAC,IFUQAC,at 291 K,c1cc(ccn1)c1ccncc1.OC(=O)CC#N,P21/n,False,291.0,highT,c1cc(ccn1)c1ccncc1,OC(=O)CC#N
TENVUF,TENVUF,at 296 K,OC(=O)C=CC(=O)[O-].[NH3+]C(CC1=C[NH+]=CN1)C(=O)[O-],P21,False,296.0,highT,OC(=O)C=CC(=O)[O-],[NH3+]C(CC1=C[NH+]=CN1)C(=O)[O-]
RUBZUM,RUBZUM,293.1 K,O=N(=O)N=C1N[N-]C(=N1)C1=NC(N[N-]1)=NN(=O)=O.[NH3+]NC(=O)N[NH3+],P-1,False,293.0,highT,O=N(=O)N=C1N[N-]C(=N1)C1=NC(N[N-]1)=NN(=O)=O,[NH3+]NC(=O)N[NH3+]
LOQZEZ,LOQZEZ,293 K,[NH3+]CCCOC.OC(=O)c1c(F)c(F)c(c(F)c1F)C(=O)[O-],P21/c,False,293.0,highT,[NH3+]CCCOC,OC(=O)c1c(F)c(F)c(c(F)c1F)C(=O)[O-]
LAGTAR,LAGTAR,296 K,NC(=O)c1ccncc1.OC(=O)c1cc(O)ccc1O,P21/c,False,296.0,highT,NC(=O)c1ccncc1,OC(=O)c1cc(O)ccc1O
NIJGUK,NIJGUK,296 K,Nc1nc(N)nc(n1)c1ccccc1.OC(=O)C=CC(O)=O,Pca21,False,296.0,highT,Nc1nc(N)nc(n1)c1ccccc1,OC(=O)C=CC(O)=O
LIGZUX,LIGZUX,at 293 K,O=C([O-])c1ccc(cc1)N(=O)=O.[NH3+]CCO,P21/c,False,293.0,highT,O=C([O-])c1ccc(cc1)N(=O)=O,[NH3+]CCO
LOMZIY,LOMZIY,296 K,ClC(Cl)(Cl)C(=O)[O-].[NH3+]c1cccc(c1)N(=O)=O,P21,False,296.0,highT,ClC(Cl)(Cl)C(=O)[O-],[NH3+]c1cccc(c1)N(=O)=O
EHOZOT,EHOZOT,293 K,c1cc(ccn1)c1ccncc1.CCCCCCCCc1ccc(cc1)C(O)=O,P-1,False,293.0,highT,c1cc(ccn1)c1ccncc1,CCCCCCCCc1ccc(cc1)C(O)=O
JUNDEE,JUNDEE,293 K,CC[NH2+]CCO.Nc1ccc(cc1)C(=O)[O-],P21/c,False,293.0,highT,CC[NH2+]CCO,Nc1ccc(cc1)C(=O)[O-]
MICLEQ,MICLEQ,at 293 K,CC(C)=CC1C(C(=O)[O-])C1(C)C.CSc1ccc(cc1)C(O)C(CO)[NH+](C)C,P21,False,293.0,highT,CC(C)=CC1C(C(=O)[O-])C1(C)C,CSc1ccc(cc1)C(O)C(CO)[NH+](C)C
CIRXIL,CIRXIL,at 293 K,NN1C=NN=C1.OC(=O)CCCCC(O)=O,P21/c,False,293.0,highT,NN1C=NN=C1,OC(=O)CCCCC(O)=O
PELMOL,PELMOL,293 K,c1cc(ccn1)c1ccncc1.OB(O)c1ccc(cc1)C#N,P-1,False,293.0,highT,c1cc(ccn1)c1ccncc1,OB(O)c1ccc(cc1)C#N
QUFSIV,QUFSIV,296 K,OC(=O)c1ccccc1C(=O)[O-].[NH3+]c1ccc(Cl)c(Cl)c1,C2/c,False,296.0,highT,OC(=O)c1ccccc1C(=O)[O-],[NH3+]c1ccc(Cl)c(Cl)c1
FARQIC,FARQIC,293 K,CS(C)=O.OC(=O)C(=O)Nc1ccc(NC(=O)C(O)=O)cc1,P21/c,False,293.0,highT,CS(C)=O,OC(=O)C(=O)Nc1ccc(NC(=O)C(O)=O)cc1
MUFCOF,MUFCOF,at 293 K,OCCC1[NH2+]CCCC1.CC1(C)C2CCC1(CS(=O)(=O)[O-])C(=O)C2,P21,False,293.0,highT,OCCC1[NH2+]CCCC1,CC1(C)C2CCC1(CS(=O)(=O)[O-])C(=O)C2
SIZFUD,SIZFUD,at 298 K,OB1OB(O)O[B-](O)(O)O1.[NH3+]C(C)(C)CO,P-1,False,298.0,highT,OB1OB(O)O[B-](O)(O)O1,[NH3+]C(C)(C)CO
OJEPIC,OJEPIC,at 293 K,Cl.OC(C(O)C(O)=O)C(O)=O,C2,False,293.0,highT,Cl,OC(C(O)C(O)=O)C(O)=O
QALDUE,QALDUE,at 298 K,OC(=O)c1cc(cc(c1)C(O)=O)C(O)=O.c1ccc2nc3ccccc3cc2c1,P-1,False,298.0,highT,OC(=O)c1cc(cc(c1)C(O)=O)C(O)=O,c1ccc2nc3ccccc3cc2c1
KAXSIN,KAXSIN,at 293 K,OCC(O)=O.COc1ccc2cccc(CCNC(C)=O)c2c1,P21/c,False,293.0,highT,OCC(O)=O,COc1ccc2cccc(CCNC(C)=O)c2c1
DINSOK01,DINSOK01,at 293 K,OC(=O)c1cccc(O)c1.c1ccc2nc3ccccc3cc2c1,P21/n,False,293.0,highT,OC(=O)c1cccc(O)c1,c1ccc2nc3ccccc3cc2c1
XITMUM,XITMUM,293 K,NC(=O)c1ccncc1.OC(=O)CSCc1ccccc1,P-1,False,293.0,highT,NC(=O)c1ccncc1,OC(=O)CSCc1ccccc1
GUPXIB,GUPXIB,296 K,O=S(=O)([O-])c1ccccc1.CN1CC(=O)NC1=[NH2+],P21,False,296.0,highT,O=S(=O)([O-])c1ccccc1,CN1CC(=O)NC1=[NH2+]
RUVPEE,RUVPEE,at 293 K,FC(F)(F)C(=O)[O-].Nc1[nH+]cnc2N(CCC(O)=O)C=Nc12,P21,False,293.0,highT,FC(F)(F)C(=O)[O-],Nc1[nH+]cnc2N(CCC(O)=O)C=Nc12
IRUGIM,IRUGIM,at 296 K,Nc1cccc(N)n1.O=C1NC(=O)C=C1,P21/c,False,296.0,highT,Nc1cccc(N)n1,O=C1NC(=O)C=C1
VEGHUN,VEGHUN,293.4 K,NNC(=O)c1ccncc1.OS(=O)(=O)c1cccc2c1cccc2S(O)(=O)=O,P21/c,False,293.0,highT,NNC(=O)c1ccncc1,OS(=O)(=O)c1cccc2c1cccc2S(O)(=O)=O
EXEZOX,EXEZOX,at 293 K,Cc1cc(Cl)nc(N)n1.Cc1cccc(c1)C(O)=O,P21/c,False,293.0,highT,Cc1cc(Cl)nc(N)n1,Cc1cccc(c1)C(O)=O
OTIZIB,OTIZIB,at 296 K,NC(N)=O.OCCCCCCCCCCCCO,P-1,False,296.0,highT,NC(N)=O,OCCCCCCCCCCCCO
EFEBAW,EFEBAW,297 K,[NH3+]CCN1CCOCC1.O=N(=O)c1cc(c([O-])c(c1)N(=O)=O)N(=O)=O,P-1,False,297.0,highT,[NH3+]CCN1CCOCC1,O=N(=O)c1cc(c([O-])c(c1)N(=O)=O)N(=O)=O
ESATUN,ESATUN,at 293 K,OC(=O)c1c(F)c(F)c(F)c(F)c1F.NC(=O)c1ccccc1,P21/n,False,293.0,highT,OC(=O)c1c(F)c(F)c(F)c(F)c1F,NC(=O)c1ccccc1
ZEXPOJ,ZEXPOJ,at 298 K,OC(=O)c1cc(ccc1C(=O)[O-])N(=O)=O.NC(=O)c1c[nH+]ccc1,P21/c,False,298.0,highT,OC(=O)c1cc(ccc1C(=O)[O-])N(=O)=O,NC(=O)c1c[nH+]ccc1
XISLIV,XISLIV,at 294 K,O=N(=O)c1ccc(cc1)S(=O)(=O)Nc1cc[nH+]cc1.ClC(Cl)(Cl)C(=O)[O-],P21/n,False,294.0,highT,O=N(=O)c1ccc(cc1)S(=O)(=O)Nc1cc[nH+]cc1,ClC(Cl)(Cl)C(=O)[O-]
ZEYDOY,ZEYDOY,at 298 K,[NH2+]=C1NC(=O)NC=C1.OC(=O)C=CC(=O)[O-],P21/c,False,298.0,highT,[NH2+]=C1NC(=O)NC=C1,OC(=O)C=CC(=O)[O-]
FEDTIV,FEDTIV,293 K,Oc1ccccc1C=NNC(=O)c1cc[nH+]cc1.Clc1ccc(cc1)C(=O)[O-],P21/c,False,293.0,highT,Oc1ccccc1C=NNC(=O)c1cc[nH+]cc1,Clc1ccc(cc1)C(=O)[O-]
YICLAA,YICLAA,299 K,Oc1cc(O)c(Cl)cc1Cl.c1ccc(cc1)C=Cc1ccncc1,P-1,False,299.0,highT,Oc1cc(O)c(Cl)cc1Cl,c1ccc(cc1)C=Cc1ccncc1
SAXHIK,SAXHIK,at 296 K,Nc1nnc(c(N)n1)c1cccc(Cl)c1Cl.O=C1NC(=O)c2ccccc12,P21/c,False,296.0,highT,Nc1nnc(c(N)n1)c1cccc(Cl)c1Cl,O=C1NC(=O)c2ccccc12
HOWRUH,HOWRUH,at 298 K,[NH3+]c1ccc(Br)cc1.OC(=O)c1cc(cc(c1)C(=O)[O-])C(O)=O,P21/c,False,298.0,highT,[NH3+]c1ccc(Br)cc1,OC(=O)c1cc(cc(c1)C(=O)[O-])C(O)=O
WEJHAV01,WEJHAV01,298.3 K,CN(C)C=O.NS(=O)(=O)c1cc2c(NC=NS2(=O)=O)cc1Cl,P-1,False,298.0,highT,CN(C)C=O,NS(=O)(=O)c1cc2c(NC=NS2(=O)=O)cc1Cl
CAKZOF,CAKZOF,at 301 K,OB(O)O.CC1=NN=C2CN=C(c3ccccc3)c3cc(Cl)ccc3N12,P21/c,False,301.0,highT,OB(O)O,CC1=NN=C2CN=C(c3ccccc3)c3cc(Cl)ccc3N12
AHUYIL,AHUYIL,at 293 K,CC1=NN2C(=[NH+]1)CCCC1=C2C=CS1.O=N(=O)c1cc(c([O-])c(c1)N(=O)=O)N(=O)=O,P-1,False,293.0,highT,CC1=NN2C(=[NH+]1)CCCC1=C2C=CS1,O=N(=O)c1cc(c([O-])c(c1)N(=O)=O)N(=O)=O
JUBBEQ,JUBBEQ,293 K,[NH3+]CC(O)=O.Cc1cc(C)c(c(C)c1)S(=O)(=O)[O-],P21/c,False,293.0,highT,[NH3+]CC(O)=O,Cc1cc(C)c(c(C)c1)S(=O)(=O)[O-]
SECZUY,SECZUY,295 K,O=C1CCC(=O)N1.CN(C)c1ccncc1,P21/c,False,295.0,highT,O=C1CCC(=O)N1,CN(C)c1ccncc1
CATKAL,CATKAL,at 298 K,C(CCN1C=CN=C1)CN1C=CN=C1.Oc1ccc2ccccc2c1c1c(O)ccc2ccccc12,C2/c,False,298.0,highT,C(CCN1C=CN=C1)CN1C=CN=C1,Oc1ccc2ccccc2c1c1c(O)ccc2ccccc12
FUFJEY,FUFJEY,294 K,NC(=S)NN=C1CCCc2nc(ccc12)C1=CC=C(Cl)S1.CS(C)=O,P21/c,False,294.0,highT,NC(=S)NN=C1CCCc2nc(ccc12)C1=CC=C(Cl)S1,CS(C)=O
GALHEJ,GALHEJ,293 K,FC(F)(F)C(=O)[O-].OC(O)(c1[nH+]cccc1)c1ccccn1,P-1,False,293.0,highT,FC(F)(F)C(=O)[O-],OC(O)(c1[nH+]cccc1)c1ccccn1
NINZAN,NINZAN,at 293 K,OCC[NH2+]CCO.O=N(=O)c1cc(c([O-])c(c1)N(=O)=O)N(=O)=O,P21/c,False,293.0,highT,OCC[NH2+]CCO,O=N(=O)c1cc(c([O-])c(c1)N(=O)=O)N(=O)=O
IDODIQ01,IDODIQ01,273 K,C[n+]1ccc(cc1)C=Cc1ccc(Br)cc1.Cc1ccc(cc1)S(=O)(=O)[O-],P21,False,273.0,highT,C[n+]1ccc(cc1)C=Cc1ccc(Br)cc1,Cc1ccc(cc1)S(=O)(=O)[O-]
DIGCOM,DIGCOM,at 298 K,O=C(Nc1c[nH+]ccc1)Nc1cccnc1.OC(=O)C1(CCC1)C(=O)[O-],P21/c,False,298.0,highT,O=C(Nc1c[nH+]ccc1)Nc1cccnc1,OC(=O)C1(CCC1)C(=O)[O-]
KURGOU,KURGOU,at 295 K,Nc1ccc(Cl)cn1.OC(=O)C=CC(O)=O,P21/c,False,295.0,highT,Nc1ccc(Cl)cn1,OC(=O)C=CC(O)=O
FIPLUO,FIPLUO,293 K,Oc1c(c(O)c(c([O-])c1N(=O)=O)N(=O)=O)N(=O)=O.[NH3+]NC(=O)C1=NN=C(N)N1,P-1,False,293.0,highT,Oc1c(c(O)c(c([O-])c1N(=O)=O)N(=O)=O)N(=O)=O,[NH3+]NC(=O)C1=NN=C(N)N1
QOLNEM,QOLNEM,at 293 K,Cc1ccc2ccc3ccc(C)nc3c2n1.Oc1cc(Cl)c(Cl)cc1O,C2/c,False,293.0,highT,Cc1ccc2ccc3ccc(C)nc3c2n1,Oc1cc(Cl)c(Cl)cc1O
WIMCUR,WIMCUR,at 293 K,OC(=O)c1cc(ccc1O)S(=O)(=O)[O-].NC1=CC(=O)NC(=[NH2+])N1,Pna21,False,293.0,highT,OC(=O)c1cc(ccc1O)S(=O)(=O)[O-],NC1=CC(=O)NC(=[NH2+])N1
AFUHAM,AFUHAM,at 298 K,OC(=O)C(=O)[O-].NC1=[NH+]C(=CS1)c1ccccc1,P21/n,False,298.0,highT,OC(=O)C(=O)[O-],NC1=[NH+]C(=CS1)c1ccccc1
EXIBET,EXIBET,at 293 K,Cc1cc(Cl)nc(N)n1.COc1ccc(cc1)C(O)=O,P-1,False,293.0,highT,Cc1cc(Cl)nc(N)n1,COc1ccc(cc1)C(O)=O
SECYUX,SECYUX,295 K,CN(C)c1ccncc1.BrN1C(=O)CCC1=O,P21/c,False,295.0,highT,CN(C)c1ccncc1,BrN1C(=O)CCC1=O
BAYVOQ,BAYVOQ,298 K,Oc1ccc2cc(ccc2c1)C(=O)[O-].Cc1cccc2SC(=[NH2+])Nc12,P21/c,False,298.0,highT,Oc1ccc2cc(ccc2c1)C(=O)[O-],Cc1cccc2SC(=[NH2+])Nc12
MORVEV,MORVEV,at 298 K,Oc1cc(O)cc(O)c1.c1ccc2nc3ccccc3nc2c1,P21/c,False,298.0,highT,Oc1cc(O)cc(O)c1,c1ccc2nc3ccccc3nc2c1
MIQQEL,MIQQEL,296 K,Oc1cccc(O)c1.C1CNCCNCCNCCN1,Pbca,False,296.0,highT,Oc1cccc(O)c1,C1CNCCNCCNCCN1
VELVUG,VELVUG,295 K,BrN1C(=O)c2ccccc2C1=O.Brc1cccnc1,P21/n,False,295.0,highT,BrN1C(=O)c2ccccc2C1=O,Brc1cccnc1
PEMBAL,PEMBAL,at 300 K,NC(N)=S.COC(=O)C(=O)OC,P-1,False,300.0,highT,NC(N)=S,COC(=O)C(=O)OC
FURXEX,FURXEX,298 K,NC(=O)c1cccnc1.NS(=O)(=O)c1ccc(cc1)C(O)=O,P-1,False,298.0,highT,NC(=O)c1cccnc1,NS(=O)(=O)c1ccc(cc1)C(O)=O
HIVYOB,HIVYOB,at 293.1 K,CC(=O)[O-].NC(=[NH2+])NN=Cc1c(Cl)cccc1Cl,Pbca,False,293.0,highT,CC(=O)[O-],NC(=[NH2+])NN=Cc1c(Cl)cccc1Cl
QUTMIC,QUTMIC,at 296 K,c1ccncc1.OC(=O)c1ccc(C(O)=O)c2c(ccc(C(O)=O)c12)C(O)=O,P21/c,False,296.0,highT,c1ccncc1,OC(=O)c1ccc(C(O)=O)c2c(ccc(C(O)=O)c12)C(O)=O
ECEROW,ECEROW,295 K,c1cc(ccn1)c1ccncc1.OC(=O)CNc1ccccc1C(O)=O,P21/c,False,295.0,highT,c1cc(ccn1)c1ccncc1,OC(=O)CNc1ccccc1C(O)=O
MUFBOE01,MUFBOE01,at 295 K,OC(C(O)C(=O)[O-])C(O)=O.C[NH2+]CC(O)c1cccc(O)c1,P1,False,295.0,highT,OC(C(O)C(=O)[O-])C(O)=O,C[NH2+]CC(O)c1cccc(O)c1
MUYTAC,MUYTAC,at 300 K,ON=C1C(=O)NC(=O)NC1=O.ON=Cc1cccnc1,P21/c,False,300.0,highT,ON=C1C(=O)NC(=O)NC1=O,ON=Cc1cccnc1
UBIKUN,UBIKUN,at 293 K,OC(c1ccccc1)=C(C=C(C#N)C(=O)c1ccccc1)C#N.C1CCNCC1,P21/n,False,293.0,highT,OC(c1ccccc1)=C(C=C(C#N)C(=O)c1ccccc1)C#N,C1CCNCC1
NORGEH,NORGEH,at 293 K,OC(=O)C(=O)[O-].Nc1[nH+]cccc1N(=O)=O,Pna21,False,293.0,highT,OC(=O)C(=O)[O-],Nc1[nH+]cccc1N(=O)=O
FEQPOJ,FEQPOJ,293 K,CC(=NO)C(C)=NO.Cc1nc2ccccc2nc1C,Pn,False,293.0,highT,CC(=NO)C(C)=NO,Cc1nc2ccccc2nc1C
TAZLEO,TAZLEO,293 K,c1cnc2c(c1)ccc1cccnc21.OB(O)c1ccc(Cl)cc1,P-1,False,293.0,highT,c1cnc2c(c1)ccc1cccnc21,OB(O)c1ccc(Cl)cc1
MEXHEG,MEXHEG,293 K,O=N(=O)c1ccc([O-])cc1.[NH3+]CCO,P21/c,False,293.0,highT,O=N(=O)c1ccc([O-])cc1,[NH3+]CCO
XAPZOG,XAPZOG,293 K,Nc1ccc(Cc2ccc(N)cc2)cc1.Oc1ccccc1O,P212121,False,293.0,highT,Nc1ccc(Cc2ccc(N)cc2)cc1,Oc1ccccc1O
SOHMUZ01,SOHMUZ01,298 K,OC(=O)c1cc(ccc1O)S(=O)(=O)[O-].NC(=O)c1cc[nH+]cc1,Cc,False,298.0,highT,OC(=O)c1cc(ccc1O)S(=O)(=O)[O-],NC(=O)c1cc[nH+]cc1
XEDQUW,XEDQUW,298.1 K,COC(=O)C=CC=Cc1ccncc1.Oc1cc(O)c(Br)cc1Br,P-1,False,298.0,highT,COC(=O)C=CC=Cc1ccncc1,Oc1cc(O)c(Br)cc1Br
YIZQAA,YIZQAA,at 294 K,OC(=O)c1ccc(Cl)cc1.Cc1cc(C)nc(NS(=O)(=O)c2ccc(N)cc2)n1,P21/c,False,294.0,highT,OC(=O)c1ccc(Cl)cc1,Cc1cc(C)nc(NS(=O)(=O)c2ccc(N)cc2)n1
GIMQEC,GIMQEC,293 K,CN(C)c1ccc(cc1)N(C)C.FC1=C(F)C(=O)C(=C(F)C1=O)F,P-1,False,293.0,highT,CN(C)c1ccc(cc1)N(C)C,FC1=C(F)C(=O)C(=C(F)C1=O)F
QEPRIP,QEPRIP,293 K,[NH3+]CCNc1ccc(cc1OC)N(=O)=O.O=C([O-])C1=CSC=C1,P212121,False,293.0,highT,[NH3+]CCNc1ccc(cc1OC)N(=O)=O,O=C([O-])C1=CSC=C1
YECHAQ,YECHAQ,at 293 K,O1C(=NN=C1c1cccnc1)c1cccnc1.OC(=O)C=CC(O)=O,C2/c,False,293.0,highT,O1C(=NN=C1c1cccnc1)c1cccnc1,OC(=O)C=CC(O)=O
GEPNEW,GEPNEW,at 298 K,[NH3+]CCO.OC(C(=O)[O-])c1cccc(Cl)c1,P212121,False,298.0,highT,[NH3+]CCO,OC(C(=O)[O-])c1cccc(Cl)c1
JIQLED,JIQLED,295 K,COc1cc(ccc1O)C(O)=O.NC(=O)N1c2ccccc2C=Cc2ccccc12,P21/n,False,295.0,highT,COc1cc(ccc1O)C(O)=O,NC(=O)N1c2ccccc2C=Cc2ccccc12
TEYTAU,TEYTAU,293 K,[NH3+]CCO.O=C([O-])c1ccccc1,Pbca,False,293.0,highT,[NH3+]CCO,O=C([O-])c1ccccc1
NEBYAW,NEBYAW,at 293 K,COc1[nH+]c(N)nc(OC)c1.ClC(Cl)(Cl)C(=O)[O-],P21/c,False,293.0,highT,COc1[nH+]c(N)nc(OC)c1,ClC(Cl)(Cl)C(=O)[O-]
EPUSOZ,EPUSOZ,296 K,CC(=O)Nc1ccc(cc1)C(O)=O.NC(=O)c1ccccc1O,Pc,False,296.0,highT,CC(=O)Nc1ccc(cc1)C(O)=O,NC(=O)c1ccccc1O
TIHSAH,TIHSAH,296 K,COc1cc(C=CC(O)=O)cc(OC)c1O.NC(=O)c1cnccn1,P21/c,False,296.0,highT,COc1cc(C=CC(O)=O)cc(OC)c1O,NC(=O)c1cnccn1
HEGZUS,HEGZUS,295 K,Oc1cccc(O)c1.c1cncc(c1)C=NN=Cc1cccnc1,P-1,False,295.0,highT,Oc1cccc(O)c1,c1cncc(c1)C=NN=Cc1cccnc1
DIMXOQ,DIMXOQ,294 K,CC1=CC(=NO1)NC(=O)CC(=O)NC1=NOC(=C1)C.CS(C)=O,Pmn21,False,294.0,highT,CC1=CC(=NO1)NC(=O)CC(=O)NC1=NOC(=C1)C,CS(C)=O
WUTDEX,WUTDEX,296.1 K,c1ccc2nc3ccccc3nc2c1.CC(C)c1ccc(C)cc1O,P21/c,False,296.0,highT,c1ccc2nc3ccccc3nc2c1,CC(C)c1ccc(C)cc1O
NABCAV,NABCAV,at 293 K,CC(=NO)C(C)=NO.OC(=O)c1ccccc1,P21/c,False,293.0,highT,CC(=NO)C(C)=NO,OC(=O)c1ccccc1
GERCUF,GERCUF,296.1 K,NC(=O)c1cnccn1.OC(=O)c1ccc(O)c(O)c1O,P-1,False,296.0,highT,NC(=O)c1cnccn1,OC(=O)c1ccc(O)c(O)c1O
POMKUZ,POMKUZ,at 293 K,Nc1[nH+]cc(Cl)cc1.O=N(=O)c1ccc([O-])c(c1)N(=O)=O,Pbn21,False,293.0,highT,Nc1[nH+]cc(Cl)cc1,O=N(=O)c1ccc([O-])c(c1)N(=O)=O
LATTIL,LATTIL,at 298 K,OC(=O)C=CC(O)=O.NC(=O)c1cnccn1,P21/n,False,298.0,highT,OC(=O)C=CC(O)=O,NC(=O)c1cnccn1
QAFROH,QAFROH,298 K,C[NH+](C)c1ccc(C=O)cc1.Cc1ccc(cc1)S(=O)(=O)[O-],P-1,False,298.0,highT,C[NH+](C)c1ccc(C=O)cc1,Cc1ccc(cc1)S(=O)(=O)[O-]
TEZGIR,TEZGIR,297.3 K,NS(=O)(=O)CC1=NOc2ccccc12.CN1C=NC2=C1C(=O)N(C)C(=O)N2C,P21/n,False,297.0,highT,NS(=O)(=O)CC1=NOc2ccccc12,CN1C=NC2=C1C(=O)N(C)C(=O)N2C
HEVMOO,HEVMOO,273.1 K,OC(=O)CCC(O)=O.Nc1ccncc1,P21/c,False,273.0,highT,OC(=O)CCC(O)=O,Nc1ccncc1
QUFLAH,QUFLAH,296 K,CN1CC(=O)NC1=[NH2+].OB(O)[O-],C2/c,False,296.0,highT,CN1CC(=O)NC1=[NH2+],OB(O)[O-]
LETSAG,LETSAG,at 295 K,OC(=O)c1ccc(F)cc1.c1ccc2nc3ccccc3cc2c1,P-1,False,295.0,highT,OC(=O)c1ccc(F)cc1,c1ccc2nc3ccccc3cc2c1
VUWLIJ,VUWLIJ,at 298 K,C[NH+](C)c1ccc(C=O)cc1.O=N(=O)c1cc(c([O-])c(c1)N(=O)=O)N(=O)=O,P21/c,False,298.0,highT,C[NH+](C)c1ccc(C=O)cc1,O=N(=O)c1cc(c([O-])c(c1)N(=O)=O)N(=O)=O
YICKON,YICKON,290 K,c1ccc(cc1)C=Cc1ccncc1.Oc1cc(O)c(Br)cc1Br,P-1,False,290.0,highT,c1ccc(cc1)C=Cc1ccncc1,Oc1cc(O)c(Br)cc1Br
NIJHAR,NIJHAR,296 K,Nc1nc(N)nc(n1)c1ccccc1.OC(=O)C=CC(O)=O,P21/c,False,296.0,highT,Nc1nc(N)nc(n1)c1ccccc1,OC(=O)C=CC(O)=O
PELNAY,PELNAY,293 K,Nc1nc(N)nc(N)n1.OB(O)c1ccc(cc1)C#N,P21/c,False,293.0,highT,Nc1nc(N)nc(N)n1,OB(O)c1ccc(cc1)C#N
ETABAC,ETABAC,at 273 K,NC(N)=S.OC(=O)c1cc(ccc1O)S(O)(=O)=O,P21/n,False,273.0,highT,NC(N)=S,OC(=O)c1cc(ccc1O)S(O)(=O)=O
XOJNOA,XOJNOA,at 273 K,Cc1cc(C)cc(c1)C(O)=O.Cc1cc(C)nc(N)n1,I2/a,False,273.0,highT,Cc1cc(C)cc(c1)C(O)=O,Cc1cc(C)nc(N)n1
MIGVUU,MIGVUU,at 298 K,ON1C(=O)c2c(Cl)c(Cl)c(Cl)c(Cl)c2C1=O.CN(C)C=O,Pbca,False,298.0,highT,ON1C(=O)c2c(Cl)c(Cl)c(Cl)c(Cl)c2C1=O,CN(C)C=O
GEFDUU,GEFDUU,298 K,CC1=CNC(=[NH2+])S1.OC(C(=O)[O-])(c1ccccc1)c1ccccc1,P-1,False,298.0,highT,CC1=CNC(=[NH2+])S1,OC(C(=O)[O-])(c1ccccc1)c1ccccc1
HODLES,HODLES,at 291 K,C(CCN1C=CN=C1)CN1C=CN=C1.Oc1cc(O)cc(O)c1,P-1,False,291.0,highT,C(CCN1C=CN=C1)CN1C=CN=C1,Oc1cc(O)cc(O)c1
EXISUC,EXISUC,298 K,Oc1cc(O)c2ccccc2c1.c1ccc2nc3ccccc3cc2c1,P212121,False,298.0,highT,Oc1cc(O)c2ccccc2c1,c1ccc2nc3ccccc3cc2c1
QUQVEF,QUQVEF,295 K,FC(F)(F)S(=O)(=O)[O-].C[n+]1c2ccccc2c(CBr)c2ccccc12,P-1,False,295.0,highT,FC(F)(F)S(=O)(=O)[O-],C[n+]1c2ccccc2c(CBr)c2ccccc12
YECHUK,YECHUK,at 293 K,O1C(=NN=C1c1cccnc1)c1cccnc1.OC(=O)COc1ccc(OCC(O)=O)cc1,C2/c,False,293.0,highT,O1C(=NN=C1c1cccnc1)c1cccnc1,OC(=O)COc1ccc(OCC(O)=O)cc1
DATFAH,DATFAH,at 293 K,CC(=O)NC1=NN=C(S1)S(N)(=O)=O.NC(=O)c1ccccc1N,P21/n,False,293.0,highT,CC(=O)NC1=NN=C(S1)S(N)(=O)=O,NC(=O)c1ccccc1N
TEZNET,TEZNET,273 K,Nc1nc(N)nc(n1)c1ccccc1.OC(=O)c1cccc(c1)C(O)=O,P-1,False,273.0,highT,Nc1nc(N)nc(n1)c1ccccc1,OC(=O)c1cccc(c1)C(O)=O
HONFEX,HONFEX,at 293 K,OC(=O)COc1ccc(Cl)cc1.c1ccc2ncccc2c1,P-1,False,293.0,highT,OC(=O)COc1ccc(Cl)cc1,c1ccc2ncccc2c1
MISMAC,MISMAC,at 21deg.C,Nc1[nH+]cc(Br)cc1.O=C([O-])C#C,I2/a,False,294.0,highT,Nc1[nH+]cc(Br)cc1,O=C([O-])C#C
FAFHEC,FAFHEC,302 K,COc1ccc2cccc(CCNC(C)=O)c2c1.OC(=O)C(O)=O,C2,False,302.0,highT,COc1ccc2cccc(CCNC(C)=O)c2c1,OC(=O)C(O)=O
UGOSUG,UGOSUG,at 293 K,OC(=O)CCCCCCCCC(=O)[O-].CC1=C[NH+]=C(N)S1,P21/n,False,293.0,highT,OC(=O)CCCCCCCCC(=O)[O-],CC1=C[NH+]=C(N)S1
KEGCIJ,KEGCIJ,at 298 K,OC(=O)c1ccc(Oc2ccc(cc2)C(O)=O)cc1.c1cc(ccn1)C=Cc1ccncc1,C2/c,False,298.0,highT,OC(=O)c1ccc(Oc2ccc(cc2)C(O)=O)cc1,c1cc(ccn1)C=Cc1ccncc1
PUFFIG,PUFFIG,at 293 K,ClCC[NH+]1CCOCC1.O=N(=O)c1cc(c([O-])c(c1)N(=O)=O)N(=O)=O,P-1,False,293.0,highT,ClCC[NH+]1CCOCC1,O=N(=O)c1cc(c([O-])c(c1)N(=O)=O)N(=O)=O
NUQMUJ,NUQMUJ,296 K,OC(=O)Cc1ccc(CC(O)=O)cc1.c1cc(ccn1)c1ccncc1,P-1,False,296.0,highT,OC(=O)Cc1ccc(CC(O)=O)cc1,c1cc(ccn1)c1ccncc1
MODWIO,MODWIO,301.2 K,NS(=O)(=O)c1cc(C(=O)[O-])c(NCC2=CC=CO2)cc1Cl.OCC[NH+](CCO)CCO,P21/c,False,301.0,highT,NS(=O)(=O)c1cc(C(=O)[O-])c(NCC2=CC=CO2)cc1Cl,OCC[NH+](CCO)CCO
HOCCOT,HOCCOT,at 298 K,NC(=O)c1ccncc1.CC(=O)NS(=O)(=O)c1ccc(N)cc1,P21/n,False,298.0,highT,NC(=O)c1ccncc1,CC(=O)NS(=O)(=O)c1ccc(N)cc1
USAKEF,USAKEF,at 293 K,OB(O)c1ccc(O)cc1.c1cc(ccn1)c1ccncc1,P-1,False,293.0,highT,OB(O)c1ccc(O)cc1,c1cc(ccn1)c1ccncc1
TOKCUS,TOKCUS,at 293 K,OC(C(O)C(=O)[O-])C(O)=O.C[N+]1(CC[N+](C)(CC1)CC(=O)[O-])CC(O)=O,P21,False,293.0,highT,OC(C(O)C(=O)[O-])C(O)=O,C[N+]1(CC[N+](C)(CC1)CC(=O)[O-])CC(O)=O
XAPZIA,XAPZIA,293 K,Nc1ccc(N)cc1.Oc1ccccc1O,P21/c,False,293.0,highT,Nc1ccc(N)cc1,Oc1ccccc1O
XOKSAT,XOKSAT,293 K,[NH3+]CCc1ccc(O)cc1.OC1=C([O-])C(=O)C1=O,P22121,False,293.0,highT,[NH3+]CCc1ccc(O)cc1,OC1=C([O-])C(=O)C1=O
PIJSIN,PIJSIN,296 K,Oc1cc2ccccc2cc1O.C1CN2CCN1CC2,Pbca,False,296.0,highT,Oc1cc2ccccc2cc1O,C1CN2CCN1CC2
DUCXOP,DUCXOP,at 293 K,OC(=O)CCCCCCCCC(O)=O.Cc1ccc2N=C(N)Sc2c1,P21/n,False,293.0,highT,OC(=O)CCCCCCCCC(O)=O,Cc1ccc2N=C(N)Sc2c1
EPUGEE,EPUGEE,298 K,NC1=[NH+]C=CS1.CC(C)(Oc1ccccc1)C(=O)[O-],C2/c,False,298.0,highT,NC1=[NH+]C=CS1,CC(C)(Oc1ccccc1)C(=O)[O-]
OCAHIK,OCAHIK,at 298 K,[NH3+]Cc1ccc(O)c(O)c1.O=C([O-])c1cc(cc(c1)N(=O)=O)N(=O)=O,Pna21,False,298.0,highT,[NH3+]Cc1ccc(O)c(O)c1,O=C([O-])c1cc(cc(c1)N(=O)=O)N(=O)=O
VEJZIW,VEJZIW,298 K,C(Cc1ccncc1)Cc1ccncc1.NS(=O)(=O)c1cc2c(NC=NS2(=O)=O)cc1Cl,P21/c,False,298.0,highT,C(Cc1ccncc1)Cc1ccncc1,NS(=O)(=O)c1cc2c(NC=NS2(=O)=O)cc1Cl
WORQIG,WORQIG,293 K,OC(=O)C=CC(=O)[O-].CCNc1nc(NC(C)C)[nH+]c(SC)n1,P21/c,False,293.0,highT,OC(=O)C=CC(=O)[O-],CCNc1nc(NC(C)C)[nH+]c(SC)n1
VEKMON,VEKMON,at -90 deg.C,CS(=O)(=O)[N-]S(C)(=O)=O.CN(C)c1cc[n+](cc1)C(C)=O,P-1,False,363.0,highT,CS(=O)(=O)[N-]S(C)(=O)=O,CN(C)c1cc[n+](cc1)C(C)=O
BAYQUR,BAYQUR,298 K,Cc1cc(ccc1N(=O)=O)C(=O)[O-].Cc1cccc2SC(=[NH2+])Nc12,P21,False,298.0,highT,Cc1cc(ccc1N(=O)=O)C(=O)[O-],Cc1cccc2SC(=[NH2+])Nc12
GAZSAF,GAZSAF,298 K,OC(C(=O)[O-])c1ccccc1.CC1=C[NH+]=C(N)S1,P-1,False,298.0,highT,OC(C(=O)[O-])c1ccccc1,CC1=C[NH+]=C(N)S1
QUVKIE,QUVKIE,293 K,COc1cc(C)nc(N)n1.CC=CC=CC(O)=O,P21/c,False,293.0,highT,COc1cc(C)nc(N)n1,CC=CC=CC(O)=O
GOLDIW,GOLDIW,at 296 K,Nc1[nH+]c(N)nc(Cl)c1.OC(=O)CCCC(=O)[O-],P21/c,False,296.0,highT,Nc1[nH+]c(N)nc(Cl)c1,OC(=O)CCCC(=O)[O-]
AZOVUH,AZOVUH,at 293 K,c1cc(ccn1)c1ccncc1.OC(=O)C=CC1=CSC=C1,P-1,False,293.0,highT,c1cc(ccn1)c1ccncc1,OC(=O)C=CC1=CSC=C1
JIHQUP,JIHQUP,293 K,OC(=O)c1ccccc1C(O)=O.Nc1cnccn1,P21/n,False,293.0,highT,OC(=O)c1ccccc1C(O)=O,Nc1cnccn1
WITVEC,WITVEC,at 293 K,Oc1cc(O)c(Cl)cc1Cl.S1C=CC(=C1)C=Cc1ccncc1,P-1,False,293.0,highT,Oc1cc(O)c(Cl)cc1Cl,S1C=CC(=C1)C=Cc1ccncc1
HIQGEX,HIQGEX,293 K,c1ccc2nc3ccccc3cc2c1.OB(O)c1ccc(cc1)C#N,P21/n,False,293.0,highT,c1ccc2nc3ccccc3cc2c1,OB(O)c1ccc(cc1)C#N
XOGDUU,XOGDUU,at 293 K,Cc1nc(C)c(C)nc1C.OC(=O)c1cccc(n1)C(O)=O,P21/c,False,293.0,highT,Cc1nc(C)c(C)nc1C,OC(=O)c1cccc(n1)C(O)=O
POVXAC,POVXAC,296 K,CN1C=NC2=C1C(=O)N(C)C(=O)N2C.Nc1cc(cc(c1)C(O)=O)C(O)=O,P21/c,False,296.0,highT,CN1C=NC2=C1C(=O)N(C)C(=O)N2C,Nc1cc(cc(c1)C(O)=O)C(O)=O
XAZROI,XAZROI,298 K,[NH3+]c1ccc(O)c(c1)C(O)=O.ClC(Cl)(Cl)C(=O)[O-],Pbca,False,298.0,highT,[NH3+]c1ccc(O)c(c1)C(O)=O,ClC(Cl)(Cl)C(=O)[O-]
ATUTOY,ATUTOY,at 298 K,Cc1ccc(cc1)S(=O)(=O)[O-].[NH3+]C(CC(O)=O)c1ccc(OC)cc1,P21/c,False,298.0,highT,Cc1ccc(cc1)S(=O)(=O)[O-],[NH3+]C(CC(O)=O)c1ccc(OC)cc1
NUMJEM,NUMJEM,298 K,NS(=O)(=O)c1ccccc1.O=C1CCCCCN1,P212121,False,298.0,highT,NS(=O)(=O)c1ccccc1,O=C1CCCCCN1
DEJDII,DEJDII,298 K,[NH3+]NC(N)=NN(=O)=O.O=N(=O)[N-]C1=NN=NN1C1=NNN=N1,P-1,False,298.0,highT,[NH3+]NC(N)=NN(=O)=O,O=N(=O)[N-]C1=NN=NN1C1=NNN=N1
LACTIV,LACTIV,298 K,c1ccc2nc3ccccc3nc2c1.Nc1ccc(C(O)=O)c(O)c1,P-1,False,298.0,highT,c1ccc2nc3ccccc3nc2c1,Nc1ccc(C(O)=O)c(O)c1
EKAZEY,EKAZEY,296.1 K,N1C2=NON=C2NC2=NON=C12.NNC(N)=O,P21/n,False,296.0,highT,N1C2=NON=C2NC2=NON=C12,NNC(N)=O
CIXMON,CIXMON,at 298 K,NC1=[NH+]c2ccc(Br)cc2S1.O=C([O-])c1cc(cc(c1)N(=O)=O)N(=O)=O,P21/n,False,298.0,highT,NC1=[NH+]c2ccc(Br)cc2S1,O=C([O-])c1cc(cc(c1)N(=O)=O)N(=O)=O
JUWHIU,JUWHIU,296 K,OC(=O)CCCCC(O)=O.ON=Cc1ccnc2ccccc12,P21/n,False,296.0,highT,OC(=O)CCCCC(O)=O,ON=Cc1ccnc2ccccc12
PIJSOT,PIJSOT,296 K,Oc1cc2ccccc2cc1O.C1CNCCN1,Pbca,False,296.0,highT,Oc1cc2ccccc2cc1O,C1CNCCN1
PAJFAI,PAJFAI,at 293 K,C1CN2CCN1CC2.Cc1cc(O)cc(O)c1,P212121,False,293.0,highT,C1CN2CCN1CC2,Cc1cc(O)cc(O)c1
XOGFOQ,XOGFOQ,at 293 K,Cc1nc(C)c(C)nc1C.OC(=O)c1ccccc1C(O)=O,P21/n,False,293.0,highT,Cc1nc(C)c(C)nc1C,OC(=O)c1ccccc1C(O)=O
FETWIL,FETWIL,at 295 K,OC(=O)c1cc(ccc1O)S(=O)(=O)[O-].[NH3+]c1ccc(cc1)C(O)=O,C2/c,False,295.0,highT,OC(=O)c1cc(ccc1O)S(=O)(=O)[O-],[NH3+]c1ccc(cc1)C(O)=O
KEKGIR,KEKGIR,at 296 K,Oc1ccc(cc1)c1ccc(O)cc1.OC(=O)CN1C(=O)c2cc3C(=O)N(CC(O)=O)C(=O)c3cc2C1=O,P-1,False,296.0,highT,Oc1ccc(cc1)c1ccc(O)cc1,OC(=O)CN1C(=O)c2cc3C(=O)N(CC(O)=O)C(=O)c3cc2C1=O
JOCBAH,JOCBAH,293 K,CN1CC(=O)NC1=[NH2+].OC(=O)c1cc(cc(c1)C(=O)[O-])C(O)=O,P-1,False,293.0,highT,CN1CC(=O)NC1=[NH2+],OC(=O)c1cc(cc(c1)C(=O)[O-])C(O)=O
ANAPOX,ANAPOX,293 K,CC(=O)[O-].NC(=[NH2+])NC(N)=O,P21,False,293.0,highT,CC(=O)[O-],NC(=[NH2+])NC(N)=O
XUMKAU,XUMKAU,293 K,Oc1cc(cc(O)c1O)C(=O)[O-].Oc1c[nH+]ccc1,P21/n,False,293.0,highT,Oc1cc(cc(O)c1O)C(=O)[O-],Oc1c[nH+]ccc1
UBEGOZ,UBEGOZ,at 295 K,O=N(=O)c1cc(c([O-])c(c1)N(=O)=O)N(=O)=O.Nc1[nH+]cccc1N(=O)=O,Fdd2,False,295.0,highT,O=N(=O)c1cc(c([O-])c(c1)N(=O)=O)N(=O)=O,Nc1[nH+]cccc1N(=O)=O
EBESAI,EBESAI,296 K,NC(=O)C(=O)[O-].NC(=O)c1c[nH+]ccc1,P21/c,False,296.0,highT,NC(=O)C(=O)[O-],NC(=O)c1c[nH+]ccc1
TEYTAV,TEYTAV,293 K,O=N(=O)c1ccc(cc1)S(=O)(=O)[O-].[NH3+]c1cc(c(N)cc1Cl)N(=O)=O,P-1,False,293.0,highT,O=N(=O)c1ccc(cc1)S(=O)(=O)[O-],[NH3+]c1cc(c(N)cc1Cl)N(=O)=O
TEYYEE,TEYYEE,293 K,[NH3+]c1ccc(N)c(c1)N(=O)=O.Oc1ccc(cc1)S(=O)(=O)[O-],P21/c,False,293.0,highT,[NH3+]c1ccc(N)c(c1)N(=O)=O,Oc1ccc(cc1)S(=O)(=O)[O-]
NUMJIQ,NUMJIQ,297 K,NS(=O)(=O)c1ccc(Cl)cc1.O=C1CCCCN1,C2/c,False,297.0,highT,NS(=O)(=O)c1ccc(Cl)cc1,O=C1CCCCN1
FOSFIE,FOSFIE,298 K,NNC(=O)c1ccncc1.COc1cc(C=CC(O)=O)ccc1O,P-1,False,298.0,highT,NNC(=O)c1ccncc1,COc1cc(C=CC(O)=O)ccc1O
XEMMIO,XEMMIO,296 K,[NH2+]=C1NC=CS1.Clc1cc(ccc1C(=O)[O-])N(=O)=O,P-1,False,296.0,highT,[NH2+]=C1NC=CS1,Clc1cc(ccc1C(=O)[O-])N(=O)=O
QOLMOV,QOLMOV,at 293 K,Cc1ccc2ccc3ccc(C)nc3c2n1.Oc1c(O)c(Br)c(Br)c(Br)c1Br,C2/c,False,293.0,highT,Cc1ccc2ccc3ccc(C)nc3c2n1,Oc1c(O)c(Br)c(Br)c(Br)c1Br
OLUTIB,OLUTIB,298 K,OC(=O)C=CC(=O)[O-].[NH2+]=C1NC(=O)N(C=C1F)C1CSC(CO)O1,P212121,False,298.0,highT,OC(=O)C=CC(=O)[O-],[NH2+]=C1NC(=O)N(C=C1F)C1CSC(CO)O1
KASYEJ,KASYEJ,at 293 K,c1cc(ccn1)c1ccncc1.OC(=O)c1cccc(C(O)=O)c1C(O)=O,C2/c,False,293.0,highT,c1cc(ccn1)c1ccncc1,OC(=O)c1cccc(C(O)=O)c1C(O)=O
AFUJOC,AFUJOC,at 298 K,[NH3+]C1=NC(=CS1)c1ccccc1.OC(=O)c1cc(ccc1O)S(=O)(=O)[O-],P-1,False,298.0,highT,[NH3+]C1=NC(=CS1)c1ccccc1,OC(=O)c1cc(ccc1O)S(=O)(=O)[O-]
ROJCEA,ROJCEA,at 298 K,OC(=O)CCCCC(O)=O.S1C=CC(=C1)C=Cc1ccncc1,P-1,False,298.0,highT,OC(=O)CCCCC(O)=O,S1C=CC(=C1)C=Cc1ccncc1
FURYEY,FURYEY,298 K,NS(=O)(=O)c1ccc(cc1)C(O)=O.NC(=O)c1ccccn1,P21/n,False,298.0,highT,NS(=O)(=O)c1ccc(cc1)C(O)=O,NC(=O)c1ccccn1
YEQGOU,YEQGOU,298 K,OC(=O)c1cc(cc(c1)C(O)=O)C(O)=O.NC(=O)c1cnccn1,P21/n,False,298.0,highT,OC(=O)c1cc(cc(c1)C(O)=O)C(O)=O,NC(=O)c1cnccn1
LOPPUE,LOPPUE,290 K,[NH2+]=C1NC=CS1.OC(C(=O)[O-])(c1ccccc1)c1ccccc1,C2/c,False,290.0,highT,[NH2+]=C1NC=CS1,OC(C(=O)[O-])(c1ccccc1)c1ccccc1
KITLUV,KITLUV,at 296 K,OC(C(=O)[O-])c1c2ccccc2cc2ccccc12.C[NH2+]C(C)C(O)c1ccccc1,P21,False,296.0,highT,OC(C(=O)[O-])c1c2ccccc2cc2ccccc12,C[NH2+]C(C)C(O)c1ccccc1
SABNOA,SABNOA,at 273 K,CC[NH+](O)CC.OC(=O)c1cccc(c1)C(=O)[O-],P21/c,False,273.0,highT,CC[NH+](O)CC,OC(=O)c1cccc(c1)C(=O)[O-]
BIDJAA,BIDJAA,at 296.2 K,O=N(=O)c1cccc(c1)S(=O)(=O)[O-].Nc1[nH+]cc(cc1)N(=O)=O,P212121,False,296.0,highT,O=N(=O)c1cccc(c1)S(=O)(=O)[O-],Nc1[nH+]cc(cc1)N(=O)=O
LOQWIA01,LOQWIA01,293 K,[2H][n+]1ccccc1.[2H]OC(=O)c1c(F)c(F)c(c(F)c1F)C(=O)[O-],P212121,False,293.0,highT,[2H][n+]1ccccc1,[2H]OC(=O)c1c(F)c(F)c(c(F)c1F)C(=O)[O-]
MURHAK,MURHAK,296 K,FC(F)(F)S(=O)(=O)[O-].COC1=N[N+](=CN1Nc1ccccc1)c1ccccc1,C2/c,False,296.0,highT,FC(F)(F)S(=O)(=O)[O-],COC1=N[N+](=CN1Nc1ccccc1)c1ccccc1
TIBXOV,TIBXOV,294 K,COc1cc(Cc2cnc(N)nc2N)cc(OC)c1OC.Oc1ccccc1O,P-1,False,294.0,highT,COc1cc(Cc2cnc(N)nc2N)cc(OC)c1OC,Oc1ccccc1O
RISDAB,RISDAB,293 K,COc1ccccc1c1c(C)[nH+]c(C)c(Br)c1Br.O=N(=O)c1cc(c([O-])c(c1)N(=O)=O)N(=O)=O,P-1,False,293.0,highT,COc1ccccc1c1c(C)[nH+]c(C)c(Br)c1Br,O=N(=O)c1cc(c([O-])c(c1)N(=O)=O)N(=O)=O
RUYYIV,RUYYIV,296 K,CN1C=NC2=C1C(=O)N(C)C(=O)N2C.ON=Cc1c(O)ccc2ccccc12,P21/c,False,296.0,highT,CN1C=NC2=C1C(=O)N(C)C(=O)N2C,ON=Cc1c(O)ccc2ccccc12
NOZLIA,NOZLIA,293 K,Clc1ccc(cc1)c1ccccc1NC(=O)c1cccnc1Cl.CN1CCCC1=O,P-1,False,293.0,highT,Clc1ccc(cc1)c1ccccc1NC(=O)c1cccnc1Cl,CN1CCCC1=O
GIGQIX,GIGQIX,at 293 K,COc1cc(Cc2cnc(N)nc2N)cc(OC)c1OC.O=C1CC(=O)NC(=O)N1,P-1,False,293.0,highT,COc1cc(Cc2cnc(N)nc2N)cc(OC)c1OC,O=C1CC(=O)NC(=O)N1
QUWZOY,QUWZOY,at 294 K,c1ccc2nc3ccccc3nc2c1.Oc1c(F)c(F)c(O)c(F)c1F,P21/n,False,294.0,highT,c1ccc2nc3ccccc3nc2c1,Oc1c(F)c(F)c(O)c(F)c1F
AFESOU,AFESOU,at 293 K,CCc1[nH+]c(N)nc(N)c1c1ccc(Cl)cc1.O=C([O-])c1cc(cc(c1)N(=O)=O)N(=O)=O,P21/c,False,293.0,highT,CCc1[nH+]c(N)nc(N)c1c1ccc(Cl)cc1,O=C([O-])c1cc(cc(c1)N(=O)=O)N(=O)=O
UTEJAG,UTEJAG,298 K,NN1C=CN=N1.ON1N=NN=C1C1=NN=NN1O,C2/c,False,298.0,highT,NN1C=CN=N1,ON1N=NN=C1C1=NN=NN1O
UCESAZ,UCESAZ,295 K,c1cc(ccn1)C=Cc1ccncc1.OC(=O)CCC(=O)c1ccc(cc1)c1ccccc1,P21/c,False,295.0,highT,c1cc(ccn1)C=Cc1ccncc1,OC(=O)CCC(=O)c1ccc(cc1)c1ccccc1
LIDPIA,LIDPIA,296 K,OC(=O)c1ccc(O)cc1.COc1ccc(cc1)C(N)=O,P21/c,False,296.0,highT,OC(=O)c1ccc(O)cc1,COc1ccc(cc1)C(N)=O
NORTIA,NORTIA,296 K,Oc1ccc2ccc(O)cc2c1.c1ccc2nc3ccccc3nc2c1,P21/c,False,296.0,highT,Oc1ccc2ccc(O)cc2c1,c1ccc2nc3ccccc3nc2c1
ULIBUO,ULIBUO,293 K,OC=O.OC(=O)CN1C(=O)Oc2ccccc12,P212121,False,293.0,highT,OC=O,OC(=O)CN1C(=O)Oc2ccccc12
NOQFUV,NOQFUV,at 296 K,CN1C=CC(=C2C=CN(C)C3=NSN=C23)C2=NSN=C12.OC1=C(Cl)C(=O)C(=C(Cl)C1=O)O,P21/c,False,296.0,highT,CN1C=CC(=C2C=CN(C)C3=NSN=C23)C2=NSN=C12,OC1=C(Cl)C(=O)C(=C(Cl)C1=O)O
NUYDOB,NUYDOB,at 293 K,OC1=C(Cl)C(=O)C(=C(Cl)C1=O)[O-].[NH3+]C(CC1=CNc2ccccc12)C(O)=O,C2/c,False,293.0,highT,OC1=C(Cl)C(=O)C(=C(Cl)C1=O)[O-],[NH3+]C(CC1=CNc2ccccc12)C(O)=O
VEMZIX,VEMZIX,at 298 K,Oc1ccc2ccc(O)cc2c1.O1C(=NN=C1c1ccncc1)c1ccncc1,C2/c,False,298.0,highT,Oc1ccc2ccc(O)cc2c1,O1C(=NN=C1c1ccncc1)c1ccncc1
XIPVAU,XIPVAU,at 293 K,c1ccc2nc3ccccc3nc2c1.OC(=O)c1c(O)cc(O)cc1O,P21/c,False,293.0,highT,c1ccc2nc3ccccc3nc2c1,OC(=O)c1c(O)cc(O)cc1O
SOHDID,SOHDID,at 295 K,COc1c[n+](N)ccn1.Cc1cc(C)c(c(C)c1)S(=O)(=O)[O-],P-1,False,295.0,highT,COc1c[n+](N)ccn1,Cc1cc(C)c(c(C)c1)S(=O)(=O)[O-]
DUJMOM,DUJMOM,293 K,Oc1cccc2ccc[nH+]c12.OC(=O)C#CC(=O)[O-],P21/n,False,293.0,highT,Oc1cccc2ccc[nH+]c12,OC(=O)C#CC(=O)[O-]
KIGKOB01,KIGKOB01,250 K,OC(=O)c1cc2ccccc2cc1O.CN1C=NC2=C1C(=O)N(C)C(=O)N2C,P21/n,False,250.0,highT,OC(=O)c1cc2ccccc2cc1O,CN1C=NC2=C1C(=O)N(C)C(=O)N2C
UTOBIP,UTOBIP,at 291 K,CCOC(=O)C1=C(N)c2c(O1)c(Cl)c(Cl)c(O)c2C#N.CS(C)=O,P21/n,False,291.0,highT,CCOC(=O)C1=C(N)c2c(O1)c(Cl)c(Cl)c(O)c2C#N,CS(C)=O
OZOTII,OZOTII,296 K,Oc1ccc(c(O)c1)C(=O)[O-].ON=Cc1cc[nH+]c2ccccc12,P21/n,False,296.0,highT,Oc1ccc(c(O)c1)C(=O)[O-],ON=Cc1cc[nH+]c2ccccc12
NERDIB,NERDIB,295.0 K,C1CN(CCO1)N=C1CCSCC1.Fc1c(F)c(Br)c(F)c(F)c1Br,C2/c,False,295.0,highT,C1CN(CCO1)N=C1CCSCC1,Fc1c(F)c(Br)c(F)c(F)c1Br
OMUXIE,OMUXIE,at 297 K,OC(=O)c1cc(ccc1O)S(=O)(=O)[O-].C[NH+]1CCOCC1,P21/n,False,297.0,highT,OC(=O)c1cc(ccc1O)S(=O)(=O)[O-],C[NH+]1CCOCC1
CATJUE,CATJUE,at 298 K,Oc1ccc2ccccc2c1c1c(O)ccc2ccccc12.NC1=NC(=CS1)c1ccccc1,P-1,False,298.0,highT,Oc1ccc2ccccc2c1c1c(O)ccc2ccccc12,NC1=NC(=CS1)c1ccccc1
XOMZUW,XOMZUW,at 296 K,ClC1=CC=C(S1)C(=O)[O-].[NH2+]=C1NC(=O)NC=C1,P-1,False,296.0,highT,ClC1=CC=C(S1)C(=O)[O-],[NH2+]=C1NC(=O)NC=C1
LABYOG,LABYOG,260 K,COc1ccc(C=Cc2cc[n+](C)cc2)cc1OC.Cc1ccc(cc1)S(=O)(=O)[O-],P21,False,260.0,highT,COc1ccc(C=Cc2cc[n+](C)cc2)cc1OC,Cc1ccc(cc1)S(=O)(=O)[O-]
OMELEZ,OMELEZ,295 K,Oc1cc(O)cc(O)c1.c1ccc(cc1)c1ccncc1,P21/c,False,295.0,highT,Oc1cc(O)cc(O)c1,c1ccc(cc1)c1ccncc1
IHIGIR,IHIGIR,296 K,Clc1cccc(c1)C(=O)[O-].CC[N+]1=C(N)SCC1,P-1,False,296.0,highT,Clc1cccc(c1)C(=O)[O-],CC[N+]1=C(N)SCC1
ENIJUJ,ENIJUJ,294 K,c1cc(ccn1)C=Cc1ccncc1.CC=CC(O)=O,P-1,False,294.0,highT,c1cc(ccn1)C=Cc1ccncc1,CC=CC(O)=O
EPUGII,EPUGII,298 K,NC1=[NH+]C=CS1.Clc1ccc(OCC(=O)[O-])c(Cl)c1,Pc,False,298.0,highT,NC1=[NH+]C=CS1,Clc1ccc(OCC(=O)[O-])c(Cl)c1
ORITAM,ORITAM,293 K,OC(=O)CCC(=O)[O-].[NH3+]c1ccc(OC)cc1,P21/n,False,293.0,highT,OC(=O)CCC(=O)[O-],[NH3+]c1ccc(OC)cc1
KAXRIM,KAXRIM,at 293 K,c1cc(ccn1)C=Cc1ccncc1.OC(=O)CC=CC(O)=O,Pc,False,293.0,highT,c1cc(ccn1)C=Cc1ccncc1,OC(=O)CC=CC(O)=O
FIGNER,FIGNER,293 K,C[NH+]1CCOCC1.O=N(=O)c1cc(c([O-])c(c1)N(=O)=O)N(=O)=O,Pna21,False,293.0,highT,C[NH+]1CCOCC1,O=N(=O)c1cc(c([O-])c(c1)N(=O)=O)N(=O)=O
YODBEA,YODBEA,at 293 K,OC(=O)c1c(F)c(F)c(C(O)=O)c(F)c1F.Cc1nccnc1C,P-1,False,293.0,highT,OC(=O)c1c(F)c(F)c(C(O)=O)c(F)c1F,Cc1nccnc1C
DIHLOZ,DIHLOZ,293.1 K,Oc1c2cc(ccc2c(cc1N(=O)=O)N(=O)=O)S(=O)(=O)[O-].C[P+](c1ccccc1)(c1ccccc1)c1ccccc1,P-1,False,293.0,highT,Oc1c2cc(ccc2c(cc1N(=O)=O)N(=O)=O)S(=O)(=O)[O-],C[P+](c1ccccc1)(c1ccccc1)c1ccccc1
KUQXOM,KUQXOM,298.8 K,O=C1C=CC(=O)C(=C1C#N)C#N.c1ccc2c(c1)ccc1ccccc21,P21/n,False,298.0,highT,O=C1C=CC(=O)C(=C1C#N)C#N,c1ccc2c(c1)ccc1ccccc21
JASJUJ,JASJUJ,at 293 K,[NH3+]C(C)c1ccc(cc1)N(=O)=O.O=C([O-])C1COc2ccccc2O1,P212121,False,293.0,highT,[NH3+]C(C)c1ccc(cc1)N(=O)=O,O=C([O-])C1COc2ccccc2O1
FOYPAM,FOYPAM,at 296 K,COc1[nH+]c(N)nc(OC)c1.O=C1NC(=S)NC(=C1)[O-],P-1,False,296.0,highT,COc1[nH+]c(N)nc(OC)c1,O=C1NC(=S)NC(=C1)[O-]
KAMREW,KAMREW,at 293 K,OC(C(O)C(=O)[O-])C(O)=O.[NH3+]C(CC)CO,P212121,False,293.0,highT,OC(C(O)C(=O)[O-])C(O)=O,[NH3+]C(CC)CO
ZIHQEQ,ZIHQEQ,293 K,OC(=O)CSc1nc(SCC(O)=O)nc(SCC(=O)[O-])n1.COc1[nH+]c(N)nc(OC)c1,P-1,False,293.0,highT,OC(=O)CSc1nc(SCC(O)=O)nc(SCC(=O)[O-])n1,COc1[nH+]c(N)nc(OC)c1
PAJVEE,PAJVEE,297 K,CC(C)OP(=S)([S-])OC(C)C.C1C[NH+](CCO1)Cc1ccccc1,P21/n,False,297.0,highT,CC(C)OP(=S)([S-])OC(C)C,C1C[NH+](CCO1)Cc1ccccc1
XAQZUM,XAQZUM,at 293 K,OC(=O)C1(CCC1)C(=O)[O-].OC(=O)C1CC[NH2+]CC1,P21/c,False,293.0,highT,OC(=O)C1(CCC1)C(=O)[O-],OC(=O)C1CC[NH2+]CC1
BIWNAZ,BIWNAZ,296 K,OC(C(O)C(=O)[O-])C(O)=O.OC(=O)c1[nH+]cccc1,P212121,False,296.0,highT,OC(C(O)C(=O)[O-])C(O)=O,OC(=O)c1[nH+]cccc1
KUZVOR,KUZVOR,at 296 K,Cc1ccc(cc1)C(=O)[O-].CC(C)[NH2+]CC(O)c1ccccc1Cl,P21/n,False,296.0,highT,Cc1ccc(cc1)C(=O)[O-],CC(C)[NH2+]CC(O)c1ccccc1Cl
IYEYIW,IYEYIW,293 K,C=C=CC(C#C)[NH+]1CCOCC1.O=N(=O)c1cc(c([O-])c(c1)N(=O)=O)N(=O)=O,P-1,False,293.0,highT,C=C=CC(C#C)[NH+]1CCOCC1,O=N(=O)c1cc(c([O-])c(c1)N(=O)=O)N(=O)=O
RUPRUR,RUPRUR,293 K,C[NH+]1CCOCC1.O=C1NC(=O)C(=C([O-])N1)c1c(cc(cc1N(=O)=O)N(=O)=O)N(=O)=O,P21/c,False,293.0,highT,C[NH+]1CCOCC1,O=C1NC(=O)C(=C([O-])N1)c1c(cc(cc1N(=O)=O)N(=O)=O)N(=O)=O
GAWLOG,GAWLOG,at 293 K,OC(=O)CCC(O)=O.O1C(=NN=C1c1ccncc1)c1ccncc1,P-1,False,293.0,highT,OC(=O)CCC(O)=O,O1C(=NN=C1c1ccncc1)c1ccncc1
QUHRAO,QUHRAO,300 K,NC(=O)c1cccnc1.COc1cc(C=CC(O)=O)cc(OC)c1O,P-1,False,300.0,highT,NC(=O)c1cccnc1,COc1cc(C=CC(O)=O)cc(OC)c1O
GENMES,GENMES,at 296 K,c1ccc2cc3ccccc3cc2c1.OC(=O)CN1C(=O)c2cc3C(=O)N(CC(O)=O)C(=O)c3cc2C1=O,P21/c,False,296.0,highT,c1ccc2cc3ccccc3cc2c1,OC(=O)CN1C(=O)c2cc3C(=O)N(CC(O)=O)C(=O)c3cc2C1=O
HEDWEU,HEDWEU,at 298 K,CC(=O)[O-].Oc1ccc2ccccc2c1C[NH+]=C1Nc2ccccc2N1,Pbcn,False,298.0,highT,CC(=O)[O-],Oc1ccc2ccccc2c1C[NH+]=C1Nc2ccccc2N1
DINSIE,DINSIE,at 293 K,OC(=O)c1cccc(O)c1.c1ccc2nc3ccccc3cc2c1,P-1,False,293.0,highT,OC(=O)c1cccc(O)c1,c1ccc2nc3ccccc3cc2c1
XEYLUI,XEYLUI,at 293 K,Oc1ccc2ccccc2c1c1c(O)ccc2ccccc12.Cc1cccc(C)n1,C2/c,False,293.0,highT,Oc1ccc2ccccc2c1c1c(O)ccc2ccccc12,Cc1cccc(C)n1
VUMDAJ,VUMDAJ,at 296 K,[NH3+]CCO.CC1=CC(=O)N([O-])C(=C1)C1CCCCC1,P-1,False,296.0,highT,[NH3+]CCO,CC1=CC(=O)N([O-])C(=C1)C1CCCCC1
RIHBUG,RIHBUG,at 273 K,c1cc(nc(c1)N1C=NN=C1)N1C=NN=C1.OC(=O)c1cc(C(O)=O)c(cc1C(O)=O)C(O)=O,P21/c,False,273.0,highT,c1cc(nc(c1)N1C=NN=C1)N1C=NN=C1,OC(=O)c1cc(C(O)=O)c(cc1C(O)=O)C(O)=O
GAVBAI,GAVBAI,at 298 K,Oc1cccc(O)c1.COC(=O)C=Cc1ccncc1,P-1,False,298.0,highT,Oc1cccc(O)c1,COC(=O)C=Cc1ccncc1
YAGKAT,YAGKAT,at 291 K,OC(C(O)C(=O)[O-])C(O)=O.[NH3+]C(CC1=C[NH+]=CN1)C(=O)[O-],P1,False,291.0,highT,OC(C(O)C(=O)[O-])C(O)=O,[NH3+]C(CC1=C[NH+]=CN1)C(=O)[O-]
PUKDOP,PUKDOP,at 296 K,Nc1[nH+]cc(Br)cc1.Nc1cccc(c1)C(=O)[O-],P21/c,False,296.0,highT,Nc1[nH+]cc(Br)cc1,Nc1cccc(c1)C(=O)[O-]
NIYGIN,NIYGIN,296 K,CC(C)C1=C(Cl)[N-]C(=O)NC1=O.COc1ccccc1N1CC[NH2+]CC1,P21/n,False,296.0,highT,CC(C)C1=C(Cl)[N-]C(=O)NC1=O,COc1ccccc1N1CC[NH2+]CC1
ERAGOW,ERAGOW,293 K,NC(=O)c1ccncc1.OC(=O)CCCCCCC(O)=O,P-1,False,293.0,highT,NC(=O)c1ccncc1,OC(=O)CCCCCCC(O)=O
LALVED,LALVED,293 K,N#Cc1ccncc1.OC(=O)c1cc(O)c(O)c(O)c1,P21,False,293.0,highT,N#Cc1ccncc1,OC(=O)c1cc(O)c(O)c(O)c1
KEWKOP,KEWKOP,296 K,Clc1ccc(cc1)C(=O)[O-].COc1cc(C)[nH+]c(N)n1,P21/c,False,296.0,highT,Clc1ccc(cc1)C(=O)[O-],COc1cc(C)[nH+]c(N)n1
DOCWUQ,DOCWUQ,298 K,OC(=O)c1cc(ccc1O)S(=O)(=O)[O-].O=C(CN1C=[NH+]C=C1)c1ccccc1,P21/c,False,298.0,highT,OC(=O)c1cc(ccc1O)S(=O)(=O)[O-],O=C(CN1C=[NH+]C=C1)c1ccccc1
VOVZEN,VOVZEN,at 293 K,OC(=O)CCC(=O)[O-].Oc1cccc2ccc[nH+]c12,P21,False,293.0,highT,OC(=O)CCC(=O)[O-],Oc1cccc2ccc[nH+]c12
TAZDOR,TAZDOR,293 K,[NH3+]CCO.Clc1cccc(Cl)c1Nc1ccccc1CC(=O)[O-],P21/c,False,293.0,highT,[NH3+]CCO,Clc1cccc(Cl)c1Nc1ccccc1CC(=O)[O-]
EXEJUN,EXEJUN,at 293 K,C1N2CN3CN1CN(C2)C3.CC(C)(c1cc(Br)c(O)c(Br)c1)c1cc(Br)c(O)c(Br)c1,P-1,False,293.0,highT,C1N2CN3CN1CN(C2)C3,CC(C)(c1cc(Br)c(O)c(Br)c1)c1cc(Br)c(O)c(Br)c1
YEVTEB,YEVTEB,298 K,OC(=O)c1nccnc1C(=O)[O-].CC1=CC(=O)NC(=[NH+]1)N,P21/n,False,298.0,highT,OC(=O)c1nccnc1C(=O)[O-],CC1=CC(=O)NC(=[NH+]1)N
REWCEE,REWCEE,293 K,Clc1ccc(cn1)C(=O)[O-].NC1=[NH+]C(=O)NC=C1,Pccn,False,293.0,highT,Clc1ccc(cn1)C(=O)[O-],NC1=[NH+]C(=O)NC=C1
UKITIU,UKITIU,298 K,Cc1cccc2SC(=[NH2+])Nc12.OC(=O)CC(=C)C(=O)[O-],P21/n,False,298.0,highT,Cc1cccc2SC(=[NH2+])Nc12,OC(=O)CC(=C)C(=O)[O-]
EFOZAB02,EFOZAB02,at 293 K,NC(N)=O.O=C1CC(=O)NC(=O)N1,P-1,False,293.0,highT,NC(N)=O,O=C1CC(=O)NC(=O)N1
SIJZOC,SIJZOC,at 293 K,OC(=O)c1cc(O)cc(O)c1.O=C1CNC(=O)CN1,P-1,False,293.0,highT,OC(=O)c1cc(O)cc(O)c1,O=C1CNC(=O)CN1
CIRMAT,CIRMAT,at 293 K,O=N(=O)c1ccc(cc1)S(=O)(=O)[O-].COc1cc2ccccc2c[n+]1C,P21/n,False,293.0,highT,O=N(=O)c1ccc(cc1)S(=O)(=O)[O-],COc1cc2ccccc2c[n+]1C
PUKPER,PUKPER,at 298 K,N#Cc1ccncc1.OC(=O)c1ccccc1,P-1,False,298.0,highT,N#Cc1ccncc1,OC(=O)c1ccccc1
CIXBOC,CIXBOC,at 298 K,[NH2+]=C1Nc2ccc(Br)cc2S1.O=N(=O)c1cc(c([O-])c(c1)N(=O)=O)N(=O)=O,C2/c,False,298.0,highT,[NH2+]=C1Nc2ccc(Br)cc2S1,O=N(=O)c1cc(c([O-])c(c1)N(=O)=O)N(=O)=O
QEYZIH,QEYZIH,295 K,Oc1cc(cc(O)c1O)C(=O)[O-].NC1=[NH+]C(=O)NC=C1,P21,False,295.0,highT,Oc1cc(cc(O)c1O)C(=O)[O-],NC1=[NH+]C(=O)NC=C1
COZYUM,COZYUM,at 298 K,OC(=O)c1cccc(c1)C(O)=O.C(Cc1ccncc1)c1ccncc1,P-1,False,298.0,highT,OC(=O)c1cccc(c1)C(O)=O,C(Cc1ccncc1)c1ccncc1
PAZHOO,PAZHOO,at 295 K,OC1=C(Cl)C(=O)C(=C(Cl)C1=O)[O-].OC(=O)c1c[nH+]ccc1,Pc,False,295.0,highT,OC1=C(Cl)C(=O)C(=C(Cl)C1=O)[O-],OC(=O)c1c[nH+]ccc1
TOHHIK,TOHHIK,293 K,Clc1ccc(cc1C(=O)[O-])N(=O)=O.[NH3+]CCO,P-1,False,293.0,highT,Clc1ccc(cc1C(=O)[O-])N(=O)=O,[NH3+]CCO
DENWUP01,DENWUP01,at 293 K,CN1CC(=O)NC1=[NH2+].O=C([O-])c1ccccc1,P21/c,False,293.0,highT,CN1CC(=O)NC1=[NH2+],O=C([O-])c1ccccc1
VUXYOD,VUXYOD,at 297 K,[NH3+]C(C)Cc1c2OC=Cc2c(Br)c2OC=Cc12.OC(=O)c1cc(cc(c1[O-])N(=O)=O)N(=O)=O,P21,False,297.0,highT,[NH3+]C(C)Cc1c2OC=Cc2c(Br)c2OC=Cc12,OC(=O)c1cc(cc(c1[O-])N(=O)=O)N(=O)=O
JAPWIJ,JAPWIJ,293 K,Nc1ccc(cc1)C(=O)[O-].[NH3+]CCO,Pbca,False,293.0,highT,Nc1ccc(cc1)C(=O)[O-],[NH3+]CCO
QOBVAF,QOBVAF,at 291 K,c1ccc(nc1)c1ccccn1.Oc1ccc2ccccc2c1c1c(O)ccc2ccccc12,P-1,False,291.0,highT,c1ccc(nc1)c1ccccn1,Oc1ccc2ccccc2c1c1c(O)ccc2ccccc12
FOVRIU,FOVRIU,296 K,ClC(Cl)(Cl)C(=O)[O-].COc1ccc(cc1)N1CC[NH2+]CC1,Pca21,False,296.0,highT,ClC(Cl)(Cl)C(=O)[O-],COc1ccc(cc1)N1CC[NH2+]CC1
JIQFUN,JIQFUN,296 K,Oc1cccc(O)c1C(=O)[O-].[NH3+]CC1CCC(CC1)C(O)=O,P-1,False,296.0,highT,Oc1cccc(O)c1C(=O)[O-],[NH3+]CC1CCC(CC1)C(O)=O
RAVPIO,RAVPIO,at 297 K,OC(=O)c1cc(ccc1O)S(=O)(=O)[O-].[NH3+]c1cccc(c1)C(O)=O,P21/n,False,297.0,highT,OC(=O)c1cc(ccc1O)S(=O)(=O)[O-],[NH3+]c1cccc(c1)C(O)=O
JEPYEL,JEPYEL,298 K,CS(C)=O.Cc1cc(C)nc(NS(=O)(=O)c2ccc(N)cc2)n1,P21/n,False,298.0,highT,CS(C)=O,Cc1cc(C)nc(NS(=O)(=O)c2ccc(N)cc2)n1
UMINAF,UMINAF,at 293 K,OC(=O)C(O)=O.c1cc(ccn1)N=Nc1ccncc1,P21/c,False,293.0,highT,OC(=O)C(O)=O,c1cc(ccn1)N=Nc1ccncc1
TIWPOH,TIWPOH,293 K,CCOc1ccccc1C(N)=O.OC(=O)C=CC(O)=O,P-1,False,293.0,highT,CCOc1ccccc1C(N)=O,OC(=O)C=CC(O)=O
PUKJIP,PUKJIP,at 296 K,Nc1[nH+]cc(Br)cc1.OC(=O)CCC(=O)[O-],P212121,False,296.0,highT,Nc1[nH+]cc(Br)cc1,OC(=O)CCC(=O)[O-]
NIMXUF,NIMXUF,298 K,O=N(=O)C(=C1N[N-]N=N1)N(=O)=O.[NH3+]NC(N)=O,P21/c,False,298.0,highT,O=N(=O)C(=C1N[N-]N=N1)N(=O)=O,[NH3+]NC(N)=O
XAGYIR,XAGYIR,296 K,O=C([O-])c1ccc(cc1)N(=O)=O.COc1ccccc1N1CC[NH2+]CC1,P21/c,False,296.0,highT,O=C([O-])c1ccc(cc1)N(=O)=O,COc1ccccc1N1CC[NH2+]CC1
XAGWOV,XAGWOV,296 K,Clc1ccc(cc1)C(=O)[O-].COc1ccccc1N1CC[NH2+]CC1,P-1,False,296.0,highT,Clc1ccc(cc1)C(=O)[O-],COc1ccccc1N1CC[NH2+]CC1
BAYRAY,BAYRAY,298 K,Cc1cccc2SC(=[NH2+])Nc12.O=C([O-])c1cnccn1,P-1,False,298.0,highT,Cc1cccc2SC(=[NH2+])Nc12,O=C([O-])c1cnccn1
NAWYOD,NAWYOD,293 K,[NH3+]Cc1ccccc1O.O=C([O-])c1ccc(cc1)N(=O)=O,C2/c,False,293.0,highT,[NH3+]Cc1ccccc1O,O=C([O-])c1ccc(cc1)N(=O)=O
DUJTUX,DUJTUX,at -30 deg.C,O=N(=O)c1ccc(cc1)[N+]#N.COC(=O)C1=C(C(=O)OC)[C-](C(=O)OC)C(=C1C(=O)OC)C(=O)OC,P21/n,False,303.0,highT,O=N(=O)c1ccc(cc1)[N+]#N,COC(=O)C1=C(C(=O)OC)[C-](C(=O)OC)C(=C1C(=O)OC)C(=O)OC
SALQUS,SALQUS,at 296.2 K,Cc1ccc(C)c(c1)S(=O)(=O)[O-].Nc1[nH+]cccc1N(=O)=O,Pn,False,296.0,highT,Cc1ccc(C)c(c1)S(=O)(=O)[O-],Nc1[nH+]cccc1N(=O)=O
KUQQUJ,KUQQUJ,at 293 K,Cc1ccc(cc1)C(=O)[O-].CCc1[nH+]c(N)nc(N)c1c1ccc(Cl)cc1,C2/c,False,293.0,highT,Cc1ccc(cc1)C(=O)[O-],CCc1[nH+]c(N)nc(N)c1c1ccc(Cl)cc1
ROFVEO,ROFVEO,at 293 K,CCOS(=O)(=O)[O-].[NH3+]C(CCCNC(N)=[NH2+])C(=O)[O-],P212121,False,293.0,highT,CCOS(=O)(=O)[O-],[NH3+]C(CCCNC(N)=[NH2+])C(=O)[O-]
XERCIJ,XERCIJ,293 K,N#Cc1cc(C#N)c(cc1C#N)C#N.CC(=O)c1ccc2ccc3cccc4ccc1c2c34,Pna21,False,293.0,highT,N#Cc1cc(C#N)c(cc1C#N)C#N,CC(=O)c1ccc2ccc3cccc4ccc1c2c34
MUYDOC,MUYDOC,304 K,[NH3+]c1ccc(O)cc1.CC1(C)C2CCC1(CS(=O)(=O)[O-])C(=O)C2,C2,False,304.0,highT,[NH3+]c1ccc(O)cc1,CC1(C)C2CCC1(CS(=O)(=O)[O-])C(=O)C2
BOJGEN,BOJGEN,at 293 K,O=C([O-])c1ccccn1.CCc1[nH+]c(N)nc(N)c1c1ccc(Cl)cc1,P21/c,False,293.0,highT,O=C([O-])c1ccccn1,CCc1[nH+]c(N)nc(N)c1c1ccc(Cl)cc1
HOFYUZ,HOFYUZ,300 K,NC(=O)c1ccncc1.OC(=O)CCCCCCCC(O)=O,P-1,False,300.0,highT,NC(=O)c1ccncc1,OC(=O)CCCCCCCC(O)=O
EZIDOH,EZIDOH,at 301 K,Nc1ccc(cc1)C(O)=O.CC1=NN=C2CN=C(c3ccccc3)c3cc(Cl)ccc3N12,P21/c,False,301.0,highT,Nc1ccc(cc1)C(O)=O,CC1=NN=C2CN=C(c3ccccc3)c3cc(Cl)ccc3N12
YUKVIM,YUKVIM,293 K,Nc1ncccn1.OC(=O)Cc1cccc2ccccc12,P21/n,False,293.0,highT,Nc1ncccn1,OC(=O)Cc1cccc2ccccc12
XOJYEC,XOJYEC,273 K,NC(=O)c1ccncc1.CC(C)c1cccc(C(C)C)c1O,P-1,False,273.0,highT,NC(=O)c1ccncc1,CC(C)c1cccc(C(C)C)c1O
METQOS,METQOS,at 296 K,O=Cc1ccccc1C(=O)[O-].OCC[NH+](CCO)CCO,P21/c,False,296.0,highT,O=Cc1ccccc1C(=O)[O-],OCC[NH+](CCO)CCO
MICGAJ,MICGAJ,293 K,Cc1nc(N)nc(N)n1.COc1cc(cc(OC)c1OC)C(O)=O,P21/c,False,293.0,highT,Cc1nc(N)nc(N)n1,COc1cc(cc(OC)c1OC)C(O)=O
HAVFES,HAVFES,293 K,OC(=O)c1cccc(c1C(=O)[O-])N(=O)=O.[NH3+]c1ccc(Cl)cc1,P21/c,False,293.0,highT,OC(=O)c1cccc(c1C(=O)[O-])N(=O)=O,[NH3+]c1ccc(Cl)cc1
TETRIU,TETRIU,at 293 K,O=N(=O)c1cc(c([O-])c(c1)N(=O)=O)N(=O)=O.C[NH+](C)CC1COCC(C)O1,P21/n,False,293.0,highT,O=N(=O)c1cc(c([O-])c(c1)N(=O)=O)N(=O)=O,C[NH+](C)CC1COCC(C)O1
TAZPOC,TAZPOC,293 K,COc1ccc(cc1)B(O)O.c1ccc2nc3nc4ccccc4nc3nc2c1,P21/n,False,293.0,highT,COc1ccc(cc1)B(O)O,c1ccc2nc3nc4ccccc4nc3nc2c1
XAGZAK,XAGZAK,296 K,OC(=O)C=CC(=O)[O-].COc1ccccc1N1CC[NH2+]CC1,P-1,False,296.0,highT,OC(=O)C=CC(=O)[O-],COc1ccccc1N1CC[NH2+]CC1
RAHXUV,RAHXUV,at 290 K,OC(=O)c1ccc(cc1)C(=O)[O-].Oc1c(CN2C=[NH+]C=C2)cc(Cl)cc1CN1C=CN=C1,P-1,False,290.0,highT,OC(=O)c1ccc(cc1)C(=O)[O-],Oc1c(CN2C=[NH+]C=C2)cc(Cl)cc1CN1C=CN=C1
FUYLOB,FUYLOB,at 293 K,O=S1(=O)NS(=O)(=O)c2ccc3ccccc3c2c2c3ccccc3ccc12.CCOC(C)=O,P212121,False,293.0,highT,O=S1(=O)NS(=O)(=O)c2ccc3ccccc3c2c2c3ccccc3ccc12,CCOC(C)=O
XUHYUW,XUHYUW,296 K,NC(N)=NCCN=C(N)N.COCCOc1cc(cc(c1)C(O)=O)C(O)=O,P21/c,False,296.0,highT,NC(N)=NCCN=C(N)N,COCCOc1cc(cc(c1)C(O)=O)C(O)=O
WERLOY,WERLOY,298 K,OC(=O)Cc1ccccc1Nc1c(Cl)cccc1Cl.NC1=NC(=O)C=CN1,P1,False,298.0,highT,OC(=O)Cc1ccccc1Nc1c(Cl)cccc1Cl,NC1=NC(=O)C=CN1
NIJCES,NIJCES,293 K,Oc1cccc(O)c1C(=O)[O-].CCS(=O)(=O)CCN1C(=[NH+]C=C1N(=O)=O)C,Cc,False,293.0,highT,Oc1cccc(O)c1C(=O)[O-],CCS(=O)(=O)CCN1C(=[NH+]C=C1N(=O)=O)C
XOJMUF,XOJMUF,at 273 K,COc1ccc(cc1)C(O)=O.Cc1cc(C)nc(N)n1,P-1,False,273.0,highT,COc1ccc(cc1)C(O)=O,Cc1cc(C)nc(N)n1
JEJHUF,JEJHUF,286 K,CC1=C(C=C(C#N)C(=O)N1)c1cc[nH+]cc1.Oc1ccccc1C(=O)[O-],P-1,False,286.0,highT,CC1=C(C=C(C#N)C(=O)N1)c1cc[nH+]cc1,Oc1ccccc1C(=O)[O-]
SAZXOJ,SAZXOJ,293.1 K,CN1C=C[N+](=C1)CCO.O=N(=O)c1cc(c([O-])c(c1)N(=O)=O)N(=O)=O,P21/n,False,293.0,highT,CN1C=C[N+](=C1)CCO,O=N(=O)c1cc(c([O-])c(c1)N(=O)=O)N(=O)=O
NEBWUO,NEBWUO,at 293 K,COc1cc(OC)nc(N)n1.Cc1cccc(c1)C(O)=O,P-1,False,293.0,highT,COc1cc(OC)nc(N)n1,Cc1cccc(c1)C(O)=O
LEGMUH,LEGMUH,at 293 K,OC(=O)c1cccc(n1)C(=O)[O-].[NH3+]c1cccc(c1)B(O)O,P21/n,False,293.0,highT,OC(=O)c1cccc(n1)C(=O)[O-],[NH3+]c1cccc(c1)B(O)O
ABUKOZ,ABUKOZ,at 298 K,Oc1c(cc(cc1N(=O)=O)N(=O)=O)C(=O)[O-].[NH3+]c1ccc(F)cc1,P21/n,False,298.0,highT,Oc1c(cc(cc1N(=O)=O)N(=O)=O)C(=O)[O-],[NH3+]c1ccc(F)cc1
SABBEF,SABBEF,296 K,Cc1ccc(cc1)c1nc(N)nc(N)n1.OC(=O)CCCCC(O)=O,P-1,False,296.0,highT,Cc1ccc(cc1)c1nc(N)nc(N)n1,OC(=O)CCCCC(O)=O
WARNOV,WARNOV,298.1 K,c1cc(ccn1)c1ccncc1.OB1OCc2cc(F)ccc12,P21/c,False,298.0,highT,c1cc(ccn1)c1ccncc1,OB1OCc2cc(F)ccc12
ITIWAL,ITIWAL,296 K,Oc1c(cc(c([O-])c1N(=O)=O)N(=O)=O)N(=O)=O.NC(=[NH+]O)C(N)=NO,P-1,False,296.0,highT,Oc1c(cc(c([O-])c1N(=O)=O)N(=O)=O)N(=O)=O,NC(=[NH+]O)C(N)=NO
CINXED,CINXED,at 293 K,CC(=O)[O-].NC(N)=[NH+]N=C(c1ccccc1)c1cc(Cl)ccc1N,P21/c,False,293.0,highT,CC(=O)[O-],NC(N)=[NH+]N=C(c1ccccc1)c1cc(Cl)ccc1N
EDAXIQ,EDAXIQ,at 293 K,OC(=O)C=CC(=O)[O-].[NH3+]C(Cc1ccccc1)C(O)=O,P21,False,293.0,highT,OC(=O)C=CC(=O)[O-],[NH3+]C(Cc1ccccc1)C(O)=O
LAPLIY,LAPLIY,at 293 K,c1cc(ccn1)c1ccncc1.Oc1ccc(cc1)C1(CCCCC1)c1ccc(O)cc1,P-1,False,293.0,highT,c1cc(ccn1)c1ccncc1,Oc1ccc(cc1)C1(CCCCC1)c1ccc(O)cc1
ONAPUP,ONAPUP,at 293 K,OC(=O)c1ccccc1Cl.C(Cc1ccncc1)c1ccncc1,P21/c,False,293.0,highT,OC(=O)c1ccccc1Cl,C(Cc1ccncc1)c1ccncc1
FEXSEJ,FEXSEJ,296 K,Nc1ccc(cc1)C(O)=O.CC(=O)c1ccncc1,P212121,False,296.0,highT,Nc1ccc(cc1)C(O)=O,CC(=O)c1ccncc1
MIJWUB,MIJWUB,294 K,[NH2+]=C1NC(=O)NC=C1F.Oc1ccc(O)c(c1)C(=O)[O-],P21/n,False,294.0,highT,[NH2+]=C1NC(=O)NC=C1F,Oc1ccc(O)c(c1)C(=O)[O-]
ENAGEG,ENAGEG,at 300 K,O=S(c1ccccc1)c1ccccc1.NC(=S)C1CCCCC1,P21/c,False,300.0,highT,O=S(c1ccccc1)c1ccccc1,NC(=S)C1CCCCC1
MOFDER,MOFDER,at 298 K,Cc1nc(N)nc(N)n1.CN(C)C=O,Fdd2,False,298.0,highT,Cc1nc(N)nc(N)n1,CN(C)C=O
CIRVUV,CIRVUV,at 298 K,NC1=[NH+]C(=O)NC=C1.OC(=O)c1cc(cc(c1)C(=O)[O-])C(O)=O,P-1,False,298.0,highT,NC1=[NH+]C(=O)NC=C1,OC(=O)c1cc(cc(c1)C(=O)[O-])C(O)=O
JAJZON,JAJZON,298 K,NC(=O)c1cnccn1.OC(=O)C1=CC=C(S1)C(O)=O,C2/c,False,298.0,highT,NC(=O)c1cnccn1,OC(=O)C1=CC=C(S1)C(O)=O
JETJEY,JETJEY,at 295 K,OC(C(O)C(=O)[O-])C(O)=O.[NH3+]C(c1ccccc1)c1c(O)ccc2ccccc12,P21,False,295.0,highT,OC(C(O)C(=O)[O-])C(O)=O,[NH3+]C(c1ccccc1)c1c(O)ccc2ccccc12
GOGYEJ,GOGYEJ,296 K,Nc1cccc(Cl)n1.OC(=O)CCCC(O)=O,P21/c,False,296.0,highT,Nc1cccc(Cl)n1,OC(=O)CCCC(O)=O
ZUWCEZ,ZUWCEZ,at -130 deg.C,c1ccc(cc1)[C+](c1ccccc1)c1ccccc1.FS(=O)(=O)[N-]S(F)(=O)=O,P21/c,False,403.0,highT,c1ccc(cc1)[C+](c1ccccc1)c1ccccc1,FS(=O)(=O)[N-]S(F)(=O)=O
KEBMAH,KEBMAH,at 296 K,Oc1ccc(N2C(=O)c3ccccc3C2=O)c(c1)C(O)=O.c1ccc2ncccc2c1,P-1,False,296.0,highT,Oc1ccc(N2C(=O)c3ccccc3C2=O)c(c1)C(O)=O,c1ccc2ncccc2c1
TUMJES,TUMJES,295 K,NC(=[NH2+])NC(N)=S.Oc1ccc(cc1)S(=O)(=O)[O-],P21/c,False,295.0,highT,NC(=[NH2+])NC(N)=S,Oc1ccc(cc1)S(=O)(=O)[O-]
AFUGER,AFUGER,291 K,[NH3+]C(C)(C)CC(C)=O.OC(=O)C(=O)[O-],P21/n,False,291.0,highT,[NH3+]C(C)(C)CC(C)=O,OC(=O)C(=O)[O-]
KIJSUT,KIJSUT,at 293 K,NC(=O)c1cccnc1.CN1N=NC2=C(N=CN2C1=O)C(N)=O,P21/c,False,293.0,highT,NC(=O)c1cccnc1,CN1N=NC2=C(N=CN2C1=O)C(N)=O
CUPNEJ,CUPNEJ,280 K,Clc1ccc(cc1)S(=O)(=O)[O-].C[n+]1ccc(cc1)C=Cc1ccc(O)cc1,P1,False,280.0,highT,Clc1ccc(cc1)S(=O)(=O)[O-],C[n+]1ccc(cc1)C=Cc1ccc(O)cc1
JIMBAI,JIMBAI,at -70 deg.C,CN(C)[S+](N(C)C)N(C)C.FC(F)(F)C1=C([O-])C(F)(C(=C1C(F)(F)F)C(F)(F)F)C(F)(F)F,P21/c,False,343.0,highT,CN(C)[S+](N(C)C)N(C)C,FC(F)(F)C1=C([O-])C(F)(C(=C1C(F)(F)F)C(F)(F)F)C(F)(F)F
ERIKOF,ERIKOF,at 293 K,OC(=O)C=CC(=O)[O-].[NH3+]C(CO)c1ccccc1,P21/n,False,293.0,highT,OC(=O)C=CC(=O)[O-],[NH3+]C(CO)c1ccccc1
KEKHIS,KEKHIS,at 293 K,OC(=O)c1cccc(O)c1.O1C(=NN=C1c1cccnc1)c1cccnc1,P21/c,False,293.0,highT,OC(=O)c1cccc(O)c1,O1C(=NN=C1c1cccnc1)c1cccnc1
EBONER,EBONER,273 K,OC(=O)c1cc(O)ccc1O.CN1C=CC(=O)C(=C1C)O,P21/c,False,273.0,highT,OC(=O)c1cc(O)ccc1O,CN1C=CC(=O)C(=C1C)O
JEFLEM,JEFLEM,at 298 K,NC1=[NH+]C=CS1.O=C([O-])c1cc(cc(c1)N(=O)=O)N(=O)=O,P21/c,False,298.0,highT,NC1=[NH+]C=CS1,O=C([O-])c1cc(cc(c1)N(=O)=O)N(=O)=O
UCOTUC,UCOTUC,at 298.1 K,CCCCCCCCCCCC(O)=O.NC(=O)c1cccnc1,P-1,False,298.0,highT,CCCCCCCCCCCC(O)=O,NC(=O)c1cccnc1
VOHMIP,VOHMIP,at 295 K,c1ccncc1.NC1=C(c2c(F)c(F)c(F)c(F)c2C1(F)F)C(=O)C(F)(F)F,P21/c,False,295.0,highT,c1ccncc1,NC1=C(c2c(F)c(F)c(F)c(F)c2C1(F)F)C(=O)C(F)(F)F
WEDKUN,WEDKUN,at 296 K,OC(=O)CCCC(O)=O.Nc1cnccn1,P21/c,False,296.0,highT,OC(=O)CCCC(O)=O,Nc1cnccn1
WOPCUA,WOPCUA,at 293 K,C1COCCOCCOCCO1.NC(c1ccccc1)(c1ccccc1)c1ccccc1,P-1,False,293.0,highT,C1COCCOCCOCCO1,NC(c1ccccc1)(c1ccccc1)c1ccccc1
XOMZEG,XOMZEG,at 296 K,OC(=O)C1=CC=C(Cl)S1.Cc1cc(C)nc(N)n1,P21/c,False,296.0,highT,OC(=O)C1=CC=C(Cl)S1,Cc1cc(C)nc(N)n1
ARAMAK,ARAMAK,293 K,NC(N)=S.COC(=O)C=Cc1cccnc1,P21/c,False,293.0,highT,NC(N)=S,COC(=O)C=Cc1cccnc1
SUYXIU,SUYXIU,at 296 K,Nc1[nH+]cc(Br)cc1.O=C([O-])C1=CC=CC(=O)N1,P212121,False,296.0,highT,Nc1[nH+]cc(Br)cc1,O=C([O-])C1=CC=CC(=O)N1
QUDWIX,QUDWIX,298 K,Cc1cc[nH+]c2N(C3CC3)c3ncccc3C(=O)Nc12.Oc1c(cc(cc1N(=O)=O)N(=O)=O)C(=O)[O-],C2/c,False,298.0,highT,Cc1cc[nH+]c2N(C3CC3)c3ncccc3C(=O)Nc12,Oc1c(cc(cc1N(=O)=O)N(=O)=O)C(=O)[O-]
GAQKOA,GAQKOA,at 293 K,CN(CC(O)=O)C(N)=[NH2+].OC(=O)C(=O)[O-],P21/c,False,293.0,highT,CN(CC(O)=O)C(N)=[NH2+],OC(=O)C(=O)[O-]
RUYYAN,RUYYAN,296 K,c1cc(ccn1)c1ccncc1.ON=Cc1c(O)ccc2ccccc12,P21/c,False,296.0,highT,c1cc(ccn1)c1ccncc1,ON=Cc1c(O)ccc2ccccc12
CERXIH,CERXIH,at 298 K,C1N2CN3CN1CN(C2)C3.Oc1ccccc1O,C2/c,False,298.0,highT,C1N2CN3CN1CN(C2)C3,Oc1ccccc1O
YOLKIV,YOLKIV,at 293 K,FC(F)(F)S(=O)(=O)[O-].ON=C1C2=[N+](CCCc3ccccc13)CCC2,C2/c,False,293.0,highT,FC(F)(F)S(=O)(=O)[O-],ON=C1C2=[N+](CCCc3ccccc13)CCC2
EZIDUN,EZIDUN,at 298 K,OC(=O)c1c(F)cccc1F.CC1=NN=C2CN=C(c3ccccc3)c3cc(Cl)ccc3N12,P-1,False,298.0,highT,OC(=O)c1c(F)cccc1F,CC1=NN=C2CN=C(c3ccccc3)c3cc(Cl)ccc3N12
RUDGEE,RUDGEE,at 293 K,COc1ccc(CNS(=O)(=O)[O-])cc1.[NH3+]Cc1ccc(OC)cc1,Pbca,False,293.0,highT,COc1ccc(CNS(=O)(=O)[O-])cc1,[NH3+]Cc1ccc(OC)cc1
NUMJOW,NUMJOW,298 K,NS(=O)(=O)c1ccc(Br)cc1.O=C1CCCCN1,C2/c,False,298.0,highT,NS(=O)(=O)c1ccc(Br)cc1,O=C1CCCCN1
WAHGEV,WAHGEV,296.1 K,OC(=O)C=CC(=O)[O-].O=C(NCCON(=O)=O)c1c[nH+]ccc1,Pca21,False,296.0,highT,OC(=O)C=CC(=O)[O-],O=C(NCCON(=O)=O)c1c[nH+]ccc1
OWIWUN,OWIWUN,at 295 K,CC1=[NH+]C(=CC(=O)N1)C.O=N(=O)c1cc(c([O-])c(c1)N(=O)=O)N(=O)=O,P21/n,False,295.0,highT,CC1=[NH+]C(=CC(=O)N1)C,O=N(=O)c1cc(c([O-])c(c1)N(=O)=O)N(=O)=O
RUNHUG,RUNHUG,296.8 K,CS(C)=O.Cc1cc(N)cc2OC(=O)c3c(O)cc(O)cc3c12,Pn,False,296.0,highT,CS(C)=O,Cc1cc(N)cc2OC(=O)c3c(O)cc(O)cc3c12
AQUMEH,AQUMEH,293 K,NC(N)=S.COC(=O)C=Cc1ccccn1,P21/n,False,293.0,highT,NC(N)=S,COC(=O)C=Cc1ccccn1
SUYNEI,SUYNEI,293 K,O=C1NC(=S)NC(=C1)[O-].CC1=C(C)[N+](=CN1O)O,P-1,False,293.0,highT,O=C1NC(=S)NC(=C1)[O-],CC1=C(C)[N+](=CN1O)O
KEBCON,KEBCON,293.1 K,Nc1cccc(c1)C(O)=O.CC(=O)c1ccncc1,P21/n,False,293.0,highT,Nc1cccc(c1)C(O)=O,CC(=O)c1ccncc1
FASJEQ,FASJEQ,at 298 K,Oc1ccc(cc1C(=O)[O-])N(=O)=O.O=C(CN1C=[NH+]C=C1)c1ccccc1,P212121,False,298.0,highT,Oc1ccc(cc1C(=O)[O-])N(=O)=O,O=C(CN1C=[NH+]C=C1)c1ccccc1
YOVMUS,YOVMUS,at 296 K,[S-]C1=Nc2ccccc2S1.OCC[NH+](CCO)CCO,P21/c,False,296.0,highT,[S-]C1=Nc2ccccc2S1,OCC[NH+](CCO)CCO
FERNEZ,FERNEZ,298 K,O=C([O-])c1c(cc(cc1N(=O)=O)N(=O)=O)N(=O)=O.[NH3+]C(CC1=CNc2ccccc12)C(O)=O,P21/c,False,298.0,highT,O=C([O-])c1c(cc(cc1N(=O)=O)N(=O)=O)N(=O)=O,[NH3+]C(CC1=CNc2ccccc12)C(O)=O
GIYDEZ01,GIYDEZ01,at 293 K,[NH3+]CC(O)=O.CS(=O)(=O)[O-],P21/m,False,293.0,highT,[NH3+]CC(O)=O,CS(=O)(=O)[O-]
TOMWOJ,TOMWOJ,at 293 K,OC(=O)CCCC(O)=O.NC(=O)c1ccccn1,Cmce,False,293.0,highT,OC(=O)CCCC(O)=O,NC(=O)c1ccccn1
CUNVUD,CUNVUD,at 298 K,OC(=O)C=CC(=O)[O-].[NH2+]=C1NC(=O)N(C=C1)C1CSC(CO)O1,P212121,False,298.0,highT,OC(=O)C=CC(=O)[O-],[NH2+]=C1NC(=O)N(C=C1)C1CSC(CO)O1
HEPSAZ05,HEPSAZ05,293 K,[2H]OC(=O)c1ccc(cc1)C(=O)[O-].[2H]N1C=[N+]([2H])C=C1,P21/n,False,293.0,highT,[2H]OC(=O)c1ccc(cc1)C(=O)[O-],[2H]N1C=[N+]([2H])C=C1
XISVUT,XISVUT,293 K,Nc1ccccc1C(=O)[O-].OCC[NH2+]CCO,P21/n,False,293.0,highT,Nc1ccccc1C(=O)[O-],OCC[NH2+]CCO
VEFQEE,VEFQEE,at 292 K,OC(=O)c1[nH+]cccc1.ClC(Cl)(Cl)C(=O)[O-],P21/n,False,292.0,highT,OC(=O)c1[nH+]cccc1,ClC(Cl)(Cl)C(=O)[O-]
MEBZEC,MEBZEC,302.0 K,CC(=O)[O-].Nc1c(Br)cc(Br)cc1C[NH2+]C1CCC(O)CC1,P21/n,False,302.0,highT,CC(=O)[O-],Nc1c(Br)cc(Br)cc1C[NH2+]C1CCC(O)CC1
VEJYUH,VEJYUH,299 K,c1cc(ccn1)c1ccncc1.NS(=O)(=O)c1cc2c(NC=NS2(=O)=O)cc1Cl,P-1,False,299.0,highT,c1cc(ccn1)c1ccncc1,NS(=O)(=O)c1cc2c(NC=NS2(=O)=O)cc1Cl
GALHOT,GALHOT,293 K,FC(F)(F)C(=O)[O-].OC(=O)c1cc[nH+]cc1,Pnma,False,293.0,highT,FC(F)(F)C(=O)[O-],OC(=O)c1cc[nH+]cc1
POCHIA,POCHIA,296 K,NC(=[NH2+])Nc1ccc(F)cc1.CS(=O)(=O)[O-],P21/c,False,296.0,highT,NC(=[NH2+])Nc1ccc(F)cc1,CS(=O)(=O)[O-]
CIXBUI,CIXBUI,at 298 K,NC1=Nc2ccc(Br)cc2S1.OC(=O)CCCCCCCCC(O)=O,P-1,False,298.0,highT,NC1=Nc2ccc(Br)cc2S1,OC(=O)CCCCCCCCC(O)=O
YUYQAM,YUYQAM,298 K,Nc1nnc(c(N)n1)c1cccc(Cl)c1Cl.COc1cc(C=O)ccc1O,P21/c,False,298.0,highT,Nc1nnc(c(N)n1)c1cccc(Cl)c1Cl,COc1cc(C=O)ccc1O
XOKSAR,XOKSAR,at 295 K,OC(=O)C=CC(=O)[O-].CC1(C)C(C1c1cccc2OCCc12)C(=O)NC(N)=[NH2+],P212121,False,295.0,highT,OC(=O)C=CC(=O)[O-],CC1(C)C(C1c1cccc2OCCc12)C(=O)NC(N)=[NH2+]
KUNTUK,KUNTUK,275 K,c1ccncc1.CC(=O)Nc1ccc(O)cc1,P21/c,False,275.0,highT,c1ccncc1,CC(=O)Nc1ccc(O)cc1
FICNEN,FICNEN,293 K,CC1=C([NH+]=CN1)C=O.FC(F)(F)C(=O)[O-],P21/n,False,293.0,highT,CC1=C([NH+]=CN1)C=O,FC(F)(F)C(=O)[O-]
EDASUX,EDASUX,at 293 K,OC(=O)C=CC(=O)[O-].[NH3+]CCC(O)=O,P21/n,False,293.0,highT,OC(=O)C=CC(=O)[O-],[NH3+]CCC(O)=O
GEHLUD,GEHLUD,296 K,OC1=C2SSN=C2C(=O)C2=C1S[S+]=N2.FC(F)(F)S(=O)(=O)[O-],P21/c,False,296.0,highT,OC1=C2SSN=C2C(=O)C2=C1S[S+]=N2,FC(F)(F)S(=O)(=O)[O-]
DILCAE,DILCAE,at 293 K,CC1(C)OC2OC3C(O)C[NH2+]CC3C2O1.Cc1ccc(cc1)S(=O)(=O)[O-],C2,False,293.0,highT,CC1(C)OC2OC3C(O)C[NH2+]CC3C2O1,Cc1ccc(cc1)S(=O)(=O)[O-]
YIRLOE,YIRLOE,294 K,FC(F)(F)S(=O)(=O)[N-]S(=O)(=O)C(F)(F)F.Oc1cccc2ccc[nH+]c12,Pna21,False,294.0,highT,FC(F)(F)S(=O)(=O)[N-]S(=O)(=O)C(F)(F)F,Oc1cccc2ccc[nH+]c12
KEWGAY,KEWGAY,295 K,C[NH+]=C1C[N+](=C(c2ccccc2)c2cc(Cl)ccc2N1)[O-].O=C1[N-]S(=O)(=O)c2ccccc12,Pbca,False,295.0,highT,C[NH+]=C1C[N+](=C(c2ccccc2)c2cc(Cl)ccc2N1)[O-],O=C1[N-]S(=O)(=O)c2ccccc12
AYIKAW,AYIKAW,296 K,c1ccc2cnccc2c1.OC(=O)CCSC1=CC(=O)C(=O)c2ccccc12,P-1,False,296.0,highT,c1ccc2cnccc2c1,OC(=O)CCSC1=CC(=O)C(=O)c2ccccc12
AFUJIW,AFUJIW,at 293 K,O=C([O-])c1ccc(cc1)N(=O)=O.NC1=[NH+]C(=CS1)c1ccccc1,P21,False,293.0,highT,O=C([O-])c1ccc(cc1)N(=O)=O,NC1=[NH+]C(=CS1)c1ccccc1
ORARUV,ORARUV,at 296 K,c1cc(ccn1)c1ccncc1.CC(C)(c1ccc(O)cc1)c1ccc(O)cc1,P21/n,False,296.0,highT,c1cc(ccn1)c1ccncc1,CC(C)(c1ccc(O)cc1)c1ccc(O)cc1
OWIFUW,OWIFUW,at 298 K,OC(=O)CN1C(=O)c2cc3C(=O)N(CC(=O)[O-])C(=O)c3cc2C1=O.C[NH+]1CCN(CC1)CC1=CC(=O)Nc2ccccc12,P21/c,False,298.0,highT,OC(=O)CN1C(=O)c2cc3C(=O)N(CC(=O)[O-])C(=O)c3cc2C1=O,C[NH+]1CCN(CC1)CC1=CC(=O)Nc2ccccc12
VUZLIM,VUZLIM,at 296 K,O=C(NNc1ccccc1)NNc1ccccc1.CN(C)C=O,P21/c,False,296.0,highT,O=C(NNc1ccccc1)NNc1ccccc1,CN(C)C=O
SIHQOR,SIHQOR,at 293 K,OC(=O)CCCC(O)=O.NC(=O)c1cnccn1,P21/n,False,293.0,highT,OC(=O)CCCC(O)=O,NC(=O)c1cnccn1
DOGDIP,DOGDIP,302.3 K,CC1=[NH+]C=C(N1CCOC(=O)c1ccccc1)N(=O)=O.OC(=O)C=CC(=O)[O-],C2/c,False,302.0,highT,CC1=[NH+]C=C(N1CCOC(=O)c1ccccc1)N(=O)=O,OC(=O)C=CC(=O)[O-]
YAXSUN,YAXSUN,at 293 K,OC(=O)c1ccc(Br)cc1.CC1=NN=C2SC(=NN12)c1ccc(Br)cc1,P-1,False,293.0,highT,OC(=O)c1ccc(Br)cc1,CC1=NN=C2SC(=NN12)c1ccc(Br)cc1
CEDQOV,CEDQOV,293 K,CN1CC(=O)NC1=[NH2+].O=C([O-])c1cc(cc(c1)N(=O)=O)N(=O)=O,P21/c,False,293.0,highT,CN1CC(=O)NC1=[NH2+],O=C([O-])c1cc(cc(c1)N(=O)=O)N(=O)=O
UMIMUY,UMIMUY,at 293 K,OC(=O)CCCCC(O)=O.c1cc(ccn1)N=Nc1ccncc1,P-1,False,293.0,highT,OC(=O)CCCCC(O)=O,c1cc(ccn1)N=Nc1ccncc1
ROJKOS,ROJKOS,at 300 K,Nc1[nH+]nc(c(N)n1)c1cccc(Cl)c1Cl.O=C1[N-]S(=O)(=O)c2ccccc12,P-1,False,300.0,highT,Nc1[nH+]nc(c(N)n1)c1cccc(Cl)c1Cl,O=C1[N-]S(=O)(=O)c2ccccc12
SESLIM,SESLIM,at 303 K,Nc1ccc(cc1)C(O)=O.OC(=O)c1cccnc1,Cc,False,303.0,highT,Nc1ccc(cc1)C(O)=O,OC(=O)c1cccnc1
APEGIN,APEGIN,293 K,c1ccc(nc1)c1ccccn1.Oc1cc(O)c(Cl)cc1Cl,C2/c,False,293.0,highT,c1ccc(nc1)c1ccccn1,Oc1cc(O)c(Cl)cc1Cl
HINJUN,HINJUN,293 K,CC1=C(C=C(C#N)C(=O)N1)c1cc[nH+]cc1.Oc1ccc(F)cc1C(=O)[O-],P-1,False,293.0,highT,CC1=C(C=C(C#N)C(=O)N1)c1cc[nH+]cc1,Oc1ccc(F)cc1C(=O)[O-]
ENAYEZ,ENAYEZ,296 K,CC(C)Cc1ccc(cc1)C(C)C(=O)[O-].[NH3+]CCc1ccc(O)cc1,P21/c,False,296.0,highT,CC(C)Cc1ccc(cc1)C(C)C(=O)[O-],[NH3+]CCc1ccc(O)cc1
PEKRUU,PEKRUU,at 295 K,OC(=O)c1cc(O)ccc1O.NC(=O)c1cccnc1,P212121,False,295.0,highT,OC(=O)c1cc(O)ccc1O,NC(=O)c1cccnc1
YOVMUU,YOVMUU,293 K,CN1N(C(=O)C=C1C)c1ccccc1.OC(=O)C=CC(O)=O,P-1,False,293.0,highT,CN1N(C(=O)C=C1C)c1ccccc1,OC(=O)C=CC(O)=O
ARAMEO,ARAMEO,293 K,NC(N)=O.COC(=O)C=Cc1cccnc1,I2/a,False,293.0,highT,NC(N)=O,COC(=O)C=Cc1cccnc1
HUTRAS,HUTRAS,293 K,CCc1[nH+]ccc(c1)C(N)=S.OC(=O)CC(=O)[O-],P-1,False,293.0,highT,CCc1[nH+]ccc(c1)C(N)=S,OC(=O)CC(=O)[O-]
QEPJIF,QEPJIF,at 298 K,CCC(=O)[O-].[NH3+]CCNc1ccc(cc1)N(=O)=O,Pn,False,298.0,highT,CCC(=O)[O-],[NH3+]CCNc1ccc(cc1)N(=O)=O
ANIKEQ,ANIKEQ,293 K,Nc1ccc(cc1)S(=O)(=O)Nc1ncccn1.CN1CCCC1=O,P-1,False,293.0,highT,Nc1ccc(cc1)S(=O)(=O)Nc1ncccn1,CN1CCCC1=O
VELXES,VELXES,295 K,BrN1C(=O)c2ccccc2C1=O.Cc1cncc(C)c1,P21/a,False,295.0,highT,BrN1C(=O)c2ccccc2C1=O,Cc1cncc(C)c1
AFICID,AFICID,at 293 K,OC(=O)c1ccc2ccccc2c1c1c(ccc2ccccc12)C(O)=O.Cc1ccccn1,C2/c,False,293.0,highT,OC(=O)c1ccc2ccccc2c1c1c(ccc2ccccc12)C(O)=O,Cc1ccccn1
UBEGUF,UBEGUF,at 295 K,Nc1[nH+]cccc1O.O=N(=O)c1cc(c([O-])c(c1)N(=O)=O)N(=O)=O,Cc,False,295.0,highT,Nc1[nH+]cccc1O,O=N(=O)c1cc(c([O-])c(c1)N(=O)=O)N(=O)=O
XIBDIX,XIBDIX,at 295 K,NC(=[NH2+])NC(N)=S.Oc1ccc(cc1O)C(=O)[O-],P21/c,False,295.0,highT,NC(=[NH2+])NC(N)=S,Oc1ccc(cc1O)C(=O)[O-]
DIMCOV,DIMCOV,293 K,c1cc(ccn1)c1ccncc1.OC(=O)c1ccc(Cl)nc1,P-1,False,293.0,highT,c1cc(ccn1)c1ccncc1,OC(=O)c1ccc(Cl)nc1
ISEROQ,ISEROQ,273 K,COc1c(Cl)ccc(Cl)c1C(=O)[O-].C[N+](C)(C)CC(O)=O,Pca21,False,273.0,highT,COc1c(Cl)ccc(Cl)c1C(=O)[O-],C[N+](C)(C)CC(O)=O
XABMIZ,XABMIZ,293 K,[NH2+]=C1NC=CS1.Oc1ccc(c(O)c1)C(=O)[O-],P21/c,False,293.0,highT,[NH2+]=C1NC=CS1,Oc1ccc(c(O)c1)C(=O)[O-]
GOKCEQ,GOKCEQ,at 296 K,OC=O.c1cc(ccn1)c1ccncc1,P21,False,296.0,highT,OC=O,c1cc(ccn1)c1ccncc1
POZPAY,POZPAY,296 K,OC(=O)c1ccc(O)cc1.OC(CN1C=NC=N1)(CN1C=NC=N1)c1ccc(F)cc1F,P-1,False,296.0,highT,OC(=O)c1ccc(O)cc1,OC(CN1C=NC=N1)(CN1C=NC=N1)c1ccc(F)cc1F
AFUHUG,AFUHUG,296 K,NNC(=O)C1=C(O)c2ccccc2S(=O)(=O)N1.NNC(=O)C(=O)NN,P-1,False,296.0,highT,NNC(=O)C1=C(O)c2ccccc2S(=O)(=O)N1,NNC(=O)C(=O)NN
JAQZEK,JAQZEK,296 K,COc1cccc(c1)N1CC[NH2+]CC1.COc1cccc(c1)N1CCN(CC1)C(=O)[O-],P-1,False,296.0,highT,COc1cccc(c1)N1CC[NH2+]CC1,COc1cccc(c1)N1CCN(CC1)C(=O)[O-]
QOVLEV,QOVLEV,293 K,Nc1[nH+]cc(Br)cc1.OC(C(=O)[O-])(c1ccccc1)c1ccccc1,P21/c,False,293.0,highT,Nc1[nH+]cc(Br)cc1,OC(C(=O)[O-])(c1ccccc1)c1ccccc1
FOVQOZ,FOVQOZ,296 K,OC(=O)c1cc(cc(c1[O-])N(=O)=O)N(=O)=O.COc1ccc(cc1)N1CC[NH2+]CC1,P21/c,False,296.0,highT,OC(=O)c1cc(cc(c1[O-])N(=O)=O)N(=O)=O,COc1ccc(cc1)N1CC[NH2+]CC1
KUCGIA,KUCGIA,at 293 K,Cc1ccccc1O.Nc1ccccc1F,P21/c,False,293.0,highT,Cc1ccccc1O,Nc1ccccc1F
LIGNIB,LIGNIB,293 K,OC(=O)CCCCC(O)=O.NC1=Nc2ccccc2S1,P21/c,False,293.0,highT,OC(=O)CCCCC(O)=O,NC1=Nc2ccccc2S1
LACTER,LACTER,298 K,Nc1ccc(C(O)=O)c(O)c1.c1ccnnc1,Pnma,False,298.0,highT,Nc1ccc(C(O)=O)c(O)c1,c1ccnnc1
FAQVAV,FAQVAV,at 293 K,Oc1ccc(cc1C(=O)[O-])N(=O)=O.[NH3+]CCO,P21/c,False,293.0,highT,Oc1ccc(cc1C(=O)[O-])N(=O)=O,[NH3+]CCO
KOVSIZ,KOVSIZ,at 296 K,OC(=O)CC(=CC(O)=O)C(O)=O.NC(=O)c1cnccn1,P-1,False,296.0,highT,OC(=O)CC(=CC(O)=O)C(O)=O,NC(=O)c1cnccn1
ROFPAE,ROFPAE,at 295 K,CC(=O)[O-].CC1=C(C)[NH+]=C(N1)c1ccccc1O,P21/n,False,295.0,highT,CC(=O)[O-],CC1=C(C)[NH+]=C(N1)c1ccccc1O
NAWYIX,NAWYIX,293 K,[NH3+]Cc1ccccc1O.Oc1ccc(cc1O)C(=O)[O-],P21/c,False,293.0,highT,[NH3+]Cc1ccccc1O,Oc1ccc(cc1O)C(=O)[O-]
QUQPEZ,QUQPEZ,293 K,Oc1cc(O)c(Cl)cc1Cl.COC(=O)C=Cc1cccnc1,P21/c,False,293.0,highT,Oc1cc(O)c(Cl)cc1Cl,COC(=O)C=Cc1cccnc1
YOTMUQ,YOTMUQ,at 293 K,[NH3+]C(CO)(CO)CO.ClC(Cl)C(=O)[O-],P21,False,293.0,highT,[NH3+]C(CO)(CO)CO,ClC(Cl)C(=O)[O-]
VORLAQ,VORLAQ,at 296 K,CC1=[NH+]c2ccccc2C(=O)N1N.Cc1ccc(cc1)S(=O)(=O)[O-],Cc,False,296.0,highT,CC1=[NH+]c2ccccc2C(=O)N1N,Cc1ccc(cc1)S(=O)(=O)[O-]
IXUCEM,IXUCEM,298 K,CN1C=NC2=C1C(=O)N(CCCCC(C)=O)C(=O)N2C.OC(=O)c1ccc(O)c(O)c1,P21,False,298.0,highT,CN1C=NC2=C1C(=O)N(CCCCC(C)=O)C(=O)N2C,OC(=O)c1ccc(O)c(O)c1
SICQOM,SICQOM,at 296 K,[NH2+]1CCOCC1.Clc1ccc(cc1)C1=C(C#N)C(=O)NC(=C1C#N)[O-],P-1,False,296.0,highT,[NH2+]1CCOCC1,Clc1ccc(cc1)C1=C(C#N)C(=O)NC(=C1C#N)[O-]
NANQID,NANQID,at 293 K,O1C(=NN=C1c1cccnc1)c1cccnc1.OC(=O)c1ccc(cc1)C(O)=O,P-1,False,293.0,highT,O1C(=NN=C1c1cccnc1)c1cccnc1,OC(=O)c1ccc(cc1)C(O)=O
VIGFUO01,VIGFUO01,293 K,ON=C1CCCCC1=NO.C(Cc1ccncc1)c1ccncc1,P-1,False,293.0,highT,ON=C1CCCCC1=NO,C(Cc1ccncc1)c1ccncc1
UWUHEC,UWUHEC,293 K,ClC(Cl)=C(NC(=O)Cc1ccccc1CC(=O)NC(C#N)=C(Cl)Cl)C#N.C1COCCO1,P1,False,293.0,highT,ClC(Cl)=C(NC(=O)Cc1ccccc1CC(=O)NC(C#N)=C(Cl)Cl)C#N,C1COCCO1
RIBXAC,RIBXAC,at 291 K,OC(=O)c1cccc(c1)C(=O)[O-].Oc1c[nH+]ccc1,P21/n,False,291.0,highT,OC(=O)c1cccc(c1)C(=O)[O-],Oc1c[nH+]ccc1
TEZMUI,TEZMUI,at 298 K,Nc1nc(N)nc(n1)c1ccccc1.OC(=O)c1ccccc1,Pc,False,298.0,highT,Nc1nc(N)nc(n1)c1ccccc1,OC(=O)c1ccccc1
RERNUA,RERNUA,296.1 K,NC1=[NH+]C(=O)NC=C1F.CS(=O)(=O)[O-],P21/c,False,296.0,highT,NC1=[NH+]C(=O)NC=C1F,CS(=O)(=O)[O-]
EBONAN,EBONAN,296 K,CN1C=CC(=O)C(=C1C)O.OC(=O)c1ccc(O)cc1,P-1,False,296.0,highT,CN1C=CC(=O)C(=C1C)O,OC(=O)c1ccc(O)cc1
UREWAQ,UREWAQ,at 296 K,[NH3+]C(CO)(CO)CO.O=C[O-],Pbca,False,296.0,highT,[NH3+]C(CO)(CO)CO,O=C[O-]
RIFTUY,RIFTUY,296 K,ClCP(=O)([O-])CCl.CCOC1OCc2c[nH+]c(C)c(O)c12,C2/c,False,296.0,highT,ClCP(=O)([O-])CCl,CCOC1OCc2c[nH+]c(C)c(O)c12
DATFIP,DATFIP,at 293 K,CC(=O)NC1=NN=C(S1)S(N)(=O)=O.NC(=O)c1ccccn1,P-1,False,293.0,highT,CC(=O)NC1=NN=C(S1)S(N)(=O)=O,NC(=O)c1ccccn1
LAPFAL,LAPFAL,at 296 K,Nc1[nH+]cccc1CO.O=C([O-])c1ccccc1C(=O)c1ccccc1,C2/c,False,296.0,highT,Nc1[nH+]cccc1CO,O=C([O-])c1ccccc1C(=O)c1ccccc1
BEVZIP,BEVZIP,293 K,OC(=O)CCC(O)=O.Nc1nc(N)nc(N)n1,P-1,False,293.0,highT,OC(=O)CCC(O)=O,Nc1nc(N)nc(N)n1
ZARBOM,ZARBOM,295 K,[NH3+]C(CCC(O)=O)C(O)=O.Cc1ccc(cc1)S(=O)(=O)[O-],P21,False,295.0,highT,[NH3+]C(CCC(O)=O)C(O)=O,Cc1ccc(cc1)S(=O)(=O)[O-]
WOYPIJ,WOYPIJ,at 293 K,FC(F)(F)C(=O)[O-].COc1cc(Cc2c[nH+]c(N)nc2N)cc(OC)c1OC,P21/a,False,293.0,highT,FC(F)(F)C(=O)[O-],COc1cc(Cc2c[nH+]c(N)nc2N)cc(OC)c1OC
LOYRIC,LOYRIC,296 K,OC(=O)c1cccc(c1)C(O)=O.c1cc(ccn1)c1ccncc1,P-1,False,296.0,highT,OC(=O)c1cccc(c1)C(O)=O,c1cc(ccn1)c1ccncc1
SUXVOW,SUXVOW,at 296 K,c1cc(ccn1)c1ccncc1.OC(=O)c1ccccc1C(O)=O,C2/c,False,296.0,highT,c1cc(ccn1)c1ccncc1,OC(=O)c1ccccc1C(O)=O
APAMEK,APAMEK,at 293 K,Oc1cc(O)cc(O)c1.O=C(C=Cc1ccncc1)C=Cc1ccncc1,P21/c,False,293.0,highT,Oc1cc(O)cc(O)c1,O=C(C=Cc1ccncc1)C=Cc1ccncc1
UNITAN,UNITAN,at 296 K,OC(=O)c1ccc(C(O)=O)c(c1)C(O)=O.CN1C=NC2=C1C(=O)N(C)C(=O)N2C,P-1,False,296.0,highT,OC(=O)c1ccc(C(O)=O)c(c1)C(O)=O,CN1C=NC2=C1C(=O)N(C)C(=O)N2C
KAGPUH,KAGPUH,296.1 K,OC(=O)c1cc(ccc1O)S(=O)(=O)[O-].NC(=O)c1cc[nH+]cc1,C2/c,False,296.0,highT,OC(=O)c1cc(ccc1O)S(=O)(=O)[O-],NC(=O)c1cc[nH+]cc1
EPUHIJ,EPUHIJ,298 K,NC1=[NH+]c2ccccc2S1.ClC(Cl)(Cl)C(=O)[O-],P-1,False,298.0,highT,NC1=[NH+]c2ccccc2S1,ClC(Cl)(Cl)C(=O)[O-]
HUTRIA,HUTRIA,293 K,CCc1[nH+]ccc(c1)C(N)=S.OC(C(O)C(=O)[O-])C(O)=O,P21,False,293.0,highT,CCc1[nH+]ccc(c1)C(N)=S,OC(C(O)C(=O)[O-])C(O)=O
OTIZEX,OTIZEX,at 298 K,OCCCCCCCCCCO.NC(N)=O,P-1,False,298.0,highT,OCCCCCCCCCCO,NC(N)=O
MEXMUB,MEXMUB,293 K,NC(=O)N1c2ccccc2C=Cc2ccccc12.COc1ccc(C(C)=O)c(O)c1,P-1,False,293.0,highT,NC(=O)N1c2ccccc2C=Cc2ccccc12,COc1ccc(C(C)=O)c(O)c1
JUNDAA,JUNDAA,293 K,CC[NH+](CC)CCO.Nc1ccc(cc1)C(=O)[O-],Pna21,False,293.0,highT,CC[NH+](CC)CCO,Nc1ccc(cc1)C(=O)[O-]
ABEQUU,ABEQUU,at 293 K,[NH3+]CCC(O)=O.O=N(=O)c1cc(c([O-])c(c1)N(=O)=O)N(=O)=O,P-1,False,293.0,highT,[NH3+]CCC(O)=O,O=N(=O)c1cc(c([O-])c(c1)N(=O)=O)N(=O)=O
KEXZOD,KEXZOD,at 293 K,OCCCCCCCCCCO.Nc1ccc(N)cc1,P21/c,False,293.0,highT,OCCCCCCCCCCO,Nc1ccc(N)cc1
NUMYUS,NUMYUS,304 K,Fc1c(F)c(F)c(N=Cc2ccncc2)c(F)c1F.OC(=O)c1ccccc1,P-1,False,304.0,highT,Fc1c(F)c(F)c(N=Cc2ccncc2)c(F)c1F,OC(=O)c1ccccc1
COSKUT,COSKUT,296.1 K,NNC(=O)c1ccncc1.COc1cc(cc(OC)c1O)C(O)=O,P-1,False,296.0,highT,NNC(=O)c1ccncc1,COc1cc(cc(OC)c1O)C(O)=O
WOPPOH,WOPPOH,at 290 K,c1cc(ccn1)C=Cc1ccncc1.Oc1cc(O)c(Cl)cc1Cl,P21/n,False,290.0,highT,c1cc(ccn1)C=Cc1ccncc1,Oc1cc(O)c(Cl)cc1Cl
GUQLAH,GUQLAH,295 K,O=S(=O)([O-])c1cccc2c1cccc2S(=O)(=O)[O-].[NH3+]C(CC1=C[NH+]=CN1)C(O)=O,P21,False,295.0,highT,O=S(=O)([O-])c1cccc2c1cccc2S(=O)(=O)[O-],[NH3+]C(CC1=C[NH+]=CN1)C(O)=O
YOYYAP01,YOYYAP01,296 K,Oc1ccccc1C(=O)[O-].Oc1c[nH+]ccc1,P212121,False,296.0,highT,Oc1ccccc1C(=O)[O-],Oc1c[nH+]ccc1
KIJGAP,KIJGAP,298 K,Oc1cc(O)cc(O)c1.CCOc1ccccc1C(N)=O,Pn,False,298.0,highT,Oc1cc(O)cc(O)c1,CCOc1ccccc1C(N)=O
APAWOF,APAWOF,293 K,COc1cc2NC(=NS(=O)(=O)c2c(OC)c1)C(Cl)(Cl)Cl.CS(C)=O,P-1,False,293.0,highT,COc1cc2NC(=NS(=O)(=O)c2c(OC)c1)C(Cl)(Cl)Cl,CS(C)=O
URANAD,URANAD,at 293 K,Clc1ccc(cc1)S(=O)(=O)[O-].[NH3+]c1ccc(Cl)cc1Cl,P-1,False,293.0,highT,Clc1ccc(cc1)S(=O)(=O)[O-],[NH3+]c1ccc(Cl)cc1Cl
PIPLOS,PIPLOS,298 K,[NH3+]C(CO)(CO)CO.O=C([O-])c1ccncc1,P212121,False,298.0,highT,[NH3+]C(CO)(CO)CO,O=C([O-])c1ccncc1
OQIYIX,OQIYIX,at 296 K,OC(C(O)C(=O)[O-])C(O)=O.Oc1ccc2ccccc2c1C1[NH2+]CCC1,C2,False,296.0,highT,OC(C(O)C(=O)[O-])C(O)=O,Oc1ccc2ccccc2c1C1[NH2+]CCC1
GULQOV,GULQOV,293 K,[NH3+]c1ccc(cc1)S(=O)(=O)N=C1NN=C(C)S1.OC(=O)C(=O)[O-],P21/c,False,293.0,highT,[NH3+]c1ccc(cc1)S(=O)(=O)N=C1NN=C(C)S1,OC(=O)C(=O)[O-]
LUTPIC,LUTPIC,273 K,CCCc1cc(ccn1)C(N)=S.OC(=O)c1ccccc1O,P21/c,False,273.0,highT,CCCc1cc(ccn1)C(N)=S,OC(=O)c1ccccc1O
BASYUR,BASYUR,at 298 K,NC1=Nc2ccc(Br)cc2S1.OC(=O)c1ccc(cc1)C(O)=O,P21/c,False,298.0,highT,NC1=Nc2ccc(Br)cc2S1,OC(=O)c1ccc(cc1)C(O)=O
KEZFIG,KEZFIG,at 293 K,[NH3+]CCO.Oc1ccc(cc1)C(=O)[O-],Cc,False,293.0,highT,[NH3+]CCO,Oc1ccc(cc1)C(=O)[O-]
FEBSOX,FEBSOX,300 K,NC(=O)c1ccncc1.OC(=O)c1ccccc1N(=O)=O,P21/c,False,300.0,highT,NC(=O)c1ccncc1,OC(=O)c1ccccc1N(=O)=O
IMEGIR,IMEGIR,at 300 K,[NH3+]C(C)C(O)=O.OC(=O)C(=O)[O-],P21/c,False,300.0,highT,[NH3+]C(C)C(O)=O,OC(=O)C(=O)[O-]
MORQEP,MORQEP,at 296 K,NC(N)=O.CCCCCCCCN,C2/c,False,296.0,highT,NC(N)=O,CCCCCCCCN
HEZXAM,HEZXAM,at 296 K,[NH3+]CCO.OC(C(=O)[O-])c1ccccc1,P212121,False,296.0,highT,[NH3+]CCO,OC(C(=O)[O-])c1ccccc1
ROMZUR,ROMZUR,296 K,OC(=O)c1cccc(n1)C(O)=O.Cc1cc(C)nc(NS(=O)(=O)c2ccc(N)cc2)n1,P21/n,False,296.0,highT,OC(=O)c1cccc(n1)C(O)=O,Cc1cc(C)nc(NS(=O)(=O)c2ccc(N)cc2)n1
OFOKOK,OFOKOK,at 298 K,c1cc(ccn1)c1ccncc1.Cc1ccc(cc1)C(O)=O,P21/c,False,298.0,highT,c1cc(ccn1)c1ccncc1,Cc1ccc(cc1)C(O)=O
KADGAY,KADGAY,at 293 K,COc1cc(Cc2c[nH+]c(N)nc2N)cc(OC)c1OC.O=C([O-])c1ccccc1N(=O)=O,Pbca,False,293.0,highT,COc1cc(Cc2c[nH+]c(N)nc2N)cc(OC)c1OC,O=C([O-])c1ccccc1N(=O)=O
CAMWUJ,CAMWUJ,at 293 K,OC(=O)CC(=O)[O-].[NH3+]C(Cc1c[nH+]c[nH]1)C(=O)[O-],P21,False,293.0,highT,OC(=O)CC(=O)[O-],[NH3+]C(Cc1c[nH+]c[nH]1)C(=O)[O-]
HILPOI,HILPOI,at 293 K,Oc1c(cc(cc1N(=O)=O)N(=O)=O)C(=O)[O-].COc1cc(Cc2c[nH+]c(N)nc2N)cc(OC)c1OC,Pca21,False,293.0,highT,Oc1c(cc(cc1N(=O)=O)N(=O)=O)C(=O)[O-],COc1cc(Cc2c[nH+]c(N)nc2N)cc(OC)c1OC
EZAQII,EZAQII,293 K,COc1cc(OC)nc(N)n1.OC(=O)C=CC(O)=O,P-1,False,293.0,highT,COc1cc(OC)nc(N)n1,OC(=O)C=CC(O)=O
ZEYDAK,ZEYDAK,at 298 K,NC1=[NH+]C(=O)NC=C1.O=N(=O)c1cccc(c1[O-])N(=O)=O,P-1,False,298.0,highT,NC1=[NH+]C(=O)NC=C1,O=N(=O)c1cccc(c1[O-])N(=O)=O
XONBUZ,XONBUZ,at 296 K,OC(=O)C1=CC=C(Cl)S1.C(Cc1ccncc1)Cc1ccncc1,C2,False,296.0,highT,OC(=O)C1=CC=C(Cl)S1,C(Cc1ccncc1)Cc1ccncc1
JODKOD,JODKOD,at 299 K,[NH2+]1CCOCC1.CC(CC(=O)c1ccccc1)C(=O)[O-],P21/n,False,299.0,highT,[NH2+]1CCOCC1,CC(CC(=O)c1ccccc1)C(=O)[O-]
XABMAR,XABMAR,293 K,[NH2+]=C1NC=CS1.Oc1cccc(O)c1C(=O)[O-],C2/c,False,293.0,highT,[NH2+]=C1NC=CS1,Oc1cccc(O)c1C(=O)[O-]
REZPAP,REZPAP,297 K,OC(=O)C=CC(=O)[O-].[NH3+]C(CO)C(O)=O,P-1,False,297.0,highT,OC(=O)C=CC(=O)[O-],[NH3+]C(CO)C(O)=O
JOJXIS,JOJXIS,293 K,OC(=O)c1cc(Cl)cc(Cl)c1O.Cc1cnc(C)c(C)n1,P21/n,False,293.0,highT,OC(=O)c1cc(Cl)cc(Cl)c1O,Cc1cnc(C)c(C)n1
ETECUE,ETECUE,298 K,OC(=O)C(=O)[O-].NC1=[NH+]C(=O)NC=C1Br,P21/c,False,298.0,highT,OC(=O)C(=O)[O-],NC1=[NH+]C(=O)NC=C1Br
HAGZUL,HAGZUL,at 293 K,OC(=O)C(=O)[O-].[NH3+]C(CC(C)C)C(O)=O,P1,False,293.0,highT,OC(=O)C(=O)[O-],[NH3+]C(CC(C)C)C(O)=O
EZIDIB,EZIDIB,at 298 K,OC(=O)C(O)=O.CC1=NN=C2CN=C(c3ccccc3)c3cc(Cl)ccc3N12,C2/c,False,298.0,highT,OC(=O)C(O)=O,CC1=NN=C2CN=C(c3ccccc3)c3cc(Cl)ccc3N12
DUJCAN,DUJCAN,at 298 K,OC(=O)C=CC(=O)[O-].NC1=[NH+]C(=O)NC=C1,C2/c,False,298.0,highT,OC(=O)C=CC(=O)[O-],NC1=[NH+]C(=O)NC=C1
FIVNEF,FIVNEF,273 K,NC(N)=O.COc1cc(C=O)ccc1O,Pnma,False,273.0,highT,NC(N)=O,COc1cc(C=O)ccc1O
JIGKES,JIGKES,293 K,CCCN(CCC)S(=O)(=O)c1ccc(cc1)C(O)=O.c1cc(ccn1)N=Nc1ccncc1,P-1,False,293.0,highT,CCCN(CCC)S(=O)(=O)c1ccc(cc1)C(O)=O,c1cc(ccn1)N=Nc1ccncc1
QUVSAE,QUVSAE,293 K,N#CC(C#N)=C(C#N)[C-](C#N)C#N.CN(C)N=NC1=C([NH+]=CN1)C(N)=O,P-1,False,293.0,highT,N#CC(C#N)=C(C#N)[C-](C#N)C#N,CN(C)N=NC1=C([NH+]=CN1)C(N)=O
HOWLAH,HOWLAH,at 250 K,N#Cc1cc(C#N)c(cc1C#N)C#N.COc1c(O)cc(C)c(O)c1OC,P21/n,False,250.0,highT,N#Cc1cc(C#N)c(cc1C#N)C#N,COc1c(O)cc(C)c(O)c1OC
IYEYES,IYEYES,293 K,C#CCC(C#C)[NH+]1CCOCC1.O=N(=O)c1cc(c([O-])c(c1)N(=O)=O)N(=O)=O,P21/n,False,293.0,highT,C#CCC(C#C)[NH+]1CCOCC1,O=N(=O)c1cc(c([O-])c(c1)N(=O)=O)N(=O)=O
ICIMOX,ICIMOX,at 293 K,[NH3+]CCO.O=C([O-])c1cc(cc(c1)N(=O)=O)N(=O)=O,P212121,False,293.0,highT,[NH3+]CCO,O=C([O-])c1cc(cc(c1)N(=O)=O)N(=O)=O
GAZTIO,GAZTIO,298 K,COc1ccc(cc1OC)C(=O)[O-].CC1=C[NH+]=C(N)S1,P21/n,False,298.0,highT,COc1ccc(cc1OC)C(=O)[O-],CC1=C[NH+]=C(N)S1
WEFKOJ,WEFKOJ,at 293 K,c1ccc2cnccc2c1.Nc1cc(cc(c1)C(O)=O)C(O)=O,P-1,False,293.0,highT,c1ccc2cnccc2c1,Nc1cc(cc(c1)C(O)=O)C(O)=O
ITARIH,ITARIH,298 K,Cc1cccc2SC(=Nc12)N.OC(=O)CCCCCCCCCCC(O)=O,P21/n,False,298.0,highT,Cc1cccc2SC(=Nc12)N,OC(=O)CCCCCCCCCCC(O)=O
KEKNUN,KEKNUN,293 K,OC(=O)c1ccc(F)cc1.NC1=Nc2ccccc2S1,P21/c,False,293.0,highT,OC(=O)c1ccc(F)cc1,NC1=Nc2ccccc2S1
OTIYUM,OTIYUM,at 296 K,OCCCCCCO.NC(N)=O,P-1,False,296.0,highT,OCCCCCCO,NC(N)=O
XONBOT,XONBOT,at 296 K,OC(=O)C1=CC=CS1.c1cc(ccn1)c1ccncc1,Pbcn,False,296.0,highT,OC(=O)C1=CC=CS1,c1cc(ccn1)c1ccncc1
WUKRUP,WUKRUP,at 296.2 K,FC(F)(F)S(=O)(=O)[O-].O=C(Oc1ccccc1)[n+]1cccc2ccccc12,P21/n,False,296.0,highT,FC(F)(F)S(=O)(=O)[O-],O=C(Oc1ccccc1)[n+]1cccc2ccccc12
MILKIF,MILKIF,296 K,OC(=O)c1ccc(O)cc1O.NC(N)=O,Pnma,False,296.0,highT,OC(=O)c1ccc(O)cc1O,NC(N)=O
TADRUM,TADRUM,at 298 K,NC1=[NH+]C(=CS1)C1=CSC(=[NH+]1)N.O=C([O-])C=CC(=O)[O-],P21/c,False,298.0,highT,NC1=[NH+]C(=CS1)C1=CSC(=[NH+]1)N,O=C([O-])C=CC(=O)[O-]
CIBZAQ,CIBZAQ,at 296 K,OC(C(O)C(=O)[O-])C(O)=O.C[NH2+]CC(O)=O,P212121,False,296.0,highT,OC(C(O)C(=O)[O-])C(O)=O,C[NH2+]CC(O)=O
DOWNIP,DOWNIP,293 K,NC1=[NH+]C=CS1.O=C1[N-]S(=O)(=O)c2ccccc12,P-1,False,293.0,highT,NC1=[NH+]C=CS1,O=C1[N-]S(=O)(=O)c2ccccc12
BAYQOL,BAYQOL,298 K,Clc1cccc(Cl)c1C(=O)[O-].Cc1cccc2SC(=[NH2+])Nc12,P21/c,False,298.0,highT,Clc1cccc(Cl)c1C(=O)[O-],Cc1cccc2SC(=[NH2+])Nc12
KIDNIV,KIDNIV,at 292 K,Cc1cc(CN2C=[NH+]C=C2)c(O)c(CN2C=CN=C2)c1.OC(=O)c1cccc(c1)C(=O)[O-],P-1,False,292.0,highT,Cc1cc(CN2C=[NH+]C=C2)c(O)c(CN2C=CN=C2)c1,OC(=O)c1cccc(c1)C(=O)[O-]
LEXKOS,LEXKOS,298 K,CN1C(=O)NC(=O)C2=C1NC=[N+]2C.CS(=O)(=O)[O-],C2/c,False,298.0,highT,CN1C(=O)NC(=O)C2=C1NC=[N+]2C,CS(=O)(=O)[O-]
BAVYEC,BAVYEC,at -80 deg.C,CN(C)C(=O)C1(C#N)C(C#N)(C#N)C1(C#N)C#N.C1COCCO1,P21/c,False,353.0,highT,CN(C)C(=O)C1(C#N)C(C#N)(C#N)C1(C#N)C#N,C1COCCO1
NANQAV,NANQAV,at 293 K,OC(=O)c1cccc(c1)C(O)=O.O1C(=NN=C1c1cccnc1)c1cccnc1,P-1,False,293.0,highT,OC(=O)c1cccc(c1)C(O)=O,O1C(=NN=C1c1cccnc1)c1cccnc1
UPEDUQ,UPEDUQ,296 K,OC(=O)CCCCC(O)=O.Nc1nc(N)nc(n1)c1ccc(Br)cc1,P-1,False,296.0,highT,OC(=O)CCCCC(O)=O,Nc1nc(N)nc(n1)c1ccc(Br)cc1
MADTAP,MADTAP,298 K,CC(=O)NC1=NN=C(S1)S(N)(=O)=O.NC(=O)c1cccnc1,P-1,False,298.0,highT,CC(=O)NC1=NN=C(S1)S(N)(=O)=O,NC(=O)c1cccnc1
YUPPEH,YUPPEH,293 K,CCN1C=Nc2c(N)ncnc12.OC(=O)C=CC(O)=O,P21/n,False,293.0,highT,CCN1C=Nc2c(N)ncnc12,OC(=O)C=CC(O)=O
HETRAD,HETRAD,293 K,NS(=O)(=O)[O-].[NH3+]C(CC1=C[NH+]=CN1)C(=O)[O-],P212121,False,293.0,highT,NS(=O)(=O)[O-],[NH3+]C(CC1=C[NH+]=CN1)C(=O)[O-]
NEKNUQ,NEKNUQ,295 K,CCOc1ccc2[nH+]c3cc(N)ccc3c(N)c2c1.Brc1cccc(c1)C(=O)[O-],P21/c,False,295.0,highT,CCOc1ccc2[nH+]c3cc(N)ccc3c(N)c2c1,Brc1cccc(c1)C(=O)[O-]
NAXBAT,NAXBAT,293 K,[NH3+]Cc1ccccc1O.Cc1ccc(cc1)C(=O)[O-],P-1,False,293.0,highT,[NH3+]Cc1ccccc1O,Cc1ccc(cc1)C(=O)[O-]
UKITAM,UKITAM,298 K,Cc1cccc2SC(=[NH2+])Nc12.ClC(Cl)(Cl)C(=O)[O-],P-1,False,298.0,highT,Cc1cccc2SC(=[NH2+])Nc12,ClC(Cl)(Cl)C(=O)[O-]
PEFCAG,PEFCAG,at 293 K,c1cc(ccn1)c1ccncc1.OC(=O)c1ccccc1Nc1ccccc1,P-1,False,293.0,highT,c1cc(ccn1)c1ccncc1,OC(=O)c1ccccc1Nc1ccccc1
EXEYIQ,EXEYIQ,at 293 K,OC(=O)C=Cc1ccccc1.Cc1cc(Cl)nc(N)n1,P21/c,False,293.0,highT,OC(=O)C=Cc1ccccc1,Cc1cc(Cl)nc(N)n1
KUVXIL,KUVXIL,293 K,O=C([O-])c1ccc(cc1N(=O)=O)N(=O)=O.[NH3+]c1ccc(Br)cc1,P21/c,False,293.0,highT,O=C([O-])c1ccc(cc1N(=O)=O)N(=O)=O,[NH3+]c1ccc(Br)cc1
QEDTIE,QEDTIE,at 293 K,NC(=O)c1cc[nH+]cc1.ClC(Cl)(Cl)C(=O)[O-],Pna21,False,293.0,highT,NC(=O)c1cc[nH+]cc1,ClC(Cl)(Cl)C(=O)[O-]
ZINYAA,ZINYAA,295 K,CC1CC23C=CC(=O)CC2Nc2ccccc2C3=[NH+]1.Oc1ccccc1C(=O)[O-],P21/n,False,295.0,highT,CC1CC23C=CC(=O)CC2Nc2ccccc2C3=[NH+]1,Oc1ccccc1C(=O)[O-]
IWUHEN,IWUHEN,at 295 K,CC(=O)NC1=NN(C(=O)C1)c1c(Cl)cc(Cl)cc1Cl.C1COCCO1,P21/a,False,295.0,highT,CC(=O)NC1=NN(C(=O)C1)c1c(Cl)cc(Cl)cc1Cl,C1COCCO1
HUNXAP,HUNXAP,at 293 K,C1COCCOc2ccccc2OCCOCCO1.NC1=NON=C1N,P212121,False,293.0,highT,C1COCCOc2ccccc2OCCOCCO1,NC1=NON=C1N
EYIXAL,EYIXAL,at 293 K,OC1=C([O-])C(=O)C1=O.NC(=O)c1[nH+]cccc1,Ima2,False,293.0,highT,OC1=C([O-])C(=O)C1=O,NC(=O)c1[nH+]cccc1
EGIQAO,EGIQAO,at 293 K,OC(=O)c1ccc(O)cc1.NC(=O)c1ccccc1O,P21,False,293.0,highT,OC(=O)c1ccc(O)cc1,NC(=O)c1ccccc1O
LISJOQ,LISJOQ,296 K,CCCc1[nH+]ccc(c1)C(N)=S.Cc1ccc(cc1)S(=O)(=O)[O-],P-1,False,296.0,highT,CCCc1[nH+]ccc(c1)C(N)=S,Cc1ccc(cc1)S(=O)(=O)[O-]
HAZMAA,HAZMAA,293 K,C[NH2+]CCO.Clc1cc(ccc1C(=O)[O-])N(=O)=O,P-1,False,293.0,highT,C[NH2+]CCO,Clc1cc(ccc1C(=O)[O-])N(=O)=O
ECEQEL,ECEQEL,295 K,OC(=O)CNc1ccccc1C(O)=O.N#Cc1ccncc1,P-1,False,295.0,highT,OC(=O)CNc1ccccc1C(O)=O,N#Cc1ccncc1
LIJZEM,LIJZEM,298 K,[NH3+]c1ccc(cc1)C(O)=O.ClC(Cl)(Cl)C(=O)[O-],P21/c,False,298.0,highT,[NH3+]c1ccc(cc1)C(O)=O,ClC(Cl)(Cl)C(=O)[O-]
BASYIF,BASYIF,at 298 K,OC(C(O)C(=O)[O-])C(O)=O.[NH2+]=C1Nc2ccc(Br)cc2S1,C2,False,298.0,highT,OC(C(O)C(=O)[O-])C(O)=O,[NH2+]=C1Nc2ccc(Br)cc2S1
IXONEO,IXONEO,at 298 K,CC(O)(C(N)=[NH2+])c1ccccc1.OC(C(=O)[O-])c1ccccc1,P212121,False,298.0,highT,CC(O)(C(N)=[NH2+])c1ccccc1,OC(C(=O)[O-])c1ccccc1
ZAPSUI,ZAPSUI,298 K,OC1=C(F)C(=O)C(=C(F)C1=O)O.O=C1CCCN1,P-1,False,298.0,highT,OC1=C(F)C(=O)C(=C(F)C1=O)O,O=C1CCCN1
HAMQEU,HAMQEU,293 K,FC(F)(F)C(=O)[O-].[NH3+]c1ccc(OC)cc1,P21/c,False,293.0,highT,FC(F)(F)C(=O)[O-],[NH3+]c1ccc(OC)cc1
DEYQUW,DEYQUW,296 K,CCOc1ccccc1C(N)=O.COc1cc(C=CC(O)=O)cc(OC)c1O,P21/c,False,296.0,highT,CCOc1ccccc1C(N)=O,COc1cc(C=CC(O)=O)cc(OC)c1O
LOFDER01,LOFDER01,at 295 K,OC(=O)c1cc(ccc1O)S(=O)(=O)[O-].[NH3+]CC(O)=O,P21/c,False,295.0,highT,OC(=O)c1cc(ccc1O)S(=O)(=O)[O-],[NH3+]CC(O)=O
JIFMAQ,JIFMAQ,296 K,OC(=O)C(=O)[O-].Oc1cccc2ccc[nH+]c12,P21/n,False,296.0,highT,OC(=O)C(=O)[O-],Oc1cccc2ccc[nH+]c12
NUSHIT,NUSHIT,at 293 K,Nc1nc(N)nc(N)n1.OC(=O)CCCCC(O)=O,P-1,False,293.0,highT,Nc1nc(N)nc(N)n1,OC(=O)CCCCC(O)=O
LEBVIB,LEBVIB,298 K,Cc1ccc(cn1)C(N)=O.OC(=O)c1ccccc1c1ccccc1C(O)=O,C2/c,False,298.0,highT,Cc1ccc(cn1)C(N)=O,OC(=O)c1ccccc1c1ccccc1C(O)=O
KIDXEC,KIDXEC,300 K,OC(=O)C(O)=O.CNC(=O)NC,P21/n,False,300.0,highT,OC(=O)C(O)=O,CNC(=O)NC
AJUYIN,AJUYIN,at 293 K,C1COCCOCCOCCO1.NC(=S)NNC(N)=S,P21/c,False,293.0,highT,C1COCCOCCOCCO1,NC(=S)NNC(N)=S
ODUKUW,ODUKUW,294 K,Oc1c(cc(cc1N(=O)=O)N(=O)=O)C(=O)[O-].Nc1[nH+]nc(c(N)n1)c1cccc(Cl)c1Cl,P-1,False,294.0,highT,Oc1c(cc(cc1N(=O)=O)N(=O)=O)C(=O)[O-],Nc1[nH+]nc(c(N)n1)c1cccc(Cl)c1Cl
ABULIU,ABULIU,at 293 K,NC(=O)c1cccnc1.Nc1ccc(cc1)C(O)=O,P-1,False,293.0,highT,NC(=O)c1cccnc1,Nc1ccc(cc1)C(O)=O
SAGGUE,SAGGUE,at 296 K,OC(=O)C=CC(=O)[O-].Nc1[nH+]cc(Cl)cn1,P21/c,False,296.0,highT,OC(=O)C=CC(=O)[O-],Nc1[nH+]cc(Cl)cn1
NIJGOE,NIJGOE,296 K,Nc1nc(N)nc(n1)c1ccccc1.OC(=O)C(O)=O,P21/c,False,296.0,highT,Nc1nc(N)nc(n1)c1ccccc1,OC(=O)C(O)=O
MOXVIF03,MOXVIF03,298 K,OC(=O)c1ccc(O)cc1.NC(=O)N1c2ccccc2C=Cc2ccccc12,P21,False,298.0,highT,OC(=O)c1ccc(O)cc1,NC(=O)N1c2ccccc2C=Cc2ccccc12
LISKIL,LISKIL,296 K,CCCc1[nH+]ccc(c1)C(N)=S.OC(=O)c1ccccc1C(=O)[O-],P21/c,False,296.0,highT,CCCc1[nH+]ccc(c1)C(N)=S,OC(=O)c1ccccc1C(=O)[O-]
SEYWOJ,SEYWOJ,at 293 K,[NH3+]CC(O)=O.CS(=O)(=O)[O-],P21/n,False,293.0,highT,[NH3+]CC(O)=O,CS(=O)(=O)[O-]
DAYZOT,DAYZOT,at 293 K,O1C(=NN=C1c1ccncc1)c1ccncc1.OC(=O)CC(O)=O,P-1,False,293.0,highT,O1C(=NN=C1c1ccncc1)c1ccncc1,OC(=O)CC(O)=O
BOWKOO,BOWKOO,at 295 K,OC(=O)C(=O)[O-].[NH3+]C(CS)C(O)=O,P-1,False,295.0,highT,OC(=O)C(=O)[O-],[NH3+]C(CS)C(O)=O
TAZNAM,TAZNAM,293 K,c1cnc2ncccc2c1.OB(O)C1=CC=C(S1)B(O)O,P21/c,False,293.0,highT,c1cnc2ncccc2c1,OB(O)C1=CC=C(S1)B(O)O
QAYBAW01,QAYBAW01,293 K,c1cc(ccn1)C=Cc1ccncc1.CNC(=S)NN=Cc1ccc(O)cc1O,P21/c,False,293.0,highT,c1cc(ccn1)C=Cc1ccncc1,CNC(=S)NN=Cc1ccc(O)cc1O
QAXZAT,QAXZAT,293 K,c1cc(ccn1)C=Cc1ccncc1.Oc1ccc(C=NNC(=S)Nc2ccccc2)c(O)c1,P21/c,False,293.0,highT,c1cc(ccn1)C=Cc1ccncc1,Oc1ccc(C=NNC(=S)Nc2ccccc2)c(O)c1
KIJFIW,KIJFIW,298 K,CCOc1ccccc1C(N)=O.Oc1ccccc1O,P-1,False,298.0,highT,CCOc1ccccc1C(N)=O,Oc1ccccc1O
FUSGUX,FUSGUX,298 K,NS(=O)(=O)c1ccc(cc1)C(O)=O.O=C1CCCCCN1,P212121,False,298.0,highT,NS(=O)(=O)c1ccc(cc1)C(O)=O,O=C1CCCCCN1
ZEYDEO,ZEYDEO,298 K,[NH2+]=C1NC(=O)NC=C1.Cc1c(cc(cc1N(=O)=O)C(=O)[O-])N(=O)=O,Pbca,False,298.0,highT,[NH2+]=C1NC(=O)NC=C1,Cc1c(cc(cc1N(=O)=O)C(=O)[O-])N(=O)=O
XOLHUC,XOLHUC,at 293 K,c1cc(ccn1)c1ccncc1.OC(=O)CCCCCC(O)=O,P21/c,False,293.0,highT,c1cc(ccn1)c1ccncc1,OC(=O)CCCCCC(O)=O
RELQAE,RELQAE,293 K,OC(C(O)C(=O)[O-])C(O)=O.Fc1ccc(cc1)N1CC[NH2+]CC1,P212121,False,293.0,highT,OC(C(O)C(=O)[O-])C(O)=O,Fc1ccc(cc1)N1CC[NH2+]CC1
FASJOA,FASJOA,at 298 K,O=C(CN1C=CN=C1)c1ccccc1.OC(=O)c1ccc(cc1)N(=O)=O,P-1,False,298.0,highT,O=C(CN1C=CN=C1)c1ccccc1,OC(=O)c1ccc(cc1)N(=O)=O
FOVREQ,FOVREQ,293 K,OC(=O)C=CC(=O)[O-].COc1ccc(cc1)N1CC[NH2+]CC1,P21/c,False,293.0,highT,OC(=O)C=CC(=O)[O-],COc1ccc(cc1)N1CC[NH2+]CC1
TENSOW,TENSOW,at 298 K,OC(=O)c1cccc(c1)C(O)=O.c1cc(ccn1)c1cncnc1,P-1,False,298.0,highT,OC(=O)c1cccc(c1)C(O)=O,c1cc(ccn1)c1cncnc1
BESZEH,BESZEH,293 K,Cc1nc(C)c(C)nc1C.Oc1cccc(O)c1Cl,Pca21,False,293.0,highT,Cc1nc(C)c(C)nc1C,Oc1cccc(O)c1Cl
FAHQUB,FAHQUB,at 298 K,OC(=O)C(=O)[O-].COC(=O)C1CC[NH2+]C1c1ccccc1,P21,False,298.0,highT,OC(=O)C(=O)[O-],COC(=O)C1CC[NH2+]C1c1ccccc1
HAXYAJ,HAXYAJ,293 K,OC(=O)CCCCCCCC(=O)[O-].[NH3+]CCC(=O)NC(CC1=C[NH+]=CN1)C(=O)[O-],P21,False,293.0,highT,OC(=O)CCCCCCCC(=O)[O-],[NH3+]CCC(=O)NC(CC1=C[NH+]=CN1)C(=O)[O-]
ACOSUH,ACOSUH,at 296.1 K,[NH3+]C(C)c1ccc(F)cc1.CCP(=O)([S-])Oc1ccccc1,P21,False,296.0,highT,[NH3+]C(C)c1ccc(F)cc1,CCP(=O)([S-])Oc1ccccc1
SAQKON,SAQKON,296 K,CC[n+]1cccc(O)c1.OC1=C([O-])C(=O)C1=O,P21/c,False,296.0,highT,CC[n+]1cccc(O)c1,OC1=C([O-])C(=O)C1=O
UBEHIU,UBEHIU,at 295 K,OC(=O)c1[nH+]cccc1.O=N(=O)c1cc(c([O-])c(c1)N(=O)=O)N(=O)=O,P21/n,False,295.0,highT,OC(=O)c1[nH+]cccc1,O=N(=O)c1cc(c([O-])c(c1)N(=O)=O)N(=O)=O
XONBIN,XONBIN,at 296 K,c1cc(ccn1)c1ccncc1.OC(=O)C1=CC=C(Cl)S1,P21/c,False,296.0,highT,c1cc(ccn1)c1ccncc1,OC(=O)C1=CC=C(Cl)S1
LEJSEB,LEJSEB,296.1 K,CN1C=CN(C)C1=C1C(=O)c2ccccc2c2ccccc12.C1CCOC1,P-1,False,296.0,highT,CN1C=CN(C)C1=C1C(=O)c2ccccc2c2ccccc12,C1CCOC1
VELXAO,VELXAO,295 K,C1CN2CCN1CC2.BrN1C(=O)c2ccccc2C1=O,C2/c,False,295.0,highT,C1CN2CCN1CC2,BrN1C(=O)c2ccccc2C1=O
POZCOZ,POZCOZ,300.1 K,Cc1ccnc2N(C3CC3)c3ncccc3C(=O)Nc12.OC(=O)c1ccc(O)cc1,C2/c,False,300.0,highT,Cc1ccnc2N(C3CC3)c3ncccc3C(=O)Nc12,OC(=O)c1ccc(O)cc1
OQIFEB,OQIFEB,295 K,Nc1nc(N)nc(N)n1.OC(=O)Cc1ccc(Cl)cc1,C2/c,False,295.0,highT,Nc1nc(N)nc(N)n1,OC(=O)Cc1ccc(Cl)cc1
VEDLOI,VEDLOI,293 K,C(N1C=CN=C1)N1C=CN=C1.OC(=O)CCCCCCC(O)=O,P21/c,False,293.0,highT,C(N1C=CN=C1)N1C=CN=C1,OC(=O)CCCCCCC(O)=O
KAXMAB,KAXMAB,298.2 K,CCc1nc(N)nc(N)c1c1ccc(Cl)cc1.OC(=O)CCCCCCCCC(O)=O,P-1,False,298.0,highT,CCc1nc(N)nc(N)c1c1ccc(Cl)cc1,OC(=O)CCCCCCCCC(O)=O
ZIHZUP01,ZIHZUP01,295 K,OC1C[NH+]2CCC1CC2.CS(=O)(=O)[O-],P212121,False,295.0,highT,OC1C[NH+]2CCC1CC2,CS(=O)(=O)[O-]
OKIQAA,OKIQAA,at 293 K,[NH3+]C1C(O)Cc2ccccc12.COc1ccc2cc(ccc2c1)C(C)C(=O)[O-],P21,False,293.0,highT,[NH3+]C1C(O)Cc2ccccc12,COc1ccc2cc(ccc2c1)C(C)C(=O)[O-]
ZIPYEG,ZIPYEG,298 K,COc1[nH+]c(N)nc(OC)c1.O=C([O-])c1cnccn1,P-1,False,298.0,highT,COc1[nH+]c(N)nc(OC)c1,O=C([O-])c1cnccn1
QIPRAL,QIPRAL,293 K,C[P+](C)(C)CCO.O=N(=O)c1cc(c([O-])c(c1)N(=O)=O)N(=O)=O,P1,False,293.0,highT,C[P+](C)(C)CCO,O=N(=O)c1cc(c([O-])c(c1)N(=O)=O)N(=O)=O
CONWOT,CONWOT,at 298 K,Cc1c(C)c(N)c(C)c(C)c1N.BrC1=C(Br)C(=O)C(=C(Br)C1=O)Br,P-1,False,298.0,highT,Cc1c(C)c(N)c(C)c(C)c1N,BrC1=C(Br)C(=O)C(=C(Br)C1=O)Br
PAZCUO01,PAZCUO01,293 K,[NH3+]C(CO)C(O)=O.OC1=C([O-])C(=O)C1=O,C2,False,293.0,highT,[NH3+]C(CO)C(O)=O,OC1=C([O-])C(=O)C1=O
KITGEC,KITGEC,293 K,O=C1CC(=O)NC(=O)N1.NC1=NC(=O)NC=C1,P-1,False,293.0,highT,O=C1CC(=O)NC(=O)N1,NC1=NC(=O)NC=C1
SECYOR,SECYOR,295 K,COc1ccncc1.BrN1C(=O)CCC1=O,P21,False,295.0,highT,COc1ccncc1,BrN1C(=O)CCC1=O
BAYQEB,BAYQEB,298 K,Cc1cccc2SC(=[NH2+])Nc12.Brc1ccc(cc1)C(=O)[O-],P21/n,False,298.0,highT,Cc1cccc2SC(=[NH2+])Nc12,Brc1ccc(cc1)C(=O)[O-]
DUZNIW,DUZNIW,at 294 K,O=C([O-])c1cccnc1.NC1=[NH+]C(=O)NC=C1,P21/n,False,294.0,highT,O=C([O-])c1cccnc1,NC1=[NH+]C(=O)NC=C1
IFUVOY,IFUVOY,295 K,OC(=O)C=CC(=O)[O-].CC(c1ncncc1F)C(O)(CN1C=[NH+]C=N1)c1ccc(F)cc1F,P21,False,295.0,highT,OC(=O)C=CC(=O)[O-],CC(c1ncncc1F)C(O)(CN1C=[NH+]C=N1)c1ccc(F)cc1F
UVOHOF,UVOHOF,293 K,CCc1nc(N)nc(N)c1c1ccc(Cl)cc1.CN1C=NC2=C1C(=O)N(C)C(=O)N2C,P-1,False,293.0,highT,CCc1nc(N)nc(N)c1c1ccc(Cl)cc1,CN1C=NC2=C1C(=O)N(C)C(=O)N2C
TOJLEM,TOJLEM,295 K,OC(CC(=O)[O-])C(O)=O.[NH3+]C(C(N)=O)c1ccccc1,P212121,False,295.0,highT,OC(CC(=O)[O-])C(O)=O,[NH3+]C(C(N)=O)c1ccccc1
GABZEP,GABZEP,at 296 K,N(c1cccc(Nc2ccccn2)c1)c1ccccn1.OC(=O)C(O)=O,Pnma,False,296.0,highT,N(c1cccc(Nc2ccccn2)c1)c1ccccn1,OC(=O)C(O)=O
YIRREZ,YIRREZ,296 K,N#Cc1ccncc1.OC(=O)c1ccccc1Br,P-1,False,296.0,highT,N#Cc1ccncc1,OC(=O)c1ccccc1Br
YUMQOO,YUMQOO,298 K,OC(=O)c1cccc(c1)C(O)=O.C(CCN1C=CN=C1)CN1C=CN=C1,P-1,False,298.0,highT,OC(=O)c1cccc(c1)C(O)=O,C(CCN1C=CN=C1)CN1C=CN=C1
VIGFAT,VIGFAT,at 293 K,O=C1CC(=O)NC(=O)N1.[O]n1ccn([O])c2ccccc12,P21/n,False,293.0,highT,O=C1CC(=O)NC(=O)N1,[O]n1ccn([O])c2ccccc12
BOPHOG,BOPHOG,296 K,OC(C(O)C(=O)[O-])C(O)=O.[NH3+]NC(=O)c1ccncc1,P21/n,False,296.0,highT,OC(C(O)C(=O)[O-])C(O)=O,[NH3+]NC(=O)c1ccncc1
MAZZUJ,MAZZUJ,at 293 K,[NH2+]1CCOCCOCCOCC1.Nc1ccc(cc1)C(=O)[O-],P21,False,293.0,highT,[NH2+]1CCOCCOCCOCC1,Nc1ccc(cc1)C(=O)[O-]
IDODIQ02,IDODIQ02,296 K,C[n+]1ccc(cc1)C=Cc1ccc(Br)cc1.Cc1ccc(cc1)S(=O)(=O)[O-],P21/c,False,296.0,highT,C[n+]1ccc(cc1)C=Cc1ccc(Br)cc1,Cc1ccc(cc1)S(=O)(=O)[O-]
XAXPIV02,XAXPIV02,at 299 K,OC(=O)C=CC(O)=O.NC(=O)C=Cc1ccccc1,P21/n,False,299.0,highT,OC(=O)C=CC(O)=O,NC(=O)C=Cc1ccccc1
DUHSEF,DUHSEF,at 295 K,NS(=O)(=O)C(F)(F)F.C1OCC2(CO1)COCOC2,Ama2,False,295.0,highT,NS(=O)(=O)C(F)(F)F,C1OCC2(CO1)COCOC2
VELWAN,VELWAN,295 K,BrN1C(=O)c2ccccc2C1=O.COC(=O)c1cccnc1,P21/n,False,295.0,highT,BrN1C(=O)c2ccccc2C1=O,COC(=O)c1cccnc1
ZEGWAN01,ZEGWAN01,297.1 K,[NH2+]1CCOCC1.CC1=CC(=NO1)[N-]S(=O)(=O)c1ccc(N)cc1,Pna21,False,297.0,highT,[NH2+]1CCOCC1,CC1=CC(=NO1)[N-]S(=O)(=O)c1ccc(N)cc1
MUSJUG,MUSJUG,at 294 K,C[n+]1ccc(cc1)C=Cc1ccc(O)cc1.OC1=C([O-])C(=O)C1=O,P21/c,False,294.0,highT,C[n+]1ccc(cc1)C=Cc1ccc(O)cc1,OC1=C([O-])C(=O)C1=O
EVEZOV,EVEZOV,at 293 K,C(N1c2ccccc2N=C1c1ccccc1)c1ccccc1.Oc1ccc(cc1)C1(CCCCC1)c1ccc(O)cc1,P-1,False,293.0,highT,C(N1c2ccccc2N=C1c1ccccc1)c1ccccc1,Oc1ccc(cc1)C1(CCCCC1)c1ccc(O)cc1
AGOKUC,AGOKUC,at 298 K,O=N(=O)c1ccc(cc1)S(=O)(=O)[O-].[NH3+]CC(O)CNS(=O)(=O)c1ccc(cc1)N(=O)=O,P21/c,False,298.0,highT,O=N(=O)c1ccc(cc1)S(=O)(=O)[O-],[NH3+]CC(O)CNS(=O)(=O)c1ccc(cc1)N(=O)=O
SOVQEZ,SOVQEZ,at 273 K,OC(=O)CCC(O)=O.Nc1cc(N)nc(N)n1,P-1,False,273.0,highT,OC(=O)CCC(O)=O,Nc1cc(N)nc(N)n1
XOBFIE,XOBFIE,at 293 K,O=C([O-])CS(=O)C(c1ccccc1)c1ccccc1.OCC[NH+](CCO)CCO,P212121,False,293.0,highT,O=C([O-])CS(=O)C(c1ccccc1)c1ccccc1,OCC[NH+](CCO)CCO
SOVFOY,SOVFOY,at 273 K,c1cc(ccn1)c1ccncc1.OC(=O)CSCC(O)=O,P-1,False,273.0,highT,c1cc(ccn1)c1ccncc1,OC(=O)CSCC(O)=O
TASLUY,TASLUY,293 K,OC1=C(Cl)C(=O)C(=C(Cl)C1=O)[O-].Cc1[nH+]c2c(O)cccc2cc1,Pna21,False,293.0,highT,OC1=C(Cl)C(=O)C(=C(Cl)C1=O)[O-],Cc1[nH+]c2c(O)cccc2cc1
NIGVIK,NIGVIK,at 295 K,COC(=O)COc1ccc2C(=C(Cl)C(=O)Oc2c1)C.Nc1ccccc1C1=Nc2ccccc2S1,P21/n,False,295.0,highT,COC(=O)COc1ccc2C(=C(Cl)C(=O)Oc2c1)C,Nc1ccccc1C1=Nc2ccccc2S1
FECGIG,FECGIG,300 K,NC(=O)c1c[nH+]ccc1.O=C([O-])c1ccccc1N(=O)=O,C2/c,False,300.0,highT,NC(=O)c1c[nH+]ccc1,O=C([O-])c1ccccc1N(=O)=O
EBOSIX01,EBOSIX01,at 298 K,OC(=O)c1ccccc1C(O)=O.NC(=O)C=Cc1ccccc1,P-1,False,298.0,highT,OC(=O)c1ccccc1C(O)=O,NC(=O)C=Cc1ccccc1
JUWNUM,JUWNUM,296 K,OC(=O)C=CC(=O)[O-].ON=Cc1cc[nH+]c2ccccc12,P-1,False,296.0,highT,OC(=O)C=CC(=O)[O-],ON=Cc1cc[nH+]c2ccccc12
LEGPIY,LEGPIY,at 296 K,c1cc(ccn1)c1ccncc1.Nc1cccc(c1)C(O)=O,P-1,False,296.0,highT,c1cc(ccn1)c1ccncc1,Nc1cccc(c1)C(O)=O
OYERIU,OYERIU,at 296 K,NC1=[NH+]C(=O)NC=C1.OC(=O)CC(O)(CC(O)=O)C(=O)[O-],P-1,False,296.0,highT,NC1=[NH+]C(=O)NC=C1,OC(=O)CC(O)(CC(O)=O)C(=O)[O-]
PIJSEJ,PIJSEJ,296 K,Oc1cc2ccccc2cc1O.C1N2CN3CN1CN(C2)C3,C2/c,False,296.0,highT,Oc1cc2ccccc2cc1O,C1N2CN3CN1CN(C2)C3
UNECAR,UNECAR,at 293 K,OC(=O)c1cc(C(O)=O)c(cc1C(O)=O)C(O)=O.c1ccc2nc3ccccc3nc2c1,P-1,False,293.0,highT,OC(=O)c1cc(C(O)=O)c(cc1C(O)=O)C(O)=O,c1ccc2nc3ccccc3nc2c1
PUTNAV,PUTNAV,295 K,OC(=O)c1cccc(Br)c1.c1ccc2nc3ccccc3cc2c1,P-1,False,295.0,highT,OC(=O)c1cccc(Br)c1,c1ccc2nc3ccccc3cc2c1
OZOSUT,OZOSUT,296 K,O=C([O-])c1cccc(c1)N(=O)=O.ON=Cc1cc[nH+]c2ccccc12,P21/c,False,296.0,highT,O=C([O-])c1cccc(c1)N(=O)=O,ON=Cc1cc[nH+]c2ccccc12
WERLAH,WERLAH,at 297 K,[NH3+]CCCC(O)=O.O=C([O-])c1ccccc1,P21/n,False,297.0,highT,[NH3+]CCCC(O)=O,O=C([O-])c1ccccc1
DIMLEU,DIMLEU,298 K,c1cc(ccn1)c1ccncc1.Cc1cc(C)cc(c1)C(O)=O,P212121,False,298.0,highT,c1cc(ccn1)c1ccncc1,Cc1cc(C)cc(c1)C(O)=O
YIZCUG,YIZCUG,at 297 K,Brc1ccc(cc1)C=C1SC(=S)NC1=O.CS(C)=O,P-1,False,297.0,highT,Brc1ccc(cc1)C=C1SC(=S)NC1=O,CS(C)=O
TAZJOW,TAZJOW,293 K,c1cnc2c(c1)ccc1cccnc21.OB(O)c1c(Cl)cccc1Cl,P21/c,False,293.0,highT,c1cnc2c(c1)ccc1cccnc21,OB(O)c1c(Cl)cccc1Cl
KIHYOQ,KIHYOQ,at 298 K,c1cc(ccn1)C=Cc1ccncc1.Oc1ccc(cc1)C#N,P-1,False,298.0,highT,c1cc(ccn1)C=Cc1ccncc1,Oc1ccc(cc1)C#N
FOSQEL,FOSQEL,at 296 K,O=N(=O)c1cc(c([O-])c(c1)N(=O)=O)N(=O)=O.OCC[NH+](CCO)CCO,P21/c,False,296.0,highT,O=N(=O)c1cc(c([O-])c(c1)N(=O)=O)N(=O)=O,OCC[NH+](CCO)CCO
KUQXUS,KUQXUS,299.1 K,BrC1=C(Br)C(=O)C(=C(C#N)C1=O)C#N.c1ccc2c(c1)ccc1ccccc21,Pca21,False,299.0,highT,BrC1=C(Br)C(=O)C(=C(C#N)C1=O)C#N,c1ccc2c(c1)ccc1ccccc21
WEXQIA,WEXQIA,at 298 K,C1CN2CN3CCN(CN1C3)C2.Oc1ccc(O)cc1,C2/c,False,298.0,highT,C1CN2CN3CCN(CN1C3)C2,Oc1ccc(O)cc1
MEBRER,MEBRER,at 293 K,O1C(=NN=C1c1ccncc1)c1ccncc1.Oc1ccc(O)cc1,P-1,False,293.0,highT,O1C(=NN=C1c1ccncc1)c1ccncc1,Oc1ccc(O)cc1
JICSIB,JICSIB,293 K,O=N(=O)c1ccc(cc1)N1CC[NH2+]CC1.Brc1ccccc1C(=O)[O-],P-1,False,293.0,highT,O=N(=O)c1ccc(cc1)N1CC[NH2+]CC1,Brc1ccccc1C(=O)[O-]
WUVXUI,WUVXUI,293 K,CCc1[nH+]ccc(c1)C(N)=S.OC(=O)C=CC(=O)[O-],P-1,False,293.0,highT,CCc1[nH+]ccc(c1)C(N)=S,OC(=O)C=CC(=O)[O-]
EPUDIE,EPUDIE,253 K,CCC1(C(=O)NC(=O)NC1=O)c1ccccc1.C1COCCO1,P21/n,False,253.0,highT,CCC1(C(=O)NC(=O)NC1=O)c1ccccc1,C1COCCO1
ZAZGAK,ZAZGAK,at 298 K,Cc1cccc(Nc2ccccc2C(O)=O)c1C.CN(C)C=O,P-1,False,298.0,highT,Cc1cccc(Nc2ccccc2C(O)=O)c1C,CN(C)C=O
OFOKIE,OFOKIE,at 298 K,OC(=O)c1ccc(Br)c2ccccc12.c1cc(ccn1)c1ccncc1,C2/c,False,298.0,highT,OC(=O)c1ccc(Br)c2ccccc12,c1cc(ccn1)c1ccncc1
BAYQAX,BAYQAX,298 K,Cc1cccc2SC(=[NH2+])Nc12.O=C([O-])c1ccc(cc1)C#N,P21,False,298.0,highT,Cc1cccc2SC(=[NH2+])Nc12,O=C([O-])c1ccc(cc1)C#N
FOYPEQ,FOYPEQ,at 293 K,COc1cc(Cc2c[nH+]c(N)nc2N)cc(OC)c1OC.O=C1NC(=S)NC(=C1)[O-],P21/c,False,293.0,highT,COc1cc(Cc2c[nH+]c(N)nc2N)cc(OC)c1OC,O=C1NC(=S)NC(=C1)[O-]
LATTAD,LATTAD,at 298 K,NNC(=O)c1ccncc1.OC(=O)C=CC(O)=O,P21/n,False,298.0,highT,NNC(=O)c1ccncc1,OC(=O)C=CC(O)=O
PIJSEK,PIJSEK,296 K,Nc1[nH+]cc(Cl)cc1.O=P([O-])(c1ccccc1)c1ccccc1,P-1,False,296.0,highT,Nc1[nH+]cc(Cl)cc1,O=P([O-])(c1ccccc1)c1ccccc1
DEYHAT,DEYHAT,293 K,O=C1N(CCCN2C=[NH+]C=C2)C(=O)c2cccc3cccc1c23.O=N(=O)c1ccc([O-])c(c1)N(=O)=O,P-1,False,293.0,highT,O=C1N(CCCN2C=[NH+]C=C2)C(=O)c2cccc3cccc1c23,O=N(=O)c1ccc([O-])c(c1)N(=O)=O
WEGVAI,WEGVAI,293 K,CC(=NO)C(C)=NO.c1ccc2nc3ccccc3cc2c1,P21/c,False,293.0,highT,CC(=NO)C(C)=NO,c1ccc2nc3ccccc3cc2c1
TIKPEJ,TIKPEJ,at 295 K,Nc1ccc(cc1)c1ccc(N)cc1.O=P(c1ccccc1)(c1ccccc1)c1ccccc1,P21/c,False,295.0,highT,Nc1ccc(cc1)c1ccc(N)cc1,O=P(c1ccccc1)(c1ccccc1)c1ccccc1
AWITIM,AWITIM,298 K,CC1=CN(C(=O)C=C1)c1ccccc1.OC(=O)C=CC(O)=O,P21/n,False,298.0,highT,CC1=CN(C(=O)C=C1)c1ccccc1,OC(=O)C=CC(O)=O
UGORUF,UGORUF,at 293 K,OC(=O)CCCCCCCCC(O)=O.NC1=NC=CS1,P21/c,False,293.0,highT,OC(=O)CCCCCCCCC(O)=O,NC1=NC=CS1
WEDWUA,WEDWUA,293 K,CCN(CC)CC(=O)Nc1c(C)cccc1C.Fc1c(F)c(Br)c(F)c(F)c1Br,P21/n,False,293.0,highT,CCN(CC)CC(=O)Nc1c(C)cccc1C,Fc1c(F)c(Br)c(F)c(F)c1Br
HICTOD,HICTOD,at 293 K,C1CN2CN3CN1CN(C2)C3.Oc1ccc(O)cc1,Pnma,False,293.0,highT,C1CN2CN3CN1CN(C2)C3,Oc1ccc(O)cc1
BUQTEP,BUQTEP,298 K,NS(=O)(=O)c1cc(C(O)=O)c(NCC2=CC=CO2)cc1Cl.NNC(=O)c1ccncc1,C2/c,False,298.0,highT,NS(=O)(=O)c1cc(C(O)=O)c(NCC2=CC=CO2)cc1Cl,NNC(=O)c1ccncc1
BAJXAP,BAJXAP,296 K,OC(=O)c1cccc(c1)C(O)=O.NNC(=O)c1ccncc1,Pmn21,False,296.0,highT,OC(=O)c1cccc(c1)C(O)=O,NNC(=O)c1ccncc1
ANUVIP,ANUVIP,at 296 K,ON1S(=O)(=O)c2cccc3cccc(c23)S1(=O)=O.CCOC(C)=O,P21/n,False,296.0,highT,ON1S(=O)(=O)c2cccc3cccc(c23)S1(=O)=O,CCOC(C)=O
TAZLOY,TAZLOY,293 K,c1cnc2ncccc2c1.COc1ccc(cc1)B(O)O,P21/n,False,293.0,highT,c1cnc2ncccc2c1,COc1ccc(cc1)B(O)O
USODOW,USODOW,at 293 K,CC[NH+](CC)CCO.O=C1NC(=O)C(C(=O)N1)=C1C(=C[C-](C=C1N(=O)=O)N(=O)=O)N(=O)=O,P21/n,False,293.0,highT,CC[NH+](CC)CCO,O=C1NC(=O)C(C(=O)N1)=C1C(=C[C-](C=C1N(=O)=O)N(=O)=O)N(=O)=O
SAGMUM,SAGMUM,296 K,FC1=C(F)C(=O)C(=C(F)C1=O)F.c1ccc2c(c1)nnc1ccccc21,P-1,False,296.0,highT,FC1=C(F)C(=O)C(=C(F)C1=O)F,c1ccc2c(c1)nnc1ccccc21
DITKIB,DITKIB,at 296 K,OC(=O)CN1C(=O)c2ccc3C(=O)N(CC(O)=O)C(=O)c4ccc(C1=O)c2c34.CN(C)C=O,P21/c,False,296.0,highT,OC(=O)CN1C(=O)c2ccc3C(=O)N(CC(O)=O)C(=O)c4ccc(C1=O)c2c34,CN(C)C=O
COZXUL,COZXUL,at 298 K,c1cc(ccn1)c1ccncc1.OC(=O)c1ccccc1,P-1,False,298.0,highT,c1cc(ccn1)c1ccncc1,OC(=O)c1ccccc1
NUMKEN,NUMKEN,298 K,NS(=O)(=O)c1ccccc1.O=C1CCCCN1,P212121,False,298.0,highT,NS(=O)(=O)c1ccccc1,O=C1CCCCN1
PIPLIM,PIPLIM,298 K,[NH3+]C(CO)(CO)CO.O=C([O-])C1=CC=CO1,P-1,False,298.0,highT,[NH3+]C(CO)(CO)CO,O=C([O-])C1=CC=CO1
YIHCAX,YIHCAX,296 K,OC(=O)C=Cc1ccccc1.NC(=O)N1c2ccccc2C=Cc2ccccc12,P21/c,False,296.0,highT,OC(=O)C=Cc1ccccc1,NC(=O)N1c2ccccc2C=Cc2ccccc12
ENICAG,ENICAG,at 298 K,CN1C(=C(O)c2ccccc2S1(=O)=O)C(=O)NC1=[NH+]C=C(C)S1.OC(CC(=O)[O-])C(O)=O,P1,False,298.0,highT,CN1C(=C(O)c2ccccc2S1(=O)=O)C(=O)NC1=[NH+]C=C(C)S1,OC(CC(=O)[O-])C(O)=O
OLUTEX,OLUTEX,298 K,Oc1cccc(O)c1C(=O)[O-].[NH2+]=C1NC(=O)N(C=C1F)C1CSC(CO)O1,P21,False,298.0,highT,Oc1cccc(O)c1C(=O)[O-],[NH2+]=C1NC(=O)N(C=C1F)C1CSC(CO)O1
ECUTAB,ECUTAB,293 K,OC(=O)c1cc(ccc1O)S(=O)(=O)[O-].Nc1c(Br)cc(Br)cc1C[NH2+]C1CCC(O)CC1,P21/c,False,293.0,highT,OC(=O)c1cc(ccc1O)S(=O)(=O)[O-],Nc1c(Br)cc(Br)cc1C[NH2+]C1CCC(O)CC1
NAWYUJ,NAWYUJ,293 K,[NH3+]Cc1ccccc1O.OC(=O)c1cc(O)cc(c1)C(=O)[O-],P-1,False,293.0,highT,[NH3+]Cc1ccccc1O,OC(=O)c1cc(O)cc(c1)C(=O)[O-]
FOSFUQ01,FOSFUQ01,298 K,COc1cc(ccc1O)C(O)=O.NNC(=O)c1ccncc1,C2/c,False,298.0,highT,COc1cc(ccc1O)C(O)=O,NNC(=O)c1ccncc1
SIHRAE,SIHRAE,293 K,OC(=O)CC(O)=O.NC(=O)c1cnccn1,C2/c,False,293.0,highT,OC(=O)CC(O)=O,NC(=O)c1cnccn1
WUTDEX01,WUTDEX01,293.1 K,c1ccc2nc3ccccc3nc2c1.CC(C)c1ccc(C)cc1O,P-1,False,293.0,highT,c1ccc2nc3ccccc3nc2c1,CC(C)c1ccc(C)cc1O
TIBHAO,TIBHAO,at 298 K,OC(=O)c1cc(ccc1O)S(=O)(=O)[O-].[NH3+]NC(N)=S,P21/c,False,298.0,highT,OC(=O)c1cc(ccc1O)S(=O)(=O)[O-],[NH3+]NC(N)=S
DIGCEC,DIGCEC,at 298 K,O=C(Nc1cc[nH+]cc1)Nc1cc[nH+]cc1.O=C([O-])C1(CCC1)C(=O)[O-],P21/c,False,298.0,highT,O=C(Nc1cc[nH+]cc1)Nc1cc[nH+]cc1,O=C([O-])C1(CCC1)C(=O)[O-]
MILKEB,MILKEB,296 K,NC(N)=O.OC(=O)c1ccc(O)cc1,P2/n,False,296.0,highT,NC(N)=O,OC(=O)c1ccc(O)cc1
MESXIU,MESXIU,293 K,Oc1cccc2ccc[nH+]c12.OC1=C([O-])C(=O)C1=O,P212121,False,293.0,highT,Oc1cccc2ccc[nH+]c12,OC1=C([O-])C(=O)C1=O
LACTOB,LACTOB,298 K,Nc1ccc(C(O)=O)c(O)c1.S(Sc1ccncc1)c1ccncc1,C2/c,False,298.0,highT,Nc1ccc(C(O)=O)c(O)c1,S(Sc1ccncc1)c1ccncc1
GEDDAY,GEDDAY,293 K,OC(=O)COc1ccc(Cl)cc1Cl.CCOc1ccccc1C(N)=O,C2/c,False,293.0,highT,OC(=O)COc1ccc(Cl)cc1Cl,CCOc1ccccc1C(N)=O
EBONIV,EBONIV,273 K,CN1C=CC(=O)C(=C1C)O.OC(=O)C=CC(O)=O,P-1,False,273.0,highT,CN1C=CC(=O)C(=C1C)O,OC(=O)C=CC(O)=O
ETOPAG,ETOPAG,296 K,Clc1cc(cc(Cl)c1[O-])N(=O)=O.OC(=O)C1[NH2+]CCCC1,P21/n,False,296.0,highT,Clc1cc(cc(Cl)c1[O-])N(=O)=O,OC(=O)C1[NH2+]CCCC1
ZEYNUP,ZEYNUP,293 K,Cc1nccnc1C.OC(=O)c1cc(Cl)c(Cl)cc1C(O)=O,P-1,False,293.0,highT,Cc1nccnc1C,OC(=O)c1cc(Cl)c(Cl)cc1C(O)=O
EFOZAB,EFOZAB,at 293 K,NC(N)=O.O=C1CC(=O)NC(=O)N1,P21/c,False,293.0,highT,NC(N)=O,O=C1CC(=O)NC(=O)N1
TEZRAT,TEZRAT,at 298 K,[NH3+]c1cc(Cl)ccc1O.OC(=O)c1cc(cc(c1[O-])N(=O)=O)N(=O)=O,P21/n,False,298.0,highT,[NH3+]c1cc(Cl)ccc1O,OC(=O)c1cc(cc(c1[O-])N(=O)=O)N(=O)=O
ASOMEA,ASOMEA,at 296.1 K,CC=CC=CC(=O)[O-].[NH3+]Cc1cccc(OC)c1,P21/c,False,296.0,highT,CC=CC=CC(=O)[O-],[NH3+]Cc1cccc(OC)c1
LEXQAJ,LEXQAJ,296.1 K,NC(=O)N1c2ccccc2C=Cc2ccccc12.OC(=O)c1cccc(O)c1O,P21/n,False,296.0,highT,NC(=O)N1c2ccccc2C=Cc2ccccc12,OC(=O)c1cccc(O)c1O
CEMGOT,CEMGOT,298.1 K,NC(N)=O.OB(O)c1cc(F)c(F)c(F)c1,P21/c,False,298.0,highT,NC(N)=O,OB(O)c1cc(F)c(F)c(F)c1
DEVYUB,DEVYUB,293 K,Oc1ccc(cc1)C=Cc1cc(O)cc(O)c1.c1ccc2nc3ccccc3nc2c1,P21/c,False,293.0,highT,Oc1ccc(cc1)C=Cc1cc(O)cc(O)c1,c1ccc2nc3ccccc3nc2c1
COGCEJ,COGCEJ,296 K,OC(=O)C=CC(=O)[O-].OCc1cc[nH+]cc1,P1,False,296.0,highT,OC(=O)C=CC(=O)[O-],OCc1cc[nH+]cc1
ZEXMOH,ZEXMOH,293 K,OC(=O)c1cc(Cl)cc(Cl)c1.Oc1ccc(Br)cc1C=Nc1cccnc1,C2/c,False,293.0,highT,OC(=O)c1cc(Cl)cc(Cl)c1,Oc1ccc(Br)cc1C=Nc1cccnc1
RAJTOP,RAJTOP,296.1 K,[NH2+]1CCOCC1.OC(C(=O)[O-])(c1ccccc1)c1ccccc1,C2/c,False,296.0,highT,[NH2+]1CCOCC1,OC(C(=O)[O-])(c1ccccc1)c1ccccc1
HEPKAR,HEPKAR,313 K,[2H]OC(=O)c1ccc(cc1)C(=O)[O-].[2H]C1=[N+]([2H])C(=C([2H])N1[2H])[2H],P21/n,False,313.0,highT,[2H]OC(=O)c1ccc(cc1)C(=O)[O-],[2H]C1=[N+]([2H])C(=C([2H])N1[2H])[2H]
YANCAU,YANCAU,293 K,c1cc(ccn1)C=Cc1ccncc1.CNC(=S)NN=C(C)c1ccc(O)cc1O,P-1,False,293.0,highT,c1cc(ccn1)C=Cc1ccncc1,CNC(=S)NN=C(C)c1ccc(O)cc1O
JUZCEP,JUZCEP,293 K,N1C(=[NH+]c2ccccc12)C1=CSC=N1.O=C[O-],P21/c,False,293.0,highT,N1C(=[NH+]c2ccccc12)C1=CSC=N1,O=C[O-]
ORAYOX,ORAYOX,295 K,Cc1ccc(cc1)S(=O)(=O)[O-].CN1CC(=O)[NH+]=C1N,P212121,False,295.0,highT,Cc1ccc(cc1)S(=O)(=O)[O-],CN1CC(=O)[NH+]=C1N
SEPTOZ,SEPTOZ,296 K,FC(F)(F)C(=O)[O-].Fc1cccc(c1)C=C1CC[NH+]=C1,Pna21,False,296.0,highT,FC(F)(F)C(=O)[O-],Fc1cccc(c1)C=C1CC[NH+]=C1
AYIWEM,AYIWEM,296 K,Nc1cccc2cccnc12.OC(=O)c1cc(O)c(O)c(O)c1,P21/c,False,296.0,highT,Nc1cccc2cccnc12,OC(=O)c1cc(O)c(O)c(O)c1
FEVKID,FEVKID,293 K,O=C([O-])c1c2ccccc2cc2ccccc12.COc1cc(Cc2c[nH+]c(N)nc2N)cc(OC)c1OC,P-1,False,293.0,highT,O=C([O-])c1c2ccccc2cc2ccccc12,COc1cc(Cc2c[nH+]c(N)nc2N)cc(OC)c1OC
TERLIO,TERLIO,296.1 K,Cc1c(Cl)cccc1Nc1ccccc1C(=O)[O-].[NH3+]C(CO)(CO)CO,P-1,False,296.0,highT,Cc1c(Cl)cccc1Nc1ccccc1C(=O)[O-],[NH3+]C(CO)(CO)CO
NELPUP,NELPUP,at 293 K,[NH3+]C(C)C(O)=O.OC(=O)C(=O)[O-],P21/n,False,293.0,highT,[NH3+]C(C)C(O)=O,OC(=O)C(=O)[O-]
VIKWIX,VIKWIX,at 298 K,[NH3+]CCC1=CNc2ccc(O)cc12.OC(=O)CCCCC(=O)[O-],P-1,False,298.0,highT,[NH3+]CCC1=CNc2ccc(O)cc12,OC(=O)CCCCC(=O)[O-]
WITZUV,WITZUV,at 296 K,OC(=O)CN1C(=O)c2cc3C(=O)N(CC(=O)[O-])C(=O)c3cc2C1=O.Oc1cccc2ccc[nH+]c12,P-1,False,296.0,highT,OC(=O)CN1C(=O)c2cc3C(=O)N(CC(=O)[O-])C(=O)c3cc2C1=O,Oc1cccc2ccc[nH+]c12
KUQREU,KUQREU,at 293 K,Clc1ccc(c(Cl)c1)C(=O)[O-].CCc1[nH+]c(N)nc(N)c1c1ccc(Cl)cc1,Pbca,False,293.0,highT,Clc1ccc(c(Cl)c1)C(=O)[O-],CCc1[nH+]c(N)nc(N)c1c1ccc(Cl)cc1
FEKTOH,FEKTOH,295 K,Cc1[nH+]cc(CO)c(CO)c1O.COc1cc(C=CC(=O)[O-])ccc1O,P21,False,295.0,highT,Cc1[nH+]cc(CO)c(CO)c1O,COc1cc(C=CC(=O)[O-])ccc1O
EYUSEZ,EYUSEZ,296 K,NC(=O)c1nc(F)cnc1O.Nc1ccc(cc1)C(O)=O,P21/c,False,296.0,highT,NC(=O)c1nc(F)cnc1O,Nc1ccc(cc1)C(O)=O
TEYSOH,TEYSOH,at 293 K,[NH3+]CCO.Brc1ccc(cc1)C(=O)[O-],Pna21,False,293.0,highT,[NH3+]CCO,Brc1ccc(cc1)C(=O)[O-]
FETNEY,FETNEY,at 273 K,ClC(Cl)(Cl)C(=O)[O-].[NH3+]C(Cc1ccccc1)C(O)=O,C2/c,False,273.0,highT,ClC(Cl)(Cl)C(=O)[O-],[NH3+]C(Cc1ccccc1)C(O)=O
PAQPAA,PAQPAA,at 296 K,O=C(OCc1ccccc1)c1c[nH+]ccc1.OC1=C([O-])C(=O)C1=O,P-1,False,296.0,highT,O=C(OCc1ccccc1)c1c[nH+]ccc1,OC1=C([O-])C(=O)C1=O
JARDOY,JARDOY,300 K,O=C(c1cc[nH+]cc1)c1ccccc1.OC1=C([O-])C(=O)C1=O,P21/c,False,300.0,highT,O=C(c1cc[nH+]cc1)c1ccccc1,OC1=C([O-])C(=O)C1=O
MAKXED01,MAKXED01,at 293 K,[NH3+]C(C)(C)CO.CC(C)(CO)NC(=O)[O-],P21/c,False,293.0,highT,[NH3+]C(C)(C)CO,CC(C)(CO)NC(=O)[O-]
TEYSUN,TEYSUN,at 293 K,[NH3+]CCO.Clc1ccc(cc1)C(=O)[O-],Pna21,False,293.0,highT,[NH3+]CCO,Clc1ccc(cc1)C(=O)[O-]
XEFTUA,XEFTUA,257 K,O=C([O-])c1[nH+]ccc(c1)C(=O)[O-].NC(=[NH2+])NC(=O)c1nc(Cl)c(N)nc1N,P-1,False,257.0,highT,O=C([O-])c1[nH+]ccc(c1)C(=O)[O-],NC(=[NH2+])NC(=O)c1nc(Cl)c(N)nc1N
PAVSOV,PAVSOV,at 296 K,NC(N)=O.NCCCCCCCCN,Pna21,False,296.0,highT,NC(N)=O,NCCCCCCCCN
QEPJOL,QEPJOL,at 298 K,CCCC(=O)[O-].[NH3+]CCNc1ccc(cc1)N(=O)=O,Pc,False,298.0,highT,CCCC(=O)[O-],[NH3+]CCNc1ccc(cc1)N(=O)=O
QIBCIQ,QIBCIQ,296 K,c1cc(ccn1)c1ccncc1.CC1=CC(=NO1)NS(=O)(=O)c1ccc(N)cc1,P1,False,296.0,highT,c1cc(ccn1)c1ccncc1,CC1=CC(=NO1)NS(=O)(=O)c1ccc(N)cc1
EXIMOO,EXIMOO,at 296 K,c1cc(ccn1)c1ccncc1.Cc1ccc(cc1)S(=O)(=O)Nc1ccc(cc1)C(O)=O,P21/n,False,296.0,highT,c1cc(ccn1)c1ccncc1,Cc1ccc(cc1)S(=O)(=O)Nc1ccc(cc1)C(O)=O
EGUVAE,EGUVAE,at 296 K,C[NH+]1CCN(CC1)Cc1ccc(cc1)C(O)=O.O=N(=O)c1cc(c([O-])c(c1)N(=O)=O)N(=O)=O,P-1,False,296.0,highT,C[NH+]1CCN(CC1)Cc1ccc(cc1)C(O)=O,O=N(=O)c1cc(c([O-])c(c1)N(=O)=O)N(=O)=O
LIQQEJ,LIQQEJ,at 298 K,Cc1ccc(cc1)C1=CC(=NN1c1ccc(cc1)S(N)(=O)=O)C(F)(F)F.O=C1CCCCCN1,P21,False,298.0,highT,Cc1ccc(cc1)C1=CC(=NN1c1ccc(cc1)S(N)(=O)=O)C(F)(F)F,O=C1CCCCCN1
DUSQAK,DUSQAK,at 296 K,Nc1[nH+]cc(Br)cc1.OC(=O)CCCC(=O)[O-],P212121,False,296.0,highT,Nc1[nH+]cc(Br)cc1,OC(=O)CCCC(=O)[O-]
QAKQIE,QAKQIE,at 296 K,Oc1ccc(cc1)C(=O)[O-].CC(C)[NH2+]CC(O)c1ccccc1Cl,P21/n,False,296.0,highT,Oc1ccc(cc1)C(=O)[O-],CC(C)[NH2+]CC(O)c1ccccc1Cl
XIYSAC,XIYSAC,293 K,OC(CN1C=NC=N1)(CN1C=NC=N1)c1ccc(F)cc1F.OC(=O)CCCCC(O)=O,C2/c,False,293.0,highT,OC(CN1C=NC=N1)(CN1C=NC=N1)c1ccc(F)cc1F,OC(=O)CCCCC(O)=O
ROVPOJ,ROVPOJ,at 296 K,S=C(Nc1cccc2ccccc12)Nc1cccc2ccccc12.CS(C)=O,P-1,False,296.0,highT,S=C(Nc1cccc2ccccc12)Nc1cccc2ccccc12,CS(C)=O
YACYIO,YACYIO,293 K,N#Cc1ccncc1.OC(=O)CCCCC(O)=O,P-1,False,293.0,highT,N#Cc1ccncc1,OC(=O)CCCCC(O)=O
BOKHIU,BOKHIU,at 293 K,NS(=O)(=O)c1cc(C(O)=O)c(NCC2=CC=CO2)cc1Cl.c1cc(ccn1)c1ccncc1,P-1,False,293.0,highT,NS(=O)(=O)c1cc(C(O)=O)c(NCC2=CC=CO2)cc1Cl,c1cc(ccn1)c1ccncc1
GENMUI,GENMUI,at 296 K,OC(=O)CN1C(=O)c2cc3C(=O)N(CC(O)=O)C(=O)c3cc2C1=O.S1C=CSC1=C1SC=CS1,P-1,False,296.0,highT,OC(=O)CN1C(=O)c2cc3C(=O)N(CC(O)=O)C(=O)c3cc2C1=O,S1C=CSC1=C1SC=CS1
LODLUN,LODLUN,at 293 K,FC(F)(F)S(=O)(=O)[N-]S(=O)(=O)C(F)(F)F.CN1C=C[N+](=C1)CCC(O)=O,P21/c,False,293.0,highT,FC(F)(F)S(=O)(=O)[N-]S(=O)(=O)C(F)(F)F,CN1C=C[N+](=C1)CCC(O)=O
IDUTUX,IDUTUX,at 293 K,CC1(C)C(C(O)=O)C1(C)C.C1N2CN3CN1CN(C2)C3,C2/c,False,293.0,highT,CC1(C)C(C(O)=O)C1(C)C,C1N2CN3CN1CN(C2)C3
DOCXIF,DOCXIF,298 K,OC(=O)c1cc(ccc1C(=O)[O-])N(=O)=O.O=C(CN1C=[NH+]C=C1)c1ccccc1,P21/c,False,298.0,highT,OC(=O)c1cc(ccc1C(=O)[O-])N(=O)=O,O=C(CN1C=[NH+]C=C1)c1ccccc1
QQQBTG02,QQQBTG02,at 296 K,[NH3+]CC(O)=O.O=N(=O)c1cc(c([O-])c(c1)N(=O)=O)N(=O)=O,P21/c,False,296.0,highT,[NH3+]CC(O)=O,O=N(=O)c1cc(c([O-])c(c1)N(=O)=O)N(=O)=O
LAQQUR,LAQQUR,at 293 K,OC(=O)c1cc(C(O)=O)c(cc1C(O)=O)C(=O)[O-].Fc1cc2C(=O)C=CN(C3CC3)c2cc1N1CC[NH2+]CC1,P-1,False,293.0,highT,OC(=O)c1cc(C(O)=O)c(cc1C(O)=O)C(=O)[O-],Fc1cc2C(=O)C=CN(C3CC3)c2cc1N1CC[NH2+]CC1
VUKQAV,VUKQAV,298 K,OC(=O)C=CC(=O)[O-].[NH3+]C(CC(C)C)C(O)=O,C2,False,298.0,highT,OC(=O)C=CC(=O)[O-],[NH3+]C(CC(C)C)C(O)=O
HOSSOA,HOSSOA,296 K,C1N2CN3CN1CN(C2)C3.Oc1cccc(O)c1O,P21/n,False,296.0,highT,C1N2CN3CN1CN(C2)C3,Oc1cccc(O)c1O
HOVLEJ,HOVLEJ,at 273.2 K,O=C1NC(=O)C=C1.COC1=CC(=O)OC(=C1)C,P21/n,False,273.0,highT,O=C1NC(=O)C=C1,COC1=CC(=O)OC(=C1)C
WIJCIF,WIJCIF,293 K,c1ccc2nc3ccccc3cc2c1.Oc1cccc(C=O)c1,P-1,False,293.0,highT,c1ccc2nc3ccccc3cc2c1,Oc1cccc(C=O)c1
LEPVIM,LEPVIM,at 298 K,CN1N=CC(=C1S(N)(=O)=O)C(=O)[O-].COc1[nH+]c(N)nc(OC)c1,C2/c,False,298.0,highT,CN1N=CC(=C1S(N)(=O)=O)C(=O)[O-],COc1[nH+]c(N)nc(OC)c1
MEXSOZ,MEXSOZ,at 294 K,CC(=O)[O-].C[NH2+]C1CCC2=C(C1)c1cc(ccc1N2)C(N)=O,P21/c,False,294.0,highT,CC(=O)[O-],C[NH2+]C1CCC2=C(C1)c1cc(ccc1N2)C(N)=O
RELPUX,RELPUX,293 K,Fc1ccc(cc1)N1CC[NH2+]CC1.OC(=O)C(=O)[O-],P21/c,False,293.0,highT,Fc1ccc(cc1)N1CC[NH2+]CC1,OC(=O)C(=O)[O-]
TUZJIJ,TUZJIJ,293 K,Cc1ccc(cc1)S(=O)(=O)[O-].[NH3+]C(C(C)C)C(O)=O,P21,False,293.0,highT,Cc1ccc(cc1)S(=O)(=O)[O-],[NH3+]C(C(C)C)C(O)=O
VUXRAI,VUXRAI,at 296 K,c1cc(ccn1)c1ccncc1.OC(=O)C1=NSN=C1C(O)=O,C2/c,False,296.0,highT,c1cc(ccn1)c1ccncc1,OC(=O)C1=NSN=C1C(O)=O
EZARAB,EZARAB,293 K,COc1[nH+]c(N)nc(OC)c1.Oc1cc(O)cc(c1)C(=O)[O-],P21/n,False,293.0,highT,COc1[nH+]c(N)nc(OC)c1,Oc1cc(O)cc(c1)C(=O)[O-]
LUJDAW,LUJDAW,at 296 K,Oc1ccc2ccccc2c1c1c(O)ccc2ccccc12.O=C1c2cccnc2c2ncccc12,C2/c,False,296.0,highT,Oc1ccc2ccccc2c1c1c(O)ccc2ccccc12,O=C1c2cccnc2c2ncccc12
LIGZIL,LIGZIL,at 293 K,O=C([O-])c1ccc(cc1)N(=O)=O.[NH3+]CCCO,P21/c,False,293.0,highT,O=C([O-])c1ccc(cc1)N(=O)=O,[NH3+]CCCO
ERIWUY01,ERIWUY01,296 K,NC(N)=O.OC(=O)CCCCC(O)=O,P21/c,False,296.0,highT,NC(N)=O,OC(=O)CCCCC(O)=O
LORBAY01,LORBAY01,293 K,[2H][N+]1=CC=CN1[2H].[2H]OC(=O)c1c(F)c(F)c(c(F)c1F)C(=O)[O-],P21/c,False,293.0,highT,[2H][N+]1=CC=CN1[2H],[2H]OC(=O)c1c(F)c(F)c(c(F)c1F)C(=O)[O-]
RAGMOC,RAGMOC,at 293 K,OC(=O)C[NH+]1CCCCC1.O=N(=O)c1cc(c([O-])c(c1)N(=O)=O)N(=O)=O,P21/c,False,293.0,highT,OC(=O)C[NH+]1CCCCC1,O=N(=O)c1cc(c([O-])c(c1)N(=O)=O)N(=O)=O
GEFFIK,GEFFIK,298 K,CC1=CNC(=[NH2+])S1.OC(=O)CCCCCCCC(=O)[O-],P21/c,False,298.0,highT,CC1=CNC(=[NH2+])S1,OC(=O)CCCCCCCC(=O)[O-]
FECFOL,FECFOL,296 K,NC(=O)c1ccncc1.COc1cccc(c1)C(O)=O,P-1,False,296.0,highT,NC(=O)c1ccncc1,COc1cccc(c1)C(O)=O
TOHHEG,TOHHEG,293 K,Clc1cc(ccc1C(=O)[O-])N(=O)=O.[NH3+]CCO,P21/c,False,293.0,highT,Clc1cc(ccc1C(=O)[O-])N(=O)=O,[NH3+]CCO
AQUMIL,AQUMIL,293 K,COC(=O)C=Cc1ccccn1.NC(N)=O,P-1,False,293.0,highT,COC(=O)C=Cc1ccccn1,NC(N)=O
LUMSAN,LUMSAN,at 298.0 K,OC(C(=O)[O-])c1ccc2ccccc2c1.[NH3+]C(C)c1ccc(OC)cc1,P-1,False,298.0,highT,OC(C(=O)[O-])c1ccc2ccccc2c1,[NH3+]C(C)c1ccc(OC)cc1
APUWIU,APUWIU,293.1 K,CC1=NNC(=O)N(C1)N=Cc1c[nH+]ccc1.Oc1cccc(C(=O)[O-])c1O,C2/c,False,293.0,highT,CC1=NNC(=O)N(C1)N=Cc1c[nH+]ccc1,Oc1cccc(C(=O)[O-])c1O
LUJCUP,LUJCUP,at 296 K,Oc1ccc2ccccc2c1c1c(O)ccc2ccccc12.Cc1ccnc(c1)c1cc(C)ccn1,P21/c,False,296.0,highT,Oc1ccc2ccccc2c1c1c(O)ccc2ccccc12,Cc1ccnc(c1)c1cc(C)ccn1
SAVWEU,SAVWEU,294 K,Nc1[nH+]nc(c(N)n1)c1cccc(Cl)c1Cl.Oc1ccccc1C(=O)[O-],P-1,False,294.0,highT,Nc1[nH+]nc(c(N)n1)c1cccc(Cl)c1Cl,Oc1ccccc1C(=O)[O-]
CACBOY,CACBOY,at 290 K,COc1cc(Cc2c[nH+]c(N)nc2N)cc(OC)c1OC.OC(=O)CCCC(=O)[O-],P-1,False,290.0,highT,COc1cc(Cc2c[nH+]c(N)nc2N)cc(OC)c1OC,OC(=O)CCCC(=O)[O-]
BUTVAP,BUTVAP,298 K,[NH2+]=C1NC2(COC(CF)CC2CS1)c1ccc(F)cc1F.CS(=O)(=O)[O-],P212121,False,298.0,highT,[NH2+]=C1NC2(COC(CF)CC2CS1)c1ccc(F)cc1F,CS(=O)(=O)[O-]
ACEREH,ACEREH,at 298 K,Nc1ccccc1C(O)=O.CN1N=NC2=C(N=CN2C1=O)C(N)=O,P-1,False,298.0,highT,Nc1ccccc1C(O)=O,CN1N=NC2=C(N=CN2C1=O)C(N)=O
KUDXIS,KUDXIS,at 296 K,Cc1ccc(cc1)S(=O)(=O)[O-].NC1=[NH+]C(=O)C=C(N)N1,C2/c,False,296.0,highT,Cc1ccc(cc1)S(=O)(=O)[O-],NC1=[NH+]C(=O)C=C(N)N1
VESJUZ,VESJUZ,at 296 K,CC(=O)Nc1[nH+]ccc(C)c1.OC1=C([O-])C(=O)C1=O,P21/c,False,296.0,highT,CC(=O)Nc1[nH+]ccc(C)c1,OC1=C([O-])C(=O)C1=O
NIQRUB,NIQRUB,at 298 K,Cc1ccc(cc1)S(=O)(=O)[O-].NC1=[NH+]c2ccccc2S1,P21/c,False,298.0,highT,Cc1ccc(cc1)S(=O)(=O)[O-],NC1=[NH+]c2ccccc2S1
IPOZAO01,IPOZAO01,at 295 K,NC(=O)c1c[nH+]ccc1.O=N(=O)c1cc(c([O-])c(c1)N(=O)=O)N(=O)=O,Pbca,False,295.0,highT,NC(=O)c1c[nH+]ccc1,O=N(=O)c1cc(c([O-])c(c1)N(=O)=O)N(=O)=O
SABBAB,SABBAB,296 K,OC(=O)CCCCC(O)=O.Cc1ccc(cc1)c1nc(N)nc(N)n1,P2/c,False,296.0,highT,OC(=O)CCCCC(O)=O,Cc1ccc(cc1)c1nc(N)nc(N)n1
TIWZEG,TIWZEG,293 K,NC1=Nc2ccc(O)cc2N1c1ccc(Cl)cc1.Cc1ccccc1,Pbca,False,293.0,highT,NC1=Nc2ccc(O)cc2N1c1ccc(Cl)cc1,Cc1ccccc1
FENQEX,FENQEX,296 K,OC(=O)c1cc(O)ccc1O.CCOc1ccccc1C(N)=O,P-1,False,296.0,highT,OC(=O)c1cc(O)ccc1O,CCOc1ccccc1C(N)=O
CUWZAW,CUWZAW,at 293 K,C1CN2CCN1CC2.OC(=O)c1cccc(c1)C(O)=O,Pbcn,False,293.0,highT,C1CN2CCN1CC2,OC(=O)c1cccc(c1)C(O)=O
OPOZOK,OPOZOK,273 K,O=N(=O)c1ccc([O-])c(c1)N(=O)=O.CN(C)c1cc[n+](O)cc1,P212121,False,273.0,highT,O=N(=O)c1ccc([O-])c(c1)N(=O)=O,CN(C)c1cc[n+](O)cc1
JADGED,JADGED,296 K,[NH3+]CCCC([NH3+])C(=O)[O-].OC(=O)CCC(=O)C(=O)[O-],P21,False,296.0,highT,[NH3+]CCCC([NH3+])C(=O)[O-],OC(=O)CCC(=O)C(=O)[O-]
NUYBUF,NUYBUF,at 293 K,c1ccc2c(c1)nnc1ccccc21.OC1=C(Cl)C(=O)C(=C(Cl)C1=O)O,P21/n,False,293.0,highT,c1ccc2c(c1)nnc1ccccc21,OC1=C(Cl)C(=O)C(=C(Cl)C1=O)O
QUQPAV,QUQPAV,293 K,Oc1cc(O)c(Br)cc1Br.COC(=O)C=Cc1cccnc1,P21/c,False,293.0,highT,Oc1cc(O)c(Br)cc1Br,COC(=O)C=Cc1cccnc1
VAVYOK,VAVYOK,293 K,Nc1ccc(c(O)c1)C(=O)[O-].COc1cc(C)[nH+]c(N)n1,P21/n,False,293.0,highT,Nc1ccc(c(O)c1)C(=O)[O-],COc1cc(C)[nH+]c(N)n1
RIDKOG,RIDKOG,at 293 K,C1N2CP3CN1C[N+](C2)(C3)Cc1ccccc1.O=S(=O)([O-])c1cccc(c1)P(c1ccccc1)c1ccccc1,P21/n,False,293.0,highT,C1N2CP3CN1C[N+](C2)(C3)Cc1ccccc1,O=S(=O)([O-])c1cccc(c1)P(c1ccccc1)c1ccccc1
TIBXIP,TIBXIP,294 K,FC1=C[N-]C(=O)NC1=O.COc1cc(Cc2c[nH+]c(N)nc2N)cc(OC)c1OC,P-1,False,294.0,highT,FC1=C[N-]C(=O)NC1=O,COc1cc(Cc2c[nH+]c(N)nc2N)cc(OC)c1OC
YORZUD,YORZUD,293 K,C[n+]1ccccc1Cl.FC(F)(F)S(=O)(=O)[O-],P21/n,False,293.0,highT,C[n+]1ccccc1Cl,FC(F)(F)S(=O)(=O)[O-]
QOQJOX,QOQJOX,at 293 K,Nc1ccc(Cc2ccc(N)cc2)cc1.COc1cc(ccc1O)C(O)=O,P21/n,False,293.0,highT,Nc1ccc(Cc2ccc(N)cc2)cc1,COc1cc(ccc1O)C(O)=O
HUBPUR,HUBPUR,at 293 K,OC(C(O)C(=O)[O-])C(O)=O.Oc1c[nH+]ccc1,P212121,False,293.0,highT,OC(C(O)C(=O)[O-])C(O)=O,Oc1c[nH+]ccc1
LEBVOH,LEBVOH,298 K,Cc1ccc(cn1)C(N)=O.OC(=O)CCCCC(O)=O,P-1,False,298.0,highT,Cc1ccc(cn1)C(N)=O,OC(=O)CCCCC(O)=O
DOTGID,DOTGID,at 298 K,O=C1NC=C(C(=O)[O-])C(=O)N1.NC1=[NH+]C(=O)NC=C1,Pbnb,False,298.0,highT,O=C1NC=C(C(=O)[O-])C(=O)N1,NC1=[NH+]C(=O)NC=C1
INACOQ,INACOQ,at 296 K,OC(=O)c1cc(cc(c1)C(O)=O)C(O)=O.NN1C(=NN=C1c1cnccn1)c1cnccn1,P21/c,False,296.0,highT,OC(=O)c1cc(cc(c1)C(O)=O)C(O)=O,NN1C(=NN=C1c1cnccn1)c1cnccn1
AZEKIA,AZEKIA,at 295 K,FC(F)(F)C(=O)[O-].Cc1ccccc1C1=NC2=C(O1)N=CN1CC[NH+]=C21,P21/c,False,295.0,highT,FC(F)(F)C(=O)[O-],Cc1ccccc1C1=NC2=C(O1)N=CN1CC[NH+]=C21
VIGGIC,VIGGIC,at 293 K,NC(=O)c1ccc(O)cc1.[O]n1ccn([O])cc1,P-1,False,293.0,highT,NC(=O)c1ccc(O)cc1,[O]n1ccn([O])cc1
NEBXOJ,NEBXOJ,at 293 K,OC(=O)c1cccc(c1)C(O)=O.COc1cc(OC)nc(N)n1,P-1,False,293.0,highT,OC(=O)c1cccc(c1)C(O)=O,COc1cc(OC)nc(N)n1
HONFIB,HONFIB,293 K,OC(=O)c1ccc(O)cc1.c1ccc2ncccc2c1,Pna21,False,293.0,highT,OC(=O)c1ccc(O)cc1,c1ccc2ncccc2c1
EXANAT,EXANAT,at 296 K,OC(=O)c1ccc(O)cc1O.Cc1cc(C)nc(NS(=O)(=O)c2ccc(N)cc2)n1,P-1,False,296.0,highT,OC(=O)c1ccc(O)cc1O,Cc1cc(C)nc(NS(=O)(=O)c2ccc(N)cc2)n1
GAZTOU,GAZTOU,298 K,Clc1cccc(C(=O)[O-])c1N(=O)=O.CC1=C[NH+]=C(N)S1,P21/n,False,298.0,highT,Clc1cccc(C(=O)[O-])c1N(=O)=O,CC1=C[NH+]=C(N)S1
XIFNAC01,XIFNAC01,at 293 K,Nc1ccc(cc1)S(N)(=O)=O.CC(=O)N1CCOCC1,P21/c,False,293.0,highT,Nc1ccc(cc1)S(N)(=O)=O,CC(=O)N1CCOCC1
ERAHEN,ERAHEN,298 K,OC(=O)c1cc(ccc1C(=O)[O-])N(=O)=O.NC(=O)c1cc[nH+]cc1,P-1,False,298.0,highT,OC(=O)c1cc(ccc1C(=O)[O-])N(=O)=O,NC(=O)c1cc[nH+]cc1
DIKSUM,DIKSUM,at 293 K,OC(C(O)C(=O)[O-])C(O)=O.[NH3+]c1ccc(cc1)C(O)=O,P21,False,293.0,highT,OC(C(O)C(=O)[O-])C(O)=O,[NH3+]c1ccc(cc1)C(O)=O
XISVUU,XISVUU,273.1 K,[NH3+]CCc1ccc(O)cc1.COc1ccc2cc(ccc2c1)C(C)C(=O)[O-],P21,False,273.0,highT,[NH3+]CCc1ccc(O)cc1,COc1ccc2cc(ccc2c1)C(C)C(=O)[O-]
LEQMON,LEQMON,296 K,Nc1nc(N)nc(N)n1.O=C1NC(=O)c2ccccc12,P21/c,False,296.0,highT,Nc1nc(N)nc(N)n1,O=C1NC(=O)c2ccccc12
NAKBAF,NAKBAF,298 K,OC(=O)C=CC(O)=O.CCc1cc(ccn1)C(N)=S,P-1,False,298.0,highT,OC(=O)C=CC(O)=O,CCc1cc(ccn1)C(N)=S
QOVRID,QOVRID,at 273 K,OC(=O)C=CC(=O)[O-].Oc1cccc2ccc[nH+]c12,P212121,False,273.0,highT,OC(=O)C=CC(=O)[O-],Oc1cccc2ccc[nH+]c12
LEPCES,LEPCES,296.1 K,c1cc(ccn1)C=Cc1ccncc1.CCCC(O)=O,P-1,False,296.0,highT,c1cc(ccn1)C=Cc1ccncc1,CCCC(O)=O
HOZBOO,HOZBOO,at 294 K,OC(=O)C=CC(O)=O.CC(=O)c1ccncc1,P-1,False,294.0,highT,OC(=O)C=CC(O)=O,CC(=O)c1ccncc1
UNOZIJ,UNOZIJ,294 K,c1cnc2c(c1)ccc1cccnc21.OC(=O)CCC#C,P212121,False,294.0,highT,c1cnc2c(c1)ccc1cccnc21,OC(=O)CCC#C
GABSUB,GABSUB,293 K,C[NH2+]CCO.O=C([O-])c1ccc(cc1)N(=O)=O,P-1,False,293.0,highT,C[NH2+]CCO,O=C([O-])c1ccc(cc1)N(=O)=O
HOMZAM,HOMZAM,at 296 K,Nc1nc(N)nc(n1)c1ccccc1.CN(C)C=O,P-1,False,296.0,highT,Nc1nc(N)nc(n1)c1ccccc1,CN(C)C=O
COGCEJ01,COGCEJ01,296 K,OC(=O)C=CC(=O)[O-].OCc1cc[nH+]cc1,P21/c,False,296.0,highT,OC(=O)C=CC(=O)[O-],OCc1cc[nH+]cc1
TEJWEL,TEJWEL,at 297 K,OC(=O)c1cc(ccc1O)S(=O)(=O)[O-].[NH3+]c1cccc(OC)c1,Pna21,False,297.0,highT,OC(=O)c1cc(ccc1O)S(=O)(=O)[O-],[NH3+]c1cccc(OC)c1
LIGPOJ,LIGPOJ,293 K,NC1=Nc2ccccc2S1.CC(C)(C)C(O)=O,P21/c,False,293.0,highT,NC1=Nc2ccccc2S1,CC(C)(C)C(O)=O
MUYDUI,MUYDUI,299 K,[NH3+]c1ccc(O)cc1.Oc1ccccc1C(=O)[O-],P-1,False,299.0,highT,[NH3+]c1ccc(O)cc1,Oc1ccccc1C(=O)[O-]
GEMLOD,GEMLOD,296 K,Clc1ccc(c(Cl)c1)C(=O)[O-].CN1CC(=O)NC1=[NH2+],P-1,False,296.0,highT,Clc1ccc(c(Cl)c1)C(=O)[O-],CN1CC(=O)NC1=[NH2+]
WAWVID,WAWVID,296 K,CN1CC[N+]2(C)Cc3cnc(C)c(O)c3C12.O=P([O-])(c1ccccc1)c1ccccc1,P21212,False,296.0,highT,CN1CC[N+]2(C)Cc3cnc(C)c(O)c3C12,O=P([O-])(c1ccccc1)c1ccccc1
GAMFAC,GAMFAC,at 273 K,OC(=O)c1cc(ccc1O)S(=O)(=O)[O-].CCc1[nH+]c(N)nc(N)c1c1ccc(Cl)cc1,P21/n,False,273.0,highT,OC(=O)c1cc(ccc1O)S(=O)(=O)[O-],CCc1[nH+]c(N)nc(N)c1c1ccc(Cl)cc1
XOQQUS,XOQQUS,293 K,[NH2+]=C1NC(=O)NC=C1F.O=N(=O)c1cc(c([O-])c(c1)N(=O)=O)N(=O)=O,P-1,False,293.0,highT,[NH2+]=C1NC(=O)NC=C1F,O=N(=O)c1cc(c([O-])c(c1)N(=O)=O)N(=O)=O
BOQXEK,BOQXEK,at 297 K,NC(=O)Nc1cccc2ccc[nH+]c12.OC(=O)c1cc(cc(c1[O-])N(=O)=O)N(=O)=O,P-1,False,297.0,highT,NC(=O)Nc1cccc2ccc[nH+]c12,OC(=O)c1cc(cc(c1[O-])N(=O)=O)N(=O)=O
TUJPEV,TUJPEV,296 K,Oc1c(cc(cc1N(=O)=O)N(=O)=O)C(=O)[O-].[NH3+]c1ccc(cc1)S(=O)(=O)NC1=NOC(=C1)C,P-1,False,296.0,highT,Oc1c(cc(cc1N(=O)=O)N(=O)=O)C(=O)[O-],[NH3+]c1ccc(cc1)S(=O)(=O)NC1=NOC(=C1)C
AYOROW,AYOROW,at 296 K,OC(=O)CN1C(=O)c2ccccc2C1=O.CN1C=NC2=C1C(=O)N(C)C(=O)N2C,P21/n,False,296.0,highT,OC(=O)CN1C(=O)c2ccccc2C1=O,CN1C=NC2=C1C(=O)N(C)C(=O)N2C
ZEXVUV,ZEXVUV,at 298 K,Oc1cccc(O)c1.CCN1C=C(C(O)=O)C(=O)c2ccc(C)nc12,P212121,False,298.0,highT,Oc1cccc(O)c1,CCN1C=C(C(O)=O)C(=O)c2ccc(C)nc12
RATNIN01,RATNIN01,298 K,O=P([O-])(Oc1ccccc1)Oc1ccccc1.[NH3+]c1ccccc1Cl,P-1,False,298.0,highT,O=P([O-])(Oc1ccccc1)Oc1ccccc1,[NH3+]c1ccccc1Cl
TIHPAC,TIHPAC,at 295 K,OC(=O)Cc1cccc2ccccc12.C1CCNCC1,P21/n,False,295.0,highT,OC(=O)Cc1cccc2ccccc12,C1CCNCC1
SIZZUZ,SIZZUZ,291.9 K,NS(=O)(=O)c1cc2c(NCNS2(=O)=O)cc1Cl.CN(C)c1ccncc1,P21/c,False,291.0,highT,NS(=O)(=O)c1cc2c(NCNS2(=O)=O)cc1Cl,CN(C)c1ccncc1
SABCEF,SABCEF,at 296 K,Oc1ccccc1C=O.CN(C)c1ccncc1,P-1,False,296.0,highT,Oc1ccccc1C=O,CN(C)c1ccncc1
XAQCOI,XAQCOI,at 23 deg.C,CC([NH2+]C(C(F)F)c1ccccc1)c1ccccc1.OC(=O)c1ccccc1C(=O)[O-],P1,False,296.0,highT,CC([NH2+]C(C(F)F)c1ccccc1)c1ccccc1,OC(=O)c1ccccc1C(=O)[O-]
KARGIW,KARGIW,296.1 K,OC=O.Cc1cccc(C)n1,Pca21,False,296.0,highT,OC=O,Cc1cccc(C)n1
XUGNEU,XUGNEU,at 298.1 K,CC1=C(C#N)C(=O)NC(=O)C1=CNc1ccc(Br)cc1.CN(C)C=O,P21/n,False,298.0,highT,CC1=C(C#N)C(=O)NC(=O)C1=CNc1ccc(Br)cc1,CN(C)C=O
SIJZUI,SIJZUI,at 293 K,OC(=O)c1ccc(O)cc1.O=C1CNC(=O)CN1,P21/c,False,293.0,highT,OC(=O)c1ccc(O)cc1,O=C1CNC(=O)CN1
UYEYEE,UYEYEE,296 K,OC(C(O)C(=O)[O-])C(O)=O.NC1=[NH+]C(=O)N(C=C1)C1CSC(CO)O1,P21,False,296.0,highT,OC(C(O)C(=O)[O-])C(O)=O,NC1=[NH+]C(=O)N(C=C1)C1CSC(CO)O1
NEKRII,NEKRII,295 K,CCOc1ccc2[nH+]c3cc(N)ccc3c(N)c2c1.Clc1cccc(c1)C(=O)[O-],P21/c,False,295.0,highT,CCOc1ccc2[nH+]c3cc(N)ccc3c(N)c2c1,Clc1cccc(c1)C(=O)[O-]
WUKBUB,WUKBUB,296 K,OC(=O)c1cccc(Cl)c1.O=S(=O)(c1ccncc1)c1ccncc1,C2/c,False,296.0,highT,OC(=O)c1cccc(Cl)c1,O=S(=O)(c1ccncc1)c1ccncc1
UMIPIR,UMIPIR,298 K,C1N2CN3CN1CN(C2)C3.OC(=O)c1cc(O)c(O)c(O)c1,P-1,False,298.0,highT,C1N2CN3CN1CN(C2)C3,OC(=O)c1cc(O)c(O)c(O)c1
RAYPOY,RAYPOY,at 293 K,OC(=O)C[N+]12CC[N+](CC1)(CC2)CC(=O)[O-].OC1=C([O-])C(=O)C1=O,P21/c,False,293.0,highT,OC(=O)C[N+]12CC[N+](CC1)(CC2)CC(=O)[O-],OC1=C([O-])C(=O)C1=O
GEHWOJ,GEHWOJ,298 K,Clc1ccc(c(c1)C(=O)[O-])N(=O)=O.Cc1[nH+]cc(cc1)C(N)=O,P21/n,False,298.0,highT,Clc1ccc(c(c1)C(=O)[O-])N(=O)=O,Cc1[nH+]cc(cc1)C(N)=O
ITAQUS,ITAQUS,298 K,CC(C)(Oc1ccc(Cl)cc1)C(=O)[O-].Cc1cccc2SC(=[NH2+])Nc12,P21/c,False,298.0,highT,CC(C)(Oc1ccc(Cl)cc1)C(=O)[O-],Cc1cccc2SC(=[NH2+])Nc12
EZIFID,EZIFID,at 298 K,CC1=NN=C2CN=C(c3ccccc3)c3cc(Cl)ccc3N12.OC(=O)c1ccccc1,P-1,False,298.0,highT,CC1=NN=C2CN=C(c3ccccc3)c3cc(Cl)ccc3N12,OC(=O)c1ccccc1
SIBYUA01,SIBYUA01,298.1 K,c1cc(ccn1)c1ccncc1.CC(=O)Oc1ccccc1C(O)=O,P-1,False,298.0,highT,c1cc(ccn1)c1ccncc1,CC(=O)Oc1ccccc1C(O)=O
LEXCEA,LEXCEA,298 K,CN1C(=O)NC(=O)C2=C1NC=[N+]2C.Cc1ccc(cc1)S(=O)(=O)[O-],P-1,False,298.0,highT,CN1C(=O)NC(=O)C2=C1NC=[N+]2C,Cc1ccc(cc1)S(=O)(=O)[O-]
GISWUB,GISWUB,at 294 K,OC(C(O)C(=O)[O-])C(O)=O.[NH3+]C(C)CO,P212121,False,294.0,highT,OC(C(O)C(=O)[O-])C(O)=O,[NH3+]C(C)CO
ITIGEY,ITIGEY,at 293 K,OB(O)c1ccc(O)cc1.c1cnc2c(c1)ccc1cccnc21,P21/c,False,293.0,highT,OB(O)c1ccc(O)cc1,c1cnc2c(c1)ccc1cccnc21
OQIFAX,OQIFAX,295 K,Nc1nc(N)nc(N)n1.OC(=O)Cc1cccc(Cl)c1,Pbcn,False,295.0,highT,Nc1nc(N)nc(N)n1,OC(=O)Cc1cccc(Cl)c1
YAHTUY,YAHTUY,at 293 K,c1ccncc1.OC(=O)c1cc(O)c(O)c(O)c1,P21/n,False,293.0,highT,c1ccncc1,OC(=O)c1cc(O)c(O)c(O)c1
EVEMOI,EVEMOI,at 298 K,[NH2+]1CCOCC1.COc1ccc(cc1)C(=O)[O-],P21/c,False,298.0,highT,[NH2+]1CCOCC1,COc1ccc(cc1)C(=O)[O-]
UGOREP,UGOREP,at 293 K,NC1=[NH+]C=CS1.OC(=O)CC(=O)[O-],P21,False,293.0,highT,NC1=[NH+]C=CS1,OC(=O)CC(=O)[O-]
HAMYIE,HAMYIE,at 293 K,COc1cc(Cc2c[nH+]c(N)nc2N)cc(OC)c1OC.OC(=O)CC(=O)[O-],P-1,False,293.0,highT,COc1cc(Cc2c[nH+]c(N)nc2N)cc(OC)c1OC,OC(=O)CC(=O)[O-]
ODIDAJ,ODIDAJ,296 K,OC(=O)c1cc(O)cc(O)c1.CCOc1ccccc1C(N)=O,Ibca,False,296.0,highT,OC(=O)c1cc(O)cc(O)c1,CCOc1ccccc1C(N)=O
NAKYOQ,NAKYOQ,298 K,OC(=O)c1cc(O)ccc1O.CC(C)=NNC(=O)c1ccncc1,P21/c,False,298.0,highT,OC(=O)c1cc(O)ccc1O,CC(C)=NNC(=O)c1ccncc1
KIJSED,KIJSED,at 298 K,NC(=O)c1cnccn1.CN1N=NC2=C(N=CN2C1=O)C(N)=O,P-1,False,298.0,highT,NC(=O)c1cnccn1,CN1N=NC2=C(N=CN2C1=O)C(N)=O
TEZMAP,TEZMAP,293 K,O=S(=O)([O-])c1ccccc1.[NH3+]c1ccc(N)c(c1)N(=O)=O,P21/n,False,293.0,highT,O=S(=O)([O-])c1ccccc1,[NH3+]c1ccc(N)c(c1)N(=O)=O
NUQLOD,NUQLOD,296 K,Oc1ccccc1C(=O)[O-].Cc1cccc2SC(=[NH+]c12)N,P212121,False,296.0,highT,Oc1ccccc1C(=O)[O-],Cc1cccc2SC(=[NH+]c12)N
MUPNUG,MUPNUG,at 293 K,OC(=O)CC(=O)[O-].[NH3+]C(CCCNC(N)=[NH2+])C(=O)[O-],C2/c,False,293.0,highT,OC(=O)CC(=O)[O-],[NH3+]C(CCCNC(N)=[NH2+])C(=O)[O-]
FOQNUX,FOQNUX,298 K,CCOP(=O)(Nc1[nH+]c(C)ccc1)OCC.ClC(Cl)(Cl)C(=O)[O-],P21/c,False,298.0,highT,CCOP(=O)(Nc1[nH+]c(C)ccc1)OCC,ClC(Cl)(Cl)C(=O)[O-]
PUHGUV,PUHGUV,at 296.1 K,CC(C)COc1ccc(cc1C#N)C1=NC(=C(S1)C(O)=O)C.c1ccncc1,P-1,False,296.0,highT,CC(C)COc1ccc(cc1C#N)C1=NC(=C(S1)C(O)=O)C,c1ccncc1
HINRUU,HINRUU,296 K,Oc1cc[nH+]cc1.OC(=O)CC(=O)[O-],P21/c,False,296.0,highT,Oc1cc[nH+]cc1,OC(=O)CC(=O)[O-]
UGOSEQ,UGOSEQ,at 293 K,CC1=CSC(=N1)N.OC(=O)CCCCCCCCC(O)=O,P21/c,False,293.0,highT,CC1=CSC(=N1)N,OC(=O)CCCCCCCCC(O)=O
UHAYEH,UHAYEH,at 293 K,CCc1[nH+]c(N)nc(N)c1c1ccc(Cl)cc1.OC(=O)CCCC(=O)[O-],P21/c,False,293.0,highT,CCc1[nH+]c(N)nc(N)c1c1ccc(Cl)cc1,OC(=O)CCCC(=O)[O-]
JIQFEX,JIQFEX,296 K,Oc1cccc(c1)C(=O)[O-].[NH3+]CC1CCC(CC1)C(O)=O,P-1,False,296.0,highT,Oc1cccc(c1)C(=O)[O-],[NH3+]CC1CCC(CC1)C(O)=O
PARXAI,PARXAI,at 293 K,CCc1[nH+]c(N)nc(N)c1c1ccc(Cl)cc1.O=C([O-])c1ccccc1N(=O)=O,C2/c,False,293.0,highT,CCc1[nH+]c(N)nc(N)c1c1ccc(Cl)cc1,O=C([O-])c1ccccc1N(=O)=O
XIYCUH,XIYCUH,296 K,Nc1c(Cl)c[nH+]cc1Cl.Oc1cccnc1C(=O)[O-],P21/c,False,296.0,highT,Nc1c(Cl)c[nH+]cc1Cl,Oc1cccnc1C(=O)[O-]
WEGTOU,WEGTOU,293 K,CC(=NO)C(C)=NO.CC(N)=O,P21/c,False,293.0,highT,CC(=NO)C(C)=NO,CC(N)=O
IJELUE,IJELUE,at 298 K,[NH2+]1CCOCC1.OC(=O)CC(O)(CC(=O)[O-])C(O)=O,Pbca,False,298.0,highT,[NH2+]1CCOCC1,OC(=O)CC(O)(CC(=O)[O-])C(O)=O
LOQXIB,LOQXIB,293 K,[2H][n+]1cccc(C)c1.[2H]OC(=O)c1c(F)c(F)c(c(F)c1F)C(=O)[O-],P212121,False,293.0,highT,[2H][n+]1cccc(C)c1,[2H]OC(=O)c1c(F)c(F)c(c(F)c1F)C(=O)[O-]
KIHXIJ,KIHXIJ,at 298 K,c1cc(ccn1)C=Cc1ccncc1.Oc1cccc(c1)C#N,P21/n,False,298.0,highT,c1cc(ccn1)C=Cc1ccncc1,Oc1cccc(c1)C#N
GINMOG,GINMOG,at 293 K,NC1=[NH+]C(=C(CC2=C(N)N=C(N)NC2=O)C(=O)N1)N.O=C([O-])c1cc(cc(c1)N(=O)=O)N(=O)=O,P21/n,False,293.0,highT,NC1=[NH+]C(=C(CC2=C(N)N=C(N)NC2=O)C(=O)N1)N,O=C([O-])c1cc(cc(c1)N(=O)=O)N(=O)=O
YITKOD,YITKOD,at 293 K,OC1C[NH+]2CCC1CC2.O=C([O-])CN1C(=O)c2cccc3cccc(C1=O)c23,P-1,False,293.0,highT,OC1C[NH+]2CCC1CC2,O=C([O-])CN1C(=O)c2cccc3cccc(C1=O)c23
POZNUQ,POZNUQ,296 K,OC(=O)c1ccc(O)cc1.OC(CN1C=NC=N1)(CN1C=NC=N1)c1ccc(F)cc1F,C2/c,False,296.0,highT,OC(=O)c1ccc(O)cc1,OC(CN1C=NC=N1)(CN1C=NC=N1)c1ccc(F)cc1F
FEVJOI,FEVJOI,293 K,ClC1=CC(=C(Cl)S1)C(=O)[O-].COc1cc(Cc2c[nH+]c(N)nc2N)cc(OC)c1OC,P21/n,False,293.0,highT,ClC1=CC(=C(Cl)S1)C(=O)[O-],COc1cc(Cc2c[nH+]c(N)nc2N)cc(OC)c1OC
KORHAD,KORHAD,296.1 K,CC1=NN(Cc2ccc(cc2)C#N)C(=C1)C.OC(=O)C(O)=O,P21/c,False,296.0,highT,CC1=NN(Cc2ccc(cc2)C#N)C(=C1)C,OC(=O)C(O)=O
MOYMAP,MOYMAP,at 293 K,c1cc(ccn1)c1ccncc1.CC(=O)c1ccc(cc1)B(O)O,Cc,False,293.0,highT,c1cc(ccn1)c1ccncc1,CC(=O)c1ccc(cc1)B(O)O
NUGZOF,NUGZOF,at 294 K,NN1C(=NN=C1c1ccncc1)c1ccncc1.Nc1cc(cc(c1)C(O)=O)C(O)=O,P21/c,False,294.0,highT,NN1C(=NN=C1c1ccncc1)c1ccncc1,Nc1cc(cc(c1)C(O)=O)C(O)=O
KOBGIV,KOBGIV,295 K,NC1=N[N+]2(CCSCC2)CC1.O=N(=O)c1ccc(cc1)S(=O)(=O)[O-],C2/c,False,295.0,highT,NC1=N[N+]2(CCSCC2)CC1,O=N(=O)c1ccc(cc1)S(=O)(=O)[O-]
XUYKIM,XUYKIM,at 294 K,c1cc(ccn1)c1ccncc1.Oc1ccc2C3c4ccc(O)cc4C(c2c1)c1cc(O)ccc31,P21/n,False,294.0,highT,c1cc(ccn1)c1ccncc1,Oc1ccc2C3c4ccc(O)cc4C(c2c1)c1cc(O)ccc31
DIGCUS,DIGCUS,at 298 K,O=C(Nc1c[nH+]ccc1)Nc1cccnc1.O=C([O-])C=CC(=O)[O-],P21/n,False,298.0,highT,O=C(Nc1c[nH+]ccc1)Nc1cccnc1,O=C([O-])C=CC(=O)[O-]
TENVOZ,TENVOZ,at 296 K,OC(=O)C=CC(=O)[O-].[NH3+]C(CC1=C[NH+]=CN1)C(O)=O,P1,False,296.0,highT,OC(=O)C=CC(=O)[O-],[NH3+]C(CC1=C[NH+]=CN1)C(O)=O
WEJCEU,WEJCEU,at 294 K,[NH3+]C(CCCNC(N)=[NH2+])C(N)=O.OC1=C([O-])C(=O)C1=O,P21,False,294.0,highT,[NH3+]C(CCCNC(N)=[NH2+])C(N)=O,OC1=C([O-])C(=O)C1=O
OXUMEA,OXUMEA,at 293 K,C[n+]1ccc(NC(=O)Nc2cc[n+](C)cc2)cc1.FC(F)(F)S(=O)(=O)[O-],P-1,False,293.0,highT,C[n+]1ccc(NC(=O)Nc2cc[n+](C)cc2)cc1,FC(F)(F)S(=O)(=O)[O-]
MOHDIX,MOHDIX,at 293 K,[NH3+]CCCCC([NH3+])C(O)=O.OC(=O)C(=O)[O-],P212121,False,293.0,highT,[NH3+]CCCCC([NH3+])C(O)=O,OC(=O)C(=O)[O-]
HEFVIY,HEFVIY,at 296 K,[NH3+]CCOCCOCC[NH3+].ClC(Cl)(Cl)C(=O)[O-],C2/c,False,296.0,highT,[NH3+]CCOCCOCC[NH3+],ClC(Cl)(Cl)C(=O)[O-]
WIHZUJ,WIHZUJ,at 293 K,FC(F)(F)S(=O)(=O)[O-].C[N+]12CN3CP(C1)C[N+](C)(C3)C2,Pnma,False,293.0,highT,FC(F)(F)S(=O)(=O)[O-],C[N+]12CN3CP(C1)C[N+](C)(C3)C2
JARTEE,JARTEE,293 K,CC1=NOC(C1)C1(O)CC2[NH2+]C1CC2.O=C([O-])C=CC(=O)[O-],P2/c,False,293.0,highT,CC1=NOC(C1)C1(O)CC2[NH2+]C1CC2,O=C([O-])C=CC(=O)[O-]
PUKPUI,PUKPUI,295 K,FC(F)(F)S(=O)(=O)[O-].C1OC2C(OCC2[n+]2ccccc2)C1[n+]1ccccc1,P212121,False,295.0,highT,FC(F)(F)S(=O)(=O)[O-],C1OC2C(OCC2[n+]2ccccc2)C1[n+]1ccccc1
LARXEK,LARXEK,298 K,OC(=O)C=CC(=O)[O-].CCC([NH2+]CC[NH2+]C(CC)CO)CO,P212121,False,298.0,highT,OC(=O)C=CC(=O)[O-],CCC([NH2+]CC[NH2+]C(CC)CO)CO
INIHUL,INIHUL,295 K,[NH3+]c1cc(ccc1O)C1=[NH+]CCCCN1.CS(=O)(=O)[O-],P-1,False,295.0,highT,[NH3+]c1cc(ccc1O)C1=[NH+]CCCCN1,CS(=O)(=O)[O-]
JOBZUY,JOBZUY,293 K,CN1CC(=O)NC1=[NH2+].OC(=O)C=CC(O)=O.O=C([O-])C=CC(=O)[O-],P21/c,False,293.0,highT,CN1CC(=O)NC1=[NH2+],OC(=O)C=CC(O)=O
LARXAG,LARXAG,293.4 K,OC(=O)C(=O)[O-].CCC([NH2+]CC[NH2+]C(CC)CO)CO,P21212,False,293.0,highT,OC(=O)C(=O)[O-],CCC([NH2+]CC[NH2+]C(CC)CO)CO
TEKREK,TEKREK,273.1 K,CN(C)c1cc[n+](cc1)S(=O)[n+]1ccc(cc1)N(C)C.FC(F)(F)S(=O)(=O)[O-],P-1,False,273.0,highT,CN(C)c1cc[n+](cc1)S(=O)[n+]1ccc(cc1)N(C)C,FC(F)(F)S(=O)(=O)[O-]
DUJKOK,DUJKOK,293 K,OC(=O)C(=O)[O-].OCC[NH+]1CC[NH2+]CC1,P1,False,293.0,highT,OC(=O)C(=O)[O-],OCC[NH+]1CC[NH2+]CC1
LICMUH,LICMUH,at 298 K,[NH3+]c1cc(Cl)ccc1O.O=C([O-])C=CC(=O)[O-],P21/c,False,298.0,highT,[NH3+]c1cc(Cl)ccc1O,O=C([O-])C=CC(=O)[O-]
EHOVIG,EHOVIG,at 293 K,COC(=O)c1cc(cc[n+]1C)c1cc[n+](C)c(c1)C(=O)OC.FC(F)(F)S(=O)(=O)[O-],P21,False,293.0,highT,COC(=O)c1cc(cc[n+]1C)c1cc[n+](C)c(c1)C(=O)OC,FC(F)(F)S(=O)(=O)[O-]
OJUHAE,OJUHAE,296 K,FC(F)(F)S(=O)(=O)[O-].C1C[N+]2(CCO1)CC[N+]1(CCOCC1)CC2,P21/n,False,296.0,highT,FC(F)(F)S(=O)(=O)[O-],C1C[N+]2(CCO1)CC[N+]1(CCOCC1)CC2
WEWCOT,WEWCOT,298 K,FC(F)(F)C(=O)[O-].[NH3+]c1ccccc1SSc1ccccc1[NH3+],C2/c,False,298.0,highT,FC(F)(F)C(=O)[O-],[NH3+]c1ccccc1SSc1ccccc1[NH3+]
QICJUK,QICJUK,293.0 K,[NH3+]NC(=O)c1cc[nH+]cc1.CS(=O)(=O)[O-],P-1,False,293.0,highT,[NH3+]NC(=O)c1cc[nH+]cc1,CS(=O)(=O)[O-]
QEYTOF,QEYTOF,at 293 K,C[NH+]1CC[N+](C)(CC1)CC(O)=O.OC1=C([O-])C(=O)C1=O,P21/c,False,293.0,highT,C[NH+]1CC[N+](C)(CC1)CC(O)=O,OC1=C([O-])C(=O)C1=O
ULUFIQ,ULUFIQ,at 293 K,OC(=O)c1ccc(OCCCCCC#N)cc1.OC(=O)c1ccc(OCCCCC#N)cc1,Pc,False,293.0,highT,OC(=O)c1ccc(OCCCCCC#N)cc1,OC(=O)c1ccc(OCCCCC#N)cc1
ROYDAN,ROYDAN,296 K,FC(F)(F)S(=O)(=O)[O-].CC(C)(C)c1cc2S[S+][N]c2c2S[S+][N]c12,P-1,False,296.0,highT,FC(F)(F)S(=O)(=O)[O-],CC(C)(C)c1cc2S[S+][N]c2c2S[S+][N]c12
FAYYAI,FAYYAI,183 K,Nc1ccc(C(O)=O)c(O)c1.NC(=O)N1c2ccccc2C=Cc2ccccc12,P21/c,False,183.0,mediumT,Nc1ccc(C(O)=O)c(O)c1,NC(=O)N1c2ccccc2C=Cc2ccccc12
NUQHIS,NUQHIS,150 K,Cc1c(O)cccc1O.c1cc(ccn1)N=Nc1ccncc1,P21/c,False,150.0,mediumT,Cc1c(O)cccc1O,c1cc(ccn1)N=Nc1ccncc1
HAYLEC,HAYLEC,150 K,Oc1ccc(C=O)c(O)c1O.c1cc(ccn1)c1ccncc1,P-1,False,150.0,mediumT,Oc1ccc(C=O)c(O)c1O,c1cc(ccn1)c1ccncc1
IJUPEI,IJUPEI,at 223 K,CC1=CC2[NH+](CC1)CC1CCCCC21O.O=N(=O)c1cc(c([O-])c(c1)N(=O)=O)N(=O)=O,Pna21,False,223.0,mediumT,CC1=CC2[NH+](CC1)CC1CCCCC21O,O=N(=O)c1cc(c([O-])c(c1)N(=O)=O)N(=O)=O
FEPFOX,FEPFOX,at 180 K,c1ccc2nc3ccccc3nc2c1.CC(=CC(O)=O)C(O)=O,Pna21,False,180.0,mediumT,c1ccc2nc3ccccc3nc2c1,CC(=CC(O)=O)C(O)=O
QOFKEC,QOFKEC,at 200 K,O=C1C(=O)c2cccnc2c2[nH+]cccc12.FC(F)(F)S(=O)(=O)[O-],P21,False,200.0,mediumT,O=C1C(=O)c2cccnc2c2[nH+]cccc12,FC(F)(F)S(=O)(=O)[O-]
FEPFEN,FEPFEN,at 129 K,ON=C(C#N)c1ccc(cc1)C(=NO)C#N.CS(C)=O,P-1,False,129.0,mediumT,ON=C(C#N)c1ccc(cc1)C(=NO)C#N,CS(C)=O
YAJGIC,YAJGIC,154 K,O=S1(=O)NC(=S)c2ccccc12.NC(=O)N1c2ccccc2CCc2ccccc12,P-1,False,154.0,mediumT,O=S1(=O)NC(=S)c2ccccc12,NC(=O)N1c2ccccc2CCc2ccccc12
HOLKUQ,HOLKUQ,at 140 K,FC(F)(F)S(=O)(=O)[O-].C[N+]1=CN(CC[NH2+][BH3-])C=C1,P-1,False,140.0,mediumT,FC(F)(F)S(=O)(=O)[O-],C[N+]1=CN(CC[NH2+][BH3-])C=C1
ZUYLAI,ZUYLAI,173 K,NC(N)=O.NC(=O)c1cccnc1,P21/n,False,173.0,mediumT,NC(N)=O,NC(=O)c1cccnc1
HOTGOP,HOTGOP,130 K,CN(C)c1ccc(cc1)C=NNC(N)=S.CN(C)c1ccc(C=O)cc1,P-1,False,130.0,mediumT,CN(C)c1ccc(cc1)C=NNC(N)=S,CN(C)c1ccc(C=O)cc1
VOSWOS,VOSWOS,173 K,OC(C(=O)[O-])c1ccc(Br)cc1.[NH3+]C(CO)C(O)c1ccc(cc1)N(=O)=O,P21,False,173.0,mediumT,OC(C(=O)[O-])c1ccc(Br)cc1,[NH3+]C(CO)C(O)c1ccc(cc1)N(=O)=O
UXOBIT,UXOBIT,at 150 K,CCCCCCC(O)=O.Nc1ncnc(N)n1,Pmn21,False,150.0,mediumT,CCCCCCC(O)=O,Nc1ncnc(N)n1
BOVZAP,BOVZAP,at 150 K,C(Cc1ccncc1)c1ccncc1.OC(=O)c1ccc(F)c(F)c1,P21/c,False,150.0,mediumT,C(Cc1ccncc1)c1ccncc1,OC(=O)c1ccc(F)c(F)c1
RAVLOS,RAVLOS,150 K,OC(=O)c1cc(Cl)cc(Cl)c1O.O=Cc1ccncc1,P-1,False,150.0,mediumT,OC(=O)c1cc(Cl)cc(Cl)c1O,O=Cc1ccncc1
TORZAE,TORZAE,150 K,c1cc(ccn1)C=Cc1ccncc1.Nc1ccc(cc1)C(O)=O,P-1,False,150.0,mediumT,c1cc(ccn1)C=Cc1ccncc1,Nc1ccc(cc1)C(O)=O
HOGJAR,HOGJAR,180 K,O=C(NN=Cc1[nH+]cccc1)c1ccccc1.OC(=O)CC(=O)[O-],P-1,False,180.0,mediumT,O=C(NN=Cc1[nH+]cccc1)c1ccccc1,OC(=O)CC(=O)[O-]
HIQMAX,HIQMAX,at 150 K,OC(=O)CCC(O)=O.NC(=O)c1ccc(Br)cc1,P21/c,False,150.0,mediumT,OC(=O)CCC(O)=O,NC(=O)c1ccc(Br)cc1
CIMNAQ,CIMNAQ,150 K,CC1(C)C2CCC1(CS(=O)(=O)[O-])C(=O)C2.COc1ccc(cc1)C(O)C[N+]1=CC=CN1,P212121,False,150.0,mediumT,CC1(C)C2CCC1(CS(=O)(=O)[O-])C(=O)C2,COc1ccc(cc1)C(O)C[N+]1=CC=CN1
WIVPUM,WIVPUM,at 173 K,Clc1ccc(c(Cl)c1)C(=O)[O-].[NH3+]Cc1ccc(Cl)cc1,P21/c,False,173.0,mediumT,Clc1ccc(c(Cl)c1)C(=O)[O-],[NH3+]Cc1ccc(Cl)cc1
GAGPIR,GAGPIR,150 K,[NH3+]C(C(O)c1ccccc1)c1ccccc1.OC(CCc1ccccc1)C(=O)[O-],P61,False,150.0,mediumT,[NH3+]C(C(O)c1ccccc1)c1ccccc1,OC(CCc1ccccc1)C(=O)[O-]
CEPMOC,CEPMOC,170 K,c1ccc2nc3ccccc3cc2c1.Oc1ccc(Br)cc1,P21,False,170.0,mediumT,c1ccc2nc3ccccc3cc2c1,Oc1ccc(Br)cc1
MAYTIT,MAYTIT,200.0 K,Cc1ccc(cc1)S(=O)(=O)[O-].O=C(C[NH+]1CCCCC1)c1ccccc1,Pbca,False,200.0,mediumT,Cc1ccc(cc1)S(=O)(=O)[O-],O=C(C[NH+]1CCCCC1)c1ccccc1
VAKVIN,VAKVIN,at 153 K,NC(=O)c1ccncc1.Oc1ccc(O)cc1,P21/c,False,153.0,mediumT,NC(=O)c1ccncc1,Oc1ccc(O)cc1
TIJMUU,TIJMUU,at 150 K,CC(=NO)C1(C)NCC(C)(C)CN1.CC(=O)C(C)=NO,P-1,False,150.0,mediumT,CC(=NO)C1(C)NCC(C)(C)CN1,CC(=O)C(C)=NO
LUNZOJ,LUNZOJ,at 180 K,CCCCCCCCC(O)=O.c1cnccn1,P-1,False,180.0,mediumT,CCCCCCCCC(O)=O,c1cnccn1
RASCAQ,RASCAQ,at 223 K,c1cc(ccn1)C=Cc1ccncc1.Oc1cc(O)cc(c1)C(c1ccccc1O)c1ccccc1O,P21/c,False,223.0,mediumT,c1cc(ccn1)C=Cc1ccncc1,Oc1cc(O)cc(c1)C(c1ccccc1O)c1ccccc1O
RASBOD,RASBOD,at 223 K,c1cc(ccn1)c1ccncc1.Oc1cc(O)cc(c1)C(c1ccccc1O)c1ccccc1O,Pbcn,False,223.0,mediumT,c1cc(ccn1)c1ccncc1,Oc1cc(O)cc(c1)C(c1ccccc1O)c1ccccc1O
XEZJAR,XEZJAR,150.2 K,c1ccc2c(c1)c1ccccc1c1ccccc21.ClC1=C(Cl)C(=O)C(=C(C#N)C1=O)C#N,P21/n,False,150.0,mediumT,c1ccc2c(c1)c1ccccc1c1ccccc21,ClC1=C(Cl)C(=O)C(=C(C#N)C1=O)C#N
LATLAV,LATLAV,at 173 K,CC(C)=NNC(=O)c1ccncc1.OC(=O)c1ccccc1O,P21/n,False,173.0,mediumT,CC(C)=NNC(=O)c1ccncc1,OC(=O)c1ccccc1O
TAKJOH,TAKJOH,173 K,Cc1ccc(cc1)S(=O)(=O)[O-].[NH3+]C(CC1=CNc2ccccc12)C(O)=O,P21/c,False,173.0,mediumT,Cc1ccc(cc1)S(=O)(=O)[O-],[NH3+]C(CC1=CNc2ccccc12)C(O)=O
EJEZAX,EJEZAX,150 K,S=C([S-])N1CCOCC1.C[N+](C)(C)CCO,P21/c,False,150.0,mediumT,S=C([S-])N1CCOCC1,C[N+](C)(C)CCO
BEPTOH,BEPTOH,at 173 K,[NH2+]1CCOCC1.OC(=O)C=CC(=O)[O-],P-1,False,173.0,mediumT,[NH2+]1CCOCC1,OC(=O)C=CC(=O)[O-]
TUYKUV,TUYKUV,173 K,CN(C)C=O.OC(=O)c1cccc2C(=O)c3c(cccc3C(=O)c12)C(O)=O,P21/c,False,173.0,mediumT,CN(C)C=O,OC(=O)c1cccc2C(=O)c3c(cccc3C(=O)c12)C(O)=O
RIMCAR,RIMCAR,at 173K,C1COCCO1.CC(=O)C1(C(C)=O)C(C#N)(C#N)C1(C#N)C#N,P21,False,173.0,mediumT,C1COCCO1,CC(=O)C1(C(C)=O)C(C#N)(C#N)C1(C#N)C#N
WIVQIB,WIVQIB,at 173 K,Fc1c(F)c(F)c(c(F)c1F)C(=O)[O-].[NH3+]Cc1ccc(Cl)cc1,C2/c,False,173.0,mediumT,Fc1c(F)c(F)c(c(F)c1F)C(=O)[O-],[NH3+]Cc1ccc(Cl)cc1
BOWJUU,BOWJUU,at 150 K,OC(=O)c1cc(F)c(F)c(F)c1.C(Cc1ccncc1)c1ccncc1,P21/n,False,150.0,mediumT,OC(=O)c1cc(F)c(F)c(F)c1,C(Cc1ccncc1)c1ccncc1
AZUSET,AZUSET,at 150 K,Cc1ccc(cc1)S(=O)(=O)[O-].[NH3+]CC1CCC2COc3c(Br)cc(OC)c1c23,P-1,False,150.0,mediumT,Cc1ccc(cc1)S(=O)(=O)[O-],[NH3+]CC1CCC2COc3c(Br)cc(OC)c1c23
GUZFAJ,GUZFAJ,at 173 K,FC(F)(F)S(=O)(=O)[O-].CCN1C=CC=CB1[n+]1ccc(cc1)N(C)C,P-1,False,173.0,mediumT,FC(F)(F)S(=O)(=O)[O-],CCN1C=CC=CB1[n+]1ccc(cc1)N(C)C
TAJSUV,TAJSUV,173 K,CC1(C)C2CCC1(CS(=O)(=O)[O-])C(=O)C2.[NH3+]C(CC1=CNc2ccccc12)C(O)=O,P212121,False,173.0,mediumT,CC1(C)C2CCC1(CS(=O)(=O)[O-])C(=O)C2,[NH3+]C(CC1=CNc2ccccc12)C(O)=O
CANFAC,CANFAC,132.1 K,Cc1[nH+]cc(CO)c(CO)c1O.OC1=C([O-])C(=O)C1=O,P21/c,False,132.0,mediumT,Cc1[nH+]cc(CO)c(CO)c1O,OC1=C([O-])C(=O)C1=O
ABELEY,ABELEY,at 173 K,COc1cc(O)cc(O)c1.c1cc(ccn1)C=Cc1ccncc1,P21/c,False,173.0,mediumT,COc1cc(O)cc(O)c1,c1cc(ccn1)C=Cc1ccncc1
EYOLOU,EYOLOU,at 125 K,OC(CC=C)(C(F)(F)F)C(F)(F)F.C1CNCCN1,P21/n,False,125.0,mediumT,OC(CC=C)(C(F)(F)F)C(F)(F)F,C1CNCCN1
OFEQAR,OFEQAR,at 173 K,Cc1ccc(N)cc1C.Oc1ccc(cc1)C1(CCCCC1)c1ccc(O)cc1,P-1,False,173.0,mediumT,Cc1ccc(N)cc1C,Oc1ccc(cc1)C1(CCCCC1)c1ccc(O)cc1
RINQOW,RINQOW,at 173 K,Cc1ccc(C)c(c1)S(=O)(=O)[O-].CN(C)C1=CC=C(S1)C=Cc1cc[n+](C)cc1,P-1,False,173.0,mediumT,Cc1ccc(C)c(c1)S(=O)(=O)[O-],CN(C)C1=CC=C(S1)C=Cc1cc[n+](C)cc1
GAGPUD,GAGPUD,150 K,[NH3+]C(C(O)c1ccccc1)c1ccccc1.OC(CCc1ccccc1)C(=O)[O-],P212121,False,150.0,mediumT,[NH3+]C(C(O)c1ccccc1)c1ccccc1,OC(CCc1ccccc1)C(=O)[O-]
WADMIA,WADMIA,213.1 K,[NH3+]Cc1ccc(Br)cc1.CCCCCCCCCCCCC(=O)[O-],P-1,False,213.0,mediumT,[NH3+]Cc1ccc(Br)cc1,CCCCCCCCCCCCC(=O)[O-]
ABEBUF,ABEBUF,at 150 K,c1ccncc1.O=C1Nc2ccccc2C(=O)Nc2ccccc12,Pbca,False,150.0,mediumT,c1ccncc1,O=C1Nc2ccccc2C(=O)Nc2ccccc12
PEBZII,PEBZII,170 K,NC(=O)c1ccncc1.Oc1ccc(cc1)C=Cc1cc(O)cc(O)c1,P21/n,False,170.0,mediumT,NC(=O)c1ccncc1,Oc1ccc(cc1)C=Cc1cc(O)cc(O)c1
IJOCOZ,IJOCOZ,at 150 K,O[B-](c1c(F)c(F)c(F)c(F)c1F)(c1c(F)c(F)c(F)c(F)c1F)c1c(F)c(F)c(F)c(F)c1F.OC1CCCCC1[NH2+]Cc1ccccc1,P21/n,False,150.0,mediumT,O[B-](c1c(F)c(F)c(F)c(F)c1F)(c1c(F)c(F)c(F)c(F)c1F)c1c(F)c(F)c(F)c(F)c1F,OC1CCCCC1[NH2+]Cc1ccccc1
GUXYEF,GUXYEF,223 K,c1cc(ccn1)c1ccncc1.CSC1=C(SC)SC(S1)=C1SC=C(S1)C(O)=O,P2/c,False,223.0,mediumT,c1cc(ccn1)c1ccncc1,CSC1=C(SC)SC(S1)=C1SC=C(S1)C(O)=O
MOXWAY,MOXWAY,at 173 K,OC(=O)c1ccccc1O.NC(=O)N1c2ccccc2C=Cc2ccccc12,P21/n,False,173.0,mediumT,OC(=O)c1ccccc1O,NC(=O)N1c2ccccc2C=Cc2ccccc12
PORNER,PORNER,153 K,FC(F)(F)S(=O)(=O)[O-].CC1=[NH+]N(C(=C1)C)c1ncccc1N(=O)=O,P-1,False,153.0,mediumT,FC(F)(F)S(=O)(=O)[O-],CC1=[NH+]N(C(=C1)C)c1ncccc1N(=O)=O
LILFOE,LILFOE,149.9 K,CC1=CC(=O)NC(=[NH+]1)N.O=C1[N-]S(=O)(=O)c2ccccc12,P-1,False,149.0,mediumT,CC1=CC(=O)NC(=[NH+]1)N,O=C1[N-]S(=O)(=O)c2ccccc12
VAQSIQ,VAQSIQ,at 203 K,O=C([O-])c1ccccc1.COc1cc(C)[nH+]c(N)n1,P-1,False,203.0,mediumT,O=C([O-])c1ccccc1,COc1cc(C)[nH+]c(N)n1
LUNYIC,LUNYIC,at 180 K,CCC(O)=O.c1cnccn1,P21/n,False,180.0,mediumT,CCC(O)=O,c1cnccn1
UPOQEW,UPOQEW,at 150 K,OC(CN1C=NC=N1)(CN1C=NC=N1)c1ccc(F)cc1F.OC(=O)C=CC(O)=O,P-1,False,150.0,mediumT,OC(CN1C=NC=N1)(CN1C=NC=N1)c1ccc(F)cc1F,OC(=O)C=CC(O)=O
WUZYEX,WUZYEX,170 K,NC(N)=S.Cc1cnc(C)cn1,P-1,False,170.0,mediumT,NC(N)=S,Cc1cnc(C)cn1
GAHFAX,GAHFAX,at 184 K,c1ccc2nc3ccccc3cc2c1.OC(=O)C=CC(O)=O,P21/c,False,184.0,mediumT,c1ccc2nc3ccccc3cc2c1,OC(=O)C=CC(O)=O
QAMQUR,QAMQUR,at 150 K,Oc1ccc(O)cc1.c1cnccn1,P21/c,False,150.0,mediumT,Oc1ccc(O)cc1,c1cnccn1
VAXRAP,VAXRAP,at 180 K,C(Cc1ccncc1)c1ccncc1.OC(=O)C1=Cc2ccccc2OC1=O,P21/n,False,180.0,mediumT,C(Cc1ccncc1)c1ccncc1,OC(=O)C1=Cc2ccccc2OC1=O
ZOHVUP,ZOHVUP,at 150 K,Oc1ccc(Cl)c(Cl)c1Cl.Nc1ccc(Cl)cc1,P21/c,False,150.0,mediumT,Oc1ccc(Cl)c(Cl)c1Cl,Nc1ccc(Cl)cc1
WAXSOG,WAXSOG,173 K,O=C1N(C2CCC2)C(=O)C2=C1SC1=C(S2)C(=O)N(C2CCC2)C1=O.Brc1c2ccccc2cc2ccccc12,P-1,False,173.0,mediumT,O=C1N(C2CCC2)C(=O)C2=C1SC1=C(S2)C(=O)N(C2CCC2)C1=O,Brc1c2ccccc2cc2ccccc12
LODGAO,LODGAO,150 K,NS(=O)(=O)c1cc(C(O)=O)c(NCC2=CC=CO2)cc1Cl.CN(C)C=O,P21/c,False,150.0,mediumT,NS(=O)(=O)c1cc(C(O)=O)c(NCC2=CC=CO2)cc1Cl,CN(C)C=O
LASGUJ,LASGUJ,at 150 K,Cc1ccc2ncccc2c1.OC(=O)C=CC(O)=O,P21/c,False,150.0,mediumT,Cc1ccc2ncccc2c1,OC(=O)C=CC(O)=O
CIWNON,CIWNON,at 173 K,[NH3+]NC(=O)N[NH3+].O=N(=O)[N-]C1=NON=C1C1=NON=C1[N-]N(=O)=O,P212121,False,173.0,mediumT,[NH3+]NC(=O)N[NH3+],O=N(=O)[N-]C1=NON=C1C1=NON=C1[N-]N(=O)=O
PERCAU,PERCAU,173 K,Nc1[nH+]cc(Cl)cc1.O=C([O-])c1c2ccccc2cc2ccccc12,P-1,False,173.0,mediumT,Nc1[nH+]cc(Cl)cc1,O=C([O-])c1c2ccccc2cc2ccccc12
ZABWIM,ZABWIM,150.2 K,c1cncc(c1)C=Cc1cccnc1.Oc1ccc(O)cc1,P-1,False,150.0,mediumT,c1cncc(c1)C=Cc1cccnc1,Oc1ccc(O)cc1
WELCID,WELCID,130 K,NCC=C.CCCCCCCO,P21/c,False,130.0,mediumT,NCC=C,CCCCCCCO
EKEYEB,EKEYEB,150 K,[N-]=[N+]=NC1=NN=N[N-]1.C[N+]1=NOC(=C1)N,P21/n,False,150.0,mediumT,[N-]=[N+]=NC1=NN=N[N-]1,C[N+]1=NOC(=C1)N
CAKNUA,CAKNUA,223 K,FC(F)(F)S(=O)(=O)[O-].C[Si](C)(C)N1C=Cc2c[nH+]ccc12,P-1,False,223.0,mediumT,FC(F)(F)S(=O)(=O)[O-],C[Si](C)(C)N1C=Cc2c[nH+]ccc12
XULCEP,XULCEP,140.0 K,CC(C)[N+](=NNC(=O)C(C)=C(C)C)C(C)C.FC(F)(F)S(=O)(=O)[O-],P21/n,False,140.0,mediumT,CC(C)[N+](=NNC(=O)C(C)=C(C)C)C(C)C,FC(F)(F)S(=O)(=O)[O-]
ESAXAA24,ESAXAA24,223 K,[2H]OC(=O)c1c(F)c(F)c(c(F)c1F)C(=O)[O-].[2H][N+]([2H])=CN([2H])[2H],C2/c,False,223.0,mediumT,[2H]OC(=O)c1c(F)c(F)c(c(F)c1F)C(=O)[O-],[2H][N+]([2H])=CN([2H])[2H]
IDUNOK,IDUNOK,at 220 K,O=C([O-])c1ccc(cc1N(=O)=O)N(=O)=O.Oc1c[nH+]ccc1,P21/c,False,220.0,mediumT,O=C([O-])c1ccc(cc1N(=O)=O)N(=O)=O,Oc1c[nH+]ccc1
PUCSIS,PUCSIS,173 K,OC(=O)c1cccc(O)c1.Cc1cc(C)nc(NS(=O)(=O)c2ccc(N)cc2)n1,Pbca,False,173.0,mediumT,OC(=O)c1cccc(O)c1,Cc1cc(C)nc(NS(=O)(=O)c2ccc(N)cc2)n1
QEWHEH,QEWHEH,at 150 K,c1cc(ccn1)C=Cc1ccncc1.OC(=O)c1ccc(O)cc1,P21/c,False,150.0,mediumT,c1cc(ccn1)C=Cc1ccncc1,OC(=O)c1ccc(O)cc1
ZOHXAX,ZOHXAX,at 150 K,OC(=O)c1cc(O)cc(O)c1.NC(=O)c1ccc(N)cc1,P-1,False,150.0,mediumT,OC(=O)c1cc(O)cc(O)c1,NC(=O)c1ccc(N)cc1
WIDNED,WIDNED,at 193 K,C1CN2CCN1CC2.Oc1ccc(Br)cc1,P21/n,False,193.0,mediumT,C1CN2CCN1CC2,Oc1ccc(Br)cc1
KICVOJ,KICVOJ,180 K,Oc1ccc(cc1)C=CC(=O)[O-].CCc1[nH+]c(N)nc(N)c1c1ccc(Cl)cc1,P-1,False,180.0,mediumT,Oc1ccc(cc1)C=CC(=O)[O-],CCc1[nH+]c(N)nc(N)c1c1ccc(Cl)cc1
CIHQUJ,CIHQUJ,239 K,O=C1c2ccccc2c2nc(C#N)c(nc12)C#N.c1cc2ccc3cccc4ccc(c1)c2c34,P21/n,False,239.0,mediumT,O=C1c2ccccc2c2nc(C#N)c(nc12)C#N,c1cc2ccc3cccc4ccc(c1)c2c34
NOZXIJ,NOZXIJ,at 173 K,C1COCCOCCOCCO1.O=S(=O)(NS(=O)(=O)c1ccccc1)c1ccccc1,P21/n,False,173.0,mediumT,C1COCCOCCOCCO1,O=S(=O)(NS(=O)(=O)c1ccccc1)c1ccccc1
ESEDAK22,ESEDAK22,223 K,[2H][N+]([2H])([2H])C1CCCCC1C.[2H]OC(=O)c1c(F)c(F)c(c(F)c1F)C(=O)[O-],P21/c,False,223.0,mediumT,[2H][N+]([2H])([2H])C1CCCCC1C,[2H]OC(=O)c1c(F)c(F)c(c(F)c1F)C(=O)[O-]
NUKWEW01,NUKWEW01,at 180 K,Nc1ncccn1.OC(=O)c1ccccc1,Pnma,False,180.0,mediumT,Nc1ncccn1,OC(=O)c1ccccc1
NUQLAO,NUQLAO,150 K,Cc1c(O)cccc1O.c1ccc2c(c1)ccc1cccnc21,P21/n,False,150.0,mediumT,Cc1c(O)cccc1O,c1ccc2c(c1)ccc1cccnc21
DEBJEA,DEBJEA,at 223 K,c1cc(ccn1)C=Cc1ccncc1.Oc1ccc(cc1)C(c1ccccc1O)c1ccccc1O,P-1,False,223.0,mediumT,c1cc(ccn1)C=Cc1ccncc1,Oc1ccc(cc1)C(c1ccccc1O)c1ccccc1O
EGUXAG,EGUXAG,at 150 K,c1cc(ccn1)c1ccncc1.OC(=O)CC(O)(CC(O)=O)C(O)=O,P21/n,False,150.0,mediumT,c1cc(ccn1)c1ccncc1,OC(=O)CC(O)(CC(O)=O)C(O)=O
UZUZAS,UZUZAS,173 K,Cc1cccc(Nc2ccccc2C(O)=O)c1C.Clc1cccnc1,P-1,False,173.0,mediumT,Cc1cccc(Nc2ccccc2C(O)=O)c1C,Clc1cccnc1
XESXOJ,XESXOJ,at 220 K,NC(=NO)C(N)=NO.O=C1C(=O)c2cccnc2c2ncccc12,P-1,False,220.0,mediumT,NC(=NO)C(N)=NO,O=C1C(=O)c2cccnc2c2ncccc12
UGOVIX,UGOVIX,130 K,O=C1CCC(=O)N1.OC(=O)c1cc(O)c(O)c(O)c1,P212121,False,130.0,mediumT,O=C1CCC(=O)N1,OC(=O)c1cc(O)c(O)c(O)c1
BOVXOB,BOVXOB,at 150 K,c1cc(ccn1)C=Cc1ccncc1.OC(=O)c1cc(F)c(F)cc1F,P21/n,False,150.0,mediumT,c1cc(ccn1)C=Cc1ccncc1,OC(=O)c1cc(F)c(F)cc1F
WADPEZ,WADPEZ,173 K,[NH3+]Cc1ccc(Br)cc1.BrCCCCCCCCCCCC(=O)[O-],P1,False,173.0,mediumT,[NH3+]Cc1ccc(Br)cc1,BrCCCCCCCCCCCC(=O)[O-]
LUNMAI,LUNMAI,at 173 K,NC(=O)c1ccncc1.OC(=O)C=Cc1ccccc1,P-1,False,173.0,mediumT,NC(=O)c1ccncc1,OC(=O)C=Cc1ccccc1
VITKEP,VITKEP,at 173 K,CN1c2ccccc2N=C1c1ccncc1.ON=Cc1c(F)c(F)c(F)c(F)c1F,P212121,False,173.0,mediumT,CN1c2ccccc2N=C1c1ccncc1,ON=Cc1c(F)c(F)c(F)c(F)c1F
TUQYIQ,TUQYIQ,150 K,C1COCCO1.N#CC1(C#N)C2(CCOCC2)C1(C#N)C#N,P21/c,False,150.0,mediumT,C1COCCO1,N#CC1(C#N)C2(CCOCC2)C1(C#N)C#N
GOGCAJ,GOGCAJ,150 K,NC(=S)NN=Cc1cc[nH+]cc1.OC(=O)c1cccc(n1)C(=O)[O-],P-1,False,150.0,mediumT,NC(=S)NN=Cc1cc[nH+]cc1,OC(=O)c1cccc(n1)C(=O)[O-]
QETMUY,QETMUY,at 190 K,Nc1cccc(O)c1.c1cc(ccn1)C#Cc1ccncc1,P-1,False,190.0,mediumT,Nc1cccc(O)c1,c1cc(ccn1)C#Cc1ccncc1
MISNUX,MISNUX,at 198 K,NC(N)=O.CC(=O)CCCCCCCCCC(C)=O,P3112,False,198.0,mediumT,NC(N)=O,CC(=O)CCCCCCCCCC(C)=O
AJALAY,AJALAY,at 203 K,CN(C)c1cccc(c1)C(O)=O.NC(=O)c1ccc(Cl)cc1,P-1,False,203.0,mediumT,CN(C)c1cccc(c1)C(O)=O,NC(=O)c1ccc(Cl)cc1
QALXAE,QALXAE,at 173 K,O=N(=O)N=C1NN=N[N-]1.[NH3+]NC(=O)NN,Pn,False,173.0,mediumT,O=N(=O)N=C1NN=N[N-]1,[NH3+]NC(=O)NN
WORNID,WORNID,220 K,Nc1ccc(cc1)C(O)=O.COc1c2OC=Cc2cc2C=CC(=O)Oc12,P21/c,False,220.0,mediumT,Nc1ccc(cc1)C(O)=O,COc1c2OC=Cc2cc2C=CC(=O)Oc12
WADMEW,WADMEW,213.1 K,CCCCCCCC(=O)[O-].[NH3+]Cc1ccc(Br)cc1,P-1,False,213.0,mediumT,CCCCCCCC(=O)[O-],[NH3+]Cc1ccc(Br)cc1
GESCIS,GESCIS,at 150 K,NC(=O)c1ccc(O)cc1.OC(=O)C=CC(O)=O,P-1,False,150.0,mediumT,NC(=O)c1ccc(O)cc1,OC(=O)C=CC(O)=O
TOQPOH,TOQPOH,150 K,NC(=S)NN=Cc1cc[nH+]cc1.OC(=O)CCCC(=O)[O-],P21/c,False,150.0,mediumT,NC(=S)NN=Cc1cc[nH+]cc1,OC(=O)CCCC(=O)[O-]
ZUHFIR,ZUHFIR,at 200 K,OC(=O)C=CC(=O)[O-].C[NH+](C)CCC(c1ccc(Br)cc1)c1ccccn1,P1,False,200.0,mediumT,OC(=O)C=CC(=O)[O-],C[NH+](C)CCC(c1ccc(Br)cc1)c1ccccn1
PEXPIT,PEXPIT,150 K,c1cc(ccn1)c1ccncc1.Nc1ccc(C(O)=O)c(O)c1,P21/c,False,150.0,mediumT,c1cc(ccn1)c1ccncc1,Nc1ccc(C(O)=O)c(O)c1
HOGJIZ,HOGJIZ,180 K,OC(=O)CCCC(O)=O.O=C(NN=Cc1ccccn1)c1ccccc1,P21/c,False,180.0,mediumT,OC(=O)CCCC(O)=O,O=C(NN=Cc1ccccn1)c1ccccc1
EHENIO,EHENIO,at 210 K,ClP(Cl)(=O)[O-].CC(C)N1C(=C(C)[N+](=C1Cl)C(C)C)C,Pnma,False,210.0,mediumT,ClP(Cl)(=O)[O-],CC(C)N1C(=C(C)[N+](=C1Cl)C(C)C)C
QAFZUT,QAFZUT,at 173 K,c1ccc(C=Cc2ccncc2)nc1.Oc1ccc(Cl)c(O)c1,P-1,False,173.0,mediumT,c1ccc(C=Cc2ccncc2)nc1,Oc1ccc(Cl)c(O)c1
TIHGAT,TIHGAT,at 150 K,Fc1ccc2NC(=O)C(=O)c2c1.CS(C)=O,P-1,False,150.0,mediumT,Fc1ccc2NC(=O)C(=O)c2c1,CS(C)=O
FUHPAA,FUHPAA,at 173 K,OCc1ccccc1O.c1cnc2c(c1)ccc1cccnc21,P21/n,False,173.0,mediumT,OCc1ccccc1O,c1cnc2c(c1)ccc1cccnc21
IWARON,IWARON,at 203 K,Oc1ccc2ccccc2c1c1c(O)ccc2ccccc12.c1ccc2ncccc2c1,C2/c,False,203.0,mediumT,Oc1ccc2ccccc2c1c1c(O)ccc2ccccc12,c1ccc2ncccc2c1
RUYXAM,RUYXAM,150 K,c1cc(ccn1)c1ccncc1.OC(=O)CCCCCCCC(O)=O,C2/c,False,150.0,mediumT,c1cc(ccn1)c1ccncc1,OC(=O)CCCCCCCC(O)=O
VAKTUX,VAKTUX,at 153 K,Oc1cccc(O)c1.NC(=O)c1ccncc1,P-1,False,153.0,mediumT,Oc1cccc(O)c1,NC(=O)c1ccncc1
EMAVUM,EMAVUM,193.0 K,OC(=O)C=CC(=O)[O-].C[NH+](Cc1cc(Br)cc(Br)c1N)C1CCCCC1,P21/n,False,193.0,mediumT,OC(=O)C=CC(=O)[O-],C[NH+](Cc1cc(Br)cc(Br)c1N)C1CCCCC1
MOXWEC,MOXWEC,at 173 K,OC(=O)c1ccc2ccccc2c1O.NC(=O)N1c2ccccc2C=Cc2ccccc12,P21/c,False,173.0,mediumT,OC(=O)c1ccc2ccccc2c1O,NC(=O)N1c2ccccc2C=Cc2ccccc12
VAQSAI,VAQSAI,at 203 K,Clc1cccc(c1)C(=O)[O-].COc1cc(C)[nH+]c(N)n1,P-1,False,203.0,mediumT,Clc1cccc(c1)C(=O)[O-],COc1cc(C)[nH+]c(N)n1
NUQRAT,NUQRAT,at 200 K,O=N(=O)c1ccc(Cc2cc[nH+]cc2)cc1.Oc1ccc(cc1C(=O)[O-])N(=O)=O,P-1,False,200.0,mediumT,O=N(=O)c1ccc(Cc2cc[nH+]cc2)cc1,Oc1ccc(cc1C(=O)[O-])N(=O)=O
HALHOT,HALHOT,at 223 K,NC1=Nc2ccccc2S1.Oc1ccccc1C=NC1=Nc2ccccc2S1,P-1,False,223.0,mediumT,NC1=Nc2ccccc2S1,Oc1ccccc1C=NC1=Nc2ccccc2S1
JONSAG,JONSAG,at 178 K,CS(=O)(=O)[N-]S(C)(=O)=O.C[N+](C)=C1C=CN(SC(Cl)(Cl)Cl)C=C1,P-1,False,178.0,mediumT,CS(=O)(=O)[N-]S(C)(=O)=O,C[N+](C)=C1C=CN(SC(Cl)(Cl)Cl)C=C1
IMIGAO,IMIGAO,173 K,Fc1ccc(cc1)C=C1SC(=S)NC1=O.CS(C)=O,P21/c,False,173.0,mediumT,Fc1ccc(cc1)C=C1SC(=S)NC1=O,CS(C)=O
KECJEK,KECJEK,150 K,CN(C)c1cc[nH+]cc1Br.O=C1[N-]S(=O)(=O)c2ccccc12,P-1,False,150.0,mediumT,CN(C)c1cc[nH+]cc1Br,O=C1[N-]S(=O)(=O)c2ccccc12
VAKTOR,VAKTOR,at 153 K,NC(=O)c1ccncc1.OC(=O)c1ccc(O)cc1,P21/n,False,153.0,mediumT,NC(=O)c1ccncc1,OC(=O)c1ccc(O)cc1
EKUMAY,EKUMAY,at 173 K,CN1CC[N+]23CCN(C)P12(N=[N+]=[N-])N(C)CC3.Cc1ccc(cc1)S(=O)(=O)[O-],P-1,False,173.0,mediumT,CN1CC[N+]23CCN(C)P12(N=[N+]=[N-])N(C)CC3,Cc1ccc(cc1)S(=O)(=O)[O-]
QARMEF,QARMEF,150 K,[NH3+]C(C(N)=O)c1ccccc1.CC(=O)NC(CC1=CNc2ccccc12)C(=O)[O-],P21,False,150.0,mediumT,[NH3+]C(C(N)=O)c1ccccc1,CC(=O)NC(CC1=CNc2ccccc12)C(=O)[O-]
RAVYAR,RAVYAR,150 K,OC(=O)c1cc(Cl)cc(Cl)c1.O=Cc1ccncc1,P21/c,False,150.0,mediumT,OC(=O)c1cc(Cl)cc(Cl)c1,O=Cc1ccncc1
POBZAK,POBZAK,169.7 K,COc1cc2OC(=O)C=Cc2cc1OC.O=C1CCC(=O)N1,Pn,False,169.0,mediumT,COc1cc2OC(=O)C=Cc2cc1OC,O=C1CCC(=O)N1
XOBCEX,XOBCEX,at 173 K,OC(=O)CC(O)=O.NC(=O)N1c2ccccc2C=Cc2ccccc12,P2/n,False,173.0,mediumT,OC(=O)CC(O)=O,NC(=O)N1c2ccccc2C=Cc2ccccc12
RUCFAX,RUCFAX,at 173 K,NC(=O)CN1CCCC1=O.OC(=O)CC(O)(CC(O)=O)C(O)=O,P21/a,False,173.0,mediumT,NC(=O)CN1CCCC1=O,OC(=O)CC(O)(CC(O)=O)C(O)=O
PEGDAH,PEGDAH,at 173 K,c1cc(ccn1)c1ccncc1.OC(=O)c1cc(c2ccccc2)c(C(O)=O)c(c1)c1ccccc1,P21/c,False,173.0,mediumT,c1cc(ccn1)c1ccncc1,OC(=O)c1cc(c2ccccc2)c(C(O)=O)c(c1)c1ccccc1
XALVUB,XALVUB,at 213 K,CC(C)(C)OC(=O)NCC1=NC(=CS1)C1=NC(=CS1)C(O)=O.CS(C)=O,P21/c,False,213.0,mediumT,CC(C)(C)OC(=O)NCC1=NC(=CS1)C1=NC(=CS1)C(O)=O,CS(C)=O
XAFTAC,XAFTAC,200 K,[NH2+]1CCOCC1.O=C([O-])c1cc(cc(c1)N(=O)=O)N(=O)=O,C2/c,False,200.0,mediumT,[NH2+]1CCOCC1,O=C([O-])c1cc(cc(c1)N(=O)=O)N(=O)=O
AGUFUH,AGUFUH,133 K,FC(F)(F)C(=O)[O-].[NH3+]C1C(Cl)Cc2ccccc12,P21/c,False,133.0,mediumT,FC(F)(F)C(=O)[O-],[NH3+]C1C(Cl)Cc2ccccc12
KIXCUQ,KIXCUQ,at 130 K,OC(=O)c1cc(Cl)c(Cl)cc1C(=O)[O-].OC(=O)c1[nH+]c2ccccc2cc1,P-1,False,130.0,mediumT,OC(=O)c1cc(Cl)c(Cl)cc1C(=O)[O-],OC(=O)c1[nH+]c2ccccc2cc1
PUZZUF,PUZZUF,at 173 K,Cc1cccc(N)c1C.Oc1ccc2ccccc2c1c1c(O)ccc2ccccc12,Pbca,False,173.0,mediumT,Cc1cccc(N)c1C,Oc1ccc2ccccc2c1c1c(O)ccc2ccccc12
WAGCUG,WAGCUG,130 K,O=C([O-])c1cccnc1.CCc1[nH+]c(N)nc(N)c1c1ccc(Cl)cc1,P-1,False,130.0,mediumT,O=C([O-])c1cccnc1,CCc1[nH+]c(N)nc(N)c1c1ccc(Cl)cc1
BURXIX,BURXIX,150 K,[NH3+]C(CC)(CO)CO.CC(=O)[O-],P21/n,False,150.0,mediumT,[NH3+]C(CC)(CO)CO,CC(=O)[O-]
KAKXAY,KAKXAY,150 K,OC(CC(=O)[O-])c1ccccc1.[NH3+]C(C(O)c1ccccc1)c1ccccc1,P21,False,150.0,mediumT,OC(CC(=O)[O-])c1ccccc1,[NH3+]C(C(O)c1ccccc1)c1ccccc1
LOFMAW,LOFMAW,at 150.1 K,OC(=O)C(=O)[O-].[NH3+]c1ccc(cc1)S(=O)(=O)N=C1NC=CS1,P21/c,False,150.0,mediumT,OC(=O)C(=O)[O-],[NH3+]c1ccc(cc1)S(=O)(=O)N=C1NC=CS1
XUYBUQ,XUYBUQ,150 K,Cc1nc(C)c(C)nc1C.Oc1cc(O)cc(O)c1,P21/c,False,150.0,mediumT,Cc1nc(C)c(C)nc1C,Oc1cc(O)cc(O)c1
MEFLUF,MEFLUF,at 223 K,Oc1ccccc1C(c1cc(O)c(O)c(O)c1)c1ccccc1O.C(Cc1ccncc1)c1ccncc1,P-1,False,223.0,mediumT,Oc1ccccc1C(c1cc(O)c(O)c(O)c1)c1ccccc1O,C(Cc1ccncc1)c1ccncc1
LUNYOI,LUNYOI,at 180 K,CCCC(O)=O.c1cnccn1,P21/n,False,180.0,mediumT,CCCC(O)=O,c1cnccn1
BOMRUS,BOMRUS,at 200 K,NC1=[NH+]N=C(S1)c1ccc(Br)cc1.OC(=O)c1cc(cc(c1[O-])N(=O)=O)N(=O)=O,P-1,False,200.0,mediumT,NC1=[NH+]N=C(S1)c1ccc(Br)cc1,OC(=O)c1cc(cc(c1[O-])N(=O)=O)N(=O)=O
ZIPMIW,ZIPMIW,at 173 K,COS(=O)(=O)[O-].CO[N+]1(C)CCOCC1,P-1,False,173.0,mediumT,COS(=O)(=O)[O-],CO[N+]1(C)CCOCC1
GEDLEH,GEDLEH,at 173 K,CCN1C=[N+](C)C(=C1)N(=O)=O.FC(F)(F)S(=O)(=O)[O-],P21/c,False,173.0,mediumT,CCN1C=[N+](C)C(=C1)N(=O)=O,FC(F)(F)S(=O)(=O)[O-]
MIPCUN,MIPCUN,197.5 K,CC(C)(C)OC(=O)NC(Cc1ccccc1)C(=O)[O-].[NH3+]Cc1ccc(cc1)S(N)(=O)=O,P21,False,197.0,mediumT,CC(C)(C)OC(=O)NC(Cc1ccccc1)C(=O)[O-],[NH3+]Cc1ccc(cc1)S(N)(=O)=O
UKOSOD,UKOSOD,at 173 K,OC(=O)CCCCCCCCC(O)=O.CC(C)=NNC(=O)c1cccnc1,P21/n,False,173.0,mediumT,OC(=O)CCCCCCCCC(O)=O,CC(C)=NNC(=O)c1cccnc1
TODNIM,TODNIM,200 K,Nc1ccccc1N.OC(=O)c1ccccc1,Pbcn,False,200.0,mediumT,Nc1ccccc1N,OC(=O)c1ccccc1
DETGEP,DETGEP,at 150 K,CC(C)N(C(C)C)C(=O)Nc1ccccc1.CC(C)=NOC(=O)Nc1ccccc1,P21/n,False,150.0,mediumT,CC(C)N(C(C)C)C(=O)Nc1ccccc1,CC(C)=NOC(=O)Nc1ccccc1
WEKWOC,WEKWOC,190 K,CCCCCCO.NCC=C,P-1,False,190.0,mediumT,CCCCCCO,NCC=C
SOLFAC,SOLFAC,at 150 K,N#Cc1ccncc1.Nc1ccc(cc1)C(O)=O,C2/c,False,150.0,mediumT,N#Cc1ccncc1,Nc1ccc(cc1)C(O)=O
HIRWOV,HIRWOV,at 150 K,NC(N)=O.CN(C)C=O,P-1,False,150.0,mediumT,NC(N)=O,CN(C)C=O
POCPED,POCPED,at 180 K,Nc1nc(N)nc(n1)c1ccccc1.O=C1CCCC(=O)N1,P21/c,False,180.0,mediumT,Nc1nc(N)nc(n1)c1ccccc1,O=C1CCCC(=O)N1
FINHIX,FINHIX,193 K,N#Cc1cc(C#N)c(cc1C#N)C#N.O1c2ccccc2c2c1ccc1ccccc21,Pc,False,193.0,mediumT,N#Cc1cc(C#N)c(cc1C#N)C#N,O1c2ccccc2c2c1ccc1ccccc21
FAYXUB,FAYXUB,150 K,Nc1ccc(C(O)=O)c(O)c1.NC(=O)N1c2ccccc2C=Cc2ccccc12,P21/n,False,150.0,mediumT,Nc1ccc(C(O)=O)c(O)c1,NC(=O)N1c2ccccc2C=Cc2ccccc12
ZIBBIX,ZIBBIX,at 173 K,[O-]N1N=NN=C1C1=NN=NN1[O-].[NH3+]NC(=O)C(=O)N[NH3+],P21/c,False,173.0,mediumT,[O-]N1N=NN=C1C1=NN=NN1[O-],[NH3+]NC(=O)C(=O)N[NH3+]
TUQYEM,TUQYEM,150 K,CCC1(CC)C(C#N)(C#N)C1(C#N)C#N.C1COCCO1,Cc,False,150.0,mediumT,CCC1(CC)C(C#N)(C#N)C1(C#N)C#N,C1COCCO1
UVOKOG,UVOKOG,at 200 K,OC(=O)c1cc(ccc1C(=O)[O-])N(=O)=O.NC(=O)C1CC[NH2+]CC1,P21/n,False,200.0,mediumT,OC(=O)c1cc(ccc1C(=O)[O-])N(=O)=O,NC(=O)C1CC[NH2+]CC1
URUGIY,URUGIY,at 150 K,Nc1ccc(C(O)=O)c(O)c1.NC(=O)c1cnccn1,P-1,False,150.0,mediumT,Nc1ccc(C(O)=O)c(O)c1,NC(=O)c1cnccn1
QAMRAY,QAMRAY,at 150 K,Oc1ccc(O)cc1.C1CNCCN1,P-1,False,150.0,mediumT,Oc1ccc(O)cc1,C1CNCCN1
OBUYER,OBUYER,at 173 K,Cc1ccc(cc1)S(=O)(=O)[O-].[NH3+]c1ccc(Cl)cc1,P-1,False,173.0,mediumT,Cc1ccc(cc1)S(=O)(=O)[O-],[NH3+]c1ccc(Cl)cc1
XITGOZ,XITGOZ,173 K,CC1(C)CCC(C)(C)C2=C1[NH+]=C(N)S2.O=C([O-])c1cc(cc(c1)N(=O)=O)N(=O)=O,P21/n,False,173.0,mediumT,CC1(C)CCC(C)(C)C2=C1[NH+]=C(N)S2,O=C([O-])c1cc(cc(c1)N(=O)=O)N(=O)=O
PEXNUD,PEXNUD,at 150 K,Nc1ccc(c(O)c1)C(=O)[O-].Oc1c[nH+]ccc1,Pca21,False,150.0,mediumT,Nc1ccc(c(O)c1)C(=O)[O-],Oc1c[nH+]ccc1
CEKKOU,CEKKOU,at 173 K,c1cnc2c(c1)ccc1cccnc21.Oc1cccc(O)c1O,P21/c,False,173.0,mediumT,c1cnc2c(c1)ccc1cccnc21,Oc1cccc(O)c1O
YEJKON,YEJKON,at 215 K,C1N2CN3CN1CN(C2)C3.OC(=O)CCCCCCCCC(O)=O,P21/c,False,215.0,mediumT,C1N2CN3CN1CN(C2)C3,OC(=O)CCCCCCCCC(O)=O
QAMROM,QAMROM,at 150 K,Oc1ccc(O)cc1.C1CCNCC1,P21/c,False,150.0,mediumT,Oc1ccc(O)cc1,C1CCNCC1
DEYPOQ,DEYPOQ,173 K,OC(=O)c1cccc(O)c1.CC(CC(C)(C)O)=NNC(=O)c1ccncc1,P21/n,False,173.0,mediumT,OC(=O)c1cccc(O)c1,CC(CC(C)(C)O)=NNC(=O)c1ccncc1
WELDEA,WELDEA,130 K,CCCCCCCCCO.NCC=C,C2/c,False,130.0,mediumT,CCCCCCCCCO,NCC=C
UFAKUH,UFAKUH,at 173 K,CNC(N)=[OH+].CS(=O)(=O)[N-]S(C)(=O)=O,P212121,False,173.0,mediumT,CNC(N)=[OH+],CS(=O)(=O)[N-]S(C)(=O)=O
MINROS,MINROS,173.1 K,O=S1(=O)N=C2c3cccnc3c3ncccc3C2=N1.Oc1ccc(O)cc1,P21/n,False,173.0,mediumT,O=S1(=O)N=C2c3cccnc3c3ncccc3C2=N1,Oc1ccc(O)cc1
BOVVEP,BOVVEP,at 150 K,c1cc(ccn1)C=Cc1ccncc1.OC(=O)c1cccc(F)c1,P21/c,False,150.0,mediumT,c1cc(ccn1)C=Cc1ccncc1,OC(=O)c1cccc(F)c1
MAKJUG,MAKJUG,150 K,CC=CC(=O)[O-].[NH2+]1CCSCC1,Pc,False,150.0,mediumT,CC=CC(=O)[O-],[NH2+]1CCSCC1
FERYEH,FERYEH,at 190 K,c1cc(ccn1)C=Cc1ccncc1.CC(=O)c1c(O)cc(O)cc1O,P-1,False,190.0,mediumT,c1cc(ccn1)C=Cc1ccncc1,CC(=O)c1c(O)cc(O)cc1O
ROKPAK,ROKPAK,150 K,NC1=NC(=NO1)N=NC1=NOC(=N1)N.CS(C)=O,P21/n,False,150.0,mediumT,NC1=NC(=NO1)N=NC1=NOC(=N1)N,CS(C)=O
BOVYAO,BOVYAO,at 150 K,OC(=O)c1cc(F)c(F)cc1F.C(Cc1ccncc1)c1ccncc1,P21/n,False,150.0,mediumT,OC(=O)c1cc(F)c(F)cc1F,C(Cc1ccncc1)c1ccncc1
VIPSOF,VIPSOF,140 K,FC(F)(F)S(=O)(=O)[O-].COC1(N(C)C=[N+](C)c2ccccc12)c1ccccc1,P21/n,False,140.0,mediumT,FC(F)(F)S(=O)(=O)[O-],COC1(N(C)C=[N+](C)c2ccccc12)c1ccccc1
ZOHWIE,ZOHWIE,at 150 K,Oc1ccc(Cl)c(Cl)c1Cl.Nc1ccc(Cl)c(Cl)c1,P-1,False,150.0,mediumT,Oc1ccc(Cl)c(Cl)c1Cl,Nc1ccc(Cl)c(Cl)c1
GESCUE,GESCUE,at 150 K,NC(=O)c1ccc(O)cc1.OC(=O)C=CC(O)=O,P21/c,True,150.0,mediumT,NC(=O)c1ccc(O)cc1,OC(=O)C=CC(O)=O
BAQQIW01,BAQQIW01,200 K,O=C1NC(=O)C(=C[N-]1)N(=O)=O.[NH3+]C(CC1=C[NH+]=CN1)C(=O)[O-],P1,False,200.0,mediumT,O=C1NC(=O)C(=C[N-]1)N(=O)=O,[NH3+]C(CC1=C[NH+]=CN1)C(=O)[O-]
YAXWOL,YAXWOL,at 173 K,c1cc(ccn1)c1ccncc1.OC(=O)C=CC=CC(O)=O,P-1,False,173.0,mediumT,c1cc(ccn1)c1ccncc1,OC(=O)C=CC=CC(O)=O
EXUQUJ01,EXUQUJ01,at 180 K,OC(=O)CCCC(O)=O.CN1C=NC2=C1C(=O)N(C)C(=O)N2C,P21/c,False,180.0,mediumT,OC(=O)CCCC(O)=O,CN1C=NC2=C1C(=O)N(C)C(=O)N2C
MUHKEI01,MUHKEI01,170 K,CC(C)=[NH+]O.ON1N=NN=C1C1=NN=NN1[O-],P21/n,False,170.0,mediumT,CC(C)=[NH+]O,ON1N=NN=C1C1=NN=NN1[O-]
FULLUV,FULLUV,at 150 K,FC(F)(F)S(=O)(=O)[O-].[NH3+]N=C(N)C(N(=O)=O)N(=O)=O,P-1,False,150.0,mediumT,FC(F)(F)S(=O)(=O)[O-],[NH3+]N=C(N)C(N(=O)=O)N(=O)=O
IBUHEW,IBUHEW,173 K,[NH3+]CC(O)=O.NS(=O)(=O)[O-],Pn,False,173.0,mediumT,[NH3+]CC(O)=O,NS(=O)(=O)[O-]
IXOHAE,IXOHAE,158 K,c1ccncc1.CCC1=C(SC(=N1)C1=NC(=C(S1)C(O)=O)CC)C(O)=O,P21/n,False,158.0,mediumT,c1ccncc1,CCC1=C(SC(=N1)C1=NC(=C(S1)C(O)=O)CC)C(O)=O
IDEVOG,IDEVOG,130 K,OC(=O)C=CC(=O)[O-].Nc1[nH+]cccc1O,P-1,False,130.0,mediumT,OC(=O)C=CC(=O)[O-],Nc1[nH+]cccc1O
ZUKSON,ZUKSON,at 150 K,ON=C1CCC(CC1)=C1CCC(CC1)=NO.CS(C)=O,P21/c,False,150.0,mediumT,ON=C1CCC(CC1)=C1CCC(CC1)=NO,CS(C)=O
NOSTOH,NOSTOH,173 K,OC(=O)Cc1ccc(O)c(Cl)c1.NC(=O)c1cccnc1,C2/c,False,173.0,mediumT,OC(=O)Cc1ccc(O)c(Cl)c1,NC(=O)c1cccnc1
EQUSEQ,EQUSEQ,130 K,Cc1ccc(SCc2[nH+]cccc2)cc1.O=N(=O)c1cc(c([O-])c(c1)N(=O)=O)N(=O)=O,P-1,False,130.0,mediumT,Cc1ccc(SCc2[nH+]cccc2)cc1,O=N(=O)c1cc(c([O-])c(c1)N(=O)=O)N(=O)=O
VILRUE,VILRUE,at 173 K,Cc1cc2N=CN(Cc3ccncc3)c2cc1C.ON=C(C#N)c1ccc(cc1)C(O)=O,Pc,False,173.0,mediumT,Cc1cc2N=CN(Cc3ccncc3)c2cc1C,ON=C(C#N)c1ccc(cc1)C(O)=O
ROFLAZ,ROFLAZ,at 130 K,OC(=O)C=CC(=O)[O-].NC1=[NH+]C(=O)NC=C1,P-1,False,130.0,mediumT,OC(=O)C=CC(=O)[O-],NC1=[NH+]C(=O)NC=C1
VAXHIN,VAXHIN,at 173 K,Nc1nc(N)nc(N)n1.CN(c1ccc(cc1)C(O)=O)C(=O)N(C)c1ccc(cc1)C(O)=O,P-1,False,173.0,mediumT,Nc1nc(N)nc(N)n1,CN(c1ccc(cc1)C(O)=O)C(=O)N(C)c1ccc(cc1)C(O)=O
LENKEV,LENKEV,at 170 K,Clc1cccc(c1)C(=O)[O-].CCc1[nH+]c(N)nc(N)c1c1ccc(Cl)cc1,P-1,False,170.0,mediumT,Clc1cccc(c1)C(=O)[O-],CCc1[nH+]c(N)nc(N)c1c1ccc(Cl)cc1
DOJMIZ,DOJMIZ,at 173 K,OO.CN1C=CN=C1C,Fd2d,False,173.0,mediumT,OO,CN1C=CN=C1C
GERZUA,GERZUA,at 150 K,NC(=O)c1ccc(O)cc1.OC(=O)C(O)=O,P21/c,False,150.0,mediumT,NC(=O)c1ccc(O)cc1,OC(=O)C(O)=O
GESKAS,GESKAS,at 150 K,COc1ccc(cc1)B(O)O.CC1=NN=C2CN=C(c3ccccc3)c3cc(Cl)ccc3N12,Pccn,False,150.0,mediumT,COc1ccc(cc1)B(O)O,CC1=NN=C2CN=C(c3ccccc3)c3cc(Cl)ccc3N12
RICBIP,RICBIP,at 200 K,[NH3+]CC(C)O.[S-]c1ccccc1,P21/n,False,200.0,mediumT,[NH3+]CC(C)O,[S-]c1ccccc1
QUFCEB,QUFCEB,170 K,Oc1cc(O)c(Cl)cc1Cl.c1ccc(cc1)N=Nc1ccncc1,P21/c,False,170.0,mediumT,Oc1cc(O)c(Cl)cc1Cl,c1ccc(cc1)N=Nc1ccncc1
ALACAT,ALACAT,200 K,c1ccc2cnccc2c1.Oc1ccc2ccccc2c1c1c(O)ccc2ccccc12,P-1,False,200.0,mediumT,c1ccc2cnccc2c1,Oc1ccc2ccccc2c1c1c(O)ccc2ccccc12
VUHZIK,VUHZIK,150 K,Cc1cc(O)cc(O)c1.C(Cc1ccncc1)c1ccncc1,P-1,False,150.0,mediumT,Cc1cc(O)cc(O)c1,C(Cc1ccncc1)c1ccncc1
SORYEF,SORYEF,150 K,O=C1C=Cc2cccc3ccc([n+]4ccccc4)c1c23.FC(F)(F)S(=O)(=O)[O-],P212121,False,150.0,mediumT,O=C1C=Cc2cccc3ccc([n+]4ccccc4)c1c23,FC(F)(F)S(=O)(=O)[O-]
OGAJAL,OGAJAL,150 K,Cc1ccc(C)c(c1)S(=O)(=O)[O-].[NH3+]C(Cc1ccccc1)C(O)=O,C2,False,150.0,mediumT,Cc1ccc(C)c(c1)S(=O)(=O)[O-],[NH3+]C(Cc1ccccc1)C(O)=O
KEFCAA,KEFCAA,at 173 K,CC(=O)Nc1ccccn1.OC(=O)CCCCCCCC(O)=O,C2/c,False,173.0,mediumT,CC(=O)Nc1ccccn1,OC(=O)CCCCCCCC(O)=O
EXUQUJ,EXUQUJ,at 180 K,OC(=O)CCCC(O)=O.CN1C=NC2=C1C(=O)N(C)C(=O)N2C,P-1,False,180.0,mediumT,OC(=O)CCCC(O)=O,CN1C=NC2=C1C(=O)N(C)C(=O)N2C
HIMGAL,HIMGAL,at 193 K,Cc1ccncc1.Oc1cc(O)cc(O)c1,R-3,False,193.0,mediumT,Cc1ccncc1,Oc1cc(O)cc(O)c1
TAPNED,TAPNED,at 130 K,CC1(C)COP(=O)([O-])OC1c1ccccc1F.C[NH2+]C(C)C(O)c1ccccc1,P21,False,130.0,mediumT,CC1(C)COP(=O)([O-])OC1c1ccccc1F,C[NH2+]C(C)C(O)c1ccccc1
GAXRUU,GAXRUU,at 150 K,O=C1CC2(CCCCC2)CN1.Nc1ccc(cc1)C(O)=O,P21/n,False,150.0,mediumT,O=C1CC2(CCCCC2)CN1,Nc1ccc(cc1)C(O)=O
XEGHAU,XEGHAU,at 180 K,CCc1[nH+]c(N)nc(N)c1c1ccc(Cl)cc1.OC(=O)CC(=O)[O-],P-1,False,180.0,mediumT,CCc1[nH+]c(N)nc(N)c1c1ccc(Cl)cc1,OC(=O)CC(=O)[O-]
PUVZIR,PUVZIR,150 K,C[n+]1ccccc1P(F)(F)(c1ccccc1)c1ccccc1.FC(F)(F)S(=O)(=O)[O-],P21/n,False,150.0,mediumT,C[n+]1ccccc1P(F)(F)(c1ccccc1)c1ccccc1,FC(F)(F)S(=O)(=O)[O-]
UFETOR,UFETOR,150 K,OC(=O)CC(O)=O.NC(=O)c1ccc(N)cc1,Pbca,False,150.0,mediumT,OC(=O)CC(O)=O,NC(=O)c1ccc(N)cc1
EPUQEM,EPUQEM,at 150 K,c1cc(ccn1)c1ccncc1.OC(=O)c1ccc(O)cc1,P1,False,150.0,mediumT,c1cc(ccn1)c1ccncc1,OC(=O)c1ccc(O)cc1
UJOGUW,UJOGUW,at 200 K,NC(=O)C1CC[NH2+]CC1.OC(=O)c1cc(cc(c1[O-])N(=O)=O)N(=O)=O,P21/n,False,200.0,mediumT,NC(=O)C1CC[NH2+]CC1,OC(=O)c1cc(cc(c1[O-])N(=O)=O)N(=O)=O
PUPGUD01,PUPGUD01,200 K,OC(=O)c1cccc(c1)C(O)=O.CN1C=NC2=C1C(=O)N(C)C(=O)N2C,P21/n,False,200.0,mediumT,OC(=O)c1cccc(c1)C(O)=O,CN1C=NC2=C1C(=O)N(C)C(=O)N2C
IROMAF,IROMAF,173 K,c1cc(ccn1)c1ccncc1.OC(=O)c1cccc(Oc2cccc(C(O)=O)c2C(O)=O)c1,P-1,False,173.0,mediumT,c1cc(ccn1)c1ccncc1,OC(=O)c1cccc(Oc2cccc(C(O)=O)c2C(O)=O)c1
ITIQIL,ITIQIL,at 140 K,c1cc(ccn1)c1ccncc1.OB(O)c1ccccc1,Fdd2,False,140.0,mediumT,c1cc(ccn1)c1ccncc1,OB(O)c1ccccc1
GUXTOL,GUXTOL,180 K,c1cc(ccn1)C=Cc1ccncc1.CC(=O)NC1=NN=C(S1)S(N)(=O)=O,P-1,False,180.0,mediumT,c1cc(ccn1)C=Cc1ccncc1,CC(=O)NC1=NN=C(S1)S(N)(=O)=O
PEZKEM,PEZKEM,180 K,Nc1nnc(c(N)n1)c1cccc(Cl)c1Cl.CC=CC=CC(O)=O,P21/c,False,180.0,mediumT,Nc1nnc(c(N)n1)c1cccc(Cl)c1Cl,CC=CC=CC(O)=O
EWUTAT,EWUTAT,173 K,O=C1C(=C(C#N)C(=O)C(=C1C#N)C#N)C#N.Cc1ccccc1,C2/c,False,173.0,mediumT,O=C1C(=C(C#N)C(=O)C(=C1C#N)C#N)C#N,Cc1ccccc1
REHSII,REHSII,at 193 K,COc1cc(ccc1O)C(O)=O.CCOc1ccccc1C(N)=O,P21/c,False,193.0,mediumT,COc1cc(ccc1O)C(O)=O,CCOc1ccccc1C(N)=O
NABMEL,NABMEL,150 K,[NH3+]C(c1ccccc1)c1ccccc1O.OC(=O)C(OC(=O)c1ccccc1)C(OC(=O)c1ccccc1)C(=O)[O-],P21,False,150.0,mediumT,[NH3+]C(c1ccccc1)c1ccccc1O,OC(=O)C(OC(=O)c1ccccc1)C(OC(=O)c1ccccc1)C(=O)[O-]
AZIHUM,AZIHUM,at 220 K,[NH3+]C(CCS(C)=O)C(O)=O.O=N(=O)c1cc(c([O-])c(c1)N(=O)=O)N(=O)=O,P212121,False,220.0,mediumT,[NH3+]C(CCS(C)=O)C(O)=O,O=N(=O)c1cc(c([O-])c(c1)N(=O)=O)N(=O)=O
XOWKEB,XOWKEB,at 183 K,Cc1cccc(Nc2ccccc2C(O)=O)c1C.c1cc(ccn1)c1ccncc1,P-1,False,183.0,mediumT,Cc1cccc(Nc2ccccc2C(O)=O)c1C,c1cc(ccn1)c1ccncc1
EVEREE04,EVEREE04,190 K,Oc1cc(O)c(Cl)cc1Cl.c1cc(ccn1)N=Nc1ccncc1,P-1,False,190.0,mediumT,Oc1cc(O)c(Cl)cc1Cl,c1cc(ccn1)N=Nc1ccncc1
ESEDAK11,ESEDAK11,223 K,[2H][N+]([2H])([2H])C1CCCCC1C.[2H]OC(=O)c1c(F)c(F)c(c(F)c1F)C(=O)[O-],Cc,False,223.0,mediumT,[2H][N+]([2H])([2H])C1CCCCC1C,[2H]OC(=O)c1c(F)c(F)c(c(F)c1F)C(=O)[O-]
VEZPAU,VEZPAU,150 K,OC(=O)C=CC(=O)[O-].CCc1[nH+]c(C)ccc1O,Pccn,False,150.0,mediumT,OC(=O)C=CC(=O)[O-],CCc1[nH+]c(C)ccc1O
EBUCOV,EBUCOV,at 173 K,c1cc(ccn1)c1ccncc1.COC(=O)NC(=S)Nc1ccccc1NC(=S)NC(=O)OC,P-1,False,173.0,mediumT,c1cc(ccn1)c1ccncc1,COC(=O)NC(=S)Nc1ccccc1NC(=S)NC(=O)OC
BEKTET,BEKTET,173 K,FC(F)(F)C(=O)[O-].[NH3+]CC1=C(C(=NO1)OC(C)C)C(F)(F)F,P21/c,False,173.0,mediumT,FC(F)(F)C(=O)[O-],[NH3+]CC1=C(C(=NO1)OC(C)C)C(F)(F)F
ULAWUZ,ULAWUZ,at 153 K,NC(=O)c1ccncc1.OC(=O)CCCCC(O)=O,P-1,False,153.0,mediumT,NC(=O)c1ccncc1,OC(=O)CCCCC(O)=O
HALJAH,HALJAH,at 200 K,NC(=O)C1CC[NH2+]CC1.O=C([O-])C1=CNc2ccccc12,P2/c,False,200.0,mediumT,NC(=O)C1CC[NH2+]CC1,O=C([O-])C1=CNc2ccccc12
EYOHEF,EYOHEF,at 150 K,FC(F)(F)S(=O)(=O)[O-].CC1(C)[N+](=O)C(=[N+]([O-])C1(C)C)c1ccccc1,P212121,False,150.0,mediumT,FC(F)(F)S(=O)(=O)[O-],CC1(C)[N+](=O)C(=[N+]([O-])C1(C)C)c1ccccc1
IPEVIJ,IPEVIJ,at 173 K,C1N2CN3CN1CN(C2)C3.OC(=O)c1ccc(F)cc1,P21/n,False,173.0,mediumT,C1N2CN3CN1CN(C2)C3,OC(=O)c1ccc(F)cc1
QAMBAK,QAMBAK,200 K,FC(F)(F)S(=O)(=O)[O-].CN1C2C(N(C)C1=O)N(C)C(=[NH+]CC=C)N2C,P-1,False,200.0,mediumT,FC(F)(F)S(=O)(=O)[O-],CN1C2C(N(C)C1=O)N(C)C(=[NH+]CC=C)N2C
VIPYEB,VIPYEB,180 K,O=C1CNC(=O)N1.OC1=C(Cl)C(=O)C(=C(Cl)C1=O)O,C2/c,False,180.0,mediumT,O=C1CNC(=O)N1,OC1=C(Cl)C(=O)C(=C(Cl)C1=O)O
NAXYOC,NAXYOC,at 173 K,OC(=O)c1cc(Cl)c(C#N)c(Cl)c1.c1ccc2ccccc2c1,P-1,False,173.0,mediumT,OC(=O)c1cc(Cl)c(C#N)c(Cl)c1,c1ccc2ccccc2c1
DEKXOI,DEKXOI,at 200 K,O=C([O-])c1ccncc1.NC(=O)C1CC[NH2+]CC1,P21/c,False,200.0,mediumT,O=C([O-])c1ccncc1,NC(=O)C1CC[NH2+]CC1
LUSXEE,LUSXEE,173 K,[NH3+]CC(CC(O)=O)c1ccc(Cl)cc1.Oc1c(ccc2ccccc12)C(=O)[O-],P21/c,False,173.0,mediumT,[NH3+]CC(CC(O)=O)c1ccc(Cl)cc1,Oc1c(ccc2ccccc12)C(=O)[O-]
MOGZAJ,MOGZAJ,at 143 K,CS(=O)(=O)[N-]S(C)(=O)=O.C[N+](C)(C)CCO,P212121,False,143.0,mediumT,CS(=O)(=O)[N-]S(C)(=O)=O,C[N+](C)(C)CCO
JESDIY,JESDIY,223 K,CN(C)C(=O)CCC(=O)N(C)C.O=C1CCC(=O)O1,P21,False,223.0,mediumT,CN(C)C(=O)CCC(=O)N(C)C,O=C1CCC(=O)O1
FAVBUC,FAVBUC,173 K,C[n+]1cc(cc2ccccc12)B(O)O.CS(=O)(=O)[O-],P21/c,False,173.0,mediumT,C[n+]1cc(cc2ccccc12)B(O)O,CS(=O)(=O)[O-]
AQUFID,AQUFID,173 K,CCCC[NH+](CCO)CCO.O=N(=O)c1cc(c([O-])c(c1)N(=O)=O)N(=O)=O,P21/c,False,173.0,mediumT,CCCC[NH+](CCO)CCO,O=N(=O)c1cc(c([O-])c(c1)N(=O)=O)N(=O)=O
XEGHIC,XEGHIC,at 180 K,CCc1[nH+]c(N)nc(N)c1c1ccc(Cl)cc1.OC(=O)CCCCC(=O)[O-],P-1,False,180.0,mediumT,CCc1[nH+]c(N)nc(N)c1c1ccc(Cl)cc1,OC(=O)CCCCC(=O)[O-]
ZIBCEU,ZIBCEU,at 173 K,CN1N=NC(=N1)N.ON1N=NN=C1C1=NN=NN1O,C2/c,False,173.0,mediumT,CN1N=NC(=N1)N,ON1N=NN=C1C1=NN=NN1O
SETSAN,SETSAN,173 K,OC(=O)C=Cc1ccccc1.NNC(=O)c1ccncc1,P-1,False,173.0,mediumT,OC(=O)C=Cc1ccccc1,NNC(=O)c1ccncc1
KOPKEH02,KOPKEH02,150 K,c1cc(ccn1)c1ccncc1.OC(=O)c1ccccc1O,P21/c,False,150.0,mediumT,c1cc(ccn1)c1ccncc1,OC(=O)c1ccccc1O
GAGPOX,GAGPOX,150 K,[NH3+]C(C(O)c1ccccc1)c1ccccc1.OC(CCc1ccccc1)C(=O)[O-],P21,False,150.0,mediumT,[NH3+]C(C(O)c1ccccc1)c1ccccc1,OC(CCc1ccccc1)C(=O)[O-]
SAPDUJ,SAPDUJ,at 173 K,OCC(F)(F)F.NC(=O)N1c2ccccc2C=Cc2ccccc12,P-1,False,173.0,mediumT,OCC(F)(F)F,NC(=O)N1c2ccccc2C=Cc2ccccc12
XUYBIE,XUYBIE,150 K,Cc1nc(C)c(C)nc1C.Cc1cc(O)cc(O)c1,P-1,False,150.0,mediumT,Cc1nc(C)c(C)nc1C,Cc1cc(O)cc(O)c1
NIVKAF,NIVKAF,at 193.2 K,CSC(C#Cc1ccccc1)[N+](C)(C)C.FC(F)(F)S(=O)(=O)[O-],Cc,False,193.0,mediumT,CSC(C#Cc1ccccc1)[N+](C)(C)C,FC(F)(F)S(=O)(=O)[O-]
DAWDAH,DAWDAH,at 130K,N#C[N-]C#N.NC(=[NH2+])NC(N)=O,C2/c,False,130.0,mediumT,N#C[N-]C#N,NC(=[NH2+])NC(N)=O
ZOHWUQ,ZOHWUQ,150 K,NC(=O)c1cccc(N)c1.OC(=O)c1cccc(O)c1,P21/c,False,150.0,mediumT,NC(=O)c1cccc(N)c1,OC(=O)c1cccc(O)c1
EKEYOL,EKEYOL,150 K,[O-]C1=N[N+](=NO1)C1=NN=N[N-]1.C[N+]1=NOC(=C1)N,P212121,False,150.0,mediumT,[O-]C1=N[N+](=NO1)C1=NN=N[N-]1,C[N+]1=NOC(=C1)N
SIJXAM,SIJXAM,at 173 K,[NH2+]=C1NC(=O)NC=C1F.O=C1[N-]S(=O)(=O)c2ccccc12,P21/m,False,173.0,mediumT,[NH2+]=C1NC(=O)NC=C1F,O=C1[N-]S(=O)(=O)c2ccccc12
EXIZEQ,EXIZEQ,at 173 K,CN(C)[S+](N(C)C)N(C)C.FC1=NC(=O)N=C(F)[N-]1,P21/n,False,173.0,mediumT,CN(C)[S+](N(C)C)N(C)C,FC1=NC(=O)N=C(F)[N-]1
EVEROO04,EVEROO04,190 K,Oc1cc(O)c(Br)cc1Br.c1cc(ccn1)N=Nc1ccncc1,P-1,False,190.0,mediumT,Oc1cc(O)c(Br)cc1Br,c1cc(ccn1)N=Nc1ccncc1
XULXIN,XULXIN,at 173 K,FC(F)(F)S(=O)(=O)[O-].CN1C=CN2C[N+]3=C(P=C12)N(C)C=C3,P-1,False,173.0,mediumT,FC(F)(F)S(=O)(=O)[O-],CN1C=CN2C[N+]3=C(P=C12)N(C)C=C3
LUNYAU,LUNYAU,at 180 K,OC=O.c1cnccn1,P21/c,False,180.0,mediumT,OC=O,c1cnccn1
ACOYUM,ACOYUM,at 173 K,Oc1ccc(Cl)c(O)c1.C(Cc1ccncc1)c1ccncc1,P21/n,False,173.0,mediumT,Oc1ccc(Cl)c(O)c1,C(Cc1ccncc1)c1ccncc1
VUXNOT,VUXNOT,200 K,[NH2+]1CCOCC1.Clc1ccc(OCC(=O)[O-])c(Cl)c1,P21/c,False,200.0,mediumT,[NH2+]1CCOCC1,Clc1ccc(OCC(=O)[O-])c(Cl)c1
PIRLUZ,PIRLUZ,at 150 K,NS(=O)(=O)c1cc2c(NCNS2(=O)=O)cc1Cl.Nc1ccc(cc1)C(O)=O,P21/c,False,150.0,mediumT,NS(=O)(=O)c1cc2c(NCNS2(=O)=O)cc1Cl,Nc1ccc(cc1)C(O)=O
QURWOQ02,QURWOQ02,at 150 K,CCN(CC)C(=O)N1CC[NH+](C)CC1.OC(=O)CC(O)(CC(=O)[O-])C(O)=O,P21/c,False,150.0,mediumT,CCN(CC)C(=O)N1CC[NH+](C)CC1,OC(=O)CC(O)(CC(=O)[O-])C(O)=O
HOQGUR,HOQGUR,at 150 K,OC(=O)CCCCC(O)=O.NC1=NN=CS1,P21/c,False,150.0,mediumT,OC(=O)CCCCC(O)=O,NC1=NN=CS1
SARKII,SARKII,150 K,N#Cc1ccncc1.OC(=O)c1ccc(F)cc1,C2/c,False,150.0,mediumT,N#Cc1ccncc1,OC(=O)c1ccc(F)cc1
VUXNEJ,VUXNEJ,200 K,[NH2+]1CCOCC1.Fc1ccc(OCC(=O)[O-])cc1,P-1,False,200.0,mediumT,[NH2+]1CCOCC1,Fc1ccc(OCC(=O)[O-])cc1
GADXOC,GADXOC,130 K,OC(=O)CCN1C(=S)SC(=CC=Cc2ccc(Cl)cc2)C1=O.CS(C)=O,C2/c,False,130.0,mediumT,OC(=O)CCN1C(=S)SC(=CC=Cc2ccc(Cl)cc2)C1=O,CS(C)=O
LUNMOW,LUNMOW,at 203 K,NC(=O)c1ccncc1.OC(=O)c1cc(cc(c1)C(F)(F)F)C(F)(F)F,P-1,False,203.0,mediumT,NC(=O)c1ccncc1,OC(=O)c1cc(cc(c1)C(F)(F)F)C(F)(F)F
TOQPUN,TOQPUN,150 K,NC(=S)NN=Cc1cc[nH+]cc1.OC(=O)CC(=O)[O-],P-1,False,150.0,mediumT,NC(=S)NN=Cc1cc[nH+]cc1,OC(=O)CC(=O)[O-]
YICMAY01,YICMAY01,at 150 K,CC1(C)C2CCC1(CS(=O)(=O)[O-])C(=O)C2.[NH3+]CC(C(O)=O)c1ccccc1,P212121,False,150.0,mediumT,CC1(C)C2CCC1(CS(=O)(=O)[O-])C(=O)C2,[NH3+]CC(C(O)=O)c1ccccc1
FERZEI,FERZEI,at 173 K,c1cc(ccn1)C=Cc1ccncc1.CCCCCCC(=O)c1c(O)cc(O)cc1O,C2/c,False,173.0,mediumT,c1cc(ccn1)C=Cc1ccncc1,CCCCCCC(=O)c1c(O)cc(O)cc1O
KIGKIV,KIGKIV,at 173 K,OC(=O)c1ccc2ccccc2c1O.CN1C=NC2=C1C(=O)N(C)C(=O)N2C,P21/n,False,173.0,mediumT,OC(=O)c1ccc2ccccc2c1O,CN1C=NC2=C1C(=O)N(C)C(=O)N2C
QUZZIW,QUZZIW,150 K,O=S(=O)([O-])c1ccccc1.[NH3+]c1ccc(cc1)S(=O)(=O)c1ccc(N)cc1,P21/n,False,150.0,mediumT,O=S(=O)([O-])c1ccccc1,[NH3+]c1ccc(cc1)S(=O)(=O)c1ccc(N)cc1
YUTTIS,YUTTIS,150 K,FC(F)(F)S(=O)(=O)[O-].CC1(C)CCCC(C)(C)[NH+]1O,P-1,False,150.0,mediumT,FC(F)(F)S(=O)(=O)[O-],CC1(C)CCCC(C)(C)[NH+]1O
MIHMAU,MIHMAU,170.7 K,c1cc(ccn1)c1ccncc1.OB1OCc2cc(Oc3ccc(cc3)C#N)ccc12,I2/a,False,170.0,mediumT,c1cc(ccn1)c1ccncc1,OB1OCc2cc(Oc3ccc(cc3)C#N)ccc12
FUBJAO,FUBJAO,at 150 K,FC(F)(F)S(=O)(=O)[O-].COc1ccc2CCC3=[NH+]CCCN3c2c1,P21/n,False,150.0,mediumT,FC(F)(F)S(=O)(=O)[O-],COc1ccc2CCC3=[NH+]CCCN3c2c1
KUVYOR,KUVYOR,150 K,c1ccncc1.NC(=O)NN=C1C(=O)c2ccccc2c2ccccc12,Cc,False,150.0,mediumT,c1ccncc1,NC(=O)NN=C1C(=O)c2ccccc2c2ccccc12
ULAXEK,ULAXEK,at 153 K,NC(=O)c1ccncc1.OC(=O)CCCCC(O)=O,P21/c,False,153.0,mediumT,NC(=O)c1ccncc1,OC(=O)CCCCC(O)=O
EKOCIT,EKOCIT,150 K,FS(=O)(=O)CC[n+]1ccccc1.FC(F)(F)S(=O)(=O)[N-]S(=O)(=O)C(F)(F)F,P-1,False,150.0,mediumT,FS(=O)(=O)CC[n+]1ccccc1,FC(F)(F)S(=O)(=O)[N-]S(=O)(=O)C(F)(F)F
VEVYOM,VEVYOM,150 K,Nc1nc(N)nc(n1)c1ccccn1.CCCCCCCC(O)=O,P-1,False,150.0,mediumT,Nc1nc(N)nc(n1)c1ccccn1,CCCCCCCC(O)=O
GUKWOZ,GUKWOZ,at 150 K,c1ccncc1.OC(=O)C=CC(O)=O,P21/n,False,150.0,mediumT,c1ccncc1,OC(=O)C=CC(O)=O
HALHUZ,HALHUZ,at 200 K,NC(=O)C1CC[NH2+]CC1.O=C([O-])C1=Cc2ccccc2N1,P21/c,False,200.0,mediumT,NC(=O)C1CC[NH2+]CC1,O=C([O-])C1=Cc2ccccc2N1
FETDIS,FETDIS,at 203 K,OB(O)c1ccc(cc1)C(=O)[O-].CC(=NO)c1cc[nH+]cc1,P1,False,203.0,mediumT,OB(O)c1ccc(cc1)C(=O)[O-],CC(=NO)c1cc[nH+]cc1
BUFHAN,BUFHAN,at 150 K,[NH3+]C(C(O)c1ccccc1)c1ccccc1.OCC(C(=O)[O-])c1ccccc1,P212121,False,150.0,mediumT,[NH3+]C(C(O)c1ccccc1)c1ccccc1,OCC(C(=O)[O-])c1ccccc1
VESZAX,VESZAX,173 K,NC(=O)c1ccncc1.COc1cc(ccc1O)C(O)=O,P21/c,False,173.0,mediumT,NC(=O)c1ccncc1,COc1cc(ccc1O)C(O)=O
XOVVEJ,XOVVEJ,at 173 K,[NH3+]Cc1ccc(Cl)cc1.OC(=O)C1=NNC(=C1)C(=O)[O-],P-1,False,173.0,mediumT,[NH3+]Cc1ccc(Cl)cc1,OC(=O)C1=NNC(=C1)C(=O)[O-]
NUKWUL,NUKWUL,at 150 K,OC(=O)C=CC(=O)[O-].C1CC2CC[NH+]1C=C2C1=CC=C(O1)c1ccccc1,P21/a,False,150.0,mediumT,OC(=O)C=CC(=O)[O-],C1CC2CC[NH+]1C=C2C1=CC=C(O1)c1ccccc1
YUFDUA,YUFDUA,150 K,C(Cc1ccncc1)c1ccncc1.Oc1cc(O)c2C(=O)C(=C(Oc2c1)c1ccc(O)c(O)c1)O,P21/c,False,150.0,mediumT,C(Cc1ccncc1)c1ccncc1,Oc1cc(O)c2C(=O)C(=C(Oc2c1)c1ccc(O)c(O)c1)O
GEDLIL,GEDLIL,at 173 K,CN1C=C([N+](=C1C)C)N(=O)=O.FC(F)(F)S(=O)(=O)[N-]S(=O)(=O)C(F)(F)F,P-1,False,173.0,mediumT,CN1C=C([N+](=C1C)C)N(=O)=O,FC(F)(F)S(=O)(=O)[N-]S(=O)(=O)C(F)(F)F
EZEDAP,EZEDAP,at 130 K,c1ccc2nc3ccccc3nc2c1.Oc1c(F)c(F)c(F)c(F)c1F,P21/n,False,130.0,mediumT,c1ccc2nc3ccccc3nc2c1,Oc1c(F)c(F)c(F)c(F)c1F
CACPAZ,CACPAZ,at 199 K,OC(=O)c1cc(ccc1O)S(=O)(=O)[O-].[NH3+]CC(N)=O,P-1,False,199.0,mediumT,OC(=O)c1cc(ccc1O)S(=O)(=O)[O-],[NH3+]CC(N)=O
HEYVAM,HEYVAM,183 K,CCc1ccc(NC(=O)NC2=CC(=O)OC2)cc1Cl.CS(C)=O,Pbca,False,183.0,mediumT,CCc1ccc(NC(=O)NC2=CC(=O)OC2)cc1Cl,CS(C)=O
QIQKOS,QIQKOS,at 200 K,NC(=O)C1CC[NH2+]CC1.OC(=O)C(=O)[O-],P21/n,False,200.0,mediumT,NC(=O)C1CC[NH2+]CC1,OC(=O)C(=O)[O-]
TEHFAR,TEHFAR,200 K,NS(=O)(=O)[O-].C[NH+](C)CC(O)=O,P21/n,False,200.0,mediumT,NS(=O)(=O)[O-],C[NH+](C)CC(O)=O
CEKKOU01,CEKKOU01,at 173 K,c1cnc2c(c1)ccc1cccnc21.Oc1cccc(O)c1O,Pbca,False,173.0,mediumT,c1cnc2c(c1)ccc1cccnc21,Oc1cccc(O)c1O
LEXQEM,LEXQEM,at 173 K,Cc1ccc2N=C(N)Sc2c1.OC(=O)CCCCC(O)=O,P21/n,False,173.0,mediumT,Cc1ccc2N=C(N)Sc2c1,OC(=O)CCCCC(O)=O
ESAVIF,ESAVIF,150 K,NS(=O)(=O)c1cc(C(O)=O)c(NCC2=CC=CO2)cc1Cl.NC(=O)c1ccccc1N,C2/c,False,150.0,mediumT,NS(=O)(=O)c1cc(C(O)=O)c(NCC2=CC=CO2)cc1Cl,NC(=O)c1ccccc1N
BOVWIU,BOVWIU,at 150 K,c1cc(ccn1)C=Cc1ccncc1.OC(=O)c1cc(F)cc(F)c1,P-1,False,150.0,mediumT,c1cc(ccn1)C=Cc1ccncc1,OC(=O)c1cc(F)cc(F)c1
OFUYIZ,OFUYIZ,at 173 K,NC(=O)c1cccnc1.Nc1ccc(C(O)=O)c(O)c1,P21/c,False,173.0,mediumT,NC(=O)c1cccnc1,Nc1ccc(C(O)=O)c(O)c1
SETSAN01,SETSAN01,173 K,OC(=O)C=Cc1ccccc1.NNC(=O)c1ccncc1,P21/c,False,173.0,mediumT,OC(=O)C=Cc1ccccc1,NNC(=O)c1ccncc1
OCOQIK,OCOQIK,143 K,O=N(=O)c1cc(c(c(c1)N(=O)=O)S(=O)(=O)[O-])N(=O)=O.FC[S+]=P(c1ccccc1)(c1ccccc1)c1ccccc1,P21/c,False,143.0,mediumT,O=N(=O)c1cc(c(c(c1)N(=O)=O)S(=O)(=O)[O-])N(=O)=O,FC[S+]=P(c1ccccc1)(c1ccccc1)c1ccccc1
QUFROA,QUFROA,173 K,C1CN2CN3CCN(CN1C3)C2.Cc1cc(O)cc(C)c1Cl,C2/c,False,173.0,mediumT,C1CN2CN3CCN(CN1C3)C2,Cc1cc(O)cc(C)c1Cl
QOYLAR,QOYLAR,at 173 K,Cc1ccncc1.Oc1ccc2ccccc2c1c1c(O)ccc2ccccc12,Pbca,False,173.0,mediumT,Cc1ccncc1,Oc1ccc2ccccc2c1c1c(O)ccc2ccccc12
EYEJAW,EYEJAW,150 K,O=C1NS(=O)(=O)c2ccccc12.NC(=O)N1c2ccccc2C=Cc2ccccc12,P-1,False,150.0,mediumT,O=C1NS(=O)(=O)c2ccccc12,NC(=O)N1c2ccccc2C=Cc2ccccc12
NUJWOF,NUJWOF,at 173 K,Cc1cc2N=CN(Cc3cccc(c3)C#N)c2cc1C.ON=C(C#N)c1ccc(Br)cc1,P-1,False,173.0,mediumT,Cc1cc2N=CN(Cc3cccc(c3)C#N)c2cc1C,ON=C(C#N)c1ccc(Br)cc1
AKOBUZ,AKOBUZ,150 K,Cc1ccnc(NS(=O)(=O)c2ccc(N)cc2)n1.C1CCOC1,P21/c,False,150.0,mediumT,Cc1ccnc(NS(=O)(=O)c2ccc(N)cc2)n1,C1CCOC1
ZAQRIW,ZAQRIW,193 K,OC=O.c1ccc(nc1)c1ccccn1,Pbc21,False,193.0,mediumT,OC=O,c1ccc(nc1)c1ccccn1
IFEFOR,IFEFOR,173 K,CN1N(C(=O)C(=C1C)NC(C)=O)c1ccccc1.OC(=O)c1ccccc1O,P-1,False,173.0,mediumT,CN1N(C(=O)C(=C1C)NC(C)=O)c1ccccc1,OC(=O)c1ccccc1O
QADCAB,QADCAB,at 133 K,Fc1ccc(cc1)S(=O)(=O)[N-]S(=O)(=O)c1ccc(F)cc1.C[N+](C)=C(N)O,P21/c,False,133.0,mediumT,Fc1ccc(cc1)S(=O)(=O)[N-]S(=O)(=O)c1ccc(F)cc1,C[N+](C)=C(N)O
GUNWIX,GUNWIX,180 K,OC1=CC(=O)c2ccccc2C1=O.c1cc(ccn1)c1ccncc1,P21/n,False,180.0,mediumT,OC1=CC(=O)c2ccccc2C1=O,c1cc(ccn1)c1ccncc1
JUVNUM,JUVNUM,130 K,CC([NH2+]CCOc1c(C)cccc1C)CO.O=C([O-])c1ccccn1,P41212,False,130.0,mediumT,CC([NH2+]CCOc1c(C)cccc1C)CO,O=C([O-])c1ccccn1
LONRIP,LONRIP,at 173 K,CS(=O)(=O)[N-]S(C)(=O)=O.NC1=[NH+]C=CS1,Pbcn,False,173.0,mediumT,CS(=O)(=O)[N-]S(C)(=O)=O,NC1=[NH+]C=CS1
LATJAT,LATJAT,at 150 K,OC(=O)CCC(O)=O.c1ccc(nc1)c1ccccn1,P21/c,False,150.0,mediumT,OC(=O)CCC(O)=O,c1ccc(nc1)c1ccccn1
OHEHIV,OHEHIV,150.0 K,FC(F)(F)C(=O)[O-].Oc1c[nH+]ccc1,P-1,False,150.0,mediumT,FC(F)(F)C(=O)[O-],Oc1c[nH+]ccc1
UPEMAE,UPEMAE,at 153 K,FC(F)(F)S(=O)(=O)[O-].CC(C)N1C(=C(C)[N+](=C1P(N=[N+]=[N-])N=[N+]=[N-])C(C)C)C,P21/c,False,153.0,mediumT,FC(F)(F)S(=O)(=O)[O-],CC(C)N1C(=C(C)[N+](=C1P(N=[N+]=[N-])N=[N+]=[N-])C(C)C)C
CAYZAE,CAYZAE,at 213 K,FC(F)(F)S(=O)(=O)[O-].CC(C)(C)C(=O)CN1[P+]OC(=C1)C(C)(C)C,P21/n,False,213.0,mediumT,FC(F)(F)S(=O)(=O)[O-],CC(C)(C)C(=O)CN1[P+]OC(=C1)C(C)(C)C
RESHAZ,RESHAZ,at 180 K,OC(=O)CCC(O)=O.Cc1ccncc1C,P21/c,False,180.0,mediumT,OC(=O)CCC(O)=O,Cc1ccncc1C
XAFTEG,XAFTEG,200 K,[NH2+]1CCOCC1.Nc1cc(ccc1C(=O)[O-])N(=O)=O,P21/n,False,200.0,mediumT,[NH2+]1CCOCC1,Nc1cc(ccc1C(=O)[O-])N(=O)=O
XOBCAT,XOBCAT,at 173 K,OC(=O)c1ccccc1O.CN1C=NC2=C1C(=O)N(C)C(=O)N2C,P21/n,False,173.0,mediumT,OC(=O)c1ccccc1O,CN1C=NC2=C1C(=O)N(C)C(=O)N2C
MAMCAF,MAMCAF,at 200 K,c1ccccc1.CCOC1=CC(=O)C(N1)=C(Br)c1ccccc1,P21/c,False,200.0,mediumT,c1ccccc1,CCOC1=CC(=O)C(N1)=C(Br)c1ccccc1
NUQKOB,NUQKOB,150 K,Cc1c(O)cccc1O.c1ccc(cc1)c1ccncc1,Pbca,False,150.0,mediumT,Cc1c(O)cccc1O,c1ccc(cc1)c1ccncc1
IFEGAE,IFEGAE,173 K,CN1N(c2ccccc2)C(=O)C(=C1C)N.Nc1ccccc1C(O)=O,Pbca,False,173.0,mediumT,CN1N(c2ccccc2)C(=O)C(=C1C)N,Nc1ccccc1C(O)=O
HOVFEF,HOVFEF,150 K,CC(c1ncncc1F)C(O)(C[N+]1=CNC=N1)c1ccc(F)cc1F.OC(=O)C(=O)[O-],P21,False,150.0,mediumT,CC(c1ncncc1F)C(O)(C[N+]1=CNC=N1)c1ccc(F)cc1F,OC(=O)C(=O)[O-]
GAVHER,GAVHER,at 150 K,NC(=O)c1ccncc1.NC=O,P21/c,False,150.0,mediumT,NC(=O)c1ccncc1,NC=O
CALWEV,CALWEV,150 K,CC(=O)NC(CC1=CNc2ccccc12)C(=O)[O-].[NH3+]C(C(N)=O)c1ccccc1,P212121,False,150.0,mediumT,CC(=O)NC(CC1=CNc2ccccc12)C(=O)[O-],[NH3+]C(C(N)=O)c1ccccc1
JILXOU,JILXOU,173 K,OC(=O)c1cccc(O)c1.O=C(NN=C(c1ccccc1)c1ccccc1)c1ccncc1,P-1,False,173.0,mediumT,OC(=O)c1cccc(O)c1,O=C(NN=C(c1ccccc1)c1ccccc1)c1ccncc1
XEDROR,XEDROR,150.2 K,COc1cc(O)cc(O)c1.S1C(=Nc2ccccc12)C=Cc1ccccc1,P21/c,False,150.0,mediumT,COc1cc(O)cc(O)c1,S1C(=Nc2ccccc12)C=Cc1ccccc1
NUKZOJ,NUKZOJ,at 180 K,OC(=O)CCCCCCCCC(O)=O.NC(=O)c1cccnc1,P-1,False,180.0,mediumT,OC(=O)CCCCCCCCC(O)=O,NC(=O)c1cccnc1
GUHMAX,GUHMAX,at 180 K,[NH2+]1CCOCC1.S=P([S-])(N1CCOCC1)N1CCOCC1,P-1,False,180.0,mediumT,[NH2+]1CCOCC1,S=P([S-])(N1CCOCC1)N1CCOCC1
GUDTOQ,GUDTOQ,at 130 K,OC(=O)CCCC(O)=O.c1cnccn1,P21/c,False,130.0,mediumT,OC(=O)CCCC(O)=O,c1cnccn1
KECJAG,KECJAG,150 K,Cc1ccncc1.BrN1C(=O)c2ccccc2S1(=O)=O,P-1,False,150.0,mediumT,Cc1ccncc1,BrN1C(=O)c2ccccc2S1(=O)=O
SEFCIT,SEFCIT,150 K,FC(F)(F)C(=O)[O-].COC(=O)C1=C(ON=C1)C1[NH2+]CCCC1,P21,False,150.0,mediumT,FC(F)(F)C(=O)[O-],COC(=O)C1=C(ON=C1)C1[NH2+]CCCC1
LUNZUP,LUNZUP,at 180 K,CCCCCCCCCC(O)=O.c1cnccn1,P-1,False,180.0,mediumT,CCCCCCCCCC(O)=O,c1cnccn1
IYUNOF,IYUNOF,at 160 K,c1ccncc1.OC(=O)c1ccc(cc1)C(O)=O,P21/n,False,160.0,mediumT,c1ccncc1,OC(=O)c1ccc(cc1)C(O)=O
XUVXER,XUVXER,at 200 K,[NH3+]Cc1ccc(F)cc1.O=C[O-],P21/c,False,200.0,mediumT,[NH3+]Cc1ccc(F)cc1,O=C[O-]
XAZWAX,XAZWAX,at 174 K,Oc1c(Cl)cc(cc1Cl)C#N.c1ccccc1,P-1,False,174.0,mediumT,Oc1c(Cl)cc(cc1Cl)C#N,c1ccccc1
LANXOP,LANXOP,at 200 K,OC(=O)C1CCCCC1C(=O)[O-].NC(=O)C1CC[NH2+]CC1,P21/c,False,200.0,mediumT,OC(=O)C1CCCCC1C(=O)[O-],NC(=O)C1CC[NH2+]CC1
IFEFIL,IFEFIL,173 K,[NH3+]C1=C(C)N(C)N(c2ccccc2)C1=O.OC(=O)c1cccc(c1C(=O)[O-])N(=O)=O,P212121,False,173.0,mediumT,[NH3+]C1=C(C)N(C)N(c2ccccc2)C1=O,OC(=O)c1cccc(c1C(=O)[O-])N(=O)=O
BUNHID,BUNHID,200 K,c1cc(ccn1)C=Cc1ccncc1.ON=Cc1c(F)c(F)c(Br)c(F)c1F,P-1,False,200.0,mediumT,c1cc(ccn1)C=Cc1ccncc1,ON=Cc1c(F)c(F)c(Br)c(F)c1F
DUSCOK,DUSCOK,at 200 K,Oc1c(cc(cc1N(=O)=O)N(=O)=O)C(=O)[O-].O=N(=O)c1ccc(Cc2[nH+]cccc2)c(c1)N(=O)=O,P21/c,False,200.0,mediumT,Oc1c(cc(cc1N(=O)=O)N(=O)=O)C(=O)[O-],O=N(=O)c1ccc(Cc2[nH+]cccc2)c(c1)N(=O)=O
QOYKOE,QOYKOE,at 173 K,Oc1ccc2ccccc2c1c1c(O)ccc2ccccc12.Cc1ccccn1,C2/c,False,173.0,mediumT,Oc1ccc2ccccc2c1c1c(O)ccc2ccccc12,Cc1ccccn1
UYIKUK,UYIKUK,150 K,COC(=O)c1cccc2cccc([NH+](C)C)c12.FC(F)(F)S(=O)(=O)[O-],Pbca,False,150.0,mediumT,COC(=O)c1cccc2cccc([NH+](C)C)c12,FC(F)(F)S(=O)(=O)[O-]
YAJGOI,YAJGOI,150 K,O=S1(=O)NC(=S)c2ccccc12.NC(=O)c1ccccc1F,P21/c,False,150.0,mediumT,O=S1(=O)NC(=S)c2ccccc12,NC(=O)c1ccccc1F
GEDLOR,GEDLOR,at 173 K,FC(F)(F)S(=O)(=O)[O-].CN1C=C[N+](=C1N(=O)=O)C,P21/c,False,173.0,mediumT,FC(F)(F)S(=O)(=O)[O-],CN1C=C[N+](=C1N(=O)=O)C
BIFFED,BIFFED,at 173 K,c1cc(ccn1)c1ccncc1.CN(c1cccc(c1)C(O)=O)C(=O)N(C)c1cccc(c1)C(O)=O,P21/c,False,173.0,mediumT,c1cc(ccn1)c1ccncc1,CN(c1cccc(c1)C(O)=O)C(=O)N(C)c1cccc(c1)C(O)=O
GANYEA,GANYEA,at 180 K,CN1C=NC2=C1C(=O)N(C)C(=O)N2C.OC(=O)C=CC(O)=O,P21/n,False,180.0,mediumT,CN1C=NC2=C1C(=O)N(C)C(=O)N2C,OC(=O)C=CC(O)=O
MAMPUM02,MAMPUM02,at 170 K,c1ccc2nc3ccccc3nc2c1.OC1=C(Cl)C(=O)C(=C(Cl)C1=O)O,P21,False,170.0,mediumT,c1ccc2nc3ccccc3nc2c1,OC1=C(Cl)C(=O)C(=C(Cl)C1=O)O
OFEPUK,OFEPUK,at 173 K,Cc1cccc(N)c1C.Oc1ccc(cc1)C1(CCCCC1)c1ccc(O)cc1,P-1,False,173.0,mediumT,Cc1cccc(N)c1C,Oc1ccc(cc1)C1(CCCCC1)c1ccc(O)cc1
EPUPUB,EPUPUB,at 150 K,c1cc(ccn1)c1ccncc1.OC(=O)c1ccc(O)cc1,P21/c,False,150.0,mediumT,c1cc(ccn1)c1ccncc1,OC(=O)c1ccc(O)cc1
EWAMUL,EWAMUL,at 150 K,N#Cc1cc(C#N)c(cc1C#N)C#N.Cc1cc(O)cc(O)c1,P21/n,False,150.0,mediumT,N#Cc1cc(C#N)c(cc1C#N)C#N,Cc1cc(O)cc(O)c1
VILSEP,VILSEP,at 173 K,OC(=O)c1ccc(O)cc1.C(N1C=CN=C1c1ccccc1)c1ccncc1,P-1,False,173.0,mediumT,OC(=O)c1ccc(O)cc1,C(N1C=CN=C1c1ccccc1)c1ccncc1
HOQGIF,HOQGIF,at 150 K,OC(=O)CCC(O)=O.NC1=NN=CS1,P21/c,False,150.0,mediumT,OC(=O)CCC(O)=O,NC1=NN=CS1
TORZOS,TORZOS,150 K,Oc1cccc(O)c1.c1cc(ccn1)c1ccncc1,P21,False,150.0,mediumT,Oc1cccc(O)c1,c1cc(ccn1)c1ccncc1
QAKDIR,QAKDIR,at 200 K,Oc1ccc(cc1C(=O)[O-])N(=O)=O.NC(=O)C1CC[NH2+]CC1,P21/n,False,200.0,mediumT,Oc1ccc(cc1C(=O)[O-])N(=O)=O,NC(=O)C1CC[NH2+]CC1
UFEVOT,UFEVOT,150 K,OC(=O)C=CC(O)=O.NC(=O)c1ccc(N)cc1,P21/n,False,150.0,mediumT,OC(=O)C=CC(O)=O,NC(=O)c1ccc(N)cc1
FIRHOG,FIRHOG,160.0 K,O=S(=O)([O-])c1ccccc1.C[NH2+]C(C)C(O)c1ccccc1,P21,False,160.0,mediumT,O=S(=O)([O-])c1ccccc1,C[NH2+]C(C)C(O)c1ccccc1
SILYIY,SILYIY,200 K,COC(=O)c1ccc(cc1)[N+](C)(C)O.Clc1cccc(c1)C(=O)[O-],P21/c,False,200.0,mediumT,COC(=O)c1ccc(cc1)[N+](C)(C)O,Clc1cccc(c1)C(=O)[O-]
EYIFAW,EYIFAW,200 K,NC(=O)c1cccnc1.NC=O,P212121,False,200.0,mediumT,NC(=O)c1cccnc1,NC=O
UFEVEJ,UFEVEJ,150 K,OC(=O)C=CC(O)=O.NC(=O)c1ccc(N)cc1,P-1,False,150.0,mediumT,OC(=O)C=CC(O)=O,NC(=O)c1ccc(N)cc1
YAFFUJ,YAFFUJ,150 K,Nc1nc(N)nc(N)n1.OO,P-1,False,150.0,mediumT,Nc1nc(N)nc(N)n1,OO
OKEXIO,OKEXIO,150 K,Cc1nc(C)c(C)nc1C.Oc1cc(O)c(Cl)cc1Cl,P21/n,False,150.0,mediumT,Cc1nc(C)c(C)nc1C,Oc1cc(O)c(Cl)cc1Cl
NUKYIC,NUKYIC,at 180 K,NC(=O)c1cccnc1.OC(=O)CCCCC(O)=O,P-1,False,180.0,mediumT,NC(=O)c1cccnc1,OC(=O)CCCCC(O)=O
PORNOB,PORNOB,153 K,FC(F)(F)S(=O)(=O)[O-].CC1=[NH+]N(C(=C1)C)c1ccc(Br)cn1,P21/n,False,153.0,mediumT,FC(F)(F)S(=O)(=O)[O-],CC1=[NH+]N(C(=C1)C)c1ccc(Br)cn1
MOXYUW,MOXYUW,150 K,OC(C(=O)[O-])c1cccc(Br)c1.[NH3+]C(C(O)c1ccccc1)c1ccccc1,C2,False,150.0,mediumT,OC(C(=O)[O-])c1cccc(Br)c1,[NH3+]C(C(O)c1ccccc1)c1ccccc1
ZONQIC,ZONQIC,at 153 K,CN(C)P(=O)(N(C)C)N(C)C.NC(=O)CS(=O)(=O)c1ccccc1,P-1,False,153.0,mediumT,CN(C)P(=O)(N(C)C)N(C)C,NC(=O)CS(=O)(=O)c1ccccc1
ACOMOW,ACOMOW,at 173 K,NC(=O)c1ccncc1.OC(=O)C1CC1,P-1,False,173.0,mediumT,NC(=O)c1ccncc1,OC(=O)C1CC1
ULEFIB,ULEFIB,at 200 K,OC(=O)c1ccccc1C(=O)[O-].NC(=O)C1CC[NH2+]CC1,P-1,False,200.0,mediumT,OC(=O)c1ccccc1C(=O)[O-],NC(=O)C1CC[NH2+]CC1
NIMGOI,NIMGOI,125 K,FC(F)(F)C(=O)[O-].Cc1cccc2C[NH2+]C(C(O)=O)c3cccc(C)c3c12,P212121,False,125.0,mediumT,FC(F)(F)C(=O)[O-],Cc1cccc2C[NH2+]C(C(O)=O)c3cccc(C)c3c12
NUQLOC,NUQLOC,150 K,Cc1c(O)cccc1O.c1ccc2nccnc2c1,Cc,False,150.0,mediumT,Cc1c(O)cccc1O,c1ccc2nccnc2c1
SADTOI,SADTOI,at 180 K,OC1=C(Cl)C(=O)C(=C(Cl)C1=O)O.O=C1CCCCN1,P21/c,False,180.0,mediumT,OC1=C(Cl)C(=O)C(=C(Cl)C1=O)O,O=C1CCCCN1
ODUSEO,ODUSEO,173 K,FC(F)(F)S(=O)(=O)[O-].CN(C)c1cc[n+](cc1)[Si](C)(C)C,P21/c,False,173.0,mediumT,FC(F)(F)S(=O)(=O)[O-],CN(C)c1cc[n+](cc1)[Si](C)(C)C
VEVZON,VEVZON,150 K,Nc1nc(N)nc(n1)c1ccccn1.CCCCCCCCC(O)=O,P-1,False,150.0,mediumT,Nc1nc(N)nc(n1)c1ccccn1,CCCCCCCCC(O)=O
WIVQUN,WIVQUN,at 173 K,[NH3+]Cc1ccc(Cl)cc1.O=C([O-])c1ccccc1,P-1,False,173.0,mediumT,[NH3+]Cc1ccc(Cl)cc1,O=C([O-])c1ccccc1
LONRUB,LONRUB,at 143 K,NC1=[NH+]N=CS1.CS(=O)(=O)[N-]S(C)(=O)=O,P-1,False,143.0,mediumT,NC1=[NH+]N=CS1,CS(=O)(=O)[N-]S(C)(=O)=O
EDIXUM,EDIXUM,at 150 K,CN(C)C=O.Cc1cc2NC(=O)c3ccccc3C(=O)Nc2cc1C,P21/n,False,150.0,mediumT,CN(C)C=O,Cc1cc2NC(=O)c3ccccc3C(=O)Nc2cc1C
LEFYAY,LEFYAY,at 153 K,CN(C)C=O.Nc1cc(ccc1C(O)=O)C(O)=O,Pn,False,153.0,mediumT,CN(C)C=O,Nc1cc(ccc1C(O)=O)C(O)=O
YUPPUX,YUPPUX,183 K,CCN1C=Nc2c(N)ncnc12.OC(=O)CCCC(O)=O,P21/c,False,183.0,mediumT,CCN1C=Nc2c(N)ncnc12,OC(=O)CCCC(O)=O
UJOGOQ,UJOGOQ,at 200 K,NC(=O)C1CC[NH2+]CC1.O=N(=O)c1cc(c([O-])c(c1)N(=O)=O)N(=O)=O,P21/c,False,200.0,mediumT,NC(=O)C1CC[NH2+]CC1,O=N(=O)c1cc(c([O-])c(c1)N(=O)=O)N(=O)=O
GESJIZ,GESJIZ,at 150 K,COc1cccc(c1)B(O)O.CC1=NN=C2CN=C(c3ccccc3)c3cc(Cl)ccc3N12,P21/c,False,150.0,mediumT,COc1cccc(c1)B(O)O,CC1=NN=C2CN=C(c3ccccc3)c3cc(Cl)ccc3N12
XOLLAL,XOLLAL,at 173 K,O=C([O-])c1ccc2ccccc2c1.C[N+](C)(C)CCO,P21/c,False,173.0,mediumT,O=C([O-])c1ccc2ccccc2c1,C[N+](C)(C)CCO
XUNGIW,XUNGIW,at 180 K,OC(=O)c1cccc(c1)C(O)=O.c1cc(ccn1)c1ccncc1,P2/c,False,180.0,mediumT,OC(=O)c1cccc(c1)C(O)=O,c1cc(ccn1)c1ccncc1
PAXNIN,PAXNIN,at 173 K,[NH3+]c1ccc(O)cc1.OC(=O)CC(=O)[O-],P21/c,False,173.0,mediumT,[NH3+]c1ccc(O)cc1,OC(=O)CC(=O)[O-]
YACYAG,YACYAG,173 K,OC(=O)CCCC(O)=O.N#Cc1ccccn1,P21/c,False,173.0,mediumT,OC(=O)CCCC(O)=O,N#Cc1ccccn1
ZEJLIM,ZEJLIM,200 K,O=C(Nc1cccnc1)c1ccccc1.OC(=O)c1ccccc1,P21/n,False,200.0,mediumT,O=C(Nc1cccnc1)c1ccccc1,OC(=O)c1ccccc1
POCBER,POCBER,170.0 K,CCc1nc(N)nc(N)c1c1ccc(Cl)cc1.COc1cc2OC(=O)C=Cc2cc1OC,P21/n,False,170.0,mediumT,CCc1nc(N)nc(N)c1c1ccc(Cl)cc1,COc1cc2OC(=O)C=Cc2cc1OC
FOMDUI,FOMDUI,173 K,CC1=[N+]([O-])ON=C1C=NNC(N)=[NH2+].O=N(=O)C1=NN([O-])N=N1,P21/n,False,173.0,mediumT,CC1=[N+]([O-])ON=C1C=NNC(N)=[NH2+],O=N(=O)C1=NN([O-])N=N1
HANBOO,HANBOO,at 150 K,NC(=O)c1ccncc1.CCC(O)=O,P-1,False,150.0,mediumT,NC(=O)c1ccncc1,CCC(O)=O
MIPPEK,MIPPEK,150 K,FC(F)(F)S(=O)(=O)[O-].C[N+]1=NN(OCF)c2ccccc12,P21/n,False,150.0,mediumT,FC(F)(F)S(=O)(=O)[O-],C[N+]1=NN(OCF)c2ccccc12
FEQXIJ,FEQXIJ,at 198 K,C1N2CN3CN1CN(C2)C3.OC(=O)c1ccc(O)cc1,P21/n,False,198.0,mediumT,C1N2CN3CN1CN(C2)C3,OC(=O)c1ccc(O)cc1
ESODUO,ESODUO,173 K,NC(=[NH2+])SCCOC(F)(F)F.FC(F)(F)S(=O)(=O)[O-],P21/c,False,173.0,mediumT,NC(=[NH2+])SCCOC(F)(F)F,FC(F)(F)S(=O)(=O)[O-]
TURNOM,TURNOM,163 K,Oc1cc(O)cc(O)c1.CCN(CC)CC(=O)Nc1c(C)cccc1C,P-1,False,163.0,mediumT,Oc1cc(O)cc(O)c1,CCN(CC)CC(=O)Nc1c(C)cccc1C
DEYPUW,DEYPUW,173 K,OC(=O)C=Cc1ccccc1.CC(CC(C)(C)O)=NNC(=O)c1ccncc1,P-1,False,173.0,mediumT,OC(=O)C=Cc1ccccc1,CC(CC(C)(C)O)=NNC(=O)c1ccncc1
CIYPUX,CIYPUX,at 170 K,[NH2+]1CCOCC1.O=N(=O)c1cc(c([O-])c(c1)N(=O)=O)N(=O)=O,C2/c,False,170.0,mediumT,[NH2+]1CCOCC1,O=N(=O)c1cc(c([O-])c(c1)N(=O)=O)N(=O)=O
CUKVEK,CUKVEK,at 150 K,Nc1ccc(C(O)=O)c(O)c1.C1COCCO1,P21/c,False,150.0,mediumT,Nc1ccc(C(O)=O)c(O)c1,C1COCCO1
CIPTUU,CIPTUU,170 K,FC(F)(F)S(=O)(=O)[O-].C[N+]1=C(SC(F)(F)F)N(C=C1)c1ccccc1,C2/c,False,170.0,mediumT,FC(F)(F)S(=O)(=O)[O-],C[N+]1=C(SC(F)(F)F)N(C=C1)c1ccccc1
YOYLEG,YOYLEG,203 K,OC(Cc1ccccc1)C(=O)[O-].[NH3+]CC(C)c1cccc(Cl)c1,P21,False,203.0,mediumT,OC(Cc1ccccc1)C(=O)[O-],[NH3+]CC(C)c1cccc(Cl)c1
QUVPUT,QUVPUT,at 193 K,Cc1ccc(cc1)S(=O)(=O)[O-].[NH3+]C[Si]1(CO)CCCC1,P21/n,False,193.0,mediumT,Cc1ccc(cc1)S(=O)(=O)[O-],[NH3+]C[Si]1(CO)CCCC1
UKAYIR,UKAYIR,173 K,CN1C=C([N+](=C1C)C)N(=O)=O.O=N(=O)c1cc(c([O-])c(c1)N(=O)=O)N(=O)=O,P21/n,False,173.0,mediumT,CN1C=C([N+](=C1C)C)N(=O)=O,O=N(=O)c1cc(c([O-])c(c1)N(=O)=O)N(=O)=O
VEDMAT,VEDMAT,at 173 K,[NH3+]C(C)c1ccc(Cl)cc1.O=C1CC2C(OC(C2c2ccccc2)C(=O)[O-])O1,P21,False,173.0,mediumT,[NH3+]C(C)c1ccc(Cl)cc1,O=C1CC2C(OC(C2c2ccccc2)C(=O)[O-])O1
LUNNAJ,LUNNAJ,at 203 K,NC(=O)c1ccncc1.OC(=O)CCl,C2/c,False,203.0,mediumT,NC(=O)c1ccncc1,OC(=O)CCl
XOMPUK,XOMPUK,at 180 K,CNC(O)=[NH+]C.OP(F)(=O)[O-],P21/c,False,180.0,mediumT,CNC(O)=[NH+]C,OP(F)(=O)[O-]
RORMIW,RORMIW,at 133 K,c1cc(ccn1)c1ccncc1.OB(O)c1ccc(Cl)cc1,P21/n,False,133.0,mediumT,c1cc(ccn1)c1ccncc1,OB(O)c1ccc(Cl)cc1
QUSLUL,QUSLUL,at 178 K,CS(=O)(=O)[N-]S(C)(=O)=O.O[n+]1ccccc1,P-1,False,178.0,mediumT,CS(=O)(=O)[N-]S(C)(=O)=O,O[n+]1ccccc1
EKAWOC,EKAWOC,at 150 K,CCOC12CCC3=[NH+]CCCN3C1CC(=O)C=C2.FC(F)(F)S(=O)(=O)[O-],P21/c,False,150.0,mediumT,CCOC12CCC3=[NH+]CCCN3C1CC(=O)C=C2,FC(F)(F)S(=O)(=O)[O-]
LOMTIQ,LOMTIQ,at 220 K,NC1=[NH+]c2cc(Cl)ccc2O1.O=C([O-])c1cc(cc(c1)N(=O)=O)N(=O)=O,P21/c,False,220.0,mediumT,NC1=[NH+]c2cc(Cl)ccc2O1,O=C([O-])c1cc(cc(c1)N(=O)=O)N(=O)=O
GADYUI,GADYUI,173 K,OC(=O)c1cc(ccc1O)S(=O)(=O)[O-].[NH3+]C(CO)(CO)CO,P-1,False,173.0,mediumT,OC(=O)c1cc(ccc1O)S(=O)(=O)[O-],[NH3+]C(CO)(CO)CO
MOGVUB,MOGVUB,at 173 K,Cc1ccncc1.OC(=O)C=CC(O)=O,P21/c,False,173.0,mediumT,Cc1ccncc1,OC(=O)C=CC(O)=O
LIGNOG,LIGNOG,202 K,OC(=O)c1cc(ccc1O)S(=O)(=O)[O-].ClCC[NH+]1CCCCC1,Pbca,False,202.0,mediumT,OC(=O)c1cc(ccc1O)S(=O)(=O)[O-],ClCC[NH+]1CCCCC1
LABJUX,LABJUX,173 K,[NH3+]CC(CC(O)=O)c1ccc(Cl)cc1.O=C([O-])COc1ccccc1,P-1,False,173.0,mediumT,[NH3+]CC(CC(O)=O)c1ccc(Cl)cc1,O=C([O-])COc1ccccc1
KEBLUC,KEBLUC,130 K,Oc1ccc2ccc(O)cc2c1.NNC(=O)c1ccncc1,P-1,False,130.0,mediumT,Oc1ccc2ccc(O)cc2c1,NNC(=O)c1ccncc1
WADMOG,WADMOG,213.1 K,[NH3+]Cc1ccc(Cl)cc1.BrCCCCCCC(=O)[O-],P-1,False,213.0,mediumT,[NH3+]Cc1ccc(Cl)cc1,BrCCCCCCC(=O)[O-]
DIFNUC,DIFNUC,at 187 K,c1cc2cccc(c3ccncc3)c2c(c1)c1ccncc1.OC(=O)C=CC(O)=O,P21/c,False,187.0,mediumT,c1cc2cccc(c3ccncc3)c2c(c1)c1ccncc1,OC(=O)C=CC(O)=O
QECYII,QECYII,at 173 K,Oc1cccc(O)c1.CC(=O)c1cccc(n1)C(C)=O,P-1,False,173.0,mediumT,Oc1cccc(O)c1,CC(=O)c1cccc(n1)C(C)=O
NOBWIN,NOBWIN,173 K,c1ccc2cnncc2c1.OC(=O)C=CC(O)=O,P21/c,False,173.0,mediumT,c1ccc2cnncc2c1,OC(=O)C=CC(O)=O
TOQQAU,TOQQAU,150 K,OC(=O)CCC(O)=O.NC(=S)NN=Cc1ccncc1,P-1,False,150.0,mediumT,OC(=O)CCC(O)=O,NC(=S)NN=Cc1ccncc1
OBOVAF,OBOVAF,150 K,NC(=O)c1ccncc1.Nc1ccc(C(O)=O)c(O)c1,P-1,False,150.0,mediumT,NC(=O)c1ccncc1,Nc1ccc(C(O)=O)c(O)c1
IPEVUV,IPEVUV,at 173 K,OC(=O)C=Cc1ccccc1.C1N2CN3CN1CN(C2)C3,Cmc21,False,173.0,mediumT,OC(=O)C=Cc1ccccc1,C1N2CN3CN1CN(C2)C3
BEPDOT,BEPDOT,150 K,NN1N=C(C(=[NH2+])N=C1N)N(=O)=O.O=N(=O)C1=N[N-]N=N1,P21/c,False,150.0,mediumT,NN1N=C(C(=[NH2+])N=C1N)N(=O)=O,O=N(=O)C1=N[N-]N=N1
QAMSAZ,QAMSAZ,at 150 K,CN1CCOCC1.Oc1ccc(O)cc1,P-1,False,150.0,mediumT,CN1CCOCC1,Oc1ccc(O)cc1
OCATUH,OCATUH,at 150 K,Nc1ccc(cc1)C(O)=O.Nc1nccc(n1)c1ccncc1,P21/c,False,150.0,mediumT,Nc1ccc(cc1)C(O)=O,Nc1nccc(n1)c1ccncc1
PETYUJ,PETYUJ,at 193 K,OC(C(O)C(=O)[O-])C(O)=O.OC12CCC(CC3[NH2+]CCC13)C2,P21212,False,193.0,mediumT,OC(C(O)C(=O)[O-])C(O)=O,OC12CCC(CC3[NH2+]CCC13)C2
UYAZEA,UYAZEA,at 173 K,OC(=O)CCCCCCCCC(O)=O.COc1ccc2N=C(N)Sc2c1,P-1,False,173.0,mediumT,OC(=O)CCCCCCCCC(O)=O,COc1ccc2N=C(N)Sc2c1
AFONOB,AFONOB,200 K,Cc1cccc(Nc2ccccc2C(O)=O)c1C.C(Cc1ccncc1)c1ccncc1,P-1,False,200.0,mediumT,Cc1cccc(Nc2ccccc2C(O)=O)c1C,C(Cc1ccncc1)c1ccncc1
KIZYEZ,KIZYEZ,at 173 K,CC(=O)Nc1ccccn1.OC(=O)c1ccccc1,P21/n,False,173.0,mediumT,CC(=O)Nc1ccccn1,OC(=O)c1ccccc1
BAYWAC,BAYWAC,173 K,c1ccncc1.OC(C(F)(F)F)C(F)(F)F,P21/c,False,173.0,mediumT,c1ccncc1,OC(C(F)(F)F)C(F)(F)F
NUKZID,NUKZID,at 180 K,NC(=O)c1cccnc1.OC(=O)CCCCCCCC(O)=O,Pna21,False,180.0,mediumT,NC(=O)c1cccnc1,OC(=O)CCCCCCCC(O)=O
SEMRUY,SEMRUY,at 150 K,CC[N+](CC(=O)OC)(CC(=O)OC)CC(=O)OC.FC(F)(F)S(=O)(=O)[O-],P21/c,False,150.0,mediumT,CC[N+](CC(=O)OC)(CC(=O)OC)CC(=O)OC,FC(F)(F)S(=O)(=O)[O-]
BEPTUN,BEPTUN,at 173 K,[NH2+]1CCOCC1.CC(=O)[O-],P-1,False,173.0,mediumT,[NH2+]1CCOCC1,CC(=O)[O-]
KOSYOG,KOSYOG,at 130 K,CC1(C)COP(=O)([O-])OC1c1c(Cl)cccc1Cl.C[NH2+]C(C)C(O)c1ccccc1,P212121,False,130.0,mediumT,CC1(C)COP(=O)([O-])OC1c1c(Cl)cccc1Cl,C[NH2+]C(C)C(O)c1ccccc1
TOSGUF,TOSGUF,at 173 K,CC1(C)CC(=O)NC(=O)C1.COc1cc(Cc2cnc(N)nc2N)cc(OC)c1OC,P-1,False,173.0,mediumT,CC1(C)CC(=O)NC(=O)C1,COc1cc(Cc2cnc(N)nc2N)cc(OC)c1OC
CIVQEH,CIVQEH,173 K,OC(=O)c1cccc2ccccc12.CC(C)=NNC(=O)c1ccncc1,Cc,False,173.0,mediumT,OC(=O)c1cccc2ccccc12,CC(C)=NNC(=O)c1ccncc1
OSEXOA,OSEXOA,at 173 K,OB(O)O.C1=CN2C(=N1)N1C=CN=C1N1C=CN=C21,P-3,False,173.0,mediumT,OB(O)O,C1=CN2C(=N1)N1C=CN=C1N1C=CN=C21
PEZJAH,PEZJAH,at 200 K,O=S(=O)([O-])c1ccccc1.CC1[NH2+]C(CC=C)C=C(C1)S(=O)(=O)c1ccccc1,P-1,False,200.0,mediumT,O=S(=O)([O-])c1ccccc1,CC1[NH2+]C(CC=C)C=C(C1)S(=O)(=O)c1ccccc1
KUWMEW,KUWMEW,149.7 K,NC(=O)NN=C1C(=O)c2ccccc2c2ccccc12.CS(C)=O,P21/c,False,149.0,mediumT,NC(=O)NN=C1C(=O)c2ccccc2c2ccccc12,CS(C)=O
FERYIL,FERYIL,at 190 K,CCC(=O)c1c(O)cc(O)cc1O.c1cc(ccn1)C=Cc1ccncc1,P-1,False,190.0,mediumT,CCC(=O)c1c(O)cc(O)cc1O,c1cc(ccn1)C=Cc1ccncc1
PIRRAL,PIRRAL,at 150 K,NC(=O)c1ccncc1.OC(=O)c1cc(F)cc(F)c1,Pc,False,150.0,mediumT,NC(=O)c1ccncc1,OC(=O)c1cc(F)cc(F)c1
XISPEX,XISPEX,150.0 K,CC(=O)c1cccc2cccc(O)c12.CN(C)c1ccncc1,C2/c,False,150.0,mediumT,CC(=O)c1cccc2cccc(O)c12,CN(C)c1ccncc1
EKEXOK,EKEXOK,150 K,O=N(=O)C1=NN=N[N-]1.C[N+]1=NOC(=C1)N,P21/c,False,150.0,mediumT,O=N(=O)C1=NN=N[N-]1,C[N+]1=NOC(=C1)N
KIZYAV,KIZYAV,at 173 K,Nc1ccc(cc1)C(O)=O.CC(=O)Nc1ccccn1,Pna21,False,173.0,mediumT,Nc1ccc(cc1)C(O)=O,CC(=O)Nc1ccccn1
IHAXEW,IHAXEW,173 K,FC(F)(F)S(=O)(=O)[N-]S(=O)(=O)C(F)(F)F.CCO[N+]1(C)CCOCC1,P21/c,False,173.0,mediumT,FC(F)(F)S(=O)(=O)[N-]S(=O)(=O)C(F)(F)F,CCO[N+]1(C)CCOCC1
PUCTOZ,PUCTOZ,173 K,Cc1ccc(cc1)C(O)=O.Cc1cc(C)nc(NS(=O)(=O)c2ccc(N)cc2)n1,P21,False,173.0,mediumT,Cc1ccc(cc1)C(O)=O,Cc1cc(C)nc(NS(=O)(=O)c2ccc(N)cc2)n1
ZUVXAR,ZUVXAR,173 K,COc1cccc(C=NNC(=O)c2cc[nH+]cc2)c1O.O=C1[N-]S(=O)(=O)c2ccccc12,P21/n,False,173.0,mediumT,COc1cccc(C=NNC(=O)c2cc[nH+]cc2)c1O,O=C1[N-]S(=O)(=O)c2ccccc12
XIQFOS,XIQFOS,at 223 K,CCNC(=[NH+]CC)c1ccc(Br)cc1.O=C([O-])c1ccccc1,C2/c,False,223.0,mediumT,CCNC(=[NH+]CC)c1ccc(Br)cc1,O=C([O-])c1ccccc1
COLHIX,COLHIX,150 K,Nc1ncccn1.OB(O)O,P3221,False,150.0,mediumT,Nc1ncccn1,OB(O)O
TEHDOD,TEHDOD,200 K,NS(=O)(=O)[O-].C[NH2+]CC(O)=O,Pna21,False,200.0,mediumT,NS(=O)(=O)[O-],C[NH2+]CC(O)=O
ZELFEE,ZELFEE,199 K,ON=Cc1[nH+]cccc1.OC1=C([O-])C(=O)C1=O,P21/c,False,199.0,mediumT,ON=Cc1[nH+]cccc1,OC1=C([O-])C(=O)C1=O
QECHOX,QECHOX,at 173 K,Brc1ccccc1[O-].OCC[NH2+]CCO,P21,False,173.0,mediumT,Brc1ccccc1[O-],OCC[NH2+]CCO
LAHHAH,LAHHAH,150 K,NC(=O)c1ccncc1.OC(=O)Cc1ccc(O)cc1,P-1,False,150.0,mediumT,NC(=O)c1ccncc1,OC(=O)Cc1ccc(O)cc1
HOGJOF,HOGJOF,180 K,CC(=CC(O)=O)C(O)=O.O=C(NN=Cc1ccccn1)c1ccccc1,P-1,False,180.0,mediumT,CC(=CC(O)=O)C(O)=O,O=C(NN=Cc1ccccn1)c1ccccc1
XULKOG,XULKOG,at 173 K,C1CN2CN3CCN(CN1C3)C2.Oc1ccc(Br)cc1,Fdd2,False,173.0,mediumT,C1CN2CN3CCN(CN1C3)C2,Oc1ccc(Br)cc1
QEDVUS,QEDVUS,at 150 K,NC(=O)c1ccc(O)cc1.C1COCCO1,P21/c,False,150.0,mediumT,NC(=O)c1ccc(O)cc1,C1COCCO1
IBUBAM,IBUBAM,150 K,BrN1C(=O)CCC1=O.C1CN2CCC1CC2,P21/n,False,150.0,mediumT,BrN1C(=O)CCC1=O,C1CN2CCC1CC2
GAGPEN,GAGPEN,150 K,[NH3+]C(C(O)c1ccccc1)c1ccccc1.OC(CCc1ccccc1)C(=O)[O-],C2,False,150.0,mediumT,[NH3+]C(C(O)c1ccccc1)c1ccccc1,OC(CCc1ccccc1)C(=O)[O-]
JAHJOV,JAHJOV,131.9 K,CN1C(=O)NC(=O)C2=C1NC=[N+]2C.Oc1cccc(O)c1C(=O)[O-],P21/c,False,131.0,mediumT,CN1C(=O)NC(=O)C2=C1NC=[N+]2C,Oc1cccc(O)c1C(=O)[O-]
LABKEI,LABKEI,173 K,[NH3+]CC(CC(O)=O)c1ccc(Cl)cc1.Clc1ccc(OCC(=O)[O-])c(Cl)c1,P-1,False,173.0,mediumT,[NH3+]CC(CC(O)=O)c1ccc(Cl)cc1,Clc1ccc(OCC(=O)[O-])c(Cl)c1
AZOTOZ,AZOTOZ,at 200 K,Fc1ccc(cc1)C(N1CC[NH2+]CC1)c1ccc(F)cc1.O=N(=O)c1cc(c([O-])c(c1)N(=O)=O)N(=O)=O,P21/c,False,200.0,mediumT,Fc1ccc(cc1)C(N1CC[NH2+]CC1)c1ccc(F)cc1,O=N(=O)c1cc(c([O-])c(c1)N(=O)=O)N(=O)=O
LUNZEZ,LUNZEZ,at 180 K,CCCCCCC(O)=O.c1cnccn1,P-1,False,180.0,mediumT,CCCCCCC(O)=O,c1cnccn1
XUKJOD,XUKJOD,at 150 K,O=N(=O)c1cc(c([O-])c(c1)N(=O)=O)N(=O)=O.[NH3+]C(CCl)c1c(C)cc(C)cc1C,P1,False,150.0,mediumT,O=N(=O)c1cc(c([O-])c(c1)N(=O)=O)N(=O)=O,[NH3+]C(CCl)c1c(C)cc(C)cc1C
XIPLUF,XIPLUF,at 130 K,C[Si](C)(C)CCCc1[nH+]cccc1.O=N(=O)c1cc(c([O-])c(c1)N(=O)=O)N(=O)=O,P-1,False,130.0,mediumT,C[Si](C)(C)CCCc1[nH+]cccc1,O=N(=O)c1cc(c([O-])c(c1)N(=O)=O)N(=O)=O
EWARIE,EWARIE,at 150 K,c1ccc2nc3ccccc3nc2c1.Cc1cc(O)cc(O)c1,P-1,False,150.0,mediumT,c1ccc2nc3ccccc3nc2c1,Cc1cc(O)cc(O)c1
UZUZIA,UZUZIA,173 K,Cc1c(Cl)cccc1Nc1ccccc1C(O)=O.Cc1ccccn1,P21/n,False,173.0,mediumT,Cc1c(Cl)cccc1Nc1ccccc1C(O)=O,Cc1ccccn1
YACXUZ01,YACXUZ01,173 K,OC(=O)C(O)=O.N#Cc1ccccn1,P21/c,False,173.0,mediumT,OC(=O)C(O)=O,N#Cc1ccccn1
QESBOG,QESBOG,at 170 K,COC(=O)NC1=[NH+]c2ccccc2N1.O=S(=O)([O-])c1ccc2ccccc2c1,P212121,False,170.0,mediumT,COC(=O)NC1=[NH+]c2ccccc2N1,O=S(=O)([O-])c1ccc2ccccc2c1
FEFJOR,FEFJOR,at 213 K,OC(=O)c1nc(c2ccccn2)c(nc1c1ccccn1)C(O)=O.CS(C)=O,P21/n,False,213.0,mediumT,OC(=O)c1nc(c2ccccn2)c(nc1c1ccccn1)C(O)=O,CS(C)=O
JAWVUZ,JAWVUZ,at 153 K,OC(C(O)C(=O)[O-])C(O)=O.NC(=O)c1cc[nH+]cc1,P212121,False,153.0,mediumT,OC(C(O)C(=O)[O-])C(O)=O,NC(=O)c1cc[nH+]cc1
CESKAN,CESKAN,at 180 K,CN1C=NC2=C1C(=O)N(C)C(=O)N2C.OC(=O)CCCCC(O)=O,P-1,False,180.0,mediumT,CN1C=NC2=C1C(=O)N(C)C(=O)N2C,OC(=O)CCCCC(O)=O
NUQHOY,NUQHOY,150 K,Cc1c(O)cccc1O.c1ccc2nc3ccccc3nc2c1,P21/n,False,150.0,mediumT,Cc1c(O)cccc1O,c1ccc2nc3ccccc3nc2c1
LATKOI,LATKOI,at 173 K,CC(C)=NNC(=O)c1ccncc1.OC(=O)c1ccc(O)cc1,P21/n,False,173.0,mediumT,CC(C)=NNC(=O)c1ccncc1,OC(=O)c1ccc(O)cc1
KICWOK,KICWOK,180 K,CCc1nc(N)nc(N)c1c1ccc(Cl)cc1.NC(=O)N1c2ccccc2C=Cc2ccccc12,P-1,False,180.0,mediumT,CCc1nc(N)nc(N)c1c1ccc(Cl)cc1,NC(=O)N1c2ccccc2C=Cc2ccccc12
VIPDEH,VIPDEH,150 K,Clc1ccc(cc1)C=C1C[NH2+]CC1.FC(F)(F)C(=O)[O-],P21/c,False,150.0,mediumT,Clc1ccc(cc1)C=C1C[NH2+]CC1,FC(F)(F)C(=O)[O-]
KIXCIE,KIXCIE,at 130 K,Oc1cccc2ccc[nH+]c12.OC(=O)c1cc(Cl)c(Cl)cc1C(=O)[O-],P212121,False,130.0,mediumT,Oc1cccc2ccc[nH+]c12,OC(=O)c1cc(Cl)c(Cl)cc1C(=O)[O-]
ZOBRUF,ZOBRUF,at 173 K,C[Si+]1(C)(OS(=O)(=O)C(F)(F)F)n2ccccc2c2ccccn12.FC(F)(F)S(=O)(=O)[O-],Cc,False,173.0,mediumT,C[Si+]1(C)(OS(=O)(=O)C(F)(F)F)n2ccccc2c2ccccn12,FC(F)(F)S(=O)(=O)[O-]
RILQOU,RILQOU,at 200 K,Cc1[nH+]c(NS(=O)(=O)c2ccc(N)cc2)nc(C)c1.O=N(=O)c1cc(c([O-])c(c1)N(=O)=O)N(=O)=O,P21/c,False,200.0,mediumT,Cc1[nH+]c(NS(=O)(=O)c2ccc(N)cc2)nc(C)c1,O=N(=O)c1cc(c([O-])c(c1)N(=O)=O)N(=O)=O
QEZTAT,QEZTAT,193 K,CN(C)C=O.Oc1ccc2C(=O)c3cc(O)ccc3C(=O)c2c1,P21/n,False,193.0,mediumT,CN(C)C=O,Oc1ccc2C(=O)c3cc(O)ccc3C(=O)c2c1
WOLCUW,WOLCUW,at 173 K,O=N[C-](C#N)C1=Nc2ccccc2O1.ON=C(C#N)C1=[NH+]c2ccccc2O1,P21/c,False,173.0,mediumT,O=N[C-](C#N)C1=Nc2ccccc2O1,ON=C(C#N)C1=[NH+]c2ccccc2O1
UVOLAT,UVOLAT,at 200 K,OC(=O)c1cc(cc(c1)N(=O)=O)C(=O)[O-].NC(=O)C1CC[NH2+]CC1,P21/c,False,200.0,mediumT,OC(=O)c1cc(cc(c1)N(=O)=O)C(=O)[O-],NC(=O)C1CC[NH2+]CC1
LATKUN,LATKUN,at 203 K,C(N1C=CN=C1)c1ccc(CN2C=CN=C2)cc1.OC(=O)CC=CCC(O)=O,P21/n,False,203.0,mediumT,C(N1C=CN=C1)c1ccc(CN2C=CN=C2)cc1,OC(=O)CC=CCC(O)=O
IVEMOO,IVEMOO,173 K,c1cc(ccn1)c1ccncc1.COc1cc(C=CC(O)=O)ccc1O,P21/c,False,173.0,mediumT,c1cc(ccn1)c1ccncc1,COc1cc(C=CC(O)=O)ccc1O
DOHSOJ,DOHSOJ,at 133 K,Brc1ccc(cc1)S(=O)(=O)[N-]S(=O)(=O)c1ccc(Br)cc1.[NH3+]c1ccc(Br)cc1,P21/n,False,133.0,mediumT,Brc1ccc(cc1)S(=O)(=O)[N-]S(=O)(=O)c1ccc(Br)cc1,[NH3+]c1ccc(Br)cc1
ZATJUD,ZATJUD,173 K,[NH3+]C(CCSC)C(O)=O.OC(=O)C(=O)[O-],P-1,False,173.0,mediumT,[NH3+]C(CCSC)C(O)=O,OC(=O)C(=O)[O-]
EPUDOK01,EPUDOK01,173 K,CCC1(C(=O)NC(=O)NC1=O)c1ccccc1.C1COCCO1,P21/c,False,173.0,mediumT,CCC1(C(=O)NC(=O)NC1=O)c1ccccc1,C1COCCO1
BEVZOV,BEVZOV,190 K,Nc1nc(N)nc(N)n1.OC(=O)CCCC(O)=O,P21,False,190.0,mediumT,Nc1nc(N)nc(N)n1,OC(=O)CCCC(O)=O
DEYQEH,DEYQEH,173 K,OC(=O)CCC(O)=O.CC(CC(C)(C)O)=NNC(=O)c1ccncc1,P21/c,False,173.0,mediumT,OC(=O)CCC(O)=O,CC(CC(C)(C)O)=NNC(=O)c1ccncc1
TACZII,TACZII,at 150 K,O=C1SC2=C(S1)SC(=C(S2)c1ccncc1)c1ccncc1.c1cc(ccn1)C#Cc1ccncc1,C2/c,False,150.0,mediumT,O=C1SC2=C(S1)SC(=C(S2)c1ccncc1)c1ccncc1,c1cc(ccn1)C#Cc1ccncc1
NADKAH,NADKAH,173.2 K,C1CN2CCN1CC2.NC1=C(SC(=CC(=O)c2ccc(F)cc2)N1c1ccccc1)C#N,P-1,False,173.0,mediumT,C1CN2CCN1CC2,NC1=C(SC(=CC(=O)c2ccc(F)cc2)N1c1ccccc1)C#N
XIRKUG,XIRKUG,at 180 K,CN1C=NC2=C1C(=O)N(C)C(=O)N2C.Nc1ccccc1C(O)=O,P21/c,False,180.0,mediumT,CN1C=NC2=C1C(=O)N(C)C(=O)N2C,Nc1ccccc1C(O)=O
WADMAS,WADMAS,213.1 K,CCCCCCC(=O)[O-].[NH3+]Cc1ccc(Cl)cc1,P-1,False,213.0,mediumT,CCCCCCC(=O)[O-],[NH3+]Cc1ccc(Cl)cc1
XOWWEO,XOWWEO,190 K,Clc1cccc(C(=O)[O-])c1N(=O)=O.Oc1cccc2ccc[nH+]c12,P21/n,False,190.0,mediumT,Clc1cccc(C(=O)[O-])c1N(=O)=O,Oc1cccc2ccc[nH+]c12
JARHIW,JARHIW,200 K,OC1C[NH+]2CCC1CC2.OC1=C([O-])C(=O)C1=O,P-1,False,200.0,mediumT,OC1C[NH+]2CCC1CC2,OC1=C([O-])C(=O)C1=O
PAGCAE,PAGCAE,150 K,NC(=O)c1ccncc1.CCCCOC(=O)c1ccc(O)cc1,P-1,False,150.0,mediumT,NC(=O)c1ccncc1,CCCCOC(=O)c1ccc(O)cc1
YAHJIC,YAHJIC,at 223 K,c1cc(ccn1)C=Cc1ccncc1.OC(=O)c1cccc(c1)C(O)=O,P-1,False,223.0,mediumT,c1cc(ccn1)C=Cc1ccncc1,OC(=O)c1cccc(c1)C(O)=O
QAXZOH,QAXZOH,173 K,c1cc(ccn1)c1ccncc1.Oc1ccc(C=NNC(=S)Nc2ccccc2)c(O)c1,P21/c,False,173.0,mediumT,c1cc(ccn1)c1ccncc1,Oc1ccc(C=NNC(=S)Nc2ccccc2)c(O)c1
WUWQAJ,WUWQAJ,150 K,Nc1ccc(cc1)C(O)=O.C1COCCO1,P21/c,False,150.0,mediumT,Nc1ccc(cc1)C(O)=O,C1COCCO1
MAYXAP,MAYXAP,193.7 K,Cc1ccc(cc1)S(=O)(=O)[O-].O=C(C[NH+]1CCOCC1)c1ccccc1,Pna21,False,193.0,mediumT,Cc1ccc(cc1)S(=O)(=O)[O-],O=C(C[NH+]1CCOCC1)c1ccccc1
EMEVID,EMEVID,150 K,FC(F)(F)S(=O)(=O)[O-].O=C1C(=O)c2ccccc2C2=C1S[S+]=N2,Pbca,False,150.0,mediumT,FC(F)(F)S(=O)(=O)[O-],O=C1C(=O)c2ccccc2C2=C1S[S+]=N2
EBAWAG,EBAWAG,at 173 K,OC1=C(Cl)C(=O)C(=C(Cl)C1=O)O.c1cnc(nc1)c1ncccn1,C2/c,False,173.0,mediumT,OC1=C(Cl)C(=O)C(=C(Cl)C1=O)O,c1cnc(nc1)c1ncccn1
LIDPOG,LIDPOG,150 K,Cc1ccc(cc1)C(N)=O.OC(=O)c1ccc(O)cc1,P-1,False,150.0,mediumT,Cc1ccc(cc1)C(N)=O,OC(=O)c1ccc(O)cc1
LOSCOL,LOSCOL,at 173 K,CS(=O)(=O)[N-]S(C)(=O)=O.NC1=CC(=[NH+]C(=S)N1)N,P21/n,False,173.0,mediumT,CS(=O)(=O)[N-]S(C)(=O)=O,NC1=CC(=[NH+]C(=S)N1)N
UWANAJ,UWANAJ,173 K,OC(=O)c1cc(ccc1O)S(=O)(=O)[O-].NC1=[NH+]C(=O)NC=C1,P-1,False,173.0,mediumT,OC(=O)c1cc(ccc1O)S(=O)(=O)[O-],NC1=[NH+]C(=O)NC=C1
KOTMAJ,KOTMAJ,at 200 K,[NH3+]C(C(O)c1ccccc1)c1ccccc1.OC(C(=O)[O-])c1ccccc1,P212121,False,200.0,mediumT,[NH3+]C(C(O)c1ccccc1)c1ccccc1,OC(C(=O)[O-])c1ccccc1
LUJSOZ,LUJSOZ,at 180 K,CC(=O)Nc1ccc(O)cc1.c1ccc2nc3ccccc3nc2c1,P-1,False,180.0,mediumT,CC(=O)Nc1ccc(O)cc1,c1ccc2nc3ccccc3nc2c1
OSEGIF,OSEGIF,160 K,OC(C(O)C(=O)[O-])C(O)=O.NC(=O)c1ccc[n+](c1)C1OC(CO)C(O)C1O,P212121,False,160.0,mediumT,OC(C(O)C(=O)[O-])C(O)=O,NC(=O)c1ccc[n+](c1)C1OC(CO)C(O)C1O
MAKXED,MAKXED,at 173 K,[NH3+]C(C)(C)CO.CC(C)(CO)NC(=O)[O-],P21/n,False,173.0,mediumT,[NH3+]C(C)(C)CO,CC(C)(CO)NC(=O)[O-]
ROPHIP,ROPHIP,at 150 K,c1cc(ccn1)C=Cc1ccncc1.Oc1cc(O)cc(O)c1,P-1,False,150.0,mediumT,c1cc(ccn1)C=Cc1ccncc1,Oc1cc(O)cc(O)c1
FAVRID,FAVRID,at 150 K,FC(F)(F)C(=O)[O-].BrC1=CC2(CCNC3=C2C2=[NH+]CCC4=CNC(=C24)C3=O)C=C(Br)C1=O,P-1,False,150.0,mediumT,FC(F)(F)C(=O)[O-],BrC1=CC2(CCNC3=C2C2=[NH+]CCC4=CNC(=C24)C3=O)C=C(Br)C1=O
BEDTAF,BEDTAF,at 173 K,FC(F)(F)S(=O)(=O)[O-].ClC[N+]12CCC(CC1)CC2,P21/m,False,173.0,mediumT,FC(F)(F)S(=O)(=O)[O-],ClC[N+]12CCC(CC1)CC2
PURHIV,PURHIV,173 K,CN(C)C(C)=O.Cc1nc(N)nc(N)n1,Fdd2,False,173.0,mediumT,CN(C)C(C)=O,Cc1nc(N)nc(N)n1
ITOXUL,ITOXUL,at 173 K,OC(=O)C=Cc1ccccc1.c1cc2cccc(c3ccncc3)c2c(c1)c1ccncc1,P-1,False,173.0,mediumT,OC(=O)C=Cc1ccccc1,c1cc2cccc(c3ccncc3)c2c(c1)c1ccncc1
BEKTAP,BEKTAP,125 K,FC(F)(F)C(=O)[O-].[NH3+]CC1=C(F)C(=NO1)OC(C)C,P21/c,False,125.0,mediumT,FC(F)(F)C(=O)[O-],[NH3+]CC1=C(F)C(=NO1)OC(C)C
OCEBUV,OCEBUV,at 173 K,NC(=O)c1ccncc1.OC(=O)c1ccc2ccccc2c1,P21/c,False,173.0,mediumT,NC(=O)c1ccncc1,OC(=O)c1ccc2ccccc2c1
WUQDUJ,WUQDUJ,150 K,COc1ccc2c(C)cc(C)nc2c1.Cc1ccc(cc1)S(O)(=O)=O,P21/c,False,150.0,mediumT,COc1ccc2c(C)cc(C)nc2c1,Cc1ccc(cc1)S(O)(=O)=O
FADHUP,FADHUP,at 173 K,OC(=O)c1cccc(O)c1.CC(C)=NNC(=O)c1ccncc1,P21/c,False,173.0,mediumT,OC(=O)c1cccc(O)c1,CC(C)=NNC(=O)c1ccncc1
UXOBEP,UXOBEP,at 150 K,Nc1ncncn1.CCCCCCCCC(O)=O,P-1,False,150.0,mediumT,Nc1ncncn1,CCCCCCCCC(O)=O
DEBJAW,DEBJAW,at 223 K,c1cc(ccn1)c1ccncc1.Oc1ccc(cc1)C(c1ccccc1O)c1ccccc1O,P21/c,False,223.0,mediumT,c1cc(ccn1)c1ccncc1,Oc1ccc(cc1)C(c1ccccc1O)c1ccccc1O
EVACAG,EVACAG,at 200 K,O=P(c1ccccc1)(c1ccccc1)c1ccccc1.COC(=O)NNC(=O)OC,C2/c,False,200.0,mediumT,O=P(c1ccccc1)(c1ccccc1)c1ccccc1,COC(=O)NNC(=O)OC
VESZEB,VESZEB,173 K,C1N2CN3CN1CN(C2)C3.COc1cc(ccc1O)C(O)=O,Pbca,False,173.0,mediumT,C1N2CN3CN1CN(C2)C3,COc1cc(ccc1O)C(O)=O
OQIWOD,OQIWOD,190 K,c1cc(ccn1)C=Cc1ccncc1.Oc1ccc(cc1)C1=COc2cc(O)cc(O)c2C1=O,P21/c,False,190.0,mediumT,c1cc(ccn1)C=Cc1ccncc1,Oc1ccc(cc1)C1=COc2cc(O)cc(O)c2C1=O
HOWZIF,HOWZIF,190 K,OC(=O)c1ccc(cc1)C(O)=O.C(Cc1ccncc1)c1ccncc1,P-1,False,190.0,mediumT,OC(=O)c1ccc(cc1)C(O)=O,C(Cc1ccncc1)c1ccncc1
YIFYUJ,YIFYUJ,at 173 K,COc1cccc(c1)C1(O)c2ccccc2Oc2ccccc12.C1COCCN1,P-1,False,173.0,mediumT,COc1cccc(c1)C1(O)c2ccccc2Oc2ccccc12,C1COCCN1
YAJGAU,YAJGAU,150 K,O=S1(=O)[N-]C(=S)c2ccccc12.[NH3+]c1ccccc1C(N)=O,P-1,False,150.0,mediumT,O=S1(=O)[N-]C(=S)c2ccccc12,[NH3+]c1ccccc1C(N)=O
RANDAP,RANDAP,150 K,CS(=O)(=O)O[n+]1ccccc1.CS(=O)(=O)[O-],P21/c,False,150.0,mediumT,CS(=O)(=O)O[n+]1ccccc1,CS(=O)(=O)[O-]
YISDIN,YISDIN,at 150 K,CC1=CC(C=C(C)C1=O)=C(C#N)C#N.S1C=CSC1=C1SC=CS1,P21/c,False,150.0,mediumT,CC1=CC(C=C(C)C1=O)=C(C#N)C#N,S1C=CSC1=C1SC=CS1
PEVCAX,PEVCAX,200 K,NS(=O)(=O)[O-].[NH3+]C(CCC[NH+]=C(N)N)C(=O)[O-],P1,False,200.0,mediumT,NS(=O)(=O)[O-],[NH3+]C(CCC[NH+]=C(N)N)C(=O)[O-]
ATALEP,ATALEP,133 K,Cc1nc(C)c(C)nc1C.OC(=O)c1cc(O)cc(O)c1,I2/a,False,133.0,mediumT,Cc1nc(C)c(C)nc1C,OC(=O)c1cc(O)cc(O)c1
EWUTEX,EWUTEX,173 K,O=C1C(=C(C#N)C(=O)C(=C1C#N)C#N)C#N.c1ccc2ccccc2c1,P-1,False,173.0,mediumT,O=C1C(=C(C#N)C(=O)C(=C1C#N)C#N)C#N,c1ccc2ccccc2c1
UPELUX,UPELUX,at 153 K,FC(F)(F)S(=O)(=O)[O-].CC(C)N1C(=C(C)[N+](=C1P(C#N)C#N)C(C)C)C,P21/c,False,153.0,mediumT,FC(F)(F)S(=O)(=O)[O-],CC(C)N1C(=C(C)[N+](=C1P(C#N)C#N)C(C)C)C
BENSUK,BENSUK,at 223 K,FC(F)(F)S(=O)(=O)[O-].CN1C=C[N+](=C1C(=O)c1ccccc1)C,P-1,False,223.0,mediumT,FC(F)(F)S(=O)(=O)[O-],CN1C=C[N+](=C1C(=O)c1ccccc1)C
YENVIA,YENVIA,150 K,O=C([O-])c1ccc2ccccc2n1.[NH3+]CCCO,P-1,False,150.0,mediumT,O=C([O-])c1ccc2ccccc2n1,[NH3+]CCCO
HOXBOO,HOXBOO,190 K,c1cc(ccn1)C=Cc1ccncc1.OC(=O)c1ccc(cc1)C(O)=O,P-1,False,190.0,mediumT,c1cc(ccn1)C=Cc1ccncc1,OC(=O)c1ccc(cc1)C(O)=O
AGOTAT,AGOTAT,at 200 K,[NH3+]c1ccc(OC)cc1.OC(=O)c1cc(Cl)c(Cl)cc1C(=O)[O-],C2221,False,200.0,mediumT,[NH3+]c1ccc(OC)cc1,OC(=O)c1cc(Cl)c(Cl)cc1C(=O)[O-]
ZOHWEA,ZOHWEA,at 150 K,Oc1ccc(Cl)c(Cl)c1Cl.Nc1cc(Cl)cc(Cl)c1,P-1,False,150.0,mediumT,Oc1ccc(Cl)c(Cl)c1Cl,Nc1cc(Cl)cc(Cl)c1
ZOHTEX,ZOHTEX,at 150 K,Nc1ccc(Cl)cc1.Oc1cc(Cl)c(Cl)c(Cl)c1,P-1,False,150.0,mediumT,Nc1ccc(Cl)cc1,Oc1cc(Cl)c(Cl)c(Cl)c1
MEWTAL,MEWTAL,at 150 K,OC(CN1C=NC=N1)(CN1C=NC=N1)c1ccc(F)cc1F.OC(=O)CC(O)=O,Pbcn,False,150.0,mediumT,OC(CN1C=NC=N1)(CN1C=NC=N1)c1ccc(F)cc1F,OC(=O)CC(O)=O
XUVBEX,XUVBEX,130 K,OC(=O)C1CC[NH2+]CC1.OC1=C([O-])C(=O)C1=O,Pbcn,False,130.0,mediumT,OC(=O)C1CC[NH2+]CC1,OC1=C([O-])C(=O)C1=O
WIHJAA,WIHJAA,at 200 K,OC(=O)c1cc(cc(c1[O-])N(=O)=O)N(=O)=O.Cc1[nH+]c(NS(=O)(=O)c2ccc(N)cc2)nc(C)c1,P21/c,False,200.0,mediumT,OC(=O)c1cc(cc(c1[O-])N(=O)=O)N(=O)=O,Cc1[nH+]c(NS(=O)(=O)c2ccc(N)cc2)nc(C)c1
KUWNAT,KUWNAT,150 K,NC(=O)NN=C1C(=O)c2ccccc2c2ccccc12.c1ccccc1,P21/c,False,150.0,mediumT,NC(=O)NN=C1C(=O)c2ccccc2c2ccccc12,c1ccccc1
YAJGEY,YAJGEY,150.0 K,O=S1(=O)NC(=S)c2ccccc12.NC(=O)N1c2ccccc2C=Cc2ccccc12,P-1,False,150.0,mediumT,O=S1(=O)NC(=S)c2ccccc12,NC(=O)N1c2ccccc2C=Cc2ccccc12
DEBXAL,DEBXAL,at 223 K,FC(F)(F)S(=O)(=O)[O-].CN1C=C[N+](=C1C(=O)C=Cc1ccccc1)C,Pca21,False,223.0,mediumT,FC(F)(F)S(=O)(=O)[O-],CN1C=C[N+](=C1C(=O)C=Cc1ccccc1)C
KUVYUX,KUVYUX,213.6 K,NC(=O)NN=C1C(=O)c2ccccc2c2ccccc12.C1COCCO1,P21/c,False,213.0,mediumT,NC(=O)NN=C1C(=O)c2ccccc2c2ccccc12,C1COCCO1
DEBHUO,DEBHUO,at 223 K,Oc1ccc(cc1)C(c1ccccc1O)c1ccccc1O.c1cnccn1,P-1,False,223.0,mediumT,Oc1ccc(cc1)C(c1ccccc1O)c1ccccc1O,c1cnccn1
TATWUI,TATWUI,at 150 K,CC(=O)[O-].COC(N)=NC(N)=[NH2+],Pbcn,False,150.0,mediumT,CC(=O)[O-],COC(N)=NC(N)=[NH2+]
ITIRIP,ITIRIP,150 K,O=N(=O)C1=NN=C([N-]1)N1N=C(N=[N+]=[N-])N=[N+]1C1=NN=C([N-]1)N(=O)=O.C[N+]1=NOC(=C1)N,P21/n,False,150.0,mediumT,O=N(=O)C1=NN=C([N-]1)N1N=C(N=[N+]=[N-])N=[N+]1C1=NN=C([N-]1)N(=O)=O,C[N+]1=NOC(=C1)N
TUJKIV01,TUJKIV01,213.0 K,[NH3+]c1cc(ccc1OC)N(=O)=O.FC(F)(F)S(=O)(=O)[O-],P21/c,False,213.0,mediumT,[NH3+]c1cc(ccc1OC)N(=O)=O,FC(F)(F)S(=O)(=O)[O-]
NICVEB,NICVEB,at 130 K,FC(F)(F)S(=O)(=O)[O-].C[n+]1ccc(C[Si](C)(C)C(C)(C)C)cc1,Pbca,False,130.0,mediumT,FC(F)(F)S(=O)(=O)[O-],C[n+]1ccc(C[Si](C)(C)C(C)(C)C)cc1
DEWYOU,DEWYOU,at 150 K,CCN1C=[NH+]C2=C1N=C(N)NC2=O.O=C[O-],P-1,False,150.0,mediumT,CCN1C=[NH+]C2=C1N=C(N)NC2=O,O=C[O-]
YOLQOF,YOLQOF,at 183 K,C1N2CN3CN1CN(C2)C3.COc1cc(C=O)ccc1O,Pca21,False,183.0,mediumT,C1N2CN3CN1CN(C2)C3,COc1cc(C=O)ccc1O
QUCKAB,QUCKAB,at 180 K,N#Cc1cccnc1.OC1=C(Cl)C(=O)C(=C(Cl)C1=O)O,P-1,False,180.0,mediumT,N#Cc1cccnc1,OC1=C(Cl)C(=O)C(=C(Cl)C1=O)O
KAPSON,KAPSON,170 K,CN(C)C(C)=O.NC1=NC(=NO1)N=NC1=NOC(=N1)N,P-1,False,170.0,mediumT,CN(C)C(C)=O,NC1=NC(=NO1)N=NC1=NOC(=N1)N
EWUTOH,EWUTOH,173 K,COc1ccc(OC)cc1.O=C1C(=C(C#N)C(=O)C(=C1C#N)C#N)C#N,P-1,False,173.0,mediumT,COc1ccc(OC)cc1,O=C1C(=C(C#N)C(=O)C(=C1C#N)C#N)C#N
RAPHEV01,RAPHEV01,at 160 K,OC(=O)c1cc(cc(c1)C(O)=O)C(O)=O.c1ccncc1,C2/c,False,160.0,mediumT,OC(=O)c1cc(cc(c1)C(O)=O)C(O)=O,c1ccncc1
COPHAR,COPHAR,at 173 K,C[P+](c1ccccc1)(c1ccccc1)c1ccccc1.CC1(C)OC(=O)C(=C([O-])O1)C#N,P21/c,False,173.0,mediumT,C[P+](c1ccccc1)(c1ccccc1)c1ccccc1,CC1(C)OC(=O)C(=C([O-])O1)C#N
EWAQAV,EWAQAV,at 150 K,NC(=O)c1cccnc1.Cc1cc(O)cc(O)c1,P-1,False,150.0,mediumT,NC(=O)c1cccnc1,Cc1cc(O)cc(O)c1
VULYOR,VULYOR,at 150 K,Cc1ccc(cc1)S(=O)(=O)[O-].CC1CC[N+]2=C(C1)Oc1ccccc21,P1,False,150.0,mediumT,Cc1ccc(cc1)S(=O)(=O)[O-],CC1CC[N+]2=C(C1)Oc1ccccc21
ZIXZAK,ZIXZAK,173 K,C[NH+](CC(C)(C)O)C(C)(C)CO.O=C[O-],P21,False,173.0,mediumT,C[NH+](CC(C)(C)O)C(C)(C)CO,O=C[O-]
TICYIP,TICYIP,at 173 K,c1ccc(cc1)c1ccncc1.Nc1ccccc1C(O)=O,P21/n,False,173.0,mediumT,c1ccc(cc1)c1ccncc1,Nc1ccccc1C(O)=O
GUDTUW,GUDTUW,at 130 K,OC(=O)CCCC(O)=O.c1cnccn1,P21/n,False,130.0,mediumT,OC(=O)CCCC(O)=O,c1cnccn1
EDOROE,EDOROE,at 173 K,NCc1ccccc1.Oc1ccc2cc(O)ccc2c1,P21/a,False,173.0,mediumT,NCc1ccccc1,Oc1ccc2cc(O)ccc2c1
EZIBIA,EZIBIA,150 K,N#Cc1ccncc1.CC1(C)N(Br)C(=O)N(Br)C1=O,C2/m,False,150.0,mediumT,N#Cc1ccncc1,CC1(C)N(Br)C(=O)N(Br)C1=O
PIRXUL,PIRXUL,at 150 K,NS(=O)(=O)c1cc2c(NCNS2(=O)=O)cc1Cl.NC(=O)c1cccnc1,P212121,False,150.0,mediumT,NS(=O)(=O)c1cc2c(NCNS2(=O)=O)cc1Cl,NC(=O)c1cccnc1
EYENAZ,EYENAZ,173 K,Nc1[nH+]c(nc(N)n1)c1cc(Cl)ccc1Cl.OC(=O)C=CC(=O)[O-],P-1,False,173.0,mediumT,Nc1[nH+]c(nc(N)n1)c1cc(Cl)ccc1Cl,OC(=O)C=CC(=O)[O-]
IDAQAG,IDAQAG,at 180 K,CCCCCCCCCCCC(O)=O.c1cnccn1,P-1,False,180.0,mediumT,CCCCCCCCCCCC(O)=O,c1cnccn1
BOVVIT,BOVVIT,at 150 K,c1cc(ccn1)C=Cc1ccncc1.OC(=O)c1ccc(F)cc1,P-1,False,150.0,mediumT,c1cc(ccn1)C=Cc1ccncc1,OC(=O)c1ccc(F)cc1
AKUZUD,AKUZUD,200 K,Oc1ccc2ccccc2c1c1c(O)ccc2ccccc12.c1ccc2ncccc2c1,P-1,False,200.0,mediumT,Oc1ccc2ccccc2c1c1c(O)ccc2ccccc12,c1ccc2ncccc2c1
GUZFEN,GUZFEN,at 173 K,CCN1C=CC=CB1[n+]1ccc(cc1)C(F)(F)F.FC(F)(F)S(=O)(=O)[O-],P21/c,False,173.0,mediumT,CCN1C=CC=CB1[n+]1ccc(cc1)C(F)(F)F,FC(F)(F)S(=O)(=O)[O-]
CEWZAJ,CEWZAJ,150 K,Cc1nc(C)c(C)nc1C.OCc1cc(O)cc(O)c1,P-1,False,150.0,mediumT,Cc1nc(C)c(C)nc1C,OCc1cc(O)cc(O)c1
WUWQIR,WUWQIR,150 K,C1COCCO1.Nc1c(F)c(F)c(C(O)=O)c(F)c1F,P21/c,False,150.0,mediumT,C1COCCO1,Nc1c(F)c(F)c(C(O)=O)c(F)c1F
UFEVUZ,UFEVUZ,150 K,NC(=O)c1ccc(O)cc1.OC(=O)CC(O)=O,P21/n,False,150.0,mediumT,NC(=O)c1ccc(O)cc1,OC(=O)CC(O)=O
UNEGAV,UNEGAV,at 233 K,C1CN2CCN1CC2.OC(=O)CCCCCCC(O)=O,P21/c,False,233.0,mediumT,C1CN2CCN1CC2,OC(=O)CCCCCCC(O)=O
UKOSIX,UKOSIX,at 173 K,OC(=O)CCC(O)=O.NNC(=O)c1cccnc1,P21/c,False,173.0,mediumT,OC(=O)CCC(O)=O,NNC(=O)c1cccnc1
AHULIA,AHULIA,153 K,FC(F)(F)S(=O)(=O)[O-].CN1C(=C(C)[N+](=C1[Si](C)(C)C)C)C,P-1,False,153.0,mediumT,FC(F)(F)S(=O)(=O)[O-],CN1C(=C(C)[N+](=C1[Si](C)(C)C)C)C
RUDDEC01,RUDDEC01,153 K,[NH3+]CC(CC(C)C)CC(O)=O.Oc1ccccc1C(=O)[O-],P21212,False,153.0,mediumT,[NH3+]CC(CC(C)C)CC(O)=O,Oc1ccccc1C(=O)[O-]
TEVLEP,TEVLEP,170 K,OC(=O)C(O)=O.CCOc1ccccc1C(N)=O,P21/n,False,170.0,mediumT,OC(=O)C(O)=O,CCOc1ccccc1C(N)=O
NOSROF,NOSROF,130 K,O=N(=O)c1cc(c([O-])c(c1)N(=O)=O)N(=O)=O.O=C(OC1C[NH2+]CCC1)c1ccccc1N(=O)=O,P21/c,False,130.0,mediumT,O=N(=O)c1cc(c([O-])c(c1)N(=O)=O)N(=O)=O,O=C(OC1C[NH2+]CCC1)c1ccccc1N(=O)=O
AMIHAH,AMIHAH,150 K,NC(=O)NC(N)=O.OC(=O)CCCC(O)=O,P-1,False,150.0,mediumT,NC(=O)NC(N)=O,OC(=O)CCCC(O)=O
UMUZOR,UMUZOR,at 150 K,CNC(=S)NN=C(C)C(C)=NNC(=S)NC.CS(C)=O,P-1,False,150.0,mediumT,CNC(=S)NN=C(C)C(C)=NNC(=S)NC,CS(C)=O
EWAQID,EWAQID,at 150 K,NC(=O)c1ccncc1.Cc1cc(O)cc(O)c1,C2/c,False,150.0,mediumT,NC(=O)c1ccncc1,Cc1cc(O)cc(O)c1
YIPMOA,YIPMOA,at 193 K,[NH3+]CC(CC(C)(C)C)c1ccc(F)cc1.OC(C(=O)[O-])c1ccccc1,P212121,False,193.0,mediumT,[NH3+]CC(CC(C)(C)C)c1ccc(F)cc1,OC(C(=O)[O-])c1ccccc1
MEDMUF,MEDMUF,at 180 K,CC(=O)[O-].[NH2+]1C2CCC1C=C(C2)C1=Cc2ccccc2S1,Cc,False,180.0,mediumT,CC(=O)[O-],[NH2+]1C2CCC1C=C(C2)C1=Cc2ccccc2S1
UNIZAV,UNIZAV,143 K,O=N(=O)c1cc(c(c(c1)N(=O)=O)S(=O)(=O)[O-])N(=O)=O.C[N+](C)=C(C)OCF,P21/n,False,143.0,mediumT,O=N(=O)c1cc(c(c(c1)N(=O)=O)S(=O)(=O)[O-])N(=O)=O,C[N+](C)=C(C)OCF
IPONOR,IPONOR,at 173 K,FC(F)(F)S(=O)(=O)[O-].CCN1C=CC=CB1[P+](C)(C)C,P-1,False,173.0,mediumT,FC(F)(F)S(=O)(=O)[O-],CCN1C=CC=CB1[P+](C)(C)C
CAGQUA,CAGQUA,200 K,c1cc(ccn1)c1ccncc1.Oc1ccc2c(Oc3cc(O)ccc3C32OC(=O)c2ccccc32)c1,P-1,False,200.0,mediumT,c1cc(ccn1)c1ccncc1,Oc1ccc2c(Oc3cc(O)ccc3C32OC(=O)c2ccccc32)c1
TULPIA,TULPIA,at 173 K,COc1ccc(cc1)C1(O)c2ccccc2Oc2ccccc12.c1ccc2nc3ccccc3cc2c1,P-1,False,173.0,mediumT,COc1ccc(cc1)C1(O)c2ccccc2Oc2ccccc12,c1ccc2nc3ccccc3cc2c1
WANJOM,WANJOM,at 150 K,c1cc(ccn1)c1cncnc1.CCC1(CC)C(=O)NC(=O)NC1=O,P-1,False,150.0,mediumT,c1cc(ccn1)c1cncnc1,CCC1(CC)C(=O)NC(=O)NC1=O
GISJUP,GISJUP,173 K,[NH2+]1CCN(CC1)Cc1ccc2OCOc2c1.O=N(=O)c1cc(c([O-])c(c1)N(=O)=O)N(=O)=O,P21/n,False,173.0,mediumT,[NH2+]1CCN(CC1)Cc1ccc2OCOc2c1,O=N(=O)c1cc(c([O-])c(c1)N(=O)=O)N(=O)=O
COPSOS,COPSOS,150 K,FC(F)(F)C(=O)[O-].COC(=O)C1[NH2+]CC(C1)OC(=O)c1ccc(cc1)N(=O)=O,P212121,False,150.0,mediumT,FC(F)(F)C(=O)[O-],COC(=O)C1[NH2+]CC(C1)OC(=O)c1ccc(cc1)N(=O)=O
WELDOK,WELDOK,130 K,NCC=C.CCCCCCCCCCO,P21/c,False,130.0,mediumT,NCC=C,CCCCCCCCCCO
EWARAW,EWARAW,at 150 K,Cc1cc(O)cc(O)c1.c1ccc2nccnc2c1,P21/c,False,150.0,mediumT,Cc1cc(O)cc(O)c1,c1ccc2nccnc2c1
WODDID,WODDID,at 130 K,O=C([O-])c1cccc2c1Cc1ccccc21.[NH3+]C(C(O)c1ccccc1)c1ccccc1,P21/n,False,130.0,mediumT,O=C([O-])c1cccc2c1Cc1ccccc21,[NH3+]C(C(O)c1ccccc1)c1ccccc1
KIZYOJ,KIZYOJ,at 173 K,c1cc(ccn1)c1ccncc1.COc1ccc(cc1)C(O)=O,P21/c,False,173.0,mediumT,c1cc(ccn1)c1ccncc1,COc1ccc(cc1)C(O)=O
IVEPIL,IVEPIL,173 K,N#C[B-](C#N)(C#N)C#N.[NH3+]C(C)C(=O)OCC,C2,False,173.0,mediumT,N#C[B-](C#N)(C#N)C#N,[NH3+]C(C)C(=O)OCC
PASYEN,PASYEN,at 180 K,CN1CCCN(C)C1=O.NC1=Nc2ccccc2S1,C2/c,False,180.0,mediumT,CN1CCCN(C)C1=O,NC1=Nc2ccccc2S1
KOPKEH,KOPKEH,150 K,c1cc(ccn1)c1ccncc1.OC(=O)c1ccccc1O,P-1,False,150.0,mediumT,c1cc(ccn1)c1ccncc1,OC(=O)c1ccccc1O
FOMFAQ,FOMFAQ,173 K,NC1=NON=C1C1=NN=N[N-]1.CC1=[N+]([O-])ON=C1C=NNC(N)=[NH2+],P21/c,False,173.0,mediumT,NC1=NON=C1C1=NN=N[N-]1,CC1=[N+]([O-])ON=C1C=NNC(N)=[NH2+]
BIFFIH,BIFFIH,at 173 K,c1cc(ccn1)C=Cc1ccncc1.CN(c1cccc(c1)C(O)=O)C(=O)N(C)c1cccc(c1)C(O)=O,C2/c,False,173.0,mediumT,c1cc(ccn1)C=Cc1ccncc1,CN(c1cccc(c1)C(O)=O)C(=O)N(C)c1cccc(c1)C(O)=O
TADROH,TADROH,at 150 K,CN(C)c1ccncc1.C1CCOC1,P-1,False,150.0,mediumT,CN(C)c1ccncc1,C1CCOC1
RACZED,RACZED,150 K,[NH2+]1CCOCC1.OC(=O)CCCCCCCC(=O)[O-],P-1,False,150.0,mediumT,[NH2+]1CCOCC1,OC(=O)CCCCCCCC(=O)[O-]
LUNZAV,LUNZAV,at 180 K,CCCCCC(O)=O.c1cnccn1,C2/c,False,180.0,mediumT,CCCCCC(O)=O,c1cnccn1
VAWKEK,VAWKEK,at 180 K,OC=O.CN1C=NC2=C1C(=O)N(C)C(=O)N2C,P21/c,False,180.0,mediumT,OC=O,CN1C=NC2=C1C(=O)N(C)C(=O)N2C
WADBUA,WADBUA,at 200 K,CC(=O)[O-].NC(=O)C1CC[NH2+]CC1,P-1,False,200.0,mediumT,CC(=O)[O-],NC(=O)C1CC[NH2+]CC1
EROSIO,EROSIO,at 173 K,OC1(CC[NH2+]CC1)c1ccc(Cl)cc1.O=C([O-])c1ccccc1,P-1,False,173.0,mediumT,OC1(CC[NH2+]CC1)c1ccc(Cl)cc1,O=C([O-])c1ccccc1
VIKSUF,VIKSUF,at 200 K,NC1=[NH+]N=C(S1)c1ccc(Br)cc1.O=C([O-])c1cc(cc(c1)N(=O)=O)N(=O)=O,P21/c,False,200.0,mediumT,NC1=[NH+]N=C(S1)c1ccc(Br)cc1,O=C([O-])c1cc(cc(c1)N(=O)=O)N(=O)=O
LABYIW,LABYIW,at 193 K,Cc1ccc(cc1)S(=O)(=O)[O-].COC(=O)C1C2OC(C3[NH2+]C23)C1C(=O)OC,P21/c,False,193.0,mediumT,Cc1ccc(cc1)S(=O)(=O)[O-],COC(=O)C1C2OC(C3[NH2+]C23)C1C(=O)OC
YOCSIT,YOCSIT,at 203 K,OC(=O)c1cc(cc(c1)C(O)=O)C(O)=O.C(CN1C=NN=C1)N1C=NN=C1,P-1,False,203.0,mediumT,OC(=O)c1cc(cc(c1)C(O)=O)C(O)=O,C(CN1C=NN=C1)N1C=NN=C1
KODVAB,KODVAB,at 160 K,CCCC(O)=O.NC(=O)C1c2ccccc2C=Cc2ccccc12,P21/n,False,160.0,mediumT,CCCC(O)=O,NC(=O)C1c2ccccc2C=Cc2ccccc12
FISJAT,FISJAT,at 200 K,NC(=S)NN=C1C(=O)C=C(N2CCCC2)c2ccccc12.CN(C)C=O,P21/n,False,200.0,mediumT,NC(=S)NN=C1C(=O)C=C(N2CCCC2)c2ccccc12,CN(C)C=O
IFEGEI,IFEGEI,173 K,[NH3+]C1=C(C)N(C)N(c2ccccc2)C1=O.Oc1c(ccc2ccccc12)C(=O)[O-],P21/c,False,173.0,mediumT,[NH3+]C1=C(C)N(C)N(c2ccccc2)C1=O,Oc1c(ccc2ccccc12)C(=O)[O-]
BOVXOB01,BOVXOB01,at 150 K,c1cc(ccn1)C=Cc1ccncc1.OC(=O)c1cc(F)c(F)cc1F,P-1,False,150.0,mediumT,c1cc(ccn1)C=Cc1ccncc1,OC(=O)c1cc(F)c(F)cc1F
MOGVOV,MOGVOV,at 173 K,Cc1cccnc1.OC(=O)CCCCC(O)=O,P21/n,False,173.0,mediumT,Cc1cccnc1,OC(=O)CCCCC(O)=O
WADTOM,WADTOM,at 185 K,OC(=O)c1ccc(Cl)cc1.c1ccc2ncccc2c1,Pca21,False,185.0,mediumT,OC(=O)c1ccc(Cl)cc1,c1ccc2ncccc2c1
LUNNUD,LUNNUD,at 173 K,NC(=O)c1ccncc1.OC(=O)CCC(O)=O,P-1,False,173.0,mediumT,NC(=O)c1ccncc1,OC(=O)CCC(O)=O
OFEPIY,OFEPIY,at 173 K,Cc1cccc(C)c1N.Oc1ccc(cc1)C1(CCCCC1)c1ccc(O)cc1,P21/n,False,173.0,mediumT,Cc1cccc(C)c1N,Oc1ccc(cc1)C1(CCCCC1)c1ccc(O)cc1
EWANIA,EWANIA,at 150 K,Nc1ncccn1.Cc1cc(O)cc(O)c1,P-1,False,150.0,mediumT,Nc1ncccn1,Cc1cc(O)cc(O)c1
VADLIX,VADLIX,at 193 K,CCCCN1[P+]N(C)c2ccccc12.FC(F)(F)S(=O)(=O)[O-],P-1,False,193.0,mediumT,CCCCN1[P+]N(C)c2ccccc12,FC(F)(F)S(=O)(=O)[O-]
HOTMEL,HOTMEL,173 K,CN1C=C[N+](=C1Br)C.COS(=O)(=O)[O-],P21/c,False,173.0,mediumT,CN1C=C[N+](=C1Br)C,COS(=O)(=O)[O-]
LILDOC,LILDOC,153 K,OC(=O)C(=O)[O-].CC1=CC(=O)NC(=[NH+]1)N,P-1,False,153.0,mediumT,OC(=O)C(=O)[O-],CC1=CC(=O)NC(=[NH+]1)N
MOZCOU,MOZCOU,at 173 K,OC(=O)c1cccc(O)c1.CN1C=NC2=C1C(=O)N(C)C(=O)N2C,P21/c,False,173.0,mediumT,OC(=O)c1cccc(O)c1,CN1C=NC2=C1C(=O)N(C)C(=O)N2C
DEYQOR,DEYQOR,133 K,OC(=O)c1cc(O)ccc1O.CC(CC(C)(C)O)=NNC(=O)c1ccncc1,P21/n,False,133.0,mediumT,OC(=O)c1cc(O)ccc1O,CC(CC(C)(C)O)=NNC(=O)c1ccncc1
UPIQIW,UPIQIW,180 K,[NH3+]CC(O)=O.OP(=O)([O-])c1c(F)c(F)c(F)c(F)c1F,P21,False,180.0,mediumT,[NH3+]CC(O)=O,OP(=O)([O-])c1c(F)c(F)c(F)c(F)c1F
MOCBAI,MOCBAI,at 173 K,FC(F)(F)S(=O)(=O)[O-].COC(=O)C([N+]1=CN(C)C=C1)=C(C(=O)OC)C(=O)OC,P-1,False,173.0,mediumT,FC(F)(F)S(=O)(=O)[O-],COC(=O)C([N+]1=CN(C)C=C1)=C(C(=O)OC)C(=O)OC
ESAQOE,ESAQOE,at 143 K,CS(=O)(=O)[N-]S(C)(=O)=O.NC1=[NH+]C(=CC(=O)N1)N,P21/c,False,143.0,mediumT,CS(=O)(=O)[N-]S(C)(=O)=O,NC1=[NH+]C(=CC(=O)N1)N
YEPQAP,YEPQAP,150 K,FC(F)(F)S(=O)(=O)[O-].COC1(C=C([NH+]=C2C=CC=CN12)c1ccccc1)C(F)(F)F,P-1,False,150.0,mediumT,FC(F)(F)S(=O)(=O)[O-],COC1(C=C([NH+]=C2C=CC=CN12)c1ccccc1)C(F)(F)F
MOHNUT,MOHNUT,at 223 K,Cc1cc(C)c(N2C=[N+]3C(=CSC3=C2)C)c(C)c1.FC(F)(F)S(=O)(=O)[O-],P21/c,False,223.0,mediumT,Cc1cc(C)c(N2C=[N+]3C(=CSC3=C2)C)c(C)c1,FC(F)(F)S(=O)(=O)[O-]
NUKYAU,NUKYAU,at 180 K,NC(=O)c1cccnc1.OC(=O)C=CC(O)=O,P21/c,False,180.0,mediumT,NC(=O)c1cccnc1,OC(=O)C=CC(O)=O
TUQVIN,TUQVIN,173 K,Clc1cc(ccc1C(=O)[O-])N(=O)=O.OC(=O)C1[NH2+]CCCC1,P21/c,False,173.0,mediumT,Clc1cc(ccc1C(=O)[O-])N(=O)=O,OC(=O)C1[NH2+]CCCC1
ZEFCEU,ZEFCEU,at 173 K,c1cc(ccn1)c1ccncc1.OC(=O)CCN1C(=O)N(CCC(O)=O)C(=O)N(CCC(O)=O)C1=O,P-1,False,173.0,mediumT,c1cc(ccn1)c1ccncc1,OC(=O)CCN1C(=O)N(CCC(O)=O)C(=O)N(CCC(O)=O)C1=O
DUBWEF,DUBWEF,173 K,OC(=O)Cc1ccccc1Nc1c(Cl)cccc1Cl.CCOC(=O)Cc1ccccc1Nc1c(Cl)cccc1Cl,P-1,False,173.0,mediumT,OC(=O)Cc1ccccc1Nc1c(Cl)cccc1Cl,CCOC(=O)Cc1ccccc1Nc1c(Cl)cccc1Cl
TUQYUC,TUQYUC,150 K,C1CSCCO1.N#CC1(C#N)C2(CCOCC2)C1(C#N)C#N,Pnma,False,150.0,mediumT,C1CSCCO1,N#CC1(C#N)C2(CCOCC2)C1(C#N)C#N
VIBNUQ,VIBNUQ,at 173 K,FC(F)(F)S(=O)(=O)[N-]S(=O)(=O)C(F)(F)F.CON1C=C[N+](=C1Br)OC,P-1,False,173.0,mediumT,FC(F)(F)S(=O)(=O)[N-]S(=O)(=O)C(F)(F)F,CON1C=C[N+](=C1Br)OC
ULAWEJ,ULAWEJ,at 153 K,NC(=O)c1ccncc1.OC(=O)CC(O)=O,P-1,False,153.0,mediumT,NC(=O)c1ccncc1,OC(=O)CC(O)=O
NUKWEW,NUKWEW,at 180 K,Nc1ncccn1.OC(=O)c1ccccc1,P21/c,False,180.0,mediumT,Nc1ncccn1,OC(=O)c1ccccc1
UBUHOQ,UBUHOQ,at 150 K,Cc1c(O)cccc1O.c1cc(ccn1)c1ccncc1,P-1,False,150.0,mediumT,Cc1c(O)cccc1O,c1cc(ccn1)c1ccncc1
BOQBEO,BOQBEO,at 150 K,C1N2CN3CN1CN(C2)C3.Oc1ccccc1c1ccccc1O,P21,False,150.0,mediumT,C1N2CN3CN1CN(C2)C3,Oc1ccccc1c1ccccc1O
EYOJOR,EYOJOR,at 153 K,CC(C)(C)c1ccc(O)c(c1)C(C)(C)C.C1CCC(CC1)NC1CCCCC1,P21/c,False,153.0,mediumT,CC(C)(C)c1ccc(O)c(c1)C(C)(C)C,C1CCC(CC1)NC1CCCCC1
XAQRIR,XAQRIR,at 153 K,OC(=O)c1cccc(n1)C(O)=O.NC(=O)N1c2ccccc2C=Cc2ccccc12,P212121,False,153.0,mediumT,OC(=O)c1cccc(n1)C(O)=O,NC(=O)N1c2ccccc2C=Cc2ccccc12
EQUSAM,EQUSAM,130 K,Cc1ccc(SCc2cc[nH+]cc2)cc1.O=N(=O)c1cc(c([O-])c(c1)N(=O)=O)N(=O)=O,P21/c,False,130.0,mediumT,Cc1ccc(SCc2cc[nH+]cc2)cc1,O=N(=O)c1cc(c([O-])c(c1)N(=O)=O)N(=O)=O
HIQSIL,HIQSIL,at 150 K,OC(=O)CCC(O)=O.NC(=O)c1ccc(Br)cc1,P-1,False,150.0,mediumT,OC(=O)CCC(O)=O,NC(=O)c1ccc(Br)cc1
RIGDIW,RIGDIW,150 K,OC(=O)C=CC(=O)[O-].NC1=NC2=C([NH+]=CN2COCCO)C(=O)N1,P-1,False,150.0,mediumT,OC(=O)C=CC(=O)[O-],NC1=NC2=C([NH+]=CN2COCCO)C(=O)N1
FAKLEL,FAKLEL,173 K,OC(=O)Cc1ccccc1.NC(=O)c1ccncc1,C2/c,False,173.0,mediumT,OC(=O)Cc1ccccc1,NC(=O)c1ccncc1
PEXNAJ,PEXNAJ,at 150 K,c1cc(ccn1)C=Cc1ccncc1.Nc1ccc(C(O)=O)c(O)c1,P-1,False,150.0,mediumT,c1cc(ccn1)C=Cc1ccncc1,Nc1ccc(C(O)=O)c(O)c1
FIRGUL,FIRGUL,160.0 K,O=C([O-])C1CCC(=O)N1.C[NH2+]C(C)C(O)c1ccccc1,P21,False,160.0,mediumT,O=C([O-])C1CCC(=O)N1,C[NH2+]C(C)C(O)c1ccccc1
UJIVAN,UJIVAN,173.2 K,COc1ccccc1c1[nH+]cccc1C=O.CS(=O)(=O)[O-],P21/n,False,173.0,mediumT,COc1ccccc1c1[nH+]cccc1C=O,CS(=O)(=O)[O-]
GIYMOT,GIYMOT,173 K,CC(C)(C)c1ccc(cc1)C(O)=O.CC(CC(C)(C)O)=NNC(=O)c1ccncc1,P21/c,False,173.0,mediumT,CC(C)(C)c1ccc(cc1)C(O)=O,CC(CC(C)(C)O)=NNC(=O)c1ccncc1
UNEZES,UNEZES,200 K,NC(=O)c1cccnc1.NC(=O)N1c2ccccc2C=Cc2ccccc12,P21/n,False,200.0,mediumT,NC(=O)c1cccnc1,NC(=O)N1c2ccccc2C=Cc2ccccc12
LASGOD,LASGOD,at 150 K,c1ccc2ncccc2c1.OC(=O)C=CC(O)=O,P-1,False,150.0,mediumT,c1ccc2ncccc2c1,OC(=O)C=CC(O)=O
VIKSOZ,VIKSOZ,at 200 K,NC1=NN=C(S1)c1ccc(Br)cc1.OC(=O)COc1ccc2ccccc2c1,Pca21,False,200.0,mediumT,NC1=NN=C(S1)c1ccc(Br)cc1,OC(=O)COc1ccc2ccccc2c1
PUCTEP,PUCTEP,173 K,OC(=O)C=Cc1ccccc1.Cc1cc(C)nc(NS(=O)(=O)c2ccc(N)cc2)n1,P21/n,False,173.0,mediumT,OC(=O)C=Cc1ccccc1,Cc1cc(C)nc(NS(=O)(=O)c2ccc(N)cc2)n1
KIGKOB,KIGKOB,at 173 K,OC(=O)c1cc2ccccc2cc1O.CN1C=NC2=C1C(=O)N(C)C(=O)N2C,P21/c,False,173.0,mediumT,OC(=O)c1cc2ccccc2cc1O,CN1C=NC2=C1C(=O)N(C)C(=O)N2C
LUNMEM,LUNMEM,at 173 K,NC(=O)c1ccncc1.OC(=O)c1cccc(O)c1,C2/c,False,173.0,mediumT,NC(=O)c1ccncc1,OC(=O)c1cccc(O)c1
KICVUP,KICVUP,180 K,CCc1[nH+]c(N)nc(N)c1c1ccc(Cl)cc1.CC(=O)Oc1ccccc1C(=O)[O-],P-1,False,180.0,mediumT,CCc1[nH+]c(N)nc(N)c1c1ccc(Cl)cc1,CC(=O)Oc1ccccc1C(=O)[O-]
XOMTUP01,XOMTUP01,at 200 K,Cc1ccc(cc1)S(=O)(=O)[O-].C[NH2+]CC(O)=O,P21/c,False,200.0,mediumT,Cc1ccc(cc1)S(=O)(=O)[O-],C[NH2+]CC(O)=O
SAYPIT,SAYPIT,at 173 K,OC(=O)c1cccc(O)c1.CC(C)=NNC(=O)c1ccncc1,P-1,False,173.0,mediumT,OC(=O)c1cccc(O)c1,CC(C)=NNC(=O)c1ccncc1
GENLIV,GENLIV,at 180 K,OC(=O)C(O)=O.NC(=O)c1ccc(Cl)cc1,P-1,False,180.0,mediumT,OC(=O)C(O)=O,NC(=O)c1ccc(Cl)cc1
PAXFIF,PAXFIF,at 130 K,OC(=O)CCN1C(=O)c2ccccc2C1=O.CN1C=NC2=C1C(=O)N(C)C(=O)N2C,P-1,False,130.0,mediumT,OC(=O)CCN1C(=O)c2ccccc2C1=O,CN1C=NC2=C1C(=O)N(C)C(=O)N2C
FIJXIF,FIJXIF,at 213 K,CC(=O)[O-].[NH3+]C(C1CCCC(O)C1)C(=O)OC(C)(C)C,P212121,False,213.0,mediumT,CC(=O)[O-],[NH3+]C(C1CCCC(O)C1)C(=O)OC(C)(C)C
LODGAO02,LODGAO02,150 K,NS(=O)(=O)c1cc(C(O)=O)c(NCC2=CC=CO2)cc1Cl.CN(C)C=O,P-1,False,150.0,mediumT,NS(=O)(=O)c1cc(C(O)=O)c(NCC2=CC=CO2)cc1Cl,CN(C)C=O
MOQGIJ,MOQGIJ,at 133 K,CN(C)C(=O)N(C)C.Clc1ccc(cc1)S(=O)(=O)NS(=O)(=O)c1ccc(Cl)cc1,P-1,False,133.0,mediumT,CN(C)C(=O)N(C)C,Clc1ccc(cc1)S(=O)(=O)NS(=O)(=O)c1ccc(Cl)cc1
ESOZIX,ESOZIX,173 K,Nc1ccnc(N)n1.CN1CCCC1=O,P21/n,False,173.0,mediumT,Nc1ccnc(N)n1,CN1CCCC1=O
EMUNAD,EMUNAD,183 K,FC(F)(F)S(=O)(=O)[N-]S(=O)(=O)C(F)(F)F.CON1C=C[N+](=C1C)OC,Cc,False,183.0,mediumT,FC(F)(F)S(=O)(=O)[N-]S(=O)(=O)C(F)(F)F,CON1C=C[N+](=C1C)OC
HUSVIA,HUSVIA,at 150.0 K,c1ccc(nc1)c1ccccn1.OC(=O)C=CC(O)=O,Pca21,False,150.0,mediumT,c1ccc(nc1)c1ccccn1,OC(=O)C=CC(O)=O
MORVEV02,MORVEV02,150 K,Oc1cc(O)cc(O)c1.c1ccc2nc3ccccc3nc2c1,P21/n,False,150.0,mediumT,Oc1cc(O)cc(O)c1,c1ccc2nc3ccccc3nc2c1
LUNMUC,LUNMUC,at 203 K,NC(=O)c1ccncc1.OC(=O)CCCCCCCCCCCBr,P-1,False,203.0,mediumT,NC(=O)c1ccncc1,OC(=O)CCCCCCCCCCCBr
DADMED,DADMED,150 K,NS(=O)(=O)c1cc2c(NCNS2(=O)=O)cc1Cl.NC(=O)c1ccccn1,P21/n,False,150.0,mediumT,NS(=O)(=O)c1cc2c(NCNS2(=O)=O)cc1Cl,NC(=O)c1ccccn1
HIQRIK,HIQRIK,at 150 K,NC(=O)c1ccc(Br)cc1.OC(=O)C=CC(O)=O,P21/c,False,150.0,mediumT,NC(=O)c1ccc(Br)cc1,OC(=O)C=CC(O)=O
UMUYUX,UMUYUX,at 173 K,NC(=O)c1ccncc1.CC(C)(Oc1ccc(Cl)cc1)C(O)=O,P-1,False,173.0,mediumT,NC(=O)c1ccncc1,CC(C)(Oc1ccc(Cl)cc1)C(O)=O
UNEGEZ,UNEGEZ,at 233 K,C1CN2CCN1CC2.OC(=O)CCCCCCCC(O)=O,P21/c,False,233.0,mediumT,C1CN2CCN1CC2,OC(=O)CCCCCCCC(O)=O
FADHEZ,FADHEZ,at 173 K,NNC(=O)c1ccncc1.OC(=O)c1ccc(O)cc1,P21/c,False,173.0,mediumT,NNC(=O)c1ccncc1,OC(=O)c1ccc(O)cc1
FORLAB,FORLAB,at 190.2 K,c1ccc(C=Cc2ccccn2)nc1.Oc1ccccc1O,P21/c,False,190.0,mediumT,c1ccc(C=Cc2ccccn2)nc1,Oc1ccccc1O
FAKLAH,FAKLAH,173 K,OC(=O)Cc1ccccc1.NC(=O)c1cccnc1,P21/n,False,173.0,mediumT,OC(=O)Cc1ccccc1,NC(=O)c1cccnc1
CEMNUH,CEMNUH,150.2 K,c1cc(ccn1)C=Cc1ccncc1.OB(O)c1ccc(cc1)c1ccc(cc1)B(O)O,P-1,False,150.0,mediumT,c1cc(ccn1)C=Cc1ccncc1,OB(O)c1ccc(cc1)c1ccc(cc1)B(O)O
HOLWAI02,HOLWAI02,at 150 K,CN1C=NC2=C1C(=O)N(C)C(=O)N2C.CC(=CC(O)=O)C(O)=O,P-1,False,150.0,mediumT,CN1C=NC2=C1C(=O)N(C)C(=O)N2C,CC(=CC(O)=O)C(O)=O
LIJGAN,LIJGAN,at 130 K,OC(C(O)C(=O)[O-])C(O)=O.[NH3+]c1ccc(Cl)cc1,P21,False,130.0,mediumT,OC(C(O)C(=O)[O-])C(O)=O,[NH3+]c1ccc(Cl)cc1
GEQXIL,GEQXIL,at 233 K,OC(=O)c1cc(Cl)cc(Cl)c1.CCOc1ccccc1C(N)=O,P21/c,False,233.0,mediumT,OC(=O)c1cc(Cl)cc(Cl)c1,CCOc1ccccc1C(N)=O
NOSVAV,NOSVAV,173 K,OC(=O)Cc1ccc(O)c(Cl)c1.c1ccc2nc3ccccc3nc2c1,P21/c,False,173.0,mediumT,OC(=O)Cc1ccc(O)c(Cl)c1,c1ccc2nc3ccccc3nc2c1
AHUDAK,AHUDAK,153 K,FC(F)(F)S(=O)(=O)[O-].CN1C(=C(C)[N+](=C1P(C#N)C#N)C)C,P21/c,False,153.0,mediumT,FC(F)(F)S(=O)(=O)[O-],CN1C(=C(C)[N+](=C1P(C#N)C#N)C)C
MOGWAI,MOGWAI,at 173 K,Cc1cccnc1.OC(=O)C=CC(O)=O,P21/c,False,173.0,mediumT,Cc1cccnc1,OC(=O)C=CC(O)=O
CIVPUW,CIVPUW,173 K,OC(=O)c1cccc2ccccc12.CCC(C)=NNC(=O)c1ccncc1,P21/n,False,173.0,mediumT,OC(=O)c1cccc2ccccc12,CCC(C)=NNC(=O)c1ccncc1
WADNUN,WADNUN,213 K,CCCCC(=O)[O-].[NH3+]Cc1ccc(Br)cc1,P-1,False,213.0,mediumT,CCCCC(=O)[O-],[NH3+]Cc1ccc(Br)cc1
GENLOB,GENLOB,at 180 K,OC(=O)CCCCCCCCC(O)=O.NC(=O)c1ccc(Cl)cc1,P-1,False,180.0,mediumT,OC(=O)CCCCCCCCC(O)=O,NC(=O)c1ccc(Cl)cc1
IXAJIC,IXAJIC,173 K,NC(=O)C1=NON=C1N=NC1=NON=C1C(N)=O.CS(C)=O,P21/c,False,173.0,mediumT,NC(=O)C1=NON=C1N=NC1=NON=C1C(N)=O,CS(C)=O
NEWSOY,NEWSOY,at 173 K,CC(=O)Nc1cc[nH+]cc1.OC(=O)CCCC(=O)[O-],P-1,False,173.0,mediumT,CC(=O)Nc1cc[nH+]cc1,OC(=O)CCCC(=O)[O-]
MOZDAH,MOZDAH,at 173 K,OC(=O)c1ccc(O)cc1.CN1C=NC2=C1C(=O)N(C)C(=O)N2C,P21/c,False,173.0,mediumT,OC(=O)c1ccc(O)cc1,CN1C=NC2=C1C(=O)N(C)C(=O)N2C
KOTMEN,KOTMEN,at 200 K,[NH3+]C(C(O)c1ccccc1)c1ccccc1.OC(C(=O)[O-])c1ccccc1,P21,False,200.0,mediumT,[NH3+]C(C(O)c1ccccc1)c1ccccc1,OC(C(=O)[O-])c1ccccc1
QAMRUS,QAMRUS,at 150 K,c1cc(ccn1)c1ccncc1.Oc1ccc(O)cc1,P-1,False,150.0,mediumT,c1cc(ccn1)c1ccncc1,Oc1ccc(O)cc1
ZEYJAQ,ZEYJAQ,at 173 K,NC1=[NH+]C(=O)NC=C1.OC(=O)CC(=O)[O-],Pbca,False,173.0,mediumT,NC1=[NH+]C(=O)NC=C1,OC(=O)CC(=O)[O-]
RADDUW,RADDUW,at 150 K,NC1=[NH+]CCS1.Clc1ccc(Cl)c(OCC(=O)[O-])c1,P21/c,False,150.0,mediumT,NC1=[NH+]CCS1,Clc1ccc(Cl)c(OCC(=O)[O-])c1
ZAQRES,ZAQRES,193 K,c1cc(ccn1)c1ccncc1.CCCCCCCC(O)=O,P-1,False,193.0,mediumT,c1cc(ccn1)c1ccncc1,CCCCCCCC(O)=O
LUSXII,LUSXII,173 K,[NH3+]CC(CC(O)=O)c1ccc(Cl)cc1.OC(=O)C=CC(=O)[O-],P21,False,173.0,mediumT,[NH3+]CC(CC(O)=O)c1ccc(Cl)cc1,OC(=O)C=CC(=O)[O-]
EWAROK,EWAROK,at 150 K,c1cnc2c(c1)ccc1cccnc21.Cc1cc(O)cc(O)c1,P21/c,False,150.0,mediumT,c1cnc2c(c1)ccc1cccnc21,Cc1cc(O)cc(O)c1
UVIMES,UVIMES,at 180 K,CN1C=NC2=C1C(=O)N(C)C(=O)N2C.OC(=O)C(F)(F)C(F)(F)C(F)(F)C(F)(F)C(O)=O,P21/c,False,180.0,mediumT,CN1C=NC2=C1C(=O)N(C)C(=O)N2C,OC(=O)C(F)(F)C(F)(F)C(F)(F)C(F)(F)C(O)=O
NABMAH,NABMAH,200 K,[NH3+]C(c1ccccc1)c1ccccc1O.COc1ccc2cc(ccc2c1)C(C)C(=O)[O-],C2,False,200.0,mediumT,[NH3+]C(c1ccccc1)c1ccccc1O,COc1ccc2cc(ccc2c1)C(C)C(=O)[O-]
TOWPIH,TOWPIH,130 K,OC12CC[NH+](CC1)CC2.O=C([O-])c1cc(cc(c1)N(=O)=O)N(=O)=O,Pcab,False,130.0,mediumT,OC12CC[NH+](CC1)CC2,O=C([O-])c1cc(cc(c1)N(=O)=O)N(=O)=O
UFEWAG,UFEWAG,150 K,OC(=O)CCCCCC(O)=O.NC(=O)c1ccc(N)cc1,P21,False,150.0,mediumT,OC(=O)CCCCCC(O)=O,NC(=O)c1ccc(N)cc1
JIHNAS,JIHNAS,153 K,Nc1c(Cl)cc(cc1Cl)S(N)(=O)=O.c1cnc2c(c1)ccc1cccnc21,P212121,False,153.0,mediumT,Nc1c(Cl)cc(cc1Cl)S(N)(=O)=O,c1cnc2c(c1)ccc1cccnc21
XUBYOK,XUBYOK,150 K,CN(C)C=O.COC(=O)C=C1SC(NC1=O)=NN=Cc1ccccc1OC,P21/n,False,150.0,mediumT,CN(C)C=O,COC(=O)C=C1SC(NC1=O)=NN=Cc1ccccc1OC
LABKAE,LABKAE,173 K,[NH3+]CC(CC(O)=O)c1ccc(Cl)cc1.Clc1ccc(OCC(=O)[O-])c(Cl)c1,P21/c,False,173.0,mediumT,[NH3+]CC(CC(O)=O)c1ccc(Cl)cc1,Clc1ccc(OCC(=O)[O-])c(Cl)c1
ZOHWOK,ZOHWOK,at 150 K,NC(=O)c1cccc(N)c1.OC(=O)c1ccc(O)cc1,C2/c,False,150.0,mediumT,NC(=O)c1cccc(N)c1,OC(=O)c1ccc(O)cc1
NEWNIP,NEWNIP,173 K,Nc1[nH+]cccc1Br.O=C([O-])c1cc(cc(c1)N(=O)=O)N(=O)=O,P21/n,False,173.0,mediumT,Nc1[nH+]cccc1Br,O=C([O-])c1cc(cc(c1)N(=O)=O)N(=O)=O
XISPOH,XISPOH,150 K,CN(C)c1ccncc1.CC(=O)c1c(ccc2cccc(O)c12)C(C)(C)C,P21/c,False,150.0,mediumT,CN(C)c1ccncc1,CC(=O)c1c(ccc2cccc(O)c12)C(C)(C)C
VESZIF,VESZIF,173 K,COc1cc(ccc1O)C(O)=O.c1ccc2nc3ccccc3nc2c1,P-1,False,173.0,mediumT,COc1cc(ccc1O)C(O)=O,c1ccc2nc3ccccc3nc2c1
PAMPIF,PAMPIF,150 K,[NH3+]C(C)c1ccccc1O.COc1ccc2cc(ccc2c1)C(C)C(=O)[O-],C2,False,150.0,mediumT,[NH3+]C(C)c1ccccc1O,COc1ccc2cc(ccc2c1)C(C)C(=O)[O-]
NUKYEY,NUKYEY,at 180 K,OC(=O)CCCC(O)=O.NC(=O)c1cccnc1,P-1,False,180.0,mediumT,OC(=O)CCCC(O)=O,NC(=O)c1cccnc1
LUJJAC,LUJJAC,at 173 K,CC(=O)[O-].[NH3+]CC1(O)OCC(O)C(O)C1O,P212121,False,173.0,mediumT,CC(=O)[O-],[NH3+]CC1(O)OCC(O)C(O)C1O
LUNMIQ,LUNMIQ,at 203 K,NC(=O)c1ccncc1.CN(C)c1cccc(c1)C(O)=O,C2/c,False,203.0,mediumT,NC(=O)c1ccncc1,CN(C)c1cccc(c1)C(O)=O
GAWHET,GAWHET,at 213 K,CN1C(=O)N(C)C(=C(C1=O)N(=O)=O)[O-].CC(C)N1C(=C(C)[N+](=C1Cl)C(C)C)C,P21/m,False,213.0,mediumT,CN1C(=O)N(C)C(=C(C1=O)N(=O)=O)[O-],CC(C)N1C(=C(C)[N+](=C1Cl)C(C)C)C
EPUJUW,EPUJUW,200 K,OC(=O)CN1CSCCSC1.CS(C)=O,P21/c,False,200.0,mediumT,OC(=O)CN1CSCCSC1,CS(C)=O
DADNAA,DADNAA,150 K,NS(=O)(=O)c1cc2c(NCNS2(=O)=O)cc1Cl.OC(=O)c1ccncc1,Cc,False,150.0,mediumT,NS(=O)(=O)c1cc2c(NCNS2(=O)=O)cc1Cl,OC(=O)c1ccncc1
FEQXEF,FEQXEF,at 198 K,C1N2CN3CN1CN(C2)C3.COC(=O)c1cc(O)cc(O)c1,Cc,False,198.0,mediumT,C1N2CN3CN1CN(C2)C3,COC(=O)c1cc(O)cc(O)c1
LEDYUQ,LEDYUQ,at 173 K,C1CN2CCN1CC2.OC(=O)C=CC=CC(O)=O,P-1,False,173.0,mediumT,C1CN2CCN1CC2,OC(=O)C=CC=CC(O)=O
NUKZEZ,NUKZEZ,at 180 K,NC(=O)c1cccnc1.OC(=O)CCCCCCC(O)=O,P-1,False,180.0,mediumT,NC(=O)c1cccnc1,OC(=O)CCCCCCC(O)=O
TUQYIN,TUQYIN,at 173 K,C[NH+]=P(N(C)C)(N(C)C)N(C)C.CC(=O)[O-],P-1,False,173.0,mediumT,C[NH+]=P(N(C)C)(N(C)C)N(C)C,CC(=O)[O-]
AFIRIU,AFIRIU,150 K,CC(=O)Nc1ccc(cc1)C(O)=O.NC(=O)N1c2ccccc2C=Cc2ccccc12,P21/c,False,150.0,mediumT,CC(=O)Nc1ccc(cc1)C(O)=O,NC(=O)N1c2ccccc2C=Cc2ccccc12
RAVXUK,RAVXUK,150 K,O=Cc1ccncc1.OC(=O)c1ccc(Cl)cc1O,P21,False,150.0,mediumT,O=Cc1ccncc1,OC(=O)c1ccc(Cl)cc1O
XEGJAW,XEGJAW,at 180 K,OC(=O)CCCCCCCC(=O)[O-].CCc1[nH+]c(N)nc(N)c1c1ccc(Cl)cc1,P-1,False,180.0,mediumT,OC(=O)CCCCCCCC(=O)[O-],CCc1[nH+]c(N)nc(N)c1c1ccc(Cl)cc1
VIXDAK,VIXDAK,173 K,COC(=O)C1[NH2+]CC(C1)N=[N+]=[N-].FC(F)(F)C(=O)[O-],P21,False,173.0,mediumT,COC(=O)C1[NH2+]CC(C1)N=[N+]=[N-],FC(F)(F)C(=O)[O-]
UZUYUL,UZUYUL,173 K,Cc1cccc(Nc2ccccc2C(O)=O)c1C.Cc1cccnc1,P-1,False,173.0,mediumT,Cc1cccc(Nc2ccccc2C(O)=O)c1C,Cc1cccnc1
SOGSEP,SOGSEP,150 K,NC(=O)c1ccc(O)cc1.NC(=O)N1c2ccccc2C=Cc2ccccc12,P21/c,False,150.0,mediumT,NC(=O)c1ccc(O)cc1,NC(=O)N1c2ccccc2C=Cc2ccccc12
JAHJIP,JAHJIP,131 K,Oc1cccc(O)c1C(=O)[O-].CN1C=[NH+]C2=C1C(=O)N(C)C(=O)N2C,P21/n,False,131.0,mediumT,Oc1cccc(O)c1C(=O)[O-],CN1C=[NH+]C2=C1C(=O)N(C)C(=O)N2C
RADDOQ,RADDOQ,at 150 K,c1cc(ccn1)c1ccncc1.OC(=O)COc1cc(Cl)cc(Cl)c1,C2/c,False,150.0,mediumT,c1cc(ccn1)c1ccncc1,OC(=O)COc1cc(Cl)cc(Cl)c1
TAPCEW,TAPCEW,173 K,N#Cc1cccnc1.CC1=CC(=NO1)NS(=O)(=O)c1ccc(N)cc1,P21/n,False,173.0,mediumT,N#Cc1cccnc1,CC1=CC(=NO1)NS(=O)(=O)c1ccc(N)cc1
PORNIV,PORNIV,153 K,FC(F)(F)S(=O)(=O)[O-].CC1=[NH+]N(C(=C1)C)c1ccc(cn1)N(=O)=O,P21/c,False,153.0,mediumT,FC(F)(F)S(=O)(=O)[O-],CC1=[NH+]N(C(=C1)C)c1ccc(cn1)N(=O)=O
HAJCAY,HAJCAY,at 173 K,C[S+](C)(C)=O.O=C1[N-]C(=O)c2ccccc12,Pnma,False,173.0,mediumT,C[S+](C)(C)=O,O=C1[N-]C(=O)c2ccccc12
JUNXAU,JUNXAU,173 K,Cc1c(O)cccc1O.Cc1nc(C)c(C)nc1C,P21/c,False,173.0,mediumT,Cc1c(O)cccc1O,Cc1nc(C)c(C)nc1C
ULAWOT,ULAWOT,at 153 K,NC(=O)c1ccncc1.OC(=O)CCCC(O)=O,P21/n,False,153.0,mediumT,NC(=O)c1ccncc1,OC(=O)CCCC(O)=O
VECVAC,VECVAC,at 150 K,COCC12C[NH2+]CCC1(C2)c1ccc(Cl)c(Cl)c1.OC(C(O)C(=O)[O-])C(O)=O,P212121,False,150.0,mediumT,COCC12C[NH2+]CCC1(C2)c1ccc(Cl)c(Cl)c1,OC(C(O)C(=O)[O-])C(O)=O
JOFHOC,JOFHOC,at 160 K,NC(=O)C1c2ccccc2C=Cc2ccccc12.C1COCCO1,P21/c,False,160.0,mediumT,NC(=O)C1c2ccccc2C=Cc2ccccc12,C1COCCO1
HICZIF,HICZIF,173 K,NC(=O)c1ccncc1.OC(=O)CC(O)(CC(O)=O)C(O)=O,Cc,False,173.0,mediumT,NC(=O)c1ccncc1,OC(=O)CC(O)(CC(O)=O)C(O)=O
LATSEG,LATSEG,at 180 K,OC(=O)c1ccc(O)cc1O.O=C1CCC(=O)N1,P-1,False,180.0,mediumT,OC(=O)c1ccc(O)cc1O,O=C1CCC(=O)N1
XIBCAP,XIBCAP,143 K,[NH3+]N(C)C(N)=O.O=N(=O)c1cc(c([O-])c(c1)N(=O)=O)N(=O)=O,P-1,False,143.0,mediumT,[NH3+]N(C)C(N)=O,O=N(=O)c1cc(c([O-])c(c1)N(=O)=O)N(=O)=O
DEVGOA,DEVGOA,at 173 K,[NH2+]1CCOCC1.CS(=O)(=O)[N-]S(C)(=O)=O,P21/c,False,173.0,mediumT,[NH2+]1CCOCC1,CS(=O)(=O)[N-]S(C)(=O)=O
BOZFUT,BOZFUT,151 K,CC(=O)[O-].CC12C[NH2+]CC(C)(CNC1)C2=O,Pna21,False,151.0,mediumT,CC(=O)[O-],CC12C[NH2+]CC(C)(CNC1)C2=O
ZOXVUF,ZOXVUF,150 K,Oc1cccc2cccnc12.CC1=CC(=NO1)NS(=O)(=O)c1ccc(N)cc1,P21/c,False,150.0,mediumT,Oc1cccc2cccnc12,CC1=CC(=NO1)NS(=O)(=O)c1ccc(N)cc1
JUGWUF,JUGWUF,173 K,Nc1[nH+]cc(Cl)cc1.Clc1cc(ccc1C(=O)[O-])N(=O)=O,P-1,False,173.0,mediumT,Nc1[nH+]cc(Cl)cc1,Clc1cc(ccc1C(=O)[O-])N(=O)=O
HOFZIM,HOFZIM,at 130 K,OC(=O)c1cc(Cl)c(Cl)cc1C(=O)[O-].[NH3+]c1cccc(c1)C(O)=O,P21/n,False,130.0,mediumT,OC(=O)c1cc(Cl)c(Cl)cc1C(=O)[O-],[NH3+]c1cccc(c1)C(O)=O
EWANAS,EWANAS,at 150 K,N#Cc1ccncc1.Cc1cc(O)cc(O)c1,P21/c,False,150.0,mediumT,N#Cc1ccncc1,Cc1cc(O)cc(O)c1
UNEYUH,UNEYUH,200 K,O=Cc1ccc(C=O)cc1.NC(=O)N1c2ccccc2C=Cc2ccccc12,C2/c,False,200.0,mediumT,O=Cc1ccc(C=O)cc1,NC(=O)N1c2ccccc2C=Cc2ccccc12
ZOHTIB,ZOHTIB,at 150 K,Nc1cccc(Cl)c1.Oc1cc(Cl)c(Cl)c(Cl)c1,P21/c,False,150.0,mediumT,Nc1cccc(Cl)c1,Oc1cc(Cl)c(Cl)c(Cl)c1
ROQPEU,ROQPEU,at 173 K,[NH2+]=C1NC(=O)N(C=C1)C1CSC(CO)O1.OC(=O)C(=O)[O-],P21,False,173.0,mediumT,[NH2+]=C1NC(=O)N(C=C1)C1CSC(CO)O1,OC(=O)C(=O)[O-]
UKEXIU,UKEXIU,173 K,Cc1[nH+]cc(CO)c(CO)c1O.O=C([O-])c1cc(cc(c1)N(=O)=O)N(=O)=O,P21/n,False,173.0,mediumT,Cc1[nH+]cc(CO)c(CO)c1O,O=C([O-])c1cc(cc(c1)N(=O)=O)N(=O)=O
LABRAK,LABRAK,173 K,CS(=O)(=O)[N-]S(C)(=O)=O.[NH3+]c1ccc(Cl)cc1,P21,False,173.0,mediumT,CS(=O)(=O)[N-]S(C)(=O)=O,[NH3+]c1ccc(Cl)cc1
BIKYOJ,BIKYOJ,at 141 K,NC(=[NH2+])O.O=N(=O)c1cc(c([O-])c(c1)N(=O)=O)N(=O)=O,P-1,False,141.0,mediumT,NC(=[NH2+])O,O=N(=O)c1cc(c([O-])c(c1)N(=O)=O)N(=O)=O
JEDVIB,JEDVIB,180 K,c1cnc2c(c1)ccc1cccnc21.OC(C(F)(F)F)C(F)(F)F,P21/n,False,180.0,mediumT,c1cnc2c(c1)ccc1cccnc21,OC(C(F)(F)F)C(F)(F)F
QIJCUH,QIJCUH,at 150 K,c1cc(ccn1)c1ccncc1.OC1=CC(=O)C(=CC1=O)O,C2/c,False,150.0,mediumT,c1cc(ccn1)c1ccncc1,OC1=CC(=O)C(=CC1=O)O
EHIQAQ,EHIQAQ,150 K,S=C([S-])N1CCCCC1.C[N+](C)(C)CCO,P21/c,False,150.0,mediumT,S=C([S-])N1CCCCC1,C[N+](C)(C)CCO
CIRXAD,CIRXAD,at 150 K,OC(=O)CCC(O)=O.NN1C=NN=C1,P21/c,False,150.0,mediumT,OC(=O)CCC(O)=O,NN1C=NN=C1
MAJTOH,MAJTOH,at 133 K,BrC(Br)(Br)C(=O)[O-].Brc1c[nH+]ccc1,P-1,False,133.0,mediumT,BrC(Br)(Br)C(=O)[O-],Brc1c[nH+]ccc1
VOJLUD,VOJLUD,at 173 K,FC(F)(F)S(=O)(=O)[N-]S(=O)(=O)C(F)(F)F.C[N+](C)(C)c1ccc(C=O)cc1,P-1,False,173.0,mediumT,FC(F)(F)S(=O)(=O)[N-]S(=O)(=O)C(F)(F)F,C[N+](C)(C)c1ccc(C=O)cc1
UKEREI,UKEREI,at 150 K,FC(F)(F)S(=O)(=O)[O-].CCCCC#CC1=[N+](CCC#C)c2ccccc2S1,Pca21,False,150.0,mediumT,FC(F)(F)S(=O)(=O)[O-],CCCCC#CC1=[N+](CCC#C)c2ccccc2S1
DADNEE,DADNEE,150 K,NS(=O)(=O)c1cc2c(NCNS2(=O)=O)cc1Cl.C1CNCCN1,P-1,False,150.0,mediumT,NS(=O)(=O)c1cc2c(NCNS2(=O)=O)cc1Cl,C1CNCCN1
XEGHOI,XEGHOI,at 180 K,OC(=O)CCCCCC(=O)[O-].CCc1[nH+]c(N)nc(N)c1c1ccc(Cl)cc1,P-1,False,180.0,mediumT,OC(=O)CCCCCC(=O)[O-],CCc1[nH+]c(N)nc(N)c1c1ccc(Cl)cc1
EGUHOE,EGUHOE,at 150 K,CS(=[NH2+])(=O)c1ccccc1.CC1(C)C2CCC1(CS(=O)(=O)[O-])C(=O)C2,P212121,False,150.0,mediumT,CS(=[NH2+])(=O)c1ccccc1,CC1(C)C2CCC1(CS(=O)(=O)[O-])C(=O)C2
XIPCOP,XIPCOP,at 198 K,FC(F)(F)S(=O)(=O)[O-].CN(C)c1cc[n+](cc1)P(C)(C)=S,P-1,False,198.0,mediumT,FC(F)(F)S(=O)(=O)[O-],CN(C)c1cc[n+](cc1)P(C)(C)=S
XITGIT,XITGIT,173 K,CC1(C)CCC(C)(C)C2=C1[NH+]=C(N)S2.Brc1ccc(cc1)C(=O)[O-],Pc,False,173.0,mediumT,CC1(C)CCC(C)(C)C2=C1[NH+]=C(N)S2,Brc1ccc(cc1)C(=O)[O-]
EZEGIA,EZEGIA,at 150 K,OC(=O)c1ccccc1O.OC(CN1C=NC=N1)(CN1C=NC=N1)c1ccc(F)cc1F,P-1,False,150.0,mediumT,OC(=O)c1ccccc1O,OC(CN1C=NC=N1)(CN1C=NC=N1)c1ccc(F)cc1F
XOBCAT01,XOBCAT01,at 173 K,OC(=O)c1ccccc1O.CN1C=NC2=C1C(=O)N(C)C(=O)N2C,P21/c,False,173.0,mediumT,OC(=O)c1ccccc1O,CN1C=NC2=C1C(=O)N(C)C(=O)N2C
LORWIZ,LORWIZ,at 130 K,NC(=O)c1c[nH+]ccc1.OC(=O)c1cc(Cl)c(Cl)cc1C(=O)[O-],P21/c,False,130.0,mediumT,NC(=O)c1c[nH+]ccc1,OC(=O)c1cc(Cl)c(Cl)cc1C(=O)[O-]
NIGMIB,NIGMIB,153 K,FC(F)(F)S(=O)(=O)[O-].CC1=[NH+]N(P(c2ccccc2)c2ccccc2)C(=C1)C,P21/c,False,153.0,mediumT,FC(F)(F)S(=O)(=O)[O-],CC1=[NH+]N(P(c2ccccc2)c2ccccc2)C(=C1)C
OPUVIH,OPUVIH,150 K,OC(=O)C=CC(=O)[O-].Nc1[nH+]cccc1C(O)=O,C2/c,False,150.0,mediumT,OC(=O)C=CC(=O)[O-],Nc1[nH+]cccc1C(O)=O
VEVPUJ,VEVPUJ,at 150 K,OC(=O)C=CC(=O)[O-].COC(=O)NC1=[NH+]c2cc(ccc2N1)C(=O)c1ccccc1,P1,False,150.0,mediumT,OC(=O)C=CC(=O)[O-],COC(=O)NC1=[NH+]c2cc(ccc2N1)C(=O)c1ccccc1
GANXUP,GANXUP,at 180 K,OC(=O)C(O)=O.CN1C=NC2=C1C(=O)N(C)C(=O)N2C,P21/c,False,180.0,mediumT,OC(=O)C(O)=O,CN1C=NC2=C1C(=O)N(C)C(=O)N2C
FERYOR,FERYOR,at 190 K,c1cc(ccn1)C=Cc1ccncc1.CCCC(=O)c1c(O)cc(O)cc1O,P-1,False,190.0,mediumT,c1cc(ccn1)C=Cc1ccncc1,CCCC(=O)c1c(O)cc(O)cc1O
VAXROD,VAXROD,at 173 K,CC#CC(=O)[O-].NNC(=O)c1cc[nH+]cc1,P21,False,173.0,mediumT,CC#CC(=O)[O-],NNC(=O)c1cc[nH+]cc1
UKOSAP,UKOSAP,at 173 K,NNC(=O)c1cccnc1.OC(=O)CCCCC(O)=O,P21/c,False,173.0,mediumT,NNC(=O)c1cccnc1,OC(=O)CCCCC(O)=O
FAKKOU,FAKKOU,173 K,OC(=O)Cc1ccccc1.c1ccc2nc3ccccc3cc2c1,P-1,False,173.0,mediumT,OC(=O)Cc1ccccc1,c1ccc2nc3ccccc3cc2c1
XIRMAQ,XIRMAQ,130 K,CN(C)C=O.CN(C)C=C1SC(=O)N=C1Nc1ccc(O)cc1,P21/c,False,130.0,mediumT,CN(C)C=O,CN(C)C=C1SC(=O)N=C1Nc1ccc(O)cc1
RUJRAQ,RUJRAQ,at 200 K,[NH3+]c1ccc(CCO)cc1.OC(=O)c1cc(ccc1O)S(=O)(=O)[O-],P-1,False,200.0,mediumT,[NH3+]c1ccc(CCO)cc1,OC(=O)c1cc(ccc1O)S(=O)(=O)[O-]
LATKUO,LATKUO,at 173 K,OC(=O)c1ccccc1O.NNC(=O)c1ccncc1,P21/n,False,173.0,mediumT,OC(=O)c1ccccc1O,NNC(=O)c1ccncc1
XUCKIR,XUCKIR,at 200 K,NC1=C(C#N)c2c(F)c(F)c(F)c(F)c2C1(F)F.C1COCCO1,P-1,False,200.0,mediumT,NC1=C(C#N)c2c(F)c(F)c(F)c(F)c2C1(F)F,C1COCCO1
XOBCIB,XOBCIB,at 173 K,OC(=O)CCC(O)=O.NC(=O)N1c2ccccc2C=Cc2ccccc12,P2/n,False,173.0,mediumT,OC(=O)CCC(O)=O,NC(=O)N1c2ccccc2C=Cc2ccccc12
GAQFAH,GAQFAH,at 173 K,O=C1C(=O)C(=C1NCc1cccnc1)NCc1cccnc1.OC(=O)c1ccccc1,C2/c,False,173.0,mediumT,O=C1C(=O)C(=C1NCc1cccnc1)NCc1cccnc1,OC(=O)c1ccccc1
SEMLOO,SEMLOO,150 K,O=N(=O)C1=N[N-]C(=C1N(=O)=O)N(=O)=O.[NH3+]CCBr,P21/c,False,150.0,mediumT,O=N(=O)C1=N[N-]C(=C1N(=O)=O)N(=O)=O,[NH3+]CCBr
GIWTEN,GIWTEN,at 198 K,OC(C(O)C(=O)[O-])C(O)=O.Fc1ccc(cn1)C1CC2[NH2+]C1CCC2,P212121,False,198.0,mediumT,OC(C(O)C(=O)[O-])C(O)=O,Fc1ccc(cn1)C1CC2[NH2+]C1CCC2
VUXVOB,VUXVOB,200 K,[NH2+]1CCOCC1.O=C([O-])C=Cc1ccccc1,P-1,False,200.0,mediumT,[NH2+]1CCOCC1,O=C([O-])C=Cc1ccccc1
UKOLUE,UKOLUE,133 K,CN1C=NC2=C1C(=O)N(C)C(=O)N2C.OC(=O)c1cccc(C(O)=O)c1C(O)=O,P21/c,False,133.0,mediumT,CN1C=NC2=C1C(=O)N(C)C(=O)N2C,OC(=O)c1cccc(C(O)=O)c1C(O)=O
FADHAV,FADHAV,at 173 K,NNC(=O)c1ccncc1.OC(=O)CCCCCC(O)=O,P-1,False,173.0,mediumT,NNC(=O)c1ccncc1,OC(=O)CCCCCC(O)=O
EBUDAI,EBUDAI,at 173 K,C(Cc1ccncc1)c1ccncc1.COC(=O)NC(=S)Nc1ccccc1NC(=S)NC(=O)OC,P-1,False,173.0,mediumT,C(Cc1ccncc1)c1ccncc1,COC(=O)NC(=S)Nc1ccccc1NC(=S)NC(=O)OC
XUYBOK,XUYBOK,150 K,Cc1nc(C)c(C)nc1C.Cc1cc(O)cc(O)c1,C2/c,False,150.0,mediumT,Cc1nc(C)c(C)nc1C,Cc1cc(O)cc(O)c1
QEHYAE,QEHYAE,at 173 K,CC1=C(C=C(S1)C(O)=O)C1=C(C2=C(C)SC(=C2)C(O)=O)C(F)(F)C(F)(F)C1(F)F.c1ccc(nc1)c1ccccn1,P-1,False,173.0,mediumT,CC1=C(C=C(S1)C(O)=O)C1=C(C2=C(C)SC(=C2)C(O)=O)C(F)(F)C(F)(F)C1(F)F,c1ccc(nc1)c1ccccn1
CEWZIR,CEWZIR,150 K,OCc1cc(O)cc(O)c1.C(Cc1ccncc1)c1ccncc1,P-1,False,150.0,mediumT,OCc1cc(O)cc(O)c1,C(Cc1ccncc1)c1ccncc1
HIMGEP,HIMGEP,at 193 K,Oc1cc(O)cc(O)c1.Cc1ccnc(C)c1,P21/c,False,193.0,mediumT,Oc1cc(O)cc(O)c1,Cc1ccnc(C)c1
XIBPOO,XIBPOO,at 150 K,Clc1ccc(NC2=NCCN2)cc1.NC=O,P21/c,False,150.0,mediumT,Clc1ccc(NC2=NCCN2)cc1,NC=O
YENWAT01,YENWAT01,150 K,[NH3+]C(C)(C)CO.O=C([O-])c1ccc2ccccc2n1,P-1,False,150.0,mediumT,[NH3+]C(C)(C)CO,O=C([O-])c1ccc2ccccc2n1
UBUJIM01,UBUJIM01,at 150 K,c1cc(ccn1)c1ccncc1.Cc1cc(O)cc(O)c1,Pbca,False,150.0,mediumT,c1cc(ccn1)c1ccncc1,Cc1cc(O)cc(O)c1
HEQWOR,HEQWOR,at 150 K,OC(=O)[O-].NC(=[NH2+])NC(N)=O,P-1,False,150.0,mediumT,OC(=O)[O-],NC(=[NH2+])NC(N)=O
EWOTUG,EWOTUG,at 173 K,OC(=O)CCCCCCCCC(=O)[O-].COc1ccc2[NH+]=C(N)Sc2c1,Fdd2,False,173.0,mediumT,OC(=O)CCCCCCCCC(=O)[O-],COc1ccc2[NH+]=C(N)Sc2c1
XAPWIU,XAPWIU,at 150 K,c1cc(ccn1)c1ccncc1.OC(=O)COc1ccc(Cl)cc1Cl,P21/n,False,150.0,mediumT,c1cc(ccn1)c1ccncc1,OC(=O)COc1ccc(Cl)cc1Cl
QOMTER,QOMTER,at 180 K,FC(F)(F)S(=O)(=O)[O-].C[Si]1(C)C[N+](C[Si](C)(C)O1)=C(O)CCl,P-1,False,180.0,mediumT,FC(F)(F)S(=O)(=O)[O-],C[Si]1(C)C[N+](C[Si](C)(C)O1)=C(O)CCl
NUKXEX01,NUKXEX01,at 180 K,CC(=O)N1CCN(CC1)C(C)=O.OC(=O)c1ccccc1O,P-1,False,180.0,mediumT,CC(=O)N1CCN(CC1)C(C)=O,OC(=O)c1ccccc1O
GESBAJ,GESBAJ,at 150 K,OC(=O)CCC(O)=O.NC(=O)c1ccc(O)cc1,P21/c,False,150.0,mediumT,OC(=O)CCC(O)=O,NC(=O)c1ccc(O)cc1
ZOYCEX,ZOYCEX,at 173 K,COc1cc(ccc1O)C(O)=O.NC(=O)c1cccnc1,P-1,False,173.0,mediumT,COc1cc(ccc1O)C(O)=O,NC(=O)c1cccnc1
NUKWOG,NUKWOG,at 180 K,Nc1ncccn1.OC(=O)c1ccccc1,P21/n,False,180.0,mediumT,Nc1ncccn1,OC(=O)c1ccccc1
PEFJEQ,PEFJEQ,at 193 K,O=C[O-].[NH2+]1C2COCC1COC2,P21/m,False,193.0,mediumT,O=C[O-],[NH2+]1C2COCC1COC2
UJOGUW01,UJOGUW01,at 200 K,NC(=O)C1CC[NH2+]CC1.OC(=O)c1cc(cc(c1[O-])N(=O)=O)N(=O)=O,P-1,False,200.0,mediumT,NC(=O)C1CC[NH2+]CC1,OC(=O)c1cc(cc(c1[O-])N(=O)=O)N(=O)=O
ETEYOR,ETEYOR,at 150 K,OC(=O)C=CC(=O)[O-].[NH3+]C(C(C)O)C(O)=O,P-1,False,150.0,mediumT,OC(=O)C=CC(=O)[O-],[NH3+]C(C(C)O)C(O)=O
CIHDIJ,CIHDIJ,173 K,OC(=O)c1c[nH+]ccc1.CC1=CC(=O)[N-]S(=O)(=O)O1,P21/n,False,173.0,mediumT,OC(=O)c1c[nH+]ccc1,CC1=CC(=O)[N-]S(=O)(=O)O1
UNEZAO01,UNEZAO01,at 200 K,O=C1NS(=O)(=O)c2ccccc12.NC(=O)N1c2ccccc2C=Cc2ccccc12,C2/c,False,200.0,mediumT,O=C1NS(=O)(=O)c2ccccc12,NC(=O)N1c2ccccc2C=Cc2ccccc12
DEBJIE,DEBJIE,at 223 K,Oc1ccc(cc1)C(c1ccccc1O)c1ccccc1O.C(Cc1ccncc1)c1ccncc1,P-1,False,223.0,mediumT,Oc1ccc(cc1)C(c1ccccc1O)c1ccccc1O,C(Cc1ccncc1)c1ccncc1
LEXPOW,LEXPOW,223 K,OC(=O)c1cccc2ccccc12.NC(=O)N1c2ccccc2C=Cc2ccccc12,P21/n,False,223.0,mediumT,OC(=O)c1cccc2ccccc12,NC(=O)N1c2ccccc2C=Cc2ccccc12
WEYFEN,WEYFEN,at 150 K,OC(=O)C=CC(O)=O.NC(=O)N1c2ccccc2C=Cc2ccccc12,P21/c,False,150.0,mediumT,OC(=O)C=CC(O)=O,NC(=O)N1c2ccccc2C=Cc2ccccc12
CIVWIQ,CIVWIQ,193 K,FC(F)(F)S(=O)(=O)[O-].O[N+]1=C(OC2C=CCCC12)c1ccccc1,P21/n,False,193.0,mediumT,FC(F)(F)S(=O)(=O)[O-],O[N+]1=C(OC2C=CCCC12)c1ccccc1
COKXUY,COKXUY,163 K,[NH3+]NC(N)=O.O=C([O-])c1cc(cc(c1)N(=O)=O)N(=O)=O,P21/n,False,163.0,mediumT,[NH3+]NC(N)=O,O=C([O-])c1cc(cc(c1)N(=O)=O)N(=O)=O
HAXHIB,HAXHIB,150 K,OC(=O)C=CC(=O)[O-].Nc1[nH+]cccc1C(O)=O,P21/n,False,150.0,mediumT,OC(=O)C=CC(=O)[O-],Nc1[nH+]cccc1C(O)=O
MUPQET,MUPQET,at 150 K,CC(=O)Nc1ccc(O)cc1.C1COCCN1,P212121,False,150.0,mediumT,CC(=O)Nc1ccc(O)cc1,C1COCCN1
PEVDAY,PEVDAY,200 K,[NH3+]C(CC1=C[NH+]=CN1)C(=O)[O-].CS(=O)(=O)[O-],P21,False,200.0,mediumT,[NH3+]C(CC1=C[NH+]=CN1)C(=O)[O-],CS(=O)(=O)[O-]
BAVYAY,BAVYAY,at 173 K,C1COCCO1.NC(=O)C1(C#N)C(C#N)(C#N)C1(C#N)C#N,P21/c,False,173.0,mediumT,C1COCCO1,NC(=O)C1(C#N)C(C#N)(C#N)C1(C#N)C#N
QOYKUK,QOYKUK,at 173 K,Cc1cccnc1.Oc1ccc2ccccc2c1c1c(O)ccc2ccccc12,P21/c,False,173.0,mediumT,Cc1cccnc1,Oc1ccc2ccccc2c1c1c(O)ccc2ccccc12
QAKBOU,QAKBOU,at 150 K,[NH3+]C(C)c1ccc(Cl)cc1.CCOP([O-])(=S)c1ccccc1,P41212,False,150.0,mediumT,[NH3+]C(C)c1ccc(Cl)cc1,CCOP([O-])(=S)c1ccccc1
NUPTEZ,NUPTEZ,150 K,Cc1c(O)cccc1O.Cc1nc(C)c(C)nc1C,Pbc21,False,150.0,mediumT,Cc1c(O)cccc1O,Cc1nc(C)c(C)nc1C
TOQNAR,TOQNAR,150 K,NC(=S)NN=Cc1cc[nH+]cc1.OC(=O)c1ccccc1C(=O)[O-],P-1,False,150.0,mediumT,NC(=S)NN=Cc1cc[nH+]cc1,OC(=O)c1ccccc1C(=O)[O-]
WICZUF,WICZUF,203 K,Cc1ccccc1C(O)=O.Cc1ccnc(N)n1,P21/n,False,203.0,mediumT,Cc1ccccc1C(O)=O,Cc1ccnc(N)n1
UNEFUO,UNEFUO,at 203 K,C1CN2CCN1CC2.OC(=O)CCCCCC(O)=O,P212121,False,203.0,mediumT,C1CN2CCN1CC2,OC(=O)CCCCCC(O)=O
EZIBOG,EZIBOG,150 K,CC1(C)N(Br)C(=O)N(Br)C1=O.c1cnccn1,P-1,False,150.0,mediumT,CC1(C)N(Br)C(=O)N(Br)C1=O,c1cnccn1
FIQNAV,FIQNAV,at 150 K,COc1ccc(cc1)C=C1SC(=O)NC1=O.CS(C)=O,P21/c,False,150.0,mediumT,COc1ccc(cc1)C=C1SC(=O)NC1=O,CS(C)=O
PURHUH,PURHUH,173 K,Cc1nc(N)nc(N)n1.Oc1c(Cl)cccc1Cl,P-1,False,173.0,mediumT,Cc1nc(N)nc(N)n1,Oc1c(Cl)cccc1Cl
YUBTEW,YUBTEW,150 K,OC(C(=O)[O-])c1ccccc1.[NH2+]=C1NC(=O)N(C=C1)C1CSC(CO)O1,C2,False,150.0,mediumT,OC(C(=O)[O-])c1ccccc1,[NH2+]=C1NC(=O)N(C=C1)C1CSC(CO)O1
BANYOH,BANYOH,180 K,FC(F)(F)S(=O)(=O)[N-]S(=O)(=O)C(F)(F)F.c1ccc(cc1)[S+](c1ccccc1)c1ccccc1,P21/n,False,180.0,mediumT,FC(F)(F)S(=O)(=O)[N-]S(=O)(=O)C(F)(F)F,c1ccc(cc1)[S+](c1ccccc1)c1ccccc1
TALBAL,TALBAL,at 198 K,Nc1[nH+]c2c(O)cccc2cc1.OC(C(=O)[O-])c1ccccc1,P21/c,False,198.0,mediumT,Nc1[nH+]c2c(O)cccc2cc1,OC(C(=O)[O-])c1ccccc1
EWAPUO,EWAPUO,at 150 K,c1ccc2nc3ccccc3cc2c1.Cc1cc(O)cc(O)c1,Pna21,False,150.0,mediumT,c1ccc2nc3ccccc3cc2c1,Cc1cc(O)cc(O)c1
AXOPEJ,AXOPEJ,at 190 K,CC(=CC=C(C)C(O)=O)C(O)=O.c1cc2cccc(c3ccncc3)c2c(c1)c1ccncc1,P21/n,False,190.0,mediumT,CC(=CC=C(C)C(O)=O)C(O)=O,c1cc2cccc(c3ccncc3)c2c(c1)c1ccncc1
HUJQEL,HUJQEL,200 K,CC(C)c1ccc(C)c(O)c1.c1ccc2nc3ccccc3cc2c1,P21/c,False,200.0,mediumT,CC(C)c1ccc(C)c(O)c1,c1ccc2nc3ccccc3cc2c1
UVOKUM,UVOKUM,at 200 K,NC(=O)C1CC[NH2+]CC1.OC(=O)c1cc(Cl)c(Cl)cc1C(=O)[O-],P21/n,False,200.0,mediumT,NC(=O)C1CC[NH2+]CC1,OC(=O)c1cc(Cl)c(Cl)cc1C(=O)[O-]
LESRIM,LESRIM,at 200 K,[NH3+]c1ccc(F)c(Cl)c1.O=N(=O)c1cc(c([O-])c(c1)N(=O)=O)N(=O)=O,P-1,False,200.0,mediumT,[NH3+]c1ccc(F)c(Cl)c1,O=N(=O)c1cc(c([O-])c(c1)N(=O)=O)N(=O)=O
VACBEJ,VACBEJ,150 K,c1cc(ccn1)c1ccncc1.COc1cc(NS(=O)(=O)c2ccc(N)cc2)nc(OC)n1,P2/c,False,150.0,mediumT,c1cc(ccn1)c1ccncc1,COc1cc(NS(=O)(=O)c2ccc(N)cc2)nc(OC)n1
MOXVEB,MOXVEB,at 173 K,OC(=O)CCCCC(O)=O.NC(=O)N1c2ccccc2C=Cc2ccccc12,P-1,False,173.0,mediumT,OC(=O)CCCCC(O)=O,NC(=O)N1c2ccccc2C=Cc2ccccc12
ICUTAD,ICUTAD,at 153 K,CCP(CC)(CC)=[N+]1N=C(C)C=C1C.FC(F)(F)S(=O)(=O)[O-],P-1,False,153.0,mediumT,CCP(CC)(CC)=[N+]1N=C(C)C=C1C,FC(F)(F)S(=O)(=O)[O-]
LAKXUS,LAKXUS,at 193 K,OC(=O)c1c(O)ccc2ccccc12.CN1C=NC2=C1C(=O)N(C)C(=O)N2C,P21/n,False,193.0,mediumT,OC(=O)c1c(O)ccc2ccccc12,CN1C=NC2=C1C(=O)N(C)C(=O)N2C
ASODOD,ASODOD,160 K,Clc1ccc(cc1)C1=NS[S+]=N1.FS(=O)(=O)[O-],P21/c,False,160.0,mediumT,Clc1ccc(cc1)C1=NS[S+]=N1,FS(=O)(=O)[O-]
BUPQAF,BUPQAF,at 180 K,OCC[NH+]=Cc1cc(ccc1[O-])S(=O)(=O)[O-].[NH3+]CCO,P-1,False,180.0,mediumT,OCC[NH+]=Cc1cc(ccc1[O-])S(=O)(=O)[O-],[NH3+]CCO
ZOHTOH,ZOHTOH,at 150 K,Nc1cc(Cl)ccc1Cl.Oc1cc(Cl)c(Cl)c(Cl)c1,P21,False,150.0,mediumT,Nc1cc(Cl)ccc1Cl,Oc1cc(Cl)c(Cl)c(Cl)c1
YOQSIH,YOQSIH,at 173 K,FC(F)(F)C(=O)[O-].CC1=[NH+]C=CN1c1ccc(c(C)c1)C1=NC(=CS1)C,P21/n,False,173.0,mediumT,FC(F)(F)C(=O)[O-],CC1=[NH+]C=CN1c1ccc(c(C)c1)C1=NC(=CS1)C
SETROA,SETROA,at 173 K,OC(=O)CCCCCCCCC(O)=O.NNC(=O)c1ccncc1,P-1,False,173.0,mediumT,OC(=O)CCCCCCCCC(O)=O,NNC(=O)c1ccncc1
OLEZAH,OLEZAH,at 180 K,CC(C)O.COc1cc2c(CN(CCc3cc(O)c(O)cc23)C=O)cc1O,C2/c,False,180.0,mediumT,CC(C)O,COc1cc2c(CN(CCc3cc(O)c(O)cc23)C=O)cc1O
OFUHUS,OFUHUS,at 180 K,Nc1ncccn1.OC(=O)c1ccc(C(O)=O)c2ccccc12,P21/n,False,180.0,mediumT,Nc1ncccn1,OC(=O)c1ccc(C(O)=O)c2ccccc12
FAWBUE,FAWBUE,173 K,O=N(=O)C1=NN=C([N-]1)N(=O)=O.NC1=NC(=[NH2+])NC(=O)N1,P-1,False,173.0,mediumT,O=N(=O)C1=NN=C([N-]1)N(=O)=O,NC1=NC(=[NH2+])NC(=O)N1
HIQSAD,HIQSAD,at 150 K,NC(=O)c1ccc(Br)cc1.OC(=O)CCCCCC(O)=O,C2/c,False,150.0,mediumT,NC(=O)c1ccc(Br)cc1,OC(=O)CCCCCC(O)=O
WELCUP,WELCUP,130 K,CCCCCCCCO.NCC=C,P21/c,False,130.0,mediumT,CCCCCCCCO,NCC=C
AJEZAR,AJEZAR,at 130 K,Nc1cccc2c(N)cccc12.c1ccc2nc3ccccc3nc2c1,P21/n,False,130.0,mediumT,Nc1cccc2c(N)cccc12,c1ccc2nc3ccccc3nc2c1
RETZEW,RETZEW,at 180 K,OC(=O)CCC(O)=O.Cc1cccnc1C,P21/n,False,180.0,mediumT,OC(=O)CCC(O)=O,Cc1cccnc1C
JOLJID,JOLJID,at 193 K,CN(C)P(=O)(N(C)C)N(C)C.NC1=Nc2ccccc2S1,P21/c,False,193.0,mediumT,CN(C)P(=O)(N(C)C)N(C)C,NC1=Nc2ccccc2S1
NOSRIZ,NOSRIZ,130.0 K,FC(F)(F)C(=O)[O-].O=C(OC1C[NH2+]CCC1)c1ccc(cc1N(=O)=O)N(=O)=O,P212121,False,130.0,mediumT,FC(F)(F)C(=O)[O-],O=C(OC1C[NH2+]CCC1)c1ccc(cc1N(=O)=O)N(=O)=O
RESHIH,RESHIH,at 180 K,OC(=O)CCC(O)=O.Cc1cncc(C)c1,P21/c,False,180.0,mediumT,OC(=O)CCC(O)=O,Cc1cncc(C)c1
UZUYIZ01,UZUYIZ01,173 K,Cc1cccc(Nc2ccccc2C(O)=O)c1C.Cc1ccccn1,P21/n,False,173.0,mediumT,Cc1cccc(Nc2ccccc2C(O)=O)c1C,Cc1ccccn1
QEHCUD,QEHCUD,at 173 K,[NH3+]NC(N)=NN(=O)=O.O=N(=O)N=C1NN=N[N-]1,P21/c,False,173.0,mediumT,[NH3+]NC(N)=NN(=O)=O,O=N(=O)N=C1NN=N[N-]1
UZUZEW,UZUZEW,173 K,Cc1cccc(Nc2ccccc2C(O)=O)c1C.Cc1ccncc1,P-1,False,173.0,mediumT,Cc1cccc(Nc2ccccc2C(O)=O)c1C,Cc1ccncc1
PAKPEY,PAKPEY,at 130 K,C[n+]1cccc(c1)C(=O)[O-].OC1=C(O)C(=O)C1=O,P-1,False,130.0,mediumT,C[n+]1cccc(c1)C(=O)[O-],OC1=C(O)C(=O)C1=O
HIQMOL,HIQMOL,at 150 K,NC(=O)c1ccc(Br)cc1.OC(=O)CC(O)=O,P21/c,False,150.0,mediumT,NC(=O)c1ccc(Br)cc1,OC(=O)CC(O)=O
GESKUM,GESKUM,at 150 K,OB(O)c1ccc(Br)cc1.c1cnc2c(c1)ccc1cccnc21,Pca21,False,150.0,mediumT,OB(O)c1ccc(Br)cc1,c1cnc2c(c1)ccc1cccnc21
RESFOL,RESFOL,at 180 K,OC(=O)C=CC(O)=O.Cc1cccnc1C,P21/n,False,180.0,mediumT,OC(=O)C=CC(O)=O,Cc1cccnc1C
CEWZEN,CEWZEN,150 K,c1cc(ccn1)c1ccncc1.OCc1cc(O)cc(O)c1,P-1,False,150.0,mediumT,c1cc(ccn1)c1ccncc1,OCc1cc(O)cc(O)c1
IWASEE,IWASEE,at 203 K,Cc1cccc2cccnc12.Oc1ccc2ccccc2c1c1c(O)ccc2ccccc12,C2/c,False,203.0,mediumT,Cc1cccc2cccnc12,Oc1ccc2ccccc2c1c1c(O)ccc2ccccc12
QERLUV,QERLUV,at 130 K,OC(=O)c1nccnc1C(=O)[O-].Oc1cccc2ccc[nH+]c12,P-1,False,130.0,mediumT,OC(=O)c1nccnc1C(=O)[O-],Oc1cccc2ccc[nH+]c12
VUXNIN,VUXNIN,200 K,Clc1cc(Cl)cc(OCC(=O)[O-])c1.[NH2+]1CCOCC1,P-1,False,200.0,mediumT,Clc1cc(Cl)cc(OCC(=O)[O-])c1,[NH2+]1CCOCC1
SICQEE,SICQEE,150 K,OC(CC(=O)[O-])Cc1ccc(Cl)cc1.[NH3+]C(C(O)c1ccccc1)c1ccccc1,P21,False,150.0,mediumT,OC(CC(=O)[O-])Cc1ccc(Cl)cc1,[NH3+]C(C(O)c1ccccc1)c1ccccc1
VEZPIC,VEZPIC,150 K,CCc1[nH+]c(C)ccc1O.OC(=O)CCCCC(=O)[O-],P-1,False,150.0,mediumT,CCc1[nH+]c(C)ccc1O,OC(=O)CCCCC(=O)[O-]
EXUCUX,EXUCUX,210 K,O=C([O-])CSC1=CNc2ccccc12.OCC[NH+](CCO)CCO,Pbca,False,210.0,mediumT,O=C([O-])CSC1=CNc2ccccc12,OCC[NH+](CCO)CCO
QURSUR,QURSUR,at 150 K,OC(=O)C=CC(=O)[O-].[NH3+]C(C(C)C)C(O)=O,P-1,False,150.0,mediumT,OC(=O)C=CC(=O)[O-],[NH3+]C(C(C)C)C(O)=O
PIXZIJ,PIXZIJ,223 K,OC1=[NH+]CCC1.Cc1ccc(cc1)S(=O)(=O)[O-],P21/c,False,223.0,mediumT,OC1=[NH+]CCC1,Cc1ccc(cc1)S(=O)(=O)[O-]
KIZYID,KIZYID,at 173 K,Nc1ccc(cc1)C(O)=O.CC(=O)Nc1cccc(C)n1,P21/c,False,173.0,mediumT,Nc1ccc(cc1)C(O)=O,CC(=O)Nc1cccc(C)n1
FULLIJ,FULLIJ,at 150 K,NC(=[NH2+])C(N(=O)=O)N(=O)=O.FC(F)(F)S(=O)(=O)[O-],P21/c,False,150.0,mediumT,NC(=[NH2+])C(N(=O)=O)N(=O)=O,FC(F)(F)S(=O)(=O)[O-]
XIRLUJ,XIRLUJ,130 K,CN(C)C=C1SC(=O)N=C1Nc1cccc(O)c1.CN(C)C=O,P21/c,False,130.0,mediumT,CN(C)C=C1SC(=O)N=C1Nc1cccc(O)c1,CN(C)C=O
SULSUO,SULSUO,at 213 K,O[n+]1cccc(c1)N1C(=O)C2=C(CCCC2)S1(=O)=O.FC(F)(F)S(=O)(=O)[O-],P-1,False,213.0,mediumT,O[n+]1cccc(c1)N1C(=O)C2=C(CCCC2)S1(=O)=O,FC(F)(F)S(=O)(=O)[O-]
LUTNUM,LUTNUM,173 K,CCCc1[nH+]ccc(c1)C(N)=S.Oc1cccc(O)c1C(=O)[O-],P21/c,False,173.0,mediumT,CCCc1[nH+]ccc(c1)C(N)=S,Oc1cccc(O)c1C(=O)[O-]
DEKXUO,DEKXUO,at 200 K,OC(=O)c1nccnc1C(=O)[O-].NC(=O)C1CC[NH2+]CC1,P21/n,False,200.0,mediumT,OC(=O)c1nccnc1C(=O)[O-],NC(=O)C1CC[NH2+]CC1
BOVWEQ,BOVWEQ,at 150 K,OC(=O)c1ccc(F)cc1F.C(Cc1ccncc1)c1ccncc1,P-1,False,150.0,mediumT,OC(=O)c1ccc(F)cc1F,C(Cc1ccncc1)c1ccncc1
LATKEY,LATKEY,at 173 K,OC(=O)CCC(O)=O.CC(C)=NNC(=O)c1ccncc1,P21/c,False,173.0,mediumT,OC(=O)CCC(O)=O,CC(C)=NNC(=O)c1ccncc1
DINPIC01,DINPIC01,223 K,CC[P+](C)(C)C.O=N(=O)c1cc(c([O-])c(c1)N(=O)=O)N(=O)=O,P21/n,False,223.0,mediumT,CC[P+](C)(C)C,O=N(=O)c1cc(c([O-])c(c1)N(=O)=O)N(=O)=O
ZOYBEW,ZOYBEW,173 K,COc1cc(ccc1O)C(O)=O.CN1C=NC2=C1C(=O)N(C)C(=O)N2C,P-1,False,173.0,mediumT,COc1cc(ccc1O)C(O)=O,CN1C=NC2=C1C(=O)N(C)C(=O)N2C
CIHFEH,CIHFEH,173 K,NC1=[NH+]C(=O)NC=C1.CC1=CC(=O)[N-]S(=O)(=O)O1,P-1,False,173.0,mediumT,NC1=[NH+]C(=O)NC=C1,CC1=CC(=O)[N-]S(=O)(=O)O1
PEQPIL,PEQPIL,at 153 K,OC(=O)c1ccc(O)cc1.Cc1cc(nc(N)n1)c1cccnc1,P-1,False,153.0,mediumT,OC(=O)c1ccc(O)cc1,Cc1cc(nc(N)n1)c1cccnc1
GATZOS,GATZOS,at 210 K,Oc1cc(O)cc(F)c1.COC(=O)C=Cc1ccncc1,Pbca,False,210.0,mediumT,Oc1cc(O)cc(F)c1,COC(=O)C=Cc1ccncc1
HICZIF01,HICZIF01,173 K,NC(=O)c1ccncc1.OC(=O)CC(O)(CC(O)=O)C(O)=O,P21/c,False,173.0,mediumT,NC(=O)c1ccncc1,OC(=O)CC(O)(CC(O)=O)C(O)=O
HOWXAV,HOWXAV,190 K,OC(=O)c1ccc(cc1)C(O)=O.c1cc(ccn1)N=Nc1ccncc1,P-1,False,190.0,mediumT,OC(=O)c1ccc(cc1)C(O)=O,c1cc(ccn1)N=Nc1ccncc1
ZOYCOH,ZOYCOH,173 K,NC(N)=O.COc1cc(ccc1O)C(O)=O,P-1,False,173.0,mediumT,NC(N)=O,COc1cc(ccc1O)C(O)=O
XAFSOP,XAFSOP,200 K,[NH2+]1CCOCC1.Oc1ccccc1C(=O)[O-],P21,False,200.0,mediumT,[NH2+]1CCOCC1,Oc1ccccc1C(=O)[O-]
PIRYAS,PIRYAS,at 150 K,NS(=O)(=O)c1cc2c(NCNS2(=O)=O)cc1Cl.NC(=O)CCC(N)=O,C2/c,False,150.0,mediumT,NS(=O)(=O)c1cc2c(NCNS2(=O)=O)cc1Cl,NC(=O)CCC(N)=O
JIQCER,JIQCER,at 220 K,Nc1ncccn1.CN1C=CC=C1C(O)=O,P212121,False,220.0,mediumT,Nc1ncccn1,CN1C=CC=C1C(O)=O
XAZQIA,XAZQIA,at 153 K,[NH3+]c1ccc(Cl)cc1.OC(=O)CC(=O)[O-],P21/c,False,153.0,mediumT,[NH3+]c1ccc(Cl)cc1,OC(=O)CC(=O)[O-]
HOXHAE,HOXHAE,at 150 K,c1cc(ccn1)c1ccncc1.O=C1CC(=O)NC(=O)N1,P21/c,False,150.0,mediumT,c1cc(ccn1)c1ccncc1,O=C1CC(=O)NC(=O)N1
RILQUA,RILQUA,at 200 K,Oc1ccc(cc1C(=O)[O-])N(=O)=O.Cc1[nH+]c(NS(=O)(=O)c2ccc(N)cc2)nc(C)c1,P21/n,False,200.0,mediumT,Oc1ccc(cc1C(=O)[O-])N(=O)=O,Cc1[nH+]c(NS(=O)(=O)c2ccc(N)cc2)nc(C)c1
WOVZOZ,WOVZOZ,190 K,Oc1cc[nH+]c2ccccc12.Clc1ccc(C(=O)[O-])c(c1)N(=O)=O,Pbcn,False,190.0,mediumT,Oc1cc[nH+]c2ccccc12,Clc1ccc(C(=O)[O-])c(c1)N(=O)=O
MISNOR,MISNOR,at 198 K,NC(N)=O.CC(=O)CCCCCCCCCC(C)=O,P3212,False,198.0,mediumT,NC(N)=O,CC(=O)CCCCCCCCCC(C)=O
VEVZIH,VEVZIH,150 K,Nc1nc(N)nc(n1)c1cccnc1.CCCCCCCCC(O)=O,P-1,False,150.0,mediumT,Nc1nc(N)nc(n1)c1cccnc1,CCCCCCCCC(O)=O
HIQSEH,HIQSEH,at 150 K,NC(=O)c1ccc(Br)cc1.OC(=O)CCCCC(O)=O,P-1,False,150.0,mediumT,NC(=O)c1ccc(Br)cc1,OC(=O)CCCCC(O)=O
ZAKSAI01,ZAKSAI01,150 K,OC(=O)C(O)=O.NC(=O)c1ccccc1O,P21/c,False,150.0,mediumT,OC(=O)C(O)=O,NC(=O)c1ccccc1O
SADTIC,SADTIC,at 180 K,O=C1CCCN1.OC1=C(Cl)C(=O)C(=C(Cl)C1=O)O,P-1,False,180.0,mediumT,O=C1CCCN1,OC1=C(Cl)C(=O)C(=C(Cl)C1=O)O
RIPYIB,RIPYIB,150 K,Nc1ccc(cc1)C(=O)[O-].CCc1[nH+]c(C)ccc1O,Pna21,False,150.0,mediumT,Nc1ccc(cc1)C(=O)[O-],CCc1[nH+]c(C)ccc1O
WUKROJ,WUKROJ,at 180 K,OC(=O)c1ccc(C(O)=O)c2ccccc12.c1cnc2ccc3ncccc3c2c1,P21/c,False,180.0,mediumT,OC(=O)c1ccc(C(O)=O)c2ccccc12,c1cnc2ccc3ncccc3c2c1
UFALIZ,UFALIZ,150 K,CN(C)C=O.OC(=O)C1=CC=C(O1)C(O)=O,Pbcn,False,150.0,mediumT,CN(C)C=O,OC(=O)C1=CC=C(O1)C(O)=O
EBAWEK,EBAWEK,at 173 K,OC1=C(Br)C(=O)C(=C(Br)C1=O)O.c1cnc(nc1)c1ncccn1,C2/c,False,173.0,mediumT,OC1=C(Br)C(=O)C(=C(Br)C1=O)O,c1cnc(nc1)c1ncccn1
VUXNAF,VUXNAF,200 K,[NH2+]1CCOCC1.O=C([O-])COc1ccccc1,P-1,False,200.0,mediumT,[NH2+]1CCOCC1,O=C([O-])COc1ccccc1
GESBUD,GESBUD,at 150 K,NC(=O)c1ccc(O)cc1.OC(=O)CCCCC(O)=O,P-1,False,150.0,mediumT,NC(=O)c1ccc(O)cc1,OC(=O)CCCCC(O)=O
LATLAU,LATLAU,at 203 K,C(N1C=CN=C1)c1ccc(CN2C=CN=C2)cc1.OC(=O)C=CC(O)=O,P21/n,False,203.0,mediumT,C(N1C=CN=C1)c1ccc(CN2C=CN=C2)cc1,OC(=O)C=CC(O)=O
QETNAF,QETNAF,at 190 K,c1cc(ccn1)C=Cc1ccncc1.Nc1cccc(O)c1,P21/n,False,190.0,mediumT,c1cc(ccn1)C=Cc1ccncc1,Nc1cccc(O)c1
WOHXEZ01,WOHXEZ01,150 K,NC(N)=O.OC(=O)CSC1=NN=C(Br)N1c1ccc(C2CC2)c2ccccc12,P21/c,False,150.0,mediumT,NC(N)=O,OC(=O)CSC1=NN=C(Br)N1c1ccc(C2CC2)c2ccccc12
FULTIQ,FULTIQ,at 198 K,OC(C(=O)[O-])c1ccccc1.[NH3+]C(C)(C)COC(=O)c1ccccc1,P212121,False,198.0,mediumT,OC(C(=O)[O-])c1ccccc1,[NH3+]C(C)(C)COC(=O)c1ccccc1
QACVAT,QACVAT,at 150 K,CCN(CC)C1(O)CCC1.CCNCC,P-1,False,150.0,mediumT,CCN(CC)C1(O)CCC1,CCNCC
NICVAX,NICVAX,at 130 K,FC(F)(F)S(=O)(=O)[O-].C[n+]1ccccc1C[Si](C)(C)C(C)(C)C,P-1,False,130.0,mediumT,FC(F)(F)S(=O)(=O)[O-],C[n+]1ccccc1C[Si](C)(C)C(C)(C)C
CURBEX,CURBEX,at 150 K,FC(F)(F)S(=O)(=O)[O-].C[N+]1(C)C2c3ccccc3C3C(P13)c1ccccc21,P21/c,False,150.0,mediumT,FC(F)(F)S(=O)(=O)[O-],C[N+]1(C)C2c3ccccc3C3C(P13)c1ccccc21
UJOHUX,UJOHUX,at 200 K,NC(=O)C1CC[NH2+]CC1.O=C([O-])c1cc(cc(c1)N(=O)=O)N(=O)=O,P-1,False,200.0,mediumT,NC(=O)C1CC[NH2+]CC1,O=C([O-])c1cc(cc(c1)N(=O)=O)N(=O)=O
LOBNUO,LOBNUO,200 K,OC1CC2[NH+]3CC(O)C2(C=C1)c1cc2OCOc2cc1C3.O=N(=O)c1cc(c([O-])c(c1)N(=O)=O)N(=O)=O,P212121,False,200.0,mediumT,OC1CC2[NH+]3CC(O)C2(C=C1)c1cc2OCOc2cc1C3,O=N(=O)c1cc(c([O-])c(c1)N(=O)=O)N(=O)=O
LUNNEN,LUNNEN,at 203 K,NC(=O)c1ccncc1.CCOC(=O)C=CC(O)=O,P21/n,False,203.0,mediumT,NC(=O)c1ccncc1,CCOC(=O)C=CC(O)=O
SARPAG,SARPAG,180 K,Cc1ccc(cc1)S(=O)(=O)[O-].[NH3+]C(C(O)=O)c1ccc(O)cc1,P212121,False,180.0,mediumT,Cc1ccc(cc1)S(=O)(=O)[O-],[NH3+]C(C(O)=O)c1ccc(O)cc1
XIFQEJ,XIFQEJ,at 130.0 K,OC(O)C(O)=O.c1ccc2nccnc2c1,P-1,False,130.0,mediumT,OC(O)C(O)=O,c1ccc2nccnc2c1
LUJSIT,LUJSIT,at 180 K,CC(=O)Nc1ccc(O)cc1.c1ccc2ccccc2c1,P21/c,False,180.0,mediumT,CC(=O)Nc1ccc(O)cc1,c1ccc2ccccc2c1
VURKUP,VURKUP,at 173 K,CCCCN1C=[N+](C)C(=C1Br)Br.FC(F)(F)S(=O)(=O)[O-],P21/c,False,173.0,mediumT,CCCCN1C=[N+](C)C(=C1Br)Br,FC(F)(F)S(=O)(=O)[O-]
GONLIG,GONLIG,at 240 K,[NH2+]=C1NC(=O)NC=C1F.CC1=CC(=O)[N-]S(=O)(=O)O1,C2/c,False,240.0,mediumT,[NH2+]=C1NC(=O)NC=C1F,CC1=CC(=O)[N-]S(=O)(=O)O1
NORKOX,NORKOX,130 K,OC12CC[NH+](CC1)CC2.O=N(=O)c1cc(c([O-])c(c1)N(=O)=O)N(=O)=O,P212121,False,130.0,mediumT,OC12CC[NH+](CC1)CC2,O=N(=O)c1cc(c([O-])c(c1)N(=O)=O)N(=O)=O
TOQNOF,TOQNOF,150 K,NC(=S)NN=Cc1cc[nH+]cc1.OC(=O)c1cccc(n1)C(=O)[O-],P21/n,False,150.0,mediumT,NC(=S)NN=Cc1cc[nH+]cc1,OC(=O)c1cccc(n1)C(=O)[O-]
UQOCOT,UQOCOT,at 213 K,FC(F)(F)S(=O)(=O)[N-]S(=O)(=O)C(F)(F)F.C[N+](C)(C)CCO,Pna21,False,213.0,mediumT,FC(F)(F)S(=O)(=O)[N-]S(=O)(=O)C(F)(F)F,C[N+](C)(C)CCO
HOQSEO,HOQSEO,150 K,CN1CC(=O)N(C)CC1=O.OO,P21/n,False,150.0,mediumT,CN1CC(=O)N(C)CC1=O,OO
SAMLAU,SAMLAU,at 125 K,[NH2+]1CCOCC1.CC(C)OCC(OC(C)C(=O)[O-])c1ccccc1,C2,False,125.0,mediumT,[NH2+]1CCOCC1,CC(C)OCC(OC(C)C(=O)[O-])c1ccccc1
CERVIG,CERVIG,at 200 K,OC(=O)c1cc(ccc1O)S(=O)(=O)[O-].O=N(=O)c1ccc(Cc2cc[nH+]cc2)cc1,P21/c,False,200.0,mediumT,OC(=O)c1cc(ccc1O)S(=O)(=O)[O-],O=N(=O)c1ccc(Cc2cc[nH+]cc2)cc1
VAGHIY,VAGHIY,173 K,CC1(C)OC(=O)C2(C(=O)O1)C(C#N)(C#N)C2(C#N)C#N.C1COCCO1,P-1,False,173.0,mediumT,CC1(C)OC(=O)C2(C(=O)O1)C(C#N)(C#N)C2(C#N)C#N,C1COCCO1
ULEFEW,ULEFEW,at 193 K,FC(F)(F)S(=O)(=O)[O-].O=C1CCN2C(c3ccccc3)C(=CN12)c1[nH+]cccc1,P21212,False,193.0,mediumT,FC(F)(F)S(=O)(=O)[O-],O=C1CCN2C(c3ccccc3)C(=CN12)c1[nH+]cccc1
MOGZOX,MOGZOX,at 173 K,CS(=O)(=O)[N-]S(C)(=O)=O.Oc1cccc2ccc[nH+]c12,P21/c,False,173.0,mediumT,CS(=O)(=O)[N-]S(C)(=O)=O,Oc1cccc2ccc[nH+]c12
BOVWOA,BOVWOA,at 150 K,c1cc(ccn1)C=Cc1ccncc1.OC(=O)c1ccc(F)c(F)c1F,P21/n,False,150.0,mediumT,c1cc(ccn1)C=Cc1ccncc1,OC(=O)c1ccc(F)c(F)c1F
NUJWAR,NUJWAR,at 173 K,COc1cncc(Br)c1.ON=C(C#N)c1ccc(Br)cc1,P-1,False,173.0,mediumT,COc1cncc(Br)c1,ON=C(C#N)c1ccc(Br)cc1
MOGWEM,MOGWEM,at 173 K,Cc1ccncc1.OC(=O)CCCCC(O)=O,P1,False,173.0,mediumT,Cc1ccncc1,OC(=O)CCCCC(O)=O
BERMOA,BERMOA,at 143 K,CC(C)=NNC(N)=S.C1COCCOCCOCCO1,P-1,False,143.0,mediumT,CC(C)=NNC(N)=S,C1COCCOCCOCCO1
AJADEX,AJADEX,130 K,FC(F)(F)C(=O)[O-].COC(=O)C1(C[NH2+]C(COC(F)(F)F)C1)C(=O)OC,Pna21,False,130.0,mediumT,FC(F)(F)C(=O)[O-],COC(=O)C1(C[NH2+]C(COC(F)(F)F)C1)C(=O)OC
NIXRUJ,NIXRUJ,170 K,O=C1NC(=O)C(=C1c1ccccc1)c1ccccc1.CN1CCCC1=O,P21/n,False,170.0,mediumT,O=C1NC(=O)C(=C1c1ccccc1)c1ccccc1,CN1CCCC1=O
EMUREJ,EMUREJ,at 140 K,C[N+]1(CCOCC1)CC(O)=O.Oc1ccccc1C(=O)[O-],Pbca,False,140.0,mediumT,C[N+]1(CCOCC1)CC(O)=O,Oc1ccccc1C(=O)[O-]
NOQWIC,NOQWIC,130 K,FC(F)(F)S(=O)(=O)[O-].C[n+]1ccccc1CC[Si](C)(C)C,P-1,False,130.0,mediumT,FC(F)(F)S(=O)(=O)[O-],C[n+]1ccccc1CC[Si](C)(C)C
DERXEH,DERXEH,193 K,FC(F)(F)S(=O)(=O)[N-]S(=O)(=O)C(F)(F)F.OC(=O)CC[n+]1ccccc1,P21/c,False,193.0,mediumT,FC(F)(F)S(=O)(=O)[N-]S(=O)(=O)C(F)(F)F,OC(=O)CC[n+]1ccccc1
AMILUD,AMILUD,at 150 K,c1cnc2c(c1)ccc1cccnc21.NC(N)=O,C2/c,False,150.0,mediumT,c1cnc2c(c1)ccc1cccnc21,NC(N)=O
EWANOG,EWANOG,at 150 K,Cc1cc(O)cc(O)c1.Cc1cc(C)nc(N)n1,P-1,False,150.0,mediumT,Cc1cc(O)cc(O)c1,Cc1cc(C)nc(N)n1
JIYGUW,JIYGUW,207 K,ClCC[NH+]1CCCC1.OC1=C([O-])C(=O)C1=O,P-1,False,207.0,mediumT,ClCC[NH+]1CCCC1,OC1=C([O-])C(=O)C1=O
RIPYAT,RIPYAT,150 K,O=C1CC(=O)NC(=O)N1.Nc1ccc(cc1)C(O)=O,P21/n,False,150.0,mediumT,O=C1CC(=O)NC(=O)N1,Nc1ccc(cc1)C(O)=O
PAHHEO,PAHHEO,150.0 K,OC(=O)c1ccccc1O.NC(=O)c1ccc(O)cc1,P21/c,False,150.0,mediumT,OC(=O)c1ccccc1O,NC(=O)c1ccc(O)cc1
DIKCOQ,DIKCOQ,at 173 K,OC(=O)c1ccc2ccccc2c1O.CN1C(=C(O)c2ccccc2S1(=O)=O)C(=O)Nc1ccccn1,P-1,False,173.0,mediumT,OC(=O)c1ccc2ccccc2c1O,CN1C(=C(O)c2ccccc2S1(=O)=O)C(=O)Nc1ccccn1
NIDPUN,NIDPUN,at 150 K,C1CN2CCN1CC2.CC(=O)Nc1ccc(O)cc1,P-1,False,150.0,mediumT,C1CN2CCN1CC2,CC(=O)Nc1ccc(O)cc1
SARJOL,SARJOL,at 153 K,OC(=O)c1cccc(n1)C(=O)[O-].CCN(CC)C1=[NH+]C(=CC(=O)N1)C,P-1,False,153.0,mediumT,OC(=O)c1cccc(n1)C(=O)[O-],CCN(CC)C1=[NH+]C(=CC(=O)N1)C
XIJBIE,XIJBIE,130 K,NS(=O)(=O)[O-].[NH3+]c1ccc(cc1)S(N)(=O)=O,P21,False,130.0,mediumT,NS(=O)(=O)[O-],[NH3+]c1ccc(cc1)S(N)(=O)=O
UZUYIZ,UZUYIZ,173 K,Cc1cccc(Nc2ccccc2C(O)=O)c1C.Cc1ccccn1,P-1,False,173.0,mediumT,Cc1cccc(Nc2ccccc2C(O)=O)c1C,Cc1ccccn1
GUZDUB,GUZDUB,at 173 K,FC(F)(F)S(=O)(=O)[O-].CCN1C=CC=CB1[n+]1ccc(C)cc1,Pbca,False,173.0,mediumT,FC(F)(F)S(=O)(=O)[O-],CCN1C=CC=CB1[n+]1ccc(C)cc1
NOSMIR,NOSMIR,at 193 K,C1COCCO1.CC1(C)CC(=O)C2(C(=O)C1)C(C#N)(C#N)C2(C#N)C#N,P21/n,False,193.0,mediumT,C1COCCO1,CC1(C)CC(=O)C2(C(=O)C1)C(C#N)(C#N)C2(C#N)C#N
QAKWAA,QAKWAA,at 173 K,FC([O-])=NS(F)(F)C(F)(F)F.CN(C)[S+](N(C)C)N(C)C,Pc,False,173.0,mediumT,FC([O-])=NS(F)(F)C(F)(F)F,CN(C)[S+](N(C)C)N(C)C
COXGUS,COXGUS,at 150 K,OC(=O)c1cccc(c1C(=O)[O-])N(=O)=O.[NH3+]c1ccc(cc1)C(O)=O,P21/a,False,150.0,mediumT,OC(=O)c1cccc(c1C(=O)[O-])N(=O)=O,[NH3+]c1ccc(cc1)C(O)=O
WADWAB,WADWAB,at 200 K,O=C([O-])Cc1ccccc1.NC(=O)C1CC[NH2+]CC1,P21/c,False,200.0,mediumT,O=C([O-])Cc1ccccc1,NC(=O)C1CC[NH2+]CC1
HIQRUW,HIQRUW,at 150 K,NC(=O)c1ccc(Br)cc1.OC(=O)CCCCCCC(O)=O,P-1,False,150.0,mediumT,NC(=O)c1ccc(Br)cc1,OC(=O)CCCCCCC(O)=O
GENLUH,GENLUH,at 180 K,Cc1ccc(cc1)C(N)=O.OC(=O)C(O)=O,P21/c,False,180.0,mediumT,Cc1ccc(cc1)C(N)=O,OC(=O)C(O)=O
SOLFUW,SOLFUW,at 150 K,NC(=O)c1ccncc1.Nc1ccc(cc1)C(O)=O,P21/c,False,150.0,mediumT,NC(=O)c1ccncc1,Nc1ccc(cc1)C(O)=O
FICNAI,FICNAI,at 150 K,CN(C)C=C1SC2=NC(=O)c3ccccc3N2C1=O.CS(C)=O,C2/c,False,150.0,mediumT,CN(C)C=C1SC2=NC(=O)c3ccccc3N2C1=O,CS(C)=O
HUNJEH,HUNJEH,173 K,CN1C=NC2=C1C(=O)N(CCCCC(C)=O)C(=O)N2C.CC(=O)Oc1ccccc1C(O)=O,P-1,False,173.0,mediumT,CN1C=NC2=C1C(=O)N(CCCCC(C)=O)C(=O)N2C,CC(=O)Oc1ccccc1C(O)=O
BOVWAM,BOVWAM,at 150 K,c1cc(ccn1)C=Cc1ccncc1.OC(=O)c1ccc(F)cc1F,P-1,False,150.0,mediumT,c1cc(ccn1)C=Cc1ccncc1,OC(=O)c1ccc(F)cc1F
MIYTOF,MIYTOF,at 150 K,O=S1(=O)N=C(NC2=CC(=NN12)c1ccccc1)N1CCCCC1.CS(C)=O,P-1,False,150.0,mediumT,O=S1(=O)N=C(NC2=CC(=NN12)c1ccccc1)N1CCCCC1,CS(C)=O
WADNAT,WADNAT,213.1 K,[NH3+]Cc1ccc(Cl)cc1.BrCCCCCCCCCCCC(=O)[O-],P21,False,213.0,mediumT,[NH3+]Cc1ccc(Cl)cc1,BrCCCCCCCCCCCC(=O)[O-]
EBUCEL,EBUCEL,at 173 K,c1ccc(nc1)c1ccccn1.COC(=O)NC(=S)Nc1ccccc1NC(=S)NC(=O)OC,P-1,False,173.0,mediumT,c1ccc(nc1)c1ccccn1,COC(=O)NC(=S)Nc1ccccc1NC(=S)NC(=O)OC
MUYVOS,MUYVOS,at 199 K,ON=C1C(=O)NC(=O)NC1=O.NN1C=NN=C1,P-1,False,199.0,mediumT,ON=C1C(=O)NC(=O)NC1=O,NN1C=NN=C1
IVEPAD,IVEPAD,173 K,OC(=O)C=Cc1ccc(O)cc1.c1ccncc1,Pbca,False,173.0,mediumT,OC(=O)C=Cc1ccc(O)cc1,c1ccncc1
QAMRIG,QAMRIG,at 150 K,c1ccncc1.Oc1ccc(O)cc1,P21/c,False,150.0,mediumT,c1ccncc1,Oc1ccc(O)cc1
GENMAO,GENMAO,at 180 K,Cc1ccc(cc1)C(N)=O.OC(=O)CCCCCCCCC(O)=O,C2/c,False,180.0,mediumT,Cc1ccc(cc1)C(N)=O,OC(=O)CCCCCCCCC(O)=O
FOMDOC,FOMDOC,173 K,CC1=[N+]([O-])ON=C1C=NNC(N)=[NH2+].O=N(=O)C1=NN=N[N-]1,P21/c,False,173.0,mediumT,CC1=[N+]([O-])ON=C1C=NNC(N)=[NH2+],O=N(=O)C1=NN=N[N-]1
LABQIR,LABQIR,133 K,Brc1ccc(cc1)S(=O)(=O)[N-]S(=O)(=O)c1ccc(Br)cc1.Brc1c[nH+]ccc1,P-1,False,133.0,mediumT,Brc1ccc(cc1)S(=O)(=O)[N-]S(=O)(=O)c1ccc(Br)cc1,Brc1c[nH+]ccc1
TAPDIB,TAPDIB,173 K,O=C([O-])c1cc(cc(c1)N(=O)=O)N(=O)=O.[NH3+]c1ccc(cc1)S(=O)(=O)N=C1NC=CS1,P212121,False,173.0,mediumT,O=C([O-])c1cc(cc(c1)N(=O)=O)N(=O)=O,[NH3+]c1ccc(cc1)S(=O)(=O)N=C1NC=CS1
SEPVES,SEPVES,150 K,OC(=O)[O-].CC(C)NC(NCC1=CC=CO1)=[NH+]C(C)C,P21/n,False,150.0,mediumT,OC(=O)[O-],CC(C)NC(NCC1=CC=CO1)=[NH+]C(C)C
BOWJEE,BOWJEE,at 150 K,c1cc(ccn1)C=Cc1ccncc1.OC(=O)c1c(F)cc(F)cc1F,P-1,False,150.0,mediumT,c1cc(ccn1)C=Cc1ccncc1,OC(=O)c1c(F)cc(F)cc1F
YEPBEB,YEPBEB,at 203 K,CC(C)NC(NC(C)C)=[NH+]c1c(F)c(F)c(F)c(F)c1F.OC(=O)C(=O)[O-],P21,False,203.0,mediumT,CC(C)NC(NC(C)C)=[NH+]c1c(F)c(F)c(F)c(F)c1F,OC(=O)C(=O)[O-]
TOQNIZ,TOQNIZ,150 K,NC(=S)NN=Cc1cc[nH+]cc1.OC(=O)c1ccncc1C(=O)[O-],Pna21,False,150.0,mediumT,NC(=S)NN=Cc1cc[nH+]cc1,OC(=O)c1ccncc1C(=O)[O-]
COLHOD,COLHOD,150 K,Nc1ncccn1.OB(O)O,C2/c,False,150.0,mediumT,Nc1ncccn1,OB(O)O
TICZUC,TICZUC,at 173 K,c1ccc(cc1)c1ccncc1.Nc1ccc(cc1)C(O)=O,P-1,False,173.0,mediumT,c1ccc(cc1)c1ccncc1,Nc1ccc(cc1)C(O)=O
QEJKUP,QEJKUP,150 K,FC(F)(F)C(=O)[O-].Fc1ccccc1N1CC[NH2+]CC1,P-1,False,150.0,mediumT,FC(F)(F)C(=O)[O-],Fc1ccccc1N1CC[NH2+]CC1
KUCQEG,KUCQEG,at 150 K,Nc1ccc(F)cc1.Cc1cccc(O)c1,P21/c,False,150.0,mediumT,Nc1ccc(F)cc1,Cc1cccc(O)c1
AYEPUR,AYEPUR,173 K,C1CN2CN3CN1CN(C2)C3.Oc1ccc(Cl)cc1,P21/c,False,173.0,mediumT,C1CN2CN3CN1CN(C2)C3,Oc1ccc(Cl)cc1
FUSCIH,FUSCIH,173 K,Brc1c2ccccc2cc2ccccc12.C=CCN1C(=O)C2=C(SC3=C(S2)C(=O)N(CC=C)C3=O)C1=O,P21/n,False,173.0,mediumT,Brc1c2ccccc2cc2ccccc12,C=CCN1C(=O)C2=C(SC3=C(S2)C(=O)N(CC=C)C3=O)C1=O
LUSWEB,LUSWEB,at 150 K,c1cc2cncc3ccc4cncc1c4c23.OC(=O)c1ccc(C(O)=O)c(c1)c1cc(ccc1C(O)=O)C(O)=O,C2/c,False,150.0,mediumT,c1cc2cncc3ccc4cncc1c4c23,OC(=O)c1ccc(C(O)=O)c(c1)c1cc(ccc1C(O)=O)C(O)=O
WOCVIT,WOCVIT,at 153 K,Nc1ccc(cc1)C(O)=O.Nc1ccc(cc1)C#N,P21/c,False,153.0,mediumT,Nc1ccc(cc1)C(O)=O,Nc1ccc(cc1)C#N
DEKYAV,DEKYAV,at 200 K,NC(=O)C1CC[NH2+]CC1.O=C([O-])c1ccccn1,P21/n,False,200.0,mediumT,NC(=O)C1CC[NH2+]CC1,O=C([O-])c1ccccn1
FADHOJ,FADHOJ,at 173 K,OC(=O)c1cccc(O)c1.CCC(C)=NNC(=O)c1ccncc1,P21/c,False,173.0,mediumT,OC(=O)c1cccc(O)c1,CCC(C)=NNC(=O)c1ccncc1
XIYVOS,XIYVOS,173 K,Oc1ccccc1CN1C=Nc2ccccc12.c1ccccc1,P-1,False,173.0,mediumT,Oc1ccccc1CN1C=Nc2ccccc12,c1ccccc1
BOVVUF,BOVVUF,at 150 K,C(Cc1ccncc1)c1ccncc1.OC(=O)c1cccc(F)c1F,P-1,False,150.0,mediumT,C(Cc1ccncc1)c1ccncc1,OC(=O)c1cccc(F)c1F
AYEQAY,AYEQAY,173 K,C1CN2CN3CN1CN(C2)C3.Cc1cc(O)cc(C)c1Cl,P21/n,False,173.0,mediumT,C1CN2CN3CN1CN(C2)C3,Cc1cc(O)cc(C)c1Cl
EGOSEB,EGOSEB,173 K,C[N+](C)(C)NCCC(O)=O.OC(=O)C=CC(=O)[O-],P21/n,False,173.0,mediumT,C[N+](C)(C)NCCC(O)=O,OC(=O)C=CC(=O)[O-]
NUKYUO,NUKYUO,at 180 K,NC(=O)c1cccnc1.OC(=O)CCCCCC(O)=O,P-1,False,180.0,mediumT,NC(=O)c1cccnc1,OC(=O)CCCCCC(O)=O
TOYHUM,TOYHUM,at 150 K,c1cc(ccn1)c1ccncc1.Oc1ccc2ccccc2c1,P21/c,False,150.0,mediumT,c1cc(ccn1)c1ccncc1,Oc1ccc2ccccc2c1
GESBEN,GESBEN,at 150 K,NC(=O)c1ccc(O)cc1.OC(=O)C=CC(O)=O,P21/c,True,150.0,mediumT,NC(=O)c1ccc(O)cc1,OC(=O)C=CC(O)=O
GOGBUC,GOGBUC,150 K,NC(=S)NN=Cc1cc[nH+]cc1.NC(=O)C(=O)[O-],Pna21,False,150.0,mediumT,NC(=S)NN=Cc1cc[nH+]cc1,NC(=O)C(=O)[O-]
EWUTIB,EWUTIB,173 K,O=C1C(=C(C#N)C(=O)C(=C1C#N)C#N)C#N.Cc1cc(C)cc(C)c1,P-1,False,173.0,mediumT,O=C1C(=C(C#N)C(=O)C(=C1C#N)C#N)C#N,Cc1cc(C)cc(C)c1
UNIRIT,UNIRIT,at 150 K,OC(=O)CCC(O)=O.NC(N)=O,C2/c,False,150.0,mediumT,OC(=O)CCC(O)=O,NC(N)=O
UWEYON,UWEYON,200 K,O=C1NS(=O)(=O)c2ccccc12.NC(=O)c1nc(F)cnc1O,P-1,False,200.0,mediumT,O=C1NS(=O)(=O)c2ccccc12,NC(=O)c1nc(F)cnc1O
BISHIY05,BISHIY05,190 K,c1cc(ccn1)N=Nc1ccncc1.OC(=O)c1ccccc1,Pccn,False,190.0,mediumT,c1cc(ccn1)N=Nc1ccncc1,OC(=O)c1ccccc1
WUKREZ,WUKREZ,at 180 K,OC(=O)c1ccc(cc1)C(O)=O.c1cnc2ccc3ncccc3c2c1,Pnma,False,180.0,mediumT,OC(=O)c1ccc(cc1)C(O)=O,c1cnc2ccc3ncccc3c2c1
WANKIF,WANKIF,at 178 K,O=C([O-])c1cc2CCc3ccc(CCc1cc2)cc3.C[NH2+]C(C)C(O)c1ccccc1,P212121,False,178.0,mediumT,O=C([O-])c1cc2CCc3ccc(CCc1cc2)cc3,C[NH2+]C(C)C(O)c1ccccc1
BACREE,BACREE,at 173 K,O=N(=O)[C-](C#N)N(=O)=O.[NH2+]=C1NC2NC(NC2N1)=NN(=O)=O,C2/c,False,173.0,mediumT,O=N(=O)[C-](C#N)N(=O)=O,[NH2+]=C1NC2NC(NC2N1)=NN(=O)=O
SOXFUG,SOXFUG,at 163 K,C1COCCO1.N#CC1(C#N)C(C#N)(C#N)C1(C#N)C#N,R3c,False,163.0,mediumT,C1COCCO1,N#CC1(C#N)C(C#N)(C#N)C1(C#N)C#N
XOHXAU,XOHXAU,at 150 K,O=C1CC2(CCCCC2)CN1.OC(=O)c1ccccc1,P21/n,False,150.0,mediumT,O=C1CC2(CCCCC2)CN1,OC(=O)c1ccccc1
RAFDEJ,RAFDEJ,at 173 K,CCC1(CC)C(=O)NC=CC1=O.CC(C)C1=C(C)N(C)N(c2ccccc2)C1=O,P21/c,False,173.0,mediumT,CCC1(CC)C(=O)NC=CC1=O,CC(C)C1=C(C)N(C)N(c2ccccc2)C1=O
ULAXAG,ULAXAG,at 153 K,NC(=O)c1ccncc1.OC(=O)CCCC(O)=O,P21/c,False,153.0,mediumT,NC(=O)c1ccncc1,OC(=O)CCCC(O)=O
NUQLIW,NUQLIW,150 K,Cc1c(O)cccc1O.CN(C)c1ccncc1,P21/n,False,150.0,mediumT,Cc1c(O)cccc1O,CN(C)c1ccncc1
RESGAY,RESGAY,at 180 K,OC(=O)CCC(O)=O.Cc1ccnc(C)c1,P21/n,False,180.0,mediumT,OC(=O)CCC(O)=O,Cc1ccnc(C)c1
YEPPUI,YEPPUI,150 K,FC(F)(F)S(=O)(=O)[O-].FC(F)(F)c1cc(nc2cccc[n+]12)c1ccccc1,Pbca,False,150.0,mediumT,FC(F)(F)S(=O)(=O)[O-],FC(F)(F)c1cc(nc2cccc[n+]12)c1ccccc1
NOSTUN,NOSTUN,173 K,NC(=O)c1ccncc1.OC(=O)Cc1ccc(O)c(Cl)c1,P-1,False,173.0,mediumT,NC(=O)c1ccncc1,OC(=O)Cc1ccc(O)c(Cl)c1
TOYHOG,TOYHOG,at 150 K,c1cc(ccn1)c1ccncc1.OC(=O)c1cccc(F)c1F,P-1,False,150.0,mediumT,c1cc(ccn1)c1ccncc1,OC(=O)c1cccc(F)c1F
ESUXEV,ESUXEV,at 150 K,COC12[NH2+]C(CC1)C1C=CCCC21.O=N(=O)c1cc(c([O-])c(c1)N(=O)=O)N(=O)=O,P-1,False,150.0,mediumT,COC12[NH2+]C(CC1)C1C=CCCC21,O=N(=O)c1cc(c([O-])c(c1)N(=O)=O)N(=O)=O
OFUHIG,OFUHIG,at 180 K,Nc1ncccn1.Oc1ccc(O)cc1,P21/c,False,180.0,mediumT,Nc1ncccn1,Oc1ccc(O)cc1
MULPER,MULPER,170 K,O=C1[N-]S(=O)(=O)c2ccccc12.COc1cc[n+](O)c(OC)c1,P21,False,170.0,mediumT,O=C1[N-]S(=O)(=O)c2ccccc12,COc1cc[n+](O)c(OC)c1
NUQLES,NUQLES,150 K,Cc1c(O)cccc1O.Nc1ccncc1,P21/n,False,150.0,mediumT,Cc1c(O)cccc1O,Nc1ccncc1
MOJCOF,MOJCOF,153 K,Nc1nc(N)c(C#N)c(c2cccc3ccccc23)c1C#N.C1CCOC1,P21/n,False,153.0,mediumT,Nc1nc(N)c(C#N)c(c2cccc3ccccc23)c1C#N,C1CCOC1
TIDMUO,TIDMUO,at 143 K,CN(C)c1cc[n+](cc1)S(C)(=O)=O.CS(=O)(=O)[N-]S(C)(=O)=O,P21/c,False,143.0,mediumT,CN(C)c1cc[n+](cc1)S(C)(=O)=O,CS(=O)(=O)[N-]S(C)(=O)=O
MOXYEG,MOXYEG,150 K,[NH3+]C(C(O)c1ccccc1)c1ccccc1.OC(C(=O)[O-])c1cccc(Cl)c1,P212121,False,150.0,mediumT,[NH3+]C(C(O)c1ccccc1)c1ccccc1,OC(C(=O)[O-])c1cccc(Cl)c1
LOSHUZ,LOSHUZ,173 K,OC(=O)C(=O)[O-].CCOP(=S)(OCC)OCC[NH+](C)C,P-1,False,173.0,mediumT,OC(=O)C(=O)[O-],CCOP(=S)(OCC)OCC[NH+](C)C
GEVLOM,GEVLOM,150 K,COc1nc(N)nc(OC)c1N=Nc1ccc(N)cc1.C1CCOC1,P21,False,150.0,mediumT,COc1nc(N)nc(OC)c1N=Nc1ccc(N)cc1,C1CCOC1
LUNNIR,LUNNIR,at 173 K,NC(=O)c1ccncc1.OC(=O)CCC(=O)CCC(O)=O,P-1,False,173.0,mediumT,NC(=O)c1ccncc1,OC(=O)CCC(=O)CCC(O)=O
CIHHIM,CIHHIM,at 173 K,FC(F)(F)S(=O)(=O)[N-]S(=O)(=O)C(F)(F)F.C[N+]1=C(Br)N(CC#C)C(=C1Br)Br,P-1,False,173.0,mediumT,FC(F)(F)S(=O)(=O)[N-]S(=O)(=O)C(F)(F)F,C[N+]1=C(Br)N(CC#C)C(=C1Br)Br
LOYCUZ,LOYCUZ,at 150 K,Clc1ccc2Oc3ccccc3N=C(N3CC[NH2+]CC3)c2c1.CC(=O)[O-],P21/c,False,150.0,mediumT,Clc1ccc2Oc3ccccc3N=C(N3CC[NH2+]CC3)c2c1,CC(=O)[O-]
RADGAF,RADGAF,at 150 K,NC1=Nc2cc(Cl)ccc2O1.OC(=O)COc1cccc(Cl)c1Cl,P21/c,False,150.0,mediumT,NC1=Nc2cc(Cl)ccc2O1,OC(=O)COc1cccc(Cl)c1Cl
ASOMIE,ASOMIE,at 203.1 K,CC=CC=CC(=O)[O-].[NH3+]Cc1ccc(Cl)cc1,P-1,False,203.0,mediumT,CC=CC=CC(=O)[O-],[NH3+]Cc1ccc(Cl)cc1
TALBIT,TALBIT,at 198 K,[NH3+]C(Cc1ccccc1)C(N)=O.OC(C(=O)[O-])c1ccccc1,C2,False,198.0,mediumT,[NH3+]C(Cc1ccccc1)C(N)=O,OC(C(=O)[O-])c1ccccc1
YAGNEB,YAGNEB,at 173 K,[NH3+]c1cccc(F)c1.Cc1ccc(cc1)S(=O)(=O)[O-],P21/n,False,173.0,mediumT,[NH3+]c1cccc(F)c1,Cc1ccc(cc1)S(=O)(=O)[O-]
POJFUQ,POJFUQ,at 153 K,OC(=O)c1cccc2C(=O)C(=C(Sc12)c1ccccc1)O.CN(C)C=O,P21/c,False,153.0,mediumT,OC(=O)c1cccc2C(=O)C(=C(Sc12)c1ccccc1)O,CN(C)C=O
TORXOQ,TORXOQ,150 K,c1cc(ccn1)c1ccncc1.OC(=O)CCCCCCC(O)=O,P-1,False,150.0,mediumT,c1cc(ccn1)c1ccncc1,OC(=O)CCCCCCC(O)=O
NUQKIV,NUQKIV,150 K,Cc1c(O)cccc1O.c1ccc(nc1)c1ccccn1,P21/n,False,150.0,mediumT,Cc1c(O)cccc1O,c1ccc(nc1)c1ccccn1
RADFUY,RADFUY,at 150 K,NC1=[NH+]CCS1.Clc1cccc(OCC(=O)[O-])c1Cl,Pbca,False,150.0,mediumT,NC1=[NH+]CCS1,Clc1cccc(OCC(=O)[O-])c1Cl
HAPCOU,HAPCOU,150 K,Cc1nc(C)c(C)nc1C.CC(=O)Oc1ccccc1C(O)=O,I2/a,False,150.0,mediumT,Cc1nc(C)c(C)nc1C,CC(=O)Oc1ccccc1C(O)=O
FUZLES,FUZLES,at 173 K,OB(O)c1cccc(C=C2NC(=O)NC2=O)c1.CS(C)=O,P-1,False,173.0,mediumT,OB(O)c1cccc(C=C2NC(=O)NC2=O)c1,CS(C)=O
HOFZOS,HOFZOS,at 130 K,[NH3+]c1ccc(cc1)C(O)=O.OC(=O)c1cc(Cl)c(Cl)cc1C(=O)[O-],C2/c,False,130.0,mediumT,[NH3+]c1ccc(cc1)C(O)=O,OC(=O)c1cc(Cl)c(Cl)cc1C(=O)[O-]
YONLAO,YONLAO,at 153 K,Nc1nc(N)nc(n1)c1ccccc1.O=C1NC(=O)c2ccccc12,P21,False,153.0,mediumT,Nc1nc(N)nc(n1)c1ccccc1,O=C1NC(=O)c2ccccc12
KUJYOD,KUJYOD,at 178 K,CC(C)[P+](Cl)(C(C)C)C(C)C.CS(=O)(=O)[N-]S(C)(=O)=O,P21/c,False,178.0,mediumT,CC(C)[P+](Cl)(C(C)C)C(C)C,CS(=O)(=O)[N-]S(C)(=O)=O
OFUBEA,OFUBEA,200 K,O=N(=O)c1ccc([O-])c(c1)N(=O)=O.Oc1c[nH+]ccc1,P212121,False,200.0,mediumT,O=N(=O)c1ccc([O-])c(c1)N(=O)=O,Oc1c[nH+]ccc1
MEGBUY,MEGBUY,150.2 K,CC(C)N1[P+]N(C(C)C)c2ccccc12.FC(F)(F)S(=O)(=O)[O-],P21/n,False,150.0,mediumT,CC(C)N1[P+]N(C(C)C)c2ccccc12,FC(F)(F)S(=O)(=O)[O-]
WOKGEI,WOKGEI,at 193 K,OC1C[N+]2(CCOCC2)C1.O=N(=O)c1cc(c([O-])c(c1)N(=O)=O)N(=O)=O,Pna21,False,193.0,mediumT,OC1C[N+]2(CCOCC2)C1,O=N(=O)c1cc(c([O-])c(c1)N(=O)=O)N(=O)=O
AXOPIO,AXOPIO,233 K,FC(F)(F)S(=O)(=O)[N-]S(=O)(=O)C(F)(F)F.CCON1C=C[N+](=C1)OCC,P21/n,False,233.0,mediumT,FC(F)(F)S(=O)(=O)[N-]S(=O)(=O)C(F)(F)F,CCON1C=C[N+](=C1)OCC
NEDJUD,NEDJUD,at 183 K,Clc1nc2Nc3ccccc3N(c3ccccc3)c2nc1Cl.CS(C)=O,P-1,False,183.0,mediumT,Clc1nc2Nc3ccccc3N(c3ccccc3)c2nc1Cl,CS(C)=O
ULAWAF,ULAWAF,at 153 K,NC(=O)c1ccncc1.OC(=O)C(O)=O,C2/c,False,153.0,mediumT,NC(=O)c1ccncc1,OC(=O)C(O)=O
SETRUG,SETRUG,at 173 K,NNC(=O)c1ccncc1.OC(=O)CCCCCCC(O)=O,P-1,False,173.0,mediumT,NNC(=O)c1ccncc1,OC(=O)CCCCCCC(O)=O
ZOHWAW,ZOHWAW,at 150 K,Oc1ccc(Cl)c(Cl)c1Cl.Nc1cccc(Cl)c1,P-1,False,150.0,mediumT,Oc1ccc(Cl)c(Cl)c1Cl,Nc1cccc(Cl)c1
VACBIN,VACBIN,150 K,c1cc(ccn1)c1ccncc1.COc1cc(NS(=O)(=O)c2ccc(N)cc2)nc(OC)n1,P-1,False,150.0,mediumT,c1cc(ccn1)c1ccncc1,COc1cc(NS(=O)(=O)c2ccc(N)cc2)nc(OC)n1
ZOYCAT,ZOYCAT,at 173 K,COc1cc(ccc1O)C(O)=O.c1ccc2nc3ccccc3cc2c1,P21/n,False,173.0,mediumT,COc1cc(ccc1O)C(O)=O,c1ccc2nc3ccccc3cc2c1
QAFFIM,QAFFIM,at 173 K,OC=O.c1ccncc1,P21/n,False,173.0,mediumT,OC=O,c1ccncc1
DACBIW,DACBIW,150 K,CC(=O)NC1=NN=C(S1)S(N)(=O)=O.Nc1ccc(cc1)C(O)=O,C2/c,False,150.0,mediumT,CC(=O)NC1=NN=C(S1)S(N)(=O)=O,Nc1ccc(cc1)C(O)=O
SETRIU,SETRIU,at 173 K,NNC(=O)c1ccncc1.OC(=O)c1ccccc1,P21,False,173.0,mediumT,NNC(=O)c1ccncc1,OC(=O)c1ccccc1
ICEBOK,ICEBOK,183 K,CN1C=NC2=C1C(=O)N(C)C(=O)N2C.Nc1ccc(C(O)=O)c(O)c1,P21/n,False,183.0,mediumT,CN1C=NC2=C1C(=O)N(C)C(=O)N2C,Nc1ccc(C(O)=O)c(O)c1
QODNOP,QODNOP,205 K,CN1CC(=O)N(C)CC1=O.Fc1c(F)c(Br)c(F)c(F)c1Br,P-1,False,205.0,mediumT,CN1CC(=O)N(C)CC1=O,Fc1c(F)c(Br)c(F)c(F)c1Br
ZOHVEZ,ZOHVEZ,at 150 K,Oc1cc(Cl)c(Cl)c(Cl)c1.Nc1ccc(Br)cc1,P-1,False,150.0,mediumT,Oc1cc(Cl)c(Cl)c(Cl)c1,Nc1ccc(Br)cc1
JUMVEU,JUMVEU,150 K,c1cc(ccn1)c1ccncc1.Oc1ccccc1O,R-3,False,150.0,mediumT,c1cc(ccn1)c1ccncc1,Oc1ccccc1O
UNIZID,UNIZID,143 K,O=N(=O)c1cc(c(c(c1)N(=O)=O)S(=O)(=O)[O-])N(=O)=O.NC(=[NH2+])OCF,P21/n,False,143.0,mediumT,O=N(=O)c1cc(c(c(c1)N(=O)=O)S(=O)(=O)[O-])N(=O)=O,NC(=[NH2+])OCF
QAMSED,QAMSED,at 150 K,CN1CCN(C)CC1.Oc1ccc(O)cc1,P-1,False,150.0,mediumT,CN1CCN(C)CC1,Oc1ccc(O)cc1
KOPJUW,KOPJUW,at 150 K,NC(N)=O.c1cc(ccn1)c1ccncc1,C2/c,False,150.0,mediumT,NC(N)=O,c1cc(ccn1)c1ccncc1
HIQROQ,HIQROQ,150 K,OC(=O)CCCCCCCCC(O)=O.NC(=O)c1ccc(Br)cc1,P-1,False,150.0,mediumT,OC(=O)CCCCCCCCC(O)=O,NC(=O)c1ccc(Br)cc1
MEFMAM,MEFMAM,at 223 K,Oc1ccccc1C(c1cc(O)c(O)c(O)c1)c1ccccc1O.c1cnccn1,P-1,False,223.0,mediumT,Oc1ccccc1C(c1cc(O)c(O)c(O)c1)c1ccccc1O,c1cnccn1
KUWMUM,KUWMUM,150.1 K,NC(=O)NN=C1C(=O)c2ccccc2c2ccccc12.CN(C)C=O,P-1,False,150.0,mediumT,NC(=O)NN=C1C(=O)c2ccccc2c2ccccc12,CN(C)C=O
EZOPEP,EZOPEP,at 150 K,C1CN2CCN1CC2.O=S=O,P212121,False,150.0,mediumT,C1CN2CCN1CC2,O=S=O
NIDBEL,NIDBEL,173.2 K,FC(F)(F)S(=O)(=O)[N-]S(=O)(=O)C(F)(F)F.[NH3+]c1ccc(cc1)C(F)(F)F,P21,False,173.0,mediumT,FC(F)(F)S(=O)(=O)[N-]S(=O)(=O)C(F)(F)F,[NH3+]c1ccc(cc1)C(F)(F)F
CABPOK,CABPOK,at 150 K,C[NH2+]C(C)C(O)c1ccccc1.Clc1ccc(cc1Cl)C(CCC(=O)[O-])c1ccccn1,P21,False,150.0,mediumT,C[NH2+]C(C)C(O)c1ccccc1,Clc1ccc(cc1Cl)C(CCC(=O)[O-])c1ccccn1
EPUQIQ,EPUQIQ,at 150 K,OC(=O)c1ccc(O)cc1.c1ccc(cc1)c1ccncc1,P-1,False,150.0,mediumT,OC(=O)c1ccc(O)cc1,c1ccc(cc1)c1ccncc1
AXUFIJ,AXUFIJ,at 173 K,OC(=O)CCC(O)=O.c1ccc2c(c1)cnc1ccccc21,P21/n,False,173.0,mediumT,OC(=O)CCC(O)=O,c1ccc2c(c1)cnc1ccccc21
OKUROE,OKUROE,170.1 K,NC(=O)c1ccncc1.CC(C)c1ccc(C)c(O)c1,P21/c,False,170.0,mediumT,NC(=O)c1ccncc1,CC(C)c1ccc(C)c(O)c1
ZODWIY01,ZODWIY01,at 150 K,NC(N)=O.OC(=O)CCCC(O)=O,Pnma,False,150.0,mediumT,NC(N)=O,OC(=O)CCCC(O)=O
BOVYUI,BOVYUI,at 150 K,c1cc(ccn1)C=Cc1ccncc1.OC(=O)c1ccc(F)c(F)c1,P21/c,False,150.0,mediumT,c1cc(ccn1)C=Cc1ccncc1,OC(=O)c1ccc(F)c(F)c1
GOHHOA,GOHHOA,at 143 K,Oc1[nH+]cccc1.C[S](=O)([O-])[N]S(C)(=O)=O,P21/n,False,143.0,mediumT,Oc1[nH+]cccc1,C[S](=O)([O-])[N]S(C)(=O)=O
PEGDEO,PEGDEO,200 K,OC(=O)c1ccccc1.CCC(=O)Nc1ccc(Br)cn1,P21/n,False,200.0,mediumT,OC(=O)c1ccccc1,CCC(=O)Nc1ccc(Br)cn1
ROPTAT,ROPTAT,at 173 K,OC(C(O)C(=O)[O-])C(O)=O.[NH3+]c1ccccc1F,C2,False,173.0,mediumT,OC(C(O)C(=O)[O-])C(O)=O,[NH3+]c1ccccc1F
NOSVEZ,NOSVEZ,173 K,c1cc(ccn1)c1ccncc1.OC(=O)Cc1ccc(O)c(Cl)c1,P-1,False,173.0,mediumT,c1cc(ccn1)c1ccncc1,OC(=O)Cc1ccc(O)c(Cl)c1
NAQXAE,NAQXAE,at 193.2 K,CC1(C)[NH2+]C(C)(C)CC(=O)C1.Fc1c(F)c(F)c(c(F)c1F)P(=O)([O-])c1c(F)c(F)c(F)c(F)c1F,P-1,False,193.0,mediumT,CC1(C)[NH2+]C(C)(C)CC(=O)C1,Fc1c(F)c(F)c(c(F)c1F)P(=O)([O-])c1c(F)c(F)c(F)c(F)c1F
MANXOS,MANXOS,150 K,OCC(C(=O)[O-])c1ccccc1Cl.[NH3+]C(C(O)c1ccccc1)c1ccccc1,P212121,False,150.0,mediumT,OCC(C(=O)[O-])c1ccccc1Cl,[NH3+]C(C(O)c1ccccc1)c1ccccc1
ACONIR,ACONIR,at 173 K,NC(=O)c1ccncc1.OC(=O)C1CCCCC1,P-1,False,173.0,mediumT,NC(=O)c1ccncc1,OC(=O)C1CCCCC1
VEFMOL,VEFMOL,190 K,O=S(=O)([O-])c1ccccc1.COc1ccc2cccc(CC[NH+]=C(C)O)c2c1,P212121,False,190.0,mediumT,O=S(=O)([O-])c1ccccc1,COc1ccc2cccc(CC[NH+]=C(C)O)c2c1
AREJUF,AREJUF,150.0 K,FC(F)(F)S(=O)(=O)[O-].CN(C)c1cc[nH+]cc1Cl,P21/n,False,150.0,mediumT,FC(F)(F)S(=O)(=O)[O-],CN(C)c1cc[nH+]cc1Cl
XAFSUV,XAFSUV,200 K,[NH2+]1CCOCC1.OC(=O)c1cc(cc(c1[O-])N(=O)=O)N(=O)=O,I2/a,False,200.0,mediumT,[NH2+]1CCOCC1,OC(=O)c1cc(cc(c1[O-])N(=O)=O)N(=O)=O
MIXTUJ,MIXTUJ,at 130 K,Nc1cccc(O)c1.c1ccc2nccnc2c1,P21/c,False,130.0,mediumT,Nc1cccc(O)c1,c1ccc2nccnc2c1
OSABIV,OSABIV,200 K,FC(F)(F)S(=O)(=O)[O-].CCC1=N[N+](=C2C=CC=CN12)c1ccc(Cl)cc1Cl,P21/c,False,200.0,mediumT,FC(F)(F)S(=O)(=O)[O-],CCC1=N[N+](=C2C=CC=CN12)c1ccc(Cl)cc1Cl
AGOCOQ,AGOCOQ,at 173 K,FC(F)(F)S(=O)(=O)[N-]S(=O)(=O)C(F)(F)F.CCN1C=[N+](C)C(=C1Br)Br,P21/c,False,173.0,mediumT,FC(F)(F)S(=O)(=O)[N-]S(=O)(=O)C(F)(F)F,CCN1C=[N+](C)C(=C1Br)Br
NUKXAT,NUKXAT,at 180 K,OC(=O)c1ccccc1O.c1ccc2nc3ccccc3nc2c1,P21/c,False,180.0,mediumT,OC(=O)c1ccccc1O,c1ccc2nc3ccccc3nc2c1
DADMUT,DADMUT,150 K,NS(=O)(=O)c1cc2c(NCNS2(=O)=O)cc1Cl.Cc1nc(C)c(C)nc1C,Pna21,False,150.0,mediumT,NS(=O)(=O)c1cc2c(NCNS2(=O)=O)cc1Cl,Cc1nc(C)c(C)nc1C
HOQGEB,HOQGEB,at 150 K,NC1=[NH+]N=CS1.OC(=O)C(=O)[O-],P21/c,False,150.0,mediumT,NC1=[NH+]N=CS1,OC(=O)C(=O)[O-]
QEYCAY,QEYCAY,at 200 K,[NH3+]C(c1ccccc1OC)C(C)(C)C.OC(C(=O)[O-])c1ccccc1,P212121,False,200.0,mediumT,[NH3+]C(c1ccccc1OC)C(C)(C)C,OC(C(=O)[O-])c1ccccc1
ZORVUX,ZORVUX,at 193 K,C1COCCN1.OC1(c2ccccc2)c2cc(Br)ccc2c2ccc(Br)cc12,P21/n,False,193.0,mediumT,C1COCCN1,OC1(c2ccccc2)c2cc(Br)ccc2c2ccc(Br)cc12
DITBAK,DITBAK,at 173 K,FC(F)(F)S(=O)(=O)[O-].CN(C)c1cc[n+](cc1)P(C)C,P21/c,False,173.0,mediumT,FC(F)(F)S(=O)(=O)[O-],CN(C)c1cc[n+](cc1)P(C)C
FUBHUG,FUBHUG,at 150 K,FC(F)(F)S(=O)(=O)[O-].COC12CCC3=[NH+]CCCN3C1CC(=O)C=C2,P-1,False,150.0,mediumT,FC(F)(F)S(=O)(=O)[O-],COC12CCC3=[NH+]CCCN3C1CC(=O)C=C2
MOXYIK,MOXYIK,150 K,OC(C(=O)[O-])c1cccc(Br)c1.[NH3+]C(C(O)c1ccccc1)c1ccccc1,P212121,False,150.0,mediumT,OC(C(=O)[O-])c1cccc(Br)c1,[NH3+]C(C(O)c1ccccc1)c1ccccc1
MANYEJ,MANYEJ,150 K,OCC(C(=O)[O-])c1ccccc1Cl.[NH3+]C(C(O)c1ccccc1)c1ccccc1,P21,False,150.0,mediumT,OCC(C(=O)[O-])c1ccccc1Cl,[NH3+]C(C(O)c1ccccc1)c1ccccc1
UBUJIM,UBUJIM,at 150 K,c1cc(ccn1)c1ccncc1.Cc1cc(O)cc(O)c1,P-1,False,150.0,mediumT,c1cc(ccn1)c1ccncc1,Cc1cc(O)cc(O)c1
JUYVIL,JUYVIL,150 K,N#Cc1cc(C#N)c(cc1C#N)C#N.OC(=O)c1c(O)ccc2ccccc12,P-1,False,150.0,mediumT,N#Cc1cc(C#N)c(cc1C#N)C#N,OC(=O)c1c(O)ccc2ccccc12
ABEKUN,ABEKUN,173 K,Oc1cccc(O)c1.c1cc(ccn1)C=Cc1ccncc1,P-1,False,173.0,mediumT,Oc1cccc(O)c1,c1cc(ccn1)C=Cc1ccncc1
NUKWOF,NUKWOF,at 150 K,C1CC2CC[NH+]1C=C2C1=C(C=CO1)c1ccccc1.OC(=O)C(=O)[O-],P-1,False,150.0,mediumT,C1CC2CC[NH+]1C=C2C1=C(C=CO1)c1ccccc1,OC(=O)C(=O)[O-]
RAVXIY,RAVXIY,150 K,Brc1cncc(Br)c1.OC(=O)c1cc(Cl)cc(Cl)c1O,P-1,False,150.0,mediumT,Brc1cncc(Br)c1,OC(=O)c1cc(Cl)cc(Cl)c1O
GAHDUP,GAHDUP,at 186 K,c1ccc2nc3ccccc3cc2c1.OC(=O)C=CC=CC(O)=O,P21/c,False,186.0,mediumT,c1ccc2nc3ccccc3cc2c1,OC(=O)C=CC=CC(O)=O
GAHFIF,GAHFIF,at 186 K,OC(=O)c1ccc(cc1)C(O)=O.c1ccc2nc3ccccc3cc2c1,P21/n,False,186.0,mediumT,OC(=O)c1ccc(cc1)C(O)=O,c1ccc2nc3ccccc3cc2c1
UPOQIA,UPOQIA,at 150 K,OC(=O)CCCC(O)=O.OC(CN1C=NC=N1)(CN1C=NC=N1)c1ccc(F)cc1F,P-1,False,150.0,mediumT,OC(=O)CCCC(O)=O,OC(CN1C=NC=N1)(CN1C=NC=N1)c1ccc(F)cc1F
OFUBIE,OFUBIE,200 K,O=N(=O)c1ccc([O-])c(c1)N(=O)=O.Oc1cc[nH+]cc1,P21/c,False,200.0,mediumT,O=N(=O)c1ccc([O-])c(c1)N(=O)=O,Oc1cc[nH+]cc1
YAJFEX,YAJFEX,150 K,O=C1[N-]S(=O)(=O)c2ccccc12.[NH3+]c1ccccc1C(N)=O,P-1,False,150.0,mediumT,O=C1[N-]S(=O)(=O)c2ccccc12,[NH3+]c1ccccc1C(N)=O
NUQLUI,NUQLUI,150 K,Cc1c(O)cccc1O.Cc1nc2ccccc2nc1C,P21/n,False,150.0,mediumT,Cc1c(O)cccc1O,Cc1nc2ccccc2nc1C
ODIHIU,ODIHIU,at 180 K,O=C1CCCN1.OC1=C(Cl)C(=O)C(=C(Cl)C1=O)O,P21/c,False,180.0,mediumT,O=C1CCCN1,OC1=C(Cl)C(=O)C(=C(Cl)C1=O)O
LEXQIQ,LEXQIQ,173 K,Cc1ccc2N=C(N)Sc2c1.OC(=O)CCCCCCCC(O)=O,P-1,False,173.0,mediumT,Cc1ccc2N=C(N)Sc2c1,OC(=O)CCCCCCCC(O)=O
LODFUH,LODFUH,at 150 K,NS(=O)(=O)c1cc(C(O)=O)c(NCC2=CC=CO2)cc1Cl.C1COCCO1,P-1,False,150.0,mediumT,NS(=O)(=O)c1cc(C(O)=O)c(NCC2=CC=CO2)cc1Cl,C1COCCO1
JIRQUZ,JIRQUZ,150 K,CN(C)C=O.NC1=NOC(=N1)C1=NON=C1N=NC1=NON=C1C1=NC(=NO1)N,P-1,False,150.0,mediumT,CN(C)C=O,NC1=NOC(=N1)C1=NON=C1N=NC1=NON=C1C1=NC(=NO1)N
NUKZAV,NUKZAV,at 180 K,NC(=O)c1cccnc1.OC(=O)CCCCCCC(O)=O,P21/c,False,180.0,mediumT,NC(=O)c1cccnc1,OC(=O)CCCCCCC(O)=O
EHEVAQ,EHEVAQ,193 K,Nc1c(N)c(C#N)c(C#N)c(C#N)c1C#N.C1CCOC1,P21/c,False,193.0,mediumT,Nc1c(N)c(C#N)c(C#N)c(C#N)c1C#N,C1CCOC1
IPUCAA,IPUCAA,173 K,O=C1CCC(=O)N1.Nc1ccc(cc1Br)S(N)(=O)=O,P21/n,False,173.0,mediumT,O=C1CCC(=O)N1,Nc1ccc(cc1Br)S(N)(=O)=O
DIGCAY,DIGCAY,at 150 K,O=C(Nc1cc[nH+]cc1)Nc1cc[nH+]cc1.O=C([O-])CCCCC(=O)[O-],P-1,False,150.0,mediumT,O=C(Nc1cc[nH+]cc1)Nc1cc[nH+]cc1,O=C([O-])CCCCC(=O)[O-]
LOFQIJ,LOFQIJ,150 K,OC(=O)c1nccnc1C(=O)[O-].NC(=O)NN=Cc1cc[nH+]cc1,Pn,False,150.0,mediumT,OC(=O)c1nccnc1C(=O)[O-],NC(=O)NN=Cc1cc[nH+]cc1
TAPBUL,TAPBUL,173 K,N#Cc1ccncc1.CC1=CC(=NO1)NS(=O)(=O)c1ccc(N)cc1,P21/n,False,173.0,mediumT,N#Cc1ccncc1,CC1=CC(=NO1)NS(=O)(=O)c1ccc(N)cc1
GESJOF,GESJOF,at 150 K,OB(O)c1ccc(cc1)C(O)=O.CC1=NN=C2CN=C(c3ccccc3)c3cc(Cl)ccc3N12,P-1,False,150.0,mediumT,OB(O)c1ccc(cc1)C(O)=O,CC1=NN=C2CN=C(c3ccccc3)c3cc(Cl)ccc3N12
TIHFUM,TIHFUM,at 150 K,Fc1cccc2C(=O)C(=O)Nc12.CS(C)=O,P-1,False,150.0,mediumT,Fc1cccc2C(=O)C(=O)Nc12,CS(C)=O
VAQSUC,VAQSUC,at 203 K,OC(=O)CC(=C)C(=O)[O-].COc1cc(C)[nH+]c(N)n1,P21/c,False,203.0,mediumT,OC(=O)CC(=C)C(=O)[O-],COc1cc(C)[nH+]c(N)n1
OSEGOL,OSEGOL,160 K,NC(=O)c1ccc[n+](c1)C1OC(CO)C(O)C1O.OC(CC(O)=O)C(=O)[O-],P21,False,160.0,mediumT,NC(=O)c1ccc[n+](c1)C1OC(CO)C(O)C1O,OC(CC(O)=O)C(=O)[O-]
IDAPUZ,IDAPUZ,at 180 K,CCCCCCCCCCC(O)=O.c1cnccn1,P-1,False,180.0,mediumT,CCCCCCCCCCC(O)=O,c1cnccn1
BOVWUG,BOVWUG,at 150 K,OC(=O)c1ccc(F)c(F)c1F.C(Cc1ccncc1)c1ccncc1,P21/c,False,150.0,mediumT,OC(=O)c1ccc(F)c(F)c1F,C(Cc1ccncc1)c1ccncc1
LATQOO,LATQOO,at 173 K,O=C1NS(=O)(=O)c2ccccc12.Cc1ccnc2N(C3CC3)c3ncccc3C(=O)Nc12,P-1,False,173.0,mediumT,O=C1NS(=O)(=O)c2ccccc12,Cc1ccnc2N(C3CC3)c3ncccc3C(=O)Nc12
MOXVIF,MOXVIF,at 173 K,OC(=O)c1ccc(O)cc1.NC(=O)N1c2ccccc2C=Cc2ccccc12,P21/c,False,173.0,mediumT,OC(=O)c1ccc(O)cc1,NC(=O)N1c2ccccc2C=Cc2ccccc12
AXUFUV,AXUFUV,at 173 K,c1ccc2c(c1)cnc1ccccc21.OC(=O)C=CC(O)=O,P21/c,False,173.0,mediumT,c1ccc2c(c1)cnc1ccccc21,OC(=O)C=CC(O)=O
EWANEW,EWANEW,at 150 K,C1N2CN3CN1CN(C2)C3.Cc1cc(O)cc(O)c1,Pccn,False,150.0,mediumT,C1N2CN3CN1CN(C2)C3,Cc1cc(O)cc(O)c1
ATOMAY,ATOMAY,at 198 K,[NH3+]CCc1ccc(O)c(O)c1.OC1=C([O-])C(=O)C1=O,P-1,False,198.0,mediumT,[NH3+]CCc1ccc(O)c(O)c1,OC1=C([O-])C(=O)C1=O
AVIYAI,AVIYAI,200 K,CC1=Nc2ccccc2OC(C)(C)C1.Nc1ccccc1O,P-1,False,200.0,mediumT,CC1=Nc2ccccc2OC(C)(C)C1,Nc1ccccc1O
YAJFIB,YAJFIB,150 K,O=C1NS(=O)(=O)c2ccccc12.NC(=O)c1ccccc1F,P21/c,False,150.0,mediumT,O=C1NS(=O)(=O)c2ccccc12,NC(=O)c1ccccc1F
RIVVEA,RIVVEA,150 K,[NH3+]c1ccc(cc1)C(O)=O.O=C([O-])c1cnccn1,Pc,False,150.0,mediumT,[NH3+]c1ccc(cc1)C(O)=O,O=C([O-])c1cnccn1
NUQHUE,NUQHUE,150 K,Cc1c(O)cccc1O.c1ccc2nc3ccccc3cc2c1,P21/n,False,150.0,mediumT,Cc1c(O)cccc1O,c1ccc2nc3ccccc3cc2c1
EVOWER,EVOWER,at 150 K,CN(C)C=O.OC(=O)c1cccc(C(O)=O)c1C(O)=O,P212121,False,150.0,mediumT,CN(C)C=O,OC(=O)c1cccc(C(O)=O)c1C(O)=O
PIRNUB,PIRNUB,at 150 K,NC(=O)c1cc[nH+]cc1.Fc1c(F)c(F)c(c(F)c1F)C(=O)[O-],P21/c,False,150.0,mediumT,NC(=O)c1cc[nH+]cc1,Fc1c(F)c(F)c(c(F)c1F)C(=O)[O-]
ENEPAQ,ENEPAQ,173 K,c1cc(ccn1)c1ccncc1.OC(=O)c1cc(Cl)cc(Cl)c1O,P-1,False,173.0,mediumT,c1cc(ccn1)c1ccncc1,OC(=O)c1cc(Cl)cc(Cl)c1O
FOZLIQ,FOZLIQ,at 140 K,NC(NC1=N[N-]N=N1)=NN(=O)=O.[NH2+]=C1NC2NC(NC2N1)=NN(=O)=O,P-1,False,140.0,mediumT,NC(NC1=N[N-]N=N1)=NN(=O)=O,[NH2+]=C1NC2NC(NC2N1)=NN(=O)=O
OTUVOQ,OTUVOQ,173 K,CC(=O)Nc1ccc(cc1)C(=O)[O-].C[NH+](C)CC(C)O,P21/n,False,173.0,mediumT,CC(=O)Nc1ccc(cc1)C(=O)[O-],C[NH+](C)CC(C)O
DUJCER,DUJCER,at 180 K,OC1=C(Cl)C(=O)C(=C(Cl)C1=O)[O-].Oc1c[nH+]ccc1,P-1,False,180.0,mediumT,OC1=C(Cl)C(=O)C(=C(Cl)C1=O)[O-],Oc1c[nH+]ccc1
KICWEA,KICWEA,180 K,CCc1[nH+]c(N)nc(N)c1c1ccc(Cl)cc1.O=C1[N-]S(=O)(=O)c2ccccc12,P-1,False,180.0,mediumT,CCc1[nH+]c(N)nc(N)c1c1ccc(Cl)cc1,O=C1[N-]S(=O)(=O)c2ccccc12
XEDTIN,XEDTIN,150.2 K,Oc1cc(O)c(Br)cc1Br.O1C(=Nc2ccccc12)C=Cc1ccccc1,P21/n,False,150.0,mediumT,Oc1cc(O)c(Br)cc1Br,O1C(=Nc2ccccc12)C=Cc1ccccc1
TEPLUZ,TEPLUZ,170 K,OC(=O)c1cc(cc(c1)C(O)=O)C(O)=O.CCOc1ccccc1C(N)=O,P212121,False,170.0,mediumT,OC(=O)c1cc(cc(c1)C(O)=O)C(O)=O,CCOc1ccccc1C(N)=O
WUKRAV,WUKRAV,at 180 K,OC(=O)C(O)=O.c1cnc2ccc3ncccc3c2c1,P21/m,False,180.0,mediumT,OC(=O)C(O)=O,c1cnc2ccc3ncccc3c2c1
XARQAK,XARQAK,at 200 K,CN(C)C=O.c1cc(nc(c1)N1C=NN=N1)N1C=NN=N1,P21/c,False,200.0,mediumT,CN(C)C=O,c1cc(nc(c1)N1C=NN=N1)N1C=NN=N1
PAGLAM,PAGLAM,at 173 K,CC(C)N[C+](NC(C)C)Nc1ccc(F)cc1.FC(F)(F)S(=O)(=O)[O-],P-1,False,173.0,mediumT,CC(C)N[C+](NC(C)C)Nc1ccc(F)cc1,FC(F)(F)S(=O)(=O)[O-]
REFFEO,REFFEO,at 203 K,NC(=O)c1cc[nH+]cc1.O=P1([O-])Oc2ccc3ccccc3c2c2c(O1)ccc1ccccc21,C2/c,False,203.0,mediumT,NC(=O)c1cc[nH+]cc1,O=P1([O-])Oc2ccc3ccccc3c2c2c(O1)ccc1ccccc21
FATFUF,FATFUF,150 K,Cc1ccc(cc1)S(=O)(=O)[O-].NN1N=NN(OCc2ccccc2)C1=[NH2+],P-1,False,150.0,mediumT,Cc1ccc(cc1)S(=O)(=O)[O-],NN1N=NN(OCc2ccccc2)C1=[NH2+]
UKUJEQ,UKUJEQ,at 208 K,OC(O)(c1cccc(n1)C(O)(O)C(F)(F)F)C(F)(F)F.C1CCOC1,Pcmn,False,208.0,mediumT,OC(O)(c1cccc(n1)C(O)(O)C(F)(F)F)C(F)(F)F,C1CCOC1
ZAPFEE,ZAPFEE,200 K,NC1=[NH+]C(=O)NC=C1F.O=N(=O)c1cc(c([O-])c(c1)N(=O)=O)N(=O)=O,Pbca,False,200.0,mediumT,NC1=[NH+]C(=O)NC=C1F,O=N(=O)c1cc(c([O-])c(c1)N(=O)=O)N(=O)=O
EWAQUP,EWAQUP,at 150 K,Cc1cc(O)cc(O)c1.c1cnccn1,P21/n,False,150.0,mediumT,Cc1cc(O)cc(O)c1,c1cnccn1
PIXVEZ,PIXVEZ,at 200 K,Cc1ccc(cc1)S(=O)(=O)[O-].[NH3+]c1ccc(cc1)S(=O)(=O)c1ccc(N)cc1,P21/n,False,200.0,mediumT,Cc1ccc(cc1)S(=O)(=O)[O-],[NH3+]c1ccc(cc1)S(=O)(=O)c1ccc(N)cc1
FEFYEW,FEFYEW,at 190 K,NS(=O)(=O)c1cc(C(O)=O)c(NCC2=CC=CO2)cc1Cl.CN1C=NC2=C1C(=O)N(CCCCC(C)=O)C(=O)N2C,P-1,False,190.0,mediumT,NS(=O)(=O)c1cc(C(O)=O)c(NCC2=CC=CO2)cc1Cl,CN1C=NC2=C1C(=O)N(CCCCC(C)=O)C(=O)N2C
KAZCUK,KAZCUK,at 130 K,c1ccccc1.ON=C(c1ccccc1)c1cc(Br)ccc1NC(=O)C=C,P21/c,False,130.0,mediumT,c1ccccc1,ON=C(c1ccccc1)c1cc(Br)ccc1NC(=O)C=C
TOQPEX,TOQPEX,150 K,NC(=S)NN=Cc1cc[nH+]cc1.OC(=O)c1cc(cc(c1)C(=O)[O-])C(O)=O,P-1,False,150.0,mediumT,NC(=S)NN=Cc1cc[nH+]cc1,OC(=O)c1cc(cc(c1)C(=O)[O-])C(O)=O
OTUDUD,OTUDUD,at 173 K,CC(C)O.ON=C1C(=O)c2ccccc2C1=NO,P-1,False,173.0,mediumT,CC(C)O,ON=C1C(=O)c2ccccc2C1=NO
MOZCEK,MOZCEK,at 173 K,OC(=O)c1cc(O)cc(O)c1.CN1C=NC2=C1C(=O)N(C)C(=O)N2C,P21/c,False,173.0,mediumT,OC(=O)c1cc(O)cc(O)c1,CN1C=NC2=C1C(=O)N(C)C(=O)N2C
EPUPUB01,EPUPUB01,at 150 K,c1cc(ccn1)c1ccncc1.OC(=O)c1ccc(O)cc1,C2/c,False,150.0,mediumT,c1cc(ccn1)c1ccncc1,OC(=O)c1ccc(O)cc1
RAHZEH,RAHZEH,at 233 K,C[Si](C)(C)N1C=C[N+](=C1)[Si](C)(C)C.FC(F)(F)S(=O)(=O)[O-],Pbca,False,233.0,mediumT,C[Si](C)(C)N1C=C[N+](=C1)[Si](C)(C)C,FC(F)(F)S(=O)(=O)[O-]
FEZXIT,FEZXIT,at 150 K,c1ccccc1.COc1ccc(NS(=O)(=O)c2ccc3ccccc3c2)cc1,P21/n,False,150.0,mediumT,c1ccccc1,COc1ccc(NS(=O)(=O)c2ccc3ccccc3c2)cc1
PAXDID,PAXDID,at 173 K,[NH3+]c1ccc(O)cc1.ClCC(=O)[O-],P21/c,False,173.0,mediumT,[NH3+]c1ccc(O)cc1,ClCC(=O)[O-]
ZAKSAI,ZAKSAI,150 K,OC(=O)C(O)=O.NC(=O)c1ccccc1O,C2/c,False,150.0,mediumT,OC(=O)C(O)=O,NC(=O)c1ccccc1O
AJALEC,AJALEC,at 203 K,OC(=O)C=CC(O)=O.NC(=O)c1ccc(Cl)cc1,P-1,False,203.0,mediumT,OC(=O)C=CC(O)=O,NC(=O)c1ccc(Cl)cc1
SOBBAP,SOBBAP,246.2 K,NS(=O)(=O)c1cc2c(NCNS2(=O)=O)cc1Cl.c1ccc2nc3ccccc3nc2c1,P21/n,False,246.0,mediumT,NS(=O)(=O)c1cc2c(NCNS2(=O)=O)cc1Cl,c1ccc2nc3ccccc3nc2c1
VUHZOQ,VUHZOQ,150 K,c1cc(ccn1)C=Cc1ccncc1.Cc1cc(O)cc(O)c1,P21/c,False,150.0,mediumT,c1cc(ccn1)C=Cc1ccncc1,Cc1cc(O)cc(O)c1
ZOYCIB,ZOYCIB,at 173 K,NC(=O)c1ccncc1.COc1cc(ccc1O)C(O)=O,P-1,False,173.0,mediumT,NC(=O)c1ccncc1,COc1cc(ccc1O)C(O)=O
LATLEY,LATLEY,at 203 K,OC(=O)CCC(O)=O.C(N1C=CN=C1)c1ccc(CN2C=CN=C2)cc1,P21/n,False,203.0,mediumT,OC(=O)CCC(O)=O,C(N1C=CN=C1)c1ccc(CN2C=CN=C2)cc1
FEZWOA,FEZWOA,183 K,[NH3+]CCN1CCOCC1.Cc1ccc(cc1)S(=O)(=O)[O-],P-1,False,183.0,mediumT,[NH3+]CCN1CCOCC1,Cc1ccc(cc1)S(=O)(=O)[O-]
CUSJAB,CUSJAB,at 173 K,OC1CNC(=[NH+]C1)CCC1=[NH+]CC(O)CN1.O=C([O-])c1ccc(cc1)C(=O)[O-],P-1,False,173.0,mediumT,OC1CNC(=[NH+]C1)CCC1=[NH+]CC(O)CN1,O=C([O-])c1ccc(cc1)C(=O)[O-]
DOHSID,DOHSID,at 133 K,Brc1ccc(cc1)S(=O)(=O)[N-]S(=O)(=O)c1ccc(Br)cc1.[NH3+]c1cccc(Br)c1,Pbca,False,133.0,mediumT,Brc1ccc(cc1)S(=O)(=O)[N-]S(=O)(=O)c1ccc(Br)cc1,[NH3+]c1cccc(Br)c1
FADGEY,FADGEY,at 173 K,NNC(=O)c1ccncc1.OC(=O)CC(O)=O,P21212,False,173.0,mediumT,NNC(=O)c1ccncc1,OC(=O)CC(O)=O
VIPYAX,VIPYAX,180 K,OC1=C(Cl)C(=O)C(=C(Cl)C1=O)O.O=C1NCCN1,P21/c,False,180.0,mediumT,OC1=C(Cl)C(=O)C(=C(Cl)C1=O)O,O=C1NCCN1
XULCIT,XULCIT,140 K,FC(F)(F)S(=O)(=O)[O-].CC(C)[N+](=NNC(=O)C(=O)c1ccccc1)C(C)C,P-1,False,140.0,mediumT,FC(F)(F)S(=O)(=O)[O-],CC(C)[N+](=NNC(=O)C(=O)c1ccccc1)C(C)C
RESHED,RESHED,at 180 K,OC(=O)C=CC(O)=O.Cc1cncc(C)c1,P21/c,False,180.0,mediumT,OC(=O)C=CC(O)=O,Cc1cncc(C)c1
GESCEO,GESCEO,at 150 K,NC(=O)c1ccc(O)cc1.OC(=O)CCCCCCCCC(O)=O,P21/c,False,150.0,mediumT,NC(=O)c1ccc(O)cc1,OC(=O)CCCCCCCCC(O)=O
LEXPIQ,LEXPIQ,173 K,NC(=O)N1c2ccccc2C=Cc2ccccc12.OC(=O)c1c2ccccc2cc2ccccc12,P21/n,False,173.0,mediumT,NC(=O)N1c2ccccc2C=Cc2ccccc12,OC(=O)c1c2ccccc2cc2ccccc12
MOQGOP,MOQGOP,at 133 K,CN(C)C(=O)N(C)C.Brc1ccc(cc1)S(=O)(=O)NS(=O)(=O)c1ccc(Br)cc1,P-1,False,133.0,mediumT,CN(C)C(=O)N(C)C,Brc1ccc(cc1)S(=O)(=O)NS(=O)(=O)c1ccc(Br)cc1
NUWGUH,NUWGUH,at 173 K,CC1(C)N(N=O)C(C)(C)c2ccccc12.ClC1=C(Cl)C(=O)C(=C(C#N)C1=O)C#N,Pna21,False,173.0,mediumT,CC1(C)N(N=O)C(C)(C)c2ccccc12,ClC1=C(Cl)C(=O)C(=C(C#N)C1=O)C#N
LATHOF,LATHOF,at 150 K,CN1N(C(=O)C=C1C)c1ccccc1.Nc1ccc(cc1)C(O)=O,P21,False,150.0,mediumT,CN1N(C(=O)C=C1C)c1ccccc1,Nc1ccc(cc1)C(O)=O
SOLFEG,SOLFEG,at 150 K,OC(=O)c1ccc(O)cc1.N#Cc1ccncc1,P21/c,False,150.0,mediumT,OC(=O)c1ccc(O)cc1,N#Cc1ccncc1
EWAPIC,EWAPIC,at 150 K,Cc1cc(O)cc(O)c1.CN(C)c1ccncc1,P21/c,False,150.0,mediumT,Cc1cc(O)cc(O)c1,CN(C)c1ccncc1
WEPLEJ,WEPLEJ,at 170 K,COC(=O)NC1=[NH+]c2ccccc2N1.O=S(=O)([O-])c1ccccc1,P-1,False,170.0,mediumT,COC(=O)NC1=[NH+]c2ccccc2N1,O=S(=O)([O-])c1ccccc1
IWARUT,IWARUT,at 203 K,Oc1ccc2ccccc2c1c1c(O)ccc2ccccc12.Cc1ccc2ccccc2n1,C2,False,203.0,mediumT,Oc1ccc2ccccc2c1c1c(O)ccc2ccccc12,Cc1ccc2ccccc2n1
NUQHAK,NUQHAK,150 K,Cc1c(O)cccc1O.c1cc(ccn1)C=Cc1ccncc1,P21/n,False,150.0,mediumT,Cc1c(O)cccc1O,c1cc(ccn1)C=Cc1ccncc1
RIBZIP,RIBZIP,200 K,[NH3+]Cc1ccccc1O.CCCC(=O)[O-],P-1,False,200.0,mediumT,[NH3+]Cc1ccccc1O,CCCC(=O)[O-]
LILFEU,LILFEU,153 K,CC1=CC(=O)NC(=[NH+]1)N.OC(=O)CC(=O)[O-],P21/c,False,153.0,mediumT,CC1=CC(=O)NC(=[NH+]1)N,OC(=O)CC(=O)[O-]
OSEGUR,OSEGUR,160 K,NC(=O)c1ccc[n+](c1)C1OC(CO)C(O)C1O.OC(CC(O)=O)C(=O)[O-],P212121,False,160.0,mediumT,NC(=O)c1ccc[n+](c1)C1OC(CO)C(O)C1O,OC(CC(O)=O)C(=O)[O-]
TAKJUN,TAKJUN,173 K,CC1(C)C2CCC1(CS(=O)(=O)[O-])C(=O)C2.[NH3+]C(CC1=CNc2ccccc12)C(O)=O,P21,False,173.0,mediumT,CC1(C)C2CCC1(CS(=O)(=O)[O-])C(=O)C2,[NH3+]C(CC1=CNc2ccccc12)C(O)=O
JUKJII,JUKJII,at 223K,CC(=NO)c1ccccc1.OC(=O)c1ccccc1,P21/c,False,223.0,mediumT,CC(=NO)c1ccccc1,OC(=O)c1ccccc1
PORVAW,PORVAW,140 K,Cc1c(Cl)cccc1Nc1ccccc1C(=O)[O-].COc1cc(Cc2c[nH+]c(N)nc2N)cc(OC)c1OC,P-1,False,140.0,mediumT,Cc1c(Cl)cccc1Nc1ccccc1C(=O)[O-],COc1cc(Cc2c[nH+]c(N)nc2N)cc(OC)c1OC
AXUGOQ,AXUGOQ,at 173 K,OC(=O)c1cccc(c1)C(O)=O.c1ccc2c(c1)cnc1ccccc21,Pc,False,173.0,mediumT,OC(=O)c1cccc(c1)C(O)=O,c1ccc2c(c1)cnc1ccccc21
HUHQUZ,HUHQUZ,200 K,OC(=O)c1cc(cc(c1)C(O)=O)C(O)=O.CN1C=NC2=C1C(=O)N(C)C(=O)N2C,Pbca,False,200.0,mediumT,OC(=O)c1cc(cc(c1)C(O)=O)C(O)=O,CN1C=NC2=C1C(=O)N(C)C(=O)N2C
LORWOF,LORWOF,at 130 K,NC(=O)c1cc[nH+]cc1.OC(=O)c1cc(Cl)c(Cl)cc1C(=O)[O-],Cc,False,130.0,mediumT,NC(=O)c1cc[nH+]cc1,OC(=O)c1cc(Cl)c(Cl)cc1C(=O)[O-]
HIQZIS,HIQZIS,at 153 K,O=N(=O)C1=N[N-]NN1.NC1=NC(=[NH2+])NC(=O)N1,Pc,False,153.0,mediumT,O=N(=O)C1=N[N-]NN1,NC1=NC(=[NH2+])NC(=O)N1
IPOPAF,IPOPAF,at 173 K,FC(F)(F)S(=O)(=O)[O-].CCN1C=CC=CB1O[n+]1ccccc1,P21/c,False,173.0,mediumT,FC(F)(F)S(=O)(=O)[O-],CCN1C=CC=CB1O[n+]1ccccc1
NUKXEX,NUKXEX,at 180 K,CC(=O)N1CCN(CC1)C(C)=O.OC(=O)c1ccccc1O,Pbca,False,180.0,mediumT,CC(=O)N1CCN(CC1)C(C)=O,OC(=O)c1ccccc1O
GOHHUG,GOHHUG,at 143 K,Cc1[nH+]c(O)ccc1.CS(=O)(=O)[N-]S(C)(=O)=O,P-1,False,143.0,mediumT,Cc1[nH+]c(O)ccc1,CS(=O)(=O)[N-]S(C)(=O)=O
UKOSET,UKOSET,at 173 K,CC(C)=NNC(=O)c1cccnc1.OC(=O)CCCCC(O)=O,P21/n,False,173.0,mediumT,CC(C)=NNC(=O)c1cccnc1,OC(=O)CCCCC(O)=O
KOPJUW01,KOPJUW01,150 K,c1cc(ccn1)c1ccncc1.NC(N)=O,Pnma,False,150.0,mediumT,c1cc(ccn1)c1ccncc1,NC(N)=O
MIPNUY,MIPNUY,150 K,FC(F)(F)S(=O)(=O)[O-].C[N+]1=NN(OCF)c2ccc(C)cc12,P21/c,False,150.0,mediumT,FC(F)(F)S(=O)(=O)[O-],C[N+]1=NN(OCF)c2ccc(C)cc12
LATLIC,LATLIC,at 203 K,OC(=O)c1cccc(c1)C(O)=O.C(N1C=CN=C1)c1ccc(CN2C=CN=C2)cc1,C2/c,False,203.0,mediumT,OC(=O)c1cccc(c1)C(O)=O,C(N1C=CN=C1)c1ccc(CN2C=CN=C2)cc1
OFUHOM,OFUHOM,at 180 K,Nc1ncccn1.OCc1ccc(CO)cc1,P-1,False,180.0,mediumT,Nc1ncccn1,OCc1ccc(CO)cc1
RASBUJ,RASBUJ,at 223 K,Oc1cc(O)cc(c1)C(c1ccccc1O)c1ccccc1O.C(Cc1ccncc1)c1ccncc1,P-1,False,223.0,mediumT,Oc1cc(O)cc(c1)C(c1ccccc1O)c1ccccc1O,C(Cc1ccncc1)c1ccncc1
EVOWAN,EVOWAN,at 150 K,OC(=O)c1cc(C(O)=O)c(cc1C(O)=O)C(O)=O.CN(C)C=O,P21/n,False,150.0,mediumT,OC(=O)c1cc(C(O)=O)c(cc1C(O)=O)C(O)=O,CN(C)C=O
OQIWIX,OQIWIX,192 K,c1cc(ccn1)C=Cc1ccncc1.Oc1cc(O)c2C(=O)C=C(Oc2c1)c1ccccc1,P21/c,False,192.0,mediumT,c1cc(ccn1)C=Cc1ccncc1,Oc1cc(O)c2C(=O)C=C(Oc2c1)c1ccccc1
ZIBDOF,ZIBDOF,at 173 K,[O-]N1N=NN=C1C1=NN=NN1[O-].[NH3+]NC(=O)N[NH3+],P21/c,False,173.0,mediumT,[O-]N1N=NN=C1C1=NN=NN1[O-],[NH3+]NC(=O)N[NH3+]
NEWROX,NEWROX,at 173 K,CC(=O)NCc1ccncc1.OC(=O)C=CC(O)=O,P-1,False,173.0,mediumT,CC(=O)NCc1ccncc1,OC(=O)C=CC(O)=O
SOLJAG,SOLJAG,at 150 K,COc1ccc(cc1)C(O)=O.C(Cc1ccncc1)c1ccncc1,P-1,False,150.0,mediumT,COc1ccc(cc1)C(O)=O,C(Cc1ccncc1)c1ccncc1
ZUDSIC,ZUDSIC,at 173 K,Nc1nc(N)nc(N)n1.CN1CCCC1=O,P21/n,False,173.0,mediumT,Nc1nc(N)nc(N)n1,CN1CCCC1=O
VOHCEC,VOHCEC,at 173 K,[NH3+]NC(=O)N[NH3+].[O-]N1N=NC(=N1)C1=NN=N[N-]1,P21/n,False,173.0,mediumT,[NH3+]NC(=O)N[NH3+],[O-]N1N=NC(=N1)C1=NN=N[N-]1
KERQUV,KERQUV,at 180 K,ClC(Cl)(Cl)C(=O)[O-].[NH3+]c1ccc(cc1C)N(=O)=O,P21/c,False,180.0,mediumT,ClC(Cl)(Cl)C(=O)[O-],[NH3+]c1ccc(cc1C)N(=O)=O
QIJJIF,QIJJIF,150 K,[NH3+]CCNC(=O)C(=O)NCC[NH3+].OC(=O)c1cc(cc(c1)C(=O)[O-])C(=O)[O-],P21/n,False,150.0,mediumT,[NH3+]CCNC(=O)C(=O)NCC[NH3+],OC(=O)c1cc(cc(c1)C(=O)[O-])C(=O)[O-]
QAMREC,QAMREC,at 150 K,Oc1ccc(O)cc1.C1COCCN1,P21/n,False,150.0,mediumT,Oc1ccc(O)cc1,C1COCCN1
LAHHEL,LAHHEL,150 K,OC(=O)Cc1ccc(O)c(O)c1.NC(=O)c1ccncc1,P-1,False,150.0,mediumT,OC(=O)Cc1ccc(O)c(O)c1,NC(=O)c1ccncc1
MOXXUV,MOXXUV,150 K,[NH3+]C(C(O)c1ccccc1)c1ccccc1.OC(C(=O)[O-])c1cccc(Cl)c1,P21,False,150.0,mediumT,[NH3+]C(C(O)c1ccccc1)c1ccccc1,OC(C(=O)[O-])c1cccc(Cl)c1
QILNAE,QILNAE,150 K,C[N+](C)(CCO)CCF.Cc1ccc(cc1)S(=O)(=O)[O-],P21/c,False,150.0,mediumT,C[N+](C)(CCO)CCF,Cc1ccc(cc1)S(=O)(=O)[O-]
WAWDEE,WAWDEE,at 173 K,c1cncnc1.Oc1cccc(O)c1O,P21/c,False,173.0,mediumT,c1cncnc1,Oc1cccc(O)c1O
UBILAW,UBILAW,173 K,CCC(C)=NNC(=O)c1ccncc1.OC(=O)c1ccccc1O,P21/n,False,173.0,mediumT,CCC(C)=NNC(=O)c1ccncc1,OC(=O)c1ccccc1O
DEKXIC,DEKXIC,at 200 K,OC(=O)c1cccc(n1)C(=O)[O-].NC(=O)C1CC[NH2+]CC1,P21/c,False,200.0,mediumT,OC(=O)c1cccc(n1)C(=O)[O-],NC(=O)C1CC[NH2+]CC1
ATALOZ,ATALOZ,133 K,OC(=O)c1cc(O)cc(O)c1.c1ccc2nc3ccccc3nc2c1,C2/c,False,133.0,mediumT,OC(=O)c1cc(O)cc(O)c1,c1ccc2nc3ccccc3nc2c1
GABZIT,GABZIT,at 130 K,OC(=O)CCCCCCCCC(O)=O.N(c1cccc(Nc2ccccn2)c1)c1ccccn1,P21/m,False,130.0,mediumT,OC(=O)CCCCCCCCC(O)=O,N(c1cccc(Nc2ccccn2)c1)c1ccccn1
KABYAQ,KABYAQ,150 K,CC1(C)C2CCC1(CS(=O)(=O)[O-])C(=O)C2.[NH3+]C(C1NS(=O)(=O)c2ccccc12)c1ccccc1,P21,False,150.0,mediumT,CC1(C)C2CCC1(CS(=O)(=O)[O-])C(=O)C2,[NH3+]C(C1NS(=O)(=O)c2ccccc12)c1ccccc1
HOLWAI01,HOLWAI01,at 150 K,CN1C=NC2=C1C(=O)N(C)C(=O)N2C.CC(=CC(O)=O)C(O)=O,P21/n,False,150.0,mediumT,CN1C=NC2=C1C(=O)N(C)C(=O)N2C,CC(=CC(O)=O)C(O)=O
LEXQUC,LEXQUC,at 173 K,OC(=O)CC(=O)[O-].COc1ccc2[NH+]=C(N)Sc2c1,P21/n,False,173.0,mediumT,OC(=O)CC(=O)[O-],COc1ccc2[NH+]=C(N)Sc2c1
XOLLIT,XOLLIT,at 173 K,O=C([O-])CCC1CCCCC1.C[N+](C)(C)CCO,P21,False,173.0,mediumT,O=C([O-])CCC1CCCCC1,C[N+](C)(C)CCO
XEFFAT,XEFFAT,170 K,NC(=O)c1cnccn1.COc1cc(cc(OC)c1O)C(O)=O,C2/c,False,170.0,mediumT,NC(=O)c1cnccn1,COc1cc(cc(OC)c1O)C(O)=O
ENEPIY,ENEPIY,173 K,OC(=O)c1cc(Cl)cc(Cl)c1O.c1cnccn1,P-1,False,173.0,mediumT,OC(=O)c1cc(Cl)cc(Cl)c1O,c1cnccn1
VAQSEM,VAQSEM,at 203 K,O=C([O-])c1cccc(c1)N(=O)=O.COc1cc(C)[nH+]c(N)n1,P-1,False,203.0,mediumT,O=C([O-])c1cccc(c1)N(=O)=O,COc1cc(C)[nH+]c(N)n1
NUKXUN,NUKXUN,at 180 K,NC(=O)c1cccnc1.OC(=O)CC(O)=O,Pna21,False,180.0,mediumT,NC(=O)c1cccnc1,OC(=O)CC(O)=O
WANKOL,WANKOL,at 178 K,O=C([O-])c1cc2CCc3ccc(CCc1cc2)cc3.C[NH2+]C(C)C(O)c1ccccc1,P21,False,178.0,mediumT,O=C([O-])c1cc2CCc3ccc(CCc1cc2)cc3,C[NH2+]C(C)C(O)c1ccccc1
WOJYAX,WOJYAX,at 153 K,[NH2+]=C1NC(=O)NC=C1F.CC1=CC(=O)[N-]S(=O)(=O)O1,P-1,False,153.0,mediumT,[NH2+]=C1NC(=O)NC=C1F,CC1=CC(=O)[N-]S(=O)(=O)O1
EFOXAY,EFOXAY,at 143 K,O=N(=O)c1cc(c([O-])c(c1)N(=O)=O)N(=O)=O.C1CC[P+]2(C1)CCCC2,P21/n,False,143.0,mediumT,O=N(=O)c1cc(c([O-])c(c1)N(=O)=O)N(=O)=O,C1CC[P+]2(C1)CCCC2
YEMZID,YEMZID,150 K,Cc1c(Cl)cccc1Nc1ccccc1C(=O)[O-].Nc1[nH+]nc(c(N)n1)c1cccc(Cl)c1Cl,P-1,False,150.0,mediumT,Cc1c(Cl)cccc1Nc1ccccc1C(=O)[O-],Nc1[nH+]nc(c(N)n1)c1cccc(Cl)c1Cl
UXIXAB04,UXIXAB04,243 K,FC(F)(F)S(=O)(=O)[N-]S(=O)(=O)C(F)(F)F.[2H][N+]12CCN(CC1)CC2,P21,False,243.0,mediumT,FC(F)(F)S(=O)(=O)[N-]S(=O)(=O)C(F)(F)F,[2H][N+]12CCN(CC1)CC2
HOFZAG,HOFZAG,150 K,NC(=O)c1ccncc1.OC(=O)CCCCCCCCC(O)=O,P-1,False,150.0,mediumT,NC(=O)c1ccncc1,OC(=O)CCCCCCCCC(O)=O
CUYBIJ,CUYBIJ,230 K,[NH3+]C(CO)(CO)CO.Oc1ccc(cc1C(=O)[O-])c1ccc(F)cc1F,P-1,False,230.0,mediumT,[NH3+]C(CO)(CO)CO,Oc1ccc(cc1C(=O)[O-])c1ccc(F)cc1F
VILSIT,VILSIT,at 133 K,Cc1cc2N=CN(Cc3cccnc3)c2cc1C.ON=C(C#N)c1ccc(Br)cc1,P21/c,False,133.0,mediumT,Cc1cc2N=CN(Cc3cccnc3)c2cc1C,ON=C(C#N)c1ccc(Br)cc1
RESGOM,RESGOM,at 180 K,OC(=O)CCC(O)=O.Cc1cccc(C)n1,P21/c,False,180.0,mediumT,OC(=O)CCC(O)=O,Cc1cccc(C)n1
ECIREQ,ECIREQ,153 K,[NH3+]NC(=O)NNC(=O)NN.O=N(=O)c1cc(c([O-])c(c1)N(=O)=O)N(=O)=O,P21/c,False,153.0,mediumT,[NH3+]NC(=O)NNC(=O)NN,O=N(=O)c1cc(c([O-])c(c1)N(=O)=O)N(=O)=O
LUTPOI,LUTPOI,248 K,CCCc1[nH+]ccc(c1)C(N)=S.OC(=O)C(=O)[O-],C2/c,False,248.0,mediumT,CCCc1[nH+]ccc(c1)C(N)=S,OC(=O)C(=O)[O-]
MOGZEN,MOGZEN,at 173 K,CS(=O)(=O)[N-]S(C)(=O)=O.C[N+](C)(C)CC(O)=O,P212121,False,173.0,mediumT,CS(=O)(=O)[N-]S(C)(=O)=O,C[N+](C)(C)CC(O)=O
WOCFAX,WOCFAX,at 173 K,OC(=O)C=Cc1ccccc1.CC(C)=NNC(=O)c1ccncc1,Pb21a,False,173.0,mediumT,OC(=O)C=Cc1ccccc1,CC(C)=NNC(=O)c1ccncc1
HUYXUU,HUYXUU,at 173 K,CC1(C)[NH2+]C(C)(C)CC(=O)C1.FC(F)(F)C(=O)[O-],P21/m,False,173.0,mediumT,CC1(C)[NH2+]C(C)(C)CC(=O)C1,FC(F)(F)C(=O)[O-]
QETMOS,QETMOS,at 190 K,c1cc(ccn1)c1ccncc1.Nc1cccc(O)c1,P21/c,False,190.0,mediumT,c1cc(ccn1)c1ccncc1,Nc1cccc(O)c1
ODATIX,ODATIX,at 150 K,NS(=O)(=O)c1cc2c(NCNS2(=O)=O)cc1Cl.CN(C)C=O,P-1,False,150.0,mediumT,NS(=O)(=O)c1cc2c(NCNS2(=O)=O)cc1Cl,CN(C)C=O
GISDUI,GISDUI,at 130 K,O=N(=O)c1cc(c(c(c1)N(=O)=O)S(=O)(=O)[O-])N(=O)=O.OC(=O)c1[nH+]c2ccccc2cc1,P-1,False,130.0,mediumT,O=N(=O)c1cc(c(c(c1)N(=O)=O)S(=O)(=O)[O-])N(=O)=O,OC(=O)c1[nH+]c2ccccc2cc1
VAQRUB,VAQRUB,at 203 K,Fc1ccccc1C(=O)[O-].COc1cc(C)[nH+]c(N)n1,P21/n,False,203.0,mediumT,Fc1ccccc1C(=O)[O-],COc1cc(C)[nH+]c(N)n1
BOVYES,BOVYES,at 150 K,c1cc(ccn1)C=Cc1ccncc1.OC(=O)c1cc(F)ccc1F,P-1,False,150.0,mediumT,c1cc(ccn1)C=Cc1ccncc1,OC(=O)c1cc(F)ccc1F
DIHKAH,DIHKAH,at 130 K,O=N(=O)c1cc(c([O-])c(c1)N(=O)=O)N(=O)=O.C[Si](C)(C)C(c1cc[nH+]cc1)[Si](C)(C)C,P-1,False,130.0,mediumT,O=N(=O)c1cc(c([O-])c(c1)N(=O)=O)N(=O)=O,C[Si](C)(C)C(c1cc[nH+]cc1)[Si](C)(C)C
OSEGEB,OSEGEB,160 K,OC(C(O)C(=O)[O-])C(O)=O.NC(=O)c1ccc[n+](c1)C1OC(CO)C(O)C1O,P21,False,160.0,mediumT,OC(C(O)C(=O)[O-])C(O)=O,NC(=O)c1ccc[n+](c1)C1OC(CO)C(O)C1O
KEMCEL,KEMCEL,at 130 K,OC(=O)c1c(F)c(F)c(F)c(F)c1F.NC(=O)c1ccccc1,P21/c,False,130.0,mediumT,OC(=O)c1c(F)c(F)c(F)c(F)c1F,NC(=O)c1ccccc1
SEPLUV,SEPLUV,at 150 K,CN(C)c1cccc(c1)C(O)=O.CN(C)c1cccc(c1)C(=O)NC1=NCCS1,P21/c,False,150.0,mediumT,CN(C)c1cccc(c1)C(O)=O,CN(C)c1cccc(c1)C(=O)NC1=NCCS1
USUWOW,USUWOW,133 K,S=C1SCCN1C1=[NH+]CCS1.O=S1(=O)[N-]S(=O)(=O)c2ccccc12,P-1,False,133.0,mediumT,S=C1SCCN1C1=[NH+]CCS1,O=S1(=O)[N-]S(=O)(=O)c2ccccc12
QIMFOH,QIMFOH,at 150 K,COC(=O)Cc1nc2C(=O)N(C)C(=O)N(C)c2nc1O.CS(C)=O,P-1,False,150.0,mediumT,COC(=O)Cc1nc2C(=O)N(C)C(=O)N(C)c2nc1O,CS(C)=O
TOCSUC,TOCSUC,150 K,[NH3+]c1ccc(Br)cc1.O=C([O-])c1cc(cc(c1)N(=O)=O)N(=O)=O,P212121,False,150.0,mediumT,[NH3+]c1ccc(Br)cc1,O=C([O-])c1cc(cc(c1)N(=O)=O)N(=O)=O
CEKKIO,CEKKIO,at 173 K,c1cc(ccn1)c1ccncc1.Oc1cccc(O)c1O,P-1,False,173.0,mediumT,c1cc(ccn1)c1ccncc1,Oc1cccc(O)c1O
CEKKEK,CEKKEK,at 173 K,c1ccc2nc3ccccc3cc2c1.Oc1cccc(O)c1O,P-1,False,173.0,mediumT,c1ccc2nc3ccccc3cc2c1,Oc1cccc(O)c1O
KOSYIA,KOSYIA,at 130 K,CC1(C)COP(=O)([O-])OC1c1c(Cl)cccc1Cl.C[NH2+]C(C)C(O)c1ccccc1,P21,False,130.0,mediumT,CC1(C)COP(=O)([O-])OC1c1c(Cl)cccc1Cl,C[NH2+]C(C)C(O)c1ccccc1
DOJMOF,DOJMOF,at 233 K,CN1C=C[N+](=C1C)O.Cc1ccc(cc1)S(=O)(=O)[O-],P21/c,False,233.0,mediumT,CN1C=C[N+](=C1C)O,Cc1ccc(cc1)S(=O)(=O)[O-]
YAXROG,YAXROG,at 130 K,Oc1ccccc1C(=O)[O-].Fc1ccc(cc1)C(N1CC[NH2+]CC1)c1ccc(F)cc1,C2/c,False,130.0,mediumT,Oc1ccccc1C(=O)[O-],Fc1ccc(cc1)C(N1CC[NH2+]CC1)c1ccc(F)cc1
ENEPEU,ENEPEU,173 K,c1cc(ccn1)c1ccncc1.Oc1cc(Br)cc(Br)c1,P-1,False,173.0,mediumT,c1cc(ccn1)c1ccncc1,Oc1cc(Br)cc(Br)c1
POCBUH,POCBUH,170.2 K,NC(N)=O.COc1cc2OC(=O)C=Cc2cc1OC,Pc,False,170.0,mediumT,NC(N)=O,COc1cc2OC(=O)C=Cc2cc1OC
LUNYUO,LUNYUO,at 180 K,CCCCC(O)=O.c1cnccn1,P21/c,False,180.0,mediumT,CCCCC(O)=O,c1cnccn1
EJEZIF,EJEZIF,173 K,CN1C=CN=C1.CC(=O)NO,Pbca,False,173.0,mediumT,CN1C=CN=C1,CC(=O)NO
VITTAV,VITTAV,173 K,[NH2+]1CCN(CC1)Cc1ccc2OCOc2c1.Clc1ccc(cc1)C(=O)[O-],P21/c,False,173.0,mediumT,[NH2+]1CCN(CC1)Cc1ccc2OCOc2c1,Clc1ccc(cc1)C(=O)[O-]
ACESIL,ACESIL,at 150 K,c1ccncc1.Oc1ccc(O)cc1,P-1,False,150.0,mediumT,c1ccncc1,Oc1ccc(O)cc1
MEFYUU,MEFYUU,173 K,FC(F)(F)S(=O)(=O)[O-].CN1C=C([N+](=N1)C)C1=Nc2ccccc2O1,P21/n,False,173.0,mediumT,FC(F)(F)S(=O)(=O)[O-],CN1C=C([N+](=N1)C)C1=Nc2ccccc2O1
YUFFIQ,YUFFIQ,150 K,c1cc(ccn1)N=Nc1ccncc1.Oc1cc(O)c2C(=O)C(=C(Oc2c1)c1ccc(O)c(O)c1)O,C2/c,False,150.0,mediumT,c1cc(ccn1)N=Nc1ccncc1,Oc1cc(O)c2C(=O)C(=C(Oc2c1)c1ccc(O)c(O)c1)O
HAXKUQ,HAXKUQ,150 K,CN1C(=O)N(C)C2=C([NH+]=CN2)C1=O.OC1=C([O-])C(=O)C1=O,P21/c,False,150.0,mediumT,CN1C(=O)N(C)C2=C([NH+]=CN2)C1=O,OC1=C([O-])C(=O)C1=O
MUPPIW,MUPPIW,at 150 K,CN1CCN(C)CC1.CC(=O)Nc1ccc(O)cc1,P21/c,False,150.0,mediumT,CN1CCN(C)CC1,CC(=O)Nc1ccc(O)cc1
BOTQAF,BOTQAF,173 K,COc1ccc2C3[NH2+]N(C)C(=O)C43CCCC4c2c1.FC(F)(F)S(=O)(=O)[O-],P21/c,False,173.0,mediumT,COc1ccc2C3[NH2+]N(C)C(=O)C43CCCC4c2c1,FC(F)(F)S(=O)(=O)[O-]
PUHFAA,PUHFAA,at 173 K,c1cc(ccn1)c1ccncc1.OC(=O)c1ccc2C(=O)OC(=O)c3ccc(C(O)=O)c1c23,P-1,False,173.0,mediumT,c1cc(ccn1)c1ccncc1,OC(=O)c1ccc2C(=O)OC(=O)c3ccc(C(O)=O)c1c23
FAYXOV,FAYXOV,150 K,Nc1ccc(C(O)=O)c(O)c1.NC(=O)N1c2ccccc2C=Cc2ccccc12,C2/c,False,150.0,mediumT,Nc1ccc(C(O)=O)c(O)c1,NC(=O)N1c2ccccc2C=Cc2ccccc12
NUQKUH,NUQKUH,150 K,Cc1c(O)cccc1O.c1cnc2c(c1)ccc1cccnc21,P21/n,False,150.0,mediumT,Cc1c(O)cccc1O,c1cnc2c(c1)ccc1cccnc21
POCPIH,POCPIH,at 180 K,O=C1CCCC(=O)N1.Cc1ccc(cc1)c1nc(N)nc(N)n1,P-1,False,180.0,mediumT,O=C1CCCC(=O)N1,Cc1ccc(cc1)c1nc(N)nc(N)n1
GODNAO,GODNAO,at 150 K,Cc1cc(C)nc(C)c1.OC(=O)c1ccccc1,P21/c,False,150.0,mediumT,Cc1cc(C)nc(C)c1,OC(=O)c1ccccc1
ZOHTUN,ZOHTUN,at 150 K,Nc1cc(Cl)cc(Cl)c1.Oc1cc(Cl)c(Cl)c(Cl)c1,I2/a,False,150.0,mediumT,Nc1cc(Cl)cc(Cl)c1,Oc1cc(Cl)c(Cl)c(Cl)c1
XEGLAW,XEGLAW,at 150 K,NC1=[NH+]c2cc(Cl)ccc2O1.Clc1ccc(OCC(=O)[O-])cc1Cl,P21/c,False,150.0,mediumT,NC1=[NH+]c2cc(Cl)ccc2O1,Clc1ccc(OCC(=O)[O-])cc1Cl
KEWNOQ,KEWNOQ,203 K,CC(N)=O.CC(=O)Oc1ccccc1C(O)=O,Pbca,False,203.0,mediumT,CC(N)=O,CC(=O)Oc1ccccc1C(O)=O
FERZAE,FERZAE,at 190 K,CCCCCC(=O)c1c(O)cc(O)cc1O.c1cc(ccn1)C=Cc1ccncc1,P-1,False,190.0,mediumT,CCCCCC(=O)c1c(O)cc(O)cc1O,c1cc(ccn1)C=Cc1ccncc1
NIPTUC,NIPTUC,at 130 K,O=C(Nc1ccccc1)C(=O)Nc1ccccc1.Oc1c(F)c(F)c(F)c(F)c1F,P21/c,False,130.0,mediumT,O=C(Nc1ccccc1)C(=O)Nc1ccccc1,Oc1c(F)c(F)c(F)c(F)c1F
IGAYEX,IGAYEX,173 K,[NH3+]c1ccc(cc1)C1(CC)CCC(=O)NC1=O.CC1(C)C2CCC1(CS(=O)(=O)[O-])C(=O)C2,P21,False,173.0,mediumT,[NH3+]c1ccc(cc1)C1(CC)CCC(=O)NC1=O,CC1(C)C2CCC1(CS(=O)(=O)[O-])C(=O)C2
CARVEY,CARVEY,at 150 K,Oc1c(cc(cc1N(=O)=O)N(=O)=O)C(=O)[O-].CSC1=[NH+]c2cc(Oc3cccc(Cl)c3Cl)c(Cl)cc2N1,P-1,False,150.0,mediumT,Oc1c(cc(cc1N(=O)=O)N(=O)=O)C(=O)[O-],CSC1=[NH+]c2cc(Oc3cccc(Cl)c3Cl)c(Cl)cc2N1
VUZZUL,VUZZUL,at 178 K,Brc1ccc(cc1)S(=O)(=O)NS(=O)(=O)c1ccc(Br)cc1.CNC(=O)NC,P-1,False,178.0,mediumT,Brc1ccc(cc1)S(=O)(=O)NS(=O)(=O)c1ccc(Br)cc1,CNC(=O)NC
MOXVOL,MOXVOL,at 173 K,OC(=O)CCCC(O)=O.NC(=O)N1c2ccccc2C=Cc2ccccc12,P21/n,False,173.0,mediumT,OC(=O)CCCC(O)=O,NC(=O)N1c2ccccc2C=Cc2ccccc12
UWAMIQ,UWAMIQ,173 K,Oc1ccccc1C(=O)[O-].NC1=[NH+]C(=O)NC=C1,P21/n,False,173.0,mediumT,Oc1ccccc1C(=O)[O-],NC1=[NH+]C(=O)NC=C1
HUCXEJ,HUCXEJ,at 130 K,[NH3+]c1ccc(Cl)cc1.OC(=O)c1cc(Cl)c(Cl)cc1C(=O)[O-],C2,False,130.0,mediumT,[NH3+]c1ccc(Cl)cc1,OC(=O)c1cc(Cl)c(Cl)cc1C(=O)[O-]
JUGWOZ,JUGWOZ,173 K,Nc1[nH+]cc(Br)cc1.Clc1cc(ccc1C(=O)[O-])N(=O)=O,P-1,False,173.0,mediumT,Nc1[nH+]cc(Br)cc1,Clc1cc(ccc1C(=O)[O-])N(=O)=O
RIWPAS,RIWPAS,150 K,CC1(C)NC(=NC(=N1)C(Cl)(Cl)Cl)C(Cl)(Cl)Cl.CN(C)C=O,Pca21,False,150.0,mediumT,CC1(C)NC(=NC(=N1)C(Cl)(Cl)Cl)C(Cl)(Cl)Cl,CN(C)C=O
MEWYIW,MEWYIW,at 173 K,FC(F)(F)S(=O)(=O)[O-].CN(C)c1cc[n+]2c(c1)C(=O)c1ccccc21,Pc,False,173.0,mediumT,FC(F)(F)S(=O)(=O)[O-],CN(C)c1cc[n+]2c(c1)C(=O)c1ccccc21
NELPOJ01,NELPOJ01,at 160 K,CC(=NO)C(C)=NO.Cc1nc2ccccc2nc1C,P-1,False,160.0,mediumT,CC(=NO)C(C)=NO,Cc1nc2ccccc2nc1C
ZAQROC,ZAQROC,193 K,c1cc(ccn1)c1ccncc1.CCCCC(O)=O,P-1,False,193.0,mediumT,c1cc(ccn1)c1ccncc1,CCCCC(O)=O
AXUGAC,AXUGAC,at 173 K,c1ccc2c(c1)cnc1ccccc21.OC(=O)C=CC(O)=O,P-1,False,173.0,mediumT,c1ccc2c(c1)cnc1ccccc21,OC(=O)C=CC(O)=O
MOXYOQ,MOXYOQ,150 K,[NH3+]C(C(O)c1ccccc1)c1ccccc1.OC(C(=O)[O-])c1cccc(Cl)c1,C2,False,150.0,mediumT,[NH3+]C(C(O)c1ccccc1)c1ccccc1,OC(C(=O)[O-])c1cccc(Cl)c1
BOQHOE01,BOQHOE01,150 K,OC1=C(Cl)C(=O)C(=C(Cl)C1=O)O.c1cnccn1,P-1,False,150.0,mediumT,OC1=C(Cl)C(=O)C(=C(Cl)C1=O)O,c1cnccn1
BOWKEF,BOWKEF,at 150 K,c1cc(ccn1)C=Cc1ccncc1.OC(=O)c1ccccc1F,P21/c,False,150.0,mediumT,c1cc(ccn1)C=Cc1ccncc1,OC(=O)c1ccccc1F
FICBEA,FICBEA,at 173 K,Cc1cccc2SC(=Nc12)N.OC(=O)CCCCCCC(O)=O,P21/c,False,173.0,mediumT,Cc1cccc2SC(=Nc12)N,OC(=O)CCCCCCC(O)=O
QABHIO,QABHIO,180 K,O=C1C=CC(=O)C=C1.NC(=O)N1c2ccccc2C=Cc2ccccc12,P-1,False,180.0,mediumT,O=C1C=CC(=O)C=C1,NC(=O)N1c2ccccc2C=Cc2ccccc12
MOXVAX,MOXVAX,at 173 K,NC(=O)N1c2ccccc2C=Cc2ccccc12.OC(=O)c1ccccc1,C2/c,False,173.0,mediumT,NC(=O)N1c2ccccc2C=Cc2ccccc12,OC(=O)c1ccccc1
ZEXGUH,ZEXGUH,173 K,OC(=O)c1ccccc1.Oc1ccc(Br)cc1C=Nc1cccnc1,C2/c,False,173.0,mediumT,OC(=O)c1ccccc1,Oc1ccc(Br)cc1C=Nc1cccnc1
RIMXAP,RIMXAP,130 K,CC(C)(C)[NH+]=Cc1ccccc1Br.FC(F)(F)S(=O)(=O)[O-],P-1,False,130.0,mediumT,CC(C)(C)[NH+]=Cc1ccccc1Br,FC(F)(F)S(=O)(=O)[O-]
CEJPIU,CEJPIU,160 K,CN(C)P(=O)(N(C)C)N(C)C.NS(N)(=O)=O,P21/c,False,160.0,mediumT,CN(C)P(=O)(N(C)C)N(C)C,NS(N)(=O)=O
IPEVEF,IPEVEF,at 173 K,OC(=O)C1CCCCC1.C1N2CN3CN1CN(C2)C3,P21/n,False,173.0,mediumT,OC(=O)C1CCCCC1,C1N2CN3CN1CN(C2)C3
ZOXCIA,ZOXCIA,at 173 K,NC(=[NH2+])NN=Cc1c(cc(cc1N(=O)=O)N(=O)=O)N(=O)=O.O=N(=O)C1=N[N-]N=N1,P-1,False,173.0,mediumT,NC(=[NH2+])NN=Cc1c(cc(cc1N(=O)=O)N(=O)=O)N(=O)=O,O=N(=O)C1=N[N-]N=N1
GANYAW,GANYAW,at 180 K,CN1C=NC2=C1C(=O)N(C)C(=O)N2C.OC(=O)CC(O)=O,Fdd2,False,180.0,mediumT,CN1C=NC2=C1C(=O)N(C)C(=O)N2C,OC(=O)CC(O)=O
VAKVEJ,VAKVEJ,at 153 K,NC(=O)c1ccncc1.Oc1cc(O)cc(O)c1,P-1,False,153.0,mediumT,NC(=O)c1ccncc1,Oc1cc(O)cc(O)c1
LILFAQ,LILFAQ,153 K,CC1=CC(=O)NC(=[NH+]1)N.OC(=O)CC(=O)[O-],P21/n,False,153.0,mediumT,CC1=CC(=O)NC(=[NH+]1)N,OC(=O)CC(=O)[O-]
GEDLAD,GEDLAD,at 173 K,CN1C=[N+](C)C(=C1)N(=O)=O.COS(=O)(=O)[O-],P21/n,False,173.0,mediumT,CN1C=[N+](C)C(=C1)N(=O)=O,COS(=O)(=O)[O-]
KUCGAS,KUCGAS,at 230 K,Nc1ccccc1.Cc1ccccc1O,Pc,False,230.0,mediumT,Nc1ccccc1,Cc1ccccc1O
BOWJII,BOWJII,at 150 K,c1cc(ccn1)C=Cc1ccncc1.OC(=O)c1cc(F)c(F)c(F)c1,P21/n,False,150.0,mediumT,c1cc(ccn1)C=Cc1ccncc1,OC(=O)c1cc(F)c(F)c(F)c1
FAKKUA,FAKKUA,173 K,OC(=O)Cc1ccccc1.CN1C=NC2=C1C(=O)N(C)C(=O)N2C,P21/c,False,173.0,mediumT,OC(=O)Cc1ccccc1,CN1C=NC2=C1C(=O)N(C)C(=O)N2C
VAQSOW,VAQSOW,at 203 K,CN(C)c1cccc(c1)C(=O)[O-].COc1cc(C)[nH+]c(N)n1,P-1,False,203.0,mediumT,CN(C)c1cccc(c1)C(=O)[O-],COc1cc(C)[nH+]c(N)n1
AJAKAX,AJAKAX,at 173 K,NC(=O)c1ccncc1.CCCC=CC(O)=O,I2/a,False,173.0,mediumT,NC(=O)c1ccncc1,CCCC=CC(O)=O
KOTNOY,KOTNOY,at 200 K,[NH3+]C(C(O)c1ccccc1)c1ccccc1.OC(C(=O)[O-])c1ccccc1,C2,False,200.0,mediumT,[NH3+]C(C(O)c1ccccc1)c1ccccc1,OC(C(=O)[O-])c1ccccc1
ZEFFEX01,ZEFFEX01,at 150 K,OC(=O)C(O)=O.CN(C)C(N)=O,P21/c,False,150.0,mediumT,OC(=O)C(O)=O,CN(C)C(N)=O
KALZUT,KALZUT,at 143 K,FC(F)(F)C(=O)[O-].CC1(O)C[NH2+]CC1C=C,P21/c,False,143.0,mediumT,FC(F)(F)C(=O)[O-],CC1(O)C[NH2+]CC1C=C
YACXUZ,YACXUZ,173 K,OC(=O)C(O)=O.N#Cc1ccccn1,P-1,False,173.0,mediumT,OC(=O)C(O)=O,N#Cc1ccccn1
CAGQEK,CAGQEK,200 K,Oc1ccc2c(Oc3cc(O)ccc3C32OC(=O)c2ccccc32)c1.C(Cc1ccncc1)c1ccncc1,P21/a,False,200.0,mediumT,Oc1ccc2c(Oc3cc(O)ccc3C32OC(=O)c2ccccc32)c1,C(Cc1ccncc1)c1ccncc1
TAJWOT,TAJWOT,173 K,CS(=O)(=O)[N-]S(C)(=O)=O.[NH3+]c1ccc(Br)cc1,P21,False,173.0,mediumT,CS(=O)(=O)[N-]S(C)(=O)=O,[NH3+]c1ccc(Br)cc1
AMILEN,AMILEN,at 150 K,NC(N)=O.c1ccc(nc1)c1ccccn1,P-1,False,150.0,mediumT,NC(N)=O,c1ccc(nc1)c1ccccn1
KIGMIX,KIGMIX,at 173 K,OC(=O)C=CC(=O)[O-].OC(=O)c1ccc[nH+]c1Nc1cccc(c1)C(F)(F)F,P21/c,False,173.0,mediumT,OC(=O)C=CC(=O)[O-],OC(=O)c1ccc[nH+]c1Nc1cccc(c1)C(F)(F)F
CAJTEP,CAJTEP,183 K,Oc1cccc(O)c1C(=O)[O-].OC(=O)c1c[nH+]ccc1,Cc,False,183.0,mediumT,Oc1cccc(O)c1C(=O)[O-],OC(=O)c1c[nH+]ccc1
RESGIG,RESGIG,at 180 K,OC(=O)CCC(O)=O.Cc1ccc(C)nc1,P21/n,False,180.0,mediumT,OC(=O)CCC(O)=O,Cc1ccc(C)nc1
VEZPEY,VEZPEY,150 K,CCc1[nH+]c(C)ccc1O.OC(=O)CC(=O)[O-],P-1,False,150.0,mediumT,CCc1[nH+]c(C)ccc1O,OC(=O)CC(=O)[O-]
PUCSOY,PUCSOY,173 K,OC(=O)c1ccc(Br)cc1.Cc1cc(C)nc(NS(=O)(=O)c2ccc(N)cc2)n1,P21/n,False,173.0,mediumT,OC(=O)c1ccc(Br)cc1,Cc1cc(C)nc(NS(=O)(=O)c2ccc(N)cc2)n1
SAYPOZ,SAYPOZ,at 173 K,OC(=O)c1cccc(O)c1.CCC(C)=NNC(=O)c1ccncc1,P-1,False,173.0,mediumT,OC(=O)c1cccc(O)c1,CCC(C)=NNC(=O)c1ccncc1
UFOTOY,UFOTOY,at 198 K,C[NH+]1C2CCC1C(O)(O)C(F)C2.CC1(CS(=O)(=O)[O-])C2CCC1(C)C(=O)C2Br,P21,False,198.0,mediumT,C[NH+]1C2CCC1C(O)(O)C(F)C2,CC1(CS(=O)(=O)[O-])C2CCC1(C)C(=O)C2Br
AXOVIU,AXOVIU,200 K,OCC[NH2+]CCO.OCCN(CCO)C(=O)[O-],Pn,False,200.0,mediumT,OCC[NH2+]CCO,OCCN(CCO)C(=O)[O-]
HOWLIR,HOWLIR,131.8 K,CN1C(=O)NC(=O)C2=C1NC=[N+]2C.Oc1cccc(O)c1C(=O)[O-],P21/n,False,131.0,mediumT,CN1C(=O)NC(=O)C2=C1NC=[N+]2C,Oc1cccc(O)c1C(=O)[O-]
VUZZOF,VUZZOF,at 178 K,CN(C)C=O.Clc1ccc(cc1)S(=O)(=O)NS(=O)(=O)c1ccc(Cl)cc1,P21/n,False,178.0,mediumT,CN(C)C=O,Clc1ccc(cc1)S(=O)(=O)NS(=O)(=O)c1ccc(Cl)cc1
MUPPUI,MUPPUI,at 150 K,CC(=O)Nc1ccc(O)cc1.C1CNCCN1,P21/c,False,150.0,mediumT,CC(=O)Nc1ccc(O)cc1,C1CNCCN1
AKENAG,AKENAG,at 173 K,CN(C)C=O.CC(=O)Nc1cccc(NC(C)=O)n1,P21/c,False,173.0,mediumT,CN(C)C=O,CC(=O)Nc1cccc(NC(C)=O)n1
PEVCOL,PEVCOL,200 K,CS(=O)(=O)[O-].[NH3+]C(CCCNC(N)=[NH2+])C(=O)[O-],P6522,False,200.0,mediumT,CS(=O)(=O)[O-],[NH3+]C(CCCNC(N)=[NH2+])C(=O)[O-]
CEQBAE,CEQBAE,170 K,c1ccc2nc3ccccc3cc2c1.Oc1ccc(Cl)cc1,P21,False,170.0,mediumT,c1ccc2nc3ccccc3cc2c1,Oc1ccc(Cl)cc1
BAZTIJ01,BAZTIJ01,173 K,OC(=O)CCCC(O)=O.N#Cc1cccnc1,P21/n,False,173.0,mediumT,OC(=O)CCCC(O)=O,N#Cc1cccnc1
QOVQAU,QOVQAU,at 200 K,CCc1[nH+]c(N)nc(N)c1c1ccc(Cl)cc1.O=N(=O)c1cc(c([O-])c(c1)N(=O)=O)N(=O)=O,P-1,False,200.0,mediumT,CCc1[nH+]c(N)nc(N)c1c1ccc(Cl)cc1,O=N(=O)c1cc(c([O-])c(c1)N(=O)=O)N(=O)=O
UJOHEH,UJOHEH,at 200 K,NC(=O)C1CC[NH2+]CC1.O=C([O-])c1ccccc1N(=O)=O,C2/c,False,200.0,mediumT,NC(=O)C1CC[NH2+]CC1,O=C([O-])c1ccccc1N(=O)=O
LEXQOW,LEXQOW,at 173 K,OC(=O)CCCCCCCC(O)=O.NC1=Nc2ccccc2S1,C2/c,False,173.0,mediumT,OC(=O)CCCCCCCC(O)=O,NC1=Nc2ccccc2S1
YOXMEG,YOXMEG,200 K,Clc1cccc(c1)C(=O)[O-].C[N+](C)(O)c1ccc(cc1)N(=O)=O,P-1,False,200.0,mediumT,Clc1cccc(c1)C(=O)[O-],C[N+](C)(O)c1ccc(cc1)N(=O)=O
NUQHEO,NUQHEO,150 K,Cc1c(O)cccc1O.C(Cc1ccncc1)c1ccncc1,C2/c,False,150.0,mediumT,Cc1c(O)cccc1O,C(Cc1ccncc1)c1ccncc1
EKOCAL,EKOCAL,150 K,FC(F)(F)S(=O)(=O)[N-]S(=O)(=O)C(F)(F)F.C[N+]1=CN(CCS(F)(=O)=O)C=C1N(=O)=O,P21/c,False,150.0,mediumT,FC(F)(F)S(=O)(=O)[N-]S(=O)(=O)C(F)(F)F,C[N+]1=CN(CCS(F)(=O)=O)C=C1N(=O)=O
MOXXIJ,MOXXIJ,150 K,OC(C(=O)[O-])c1ccc(Br)cc1.[NH3+]C(C(O)c1ccccc1)c1ccccc1,P21,False,150.0,mediumT,OC(C(=O)[O-])c1ccc(Br)cc1,[NH3+]C(C(O)c1ccccc1)c1ccccc1
LUNNOX,LUNNOX,at 173 K,NC(=O)c1ccncc1.OC(=O)C=CC(O)=O,P-1,False,173.0,mediumT,NC(=O)c1ccncc1,OC(=O)C=CC(O)=O
YENVOG,YENVOG,150 K,O=C([O-])c1ccc2ccccc2n1.[NH3+]C(CC)CO,P21/n,False,150.0,mediumT,O=C([O-])c1ccc2ccccc2n1,[NH3+]C(CC)CO
PEJTOQ,PEJTOQ,173 K,O=C[O-].C[N+]1=CN(CCO)C=C1,P21,False,173.0,mediumT,O=C[O-],C[N+]1=CN(CCO)C=C1
ACOYOG,ACOYOG,at 173 K,Oc1cccc(O)c1.C(Cc1ccncc1)c1ccncc1,P-1,False,173.0,mediumT,Oc1cccc(O)c1,C(Cc1ccncc1)c1ccncc1
CIHDEF,CIHDEF,173 K,NC(=O)c1c[nH+]ccc1.CC1=CC(=O)[N-]S(=O)(=O)O1,C2/c,False,173.0,mediumT,NC(=O)c1c[nH+]ccc1,CC1=CC(=O)[N-]S(=O)(=O)O1
WIBVEM,WIBVEM,198 K,CC(=O)[O-].[NH3+]C(C)C(=O)NC(C)C(=O)OC(C)(C)C,P21,False,198.0,mediumT,CC(=O)[O-],[NH3+]C(C)C(=O)NC(C)C(=O)OC(C)(C)C
TAKDOB,TAKDOB,143 K,CS(=O)(=O)[N-]S(C)(=O)=O.[NH3+]c1ccc(F)cc1,P21,False,143.0,mediumT,CS(=O)(=O)[N-]S(C)(=O)=O,[NH3+]c1ccc(F)cc1
ZORVIL,ZORVIL,at 173 K,C1CCNCC1.OC1(c2ccccc2)c2ccccc2c2ccccc12,Pc,False,173.0,mediumT,C1CCNCC1,OC1(c2ccccc2)c2ccccc2c2ccccc12
UWANEN,UWANEN,173 K,OC(=O)c1cc(ccc1O)S(=O)(=O)[O-].[NH2+]=C1NC(=O)NC=C1F,P-1,False,173.0,mediumT,OC(=O)c1cc(ccc1O)S(=O)(=O)[O-],[NH2+]=C1NC(=O)NC=C1F
PEGDUE,PEGDUE,200 K,CCC(=O)Nc1ccccn1.OC(=O)c1ccc(Cl)cc1,P21/n,False,200.0,mediumT,CCC(=O)Nc1ccccn1,OC(=O)c1ccc(Cl)cc1
SOLHUY,SOLHUY,at 150 K,COc1ccc(cc1)C(O)=O.N#Cc1ccncc1,P-1,False,150.0,mediumT,COc1ccc(cc1)C(O)=O,N#Cc1ccncc1
ABELIC,ABELIC,at 173 K,Oc1cccc(O)c1.c1ccc(C=Cc2ccccn2)nc1,P-1,False,173.0,mediumT,Oc1cccc(O)c1,c1ccc(C=Cc2ccccn2)nc1
RATRUC,RATRUC,140.0 K,FC(F)(F)C(=O)[O-].CC1(C)C2COc3ccccc3C2[NH+]=C2C=NC=CN12,P21/c,False,140.0,mediumT,FC(F)(F)C(=O)[O-],CC1(C)C2COc3ccccc3C2[NH+]=C2C=NC=CN12
DUJYEP,DUJYEP,150 K,CC1(C)C(C#N)(C#N)C1(C#N)C#N.C1CCOC1,P41212,False,150.0,mediumT,CC1(C)C(C#N)(C#N)C1(C#N)C#N,C1CCOC1
RUXQAC,RUXQAC,at 203 K,OC(=O)C(O)=O.c1cnc2cccnc2c1,P-1,False,203.0,mediumT,OC(=O)C(O)=O,c1cnc2cccnc2c1
ANILIV,ANILIV,133.2 K,Nc1ccc(cc1)S(=O)(=O)Nc1ncccn1.C1CCOC1,P-1,False,133.0,mediumT,Nc1ccc(cc1)S(=O)(=O)Nc1ncccn1,C1CCOC1
UNIQIU,UNIQIU,143 K,O=N(=O)c1cc(c(c(c1)N(=O)=O)S(=O)(=O)[O-])N(=O)=O.C[N+](C)=COCF,C2/c,False,143.0,mediumT,O=N(=O)c1cc(c(c(c1)N(=O)=O)S(=O)(=O)[O-])N(=O)=O,C[N+](C)=COCF
LATDER,LATDER,at 133 K,OC(=O)CCCCCCCCC(O)=O.O=C(NN=Cc1ccccn1)c1ccncc1,P-1,False,133.0,mediumT,OC(=O)CCCCCCCCC(O)=O,O=C(NN=Cc1ccccn1)c1ccncc1
LUNZID,LUNZID,at 180 K,CCCCCCCC(O)=O.c1cnccn1,P-1,False,180.0,mediumT,CCCCCCCC(O)=O,c1cnccn1
KOBNIB01,KOBNIB01,130 K,O=NC1=C([O-])NC(=O)NC1=O.[NH3+]CCc1ccc(O)cc1,P21/c,False,130.0,mediumT,O=NC1=C([O-])NC(=O)NC1=O,[NH3+]CCc1ccc(O)cc1
IDOYOS,IDOYOS,173.2 K,FC(F)(F)S(=O)(=O)[O-].c1ccc(cc1)P1[n+]2ccccc2c2cccc[n+]12,P-1,False,173.0,mediumT,FC(F)(F)S(=O)(=O)[O-],c1ccc(cc1)P1[n+]2ccccc2c2cccc[n+]12
PUVZEN,PUVZEN,150 K,FC(F)(F)S(=O)(=O)[O-].C[n+]1ccccc1[P+](F)(c1ccccc1)c1ccccc1,P-1,False,150.0,mediumT,FC(F)(F)S(=O)(=O)[O-],C[n+]1ccccc1[P+](F)(c1ccccc1)c1ccccc1
VAXRUJ,VAXRUJ,at 173 K,CC#CC(=O)[O-].[NH3+]NC(=O)c1cc[nH+]cc1,Pbca,False,173.0,mediumT,CC#CC(=O)[O-],[NH3+]NC(=O)c1cc[nH+]cc1
PEVDEC,PEVDEC,200 K,CS(=O)(=O)[O-].[NH3+]C(CC1=C[NH+]=CN1)C(O)=O,P21,False,200.0,mediumT,CS(=O)(=O)[O-],[NH3+]C(CC1=C[NH+]=CN1)C(O)=O
CAQLAJ,CAQLAJ,at 168.2 K,FC(F)(F)S(=O)(=O)[O-].CN1C=C[N+](=C1SSC1=[N+](C)C=CN1C)C,P21/c,False,168.0,mediumT,FC(F)(F)S(=O)(=O)[O-],CN1C=C[N+](=C1SSC1=[N+](C)C=CN1C)C
PEVCUR,PEVCUR,200 K,[NH3+]C(CCCNC(N)=[NH2+])C(O)=O.CS(=O)(=O)[O-],P1,False,200.0,mediumT,[NH3+]C(CCCNC(N)=[NH2+])C(O)=O,CS(=O)(=O)[O-]
PEVCIF,PEVCIF,200 K,NS(=O)(=O)[O-].[NH3+]C(CC1=C[NH+]=CN1)C(O)=O,P21,False,200.0,mediumT,NS(=O)(=O)[O-],[NH3+]C(CC1=C[NH+]=CN1)C(O)=O
TEKSAH,TEKSAH,150 K,FC(F)(F)S(=O)(=O)[O-].O=S1[n+]2ccccc2c2cccc[n+]12,Pbca,False,150.0,mediumT,FC(F)(F)S(=O)(=O)[O-],O=S1[n+]2ccccc2c2cccc[n+]12
UPOQAS,UPOQAS,at 150 K,OC(=O)C=CC(O)=O.OC(=O)C=CC(=O)[O-].OC(CN1C=[NH+]C=N1)(CN1C=[NH+]C=N1)c1ccc(F)cc1F,P-1,False,150.0,mediumT,OC(=O)C=CC(O)=O,OC(=O)C=CC(=O)[O-]
DITBEO,DITBEO,at 173 K,FC(F)(F)S(=O)(=O)[O-].CN(C)c1cc[n+](cc1)[P+](C)(C)C,P21/c,False,173.0,mediumT,FC(F)(F)S(=O)(=O)[O-],CN(C)c1cc[n+](cc1)[P+](C)(C)C
