Original Item,Refcode,Temperature,SMILES,Spacegroup,Polymorph
YOCRUE,YOCRUE,at 100.00 K,O=N(=O)c1cccc(c1)S(=O)(=O)[O-].NC(=[NH2+])SCc1ccccc1,P1,False
ETIXIR,ETIXIR,295 K,NC(=[NH2+])NC(N)=S.O=C([O-])c1ccccn1,P-1,False
NAKZOR,NAKZOR,296 K,OC(=O)c1ccccc1C(=O)[O-].NNC(=O)c1cc[nH+]cc1,P-1,False
NOJWOY,NOJWOY,at 120 K,[NH3+]Cc1cccc(Cl)c1.OC(CC(O)=O)C(=O)[O-],P21,False
GUYYIL,GUYYIL,100 K,O=C([O-])c1ccc(cc1N(=O)=O)N(=O)=O.C[N+](C)=C(N)O,Pbca,False
FAYYAI,FAYYAI,183 K,Nc1ccc(C(O)=O)c(O)c1.NC(=O)N1c2ccccc2C=Cc2ccccc12,P21/c,False
NUQHIS,NUQHIS,150 K,Cc1c(O)cccc1O.c1cc(ccn1)N=Nc1ccncc1,P21/c,False
NUMZED,NUMZED,298 K,COc1ccc(cc1)C(O)=O.Fc1c(F)c(F)c(N=Cc2ccncc2)c(F)c1F,P-1,False
AYIJUP,AYIJUP,296 K,c1ccc2ncccc2c1.OC(=O)CCSC1=CC(=O)C(=O)c2ccccc12,P21/c,False
HAYLEC,HAYLEC,150 K,Oc1ccc(C=O)c(O)c1O.c1cc(ccn1)c1ccncc1,P-1,False
BARMIM,BARMIM,,CN1C=CN=C1.CCC1(CC)C(=O)NC(=O)NC1=O,P21/c,False
IJUPEI,IJUPEI,at 223 K,CC1=CC2[NH+](CC1)CC1CCCCC21O.O=N(=O)c1cc(c([O-])c(c1)N(=O)=O)N(=O)=O,Pna21,False
QIYJEQ,QIYJEQ,100 K,Nc1cc(ccc1C(=O)[O-])N(=O)=O.CC(=O)c1ccc(cc1)N1CC[NH2+]CC1,P-1,False
ATOLIF,ATOLIF,at 300 K,OC(=O)c1cc(ccc1O)S(=O)(=O)[O-].[NH3+]CCc1ccc(O)c(O)c1,C2/c,False
QAXZIB,QAXZIB,293 K,c1cc(ccn1)C=Cc1ccncc1.NC(=S)NN=Cc1ccc(O)cc1O,P-1,False
FEPFOX,FEPFOX,at 180 K,c1ccc2nc3ccccc3nc2c1.CC(=CC(O)=O)C(O)=O,Pna21,False
ECEQIP,ECEQIP,295 K,COc1cc[nH+]cc1.OC(=O)CNc1ccccc1C(=O)[O-],C2/c,False
QOFKEC,QOFKEC,at 200 K,O=C1C(=O)c2cccnc2c2[nH+]cccc12.FC(F)(F)S(=O)(=O)[O-],P21,False
TITJAI,TITJAI,at 295 K,C1COCCO1.NC(=O)c1cc(nc(Cl)n1)c1ccccc1,P-1,False
TEHNAW01,TEHNAW01,at 298 K,Oc1ccc(cc1)c1ccc(O)cc1.N#Cc1ccncc1,P21/n,False
MUPDOR,MUPDOR,at 100 K,[NH3+]c1ccccc1Oc1ccccc1.OC(=O)C1=NNC(=C1)C(=O)[O-],P21/c,False
FEPFEN,FEPFEN,at 129 K,ON=C(C#N)c1ccc(cc1)C(=NO)C#N.CS(C)=O,P-1,False
VAKKEA,VAKKEA,298 K,[NH3+]C(Cc1ccccc1)C(=O)Nc1cccnc1.Brc1ccc(cc1)C(=O)[O-],P212121,False
YAJGIC,YAJGIC,154 K,O=S1(=O)NC(=S)c2ccccc12.NC(=O)N1c2ccccc2CCc2ccccc12,P-1,False
HOLKUQ,HOLKUQ,at 140 K,FC(F)(F)S(=O)(=O)[O-].C[N+]1=CN(CC[NH2+][BH3-])C=C1,P-1,False
MEDHIO,MEDHIO,at 120 K,OC(C(O)C(=O)[O-])C(O)=O.[NH3+]CCc1ccc(O)cc1,P-1,False
TEJNEC,TEJNEC,at 293 K,O=C(NNc1ccccc1)NNc1ccccc1.NC(=O)NNc1ccccc1,P21/n,False
ZUYLAI,ZUYLAI,173 K,NC(N)=O.NC(=O)c1cccnc1,P21/n,False
XUVRAI,XUVRAI,at 120 K,CC1=CN2N=C(C)SC2=[NH+]1.O=C([O-])C1=CC=C(O1)N(=O)=O,P21/c,False
YECWUC,YECWUC,298 K,NC(=O)c1ccc(O)cc1.CN1C(=O)N(C)C2=C(N(CC(O)=O)C=N2)C1=O,P21/n,False
WARPEN,WARPEN,298.1 K,NC(=O)c1ccncc1.OB1OCc2cc(F)ccc12,P21/c,False
JOKYIU,JOKYIU,302 K,C1CN2CCN1CC2.Nc1ccc(cc1)S(=O)(=O)Nc1ccc(Cl)nn1,P21/c,False
TEZNIX,TEZNIX,at 298 K,OC(=O)Cc1ccc(CC(O)=O)cc1.Nc1nc(N)nc(n1)c1ccccc1,Pbca,False
MEDBEE,MEDBEE,at 123 K,Nc1ccccc1C(=O)[O-].[NH3+]CCc1ccc(O)cc1,P21/c,False
NOBYAE,NOBYAE,at 120K,OC(=O)C1=C(NC=N1)C(=O)[O-].[NH3+]C(CC1=CNC=[NH+]1)C(=O)[O-],P21,False
TIBXEL,TIBXEL,294 K,COc1cc(Cc2c[nH+]c(N)nc2N)cc(OC)c1OC.CN1C(=O)N(C)C2=C(N(CC(=O)[O-])C=N2)C1=O,P-1,False
MUZFEU,MUZFEU,298 K,c1cc(ccn1)C=Cc1ccncc1.Oc1cc(O)c(Br)cc1Br,P-1,False
EPAXAX,EPAXAX,293 K,OCS(=O)(=O)[O-].[NH3+]C(CO)(CO)CO,P21/c,False
HOTGOP,HOTGOP,130 K,CN(C)c1ccc(cc1)C=NNC(N)=S.CN(C)c1ccc(C=O)cc1,P-1,False
MOCCUE,MOCCUE,293 K,Cc1ccc(cc1)S(O)(=O)=O.COc1cc(OC)nc(N)n1,P-1,False
ACETAF,ACETAF,at 298 K,OC(=O)c1ccccc1O.CN1N=NC2=C(N=CN2C1=O)C(N)=O,P-1,False
YACFIU,YACFIU,100 K,CC(C)C1=C(C)N(C)N(c2ccccc2)C1=O.OC(=O)C=CC(O)=O,P-1,False
YANBEX,YANBEX,293 K,c1cc(ccn1)C=Cc1ccncc1.CNC(=S)NN=C(C)c1ccc(O)cc1O,P21/n,False
VOSWOS,VOSWOS,173 K,OC(C(=O)[O-])c1ccc(Br)cc1.[NH3+]C(CO)C(O)c1ccc(cc1)N(=O)=O,P21,False
ACOPOA,ACOPOA,296 K,OC(=O)c1cc(O)cc(O)c1.NC(=O)c1cnccn1,P21/c,False
MIPBIZ,MIPBIZ,100 K,FC(F)(F)S(=O)(=O)[N-]S(=O)(=O)C(F)(F)F.FC(F)(F)O[n+]1ccc(cc1)c1ccccc1,C2/c,False
MIHSIJ,MIHSIJ,295 K,CC(C)=CC(=O)[O-].[NH3+]C(CCCNC(N)=[NH2+])C(=O)[O-],P212121,False
NEBWOK,NEBWOK,293 K,CCOc1ccc(cc1)C(=O)[O-].O=N(=O)c1ccc(cc1)N1CC[NH2+]CC1,P-1,False
UXOBIT,UXOBIT,at 150 K,CCCCCCC(O)=O.Nc1ncnc(N)n1,Pmn21,False
SIBYUB,SIBYUB,113.2 K,NC(=O)c1ccncc1.ONC(=O)C=Cc1cccc(c1)S(=O)(=O)Nc1ccccc1,P-1,False
GUYZOS,GUYZOS,300 K,NC(=O)c1cc[nH+]cc1.OC(=O)c1ccccc1C(=O)[O-],P21/n,False
HUCRON,HUCRON,at 120 K,CC(=NO)C(=O)NCC[NH2+]CCO.CC(=NO)C(=O)[O-],P21/c,False
QOLMEL,QOLMEL,at 114 K,Cc1ccnc2c1ccc1c(C)ccnc21.Oc1c(O)c(Cl)c(Cl)c(Cl)c1Cl,P-1,False
CAKYOE,CAKYOE,at 298 K,Oc1c(Cl)cc(Cl)cc1Cl.CC1=NN=C2CN=C(c3ccccc3)c3cc(Cl)ccc3N12,P21/c,False
BOVZAP,BOVZAP,at 150 K,C(Cc1ccncc1)c1ccncc1.OC(=O)c1ccc(F)c(F)c1,P21/c,False
YECHIY,YECHIY,at 293 K,O1C(=NN=C1c1cccnc1)c1cccnc1.OC(=O)CCCCCCC(O)=O,C2/c,False
ZAZGEO,ZAZGEO,at 298 K,[NH2+]=C1NC(=O)NC=C1.Cc1cccc(Nc2ccccc2C(=O)[O-])c1C,P-1,False
GAHHUT,GAHHUT,at 293 K,Oc1cccc2ccc[nH+]c12.O=N(=O)c1cc(c([O-])c(c1)N(=O)=O)N(=O)=O,P21/c,False
EFUNUP,EFUNUP,at 294 K,O=C([O-])c1ccc(cc1)N(=O)=O.NC1=CC=[NH+]C(=O)N1,P-1,False
ULEKIG,ULEKIG,at 296 K,c1cc(ccn1)c1ccncc1.OC(=O)c1cc(F)cc(c1)C(O)=O,P21/n,False
AWAYUV,AWAYUV,293 K,C[NH+]1CCOCC1.COc1cc(cc(OC)c1OC)C1CC(=O)NC(=C1C#N)[S-],P-1,False
LAWBER,LAWBER,at 273 K,OC(=O)c1cccc(c1)C(O)=O.Cc1ccncc1,Cc,False
UDABOU,UDABOU,296 K,Oc1ccc(c(O)c1)C(=O)[O-].Nc1cc(nc(N)[n+]1O)N1CCCCC1,P21/c,False
XAQCIC,XAQCIC,at 25 deg.C,Cc1ccc(cc1)S(=O)(=O)[O-].CC([NH2+]C(CF)c1ccccc1)c1ccccc1,P21,False
GESRAB,GESRAB,120 K,NC1=N[N+]2(CCOCC2)CC1.Cc1ccc(cc1)S(=O)(=O)[O-],P21/c,False
VEJZAO,VEJZAO,298.9 K,NC(=O)c1ccccc1.NS(=O)(=O)c1cc2c(NC=NS2(=O)=O)cc1Cl,Pnma,False
IKANAK,IKANAK,at 293 K,c1cnc2c(c1)ccc1cccnc21.OC(=O)c1ccc2C(=O)OC(=O)c3ccc(C(O)=O)c1c23,P-1,False
RIDVIK,RIDVIK,at 296.1 K,CCOP([O-])(=S)c1ccccc1.[NH3+]C(C)c1ccccc1OC,P21,False
KIZYEZ01,KIZYEZ01,at 123 K,CC(=O)Nc1ccccn1.OC(=O)c1ccccc1,P21/c,False
RAVLOS,RAVLOS,150 K,OC(=O)c1cc(Cl)cc(Cl)c1O.O=Cc1ccncc1,P-1,False
XOTPUU,XOTPUU,293.1 K,C[N+]1=C(C)N(CCON(=O)=O)C=C1.O=N(=O)c1cc(c([O-])c(c1)N(=O)=O)N(=O)=O,P21/c,False
GIMTON,GIMTON,at 293 K,Clc1ccc(cc1)S(=O)(=O)CC(=O)[O-].C[NH+](CCO)CCO,P1,False
TORZAE,TORZAE,150 K,c1cc(ccn1)C=Cc1ccncc1.Nc1ccc(cc1)C(O)=O,P-1,False
TEYVUP,TEYVUP,at 123.1 K,[NH3+]C(C(O)c1ccccc1)c1ccccc1.O=C([O-])c1ccccc1,P21,False
WIPQOE01,WIPQOE01,100 K,OC(=O)C(=O)[O-].[NH3+]C(CC(C)C)C(O)=O,P-1,False
YAWQOD,YAWQOD,at 293 K,FC1=C(F)C(C(=C(F)C1=C(C#N)C#N)F)=C(C#N)C#N.OCC1=C(CO)SC(S1)=C1SC(=C(CO)S1)CO,P-1,False
XIYSIK,XIYSIK,298 K,OC(CN1C=NC=N1)(CN1C=NC=N1)c1ccc(F)cc1F.OC(=O)C=CC(O)=O,P21/n,False
DAQYEC,DAQYEC,100 K,NC(=O)c1ccccc1.OC(=O)C1=NN(Cc2ccc(Cl)cc2Cl)c2ccccc12,P21/c,False
QUBQAF,QUBQAF,at 296 K,CC1=CC(=CC(=O)O1)OCc1ccccc1.O=C1NC(=O)C=C1,P-1,False
EYUROI,EYUROI,296 K,NC(=O)c1nc(F)cnc1O.COc1cc(C=CC(O)=O)ccc1O,P-1,False
CEXNEC,CEXNEC,293 K,OC(=O)c1cc(O)c(Br)c(O)c1.c1cc(ccn1)c1ccncc1,P-1,False
PAVXAN,PAVXAN,at 100 K,c1cc(ccn1)c1ccncc1.OC(=O)c1ccc(cc1)C(O)=O,P-1,False
QUTMOI,QUTMOI,at 296 K,c1ccc2ncccc2c1.OC(=O)c1ccc(C(O)=O)c2c(ccc(C(O)=O)c12)C(O)=O,P21/n,False
KATBAJ,KATBAJ,at 293 K,OC(=O)c1ccc(cc1)C(O)=O.C(Cc1ccncc1)Cc1ccncc1,C2/c,False
BALRAH,BALRAH,,CC(C(=O)[O-])c1ccccc1.[NH3+]C(C(O)c1ccccc1)c1ccccc1,P212121,False
YAGKEY,YAGKEY,at 293 K,OC(=O)C=CC(=O)[O-].CN1CC(=O)[NH+]=C1N,P21/n,False
QASZIX,QASZIX,120 K,CN(C)C=O.OC(=O)c1cc(Br)c(O)cc1O,P21/n,False
HOGJAR,HOGJAR,180 K,O=C(NN=Cc1[nH+]cccc1)c1ccccc1.OC(=O)CC(=O)[O-],P-1,False
EYIWEO,EYIWEO,at 295 K,OC(=O)c1cc(ccc1O)S(=O)(=O)[O-].Oc1cccc2ccc[nH+]c12,P21/n,False
MEDFUY,MEDFUY,at 123 K,OC(=O)CC(=O)[O-].[NH3+]CCc1ccc(O)cc1,P21/c,False
HEMDOV,HEMDOV,113 K,NC(N)=S.CC(=O)N1C=CN(C=C1)C(C)=O,C2/c,False
HIQMAX,HIQMAX,at 150 K,OC(=O)CCC(O)=O.NC(=O)c1ccc(Br)cc1,P21/c,False
GUHHEX,GUHHEX,at 293 K,O=C([O-])C[n+]1ccc(cc1)C(=O)[O-].OC(=O)C[n+]1ccc(cc1)C(O)=O,P21/n,False
UNIBOI,UNIBOI,at 100 K,NC=O.NC(=O)N1c2ccccc2C=Cc2ccccc12,P-1,False
VIBSAE,VIBSAE,100.0 K,OC(=O)c1ccccc1NC1=C(C(=O)NC1=O)c1ccccc1.CS(C)=O,P21/c,False
VEFWAF,VEFWAF,at 298 K,OC(=O)c1cc(O)c(Br)c(O)c1.c1cc(ccn1)c1ccncc1,P21/n,False
GUZVEF,GUZVEF,100 K,CN(C)C(N)=O.OC(=O)c1ccccc1C(O)=O,P21/c,False
IVUMIW,IVUMIW,at 123 K,O=S(=O)([O-])c1ccccc1.C[NH+](C)C(C)C(O)c1ccccc1,P21,False
CIMNAQ,CIMNAQ,150 K,CC1(C)C2CCC1(CS(=O)(=O)[O-])C(=O)C2.COc1ccc(cc1)C(O)C[N+]1=CC=CN1,P212121,False
EXEJOH,EXEJOH,at 293 K,C1N2CN3CN1CN(C2)C3.Oc1c(Br)cc(Cc2cc(Br)c(O)c(Br)c2)cc1Br,P-1,False
WIVPUM,WIVPUM,at 173 K,Clc1ccc(c(Cl)c1)C(=O)[O-].[NH3+]Cc1ccc(Cl)cc1,P21/c,False
JIQFIB,JIQFIB,296 K,Oc1ccc(c(O)c1)C(=O)[O-].[NH3+]CC1CCC(CC1)C(O)=O,P21/n,False
GAGPIR,GAGPIR,150 K,[NH3+]C(C(O)c1ccccc1)c1ccccc1.OC(CCc1ccccc1)C(=O)[O-],P61,False
WUYRIR,WUYRIR,at 293 K,CN1C(=O)N(C)C2=C([N-]C=N2)C1=O.[NH3+]CCO,P-1,False
CEPMOC,CEPMOC,170 K,c1ccc2nc3ccccc3cc2c1.Oc1ccc(Br)cc1,P21,False
MAYTIT,MAYTIT,200.0 K,Cc1ccc(cc1)S(=O)(=O)[O-].O=C(C[NH+]1CCCCC1)c1ccccc1,Pbca,False
VAKVIN,VAKVIN,at 153 K,NC(=O)c1ccncc1.Oc1ccc(O)cc1,P21/c,False
VUKSEC,VUKSEC,100 K,CCOc1ccccc1C(N)=O.Oc1ccccc1,P21/c,False
LIQSUC,LIQSUC,295 K,OC(=O)c1cc(C(O)=O)c(cc1C(O)=O)C(O)=O.c1cnccn1,P21/c,False
TUVXEQ,TUVXEQ,120 K,CCCC(=O)[O-].[NH2+]1CCOCC1,C2/c,False
WIWNAU,WIWNAU,293 K,Oc1cc(O)cc(O)c1.NNC(=O)c1ccncc1,P21/c,False
KUFWIT,KUFWIT,100 K,O=C([O-])c1ccc(cc1N(=O)=O)N(=O)=O.[NH3+]c1ccc(cc1)S(=O)(=O)N=C1NC=CS1,P-1,False
TIJMUU,TIJMUU,at 150 K,CC(=NO)C1(C)NCC(C)(C)CN1.CC(=O)C(C)=NO,P-1,False
GIDGAF,GIDGAF,294 K,O=C([O-])c1cccnc1.[NH3+]CC1CCC(CC1)C(O)=O,P-1,False
ICOPAV,ICOPAV,298 K,[NH3+]C1=C(C)N(C)N(c2ccccc2)C1=O.O=C([O-])c1cc(cc(c1)N(=O)=O)N(=O)=O,Pna21,False
VEJKIH,VEJKIH,293 K,C[NH+]=S(=O)(C=CC(C)(C)C)c1ccccc1.CS(=O)(=O)[O-],P-1,False
LUNZOJ,LUNZOJ,at 180 K,CCCCCCCCC(O)=O.c1cnccn1,P-1,False
SEPTIT,SEPTIT,296 K,COc1ccc(cc1)C=C1CC[NH+]=C1.FC(F)(F)C(=O)[O-],P-1,False
KAPVAY,KAPVAY,,CC(C(=O)[O-])c1ccccc1.[NH3+]C1C(O)Cc2ccccc12,P21,False
GIYWIU,GIYWIU,,O=P([O-])(Oc1ccccc1)Oc1ccccc1.O[N+]1=NNc2ccccc12,P21/n,False
WAKTUY,WAKTUY,at 295 K,ClCC(=O)[O-].NC(CC[NH+]1CCCCC1)=NO,P21/c,False
RASCAQ,RASCAQ,at 223 K,c1cc(ccn1)C=Cc1ccncc1.Oc1cc(O)cc(c1)C(c1ccccc1O)c1ccccc1O,P21/c,False
RASBOD,RASBOD,at 223 K,c1cc(ccn1)c1ccncc1.Oc1cc(O)cc(c1)C(c1ccccc1O)c1ccccc1O,Pbcn,False
XEZJAR,XEZJAR,150.2 K,c1ccc2c(c1)c1ccccc1c1ccccc21.ClC1=C(Cl)C(=O)C(=C(C#N)C1=O)C#N,P21/n,False
ZIKQOB,ZIKQOB,at 30 K,OC(=O)c1c[nH+]ccc1.O=C([O-])c1cc(cc(c1)N(=O)=O)N(=O)=O,P21/n,False
NORTOG,NORTOG,296 K,c1ccc2nc3ccccc3nc2c1.Oc1cccc(O)c1O,P-1,False
LATLAV,LATLAV,at 173 K,CC(C)=NNC(=O)c1ccncc1.OC(=O)c1ccccc1O,P21/n,False
LODGUH,LODGUH,at 293 K,Oc1c(F)c(F)c(F)c(F)c1F.CN1C(=S)c2ccccc2N(C)C(=S)c2ccccc12,C2/c,False
ZEVROL,ZEVROL,295 K,c1cc(ccn1)C=Cc1ccncc1.OB(O)C=Cc1ccc(F)cc1,P21/c,False
TAKJOH,TAKJOH,173 K,Cc1ccc(cc1)S(=O)(=O)[O-].[NH3+]C(CC1=CNc2ccccc12)C(O)=O,P21/c,False
EJEZAX,EJEZAX,150 K,S=C([S-])N1CCOCC1.C[N+](C)(C)CCO,P21/c,False
UPEDIE,UPEDIE,296 K,OC(=O)C(=O)[O-].Nc1[nH+]c(N)nc(n1)c1ccc(Br)cc1,P41212,False
ZEXWAC,ZEXWAC,at 298 K,CCN1C=C(C(O)=O)C(=O)c2ccc(C)nc12.Oc1cccc(O)c1O,C2/c,False
BEPTOH,BEPTOH,at 173 K,[NH2+]1CCOCC1.OC(=O)C=CC(=O)[O-],P-1,False
AJAGEX,AJAGEX,at 90 K,OC(=O)C#C.O=C1CNC(=O)CN1,P21/c,False
OGEPOG,OGEPOG,at 296 K,c1cc(ccn1)c1ccncc1.OC(=O)c1ccc(cc1)C(=O)c1ccccc1C(O)=O,P21/n,False
GEHJEJ,GEHJEJ,,C[NH2+]C(C)C(O)c1ccccc1.OC(=O)CCCCC(=O)[O-],P212121,False
YAXRAS,YAXRAS,at 298 K,c1cc(ccn1)c1ccncc1.OC(c1ccc(cc1)C(O)=O)c1ccc(cc1)C(O)=O,P21/n,False
ALLCAM,ALLCAM,at -150deg.C,OC(=O)C=C=CC(O)=O.CC(N)=O,C2/c,False
HETFEV,HETFEV,298 K,CN(C)C=O.CN1C(=O)C2=C(OC(=C(C#N)C2(C#N)C#N)N)c2ccccc12,P21/n,False
BALJII,BALJII,at 293 K,C[N+]1(CCOCC1)CC(O)=O.O=N(=O)c1cc(c([O-])c(c1)N(=O)=O)N(=O)=O,P21/c,False
TOJRAM,TOJRAM,at 100 K,FC(F)(F)S(=O)(=O)[N-]S(=O)(=O)C(F)(F)F.OC(=O)C[n+]1ccccc1,P1,False
SARDIY,SARDIY,,Nc1ccc(N)cc1.Oc1ccc(cc1)c1ccccc1,P21/c,False
CAHLUT,CAHLUT,at 296K,OC1=C(Br)C(=O)C(=C(Br)C1=O)O.c1ccc(nc1)C#Cc1ccccn1,P-1,False
QANKUM,QANKUM,at 295 K,OC(=O)c1cc(ccc1O)S(=O)(=O)[O-].[NH3+]c1ccc(F)cc1,P21,False
WIZBEN,WIZBEN,at 100 K,OC(=O)C(=O)[O-].CSC=C(C[NH+](C)C)SC,C2/c,False
VUKQEZ,VUKQEZ,298 K,OC(=O)C=CC(=O)[O-].[NH3+]C(C(C)CC)C(O)=O,P21,False
IKOMEC,IKOMEC,293 K,CN1C(=O)N(C)C(=C(C1=O)c1ccc(cc1N(=O)=O)N(=O)=O)[O-].CN1CC(=O)[NH+]=C1N,P21/n,False
WAPQEL,WAPQEL,at 100 K,[NH3+]C(C(C)CC)C(=O)OC.Cc1ccc(cc1)C=CC(=O)[O-],P212121,False
KANBUZ,KANBUZ,300 K,c1ccncc1.CCCN(CCC)S(=O)(=O)c1ccc(cc1)C(O)=O,P21/c,False
FURYOI,FURYOI,298 K,NS(=O)(=O)c1ccc(cc1)C(O)=O.O=C1CCCCN1,P-1,False
YASGOQ04,YASGOQ04,100 K,NS(=O)(=O)c1cc(C(O)=O)c(NCC2=CC=CO2)cc1Cl.NC(=O)c1cccnc1,P21/n,False
BEMLUB,BEMLUB,at 77 K,COc1cc(O)cc(O)c1.C(=CC=Cc1ccncc1)C=Cc1ccncc1,P-1,False
TEFLUL,TEFLUL,,[NH3+]C(CCCNC(N)=[NH2+])C(=O)[O-].O=N(=O)c1cc(c([O-])c(c1)N(=O)=O)N(=O)=O,P21/n,False
PEXKAE,PEXKAE,,CC12[NH2+]C(Cc3ccc(cc13)N(=O)=O)c1ccccc21.OC(=O)C(=O)[O-],P22121,False
TUYKUV,TUYKUV,173 K,CN(C)C=O.OC(=O)c1cccc2C(=O)c3c(cccc3C(=O)c12)C(O)=O,P21/c,False
CIKNUI,CIKNUI,296 K,[NH2+]1CCOCC1.OC(=O)C(=O)[O-],P21/n,False
RAWDIC,RAWDIC,,C1N2CN3CN1CN(C2)C3.Oc1cc(O)cc(O)c1,C2/c,False
RIMCAR,RIMCAR,at 173K,C1COCCO1.CC(=O)C1(C(C)=O)C(C#N)(C#N)C1(C#N)C#N,P21,False
QUDPIQ,QUDPIQ,100 K,[O-]N1N=NN=C1C1=NN=N[N-]1.[NH3+]NC(=O)N[NH3+],Cc,False
WIVBEJ,WIVBEJ,at 296 K,Oc1cccc2ccc[nH+]c12.OC(=O)c1ccc2C(=O)N(CC(=O)[O-])C(=O)c2c1,P21/c,False
YECVEL,YECVEL,298 K,NC(=O)c1cc[nH+]cc1.CN1C(=O)N(C)C2=C(N(CC(=O)[O-])C=N2)C1=O,P-1,False
WIVQIB,WIVQIB,at 173 K,Fc1c(F)c(F)c(c(F)c1F)C(=O)[O-].[NH3+]Cc1ccc(Cl)cc1,C2/c,False
PAFFEL,PAFFEL,100 K,FC(F)(F)S(=O)(=O)[O-].C[S+](C)C(Cc1ccc(Br)cc1)C(=O)N(C)C,P21/c,False
PAKZUZ,PAKZUZ,293 K,CS(C)=O.CSc1ccc(cc1)C=NNC(=S)Nc1ccccc1,P-1,False
PEDRIB,PEDRIB,at 295 K,[2H][N+](=C(N([2H])[2H])N([2H])[2H])C(N([2H])[2H])=S.[2H]OC(C(O[2H])C(O[2H])=O)C(=O)[O-],P21,False
VURZIU,VURZIU,296 K,Nc1[nH+]cc(Cl)cc1.Cc1ccc(cc1)S(=O)(=O)[O-],P21/n,False
MUPPAP,MUPPAP,at 100 K,NC(=O)c1cccnc1.OC(=O)c1cc(O)c(O)c(O)c1,P212121,False
ACERUX,ACERUX,at 100 K,OC(=O)C=CC(O)=O.CN1N=NC2=C(N=CN2C1=O)C(N)=O,P-1,False
BOWJUU,BOWJUU,at 150 K,OC(=O)c1cc(F)c(F)c(F)c1.C(Cc1ccncc1)c1ccncc1,P21/n,False
AZUSET,AZUSET,at 150 K,Cc1ccc(cc1)S(=O)(=O)[O-].[NH3+]CC1CCC2COc3c(Br)cc(OC)c1c23,P-1,False
DUSYIA,DUSYIA,at 296 K,Nc1[nH+]cc(Cl)cc1.OC(=O)CCCC(=O)[O-],P212121,False
GUZFAJ,GUZFAJ,at 173 K,FC(F)(F)S(=O)(=O)[O-].CCN1C=CC=CB1[n+]1ccc(cc1)N(C)C,P-1,False
VIPVOH,VIPVOH,at 295 K,OC(=O)c1cc(ccc1O)S(=O)(=O)[O-].[NH3+]c1ccc(cc1)N(=O)=O,Pbca,False
TAJSUV,TAJSUV,173 K,CC1(C)C2CCC1(CS(=O)(=O)[O-])C(=O)C2.[NH3+]C(CC1=CNc2ccccc12)C(O)=O,P212121,False
CANFAC,CANFAC,132.1 K,Cc1[nH+]cc(CO)c(CO)c1O.OC1=C([O-])C(=O)C1=O,P21/c,False
FOYSAO,FOYSAO,at 84 K,[NH3+]CCOCCOCC[NH3+].OC(C(O)C(O)C(=O)[O-])C(O)C(=O)[O-],P-1,False
SODDOF,SODDOF,at 120 K,OC(=O)c1ccccc1O.NC(=O)c1cccnc1,P21/n,False
WIDDES,WIDDES,,OC(=O)C=CC(=O)[O-].Nc1c2ccccc2[nH+]c2CCCC(O)c12,P-1,False
WIJNIM,WIJNIM,,O=C[O-].[NH3+]C(CCCNC(N)=[NH2+])C(=O)[O-],P21/c,False
UGOSIU,UGOSIU,at 293 K,OC(=O)C=CC(=O)[O-].CC1=C[NH+]=C(N)S1,P21/n,False
ABELEY,ABELEY,at 173 K,COc1cc(O)cc(O)c1.c1cc(ccn1)C=Cc1ccncc1,P21/c,False
CUDRUR,CUDRUR,293 K,O=C([O-])c1ccc2ccccc2n1.[NH3+]c1ccc(Cl)cc1,P-1,False
LEMHIU,LEMHIU,,NC(N)=O.N#CCCCCCCCCC#N,C2/c,False
VEJXAJ,VEJXAJ,,OC(=O)CCC(O)=O.NC(N)=O,P21/c,False
ACERAC,ACERAC,at 123 K,CN(C)C=O.OC(=O)c1ccc(Cl)cc1,P21/c,False
WUTFID,WUTFID,296 K,CC(C)c1ccc(C)c(O)c1.c1ccc2nc3ccccc3nc2c1,P-1,False
EYOLOU,EYOLOU,at 125 K,OC(CC=C)(C(F)(F)F)C(F)(F)F.C1CNCCN1,P21/n,False
YOVMAA,YOVMAA,293 K,O=C1NS(=O)(=O)c2ccccc12.CN1N(C(=O)C=C1C)c1ccccc1,P21/c,False
WENDEC,WENDEC,290 K,[NH3+]CCO.NC(=O)C1=NC(=C[N-]C1=O)F,P21/c,False
REHSOO,REHSOO,at 110 K,Nc1ccc(cc1)C(O)=O.CCOc1ccccc1C(N)=O,P21/c,False
HURMOX,HURMOX,at 115 K,O=C([O-])CC1=CC=CS1.[NH3+]C(C(O)c1ccccc1)c1ccccc1,P21,False
OFEQAR,OFEQAR,at 173 K,Cc1ccc(N)cc1C.Oc1ccc(cc1)C1(CCCCC1)c1ccc(O)cc1,P-1,False
RINQOW,RINQOW,at 173 K,Cc1ccc(C)c(c1)S(=O)(=O)[O-].CN(C)C1=CC=C(S1)C=Cc1cc[n+](C)cc1,P-1,False
GAGPUD,GAGPUD,150 K,[NH3+]C(C(O)c1ccccc1)c1ccccc1.OC(CCc1ccccc1)C(=O)[O-],P212121,False
MEXSIT,MEXSIT,at 294 K,OC(=O)CCC(=O)[O-].C[NH2+]C1CCC2=C(C1)c1cc(ccc1N2)C(N)=O,P21,False
ZEYRII,ZEYRII,100 K,CCc1[nH+]ccc(c1)C(N)=S.O=C1NC(=S)NC(=C1)[O-],P-1,False
CADPAB,CADPAB,293 K,OC1=C(Cl)C(=O)C(=C(Cl)C1=O)[O-].[NH3+]C(CC(C)C)C(O)=O,P21,False
VAPDIZ,VAPDIZ,,NC1=[NH+]c2ccccc2S1.O=C([O-])c1cc(cc(c1)N(=O)=O)N(=O)=O,Pc21b,False
WADMIA,WADMIA,213.1 K,[NH3+]Cc1ccc(Br)cc1.CCCCCCCCCCCCC(=O)[O-],P-1,False
VIGJEA,VIGJEA,,CCOC(=O)c1cccc2cccc([NH+](C)C)c12.O=N(=O)c1cc(c([O-])c(c1)N(=O)=O)N(=O)=O,P-1,False
REGKOD,REGKOD,,Nc1nc(N)nc(N)n1.O=C1CCC(=O)N1,P21/c,False
ABEBUF,ABEBUF,at 150 K,c1ccncc1.O=C1Nc2ccccc2C(=O)Nc2ccccc12,Pbca,False
TAHNAU,TAHNAU,100 K,CC=CC1=C(O)C(=O)C2=C(O1)C(=O)NC2=O.C1COCCO1,C2/c,False
PEBZII,PEBZII,170 K,NC(=O)c1ccncc1.Oc1ccc(cc1)C=Cc1cc(O)cc(O)c1,P21/n,False
IJOCOZ,IJOCOZ,at 150 K,O[B-](c1c(F)c(F)c(F)c(F)c1F)(c1c(F)c(F)c(F)c(F)c1F)c1c(F)c(F)c(F)c(F)c1F.OC1CCCCC1[NH2+]Cc1ccccc1,P21/n,False
LEVWER,LEVWER,296 K,Oc1ccc(c(O)c1)C(=O)[O-].CCc1[nH+]c(N)nc(N)c1c1ccc(Cl)cc1,P-1,False
GUXYEF,GUXYEF,223 K,c1cc(ccn1)c1ccncc1.CSC1=C(SC)SC(S1)=C1SC=C(S1)C(O)=O,P2/c,False
EYIWOY,EYIWOY,at 295 K,OC(=O)c1cc(ccc1O)S(=O)(=O)[O-].OC(=O)c1[nH+]c2ccccc2cc1,P21/n,False
MOXWAY,MOXWAY,at 173 K,OC(=O)c1ccccc1O.NC(=O)N1c2ccccc2C=Cc2ccccc12,P21/n,False
PORNER,PORNER,153 K,FC(F)(F)S(=O)(=O)[O-].CC1=[NH+]N(C(=C1)C)c1ncccc1N(=O)=O,P-1,False
LILFOE,LILFOE,149.9 K,CC1=CC(=O)NC(=[NH+]1)N.O=C1[N-]S(=O)(=O)c2ccccc12,P-1,False
CAMWOD,CAMWOD,at 293 K,OC(=O)CC(=O)[O-].[NH3+]C(Cc1c[nH+]c[nH]1)C(=O)[O-],P21/n,False
LUJCID,LUJCID,at 291 K,Cc1ccc2ccc3ccc(C)nc3c2n1.Oc1ccc2ccccc2c1c1c(O)ccc2ccccc12,C2/c,False
GUYBUX,GUYBUX,at 298 K,c1cc(ccn1)C=Cc1ccncc1.CCCCCCCCCC(O)=O,P-1,False
SOVFOA,SOVFOA,at 100 K,FC(F)(Cl)C(=O)[O-].C[N+](C)(C)CC(O)=O,P21/c,False
VAQSIQ,VAQSIQ,at 203 K,O=C([O-])c1ccccc1.COc1cc(C)[nH+]c(N)n1,P-1,False
EQANAN,EQANAN,100 K,N#CC(C#N)=C1C=CC(C=C1)=C1NCCN1.CN(C)C=O,P-1,False
LUNYIC,LUNYIC,at 180 K,CCC(O)=O.c1cnccn1,P21/n,False
GIDVEU,GIDVEU,,CCC([NH2+]Cc1ccccc1)CO.CC1(C)C(C=C(Cl)Cl)C1C(=O)[O-],P1,False
FITVAF,FITVAF,,OC(C(O)C(=O)[O-])C(O)=O.[NH3+]C(C(O)c1ccc(OC)cc1)c1ccc(OC)cc1,P212121,False
MEDCIJ,MEDCIJ,at 123 K,Clc1cccc(c1)C(=O)[O-].[NH3+]CCc1ccc(O)cc1,C2/c,False
ADAGUL,ADAGUL,100 K,O=C1CCC(=O)N1P1C(=O)c2ccccc2C1=O.Cc1ccccc1,P21/m,False
UPOQEW,UPOQEW,at 150 K,OC(CN1C=NC=N1)(CN1C=NC=N1)c1ccc(F)cc1F.OC(=O)C=CC(O)=O,P-1,False
CTSGLM,CTSGLM,,NC1=[NH+]C(=O)NC=C1.OC(=O)CCC(N1C(=O)c2ccccc2C1=O)C(=O)[O-],P21/c,False
TEWQOF,TEWQOF,100 K,c1ccc2nc3ccccc3nc2c1.OC(=O)c1ccc(O)c(O)c1,P21/n,False
WUZYEX,WUZYEX,170 K,NC(N)=S.Cc1cnc(C)cn1,P-1,False
CEHKEG,CEHKEG,at 120 K,C[N+](C)(C)S(=O)(=O)[N-]S(=O)(=O)[N+](C)(C)C.COS(=O)(=O)[O-],P21/n,False
NUHYOE,NUHYOE,,NC(N)=O.OC(=O)c1nccnc1C(O)=O,P21/n,False
PAMCAH,PAMCAH,,OC(C(O)C(=O)[O-])C(O)=O.OC(=O)C1[NH2+]CCCC1,P212121,False
APUVOZ,APUVOZ,113 K,Oc1cccc(O)c1C(=O)[O-].CC1=NNC(=O)N(C1)N=Cc1c[nH+]ccc1,P-1,False
TUTFIA,TUTFIA,296 K,Oc1c(F)c(F)c(c(F)c1F)c1c(F)c(F)c(O)c(F)c1F.N#CCc1ccc(CC#N)cc1,C2/c,False
TIQLIS,TIQLIS,296.1 K,NC(=[NH2+])NC1=NC(=CS1)CSCCC(N)=NS(N)(=O)=O.OC(CC(O)=O)C(=O)[O-],P21/n,False
CEGGUS,CEGGUS,at 100 K,COc1ccc(cc1)c1nc(N)nc(N)n1.OC(=O)CCCCC(O)=O,P2/c,False
KOVSOF,KOVSOF,at 296 K,NC(=O)c1cnccn1.OC(=O)CC(O)(CC(O)=O)C(O)=O,P-1,False
KIPGUO,KIPGUO,100 K,NC(=O)c1cccnc1.Cc1cc(O)c2C(=O)c3c(O)cc(O)cc3C(=O)c2c1,P-1,False
GALHUZ,GALHUZ,293 K,FC(F)(F)C(=O)[O-].Cc1[nH+]cc2COC(O)c2c1O,P21/n,False
OJUBAY,OJUBAY,296.1 K,OC(=O)CCCCC(O)=O.Nc1nc(N)nc(n1)c1ccc(Cl)cc1,P-1,False
YUWNEJ,YUWNEJ,,ClC1=C(Cl)C(=O)C(=C(C#N)C1=O)C#N.CSc1ccccc1SC,P21/c,False
GAHFAX,GAHFAX,at 184 K,c1ccc2nc3ccccc3cc2c1.OC(=O)C=CC(O)=O,P21/c,False
XALWEM,XALWEM,,Clc1ccc(cc1)C1CC[NH+]2CC1C(=O)C2.CC1(C)C2CCC1(CS(=O)(=O)[O-])C(=O)C2,P21,False
QAMQUR,QAMQUR,at 150 K,Oc1ccc(O)cc1.c1cnccn1,P21/c,False
VAXRAP,VAXRAP,at 180 K,C(Cc1ccncc1)c1ccncc1.OC(=O)C1=Cc2ccccc2OC1=O,P21/n,False
QEMKAV,QEMKAV,at 100 K,Oc1ccc(O)cc1.c1ccc2nccnc2c1,P-1,False
ABELUP,ABELUP,at 298 K,Oc1c(cc(cc1N(=O)=O)N(=O)=O)C(=O)[O-].NC1=[NH+]C=NC2=C1N=CN2C1OC(CO)C(O)C1O,P21,False
YEPHOT,YEPHOT,294 K,NC1=Nc2ccc(OC(F)(F)F)cc2S1.COc1cc(C=CC(O)=O)ccc1O,P21/c,False
ZOHVUP,ZOHVUP,at 150 K,Oc1ccc(Cl)c(Cl)c1Cl.Nc1ccc(Cl)cc1,P21/c,False
QEDFEK,QEDFEK,,CCN1C=Nc2c(N)ncnc12.O=C1NC(=O)C(C(=O)N1)(c1ccccc1)c1ccccc1,C2/c,False
WAXSOG,WAXSOG,173 K,O=C1N(C2CCC2)C(=O)C2=C1SC1=C(S2)C(=O)N(C2CCC2)C1=O.Brc1c2ccccc2cc2ccccc12,P-1,False
QIXVUO,QIXVUO,,Oc1cccc2cccnc12.Oc1cc(Cl)c(Cl)cc1Cl,P21/n,False
ELOGOE,ELOGOE,296 K,OC(=O)c1ccc2cc(ccc2c1)C(O)=O.c1cc(ccn1)c1ccncc1,P21/n,False
MOYZUX,MOYZUX,120 K,Nc1ncccn1.Nc1ccc(C(O)=O)c(O)c1,P21/n,False
NEQMOO,NEQMOO,120 K,CC(=O)NC1=NC=CS1.OC(=O)c1cccc(O)c1,P21/n,False
LODGAO,LODGAO,150 K,NS(=O)(=O)c1cc(C(O)=O)c(NCC2=CC=CO2)cc1Cl.CN(C)C=O,P21/c,False
YECXIR,YECXIR,298 K,OC(=O)c1cc(O)c(O)c(O)c1.CN1C(=O)N(C)C2=C(N(CC(O)=O)C=N2)C1=O,P21/n,False
ZATGIO,ZATGIO,100 K,CN1C=CC(=O)C(=C1C)O.Oc1ccc(O)cc1,P-1,False
LASGUJ,LASGUJ,at 150 K,Cc1ccc2ncccc2c1.OC(=O)C=CC(O)=O,P21/c,False
CIWNON,CIWNON,at 173 K,[NH3+]NC(=O)N[NH3+].O=N(=O)[N-]C1=NON=C1C1=NON=C1[N-]N(=O)=O,P212121,False
PERCAU,PERCAU,173 K,Nc1[nH+]cc(Cl)cc1.O=C([O-])c1c2ccccc2cc2ccccc12,P-1,False
ZUPMUV,ZUPMUV,298 K,OC(=O)C=CC(=O)[O-].[NH3+]Cc1ccc(Cl)cc1,P-1,False
LASHEW,LASHEW,100 K,[NH3+]CCCC(O)=O.OC(CC(O)=O)C(=O)[O-],P21,False
NUQJAL,NUQJAL,at 291 K,c1cc(ccn1)c1ccncc1.OC(=O)COc1ccccc1OCC(O)=O,P21/c,False
JOCMOD,JOCMOD,,OC(=O)COc1ccccc1C(O)=O.Nc1ccc(cc1)C(O)=O,P-1,False
IPEPEB,IPEPEB,293 K,N#Cc1cc(C#N)c(cc1C#N)C#N.COC(=O)CNC(=O)c1c2ccccc2cc2ccccc12,P-1,False
ZABWIM,ZABWIM,150.2 K,c1cncc(c1)C=Cc1cccnc1.Oc1ccc(O)cc1,P-1,False
WELCID,WELCID,130 K,NCC=C.CCCCCCCO,P21/c,False
EKEYEB,EKEYEB,150 K,[N-]=[N+]=NC1=NN=N[N-]1.C[N+]1=NOC(=C1)N,P21/n,False
CAKNUA,CAKNUA,223 K,FC(F)(F)S(=O)(=O)[O-].C[Si](C)(C)N1C=Cc2c[nH+]ccc12,P-1,False
QEPQUA,QEPQUA,293 K,[NH3+]CCNc1ccc(cc1OC)N(=O)=O.O=C([O-])COc1ccccc1,P21,False
GUPXEX,GUPXEX,296 K,O=S(=O)(NN=Cc1cccc2ccccc12)c1ccccc1.O=Cc1cccc2ccccc12,Pc,False
XULCEP,XULCEP,140.0 K,CC(C)[N+](=NNC(=O)C(C)=C(C)C)C(C)C.FC(F)(F)S(=O)(=O)[O-],P21/n,False
ESAXAA24,ESAXAA24,223 K,[2H]OC(=O)c1c(F)c(F)c(c(F)c1F)C(=O)[O-].[2H][N+]([2H])=CN([2H])[2H],C2/c,False
RAMLOK,RAMLOK,113 K,NC(=O)c1ccncc1.OC(=O)COc1ccc(Cl)cc1Cl,P-1,False
RITKEM,RITKEM,at 299 K,[NH3+]Nc1ccc(cc1)N(=O)=O.O=N(=O)c1cc(c([O-])c(c1)N(=O)=O)N(=O)=O,P21/c,False
SAGNAT,SAGNAT,100 K,c1ccc2c(c1)nnc1ccccc21.ClC1=C(Cl)C(=O)C(=C(Cl)C1=O)Cl,P21/n,False
ABORAO,ABORAO,296 K,[NH3+]c1ccc(O)cc1.O=N(=O)c1cc(c([O-])c(c1)N(=O)=O)N(=O)=O,P21/c,False
IDUNOK,IDUNOK,at 220 K,O=C([O-])c1ccc(cc1N(=O)=O)N(=O)=O.Oc1c[nH+]ccc1,P21/c,False
KUMRER,KUMRER,at 90 K,OO.CN1C=NC2=C1C(=O)N(C)C(=O)N2C,P21/n,False
RIRGUV,RIRGUV,at 296 K,c1cc(ccn1)c1ccncc1.OC(=O)c1ccc(OCCOc2ccc(cc2)C(O)=O)cc1,P-1,False
PUCSIS,PUCSIS,173 K,OC(=O)c1cccc(O)c1.Cc1cc(C)nc(NS(=O)(=O)c2ccc(N)cc2)n1,Pbca,False
EBEROV,EBEROV,296 K,Nc1ccc(Cl)cc1.OC(=O)CC(O)=O,P21/c,False
WEYYUY,WEYYUY,100 K,OC(=O)C1CCCCC1.ClC1=NN2C=CN=C2C(=C1)C1CCCCC1,P-1,False
BOYMEH,BOYMEH,,C[NH+](Cc1cc(Br)cc(Br)c1N)C1CCCCC1.O=C1[N-]S(=O)(=O)c2ccccc12,Pbca,False
AFONIV,AFONIV,100 K,c1cc(ccn1)C=Cc1ccncc1.Cc1cccc(Nc2ccccc2C(O)=O)c1C,P-1,False
SARJUQ,SARJUQ,,OCCCCCCO.Nc1ccc(N)cc1,C2/c,False
CAKLUV,CAKLUV,,C1CC2CC[NH+]1CC2C1Cc2ccccc2O1.OC(C(O)C(=O)[O-])C(O)=O,P212121,False
WOCSUC,WOCSUC,,CSc1c[nH+]c2ccccc2c1SCC#C.ClC(Cl)(Cl)C(=O)[O-],C2/c,False
QEWHEH,QEWHEH,at 150 K,c1cc(ccn1)C=Cc1ccncc1.OC(=O)c1ccc(O)cc1,P21/c,False
ZOHXAX,ZOHXAX,at 150 K,OC(=O)c1cc(O)cc(O)c1.NC(=O)c1ccc(N)cc1,P-1,False
FIXQIM,FIXQIM,at 122.0 K,OC(C(O)C(=O)[O-])C(O)=O.[NH3+]C(CO)C(C)C,P212121,False
WIDNED,WIDNED,at 193 K,C1CN2CCN1CC2.Oc1ccc(Br)cc1,P21/n,False
KICVOJ,KICVOJ,180 K,Oc1ccc(cc1)C=CC(=O)[O-].CCc1[nH+]c(N)nc(N)c1c1ccc(Cl)cc1,P-1,False
WOPDEM,WOPDEM,at 293 K,Clc1cc(ccc1C(=O)[O-])N(=O)=O.Oc1cccc2ccc[nH+]c12,P21/c,False
TIRZEB,TIRZEB,121 K,[NH3+]CCc1ccc(O)cc1.NCCc1ccc([O-])cc1,Pbc21,False
SABDOQ,SABDOQ,at 98 K,Cc1cc(C)nc(NS(=O)(=O)c2ccc(N)cc2)n1.OC(=O)c1ccccc1,Pbca,False
NOFWUA,NOFWUA,,Cc1ccc(cc1C)S(=O)(=O)[O-].[NH3+]C(CC(C)C)C(O)=O,P212121,False
SABKEN,SABKEN,at 100 K,Nc1[nH+]cc(Cl)cc1.OC(=O)C=CC(=O)[O-],Fdd2,False
MUPPAO,MUPPAO,at 293 K,OC(=O)CC(=O)[O-].[NH3+]C(CCCNC(N)=[NH2+])C(=O)[O-],P1,False
UHAFAL,UHAFAL,at 120 K,OC(=O)CCCCCC(O)=O.O=C1NCCN1,Cmcm,False
CIHQUJ,CIHQUJ,239 K,O=C1c2ccccc2c2nc(C#N)c(nc12)C#N.c1cc2ccc3cccc4ccc(c1)c2c34,P21/n,False
HOGGER,HOGGER,at 100 K,OC(=O)CCCC(O)=O.NC(=O)c1ccccn1,C2/c,False
NOZXIJ,NOZXIJ,at 173 K,C1COCCOCCOCCO1.O=S(=O)(NS(=O)(=O)c1ccccc1)c1ccccc1,P21/n,False
ESEDAK22,ESEDAK22,223 K,[2H][N+]([2H])([2H])C1CCCCC1C.[2H]OC(=O)c1c(F)c(F)c(c(F)c1F)C(=O)[O-],P21/c,False
VOCZET,VOCZET,,Cc1cc(C)nc(N)n1.OC(=O)c1ccccc1,P21/c,False
GOGCEM,GOGCEM,at 295 K,CC1(C)CN2CC[NH2+]C2C(C)(C)SS1.O=N(=O)c1cc(c([O-])c(c1)N(=O)=O)N(=O)=O,P2/c,False
NUKWEW01,NUKWEW01,at 180 K,Nc1ncccn1.OC(=O)c1ccccc1,Pnma,False
YAGNIF,YAGNIF,at 298 K,Cc1ccc(cc1)S(=O)(=O)[O-].[NH3+]c1cccc(Cl)c1,P21/c,False
NUQLAO,NUQLAO,150 K,Cc1c(O)cccc1O.c1ccc2c(c1)ccc1cccnc21,P21/n,False
FUHGUL,FUHGUL,at 293 K,OC(=O)CCCCCCC(O)=O.Cc1ccc2N=C(N)Sc2c1,P21/c,False
ZOLXAC,ZOLXAC,100 K,OC(=O)c1cc(ccc1O)S(=O)(=O)[O-].Nc1[nH+]c(Cl)ccc1,C2/c,False
UNUROL,UNUROL,at 298 K,[NH3+]CCO.COC(=O)c1c(Br)c(Br)c(Br)c(Br)c1C(=O)[O-],P21/c,False
DEMTEV,DEMTEV,at 90 K,O=C1NC2=NC(=O)NC3=NC(=O)NC(=N1)N23.CS(C)=O,P65,False
DEBJEA,DEBJEA,at 223 K,c1cc(ccn1)C=Cc1ccncc1.Oc1ccc(cc1)C(c1ccccc1O)c1ccccc1O,P-1,False
FURWOG,FURWOG,298 K,NC(=O)c1ccncc1.NS(=O)(=O)c1ccc(cc1)C(O)=O,C2/c,False
LIGLIY,LIGLIY,at 100 K,[NH3+]c1ccccc1OCC.OC(=O)C1=NNC(=C1)C(=O)[O-],P-1,False
ZURHAY,ZURHAY,293 K,[NH3+]CCCCC([NH3+])C(=O)[O-].OC(C(=O)[O-])c1ccccc1,P1,False
VAVMIR,VAVMIR,123 K,OC(C(O)C(=O)[O-])C(O)=O.C[NH+](C)C(C)C(O)c1ccccc1,Pbc21,False
CIKNUI01,CIKNUI01,100 K,[NH2+]1CCOCC1.OC(=O)C(=O)[O-],P21/c,False
RAWCOH,RAWCOH,,C1N2CN3CN1CN(C2)C3.Oc1ccc(Sc2ccc(O)cc2)cc1,Pmn21,False
PUKDIJ,PUKDIJ,at 100 K,Nc1ccc(Br)cn1.OC(=O)c1ccccc1,P21/c,False
NAQPUT,NAQPUT,100 K,NC1=Nc2ccc(OC(F)(F)F)cc2S1.CN(C)c1ccncc1,P-1,False
LEXKEI,LEXKEI,298 K,O=S(=O)([O-])c1ccccc1.CN1C(=O)NC(=O)C2=C1NC=[N+]2C,P21/n,False
MUSXEE,MUSXEE,at 295 K,NC(=[NH2+])NC(N)=S.O=N(=O)c1cc(c([O-])c(c1)N(=O)=O)N(=O)=O,C2/c,False
EGUXAG,EGUXAG,at 150 K,c1cc(ccn1)c1ccncc1.OC(=O)CC(O)(CC(O)=O)C(O)=O,P21/n,False
YIFLOP,YIFLOP,at 298 K,[NH3+]CC(O)=O.OC(=O)c1cccc(c1C(=O)[O-])N(=O)=O,P21/c,False
GADQAE,GADQAE,at 295 K,CP(O)(=O)[O-].N[C+](N)NC(N)=O,P21/c,False
KPIPFA10,KPIPFA10,,OC=O.O=C1CNC(=O)CN1,P-1,False
UZUZAS,UZUZAS,173 K,Cc1cccc(Nc2ccccc2C(O)=O)c1C.Clc1cccnc1,P-1,False
GASMOD,GASMOD,at 100 K,[NH2+]1CCOCC1.CC1(C)CC(C)(c2ccc([O-])cc2)c2ccccc2O1,P-1,False
EXANEX,EXANEX,at 296 K,Cc1cc(C)nc(NS(=O)(=O)c2ccc(N)cc2)n1.OC(=O)c1ccc(Cl)c(Cl)c1,P21/n,False
LABSEM02,LABSEM02,at 360 K,[2H]P(O[2H])(=O)[O-].[2H][N+]([2H])([2H])CC(O[2H])=O,P21/a,False
BUJWIN,BUJWIN,at 100 K,OC(=O)c1cccc(n1)C(O)=O.O=C1C(=O)c2cccnc2c2ncccc12,P-1,False
XESXOJ,XESXOJ,at 220 K,NC(=NO)C(N)=NO.O=C1C(=O)c2cccnc2c2ncccc12,P-1,False
QATBOG,QATBOG,120 K,OC(=O)c1cc(Br)c(O)c(Br)c1O.CN(C)C=O,Pna21,False
JIRRIO,JIRRIO,293 K,NC(N)=NC(=O)C1=NON=C1NNC1=NON=C1C(=O)N=C(N)N.CN(C)C=O,P212121,False
UGOVIX,UGOVIX,130 K,O=C1CCC(=O)N1.OC(=O)c1cc(O)c(O)c(O)c1,P212121,False
XOKVEA,XOKVEA,at 110 K,C1N2CN3CN1CN(C2)C3.OC(=O)c1cc(O)c(O)c(O)c1,P21/n,False
VOHMEL,VOHMEL,at 295 K,NC(=C1c2c(F)c(F)c(F)c(F)c2C(F)(F)C1=O)C(F)(F)F.C1COCCO1,P-1,False
YIPQIA,YIPQIA,296 K,N#Cc1ccncc1.OC(=O)c1ccccc1F,P21/n,False
BOVXOB,BOVXOB,at 150 K,c1cc(ccn1)C=Cc1ccncc1.OC(=O)c1cc(F)c(F)cc1F,P21/n,False
PUTMUO,PUTMUO,295 K,OC(=O)c1cccc(Cl)c1.c1ccc2nc3ccccc3cc2c1,P-1,False
GAGMIK,GAGMIK,,C[N+]1=P(N=[S]N=[S]1)(c1ccccc1)c1ccccc1.FC(F)(F)S(=O)(=O)[O-],P21/a,False
ACAXAD,ACAXAD,,[NH3+]c1ccccc1O.CCP(=O)[O-],P21/c,False
KAPKEU,KAPKEU,293 K,Cc1ccc(cc1)S(O)(=O)=O.NC1=NN=C(S1)S(N)(=O)=O,P-1,False
UKESEI,UKESEI,at 301 K,OC(=O)c1cccc(n1)C(=O)[O-].CC[N+](CC)(CC)CCl,P212121,False
NIMDIW,NIMDIW,,Oc1ccccc1C(=O)[O-].Oc1cccc2ccc[nH+]c12,P-1,False
WADPEZ,WADPEZ,173 K,[NH3+]Cc1ccc(Br)cc1.BrCCCCCCCCCCCC(=O)[O-],P1,False
NOZLEW,NOZLEW,293 K,Clc1ccc(cc1)c1ccccc1NC(=O)c1cccnc1Cl.C1COCCO1,P21/c,False
LUNMAI,LUNMAI,at 173 K,NC(=O)c1ccncc1.OC(=O)C=Cc1ccccc1,P-1,False
UTOMUM,UTOMUM,at 301 K,CC1(C)COP(=O)([O-])OC1c1ccccc1Cl.CC(O)(C1CC[NH2+]CC1)c1ccc(F)cc1,P21,False
CIDCUO,CIDCUO,at 120 K,OC(C(O)C(=O)[O-])C(O)=O.COc1[nH+]c(N)nc(OC)c1,P21,False
OGEZIJ,OGEZIJ,,C1CNCCN1.Oc1nc(Cl)c(Cl)cc1Cl,P21/n,False
FEYSIO,FEYSIO,100 K,Fc1c(F)c(F)c(F)c(F)c1F.Clc1cccc(c1)C(=O)Nc1cccc(c1)C#C,P21/c,False
VITKEP,VITKEP,at 173 K,CN1c2ccccc2N=C1c1ccncc1.ON=Cc1c(F)c(F)c(F)c(F)c1F,P212121,False
JEBRAM,JEBRAM,120 K,Nc1[nH+]c(N)nc(Cl)c1.OC(=O)c1c(cccc1N(=O)=O)C(=O)[O-],P-1,False
TUQYIQ,TUQYIQ,150 K,C1COCCO1.N#CC1(C#N)C2(CCOCC2)C1(C#N)C#N,P21/c,False
GOGCAJ,GOGCAJ,150 K,NC(=S)NN=Cc1cc[nH+]cc1.OC(=O)c1cccc(n1)C(=O)[O-],P-1,False
VAJKUM,VAJKUM,,CN(C)[S+](N(C)C)N(C)C.FS(F)(F)(F)(F)[O-],P21,False
DINSAU10,DINSAU10,,OC(C(O)C(=O)[O-])C(O)=O.COc1ccc(cc1)C(C)(O)c1[nH+]cccc1,P21,False
GEHHOR,GEHHOR,at 100 K,O=C([O-])c1ccc(cc1)N(=O)=O.C[NH+]=Cc1c([O-])c(C)[nH+]cc1CO,P21/c,False
OXUGIZ,OXUGIZ,295 K,CN(CC(O)=O)C(N)=[NH2+].Cc1ccc(cc1)S(=O)(=O)[O-],Pbca,False
QETMUY,QETMUY,at 190 K,Nc1cccc(O)c1.c1cc(ccn1)C#Cc1ccncc1,P-1,False
PYOTCA01,PYOTCA01,at 120 K,O[n+]1ccccc1.ClC(Cl)(Cl)C(=O)[O-],P21/c,False
UKUTOK,UKUTOK,at 295 K,FC(F)(F)S(=O)(=O)[O-].CN1CC(c2ccc(O)c(C)c2O)[N+](C)(C)C1=O,Fdd2,False
QIQLUX,QIQLUX,,[NH3+]c1ccc(cc1)C(=O)OCC.O=N(=O)c1cc(c([O-])c(c1)N(=O)=O)N(=O)=O,P21,False
HURCON,HURCON,at 120 K,[NH2+]1CCOCC1.OB1OB(O)O[B-]2(O1)OB(O)OB(O)O2,P-1,False
XAPYUL,XAPYUL,293 K,Oc1cccc(O)c1.Nc1ccc(N)cc1,Pca21,False
KAHRAO,KAHRAO,at 293 K,CN(C)C=O.CSC1=NN2C(=C(C=NC2=N1)C(O)=O)N,P21/c,False
MISNUX,MISNUX,at 198 K,NC(N)=O.CC(=O)CCCCCCCCCC(C)=O,P3112,False
HOGFIU,HOGFIU,at 100 K,OC(=O)CCC(O)=O.NC(=O)c1ccccn1,C2/c,False
OKOVAM,OKOVAM,at 293 K,O=N(=O)C1(C[NH2+]C1)N(=O)=O.O=N(=O)c1cc(c([O-])c(c1)N(=O)=O)N(=O)=O,P212121,False
KIHZEH,KIHZEH,at 298 K,Oc1cc(O)cc(O)c1.N#Cc1ccncc1,P-1,False
IHIMEU,IHIMEU,293 K,Nc1ccc(cc1)C(=O)[O-].COc1ccc(cc1)N1CC[NH2+]CC1,P-1,False
TOJMIR,TOJMIR,295 K,[NH3+]C(C(N)=O)c1ccccc1.CC(CC(=O)[O-])C(O)=O,P212121,False
AJALAY,AJALAY,at 203 K,CN(C)c1cccc(c1)C(O)=O.NC(=O)c1ccc(Cl)cc1,P-1,False
VUXXET,VUXXET,290 K,CCCOc1ccc(cc1)C(O)=O.C(Cc1ccncc1)c1ccncc1,P-1,False
YONKUJ,YONKUJ,123 K,[NH3+]c1ccc(cc1)S(=O)(=O)Nc1ncccn1.CCS(=O)(=O)[O-],P21/c,False
TEHYUA,TEHYUA,,[NH3+]C(C(O)=O)c1ccccc1.OC1=C([O-])C(=O)C1=O,P212121,False
RUXQEG,RUXQEG,at 293 K,c1ccc2nccnc2c1.OC(=O)C=CC(O)=O,P-1,False
DUKJUR,DUKJUR,100 K,CN1C=NC2=C1C(=O)N(CCCCC(C)=O)C(=O)N2C.OC(=O)c1ccc(O)cc1,P-1,False
YEYDEP,YEYDEP,293 K,OC(=O)c1cccc(NC=O)c1.c1cc(ccn1)c1ccncc1,P21/n,False
QALXAE,QALXAE,at 173 K,O=N(=O)N=C1NN=N[N-]1.[NH3+]NC(=O)NN,Pn,False
BEBCET,BEBCET,296 K,OC(=O)c1nccnc1C(=O)[O-].[NH3+]C(CC1=CNc2ccccc12)C(O)=O,P21,False
LOMREM,LOMREM,at 296 K,CCC(=O)Nc1cc(ccc1C(O)=O)C(O)=O.CN(C)C=O,P-1,False
RONBAA,RONBAA,296 K,Oc1ccc(cc1)N=Nc1ccc(cc1)C(O)=O.Cc1cc(C)nc(NS(=O)(=O)c2ccc(N)cc2)n1,P21/c,False
OHAGEK,OHAGEK,at 103 K,C1CCOC1.COC(=O)NC(=S)Nc1ccccc1NC(=S)NC(=O)OC,P-1,False
KOBHES,KOBHES,100 K,NC1=N[N+]2(CCOCC2)CC1.O=N(=O)c1ccccc1S(=O)(=O)[O-],P21/n,False
OBARUG,OBARUG,at 298 K,FC(F)(F)S(=O)(=O)[O-].Oc1cccc2ccc[nH+]c12,P21/c,False
WORNID,WORNID,220 K,Nc1ccc(cc1)C(O)=O.COc1c2OC=Cc2cc2C=CC(=O)Oc12,P21/c,False
FICVES,FICVES,at -150 deg.C,OC(C(=O)[O-])c1ccccc1.CCOP(=O)(OCC)C(C)(C)[NH2+]C(C)C,P-1,False
IVURUN,IVURUN,at 120 K,C[NH+](C)C(C)C(O)c1ccccc1.Oc1ccc(cc1)S(=O)(=O)[O-],P21,False
WADMEW,WADMEW,213.1 K,CCCCCCCC(=O)[O-].[NH3+]Cc1ccc(Br)cc1,P-1,False
ELUWIU,ELUWIU,294 K,OC(=O)CCCC#C.C(Cc1ccncc1)c1ccncc1,P21/n,False
XEDWAI,XEDWAI,298.1 K,c1ccc(nc1)c1ccccn1.Oc1ccccc1O,P-1,False
XAYKAN,XAYKAN,100.0 K,FC(F)(F)S(=O)(=O)[O-].O=P([O-])([n+]1ccccc1)[n+]1ccccc1,Pn,False
VAGVEF,VAGVEF,at 105 K,[NH3+]CCC(O)=O.ClC(Cl)(Cl)C(=O)[O-],P21/n,False
RERCUQ,RERCUQ,100 K,Oc1ccc(cc1)C(=O)[O-].NC(N)=[NH+]C1=NC(=CS1)CSCCC(N)=NS(N)(=O)=O,P21/c,False
WOMGIO,WOMGIO,at -174 deg.C,NC(N)=O.ClCCCCCCCl,P21/n,False
PARTAH,PARTAH,296 K,FC(F)(F)C(=O)[O-].NC1=NC(=[NH2+])N(O)C(=O)N1O,P-1,False
MADGIK,MADGIK,298 K,CC(=O)NC1=NN=C(S1)S(N)(=O)=O.O=C1CCCCN1,P21/c,False
IDUBUF,IDUBUF,at 292 K,OC(=O)c1ccc(O)cc1O.c1cc(ccn1)c1ccncc1,P21/c,False
CEWQUU,CEWQUU,100.0 K,[NH3+]CC(CC(C)C)CC(O)=O.OC(CC(O)=O)C(=O)[O-],P212121,False
SECZOS,SECZOS,295 K,Cc1ccncc1.O=C1CCC(=O)N1,P21,False
GESCIS,GESCIS,at 150 K,NC(=O)c1ccc(O)cc1.OC(=O)C=CC(O)=O,P-1,False
TOQPOH,TOQPOH,150 K,NC(=S)NN=Cc1cc[nH+]cc1.OC(=O)CCCC(=O)[O-],P21/c,False
AMAYUL,AMAYUL,100 K,CCOC(=O)C([N+]#N)=S1c2ccccc2Sc2ccccc12.FC(F)(F)S(=O)(=O)[O-],P-1,False
XAZRAU,XAZRAU,298 K,[NH3+]c1ccc(O)c(c1)C(O)=O.CS(=O)(=O)[O-],P21/c,False
VABZIJ,VABZIJ,at 100 K,CC(C)C1=[NH+]C(=CC(=O)N1)C.OC(=O)c1cc(cc(c1[O-])N(=O)=O)N(=O)=O,P-1,False
ZENSOA,ZENSOA,,CCCCCN1C(=Nc2ccccc12)CO.C1COCCO1,P21/c,False
FIWYIW,FIWYIW,295.1 K,OC(=O)c1ccc(F)cc1F.N#Cc1ccncc1,C2/c,False
ZEFFEX,ZEFFEX,at 100 K,CN(C)C(=[NH2+])O.OC(=O)C(=O)[O-],P21/c,False
ZUHFIR,ZUHFIR,at 200 K,OC(=O)C=CC(=O)[O-].C[NH+](C)CCC(c1ccc(Br)cc1)c1ccccn1,P1,False
REXNEP,REXNEP,at 296 K,c1cc(ccn1)c1ccncc1.OC(=O)c1c(F)c(F)c(C(O)=O)c(F)c1F,P-1,False
PEXPIT,PEXPIT,150 K,c1cc(ccn1)c1ccncc1.Nc1ccc(C(O)=O)c(O)c1,P21/c,False
HOGJIZ,HOGJIZ,180 K,OC(=O)CCCC(O)=O.O=C(NN=Cc1ccccn1)c1ccccc1,P21/c,False
BUKGUM,BUKGUM,113.2 K,Cc1ccc(cn1)c1ncc(Cl)cc1c1ccc(cc1)S(C)(=O)=O.NC=O,P2/c,False
PEJVAE,PEJVAE,100 K,O=C[O-].C[N+](C)(C)CCO,P21/c,False
EHENIO,EHENIO,at 210 K,ClP(Cl)(=O)[O-].CC(C)N1C(=C(C)[N+](=C1Cl)C(C)C)C,Pnma,False
QAFZUT,QAFZUT,at 173 K,c1ccc(C=Cc2ccncc2)nc1.Oc1ccc(Cl)c(O)c1,P-1,False
HIBFON,HIBFON,,NCCN.Oc1ccccc1,Pbca,False
TIHGAT,TIHGAT,at 150 K,Fc1ccc2NC(=O)C(=O)c2c1.CS(C)=O,P-1,False
KAYFUN,KAYFUN,at 296 K,O=C(Nc1ccccn1)c1ccncc1.OC(=O)CCCCCC(O)=O,P21/n,False
IVURAT,IVURAT,at 123 K,C[NH+](C)C(C)C(O)c1ccccc1.O=C([O-])c1ccccc1,P212121,False
WUZDIG,WUZDIG,120 K,Cc1ccc(cc1)S(=O)(=O)[O-].C[N+](C)(C)CC(O)=O,P21/c,False
ANAWOE,ANAWOE,294 K,CC#CC(O)=O.C(Cc1ccncc1)c1ccncc1,P21/n,False
FEVKOJ,FEVKOJ,293 K,ClC1=CC(=C(Cl)S1)C(=O)[O-].CCc1[nH+]c(N)nc(N)c1c1ccc(Cl)cc1,P-1,False
FUHPAA,FUHPAA,at 173 K,OCc1ccccc1O.c1cnc2c(c1)ccc1cccnc21,P21/n,False
UXAWAU,UXAWAU,293 K,NS(=O)(=O)c1cc(C(O)=O)c(O)cc1Cl.OC(=O)c1ccccc1,P21/n,False
GEFFEG,GEFFEG,298 K,CC1=CN=C(N)S1.OC(=O)CCCCC(O)=O,P-1,False
IWARON,IWARON,at 203 K,Oc1ccc2ccccc2c1c1c(O)ccc2ccccc12.c1ccc2ncccc2c1,C2/c,False
NAQPED,NAQPED,90 K,NC1=Nc2ccc(OC(F)(F)F)cc2S1.OC(=O)CCCCCCCCC(O)=O,P21/n,False
RUYXAM,RUYXAM,150 K,c1cc(ccn1)c1ccncc1.OC(=O)CCCCCCCC(O)=O,C2/c,False
CUYKOZ,CUYKOZ,100 K,OCC(O)=O.NC(=O)c1cccnc1,Pbca,False
CIKQIY,CIKQIY,at 293 K,[NH3+]C(CO)(CO)CO.Oc1ccc(cc1)C(=O)[O-],Pbca,False
AFUJES,AFUJES,at 298 K,Oc1ccc(cc1C(=O)[O-])N(=O)=O.NC1=[NH+]C(=CS1)c1ccccc1,Pna21,False
ISERUW,ISERUW,293 K,COc1c(Cl)ccc(Cl)c1C(=O)[O-].C[N+](C)(C)CC(O)CC(O)=O,P212121,False
VAKTUX,VAKTUX,at 153 K,Oc1cccc(O)c1.NC(=O)c1ccncc1,P-1,False
IVUMOC,IVUMOC,at 123 K,O=S(=O)([O-])c1ccccc1.C[NH+](C)C(C)C(O)c1ccccc1,P21/c,False
SOHNAG,SOHNAG,at 100 K,OC(=O)c1cc(ccc1O)S(=O)(=O)[O-].NC(=O)c1c[nH+]ccc1,Pca21,False
EVORAJ,EVORAJ,at 290 K,[NH2+]1CCOCC1.S=C([S-])N1CCOCC1,P21/c,False
NISLOQ01,NISLOQ01,120 K,C1CN2CCN1CC2.Oc1ccc(cc1)c1ccc(O)cc1,P21/c,False
AXUVAR,AXUVAR,at 295 K,CN1C(=O)N(C)C(=O)C(O)(C1=O)C1(O)C(=O)N(C)C(=O)N(C)C1=O.CS(C)=O,P212121,False
MUDSAF,MUDSAF,at 100 K,c1ccc2nc3ccccc3cc2c1.CCC1(CC)C(=O)NC(=O)NC1=O,C2/c,False
WOKXOL,WOKXOL,at 294 K,Cc1ccc(cc1)S(=O)(=O)[O-].Nc1[nH+]nc(c(N)n1)c1cccc(Cl)c1Cl,Pbca,False
OFIWUW,OFIWUW,at 293 K,O=N(=O)c1ccc([O-])cc1.[NH3+]C(CCCNC(N)=[NH2+])C(=O)[O-],P212121,False
EMAVUM,EMAVUM,193.0 K,OC(=O)C=CC(=O)[O-].C[NH+](Cc1cc(Br)cc(Br)c1N)C1CCCCC1,P21/n,False
EVUMOY,EVUMOY,at 100 K,COC1=NS(=O)(=O)c2cnccc2N1.CS(C)=O,P21/c,False
SOHMUZ03,SOHMUZ03,298 K,OC(=O)c1cc(ccc1O)S(=O)(=O)[O-].NC(=O)c1cc[nH+]cc1,P21,False
XEZDIQ,XEZDIQ,at 100 K,c1cc(ccn1)c1ccncc1.OC(=O)C(O)=O,P-1,False
WICYEQ,WICYEQ,294 K,CN(C)C(=O)c1ccc(cc1)C(=O)N(C)C.Oc1cc(O)cc(O)c1,P1,False
HEZSIO,HEZSIO,,NC(N)=O.N#CCCCCCC#N,P2/c,False
GEHKAG,GEHKAG,,OCC(=O)[O-].C[NH2+]C(C)C(O)c1ccccc1,P21,False
TUQBIR,TUQBIR,at 296 K,c1cc(ccn1)c1ccncc1.OC(=O)Cc1ccc(O)cc1,C2/c,False
DAYWAC,DAYWAC,at 293 K,OC(=O)C=Cc1ccccc1.Cc1cc(C)nc(N)n1,Pbcn,False
EPAMAK,EPAMAK,at 295 K,Oc1ccc(cc1)C(=O)[O-].NC1=CC=[NH+]C(=O)N1,P-1,False
VIJQOY,VIJQOY,100 K,FC(F)(F)S(=O)(=O)[O-].CN1C=C[N+](=C1C(=O)c1ccccc1C)C,C2/c,False
KIPWEO,KIPWEO,100 K,NC(N)=S.O=C1CC(=O)NC(=O)N1,P21/n,False
EPIWAC,EPIWAC,at 120 K,Nc1cnc(Br)cn1.OC(=O)c1c(F)c(F)c(Br)c(F)c1F,P-1,False
HIDCIK,HIDCIK,100 K,OC(=O)C=CC(=O)[O-].[NH3+]CC(CC(O)=O)c1ccccc1,P21/c,False
REWLAJ,REWLAJ,296 K,C[NH+](C)c1ccc(cc1)C=NO.O=N(=O)c1cc(c([O-])c(c1)N(=O)=O)N(=O)=O,P-1,False
SAHHEQ,SAHHEQ,at 298 K,c1cc(ccn1)c1ccncc1.CC(=NO)C(C)=NO,P21/c,False
GEBMOP01,GEBMOP01,at 105 K,CCOC(=O)OCC[N+](C)(C)C.O=N(=O)c1cc(c([O-])c(c1)N(=O)=O)N(=O)=O,P2/n,False
MOXWEC,MOXWEC,at 173 K,OC(=O)c1ccc2ccccc2c1O.NC(=O)N1c2ccccc2C=Cc2ccccc12,P21/c,False
BIFYOE,BIFYOE,,CN1C=Nc2c(N)ncnc12.O=C1CNC(=S)N1,C2/c,False
LIHHAM,LIHHAM,at 100 K,OC(=O)C(=O)[O-].C[NH+](C)CC(=C)SC1CCCCC1,C2/c,False
VAQSAI,VAQSAI,at 203 K,Clc1cccc(c1)C(=O)[O-].COc1cc(C)[nH+]c(N)n1,P-1,False
NUQRAT,NUQRAT,at 200 K,O=N(=O)c1ccc(Cc2cc[nH+]cc2)cc1.Oc1ccc(cc1C(=O)[O-])N(=O)=O,P-1,False
HURNEN,HURNEN,at 293 K,Oc1ccccc1C(=O)[O-].Oc1cccc2ccc[nH+]c12,P21,False
VABHAI,VABHAI,at 293 K,FC(F)(F)S(=O)(=O)[O-].Cc1cc(C)[n+](F)c(C)c1,Pnma,False
KAHFAE,KAHFAE,293 K,O=C([O-])c1ccc(cc1)N(=O)=O.OCC[NH+](CCO)CCO,P-1,False
ODEFEJ,ODEFEJ,at 123 K,NS(=O)(=O)c1cc2c(NCNS2(=O)=O)cc1Cl.CS(C)=O,P-1,False
HALHOT,HALHOT,at 223 K,NC1=Nc2ccccc2S1.Oc1ccccc1C=NC1=Nc2ccccc2S1,P-1,False
JAMPEV,JAMPEV,100 K,FC(F)(F)S(=O)(=O)[O-].C[N+](C)=C(N)ON=C(N)C(C)(C)C,P21/c,False
WOBNEH,WOBNEH,at 98 K,C[n+]1ccc(cc1)C=Cc1ccc(O)cc1.O=N(=O)c1cccc([O-])c1,P21/n,False
KASXAF,KASXAF,at 123 K,OCC[NH+]1CCCC1.O=C([O-])c1ccccc1,C2/c,False
NEWRIR,NEWRIR,at 100 K,CC(=O)Nc1cccnc1.OC(=O)C=CC(O)=O,Pca21,False
JONSAG,JONSAG,at 178 K,CS(=O)(=O)[N-]S(C)(=O)=O.C[N+](C)=C1C=CN(SC(Cl)(Cl)Cl)C=C1,P-1,False
HEMFAJ,HEMFAJ,293 K,NC(N)=S.CC(=O)N1C=C(C)N(C=C1C)C(C)=O,P212121,False
XOJYEC02,XOJYEC02,123 K,NC(=O)c1ccncc1.CC(C)c1cccc(C(C)C)c1O,P21/c,False
EYEGIA,EYEGIA,93 K,c1cc(ccn1)C=Cc1ccncc1.COc1ccc(cc1)C(O)=O,P21/n,False
UNISOA,UNISOA,at 296 K,CN1C=NC2=C1C(=O)N(C)C(=O)N2C.OC(=O)c1cccc(n1)C(O)=O,P-1,False
AFOQIX,AFOQIX,at 293 K,O=C1N[N-]C(=N1)N(=O)=O.NC(=[NH2+])NC(N)=O,P21/n,False
DUSKUY,DUSKUY,at 100 K,Nc1ccc(Br)cn1.OC(=O)c1ccc(O)cc1,Pna21,False
RIBFOZ,RIBFOZ,at 298 K,NC1=[NH+]C(=O)N(C=C1)C1CSC(CO)O1.OC(=O)c1cc(Cl)c(Cl)cc1C(=O)[O-],P1,False
POJQEK,POJQEK,,O=P(c1ccccc1)(c1ccccc1)c1ccccc1.CN1C=CC=C1C(O)=O,P212121,False
KIDLOB,KIDLOB,100 K,CC(C)=NNC1=[NH+]c2ccccc2S1.O=N(=O)c1cccc(c1)S(=O)(=O)[O-],P-1,False
ZEYLAS,ZEYLAS,at 298 K,[NH2+]=C1NC(=O)NC=C1.OC(=O)CC(=O)[O-],P-1,False
SURFOD,SURFOD,100 K,Oc1c(Cl)c(Cl)cc(Cl)c1Cl.Cc1cncc(C)c1,Cc,False
IMIGAO,IMIGAO,173 K,Fc1ccc(cc1)C=C1SC(=S)NC1=O.CS(C)=O,P21/c,False
OYUXOY,OYUXOY,297 K,Cc1cccc(C)c1NC(=O)CN1CCCC1=O.OC(=O)c1ccccc1C(=O)c1ccccc1,Pca21,False
KECJEK,KECJEK,150 K,CN(C)c1cc[nH+]cc1Br.O=C1[N-]S(=O)(=O)c2ccccc12,P-1,False
RIMWOC,RIMWOC,293 K,Cc1nc(C)c(C)nc1C.OC(=O)c1cc(Cl)cc(Cl)c1O,P-1,False
GATCAG,GATCAG,at 293 K,Oc1c(c(O)c(c([O-])c1N(=O)=O)N(=O)=O)N(=O)=O.[NH3+]NC(N)=O,P-1,False
VAKTOR,VAKTOR,at 153 K,NC(=O)c1ccncc1.OC(=O)c1ccc(O)cc1,P21/n,False
DUNCUM,DUNCUM,120 K,O=C1CCC(=O)N1.OC(=O)c1cc(O)c(O)c(O)c1,P-1,False
MIYLUB,MIYLUB,at 250.0 K,[NH3+]CCc1ccc(OC)c(OC)c1.O=C([O-])c1cc(cc(c1)N(=O)=O)N(=O)=O,P-1,False
LACTAN,LACTAN,298 K,c1cncnc1.Nc1ccc(C(O)=O)c(O)c1,Cc,False
ULOJOX,ULOJOX,100 K,O=C([O-])c1ccncc1.COc1cc(Cc2c[nH+]c(N)nc2N)cc(OC)c1OC,P21/n,False
DARGAH01,DARGAH01,293 K,Cc1cc(C)nc(NS(=O)(=O)c2ccc(N)cc2)n1.C1CNCCN1,P21/c,False
OLUTOH,OLUTOH,298 K,[NH2+]=C1NC(=O)N(C=C1F)C1CSC(CO)O1.O=C1[N-]S(=O)(=O)c2ccccc12,P21,False
EKUMAY,EKUMAY,at 173 K,CN1CC[N+]23CCN(C)P12(N=[N+]=[N-])N(C)CC3.Cc1ccc(cc1)S(=O)(=O)[O-],P-1,False
ZATFOT,ZATFOT,100 K,CN1C=CC(=O)C(=C1C)O.Oc1ccccc1O,P42/n,False
QARMEF,QARMEF,150 K,[NH3+]C(C(N)=O)c1ccccc1.CC(=O)NC(CC1=CNc2ccccc12)C(=O)[O-],P21,False
RAVYAR,RAVYAR,150 K,OC(=O)c1cc(Cl)cc(Cl)c1.O=Cc1ccncc1,P21/c,False
WAGFIX,WAGFIX,301 K,OC(C(=O)[O-])c1ccccc1.CCc1[nH+]c(N)nc(N)c1c1ccc(Cl)cc1,P21/c,False
DOWNEL,DOWNEL,298 K,Clc1cc(Cl)c([O-])c(Cl)c1.NC1=[NH+]C=CS1,P21/n,False
YUKFUG,YUKFUG,at 294 K,[NH3+]C(CC(C)C)C(N)=O.OC1=C([O-])C(=O)C1=O,P212121,False
NEBXID,NEBXID,at 293 K,COc1ccc(cc1)C(O)=O.COc1cc(OC)nc(N)n1,P21/c,False
POBZAK,POBZAK,169.7 K,COc1cc2OC(=O)C=Cc2cc1OC.O=C1CCC(=O)N1,Pn,False
EWIJUR,EWIJUR,293.1 K,c1cc(ccn1)c1ccncc1.CC(C)c1cccc(C(C)C)c1O,P21/c,False
GEHXEA,GEHXEA,298 K,Cc1ccc(cn1)C(N)=O.OC(=O)CCCCCCCC(O)=O,P-1,False
XOBCEX,XOBCEX,at 173 K,OC(=O)CC(O)=O.NC(=O)N1c2ccccc2C=Cc2ccccc12,P2/n,False
RUCFAX,RUCFAX,at 173 K,NC(=O)CN1CCCC1=O.OC(=O)CC(O)(CC(O)=O)C(O)=O,P21/a,False
PEGDAH,PEGDAH,at 173 K,c1cc(ccn1)c1ccncc1.OC(=O)c1cc(c2ccccc2)c(C(O)=O)c(c1)c1ccccc1,P21/c,False
NAXZUL,NAXZUL,250 K,O=N(=O)N=C1NN=C2NC(=NN12)[N-]N(=O)=O.[NH3+]NC(N)=O,P-1,False
XALVUB,XALVUB,at 213 K,CC(C)(C)OC(=O)NCC1=NC(=CS1)C1=NC(=CS1)C(O)=O.CS(C)=O,P21/c,False
XAFTAC,XAFTAC,200 K,[NH2+]1CCOCC1.O=C([O-])c1cc(cc(c1)N(=O)=O)N(=O)=O,C2/c,False
XITREZ,XITREZ,at 93 K,O=C([O-])c1ccc2ccccc2c1.[NH3+]Cc1ccccc1Cl,C2/c,False
AGUFUH,AGUFUH,133 K,FC(F)(F)C(=O)[O-].[NH3+]C1C(Cl)Cc2ccccc12,P21/c,False
FIFWOJ,FIFWOJ,296.1 K,Cc1ccc(cc1)S(=O)(=O)[O-].[NH3+]c1ccc(cc1)S(=O)(=O)N=C1NC=CS1,P-1,False
KASWEI,KASWEI,at 123 K,OCC[NH+]1CCCC1.Oc1ccc(O)c(c1)C(=O)[O-],P21/c,False
CEBZUE10,CEBZUE10,,O=C([O-])CC1=CNc2ccccc12.CCN1C=[N+](C)C2=C1N=C(N)NC2=O,P21,False
KIXCUQ,KIXCUQ,at 130 K,OC(=O)c1cc(Cl)c(Cl)cc1C(=O)[O-].OC(=O)c1[nH+]c2ccccc2cc1,P-1,False
PUZZUF,PUZZUF,at 173 K,Cc1cccc(N)c1C.Oc1ccc2ccccc2c1c1c(O)ccc2ccccc12,Pbca,False
BINFAI,BINFAI,100 K,FC(F)(F)S(=O)(=O)[O-].CC(C)(C)[NH+]=C1NCCC2=C1Sc1ccccc21,P21/n,False
WAGCUG,WAGCUG,130 K,O=C([O-])c1cccnc1.CCc1[nH+]c(N)nc(N)c1c1ccc(Cl)cc1,P-1,False
TAMBUE,TAMBUE,,N#CC(C#N)=C1C=CC(C=C1)=C(C#N)C#N.CC1(C)COC(=O)C2=CN3C(=CN12)C(=O)OCC3(C)C,P-1,False
QEKMAX,QEKMAX,296 K,ON=C(CCN1C=CN=C1)c1ccc2OCOc2c1.CC(C)O,P21,False
BURXIX,BURXIX,150 K,[NH3+]C(CC)(CO)CO.CC(=O)[O-],P21/n,False
XOKTIC,XOKTIC,at 120 K,C1N2CN3CN1CN(C2)C3.OC(=O)c1ccc(O)c(O)c1,P21/c,False
FOVBUO,FOVBUO,at 295 K,Nc1[nH+]cc(Cl)cc1.ClC(Cl)(Cl)C(=O)[O-],Cc,False
CEXKAV,CEXKAV,293 K,Oc1ccc2ccc(O)cc2c1.C(Cc1ccncc1)c1ccncc1,P-1,False
HABFOG,HABFOG,at 293 K,Nc1nc(N)nc(N)n1.OB(O)O,P21/c,False
XAQYOF,XAQYOF,at 120 K,NC(N)=[NH+]C(N)=O.OP(F)(=O)[O-],Cc,False
XARVUJ,XARVUJ,at 100 K,[NH3+]c1c(C)c(C)c2OC(C)(C)CCc2c1C.Cc1ccc(cc1)S(=O)(=O)[O-],P-1,False
KECMAJ,KECMAJ,120 K,O=C(NN=Cc1cccnc1)c1ccccn1.OC(=O)CCCCCC(O)=O,P21/c,False
EZAQUU,EZAQUU,293 K,COc1[nH+]c(N)nc(OC)c1.O=C([O-])c1cc(cc(c1)N(=O)=O)N(=O)=O,C2/c,False
QIQLIL01,QIQLIL01,,[NH3+]c1ccc(cc1)C(=O)OCC.O=N(=O)c1cc(c([O-])c(c1)N(=O)=O)N(=O)=O,P21/n,False
QUFKEI,QUFKEI,at 120 K,O=P(c1ccccc1)(c1ccccc1)c1ccccc1.CC1(C)C(=O)NC(=O)C1(C)C,P21/n,False
QUBRAH,QUBRAH,at 100 K,NC(=[NH2+])NC(N)=S.O=C[O-],P21/c,False
KIHZAD,KIHZAD,at 298 K,Oc1cccc(O)c1.N#Cc1ccncc1,P-1,False
YALWEO,YALWEO,at 298 K,[NH3+]C1C(O)Cc2cc3ccccc3cc12.COc1ccc2cc(ccc2c1)C(C)C(=O)[O-],P212121,False
ULOXIC,ULOXIC,at 296.2 K,CC1=C(C)C(=O)C(=C(Br)C1=O)Br.S=C(SSC(=S)N1CCCC1)N1CCCC1,P-1,False
QUCRUC,QUCRUC,at 293 K,[NH3+]CCc1ccc(OC)cc1.OC(=O)C1=NNC(=C1)C(=O)[O-],P21/n,False
YANBIB,YANBIB,293 K,c1cc(ccn1)c1ccncc1.CNC(=S)NN=C(C)c1ccc(O)cc1O,P-1,False
BALJEE,BALJEE,at 293 K,C[N+]1(CCOCC1)CC(O)=O.O=N(=O)c1cc(c([O-])c(c1)N(=O)=O)N(=O)=O,Pbca,False
DIJVOH,DIJVOH,,COC(=O)c1cc(O)c(O)c(O)c1.CN1C=NC2=C1C(=O)N(C)C(=O)N2C,P21/a,False
IXAVEI,IXAVEI,at 295 K,OC(C(O)C(=O)[O-])C(O)=O.[NH3+]C(CC1=C[NH+]=CN1)C(=O)[O-],P21/c,False
KAKXAY,KAKXAY,150 K,OC(CC(=O)[O-])c1ccccc1.[NH3+]C(C(O)c1ccccc1)c1ccccc1,P21,False
LOFMAW,LOFMAW,at 150.1 K,OC(=O)C(=O)[O-].[NH3+]c1ccc(cc1)S(=O)(=O)N=C1NC=CS1,P21/c,False
VITKIT,VITKIT,at 100 K,ON=Cc1c(F)c(F)c(Br)c(F)c1F.CN1c2ccccc2N=C1c1ccncc1,P212121,False
JAZQIN,JAZQIN,122.7 K,NC(N)=O.Cc1cccc(O)c1,Pbca,False
XUYBUQ,XUYBUQ,150 K,Cc1nc(C)c(C)nc1C.Oc1cc(O)cc(O)c1,P21/c,False
HAGHIJ,HAGHIJ,296 K,c1cc(ccn1)C=Cc1ccncc1.NC(N)=O,P21/c,False
WOPCOV,WOPCOV,at 293 K,Nc1ccccn1.Nc1ccc(cc1)C(O)=O,Pca21,False
BOPGIY,BOPGIY,at 100 K,c1ccc2nccnc2c1.CC(=NO)C(C)=NNC(N)=S,P-1,False
ITAQOM,ITAQOM,298 K,OC(=O)Cc1ccccc1.Cc1cccc2SC(=Nc12)N,C2/c,False
WUTDOH,WUTDOH,296 K,COc1cc(CC=C)ccc1O.c1ccc2nc3ccccc3nc2c1,P21/c,False
YOCRIS,YOCRIS,at 298 K,OC(=O)c1cc(ccc1O)S(=O)(=O)[O-].OC(=O)c1cc[nH+]cc1,P212121,False
XAGYEN,XAGYEN,296 K,Nc1ccc(cc1)C(=O)[O-].COc1ccccc1N1CC[NH2+]CC1,P21/c,False
TADROJ,TADROJ,100.2 K,FC(F)(F)c1c2nccnc2cc2C3C[NH2+]CC(C3)c12.FC(F)(F)C(=O)[O-],P21/c,False
QUOLUR,QUOLUR,,NC(N)=O.Oc1ccc(O)cc1,P21/c,False
OKUYOK,OKUYOK,100 K,Clc1ccc(cc1)C=C1SC(=S)NC1=O.CS(C)=O,P-1,False
DOWPEN,DOWPEN,298 K,NC1=[NH+]C=CS1.O=C([O-])c1ccc2OCOc2c1,P-1,False
GEPDAK,GEPDAK,100 K,FC(F)(F)C(=O)[O-].OC(=O)c1[nH+]cccc1,P-1,False
VIDNEC,VIDNEC,at 123 K,CS(C)=O.NS(=O)(=O)c1cc2c(NC=NS2(=O)=O)cc1Cl,P-1,False
TOZHOF01,TOZHOF01,30 K,NC(N)=O.CC(=O)CCCCC(C)=O,P6522,False
MEFLUF,MEFLUF,at 223 K,Oc1ccccc1C(c1cc(O)c(O)c(O)c1)c1ccccc1O.C(Cc1ccncc1)c1ccncc1,P-1,False
CATKEP,CATKEP,at 298 K,Oc1ccc2ccccc2c1c1c(O)ccc2ccccc12.C(CN1C=Nc2ccccc12)CN1C=Nc2ccccc12,P21/c,False
LUMRUG,LUMRUG,at 296.1 K,OC(C(=O)[O-])c1ccc2ccccc2c1.[NH3+]C(C)c1ccc(Br)cc1,P212121,False
EADPBA,EADPBA,,CCN1C=Nc2c(N)ncnc12.O=C1NC(=O)C(=O)N1,Pbcn,False
MAJPOF,MAJPOF,293 K,FC(F)(F)C(=O)[O-].C[NH2+]CC(O)=O,P21/n,False
LUNYOI,LUNYOI,at 180 K,CCCC(O)=O.c1cnccn1,P21/n,False
BIZXEO,BIZXEO,at 123 K,c1ccncc1.NS(=O)(=O)c1cc2c(NC=NS2(=O)=O)cc1Cl,P-1,False
IDAFEB,IDAFEB,296.1 K,CC(=O)[O-].CC(=NO)C(C)=NNC1=[NH+]c2ccccc2N1,P21/n,False
QUZZOC,QUZZOC,296 K,[NH3+]c1ccc(cc1)S(=O)(=O)c1ccc(N)cc1.CS(=O)(=O)[O-],P21/n,False
LIGPEZ,LIGPEZ,293 K,NC1=[NH+]c2ccccc2S1.OC(=O)CC(=O)[O-],P-1,False
MUPNUH,MUPNUH,at 100 K,NC(=O)c1ccncc1.OC(=O)c1cc(O)c(O)c(O)c1,P21/n,False
IHILUJ,IHILUJ,293 K,COc1ccc(cc1)N1CC[NH2+]CC1.O=C([O-])c1cc(cc(c1)N(=O)=O)N(=O)=O,P-1,False
TMPASD,TMPASD,,O=S=O.CN(C)c1ccc(cc1)N(C)C,P21/c,False
FALSES,FALSES,at 110 K,Cc1ccnc(NS(=O)(=O)c2ccc(N)cc2)n1.C1COCCO1,P21/c,False
BOMRUS,BOMRUS,at 200 K,NC1=[NH+]N=C(S1)c1ccc(Br)cc1.OC(=O)c1cc(cc(c1[O-])N(=O)=O)N(=O)=O,P-1,False
TIWPIB,TIWPIB,293 K,OC(=O)CCCC(O)=O.CCOc1ccccc1C(N)=O,P21/c,False
MISDIC,MISDIC,at 293 K,CN1C(=O)N(C)C2=C(N(CC3OCCO3)C=N2)C1=O.OC(=O)C(Cl)(Cl)Cl,P-1,False
BIXBOC,BIXBOC,295 K,Nc1nc(N)nc(n1)c1ccccc1.NC(=O)N1c2ccccc2C=Cc2ccccc12,P-1,False
JEJHAL,JEJHAL,286 K,OC(=O)c1ccc(O)cc1O.CC1=C(C=C(C#N)C(=O)N1)c1ccncc1,P21/c,False
ZIPMIW,ZIPMIW,at 173 K,COS(=O)(=O)[O-].CO[N+]1(C)CCOCC1,P-1,False
VIVZOP,VIVZOP,,OC(=O)c1ccc(O)cc1.CC(=O)NC(C)=O,P-1,False
VUZZEW,VUZZEW,at 98 K,c1ccc(C=NN=Cc2ccccn2)nc1.OC(=O)c1ccccc1,P-1,False
ROBFAS,ROBFAS,100 K,C=CC(=O)[O-].CCc1[nH+]c(N)nc(N)c1c1ccc(Cl)cc1,P-1,False
HAYLAY,HAYLAY,293 K,Oc1ccc(C=O)c(O)c1.c1cc(ccn1)c1ccncc1,C2/c,False
WIZLEX,WIZLEX,at 120 K,[NH2+]1CCOCC1.NC1=C(N=O)C(=O)[N-]C(=N1)N1CCOCC1,I2/a,False
LARASC20,LARASC20,,OCC(O)C1OC(=O)C(=C1[O-])O.[NH3+]C(CCCNC(N)=[NH2+])C(=O)[O-],P21,False
RORPOF,RORPOF,at 301 K,c1ccc2nc3ccccc3cc2c1.OB(O)c1ccc(Cl)cc1,P21/n,False
LATBIT,LATBIT,at 110 K,OC(=O)c1ccc(O)cc1.CN1C=NC2=C1C(=O)N(C)C(=O)N2C,P-1,False
JOMHIF,JOMHIF,298.1 K,c1cncc(c1)C=Cc1cccnc1.OCC#CCO,P21/n,False
VAKKAW,VAKKAW,298 K,[NH3+]C(Cc1ccccc1)C(=O)Nc1cccnc1.O=C([O-])c1ccc(cc1)N(=O)=O,P212121,False
GEDLEH,GEDLEH,at 173 K,CCN1C=[N+](C)C(=C1)N(=O)=O.FC(F)(F)S(=O)(=O)[O-],P21/c,False
MIPCUN,MIPCUN,197.5 K,CC(C)(C)OC(=O)NC(Cc1ccccc1)C(=O)[O-].[NH3+]Cc1ccc(cc1)S(N)(=O)=O,P21,False
JISRUZ,JISRUZ,at 123 K,FC(F)(F)S(=O)(=O)[O-].CC(C)(C)N1C=C[N+](=P1)C(C)(C)C,Pnma,False
BAZTIJ,BAZTIJ,100 K,OC(=O)CCCC(O)=O.N#Cc1cccnc1,P21/c,False
UKOSOD,UKOSOD,at 173 K,OC(=O)CCCCCCCCC(O)=O.CC(C)=NNC(=O)c1cccnc1,P21/n,False
TODNIM,TODNIM,200 K,Nc1ccccc1N.OC(=O)c1ccccc1,Pbcn,False
ULAYAH,ULAYAH,at 293 K,OC(=O)CCC(=O)[O-].CCc1[nH+]c(N)nc(N)c1c1ccc(Cl)cc1,P21/c,False
JIQGIC,JIQGIC,296 K,OC(C(O)C(=O)[O-])C(O)=O.[NH3+]CC1CCC(CC1)C(O)=O,P21,False
XAZZEH,XAZZEH,123 K,ON1N=C(N=C1C1=NN=NN1[O-])N(=O)=O.CC(C)=[NH+]O,P-1,False
DETGEP,DETGEP,at 150 K,CC(C)N(C(C)C)C(=O)Nc1ccccc1.CC(C)=NOC(=O)Nc1ccccc1,P21/n,False
ADAVOQ,ADAVOQ,at 293 K,[NH3+]C(Cc1[nH+]c[nH]c1)C(=O)[O-].OC(=O)CCCC(=O)[O-],P212121,False
KIJTAA,KIJTAA,at 298 K,NC(=O)c1ccncc1.CN1N=NC2=C(N=CN2C1=O)C(N)=O,P-1,False
WEKWOC,WEKWOC,190 K,CCCCCCO.NCC=C,P-1,False
XITRUP,XITRUP,at 93 K,O=C([O-])c1ccc2ccccc2c1.[NH3+]Cc1cccc(Br)c1,Pbca,False
CETSOJ,CETSOJ,,[NH3+]CCCCC([NH3+])C(=O)[O-].CC(=O)[O-],P21,False
YACQOL,YACQOL,100 K,Oc1ccc(O)cc1.CC(C)C1=C(C)N(C)N(c2ccccc2)C1=O,P-1,False
DOKRUR,DOKRUR,at 293 K,Cc1ccc(cc1)S(=O)(=O)[O-].CCOc1cc(ccc1O)C=Cc1cc[n+](C)cc1,P21/n,False
GABYUE,GABYUE,at 296 K,OC(=O)c1cccc(c1)C(O)=O.N(c1cccc(Nc2ccccn2)c1)c1ccccn1,Pbcm,False
NEFSUP,NEFSUP,296 K,Oc1ccccc1C(=O)[O-].COc1cc(C)[nH+]c(N)n1,P21/c,False
SAZKEK,SAZKEK,at 298 K,O1C(=NN=C1c1ccncc1)c1ccncc1.Oc1ccc(O)cc1,Pbca,False
SOLFAC,SOLFAC,at 150 K,N#Cc1ccncc1.Nc1ccc(cc1)C(O)=O,C2/c,False
NIPHUR,NIPHUR,at 123 K,CC(C)(C)C(=O)Nc1[nH+]c(N)ccc1.O=C([O-])c1ccccc1,P21/c,False
XEMMEK,XEMMEK,293 K,Clc1cc(ccc1C(=O)[O-])N(=O)=O.[NH3+]c1ccc(cc1)C(O)=O,Pbca,False
EVUMOX,EVUMOX,at 100 K,O=C1CC(=O)NC(=O)N1.C1COCCO1,P-1,False
YONLAQ,YONLAQ,123 K,[NH3+]c1ccc(cc1)S(=O)(=O)Nc1ncccn1.Oc1ccc(cc1)S(=O)(=O)[O-],P21/n,False
HIRWOV,HIRWOV,at 150 K,NC(N)=O.CN(C)C=O,P-1,False
IXUCIQ,IXUCIQ,273 K,O=C([O-])CCCCC1CCSS1.Clc1cccc(Cl)c1NC1=[NH+]CCN1,P21,False
RECQOG,RECQOG,at 299.2 K,NC(N)=O.COc1ccccc1C(N)=O,Pbca,False
ZIJZOL,ZIJZOL,288 K,OC1CC(=CC(O)C1O)C(=O)[O-].Nc1[nH+]nc(c(N)n1)c1cccc(Cl)c1Cl,P21,False
DUCZUX,DUCZUX,at 110 K,CC1=C(CCCl)C(=O)N2C=CC=CC2=[NH+]1.O=N(=O)c1cc(c([O-])c(c1)N(=O)=O)N(=O)=O,P21/n,False
POCPED,POCPED,at 180 K,Nc1nc(N)nc(n1)c1ccccc1.O=C1CCCC(=O)N1,P21/c,False
FINHIX,FINHIX,193 K,N#Cc1cc(C#N)c(cc1C#N)C#N.O1c2ccccc2c2c1ccc1ccccc21,Pc,False
MIFRAU04,MIFRAU04,285 K,[NH3+]CCC(O)=O.OC(=O)C(=O)[O-],I2/a,False
VAGSEE,VAGSEE,298 K,Cc1ccc(cn1)c1ncc(Cl)cc1c1ccc(cc1)S(C)(=O)=O.OC(=O)CCCCC(O)=O,P21/n,False
SIZKUJ,SIZKUJ,at 296 K,C[N+](C)(C)CC(O)=O.OC1=C([O-])C(=O)C1=O,Pca21,False
OWIXUO,OWIXUO,at 295 K,Cc1cc[nH+]c(O)c1.O=N(=O)c1cc(c([O-])c(c1)N(=O)=O)N(=O)=O,P-1,False
YEJYIV,YEJYIV,at 293 K,[NH3+]C(C)C(O)=O.OC(=O)C(=O)[O-],P212121,False
SEYHEM,SEYHEM,120 K,OC1=C(Cl)C(=O)C(=C(Cl)C1=O)O.Cc1cnccn1,P21/c,False
SIHLIH,SIHLIH,100 K,OC(=O)C1=CC=C(Cl)S1.Cc1nc(C)c(Cl)c(N)n1,P-1,False
ZATMIU,ZATMIU,100 K,[NH3+]C(CCC)C(O)=O.OC(=O)C(=O)[O-],P-1,False
MOWDOU,MOWDOU,110 K,Fc1c(F)c(C#N)c2Oc3ccccc3Nc2c1C#N.CS(C)=O,P-1,False
TECCAF,TECCAF,,Nc1ccc2ccc3c(N)ccc4ccc1c2c34.ClC1=C(Cl)C(=O)C(=C(Cl)C1=O)Cl,P-1,False
YEHZES,YEHZES,at 298 K,[NH3+]c1ccc(cc1)C(O)=O.COC(=O)c1c(Br)c(Br)c(Br)c(Br)c1C(=O)[O-],P21/c,False
FAYXUB,FAYXUB,150 K,Nc1ccc(C(O)=O)c(O)c1.NC(=O)N1c2ccccc2C=Cc2ccccc12,P21/n,False
ZIBBIX,ZIBBIX,at 173 K,[O-]N1N=NN=C1C1=NN=NN1[O-].[NH3+]NC(=O)C(=O)N[NH3+],P21/c,False
TEZMOC,TEZMOC,at 100 K,Nc1nc(N)nc(n1)c1ccccc1.OC(=O)c1ccc(cc1)C(O)=O,C2/c,False
WAKROS,WAKROS,100 K,CC(=O)[O-].C[N+]1=CN(CCO)C=C1,Pca21,False
TUQYEM,TUQYEM,150 K,CCC1(CC)C(C#N)(C#N)C1(C#N)C#N.C1COCCO1,Cc,False
FIFCOQ,FIFCOQ,90 K,O=N(=O)c1ccc(cc1)N1CC[NH2+]CC1.OC(=O)CCC(=O)[O-],C2/c,False
CISDAL,CISDAL,at 120 K,FC(F)(F)S(=O)(=O)[O-].CN1C=[N+](N=C1N(=O)=O)c1ccc(cc1N(=O)=O)N(=O)=O,P21/c,False
OJENIA,OJENIA,at 298 K,c1cc(ccn1)c1ccncc1.OC(=O)c1ccccc1c1ccccc1C(O)=O,P-1,False
KIJSIH,KIJSIH,at 298 K,NC(=O)c1ccc(O)cc1.CN1N=NC2=C(N=CN2C1=O)C(N)=O,P-1,False
WAFFUG,WAFFUG,at 296 K,c1cc(ccn1)c1ccncc1.OC(=O)CSc1ncccc1C(O)=O,P21/c,False
UVOKOG,UVOKOG,at 200 K,OC(=O)c1cc(ccc1C(=O)[O-])N(=O)=O.NC(=O)C1CC[NH2+]CC1,P21/n,False
RISFEH,RISFEH,297 K,Cc1[nH+]c(C)c(c2ccccc2Cl)c(c1Br)c1ccccc1Cl.O=N(=O)c1cc(c([O-])c(c1)N(=O)=O)N(=O)=O,P212121,False
LADCUQ,LADCUQ,at 120 K,OC(=O)CCCCCCCCC(O)=O.CCC(=O)Nc1ccc(Br)cn1,P-1,False
YACDUE,YACDUE,100 K,CC(C)C1=C(C)N(C)N(c2ccccc2)C1=O.OC(=O)c1cc(Cl)c(Cl)cc1C(O)=O,Pbca,False
TICPOK,TICPOK,,[NH3+]C1CCc2c(C1)ccc(OC)c2OC.OC(C(=O)[O-])c1ccccc1,P212121,False
JIGKES01,JIGKES01,296.1 K,CCCN(CCC)S(=O)(=O)c1ccc(cc1)C(O)=O.c1cc(ccn1)N=Nc1ccncc1,P21/c,False
NOWDOU,NOWDOU,at 296 K,c1cc(ccn1)C=Cc1ccncc1.OB(O)O,P21/c,False
XUBKUD,XUBKUD,100 K,Cc1ccnc(NS(=O)(=O)c2ccc(N)cc2)n1.NC(=O)c1ccccc1O,P-1,False
KIJTEE,KIJTEE,at 298 K,CN1C=NC2=C1C(=O)N(C)C(=O)N2C.CN1N=NC2=C(N=CN2C1=O)C(N)=O,P-1,False
URUGIY,URUGIY,at 150 K,Nc1ccc(C(O)=O)c(O)c1.NC(=O)c1cnccn1,P-1,False
ZODJEK,ZODJEK,296 K,Cc1ccc(cc1)S(=O)(=O)[O-].COCCN1C=[NH+]c2ccccc12,P21/n,False
SEDBAH,SEDBAH,295 K,COc1cc[nH+]cc1.OC(=O)CCC(=O)[O-],P21/n,False
PUNWOL,PUNWOL,at 296.1 K,[NH3+]C(C)c1ccc(Cl)cc1.CCOP([O-])(=S)c1ccc(Cl)cc1,C2,False
ERIWUY,ERIWUY,at 293 K,NC(N)=O.OC(=O)CCCCC(O)=O,P-1,False
QAMRAY,QAMRAY,at 150 K,Oc1ccc(O)cc1.C1CNCCN1,P-1,False
OBUYER,OBUYER,at 173 K,Cc1ccc(cc1)S(=O)(=O)[O-].[NH3+]c1ccc(Cl)cc1,P-1,False
IVUNET,IVUNET,at 123 K,C[NH+](C)C(C)C(O)c1ccccc1.CS(=O)(=O)[O-],P212121,False
KEWZUI,KEWZUI,at 298 K,Oc1ccc(cc1)c1ccc(O)cc1.O=C1CCCCCN1,C2/c,False
NIDSOK,NIDSOK,at 123 K,OC(C1[NH2+]CCC1)(c1ccccc1)c1ccccc1.O=C([O-])c1ccccc1,P21,False
FONJAU,FONJAU,at 298 K,[NH3+]C(CCSC)C(O)=O.OC(C(=O)[O-])c1ccccc1,P212121,False
RIJCIY,RIJCIY,at 295 K,FC(F)(F)S(=O)(=O)[O-].O=C(C[n+]1ccccc1)OC1CCCCC1,P-1,False
HISMAZ,HISMAZ,at 293 K,[NH3+]C(CO)(CO)CO.Oc1ccccc1C(=O)[O-],P21212,False
SOBBAM,SOBBAM,,CCCCNCCCC.NP1(=S)Oc2ccc3ccccc3c2c2c(O1)ccc1ccccc21,P-1,False
LIPYAK,LIPYAK,,c1cnc2c(c1)ccc1cccnc21.Oc1ccc(Sc2ccc(O)cc2)cc1,P-1,False
NUNHAG,NUNHAG,at 293 K,CCOC(=O)C1=N[N-]C(=C1)C(=O)OCC.[NH3+]CCc1ccc(OC)c(OC)c1,P21/n,False
YIDJIE,YIDJIE,,COc1cnc(NS(=O)(=O)c2ccc(N)cc2)nc1.C1CCOC1,P21/c,False
XITGOZ,XITGOZ,173 K,CC1(C)CCC(C)(C)C2=C1[NH+]=C(N)S2.O=C([O-])c1cc(cc(c1)N(=O)=O)N(=O)=O,P21/n,False
IVEKEC,IVEKEC,100 K,CC[NH+](CC)CC(=O)Nc1c(C)cccc1C.OC(=O)CCCC(=O)[O-],P21/c,False
SAYPUF,SAYPUF,at 100 K,OC(=O)c1cccc(O)c1.O=C(NN=C1CCCCC1)c1ccncc1,P-1,False
HOWRAN,HOWRAN,at 298 K,[NH3+]C(C)(C)CC(C)=O.O=C([O-])c1cc(cc(c1)N(=O)=O)N(=O)=O,P21/c,False
PEXNUD,PEXNUD,at 150 K,Nc1ccc(c(O)c1)C(=O)[O-].Oc1c[nH+]ccc1,Pca21,False
KAGPOB,KAGPOB,296.1 K,OC(=O)c1cc(ccc1O)S(=O)(=O)[O-].NC(=O)c1cc[nH+]cc1,P21/c,False
GESCIQ,GESCIQ,,O=N(=O)c1cc(c([O-])c(c1)N(=O)=O)N(=O)=O.Cc1ncc(C[N+]2=CSC(=C2C)CCO)c(N)n1,P-1,False
XAGWUB,XAGWUB,296 K,COc1ccccc1N1CC[NH2+]CC1.Brc1ccc(cc1)C(=O)[O-],P-1,False
UNUNID,UNUNID,294 K,c1ccc2nc3ccccc3nc2c1.OC(=O)C#C,P21/c,False
POXFIU,POXFIU,296 K,Oc1ccc(cc1)C(=O)[O-].CCc1[nH+]c(N)nc(N)c1c1ccc(Cl)cc1,P-1,False
CEKKOU,CEKKOU,at 173 K,c1cnc2c(c1)ccc1cccnc21.Oc1cccc(O)c1O,P21/c,False
OBUBOE,OBUBOE,at 100 K,NC(=O)c1cccnc1.COc1cc(C=O)ccc1O,P-1,False
DOWPAJ,DOWPAJ,298 K,NC1=[NH+]C=CS1.Clc1ccc(OCC(=O)[O-])cc1,Pca21,False
TOJREQ,TOJREQ,at 100 K,FC(F)(F)S(=O)(=O)[N-]S(=O)(=O)C(F)(F)F.C[N+]1(CCCC1)CC(O)=O,P21/c,False
QAXZEX,QAXZEX,293 K,c1cc(ccn1)c1ccncc1.NC(=S)NN=Cc1ccc(O)cc1O,P-1,False
SEVJAH,SEVJAH,296 K,Cc1cc(C)nc(N)n1.OC(=O)CCCCCC(O)=O,P21/c,False
YEJKON,YEJKON,at 215 K,C1N2CN3CN1CN(C2)C3.OC(=O)CCCCCCCCC(O)=O,P21/c,False
CUYXUQ,CUYXUQ,at 293 K,NC(=O)c1cccnc1.OC(=O)CC(O)(CC(O)=O)C(O)=O,P-1,False
QAMROM,QAMROM,at 150 K,Oc1ccc(O)cc1.C1CCNCC1,P21/c,False
NEBVOH,NEBVOH,at 293 K,OC(=O)c1ccccc1Cl.COc1cc(OC)nc(N)n1,P-1,False
DEYPOQ,DEYPOQ,173 K,OC(=O)c1cccc(O)c1.CC(CC(C)(C)O)=NNC(=O)c1ccncc1,P21/n,False
WELDEA,WELDEA,130 K,CCCCCCCCCO.NCC=C,C2/c,False
UFAKUH,UFAKUH,at 173 K,CNC(N)=[OH+].CS(=O)(=O)[N-]S(C)(=O)=O,P212121,False
TIJKIG,TIJKIG,at 100 K,c1ccc(nc1)c1ccccn1.Oc1c(O)c(O)c(O)c(O)c1O,P-1,False
XEBZUC,XEBZUC,100 K,CN1C(=NC(=Cc2ccc3OCOc3c2)C1=O)N.CS(C)=O,P-1,False
MINROS,MINROS,173.1 K,O=S1(=O)N=C2c3cccnc3c3ncccc3C2=N1.Oc1ccc(O)cc1,P21/n,False
QIPMIO,QIPMIO,293 K,C[P+](C)(C)CC=C.O=N(=O)c1cc(c([O-])c(c1)N(=O)=O)N(=O)=O,Pcab,False
ESAWON,ESAWON,293 K,c1ccc2nccnc2c1.OC(=O)c1c(Br)c(Br)c(C(O)=O)c(Br)c1Br,Pnma,False
RIDKIA,RIDKIA,at 293 K,O=S(=O)([O-])c1cccc(c1)P(c1ccccc1)c1ccccc1.CCCC[N+]12CN3CN(CP(C3)C1)C2,P-1,False
ZIMHIO,ZIMHIO,at 298 K,CC(=O)NS(=O)(=O)c1ccc(N)cc1.CC(N)=O,P21/c,False
BOVVEP,BOVVEP,at 150 K,c1cc(ccn1)C=Cc1ccncc1.OC(=O)c1cccc(F)c1,P21/c,False
LEDYEY,LEDYEY,,CC(C)=CC1C(C(=O)[O-])C1(C)C.C[NH+](C)C(CO)C(O)c1ccc(cc1)N(=O)=O,P212121,False
FILGAI,FILGAI,,CC1(C)COP(=O)([O-])OC1c1ccccc1.C[NH2+]C(C)C(O)c1ccccc1,P21,False
EZEGUN,EZEGUN,296 K,CCc1[nH+]ccc(c1)C(N)=S.Oc1cccc(O)c1C(=O)[O-],P-1,False
MAKJUG,MAKJUG,150 K,CC=CC(=O)[O-].[NH2+]1CCSCC1,Pc,False
NUMJUC,NUMJUC,298 K,Cc1ccc(cc1)S(N)(=O)=O.O=C1CCCCN1,P-1,False
TECCOW,TECCOW,93 K,COS(=O)(=O)[O-].CO[n+]1ccc(C)cc1,P21/c,False
ROMZOL,ROMZOL,296 K,OC(=O)c1ccc(cc1)c1ccccc1.Cc1cc(C)nc(NS(=O)(=O)c2ccc(N)cc2)n1,P21/c,False
FERYEH,FERYEH,at 190 K,c1cc(ccn1)C=Cc1ccncc1.CC(=O)c1c(O)cc(O)cc1O,P-1,False
GAPNUI,GAPNUI,at 293 K,OC(C(O)C(=O)[O-])C(O)=O.[NH2+]1CCOCC1,P-1,False
QELDEU,QELDEU,298 K,c1cc(ccn1)C=Cc1ccncc1.OC(=O)c1cccnc1Nc1cccc(c1)C(F)(F)F,Cc,False
RASMOR,RASMOR,293 K,CC[NH+](CC)CCO.O=C([O-])c1ccc(cc1)N(=O)=O,P-1,False
ROKPAK,ROKPAK,150 K,NC1=NC(=NO1)N=NC1=NOC(=N1)N.CS(C)=O,P21/n,False
GIPQAX,GIPQAX,,c1cc(ccn1)c1ccncc1.OC(=O)C=CC(O)=O,C2/c,False
EXICEU,EXICEU,at 293 K,OC(=O)c1ccc(Cl)cc1.Cc1cc(C)nc(N)n1,C2/c,False
PEFGEO01,PEFGEO01,at 110 K,OC(=O)c1cc(O)c(O)c(O)c1.CC(N)=O,P21/n,False
PORVEA,PORVEA,100 K,COc1cc(Cc2c[nH+]c(N)nc2N)cc(OC)c1OC.Cc1cccc(Nc2ccccc2C(=O)[O-])c1C,P-1,False
BOVYAO,BOVYAO,at 150 K,OC(=O)c1cc(F)c(F)cc1F.C(Cc1ccncc1)c1ccncc1,P21/n,False
TIJKOM,TIJKOM,at 100 K,c1cc(ccn1)c1ccncc1.OC1=C(O)C(=O)C(=C(O)C1=O)O,P-1,False
FEJWUP,FEJWUP,123 K,FC(F)(F)S(=O)(=O)[O-].C[n+]1c(N)cccc1NC1=NC=CNC1=S,P21/c,False
XAQQEM,XAQQEM,at 100 K,NC(=O)c1ccncc1.OC(=O)c1ccccc1O,P21/c,False
VIPSOF,VIPSOF,140 K,FC(F)(F)S(=O)(=O)[O-].COC1(N(C)C=[N+](C)c2ccccc12)c1ccccc1,P21/n,False
BALDUR,BALDUR,120 K,NC1=N[N+]2(CCOCC2)CC1.Brc1ccc(cc1)C(=O)[O-],P21,False
SICQEC,SICQEC,at 296 K,[NH2+]1CCOCC1.Cc1ccc(cc1)C1=C(C#N)C(=O)NC(=C1C#N)[O-],P-1,False
ZOHWIE,ZOHWIE,at 150 K,Oc1ccc(Cl)c(Cl)c1Cl.Nc1ccc(Cl)c(Cl)c1,P-1,False
GESCUE,GESCUE,at 150 K,NC(=O)c1ccc(O)cc1.OC(=O)C=CC(O)=O,P21/c,True
PEZQAN,PEZQAN,at 100 K,Cc1cncc(C)n1.OC1=C(Cl)C(=O)C(=C(Cl)C1=O)O,P21/c,False
QOLRIV,QOLRIV,298 K,CCN1C(=O)SC(C1=S)=C1SC(=O)N(CC)C1=S.c1cc2cccc3c4cccc5cccc(c(c1)c23)c45,P-1,False
BAQQIW01,BAQQIW01,200 K,O=C1NC(=O)C(=C[N-]1)N(=O)=O.[NH3+]C(CC1=C[NH+]=CN1)C(=O)[O-],P1,False
GIDGEJ,GIDGEJ,294 K,OC(C(=O)[O-])c1ccccc1.[NH3+]CC1CCC(CC1)C(O)=O,Pca21,False
FIDLIO,FIDLIO,at 120 K,Nc1ccc(Cc2ccc(N)cc2)cc1.Oc1ccc(Cc2ccc(O)cc2)cc1,P21/n,False
COZYOG,COZYOG,at 100 K,Cc1nc(C)c(C)nc1C.OC(=O)C(O)=O,P-1,False
NELJEX,NELJEX,295 K,CCOc1ccc2[nH+]c3cc(N)ccc3c(N)c2c1.Clc1cccc(Cl)c1Nc1ccccc1CC(=O)[O-],P-1,False
CEPJOA,CEPJOA,100 K,CC1=NNC(=S)NCCC(=NNC(=S)NCC1)C.CS(C)=O,P-1,False
ZEQCEG,ZEQCEG,293 K,CN1C=NC2=C1C(=O)N(C)C(=O)N2C.Nc1ccc(C(O)=O)c(O)c1,P212121,False
ZEGFAU,ZEGFAU,at 294 K,Oc1ccc(CC(=O)[O-])cc1.NC1=[NH+]C(=O)NC=C1,Pbcn,False
YAXWOL,YAXWOL,at 173 K,c1cc(ccn1)c1ccncc1.OC(=O)C=CC=CC(O)=O,P-1,False
EXUQUJ01,EXUQUJ01,at 180 K,OC(=O)CCCC(O)=O.CN1C=NC2=C1C(=O)N(C)C(=O)N2C,P21/c,False
REHSUU,REHSUU,at 110 K,OC(=O)c1ccc(O)cc1.CCOc1ccccc1C(N)=O,P21/n,False
JIMVUX,JIMVUX,at 100 K,FC(F)(F)S(=O)(=O)[O-].C[n+]1ccn(CC2CCCCO2)c1,P21/n,False
XUVQEL,XUVQEL,at 120 K,OC(=O)Cc1ccccc1Nc1c(Cl)cccc1Cl.CC1=CN=C(N)S1,Pbca,False
OYUZAM,OYUZAM,100 K,Cc1cccc(C)c1NC(=O)CN1CCCC1=O.OC(=O)C(O)=O,P21,False
NEFGIR,NEFGIR,100 K,NC(=O)c1cnccn1.OC(=O)c1cccc(O)c1O,P-1,False
MUHKEI01,MUHKEI01,170 K,CC(C)=[NH+]O.ON1N=NN=C1C1=NN=NN1[O-],P21/n,False
GOLZIR,GOLZIR,at 293 K,[NH3+]CC(O)=O.OC(=O)C=CC(=O)[O-],P21/n,False
FULLUV,FULLUV,at 150 K,FC(F)(F)S(=O)(=O)[O-].[NH3+]N=C(N)C(N(=O)=O)N(=O)=O,P-1,False
DOGWIF10,DOGWIF10,,C[NH+]1C2CCCC2C(=O)N2C(C)CCCC12.O=N(=O)c1cc(c([O-])c(c1)N(=O)=O)N(=O)=O,P-1,False
IBUHEW,IBUHEW,173 K,[NH3+]CC(O)=O.NS(=O)(=O)[O-],Pn,False
FEJXIE,FEJXIE,120.0 K,CN1C2=C(S[S+]=N2)C=C2Sc3cc(Cl)ccc3N=C12.FC(F)(F)S(=O)(=O)[O-],P21/n,False
HOGFUG,HOGFUG,at 100 K,OC(=O)CCCCC(O)=O.NC(=O)c1ccccn1,P21/c,False
TEZNOD,TEZNOD,at 298 K,Nc1nc(N)nc(n1)c1ccccc1.OC(=O)Cc1cccc(CC(O)=O)c1,Pbcn,False
EPUHEF,EPUHEF,298 K,NC1=[NH+]c2ccccc2S1.ClC(Cl)C(=O)[O-],P-1,False
LADBOJ,LADBOJ,at 120 K,Nc1[nH+]cc(Br)cc1.O=C([O-])c1ccc(cc1)C#N,Pca21,False
IXOHAE,IXOHAE,158 K,c1ccncc1.CCC1=C(SC(=N1)C1=NC(=C(S1)C(O)=O)CC)C(O)=O,P21/n,False
ULAZIQ,ULAZIQ,at 120 K,Oc1cccc(O)c1.OCCN1C(=O)c2ccccc2C1=O,C2/c,False
SUXVUC,SUXVUC,at 296 K,OC(=O)c1ccccc1C(O)=O.c1cc(ccn1)C#Cc1ccncc1,C2/c,False
AFITOA,AFITOA,at 293 K,[NH3+]c1cccc(O)c1.Cc1ccc(cc1)S(=O)(=O)[O-],P-1,False
SIDHUK,SIDHUK,at 100 K,NC(N)=S.C1COCCO1,P21/n,False
UHADOX,UHADOX,at 120 K,OC(=O)CC(O)=O.O=C1NCCN1,C2/c,False
IDEVOG,IDEVOG,130 K,OC(=O)C=CC(=O)[O-].Nc1[nH+]cccc1O,P-1,False
SAYNIQ,SAYNIQ,at 293 K,c1cncc(c1)C#CC#Cc1cccnc1.OC(=O)CNC(=O)C(=O)NCC(O)=O,C2/c,False
ZUKSON,ZUKSON,at 150 K,ON=C1CCC(CC1)=C1CCC(CC1)=NO.CS(C)=O,P21/c,False
QOCCUI,QOCCUI,at 293 K,Nc1[nH+]cc(cc1)N(=O)=O.OC(=O)C(=O)[O-],P-1,False
EKUMOP,EKUMOP,296 K,CC(=O)[O-].[NH3+]CCc1cc(OC)ccc1OC,P212121,False
NOSTOH,NOSTOH,173 K,OC(=O)Cc1ccc(O)c(Cl)c1.NC(=O)c1cccnc1,C2/c,False
CEQDIP,CEQDIP,295 K,OC(CN1C=NC=N1)(CN1C=NC=N1)c1ccc(F)cc1F.OC(=O)c1cc(O)c(O)c(O)c1,P21/c,False
ZZZAKD10,ZZZAKD10,,CN1N(C(=O)C=C1C)c1ccccc1.NC(N)=NS(=O)(=O)c1ccc(N)cc1,P21/c,False
RAXZAV,RAXZAV,100 K,CC(C)(c1ccc(O)cc1)c1ccc(O)cc1.C(Cc1ccncc1)c1ccncc1,P-1,False
MIGGIW,MIGGIW,296 K,c1ccc2nc3ccccc3nc2c1.NC(N)=NS(=O)(=O)c1ccc(N)cc1,P21/c,False
AWUQUF,AWUQUF,at 296 K,OC(=O)COc1ccc(OCC(O)=O)cc1.S(Sc1ccncc1)c1ccncc1,C2/c,False
EQUSEQ,EQUSEQ,130 K,Cc1ccc(SCc2[nH+]cccc2)cc1.O=N(=O)c1cc(c([O-])c(c1)N(=O)=O)N(=O)=O,P-1,False
NAQMUQ,NAQMUQ,90 K,NC1=[NH+]c2ccc(OC(F)(F)F)cc2S1.OC(=O)CC(=O)[O-],P21/c,False
ZEXWEG,ZEXWEG,at 298 K,Oc1ccc(O)cc1.CCN1C=C(C(O)=O)C(=O)c2ccc(C)nc12,P-1,False
GEHJAF,GEHJAF,,CC(=O)[O-].C[NH2+]C(C)C(O)c1ccccc1,P1,False
KEFBON,KEFBON,at 100 K,CC(=O)Nc1ccccn1.OC(=O)CCCCCC(O)=O,I2/a,False
NEBGOQ,NEBGOQ,,OC(=O)C=CC(=O)[O-].C[NH+]1CCN(CC1)c1cccc(c1)C(F)(F)F,P21/c,False
DIBZAQ02,DIBZAQ02,at 293 K,[2H][N+]12CN3CN(C1)CN(C2)C3.O=C([O-])c1cc(cc(c1)N(=O)=O)N(=O)=O,P-1,False
BULKOK,BULKOK,295 K,c1cc(ccn1)C=Cc1ccncc1.OC(=O)c1ccccc1O,P21/c,False
SUZNEH,SUZNEH,at 296 K,Nc1[nH+]cc(Cl)cc1.O=C([O-])C1=CC=CC(=O)N1,P212121,False
DOCWIE,DOCWIE,298 K,OC(=O)C=CC(=O)[O-].O=C(CN1C=[NH+]C=C1)c1ccccc1,P21/n,False
DEXTOQ,DEXTOQ,at 100 K,OC(=O)c1c(O)cccc1O.c1ccc2nc3ccccc3nc2c1,C2/c,False
VILRUE,VILRUE,at 173 K,Cc1cc2N=CN(Cc3ccncc3)c2cc1C.ON=C(C#N)c1ccc(cc1)C(O)=O,Pc,False
IMAHOT,IMAHOT,at 293 K,[NH3+]C(C)Cc1ccc(OC)cc1.CN1C(=O)Nc2ccc(Cl)cc2C21NC(=O)[N-]C2=O,P21,False
EFAFIC,EFAFIC,at 298 K,COc1ccc(cc1)C(N)=[NH2+].CC(=O)[O-],P21/n,False
MIHJIA,MIHJIA,298 K,OC(C(O)C(=O)[O-])C(O)=O.C[NH2+]C1CCC(c2ccc(Cl)c(Cl)c2)c2ccccc12,P212121,False
REZPET,REZPET,297 K,OC(=O)C=CC(=O)[O-].[NH3+]C(CO)C(O)=O,P21,False
VIZZEL,VIZZEL,296 K,OC(=O)C(=O)[O-].[NH3+]CP(C)(C)=O,P21212,False
GEYSAE,GEYSAE,,OC(=O)c1ccccc1O.Cc1cc(C)nc(NS(=O)(=O)c2ccc(N)cc2)n1,Pbca,False
PUWFOD,PUWFOD,at 100 K,Oc1ccc(O)cc1.CCN(CC)C=O,P-1,False
QUTMUO,QUTMUO,at 296 K,c1ccncc1.OC(=O)c1ccccc1N1C(=O)c2ccccc2C1=O,P21/c,False
JIRXER,JIRXER,293 K,OC(=O)c1ccccc1C(=O)[O-].Oc1cccc2ccc[nH+]c12,P21/n,False
KIDNUH,KIDNUH,at 292 K,OC(=O)c1ccc(cc1)C(O)=O.Cc1cc(CN2C=CN=C2)c(O)c(CN2C=CN=C2)c1,P-1,False
QIJYAJ,QIJYAJ,,FC(F)(F)C(=O)[O-].C[NH+](C)CC(O)=O,Pbca,False
ROFLAZ,ROFLAZ,at 130 K,OC(=O)C=CC(=O)[O-].NC1=[NH+]C(=O)NC=C1,P-1,False
SADYII,SADYII,293 K,OC(=O)c1c[nH+]ccc1.ClC(Cl)(Cl)C(=O)[O-],P21/c,False
VAXHIN,VAXHIN,at 173 K,Nc1nc(N)nc(N)n1.CN(c1ccc(cc1)C(O)=O)C(=O)N(C)c1ccc(cc1)C(O)=O,P-1,False
MNICPC,MNICPC,,C[n+]1cccc(c1)C(N)=O.O=N(=O)c1cc(c([O-])c(c1)N(=O)=O)N(=O)=O,P-1,False
TEWQUL,TEWQUL,100 K,c1ccc2nc3ccccc3nc2c1.OC(=O)c1ccc(O)c(O)c1,P21/c,False
XUMLUP,XUMLUP,100 K,[NH3+]C(CO)(CO)CO.Cc1ccccc1OCC(=O)[O-],P-1,False
LENKEV,LENKEV,at 170 K,Clc1cccc(c1)C(=O)[O-].CCc1[nH+]c(N)nc(N)c1c1ccc(Cl)cc1,P-1,False
KAYFOH,KAYFOH,at 120 K,O=C(Nc1ccccn1)c1ccncc1.OC(=O)CCCC(O)=O,P-1,False
LUJCOJ,LUJCOJ,at 295 K,c1cc(ccn1)c1ccncc1.Oc1ccc2ccccc2c1c1c(O)ccc2ccccc12,Pca21,False
EPUFON,EPUFON,298 K,NC1=[NH+]C=CS1.OC(=O)c1cc(O)cc(c1)C(=O)[O-],P21/n,False
DOWPOX,DOWPOX,298 K,NC1=[NH+]C=CS1.OC(=O)c1cccc(c1C(=O)[O-])N(=O)=O,P21/c,False
DOJMIZ,DOJMIZ,at 173 K,OO.CN1C=CN=C1C,Fd2d,False
DITHUK,DITHUK,at 100 K,Oc1c(Cl)c(Cl)c(Cl)c(Cl)c1Cl.Cc1ccncc1C,P-1,False
YETLIS,YETLIS,,OC(CC(O)=O)C(=O)[O-].Cc1[nH+]cc(O)cc1,P212121,False
GERZUA,GERZUA,at 150 K,NC(=O)c1ccc(O)cc1.OC(=O)C(O)=O,P21/c,False
DUVGAC01,DUVGAC01,at 293 K,NC(N)=S.O=C1CCCCCCC1,P21/c,False
KOVSAR,KOVSAR,at 296 K,NC(=O)c1cnccn1.OC(=O)CCCCC(O)=O,P-1,False
GESKAS,GESKAS,at 150 K,COc1ccc(cc1)B(O)O.CC1=NN=C2CN=C(c3ccccc3)c3cc(Cl)ccc3N12,Pccn,False
RICBIP,RICBIP,at 200 K,[NH3+]CC(C)O.[S-]c1ccccc1,P21/n,False
QUFCEB,QUFCEB,170 K,Oc1cc(O)c(Cl)cc1Cl.c1ccc(cc1)N=Nc1ccncc1,P21/c,False
NAYGOK,NAYGOK,at 295 K,[S-]C#N.NC1=C([N+]2=C(S1)C=CC=C2)C(=O)c1ccc(Br)cc1,P21/c,False
VIGFIB,VIGFIB,at 293 K,O=C1CC(=O)NC(=O)N1.[O]n1ccn([O])cc1,P21/n,False
ALACAT,ALACAT,200 K,c1ccc2cnccc2c1.Oc1ccc2ccccc2c1c1c(O)ccc2ccccc12,P-1,False
NIGKEW,NIGKEW,120 K,Clc1ccc(cn1)C1CC2[NH2+]C1CC2.OC(C(O)C(=O)[O-])C(O)=O,P212121,False
VUHZIK,VUHZIK,150 K,Cc1cc(O)cc(O)c1.C(Cc1ccncc1)c1ccncc1,P-1,False
KEGSEV,KEGSEV,at 293 K,FC(F)(F)S(=O)(=O)[O-].ON=C1C2=[NH+]CCCN2CCCc2ccccc12,P21/c,False
SORYEF,SORYEF,150 K,O=C1C=Cc2cccc3ccc([n+]4ccccc4)c1c23.FC(F)(F)S(=O)(=O)[O-],P212121,False
ITIWIT,ITIWIT,298 K,O=N(=O)c1cc(c([O-])c(c1)N(=O)=O)N(=O)=O.NC(=NO)C(=[NH2+])NO,P-1,False
UROHUF,UROHUF,at 100 K,Nc1nc(N)c2N=C3N(CCc4ccccc34)c2n1.CS(C)=O,P21/c,False
VUGMIT,VUGMIT,,Cc1cc(C)nc(NS(=O)(=O)c2ccc(N)cc2)n1.CC(=O)Oc1ccccc1C(O)=O,P21/c,False
KEWDAV,KEWDAV,295 K,C[N+]1=C2c3ccccc3c3ccccc3C2=NS1.FC(F)(F)S(=O)(=O)[O-],Ia,False
OGAJAL,OGAJAL,150 K,Cc1ccc(C)c(c1)S(=O)(=O)[O-].[NH3+]C(Cc1ccccc1)C(O)=O,C2,False
ULIMEI,ULIMEI,at 90 K,OC(C(O)C(=O)[O-])C(O)=O.[NH3+]C1(CCCCC1=O)c1ccccc1Cl,P212121,False
HOJKEY,HOJKEY,at 297 K,c1cc(ccn1)c1ccncc1.OC(=O)CCCSSCCCC(O)=O,P-1,False
KEFCAA,KEFCAA,at 173 K,CC(=O)Nc1ccccn1.OC(=O)CCCCCCCC(O)=O,C2/c,False
FASJIU,FASJIU,at 298 K,O=C(CN1C=[NH+]C=C1)c1ccccc1.O=N(=O)c1cc(c([O-])c(c1)N(=O)=O)N(=O)=O,C2/c,False
REWLIR,REWLIR,296 K,ON=Cc1cc[nH+]c2ccccc12.O=N(=O)c1cc(c([O-])c(c1)N(=O)=O)N(=O)=O,P21/n,False
EXANIB,EXANIB,at 296 K,Cc1cc(C)nc(NS(=O)(=O)c2ccc(N)cc2)n1.CC=CC=CC(O)=O,P21/c,False
NUGZEV,NUGZEV,at 294 K,OC(=O)c1cccc(c1)C(O)=O.NN1C(=NN=C1c1ccncc1)c1ccncc1,P21/c,False
RUYGIC,RUYGIC,at 100 K,CC(=O)NC1=NN=C(S1)S(N)(=O)=O.OC(=O)c1ccc(O)cc1,P21/c,False
FECGEC,FECGEC,300 K,NC(=O)c1ccccc1.OC(=O)c1cccc(F)c1,P-1,False
NOLBEY,NOLBEY,298.1 K,NS(=O)(=O)c1cc(C(O)=O)c(NCC2=CC=CO2)cc1Cl.O=C1CCCCCN1,P-1,False
EXUQUJ,EXUQUJ,at 180 K,OC(=O)CCCC(O)=O.CN1C=NC2=C1C(=O)N(C)C(=O)N2C,P-1,False
BEMQOC,BEMQOC,296 K,[NH3+]NC(N)=S.Oc1ccc(cc1)S(=O)(=O)[O-],P21/n,False
FESCUF,FESCUF,100 K,[NH3+]CC(CC(O)=O)c1ccc(Cl)cc1.OC(C(O)C(=O)[O-])C(O)=O,P1,False
IVUSEY,IVUSEY,at 123 K,C[NH+](C)C(C)C(O)c1ccccc1.Oc1ccc(cc1)C(=O)[O-],P21,False
XEJKUS,XEJKUS,,C[NH2+]C(C)C(O)c1ccccc1.OC(C(=O)[O-])c1ccccc1F,P212121,False
AJAHUO,AJAHUO,at 90 K,OC(=O)c1cc(Cl)c(cc1Cl)C(O)=O.O=C1CNC(=O)CN1,P-1,False
HIMGAL,HIMGAL,at 193 K,Cc1ccncc1.Oc1cc(O)cc(O)c1,R-3,False
KAGPIV,KAGPIV,296 K,OC(=O)c1cc(ccc1O)S(=O)(=O)[O-].NC(=O)c1cc[nH+]cc1,P21/n,False
LIHBAG,LIHBAG,at 293 K,O=C([O-])c1ccc(cc1)N(=O)=O.OCC[NH2+]CCO,P-1,False
PECREW,PECREW,at 100 K,COc1cc(OC)nc(SC)n1.OC(=O)c1ccc(O)cc1,P-1,False
GUDVEI,GUDVEI,at 100 K,OC(=O)CCCCCC(O)=O.c1cnccn1,P21/c,False
KIWRIV,KIWRIV,120 K,CN(C)C=O.COC(=O)C=C1SC(=NC1=O)N=C(N)N,P-1,False
KANBOT,KANBOT,300 K,CCCN(CCC)S(=O)(=O)c1ccc(cc1)C(O)=O.c1ccc2nc3ccccc3cc2c1,P21/c,False
WUZDEC,WUZDEC,270 K,Cc1ccc(cc1)S(=O)(=O)[O-].C[N+](C)(C)CC(O)=O,P-1,False
IFACUO,IFACUO,at 293 K,Nc1ccc(cc1)C(O)=O.COc1cc(OC)nc(N)n1,P21/c,False
TAPNED,TAPNED,at 130 K,CC1(C)COP(=O)([O-])OC1c1ccccc1F.C[NH2+]C(C)C(O)c1ccccc1,P21,False
XOGDOO,XOGDOO,at 293 K,Cc1nc(C)c(C)nc1C.OC(=O)c1c(O)cccc1O,P21/c,False
KAYGIC,KAYGIC,at 296 K,O=C(Nc1ccccn1)c1ccncc1.OC(=O)CCCCCCC(O)=O,P21/n,False
MUNSUM,MUNSUM,100 K,CCCC(C=C)c1[nH+]cc(Br)c2ccccc12.FC(F)(F)S(=O)(=O)[O-],P1,False
PAVNOR,PAVNOR,at 293 K,Oc1[nH+]cccc1.Cc1ccc(cc1)S(=O)(=O)[O-],Pbca,False
PETPIP,PETPIP,at 120 K,ON=Cc1c(F)c(F)c(Br)c(F)c1F.c1cncc(c1)N=Nc1cccnc1,P-1,False
OLUTUN,OLUTUN,298 K,[NH2+]=C1NC(=O)N(C=C1F)C1CSC(CO)O1.OC(=O)CC(=O)[O-],P21,False
HOGFOA,HOGFOA,at 100 K,OC(=O)C=CC(O)=O.NC(=O)c1ccccn1,P21/n,False
MARXUC,MARXUC,296 K,OC(=O)c1ccc2C(=O)OC(=O)c2c1.CN(C)C=O,P21/n,False
AJAHEY,AJAHEY,at 90 K,OC(=O)c1cc(Cl)ccc1O.O=C1CNC(=O)CN1,P21/n,False
KERMOJ,KERMOJ,,Clc1ccc(cc1)S(=O)(=O)[O-].[NH3+]C(C)C(O)=O,P212121,False
VULVOP,VULVOP,100 K,Cc1[nH+]cc(CO)c(CO)c1O.O=C([O-])c1ccc(cc1)C#N,P-1,False
GAXRUU,GAXRUU,at 150 K,O=C1CC2(CCCCC2)CN1.Nc1ccc(cc1)C(O)=O,P21/n,False
XEGHAU,XEGHAU,at 180 K,CCc1[nH+]c(N)nc(N)c1c1ccc(Cl)cc1.OC(=O)CC(=O)[O-],P-1,False
ASULOP,ASULOP,at 293 K,FC(F)(C(=O)[O-])C(F)(F)C(=O)[O-].[NH3+]C(CC1=C[NH+]=CN1)C(O)=O,C2,False
XOCMEK,XOCMEK,296 K,OC(=O)c1cccc(n1)C(=O)[O-].[NH3+]c1ccc(OC)cc1,P41,False
GIDGIN,GIDGIN,294 K,[NH3+]CC1CCC(CC1)C(O)=O.O=C1[N-]S(=O)(=O)c2ccccc12,P21/n,False
XERCAB,XERCAB,293 K,N#Cc1cc(C#N)c(cc1C#N)C#N.CC(=O)N1c2ccccc2c2ccccc12,P21/n,False
PUVZIR,PUVZIR,150 K,C[n+]1ccccc1P(F)(F)(c1ccccc1)c1ccccc1.FC(F)(F)S(=O)(=O)[O-],P21/n,False
PIGSOO,PIGSOO,at 113 K,CC1=[NH+]C=C2CN=C(c3ccccc3F)c3cc(Cl)ccc3N12.O=C1[N-]S(=O)(=O)c2ccccc12,P21/c,False
UFETOR,UFETOR,150 K,OC(=O)CC(O)=O.NC(=O)c1ccc(N)cc1,Pbca,False
KETZAM,KETZAM,at 100 K,c1cc(ccn1)C=Cc1ccncc1.CC(=O)Nc1ccc(O)cc1,P21/c,False
NUMHUA,NUMHUA,298 K,Cc1ccccc1S(N)(=O)=O.O=C1CCCCN1,P21/n,False
VELVIU,VELVIU,295 K,O=C(c1ccccc1)c1ccncc1.BrN1C(=O)c2ccccc2C1=O,P-1,False
TENYAO,TENYAO,at 110 K,OC(=O)COc1cccc2ccccc12.CN1C=NC2=C1C(=O)N(C)C(=O)N2C,P21/c,False
ZIJDAZ,ZIJDAZ,at 293 K,Cc1ccc(cc1)S(=O)(=O)[O-].[NH3+]C(CC1=C[NH+]=CN1)C(=O)[O-],P212121,False
EPUQEM,EPUQEM,at 150 K,c1cc(ccn1)c1ccncc1.OC(=O)c1ccc(O)cc1,P1,False
LEDXOJ,LEDXOJ,at 100 K,CN1C(=O)N(C)c2nc3N(C)C(=O)N(C)C(=O)c3nc2C1=O.CSc1ccccc1C=NC1=C(N)N(C)C(=O)N(C)C1=O,P21/n,False
QUTBUF,QUTBUF,296 K,NN1C(=[NH+]N=C1C1=NON=C1N)N.O=N(=O)c1cc(c([O-])c(c1)N(=O)=O)N(=O)=O,P21/c,False
NENMEA,NENMEA,at 295 K,[NH3+]CCCCC([NH3+])C(=O)[O-].CC1=NC(=NN1)SCC(=O)[O-],P212121,False
TILYUL,TILYUL,100 K,CCCSc1ccc2[NH+]=C(NC(=O)OC)Nc2c1.Cc1ccc(cc1)S(=O)(=O)[O-],P-1,False
QANLAT,QANLAT,at 295 K,OC(=O)c1cc(ccc1O)S(=O)(=O)[O-].[NH3+]c1ccc(Cl)cc1,P21/c,False
UJOGUW,UJOGUW,at 200 K,NC(=O)C1CC[NH2+]CC1.OC(=O)c1cc(cc(c1[O-])N(=O)=O)N(=O)=O,P21/n,False
XEYMAP,XEYMAP,at 293 K,Oc1ccc2ccccc2c1c1c(O)ccc2ccccc12.Cc1cncc(C)c1,P-1,False
COSDUK,COSDUK,at 294 K,ON=Cc1cc[nH+]cc1.OC(=O)C(=O)[O-],P21/c,False
QAXZUN,QAXZUN,293 K,CNC(=S)NN=Cc1ccc(O)cc1O.c1cc(ccn1)c1ccncc1,P-1,False
PUKDUW,PUKDUW,296 K,[NH3+]C(CCCNC(N)=NN(=O)=O)C(O)=O.O=N(=O)c1cc(c([O-])c(c1)N(=O)=O)N(=O)=O,P21,False
ROJJEG,ROJJEG,at 120 K,C[NH+](C)CCCN1C(=O)c2ccccc2C1=O.CC(=O)[O-],C2/c,False
TOMXEA,TOMXEA,at 110 K,OC(=O)COc1ccccc1C=O.O=C1C(=O)c2cccnc2c2ncccc12,P-1,False
PUPGUD01,PUPGUD01,200 K,OC(=O)c1cccc(c1)C(O)=O.CN1C=NC2=C1C(=O)N(C)C(=O)N2C,P21/n,False
IROMAF,IROMAF,173 K,c1cc(ccn1)c1ccncc1.OC(=O)c1cccc(Oc2cccc(C(O)=O)c2C(O)=O)c1,P-1,False
ITIQIL,ITIQIL,at 140 K,c1cc(ccn1)c1ccncc1.OB(O)c1ccccc1,Fdd2,False
HEPSAZ09,HEPSAZ09,363 K,[2H]OC(=O)c1ccc(cc1)C(=O)[O-].[2H]C1=[N+]([2H])C(=C([2H])N1[2H])[2H],P21/c,False
ULABAN,ULABAN,293 K,Oc1cccc(O)c1.c1ccc(nc1)c1ccccn1,P21/n,False
GUXTOL,GUXTOL,180 K,c1cc(ccn1)C=Cc1ccncc1.CC(=O)NC1=NN=C(S1)S(N)(=O)=O,P-1,False
GUZXUW,GUZXUW,100 K,Cc1ccc(cc1)S(=O)(=O)[O-].CN(C)C(=[NH2+])ON=C(N)c1ccc(Br)cc1,C2/c,False
HAGHAB,HAGHAB,296 K,NC(N)=O.c1ccc(C=Cc2ccncc2)nc1,P-1,False
EGUXOU,EGUXOU,at 295 K,FC(F)(F)S(=O)(=O)[O-].CSc1c2ccccc2[nH+]c2ccccc12,P21/c,False
DASYAB,DASYAB,293 K,NC(N)=S.OC(=O)C1=Cc2ccccc2OC1=O,P21/n,False
SOVBOU,SOVBOU,at 273 K,c1cc(ccn1)c1ccncc1.OC(=O)CC(O)=O,C2/c,False
HUVGOW,HUVGOW,296 K,C1=CN(C=N1)c1ccc(cc1)N1C=CN=C1.Oc1ccc(cc1)c1ccc(O)cc1,P-1,False
BUNHUP,BUNHUP,120 K,Oc1c(F)c(F)c(Br)c(F)c1F.C(Cc1ccncc1)c1ccncc1,C2/c,False
NUMHOU,NUMHOU,298 K,O=C1CCCCCN1.NS(=O)(=O)c1ccc(Br)cc1,P212121,False
SUZBEV,SUZBEV,at 100 K,Nc1[nH+]cc(Br)cc1.OC(=O)c1ccccc1C(=O)[O-],P-1,False
DOSPOS,DOSPOS,at 120 K,C(N1C=CN=C1C1=NC=CN1Cc1ccccn1)c1ccccn1.OC(=O)CCCCCCCCC(O)=O,P-1,False
QUCSEN,QUCSEN,at 100 K,[NH3+]CCc1ccc(F)cc1.OC(=O)C1=NNC(=C1)C(=O)[O-],Cc,False
BOQTEG,BOQTEG,at 293 K,OC(=O)C=CC(=O)[O-].[NH3+]C(C)C(O)=O,P212121,False
HONTAG,HONTAG,at 100 K,OC(=O)c1ccc(O)cc1.c1ccc(cc1)c1ccncc1,C2/c,False
LISKEH,LISKEH,290 K,CCCc1[nH+]ccc(c1)C(N)=S.O=S(=O)([O-])c1ccccc1,P-1,False
XAPZEW,XAPZEW,293 K,Nc1ccc(Cc2ccc(N)cc2)cc1.Oc1ccc(O)cc1,C2/c,False
NIJGIY,NIJGIY,296 K,Nc1nc(N)nc(n1)c1ccccc1.OC(=O)CCC(O)=O,P-1,False
FOZZIG,FOZZIG,295 K,[NH3+]C(CS)C(O)=O.O=N(=O)c1cc(c([O-])c(c1)N(=O)=O)N(=O)=O,P21,False
CATJAK,CATJAK,at 100 K,[NH3+]C(C(O)c1ccccc1)c1ccccc1.O=C([O-])C1=CC=CO1,P212121,False
TIMMIP,TIMMIP,100.0 K,[O-][P+]([O-])([n+]1ccccc1)[N+]12CCC(CC1)CC2.FC(F)(F)S(=O)(=O)[O-],P21/c,False
IQUNUE,IQUNUE,at 100 K,O=C(CS(=O)(=O)C1=Nc2ccccc2S1)c1ccccc1.C1COCCO1,P-1,False
NAJZUW,NAJZUW,298 K,OC(=O)CCCCC(O)=O.CCc1cc(ccn1)C(N)=S,P-1,False
PEZKEM,PEZKEM,180 K,Nc1nnc(c(N)n1)c1cccc(Cl)c1Cl.CC=CC=CC(O)=O,P21/c,False
YAHQEF,YAHQEF,at 298 K,C1=CN(C=N1)c1cncnc1.Oc1ccc(O)cc1,P-1,False
EWUTAT,EWUTAT,173 K,O=C1C(=C(C#N)C(=O)C(=C1C#N)C#N)C#N.Cc1ccccc1,C2/c,False
REHSII,REHSII,at 193 K,COc1cc(ccc1O)C(O)=O.CCOc1ccccc1C(N)=O,P21/c,False
EDADUI,EDADUI,at 296.2 K,Cc1ccc(cc1)S(=O)(=O)[O-].Nc1[nH+]cc(cc1)N(=O)=O,Pc,False
NABMEL,NABMEL,150 K,[NH3+]C(c1ccccc1)c1ccccc1O.OC(=O)C(OC(=O)c1ccccc1)C(OC(=O)c1ccccc1)C(=O)[O-],P21,False
OCASAM,OCASAM,at 120 K,FC(F)(F)S(=O)(=O)[O-].C[N+]1=C(CCC1)C(=NO)c1ccccc1,P21/c,False
XAGYAJ,XAGYAJ,296 K,Cc1ccccc1C(=O)[O-].COc1ccccc1N1CC[NH2+]CC1,P-1,False
AZIHUM,AZIHUM,at 220 K,[NH3+]C(CCS(C)=O)C(O)=O.O=N(=O)c1cc(c([O-])c(c1)N(=O)=O)N(=O)=O,P212121,False
ZOCBOL,ZOCBOL,296 K,Oc1c(cc(cc1N(=O)=O)N(=O)=O)C(=O)[O-].CCc1[nH+]c(N)nc(N)c1c1ccc(Cl)cc1,P21/c,False
SAXCOK,SAXCOK,at 120 K,Nc1[nH+]cc(Cl)cc1.O=S(=O)([O-])c1ccc(cc1)C#N,Pna21,False
XOWKEB,XOWKEB,at 183 K,Cc1cccc(Nc2ccccc2C(O)=O)c1C.c1cc(ccn1)c1ccncc1,P-1,False
EVEREE04,EVEREE04,190 K,Oc1cc(O)c(Cl)cc1Cl.c1cc(ccn1)N=Nc1ccncc1,P-1,False
GINSAA,GINSAA,100 K,OC(C(O)C(=O)[O-])C(O)=O.NC(=O)C1([NH2+]CCC1)C(F)(F)F,P21,False
ECIROB,ECIROB,293 K,Clc1ccc(cc1)C(=O)[O-].Nc1c(Br)cc(Br)cc1C[NH2+]C1CCC(O)CC1,C2/c,False
VEKZIY,VEKZIY,100 K,[NH3+]C(CC(C)C)C(F)P(=O)(OCC)OCC.OC(=O)C(=O)[O-],P212121,False
ESEDAK11,ESEDAK11,223 K,[2H][N+]([2H])([2H])C1CCCCC1C.[2H]OC(=O)c1c(F)c(F)c(c(F)c1F)C(=O)[O-],Cc,False
QAYBAW,QAYBAW,293 K,c1cc(ccn1)C=Cc1ccncc1.CNC(=S)NN=Cc1ccc(O)cc1O,P-1,False
FEVKUO,FEVKUO,at 98 K,OC(=O)c1cc(C(O)=O)c(cc1C(O)=O)C(O)=O.Cc1cc(C)nc(NS(=O)(=O)c2ccc(N)cc2)n1,Pbca,False
BECNUS02,BECNUS02,at -120 deg.C,O=C1OC(=O)c2cc3C(=O)OC(=O)c3cc12.c1ccc2nc3ccccc3nc2c1,P-1,False
VEZPAU,VEZPAU,150 K,OC(=O)C=CC(=O)[O-].CCc1[nH+]c(C)ccc1O,Pccn,False
ETUCII,ETUCII,298 K,FC(F)(F)C(=O)[O-].CCNc1nc(NC(C)C)[nH+]c(SC)n1,P21/c,False
YADSAA,YADSAA,293 K,c1ccncc1.Cc1cc(C)nc(NS(=O)(=O)c2ccc(N)cc2)n1,Pna21,False
FUQFEE,FUQFEE,300 K,O=C([O-])c1ccc(cc1)N(=O)=O.[NH3+]C(CC1=C[NH+]=CN1)C(=O)[O-],P212121,False
UBOZAQ,UBOZAQ,295 K,CN(C)C(C)=O.ON1C(=O)c2ccc3C(=O)N(O)C(=O)c4ccc(C1=O)c2c34,P-1,False
SOHDOJ,SOHDOJ,at 295 K,N[n+]1ccnc(Cl)c1.Cc1cc(C)c(c(C)c1)S(=O)(=O)[O-],P-1,False
EPUGAA,EPUGAA,298 K,OCC(=O)[O-].NC1=[NH+]C=CS1,C2/c,False
COGREV,COGREV,,OC(=O)C(O)=O.CC1=NN(C(=C1)C)c1ccccc1,C2/c,False
EBUCOV,EBUCOV,at 173 K,c1cc(ccn1)c1ccncc1.COC(=O)NC(=S)Nc1ccccc1NC(=S)NC(=O)OC,P-1,False
QQQBTG01,QQQBTG01,,[NH3+]CC(O)=O.O=N(=O)c1cc(c([O-])c(c1)N(=O)=O)N(=O)=O,P21/a,False
HUZLAP,HUZLAP,at 295 K,[NH3+]CCNC(=O)c1ccccc1O.O=N(=O)c1cc(c([O-])c(c1)N(=O)=O)N(=O)=O,P21/n,False
POZNOK,POZNOK,296 K,COc1cc(ccc1O)C(O)=O.OC(CN1C=NC=N1)(CN1C=NC=N1)c1ccc(F)cc1F,P21/c,False
WEDXEL,WEDXEL,293 K,CN1C=NC2=C1C(=O)N(CCCCC(C)=O)C(=O)N2C.Fc1c(F)c(Br)c(F)c(F)c1Br,P-1,False
BEKTET,BEKTET,173 K,FC(F)(F)C(=O)[O-].[NH3+]CC1=C(C(=NO1)OC(C)C)C(F)(F)F,P21/c,False
LATQEE,LATQEE,at 100 K,OC(=O)CCCC(O)=O.Cc1ccnc2N(C3CC3)c3ncccc3C(=O)Nc12,P-1,False
MEFJAI,MEFJAI,,Oc1ccccc1c1ccccc1O.c1ccc2nc3ccccc3nc2c1,P21/c,False
XICRIM,XICRIM,at 298 K,Nc1ccc(c(O)c1)C(=O)[O-].NC1=[NH+]C(=O)NC=C1,P21/n,False
ULAWUZ,ULAWUZ,at 153 K,NC(=O)c1ccncc1.OC(=O)CCCCC(O)=O,P-1,False
KEZFUS,KEZFUS,at 293 K,[NH3+]CCO.Cc1ccc(cc1)C(=O)[O-],Iba2,False
HALJAH,HALJAH,at 200 K,NC(=O)C1CC[NH2+]CC1.O=C([O-])C1=CNc2ccccc12,P2/c,False
ZUPZAO,ZUPZAO,298 K,Clc1cccc(c1)C(=O)[O-].[NH3+]Cc1ccc(Cl)cc1,P21,False
ECEREM,ECEREM,295 K,OC(=O)CNc1ccccc1C(O)=O.COC(=O)c1ccncc1,P-1,False
EYOHEF,EYOHEF,at 150 K,FC(F)(F)S(=O)(=O)[O-].CC1(C)[N+](=O)C(=[N+]([O-])C1(C)C)c1ccccc1,P212121,False
GIYHUS,GIYHUS,at 291 K,OC(=O)CNS(=O)(=O)c1cccc(c1)C(O)=O.c1cc(ccn1)c1ccncc1,P-1,False
FICYIB,FICYIB,at 100 K,Cc1ccc(cc1)C(O)=O.Cc1ccc(cc1)c1nc(N)nc(N)n1,Cc,False
GOJJEU,GOJJEU,,Clc1ccccc1C1OP(=O)([O-])OCC21CCCCC2.C[NH2+]C(C)C(O)c1ccccc1,P212121,False
IPEVIJ,IPEVIJ,at 173 K,C1N2CN3CN1CN(C2)C3.OC(=O)c1ccc(F)cc1,P21/n,False
PUNWIF,PUNWIF,at 103.1 K,[NH3+]C(C)c1ccc(F)cc1.CCOP([O-])(=S)c1ccc(Cl)cc1,C2,False
QAMBAK,QAMBAK,200 K,FC(F)(F)S(=O)(=O)[O-].CN1C2C(N(C)C1=O)N(C)C(=[NH+]CC=C)N2C,P-1,False
ZAVMER,ZAVMER,296 K,Oc1ccc(cc1)C(=O)[O-].OCC[NH+]1CCCCC1,P21/c,False
OYEBAX,OYEBAX,100 K,c1ccc2nc3ccccc3cc2c1.OC(=O)c1ccccc1Nc1ccccc1,P21/c,False
VIPYEB,VIPYEB,180 K,O=C1CNC(=O)N1.OC1=C(Cl)C(=O)C(=C(Cl)C1=O)O,C2/c,False
VUXCAU,VUXCAU,100 K,OC(C(=O)[O-])c1ccccc1.[NH3+]C1C2CC3CC(C2)CC1(CO)C3,C2,False
NAXYOC,NAXYOC,at 173 K,OC(=O)c1cc(Cl)c(C#N)c(Cl)c1.c1ccc2ccccc2c1,P-1,False
CEXJUO,CEXJUO,293 K,Oc1ccc2ccc(O)cc2c1.Cc1nc2ccccc2nc1C,P21/c,False
DISGUK,DISGUK,296 K,Oc1cc(cc(O)c1O)C(=O)[O-].CCc1[nH+]c(N)nc(N)c1c1ccc(Cl)cc1,P21/c,False
KOVSEV,KOVSEV,at 296 K,OC(=O)CCCCCCCCC(O)=O.NC(=O)c1cnccn1,P-1,False
JOKYOA,JOKYOA,300 K,c1ccc(cc1)c1ccncc1.Nc1ccc(cc1)S(=O)(=O)Nc1ccc(Cl)nn1,P21/c,False
ALOWUW,ALOWUW,100 K,FC(F)(F)C(=O)[O-].[NH3+]C(Cc1ccccc1)C(=O)OCN1N=Nc2ccccc12,P21/n,False
TEHNAW,TEHNAW,at 298 K,Oc1ccc(cc1)c1ccc(O)cc1.N#Cc1ccncc1,C2/c,False
QILVUF,QILVUF,100.0 K,CCCN1C=NC(=C1C(=O)[O-])C(O)=O.OCC[NH+](CCO)CCO,P21/n,False
DEKXOI,DEKXOI,at 200 K,O=C([O-])c1ccncc1.NC(=O)C1CC[NH2+]CC1,P21/c,False
JENKUM,JENKUM,100 K,FC(F)(F)C(=O)[O-].COC12CCCCCC(=[NH+]c3ccccc13)N2,C2/c,False
JOFJUK,JOFJUK,at 120 K,O=C1CCC(=O)N1.Cc1c(N)ccc(Cl)c1F,P-1,False
EJORIG,EJORIG,293 K,CC(=O)NNC(C)=O.Nc1ccccc1Nc1cc(nnc1C(F)(F)F)c1ccccc1,C2/c,False
LUSXEE,LUSXEE,173 K,[NH3+]CC(CC(O)=O)c1ccc(Cl)cc1.Oc1c(ccc2ccccc12)C(=O)[O-],P21/c,False
KOZKIT,KOZKIT,,N#CC(C#N)=C1C2=NSN=C2C(=C(C#N)C#N)C2=NSN=C12.COc1ccccc1C,P-1,False
TAZMIT,TAZMIT,293 K,c1cnc2c(c1)ccc1cccnc21.OB(O)c1cc(F)c(F)c(F)c1,P21/c,False
UXACAZ,UXACAZ,123 K,ClC1=C(Cl)C(=O)C(=C(C#N)C1=O)C#N.COc1ccc(cc1)C1=Cc2ccccc2O1,P21/c,False
VEBZAH,VEBZAH,293 K,CN(C)c1ccc(cc1)N(C)C.O=C1OC(=O)c2cc3C(=O)OC(=O)c3cc12,P-1,False
AWITOS,AWITOS,298 K,OC(=O)c1cc(cc(c1)C(O)=O)C(O)=O.CC1=CN(C(=O)C=C1)c1ccccc1,P21/c,False
LEJRIB,LEJRIB,,OC(=O)c1nccnc1C(=O)[O-].[NH3+]c1ccc(cc1)C(O)=O,P21/c,False
MOGZAJ,MOGZAJ,at 143 K,CS(=O)(=O)[N-]S(C)(=O)=O.C[N+](C)(C)CCO,P212121,False
EFAPUY,EFAPUY,at 100 K,OC(=O)CCC(O)=O.COc1cc(Cl)nc(N)n1,P-1,False
XIJBOK,XIJBOK,298 K,NS(=O)(=O)c1ccc(NC(=O)C(=O)[O-])cc1.[NH3+]c1ccc(cc1)S(N)(=O)=O,Pc,False
ZIPHEO,ZIPHEO,100 K,NC(=O)c1ccncc1.COc1ccccc1C(O)=O,P21/c,False
PUFFUS,PUFFUS,at 296 K,c1cc(ccn1)c1ccncc1.OC(=O)c1c(F)c(F)c(F)c(F)c1F,C2/c,False
JESDIY,JESDIY,223 K,CN(C)C(=O)CCC(=O)N(C)C.O=C1CCC(=O)O1,P21,False
QAXYUM,QAXYUM,293 K,c1cc(ccn1)C=Cc1ccncc1.CNC(=S)NN=Cc1ccc(O)cc1O,C2/c,False
ZIPYIK,ZIPYIK,298 K,OC(=O)c1ccc2OCOc2c1.COc1cc(OC)nc(N)n1,P21/c,False
SECZIM,SECZIM,295 K,O=C(c1ccccc1)c1ccncc1.BrN1C(=O)CCC1=O,Pna21,False
FAVBUC,FAVBUC,173 K,C[n+]1cc(cc2ccccc12)B(O)O.CS(=O)(=O)[O-],P21/c,False
GIFDOR,GIFDOR,100 K,NC(N)=O.Cc1nccnc1C,Pnma,False
WEKDID,WEKDID,293 K,NC(=O)c1ccccc1.NC(=O)N1c2ccccc2C=Cc2ccccc12,P21/c,False
COZZIB,COZZIB,at 100 K,c1cc(ccn1)C=Cc1ccncc1.Oc1ccc(O)cc1,P21/c,False
WEDXOV,WEDXOV,293 K,NC(=O)c1cnccn1.Fc1c(F)c(Br)c(F)c(F)c1Br,P-1,False
EMUDAS,EMUDAS,at 110 K,[NH2+]1CC2(C1)COC2.OC(=O)C(=O)[O-],P-1,False
MOFXUB,MOFXUB,at 296 K,Oc1ccc2ccccc2c1c1c(O)ccc2ccccc12.O=C1C(=O)c2cccnc2c2ncccc12,P-421c,False
REGKOD01,REGKOD01,,Nc1nc(N)nc(N)n1.O=C1CCC(=O)N1,P21/a,False
SATLUV,SATLUV,at 293 K,OC(=O)c1c[nH+]ccc1.O=N(=O)c1cc(c([O-])c(c1)N(=O)=O)N(=O)=O,P-1,False
AQUFID,AQUFID,173 K,CCCC[NH+](CCO)CCO.O=N(=O)c1cc(c([O-])c(c1)N(=O)=O)N(=O)=O,P21/c,False
MADSIW,MADSIW,298 K,CC(=O)NC1=NN=C(S1)S(N)(=O)=O.O=C1CCCCCN1,P-1,False
ZOKYUV,ZOKYUV,at 100 K,CC(C)N=NC(C)(C)OO.CC(C)NN=C(C)C,P-1,False
MUFBOE,MUFBOE,at 295 K,OC(C(O)C(=O)[O-])C(O)=O.C[NH2+]CC(O)c1cccc(O)c1,P212121,False
XEGHIC,XEGHIC,at 180 K,CCc1[nH+]c(N)nc(N)c1c1ccc(Cl)cc1.OC(=O)CCCCC(=O)[O-],P-1,False
ZIBCEU,ZIBCEU,at 173 K,CN1N=NC(=N1)N.ON1N=NN=C1C1=NN=NN1O,C2/c,False
PATYOB,PATYOB,296 K,OC(=O)c1cc(ccc1O)S(=O)(=O)[O-].CN1C=[NH+]C2=C1C(=O)N(C)C(=O)N2C,P21/c,False
CEJTAM,CEJTAM,,CN1C(=O)C2=C(SC3=C(S2)C(=O)N(C)C3=O)C1=O.c1ccc2nc3ccccc3cc2c1,Pn,False
AZULIR,AZULIR,at 296 K,Cc1ccc(cc1)S(=O)(=O)[O-].COc1[nH+]c(N)nc(OC)c1,Pca21,False
IPEVOP01,IPEVOP01,100 K,C1N2CN3CN1CN(C2)C3.Cc1ccc(cc1)C(O)=O,P21/n,False
GINKUK,GINKUK,at 95.0 K,c1ccc2nccnc2c1.OC1=C(Cl)C(=O)C(=C(Cl)C1=O)O,P-1,False
DOTRAF,DOTRAF,,O=C([O-])C1C2Cc3ccccc3C12.C[NH+](C)C(C)C(O)c1ccccc1,P212121,False
QOLQOA,QOLQOA,298 K,CCN1C(=O)C(SC1=S)=C1SC(=S)N(CC)C1=O.c1cc2ccc3cccc4ccc(c1)c2c34,P-1,False
SETSAN,SETSAN,173 K,OC(=O)C=Cc1ccccc1.NNC(=O)c1ccncc1,P-1,False
SIMVET,SIMVET,296 K,CC(Oc1cccc(Cl)c1)C(=O)[O-].[NH3+]c1ccc(OC)cc1,P21/c,False
NOPDAY,NOPDAY,at 273 K,CCOC(=O)C1=Cc2c(OC1=O)ccc1ccccc21.NC1=Nc2ccccc2S1,P21/c,False
GENMIW,GENMIW,at 296 K,OC(=O)CN1C(=O)c2cc3C(=O)N(CC(O)=O)C(=O)c3cc2C1=O.c1ccc2c(c1)ccc1ccccc21,P-1,False
KOPKEH02,KOPKEH02,150 K,c1cc(ccn1)c1ccncc1.OC(=O)c1ccccc1O,P21/c,False
UMINOT,UMINOT,at 293 K,c1cc(ccn1)C=Cc1ccncc1.OC(=O)CCC(O)=O,P-1,False
XEQDAA,XEQDAA,at 293 K,c1cc(ccn1)c1cncnc1.Oc1ccc(O)cc1,P-1,False
VUXKAA,VUXKAA,,CN(C)C1=NC(=C(C#N)C(=O)O1)c1ccccc1.C1COCCO1,P21/n,False
REXBEF,REXBEF,295 K,OC(=O)c1ccc(O)cc1.CN1N=NC2=C(N=CN2C1=O)C(N)=O,P-1,False
GAGPOX,GAGPOX,150 K,[NH3+]C(C(O)c1ccccc1)c1ccccc1.OC(CCc1ccccc1)C(=O)[O-],P21,False
GEXTIO,GEXTIO,at 100 K,[NH3+]Cc1ccccc1F.O=C([O-])c1ccc2ccccc2c1,P21,False
SAPDUJ,SAPDUJ,at 173 K,OCC(F)(F)F.NC(=O)N1c2ccccc2C=Cc2ccccc12,P-1,False
MOYKES,MOYKES,at 293 K,OC(C(O)C(=O)[O-])C(O)=O.Nc1[nH+]cc(Cl)cc1,P21,False
XUYBIE,XUYBIE,150 K,Cc1nc(C)c(C)nc1C.Cc1cc(O)cc(O)c1,P-1,False
NIVKAF,NIVKAF,at 193.2 K,CSC(C#Cc1ccccc1)[N+](C)(C)C.FC(F)(F)S(=O)(=O)[O-],Cc,False
JOBROK,JOBROK,298 K,Oc1ccc(cc1)c1ccc(O)cc1.COc1cccc(C=Nc2cccnc2)c1O,P21/n,False
LECDOP,LECDOP,293 K,OC(=O)c1ccc(O)c(c1)C(O)=O.Cc1cnccn1,P-1,False
BAQNUD,BAQNUD,at 296 K,BrC1=CC=CC=C(C1=O)C1(C#N)c2ccccc2C(=O)c2ccccc12.c1ccccc1,P-1,False
CURSAL,CURSAL,293 K,OC(=O)C=CC(=O)[O-].COc1cc(Cc2c[nH+]c(N)nc2N)cc(OC)c1OC,P-1,False
DAWDAH,DAWDAH,at 130K,N#C[N-]C#N.NC(=[NH2+])NC(N)=O,C2/c,False
ITARAZ,ITARAZ,298 K,Cc1cccc2SC(=[NH2+])Nc12.OC(=O)CSCC(=O)[O-],P-1,False
CEQDAH,CEQDAH,295 K,OC(CN1C=NC=N1)(CN1C=NC=N1)c1ccc(F)cc1F.OC(=O)c1ccc(O)c(O)c1,P21,False
ZOHWUQ,ZOHWUQ,150 K,NC(=O)c1cccc(N)c1.OC(=O)c1cccc(O)c1,P21/c,False
ETOTIS,ETOTIS,293 K,OCC[NH2+]CCO.O=C([O-])c1ccccc1N(=O)=O,P21/n,False
XOTYUB01,XOTYUB01,93 K,CCOc1ccc(cc1)C(O)=O.c1cc(ccn1)c1ccncc1,P21/n,False
PAHZAA,PAHZAA,at 298 K,OC(C(O)=O)C(=O)[O-].Oc1c[nH+]ccc1,Pc,False
TIPFII,TIPFII,at 120 K,COc1cc(OC)nc(N)n1.OC(=O)c1ccccc1C(O)=O,P21/c,False
VIJPAF,VIJPAF,,Cc1ccc(cc1)S(=O)(=O)[O-].C[n+]1ccc(cc1)C=Cc1ccc(O)cc1,P1,False
IXOZIG02,IXOZIG02,296 K,Oc1[nH+]cccc1.O=C([O-])c1cc(cc(c1)N(=O)=O)N(=O)=O,P21/n,False
ITAPUR,ITAPUR,298 K,Clc1ncccc1C(=O)[O-].Cc1cccc2SC(=[NH2+])Nc12,P21/n,False
MICLAM,MICLAM,at 293 K,CC(C)=CC1C(C(=O)[O-])C1(C)C.CSc1ccc(cc1)C(O)C(CO)[NH+](C)C,P212121,False
EKEYOL,EKEYOL,150 K,[O-]C1=N[N+](=NO1)C1=NN=N[N-]1.C[N+]1=NOC(=C1)N,P212121,False
PAMXAE,PAMXAE,at 296 K,NC(=O)c1cccnc1.OC(=O)c1cccc(n1)C(O)=O,P21/c,False
SIJXAM,SIJXAM,at 173 K,[NH2+]=C1NC(=O)NC=C1F.O=C1[N-]S(=O)(=O)c2ccccc12,P21/m,False
EXIZEQ,EXIZEQ,at 173 K,CN(C)[S+](N(C)C)N(C)C.FC1=NC(=O)N=C(F)[N-]1,P21/n,False
EVEROO04,EVEROO04,190 K,Oc1cc(O)c(Br)cc1Br.c1cc(ccn1)N=Nc1ccncc1,P-1,False
OYUXIS,OYUXIS,297 K,Cc1cccc(C)c1NC(=O)CN1CCCC1=O.OC(=O)c1cc(cc(c1)C(O)=O)C#N,Pc,False
OWIXOI,OWIXOI,at 295 K,Cc1[nH+]c(O)ccc1.O=N(=O)c1cc(c([O-])c(c1)N(=O)=O)N(=O)=O,P21/a,False
XULXIN,XULXIN,at 173 K,FC(F)(F)S(=O)(=O)[O-].CN1C=CN2C[N+]3=C(P=C12)N(C)C=C3,P-1,False
HEGCUT,HEGCUT,at 296.1 K,Brc1ccc(CC(=O)[O-])cc1.CC(C)(C)OC(=O)C1[NH2+]CC2CCCC12,P21,False
LUNYAU,LUNYAU,at 180 K,OC=O.c1cnccn1,P21/c,False
ACOYUM,ACOYUM,at 173 K,Oc1ccc(Cl)c(O)c1.C(Cc1ccncc1)c1ccncc1,P21/n,False
VUXNOT,VUXNOT,200 K,[NH2+]1CCOCC1.Clc1ccc(OCC(=O)[O-])c(Cl)c1,P21/c,False
SAFXAA,SAFXAA,at 293 K,FC(F)(F)C(=O)[O-].[NH3+]C(CO)(CO)CO,P21/c,False
DZITUB20,DZITUB20,,Nc1[n+](ccc2NC=Cc12)C1OC(CO)C(O)C1O.O=N(=O)c1cc(c([O-])c(c1)N(=O)=O)N(=O)=O,P21,False
IYEBIX,IYEBIX,at 293 K,[NH3+]C(C(C)O)C(O)=O.ClC(Cl)(Cl)C(=O)[O-],P21,False
PIRLUZ,PIRLUZ,at 150 K,NS(=O)(=O)c1cc2c(NCNS2(=O)=O)cc1Cl.Nc1ccc(cc1)C(O)=O,P21/c,False
QURWOQ02,QURWOQ02,at 150 K,CCN(CC)C(=O)N1CC[NH+](C)CC1.OC(=O)CC(O)(CC(=O)[O-])C(O)=O,P21/c,False
KAXLII,KAXLII,297 K,OC(=O)CCCCCCCC(=O)[O-].CCc1[nH+]c(N)nc(N)c1c1ccc(Cl)cc1,P21/c,False
PITPOB,PITPOB,123 K,Cc1ccc(cc1)S(=O)(=O)[O-].OC1=[NH+]CCCC1,P21/n,False
YUTSIR,YUTSIR,100 K,CCOC(C)=[N+](C)C.CCOS(=O)(=O)[O-],P21/c,False
PEKQUT,PEKQUT,at 295 K,Oc1ccc(O)c(c1)C(=O)[O-].Nc1[nH+]cccc1N(=O)=O,P-1,False
KEXXUG,KEXXUG,,OC(=O)C=CC(=O)[O-].C[NH+](C)C(C)c1cccc2OC(=O)N(C)CCc12,P-1,False
HOQGUR,HOQGUR,at 150 K,OC(=O)CCCCC(O)=O.NC1=NN=CS1,P21/c,False
SARKII,SARKII,150 K,N#Cc1ccncc1.OC(=O)c1ccc(F)cc1,C2/c,False
VUXNEJ,VUXNEJ,200 K,[NH2+]1CCOCC1.Fc1ccc(OCC(=O)[O-])cc1,P-1,False
UBEKAP,UBEKAP,at 295 K,Nc1ccc[nH+]c1Cl.O=N(=O)c1cc(c([O-])c(c1)N(=O)=O)N(=O)=O,P-1,False
CEMFIM,CEMFIM,100 K,Oc1ccc(Cl)cc1C(=O)[O-].Cc1[nH+]c(N)c(Cl)c(C)n1,P-1,False
GADXOC,GADXOC,130 K,OC(=O)CCN1C(=S)SC(=CC=Cc2ccc(Cl)cc2)C1=O.CS(C)=O,C2/c,False
TUYKAB,TUYKAB,300 K,COc1cc(OC)cc(c1)C(=O)[O-].[NH3+]C(C)C(O)c1ccccc1,P21,False
YAKREK,YAKREK,100 K,COc1cc2NC(=O)C(=O)c2cc1O.CS(C)=O,P21/c,False
GUKSIO,GUKSIO,,OC(C(O)C(=O)[O-])C(O)=O.C[NH2+]CC(O)=O,P1,False
FEVKAV,FEVKAV,293 K,COc1cc(Cc2c[nH+]c(N)nc2N)cc(OC)c1OC.ClC1=C(SC=C1)C(=O)[O-],P21/c,False
ZELROX,ZELROX,,OC(C(O)C(=O)[O-])C(O)=O.CC(=O)c1ccc(cc1)N1C=[NH+]C=C1,P1,False
REBXON,REBXON,at 100 K,OC(=O)c1ccc2ccccc2c1O.NC(=O)c1cnccn1,P21/c,False
QUBROV,QUBROV,at 292 K,OC(=O)c1ccccc1C(=O)[O-].[NH3+]c1ccc(Cl)cc1,P21/c,False
LUNMOW,LUNMOW,at 203 K,NC(=O)c1ccncc1.OC(=O)c1cc(cc(c1)C(F)(F)F)C(F)(F)F,P-1,False
KECLOW,KECLOW,120 K,O=C(NN=Cc1cccnc1)c1ccccn1.OC(=O)CCCC(O)=O,P21/c,False
VOVYEM,VOVYEM,298 K,[NH2+]=C1Nc2ccccc2S1.Clc1ccc(cc1)S(=O)(=O)[O-],P21/c,False
QANLEX,QANLEX,at 295 K,OC(=O)c1cc(ccc1O)S(=O)(=O)[O-].[NH3+]c1ccc(Br)cc1,Pbca,False
VELBAR,VELBAR,at 100 K,O=C([O-])C1=Cc2ccccc2O1.[NH3+]C(C(O)c1ccccc1)c1ccccc1,C2,False
AMAZAS,AMAZAS,100 K,CCOC(=O)C([N+]#N)=S1c2ccccc2Oc2ccccc12.FC(F)(F)S(=O)(=O)[O-],P21/n,False
CIFZID,CIFZID,100 K,NC(=O)C(Br)(Br)Br.C1CN2CCN1CC2,P21/c,False
BASZAY,BASZAY,at 298 K,NC1=Nc2ccc(Br)cc2S1.OC(=O)C=CC(O)=O,P21/c,False
WUVMEG,WUVMEG,at 293 K,Nc1[nH+]c(CF)c(c(N)n1)c1cc(Cl)cc(Cl)c1Cl.CS(=O)(=O)[O-],P21,False
LIGNEW,LIGNEW,291 K,OC(=O)c1cc(ccc1O)S(=O)(=O)[O-].ClCC[NH+]1CCCC1,P-1,False
LIQQAF,LIQQAF,at 298 K,Cc1ccc(cc1)C1=CC(=NN1c1ccc(cc1)S(N)(=O)=O)C(F)(F)F.O=C1CCCCCCN1,P21/c,False
SIBHEQ,SIBHEQ,,COC1=CC(C(=CC1=C(C#N)C#N)OC)=C(C#N)C#N.C1COc2cc3SC(Sc3cc2O1)=C1Sc2cc3OCCOc3cc2S1,P21/a,False
RITBUT,RITBUT,at 100 K,[NH3+]c1cc(OC)cc(OC)c1.Cc1ccc(cc1)S(=O)(=O)[O-],P21/n,False
TOQPUN,TOQPUN,150 K,NC(=S)NN=Cc1cc[nH+]cc1.OC(=O)CC(=O)[O-],P-1,False
TUJKUE,TUJKUE,,COc1cc2Sc3cc(OC)c(OC)cc3Sc2cc1OC.FC1=C(F)C(C(=C(F)C1=C(C#N)C#N)F)=C(C#N)C#N,P21/c,False
YICMAY01,YICMAY01,at 150 K,CC1(C)C2CCC1(CS(=O)(=O)[O-])C(=O)C2.[NH3+]CC(C(O)=O)c1ccccc1,P212121,False
ROJKUY,ROJKUY,at 293 K,Nc1[nH+]nc(c(N)n1)c1cccc(Cl)c1Cl.O=C1[N-]S(=O)(=O)c2ccccc12,C2/c,False
WEPDIF,WEPDIF,at 298 K,c1ccncc1.OC(=O)c1ccc(O)cc1,P21/c,False
SIDJEW,SIDJEW,at 100 K,NC(N)=O.C1COCCO1,P2/c,False
FERZEI,FERZEI,at 173 K,c1cc(ccn1)C=Cc1ccncc1.CCCCCCC(=O)c1c(O)cc(O)cc1O,C2/c,False
QEPXEP,QEPXEP,at 293 K,[NH3+]C(C(=O)OCc1ccccc1)c1ccccc1.Cc1ccc(cc1)S(=O)(=O)[O-],P21,False
UHADEN,UHADEN,at 120 K,OC(=O)CCC(O)=O.O=C1NCCN1,P-1,False
KIGKIV,KIGKIV,at 173 K,OC(=O)c1ccc2ccccc2c1O.CN1C=NC2=C1C(=O)N(C)C(=O)N2C,P21/n,False
QUZZIW,QUZZIW,150 K,O=S(=O)([O-])c1ccccc1.[NH3+]c1ccc(cc1)S(=O)(=O)c1ccc(N)cc1,P21/n,False
FOWROZ,FOWROZ,at 296 K,[NH3+]C(C)(C)CC(C)=O.NS(=O)(=O)c1ccccc1C(=O)[O-],Pbca,False
PUZZOZ,PUZZOZ,at 293 K,Cc1cccc(C)c1N.Oc1ccc2ccccc2c1c1c(O)ccc2ccccc12,C2/c,False
MOXBUW,MOXBUW,,[NH3+]NC(N)=O.O=N(=O)c1cc(c([O-])c(c1)N(=O)=O)N(=O)=O,P-1,False
YIQWUU,YIQWUU,273 K,FC(F)(F)S(=O)(=O)[N-]S(=O)(=O)C(F)(F)F.Cc1[nH+]c2c(O)cccc2cc1,P-1,False
EYURIC,EYURIC,296 K,NC(=O)c1nc(F)cnc1O.OC(=O)c1ccc(O)cc1,P21/c,False
MAKWAA,MAKWAA,100 K,C1CN2CCN1CC2.CC(C)c1cc(Br)ccc1O,C2/c,False
XUYKEI,XUYKEI,at 294 K,c1cc(ccn1)c1ccncc1.Oc1ccc2C3c4ccc(O)cc4C(c2c1)c1cc(O)ccc31,C2/c,False
FOSFOK,FOSFOK,298 K,Oc1cccc(O)c1.NNC(=O)c1ccncc1,P21/c,False
HUWNUL,HUWNUL,295 K,[NH3+]C(CS)C(O)=O.CS(=O)(=O)[O-],P212121,False
YUTTIS,YUTTIS,150 K,FC(F)(F)S(=O)(=O)[O-].CC1(C)CCCC(C)(C)[NH+]1O,P-1,False
KIRGEB,KIRGEB,296 K,S(Sc1ccncc1)c1ccncc1.Nc1cc(cc(c1)C(O)=O)C(O)=O,P21/c,False
HAGBOG,HAGBOG,,[NH3+]C(CC1=CNc2ccccc12)C(=O)[O-].Oc1c(cc(cc1N(=O)=O)N(=O)=O)N(=O)=O,P212121,False
MIHMAU,MIHMAU,170.7 K,c1cc(ccn1)c1ccncc1.OB1OCc2cc(Oc3ccc(cc3)C#N)ccc12,I2/a,False
POVZOQ,POVZOQ,at 100 K,OC1=C(Cl)C(=O)C(=O)C(=C1[O-])Cl.NC(=O)c1cc[nH+]cc1,Cc,False
ZATGAG01,ZATGAG01,100 K,CN1C=CC(=O)C(=C1C)O.Oc1ccccc1O,P21/c,False
ORILEI,ORILEI,296 K,CCOc1ccccc1C(N)=O.Cc1cccc(c1)C(O)=O,P21/n,False
UPOBIM,UPOBIM,293 K,FC(F)(F)C(=O)[O-].[NH3+]NC1CC(OC1=O)c1ccccc1,P21,False
NUGRAJ,NUGRAJ,at 120 K,N#Cc1cc(C#N)c(cc1C#N)C#N.Oc1ccc2cc(Br)ccc2c1c1c(O)ccc2cc(Br)ccc12,C2,False
TUFDIH,TUFDIH,,NC1=C(C#N)C2(CCCCC2)C(=C([S-])N1)C#N.C[NH+]1CCOCC1,P21/n,False
SOGXUH,SOGXUH,,Oc1c(Cl)c(Cl)c(Cl)c(Cl)c1Cl.C1CCc2ncccc2C1,P21/c,False
UDEPIG,UDEPIG,100.2 K,CCCC(=O)[O-].[NH3+]Cc1ccc(cc1)S(N)(=O)=O,P-1,False
VAFWUV,VAFWUV,,COC1=CC(C(=CC1=C(C#N)C#N)OC)=C(C#N)C#N.C1COC2=C(O1)SC(S2)=C1SC2=C(SCCS2)S1,P-1,False
YUFMAN,YUFMAN,,[NH3+]C(CO)(CO)CO.CN(C)C(=S)SCC(=O)[O-],P21/c,False
FUBJAO,FUBJAO,at 150 K,FC(F)(F)S(=O)(=O)[O-].COc1ccc2CCC3=[NH+]CCCN3c2c1,P21/n,False
KUVYOR,KUVYOR,150 K,c1ccncc1.NC(=O)NN=C1C(=O)c2ccccc2c2ccccc12,Cc,False
XOTPUT,XOTPUT,at 293 K,Oc1ccc(cc1O)C(=O)[O-].Nc1c(Br)cc(Br)cc1C[NH2+]C1CCC(O)CC1,Cc,False
ULAXEK,ULAXEK,at 153 K,NC(=O)c1ccncc1.OC(=O)CCCCC(O)=O,P21/c,False
ORIKIL,ORIKIL,296 K,CCOc1ccccc1C(N)=O.OC(=O)c1cc(O)c(O)c(O)c1,P-1,False
PAQPEG,PAQPEG,123 K,Clc1ccc(cc1)S(=O)(=O)[O-].[NH2+]=C(O)c1ccccc1,P-1,False
EKOCIT,EKOCIT,150 K,FS(=O)(=O)CC[n+]1ccccc1.FC(F)(F)S(=O)(=O)[N-]S(=O)(=O)C(F)(F)F,P-1,False
VEVYOM,VEVYOM,150 K,Nc1nc(N)nc(n1)c1ccccn1.CCCCCCCC(O)=O,P-1,False
GUKWOZ,GUKWOZ,at 150 K,c1ccncc1.OC(=O)C=CC(O)=O,P21/n,False
HALHUZ,HALHUZ,at 200 K,NC(=O)C1CC[NH2+]CC1.O=C([O-])C1=Cc2ccccc2N1,P21/c,False
HINJAT,HINJAT,293 K,CC1=C(C=C(C#N)C(=O)N1)c1cc[nH+]cc1.Fc1ccc(cc1)C(=O)[O-],P-1,False
FABXIT,FABXIT,293 K,FC(F)(F)S(=O)(=O)[N-]S(=O)(=O)C(F)(F)F.OC(=O)CN1C=C[N+](=C1)CC(O)=O,P6522,False
PASLOO,PASLOO,296 K,OC(=O)c1cccc(n1)C(=O)[O-].[NH3+]c1ccc(cc1)S(=O)(=O)N=C1NC=CS1,I2/a,False
SODJOK,SODJOK,,[S-]c1ccccc1.C[N+](C)(C)CC(N)=O,P21/n,False
WAKKAV,WAKKAV,at 295 K,CC(C(O)c1ccccc1)N(C)C(=S)[S-].C[NH2+]C(C)C(O)c1ccccc1,P21,False
TACCUX,TACCUX,at 293 K,C(Cc1ccncc1)c1ccncc1.OC(=O)CCCCC(O)=O,P-1,False
FETDIS,FETDIS,at 203 K,OB(O)c1ccc(cc1)C(=O)[O-].CC(=NO)c1cc[nH+]cc1,P1,False
LEWPUY,LEWPUY,,Nc1ncccn1.Nc1ccc(cc1)C(O)=O,P21/n,False
NUMZON,NUMZON,298 K,CN(C)c1ccc(cc1)C(O)=O.Fc1c(F)c(F)c(N=Cc2ccncc2)c(F)c1F,P-1,False
BUFHAN,BUFHAN,at 150 K,[NH3+]C(C(O)c1ccccc1)c1ccccc1.OCC(C(=O)[O-])c1ccccc1,P212121,False
WADJUI,WADJUI,at 296 K,c1ccncc1.OC(=O)c1ccc(O)c(O)c1,P21/c,False
ZAJJEZ,ZAJJEZ,,Nc1ncccn1.Nc1cccc(c1)C(O)=O,P21/c,False
VESZAX,VESZAX,173 K,NC(=O)c1ccncc1.COc1cc(ccc1O)C(O)=O,P21/c,False
XOVVEJ,XOVVEJ,at 173 K,[NH3+]Cc1ccc(Cl)cc1.OC(=O)C1=NNC(=C1)C(=O)[O-],P-1,False
NUKWUL,NUKWUL,at 150 K,OC(=O)C=CC(=O)[O-].C1CC2CC[NH+]1C=C2C1=CC=C(O1)c1ccccc1,P21/a,False
GESQUU,GESQUU,120 K,NC1=N[N+]2(CCOCC2)CC1.Cc1ccc(cc1)S(=O)(=O)[O-],P-1,False
PUWFIX,PUWFIX,at 100 K,CN(C)C(C)=O.Oc1ccc(O)cc1,C2/c,False
YUFDUA,YUFDUA,150 K,C(Cc1ccncc1)c1ccncc1.Oc1cc(O)c2C(=O)C(=C(Oc2c1)c1ccc(O)c(O)c1)O,P21/c,False
GEDLIL,GEDLIL,at 173 K,CN1C=C([N+](=C1C)C)N(=O)=O.FC(F)(F)S(=O)(=O)[N-]S(=O)(=O)C(F)(F)F,P-1,False
EZEDAP,EZEDAP,at 130 K,c1ccc2nc3ccccc3nc2c1.Oc1c(F)c(F)c(F)c(F)c1F,P21/n,False
TEFMAS,TEFMAS,,[NH3+]C(CCCNC(N)=[NH2+])C(=O)[O-].O=N(=O)c1cc(c([O-])c(c1)N(=O)=O)N(=O)=O,P21,False
CACPAZ,CACPAZ,at 199 K,OC(=O)c1cc(ccc1O)S(=O)(=O)[O-].[NH3+]CC(N)=O,P-1,False
XUVTUE,XUVTUE,at 120 K,CC1=NN2C=C(C)N=C2S1.CCc1ccc(cc1)C(O)=O,P21/c,False
CAVYED,CAVYED,,c1cncnc1.OC1=C(Cl)C(=O)C(=C(Cl)C1=O)O,P21/c,False
GIBSUJ,GIBSUJ,100 K,FC(F)(F)C(=O)[O-].CCOC(=O)c1ccc(cc1)[N+]1=NOC(=C1)N,Cc,False
GIFDUX,GIFDUX,100 K,NC(N)=O.Cc1cnccn1,P21/c,False
HEYVAM,HEYVAM,183 K,CCc1ccc(NC(=O)NC2=CC(=O)OC2)cc1Cl.CS(C)=O,Pbca,False
UBEHOA,UBEHOA,at 295 K,OC(=O)c1cc[nH+]cc1.O=N(=O)c1cc(c([O-])c(c1)N(=O)=O)N(=O)=O,P21/c,False
RATNIN,RATNIN,296.1 K,O=P([O-])(Oc1ccccc1)Oc1ccccc1.[NH3+]c1ccccc1Cl,P21,False
CAGQIO,CAGQIO,293 K,c1cc(ccn1)c1ccncc1.Oc1ccc2c(Oc3cc(O)ccc3C32OC(=O)c2ccccc32)c1,P21/a,False
QIQKOS,QIQKOS,at 200 K,NC(=O)C1CC[NH2+]CC1.OC(=O)C(=O)[O-],P21/n,False
TEHFAR,TEHFAR,200 K,NS(=O)(=O)[O-].C[NH+](C)CC(O)=O,P21/n,False
CEKKOU01,CEKKOU01,at 173 K,c1cnc2c(c1)ccc1cccnc21.Oc1cccc(O)c1O,Pbca,False
VAJPII,VAJPII,293 K,Oc1ccc2cc(ccc2c1)C(=O)[O-].CC1=CC(=O)NC(=[NH2+])N1,P21/c,False
PEKSIJ,PEKSIJ,at 295 K,COC(=O)c1cc[nH+]cc1.Oc1ccc(O)c(c1)C(=O)[O-],P-1,False
LEXQEM,LEXQEM,at 173 K,Cc1ccc2N=C(N)Sc2c1.OC(=O)CCCCC(O)=O,P21/n,False
FUDDOX,FUDDOX,,CN1C=[NH+]C=CC1=O.O=N(=O)c1cc(c([O-])c(c1)N(=O)=O)N(=O)=O,C2/c,False
UBESAV,UBESAV,at 297 K,O=S(=O)([O-])c1ccccc1.NC(=[NH2+])O,C2/c,False
KUQVOI,KUQVOI,at 100 K,NC(=O)C(=O)[O-].[NH3+]CCNC(=O)C(N)=O,P-1,False
MULPUH,MULPUH,120 K,COc1cc[n+](O)cc1.O=C1[N-]S(=O)(=O)c2ccccc12,P21/c,False
ESAVIF,ESAVIF,150 K,NS(=O)(=O)c1cc(C(O)=O)c(NCC2=CC=CO2)cc1Cl.NC(=O)c1ccccc1N,C2/c,False
COXYUK,COXYUK,at 123 K,O=C1NC(C(=O)[N-]1)(c1ccccc1)c1ccccc1.C[N+](C)(C)CCO,P21/c,False
BOVWIU,BOVWIU,at 150 K,c1cc(ccn1)C=Cc1ccncc1.OC(=O)c1cc(F)cc(F)c1,P-1,False
NUQYII,NUQYII,at 120 K,OC1(O)C(=O)NC(=O)NC1=O.C1COCCO1,P-1,False
IRAGAL,IRAGAL,296 K,OC(=O)CSCC(=O)[O-].Nc1[nH+]c(N)nc(n1)c1ccc(Br)cc1,P-1,False
ULESUB,ULESUB,295 K,c1cc(ccn1)c1ccncc1.BrN1C(=O)CCC1=O,P21/c,False
UZUFON,UZUFON,120 K,C1N2CN3CN1CN(C2)C3.BrN1C(=O)c2ccccc2C1=O,Pmn21,False
OFUYIZ,OFUYIZ,at 173 K,NC(=O)c1cccnc1.Nc1ccc(C(O)=O)c(O)c1,P21/c,False
BATDUX,BATDUX,at 298 K,Cc1ccc2ccccc2n1.OC(=O)C=CC(O)=O,P21/n,False
PUMFOV,PUMFOV,120 K,OC(=O)C=Cc1ccccc1O.NNC(=O)c1ccncc1,P21/n,False
SETSAN01,SETSAN01,173 K,OC(=O)C=Cc1ccccc1.NNC(=O)c1ccncc1,P21/c,False
AGIVAR,AGIVAR,100 K,COc1cc(cc(OC)c1OC)C=C1N=C(C)N(C)C1=O.Fc1c(F)c(F)c2c(F)c(F)c(F)c(F)c2c1F,P-1,False
OCOQIK,OCOQIK,143 K,O=N(=O)c1cc(c(c(c1)N(=O)=O)S(=O)(=O)[O-])N(=O)=O.FC[S+]=P(c1ccccc1)(c1ccccc1)c1ccccc1,P21/c,False
QUYJEA,QUYJEA,at 297 K,Nc1ccc(cc1)C(O)=O.C(Cc1ccncc1)c1ccncc1,P21/c,False
VEMKON,VEMKON,,CS(=O)(=O)NS(C)(=O)=O.CS(C)=O,P-1,False
PODYEM,PODYEM,,[S-]C#N.C[NH2+]C(C)C(O)c1ccccc1,P212121,False
CAPKEL,CAPKEL,at 296 K,[NH3+]C(C)C(O)=O.O=N(=O)c1cc(c([O-])c(c1)N(=O)=O)N(=O)=O,P21,False
QUFROA,QUFROA,173 K,C1CN2CN3CCN(CN1C3)C2.Cc1cc(O)cc(C)c1Cl,C2/c,False
GEWSUW,GEWSUW,,CC(C)(C)[N+]1=CC=C(O)C1.O=N(=O)c1cc(c([O-])c(c1)N(=O)=O)N(=O)=O,P-1,False
QOYLAR,QOYLAR,at 173 K,Cc1ccncc1.Oc1ccc2ccccc2c1c1c(O)ccc2ccccc12,Pbca,False
EYEJAW,EYEJAW,150 K,O=C1NS(=O)(=O)c2ccccc12.NC(=O)N1c2ccccc2C=Cc2ccccc12,P-1,False
NUJWOF,NUJWOF,at 173 K,Cc1cc2N=CN(Cc3cccc(c3)C#N)c2cc1C.ON=C(C#N)c1ccc(Br)cc1,P-1,False
VAVYUQ,VAVYUQ,293 K,Oc1ccc(Cl)cc1C(=O)[O-].COc1cc(C)[nH+]c(N)n1,P-1,False
VEVFUZ,VEVFUZ,at 295 K,N#CC(C#N)=C1C=CC(C=C1)=C(C#N)C#N.CC1=NN(c2ccccc2)C(=C1C(=O)c1ccccc1)O,P-1,False
YERXUP,YERXUP,at 298 K,OC1=C(Cl)C(=O)C(=C(Cl)C1=O)[O-].OC(=O)c1cc[nH+]cc1,P21/n,False
JOJJOH,JOJJOH,,O=C([O-])c1c(cc(cc1N(=O)=O)N(=O)=O)N(=O)=O.[NH3+]c1ccc(cc1)C(O)=O,Pbcn,False
AKOBUZ,AKOBUZ,150 K,Cc1ccnc(NS(=O)(=O)c2ccc(N)cc2)n1.C1CCOC1,P21/c,False
MENQUV,MENQUV,100 K,Nc1ccc(Cl)cn1.Cc1ccccc1C(O)=O,P21/c,False
VEGHOH,VEGHOH,291.8 K,NNC(=O)c1ccncc1.OC(=O)c1cc(C(O)=O)c(cc1C(O)=O)C(O)=O,Ia,False
WOBQEM,WOBQEM,100 K,Oc1cc(cc(O)c1O)C(=O)[O-].[NH3+]C(CC1=C[NH+]=CN1)C(=O)[O-],P21,False
ZAQRIW,ZAQRIW,193 K,OC=O.c1ccc(nc1)c1ccccn1,Pbc21,False
KAXSOT,KAXSOT,at 293 K,NC(=O)c1ccncc1.COc1ccc2cccc(CCNC(C)=O)c2c1,P212121,False
RACBED,RACBED,at 298 K,Oc1c[nH+]ccc1.Oc1ccc(O)c(c1)C(=O)[O-],P21/c,False
UMIQIR,UMIQIR,at 100 K,OC1=C(Cl)C(=O)C(=C(Cl)C1=O)O.Cc1cnc(C)cn1,P-1,False
KUQXAY,KUQXAY,299.8 K,BrC1=C(Br)C(=O)C(=C(C#N)C1=O)C#N.S1c2ccccc2c2ccccc12,Pn,False
NORTAS,NORTAS,296 K,c1ccc2nc3ccccc3nc2c1.Oc1ccccc1O,P-1,False
HOLWAI,HOLWAI,at 296 K,CN1C=NC2=C1C(=O)N(C)C(=O)N2C.CC(=CC(O)=O)C(O)=O,Pbca,False
WUVXEQ,WUVXEQ,at 273 K,O=C(NC(=S)NNC(=S)NC(=O)c1ccccc1)c1ccccc1.CS(C)=O,P21/n,False
IRAMEV01,IRAMEV01,293 K,OC(=O)CCC(O)=O.COc1cccc(C=Nc2cccnc2)c1O,I2/a,False
IFEFOR,IFEFOR,173 K,CN1N(C(=O)C(=C1C)NC(C)=O)c1ccccc1.OC(=O)c1ccccc1O,P-1,False
KENCIS,KENCIS,120 K,OB(O)O.O=C1CCCCCN1,P21/n,False
QADCAB,QADCAB,at 133 K,Fc1ccc(cc1)S(=O)(=O)[N-]S(=O)(=O)c1ccc(F)cc1.C[N+](C)=C(N)O,P21/c,False
BACQOO,BACQOO,99.3 K,O1C(=CN=C1c1ccccc1)c1ccccc1.OC1=C(Cl)C(=O)C(=C(Cl)C1=O)O,P21/c,False
WUXYAQ,WUXYAQ,at 296 K,OC(C(O)C(=O)Nc1c[nH+]ccc1)C(=O)Nc1c[nH+]ccc1.OC(=O)c1cc(C(=O)[O-])c(cc1C(=O)[O-])C(O)=O,P21,False
HOGLIB,HOGLIB,298.1 K,c1cc(ccn1)C=Cc1ccncc1.Oc1c(Br)cc(Br)cc1Br,P21/n,False
GUNWIX,GUNWIX,180 K,OC1=CC(=O)c2ccccc2C1=O.c1cc(ccn1)c1ccncc1,P21/n,False
LEWQUB,LEWQUB,298 K,CC1(C)C2CCC1(CS(=O)(=O)[O-])C(=O)C2.[NH3+]C(C(O)c1ccccc1)c1ccccc1,P21,False
JUVNUM,JUVNUM,130 K,CC([NH2+]CCOc1c(C)cccc1C)CO.O=C([O-])c1ccccn1,P41212,False
LONRIP,LONRIP,at 173 K,CS(=O)(=O)[N-]S(C)(=O)=O.NC1=[NH+]C=CS1,Pbcn,False
REJZUC,REJZUC,at 90 K,[NH3+]C(CC1=CNC=[NH+]1)C(=O)[O-].OC(CC(O)=O)C(=O)[O-],P212121,False
LIPZOA,LIPZOA,at 293 K,[NH2+]1CCOCC1.O=N(=O)c1ccc([O-])c(c1)N(=O)=O,P-1,False
BILKEO,BILKEO,at 120 K,[NH3+]CCSSCC[NH3+].OC(C(O)C(=O)[O-])C(=O)[O-],P212121,False
PEZKIQ01,PEZKIQ01,100 K,CC(=O)[O-].Nc1[nH+]nc(c(N)n1)c1cccc(Cl)c1Cl,P-1,False
FANFOT,FANFOT,120 K,[NH3+]c1ccc(Cl)cc1.O=N(=O)c1cc(c([O-])c(c1)N(=O)=O)N(=O)=O,P21/c,False
OYUHAU,OYUHAU,293 K,OC(C(O)C(=O)[O-])C(O)=O.[NH3+]CCCC(O)=O,P21,False
SIDJIA,SIDJIA,at 100 K,NC(N)=O.C1COCCN1,Pbcm,False
LATJAT,LATJAT,at 150 K,OC(=O)CCC(O)=O.c1ccc(nc1)c1ccccn1,P21/c,False
OHEHIV,OHEHIV,150.0 K,FC(F)(F)C(=O)[O-].Oc1c[nH+]ccc1,P-1,False
AXAKOA,AXAKOA,at 293 K,C[NH+](Cc1cc(Br)cc(Br)c1N)C1CCCCC1.Cc1ccc(cc1)S(=O)(=O)[O-],P21/c,False
UPEMAE,UPEMAE,at 153 K,FC(F)(F)S(=O)(=O)[O-].CC(C)N1C(=C(C)[N+](=C1P(N=[N+]=[N-])N=[N+]=[N-])C(C)C)C,P21/c,False
UFIRAG,UFIRAG,102 K,OCC(CO)(CO)CNC(=O)[O-].[NH3+]CC(CO)(CO)CO,P21/c,False
JISZAM,JISZAM,,COc1cccc2C(C)[N+](C)(C)C(O)c12.O=C([O-])c1cc(cc(c1)N(=O)=O)N(=O)=O,P21/n,False
XUBVEW,XUBVEW,at 293 K,OC(=O)CCC(O)=O.S(Sc1ccccn1)c1ccccn1,C2/c,False
ERELIZ,ERELIZ,293 K,NC(N)=S.COC(=O)C=Cc1ccncc1,P21/c,False
TIKPAF,TIKPAF,at 298 K,Nc1ccc(cc1)c1ccc(N)cc1.O=S(c1ccccc1)c1ccccc1,C2/c,False
RASSUZ,RASSUZ,,COc1cc(Cc2cnc(N)nc2N)cc(OC)c1OC.Cc1cc(C)nc(NS(=O)(=O)c2ccc(N)cc2)n1,P-1,False
CAYZAE,CAYZAE,at 213 K,FC(F)(F)S(=O)(=O)[O-].CC(C)(C)C(=O)CN1[P+]OC(=C1)C(C)(C)C,P21/n,False
GEFDOO,GEFDOO,298 K,CC1=CNC(=[NH2+])S1.Clc1ccc(cc1)S(=O)(=O)[O-],Pbca,False
KADFUR,KADFUR,at 293 K,COc1cc(Cc2c[nH+]c(N)nc2N)cc(OC)c1OC.CC=CC=CC(=O)[O-],P-1,False
RESHAZ,RESHAZ,at 180 K,OC(=O)CCC(O)=O.Cc1ccncc1C,P21/c,False
XAFTEG,XAFTEG,200 K,[NH2+]1CCOCC1.Nc1cc(ccc1C(=O)[O-])N(=O)=O,P21/n,False
BPAMAL,BPAMAL,,OC(=O)C=CC(=O)[O-].C[NH+](C)CCC(c1ccc(Br)cc1)c1ccccn1,P21/c,False
NIJHEV,NIJHEV,296 K,Nc1nc(N)nc(n1)c1ccccc1.OC(=O)CCCCC(O)=O,C2/c,False
SAYQAM,SAYQAM,at 100 K,OC(=O)c1cccc(O)c1.O=C(NN=C1CCCCCC1)c1ccncc1,P21/n,False
XOBCAT,XOBCAT,at 173 K,OC(=O)c1ccccc1O.CN1C=NC2=C1C(=O)N(C)C(=O)N2C,P21/n,False
MAMCAF,MAMCAF,at 200 K,c1ccccc1.CCOC1=CC(=O)C(N1)=C(Br)c1ccccc1,P21/c,False
NUQKOB,NUQKOB,150 K,Cc1c(O)cccc1O.c1ccc(cc1)c1ccncc1,Pbca,False
CENLIT,CENLIT,298 K,OC(=O)c1cc(O)cc(O)c1.c1ccc2nc3ccccc3cc2c1,P21/c,False
KICWEA01,KICWEA01,300 K,CCc1[nH+]c(N)nc(N)c1c1ccc(Cl)cc1.O=C1[N-]S(=O)(=O)c2ccccc12,P21/c,False
IFEGAE,IFEGAE,173 K,CN1N(c2ccccc2)C(=O)C(=C1C)N.Nc1ccccc1C(O)=O,Pbca,False
PEKTAC,PEKTAC,at 295 K,OC(=O)c1cc(O)ccc1O.N#Cc1ccncc1,Cc,False
WOVYOV,WOVYOV,,[NH3+]CC(O)=O.OC(=O)C(=O)[O-],P21/c,False
HOVFEF,HOVFEF,150 K,CC(c1ncncc1F)C(O)(C[N+]1=CNC=N1)c1ccc(F)cc1F.OC(=O)C(=O)[O-],P21,False
LEZNAG,LEZNAG,at 122 K,OC(C(O)C(=O)[O-])C(O)=O.C[NH+](C)C1CCCC1COC(=O)N(C)C,P22121,False
TEJWAG,TEJWAG,,OCC(=O)[O-].[NH3+]C(CC1=C[NH+]=CN1)C(=O)[O-],P212121,False
QAFSAU,QAFSAU,298 K,OC(=O)c1cc(O)cc(O)c1.CN(C)c1ccc(C=O)cc1,P-1,False
GAVHER,GAVHER,at 150 K,NC(=O)c1ccncc1.NC=O,P21/c,False
CALWEV,CALWEV,150 K,CC(=O)NC(CC1=CNc2ccccc12)C(=O)[O-].[NH3+]C(C(N)=O)c1ccccc1,P212121,False
DICKIJ,DICKIJ,,C(N1C=[NH+]C=C1)c1cc2ccccc2c2SC=Cc12.CS(=O)(=O)[O-],P21/n,False
PUMGAI,PUMGAI,120 K,NNC(=O)c1ccncc1.OC(=O)C=Cc1ccc(O)cc1O,P-1,False
OCIPOG,OCIPOG,at 100 K,OC(=O)C(O)=O.NC(=O)c1ccc(CN2C=CC=N2)cc1,P21/n,False
TOJNOY,TOJNOY,295 K,CC1(C)C(CCC1(C)C(O)=O)C(=O)[O-].[NH3+]C(C(N)=O)c1ccccc1,P212121,False
JILXOU,JILXOU,173 K,OC(=O)c1cccc(O)c1.O=C(NN=C(c1ccccc1)c1ccccc1)c1ccncc1,P-1,False
XEDROR,XEDROR,150.2 K,COc1cc(O)cc(O)c1.S1C(=Nc2ccccc12)C=Cc1ccccc1,P21/c,False
NEZCAY,NEZCAY,at 100 K,CN(C)C=C1c2ccccc2C(=C(C=[N+](C)C)S1(=O)=O)Cl.ClP(Cl)(=O)[O-],P21/c,False
BEQWAV,BEQWAV,at 100.0 K,c1cc(ccn1)c1ccncc1.OC(=O)c1cc(O)cc(O)c1,P-1,False
NOLCAV,NOLCAV,100.2 K,NS(=O)(=O)c1cc2c(NCNS2(=O)=O)cc1Cl.O=C1CCCCN1,P-1,False
NUKZOJ,NUKZOJ,at 180 K,OC(=O)CCCCCCCCC(O)=O.NC(=O)c1cccnc1,P-1,False
GUHMAX,GUHMAX,at 180 K,[NH2+]1CCOCC1.S=P([S-])(N1CCOCC1)N1CCOCC1,P-1,False
GUDTOQ,GUDTOQ,at 130 K,OC(=O)CCCC(O)=O.c1cnccn1,P21/c,False
GEFGEH,GEFGEH,298 K,CC1=CNC(=[NH2+])S1.Clc1ccc(C(=O)[O-])c(c1)N(=O)=O,P-1,False
EFOMOB,EFOMOB,at 293 K,CNC(O)=[NH+]C.O=N(=O)c1cc(c([O-])c(c1)N(=O)=O)N(=O)=O,P-1,False
KECJAG,KECJAG,150 K,Cc1ccncc1.BrN1C(=O)c2ccccc2S1(=O)=O,P-1,False
SEFCIT,SEFCIT,150 K,FC(F)(F)C(=O)[O-].COC(=O)C1=C(ON=C1)C1[NH2+]CCCC1,P21,False
EBONUG,EBONUG,at 100 K,Nc1ccccc1C(O)=O.NC(=O)c1cnccn1,P-1,False
USAKOP,USAKOP,at 273 K,OB(O)c1ccc(O)cc1.c1ccc2nc3ccccc3nc2c1,P21/n,False
VAGVIJ,VAGVIJ,at 123 K,OC(=O)C=CC(=O)[O-].[NH3+]C(Cc1ccccc1)C(O)=O,P21/n,False
OHIQUS,OHIQUS,at 100 K,N#Cc1cc(C#N)c(cc1C#N)C#N.COc1cc(OC)c(OC)c(OC)c1,P-1,False
LUNZUP,LUNZUP,at 180 K,CCCCCCCCCC(O)=O.c1cnccn1,P-1,False
BUBWIF,BUBWIF,at 108 K,Nc1ccc[nH+]c1Cl.OC1=C([O-])C(=O)C1=O,P-1,False
YECXEN,YECXEN,298 K,NC1=[NH+]C(=O)NC=C1.CN1C(=O)N(C)C2=C(N(CC(=O)[O-])C=N2)C1=O,P21/c,False
JELVAA,JELVAA,123 K,c1ccc2cc3ccccc3cc2c1.OC(=O)c1cc(Br)c(C#N)c(Br)c1,P-1,False
CAFBAR20,CAFBAR20,,CN1C=NC2=C1C(=O)N(C)C(=O)N2C.CCC1(CC)C(=O)NC(=O)NC1=O,P-1,False
MAHKEN,MAHKEN,at 293 K,COc1cc(C=O)ccc1O.c1ccc2nc3ccccc3cc2c1,Pnma,False
JEDZOL,JEDZOL,298 K,O=C1CCC(=O)N1.CC1=CC(=NO1)NS(=O)(=O)c1ccc(N)cc1,P21/c,False
UFIFAQ01,UFIFAQ01,at 295.1 K,c1ccccc1.Oc1cc(O)cc(c1)c1c2ccccc2nc2ccccc12,P21/n,False
IYUNOF,IYUNOF,at 160 K,c1ccncc1.OC(=O)c1ccc(cc1)C(O)=O,P21/n,False
QARGUO,QARGUO,120 K,OC(=O)CC(O)=O.CC(N)=O,P21/c,False
XUVXER,XUVXER,at 200 K,[NH3+]Cc1ccc(F)cc1.O=C[O-],P21/c,False
HUQWUN,HUQWUN,123 K,[NH2+]=C(O)N1c2ccccc2C=Cc2ccccc12.O=S(=O)([O-])c1ccccc1,P21/c,False
XUVTOY,XUVTOY,at 120 K,OC(=O)c1ccccc1O.COc1ccc(cc1)C1=NN2C=C(C)N=C2S1,P21/n,False
ATOLOL,ATOLOL,at 300 K,[NH3+]CC(O)c1ccc(O)cc1.OC1=C([O-])C(=O)C1=O,P21/n,False
MOYLIW,MOYLIW,at 100 K,c1cc(ccn1)c1ccncc1.OB(O)c1cccc(c1)B(O)O,C2/c,False
XAZWAX,XAZWAX,at 174 K,Oc1c(Cl)cc(cc1Cl)C#N.c1ccccc1,P-1,False
HAYVOT,HAYVOT,at 295 K,Nc1ccc(cc1)C1=Nc2cc3N=C(Oc3cc2O1)c1ccc(N)cc1.CN1CCCC1=O,P-1,False
CEQDEL,CEQDEL,295 K,OC(=O)c1cc(O)cc(O)c1.OC(CN1C=NC=N1)(CN1C=NC=N1)c1ccc(F)cc1F,P21/n,False
DOTGOJ,DOTGOJ,at 298 K,O=C1NN=C([O-])C=C1.NC1=[NH+]C(=O)NC=C1,P-1,False
LANXOP,LANXOP,at 200 K,OC(=O)C1CCCCC1C(=O)[O-].NC(=O)C1CC[NH2+]CC1,P21/c,False
XAGXIQ,XAGXIQ,296 K,Clc1ccccc1C(=O)[O-].COc1ccccc1N1CC[NH2+]CC1,P21/c,False
IFEFIL,IFEFIL,173 K,[NH3+]C1=C(C)N(C)N(c2ccccc2)C1=O.OC(=O)c1cccc(c1C(=O)[O-])N(=O)=O,P212121,False
EMUROU,EMUROU,at 293 K,O=N(=O)c1ccc([O-])cc1.[NH3+]C(CC1=C[NH+]=CN1)C(=O)[O-],P21,False
FUSCIH01,FUSCIH01,100.0 K,Brc1c2ccccc2cc2ccccc12.C=CCN1C(=O)C2=C(SC3=C(S2)C(=O)N(CC=C)C3=O)C1=O,P-1,False
SAVZUO,SAVZUO,100 K,OC(=O)c1cc(O)c(O)c(O)c1.c1cnccn1,P-1,False
BUNHID,BUNHID,200 K,c1cc(ccn1)C=Cc1ccncc1.ON=Cc1c(F)c(F)c(Br)c(F)c1F,P-1,False
POHZAN,POHZAN,,CN1Cc2ccccc2c2[n+](C)cccc2C1=O.CC1(C)C2CCC1(CS(=O)(=O)[O-])C(=O)C2,P21,False
HOGFEQ,HOGFEQ,at 100 K,OC(=O)c1ccccc1O.NC(=O)c1ccccn1,P21/c,False
KAQBAF,KAQBAF,,COC(C(=O)[O-])(c1ccccc1)C(F)(F)F.[NH3+]C1C(O)Cc2ccccc12,P21,False
LEKRIC,LEKRIC,,CC(=O)NC(CO)C(=O)[O-].C[N+](C)(C)CCO,P212121,False
DUSCOK,DUSCOK,at 200 K,Oc1c(cc(cc1N(=O)=O)N(=O)=O)C(=O)[O-].O=N(=O)c1ccc(Cc2[nH+]cccc2)c(c1)N(=O)=O,P21/c,False
AKIBOM,AKIBOM,at 300 K,O=P(c1ccccc1)(c1ccccc1)c1ccccc1.NC(=S)c1ccccc1,P-1,False
CUXZOM,CUXZOM,298 K,[NH3+]C(C)(CO)CO.Oc1ccc(cc1C(=O)[O-])c1ccc(F)cc1F,P21/c,False
SMZTMP01,SMZTMP01,,COc1cc(Cc2c[nH+]c(N)nc2N)cc(OC)c1OC.CC1=CC(=NO1)[N-]S(=O)(=O)c1ccc(N)cc1,Pbca,False
KOKHAV,KOKHAV,at 120 K,CS(=O)(=O)N1CCN(CC1)c1[nH+]cccn1.CS(=O)(=O)[O-],P21/c,False
IYUVAA,IYUVAA,at 298 K,c1cc(ccn1)C=Cc1ccncc1.Oc1cc(O)cc(c1)C#N,P-1,False
EDUYUZ,EDUYUZ,at 100 K,CCOC(=O)[O-].NC(=[NH2+])N1CCOCC1,P21/n,False
YEXFUD,YEXFUD,at 273 K,OC(=O)c1ccccc1C(=O)[O-].Nc1[nH+]nc(c(N)n1)c1cccc(Cl)c1Cl,P-1,False
PYMCBZ01,PYMCBZ01,at 90 K,[2H][N+]1([2H])CCCC1.Clc1ccc(cc1)C(=O)[O-],Pbca,False
DOKKIX,DOKKIX,,Cc1cc2CCC[n+]2cc1c1ccc(O)cc1.O=N(=O)c1cc(c([O-])c(c1)N(=O)=O)N(=O)=O,P21/n,False
TECCIQ,TECCIQ,93 K,CO[n+]1c(C)cccc1C.COS(=O)(=O)[O-],P21/n,False
XIBDUJ,XIBDUJ,at 295 K,NC(=[NH2+])NC(N)=S.Oc1ccc(cc1)C(=O)[O-],P21/c,False
YIFXOB,YIFXOB,at 299 K,OC(=O)c1cc(ccc1O)S(=O)(=O)[O-].NNC(=O)c1cc[nH+]cc1,Pbca,False
KOMTUC,KOMTUC,at 90.0 K,[NH2+]1CCOCC1.O=N(=O)c1cc(c([O-])c(c1)N(=O)=O)N(=O)=O,P-1,False
QOYKOE,QOYKOE,at 173 K,Oc1ccc2ccccc2c1c1c(O)ccc2ccccc12.Cc1ccccn1,C2/c,False
UYIKUK,UYIKUK,150 K,COC(=O)c1cccc2cccc([NH+](C)C)c12.FC(F)(F)S(=O)(=O)[O-],Pbca,False
YAJGOI,YAJGOI,150 K,O=S1(=O)NC(=S)c2ccccc12.NC(=O)c1ccccc1F,P21/c,False
LIDNUK,LIDNUK,296 K,OC(=O)c1cccc(c1)C#N.NC(=O)c1ccc(O)cc1,P21/c,False
GEDLOR,GEDLOR,at 173 K,FC(F)(F)S(=O)(=O)[O-].CN1C=C[N+](=C1N(=O)=O)C,P21/c,False
BIFFED,BIFFED,at 173 K,c1cc(ccn1)c1ccncc1.CN(c1cccc(c1)C(O)=O)C(=O)N(C)c1cccc(c1)C(O)=O,P21/c,False
CIXMIH,CIXMIH,at 298 K,OC(=O)CC(=O)[O-].[NH2+]=C1Nc2ccc(Br)cc2S1,P21/c,False
YEFDOE,YEFDOE,at 298 K,CC1(C)[NH2+]C(C)(C)CN(O)C1.O=N(=O)c1cc(c([O-])c(c1)N(=O)=O)N(=O)=O,P21/c,False
PUNXOM,PUNXOM,at 103 K,[NH3+]C(C)c1ccc(Br)cc1.CCOP([O-])(=S)c1ccc(Cl)cc1,P43212,False
IVULER,IVULER,at 120 K,C[NH+](C)C(C)C(O)c1ccccc1.Fc1cccc(c1)C(=O)[O-],P21,False
ONAPOJ,ONAPOJ,at 293 K,CC1=C(O)C(=O)C=CN1c1ccc(N)cc1.CCOC(C)=O,C2/c,False
YOVMEE,YOVMEE,293 K,OC(=O)C=CC(O)=O.CN(C)C1=C(C)N(C)N(c2ccccc2)C1=O,P-1,False
RAMKOJ,RAMKOJ,293 K,OC(=O)COc1ccc(Cl)cc1Cl.NC(=O)c1cnccn1,P21/n,False
GANYEA,GANYEA,at 180 K,CN1C=NC2=C1C(=O)N(C)C(=O)N2C.OC(=O)C=CC(O)=O,P21/n,False
HONTOU,HONTOU,at 100 K,OC(=O)c1cccc(O)c1.c1ccc(cc1)c1ccncc1,P21/n,False
MAMPUM02,MAMPUM02,at 170 K,c1ccc2nc3ccccc3nc2c1.OC1=C(Cl)C(=O)C(=C(Cl)C1=O)O,P21,False
ROMLOV,ROMLOV,at 293 K,C[N+](C)=Cc1ccc(O)cc1O.ClP(Cl)(=O)[O-],P-1,False
NIWQOC,NIWQOC,293 K,N#Cc1cc(C#N)c(cc1C#N)C#N.CC(=O)c1cc2ccccc2c2ccccc12,P21/n,False
EXANUN,EXANUN,at 100 K,OC(=O)c1ccc2ccccc2c1O.Cc1cc(C)nc(NS(=O)(=O)c2ccc(N)cc2)n1,P-1,False
OFEPUK,OFEPUK,at 173 K,Cc1cccc(N)c1C.Oc1ccc(cc1)C1(CCCCC1)c1ccc(O)cc1,P-1,False
WUVKEE,WUVKEE,at 100 K,Nc1nnc(c(N)n1)c1cccc(Cl)c1Cl.COC(=O)c1ccc(O)cc1,P21/n,False
MEBHAD,MEBHAD,at 294 K,CN(C)C=O.COc1ccc(cc1)c1c(C#N)c(N)nc(N)c1C#N,P-1,False
EPUPUB,EPUPUB,at 150 K,c1cc(ccn1)c1ccncc1.OC(=O)c1ccc(O)cc1,P21/c,False
SECWEE,SECWEE,at 293 K,Nc1[nH+]cc(Cl)cc1.Nc1ccc(cc1)C(=O)[O-],P21/n,False
UQEJAE,UQEJAE,100 K,OC(C(=O)[O-])c1ccccc1.[NH3+]NC(=O)c1ccncc1,P21/c,False
EWAMUL,EWAMUL,at 150 K,N#Cc1cc(C#N)c(cc1C#N)C#N.Cc1cc(O)cc(O)c1,P21/n,False
POHFAU,POHFAU,at 293 K,ClCC(=O)[O-].OC(=O)C1CC[NH2+]CC1,Pna21,False
MIJDIU,MIJDIU,at 298 K,CS(=O)(=O)[O-].COC(=O)NC1=[NH+]c2cc(ccc2N1)C(=O)c1ccccc1,P-1,False
LIGNUN,LIGNUN,293 K,NC1=[NH+]c2ccccc2S1.O=C([O-])C1=CC=CO1,P21/c,False
ROQYED,ROQYED,at 120 K,c1cc(ccn1)c1ccncc1.NC(=O)CCC(O)=O,P-1,False
NUTSOK,NUTSOK,,CS(C)=O.COc1c(ccc2ccccc12)C=C1SC(=S)N(CC(O)=O)C1=O,C2/c,False
MUPPES02,MUPPES02,at 123 K,CC(=O)Nc1ccc(O)cc1.C1COCCO1,P21/c,False
TEKKID,TEKKID,,c1cc(ccn1)c1ccncc1.Oc1ccc(cc1)C(=O)c1ccc(O)cc1,C2/c,False
VILSEP,VILSEP,at 173 K,OC(=O)c1ccc(O)cc1.C(N1C=CN=C1c1ccccc1)c1ccncc1,P-1,False
ULAJAV,ULAJAV,293 K,c1ccc(nc1)c1ccccn1.Oc1ccc(Cl)c(O)c1,Pna21,False
EYOMAH,EYOMAH,at 93 K,C1CN2CCN1CC2.CCCC(O)(C(F)(F)F)C(F)(F)F,P21/n,False
FECZES,FECZES,,OC(C(O)C(=O)[O-])C(=O)[O-].[NH3+]C1CCC2=C(C1)SC(=[NH+]2)N,P212121,False
WOKXIF,WOKXIF,294 K,Nc1[nH+]nc(c(N)n1)c1cccc(Cl)c1Cl.Oc1ccc(O)c(c1)C(=O)[O-],P-1,False
NAWZAQ,NAWZAQ,293 K,[NH3+]Cc1ccccc1O.O=C([O-])c1ccccc1N(=O)=O,P21/c,False
QIRRAM,QIRRAM,at 295 K,OC(=O)c1cc(ccc1O)S(=O)(=O)[O-].NC(=[NH2+])O,P-1,False
JUWHUG,JUWHUG,296 K,OC(=O)C=CC(O)=O.ON=Cc1ccnc2ccccc12,P21/n,False
HOQGIF,HOQGIF,at 150 K,OC(=O)CCC(O)=O.NC1=NN=CS1,P21/c,False
TORZOS,TORZOS,150 K,Oc1cccc(O)c1.c1cc(ccn1)c1ccncc1,P21,False
CEHBAU,CEHBAU,at 295 K,[NH3+]c1ccc(cc1)N(=O)=O.Cc1ccc(cc1)S(=O)(=O)[O-],P21/n,False
BURWAP,BURWAP,100 K,FC(F)(F)S(=O)(=O)[O-].C[N+](C)=CO,Pna21,False
UPEDEA,UPEDEA,296 K,Nc1[nH+]c(nc(N)n1)c1ccc(Br)cc1.OC(=O)CC(=O)[O-],P21/n,False
FEYTOV,FEYTOV,100 K,Fc1c(F)c(F)c(F)c(F)c1F.O=C(Nc1cccc(c1)C#C)c1ccccc1,P21/c,False
HEGHEJ,HEGHEJ,296 K,OC(=O)CCN1C(=O)c2ccccc2C1=O.c1ccc(nc1)c1ccccn1,P21/n,False
JOXFOU,JOXFOU,123 K,NC1=C(SC(=NN=C(C#N)C#N)N1c1ccccc1)C#N.C1COCCO1,P21/n,False
ZOCRAM,ZOCRAM,at 98 K,c1cc(ccn1)c1ccncc1.Cc1cc(C)nc(NS(=O)(=O)c2ccc(N)cc2)n1,P-1,False
QAKDIR,QAKDIR,at 200 K,Oc1ccc(cc1C(=O)[O-])N(=O)=O.NC(=O)C1CC[NH2+]CC1,P21/n,False
TAZKAJ,TAZKAJ,293 K,c1cnc2c(c1)ccc1cccnc21.OB(O)c1c(F)cccc1F,P21/n,False
HIVPIL,HIVPIL,,Nc1cc(N)c2SSSc3cc(SSSc1c2)c(N)cc3N.CN(C)C=O,P212121,False
LOTGOQ,LOTGOQ,,OC(=O)c1ccc2ccccc2c1c1c(ccc2ccccc12)C(O)=O.CN(C)C=O,C2/c,False
MEDFOS,MEDFOS,at 120 K,OC(=O)C=CC(=O)[O-].[NH3+]CCc1ccc(O)cc1,P21/c,False
TUPTUU01,TUPTUU01,at 293 K,Nc1[nH+]cc(Cl)cc1.Oc1ccccc1C(=O)[O-],P21/n,False
XAZSID,XAZSID,293 K,NC(N)=S.OC(=O)CCCC(O)=O,Pc21n,False
HAGGUU,HAGGUU,296 K,NC(N)=O.c1ccc(C=Cc2ccccn2)nc1,P21/n,False
TIDFUH,TIDFUH,,CC(C(O)=O)(c1ccccc1)c1ccccc1.c1ccc2nc3ccccc3cc2c1,P21/n,False
CIZYIU,CIZYIU,at 120 K,[NH3+]C(C(O)c1ccccc1)c1ccccc1.O=C([O-])C#Cc1ccccc1,P212121,False
HUHDUK01,HUHDUK01,298 K,OC(=O)c1ccc(O)cc1O.c1cc(ccn1)C=Cc1ccncc1,P1,False
QURWOQ03,QURWOQ03,at 100 K,CCN(CC)C(=O)N1CC[NH+](C)CC1.OC(=O)CC(O)(CC(=O)[O-])C(O)=O,P-1,False
UFEVOT,UFEVOT,150 K,OC(=O)C=CC(O)=O.NC(=O)c1ccc(N)cc1,P21/n,False
ELEGUY01,ELEGUY01,at 293 K,c1cc(ccn1)c1ccncc1.OC(=O)CCC(=O)CCC(O)=O,P21/n,False
GAZSOT,GAZSOT,293 K,OC(=O)C1CCCCC1C(=O)[O-].CC1=C[NH+]=C(N)S1,P21/c,False
FIRHOG,FIRHOG,160.0 K,O=S(=O)([O-])c1ccccc1.C[NH2+]C(C)C(O)c1ccccc1,P21,False
WUTFAV,WUTFAV,100 K,C1N2CN3CN1CN(C2)C3.CC(C)c1ccc(C)c(O)c1,P3,False
SILYIY,SILYIY,200 K,COC(=O)c1ccc(cc1)[N+](C)(C)O.Clc1cccc(c1)C(=O)[O-],P21/c,False
UREXPO11,UREXPO11,at 81 K,NC(N)=O.OO,Pnca,False
DATQEV,DATQEV,at 293 K,c1cc(ccn1)c1ccncc1.Oc1ccc(Cl)cc1Sc1cc(Cl)ccc1O,P21/c,False
INEXIJ,INEXIJ,at 298 K,C(CCN1C=CN=C1)CN1C=CN=C1.OC(=O)CCCCCCCCC(O)=O,P-1,False
EYIFAW,EYIFAW,200 K,NC(=O)c1cccnc1.NC=O,P212121,False
UHADIR,UHADIR,at 120 K,OC(=O)CCCCC(O)=O.O=C1NCCN1,P21/c,False
UFEVEJ,UFEVEJ,150 K,OC(=O)C=CC(O)=O.NC(=O)c1ccc(N)cc1,P-1,False
YAFFUJ,YAFFUJ,150 K,Nc1nc(N)nc(N)n1.OO,P-1,False
OKEXIO,OKEXIO,150 K,Cc1nc(C)c(C)nc1C.Oc1cc(O)c(Cl)cc1Cl,P21/n,False
NINXOZ,NINXOZ,at 98 K,c1cc(ccn1)c1ccncc1.Nc1ccccc1C(O)=O,P21/c,False
NUKYIC,NUKYIC,at 180 K,NC(=O)c1cccnc1.OC(=O)CCCCC(O)=O,P-1,False
LUTXOP,LUTXOP,93 K,c1cc(ccn1)c1ccncc1.CCCOc1ccc(cc1)C(O)=O,P-1,False
BULLAX,BULLAX,293 K,Oc1cccc(O)c1.c1cc(ccn1)N=Nc1ccncc1,P-1,False
UMUXIJ,UMUXIJ,at 123 K,CC1=CC(=[NH+]c2cc(ccc2N1)C(O)=O)C.O=N(=O)c1cc(c([O-])c(c1)N(=O)=O)N(=O)=O,P-1,False
DIRNUP,DIRNUP,at 298 K,O=C1NC(=O)[N-]C(=O)N1.OCC[NH2+]Cc1ccccc1,C2/c,False
LOLSUA,LOLSUA,at 30 K,Oc1c(Cl)c(Cl)c(Cl)c(Cl)c1Cl.Cc1ccccn1,P-1,False
KUQYEB,KUQYEB,at 100 K,c1cc(ccn1)c1ccncc1.OB(O)c1ccc(cc1)B(O)O,P-1,False
XANPOT,XANPOT,at 296 K,O=N(=O)N=C1[N-]N=NN1OCCON1N=N[N-]C1=NN(=O)=O.[NH3+]NC(=O)N[NH3+],P-1,False
PIYFAE,PIYFAE,,CC(C)(C)Nc1nc(N)nc(NC(C)(C)C)n1.O=C1NC(=O)C(C(=O)N1)(c1ccccc1)c1ccccc1,P21/c,False
YIJVIX,YIJVIX,at 113 K,ON=Cc1cc2ccccc2c(c1O)c1c(O)ccc2ccccc12.C1CCOC1,P-1,False
XEQCUT,XEQCUT,at 298 K,Oc1cccc(O)c1.c1cc(ccn1)c1cncnc1,C2/c,False
FOHDIQ,FOHDIQ,at 298 K,OC(=O)CNC(=S)NC(=O)c1ccccc1.CS(C)=O,P21,False
PORNOB,PORNOB,153 K,FC(F)(F)S(=O)(=O)[O-].CC1=[NH+]N(C(=C1)C)c1ccc(Br)cn1,P21/n,False
ASAVUL,ASAVUL,at 296.2 K,ClC1=CC(C(=CC1=C(C#N)C#N)Cl)=C(C#N)C#N.C1COC2=C(O1)SC(S2)=C1SC2=C(OCCO2)S1,P21/n,False
FACXUD,FACXUD,at 123 K,[NH3+]C(C(C)C)C(O)=O.ClC(Cl)(Cl)C(=O)[O-],P-1,False
ZARHUX,ZARHUX,at 297 K,[NH3+]c1ccccc1O.O=C([O-])c1cc(cc(c1)N(=O)=O)N(=O)=O,P21,False
IVUQOG,IVUQOG,at 123 K,Clc1cccc(c1)C(=O)[O-].C[NH+](C)C(C)C(O)c1ccccc1,P212121,False
PARXEM,PARXEM,at 293 K,O=C([O-])c1cccc(c1)N(=O)=O.CCc1[nH+]c(N)nc(N)c1c1ccc(Cl)cc1,P-1,False
MOXYUW,MOXYUW,150 K,OC(C(=O)[O-])c1cccc(Br)c1.[NH3+]C(C(O)c1ccccc1)c1ccccc1,C2,False
VIGDAR01,VIGDAR01,100 K,Cc1ccc(cc1)C1=CC(=NN1c1ccc(cc1)S(N)(=O)=O)C(F)(F)F.NC(=O)c1cccnc1,P21/n,False
EHETOD,EHETOD,293 K,CN1C(=O)C(=O)c2ccccc12.NC1=Nc2ccccc2S1,P-1,False
LEPDAP,LEPDAP,120 K,CCCCC(O)=O.c1cc(ccn1)N=Nc1ccncc1,P-1,False
SLCADC01,SLCADC01,,NC(N)=O.OC(=O)c1ccccc1O,C2/c,False
MIYBAX,MIYBAX,at 123 K,OC(=O)C=CC(=O)[O-].C[NH2+]CC(O)=O,C2/c,False
OFIDIU,OFIDIU,300.1 K,OC(=O)C(=O)[O-].C[NH2+]CCC1=CNc2ccc(O)cc12,Pn,False
GUDTAC,GUDTAC,at 100 K,OC(=O)CC(O)=O.c1cnccn1,P-1,False
QIPMEK,QIPMEK,293 K,O=N(=O)c1cc(c([O-])c(c1)N(=O)=O)N(=O)=O.CCC[P+](C)(C)C,P21/c,False
XOBVOC,XOBVOC,100 K,OC(CC(c1ccccc1Br)S(=O)(=O)[O-])c1ccccc1.CC[N+](CC)(CC)Cc1ccccc1Br,P212121,False
WOTDOB,WOTDOB,110 K,C[n+]1cccc2C=C3N(c4ccccc4C3=O)c12.FC(F)(F)S(=O)(=O)[O-],P-1,False
ZONQIC,ZONQIC,at 153 K,CN(C)P(=O)(N(C)C)N(C)C.NC(=O)CS(=O)(=O)c1ccccc1,P-1,False
ACOMOW,ACOMOW,at 173 K,NC(=O)c1ccncc1.OC(=O)C1CC1,P-1,False
VEJZOC,VEJZOC,300 K,c1cc(ccn1)C=Cc1ccncc1.NS(=O)(=O)c1cc2c(NC=NS2(=O)=O)cc1Cl,P-1,False
SECYEH,SECYEH,295 K,c1ccncc1.BrN1C(=O)CCC1=O,P21/n,False
TAVZOI,TAVZOI,100 K,NC(=O)c1ccncc1.COc1ccc(cc1)C(O)=O,I2/a,False
RERCIE,RERCIE,100 K,Oc1ccccc1C(=O)[O-].NC(N)=[NH+]C1=NC(=CS1)CSCCC(N)=NS(N)(=O)=O,P212121,False
NUMYOM,NUMYOM,304 K,OC(=O)c1ccc(Br)cc1.Fc1c(F)c(F)c(N=Cc2ccncc2)c(F)c1F,P-1,False
AQEJEO,AQEJEO,296 K,OC(=O)c1ccccc1O.NC(=O)c1ccccc1O,Pna21,False
ZITJIX,ZITJIX,at 293 K,CN(C)C=O.CC1=C(C=O)C(=O)NC2(CCCCC2)N1,P21/c,False
ULEFIB,ULEFIB,at 200 K,OC(=O)c1ccccc1C(=O)[O-].NC(=O)C1CC[NH2+]CC1,P-1,False
LORNEM,LORNEM,at 295 K,COc1cc(OC)c2[nH+]c3ccccc3c(Cl)c2c1.FC(F)(F)S(=O)(=O)[O-],P21/c,False
KIHYUW,KIHYUW,at 100 K,Oc1ccc(cc1)c1ccc(O)cc1.N#Cc1cccnc1,P21/c,False
XULMAS,XULMAS,at 110 K,CS(C)=O.CC(=NO)C(C)=NN=C(C)C(C)=NN=C(C)C(C)=NO,P-1,False
ZAQTUG,ZAQTUG,at -100 deg.C,CN(c1ccccc1)C1=NC(=NC1(C)C)C(F)(F)F.NC(=O)C(F)(F)F,P21/n,False
EMIQEZ,EMIQEZ,294 K,OC(=O)CCC#C.C(Cc1ccncc1)c1ccncc1,P-1,False
NIMGOI,NIMGOI,125 K,FC(F)(F)C(=O)[O-].Cc1cccc2C[NH2+]C(C(O)=O)c3cccc(C)c3c12,P212121,False
UMIWET,UMIWET,at 103 K,Nc1cccc(N)n1.CN1B(NC(=O)NC1=O)c1c(C)cc(C)cc1C,P-1,False
QOYJUJ,QOYJUJ,,[NH3+]CCCCC([NH3+])C(=O)[O-].OC(=O)CCCC(=O)[O-],Ia,False
CEWCUC10,CEWCUC10,,O=P(c1ccccc1)(c1ccccc1)c1ccccc1.CC1=C(OS(=O)(=O)N=C1O)c1ccccc1,P21/c,False
NUQLOC,NUQLOC,150 K,Cc1c(O)cccc1O.c1ccc2nccnc2c1,Cc,False
CIMVED,CIMVED,93 K,CCOc1ccccc1C(N)=O.OC(=O)CC(O)=O,P21/c,False
SADTOI,SADTOI,at 180 K,OC1=C(Cl)C(=O)C(=C(Cl)C1=O)O.O=C1CCCCN1,P21/c,False
HIYCAT,HIYCAT,,c1cnc2c(c1)ccc1cccnc21.Oc1ccccc1c1ccccc1O,P21/n,False
ODUSEO,ODUSEO,173 K,FC(F)(F)S(=O)(=O)[O-].CN(C)c1cc[n+](cc1)[Si](C)(C)C,P21/c,False
WANDIZ,WANDIZ,at 293 K,O1C(=NN=C1c1cccnc1)c1cccnc1.OC(=O)c1cc(C(O)=O)c(cc1C(O)=O)C(O)=O,C2/c,False
FOMFET,FOMFET,at 120 K,OC(=O)c1cc(ccc1C(=O)[O-])N(=O)=O.[NH3+]c1ccc(Cl)cc1,C2/c,False
JIQFAT,JIQFAT,296 K,Oc1ccccc1C(=O)[O-].[NH3+]CC1CCC(CC1)C(O)=O,P21/n,False
PEGMOF,PEGMOF,at 294 K,[NH3+]C(CC1=C[NH+]=CN1)C(=O)[O-].O=C([O-])c1ccccc1N(=O)=O,P21,False
ODIHOZ,ODIHOZ,at 100 K,CC1=CC(=O)[N-]S(=O)(=O)O1.C[N+](C)(C)CCO,P21/n,False
MULPAN,MULPAN,123 K,O[n+]1ccc(cc1)c1ccccc1.O=C1[N-]S(=O)(=O)c2ccccc12,P-1,False
VEVZON,VEVZON,150 K,Nc1nc(N)nc(n1)c1ccccn1.CCCCCCCCC(O)=O,P-1,False
KOYWAW,KOYWAW,at 105 K,O=N(=O)c1cc(c([O-])c(c1)N(=O)=O)N(=O)=O.C[N+](C)(C)CCO,P21/n,False
WIVQUN,WIVQUN,at 173 K,[NH3+]Cc1ccc(Cl)cc1.O=C([O-])c1ccccc1,P-1,False
LEWREK,LEWREK,,Nc1ncccn1.OC(=O)COc1ccc(Cl)cc1Cl,P21/n,False
RUKHAH,RUKHAH,at 295 K,NC(=S)NN=Cc1cc[nH+]cc1.FC(F)(F)S(=O)(=O)[O-],P21/c,False
XELJUT,XELJUT,,[NH3+]CCOCC[NH3+].O=C([O-])COCC(=O)[O-],P21/c,False
FIWWIT,FIWWIT,at 296 K,O=C([O-])c1ccc(cc1)N(=O)=O.[NH3+]C(CCCNC(N)=[NH2+])C(=O)[O-],P21,False
XUJNOH,XUJNOH,93 K,[NH3+]C(CO)C(O)C(O)CO.OC(=O)C(=O)[O-],P212121,False
DIDZEX,DIDZEX,at 98 K,Nc1ccccc1C(O)=O.O=C(NCc1ccccn1)C(=O)NCc1ccccn1,P-1,False
XOJNAM,XOJNAM,at 298 K,Cc1cc(C)nc(N)n1.OC(=O)c1cccc(F)c1F,C2/c,False
GANYIE01,GANYIE01,at 293 K,CN1C=NC2=C1C(=O)N(C)C(=O)N2C.OC(=O)C=CC(O)=O,Pc,False
LONRUB,LONRUB,at 143 K,NC1=[NH+]N=CS1.CS(=O)(=O)[N-]S(C)(=O)=O,P-1,False
LOQWUM01,LOQWUM01,293 K,[2H]OC(=O)c1c(F)c(F)c(c(F)c1F)C(=O)[O-].[2H][n+]1ccccc1C,P21/c,False
OTIGAA,OTIGAA,at 293 K,C[N+](C)(C)CCCl.Cc1cc(Cl)ccc1OCC(=O)[O-],P21/c,False
FEYZEQ,FEYZEQ,at 120 K,Cc1ccccc1C.COc1ccc(NS(=O)(=O)c2ccc3ccccc3c2)cc1,P21/c,False
XALCOC,XALCOC,,[NH3+]C(C(O)=O)c1ccccc1.CC1(C)C2CCC1(CS(=O)(=O)[O-])C(=O)C2,P212121,False
VUSMAY,VUSMAY,at 298 K,OC(C(O)C(=O)[O-])C(O)=O.CCOC(=O)C1C[NH2+]CCC1,P212121,False
KOXWEB,KOXWEB,296 K,Nc1[nH+]cc(Cl)cc1.O=C([O-])c1ccccn1,P21/c,False
TOMXIE,TOMXIE,at 110 K,OC(=O)COc1ccc2ccccc2c1.O=C1C(=O)c2cccnc2c2ncccc12,Cc,False
KEKHAK,KEKHAK,at 120 K,O=C([O-])CN1C(=O)c2ccccc2C1=O.Oc1cccc2ccc[nH+]c12,P-1,False
PEFGEO,PEFGEO,at 110 K,OC(=O)c1cc(O)c(O)c(O)c1.CC(N)=O,P21/c,False
EDIXUM,EDIXUM,at 150 K,CN(C)C=O.Cc1cc2NC(=O)c3ccccc3C(=O)Nc2cc1C,P21/n,False
LEFYAY,LEFYAY,at 153 K,CN(C)C=O.Nc1cc(ccc1C(O)=O)C(O)=O,Pn,False
JUWHOA,JUWHOA,296 K,OC(=O)CCC(O)=O.ON=Cc1ccnc2ccccc12,P21/n,False
ODIDEN,ODIDEN,296 K,OC(=O)c1cc(O)cc(O)c1.CCOc1ccccc1C(N)=O,P-1,False
YUPPUX,YUPPUX,183 K,CCN1C=Nc2c(N)ncnc12.OC(=O)CCCC(O)=O,P21/c,False
UKIVAO,UKIVAO,298 K,OC(=O)C1CCCCC1C(=O)[O-].Cc1cccc2SC(=[NH+]c12)N,P21/n,False
UJOGOQ,UJOGOQ,at 200 K,NC(=O)C1CC[NH2+]CC1.O=N(=O)c1cc(c([O-])c(c1)N(=O)=O)N(=O)=O,P21/c,False
GESJIZ,GESJIZ,at 150 K,COc1cccc(c1)B(O)O.CC1=NN=C2CN=C(c3ccccc3)c3cc(Cl)ccc3N12,P21/c,False
XOLLAL,XOLLAL,at 173 K,O=C([O-])c1ccc2ccccc2c1.C[N+](C)(C)CCO,P21/c,False
XUNGIW,XUNGIW,at 180 K,OC(=O)c1cccc(c1)C(O)=O.c1cc(ccn1)c1ccncc1,P2/c,False
PAXNIN,PAXNIN,at 173 K,[NH3+]c1ccc(O)cc1.OC(=O)CC(=O)[O-],P21/c,False
SARQOV,SARQOV,298 K,NS(=O)(=O)c1cc(C(O)=O)c(NCC2=CC=CO2)cc1Cl.CCOc1ccccc1C(N)=O,P21/c,False
EGENOV,EGENOV,at 296 K,NS(=O)(=O)c1cc2c(NCNS2(=O)=O)cc1Cl.c1cc(ccn1)c1ccncc1,P21/n,False
YACYAG,YACYAG,173 K,OC(=O)CCCC(O)=O.N#Cc1ccccn1,P21/c,False
SAXPAK,SAXPAK,at 298 K,NC(=O)c1ccncc1.Cc1ccc(Cl)c(Nc2ccccc2C(O)=O)c1Cl,P21/c,False
GUMVIU,GUMVIU,at 115 K,O=C([O-])c1ccc2ccccc2c1.[NH3+]C1C(O)Cc2ccccc12,P212121,False
ANILER01,ANILER01,110.9 K,Nc1ccc(cc1)S(=O)(=O)Nc1ncccn1.C1COCCO1,P-1,False
YAWKEQ,YAWKEQ,296 K,Cc1ccc(cc1)C1=CC(F)(F)C(=O)Nc2ccccc12.Cc1ccccc1,P21/n,False
ZEJLIM,ZEJLIM,200 K,O=C(Nc1cccnc1)c1ccccc1.OC(=O)c1ccccc1,P21/n,False
VUHFIO,VUHFIO,at 110 K,O=C1NS(=O)(=O)c2ccccc12.CCOc1ccccc1C(N)=O,P-1,False
GALRIU,GALRIU,,C1CN2CCN1CC2.Cc1ccc(O)cc1,C2/c,False
VELWOB,VELWOB,295 K,c1cc(ccn1)c1ccncc1.BrN1C(=O)c2ccccc2C1=O,P21/c,False
HESYAF,HESYAF,,O=C([O-])c1cc(cc(c1)N(=O)=O)N(=O)=O.[NH3+]c1cccc(c1)C(O)=O,P212121,False
OFEGIT,OFEGIT,285 K,OC(=O)c1cc(Cl)ccc1O.NC(=O)N1c2ccccc2C=Cc2ccccc12,P21/n,False
ZEXJOE,ZEXJOE,298 K,OC(=O)c1ccc(O)c(O)c1.Oc1ccc(Br)cc1C=Nc1cccnc1,P-1,False
TUFNUF,TUFNUF,100 K,OC(=O)c1cc(O)ccc1O.CN1C(=C(O)c2ccccc2S1(=O)=O)C(=O)Nc1ccccn1,P21/c,False
KUZJIZ,KUZJIZ,at 100 K,Nc1[nH+]cc(Cl)cc1.OC(=O)c1ccccc1C(=O)[O-],P-1,False
POCBER,POCBER,170.0 K,CCc1nc(N)nc(N)c1c1ccc(Cl)cc1.COc1cc2OC(=O)C=Cc2cc1OC,P21/n,False
FOMDUI,FOMDUI,173 K,CC1=[N+]([O-])ON=C1C=NNC(N)=[NH2+].O=N(=O)C1=NN([O-])N=N1,P21/n,False
YEPKAI,YEPKAI,294 K,OC(=O)C=Cc1ccccc1.NC1=Nc2ccc(OC(F)(F)F)cc2S1,P21/c,False
HANBOO,HANBOO,at 150 K,NC(=O)c1ccncc1.CCC(O)=O,P-1,False
XAQRAJ,XAQRAJ,at 100 K,Nc1ccc(cc1)C(O)=O.NC(=O)N1c2ccccc2C=Cc2ccccc12,C2/c,False
LATNAX,LATNAX,at 293 K,C1COCCO1.NS(=O)(=O)Oc1ccc2C3=C(CCCCC3)C(=O)Oc2c1,P-1,False
PVVAWG01,PVVAWG01,,COc1cnc(NS(=O)(=O)c2ccc(N)cc2)nc1.C1COCCO1,P21/c,False
AFADIU,AFADIU,at 293.2 K,Cc1ccc(cc1)S(=O)(=O)[O-].C[NH2+]C1CNCC1OC,P212121,False
MIPPEK,MIPPEK,150 K,FC(F)(F)S(=O)(=O)[O-].C[N+]1=NN(OCF)c2ccccc12,P21/n,False
MECHAF,MECHAF,at 110 K,OC(=O)Cc1ccccc1.NC(=O)c1ccccc1,P-1,False
FEQXIJ,FEQXIJ,at 198 K,C1N2CN3CN1CN(C2)C3.OC(=O)c1ccc(O)cc1,P21/n,False
WEDLUO,WEDLUO,at 120 K,OC(=O)c1c(F)c(F)c(F)c(F)c1F.Nc1ncc(Br)nc1Br,P21/n,False
HIQGAT,HIQGAT,293 K,OB(O)c1ccc(cc1)C#N.c1cnc2ccc3ncccc3c2c1,P21,False
TOJQUF,TOJQUF,at 100 K,FC(F)(F)S(=O)(=O)[N-]S(=O)(=O)C(F)(F)F.CN1C=C[N+](=C1)CC(O)=O,P-1,False
YETFOV,YETFOV,100 K,CC(C)(C)N1[P+]N(c2ccccc12)C(C)(C)C.FC(F)(F)S(=O)(=O)[O-],Pc,False
KAYGOI,KAYGOI,at 120 K,O=C(Nc1ccccn1)c1ccncc1.OC(=O)CCCCCCCC(O)=O,P-1,False
BALVOZ,BALVOZ,,CCC(C(=O)[O-])c1ccccc1.[NH3+]C(C(O)c1ccccc1)c1ccccc1,P212121,False
ESODUO,ESODUO,173 K,NC(=[NH2+])SCCOC(F)(F)F.FC(F)(F)S(=O)(=O)[O-],P21/c,False
HIFRUN,HIFRUN,293.1 K,OC(=O)c1ccc(O)cc1.Nc1ccncc1,P-1,False
GEHROB,GEHROB,at 293 K,OC(=O)c1cc2ccccc2cc1O.c1cc(ccn1)c1ccncc1,P21/c,False
GAPMAN,GAPMAN,at 293 K,[NH2+]1CCOCC1.OC(C(O)C(=O)[O-])C(O)=O,P212121,False
CASCIJ,CASCIJ,at 293 K,OC(=O)C(=O)[O-].NC1=[NH+]C(=O)NC=C1,P21/c,False
FIFFEG,FIFFEG,at 295 K,[NH2+]1CCOCC1.Oc1ccc(cc1C(=O)[O-])N(=O)=O,Pnma,False
LOCLOF01,LOCLOF01,at 293 K,OC(=O)C(=O)[O-].[NH3+]C(CS)C(O)=O,C2,False
XUPKUO,XUPKUO,at 293 K,C[NH+]1CCC(C(CO)C1)c1ccc(F)cc1.COC(C(=O)[O-])(c1ccccc1)C(F)(F)F,P21,False
GARQIC,GARQIC,100 K,CC(=O)[O-].CC1(C)CC(O)CC2CCC[NH+]12,P212121,False
GIDFUY,GIDFUY,294 K,OC(=O)C=CC(=O)[O-].[NH3+]CC1CCC(CC1)C(O)=O,P21/c,False
TURNOM,TURNOM,163 K,Oc1cc(O)cc(O)c1.CCN(CC)CC(=O)Nc1c(C)cccc1C,P-1,False
VUKPAU,VUKPAU,100 K,Cc1[nH+]cc(CO)c(CO)c1O.O=C([O-])c1ccc(cc1)N(=O)=O,P-1,False
DEYPUW,DEYPUW,173 K,OC(=O)C=Cc1ccccc1.CC(CC(C)(C)O)=NNC(=O)c1ccncc1,P-1,False
CIYPUX,CIYPUX,at 170 K,[NH2+]1CCOCC1.O=N(=O)c1cc(c([O-])c(c1)N(=O)=O)N(=O)=O,C2/c,False
REHTII,REHTII,at 293 K,[NH3+]C(CCC[NH+]=C(N)N)C(=O)[O-].OC(=O)C(=O)[O-],P21,False
WUSMUU,WUSMUU,100 K,CN(C)C=O.CSC1=C(C#N)C(=O)N(NS(=O)(=O)c2ccc(Br)cc2)C(=N1)N,P-1,False
BECPOR,BECPOR,293 K,N#Cc1cc(C#N)c(cc1C#N)C#N.COc1cc(ccc1O)C(O)=O,P-1,False
CUKVEK,CUKVEK,at 150 K,Nc1ccc(C(O)=O)c(O)c1.C1COCCO1,P21/c,False
YOVNAB,YOVNAB,293 K,C[NH+](C)C1=C(C)N(C)N(c2ccccc2)C1=O.O=C1[N-]S(=O)(=O)c2ccccc12,P21/n,False
BUDQEX,BUDQEX,at 293 K,Sc1ccc(CC(=O)[O-])cc1.[NH3+]Cc1ccc(O)cc1,P21/c,False
TARPIO,TARPIO,295 K,NS(=O)(=O)c1cc(C(O)=O)c(NCC2=CC=CO2)cc1Cl.CS(C)=O,P-1,False
FOXPOY,FOXPOY,at 85 K,OC(C(=O)[O-])c1ccccc1.[NH3+]CC1(CCCCC1)CC(O)=O,P-1,False
TEYSIC,TEYSIC,293 K,Cc1ccc(cc1)S(=O)(=O)[O-].[NH3+]c1cc(c(N)cc1Cl)N(=O)=O,P21/c,False
WIJNOS01,WIJNOS01,at 293 K,O=C[O-].[NH3+]C(CCCNC(N)=[NH2+])C(=O)[O-],P212121,False
ULAWAF02,ULAWAF02,at 100 K,NC(=O)c1ccncc1.OC(=O)C(O)=O,P-1,False
CIPTUU,CIPTUU,170 K,FC(F)(F)S(=O)(=O)[O-].C[N+]1=C(SC(F)(F)F)N(C=C1)c1ccccc1,C2/c,False
YECXUD,YECXUD,298 K,OC(=O)c1cc(O)cc(O)c1.CN1C(=O)N(C)C2=C(N(CC(O)=O)C=N2)C1=O,P21/n,False
RUYZAO,RUYZAO,100 K,Cc1ccnc(NS(=O)(=O)c2ccc(N)cc2)n1.CC1=CC(=O)c2ccccc2C1=O,P-1,False
LAJJUF,LAJJUF,295 K,NC(=[NH2+])NC(N)=S.O=C([O-])c1cccc(c1)N(=O)=O,P-1,False
MAVYUF,MAVYUF,at 123 K,[NH3+]C(C)c1ccc(Cl)cc1.O=C([O-])C1COC2OC(=O)CC12,P212121,False
FOVROX,FOVROX,,O=C1CCC(=NN1)c1ccc(cc1)N1C=[NH+]C=C1.OC(=O)C=CC(=O)[O-],P21/c,False
RIQWUM,RIQWUM,298 K,O=S(=O)([O-])c1ccccc1.OC(=O)c1ccc[nH+]c1Nc1cccc(c1)C(F)(F)F,P-1,False
LETBOF,LETBOF,293 K,C[NH2+]C1CCC(c2ccc(Cl)c(Cl)c2)c2ccccc12.CS(=O)(=O)[O-],C2,False
HIQHAU,HIQHAU,293 K,COB(O)c1ccc(cc1)C#N.c1cc(ccn1)N=Nc1ccncc1,P21/c,False
OYUXAK,OYUXAK,295 K,Cc1cccc(C)c1NC(=O)CN1CCCC1=O.OC(=O)c1ccc(O)cc1,P21/n,False
ZAJHAT,ZAJHAT,,Oc1c(cc(cc1N(=O)=O)N(=O)=O)C(=O)[O-].[NH3+]c1ccccc1C(O)=O,P-1,False
ICOVEF,ICOVEF,293 K,OC(=O)c1cc2ccccc2cc1O.NC(N)=O,C2/c,False
YEDCUI,YEDCUI,293 K,O=C([O-])CCN1C(=S)Oc2ccccc12.[NH3+]CCO,P21,False
FARMEU,FARMEU,293 K,Cc1ccc(N)cc1.Cc1ccc(NC(=NO)C(Nc2ccc(C)cc2)=NO)cc1,Pn,False
DUZNOC,DUZNOC,at 294 K,O=C([O-])c1ccncc1.NC1=[NH+]C(=O)NC=C1,P-1,False
AWIHIY,AWIHIY,at 297 K,[NH3+]CC(O)=O.OC(=O)CC(=O)[O-],P21/c,False
LOMHUR,LOMHUR,at 291 K,c1cc(ccn1)c1ccncc1.OC(=O)CNS(=O)(=O)c1ccc(cc1)C(O)=O,Cc,False
YOYLEG,YOYLEG,203 K,OC(Cc1ccccc1)C(=O)[O-].[NH3+]CC(C)c1cccc(Cl)c1,P21,False
FALTET,FALTET,at 110 K,Cc1ccnc(NS(=O)(=O)c2ccc(N)cc2)n1.Cc1cccnc1,P-1,False
QUVPUT,QUVPUT,at 193 K,Cc1ccc(cc1)S(=O)(=O)[O-].[NH3+]C[Si]1(CO)CCCC1,P21/n,False
XICROS,XICROS,at 100 K,Nc1ccc(c(O)c1)C(=O)[O-].NC1=[NH+]C(=O)NC=C1,P21/c,False
JEPYIP,JEPYIP,293 K,CN(C)C(C)=O.Cc1cc(C)nc(NS(=O)(=O)c2ccc(N)cc2)n1,Pna21,False
TRYPTB,TRYPTB,at 121 K,OC(=O)C(=O)[O-].[NH3+]C(CC1=CNc2ccccc12)C(O)=O,P212121,False
UKAYIR,UKAYIR,173 K,CN1C=C([N+](=C1C)C)N(=O)=O.O=N(=O)c1cc(c([O-])c(c1)N(=O)=O)N(=O)=O,P21/n,False
VEDMAT,VEDMAT,at 173 K,[NH3+]C(C)c1ccc(Cl)cc1.O=C1CC2C(OC(C2c2ccccc2)C(=O)[O-])O1,P21,False
LUNNAJ,LUNNAJ,at 203 K,NC(=O)c1ccncc1.OC(=O)CCl,C2/c,False
XOMPUK,XOMPUK,at 180 K,CNC(O)=[NH+]C.OP(F)(=O)[O-],P21/c,False
VIPXOJ,VIPXOJ,at 98 K,C1CN2CCN1CC2.Cc1cc(C)nc(NS(=O)(=O)c2ccc(N)cc2)n1,Pbcn,False
YIRLOB,YIRLOB,at 120 K,COc1cc(OC)nc(N)n1.Nc1ccccc1C(O)=O,P-1,False
PIGHAP,PIGHAP,at 93 K,CN(C)c1cc[n+](CCF)cc1.Cc1ccc(cc1)S(=O)(=O)[O-],P-1,False
CEWQEE,CEWQEE,100 K,[NH3+]CC(CC(C)C)CC(O)=O.OC(C(=O)[O-])c1ccccc1,P21,False
RORMIW,RORMIW,at 133 K,c1cc(ccn1)c1ccncc1.OB(O)c1ccc(Cl)cc1,P21/n,False
FAKJUY,FAKJUY,at 293 K,OC(=O)c1ccc(cc1)C(O)=O.CN1C(=C(O)c2ccccc2S1(=O)=O)C(=O)NC1=NC=C(C)S1,P-1,False
OLOBAS,OLOBAS,at 293 K,CCOC(=O)C1=Cc2ccccc2OC1=O.NC1=Nc2ccccc2S1,Pc,False
QUSLUL,QUSLUL,at 178 K,CS(=O)(=O)[N-]S(C)(=O)=O.O[n+]1ccccc1,P-1,False
EKAWOC,EKAWOC,at 150 K,CCOC12CCC3=[NH+]CCCN3C1CC(=O)C=C2.FC(F)(F)S(=O)(=O)[O-],P21/c,False
HOCJUH,HOCJUH,296 K,OC(=O)C=CC(=O)[O-].C[NH+](C)CCC1=CNc2cccc(OC(C)=O)c12,P21/c,False
KECTAQ,KECTAQ,120 K,OC(=O)CCC(O)=O.O=C(NN=Cc1ccncc1)c1cccnc1,Pbca,False
VOJKIR,VOJKIR,296 K,OC(=O)COc1cccc(c1)C(O)=O.NC(=O)c1ccncc1,P-1,False
LIDNOE,LIDNOE,296 K,OC(=O)c1cccc(c1)C#N.NC(=O)c1ccc(O)cc1,P21/n,False
KIPHOJ,KIPHOJ,100 K,c1cc(ccn1)c1ccncc1.Cc1cc(O)c2C(=O)c3c(O)cc(O)cc3C(=O)c2c1,P-1,False
MIPVOW,MIPVOW,at 293 K,OC(=O)c1cccc(c1)C(O)=O.C1N2CN3CN1CN(C2)C3,P212121,False
UHUFOU,UHUFOU,at 110.2 K,Nc1nc(N)nc(n1)c1ccccc1.OC(=O)CCSc1ccccc1,Cc,False
XAQREN,XAQREN,at 100 K,Nc1ccc(cc1)C(O)=O.NC(=O)N1c2ccccc2C=Cc2ccccc12,P21/n,False
BUQQEK,BUQQEK,at 298 K,[S-]C#N.Brc1ccc(cc1)N=NC1=[NH+]C=CN1,P21/c,False
LOMTIQ,LOMTIQ,at 220 K,NC1=[NH+]c2cc(Cl)ccc2O1.O=C([O-])c1cc(cc(c1)N(=O)=O)N(=O)=O,P21/c,False
GADYUI,GADYUI,173 K,OC(=O)c1cc(ccc1O)S(=O)(=O)[O-].[NH3+]C(CO)(CO)CO,P-1,False
XOJNUG,XOJNUG,at 298 K,Cc1ccc(cc1C)C(O)=O.Cc1cc(C)nc(N)n1,P-1,False
ISIJAW,ISIJAW,at 120 K,NC(=O)c1ccncc1.OC(=O)CCCCCCCC(O)=O,P2/c,False
MOGVUB,MOGVUB,at 173 K,Cc1ccncc1.OC(=O)C=CC(O)=O,P21/c,False
EZIFEZ,EZIFEZ,at 100 K,OC(=O)c1cc(O)cc(O)c1.CC1=NN=C2CN=C(c3ccccc3)c3cc(Cl)ccc3N12,P-1,False
FIMTAW,FIMTAW,,NC(N)=S.CN(C)CCOC(c1ccccc1)c1ccccc1,Cc,False
LIGNOG,LIGNOG,202 K,OC(=O)c1cc(ccc1O)S(=O)(=O)[O-].ClCC[NH+]1CCCCC1,Pbca,False
LOFJOH,LOFJOH,at 100 K,[NH3+]C(C(O)c1ccccc1)c1ccccc1.ClC1=C(Sc2ccccc12)C(=O)[O-],P21,False
GOGFOA,GOGFOA,100 K,OC(=O)Cc1ccccc1Nc1c(Cl)cccc1Cl.C(Cc1ccncc1)c1ccncc1,Pbcn,False
LABJUX,LABJUX,173 K,[NH3+]CC(CC(O)=O)c1ccc(Cl)cc1.O=C([O-])COc1ccccc1,P-1,False
GADGUN,GADGUN,,Oc1c(Cl)c(Cl)c(Cl)c(Cl)c1Cl.Cc1ccncc1,P-1,False
YOZKUW,YOZKUW,298 K,Oc1cc(cc(O)c1O)C(=O)[O-].CN1CC(=O)NC1=[NH2+],P21/c,False
KEBLUC,KEBLUC,130 K,Oc1ccc2ccc(O)cc2c1.NNC(=O)c1ccncc1,P-1,False
WADMOG,WADMOG,213.1 K,[NH3+]Cc1ccc(Cl)cc1.BrCCCCCCC(=O)[O-],P-1,False
WINXAW,WINXAW,293 K,O=C1[N-]S(=O)(=O)c2ccccc12.Nc1[nH+]cccc1O,Cc,False
KUQXIG,KUQXIG,299.8 K,S1c2ccccc2c2ccccc12.ClC1=C(Cl)C(=O)C(=C(C#N)C1=O)C#N,Pn,False
MEDCOP,MEDCOP,at 123 K,Oc1cccc(c1)C(=O)[O-].[NH3+]CCc1ccc(O)cc1,P-1,False
DIFNUC,DIFNUC,at 187 K,c1cc2cccc(c3ccncc3)c2c(c1)c1ccncc1.OC(=O)C=CC(O)=O,P21/c,False
UMININ,UMININ,at 293 K,OC(=O)C=CC(O)=O.c1cc(ccn1)N=Nc1ccncc1,P-1,False
HURMUC,HURMUC,at 100 K,Clc1cccc(c1)C(=O)[O-].COc1cc(Cc2c[nH+]c(N)nc2N)cc(OC)c1OC,P-1,False
WIVDUA03,WIVDUA03,at 293.1 K,OC1=C(Br)C(=O)C(=C(Br)C1=O)O.c1ccc2nc3ccccc3nc2c1,P21/c,False
QECYII,QECYII,at 173 K,Oc1cccc(O)c1.CC(=O)c1cccc(n1)C(C)=O,P-1,False
HOGGUH,HOGGUH,at 100 K,OC(=O)CC(O)=O.NC(=O)c1ccccn1,P-1,False
UNEZOC,UNEZOC,at 100 K,OC=O.NC(=O)N1c2ccccc2C=Cc2ccccc12,P21/c,False
VICPOM,VICPOM,,C([NH+]=C1N=CNC2=C1NC=N2)C1=CC=CO1.O=N(=O)c1cc(c([O-])c(c1)N(=O)=O)N(=O)=O,P21/n,False
LAGVAU,LAGVAU,293 K,NC(N)=O.Oc1ccccc1O,P21/c,False
NOBWIN,NOBWIN,173 K,c1ccc2cnncc2c1.OC(=O)C=CC(O)=O,P21/c,False
TOQQAU,TOQQAU,150 K,OC(=O)CCC(O)=O.NC(=S)NN=Cc1ccncc1,P-1,False
GUFDOB,GUFDOB,at 291 K,CCOC(=O)C1=Cc2cccc(OC)c2OC1=O.NC1=Nc2ccccc2S1,P-1,False
NAQPIH,NAQPIH,100 K,NC1=Nc2ccc(OC(F)(F)F)cc2S1.OC(=O)CCCCCCCC(O)=O,P-1,False
XERCEF,XERCEF,293 K,O=Cc1ccc2ccc3cccc4ccc1c2c34.N#Cc1cc(C#N)c(cc1C#N)C#N,P21/n,False
AMAYOF,AMAYOF,100 K,FC(F)(F)S(=O)(=O)[O-].O=C(c1ccccc1)C([N+]#N)=S1c2ccccc2c2ccccc12,P-1,False
KIJFUI,KIJFUI,298 K,Oc1ccc(O)cc1.CCOc1ccccc1C(N)=O,P-1,False
ZUPMOP,ZUPMOP,298 K,OC(=O)C(=O)[O-].[NH3+]Cc1ccc(Cl)cc1,C2/c,False
AJAGUN,AJAGUN,at 90 K,OC(=O)c1cc(O)ccc1O.O=C1CNC(=O)CN1,Pna21,False
KEXZUJ,KEXZUJ,at 293 K,Nc1ccc(N)cc1.OCCCCCCCCCCCCO,P21/c,False
ROHDIB,ROHDIB,,C[Si](C)(C)C12CCCC[NH+]1CCCC2.O=N(=O)c1cc(c([O-])c(c1)N(=O)=O)N(=O)=O,P21/c,False
OBOVAF,OBOVAF,150 K,NC(=O)c1ccncc1.Nc1ccc(C(O)=O)c(O)c1,P-1,False
IPEVUV,IPEVUV,at 173 K,OC(=O)C=Cc1ccccc1.C1N2CN3CN1CN(C2)C3,Cmc21,False
WOQBEJ,WOQBEJ,,c1ccc2nc3ccccc3nc2c1.OC(=O)C=CC(O)=O,P-1,False
TEYSOI,TEYSOI,293 K,Oc1ccc(cc1)S(=O)(=O)[O-].[NH3+]c1cc(c(N)cc1Cl)N(=O)=O,P-1,False
SERHOX,SERHOX,,OC(=O)C(=O)[O-].[NH3+]CCC1=CNc2ccc(O)cc12,P21/n,False
BEPDOT,BEPDOT,150 K,NN1N=C(C(=[NH2+])N=C1N)N(=O)=O.O=N(=O)C1=N[N-]N=N1,P21/c,False
QAMSAZ,QAMSAZ,at 150 K,CN1CCOCC1.Oc1ccc(O)cc1,P-1,False
YUCPIW,YUCPIW,at 100 K,Oc1ccc(O)cc1.C1N2CN3CN1CN(C2)c1ccccc31,P21/n,False
NIQJAB,NIQJAB,,Nc1ccncc1N.OP(O)(O)=O,I2/c,False
LIGNAT,LIGNAT,293 K,Cc1ccc(cc1)C(O)=O.NC1=Nc2ccccc2S1,P21/c,False
VAVKIP,VAVKIP,123 K,Oc1cccc(c1)C(=O)[O-].C[NH+](C)C(C)C(O)c1ccccc1,P21/c,False
FEVLAW,FEVLAW,293 K,O=C([O-])c1c2ccccc2cc2ccccc12.CCc1[nH+]c(N)nc(N)c1c1ccc(Cl)cc1,P21/n,False
OCATUH,OCATUH,at 150 K,Nc1ccc(cc1)C(O)=O.Nc1nccc(n1)c1ccncc1,P21/c,False
CUKKUR,CUKKUR,100 K,C1N2CN3CN1CN(C2)C3.COc1cc(cc(OC)c1O)C(O)=O,P21/n,False
PETYUJ,PETYUJ,at 193 K,OC(C(O)C(=O)[O-])C(O)=O.OC12CCC(CC3[NH2+]CCC13)C2,P21212,False
CASYUT,CASYUT,293 K,NN1C(=[NH2+])NC(=O)C=C1N.OC(=O)CC(=O)[O-],P-1,False
IXOXEZ,IXOXEZ,at 293 K,OC(=CC(=O)c1ccccc1)c1ccncc1.OC(=O)c1ccccc1,P21/c,False
SECDUB,SECDUB,at 295 K,OC(=O)C=CC(=O)[O-].OC(=O)c1[nH+]cccc1,P21/c,False
AGIJAF,AGIJAF,100 K,COc1cc(cc(OC)c1OC)C=C1N=C(C)N(C)C1=O.Fc1c(F)c(Br)c(F)c(F)c1Br,P-1,False
UGOHUV,UGOHUV,100 K,OC(=O)c1cc(O)cc(O)c1.O=C1CCCC(=O)N1,P-1,False
OVEZIB,OVEZIB,296.1 K,O=C(NN=C(c1cc[nH+]cc1)c1ccccc1)C1=CC=CO1.CCOS(=O)(=O)[O-],P-1,False
BZPCBQ,BZPCBQ,,c1ccc2c(c1)ccc1ccc3ccccc3c21.ClC1=C(Cl)C(=O)C(=C(C#N)C1=O)C#N,P21/c,False
NEQNOP,NEQNOP,120 K,CC1=CN=C(NC(=O)c2ccccc2)S1.OC(=O)CCCCCCCCC(O)=O,P-1,False
UYAZEA,UYAZEA,at 173 K,OC(=O)CCCCCCCCC(O)=O.COc1ccc2N=C(N)Sc2c1,P-1,False
JOXBEF,JOXBEF,at 298 K,OC(=O)c1cnccn1.OC(=O)c1cc(O)c(O)c(O)c1,P21/c,False
AFONOB,AFONOB,200 K,Cc1cccc(Nc2ccccc2C(O)=O)c1C.C(Cc1ccncc1)c1ccncc1,P-1,False
LIBTUN,LIBTUN,at 120 K,CCC(=O)[O-].Nc1[nH+]nc(c(N)n1)c1cccc(Cl)c1Cl,I41/a,False
SIHMAA,SIHMAA,100 K,Cc1nc(C)c(Cl)c(N)n1.CC1=CC=C(S1)C(O)=O,P21/c,False
RAWBOG,RAWBOG,,C1CN2CCN1CC2.CC(C)(c1ccc(O)cc1)c1ccc(O)cc1,P2/a,False
KIZYEZ,KIZYEZ,at 173 K,CC(=O)Nc1ccccn1.OC(=O)c1ccccc1,P21/n,False
SIBYUA,SIBYUA,298.1 K,c1cc(ccn1)c1ccncc1.CC(=O)Oc1ccccc1C(O)=O,P21/c,False
BAYWAC,BAYWAC,173 K,c1ccncc1.OC(C(F)(F)F)C(F)(F)F,P21/c,False
VOBMOO,VOBMOO,,S=C=[N-].C[S+](C)(C)=O,Pmn21,False
MUYSIJ,MUYSIJ,at 90 K,CN(C)C=O.OC(=O)c1cccnc1Nc1cccc(F)c1F,Pcab,False
TAPMEC,TAPMEC,at 105 K,CC1OC(CC1=O)C[N+](C)(C)C.O=N(=O)c1cc(c([O-])c(c1)N(=O)=O)N(=O)=O,P-1,False
NUKZID,NUKZID,at 180 K,NC(=O)c1cccnc1.OC(=O)CCCCCCCC(O)=O,Pna21,False
SEMRUY,SEMRUY,at 150 K,CC[N+](CC(=O)OC)(CC(=O)OC)CC(=O)OC.FC(F)(F)S(=O)(=O)[O-],P21/c,False
EFUCEP,EFUCEP,298 K,Cc1ccc2ccccc2n1.Nc1ccccc1C(O)=O,P21/c,False
MUPNER,MUPNER,at 100 K,NC(=O)c1ccncc1.COc1cc(C=CC(O)=O)ccc1O,P21/n,False
OPEKAW,OPEKAW,at 293 K,c1cc(ccn1)C=Cc1ccncc1.OC(=O)c1ccc(C(O)=O)c2ccccc12,P21/n,False
XEDSOS,XEDSOS,298.1 K,Oc1cccc(O)c1.S1C(=Nc2ccccc12)C=CC=Cc1ccccc1,P21,False
BEPTUN,BEPTUN,at 173 K,[NH2+]1CCOCC1.CC(=O)[O-],P-1,False
BUBXEC,BUBXEC,at 293 K,O=N(=O)c1c[nH+]ccc1.OC1=C([O-])C(=O)C1=O,C2/c,False
ZAJHOH,ZAJHOH,,Nc1ncccn1.OC(=O)c1ccccc1C(O)=O,C2/c,False
KOSYOG,KOSYOG,at 130 K,CC1(C)COP(=O)([O-])OC1c1c(Cl)cccc1Cl.C[NH2+]C(C)C(O)c1ccccc1,P212121,False
BARBUR,BARBUR,,NC(N)=O.CCC1(CC)C(=O)NC(=O)NC1=O,P212121,False
AWOQUY,AWOQUY,at 103 K,[NH3+]C1(CCc2cc(Br)ccc2C1)C(=O)OC.OC(C(=O)[O-])c1ccccc1,P212121,False
TOSGUF,TOSGUF,at 173 K,CC1(C)CC(=O)NC(=O)C1.COc1cc(Cc2cnc(N)nc2N)cc(OC)c1OC,P-1,False
DIDZAT,DIDZAT,at 98 K,O=C(NCc1cccnc1)C(=O)NCc1cccnc1.Nc1ccccc1C(O)=O,P21/c,False
XUVQOV,XUVQOV,at 120 K,OC(=O)c1ccccc1O.CC1=NN2C=C(C)N=C2S1,P-1,False
BIDJEE,BIDJEE,at 296.2 K,Nc1[nH+]cc(cc1)N(=O)=O.Clc1ccc(cc1N(=O)=O)S(=O)(=O)[O-],P21/n,False
XAQQOW,XAQQOW,at 100 K,OC(=O)c1cc(O)ccc1O.NC(=O)c1cnccn1,P21/n,False
SOVDIQ,SOVDIQ,at 273 K,c1cc(ccn1)c1ccncc1.OC(=O)CCCC(O)=O,P21/c,False
CEXVAG,CEXVAG,293 K,Oc1cc(O)cc(Cl)c1.c1ccc2nc3ccccc3nc2c1,P-1,False
HISRIM,HISRIM,at 293 K,c1ccc2nc3ccccc3nc2c1.OC(=O)c1cccc(C(O)=O)c1c1c(cccc1C(O)=O)C(O)=O,C2/c,False
CIVQEH,CIVQEH,173 K,OC(=O)c1cccc2ccccc12.CC(C)=NNC(=O)c1ccncc1,Cc,False
OSEXOA,OSEXOA,at 173 K,OB(O)O.C1=CN2C(=N1)N1C=CN=C1N1C=CN=C21,P-3,False
PEZJAH,PEZJAH,at 200 K,O=S(=O)([O-])c1ccccc1.CC1[NH2+]C(CC=C)C=C(C1)S(=O)(=O)c1ccccc1,P-1,False
KAZNAD,KAZNAD,293 K,FC(F)(F)S(=O)(=O)[O-].CC(C#Cc1cccc(Br)c1)[N+](C)(C)C,P21,False
KUWMEW,KUWMEW,149.7 K,NC(=O)NN=C1C(=O)c2ccccc2c2ccccc12.CS(C)=O,P21/c,False
FALSUI,FALSUI,at 110 K,Cc1ccnc(NS(=O)(=O)c2ccc(N)cc2)n1.CN(C)C(C)=O,P-1,False
ADAFOD01,ADAFOD01,100.0 K,FC(F)(F)S(=O)(=O)[O-].CN(C)c1cc[n+](cc1)S(=O)(=O)C(F)(F)F,P21/n,False
EZASEG,EZASEG,113.2 K,COc1[nH+]c(N)nc(OC)c1.Oc1cccc(C(=O)[O-])c1O,P-1,False
CIJTEU,CIJTEU,,C1CCC2[NH+](COCC2C1)Cc1ccccc1.O=N(=O)c1cc(c([O-])c(c1)N(=O)=O)N(=O)=O,P-1,False
FERYIL,FERYIL,at 190 K,CCC(=O)c1c(O)cc(O)cc1O.c1cc(ccn1)C=Cc1ccncc1,P-1,False
FAYTAC,FAYTAC,at 296 K,COc1ccc(cc1)C1=[NH+]NC=C1.FC(F)(F)S(=O)(=O)[O-],P-1,False
PIRRAL,PIRRAL,at 150 K,NC(=O)c1ccncc1.OC(=O)c1cc(F)cc(F)c1,Pc,False
JOKYEQ,JOKYEQ,123 K,C1CCOC1.Nc1ccc(cc1)S(=O)(=O)Nc1ccc(Cl)nn1,Pc,False
XISPEX,XISPEX,150.0 K,CC(=O)c1cccc2cccc(O)c12.CN(C)c1ccncc1,C2/c,False
QOJNAF,QOJNAF,at 291 K,CC1(C)OC2OC3CSC(=[NH+]C3(O)C2O1)N.Cc1ccc(cc1)S(=O)(=O)[O-],P21,False
UKISUF,UKISUF,293 K,Cc1cccc2SC(=[NH2+])Nc12.OC(=O)c1ccc(cc1C(=O)[O-])N(=O)=O,P-1,False
OHAGIO,OHAGIO,at 103 K,C1COCCO1.COC(=O)NC(=S)Nc1ccccc1NC(=S)NC(=O)OC,C2/c,False
EYEHAT,EYEHAT,93 K,c1cc(ccn1)C=Cc1ccncc1.CCCCOc1ccc(cc1)C(O)=O,P-1,False
NETTOZ,NETTOZ,100 K,Oc1ccccc1C(=O)[O-].OCC[NH+](CCO)C(CO)(CO)CO,P-1,False
GUDVIM,GUDVIM,at 100 K,OC(=O)CCCCCC(O)=O.c1cnccn1,P-1,False
NIZLAK,NIZLAK,at 293 K,CC(C)NC([S-])=C(C#N)C(N)=O.CC(C)NC1=C(C#N)C(=[S+]S1)NC(C)C,P212121,False
BIHZAU,BIHZAU,at 293 K,c1cc(ccn1)c1ccncc1.OC(=O)C1=CC=C(S1)C(O)=O,P21/c,False
EKEXOK,EKEXOK,150 K,O=N(=O)C1=NN=N[N-]1.C[N+]1=NOC(=C1)N,P21/c,False
FIMTUQ,FIMTUQ,,C[NH2+]C(C)C(O)c1ccccc1.CC1(C)CO[P-](=O)(=O)OC1c1ccccc1Cl,P21,False
HECROZ,HECROZ,100 K,C1N2CN3CN1CN(C2)C3.OC(=O)c1ccccc1,Pn,False
VATTIV,VATTIV,at 298 K,OC(=O)c1cc(cc(c1)C(O)=O)C(O)=O.Cc1ccc2ccccc2n1,P-1,False
KIZYAV,KIZYAV,at 173 K,Nc1ccc(cc1)C(O)=O.CC(=O)Nc1ccccn1,Pna21,False
AQUMIL01,AQUMIL01,293.1 K,COC(=O)C=Cc1ccccn1.NC(N)=O,Pnma,False
KIBQOC,KIBQOC,at 100 K,Nc1c(F)c(F)c(F)c(F)c1F.Oc1c(F)c(F)c(F)c(F)c1F,Cc,False
WODDEZ,WODDEZ,at 120 K,O=C([O-])c1cccc2c1Cc1ccccc21.[NH3+]C(C(O)c1ccccc1)c1ccccc1,C2,False
URAKOO,URAKOO,at 296 K,CN(C)C=O.Cc1ccc(cc1)S(=O)(=O)Nc1ccc(cc1)C(O)=O,P21/n,False
IHAXEW,IHAXEW,173 K,FC(F)(F)S(=O)(=O)[N-]S(=O)(=O)C(F)(F)F.CCO[N+]1(C)CCOCC1,P21/c,False
QAXYOG,QAXYOG,293 K,CNC(=S)NN=Cc1ccc(O)cc1O.c1cc(ccn1)c1ccncc1,P21/c,False
QEDXII,QEDXII,at 293 K,NC(=O)c1cc[nH+]cc1.ClC(Cl)(Cl)C(=O)[O-],Pc,False
PUCTOZ,PUCTOZ,173 K,Cc1ccc(cc1)C(O)=O.Cc1cc(C)nc(NS(=O)(=O)c2ccc(N)cc2)n1,P21,False
ZELDAY,ZELDAY,293 K,Oc1ccc(O)cc1.COc1ccc(N)cc1,P21/c,False
ZUVXAR,ZUVXAR,173 K,COc1cccc(C=NNC(=O)c2cc[nH+]cc2)c1O.O=C1[N-]S(=O)(=O)c2ccccc12,P21/n,False
MEWNUA,MEWNUA,100 K,CC(C)OC(=S)Nc1ccccc1.c1cc(ccn1)c1ccncc1,P-1,False
XIQFOS,XIQFOS,at 223 K,CCNC(=[NH+]CC)c1ccc(Br)cc1.O=C([O-])c1ccccc1,C2/c,False
AXASOH,AXASOH,at 296 K,COC(=O)c1cc(O)c(O)c(O)c1.CN1SC(=CC1=O)Cl,P21/a,False
JOSLAG,JOSLAG,at 295.6 K,FC(F)(F)C(=O)[O-].CN1C(=O)C2(C=CC(=[NH2+])C=C2)c2ccccc12,P-1,False
WUDHUA,WUDHUA,296 K,c1cc(ccn1)c1ccncc1.OC(=O)COc1cccc(OCC(O)=O)c1,P-1,False
NUZSOS,NUZSOS,100 K,OC(=O)C=Cc1ccccc1.c1cc(ccn1)c1ccncc1,P21/n,False
HEVJAT,HEVJAT,,OCC[NH+]1CCCC1.Clc1cccc(Cl)c1Nc1ccccc1CC(=O)[O-],P-1,False
EROROT,EROROT,at 298 K,OC(=O)c1ccccc1C(=O)[O-].[NH3+]c1ccc(Br)cc1,C2,False
COLHIX,COLHIX,150 K,Nc1ncccn1.OB(O)O,P3221,False
FOACAM,FOACAM,at -187deg.C,OC=O.NC=O,C2/c,False
YADSEE,YADSEE,296 K,Cc1cccnc1.Cc1cc(C)nc(NS(=O)(=O)c2ccc(N)cc2)n1,P212121,False
BIZTOV,BIZTOV,at 100 K,NC(=O)c1cc[nH+]cc1.Oc1cc(O)c(c(O)c1)C(=O)[O-],Pna21,False
CUXPET,CUXPET,296 K,CCc1[nH+]c(N)nc(N)c1c1ccc(Cl)cc1.OC(=O)c1cccc(c1)C(=O)[O-],P-1,False
WEGMOM,WEGMOM,at 100 K,FC(F)(F)S(=O)(=O)[O-].NC(=O)C[n+]1ccc(cc1)C(N)=O,P21/n,False
CUYKUF,CUYKUF,100 K,NC(=O)c1ccncc1.OCC(O)=O,P-1,False
QORROE,QORROE,,CC(=O)NC(C)(C(=O)[O-])c1ccccc1F.OCC1[NH2+]CCC1,P212121,False
TEHDOD,TEHDOD,200 K,NS(=O)(=O)[O-].C[NH2+]CC(O)=O,Pna21,False
PAHZEE,PAHZEE,at 298 K,OC(C(O)=O)C(=O)[O-].Oc1cc[nH+]cc1,Pn,False
LADDIF,LADDIF,at 100 K,OC(=O)CCC(O)=O.CC(=O)Nc1ccc(Br)cn1,P-1,False
EKOZIQ,EKOZIQ,273.1 K,OC(=O)C=Cc1ccc(O)cc1.NC(=O)c1cccnc1,P21/c,False
ZELFEE,ZELFEE,199 K,ON=Cc1[nH+]cccc1.OC1=C([O-])C(=O)C1=O,P21/c,False
URUDER,URUDER,at 100 K,NNC(=O)c1ccncc1.Nc1ccc(C(O)=O)c(O)c1,Pna21,False
RIVMIV,RIVMIV,296 K,CN(C)c1ccncc1.Oc1ccc(Br)cc1,P21/c,False
CILRUK,CILRUK,,FC(F)(F)S(=O)(=O)[O-].CN1CCN(C)B1[n+]1cc2ccccc2c2ccccc12,P-1,False
QANPEB,QANPEB,,[NH3+]C(CCCNC(N)=[NH2+])C(=O)[O-].COc1ccc2cc(ccc2c1)C(C)C(=O)[O-],P3221,False
SIMKUV,SIMKUV,at 100 K,Cc1ccc(cc1)S(=O)(=O)[O-].COc1ccc(C[n+]2ccccc2)cc1,P21/n,False
OHAGUA,OHAGUA,at 103 K,Clc1ccccc1Cl.COC(=O)NC(=S)Nc1ccccc1NC(=S)NC(=O)OC,P-1,False
VUWQEL,VUWQEL,100 K,Clc1cccc(NC(=O)Nc2cccc(Cl)c2)c1.O=P(c1ccccc1)(c1ccccc1)c1ccccc1,P-1,False
VULDUC,VULDUC,at 298 K,[NH3+]C(C)(P(O)(=O)[O-])P(O)(=O)[O-].NC(=[NH2+])O,P-1,False
ZPHCYQ,ZPHCYQ,,ClC1=C(Cl)C(=O)C(=C(C#N)C1=O)C#N.c1ccc2c(c1)nnc1ccccc21,P21/a,False
MAHKAJ,MAHKAJ,at 293 K,COc1cc(C=O)ccc1O.c1ccc2nc3ccccc3nc2c1,P21/n,False
CAKZEV,CAKZEV,at 298 K,Oc1ccc(O)cc1.CC1=NN=C2CN=C(c3ccccc3)c3cc(Cl)ccc3N12,P-1,False
OJUBEC,OJUBEC,296.1 K,Nc1[nH+]c(nc(N)n1)c1ccc(Cl)cc1.OC(=O)CC(=O)[O-],P21/n,False
BARLAK,BARLAK,295 K,NC(=[NH2+])NC(N)=S.CCC(=O)[O-],C2/c,False
QEDNUM,QEDNUM,293 K,CC(C)COc1ccc(cc1C#N)C1=NC(=C(S1)C(O)=O)C.c1cc(ccn1)c1ccncc1,P-1,False
GUXSUQ,GUXSUQ,100 K,CC(=O)NC1=NN=C(S1)S(N)(=O)=O.Nc1ccccn1,P-1,False
QECHOX,QECHOX,at 173 K,Brc1ccccc1[O-].OCC[NH2+]CCO,P21,False
CELMUC,CELMUC,at 293 K,Cc1[nH+]cc(CO)c(CO)c1O.O=N(=O)c1cc(c([O-])c(c1)N(=O)=O)N(=O)=O,P-1,False
DENXAW,DENXAW,at 293 K,Oc1ccccc1C(=O)[O-].CN1CC(=O)[NH+]=C1N,P21/n,False
TMABCA02,TMABCA02,293 K,CN(C)c1ccc(cc1)N(C)C.ClC1=C(Cl)C(=O)C(=C(Cl)C1=O)Cl,I2/m,False
LAHHAH,LAHHAH,150 K,NC(=O)c1ccncc1.OC(=O)Cc1ccc(O)cc1,P-1,False
VUYHII,VUYHII,,[NH3+]CCCC([NH3+])C(=O)[O-].[NH3+]C(CC(=O)[O-])C(=O)[O-],P21,False
RULYAA,RULYAA,120 K,[NH2+]1CCOCC1.COc1ccc(cc1)P(=S)([S-])N1CCOCC1,C2/c,False
MOLGIE01,MOLGIE01,at 293 K,[NH2+]1CCOCC1.CC1=NC(=NN1)SCC(=O)[O-],Pbca,False
POVYAD,POVYAD,296 K,CC1=CNC(=[NH2+])S1.[NH3+]c1cc(cc(c1)C(=O)[O-])C(=O)[O-],P21/c,False
HOGJOF,HOGJOF,180 K,CC(=CC(O)=O)C(O)=O.O=C(NN=Cc1ccccn1)c1ccccc1,P-1,False
FERLOH,FERLOH,113.15 K,OC(=O)C=Cc1ccccc1.CC1=NN=C(c2ccccc2)C(=O)N1N,P21/c,False
VABVOL,VABVOL,at 98 K,c1cc(ccn1)C=NN=Cc1ccncc1.OC(=O)c1ccccc1,P21/n,False
POWYAE,POWYAE,296 K,FC(F)(F)S(=O)(=O)[O-].Cc1cc2[NH+]=C3C(O)C(O)C(O)CN3c2cc1C,P212121,False
JUGQEH,JUGQEH,,FC(F)(F)C(=O)[O-].CC(=O)CC1=CC(C)(C)[NH2+]C(C)(C)C1,P21/n,False
ETEFAN,ETEFAN,100 K,Cc1cccc(Nc2ccccc2C(O)=O)c1C.c1ccc2nc3ccccc3cc2c1,P-1,False
SARDOE,SARDOE,,Nc1ccc(N)cc1.Oc1ccc2cc(O)ccc2c1,P21/c,False
XULKOG,XULKOG,at 173 K,C1CN2CN3CCN(CN1C3)C2.Oc1ccc(Br)cc1,Fdd2,False
QEDVUS,QEDVUS,at 150 K,NC(=O)c1ccc(O)cc1.C1COCCO1,P21/c,False
IBUBAM,IBUBAM,150 K,BrN1C(=O)CCC1=O.C1CN2CCC1CC2,P21/n,False
WELCAV,WELCAV,100 K,CCCCCO.NCC=C,P21/c,False
BARHMP,BARHMP,,CN(C)P(=O)(N(C)C)N(C)C.CCC1(CC)C(=O)NC(=O)NC1=O,P-1,False
QIBCEM,QIBCEM,296 K,c1ccc(cc1)c1ccncc1.CC1=CC(=NO1)NS(=O)(=O)c1ccc(N)cc1,Pbcn,False
FEPPUO,FEPPUO,293 K,c1cnc2c(c1)ccc1cccnc21.NC(N)=NS(=O)(=O)c1ccc(N)cc1,P21/n,False
AYUYUO,AYUYUO,at 293 K,CC1(C)C2CCC1(CS(=O)(=O)[O-])C(=O)C2.COc1ccc2CCC(N3CC[NH2+]CC3)c2c1,P21,False
WUVKOO,WUVKOO,at 100 K,Nc1[nH+]nc(c(N)n1)c1cccc(Cl)c1Cl.O=C1[N-]S(=O)(=O)c2ccccc12,P21/c,False
DAQYUQ,DAQYUQ,at 298 K,c1ccc(nc1)c1ccccn1.Nc1ccc(cc1)C(O)=O,P21/c,False
ATUVEQ,ATUVEQ,at 120 K,[NH3+]C1CCC(O)CC1.OC1CCC(CC1)NC(=O)[O-],P21/c,False
PEVCOL01,PEVCOL01,295 K,[NH3+]C(CCCNC(N)=[NH2+])C(=O)[O-].CS(=O)(=O)[O-],P21,False
FAKJOS,FAKJOS,at 293 K,CN1C(=C(O)c2ccccc2S1(=O)=O)C(=O)NC1=NC=C(C)S1.OC(=O)CCCCC(O)=O,P-1,False
GAGPEN,GAGPEN,150 K,[NH3+]C(C(O)c1ccccc1)c1ccccc1.OC(CCc1ccccc1)C(=O)[O-],C2,False
BOMCAJ,BOMCAJ,at 296 K,OC(=O)c1cccc(O)c1.NNC(=O)c1ccncc1,Pca21,False
WELYUH,WELYUH,,OC(C(O)C(=O)[O-])C(O)=O.CC(C)[NH2+]CC(O)c1ccc(O)c(O)c1,P212121,False
EDADOC,EDADOC,at 296.2 K,Nc1[nH+]cc(cc1)N(=O)=O.Cc1ccc(cc1S(=O)(=O)[O-])N(=O)=O,P212121,False
XOJNIU,XOJNIU,at 293 K,Cc1cc(C)nc(N)n1.Cc1ccc(C)c(c1)C(O)=O,C2/c,False
JAHJOV,JAHJOV,131.9 K,CN1C(=O)NC(=O)C2=C1NC=[N+]2C.Oc1cccc(O)c1C(=O)[O-],P21/c,False
JOKXUF,JOKXUF,303 K,c1cc(ccn1)c1ccncc1.Nc1ccc(cc1)S(=O)(=O)Nc1ccc(Cl)nn1,P-1,False
MORVOF,MORVOF,at 100 K,Oc1cc(O)cc(O)c1.c1ccc2nc3ccccc3cc2c1,Pca21,False
RERDEB,RERDEB,100 K,Nc1ccc(cc1)C(=O)[O-].NC(N)=[NH+]C1=NC(=CS1)CSCCC(N)=NS(N)(=O)=O,P21/c,False
LABKEI,LABKEI,173 K,[NH3+]CC(CC(O)=O)c1ccc(Cl)cc1.Clc1ccc(OCC(=O)[O-])c(Cl)c1,P-1,False
XAYGUA,XAYGUA,at 93.1 K,NC(=[NH2+])SC#Cc1ccccc1.CS(=O)(=O)[O-],P212121,False
PUPGOX,PUPGOX,at 296 K,Oc1cc(O)cc(O)c1.CN1C=NC2=C1C(=O)N(C)C(=O)N2C,P21/c,False
SERRAL,SERRAL,296 K,[NH2+]=C1NC(=O)NC=C1F.Oc1cccc(C(=O)[O-])c1O,P-1,False
SOWLOF,SOWLOF,,COc1ccccc1OC.N#CC(C#N)=C(C#N)C#N,P-1,False
ZILMIQ,ZILMIQ,,[NH3+]CCC1=CNc2ccc(OC)cc12.O=N(=O)c1cc(c([O-])c(c1)N(=O)=O)N(=O)=O,C2/c,False
JAZROU,JAZROU,100.0 K,OC(=O)C(=O)[O-].OCC[NH+](CCO)CCO,Pca21,False
FOVCAV,FOVCAV,at 295 K,[NH3+]c1cc(ccc1C)N(=O)=O.ClC(Cl)(Cl)C(=O)[O-],P-1,False
DOMQOL01,DOMQOL01,,COC1(O)C[NH+]2CCC1CC2.Clc1c(Cl)c(Cl)c([O-])c(Cl)c1Cl,P21/c,False
AZOTOZ,AZOTOZ,at 200 K,Fc1ccc(cc1)C(N1CC[NH2+]CC1)c1ccc(F)cc1.O=N(=O)c1cc(c([O-])c(c1)N(=O)=O)N(=O)=O,P21/c,False
LUNZEZ,LUNZEZ,at 180 K,CCCCCCC(O)=O.c1cnccn1,P-1,False
ROSTUQ,ROSTUQ,at 293 K,OC(=O)CCC(O)=O.CCNC(=O)c1cccc(c1)C(=O)NC1=NC=CS1,P-1,False
XUKJOD,XUKJOD,at 150 K,O=N(=O)c1cc(c([O-])c(c1)N(=O)=O)N(=O)=O.[NH3+]C(CCl)c1c(C)cc(C)cc1C,P1,False
VIMJAF,VIMJAF,120.2 K,c1ccccc1.Oc1cccc(CN2CCCC2=O)c1O,P21/n,False
MIPVIQ,MIPVIQ,at 293 K,C1N2CN3CN1CN(C2)C3.OC(=O)c1cccc(c1)C(O)=O,P21/m,False
WABSIB,WABSIB,,FC(F)(F)S(=O)(=O)[O-].ClC[N+]12CCN(CC1)CC2,Pnma,False
UHUFUA,UHUFUA,at 110.2 K,Nc1nc(N)nc(n1)c1ccccc1.OC(=O)CSc1ccccc1,Pca21,False
UHEVIN,UHEVIN,at 293 K,Nc1ccc(CO)cc1.CC(=O)c1ccncc1,P21/c,False
IVUPAR,IVUPAR,at 123 K,OC(=O)C=CC(=O)[O-].C[NH+](C)C(C)C(O)c1ccccc1,P21212,False
KEFBAZ,KEFBAZ,at 100 K,CC(=O)Nc1ccccn1.OC(=O)C=CC(O)=O,P-1,False
WAGFOD,WAGFOD,301 K,CC=CC=CC(=O)[O-].CCc1[nH+]c(N)nc(N)c1c1ccc(Cl)cc1,P21/n,False
GIJLOD,GIJLOD,293 K,Oc1c[nH+]ccc1.OC(=O)CC(=O)[O-],P-1,False
GAYQUS,GAYQUS,,C[N+](C)(C)C1CCCC2OC12.Clc1ccc(cc1)S(=O)(=O)[O-],P21/c,False
XEPBOL,XEPBOL,at 120 K,OC(=O)CCCCCCC(O)=O.c1cncc(c1)N=Nc1cccnc1,P-1,False
XIPLUF,XIPLUF,at 130 K,C[Si](C)(C)CCCc1[nH+]cccc1.O=N(=O)c1cc(c([O-])c(c1)N(=O)=O)N(=O)=O,P-1,False
EWARIE,EWARIE,at 150 K,c1ccc2nc3ccccc3nc2c1.Cc1cc(O)cc(O)c1,P-1,False
UZUZIA,UZUZIA,173 K,Cc1c(Cl)cccc1Nc1ccccc1C(O)=O.Cc1ccccn1,P21/n,False
YACXUZ01,YACXUZ01,173 K,OC(=O)C(O)=O.N#Cc1ccccn1,P21/c,False
MEYPIM,MEYPIM,,c1ccccc1.CC1=C(C)OP(=O)(O1)N1C=CN=C1,P-1,False
COQDES,COQDES,at 293 K,C[NH+]1CCCC1C1=CC=CO1.OC(=O)C(OC(=O)c1ccccc1)C(OC(=O)c1ccccc1)C(=O)[O-],P212121,False
TEYSUO,TEYSUO,293 K,O=S(=O)([O-])c1ccccc1.[NH3+]c1cc(c(N)cc1Cl)N(=O)=O,Pccn,False
QESBOG,QESBOG,at 170 K,COC(=O)NC1=[NH+]c2ccccc2N1.O=S(=O)([O-])c1ccc2ccccc2c1,P212121,False
HAXFER01,HAXFER01,,[2H][n+]1cc(C)cc(C)c1.O=C([O-])c1cc(cc(c1)N(=O)=O)N(=O)=O,P21/c,False
QIRKAD,QIRKAD,,NC(N)=O.OC1=C(O)C(=O)C1=O,Pbca,False
FEFJOR,FEFJOR,at 213 K,OC(=O)c1nc(c2ccccn2)c(nc1c1ccccn1)C(O)=O.CS(C)=O,P21/n,False
WAGDER,WAGDER,297.1 K,CCc1nc(N)nc(N)c1c1ccc(Cl)cc1.O=C1CCCC(=O)N1,P21/c,False
XUNCAL,XUNCAL,at 298 K,FC(F)(F)C(=O)[O-].O=C(Nc1ccccc1)C1[NH2+]CCCC1,C2,False
FAFGUR,FAFGUR,90 K,COc1ccc2cccc(CCNC(C)=O)c2c1.CC(=O)C(O)=O,C2/c,False
YOGCUU,YOGCUU,at 100 K,Clc1ccc2N3CN(Cc2c1)c1ccc(Cl)cc1C3.Cc1ccc2N3CN(Cc2c1)c1ccc(C)cc1C3,P21212,False
JAWVUZ,JAWVUZ,at 153 K,OC(C(O)C(=O)[O-])C(O)=O.NC(=O)c1cc[nH+]cc1,P212121,False
FIYTEP,FIYTEP,296 K,O=C1N(CCCN2C=[NH+]C=C2)C(=O)c2ccccc12.O=N(=O)c1cc(c([O-])c(c1)N(=O)=O)N(=O)=O,P-1,False
CAHLON,CAHLON,at 296K,OC1=CC(=O)C(=CC1=O)O.c1cc(ccn1)C#Cc1ccncc1,P21/n,False
CESKAN,CESKAN,at 180 K,CN1C=NC2=C1C(=O)N(C)C(=O)N2C.OC(=O)CCCCC(O)=O,P-1,False
HEDSAM,HEDSAM,at 100 K,c1ccc2ncccc2c1.Oc1cccc(O)c1O,P-1,False
JILWUW,JILWUW,,O=N(=O)c1ccc2[N-]N=C(c2c1)N(=O)=O.[NH2+]1CCSCC1,C2/c,False
NUQHOY,NUQHOY,150 K,Cc1c(O)cccc1O.c1ccc2nc3ccccc3nc2c1,P21/n,False
BACRAB,BACRAB,99.7 K,O1C(=CN=C1c1ccccc1)c1ccccc1.Oc1ccc(O)cc1,Pca21,False
LATKOI,LATKOI,at 173 K,CC(C)=NNC(=O)c1ccncc1.OC(=O)c1ccc(O)cc1,P21/n,False
GEFFAC,GEFFAC,298 K,OC(C(O)C(=O)[O-])C(O)=O.CC1=CNC(=[NH2+])S1,P21,False
QOLSAM,QOLSAM,at 293 K,C1=CN(C=N1)c1ccc(cc1)N1C=CN=C1.OC(=O)c1ccc(cc1)C(O)=O,P21/n,False
GEKGIP,GEKGIP,100 K,Fc1c(F)c(F)c(F)c(F)c1F.Fc1ccc(cc1)C(=O)Nc1cccc(c1)C#C,P21/c,False
KIPWIS,KIPWIS,100 K,NC(N)=S.O=C1CC(=O)NC(=S)N1,P21/m,False
PASLAY,PASLAY,at 120 K,CN(C)P(=O)(N(C)C)N(C)C.Fc1c(F)c(Br)c(F)c(Br)c1F,C2/c,False
ELUGUQ,ELUGUQ,293 K,OC1=CC2=Nc3ccccc3OC2=C(F)C1=O.CS(C)=O,P-1,False
LOGDOC,LOGDOC,at 100 K,Cc1cc(N)[nH+]cc1N(=O)=O.Oc1ccc(cc1)S(=O)(=O)[O-],P21/n,False
KICWOK,KICWOK,180 K,CCc1nc(N)nc(N)c1c1ccc(Cl)cc1.NC(=O)N1c2ccccc2C=Cc2ccccc12,P-1,False
MUPMUG,MUPMUG,at 100 K,Oc1cc2C(=O)Oc3c(O)c(O)cc4C(=O)Oc(c1O)c2c34.CN1C=NC2=C1C(=O)N(C)C(=O)N2C,P-1,False
FOVQEP,FOVQEP,296 K,Oc1ccccc1C(=O)[O-].COc1ccc(cc1)N1CC[NH2+]CC1,P212121,False
VIPDEH,VIPDEH,150 K,Clc1ccc(cc1)C=C1C[NH2+]CC1.FC(F)(F)C(=O)[O-],P21/c,False
SEZZIK,SEZZIK,90 K,COc1ccc(cc1)N1CC[NH2+]CC1.COc1ccc(cc1)C(=O)[O-],P21/c,False
SIMTEO,SIMTEO,at 296 K,OC(=O)c1cc(Cl)c(Cl)cc1C(=O)[O-].[NH3+]c1cccc(c1)C(F)(F)F,P21/c,False
IVEKIG,IVEKIG,100 K,CC[NH+](CC)CC(=O)Nc1c(C)cccc1C.OC(=O)CCCCC(=O)[O-],P21/n,False
BIXDIZ,BIXDIZ,100 K,FC(F)(F)S(=O)(=O)[O-].C[N+](C)(C)c1ccc2C(=O)OC(=O)N(CC#C)c2n1,P21,False
BOMGUH,BOMGUH,at 296 K,c1cc(ccn1)c1ccncc1.OC(=O)c1ccccc1c1ccccc1C(O)=O,I41/acd,False
GIKBEL,GIKBEL,113.2 K,Oc1cc(cc(O)c1O)C(=O)[O-].COc1cc(Cc2c[nH+]c(N)nc2N)cc(OC)c1OC,P21/c,False
IVORUI,IVORUI,120 K,Cc1ccncc1.NC(=O)Nc1ccc(O)c(c1)C(O)=O,P-1,False
HEGHIL,HEGHIL,at 120 K,COc1cc(Cc2c[nH+]c(N)nc2N)cc(OC)c1OC.O=C([O-])c1ccccn1,P-1,False
KIXCIE,KIXCIE,at 130 K,Oc1cccc2ccc[nH+]c12.OC(=O)c1cc(Cl)c(Cl)cc1C(=O)[O-],P212121,False
ZOBRUF,ZOBRUF,at 173 K,C[Si+]1(C)(OS(=O)(=O)C(F)(F)F)n2ccccc2c2ccccn12.FC(F)(F)S(=O)(=O)[O-],Cc,False
TIJCOI,TIJCOI,293 K,C=CCNC(=S)NN=Cc1[nH+]cccc1.ClC(Cl)C(=O)[O-],P-1,False
PIPLUY,PIPLUY,298 K,[NH3+]C(CO)(CO)CO.Nc1ccc(cc1)C(=O)[O-],P21/c,False
MOCXUX,MOCXUX,at 293 K,[NH3+]C(CCSC)C(O)=O.OC(=O)C=CC(=O)[O-],P21/c,False
GUPCAY,GUPCAY,293 K,Fc1ccc(cc1)N1CC[NH2+]CC1.Fc1ccccc1C(=O)[O-],P-1,False
YUKVEI,YUKVEI,293 K,Cc1cc(C)nc(N)n1.OC(=O)Cc1cccc2ccccc12,P21/n,False
NUKYUO02,NUKYUO02,at 110 K,NC(=O)c1cccnc1.OC(=O)CCCCCC(O)=O,Pna21,False
UHACUC,UHACUC,at 120 K,O=C1CCCN1.OC(=O)C=CC(O)=O,P21/n,False
VABGUB,VABGUB,at 293 K,F[n+]1ccccc1.FC(F)(F)S(=O)(=O)[O-],P21/n,False
FANFUZ,FANFUZ,120 K,[NH3+]c1cccc(Cl)c1.O=N(=O)c1cc(c([O-])c(c1)N(=O)=O)N(=O)=O,P-1,False
ABEBIT,ABEBIT,at 269 K,O=C1Nc2ccccc2C(=O)Nc2ccccc12.CN(C)C=O,P-1,False
ERELOF,ERELOF,293 K,NC(N)=O.COC(=O)C=Cc1ccncc1,P21/c,False
RILQOU,RILQOU,at 200 K,Cc1[nH+]c(NS(=O)(=O)c2ccc(N)cc2)nc(C)c1.O=N(=O)c1cc(c([O-])c(c1)N(=O)=O)N(=O)=O,P21/c,False
SIZKOD,SIZKOD,at 296 K,C[NH2+]CC(O)=O.OC1=C([O-])C(=O)C1=O,C2/c,False
JEYTUG,JEYTUG,123 K,FC(F)(F)S(=O)(=O)[O-].COc1ccc(cc1)[N+]#CC(C)(C)C,P21/n,False
YACFEQ,YACFEQ,100 K,Oc1cc(O)cc(O)c1.CC(C)C1=C(C)N(C)N(c2ccccc2)C1=O,P21/n,False
RERPAI,RERPAI,296 K,C[NH+]1CCCCC1CO.Oc1ccc(cc1)C(=O)[O-],P212121,False
FEJXOK,FEJXOK,294.0 K,CN1C2=C(S[S+]=N2)C=C2Sc3nc(Cl)c(Cl)nc3N=C12.FC(F)(F)S(=O)(=O)[O-],P-1,False
QEZTAT,QEZTAT,193 K,CN(C)C=O.Oc1ccc2C(=O)c3cc(O)ccc3C(=O)c2c1,P21/n,False
VIRKIU,VIRKIU,113.2 K,NC(=O)c1cccnc1.CC=CC=CC(O)=O,P-1,False
AGUTUT,AGUTUT,273 K,Nc1ncnc2N(CCOCP(O)(O)=O)C=Nc12.OC(=O)c1cc(O)cc(O)c1,P21/n,False
MIDRUN,MIDRUN,at 103 K,[NH3+]C(C(O)c1ccccc1)c1ccccc1.Cc1ccc(cc1)C(=O)[O-],P212121,False
WOLCUW,WOLCUW,at 173 K,O=N[C-](C#N)C1=Nc2ccccc2O1.ON=C(C#N)C1=[NH+]c2ccccc2O1,P21/c,False
MOYLOC,MOYLOC,at 100 K,c1cc(ccn1)c1ccncc1.Nc1cccc(c1)B(O)O,Cc,False
UVOLAT,UVOLAT,at 200 K,OC(=O)c1cc(cc(c1)N(=O)=O)C(=O)[O-].NC(=O)C1CC[NH2+]CC1,P21/c,False
LATKUN,LATKUN,at 203 K,C(N1C=CN=C1)c1ccc(CN2C=CN=C2)cc1.OC(=O)CC=CCC(O)=O,P21/n,False
IVEMOO,IVEMOO,173 K,c1cc(ccn1)c1ccncc1.COc1cc(C=CC(O)=O)ccc1O,P21/c,False
PAVTAI,PAVTAI,at 298 K,OCCCCO.NC(N)=O,P21/c,False
QICJOE,QICJOE,293.0 K,OC(=O)C=CC(=O)[O-].NNC(=O)c1cc[nH+]cc1,P21,False
PIPQUD,PIPQUD,297 K,CCc1[nH+]c(N)nc(N)c1c1ccc(Cl)cc1.Oc1cc(O)cc(c1)C(=O)[O-],C2/c,False
TIDFER,TIDFER,at 293.2 K,OC(=O)C(c1ccccc1)c1ccccc1.c1ccc2nc3ccccc3cc2c1,P212121,False
QOFSIQ,QOFSIQ,100 K,NC(N)=O.c1cnccn1,P2/c,False
DOHSOJ,DOHSOJ,at 133 K,Brc1ccc(cc1)S(=O)(=O)[N-]S(=O)(=O)c1ccc(Br)cc1.[NH3+]c1ccc(Br)cc1,P21/n,False
QOVQEY,QOVQEY,at 120 K,COc1[nH+]c(N)nc(OC)c1.O=N(=O)c1cc(c([O-])c(c1)N(=O)=O)N(=O)=O,P-1,False
OHAHAH,OHAHAH,at 103 K,c1ccccc1.COC(=O)NC(=S)Nc1ccccc1NC(=S)NC(=O)OC,P-1,False
MESWAL,MESWAL,296 K,NC(=S)NN=Cc1cc(Br)ccc1O.CS(C)=O,P-1,False
SAFNOE,SAFNOE,at 298 K,OC(=O)c1cc(cc(c1)C(O)=O)C(O)=O.c1cc(ccn1)c1cncnc1,P21/c,False
IZAJUO,IZAJUO,at 295 K,OC(C(O)C(=O)[O-])C(O)=O.[NH3+]C(CC1=C[NH+]=CN1)C(=O)[O-],P212121,False
ZATJUD,ZATJUD,173 K,[NH3+]C(CCSC)C(O)=O.OC(=O)C(=O)[O-],P-1,False
EPUHAB,EPUHAB,298 K,NC1=[NH+]c2ccccc2S1.O=C1[N-]S(=O)(=O)c2ccccc12,P21/n,False
TILYIZ,TILYIZ,298 K,CCCSc1ccc2NC(=[NH+]c2c1)NC(=O)OC.O=S(=O)([O-])c1ccccc1,P-1,False
EPUDOK01,EPUDOK01,173 K,CCC1(C(=O)NC(=O)NC1=O)c1ccccc1.C1COCCO1,P21/c,False
QANMEY,QANMEY,at 120 K,OC(=O)C(O)=O.O=C1CNC(=O)CN1,P-1,False
UNECIB,UNECIB,293 K,OC(=O)c1ccc(cc1)C(O)=O.CN1CCCC1=O,P-1,False
MADSOC,MADSOC,298 K,CC(=O)NC1=NN=C(S1)S(N)(=O)=O.CS(C)=O,C2/c,False
UROHOZ,UROHOZ,at 123 K,CS(C)=O.Nc1nc(N)c2N=C3CCCCCN3c2n1,P21/c,False
BEVZOV,BEVZOV,190 K,Nc1nc(N)nc(N)n1.OC(=O)CCCC(O)=O,P21,False
WADXUX,WADXUX,100 K,O=C(NCc1ccncc1)C(=O)NCc1ccncc1.Cc1ccccc1C(O)=O,P-1,False
WOLZUS,WOLZUS,,Clc1c(Cl)c(Cl)c([O-])c(Cl)c1Cl.C[N+](C)(C)O,Pccn,False
NAQNOL,NAQNOL,100 K,NC1=Nc2ccc(OC(F)(F)F)cc2S1.CC=CC=CC(O)=O,P-1,False
KABLEG,KABLEG,at 98 K,OC(=O)Cc1ccccc1.c1cncc(c1)C=NN=Cc1cccnc1,P-1,False
EDAFAQ,EDAFAQ,at 296.2 K,Clc1ccc(cc1)S(=O)(=O)[O-].Nc1[nH+]cc(cc1)N(=O)=O,Pc,False
DEYQEH,DEYQEH,173 K,OC(=O)CCC(O)=O.CC(CC(C)(C)O)=NNC(=O)c1ccncc1,P21/c,False
TACZII,TACZII,at 150 K,O=C1SC2=C(S1)SC(=C(S2)c1ccncc1)c1ccncc1.c1cc(ccn1)C#Cc1ccncc1,C2/c,False
YOPRUT,YOPRUT,273 K,ClC(Cl)(Cl)C(=O)[O-].Nc1[nH+]cccc1N(=O)=O,Pca21,False
NADKAH,NADKAH,173.2 K,C1CN2CCN1CC2.NC1=C(SC(=CC(=O)c2ccc(F)cc2)N1c1ccccc1)C#N,P-1,False
XIRKUG,XIRKUG,at 180 K,CN1C=NC2=C1C(=O)N(C)C(=O)N2C.Nc1ccccc1C(O)=O,P21/c,False
ZUNREF,ZUNREF,,FC(F)(F)S(=O)(=O)[O-].C[NH2+]C(C(=O)N(C)C)C(C)(C)C,P212121,False
UDEPOM,UDEPOM,99.8 K,CCCCC(=O)[O-].[NH3+]Cc1ccc(cc1)S(N)(=O)=O,P-1,False
OZOSED,OZOSED,296 K,Cc1ccccc1C(O)=O.ON=Cc1ccnc2ccccc12,P-1,False
HONVAI,HONVAI,at 100 K,OC(=O)c1cccc(O)c1.c1cc(ccn1)c1ccncc1,P-1,False
TUMWEF,TUMWEF,100 K,C[NH+]1C2CCC1C(Cc1ccccc1)C(=O)C2.O=C([O-])c1cc(cc(c1)N(=O)=O)N(=O)=O,P21/c,False
WADMAS,WADMAS,213.1 K,CCCCCCC(=O)[O-].[NH3+]Cc1ccc(Cl)cc1,P-1,False
PEKRAA,PEKRAA,at 295 K,Nc1[nH+]cccc1O.Oc1ccc(O)c(c1)C(=O)[O-],Pna21,False
ZUWCAV,ZUWCAV,at -130 deg.C,FS(=O)(=O)[N-]S(F)(=O)=O.c1ccc(cc1)[PH+](c1ccccc1)c1ccccc1,P21/n,False
NOFQOR,NOFQOR,100 K,OC(C(=O)[O-])c1ccccc1.CC(=O)CC1[NH2+]CCCC1,P1,False
HONVUC,HONVUC,at 100 K,c1cc(ccn1)C=Cc1ccncc1.OC(=O)c1ccc(O)cc1,P-1,False
XOWWEO,XOWWEO,190 K,Clc1cccc(C(=O)[O-])c1N(=O)=O.Oc1cccc2ccc[nH+]c12,P21/n,False
PEXZOK,PEXZOK,293 K,CC(C)O.Clc1nc(Cl)nc(NNc2nnc(NNc3nc(Cl)nc(Cl)n3)nn2)n1,P-1,False
EZAQOO,EZAQOO,293 K,OC(=O)CCC(O)=O.COc1cc(OC)nc(N)n1,P-1,False
ZATHAH,ZATHAH,100 K,Oc1cc(O)cc(O)c1.CN1C=CC(=O)C(=C1C)O,Pbca,False
JARHIW,JARHIW,200 K,OC1C[NH+]2CCC1CC2.OC1=C([O-])C(=O)C1=O,P-1,False
ZIMHIO01,ZIMHIO01,at 298 K,CC(=O)NS(=O)(=O)c1ccc(N)cc1.CC(N)=O,C2/c,False
OKOKIL,OKOKIL,113 K,CS(C)=O.CN1C(=C(N=O)C(=O)N(C)C1=O)N,Pbca,False
HIBKEI,HIBKEI,at -10 deg.C,Nc1nc(Cl)nc(Nc2cccc(Br)c2)n1.CCC1(CC)C(=O)NC(=O)NC1=O,P-1,False
BODSAO,BODSAO,,Oc1cccc(O)c1.NC(N)=O,P212121,False
PAGCAE,PAGCAE,150 K,NC(=O)c1ccncc1.CCCCOC(=O)c1ccc(O)cc1,P-1,False
YAHJIC,YAHJIC,at 223 K,c1cc(ccn1)C=Cc1ccncc1.OC(=O)c1cccc(c1)C(O)=O,P-1,False
VURBEP,VURBEP,,OC(C(=O)[O-])c1ccccc1.CN1C([NH2+]CC1=O)C(C)(C)C,P21,False
QAXZOH,QAXZOH,173 K,c1cc(ccn1)c1ccncc1.Oc1ccc(C=NNC(=S)Nc2ccccc2)c(O)c1,P21/c,False
WUWQAJ,WUWQAJ,150 K,Nc1ccc(cc1)C(O)=O.C1COCCO1,P21/c,False
JARTII,JARTII,293 K,OC(=O)C=CC(=O)[O-].CC1=NOC(C1)C1(O)CC2[NH2+]C1CC2,Cc,False
GODTUO,GODTUO,,c1cc(ccn1)c1ccncc1.Oc1ccccc1c1ccccc1O,P21/n,False
LAVMED,LAVMED,100 K,FC(F)(F)C(=O)[O-].OC(=O)C=Cc1[nH+]cccc1,P-1,False
ENICIO,ENICIO,at 100 K,CN1C(=C(O)c2ccccc2S1(=O)=O)C(=O)NC1=NC=C(C)S1.OC(=O)C=CC(O)=O,P-1,False
RIQXOH,RIQXOH,298 K,FC(F)(F)c1cccc(Nc2ncccc2C(=O)[O-])c1.[NH3+]CCc1ccc(O)cc1,P21/c,False
DIPDUF,DIPDUF,120.0 K,CN(C)C(OS(=O)(=O)C(F)(F)F)=[N+](C)C.FC(F)(F)S(=O)(=O)[O-],P21/c,False
JOXBAB,JOXBAB,at 298 K,NC1=[NH+]C(=O)NC=C1.O=C([O-])c1cnccn1,P21/c,False
VECTUV,VECTUV,85 K,Nc1[nH+]nc(c(N)n1)c1cccc(Cl)c1Cl.OC(=O)CC(=O)[O-],Ia,False
IZEDAS,IZEDAS,,NC1=[NH+]CCS1.O=C([O-])COc1ccc2ccccc2c1,P21/c,False
BANPUC,BANPUC,at 123 K,[NH3+]C(CCSC)C(O)=O.ClC(Cl)(Cl)C(=O)[O-],P-1,False
CAJQAG,CAJQAG,,O=C(NCc1cccnc1)C(=O)NCc1cccnc1.OC(=O)CNC(=O)C(=O)NCC(O)=O,P21/c,False
WEQHOT,WEQHOT,294 K,N#Cc1cccnc1.OC(=O)CCCCC(O)=O,P-1,False
MAYXAP,MAYXAP,193.7 K,Cc1ccc(cc1)S(=O)(=O)[O-].O=C(C[NH+]1CCOCC1)c1ccccc1,Pna21,False
LIGNOH,LIGNOH,293 K,NC1=Nc2ccccc2S1.OC(=O)c1ccccc1,P21/c,False
FEBSIR,FEBSIR,296 K,NC(=O)c1cccnc1.Nc1ccccc1C(O)=O,P21,False
IFABUN,IFABUN,at 295 K,c1cc(ccn1)c1ccncc1.OC(=O)CCCCCCCCC(O)=O,P-1,False
VIGGOI,VIGGOI,at 293 K,[O]n1ccn([O])c2ccccc12.NC(=O)N1c2ccccc2C=Cc2ccccc12,P-1,False
IXEJIE,IXEJIE,at 100 K,CC1(C)COP(=O)([O-])OC1c1ccccc1.[NH3+]C(CCC)c1cccc(c1)N(=O)=O,P212121,False
QEGKAO,QEGKAO,,NC(=O)c1ccccc1.NC(=O)Nc1c(F)c(F)c(F)c(F)c1F,P-1,False
EMUZOE01,EMUZOE01,100 K,[2H]N(C(N([2H])[2H])=[N+]([2H])[2H])C(N([2H])[2H])=S.[2H]N([2H])c1ccc(cc1)C(=O)[O-],P21/c,False
QUTCAM,QUTCAM,296 K,O=N(=O)[C-](N(=O)=O)N(=O)=O.NN1C(=[NH+]N=C1C1=NON=C1N)N,P21/n,False
HURMEN,HURMEN,at 115 K,O=C([O-])CC1=CC=CS1.[NH3+]C(C(O)c1ccccc1)c1ccccc1,C2,False
YOJFEK,YOJFEK,at 293 K,NC(=O)C1CCCN1C(=O)[O-].NC(=O)C1[NH2+]CCC1,P212121,False
SAQJID,SAQJID,,Clc1cc(cc(Cl)c1[O-])N(=O)=O.OC(=O)C[n+]1ccccc1,P21/c,False
LISFAY,LISFAY,295 K,CCCc1[nH+]ccc(c1)C(N)=S.OC(=O)C=CC(=O)[O-],P-1,False
LEKROI,LEKROI,,OC(C(O)C(=O)[O-])C(O)=O.C[N+](C)(C)CCO,P1,False
GEJMOY,GEJMOY,,OC(C(O)C(=O)[O-])C(O)=O.C[NH2+]C(C)C(O)c1ccccc1,P212121,False
EMEVID,EMEVID,150 K,FC(F)(F)S(=O)(=O)[O-].O=C1C(=O)c2ccccc2C2=C1S[S+]=N2,Pbca,False
SEQGAX,SEQGAX,at 293 K,C[NH+](C)C(CO)C(O)c1ccccc1.CC(C)=CC1C(C(=O)[O-])C1(C)C,P212121,False
VUMTAB,VUMTAB,100 K,NC1=N[N+]2(CCOCC2)CC1.COc1ccc(cc1)S(=O)(=O)[O-],P21/n,False
SOLBEC,SOLBEC,120 K,OC(=O)C=Cc1ccc(O)cc1.NC(=O)c1cccnc1,C2/c,False
EBAWAG,EBAWAG,at 173 K,OC1=C(Cl)C(=O)C(=C(Cl)C1=O)O.c1cnc(nc1)c1ncccn1,C2/c,False
GANYEA01,GANYEA01,at 293 K,CN1C=NC2=C1C(=O)N(C)C(=O)N2C.OC(=O)C=CC(O)=O,P-1,False
SAHCAG,SAHCAG,at 293 K,OCC1CC2CC[NH+]1CC2C=C.Cc1ccc(cc1)S(=O)(=O)[O-],P212121,False
YUHGEN,YUHGEN,,[NH3+]CCCCC([NH3+])C(=O)[O-].O=C[O-],P21/c,False
REWKUC,REWKUC,296 K,O[NH+]=CC1=CNc2ccccc12.O=N(=O)c1cc(c([O-])c(c1)N(=O)=O)N(=O)=O,P-1,False
VEYRAT,VEYRAT,at 298 K,[NH2+]1CCOCC1.Clc1ccc(cc1)C1=C(C#N)C(=S)NC(=C1C#N)[S-],C2/c,False
WUTFEZ,WUTFEZ,103.1 K,C1N2CN3CN1CN(C2)C3.COc1cc(CC=C)ccc1O,Pbcn,False
LIDPOG,LIDPOG,150 K,Cc1ccc(cc1)C(N)=O.OC(=O)c1ccc(O)cc1,P-1,False
IFOFUF,IFOFUF,at 296 K,FC(F)(F)S(=O)(=O)[O-].C[N+]1=C2C=CC=CC2=NS1,P21/c,False
SEZDIL,SEZDIL,at 123 K,OC=O.NC(=O)N1c2ccccc2CCc2ccccc12,P-1,False
LIGPAV,LIGPAV,293 K,OC(=O)C=CC(O)=O.NC1=Nc2ccccc2S1,P21/c,False
TAZLUE,TAZLUE,293 K,c1cnc2ncccc2c1.CSc1ccc(cc1)B(O)O,Pbcn,False
LESBOC,LESBOC,at 293 K,CC(=O)Nc1ccc2c(C)cc(nc2n1)C(Br)Br.O=C1CCC(=O)N1,P21/m,False
IRUDOP,IRUDOP,at 103 K,BrC1=C(Br)C(=O)NC1=O.Nc1nc(N)c(Cl)cc1Cl,P-1,False
AGAQOQ,AGAQOQ,98 K,OC(=O)c1cc[nH+]cc1.OC(=O)c1cc(C(O)=O)c(cc1C(O)=O)C(=O)[O-],P-1,False
QEPRAH,QEPRAH,293 K,[NH3+]CCNc1ccc(cc1OC)N(=O)=O.CC(=O)[O-],Fdd2,False
ADIZIA,ADIZIA,293 K,O=S(=O)([O-])c1ccccc1.[NH3+]c1ccc(cc1)N(=O)=O,P21/c,False
ASOMAW,ASOMAW,at 296.1 K,[NH3+]Cc1ccccc1OC.CC=CC=CC(=O)[O-],P-1,False
PADNUH,PADNUH,100.0 K,OC(=O)c1c(F)c(F)c(F)c(F)c1F.C(Cc1ccncc1)Cc1ccncc1,P21212,False
PITPIV,PITPIV,123 K,Cc1ccc(cc1)S(=O)(=O)[O-].[NH3+]CCCC(=O)OCC,P21/n,False
PUNXEC,PUNXEC,at 103.1 K,[NH3+]C(C)c1ccc(F)cc1.CCOP([O-])(=S)c1ccc(Cl)cc1,P21,False
FICTAO,FICTAO,100 K,O=Cc1ccncc1.OC(=O)C=CC(O)=O,P-1,False
BARBAM,BARBAM,,CCC1(CC)C(=O)NC(=O)NC1=O.CC(N)=O,P212121,False
GEQXEH,GEQXEH,at 100 K,OC(=O)c1c(O)cccc1O.CCOc1ccccc1C(N)=O,P21/n,False
UNUNOJ,UNUNOJ,294 K,OC(=O)CCC#C.c1cnccn1,P21/c,False
LOSCOL,LOSCOL,at 173 K,CS(=O)(=O)[N-]S(C)(=O)=O.NC1=CC(=[NH+]C(=S)N1)N,P21/n,False
UWANAJ,UWANAJ,173 K,OC(=O)c1cc(ccc1O)S(=O)(=O)[O-].NC1=[NH+]C(=O)NC=C1,P-1,False
VABSAU,VABSAU,at 296 K,O=C([O-])c1ccccc1.CC(C)[NH2+]CC(O)c1ccccc1Cl,P21/n,False
ZATGOU,ZATGOU,100 K,Oc1cccc(O)c1.CN1C=CC(=O)C(=C1C)O,P21/n,False
EBALEB,EBALEB,110 K,C(Cc1ccncc1)c1ccncc1.Nc1cc(cc(c1)C(O)=O)C(O)=O,P21/n,False
JICWIB10,JICWIB10,at 0 deg.C,Nc1nc(N)nc(N)n1.BrC1(Br)C(=O)NC(=O)NC1=O,Ccm21,False
CEMPOD,CEMPOD,298.1 K,OB(O)c1ccc(cc1)B(O)O.C(Cc1ccncc1)c1ccncc1,P-1,False
SAVSUD,SAVSUD,,OP(=O)([O-])C[NH2+]CC(=O)[O-].C[S+](C)C,P21/n,False
EROHOJ,EROHOJ,at 293 K,O=C([O-])C=Cc1ccccc1.CN1CC(=O)[NH+]=C1N,P21/c,False
KOTMAJ,KOTMAJ,at 200 K,[NH3+]C(C(O)c1ccccc1)c1ccccc1.OC(C(=O)[O-])c1ccccc1,P212121,False
LUJSOZ,LUJSOZ,at 180 K,CC(=O)Nc1ccc(O)cc1.c1ccc2nc3ccccc3nc2c1,P-1,False
COHWIF01,COHWIF01,at 93 K,C1CN2CCN1CC2.Oc1ccc(O)cc1,P21/n,False
TUVZIU,TUVZIU,at 110 K,OC1C(O)C(OC1COP(O)(=O)[O-])N1C=NC2=C1N=CNC2=O.[NH3+]C(CC1=C[NH+]=CN1)C(=O)[O-],P21,False
NEBWAW,NEBWAW,293 K,O=N(=O)c1ccc(cc1)N1CC[NH2+]CC1.Oc1ccc(cc1)C(=O)[O-],P-1,False
OSEGIF,OSEGIF,160 K,OC(C(O)C(=O)[O-])C(O)=O.NC(=O)c1ccc[n+](c1)C1OC(CO)C(O)C1O,P212121,False
WUVLEF,WUVLEF,at 100 K,O=C([O-])c1cccnc1.Nc1[nH+]nc(c(N)n1)c1cccc(Cl)c1Cl,P21/c,False
MAKXED,MAKXED,at 173 K,[NH3+]C(C)(C)CO.CC(C)(CO)NC(=O)[O-],P21/n,False
VEKBEV,VEKBEV,297.3 K,NC(=O)c1ccncc1.NS(=O)(=O)c1cc2c(NC=NS2(=O)=O)cc1Cl,P21/n,False
IPUYEZ,IPUYEZ,298 K,NC(=O)c1cccnc1.COc1cc(cc(OC)c1O)C(O)=O,P21/n,False
NEFFIQ,NEFFIQ,100 K,NC(=O)c1cccnc1.OC(=O)c1cccc(O)c1O,P21/n,False
SIMXUK,SIMXUK,100 K,NC(N)=O.OC(=O)CC(O)(CC(O)=O)C(O)=O,P21/c,False
ROPHIP,ROPHIP,at 150 K,c1cc(ccn1)C=Cc1ccncc1.Oc1cc(O)cc(O)c1,P-1,False
FAVRID,FAVRID,at 150 K,FC(F)(F)C(=O)[O-].BrC1=CC2(CCNC3=C2C2=[NH+]CCC4=CNC(=C24)C3=O)C=C(Br)C1=O,P-1,False
SIHMEE,SIHMEE,120 K,Cc1nc(C)c(Cl)c(N)n1.OC(=O)c1ccccc1,P21/c,False
QIGQIK,QIGQIK,294 K,O=C(N1CCCC1)c1ccc(cc1)C(=O)N1CCCC1.Oc1ccc(O)cc1,P21/c,False
BEDTAF,BEDTAF,at 173 K,FC(F)(F)S(=O)(=O)[O-].ClC[N+]12CCC(CC1)CC2,P21/m,False
PURHIV,PURHIV,173 K,CN(C)C(C)=O.Cc1nc(N)nc(N)n1,Fdd2,False
ITOXUL,ITOXUL,at 173 K,OC(=O)C=Cc1ccccc1.c1cc2cccc(c3ccncc3)c2c(c1)c1ccncc1,P-1,False
BEKTAP,BEKTAP,125 K,FC(F)(F)C(=O)[O-].[NH3+]CC1=C(F)C(=NO1)OC(C)C,P21/c,False
NUJWEV,NUJWEV,at 100 K,CC1=Nc2ccccc2N1Cc1ccc(Br)cc1.ON=C(C#N)c1ccc(Br)cc1,P21/c,False
XOGFIK,XOGFIK,at 293 K,Cc1nc(C)c(C)nc1C.OC(=O)c1ccccc1C(O)=O,P-1,False
AYUQAN,AYUQAN,at 293 K,CC(=O)Nc1ccccc1C(=O)[O-].CCc1[nH+]c(N)nc(N)c1c1ccc(Cl)cc1,C2/c,False
ONAQAW,ONAQAW,at 293 K,C(Cc1ccncc1)c1ccncc1.Cc1ccc(cc1)C(O)=O,P-1,False
OCEBUV,OCEBUV,at 173 K,NC(=O)c1ccncc1.OC(=O)c1ccc2ccccc2c1,P21/c,False
KECKUB,KECKUB,120 K,O=C(NN=Cc1ccncc1)c1cccnc1.OC(=O)CCCC(O)=O,P-1,False
WUQDUJ,WUQDUJ,150 K,COc1ccc2c(C)cc(C)nc2c1.Cc1ccc(cc1)S(O)(=O)=O,P21/c,False
IBOSEZ,IBOSEZ,at 100 K,FC(F)(F)S(=O)(=O)[O-].C[Si](C)(C)OP(C)(C)=[N+]=P(C)(C)C,P-1,False
OTURIH,OTURIH,291 K,CCCOc1ccc2ncnc3c4ccccc4Sc1c23.Oc1ccccc1,P-1,False
VECTOP,VECTOP,85 K,Nc1[nH+]nc(c(N)n1)c1cccc(Cl)c1Cl.OC(=O)C(=O)[O-],P21/c,False
LEDZOJ,LEDZOJ,,CC(C)=CC1C(C(=O)[O-])C1(C)C.C[NH+](C)C(CO)C(O)c1ccc(cc1)N(=O)=O,P21,False
WEGTUA,WEGTUA,293 K,c1cnc2c(c1)ccc1cccnc21.CC(=NO)C(C)=NO,I2/a,False
FADHUP,FADHUP,at 173 K,OC(=O)c1cccc(O)c1.CC(C)=NNC(=O)c1ccncc1,P21/c,False
TITHAG,TITHAG,at 295 K,OC(=O)C(O)=O.O=C1N2CCCCC2=Nc2ccccc12,P-1,False
NUGJUX,NUGJUX,100 K,CCC([NH2+]CC[NH2+]C(CC)CO)CO.O=C([O-])C=CC(=O)[O-],P1,False
MUROXA01,MUROXA01,,CNC(N)=O.OC(=O)C(O)=O,P21/c,False
AQONIG,AQONIG,295 K,c1cc(ccn1)C=Cc1ccncc1.Oc1ccc(Cc2ccc(O)cc2)cc1,C2/c,False
UXOBEP,UXOBEP,at 150 K,Nc1ncncn1.CCCCCCCCC(O)=O,P-1,False
LOXCUY,LOXCUY,293 K,NC(=O)c1ccncc1.OB(O)c1ccc(cc1)B(O)O,P21/c,False
DUNCOG,DUNCOG,110 K,O=C1CCC(=O)N1.OC(=O)c1cc(O)c(O)c(O)c1,P21/c,False
DEBJAW,DEBJAW,at 223 K,c1cc(ccn1)c1ccncc1.Oc1ccc(cc1)C(c1ccccc1O)c1ccccc1O,P21/c,False
NAYCUN,NAYCUN,at 293 K,O=C([O-])c1ccc(cc1)N(=O)=O.Oc1ccc2[nH+]cccc2c1,P-1,False
GAMCED,GAMCED,at 293 K,OCC([NH2+]C1CC(CO)C(O)C(O)C1O)CO.O=N(=O)c1cc(c([O-])c(c1)N(=O)=O)N(=O)=O,P21,False
EVACAG,EVACAG,at 200 K,O=P(c1ccccc1)(c1ccccc1)c1ccccc1.COC(=O)NNC(=O)OC,C2/c,False
TMABCA01,TMABCA01,81 K,CN(C)c1ccc(cc1)N(C)C.ClC1=C(Cl)C(=O)C(=C(Cl)C1=O)Cl,P-1,False
MOFYAI,MOFYAI,at 291 K,Oc1ccc2ccccc2c1c1c(O)ccc2ccccc12.c1ccc2nc3ccccc3cc2c1,P2/c,False
VESZEB,VESZEB,173 K,C1N2CN3CN1CN(C2)C3.COc1cc(ccc1O)C(O)=O,Pbca,False
HIQMUT,HIQMUT,90 K,Fc1c(F)c(F)c(c(F)c1F)C(=O)[O-].COc1ccccc1N1CC[NH2+]CC1,P21/n,False
XEHZEP,XEHZEP,,C[NH+]1C2CCC1C(O)C2.OC(=O)C(=O)[O-],P21/n,False
ROJRAM,ROJRAM,293 K,N#Cc1cc(C#N)c(cc1C#N)C#N.O=C(N1c2ccccc2c2ccccc12)c1ccccc1,P-1,False
ZATHIP01,ZATHIP01,100 K,CN1C=CC(=O)C(=C1C)O.Oc1cccc(O)c1O,Pna21,False
TAZQIX,TAZQIX,293 K,OC(C(O)C(=O)[O-])C(O)=O.CN1CC(=O)NC1=[NH2+],P212121,False
DEJWAT,DEJWAT,100 K,CC(=O)[O-].[NH3+]CCO,P21/n,False
UFORAK,UFORAK,at 296 K,CN(C)C=O.OC1=C(C(=O)CC1)C1(C(=O)Nc2ccc(F)cc12)C1=C(O)CCC1=O,P-1,False
NEFGEN,NEFGEN,100 K,OC(=O)c1c(O)cccc1O.NC(=O)c1cnccn1,P21/c,False
ETOYAP,ETOYAP,295 K,BrBr.COc1ccncc1,P-1,False
UMUZAG,UMUZAG,100 K,CC(C)=NNC(=O)c1cc[nH+]cc1.FC(F)(F)c1ccc(NC(=O)NCS(=O)(=O)[O-])cc1,Pna21,False
MORVEV01,MORVEV01,at 100 K,Oc1cc(O)cc(O)c1.c1ccc2nc3ccccc3nc2c1,P-1,False
PECWEB,PECWEB,at 100 K,Nc1cc(Cl)nc(N)n1.OC(=O)c1ccccc1,P21/c,False
KIHXEF,KIHXEF,at 100 K,Oc1cccc(c1)C#N.C(Cc1ccncc1)c1ccncc1,P21/c,False
UBEJOC,UBEJOC,at 295 K,O=C(c1[nH+]cccc1)c1ccccc1.O=N(=O)c1cc(c([O-])c(c1)N(=O)=O)N(=O)=O,P-1,False
REHNAT01,REHNAT01,100 K,N#Cc1cc(C#N)c(cc1C#N)C#N.Oc1ccc(O)cc1,P-1,False
NUGQOW,NUGQOW,at 293 K,c1ccc(C=Cc2ccccn2)nc1.OC(=O)C=CC(O)=O,C2/c,False
ROPTIB,ROPTIB,at 100 K,OC(C(O)C(=O)[O-])C(O)=O.[NH3+]c1ccc(Cl)cc1,P1,False
TAZRAO,TAZRAO,at 100 K,NC(=O)N1c2ccccc2C=Cc2ccccc12.CC(=O)Oc1ccccc1C(O)=O,P-1,False
OQIWOD,OQIWOD,190 K,c1cc(ccn1)C=Cc1ccncc1.Oc1ccc(cc1)C1=COc2cc(O)cc(O)c2C1=O,P21/c,False
JAJYUS,JAJYUS,293 K,OC(=O)C=Cc1ccc(O)cc1.NC(=O)c1cnccn1,C2/c,False
HOWZIF,HOWZIF,190 K,OC(=O)c1ccc(cc1)C(O)=O.C(Cc1ccncc1)c1ccncc1,P-1,False
GAXSAB,GAXSAB,at 85 K,OC(=O)c1cc(O)ccc1O.O=C1CC2(CCCCC2)CN1,P21/n,False
TIFTAD,TIFTAD,at 293 K,OC(=O)CCSCCC(O)=O.c1cnc2c(c1)ccc1ncccc21,C2/c,False
LACSUG,LACSUG,298 K,Nc1ccc(C(O)=O)c(O)c1.c1cnccn1,P21/c,False
YIFYUJ,YIFYUJ,at 173 K,COc1cccc(c1)C1(O)c2ccccc2Oc2ccccc12.C1COCCN1,P-1,False
LIHBEK,LIHBEK,at 293 K,O=C([O-])c1ccc(cc1)N(=O)=O.[NH3+]C(CC)CO,P-1,False
YAJGAU,YAJGAU,150 K,O=S1(=O)[N-]C(=S)c2ccccc12.[NH3+]c1ccccc1C(N)=O,P-1,False
TEZTIC,TEZTIC,at 293 K,[NH3+]CCCCC([NH3+])C(=O)[O-].ClC(Cl)(Cl)C(=O)[O-],P21,False
DEDMAD,DEDMAD,293.1 K,NC(=O)CN1CCCC1=O.Nc1cccc(N)n1,Pbca,False
LECDUV,LECDUV,293 K,Cc1nccnc1C.OC(=O)c1ccc(O)c(c1)C(O)=O,P-1,False
LOFJEX,LOFJEX,at 100 K,[NH3+]C(C(O)c1ccccc1)c1ccccc1.ClC1=C(Sc2ccccc12)C(=O)[O-],C2,False
RANDAP,RANDAP,150 K,CS(=O)(=O)O[n+]1ccccc1.CS(=O)(=O)[O-],P21/c,False
TARPIO02,TARPIO02,295 K,NS(=O)(=O)c1cc(C(O)=O)c(NCC2=CC=CO2)cc1Cl.CS(C)=O,P21/c,False
YISDIN,YISDIN,at 150 K,CC1=CC(C=C(C)C1=O)=C(C#N)C#N.S1C=CSC1=C1SC=CS1,P21/c,False
KUPBAB,KUPBAB,100.0 K,FC(F)(F)C(=O)[O-].CCc1[nH+]ccc2c3ccccc3N(OC)c12,P-1,False
PEVCAX,PEVCAX,200 K,NS(=O)(=O)[O-].[NH3+]C(CCC[NH+]=C(N)N)C(=O)[O-],P1,False
PAVYUI,PAVYUI,at 295 K,FC(F)(F)S(=O)(=O)[O-].C[n+]1c2ccccc2c(C(=O)Oc2ccccc2Br)c2ccccc12,P21/c,False
VABGUB01,VABGUB01,at 293 K,F[n+]1ccccc1.FC(F)(F)S(=O)(=O)[O-],P21/c,False
GAZSEJ,GAZSEJ,293 K,O=C([O-])C(c1ccccc1)c1ccccc1.CC1=C[NH+]=C(N)S1,P21,False
ZATLOZ,ZATLOZ,100 K,OC(=O)C(=O)[O-].[NH3+]C(C(C)CC)C(O)=O,P21/n,False
IVUKIU,IVUKIU,at 123 K,C[NH+](C)C(C)C(O)c1ccccc1.Clc1ccccc1C(=O)[O-],P21,False
NEWRUD,NEWRUD,at 100 K,OC(=O)CCCCCCCCC(O)=O.CC(=O)Nc1ccncc1,C2/c,False
ATALEP,ATALEP,133 K,Cc1nc(C)c(C)nc1C.OC(=O)c1cc(O)cc(O)c1,I2/a,False
KIHXAB,KIHXAB,at 298 K,Oc1cccc(c1)C#N.c1ccc(cc1)c1ccncc1,P21/c,False
EXEZIR,EXEZIR,at 293 K,Cc1cc(Cl)nc(N)n1.Cc1ccccc1C(O)=O,P21/c,False
FALXAS,FALXAS,at 293 K,OC(C(O)C(=O)[O-])C(O)=O.O=C(N1CC[NH2+]C2CCCCC12)C1=CC=CO1,P21,False
DIYYOB,DIYYOB,97 K,CC(C)(C)c1cc(O)ccc1O.CCN1C=C(C(O)=O)C(=O)c2ccc(C)nc12,P-1,False
YARQAJ,YARQAJ,,FC(F)(F)C(=O)[O-].C[N+]1(C)c2cccc3cccc(c23)C1(C)O,P21/n,False
EWUTEX,EWUTEX,173 K,O=C1C(=C(C#N)C(=O)C(=C1C#N)C#N)C#N.c1ccc2ccccc2c1,P-1,False
UPELUX,UPELUX,at 153 K,FC(F)(F)S(=O)(=O)[O-].CC(C)N1C(=C(C)[N+](=C1P(C#N)C#N)C(C)C)C,P21/c,False
BENSUK,BENSUK,at 223 K,FC(F)(F)S(=O)(=O)[O-].CN1C=C[N+](=C1C(=O)c1ccccc1)C,P-1,False
MEDCEF,MEDCEF,at 123 K,Fc1cccc(c1)C(=O)[O-].[NH3+]CCc1ccc(O)cc1,P21/c,False
KAHCUV01,KAHCUV01,100 K,Oc1ccccc1C(=O)[O-].CC(O)C[NH+](CC(C)O)CC(C)O,P-1,False
XUVLUV,XUVLUV,at 293 K,CC(C)N1N=C(C(=NC1=[NH2+])N)c1cccc(Cl)c1Cl.CS(=O)(=O)[O-],P-1,False
YENVIA,YENVIA,150 K,O=C([O-])c1ccc2ccccc2n1.[NH3+]CCCO,P-1,False
HOXBOO,HOXBOO,190 K,c1cc(ccn1)C=Cc1ccncc1.OC(=O)c1ccc(cc1)C(O)=O,P-1,False
AGOTAT,AGOTAT,at 200 K,[NH3+]c1ccc(OC)cc1.OC(=O)c1cc(Cl)c(Cl)cc1C(=O)[O-],C2221,False
EGENIP,EGENIP,296 K,NS(=O)(=O)c1cc2c(NCNS2(=O)=O)cc1Cl.NC(=O)c1cnccn1,P212121,False
KEKGUD,KEKGUD,at 120 K,Nc1ncccn1.OC(=O)CN1C(=O)c2cc3C(=O)N(CC(O)=O)C(=O)c3cc2C1=O,P21/c,False
ABULEQ,ABULEQ,at 293 K,OC(=O)c1cc2ccccc2cc1O.NC(=O)c1cccnc1,C2/c,False
UPIYUP,UPIYUP,296 K,[NH3+]C(C(=O)OC)C(C)(O)C(F)F.CC1(C)C2CCC1(CS(=O)(=O)[O-])C(=O)C2,P212121,False
ZOHWEA,ZOHWEA,at 150 K,Oc1ccc(Cl)c(Cl)c1Cl.Nc1cc(Cl)cc(Cl)c1,P-1,False
BICQUB01,BICQUB01,at 110 K,NNC(=O)c1ccncc1.OC(=O)c1ccc(O)cc1,P21/n,False
ZOHTEX,ZOHTEX,at 150 K,Nc1ccc(Cl)cc1.Oc1cc(Cl)c(Cl)c(Cl)c1,P-1,False
MEWTAL,MEWTAL,at 150 K,OC(CN1C=NC=N1)(CN1C=NC=N1)c1ccc(F)cc1F.OC(=O)CC(O)=O,Pbcn,False
UFEZUD,UFEZUD,292 K,[NH3+]Cc1cc(OC)cc(OC)c1.CN(C)c1ccc(cc1)C=C(C#N)C(=O)[O-],P21,False
XONBEJ,XONBEJ,at 296 K,OC(=O)C1=CC=C(Cl)S1.c1ccc2nc3ccccc3cc2c1,P-1,False
QUWZIS,QUWZIS,at 294 K,c1ccc2nccnc2c1.Oc1c(F)c(F)c(O)c(F)c1F,P212121,False
ZEYNID,ZEYNID,293 K,Cc1nccnc1C.OC(=O)c1cccc(O)c1O,C2/c,False
UKITEQ,UKITEQ,298 K,Cc1cccc2SC(=Nc12)N.COc1cc(C=CC(O)=O)cc(OC)c1OC,P21/c,False
AYILEB,AYILEB,296 K,c1ccc2cnccc2c1.OC(=O)c1ccccc1SSc1ccccc1C(O)=O,P-1,False
VEMJII,VEMJII,at 293 K,[NH3+]CC(O)COc1ccccc1.OC(C(=O)[O-])c1ccccc1,P212121,False
HIBBID,HIBBID,,[NH3+]CC(=O)NCC(O)=O.O=N(=O)c1ccc(c(c1)N(=O)=O)S(=O)(=O)[O-],P-1,False
OZOTEE,OZOTEE,296 K,ON=Cc1cc[nH+]c2ccccc12.Oc1cccc(C(=O)[O-])c1O,C2/c,False
XUVBEX,XUVBEX,130 K,OC(=O)C1CC[NH2+]CC1.OC1=C([O-])C(=O)C1=O,Pbcn,False
HEZSOU,HEZSOU,at -60 deg.C,NC(N)=O.N#CCCCC#N,Pmmn,False
JECZAS,JECZAS,,OC(=O)C=Cc1ccccc1.NC(=O)C=Cc1ccccc1,P21/a,False
WIHJAA,WIHJAA,at 200 K,OC(=O)c1cc(cc(c1[O-])N(=O)=O)N(=O)=O.Cc1[nH+]c(NS(=O)(=O)c2ccc(N)cc2)nc(C)c1,P21/c,False
NUNPUJ,NUNPUJ,100 K,OC1CC[NH2+]CC1.OC1CCN(CC1)C(=O)[O-],P-1,False
XEDSUY,XEDSUY,298.1 K,Oc1cc(O)c(Cl)cc1Cl.S1C(=Nc2ccccc12)C=CC=Cc1ccccc1,Pbca,False
KAYHUP,KAYHUP,at 120 K,O=C(Nc1ccccn1)c1cccnc1.OC(=O)CCCCCC(O)=O,P-1,False
KUWNAT,KUWNAT,150 K,NC(=O)NN=C1C(=O)c2ccccc2c2ccccc12.c1ccccc1,P21/c,False
SIJXEQ,SIJXEQ,at 298 K,[NH2+]=C1NC(=O)NC=C1F.O=C1[N-]S(=O)(=O)c2ccccc12,P21/c,False
YAJGEY,YAJGEY,150.0 K,O=S1(=O)NC(=S)c2ccccc12.NC(=O)N1c2ccccc2C=Cc2ccccc12,P-1,False
DEBXAL,DEBXAL,at 223 K,FC(F)(F)S(=O)(=O)[O-].CN1C=C[N+](=C1C(=O)C=Cc1ccccc1)C,Pca21,False
VACJAM,VACJAM,at 293 K,[NH2+]1CCOCC1.Oc1c(cc(c([O-])c1N(=O)=O)N(=O)=O)N(=O)=O,P-1,False
KUVYUX,KUVYUX,213.6 K,NC(=O)NN=C1C(=O)c2ccccc2c2ccccc12.C1COCCO1,P21/c,False
DEBHUO,DEBHUO,at 223 K,Oc1ccc(cc1)C(c1ccccc1O)c1ccccc1O.c1cnccn1,P-1,False
TATWUI,TATWUI,at 150 K,CC(=O)[O-].COC(N)=NC(N)=[NH2+],Pbcn,False
XIYSEG,XIYSEG,298 K,OC(=O)c1cccc(n1)C(O)=O.OC(CN1C=NC=N1)(CN1C=NC=N1)c1ccc(F)cc1F,P-1,False
ITIRIP,ITIRIP,150 K,O=N(=O)C1=NN=C([N-]1)N1N=C(N=[N+]=[N-])N=[N+]1C1=NN=C([N-]1)N(=O)=O.C[N+]1=NOC(=C1)N,P21/n,False
TUJKIV01,TUJKIV01,213.0 K,[NH3+]c1cc(ccc1OC)N(=O)=O.FC(F)(F)S(=O)(=O)[O-],P21/c,False
HIQQEF,HIQQEF,298 K,CC(C)COc1ccc(cc1C#N)C1=NC(=C(S1)C(O)=O)C.CC(N)=O,P21/c,False
WIZBIR,WIZBIR,at 100 K,C[NH+](C)CC(SC(C)C)=CSC(C)C.OC(=O)C(=O)[O-],P21/c,False
ABIGIB,ABIGIB,,Nc1ncc(cn1)c1c2ccccc2cc2ccccc12.CCOC(C)=O,C2/c,False
NICVEB,NICVEB,at 130 K,FC(F)(F)S(=O)(=O)[O-].C[n+]1ccc(C[Si](C)(C)C(C)(C)C)cc1,Pbca,False
PIVZAZ,PIVZAZ,123 K,OC1=[NH+]CCCCC1.FC(F)(F)S(=O)(=O)[O-],P212121,False
UVIMAO,UVIMAO,at 120 K,OC(=O)C(F)(F)C(F)(F)C(=O)[O-].CN1C(=O)N(C)C2=C([N+](=CN2)C)C1=O,P21/n,False
FOSFUQ,FOSFUQ,298 K,COc1cc(ccc1O)C(O)=O.NNC(=O)c1ccncc1,P-1,False
ZUPLEB,ZUPLEB,,c1ccc2nc3ccccc3nc2c1.OC(=O)CC(O)=O,P-1,False
BULJID,BULJID,293 K,OC(=O)c1ccccc1O.c1cc(ccn1)N=Nc1ccncc1,P21/c,False
EWINAZ,EWINAZ,at 298 K,[NH3+]C(CCCNC(N)=[NH2+])C(=O)[O-].Oc1ccc(O)c(c1)C(=O)[O-],P21,False
LIGNIA,LIGNIA,290 K,OC(=O)c1cc(ccc1O)S(=O)(=O)[O-].ClCCC[NH+]1CCCCC1,P212121,False
XUVPOU,XUVPOU,at 120 K,O=C([O-])c1ccc(cc1)N(=O)=O.CC1=C[NH+]=C(N)S1,Pca21,False
UGOSAM,UGOSAM,at 293 K,CC1=CSC(=N1)N.OC(=O)CCCCCCC(O)=O,P21/c,False
GENTOJ,GENTOJ,at 290 K,OB(O)c1ccccc1.NN1C(=O)NC2(CCCCC2)C1=O,P-1,False
DEWYOU,DEWYOU,at 150 K,CCN1C=[NH+]C2=C1N=C(N)NC2=O.O=C[O-],P-1,False
UROLAQ,UROLAQ,100 K,CC(C)(C)OC(=O)N1CC2CC2C1C(=O)[O-].[NH3+]C(CO)c1ccccc1,P212121,False
VATVAP,VATVAP,at 100 K,O=C1C=C([O-])C(=O)c2ccccc12.[NH3+]C(CO)(CO)CO,P-1,False
YOLQOF,YOLQOF,at 183 K,C1N2CN3CN1CN(C2)C3.COc1cc(C=O)ccc1O,Pca21,False
QUCKAB,QUCKAB,at 180 K,N#Cc1cccnc1.OC1=C(Cl)C(=O)C(=C(Cl)C1=O)O,P-1,False
BILXEA,BILXEA,at 120 K,O=C(Nc1ccccc1)C1=CC=C(S1)C(=O)Nc1ccccc1.CS(C)=O,P21/n,False
DATDUZ,DATDUZ,at 293 K,CC(=O)NC1=NN=C(S1)S(N)(=O)=O.OC(=O)c1cccc(O)c1O,P21/c,False
VEZWOM,VEZWOM,,CCOP([O-])(=S)OCC.C[NH2+]C(C)C(O)c1ccccc1,P21,False
EZEGOH,EZEGOH,296 K,CCc1[nH+]ccc(c1)C(N)=S.Clc1cc(ccc1C(=O)[O-])N(=O)=O,P21/n,False
RIMWIW,RIMWIW,293 K,Cc1nc(C)c(C)nc1C.OC(=O)c1cc(Cl)ccc1O,C2/c,False
GIPQEB,GIPQEB,,c1cc(ccn1)c1ccncc1.OC(=O)C=CC(O)=O,P-1,False
LIDNPP,LIDNPP,,O=N(=O)c1ccc(OP(=O)([O-])Oc2ccc(cc2)N(=O)=O)cc1.CC[NH+](CC)CC(=O)Nc1c(C)cccc1C,P21/c,False
KAPSON,KAPSON,170 K,CN(C)C(C)=O.NC1=NC(=NO1)N=NC1=NOC(=N1)N,P-1,False
EWUTOH,EWUTOH,173 K,COc1ccc(OC)cc1.O=C1C(=C(C#N)C(=O)C(=C1C#N)C#N)C#N,P-1,False
VUTNAB,VUTNAB,296 K,Nc1ccc(cc1)C(O)=O.NC(=O)c1cnccn1,P21/n,False
PODLAV,PODLAV,,COc1cc(C=O)ccc1O.Nc1ncncc1c1ccccc1,P1121/n,False
FOQHEY,FOQHEY,,Oc1ccc(O)cc1.c1ccc2nc3ccccc3nc2c1,P-1,False
RAPHEV01,RAPHEV01,at 160 K,OC(=O)c1cc(cc(c1)C(O)=O)C(O)=O.c1ccncc1,C2/c,False
FOSMIL,FOSMIL,100 K,OC(=O)C=Cc1ccc(O)c(O)c1.NNC(=O)c1ccncc1,P21/c,False
JOKYAM,JOKYAM,301 K,Cc1ccncc1.Nc1ccc(cc1)S(=O)(=O)Nc1ccc(Cl)nn1,P21/c,False
ODIDIR,ODIDIR,296 K,CCOc1ccccc1C(N)=O.COc1cc(C=CC(O)=O)ccc1O,Pbca,False
YIPLAN,YIPLAN,100.0 K,[NH3+]CC(CC(O)=O)c1ccc(Cl)cc1.OC(CC(=O)[O-])C(O)=O,P21,False
DUHYOV,DUHYOV,at 293 K,[NH3+]C1=C(C)N(C)N(c2ccccc2)C1=O.Oc1ccccc1C(=O)[O-],P21/c,False
GAHJOO,GAHJOO,,OCC[NH+](CCO)CCO.O=C([O-])c1cc(cc(c1)N(=O)=O)N(=O)=O,P21/n,False
COPHAR,COPHAR,at 173 K,C[P+](c1ccccc1)(c1ccccc1)c1ccccc1.CC1(C)OC(=O)C(=C([O-])O1)C#N,P21/c,False
RORNUJ,RORNUJ,at 301 K,OB(O)c1ccc(Br)cc1.c1ccc2nc3ccccc3nc2c1,P-1,False
EWAQAV,EWAQAV,at 150 K,NC(=O)c1cccnc1.Cc1cc(O)cc(O)c1,P-1,False
KENCOY,KENCOY,120 K,OB(O)c1ccc(O)cc1.O=C1CCCCCN1,P21/n,False
VULYOR,VULYOR,at 150 K,Cc1ccc(cc1)S(=O)(=O)[O-].CC1CC[N+]2=C(C1)Oc1ccccc21,P1,False
ZIXZAK,ZIXZAK,173 K,C[NH+](CC(C)(C)O)C(C)(C)CO.O=C[O-],P21,False
TICYIP,TICYIP,at 173 K,c1ccc(cc1)c1ccncc1.Nc1ccccc1C(O)=O,P21/n,False
BUNFUN,BUNFUN,120 K,Cc1nc(C)c(C)nc1C.Oc1c(F)c(F)c(Br)c(F)c1F,P-1,False
EFUNOJ,EFUNOJ,at 294 K,OC(=O)CCC(=O)[O-].NC1=CC=[NH+]C(=O)N1,C2/c,False
EDAPOQ,EDAPOQ,at 295 K,NC(=O)c1cccnc1.OC(=O)C=CC(O)=O,P21/n,False
GUDTUW,GUDTUW,at 130 K,OC(=O)CCCC(O)=O.c1cnccn1,P21/n,False
VELVOA,VELVOA,295 K,BrN1C(=O)c2ccccc2C1=O.Cc1ccccn1,Pnna,False
EDOROE,EDOROE,at 173 K,NCc1ccccc1.Oc1ccc2cc(O)ccc2c1,P21/a,False
NUKXUN02,NUKXUN02,at 293 K,NC(=O)c1cccnc1.OC(=O)CC(O)=O,P21/c,False
VIBBUG,VIBBUG,100 K,Oc1ccc(cc1)C(=O)[O-].[NH3+]C(Cc1ccccc1)C(=O)NNc1ccccc1,P21,False
NUMHAG,NUMHAG,298 K,NS(=O)(=O)c1ccccc1.O=C1CCCCCCN1,P21/n,False
MAMPUM01,MAMPUM01,at 298 K,c1ccc2nc3ccccc3nc2c1.OC1=C(Cl)C(=O)C(=C(Cl)C1=O)O,P21/n,False
VIDHOG,VIDHOG,,ONS(=O)(=O)c1ccccc1.CN(C)CCN(C)C,P21/c,False
SUYZAP,SUYZAP,298 K,OC(=O)C(O)=O.CN(C)c1ccc(C=O)cc1,P-1,False
EZIBIA,EZIBIA,150 K,N#Cc1ccncc1.CC1(C)N(Br)C(=O)N(Br)C1=O,C2/m,False
QIPNAE,QIPNAE,,OC(=O)CCC(O)=O.O=C1CCCC(=C1)NCc1ccncc1,P-1,False
FIKJIW,FIKJIW,120 K,CN(C)c1cc[n+](cc1)c1nc(F)nc(F)n1.FC(F)(F)S(=O)(=O)[O-],C2/c,False
KALQUM,KALQUM,293 K,NC(=O)c1cc[nH+]cc1.OC(CC(O)=O)C(=O)[O-],P21/n,False
ZIBDEX,ZIBDEX,100 K,[NH3+]C1CN(CC1F)C(=O)OC(C)(C)C.OC(=O)CC(C(=O)[O-])c1ccccc1,P21,False
HEZDAU,HEZDAU,93 K,FC(F)(F)S(=O)(=O)[O-].C[Si](C)(C)[n+]1ccccc1,P21/n,False
GIDVIY,GIDVIY,,CCC([NH2+]Cc1ccccc1)CO.CC1(C)C(C=C(Cl)Cl)C1C(=O)[O-],P21,False
ABEHOF,ABEHOF,at 293 K,[NH3+]C(C(C)C)C(O)=O.O=N(=O)c1cc(c([O-])c(c1)N(=O)=O)N(=O)=O,P21,False
TEMVAL,TEMVAL,250 K,FC(F)(F)S(=O)(=O)[O-].[NH3+]CCC(O)=O,P-1,False
SOVNIA,SOVNIA,at 273 K,OC(=O)CCCCC(O)=O.Nc1cc(N)nc(N)n1,P21/c,False
HUCYUB,HUCYUB,at 100 K,CN(C)C(=[NH2+])ON=C(N)c1ccccc1.Cc1ccc(cc1)S(=O)(=O)[O-],C2/c,False
FIYXEQ,FIYXEQ,,C1COCCOc2ccccc2OCCOCCO1.CC(N)=S,Pc,False
PIRXUL,PIRXUL,at 150 K,NS(=O)(=O)c1cc2c(NCNS2(=O)=O)cc1Cl.NC(=O)c1cccnc1,P212121,False
EYENAZ,EYENAZ,173 K,Nc1[nH+]c(nc(N)n1)c1cc(Cl)ccc1Cl.OC(=O)C=CC(=O)[O-],P-1,False
HEMHAM,HEMHAM,100 K,FC(F)(F)S(=O)(=O)[O-].CC1(O)[n+]2ccccc2c2ccccc12,P21/c,False
IDAQAG,IDAQAG,at 180 K,CCCCCCCCCCCC(O)=O.c1cnccn1,P-1,False
LUWHOA,LUWHOA,at 293 K,OC(=O)c1cc(ccc1O)S(=O)(=O)[O-].COc1cc(Cc2c[nH+]c(N)nc2N)cc(OC)c1OC,P21/c,False
RAVXOE,RAVXOE,296 K,Brc1cncc(Br)c1.OC(=O)c1cc(Br)cc(Br)c1O,P-1,False
BOVVIT,BOVVIT,at 150 K,c1cc(ccn1)C=Cc1ccncc1.OC(=O)c1ccc(F)cc1,P-1,False
AKUZUD,AKUZUD,200 K,Oc1ccc2ccccc2c1c1c(O)ccc2ccccc12.c1ccc2ncccc2c1,P-1,False
CAKZAR,CAKZAR,at 298 K,OB(O)c1ccc(O)cc1.CC1=NN=C2CN=C(c3ccccc3)c3cc(Cl)ccc3N12,P-1,False
NEQHIC,NEQHIC,at 298 K,[NH2+]=C1NC(=O)NC=C1.O=C1NC(=O)C=C(N1)C(=O)[O-],P21/c,False
ZIYFOF,ZIYFOF,100 K,NC1=Nc2ccc(OC(F)(F)F)cc2S1.COc1cc(cc(OC)c1OC)C(O)=O,Pna21,False
DAKBAS,DAKBAS,,[NH2+]1CCOCC1.CC(=O)C1=C(C)NC(=C(C#N)C1c1ccccc1N(=O)=O)[S-],C2/c,False
NUGZEV01,NUGZEV01,at 294 K,OC(=O)c1cccc(c1)C(O)=O.NN1C(=NN=C1c1ccncc1)c1ccncc1,P-1,False
RIGTIM,RIGTIM,at 120 K,Oc1ccc2c(Oc3cc(O)ccc3C32OC(=O)c2ccccc32)c1.c1ccc2c(c1)cnc1ccccc21,Cmc21,False
MESTEM,MESTEM,296 K,[NH3+]C(C(C)O)C(O)=O.Cc1ccc(cc1)S(=O)(=O)[O-],P21,False
UFIJEB,UFIJEB,291 K,O=N(=O)c1ccc(C[n+]2ccc3ccccc3c2)cc1.O=N(=O)c1cc(c([O-])c(c1)N(=O)=O)N(=O)=O,Cc,False
QIQLIL,QIQLIL,,[NH3+]c1ccc(cc1)C(=O)OCC.O=N(=O)c1cc(c([O-])c(c1)N(=O)=O)N(=O)=O,P-1,False
NUMKAJ,NUMKAJ,298 K,NS(=O)(=O)c1ccccc1Cl.O=C1CCCCN1,P21/c,False
UDEPUS,UDEPUS,99.8 K,CCC(=O)[O-].[NH3+]Cc1ccc(cc1)S(N)(=O)=O,P21/n,False
GUZFEN,GUZFEN,at 173 K,CCN1C=CC=CB1[n+]1ccc(cc1)C(F)(F)F.FC(F)(F)S(=O)(=O)[O-],P21/c,False
DAMMAF,DAMMAF,at -100 deg.C,CN(C)[S+](N(C)C)N(C)C.FC(F)(F)[O-],Pnma,False
XOQRAZ,XOQRAZ,296 K,Oc1c(cc(cc1N(=O)=O)N(=O)=O)C(=O)[O-].[NH2+]=C1NC(=O)NC=C1F,C2,False
MOLGIE,MOLGIE,at 293 K,[NH2+]1CCOCC1.CC1=NC(=NN1)SCC(=O)[O-],P21/c,False
CEWZAJ,CEWZAJ,150 K,Cc1nc(C)c(C)nc1C.OCc1cc(O)cc(O)c1,P-1,False
WIHTUG,WIHTUG,296 K,Oc1ccc(c2ccc[nH+]c12)N(=O)=O.Cc1ccc(cc1)S(=O)(=O)[O-],C2/c,False
YIZCOA,YIZCOA,at 293 K,O=S(=O)([O-])c1ccccc1.CCc1[nH+]c(N)nc(N)c1c1ccc(Cl)cc1,P-1,False
PAQNOM,PAQNOM,at 296 K,OC1=C(O)C(=O)C1=O.NC(=O)c1cnccn1,P21/c,False
MERWUF,MERWUF,100 K,Oc1ccc2ccccc2c1.COC(=O)c1ccncc1,P-1,False
NIYJIR,NIYJIR,100 K,FC(F)(F)C(=O)[O-].O=S1(=O)CC(C1)C1C[NH2+]C1,C2/c,False
YUCRAS,YUCRAS,293 K,Fc1ccccc1NC(=S)NNC(=O)c1ccncc1.CC(C)O,P21/n,False
TICRUU,TICRUU,at 100 K,c1cc(ccn1)c1ccncc1.Nc1ccc(cc1)S(=O)(=O)Nc1ncccn1,P-1,False
WARPIP,WARPIP,at 293 K,OC(=O)c1cc(cc(c1)C(O)=O)C(O)=O.c1cncc(c1)c1nnc(nn1)c1cccnc1,C2/c,False
GIWWUI,GIWWUI,123 K,Cc1ccc(cc1)S(=O)(=O)[O-].C[N+](C)=C(C)O,P21/c,False
QISSUK,QISSUK,282 K,OC(=O)c1ccc(Nc2ccccc2)cc1.c1ccncc1,P21/n,False
CEWYIM20,CEWYIM20,at -123deg.C,Oc1cccc2c3cccc(O)c3c12.CN1C(=CC(=O)C=C1C)C,P21/n,False
NORTEW,NORTEW,296 K,Oc1cccc(O)c1.c1ccc2nc3ccccc3nc2c1,C2/c,False
HUVGIQ,HUVGIQ,273 K,OC(=O)CCC(O)=O.C1=CN(C=N1)c1ccc(cc1)N1C=CN=C1,P-1,False
VANDIA,VANDIA,293 K,OC(=O)c1cc(ccc1O)S(=O)(=O)[O-].[NH3+]c1ccc(OC)cc1,Cc,False
NETXAL,NETXAL,,OC(C(O)C(=O)[O-])C(O)=O.C[NH2+]C(C)Cc1ccc(F)cc1,P212121,False
WUWQIR,WUWQIR,150 K,C1COCCO1.Nc1c(F)c(F)c(C(O)=O)c(F)c1F,P21/c,False
VEJQAG,VEJQAG,293 K,Nc1ncccn1.OC(=O)c1ccc(F)cc1,Pnma,False
NEBVUN,NEBVUN,at 293 K,Oc1cccnc1C(=O)[O-].COc1[nH+]c(N)nc(OC)c1,P-1,False
UFEVUZ,UFEVUZ,150 K,NC(=O)c1ccc(O)cc1.OC(=O)CC(O)=O,P21/n,False
NEBXUP,NEBXUP,at 293 K,OC(=O)CCl.COc1cc(OC)nc(N)n1,P21/c,False
DPHPZL,DPHPZL,,CN(C)C1=C(C)N(C)N(c2ccc(Br)cc2)C1=O.O=C1NC(=O)C(N1)(c1ccccc1)c1ccccc1,P-1,False
UKISOZ,UKISOZ,298 K,Cc1cccc2SC(=[NH2+])Nc12.Clc1ccc(C(=O)[O-])c(c1)N(=O)=O,P-1,False
FICXIZ,FICXIZ,at 298 K,NC1=[NH+]C(=O)NC=C1.OC(=O)c1cc(cc(c1[O-])N(=O)=O)N(=O)=O,P21/n,False
JALSOE,JALSOE,,O=S([S-])C12CC3CC(CC(C3)C1)C2.NC(=[NH2+])SCc1ccccc1,P-1,False
RADFIM,RADFIM,,NC1=[NH+]CCS1.Clc1cccc(Cl)c1OCC(=O)[O-],P21,False
GAXSUV,GAXSUV,at 120 K,CN(C)C=NN=CN(C)C.CCOC(=O)c1ccccc1N,P-1,False
VULVUV,VULVUV,100 K,Cc1[nH+]cc(CO)c(CO)c1O.O=C1[N-]S(=O)(=O)c2ccccc12,P21/c,False
UNEGAV,UNEGAV,at 233 K,C1CN2CCN1CC2.OC(=O)CCCCCCC(O)=O,P21/c,False
QOZYOV,QOZYOV,at 293 K,Nc1[nH+]cc(Br)cc1.OC(C(O)C(=O)[O-])C(O)=O,P212121,False
MUYDIW,MUYDIW,299 K,OC(C(O)C(=O)[O-])C(O)=O.[NH3+]c1ccc(O)cc1,P21,False
ENODIV,ENODIV,at 294 K,NC1=[NH+]C(=O)NC=C1.OC(CN1C=[NH+]C=C1)(P(O)(=O)[O-])P(O)(=O)[O-],P-1,False
BIGCEA,BIGCEA,at 298 K,Cc1ccc(cc1)S(=O)(=O)[O-].C[N+](C)(C)CC1OCC2OC(C)(C)OC12,P212121,False
KEXZIX,KEXZIX,at 293 K,Nc1ccc(N)cc1.OCCCCCCCCO,C2/c,False
TANZUH,TANZUH,100 K,[NH3+]F.FC(F)(F)S(=O)(=O)[O-],P-1,False
LOTGIK,LOTGIK,,OC(=O)c1ccc2ccccc2c1c1c(ccc2ccccc12)C(O)=O.CN(C)C=O,P-1,False
UKOSIX,UKOSIX,at 173 K,OC(=O)CCC(O)=O.NNC(=O)c1cccnc1,P21/c,False
RURROM01,RURROM01,at 293.1 K,OC1=C(F)C(=O)C(=C(F)C1=O)O.c1ccc2nc3ccccc3nc2c1,P-1,False
AHULIA,AHULIA,153 K,FC(F)(F)S(=O)(=O)[O-].CN1C(=C(C)[N+](=C1[Si](C)(C)C)C)C,P-1,False
RUDDEC01,RUDDEC01,153 K,[NH3+]CC(CC(C)C)CC(O)=O.Oc1ccccc1C(=O)[O-],P21212,False
PASXIT,PASXIT,296 K,OC(=O)c1ccccc1c1ccccc1C(=O)[O-].CN1CC(=O)NC1=[NH2+],P21/c,False
MEDHOU,MEDHOU,at 123 K,OC(C(=O)[O-])c1ccccc1.[NH3+]CCc1ccc(O)cc1,P21,False
DEJWEX,DEJWEX,100 K,CC(=O)[O-].C[N+](C)(C)CCO,P21,False
KIQRIN,KIQRIN,at 293 K,CNC([O-])=C(C#N)c1ccc(cc1N(=O)=O)N(=O)=O.C[NH+]1CCOCC1,P21/n,False
TEWQAR,TEWQAR,100 K,FC1=C(F)C(=O)C(=C(F)C1=O)F.O1c2cccc3Oc4cccc5Oc6cccc1c6N(c23)c45,P-1,False
DASFIM,DASFIM,,[O-]C(C#N)=C(C#N)C#N.Cc1ccc[n+](CC(N)=O)c1,P-1,False
TEVLEP,TEVLEP,170 K,OC(=O)C(O)=O.CCOc1ccccc1C(N)=O,P21/n,False
JEJNES,JEJNES,at 294 K,O=C([O-])c1ccc(cc1)N(=O)=O.[NH3+]c1ccc(OC)cc1,P21/n,False
MAYGAV,MAYGAV,at 293 K,NC1=NC2=NC(=NC3=NC(=NC(=N1)N23)N)N.OP(O)(O)=O,R3c,False
MORPLN01,MORPLN01,,[NH2+]1CCOCC1.O=C([O-])N1CCOCC1,P-1,False
CAKZUL,CAKZUL,at 301 K,OC(=O)CCC(O)=O.CC1=NN=C2CN=C(c3ccccc3)c3cc(Cl)ccc3N12,C2/c,False
YEQGUA,YEQGUA,298 K,OC(=O)c1ccc(cc1)C(O)=O.NC(=O)c1cnccn1,P-1,False
NOSROF,NOSROF,130 K,O=N(=O)c1cc(c([O-])c(c1)N(=O)=O)N(=O)=O.O=C(OC1C[NH2+]CCC1)c1ccccc1N(=O)=O,P21/c,False
SOGFUS,SOGFUS,100 K,OB(O)c1c[nH+]c2ccccc2c1.OP(=O)([O-])Oc1cccc2ccccc12,P-1,False
XAFSUV01,XAFSUV01,101 K,[NH2+]1CCOCC1.OC(=O)c1cc(cc(c1[O-])N(=O)=O)N(=O)=O,C2/c,False
SIKKIK,SIKKIK,298 K,Oc1cc2OC(=O)C=Cc2cc1O.NC(=O)c1cccnc1,P-1,False
YECVOV01,YECVOV01,298 K,NC(=O)c1cc[nH+]cc1.CN1C(=O)N(C)C2=C(N(CC(=O)[O-])C=N2)C1=O,C2/c,False
WIJCOL,WIJCOL,293 K,c1ccc2nc3ccccc3cc2c1.Oc1ccc(C=O)cc1,P21/c,False
ILIZUB,ILIZUB,113 K,O=C1NC(=O)C=C(N1)C(=O)[O-].[NH3+]CCCCC(O)=O,P21/n,False
DOGDAH,DOGDAH,301.1 K,CC1=[NH+]C=C(N1CCOC(=O)c1ccccc1)N(=O)=O.Oc1cccc(O)c1C(=O)[O-],P21/n,False
QENGUL,QENGUL,,[NH3+]C1CCCc2nc(OCc3ccccc3)ccc12.OC(C(=O)[O-])c1ccccc1,P21,False
LEWRIO,LEWRIO,,Nc1ncccn1.OC(=O)COc1ccc(Cl)c(Cl)c1,P-1,False
FOYTAP,FOYTAP,at 293 K,[NH3+]C(Cc1ccc(O)cc1)C(N)=O.OC1=C([O-])C(=O)C1=O,P21,False
AMIHAH,AMIHAH,150 K,NC(=O)NC(N)=O.OC(=O)CCCC(O)=O,P-1,False
NEVLEI,NEVLEI,100 K,[NH2+]1CCOCC1.FC(F)(F)C([O-])C(F)(F)F,P-1,False
AZUZIF,AZUZIF,at 296 K,[S-]C#N.Brc1ccc(cc1)[N+]1=Cc2ccccc2CC1,P-1,False
UPEFAY,UPEFAY,296 K,Nc1[nH+]c(N)nc(n1)c1ccc(Br)cc1.OC(=O)CCCC(=O)[O-],P21,False
TIRNOY,TIRNOY,at 293 K,Nc1[nH+]cc(c(N)n1)c1cc(Cl)cc(Cl)c1Cl.CS(=O)(=O)[O-],C2/c,False
UMUZOR,UMUZOR,at 150 K,CNC(=S)NN=C(C)C(C)=NNC(=S)NC.CS(C)=O,P-1,False
PATYER,PATYER,293 K,OC(=O)c1cc(ccc1O)S(=O)(=O)[O-].[NH3+]C1=CNC(=O)NC1=O,P-1,False
CAJVEP,CAJVEP,at 293 K,c1cc(ccn1)c1ccncc1.NC1=NC(=NC(=N1)N)N,C2/c,False
TARLAA,TARLAA,at 293 K,NC(N)=S.CCOC(=O)C(=O)OCC,P-1,False
XISWAA,XISWAA,293 K,Nc1ccc(cc1)C(=O)[O-].OCC[NH2+]CCO,P21/c,False
UTIMOC,UTIMOC,100 K,Oc1c(cccc1N(=O)=O)C(=O)[O-].NC(=O)c1c[nH+]ccc1,P21/n,False
XUKDEM,XUKDEM,at 100 K,CC(C)C1COc2c3OCC(C(C)C)n3[cH+]n12.FC(F)(F)S(=O)(=O)[O-],P212121,False
KIKLEW,KIKLEW,at 298 K,Oc1[nH+]cccc1.O=N(=O)c1cc(c([O-])c(c1)N(=O)=O)N(=O)=O,P21/c,False
EWAQID,EWAQID,at 150 K,NC(=O)c1ccncc1.Cc1cc(O)cc(O)c1,C2/c,False
YIPMOA,YIPMOA,at 193 K,[NH3+]CC(CC(C)(C)C)c1ccc(F)cc1.OC(C(=O)[O-])c1ccccc1,P212121,False
PAVGOK,PAVGOK,at 298 K,N#Cc1ccncc1.OC(=O)C(O)=O,P-1,False
EZIDEX,EZIDEX,at 298 K,Oc1cccc(O)c1C(=O)[O-].CC1=[NH+]N=C2CN=C(c3ccccc3)c3cc(Cl)ccc3N12,P-1,False
NAXBEX,NAXBEX,293 K,O=N(=O)c1ccc([O-])cc1.[NH3+]Cc1ccccc1O,P-1,False
MEDMUF,MEDMUF,at 180 K,CC(=O)[O-].[NH2+]1C2CCC1C=C(C2)C1=Cc2ccccc2S1,Cc,False
UNIZAV,UNIZAV,143 K,O=N(=O)c1cc(c(c(c1)N(=O)=O)S(=O)(=O)[O-])N(=O)=O.C[N+](C)=C(C)OCF,P21/n,False
INEDIO,INEDIO,at 293 K,OCC1=CNC=[NH+]1.O=N(=O)c1cc(c([O-])c(c1)N(=O)=O)N(=O)=O,P21,False
GUDSUV,GUDSUV,at 100 K,OC(=O)C(O)=O.c1cnccn1,Cc,False
XOSFOB,XOSFOB,at 103 K,NC1=NON=C1Nc1nnc(NC2=NON=C2N)nn1.CS(C)=O,P21/c,False
FOXCUT01,FOXCUT01,299.9 K,BrC1=C(Br)C(=O)C(=C(C#N)C1=O)C#N.Cc1ccc2Sc3c(C)cccc3c2c1,Cmc21,False
GIFFAF,GIFFAF,100 K,NC(N)=O.Cc1cncc(C)n1,Pnma,False
IPONOR,IPONOR,at 173 K,FC(F)(F)S(=O)(=O)[O-].CCN1C=CC=CB1[P+](C)(C)C,P-1,False
VAFWOP,VAFWOP,,N#CC(C#N)=C1C=CC(C=C1)=C(C#N)C#N.C1COC2=C(O1)SC(S2)=C1SC2=C(SCCS2)S1,P1,False
KULSOA01,KULSOA01,at 294 K,OC1=C([O-])C(=O)C1=O.OC(O)c1cc[nH+]cc1,P-1,False
TETXIZ,TETXIZ,,Nc1[nH+]cc(cc1)N(=O)=O.ClC(Cl)(Cl)C(=O)[O-],P21/n,False
CAGQUA,CAGQUA,200 K,c1cc(ccn1)c1ccncc1.Oc1ccc2c(Oc3cc(O)ccc3C32OC(=O)c2ccccc32)c1,P-1,False
TULPIA,TULPIA,at 173 K,COc1ccc(cc1)C1(O)c2ccccc2Oc2ccccc12.c1ccc2nc3ccccc3cc2c1,P-1,False
VELWUH,VELWUH,295 K,BrN1C(=O)c2ccccc2C1=O.Cc1cc(C)nc(C)c1,P21/n,False
FIFDEH,FIFDEH,90 K,O=N(=O)c1ccc(cc1)N1CC[NH2+]CC1.Fc1c(F)c(F)c(c(F)c1F)C(=O)[O-],P-1,False
MUHKEI,MUHKEI,293 K,CC(C)=[NH+]O.ON1N=NN=C1C1=NN=NN1[O-],P-1,False
WANJOM,WANJOM,at 150 K,c1cc(ccn1)c1cncnc1.CCC1(CC)C(=O)NC(=O)NC1=O,P-1,False
VORLOE,VORLOE,at 295 K,OC(=O)c1cccc(c1)C(O)=O.S(Sc1ccncc1)c1ccncc1,P21/c,False
HASXUY,HASXUY,296 K,N1C2=NON=C2NC2=NON=C12.CN(C)C=O,C2/c,False
OROWEY,OROWEY,at 296 K,c1cc(ccn1)c1ccncc1.CC1=C(SCC(O)=O)C(=O)c2ccccc2C1=O,P21/n,False
REQCOJ,REQCOJ,293.1 K,N#CC[P+](c1ccccc1)(c1ccccc1)c1ccccc1.O=N(=O)c1ccc(c(c1)N(=O)=O)S(=O)(=O)[O-],P-1,False
NOFXEL,NOFXEL,,Cc1ccc(cc1)S(=O)(=O)[O-].[NH3+]C(CC(C)C)C(O)=O,P212121,False
GISJUP,GISJUP,173 K,[NH2+]1CCN(CC1)Cc1ccc2OCOc2c1.O=N(=O)c1cc(c([O-])c(c1)N(=O)=O)N(=O)=O,P21/n,False
COPSOS,COPSOS,150 K,FC(F)(F)C(=O)[O-].COC(=O)C1[NH2+]CC(C1)OC(=O)c1ccc(cc1)N(=O)=O,P212121,False
WELDOK,WELDOK,130 K,NCC=C.CCCCCCCCCCO,P21/c,False
YIDLUW,YIDLUW,100 K,[NH2+]=C1NN=C(N1)C1=NNC=C1N(=O)=O.O=C1NC(=O)C(=C([O-])N1)N(=O)=O,P-1,False
EWARAW,EWARAW,at 150 K,Cc1cc(O)cc(O)c1.c1ccc2nccnc2c1,P21/c,False
COZYEW,COZYEW,at 298 K,OC(=O)CCCC(O)=O.C(Cc1ccncc1)c1ccncc1,P21/c,False
TIYPEX,TIYPEX,at 100 K,[NH3+]C(C(O)c1ccccc1)c1ccccc1.O=C([O-])c1ccc2ccc3cccc4ccc1c2c34,P21,False
QINQEN,QINQEN,298.1 K,c1cc(ccn1)C=Cc1ccncc1.OB(O)c1ccccc1,P21/c,False
WODDID,WODDID,at 130 K,O=C([O-])c1cccc2c1Cc1ccccc21.[NH3+]C(C(O)c1ccccc1)c1ccccc1,P21/n,False
TAGZAC,TAGZAC,,N#CN=C1C=CC(C=C1)=NC#N.S1C=CSC1=C1SC=CS1,P21/c,False
SAZXID,SAZXID,293.1 K,O=N(=O)C1=N[N-]C(=N1)N(=O)=O.C[N+]1=CN(CCO)C=C1,P-1,False
LACWEU,LACWEU,298 K,N#Cc1ccncc1.Nc1ccc(C(O)=O)c(O)c1,C2/c,False
IJOKEX,IJOKEX,at 293 K,O=C1N[N-]C(=O)c2ccccc12.[NH3+]CCN1CCNC(=O)C1,P21/c,False
RIRFOQ,RIRFOQ,293 K,CCCC(C(O)=O)[N+]12CCC(CC1)CC2.Clc1cc(cc(Cl)c1[O-])N(=O)=O,Pbca,False
KIZYOJ,KIZYOJ,at 173 K,c1cc(ccn1)c1ccncc1.COc1ccc(cc1)C(O)=O,P21/c,False
DOMQOL,DOMQOL,,Clc1c(Cl)c(Cl)c([O-])c(Cl)c1Cl.[2H][N+]12CCC(CC1)C(O[2H])(C2)OC,P21/c,False
CERLIY,CERLIY,293 K,FC(F)(F)C(=O)[O-].[NH3+]C(CNC1=CC=CC=CC1=O)C(O)=O,P1,False
OQIXAQ,OQIXAQ,273 K,c1cc(ccn1)C=Cc1ccncc1.Oc1cc(O)c2C(=O)C=C(Oc2c1)c1ccc(O)c(O)c1,P-1,False
LOQYAU01,LOQYAU01,293 K,[2H][N+]([2H])(C)C.[2H]OC(=O)c1c(F)c(F)c(c(F)c1F)C(=O)[O-],P21/c,False
IVEPIL,IVEPIL,173 K,N#C[B-](C#N)(C#N)C#N.[NH3+]C(C)C(=O)OCC,C2,False
PASYEN,PASYEN,at 180 K,CN1CCCN(C)C1=O.NC1=Nc2ccccc2S1,C2/c,False
KOPKEH,KOPKEH,150 K,c1cc(ccn1)c1ccncc1.OC(=O)c1ccccc1O,P-1,False
FOMFAQ,FOMFAQ,173 K,NC1=NON=C1C1=NN=N[N-]1.CC1=[N+]([O-])ON=C1C=NNC(N)=[NH2+],P21/c,False
UPAVUE,UPAVUE,298 K,FC1=C(F)C(C(=C(F)C1=C(C#N)C#N)F)=C(C#N)C#N.COc1ccc2SC3=C(Sc4ccc(OC)cc34)c2c1,P-1,False
EHIMOZ,EHIMOZ,100 K,CN(C)C=O.OOC(=O)c1ccc(cc1)C(=O)OO,P-1,False
UMIMOS,UMIMOS,at 293 K,OC(=O)CCCCCCCCC(O)=O.c1cc(ccn1)N=Nc1ccncc1,P-1,False
BIFFIH,BIFFIH,at 173 K,c1cc(ccn1)C=Cc1ccncc1.CN(c1cccc(c1)C(O)=O)C(=O)N(C)c1cccc(c1)C(O)=O,C2/c,False
JIQHAT,JIQHAT,at 113 K,OC1=C(Cl)C(=O)C(=C(Cl)C1=O)[O-].N1C=C[NH+]=C1C1=CSC(S1)=C1SC=CS1,Pna21,False
TADROH,TADROH,at 150 K,CN(C)c1ccncc1.C1CCOC1,P-1,False
VAJPOO,VAJPOO,293 K,c1cc(ccn1)c1ccncc1.OC(=O)c1ccc2cc(O)ccc2c1,P21/c,False
RACZED,RACZED,150 K,[NH2+]1CCOCC1.OC(=O)CCCCCCCC(=O)[O-],P-1,False
LUNZAV,LUNZAV,at 180 K,CCCCCC(O)=O.c1cnccn1,C2/c,False
JUDWOU,JUDWOU,,CN(C)C(=O)c1ccc(cc1)C(=O)N(C)C.Oc1ccc(O)cc1,P-1,False
NEBYEA,NEBYEA,at 293 K,Oc1ccc(Cl)cc1C(=O)[O-].COc1[nH+]c(N)nc(OC)c1,Pbca,False
IPUYID,IPUYID,298 K,NC(N)=O.COc1cc(cc(OC)c1O)C(O)=O,Cmce,False
GAVFUG,GAVFUG,at 123.1 K,[NH3+]C1CCC(CC1NS(=O)(=O)C(F)(F)F)C(=O)OCC.Fc1c(F)c(F)c(c(F)c1F)C(=O)[O-],P21,False
XEPBIF,XEPBIF,at 120 K,c1cncc(c1)N=Nc1cccnc1.OC(=O)CCCCC(O)=O,P-1,False
VAWKEK,VAWKEK,at 180 K,OC=O.CN1C=NC2=C1C(=O)N(C)C(=O)N2C,P21/c,False
SAVZOH,SAVZOH,293 K,CSC1=C(C#N)C(=O)N2CCCNC2=C1C(=O)c1ccc(Cl)cc1.CS(C)=O,P-1,False
TAZMUF,TAZMUF,293 K,c1cnc2ncccc2c1.OB(O)c1ccc(cc1)B(O)O,P-1,False
NEBWEA,NEBWEA,293 K,O=N(=O)c1ccc(cc1)N1CC[NH2+]CC1.Cc1ccc(cc1)C(=O)[O-],P-1,False
FALTAP,FALTAP,at 110 K,Cc1ccnc(NS(=O)(=O)c2ccc(N)cc2)n1.O=C1CCCC1,P-1,False
GUYVUU01,GUYVUU01,100 K,O=C([O-])c1ccc(cc1N(=O)=O)N(=O)=O.NC(=O)c1cc[nH+]cc1,P-1,False
CUFGIW,CUFGIW,296 K,FC(F)(F)S(=O)(=O)[O-].OC1=CC([N+]2=C1NC(=O)c1ccccc21)c1ccccc1,P21,False
AFONUH,AFONUH,100 K,Cc1cccc(Nc2ccccc2C(O)=O)c1C.c1cc(ccn1)N=Nc1ccncc1,P-1,False
GIKZOS,GIKZOS,100 K,[NH3+]CCC(=O)OO.CS(=O)(=O)[O-],P21/n,False
WADBUA,WADBUA,at 200 K,CC(=O)[O-].NC(=O)C1CC[NH2+]CC1,P-1,False
VECYAF,VECYAF,at 120 K,CC1(C)C2CCC1(CS(=O)(=O)[O-])C(=O)C2.[NH3+]CC(C(O)CCC)c1ccccc1,P21,False
WUXXUJ,WUXXUJ,at 293 K,O=C(CCC(=O)Nc1cc[nH+]cc1)Nc1cc[nH+]cc1.OC(=O)c1cc(cc(c1)C(=O)[O-])C(=O)[O-],P-1,False
BAZRAV,BAZRAV,,ON=Cc1cccc[n+]1Cc1ccccc1.CS(=O)(=O)[O-],P1121/b,False
ZAKSIQ,ZAKSIQ,296 K,OC(=O)c1ccccc1Cl.N#Cc1ccncc1,P-1,False
FOMXAH,FOMXAH,at 120 K,O=CC1=CC=CO1.NC(=O)N1c2ccccc2C=Cc2ccccc12,P21/n,False
HOLHIC,HOLHIC,296 K,NC(N)=NC1=NC(=CS1)CSCCC(N)=NS(N)(=O)=O.OC(=O)CC(O)=O,P21/n,False
AZUQAP,AZUQAP,120 K,NC(N)=O.BrCCCCCCBr,P21/n,False
TIFSUW,TIFSUW,at 293 K,c1cnc2c(c1)ccc1ncccc21.OC(=O)CSCC(O)=O,C2/c,False
EROSIO,EROSIO,at 173 K,OC1(CC[NH2+]CC1)c1ccc(Cl)cc1.O=C([O-])c1ccccc1,P-1,False
MULVUN,MULVUN,296 K,CC1=CC(=O)[N-]S(=O)(=O)O1.Nc1[nH+]cccc1O,P-1,False
CEQBEI,CEQBEI,100 K,c1ccc2nc3ccccc3cc2c1.Oc1ccc(Br)cc1,P21/c,False
VIKSUF,VIKSUF,at 200 K,NC1=[NH+]N=C(S1)c1ccc(Br)cc1.O=C([O-])c1cc(cc(c1)N(=O)=O)N(=O)=O,P21/c,False
ACUDAG,ACUDAG,292.5 K,OC(=O)c1ccc(cc1)C#N.NNC(=O)c1ccncc1,P-1,False
ZIPZEH,ZIPZEH,298 K,COc1cc(OC)nc(N)n1.COc1cc(C=CC(O)=O)cc(OC)c1OC,P-1,False
LABYIW,LABYIW,at 193 K,Cc1ccc(cc1)S(=O)(=O)[O-].COC(=O)C1C2OC(C3[NH2+]C23)C1C(=O)OC,P21/c,False
JAPCOS,JAPCOS,,O=S(=O)([O-])c1ccccc1.Oc1ccccc1[NH+](c1ccccc1O)c1ccccc1O,P21/c,False
YEXHOZ,YEXHOZ,at 296 K,CC(C)OS(=O)(=O)[O-].COC(=O)C([NH+]1CCC2=C(C1)C=CS2)c1ccccc1Cl,P212121,False
OJAHOY,OJAHOY,122 K,Oc1cc[nH+]cc1.OC(=O)c1cc(cc(c1)C(=O)[O-])C(O)=O,Pna21,False
YOCSIT,YOCSIT,at 203 K,OC(=O)c1cc(cc(c1)C(O)=O)C(O)=O.C(CN1C=NN=C1)N1C=NN=C1,P-1,False
BAJXET,BAJXET,100 K,NNC(=O)c1cc[nH+]cc1.OC(=O)c1cc(cc(c1)C(=O)[O-])C(O)=O,Pca21,False
QOLNOW,QOLNOW,at 120 K,Cc1ccc2ccc3ccc(C)nc3c2n1.Oc1ccccc1O,P21/c,False
DUMJUS,DUMJUS,291.1 K,Nc1ccc(Cl)cc1C(=O)[O-].CC([NH+]1CCCC1)C(O)c1ccccc1,P212121,False
JEZFUT,JEZFUT,293 K,OC(=O)C=CC(=O)[O-].NC1=[NH+]c2ccccc2O1,Pbca,False
LEPCIW,LEPCIW,270 K,CCCC(O)=O.c1cc(ccn1)N=Nc1ccncc1,P-1,False
KODVAB,KODVAB,at 160 K,CCCC(O)=O.NC(=O)C1c2ccccc2C=Cc2ccccc12,P21/n,False
VEHZEN,VEHZEN,,[SH-].OCC[NH+](CCO)CCO,R3c,False
BAYQIF,BAYQIF,298 K,Cc1cccc2SC(=Nc12)N.COc1ccc(cc1OC)C(O)=O,P21/n,False
YIRLUK,YIRLUK,298.1 K,FC(F)(F)S(=O)(=O)[N-]S(=O)(=O)C(F)(F)F.Cc1ccc(O)c2[nH+]cccc12,P21/c,False
FISJAT,FISJAT,at 200 K,NC(=S)NN=C1C(=O)C=C(N2CCCC2)c2ccccc12.CN(C)C=O,P21/n,False
DAFLUV,DAFLUV,113.2 K,C1N2CN3CN1CN(C2)C3.CC(=O)c1ccc(O)cc1,P21/c,False
IFEGEI,IFEGEI,173 K,[NH3+]C1=C(C)N(C)N(c2ccccc2)C1=O.Oc1c(ccc2ccccc12)C(=O)[O-],P21/c,False
BOVXOB01,BOVXOB01,at 150 K,c1cc(ccn1)C=Cc1ccncc1.OC(=O)c1cc(F)c(F)cc1F,P-1,False
UKITUG,UKITUG,298 K,Cc1cccc2SC(=Nc12)N.OC(=O)CCCCCCCCC(O)=O,P21/n,False
OBIDAF,OBIDAF,at 293 K,O=C1C[N+]2(CCOCC2)CCO1.O=N(=O)c1cc(c([O-])c(c1)N(=O)=O)N(=O)=O,P21/c,False
ZIPGIR,ZIPGIR,100 K,NC(=O)c1ccncc1.Nc1cccc(c1)C(O)=O,P-1,False
MOGVOV,MOGVOV,at 173 K,Cc1cccnc1.OC(=O)CCCCC(O)=O,P21/n,False
WADTOM,WADTOM,at 185 K,OC(=O)c1ccc(Cl)cc1.c1ccc2ncccc2c1,Pca21,False
XAXZOL,XAXZOL,,CN(C)C=O.NC(=S)NN=Cc1ccc(cc1)C=NNC(N)=S,C2/c,False
QOPMUF,QOPMUF,at 296 K,CS(C)=O.NC(=S)NN=Cc1c2ccccc2cc2ccccc12,P21,False
LUNNUD,LUNNUD,at 173 K,NC(=O)c1ccncc1.OC(=O)CCC(O)=O,P-1,False
CEQKOC,CEQKOC,100 K,NC(=[NH2+])Sc1ccc2cc(Br)ccc2n1.FC(F)(F)S(=O)(=O)[O-],P21/n,False
OFEPIY,OFEPIY,at 173 K,Cc1cccc(C)c1N.Oc1ccc(cc1)C1(CCCCC1)c1ccc(O)cc1,P21/n,False
HARCAI,HARCAI,293.1 K,c1ccc(nc1)c1ccccn1.OC(=O)COc1ccc(Cl)cc1Cl,P21/n,False
BIWVUY,BIWVUY,at 120 K,c1ccc2nc3ccccc3cc2c1.O=C1OC(=O)c2cc3C(=O)OC(=O)c3cc12,P21/c,False
EWANIA,EWANIA,at 150 K,Nc1ncccn1.Cc1cc(O)cc(O)c1,P-1,False
HEMDUB,HEMDUB,293 K,NC(N)=S.CC(=O)N1C=CN(C(C)=O)C(=C1C)C,P21/c,False
HONTEK,HONTEK,at 100 K,OC(=O)c1ccc(O)cc1.c1cnccn1,P-1,False
FEPYUW,FEPYUW,at 100 K,COC(=O)C1[NH2+]CC(F)CC1.O=N(=O)c1cc(c([O-])c(c1)N(=O)=O)N(=O)=O,P21/c,False
YEHWIT,YEHWIT,at 298 K,NC1=[NH+]c2ccccc2S1.COC(=O)c1c(Br)c(Br)c(Br)c(Br)c1C(=O)[O-],P21/c,False
TIVCOS,TIVCOS,at 293 K,c1ccc(nc1)c1nccnc1c1ccccn1.OC1=C(F)C(=O)C(=C(F)C1=O)O,C2/c,False
UFEROO,UFEROO,at 100 K,FC(F)(F)C(=O)[O-].[NH2+]=C1NC2=C(N1)C(CCC2)N1NC(=O)N(C1=O)c1ccccc1,P-1,False
VADLIX,VADLIX,at 193 K,CCCCN1[P+]N(C)c2ccccc12.FC(F)(F)S(=O)(=O)[O-],P-1,False
XARVIX,XARVIX,at 100 K,Cc1ccc(cc1)S(=O)(=O)[O-].[NH3+]c1cc2CCC(C)(C)Oc2c(C)c1C,P-1,False
HOTMEL,HOTMEL,173 K,CN1C=C[N+](=C1Br)C.COS(=O)(=O)[O-],P21/c,False
FEXHOH,FEXHOH,at 273 K,OC(=O)CCCCCCCCC(O)=O.COc1ccc2N=C(N)Sc2c1,P21/n,False
ALABEU,ALABEU,at 295 K,OC(C(O)C(=O)[O-])C(O)=O.[NH3+]c1ccc(cc1)C(O)=O,P212121,False
BIPCIQ,BIPCIQ,296.1 K,CNC(=O)NC.CCCNC(=O)NS(=O)(=O)c1ccc(Cl)cc1,P-1,False
FIDKOT,FIDKOT,at 293 K,c1cc(ccn1)c1ccncc1.Oc1ccc2ccccc2c1c1c(O)ccc2ccccc12,P21/n,False
PASWEO,PASWEO,100 K,O=N(=O)c1cc(c([O-])c(c1)N(=O)=O)N(=O)=O.CS(=O)(=O)N1CC[NH2+]CC1,P21/c,False
LILDOC,LILDOC,153 K,OC(=O)C(=O)[O-].CC1=CC(=O)NC(=[NH+]1)N,P-1,False
SIYCEJ,SIYCEJ,at 293 K,OC(=O)c1cccc(c1)C(O)=O.Cc1cc(nc(N)n1)c1ccccc1,C2/c,False
MOZCOU,MOZCOU,at 173 K,OC(=O)c1cccc(O)c1.CN1C=NC2=C1C(=O)N(C)C(=O)N2C,P21/c,False
DEYQOR,DEYQOR,133 K,OC(=O)c1cc(O)ccc1O.CC(CC(C)(C)O)=NNC(=O)c1ccncc1,P21/n,False
XAQPEM,XAQPEM,at 296 K,OC(=O)CCC(=O)[O-].CCc1[nH+]c(C)ccc1O,P21/c,False
YONCAI,YONCAI,100 K,CN(C)c1ccc(C=O)cc1.CN(C)c1ccc(cc1)C=C(O)C(O)=O,P-1,False
WEQHIN,WEQHIN,100 K,OC(=O)c1ccc(cc1)C(O)=O.N#Cc1ccncc1,P-1,False
LIQTIP,LIQTIP,at 273 K,c1cc(nc(c1)N1C=NN=C1)N1C=NN=C1.OC(=O)c1cc(cc(c1)C(O)=O)C(O)=O,P21/n,False
NUQXIH,NUQXIH,at 100 K,OC1(CC[NH2+]CC1)c1ccc(Cl)cc1.O=N(=O)c1cc(c([O-])c(c1)N(=O)=O)N(=O)=O,P21,False
LADCEA,LADCEA,at 100 K,OC(=O)CCCCCCC(O)=O.CCC(=O)Nc1ccc(Br)cn1,P-1,False
LARXIO,LARXIO,293.1 K,O=C([O-])c1ccc(cc1)C(=O)[O-].CCC([NH2+]CC[NH2+]C(CC)CO)CO,P1,False
IVEKUS,IVEKUS,100 K,OC(=O)CCCCCCC(=O)[O-].CC[NH+](CC)CC(=O)Nc1c(C)cccc1C,P-1,False
QEDRIC,QEDRIC,at 293 K,[NH3+]CCO.Cc1ccc(cc1S(=O)(=O)[O-])N(=O)=O,P21/c,False
PUJNIS,PUJNIS,at 100 K,Nc1ccc(Cl)cn1.OC(=O)c1ccccc1,P21/c,False
UPIQIW,UPIQIW,180 K,[NH3+]CC(O)=O.OP(=O)([O-])c1c(F)c(F)c(F)c(F)c1F,P21,False
XICQAD,XICQAD,at 100 K,c1cc(ccn1)c1ccncc1.OC(=O)COC(=O)Cc1ccccc1Nc1c(Cl)cccc1Cl,P21/c,False
MOCBAI,MOCBAI,at 173 K,FC(F)(F)S(=O)(=O)[O-].COC(=O)C([N+]1=CN(C)C=C1)=C(C(=O)OC)C(=O)OC,P-1,False
ALIWEZ,ALIWEZ,293 K,S=C1NC(=S)[N-]C(=S)N1.[NH3+]C(CC1=C[NH+]=CN1)C(=O)[O-],P21,False
GUQKUA,GUQKUA,295 K,O=S(=O)([O-])c1cccc2c1cccc2S(=O)(=O)[O-].[NH3+]C(CC1=C[NH+]=CN1)C(O)=O,P32,False
JOKXOY,JOKXOY,,CC(=O)C1=C(C)NC(=C(C#N)C#N)C(=C1c1ccccc1)C#N.C1COCCO1,P21/n,False
ESAQOE,ESAQOE,at 143 K,CS(=O)(=O)[N-]S(C)(=O)=O.NC1=[NH+]C(=CC(=O)N1)N,P21/c,False
OFEGEP,OFEGEP,100 K,OC(=O)Cc1ccccc1C(O)=O.NC(=O)c1cnccn1,P21/n,False
TAZKIR,TAZKIR,293 K,c1cnc2c(c1)ccc1cccnc21.OB(O)c1c(Br)cccc1Br,P21/c,False
ROPTEX,ROPTEX,at 100 K,OC(C(O)C(=O)[O-])C(O)=O.[NH3+]c1ccc(Br)cc1,P1,False
YEPQAP,YEPQAP,150 K,FC(F)(F)S(=O)(=O)[O-].COC1(C=C([NH+]=C2C=CC=CN12)c1ccccc1)C(F)(F)F,P-1,False
MOHNUT,MOHNUT,at 223 K,Cc1cc(C)c(N2C=[N+]3C(=CSC3=C2)C)c(C)c1.FC(F)(F)S(=O)(=O)[O-],P21/c,False
NUKYAU,NUKYAU,at 180 K,NC(=O)c1cccnc1.OC(=O)C=CC(O)=O,P21/c,False
TUQVIN,TUQVIN,173 K,Clc1cc(ccc1C(=O)[O-])N(=O)=O.OC(=O)C1[NH2+]CCCC1,P21/c,False
ULIZUM,ULIZUM,296 K,COc1cc(O)cc(O)c1.C(C=CN1C=CN=C1)=CN1C=CN=C1,P21/c,False
ENIKOE,ENIKOE,294 K,c1cc(ccn1)C=Cc1ccncc1.OC(=O)CCC#C,P-1,False
CASMAL,CASMAL,at 123 K,NS(=O)(=O)c1cc2c(NCNS2(=O)=O)cc1Cl.Nc1ccccc1,P21/n,False
ZEFCEU,ZEFCEU,at 173 K,c1cc(ccn1)c1ccncc1.OC(=O)CCN1C(=O)N(CCC(O)=O)C(=O)N(CCC(O)=O)C1=O,P-1,False
HOCCEJ,HOCCEJ,at 298 K,c1cc(ccn1)c1ccncc1.CC(=O)NS(=O)(=O)c1ccc(N)cc1,P21/n,False
TAZWUN,TAZWUN,at 298 K,OC(=O)c1ccccc1.NC1=NC(=O)NC=C1,P21/c,False
YECXOX,YECXOX,298 K,OC(=O)c1ccc(O)cc1O.CN1C(=O)N(C)C2=C(N(CC(O)=O)C=N2)C1=O,P21/n,False
LANLAO,LANLAO,at 293 K,COc1cc(ccc1O)C=Cc1cc[n+](C)cc1.Brc1ccc(cc1)S(=O)(=O)[O-],P-1,False
KIHYIK,KIHYIK,at 293 K,c1cc(ccn1)C=Cc1ccncc1.Oc1ccc(cc1)C#N,P21/c,False
DUBWEF,DUBWEF,173 K,OC(=O)Cc1ccccc1Nc1c(Cl)cccc1Cl.CCOC(=O)Cc1ccccc1Nc1c(Cl)cccc1Cl,P-1,False
QIQSAO,QIQSAO,100 K,FC(F)(F)S(=O)(=O)[O-].CC(C)(C)N1C=[N+](C(=C1Cl)Cl)C(C)(C)C,Pbca,False
TUQYUC,TUQYUC,150 K,C1CSCCO1.N#CC1(C#N)C2(CCOCC2)C1(C#N)C#N,Pnma,False
BIMJUC,BIMJUC,,CCOc1ccc2[nH+]c3cc(N)ccc3c(N)c2c1.CC(O)C(=O)[O-],P-1,False
LOQVOF01,LOQVOF01,293 K,[2H]OC(=O)c1c(F)c(F)c(c(F)c1F)C(=O)[O-].[2H][N+](C)(CC)CC,P-1,False
SOHDEZ,SOHDEZ,at 295 K,CC(=O)Nc1c[n+](N)ccn1.Cc1cc(C)c(c(C)c1)S(=O)(=O)[O-],Pbcn,False
PRMESA10,PRMESA10,at -18 deg.C,CCS(=O)(=O)[O-].Cc1[nH+]c(N)nc(N)c1c1ccc(Cl)c(Cl)c1,P-1,False
PAXTIS,PAXTIS,at 293 K,c1cc(ccn1)c1ccncc1.OB(O)c1ccc(cc1)C(O)=O,P1,False
MEDBUU,MEDBUU,at 123 K,Cc1ccccc1C(=O)[O-].[NH3+]CCc1ccc(O)cc1,P21/c,False
PEJGIY,PEJGIY,293 K,Oc1ccccc1C=NCCN1CC[NH2+]CC1.CC(=O)[O-],P21/c,False
GUKYEQ,GUKYEQ,,OC(=O)C(=O)[O-].C[N+](C)(C)CC(O)=O,P21/c,False
OJUQAN,OJUQAN,110.2 K,OC(=O)CCC1=NC(=C(O1)c1ccccc1)c1ccccc1.C(Cc1ccncc1)c1ccncc1,P-1,False
NAKZIL,NAKZIL,296 K,CC(C)=NNC(=O)c1ccncc1.Nc1cccc(c1)C(O)=O,P21/c,False
APEGEJ,APEGEJ,293 K,c1ccncc1.Oc1cc(O)c(Cl)cc1Cl,Pbca,False
HOLPEE,HOLPEE,at 103 K,OC1=C(Cl)C(=O)C(=C(Cl)C1=O)[O-].OC(=O)c1[nH+]cccc1,P21/c,False
SIGPUW,SIGPUW,119 K,CC(=O)c1c2ccccc2cc2ccccc12.Fc1c(F)c(C#N)c(F)c(F)c1C#N,P21/n,False
ABAMAV,ABAMAV,293 K,OC(CC(O)=O)C(=O)[O-].Fc1ccc(F)c(c1)C1[NH2+]CCC1,P21,False
SUYPIN,SUYPIN,100 K,OC(=O)C=CC(=O)[O-].Brc1ccc(OC(=O)N2CC[NH+]3CCC2CC3)cc1,P21/c,False
WOMBAB,WOMBAB,,Clc1c(Cl)c(Cl)c([O-])c(Cl)c1Cl.C[N+](C)(C)O,C2/c,False
RAHHEN,RAHHEN,at 298 K,OC(=O)C(C1=CC=CS1)C1=CC=CS1.c1ccc2c(c1)cnc1ccccc21,P-1,False
KESKOM,KESKOM,293 K,Oc1cccc2ccc[nH+]c12.O=C([O-])c1ccccc1N(=O)=O,P21/n,False
BICQUB,BICQUB,at 110 K,NNC(=O)c1ccncc1.OC(=O)c1ccc(O)cc1,P21,False
VIBNUQ,VIBNUQ,at 173 K,FC(F)(F)S(=O)(=O)[N-]S(=O)(=O)C(F)(F)F.CON1C=C[N+](=C1Br)OC,P-1,False
ACERAD,ACERAD,at 100 K,COC(=O)N1C=NC(=C1N)C(N)=O.CN1N=NC2=C(N=CN2C1=O)C(N)=O,P21/c,False
HOSMAF,HOSMAF,at 293 K,[NH2+]=C1NC(=O)N(C=C1)C1CSC(CO)O1.OC(C(=O)[O-])c1ccccc1,P212121,False
MIYLOV,MIYLOV,at 250.0 K,[NH3+]CCc1ccc(O)c(O)c1.O=C([O-])c1cc(cc(c1)N(=O)=O)N(=O)=O,P-1,False
ULAWEJ,ULAWEJ,at 153 K,NC(=O)c1ccncc1.OC(=O)CC(O)=O,P-1,False
NUKWEW,NUKWEW,at 180 K,Nc1ncccn1.OC(=O)c1ccccc1,P21/c,False
PEHFUF,PEHFUF,at 293 K,OC(=O)C=Cc1ccc(O)cc1.NNC(=O)c1ccncc1,P21/n,False
ACESEI,ACESEI,at 298 K,OC(=O)C(O)=O.CN1N=NC2=C(N=CN2C1=O)C(N)=O,C2/c,False
MUSSUR,MUSSUR,293 K,COc1cc(C#N)c(cc1OC)c1ccc(O)cc1.OC(C(F)(F)F)C(F)(F)F,P-1,False
UBUHOQ,UBUHOQ,at 150 K,Cc1c(O)cccc1O.c1cc(ccn1)c1ccncc1,P-1,False
KOFFOB,KOFFOB,at 298 K,O=P(c1ccccc1)(c1ccccc1)c1ccccc1.CC1=NN(C(=C1)C)c1ccc(Cl)c(n1)C(O)=O,P21/c,False
MOKNAC,MOKNAC,at 90 K,O=C1N(C[n+]2ccccc2)C(=O)c2ccccc12.Cc1ccc(cc1)S(=O)(=O)[O-],P21/c,False
BOQBEO,BOQBEO,at 150 K,C1N2CN3CN1CN(C2)C3.Oc1ccccc1c1ccccc1O,P21,False
DEQFUD,DEQFUD,296 K,NS(=O)(=O)c1cc2c(NC[NH2+]S2(=O)=O)cc1Cl.O=C([O-])c1cccnc1,P212121,False
SUGFAD,SUGFAD,295 K,OC(=O)c1cccc(c1C(=O)[O-])N(=O)=O.Oc1cccc2ccc[nH+]c12,P21/c,False
PEFGIS,PEFGIS,at 110 K,OC(=O)c1cc(O)c(O)c(O)c1.CC(N)=O,P-1,False
KULSOA,KULSOA,at 294 K,OC1=C([O-])C(=O)C1=O.OC(O)c1cc[nH+]cc1,P21/c,False
KAXMIJ,KAXMIJ,296.6 K,OC(=O)CCC(=O)C(=O)[O-].COc1cc(Cc2c[nH+]c(N)nc2N)cc(OC)c1OC,P-1,False
ZIPCOT,ZIPCOT,294 K,OC1=C([O-])C(=O)C1=O.[NH3+]C(CC(C)C)C(O)=O,P21,False
GAZRUY,GAZRUY,273.1 K,[NH3+]c1ccc(cc1)C(=O)OCC.OC(=O)c1cc(cc(c1[O-])N(=O)=O)N(=O)=O,P21,False
HOJLIC,HOJLIC,at 295 K,NC(N)=O.O=C1NCCN1,P-1,False
PAZFUS,PAZFUS,at 294 K,[NH3+]C(C)C(N)=O.OC1=C([O-])C(=O)C1=O,P21,False
FIWJIF,FIWJIF,at 295 K,OC(C(O)C(=O)[O-])C(=O)[O-].NC1=[NH+]C(=CS1)C1=CSC(=[NH+]1)N,P3221,False
EYOJOR,EYOJOR,at 153 K,CC(C)(C)c1ccc(O)c(c1)C(C)(C)C.C1CCC(CC1)NC1CCCCC1,P21/c,False
XAQRIR,XAQRIR,at 153 K,OC(=O)c1cccc(n1)C(O)=O.NC(=O)N1c2ccccc2C=Cc2ccccc12,P212121,False
NUQKOA,NUQKOA,at 100 K,Nc1cccc(c1)C(O)=O.C(Cc1ccncc1)c1ccncc1,P-1,False
EQUSAM,EQUSAM,130 K,Cc1ccc(SCc2cc[nH+]cc2)cc1.O=N(=O)c1cc(c([O-])c(c1)N(=O)=O)N(=O)=O,P21/c,False
HIQSIL,HIQSIL,at 150 K,OC(=O)CCC(O)=O.NC(=O)c1ccc(Br)cc1,P-1,False
MEDNUG,MEDNUG,at 90 K,OC1C2OP(=O)([O-])OCC2OC1N1C=NC2=C1N=CNC2=O.[NH3+]C(CC1=C[NH+]=CN1)C(=O)[O-],P212121,False
LUNMPO10,LUNMPO10,,Oc1cc2ccccc2cc1O.CN1c2cc(C)c(C)cc2N=C2C(=NC(=O)N=C12)O,P-1,False
LONDOJ,LONDOJ,at 293 K,Oc1cccc2ccc[nH+]c12.O=C([O-])c1cc(cc(c1)N(=O)=O)N(=O)=O,P21,False
HAPQUN,HAPQUN,100 K,O=C1NC(=C2C(=O)NC(=C12)C1=CC=CO1)C1=CC=CO1.CCCCCCCCC(O)=O,P-1,False
COHWIF,COHWIF,,C1CN2CCN1CC2.Oc1ccc(O)cc1,C2/c,False
IZUCIS,IZUCIS,113.2 K,O=C1CCCC1.ONC(=O)C=Cc1cccc(c1)S(=O)(=O)Nc1ccccc1,P21/c,False
NUZTOT,NUZTOT,100 K,COc1ccc(C=CC(O)=O)cc1.c1cc(ccn1)c1ccncc1,P21/n,False
RIGDIW,RIGDIW,150 K,OC(=O)C=CC(=O)[O-].NC1=NC2=C([NH+]=CN2COCCO)C(=O)N1,P-1,False
FAKLEL,FAKLEL,173 K,OC(=O)Cc1ccccc1.NC(=O)c1ccncc1,C2/c,False
PEXNAJ,PEXNAJ,at 150 K,c1cc(ccn1)C=Cc1ccncc1.Nc1ccc(C(O)=O)c(O)c1,P-1,False
WETZAZ,WETZAZ,296 K,OC(C(O)C(=O)[O-])C(O)=O.NNC(=O)c1cc[nH+]cc1,P212121,False
VAHHEU,VAHHEU,295 K,O=C([O-])C1=Cc2ccccc2OC1=O.C[NH2+]C1CCC(c2ccc(Cl)c(Cl)c2)c2ccccc12,P21,False
AFIJOQ,AFIJOQ,295 K,c1cnc2c(c1)ccc1cccnc21.OB(O)O,P-1,False
KEXBAR,KEXBAR,at 298 K,Oc1ccc(cc1)c1ccc(O)cc1.Nc1ccccn1,P21/c,False
IFILAM,IFILAM,at 93 K,CP(C)(C)=[NH+]N(c1ccccc1)c1ccccc1.FC(F)(F)S(=O)(=O)[O-],P212121,False
FIRGUL,FIRGUL,160.0 K,O=C([O-])C1CCC(=O)N1.C[NH2+]C(C)C(O)c1ccccc1,P21,False
REXNAL,REXNAL,at 293 K,OC(=O)c1c(F)c(F)c(C(O)=O)c(F)c1F.O1C(=NN=C1c1ccncc1)c1ccncc1,P2/c,False
XOTBIT,XOTBIT,at 293 K,[NH3+]c1c(Br)cc(Br)cc1CNC1CCC(O)CC1.Oc1cccc(c1)C(=O)[O-],P21/n,False
UJIVAN,UJIVAN,173.2 K,COc1ccccc1c1[nH+]cccc1C=O.CS(=O)(=O)[O-],P21/n,False
XOMZOQ,XOMZOQ,at 296 K,Cc1cc(C)nc(N)n1.OC(=O)C1=CC=C(S1)C(O)=O,P21/c,False
GIYMOT,GIYMOT,173 K,CC(C)(C)c1ccc(cc1)C(O)=O.CC(CC(C)(C)O)=NNC(=O)c1ccncc1,P21/c,False
XAPXER,XAPXER,,NC1=[NH+]c2ccccc2S1.Clc1cc(Cl)c(OCC(=O)[O-])cc1Cl,Pbca,False
UNEZES,UNEZES,200 K,NC(=O)c1cccnc1.NC(=O)N1c2ccccc2C=Cc2ccccc12,P21/n,False
QOLSAM01,QOLSAM01,293 K,C1=CN(C=N1)c1ccc(cc1)N1C=CN=C1.OC(=O)c1ccc(cc1)C(O)=O,P-1,False
XIJXIB,XIJXIB,293 K,Cc1nc(C)c(C)nc1C.OC(=O)c1cc(O)c(O)c(O)c1,P-1,False
LEFZIH,LEFZIH,at 296 K,Clc1ccc(cc1)C(N1CC[NH2+]CC1)c1ccccc1.O=N(=O)c1cc(c([O-])c(c1)N(=O)=O)N(=O)=O,C2/c,False
SUYYER,SUYYER,at 100 K,Oc1cccc2ccc[nH+]c12.OC(=O)CC(=O)[O-],P21/c,False
EFOZAB01,EFOZAB01,at 293 K,NC(N)=O.O=C1CC(=O)NC(=O)N1,Cc,False
XABMEV,XABMEV,293 K,[NH2+]=C1NC=CS1.Oc1ccc(O)c(c1)C(=O)[O-],I41/a,False
SORWEB,SORWEB,,Nc1ccccc1C(O)=O.Cc1cc(C)nc(NS(=O)(=O)c2ccc(N)cc2)n1,P21/c,False
LASGOD,LASGOD,at 150 K,c1ccc2ncccc2c1.OC(=O)C=CC(O)=O,P-1,False
YUGZEI,YUGZEI,293.1 K,CCc1[nH+]c(N)nc(N)c1c1ccc(Cl)cc1.O=C([O-])c1ccccc1,P21/c,False
GECZIZ,GECZIZ,at 295 K,FC(F)(F)C(=O)[O-].BrC1=CC=C(S1)C1NC=[NH+]C=C1Br,P21/c,False
VIKSOZ,VIKSOZ,at 200 K,NC1=NN=C(S1)c1ccc(Br)cc1.OC(=O)COc1ccc2ccccc2c1,Pca21,False
PUCTEP,PUCTEP,173 K,OC(=O)C=Cc1ccccc1.Cc1cc(C)nc(NS(=O)(=O)c2ccc(N)cc2)n1,P21/n,False
KIGKOB,KIGKOB,at 173 K,OC(=O)c1cc2ccccc2cc1O.CN1C=NC2=C1C(=O)N(C)C(=O)N2C,P21/c,False
NUHYIY,NUHYIY,,NC(N)=O.OC(=O)c1ccccc1C(O)=O,P-1,False
LUNMEM,LUNMEM,at 173 K,NC(=O)c1ccncc1.OC(=O)c1cccc(O)c1,C2/c,False
HONTIO,HONTIO,at 100 K,Cc1nc(C)c(C)nc1C.OC(=O)c1ccc(O)cc1,P21/c,False
KIGDOU,KIGDOU,at 100 K,CN1C=CN=C1C(O)(C1=NC=CN1C)C1=NC=CN1C.c1ccccc1,P-1,False
TORDUC,TORDUC,100 K,C1=CN2C(=P[n+]3ccccc23)C=C1.FC(F)(F)S(=O)(=O)[O-],P-1,False
FIDCIG,FIDCIG,293 K,OC(=O)CCC(O)=O.NC(=NO)c1ccccn1,P21/c,False
NITTAO,NITTAO,120 K,Clc1cc(cc(Cl)c1[O-])N(=O)=O.OCC[NH+]1CCCCC1,P-1,False
SALQIG,SALQIG,at 296.2 K,Cc1ccc(cc1)S(=O)(=O)[O-].Nc1[nH+]cccc1N(=O)=O,Pna21,False
KICVUP,KICVUP,180 K,CCc1[nH+]c(N)nc(N)c1c1ccc(Cl)cc1.CC(=O)Oc1ccccc1C(=O)[O-],P-1,False
IVUREX,IVUREX,at 123 K,C[NH+](C)C(C)C(O)c1ccccc1.O=C([O-])c1ccccc1,Pbca,False
ADIHOL,ADIHOL,at 295 K,FC(F)(F)C(=O)[O-].[NH3+]C(CCCNC(N)=[NH2+])C(=O)[O-],P21,False
FALSOC,FALSOC,at 110 K,Cc1ccnc(NS(=O)(=O)c2ccc(N)cc2)n1.CN(C)C=O,P-1,False
RIGHUO,RIGHUO,293 K,O=N(=O)c1ccc([O-])cc1.C[N+]1=C(N)NC(=O)C1,P-1,False
TIJCAU,TIJCAU,293 K,C=CCNC(=S)NN=Cc1[nH+]cccc1.NS(=O)(=O)[O-],P212121,False
XOMTUP01,XOMTUP01,at 200 K,Cc1ccc(cc1)S(=O)(=O)[O-].C[NH2+]CC(O)=O,P21/c,False
HIBGOP,HIBGOP,at 298 K,OC(=O)c1c(F)c(F)c(F)c(F)c1F.NC(=O)c1c(F)c(F)c(F)c(F)c1F,Pbca,False
BIRFIV,BIRFIV,123 K,OC1=[NH+]CCCCC1.Cc1ccc(cc1)S(=O)(=O)[O-],P-1,False
AYIKUR,AYIKUR,293 K,CN(C)C(C)=O.Cc1c(Cl)cccc1Nc1ncccc1C(O)=O,P21/c,False
GEXYAN,GEXYAN,293 K,c1ccc(nc1)c1nnc(nn1)c1ccccn1.Oc1c(Br)cc(Br)cc1Br,P-1,False
LOQWAS01,LOQWAS01,293 K,[2H][N+](CCC)(CCC)CCC.[2H]OC(=O)c1c(F)c(F)c(c(F)c1F)C(=O)[O-],P-1,False
SOVMOF,SOVMOF,at 273 K,OC(=O)CCCC(O)=O.Nc1cc(N)nc(N)n1,C2/c,False
DUPFUQ,DUPFUQ,at 100 K,Nc1[nH+]cc(Cl)cc1.OC(=O)CCC(=O)[O-],P212121,False
ORETIP,ORETIP,at 298 K,O=C1[N-]S(=O)(=O)c2ccccc12.NC1=[NH+]C(=CS1)c1ccccc1,P-1,False
MEKXAB,MEKXAB,,Nc1nnc(nn1)N=Nc1nnc(N)nn1.CS(C)=O,P-1,False
SAYPIT,SAYPIT,at 173 K,OC(=O)c1cccc(O)c1.CC(C)=NNC(=O)c1ccncc1,P-1,False
UNEYOB,UNEYOB,100 K,O=C1C=CC(=O)C=C1.NC(=O)N1c2ccccc2C=Cc2ccccc12,P21/c,False
SEKHIA,SEKHIA,at 298 K,[NH3+]C(C)(C)CC(C)(C)N(=O)=O.O=N(=O)c1cc(c([O-])c(c1)N(=O)=O)N(=O)=O,P-1,False
GENLIV,GENLIV,at 180 K,OC(=O)C(O)=O.NC(=O)c1ccc(Cl)cc1,P-1,False
VEKPOR,VEKPOR,at 295 K,CC1=NN=C2N1N=C(N)N(CC=C)C2=O.CS(C)=O,P21/n,False
PAXFIF,PAXFIF,at 130 K,OC(=O)CCN1C(=O)c2ccccc2C1=O.CN1C=NC2=C1C(=O)N(C)C(=O)N2C,P-1,False
JICTUK01,JICTUK01,,Nc1nc(Nc2ccc(Br)cc2)nc(Nc2ccc(Br)cc2)n1.CCC1(CC)C(=O)NC(=O)NC1=O,P21/n,False
FIJXIF,FIJXIF,at 213 K,CC(=O)[O-].[NH3+]C(C1CCCC(O)C1)C(=O)OC(C)(C)C,P212121,False
RIDSOQ,RIDSOQ,113.2 K,CCN1C=C(C(O)=O)C(=O)c2cnc(nc12)N1CC[NH2+]CC1.Oc1ccc(cc1O)C(=O)[O-],P-1,False
GADGUN09,GADGUN09,293 K,Oc1c(Cl)c(Cl)c(Cl)c(Cl)c1Cl.Cc1ccncc1,Cc,False
LIBYAY,LIBYAY,at 90 K,Oc1ccc(cc1)C(=O)[O-].Nc1[nH+]nc(c(N)n1)c1cccc(Cl)c1Cl,P21/c,False
LODGAO02,LODGAO02,150 K,NS(=O)(=O)c1cc(C(O)=O)c(NCC2=CC=CO2)cc1Cl.CN(C)C=O,P-1,False
MOQGIJ,MOQGIJ,at 133 K,CN(C)C(=O)N(C)C.Clc1ccc(cc1)S(=O)(=O)NS(=O)(=O)c1ccc(Cl)cc1,P-1,False
BALWAM,BALWAM,,[NH3+]C(C(O)c1ccccc1)c1ccccc1.CCC(C(=O)[O-])c1ccccc1C,P212121,False
RAXYEY,RAXYEY,100 K,OC(=O)COC(=O)Cc1ccccc1Nc1c(Cl)cccc1Cl.C(Cc1ccncc1)c1ccncc1,P21/c,False
ESOZIX,ESOZIX,173 K,Nc1ccnc(N)n1.CN1CCCC1=O,P21/n,False
ULECEU,ULECEU,at 110 K,Nc1ncccn1.OC(=O)C1(CCCC1)c1ccccc1,P21/n,False
EMUNAD,EMUNAD,183 K,FC(F)(F)S(=O)(=O)[N-]S(=O)(=O)C(F)(F)F.CON1C=C[N+](=C1C)OC,Cc,False
YEFXOX,YEFXOX,at 298 K,[NH3+]CCCCC([NH3+])C(=O)[O-].OC(=O)CCCCC(=O)[O-],P21,False
OKEJUK,OKEJUK,at 123 K,OC(=O)c1cc(O)cc(O)c1.ClCC#N,P-1,False
USOBOU,USOBOU,at 298 K,N#Cc1ccncc1.Cc1ccc(cc1)C(O)=O,C2/c,False
HUSVIA,HUSVIA,at 150.0 K,c1ccc(nc1)c1ccccn1.OC(=O)C=CC(O)=O,Pca21,False
MORVEV02,MORVEV02,150 K,Oc1cc(O)cc(O)c1.c1ccc2nc3ccccc3nc2c1,P21/n,False
UGOWEU,UGOWEU,100 K,OC(=O)c1ccc(O)cc1.O=C1NC(=O)C=C1,P21/n,False
EZEHEY,EZEHEY,296 K,CCc1[nH+]ccc(c1)C(N)=S.O=C([O-])c1ccc(cc1N(=O)=O)N(=O)=O,P-1,False
BAHLEC,BAHLEC,at 293 K,OC(=O)C=CC(=O)[O-].C[N+](C)(C)CC(O)=O,Pnma,False
EZAPUT,EZAPUT,293 K,OC(=O)C=CC(=O)[O-].COc1[nH+]c(N)nc(OC)c1,P-1,False
DITJAS,DITJAS,at 100 K,Oc1c(Cl)c(Cl)c(Cl)c(Cl)c1Cl.Cc1cccnc1C,C2/c,False
LUNMUC,LUNMUC,at 203 K,NC(=O)c1ccncc1.OC(=O)CCCCCCCCCCCBr,P-1,False
DADMED,DADMED,150 K,NS(=O)(=O)c1cc2c(NCNS2(=O)=O)cc1Cl.NC(=O)c1ccccn1,P21/n,False
KEBLAG,KEBLAG,at 296 K,c1ccncc1.Oc1ccc(N2C(=O)c3ccccc3C2=O)c(c1)C(O)=O,P-1,False
HEYGEX,HEYGEX,,C[NH+]1CCOC(C1C)c1ccccc1.OC(C(O)C(=O)[O-])C(O)=O,P212121,False
NOLBIC,NOLBIC,298 K,NS(=O)(=O)c1cc(C(O)=O)c(NCC2=CC=CO2)cc1Cl.O=C1CCCCN1,P21/n,False
BEWMEY,BEWMEY,296 K,FC(F)(F)S(=O)(=O)[O-].C[N+]1=C(C)N(C=C1)S(F)(=O)=O,P21/n,False
JEPYOV,JEPYOV,298 K,CN(C)C=O.Cc1cc(C)nc(NS(=O)(=O)c2ccc(N)cc2)n1,P21/n,False
QULLUF02,QULLUF02,at 110 K,OC(=O)c1cc(O)ccc1O.CCOc1ccccc1C(N)=O,P21/n,False
VATXOF,VATXOF,at 293 K,Nc1ccc(C(O)=O)c(O)c1.C(Cc1ccncc1)c1ccncc1,P-1,False
TEXPOB,TEXPOB,,Oc1c(C#N)c(C#N)c(O)c(C#N)c1C#N.c1cc2ccc3cccc4ccc(c1)c2c34,P-1,False
HIQRIK,HIQRIK,at 150 K,NC(=O)c1ccc(Br)cc1.OC(=O)C=CC(O)=O,P21/c,False
TOYMAV,TOYMAV,,NC(=O)C(=O)[O-].[NH3+]Cc1ccc(Cl)cc1,P21/c,False
UMUYUX,UMUYUX,at 173 K,NC(=O)c1ccncc1.CC(C)(Oc1ccc(Cl)cc1)C(O)=O,P-1,False
DUVHAE,DUVHAE,at 98 K,Oc1cccc(O)c1.C1CN2CCN1CC2,P21/c,False
UNEGEZ,UNEGEZ,at 233 K,C1CN2CCN1CC2.OC(=O)CCCCCCCC(O)=O,P21/c,False
FADHEZ,FADHEZ,at 173 K,NNC(=O)c1ccncc1.OC(=O)c1ccc(O)cc1,P21/c,False
ZATGAG,ZATGAG,100 K,CN1C=CC(=O)C(=C1C)O.Oc1ccccc1O,Pbca,False
BAYPOK,BAYPOK,298 K,Cc1ccc(cc1)S(=O)(=O)[O-].Cc1cccc2SC(=[NH2+])Nc12,C2/c,False
VECJOD,VECJOD,at 296.2 K,[NH3+]CCC1CCc2ccc3OCCc3c12.OC(CC(O)=O)C(=O)[O-],P212121,False
GAXCEQ,GAXCEQ,100 K,[NH3+]C(C)CCO.Brc1ccc(cc1)C(=O)[O-],P21,False
LUWHEQ,LUWHEQ,at 120 K,COc1cc(Cc2c[nH+]c(N)nc2N)cc(OC)c1OC.Nc1ccc(cc1)S(=O)(=O)[O-],P21/c,False
PESROV01,PESROV01,at 294 K,OC(=O)c1cccc(c1)C(O)=O.N1N=C(NN=C1c1cnccn1)c1cnccn1,Pnna,False
FORLAB,FORLAB,at 190.2 K,c1ccc(C=Cc2ccccn2)nc1.Oc1ccccc1O,P21/c,False
FAKLAH,FAKLAH,173 K,OC(=O)Cc1ccccc1.NC(=O)c1cccnc1,P21/n,False
GIKZUY,GIKZUY,100 K,OOC(=O)CC[NH+]1CCCCC1.CS(=O)(=O)[O-],Pna21,False
EFAWUF,EFAWUF,at 293 K,OC(=O)c1ccc(cc1)C(O)=O.c1ccc(C=Cc2ccncc2)nc1,P21/n,False
CEMNUH,CEMNUH,150.2 K,c1cc(ccn1)C=Cc1ccncc1.OB(O)c1ccc(cc1)c1ccc(cc1)B(O)O,P-1,False
HONSOT,HONSOT,at 100 K,OC(=O)c1cccc(O)c1.c1cnccn1,P21/n,False
ZIYVAH,ZIYVAH,93 K,CC12C[NH2+]CCN1C(=NO2)c1ccccc1.CC1(C)C2CCC1(CS(=O)(=O)[O-])C(=O)C2,P212121,False
GANXUP01,GANXUP01,,OC(=O)C(O)=O.CN1C=NC2=C1C(=O)N(C)C(=O)N2C,P21/a,False
EZAREF,EZAREF,293 K,Oc1cc(cc(O)c1O)C(=O)[O-].COc1[nH+]c(N)nc(OC)c1,P-1,False
LIDVAW,LIDVAW,at 298 K,c1cc(ccn1)c1ccncc1.Cc1ccc(cc1)S(=O)(=O)NCC(O)=O,P21/c,False
MENQIJ,MENQIJ,294 K,Nc1ccc(Cl)cn1.Cc1ccc(cc1)C(O)=O,P21/c,False
UHAYIL,UHAYIL,at 293 K,O=C[O-].CCc1[nH+]c(N)nc(N)c1c1ccc(Cl)cc1,P21/n,False
GIQHUM,GIQHUM,105 K,FC(F)(F)C(=O)[O-].O=C(Nc1ccccc1)Nc1[nH+]cccc1c1ccccc1,P-1,False
COXGUS01,COXGUS01,298 K,[NH3+]c1ccc(cc1)C(O)=O.OC(=O)c1cccc(c1C(=O)[O-])N(=O)=O,P21/c,False
WOJNEO,WOJNEO,at 123 K,CC(C)(C)N1[P+]N(C(=C1)Cl)C(C)(C)C.FC(F)(F)S(=O)(=O)[O-],Pbca,False
ZEFTUB,ZEFTUB,at 293 K,OC(=O)c1ccc(O)cc1.Cc1nccnc1C,P-1,False
ZIYFAR,ZIYFAR,100 K,NC1=[NH+]c2ccc(OC(F)(F)F)cc2S1.O=C([O-])c1ccc(cc1)N(=O)=O,P21/c,False
HOLWAI02,HOLWAI02,at 150 K,CN1C=NC2=C1C(=O)N(C)C(=O)N2C.CC(=CC(O)=O)C(O)=O,P-1,False
LIJGAN,LIJGAN,at 130 K,OC(C(O)C(=O)[O-])C(O)=O.[NH3+]c1ccc(Cl)cc1,P21,False
IVEKOM,IVEKOM,100 K,OC(=O)CCCCCC(=O)[O-].CC[NH+](CC)CC(=O)Nc1c(C)cccc1C,P-1,False
QAWTEQ,QAWTEQ,293 K,[NH3+]CC(O)=O.NC(=O)NC(=O)C(=O)[O-],P21/c,False
VEJZUI,VEJZUI,300 K,NC(=O)N1c2ccccc2C=Cc2ccccc12.NS(=O)(=O)c1cc2c(NC=NS2(=O)=O)cc1Cl,Pca21,False
VEKBAR,VEKBAR,298.5 K,C1N2CN3CN1CN(C2)C3.NS(=O)(=O)c1cc2c(NC=NS2(=O)=O)cc1Cl,P21/c,False
HISRAC,HISRAC,,C1CCOC1.Oc1ccc(cc1)N1C(=CC=C1C(O)=O)C(O)=O,P21/n,False
REPFEX,REPFEX,at 293 K,[NH3+]C(C(C)O)C(O)=O.OC(=O)C(=O)[O-],P21/n,False
SEYWUP,SEYWUP,at 293 K,[NH3+]CC(O)=O.Cc1ccc(cc1)S(=O)(=O)[O-],Pbca,False
GEQXIL,GEQXIL,at 233 K,OC(=O)c1cc(Cl)cc(Cl)c1.CCOc1ccccc1C(N)=O,P21/c,False
MEWJIK,MEWJIK,100 K,c1cc(ccn1)c1ccncc1.CCOC(=S)Nc1ccccc1,P-1,False
NOSVAV,NOSVAV,173 K,OC(=O)Cc1ccc(O)c(Cl)c1.c1ccc2nc3ccccc3nc2c1,P21/c,False
POXJAQ,POXJAQ,296 K,Cc1ccc(cc1)S(=O)(=O)[O-].C[n+]1ccc(cc1)C=Cc1ccccc1O,P21/n,False
DUTTOC,DUTTOC,at 296 K,CCc1[nH+]c(N)nc(N)c1c1ccc(Cl)cc1.O=S(=O)([O-])c1cccnc1,P-1,False
ZAPTET,ZAPTET,298 K,OC1=C(Br)C(=O)C(=C(Br)C1=O)O.O=C1CCCN1,P-1,False
GUPCEC,GUPCEC,293 K,Brc1ccccc1C(=O)[O-].Fc1ccc(cc1)N1CC[NH2+]CC1,P-1,False
PEBFIL,PEBFIL,,OC(C(O)C(=O)[O-])C(O)=O.Nc1[nH+]cc(cc1)N(=O)=O,P21,False
AHUDAK,AHUDAK,153 K,FC(F)(F)S(=O)(=O)[O-].CN1C(=C(C)[N+](=C1P(C#N)C#N)C)C,P21/c,False
HONVOW,HONVOW,at 100 K,c1cc(ccn1)C=Cc1ccncc1.OC(=O)c1ccc2cc(O)ccc2c1,P-1,False
TICROO,TICROO,at 100 K,Nc1ccc(cc1)S(=O)(=O)Nc1ncccn1.c1cc(ccn1)C#Cc1ccncc1,P-1,False
TPTPCM,TPTPCM,,[NH3+]C(CC1=CNc2ccccc12)C(O)=O.O=N(=O)c1cc(c([O-])c(c1)N(=O)=O)N(=O)=O,P-1,False
MOGWAI,MOGWAI,at 173 K,Cc1cccnc1.OC(=O)C=CC(O)=O,P21/c,False
PUCLEH,PUCLEH,93 K,Cc1ccc(cc1)S(=O)(=O)[O-].CC(O)=[NH+]c1ccc(O)cc1,P21/n,False
CONVAD,CONVAD,at 293 K,[NH3+]C(CCCCN)C(O)=O.OC1=C([O-])C(=O)C1=O,P1,False
PUVMIC,PUVMIC,,c1ccc(nc1)c1ccccn1.Oc1cc(O)cc(O)c1,P21/c,False
CIVPUW,CIVPUW,173 K,OC(=O)c1cccc2ccccc12.CCC(C)=NNC(=O)c1ccncc1,P21/n,False
WADNUN,WADNUN,213 K,CCCCC(=O)[O-].[NH3+]Cc1ccc(Br)cc1,P-1,False
GENLOB,GENLOB,at 180 K,OC(=O)CCCCCCCCC(O)=O.NC(=O)c1ccc(Cl)cc1,P-1,False
IXAJIC,IXAJIC,173 K,NC(=O)C1=NON=C1N=NC1=NON=C1C(N)=O.CS(C)=O,P21/c,False
CUMNEE,CUMNEE,at 293 K,c1cc(ccn1)C=Cc1ccncc1.OC(=O)c1cccc(C(O)=O)c1c1c(cccc1C(O)=O)C(O)=O,C2/c,False
NEWSOY,NEWSOY,at 173 K,CC(=O)Nc1cc[nH+]cc1.OC(=O)CCCC(=O)[O-],P-1,False
TAZXAU,TAZXAU,at 298 K,NC1=[NH+]C(=O)NC=C1.OC(=O)c1cccc(c1)C(=O)[O-],P-1,False
RUQSOM,RUQSOM,at 103 K,OC(=O)c1cc(ccc1C(=O)[O-])N(=O)=O.[NH3+]CCc1ccc(O)cc1,P21/c,False
RACFUA,RACFUA,293 K,COS(=O)(=O)[O-].COC(=O)NC1=[NH+]c2cc(ccc2N1)C(=O)c1ccccc1,P-1,False
GEBMEF,GEBMEF,at 105 K,CC(=O)OCC[N+](C)(C)C.O=N(=O)c1cc(c([O-])c(c1)N(=O)=O)N(=O)=O,Pbca,False
RADFEI,RADFEI,,Nc1ncccn1.OC(=O)COc1c(Cl)cccc1Cl,Pbcn,False
MOZDAH,MOZDAH,at 173 K,OC(=O)c1ccc(O)cc1.CN1C=NC2=C1C(=O)N(C)C(=O)N2C,P21/c,False
KOTMEN,KOTMEN,at 200 K,[NH3+]C(C(O)c1ccccc1)c1ccccc1.OC(C(=O)[O-])c1ccccc1,P21,False
SOVHEQ,SOVHEQ,at 273 K,c1cc(ccn1)c1ccncc1.OC(=O)CCSCCC(O)=O,P2/n,False
LUZQEC,LUZQEC,at 296.2 K,FC(F)(F)S(=O)(=O)[O-].C[n+]1ccc(Sc2ccncc2)cc1,P-1,False
WIWBOV,WIWBOV,at 293 K,c1ccc(nc1)c1nnc(nn1)c1ccccn1.OC(=O)c1c(Br)c(Br)c(C(O)=O)c(Br)c1Br,P-1,False
QAMRUS,QAMRUS,at 150 K,c1cc(ccn1)c1ccncc1.Oc1ccc(O)cc1,P-1,False
AHEROU,AHEROU,at 293 K,Oc1c(cc(cc1N(=O)=O)N(=O)=O)C(=O)[O-].O[NH+]=Cc1ccccc1O,P21/n,False
KIHXUV,KIHXUV,at 298 K,Oc1ccc(cc1)C#N.c1ccc(cc1)c1ccncc1,C2/c,False
VAYGIM,VAYGIM,at 293 K,CC[N+](C)(CC)OC1CCC(O)CC1.FC(F)(F)S(=O)(=O)[O-],P21/n,False
BULTUZ,BULTUZ,120 K,OC(=O)c1ccc(Br)cc1.N#Cc1ccncc1,P-1,False
JAKPOB,JAKPOB,at 120 K,Oc1ccc(cc1)c1ccc(O)cc1.Nc1ccc(Oc2ccc(N)cc2)cc1,Pbcn,False
KUFBIY,KUFBIY,293 K,Oc1cc2C(=O)Oc3c(O)c(O)cc4C(=O)Oc(c1O)c2c34.CNC,P-1,False
COBLAG,COBLAG,at 100 K,Oc1ccc(cc1)c1ccc(O)cc1.c1cc(ccn1)c1ccncc1,P-1,False
XOTYUB,XOTYUB,at 295 K,CCOc1ccc(cc1)C(O)=O.c1cc(ccn1)c1ccncc1,P21,False
DATFEL,DATFEL,at 293 K,CC(=O)NC1=NN=C(S1)S(N)(=O)=O.NC(=O)c1ccccc1O,P-1,False
NIKYAK,NIKYAK,293 K,c1cc(ccn1)c1ccncc1.Oc1ccc(cc1)C1=C(O)C(=O)c2c(O)cc(O)cc2O1,P-1,False
ENICOU,ENICOU,at 100 K,OC(=O)CCC(O)=O.CN1C(=C(O)c2ccccc2S1(=O)=O)C(=O)NC1=NC=C(C)S1,P-1,False
ZEYJAQ,ZEYJAQ,at 173 K,NC1=[NH+]C(=O)NC=C1.OC(=O)CC(=O)[O-],Pbca,False
JIGJOB,JIGJOB,100 K,CS(C)=O.O=C1NC(=S)NC1(c1ccccc1)c1ccccc1,P21/n,False
RADDUW,RADDUW,at 150 K,NC1=[NH+]CCS1.Clc1ccc(Cl)c(OCC(=O)[O-])c1,P21/c,False
ZAQRES,ZAQRES,193 K,c1cc(ccn1)c1ccncc1.CCCCCCCC(O)=O,P-1,False
PAHCIL,PAHCIL,at 293 K,[NH3+]C(C(C)C)C(O)=O.O=N(=O)c1cc(c([O-])c(c1)N(=O)=O)N(=O)=O,P21/n,False
TUMWOP,TUMWOP,296 K,C[NH+]1C2CCC1CC(=O)C2.O=C([O-])c1ccc(cc1)N(=O)=O,P21/n,False
TEFMEW,TEFMEW,,[NH3+]CCCCC([NH3+])C(=O)[O-].O=N(=O)c1cc(c([O-])c(c1)N(=O)=O)N(=O)=O,P1,False
LUSXII,LUSXII,173 K,[NH3+]CC(CC(O)=O)c1ccc(Cl)cc1.OC(=O)C=CC(=O)[O-],P21,False
EWAROK,EWAROK,at 150 K,c1cnc2c(c1)ccc1cccnc21.Cc1cc(O)cc(O)c1,P21/c,False
GAZSIN,GAZSIN,298 K,CC1=C[NH+]=C(N)S1.Clc1ccc(OCC(=O)[O-])cc1,P21/c,False
UVIMES,UVIMES,at 180 K,CN1C=NC2=C1C(=O)N(C)C(=O)N2C.OC(=O)C(F)(F)C(F)(F)C(F)(F)C(F)(F)C(O)=O,P21/c,False
GESREF,GESREF,295 K,NC1=N[N+]2(CCSCC2)CC1.Cc1ccc(cc1)S(=O)(=O)[O-],P-1,False
DOCWOK,DOCWOK,298 K,O=C(CN1C=[NH+]C=C1)c1ccccc1.O=C([O-])c1cc(cc(c1)N(=O)=O)N(=O)=O,P212121,False
NABMAH,NABMAH,200 K,[NH3+]C(c1ccccc1)c1ccccc1O.COc1ccc2cc(ccc2c1)C(C)C(=O)[O-],C2,False
TOWPIH,TOWPIH,130 K,OC12CC[NH+](CC1)CC2.O=C([O-])c1cc(cc(c1)N(=O)=O)N(=O)=O,Pcab,False
PARWOV,PARWOV,at 100 K,O=C([O-])c1cccc(c1)N(=O)=O.COc1cc(Cc2c[nH+]c(N)nc2N)cc(OC)c1OC,Fdd2,False
UFEWAG,UFEWAG,150 K,OC(=O)CCCCCC(O)=O.NC(=O)c1ccc(N)cc1,P21,False
NAQNAX,NAQNAX,100 K,NC1=Nc2ccc(OC(F)(F)F)cc2S1.OC(=O)CCCC(O)=O,C2/c,False
LOQZEZ01,LOQZEZ01,293 K,[2H]OC(=O)c1c(F)c(F)c(c(F)c1F)C(=O)[O-].[2H][N+]([2H])([2H])CCCOC,P21/c,False
NIJLIE,NIJLIE,115 K,O=C([O-])C12CC3CC(CC(C3)C1)C2.NC(=O)C1[NH2+]CCC1,P21,False
YOCZIB,YOCZIB,at 293 K,OC(=O)c1c(F)c(F)c(C(O)=O)c(F)c1F.Cc1cncc(C)n1,P-1,False
KAYHID,KAYHID,at 120 K,O=C(Nc1ccccn1)c1cccnc1.OC(=O)CC(O)=O,C2/c,False
JIHNAS,JIHNAS,153 K,Nc1c(Cl)cc(cc1Cl)S(N)(=O)=O.c1cnc2c(c1)ccc1cccnc21,P212121,False
IWOQES01,IWOQES01,100 K,c1ccc2ncccc2c1.OP(O)(O)=O,P-1,False
CUZLUH,CUZLUH,294 K,CC(=O)NC(=S)NC(C)=O.CC(=O)NC(N)=S,P-1,False
ZEYLEW,ZEYLEW,at 298 K,OC(=O)C12CC3CC(C1)CC(C3)(C2)C(=O)[O-].[NH2+]=C1NC(=O)NC=C1,P-1,False
DINKAO,DINKAO,at 100 K,OC(=O)C=CC(=O)[O-].NC1=[NH+]C(=O)NC=C1F,P21/c,False
GALBIF,GALBIF,at 298 K,OC(=O)CCC(O)=O.c1cc(ccn1)N=Nc1ccncc1,P-1,False
YIVZIP,YIVZIP,296 K,Oc1cncc(c1)C(O)=O.CS(C)=O,P21/c,False
FIVXIU,FIVXIU,100 K,FC(F)(F)S(=O)(=O)[O-].[NH3+]OS(C)(=O)=O,Pna21,False
CATHUC,CATHUC,at 100 K,O=C([O-])C1=CC=CN1.[NH3+]C(C(O)c1ccccc1)c1ccccc1,P212121,False
CEMPAP,CEMPAP,298.1 K,c1cc(ccn1)C=Cc1ccncc1.OB(O)c1cccc(c1)B(O)O,C2/c,False
LUMYOH,LUMYOH,at 293 K,CC(C)(O)C#Cc1cccc(Br)n1.O=P(c1ccccc1)(c1ccccc1)c1ccccc1,P21/n,False
GOGQID,GOGQID,at 113 K,NC(=O)c1cccnc1.CCOC(=O)c1ccc(O)cc1,P21/n,False
XUBYOK,XUBYOK,150 K,CN(C)C=O.COC(=O)C=C1SC(NC1=O)=NN=Cc1ccccc1OC,P21/n,False
ZAJJAV,ZAJJAV,,Nc1ncccn1.Nc1ccccc1C(O)=O,Pa,False
QISMIQ,QISMIQ,at 293 K,OC(=O)c1ccc(OCc2cccc(c2)C(O)=O)cc1.C(Cc1ccncc1)Cc1ccncc1,P21/c,False
SORWIF,SORWIF,,Nc1ccc(cc1)C(O)=O.Cc1cc(C)nc(NS(=O)(=O)c2ccc(N)cc2)n1,P-1,False
YIFXUH,YIFXUH,at 298 K,[NH3+]NC(N)=S.O=N(=O)c1cc(c([O-])c(c1)N(=O)=O)N(=O)=O,P-1,False
LABKAE,LABKAE,173 K,[NH3+]CC(CC(O)=O)c1ccc(Cl)cc1.Clc1ccc(OCC(=O)[O-])c(Cl)c1,P21/c,False
IVUNIX,IVUNIX,at 123 K,C[NH+](C)C(C)C(O)c1ccccc1.CS(=O)(=O)[O-],P21,False
KIHXOP,KIHXOP,at 100 K,Oc1cccc(c1)C#N.c1cc(ccn1)C=Cc1ccncc1,C2/c,False
DARWOJ,DARWOJ,at 100 K,FC(F)(F)C(=O)[O-].COC(=O)C1[NH2+]C2C=C(Cl)CCC2(CCC#C)C1,P21,False
ZOHWOK,ZOHWOK,at 150 K,NC(=O)c1cccc(N)c1.OC(=O)c1ccc(O)cc1,C2/c,False
HOFYOT,HOFYOT,100 K,NC(=O)c1ccncc1.OC(=O)CCCCCC(O)=O,P-1,False
SAFNOF,SAFNOF,298 K,OC(=O)C1[NH2+]CSC1.O=N(=O)c1cc(c([O-])c(c1)N(=O)=O)N(=O)=O,P21,False
HIDVUM,HIDVUM,at 297 K,[NH3+]c1cccc2c(O)cccc12.OC(=O)c1cc(cc(c1[O-])N(=O)=O)N(=O)=O,P21/n,False
IJAHOR,IJAHOR,at 293 K,Nc1nnc(c(N)n1)c1cccc(Cl)c1Cl.CC(C)O,P21/c,False
PITYEW,PITYEW,,Nc1ccc(cc1)c1ccc(N)cc1.Oc1ccc(O)cc1,P21/c,False
WARNUB,WARNUB,298.1 K,c1cc(ccn1)C=Cc1ccncc1.OB1OCc2cc(F)ccc12,P21/c,False
NEWNIP,NEWNIP,173 K,Nc1[nH+]cccc1Br.O=C([O-])c1cc(cc(c1)N(=O)=O)N(=O)=O,P21/n,False
ZAPFAX,ZAPFAX,,Oc1ccc(O)cc1.NN,C2/c,False
COZZOH,COZZOH,at 100 K,Cc1nc(C)c(C)nc1C.Oc1ccc(O)cc1,P21/c,False
IVUPIZ,IVUPIZ,at 123 K,C[NH+](C)C(C)C(O)c1ccccc1.OC(=O)CC(=O)[O-],P1,False
HIDCEG,HIDCEG,100 K,OC(=O)C=CC(=O)[O-].[NH3+]CC(CC(C)C)CC(O)=O,P-1,False
XISPOH,XISPOH,150 K,CN(C)c1ccncc1.CC(=O)c1c(ccc2cccc(O)c12)C(C)(C)C,P21/c,False
VESZIF,VESZIF,173 K,COc1cc(ccc1O)C(O)=O.c1ccc2nc3ccccc3nc2c1,P-1,False
PAMPIF,PAMPIF,150 K,[NH3+]C(C)c1ccccc1O.COc1ccc2cc(ccc2c1)C(C)C(=O)[O-],C2,False
NUKYEY,NUKYEY,at 180 K,OC(=O)CCCC(O)=O.NC(=O)c1cccnc1,P-1,False
LUJJAC,LUJJAC,at 173 K,CC(=O)[O-].[NH3+]CC1(O)OCC(O)C(O)C1O,P212121,False
BAGFAS,BAGFAS,at 100 K,C[n+]1cccc(c1)B(O)O.CS(=O)(=O)[O-],P21/c,False
XUCKOX,XUCKOX,at 253 K,NC1=C(c2c(F)c(F)c(F)c(F)c2C1(F)F)C(=O)C(F)(F)F.C1COCCO1,P-1,False
ODEFUZ,ODEFUZ,at 295 K,CCC(SC1=Nc2ccccc2N1)C(=O)[O-].CCC(SC1=[NH+]c2ccccc2N1)C(O)=O,P21/c,False
CILLOA,CILLOA,at 123 K,Cc1cccc(NC(=O)C(C)(C)C)n1.OC(=O)c1ccccc1,P21/c,False
LUNMIQ,LUNMIQ,at 203 K,NC(=O)c1ccncc1.CN(C)c1cccc(c1)C(O)=O,C2/c,False
TEJVUZ,TEJVUZ,,OCC(=O)[O-].[NH3+]C(CC1=C[NH+]=CN1)C(=O)[O-],P21/c,False
GAWHET,GAWHET,at 213 K,CN1C(=O)N(C)C(=C(C1=O)N(=O)=O)[O-].CC(C)N1C(=C(C)[N+](=C1Cl)C(C)C)C,P21/m,False
BIDHUS,BIDHUS,at 296.2 K,O=N(=O)c1ccccc1S(=O)(=O)[O-].Nc1[nH+]cc(cc1)N(=O)=O,Pc,False
ENIKIY,ENIKIY,294 K,c1cc(ccn1)C=Cc1ccncc1.OC(=O)CCCC#C,P21/c,False
EPUJUW,EPUJUW,200 K,OC(=O)CN1CSCCSC1.CS(C)=O,P21/c,False
UKISIT,UKISIT,298 K,Nc1cccc(c1)C(=O)[O-].Cc1cccc2SC(=[NH+]c12)N,P-1,False
DADNAA,DADNAA,150 K,NS(=O)(=O)c1cc2c(NCNS2(=O)=O)cc1Cl.OC(=O)c1ccncc1,Cc,False
ISIJEA,ISIJEA,at 120 K,NC(=O)c1ccncc1.OC(=O)CCCCCC(O)=O,P2/c,False
LODHIX,LODHIX,at 100 K,Oc1cc(cc(O)c1O)C(=O)[O-].NNC(=O)c1cc[nH+]cc1,P21,False
YADHIW,YADHIW,at 292 K,[NH3+]c1ccc(OCC)cc1.OC(=O)c1ccccc1C(=O)[O-],P-1,False
XOKSUN,XOKSUN,at 110 K,OC(=O)c1cccc(O)c1.C1N2CN3CN1CN(C2)C3,Pccn,False
TACDAE,TACDAE,at 293 K,C(Cc1ccncc1)c1ccncc1.OC(=O)CCCCCC(O)=O,P21/c,False
APAWAR,APAWAR,293 K,CN(C)C=O.OC(=O)c1cccc2c1NC(=O)NS2(=O)=O,P21/c,False
EDATOS,EDATOS,at 293 K,Oc1ccccc1C(=O)[O-].NC1=[NH+]C(=O)NC=C1F,P21/n,False
HIHPIY,HIHPIY,at 293 K,Clc1ccc(cc1C(=O)[O-])N(=O)=O.Cc1[nH+]c2c(O)cccc2cc1,P21/c,False
MBZDCN,MBZDCN,,CN(C)c1ccc(cc1)c1ccc(cc1)N(C)C.ClC1=C(Cl)C(=O)C(=C(Cl)C1=O)Cl,P-1,False
AJOHEP,AJOHEP,295 K,Oc1ccc2ccccc2c1C=NN1CCOCC1.Fc1c(F)c(Br)c(F)c(F)c1Br,P21/n,False
RIDWEH,RIDWEH,at 296.1 K,CCOP([O-])(=S)c1ccccc1.[NH3+]C(C(O)c1ccccc1)c1ccccc1,P212121,False
FEQXEF,FEQXEF,at 198 K,C1N2CN3CN1CN(C2)C3.COC(=O)c1cc(O)cc(O)c1,Cc,False
DETGAN,DETGAN,293 K,NC(N)=O.CN(C)c1ccncc1,C2/c,False
NOVTAT,NOVTAT,,OC(=O)CC1c2ccccc2c2ccccc12.c1ccc2nc3ccccc3cc2c1,P21/c,False
QUWZEO,QUWZEO,at 294 K,Oc1c(F)c(F)c(O)c(F)c1F.c1cnccn1,P-1,False
GEHKEK,GEHKEK,at 293 K,C[NH2+]C(C)C(O)c1ccccc1.OC(CC(O)=O)C(=O)[O-],P21,False
LEDYUQ,LEDYUQ,at 173 K,C1CN2CCN1CC2.OC(=O)C=CC=CC(O)=O,P-1,False
VUKPEY,VUKPEY,100 K,Cc1[nH+]cc(CO)c(CO)c1O.Oc1ccc(cc1)C(=O)[O-],C2/c,False
IAAMTA,IAAMTA,,O=C([O-])CC1=CNc2ccccc12.[NH3+]CCC1=CNc2ccc(OC)cc12,P21/c,False
ZINDEI,ZINDEI,300 K,OC1=C([O-])C(=O)C1=O.[NH3+]C(CC(C)C)C(O)=O,P2/n,False
KUQRAQ,KUQRAQ,at 293 K,Oc1cccnc1C(=O)[O-].CCc1[nH+]c(N)nc(N)c1c1ccc(Cl)cc1,P21/c,False
NUKZEZ,NUKZEZ,at 180 K,NC(=O)c1cccnc1.OC(=O)CCCCCCC(O)=O,P-1,False
YUDDIM,YUDDIM,at 295 K,[NH3+]C(CCSC)C(O)=O.O=N(=O)c1cc(c([O-])c(c1)N(=O)=O)N(=O)=O,P21,False
QUBRUB,QUBRUB,at 292 K,OC(=O)c1ccccc1C(=O)[O-].[NH3+]c1ccccc1O,P21/c,False
TOJNEO,TOJNEO,295 K,CC1(C)C(CCC1(C)C(O)=O)C(=O)[O-].[NH3+]C(C(N)=O)c1ccccc1,P21,False
TUQYIN,TUQYIN,at 173 K,C[NH+]=P(N(C)C)(N(C)C)N(C)C.CC(=O)[O-],P-1,False
IGERUJ,IGERUJ,298 K,Oc1cc2ccccc2cc1C(=O)[O-].Oc1c[nH+]ccc1,P21/n,False
OQIHAA,OQIHAA,293 K,O=N(=O)c1cc(c([O-])c(c1)N(=O)=O)N(=O)=O.Clc1cccc(N2CC[NH2+]CC2)c1Cl,P21/n,False
USAKIJ,USAKIJ,at 293 K,OB(O)c1ccc(O)cc1.c1cnc2ccc3ncccc3c2c1,P21/n,False
FOQHOI,FOQHOI,,Oc1ccc(cc1)c1ccc(O)cc1.c1ccc2nc3ccccc3nc2c1,P-1,False
SIQBEB,SIQBEB,at 296 K,[NH3+]c1cccc(Cl)c1.O=N(=O)c1ccc(c(c1)N(=O)=O)S(=O)(=O)[O-],P21/c,False
ZIKPOY,ZIKPOY,,OCC[NH2+]CCO.Clc1cccc(Cl)c1Nc1ccccc1CC(=O)[O-],P21/a,False
AFIRIU,AFIRIU,150 K,CC(=O)Nc1ccc(cc1)C(O)=O.NC(=O)N1c2ccccc2C=Cc2ccccc12,P21/c,False
SUYNIM,SUYNIM,293 K,CC1=C(C)[N+](=CN1O)O.O=C1NC(=O)C=C([O-])N1,P-1,False
ZUPZUI,ZUPZUI,298 K,[NH3+]Cc1ccc(Cl)cc1.ClC(Cl)C(=O)[O-],P21/c,False
RAVXUK,RAVXUK,150 K,O=Cc1ccncc1.OC(=O)c1ccc(Cl)cc1O,P21,False
XEGJAW,XEGJAW,at 180 K,OC(=O)CCCCCCCC(=O)[O-].CCc1[nH+]c(N)nc(N)c1c1ccc(Cl)cc1,P-1,False
VIXDAK,VIXDAK,173 K,COC(=O)C1[NH2+]CC(C1)N=[N+]=[N-].FC(F)(F)C(=O)[O-],P21,False
AMOZAG,AMOZAG,294 K,Nc1[nH+]cc(Br)cc1.O=C([O-])C#Cc1ccccc1,P21/n,False
BIYGAT,BIYGAT,110.0 K,Fc1c(F)c([O-])c(F)c(F)c1Br.[NH2+]1CCSCC1,P-1,False
CEZCUH,CEZCUH,at 100 K,FC(F)(F)S(=O)(=O)[O-].FCCN1C=C[N+](=C1)c1ccccc1,P21/c,False
REGSEF,REGSEF,296 K,CS(=O)(=O)[O-].CC[N+]1=C(C)Sc2ccccc12,Pbca,False
CETTIE,CETTIE,,[NH3+]CC1=CC=CS1.COC(=O)C1=C([O-])N(CC2=CC=CS2)N=N1,P-1,False
FIPREB,FIPREB,,CN(C)C=O.NC1=NN=CN1C(=NNc1ccccc1)C(=O)c1ccc(Cl)cc1Cl,P-1,False
TOJMAJ,TOJMAJ,295 K,CC(CC(O)=O)C(=O)[O-].[NH3+]C(C(N)=O)c1ccccc1,P21,False
KEFCEE,KEFCEE,at 100 K,OC(=O)CCCCCCCCC(O)=O.CC(=O)Nc1ccccn1,P-1,False
GAPYOO,GAPYOO,293 K,[NH3+]C(CC1=C[NH+]=CN1)C(=O)[O-].Fc1cc(ccc1[O-])N(=O)=O,P21,False
JEGBAZ,JEGBAZ,at 100 K,C(N1C=CN=C1)c1ccc(CN2C=CN=C2)cc1.ON=C(C#N)c1ccc(Br)cc1,P21/c,False
UZUYUL,UZUYUL,173 K,Cc1cccc(Nc2ccccc2C(O)=O)c1C.Cc1cccnc1,P-1,False
DUDDIQ,DUDDIQ,at 273 K,C1CN=C(N1)c1ccc(cc1)C1=NCCN1.Nc1ccc(cc1)S(O)(=O)=O,Pbca,False
OPITOX,OPITOX,at 295 K,Cc1[nH+]c(CO)c2COC(C)(C)OCc2c1O.Cc1ccc(cc1)S(=O)(=O)[O-],P-1,False
NUXFIV,NUXFIV,,CC(=O)[O-].Oc1ccc(O)c2SC(Sc12)=[N+]1CCCC1,P21/c,False
MUPNIV,MUPNIV,at 100 K,NC(=O)c1cccnc1.COc1cc(C=CC(O)=O)ccc1O,P21/n,False
OJUBOM,OJUBOM,296.1 K,OC(=O)CCCC(O)=O.Nc1nc(N)nc(n1)c1ccc(Cl)cc1,P-1,False
ODOBIT,ODOBIT,at 298 K,Cc1nc(C)c(C)nc1C.OC(=O)c1ccc(O)cc1,P21,False
VELCAT,VELCAT,293 K,OC(C(O)C(=O)[O-])C(O)=O.[NH3+]CCCC(O)=O,P-1,False
SOGSEP,SOGSEP,150 K,NC(=O)c1ccc(O)cc1.NC(=O)N1c2ccccc2C=Cc2ccccc12,P21/c,False
LOCLOF,LOCLOF,at 295 K,OC(=O)C(=O)[O-].[NH3+]C(CS)C(O)=O,P212121,False
JAHJIP,JAHJIP,131 K,Oc1cccc(O)c1C(=O)[O-].CN1C=[NH+]C2=C1C(=O)N(C)C(=O)N2C,P21/n,False
PUPHAK,PUPHAK,at 296 K,CN1C=NC2=C1C(=O)N(C)C(=O)N2C.OC(=O)c1cc(O)cc(c1)C(O)=O,P-1,False
EJEDUU,EJEDUU,123 K,Cc1ccc(cc1)S(=O)(=O)[O-].COc1ccc2C3[NH+](CCc2c1)CC1CCC3C1,P-1,False
EXISOW,EXISOW,99.9 K,OCC[NH2+]CCO.Oc1c(ccc2ccccc12)C(=O)[O-],P21/n,False
RADDOQ,RADDOQ,at 150 K,c1cc(ccn1)c1ccncc1.OC(=O)COc1cc(Cl)cc(Cl)c1,C2/c,False
TAPCEW,TAPCEW,173 K,N#Cc1cccnc1.CC1=CC(=NO1)NS(=O)(=O)c1ccc(N)cc1,P21/n,False
TICFOA,TICFOA,,C1CNCCN1.Oc1ccc(Sc2ccc(O)cc2)cc1,C2/c,False
PORNIV,PORNIV,153 K,FC(F)(F)S(=O)(=O)[O-].CC1=[NH+]N(C(=C1)C)c1ccc(cn1)N(=O)=O,P21/c,False
CISDEP,CISDEP,at 100 K,FC(F)(F)S(=O)(=O)[O-].C[N+]1=CN(N=C1)c1ccc(cc1N(=O)=O)N(=O)=O,P212121,False
FOMFIX,FOMFIX,at 120 K,OC(=O)c1cc(ccc1C(=O)[O-])N(=O)=O.[NH3+]c1ccc(Br)cc1,C2/c,False
HAJCAY,HAJCAY,at 173 K,C[S+](C)(C)=O.O=C1[N-]C(=O)c2ccccc12,Pnma,False
OCAKAF,OCAKAF,at 295 K,Oc1c[nH+]ccc1.OC(=O)COc1cccc(OCC(=O)[O-])c1,P21/n,False
JUNXAU,JUNXAU,173 K,Cc1c(O)cccc1O.Cc1nc(C)c(C)nc1C,P21/c,False
BIDJII,BIDJII,at 296.2 K,O=S(=O)([O-])c1ccccc1.Nc1[nH+]cc(cc1)N(=O)=O,P21/n,False
QUKKOY,QUKKOY,100 K,Nc1ccc(Cl)cn1.Cc1cccc(c1)C(O)=O,P21/c,False
LIYBUT,LIYBUT,120 K,CN(C)C=O.Clc1ccc(NC(=S)N2CCOCC2)cc1,P-1,False
NUMHEK,NUMHEK,297 K,NS(=O)(=O)c1ccc(Cl)cc1.O=C1CCCCCN1,P212121,False
DIGCIG,DIGCIG,at 100 K,O=C(Nc1c[nH+]ccc1)Nc1cccnc1.OC(=O)CCCCC(=O)[O-],P-1,False
ULAWOT,ULAWOT,at 153 K,NC(=O)c1ccncc1.OC(=O)CCCC(O)=O,P21/n,False
MOZMIY,MOZMIY,at 293 K,[NH3+]NC(N)=O.OC(=O)c1cccc(n1)C(=O)[O-],P21/c,False
VECVAC,VECVAC,at 150 K,COCC12C[NH2+]CCC1(C2)c1ccc(Cl)c(Cl)c1.OC(C(O)C(=O)[O-])C(O)=O,P212121,False
JOFHOC,JOFHOC,at 160 K,NC(=O)C1c2ccccc2C=Cc2ccccc12.C1COCCO1,P21/c,False
KUZGOD,KUZGOD,296 K,OC(=O)C1C[NH2+]CCC1.Clc1cc(cc(Cl)c1[O-])N(=O)=O,P-1,False
HICZIF,HICZIF,173 K,NC(=O)c1ccncc1.OC(=O)CC(O)(CC(O)=O)C(O)=O,Cc,False
WEXKEP,WEXKEP,,CN1c2ccc(Br)cc2c2cc(Br)ccc12.O=C1OC(=O)c2cc3C(=O)OC(=O)c3cc12,P-1,False
DUVCIH,DUVCIH,at 100 K,Nc1[nH+]cc(Br)cc1.Oc1ccccc1C(=O)[O-],P21/c,False
DUNVUE,DUNVUE,at 293 K,CN(C)C=O.NC(=S)NN=Cc1cccc(c1)C#N,P21/n,False
TECMUK,TECMUK,at 294 K,NC(=O)C1[NH2+]CCC1.OC1=C([O-])C(=O)C1=O,C2,False
LATSEG,LATSEG,at 180 K,OC(=O)c1ccc(O)cc1O.O=C1CCC(=O)N1,P-1,False
XETHEN,XETHEN,100 K,OC(=O)C(=O)[O-].C[NH+]1CC(O)c2cc(O)ccc2C1c1cccc(O)c1,P212121,False
XUYVAO,XUYVAO,at 105 K,OC(=O)C1[NH2+]CCC1.ClC(Cl)(Cl)C(=O)[O-],P31,False
WEKDID01,WEKDID01,100 K,NC(=O)c1ccccc1.NC(=O)N1c2ccccc2C=Cc2ccccc12,P21/n,False
XIBCAP,XIBCAP,143 K,[NH3+]N(C)C(N)=O.O=N(=O)c1cc(c([O-])c(c1)N(=O)=O)N(=O)=O,P-1,False
ERAHAJ,ERAHAJ,298 K,NC(=O)c1ccncc1.OC(=O)Cc1ccccc1CC(O)=O,P-1,False
DEVGOA,DEVGOA,at 173 K,[NH2+]1CCOCC1.CS(=O)(=O)[N-]S(C)(=O)=O,P21/c,False
ELEGUY,ELEGUY,at 293 K,c1cc(ccn1)c1ccncc1.OC(=O)CCC(=O)CCC(O)=O,C2/c,False
APUYUI,APUYUI,293 K,OC(=O)c1cc(O)cc(O)c1.CC1=NNC(=O)N(C1)N=Cc1cccnc1,P-1,False
CURFOM,CURFOM,105 K,C[NH2+]C(C)C(O)c1ccccc1.CC(C)CC(CN(=O)=O)C(=O)[O-],P21,False
TUMWIJ,TUMWIJ,296 K,O=C([O-])c1ccc(cc1)N(=O)=O.C[NH+]1C2CCCC1CC(=O)C2,Pbca,False
EYIYIU,EYIYIU,at 298 K,Oc1cccc2ccc[nH+]c12.Nc1ccccc1S(=O)(=O)[O-],P21/a,False
BOZFUT,BOZFUT,151 K,CC(=O)[O-].CC12C[NH2+]CC(C)(CNC1)C2=O,Pna21,False
LULROC,LULROC,298.1 K,OC(=O)Cc1ccccc1Nc1c(Cl)cccc1Cl.C(Cc1ccncc1)Cc1ccncc1,Pbcn,False
TAFCAI,TAFCAI,293 K,CC1=C(N)C(=O)C=C2Oc3cc(Br)ccc3N=C12.CS(C)=O,P-1,False
GABZUF,GABZUF,at 294 K,OC(=O)CCC(O)=O.N(c1cccc(Nc2ccccn2)c1)c1ccccn1,P21/m,False
PIGZEN,PIGZEN,296 K,CC(=O)[O-].CC1=CC(=[NH+]C(N1)c1ccc(O)cc1)C,Pna21,False
BUWNIS,BUWNIS,293.1 K,Oc1cc(cc(O)c1O)C(=O)[O-].CC1=C[NH+]=C(N1CCO)N(=O)=O,P21/c,False
CIDDAV,CIDDAV,at 295 K,Nc1nc(N)nc(N)n1.O=C1NC(=O)c2ccccc12,Pnma,False
DEVYEL,DEVYEL,295 K,Oc1ccc(cc1)C=Cc1cc(O)cc(O)c1.C1CNCCN1,P-1,False
VEMPOV,VEMPOV,100 K,[O-]N=C(C#N)C#N.CSC(N)=[NH2+],P-1,False
TUDPIR01,TUDPIR01,296.1 K,[NH3+]C(CO)(CO)CO.Clc1cccc(Cl)c1Nc1ccccc1CC(=O)[O-],P21/c,False
KAXROS,KAXROS,at 293 K,c1cc(ccn1)C=Cc1ccncc1.OC(=O)C=CC=CC(O)=O,P-1,False
JOKYUG,JOKYUG,301 K,Nc1ccncc1.Nc1ccc(cc1)S(=O)(=O)Nc1ccc(Cl)nn1,P21/n,False
IDIXUR,IDIXUR,298 K,Oc1ccccc1C(=O)[O-].CC1=CC(=O)NC(=[NH2+])N1,Pbca,False
HILJAP,HILJAP,296 K,c1cc(ccn1)c1ccncc1.OC(=O)CCl,P21/c,False
IPEKUM,IPEKUM,100 K,NC=S.CCOC(C)=O,Pnma,False
YEQCED,YEQCED,at 295 K,FC(F)(F)S(=O)(=O)[O-].CN1N2CN3C[N+](C)(C2)N(C)P1(=S)N3C,P21/c,False
ZOXVUF,ZOXVUF,150 K,Oc1cccc2cccnc12.CC1=CC(=NO1)NS(=O)(=O)c1ccc(N)cc1,P21/c,False
NAYCOH,NAYCOH,at 293 K,Oc1ccc2[nH+]cccc2c1.O=C([O-])c1cc(cc(c1)N(=O)=O)N(=O)=O,P21/c,False
NEBXAV,NEBXAV,at 293 K,OC(=O)C=Cc1ccccc1.COc1cc(OC)nc(N)n1,P-1,False
OVUMEY,OVUMEY,at 294 K,Nc1nnc(c(N)n1)c1cccc(Cl)c1Cl.OC(=O)c1ccc(F)cc1,P21,False
EYEGOG,EYEGOG,93 K,c1cc(ccn1)C=Cc1ccncc1.CCOc1ccc(cc1)C(O)=O,P-1,False
EZAQAA,EZAQAA,293 K,Oc1cccc(O)c1C(=O)[O-].COc1[nH+]c(N)nc(OC)c1,P21/c,False
SOYQED,SOYQED,at 120 K,CS(=O)(=O)[O-].CC(=[OH+])NC12CC3CC(CC(C3)C1)C2,Pbca,False
KOBHIW,KOBHIW,100 K,NC1=N[N+]2(CCSCC2)CC1.O=N(=O)c1ccccc1S(=O)(=O)[O-],P21/n,False
JUGWUF,JUGWUF,173 K,Nc1[nH+]cc(Cl)cc1.Clc1cc(ccc1C(=O)[O-])N(=O)=O,P-1,False
CUJMUP,CUJMUP,,CC1[NH2+]C(C)c2cc(Br)ccc2C1.OC(C(=O)[O-])c1ccccc1,P212121,False
HOFZIM,HOFZIM,at 130 K,OC(=O)c1cc(Cl)c(Cl)cc1C(=O)[O-].[NH3+]c1cccc(c1)C(O)=O,P21/n,False
YOWZEP,YOWZEP,,O=N(=O)c1ccc2[N-]N=C(c2c1)N(=O)=O.O=N(=O)c1ccc2NN=C(N3CC[NH2+]CC3)c2c1,Cc,False
EWANAS,EWANAS,at 150 K,N#Cc1ccncc1.Cc1cc(O)cc(O)c1,P21/c,False
UNEYUH,UNEYUH,200 K,O=Cc1ccc(C=O)cc1.NC(=O)N1c2ccccc2C=Cc2ccccc12,C2/c,False
HXSUCB,HXSUCB,,O=C1CCC(=O)N1[O-].[NH3+]Cc1ccc(Cl)cc1,P21,False
WERLEO,WERLEO,298 K,NC1=[NH+]C(=O)NC=C1.Clc1cccc(Cl)c1Nc1ccccc1CC(=O)[O-],Pca21,False
IFOSUT,IFOSUT,at 100 K,C[N+]1=CN(C=C1)C1=Cc2ccccc2OC1=O.O=N(=O)c1cc(c([O-])c(c1)N(=O)=O)N(=O)=O,P21,False
AWUQEP,AWUQEP,at 298 K,CC1(C)[NH2+]C(C)(C)CC(=O)C1.Clc1ccc(cc1N(=O)=O)C(=O)[O-],P-1,False
ZOHTIB,ZOHTIB,at 150 K,Nc1cccc(Cl)c1.Oc1cc(Cl)c(Cl)c(Cl)c1,P21/c,False
BURXUJ,BURXUJ,120 K,FC(F)(F)S(=O)(=O)[O-].C[NH2+]CCN(C)C(=O)Nc1cccc2cccnc12,Pbca,False
FIJSOG,FIJSOG,,COC(=O)C(C)C1[NH2+]CCCC1.O=N(=O)c1cc(c([O-])c(c1)N(=O)=O)N(=O)=O,C2/c,False
CUFRUT,CUFRUT,296 K,NC1=NC(=NO1)C1=NON=C1[N-]N(=O)=O.[NH3+]NC(=O)NN,P1,False
XIYSII,XIYSII,at 296 K,[NH3+]c1ccccc1F.Fc1ccccc1NC(=O)C(=O)[O-],P-1,False
XUMMAW,XUMMAW,100.0 K,[NH3+]C(CO)(CO)CO.OC(=O)CC(=O)[O-],P21/c,False
LATNEB,LATNEB,at 293 K,NS(=O)(=O)Oc1ccc2C3=C(CCCCC3)C(=O)Oc2c1.CS(C)=O,P21/c,False
KUVJOB,KUVJOB,at 293 K,OC(=O)C(=O)[O-].[NH3+]c1ccc(Cl)cc1,C2/c,False
WEFNUR,WEFNUR,at 298 K,O=C([O-])c1ccc(cc1)N(=O)=O.OCC[NH+](CCO)C(CO)(CO)CO,P-1,False
EQOSEL,EQOSEL,100 K,FC(F)COCc1cc[nH+]cc1.O=C1[N-]S(=O)(=O)c2ccccc12,P-1,False
CINXIH,CINXIH,at 293 K,CC(=O)[O-].NC(N)=[NH+]N=C(c1ccccc1)c1cc(Cl)ccc1N,P21/n,False
NUBBAN,NUBBAN,,c1cnc2c(c1)ccc1cccnc21.Oc1ccc2ccccc2c1c1c(O)ccc2ccccc12,P-1,False
ROQPEU,ROQPEU,at 173 K,[NH2+]=C1NC(=O)N(C=C1)C1CSC(CO)O1.OC(=O)C(=O)[O-],P21,False
YUHVUS,YUHVUS,,NC(N)=[S+]Cc1ccccc1.OC(=O)CCC(=O)C(=O)[O-],P21/n,False
UKEXIU,UKEXIU,173 K,Cc1[nH+]cc(CO)c(CO)c1O.O=C([O-])c1cc(cc(c1)N(=O)=O)N(=O)=O,P21/n,False
LABRAK,LABRAK,173 K,CS(=O)(=O)[N-]S(C)(=O)=O.[NH3+]c1ccc(Cl)cc1,P21,False
OZOSIH,OZOSIH,296 K,Oc1ccccc1C(=O)[O-].ON=Cc1cc[nH+]c2ccccc12,P21/c,False
CAVCUY01,CAVCUY01,at 260 K,OC(C(O)C(=O)[O-])C(O)=O.[NH3+]CCCCC([NH3+])C(=O)[O-],P21,False
CIWMAZ,CIWMAZ,293 K,CC[NH2+]CCO.O=C([O-])c1ccc(cc1)N(=O)=O,P21/c,False
EGENUB,EGENUB,at 293 K,NS(=O)(=O)c1cc2c(NCNS2(=O)=O)cc1Cl.C(Cc1ccncc1)c1ccncc1,P21/c,False
QUCNOS,QUCNOS,at 273 K,OC(=O)C=CC(=O)[O-].Oc1cccc2ccc[nH+]c12,P-1,False
BIKYOJ,BIKYOJ,at 141 K,NC(=[NH2+])O.O=N(=O)c1cc(c([O-])c(c1)N(=O)=O)N(=O)=O,P-1,False
APUWAM,APUWAM,293 K,OC(=O)C(=O)[O-].CC1=NNC(=O)N(C1)N=Cc1c[nH+]ccc1,P-1,False
JEDVIB,JEDVIB,180 K,c1cnc2c(c1)ccc1cccnc21.OC(C(F)(F)F)C(F)(F)F,P21/n,False
QIJCUH,QIJCUH,at 150 K,c1cc(ccn1)c1ccncc1.OC1=CC(=O)C(=CC1=O)O,C2/c,False
VEJBOC,VEJBOC,at 293 K,CC1(C)[NH2+]C(C)(C)CC(=O)C1.S=C=[N-],C2/c,False
EHIQAQ,EHIQAQ,150 K,S=C([S-])N1CCCCC1.C[N+](C)(C)CCO,P21/c,False
YARPAL,YARPAL,93 K,FC(F)(F)S(=O)(=O)[O-].Fc1c(F)c(F)c2c3ccccc3c3cccc[n+]3c2c1F,P-1,False
PIJSUZ,PIJSUZ,296 K,C1N2CN3CN1CN(C2)C3.Oc1ccc2ccc(O)cc2c1,P21/n,False
NUZTUZ,NUZTUZ,100 K,COc1ccc(C=CC(O)=O)cc1.NC(=O)c1ccncc1,P-1,False
NUMJAI,NUMJAI,298 K,NS(=O)(=O)c1ccccc1Cl.O=C1CCCCCN1,P21/c,False
HEXYIT,HEXYIT,at 100 K,FC(F)(F)C(=O)[O-].CC(NC(=S)C1[NH2+]CCC1)c1ccccc1,P21,False
FICBIE,FICBIE,at 273 K,Cc1cccc2SC(=Nc12)N.OC(=O)CCCCC(O)=O,P21/n,False
KIJFOC,KIJFOC,298 K,Oc1cccc(O)c1.CCOc1ccccc1C(N)=O,P21/c,False
LUWHIU,LUWHIU,at 293 K,O=S(=O)([O-])c1ccccc1.COc1cc(Cc2c[nH+]c(N)nc2N)cc(OC)c1OC,P21/c,False
PEXTUK,PEXTUK,100 K,[NH3+]Cc1cccc(Cl)c1.O=C[O-],P21/c,False
SUVJEY,SUVJEY,,Nc1ncccn1.OC(=O)c1ccc(cc1)C(O)=O,Pnma,False
HEPSAZ06,HEPSAZ06,363 K,[2H]OC(=O)c1ccc(cc1)C(=O)[O-].[2H][N+]1=CN([2H])C=C1,P21/c,False
CIRXAD,CIRXAD,at 150 K,OC(=O)CCC(O)=O.NN1C=NN=C1,P21/c,False
DOPCUG,DOPCUG,,CCC1(C)CC(=O)NC(=O)C1.CCCC(=O)Nc1cccc(NC(=O)CCC)n1,P21/n,False
YUCQUJ,YUCQUJ,at 294 K,c1cc(ccn1)c1ccncc1.Oc1ccc(Cc2ccc(O)cc2)cc1,P21/c,False
FUHMUT,FUHMUT,100.1 K,FC(F)(F)S(=O)(=O)[N-]S(=O)(=O)C(F)(F)F.Cc1ccc(cc1)C(F)(F)[n+]1ccccc1,P-1,False
ULUKOE,ULUKOE,100.2 K,COc1ccc(cc1OC)C(=NO)C#N.CS(C)=O,Pna21,False
PAFFIP,PAFFIP,296 K,Cc1ccc(cc1)C(=O)[O-].CCc1[nH+]c(N)nc(N)c1c1ccc(Cl)cc1,P21/c,False
FOVQIT,FOVQIT,296 K,O=C([O-])c1cccnc1.COc1ccc(cc1)N1CC[NH2+]CC1,Pbca,False
JAJYOM,JAJYOM,298 K,OC(=O)C=Cc1ccccc1O.NC(=O)c1cnccn1,P21/n,False
MAJTOH,MAJTOH,at 133 K,BrC(Br)(Br)C(=O)[O-].Brc1c[nH+]ccc1,P-1,False
VOJLUD,VOJLUD,at 173 K,FC(F)(F)S(=O)(=O)[N-]S(=O)(=O)C(F)(F)F.C[N+](C)(C)c1ccc(C=O)cc1,P-1,False
LUWHAM,LUWHAM,at 293 K,Cc1ccc(cc1)S(=O)(=O)[O-].COc1cc(Cc2c[nH+]c(N)nc2N)cc(OC)c1OC,P21/n,False
IDOHAN,IDOHAN,293 K,CN1C(=C(O)c2ccccc2S1(=O)=O)C(=O)NC1=NC=C(C)S1.OC(=O)c1ccccc1,P-1,False
SIBGUF,SIBGUF,,CC1=CC(C(=CC1=C(C#N)C#N)C)=C(C#N)C#N.C1COc2cc3SC(Sc3cc2O1)=C1Sc2cc3OCCOc3cc2S1,P21/a,False
MUDSIN,MUDSIN,at 100 K,C1N2CN3CN1CN(C2)C3.CCC1(CC)C(=O)NC(=O)NC1=O,Pbca,False
YAJHUO,YAJHUO,at 120 K,CC(=O)[O-].NC(=[NH2+])NC1=Nc2ccccc2S1,Pca21,False
PEDQOG,PEDQOG,at 293 K,OC(=O)C[N+]12CCC(CC1)CC2.OC1=C([O-])C(=O)C1=O,P21/n,False
NAWZUK,NAWZUK,293 K,[NH3+]Cc1ccccc1O.Nc1ccc(cc1)C(=O)[O-],P212121,False
UYOCAN,UYOCAN,at 100 K,FC(F)(F)S(=O)(=O)[O-].C[n+]1ccc(Nc2ccccc2)cc1Cl,P21/c,False
HEPSAZ02,HEPSAZ02,293 K,OC(=O)c1ccc(cc1)C(=O)[O-].[2H]C1=[NH+]C(=C([2H])N1)[2H],P21/c,False
TCQBDX,TCQBDX,,N#CC(C#N)=C1C=CC(C=C1)=C(C#N)C#N.O1c2ccccc2Oc2ccccc12,P21/c,False
CEXVEK,CEXVEK,293 K,Oc1cc(O)cc(Cl)c1.Cc1nc(C)c(C)nc1C,P-1,False
SUZZIX,SUZZIX,at 100 K,Nc1[nH+]cc(Br)cc1.OC(=O)c1cc(ccc1O)S(=O)(=O)[O-],P-1,False
CIKSEV,CIKSEV,at 291 K,Cc1cc[nH+]c2N(C3CC3)c3ncccc3C(=O)Nc12.O=N(=O)c1cc(c([O-])c(c1)N(=O)=O)N(=O)=O,P-1,False
UKEREI,UKEREI,at 150 K,FC(F)(F)S(=O)(=O)[O-].CCCCC#CC1=[N+](CCC#C)c2ccccc2S1,Pca21,False
UGOROZ,UGOROZ,at 298 K,OC(=O)CCCCCCC(O)=O.NC1=NC=CS1,P21/n,False
CEZCOB,CEZCOB,at 100 K,FC(F)(F)S(=O)(=O)[O-].FCCN1C=N[N+](=C1)c1ccccc1,P21/n,False
DADNEE,DADNEE,150 K,NS(=O)(=O)c1cc2c(NCNS2(=O)=O)cc1Cl.C1CNCCN1,P-1,False
VELXIW,VELXIW,295 K,Cc1cccnc1.BrN1C(=O)c2ccccc2C1=O,P21/c,False
TIDCAK,TIDCAK,,[NH3+]C(CCCNC(N)=[NH2+])C(=O)[O-].OC1=C([O-])C(=O)C1=O,P1,False
HUCXAF,HUCXAF,at 297 K,[NH3+]c1ccc(CCO)cc1.O=C([O-])c1cc(cc(c1)N(=O)=O)N(=O)=O,P21/n,False
XAPSEN,XAPSEN,at 294 K,CN(C)C=O.ON=C(Cl)c1ccc(cc1)C(Cl)=NO,P-1,False
ATAYIG,ATAYIG,100 K,c1cc(ccn1)c1ccncc1.CCCNC(=O)NS(=O)(=O)c1ccc(Cl)cc1,P21/c,False
TENNUX,TENNUX,at 110 K,CN1C=NC2=C1C(=O)N(C)C(=O)N2C.OC(=O)COc1ccc(C=O)cc1,P21/n,False
XEGHOI,XEGHOI,at 180 K,OC(=O)CCCCCC(=O)[O-].CCc1[nH+]c(N)nc(N)c1c1ccc(Cl)cc1,P-1,False
PUMGOW,PUMGOW,120 K,NNC(=O)c1ccncc1.OC(=O)C=Cc1cccc(O)c1,P21/n,False
AYUMEN,AYUMEN,at 296 K,OC(=O)C(O)=O.S1C=Nc2ccccc12,P21/c,False
CEXLIE,CEXLIE,293 K,OC(=O)c1cc(O)c(Br)c(O)c1.Cc1nc(C)c(C)nc1C,P-1,False
FIQYOX,FIQYOX,295 K,c1ccc2nc3ccccc3nc2c1.OC(=O)CC(O)(CC(O)=O)C(O)=O,P-1,False
PAZSIW,PAZSIW,296 K,C1COCCN1.Nc1cccc(NC(=S)Nc2ccccc2)n1,P-1,False
PUGGAA,PUGGAA,at 273 K,OC(=O)c1ccc(cc1)C(O)=O.C1CN=C(N1)c1ccc(cc1)C1=NCCN1,P21/c,False
AHERAG,AHERAG,at 293 K,OC(C(O)C(=O)[O-])C(O)=O.[NH3+]C(C)C(O)=O,P21,False
PETQEM,PETQEM,at 120 K,c1cncc(c1)N=Nc1cccnc1.OC(=O)c1c(F)c(F)c(Br)c(F)c1F,P21/c,False
VOJKOX,VOJKOX,296 K,OC(=O)COc1ccc2ccc(OCC(O)=O)cc2c1.CN1C=NC2=C1C(=O)N(C)C(=O)N2C,P21/c,False
EGUHOE,EGUHOE,at 150 K,CS(=[NH2+])(=O)c1ccccc1.CC1(C)C2CCC1(CS(=O)(=O)[O-])C(=O)C2,P212121,False
WINMIQ,WINMIQ,at 120 K,Nc1nc(N)nc(n1)c1ccccc1.CC=CC=CC(O)=O,C2/c,False
OPITOX01,OPITOX01,at 295 K,Cc1[nH+]c(CO)c2COC(C)(C)OCc2c1O.Cc1ccc(cc1)S(=O)(=O)[O-],P21/c,False
XIPCOP,XIPCOP,at 198 K,FC(F)(F)S(=O)(=O)[O-].CN(C)c1cc[n+](cc1)P(C)(C)=S,P-1,False
XITGIT,XITGIT,173 K,CC1(C)CCC(C)(C)C2=C1[NH+]=C(N)S2.Brc1ccc(cc1)C(=O)[O-],Pc,False
HIQFUM,HIQFUM,293 K,c1cnc2c(c1)ccc1ncccc21.OB(O)c1ccc(cc1)C#N,P-1,False
DIHSAS,DIHSAS,100 K,CCOP(=O)([O-])OCC.CCOP(=O)(Nc1[nH+]c(N)ccc1)OCC,P21/n,False
SAXPEO,SAXPEO,at 298 K,Cc1ccc(Cl)c(Nc2ccccc2C(O)=O)c1Cl.c1cc(ccn1)c1ccncc1,P21/c,False
YAHFOC,YAHFOC,,CC(=O)C(C)=NNc1ccccc1.N#CC(C#N)=C(C#N)C#N,C2/c,False
KUXWIM,KUXWIM,293 K,[NH3+]CCC(O)=O.Cc1ccc(cc1)S(=O)(=O)[O-],Pbca,False
TINFAB,TINFAB,293 K,COS(=O)(=O)[O-].[NH3+]c1cccc(c1)B(O)O,P21/n,False
EZEGIA,EZEGIA,at 150 K,OC(=O)c1ccccc1O.OC(CN1C=NC=N1)(CN1C=NC=N1)c1ccc(F)cc1F,P-1,False
ISICIX,ISICIX,at 298 K,OC(=O)C=CC(=O)[O-].NC1=[NH+]C(=CS1)c1ccccc1,Pbca,False
VELWER,VELWER,295 K,BrN1C(=O)c2ccccc2C1=O.c1ccc2ncccc2c1,Pbca,False
XOBCAT01,XOBCAT01,at 173 K,OC(=O)c1ccccc1O.CN1C=NC2=C1C(=O)N(C)C(=O)N2C,P21/c,False
ZUPZES,ZUPZES,298 K,O=C([O-])c1cccc(c1)N(=O)=O.[NH3+]Cc1ccc(Cl)cc1,P21/n,False
REWLEN,REWLEN,296 K,ON=Cc1cc[nH+]cc1.O=N(=O)c1cc(c([O-])c(c1)N(=O)=O)N(=O)=O,P-1,False
YOZBAT,YOZBAT,293 K,NC(N)=O.OC(=O)c1cc(O)c(O)c(O)c1,P21/c,False
LORWIZ,LORWIZ,at 130 K,NC(=O)c1c[nH+]ccc1.OC(=O)c1cc(Cl)c(Cl)cc1C(=O)[O-],P21/c,False
GOKBAL,GOKBAL,293 K,OC(=O)CCC(O)=O.c1cc(ccn1)c1ccncc1,P-1,False
NIGMIB,NIGMIB,153 K,FC(F)(F)S(=O)(=O)[O-].CC1=[NH+]N(P(c2ccccc2)c2ccccc2)C(=C1)C,P21/c,False
XAPZUM,XAPZUM,293 K,Oc1cccc(O)c1.Nc1ccc(Cc2ccc(N)cc2)cc1,P21/n,False
KAXSUZ,KAXSUZ,at 293 K,COc1ccc2cccc(CCNC(C)=O)c2c1.COC(=O)c1ccc(O)cc1,P-1,False
HIDRAP,HIDRAP,at 120 K,Cc1cc2N=CN(Cc3ccncc3)c2cc1C.ON=C(C#N)c1ccc(O)cc1,P-1,False
SOYGAP,SOYGAP,at 100 K,CC(=O)c1[nH+]cccc1.OC1=C(Br)C(=O)C(=C(Br)C1=O)[O-],P21/c,False
OPUVIH,OPUVIH,150 K,OC(=O)C=CC(=O)[O-].Nc1[nH+]cccc1C(O)=O,C2/c,False
HEWFEW,HEWFEW,at 296 K,NC(=[NH2+])O.O=N(=O)c1cc(c([O-])c(c1)N(=O)=O)N(=O)=O,P21/c,False
UGOTUH,UGOTUH,100 K,OC(=O)c1ccc(O)cc1.O=C1CCC(=O)N1,P-1,False
SAZXEZ,SAZXEZ,293.1 K,C[N+]1=CN(CCON(=O)=O)C=C1.O=N(=O)c1cc(c([O-])c(c1)N(=O)=O)N(=O)=O,P21/n,False
ZIYRUY,ZIYRUY,100 K,c1cc(ccn1)c1ccncc1.CC(C)c1ccc(C)cc1O,P21/c,False
KAYGUO,KAYGUO,at 120 K,O=C(Nc1ccccn1)c1ccncc1.OC(=O)CCC(O)=O,P-1,False
IVUQUM,IVUQUM,at 123 K,Clc1cccc(c1)C(=O)[O-].C[NH+](C)C(C)C(O)c1ccccc1,C2/c,False
XATQES,XATQES,296 K,NC(N)=O.COC(=O)c1ccc(O)cc1,C2/c,False
VEVPUJ,VEVPUJ,at 150 K,OC(=O)C=CC(=O)[O-].COC(=O)NC1=[NH+]c2cc(ccc2N1)C(=O)c1ccccc1,P1,False
GANXUP,GANXUP,at 180 K,OC(=O)C(O)=O.CN1C=NC2=C1C(=O)N(C)C(=O)N2C,P21/c,False
GOWPOA,GOWPOA,295 K,Cc1ccc(cc1)S(=O)(=O)[O-].OC(=O)c1c[nH+]ccc1,Pmn21,False
WAPQIP,WAPQIP,at 100 K,[NH3+]C(C(C)C)C(=O)OC.Cc1ccc(cc1)C=CC(=O)[O-],P212121,False
FERYOR,FERYOR,at 190 K,c1cc(ccn1)C=Cc1ccncc1.CCCC(=O)c1c(O)cc(O)cc1O,P-1,False
VAXROD,VAXROD,at 173 K,CC#CC(=O)[O-].NNC(=O)c1cc[nH+]cc1,P21,False
UGOWIY,UGOWIY,100 K,OC(=O)c1ccc(O)cc1O.O=C1NC(=O)C=C1,I2/a,False
UKOSAP,UKOSAP,at 173 K,NNC(=O)c1cccnc1.OC(=O)CCCCC(O)=O,P21/c,False
FAKKOU,FAKKOU,173 K,OC(=O)Cc1ccccc1.c1ccc2nc3ccccc3cc2c1,P-1,False
JUDPEG,JUDPEG,100 K,Cc1c(Cl)cccc1Nc1ccccc1C(O)=O.CN(C)C=O,P-1,False
QOSWOM,QOSWOM,at 100 K,[NH3+]C(C(O)c1ccccc1)c1ccccc1.O=C([O-])CC1=CSc2ccccc12,P21,False
HAHKOT,HAHKOT,100 K,CC(C)(C)C(=O)[O-].[NH3+]CCO,P21/c,False
XIRMAQ,XIRMAQ,130 K,CN(C)C=O.CN(C)C=C1SC(=O)N=C1Nc1ccc(O)cc1,P21/c,False
NUZMIG,NUZMIG,298 K,OC(=O)C=CC(=O)[O-].[NH3+]C(C(C)C)C(O)=O,P21,False
JOWZIG,JOWZIG,at 100 K,NC(=O)c1ccncc1.OC(=O)c1cnccn1,P-1,False
RUJRAQ,RUJRAQ,at 200 K,[NH3+]c1ccc(CCO)cc1.OC(=O)c1cc(ccc1O)S(=O)(=O)[O-],P-1,False
LATKUO,LATKUO,at 173 K,OC(=O)c1ccccc1O.NNC(=O)c1ccncc1,P21/n,False
IFUSOS,IFUSOS,at 100.00 K,C[n+]1ccc(cc1)C=CC1=CC=CS1.Cc1ccc(cc1)S(=O)(=O)[O-],P-1,False
QOLNAI,QOLNAI,at 293 K,Cc1ccc2ccc3ccc(C)nc3c2n1.Oc1cc(Cl)cc(Cl)c1O,P21/c,False
WATREP,WATREP,at 100 K,Cc1nc(C)c(C)nc1C.OC1=C(Cl)C(=O)C(=C(Cl)C1=O)O,P21/c,False
LORQIT,LORQIT,at 296 K,[NH3+]CC1(CCCCC1)CC(O)=O.O=N(=O)c1cc(c([O-])c(c1)N(=O)=O)N(=O)=O,P21/n,False
GARGIT,GARGIT,280.0 K,Cc1ccc(cc1)S(=O)(=O)[O-].COc1ccc(C=CC2=[N+](C)c3ccccc3S2)cc1OC,P21,False
ZILPET,ZILPET,100.2 K,FC(F)(F)C(=O)[O-].O=C1COCC2(CC[NH2+]CC2)N1Cc1ccccc1,Pbcn,False
ZANYOE,ZANYOE,at 294 K,CN1CC(=O)NC1=[NH2+].ClCC(=O)[O-],P21/n,False
YACYEK,YACYEK,293 K,OC(=O)CCCCC(O)=O.N#Cc1ccccn1,P21/c,False
YAXPEW,YAXPEW,100 K,CC(=O)[O-].[NH3+]c1ccccc1O,P21/c,False
HOLWOW,HOLWOW,at 100 K,CN1C=NC2=C1C(=O)N(C)C(=O)N2C.CC(=CC(O)=O)C(O)=O,Cc,False
UBUJIM03,UBUJIM03,at 100 K,c1cc(ccn1)c1ccncc1.Cc1cc(O)cc(O)c1,P21/n,False
LIGQID,LIGQID,293 K,Nc1nnc(c(N)n1)c1cccc(Cl)c1Cl.CC(N)=O,P-1,False
SUZQOU,SUZQOU,at 100 K,N#Cc1ccc2ccccc2n1.OC(=O)C=CC(O)=O,P21/c,False
XUCKIR,XUCKIR,at 200 K,NC1=C(C#N)c2c(F)c(F)c(F)c(F)c2C1(F)F.C1COCCO1,P-1,False
VIPXUP,VIPXUP,98 K,C(Cc1ccncc1)c1ccncc1.Nc1ccccc1C(O)=O,P21/c,False
FUHDAO,FUHDAO,at 110 K,Cc1ccc(cc1NC(N)=[NH2+])N(=O)=O.O=N(=O)c1cc(c([O-])c(c1)N(=O)=O)N(=O)=O,P-1,False
OCAMUC,OCAMUC,at 98 K,Nc1ccccc1C(O)=O.S(Sc1ccncc1)c1ccncc1,Cc,False
WIGWUG,WIGWUG,at 100 K,Nc1[nH+]cc(Br)cc1.Oc1ccc(Cl)cc1C(=O)[O-],P21,False
XOBCIB,XOBCIB,at 173 K,OC(=O)CCC(O)=O.NC(=O)N1c2ccccc2C=Cc2ccccc12,P2/n,False
VODTUD,VODTUD,at 292 K,c1ccccc1.CC(C)c1cccc(C(C)C)c1N1C(=O)C=CC1=O,P2/c,False
GAQFAH,GAQFAH,at 173 K,O=C1C(=O)C(=C1NCc1cccnc1)NCc1cccnc1.OC(=O)c1ccccc1,C2/c,False
DUTSOB,DUTSOB,at 98 K,Cc1ccc2ccc3ccc(C)nc3c2n1.OC(=O)c1ccccc1,P21/c,False
QACKEO,QACKEO,301 K,[NH2+]=C1Nc2ccccc2S1.Nc1ccc(cc1)S(=O)(=O)[O-],P21/c,False
SEMLOO,SEMLOO,150 K,O=N(=O)C1=N[N-]C(=C1N(=O)=O)N(=O)=O.[NH3+]CCBr,P21/c,False
KETSUY,KETSUY,at 293 K,Cc1ccc(cc1)S(=O)(=O)[O-].[NH3+]NC(=O)NN,Pbca,False
GIWTEN,GIWTEN,at 198 K,OC(C(O)C(=O)[O-])C(O)=O.Fc1ccc(cn1)C1CC2[NH2+]C1CCC2,P212121,False
GEHWID,GEHWID,298 K,Oc1ccc(c(O)c1)C(=O)[O-].Cc1[nH+]cc(cc1)C(N)=O,Cc,False
VUXVOB,VUXVOB,200 K,[NH2+]1CCOCC1.O=C([O-])C=Cc1ccccc1,P-1,False
ULICAV01,ULICAV01,293 K,O=C([O-])CN1C(=O)Oc2ccccc12.[NH3+]CCO,Fdd2,False
SEMNAA,SEMNAA,at 293 K,OC(=O)c1ccccc1C(=O)[O-].COc1cc(Cc2c[nH+]c(N)nc2N)cc(OC)c1OC,P-1,False
OKIQEE,OKIQEE,at 293 K,CC(C(=O)[O-])c1ccccc1.[NH3+]C1Cc2ccccc2C1O,C2,False
OZOSON,OZOSON,296 K,ON=Cc1cc[nH+]c2ccccc12.O=C([O-])c1ccccc1N(=O)=O,P-1,False
UKOLUE,UKOLUE,133 K,CN1C=NC2=C1C(=O)N(C)C(=O)N2C.OC(=O)c1cccc(C(O)=O)c1C(O)=O,P21/c,False
DUNSAI,DUNSAI,298 K,C(Cc1ccncc1)c1ccncc1.OC(=O)c1ccc(O)c(O)c1,P-1,False
BANZEX,BANZEX,at 295 K,[NH3+]C(C(=O)OC)c1ccccc1.OC(=O)C1=CC=CN1c1c(cccc1C(F)(F)F)C(=O)[O-],P21,False
CEDPAF,CEDPAF,296 K,Cc1ccc(cc1)S(=O)(=O)[O-].NC(=[NH2+])NC(N)=O,P-1,False
XITROJ,XITROJ,at 100 K,[NH3+]Cc1ccccc1Br.O=C([O-])c1ccc2ccccc2c1,P-1,False
VEKZUI,VEKZUI,at 100 K,[NH3+]C(C(O)c1ccccc1)c1ccccc1.O=C([O-])C1=Cc2ccccc2S1,C2,False
QAMBEO,QAMBEO,110 K,C[NH+]=C1N(C)C2C(N(C)C(=O)N2C)N1C.FC(F)(F)S(=O)(=O)[O-],P21/n,False
NOLCEZ,NOLCEZ,298.1 K,NS(=O)(=O)c1cc2c(NCNS2(=O)=O)cc1Cl.O=C1CCCCCN1,Pbca,False
FADHAV,FADHAV,at 173 K,NNC(=O)c1ccncc1.OC(=O)CCCCCC(O)=O,P-1,False
QEPXEQ,QEPXEQ,at 100 K,FC(F)(F)C(=O)[O-].CN1C(=C(O)c2ccccc2S1(=O)=O)C(=O)NC1=[NH+]C=C(C)S1,P-1,False
QUTBIT,QUTBIT,296 K,O=N(=O)C1=N[N-]C(=C1)N(=O)=O.NN1C(=[NH+]N=C1C1=NON=C1N)N,P21/c,False
EBUDAI,EBUDAI,at 173 K,C(Cc1ccncc1)c1ccncc1.COC(=O)NC(=S)Nc1ccccc1NC(=S)NC(=O)OC,P-1,False
CIZPEH,CIZPEH,at 120 K,OB(O)O.COc1ccc(OC)nn1,P21/c,False
VAKJUP,VAKJUP,298 K,[NH3+]C(Cc1ccccc1)C(=O)Nc1cccnc1.Cc1ccc(cc1)C(=O)[O-],P212121,False
FIRQED,FIRQED,at 298 K,OC(C(O)C(=O)[O-])C(O)=O.O=C1C2[NH2+]CCCC2C(=O)N1Cc1ccccc1,P212121,False
GOPGEX,GOPGEX,,Oc1ccc(O)cc1.Cc1cnc2cccc(O)c2n1,P21/a,False
MODXUZ,MODXUZ,at 293 K,OC(C(O)C(=O)[O-])C(O)=O.COC(=O)C1=C(O)CC2CCC1[NH+]2C,P21,False
EYOHOP,EYOHOP,at 295 K,FC(F)(F)S(=O)(=O)[O-].CC1(C)[NH+]=C(N(O)C1(C)C)c1ccccc1,P21/c,False
XUYBOK,XUYBOK,150 K,Cc1nc(C)c(C)nc1C.Cc1cc(O)cc(O)c1,C2/c,False
QEHYAE,QEHYAE,at 173 K,CC1=C(C=C(S1)C(O)=O)C1=C(C2=C(C)SC(=C2)C(O)=O)C(F)(F)C(F)(F)C1(F)F.c1ccc(nc1)c1ccccn1,P-1,False
FOVRAJ,FOVRAJ,,OC(=O)C=CC(=O)[O-].CC1=C(N)N2C=CN=C(OCc3ccccc3)C2=[NH+]1,P-1,False
JAKDIM,JAKDIM,93 K,c1cc(ccn1)c1ccncc1.Brc1ccc(cc1)S(=O)(=O)Nc1cccc(Br)c1,P-1,False
HIQFOG,HIQFOG,293 K,c1cnc2c(c1)ccc1cccnc21.OB(O)c1ccc(cc1)C#N,P212121,False
MEWCUQ,MEWCUQ,300.1 K,Cc1cccc(Nc2ccccc2C(O)=O)c1C.Nc1cccnc1,P-1,False
NUJFEF,NUJFEF,293 K,c1cc(ccn1)c1ccncc1.OC(=O)Cc1ccccc1C(O)=O,P21,False
CEWZIR,CEWZIR,150 K,OCc1cc(O)cc(O)c1.C(Cc1ccncc1)c1ccncc1,P-1,False
HIMGEP,HIMGEP,at 193 K,Oc1cc(O)cc(O)c1.Cc1ccnc(C)c1,P21/c,False
XIBPOO,XIBPOO,at 150 K,Clc1ccc(NC2=NCCN2)cc1.NC=O,P21/c,False
YENWAT01,YENWAT01,150 K,[NH3+]C(C)(C)CO.O=C([O-])c1ccc2ccccc2n1,P-1,False
UBUJIM01,UBUJIM01,at 150 K,c1cc(ccn1)c1ccncc1.Cc1cc(O)cc(O)c1,Pbca,False
ENIBUZ,ENIBUZ,at 100 K,OC(=O)CCCC(O)=O.CN1C(=C(O)c2ccccc2S1(=O)=O)C(=O)NC1=NC=C(C)S1,P-1,False
HEQWOR,HEQWOR,at 150 K,OC(=O)[O-].NC(=[NH2+])NC(N)=O,P-1,False
SOYVAE,SOYVAE,at 296 K,OC(=O)c1ccc(C(=O)[O-])c(c1)C(O)=O.[NH2+]=C1Nc2ccccc2S1,Pna21,False
SAYMUB01,SAYMUB01,at 100 K,OC(=O)c1cc(cc(c1)C(O)=O)C(O)=O.C(Cc1ccncc1)c1ccncc1,Pbca,False
LIWFON,LIWFON,at 293 K,Oc1ccc(cc1)C(=O)[O-].OC(=O)C[NH+]1CCCCC1,C2,False
ZEYNOJ,ZEYNOJ,293 K,OC(=O)c1ccc2cc(O)ccc2c1.Cc1nccnc1C,P-1,False
KUQWOL,KUQWOL,299.9 K,S1c2ccccc2c2ccccc12.O=C1C=CC(=O)C(=C1C#N)C#N,P21/n,False
FOQHIC,FOQHIC,,c1ccc2nc3ccccc3nc2c1.Oc1cccc2c(O)cccc12,P-1,False
EWOTUG,EWOTUG,at 173 K,OC(=O)CCCCCCCCC(=O)[O-].COc1ccc2[NH+]=C(N)Sc2c1,Fdd2,False
RUXPUV,RUXPUV,at 299 K,OC(=O)C(O)=O.c1ccc2nccnc2c1,P-1,False
XAPWIU,XAPWIU,at 150 K,c1cc(ccn1)c1ccncc1.OC(=O)COc1ccc(Cl)cc1Cl,P21/n,False
TAZKOX,TAZKOX,293 K,c1cnc2ncccc2c1.Cc1cc(C)c(B(O)O)c(C)c1,P21/c,False
MEDBAA,MEDBAA,at 123 K,[NH3+]CCc1ccc(O)cc1.O=C([O-])c1ccccc1,P21,False
QOMTER,QOMTER,at 180 K,FC(F)(F)S(=O)(=O)[O-].C[Si]1(C)C[N+](C[Si](C)(C)O1)=C(O)CCl,P-1,False
NUKXEX01,NUKXEX01,at 180 K,CC(=O)N1CCN(CC1)C(C)=O.OC(=O)c1ccccc1O,P-1,False
KUGKUV,KUGKUV,296.6 K,NC(=O)c1ccncc1.COc1cc(C=CC(O)=O)ccc1O,P-1,False
TEYXUT,TEYXUT,293 K,[NH3+]c1ccc(N)c(c1)N(=O)=O.Nc1ccccc1S(=O)(=O)[O-],Pbca,False
RASZAQ,RASZAQ,293 K,Cc1ccc(cc1)S(=O)(=O)[O-].[NH3+]C(C(C)CC)C(O)=O,P21,False
XEYQIC,XEYQIC,at 293 K,Nc1ccc(cc1)C(=O)OCc1ccc(Cl)nc1.c1ccccc1,C2/c,False
GESCAK,GESCAK,at 293 K,NC(=O)c1ccc(O)cc1.OC(=O)CCCCCC(O)=O,C2/c,False
FARPUN,FARPUN,293 K,CN(C)C=O.OC(=O)C(=O)Nc1ccc(NC(=O)C(O)=O)cc1,P21/c,False
GESBAJ,GESBAJ,at 150 K,OC(=O)CCC(O)=O.NC(=O)c1ccc(O)cc1,P21/c,False
TAXXOI,TAXXOI,293 K,[NH3+]c1ccc(N)c(c1)N(=O)=O.Cc1ccc(cc1)S(=O)(=O)[O-],P212121,False
OVIMAJ,OVIMAJ,97 K,FC(F)(F)C(=O)[O-].CCCC(=O)CC1[NH2+]C(CC1)C(=O)OC,P212121,False
CUDREY,CUDREY,at -120 deg.C,NC1=[NH+]C=CS1.ClC(Cl)(Cl)C(=O)[O-],P21/c,False
NAXTAJ,NAXTAJ,at 298 K,O=C1[N-]S(=O)(=O)c2ccccc12.[NH2+]=C1Nc2ccc(Br)cc2S1,P-1,False
HOFSAX,HOFSAX,at 100 K,Cc1ccc(cc1)S(=O)(=O)[O-].OC(=O)C[NH2+]CC(O)=O,Pbca,False
ITAQEC,ITAQEC,298 K,Cc1cccc2SC(=Nc12)N.COc1cc(cc(OC)c1OC)C(O)=O,P21/c,False
FAFGOL02,FAFGOL02,297.6 K,COc1ccc2cccc(CCNC(C)=O)c2c1.Oc1ccc(O)cc1,P212121,False
GAZTUA,GAZTUA,298 K,Oc1c(cc(cc1N(=O)=O)N(=O)=O)C(=O)[O-].CC1=C[NH+]=C(N)S1,C2/c,False
BALNEK,BALNEK,100 K,[NH3+]C(C(O)=O)c1ccccc1.CS(=O)(=O)[O-],P21/c,False
XAGXOW,XAGXOW,293 K,Brc1ccccc1C(=O)[O-].COc1ccccc1N1CC[NH2+]CC1,P212121,False
VODWIV,VODWIV,at 90 K,NC1=NN=NN1NC1=NN=C(NN2N=NN=C2N)N=N1.CS(C)=O,P-1,False
EYEGUM,EYEGUM,93 K,c1cc(ccn1)C=Cc1ccncc1.CCCOc1ccc(cc1)C(O)=O,Pc,False
QUWXAI01,QUWXAI01,296 K,Cc1nc(N)nc(N)n1.OC(=O)c1ccccc1C(O)=O,P21/c,False
QOVLIZ,QOVLIZ,293 K,Nc1ccc[nH+]c1Cl.OC(=O)C([O-])(c1ccccc1)c1ccccc1,P21/c,False
ZOYCEX,ZOYCEX,at 173 K,COc1cc(ccc1O)C(O)=O.NC(=O)c1cccnc1,P-1,False
EZIFAV,EZIFAV,at 298 K,OC(=O)c1cc(F)cc(F)c1.CC1=NN=C2CN=C(c3ccccc3)c3cc(Cl)ccc3N12,P-1,False
FIWYOC,FIWYOC,296 K,OC(=O)c1cccc(Br)c1.N#Cc1ccncc1,P21/c,False
MUYVIM,MUYVIM,at 300 K,COc1cc[nH+]cc1.O=C1NC(=O)C=C([O-])N1,P-1,False
QEYKOU,QEYKOU,at -83deg.C,FC(F)(F)S(=O)(=O)[O-].C[P+](C)(C)N[Si](C)(C)C,P21/c,False
YOKSAU,YOKSAU,at 293 K,Nc1[nH+]cc(Br)cc1.Nc1ccc(cc1)C(=O)[O-],P21/n,False
VIDPOO,VIDPOO,at 294 K,Clc1c(Cl)c(Cl)c2C(=O)NC(=O)c2c1Cl.CN(C)C=O,P-1,False
SILKIH,SILKIH,,N#CC(C#N)=C1OC(C=C1)=C1OC(C=C1)=C(C#N)C#N.S1C=CSC1=C1SC=CS1,P21/n,False
NUKWOG,NUKWOG,at 180 K,Nc1ncccn1.OC(=O)c1ccccc1,P21/n,False
PEFJEQ,PEFJEQ,at 193 K,O=C[O-].[NH2+]1C2COCC1COC2,P21/m,False
LEZTET,LEZTET,120 K,OC(=O)c1c(F)c(F)c(F)c(F)c1F.O=C1Nc2cccc3cccc1c23,P21/n,False
DINRUP01,DINRUP01,at 293 K,OC(=O)c1ccc(O)cc1O.NC(=O)c1cccnc1,P-1,False
SOVQAV,SOVQAV,at 273 K,OC(=O)CCSCCC(O)=O.Nc1cc(N)nc(N)n1,C2/m,False
VEXZUX,VEXZUX,293 K,O=N(=O)c1ccc(cc1)N1CC[NH2+]CC1.Oc1ccccc1C(=O)[O-],P21/n,False
NABCEZ,NABCEZ,at 293 K,OC(=O)C=Cc1ccccc1.CC(=NO)C(C)=NO,P21/c,False
UJOGUW01,UJOGUW01,at 200 K,NC(=O)C1CC[NH2+]CC1.OC(=O)c1cc(cc(c1[O-])N(=O)=O)N(=O)=O,P-1,False
BALFAZ,BALFAZ,120 K,Clc1cccc(c1)C(=O)[O-].NC1=N[N+]2(CCOCC2)CC1,C2/c,False
PONPAK,PONPAK,at 295 K,c1ccccc1.CC(O)=C(C(C)=O)C(=S)Nc1ccccc1,P21/a,False
OXUVUZ,OXUVUZ,at 293 K,CS(=O)(=O)[O-].NS(=O)(=O)C1=NNC(=[NH2+])S1,Cc,False
ETEYOR,ETEYOR,at 150 K,OC(=O)C=CC(=O)[O-].[NH3+]C(C(C)O)C(O)=O,P-1,False
WOQBUZ,WOQBUZ,,OC(=O)CCCC(O)=O.c1ccc2nc3ccccc3nc2c1,P-1,False
FEVJUO,FEVJUO,293 K,COc1cc(Cc2c[nH+]c(N)nc2N)cc(OC)c1OC.BrC1=C(SC=C1)C(=O)[O-],P21/c,False
RIKYUF,RIKYUF,,COc1cc2Sc3cc(OC)c(OC)cc3Sc2cc1OC.N#Cc1cc(C#N)c(cc1C#N)C#N,P-1,False
PEQQOS,PEQQOS,at 293 K,CN(C)c1cccc(c1)C(O)=O.COc1cncc(c1)C#Cc1cc(C)nc(N)n1,P21/c,False
FERNOJ,FERNOJ,298 K,O=N(=O)c1cc(c(c(c1)N(=O)=O)S(=O)(=O)[O-])N(=O)=O.[NH3+]C(CC1=CNc2ccccc12)C(O)=O,P21/c,False
CIHDIJ,CIHDIJ,173 K,OC(=O)c1c[nH+]ccc1.CC1=CC(=O)[N-]S(=O)(=O)O1,P21/n,False
FEPQAV,FEPQAV,293.1 K,O=C1CC(=O)NC(=S)N1.NC(N)=NS(=O)(=O)c1ccc(N)cc1,P-1,False
UNEZAO01,UNEZAO01,at 200 K,O=C1NS(=O)(=O)c2ccccc12.NC(=O)N1c2ccccc2C=Cc2ccccc12,C2/c,False
ZEDTIO,ZEDTIO,293 K,[NH3+]C(C)C(O)=O.Cc1ccc(cc1)S(=O)(=O)[O-],P212121,False
PEXTAQ,PEXTAQ,100.0 K,[NH3+]Cc1ccc(OC)cc1.O=C[O-],Cc,False
TEZREX,TEZREX,at 298 K,[NH3+]c1cc(Cl)ccc1O.O=C([O-])c1cc(cc(c1)N(=O)=O)N(=O)=O,P-1,False
DUNFUQ,DUNFUQ,100 K,OC(C(O)C(=O)[O-])C(O)=O.[NH3+]C1CN(CC1C1CC1)C(=O)OC(C)(C)C,P41,False
VEYBAG,VEYBAG,293 K,O=N(=O)c1ccc(cc1)N1CC[NH2+]CC1.Fc1ccc(cc1)C(=O)[O-],P21/n,False
JIPZEO,JIPZEO,at 100 K,[NH3+]c1ccccc1OC(=O)SC.FC(F)(F)S(=O)(=O)[O-],Pca21,False
GESKIA,GESKIA,,c1cnc2c(c1)ccc1cccnc21.COc1cccc(c1)B(O)O,Pbca,False
EYURUO,EYURUO,296 K,NC(=O)c1nc(F)cnc1O.OC(=O)c1cc(O)c(O)c(O)c1,P21/n,False
ULEWIS,ULEWIS,at 297 K,C(Cc1ccncc1)c1ccncc1.Cc1cc(ccc1N)C(O)=O,P21/c,False
KAXNOQ,KAXNOQ,299.1 K,COc1cc(Cc2cnc(N)nc2N)cc(OC)c1OC.OC(=O)CCCCCC(O)=O,P-1,False
DEBJIE,DEBJIE,at 223 K,Oc1ccc(cc1)C(c1ccccc1O)c1ccccc1O.C(Cc1ccncc1)c1ccncc1,P-1,False
SAPRAC,SAPRAC,,CCN1C(=O)c2cc3C(=O)N(CC)C(=O)c3cc2C1=O.COc1ccc2cc(OC)ccc2c1,P-1,False
SAHBUZ,SAHBUZ,at 293 K,OC(C(O)C(=O)[O-])C(O)=O.OCC1CC2CC[NH+]1CC2C=C,P21,False
QEDZUX,QEDZUX,293 K,COc1ccc(cc1)C1=C2N(C(=S)NC2=O)C(=C1C#N)N.CN(C)C=O,P21/n,False
LEXPOW,LEXPOW,223 K,OC(=O)c1cccc2ccccc12.NC(=O)N1c2ccccc2C=Cc2ccccc12,P21/n,False
PAKRIG,PAKRIG,100 K,Oc1cccc(c1)C(=O)[O-].CCc1[nH+]c(N)nc(N)c1c1ccc(Cl)cc1,C2/c,False
WEYFEN,WEYFEN,at 150 K,OC(=O)C=CC(O)=O.NC(=O)N1c2ccccc2C=Cc2ccccc12,P21/c,False
MOZBEK,MOZBEK,120 K,Nc1ncccn1.OC(=O)c1ccccc1Br,P21/c,False
KIPKUT,KIPKUT,293 K,c1cc(ccn1)C=Cc1ccncc1.OO,Pna21,False
LECFAD,LECFAD,293 K,Cc1nc(C)c(C)nc1C.OC(=O)c1ccc(O)c(c1)C(O)=O,P21/n,False
PIPMEJ,PIPMEJ,298 K,[NH3+]C(CO)(CO)CO.Clc1ccc(OCC(=O)[O-])cc1,P21/n,False
CIVWIQ,CIVWIQ,193 K,FC(F)(F)S(=O)(=O)[O-].O[N+]1=C(OC2C=CCCC12)c1ccccc1,P21/n,False
IBIYUP,IBIYUP,at 123 K,C1N2CN3CN1CN(C2)C3.BrN1C(=O)CCC1=O,Pn,False
GUPCOM,GUPCOM,293 K,Fc1ccc(cc1)N1CC[NH2+]CC1.O=N(=O)c1cc(c([O-])c(c1)N(=O)=O)N(=O)=O,P21/n,False
HUFZUE,HUFZUE,at 110 K,O=C1CC2(CCCCC2)CN1.OC1=C(Cl)C(=O)C(=C(Cl)C1=O)O,P-1,False
COKXUY,COKXUY,163 K,[NH3+]NC(N)=O.O=C([O-])c1cc(cc(c1)N(=O)=O)N(=O)=O,P21/n,False
UHACEM,UHACEM,at 120 K,OC(=O)CCC(O)=O.O=C1CCCN1,P-1,False
SECYIL,SECYIL,295 K,Cc1ccncc1.BrN1C(=O)CCC1=O,P21,False
SAYMUB,SAYMUB,at 100 K,OC(=O)c1cc(cc(c1)C(O)=O)C(O)=O.C(Cc1ccncc1)c1ccncc1,P21/n,False
XAXPOB,XAXPOB,,NC(=O)C=Cc1ccccc1.OC(=O)c1cc(Cl)c(Cl)cc1C(O)=O,P-1,False
BEHKEF,BEHKEF,at 293.1 K,[NH3+]CCO.CC1=CC(=O)N([O-])C(=C1)C1CCCCC1,I41/a,False
FAXYOV,FAXYOV,293 K,OC(=O)C=CC(=O)[O-].[NH3+]C(CC1=C[NH+]=CN1)C(=O)[O-],C2,False
BILXUP,BILXUP,,COC(=O)C(C#N)=C(C#N)C(=O)OC.S1C=CSC1=C1SC=CS1,P21/c,False
QOLRAN,QOLRAN,298 K,CCCN1C(=O)C(SC1=S)=C1SC(=S)N(CCC)C1=O.c1cc2cccc3c4cccc5cccc(c(c1)c23)c45,P-1,False
LINFIX,LINFIX,,OC(=O)C=Cc1c(F)c(F)c(F)c(F)c1F.CN(C)c1ccc(C=CC(O)=O)cc1,P-1,False
DEJNAK,DEJNAK,295 K,Nc1nc(N)nc(N)n1.OC(=O)Cc1ccc(F)cc1,C2/c,False
XAPZAS,XAPZAS,293 K,Nc1ccc(N)cc1.Oc1ccc2ccc(O)cc2c1,P21/c,False
HAXHIB,HAXHIB,150 K,OC(=O)C=CC(=O)[O-].Nc1[nH+]cccc1C(O)=O,P21/n,False
MUPQET,MUPQET,at 150 K,CC(=O)Nc1ccc(O)cc1.C1COCCN1,P212121,False
PEVDAY,PEVDAY,200 K,[NH3+]C(CC1=C[NH+]=CN1)C(=O)[O-].CS(=O)(=O)[O-],P21,False
WIVFAI,WIVFAI,,OC1=C(Br)C(=O)C(=C(Br)C1=O)O.c1ccc2nccnc2c1,P21/m,False
BAVYAY,BAVYAY,at 173 K,C1COCCO1.NC(=O)C1(C#N)C(C#N)(C#N)C1(C#N)C#N,P21/c,False
XEJLON,XEJLON,,OC(C(=O)[O-])c1ccc(F)cc1.C[NH2+]C(C)C(O)c1ccccc1,P21,False
JOXZOL,JOXZOL,,CC(=O)C1=C(O)CCC2[NH2+]C1CC2.FC(F)(F)C(=O)[O-],P-1,False
QOLMIP,QOLMIP,at 293 K,Oc1c(O)c(Cl)c(Cl)c(Cl)c1Cl.Cc1c(C)c2cccnc2c2ncccc12,Pbcn,False
QOYKUK,QOYKUK,at 173 K,Cc1cccnc1.Oc1ccc2ccccc2c1c1c(O)ccc2ccccc12,P21/c,False
PUZZIT,PUZZIT,at 253 K,Oc1ccc2ccccc2c1c1c(O)ccc2ccccc12.Cc1cc(C)cc(N)c1,P-1,False
QAKBOU,QAKBOU,at 150 K,[NH3+]C(C)c1ccc(Cl)cc1.CCOP([O-])(=S)c1ccccc1,P41212,False
NUPTEZ,NUPTEZ,150 K,Cc1c(O)cccc1O.Cc1nc(C)c(C)nc1C,Pbc21,False
QUHRES,QUHRES,100 K,N#Cc1ccncc1.COc1cc(C=CC(O)=O)cc(OC)c1O,P21/c,False
JIQLAZ,JIQLAZ,295 K,Nc1ncccn1.NC(=O)N1c2ccccc2C=Cc2ccccc12,P21/a,False
XELJED,XELJED,,[NH3+]CCOCC[NH3+].O=C([O-])C=CC(=O)[O-],P212121,False
TOQNAR,TOQNAR,150 K,NC(=S)NN=Cc1cc[nH+]cc1.OC(=O)c1ccccc1C(=O)[O-],P-1,False
FECGUS,FECGUS,296 K,c1cc(ccn1)c1ccncc1.OC(=O)c1ccccc1F,P21/n,False
WICZUF,WICZUF,203 K,Cc1ccccc1C(O)=O.Cc1ccnc(N)n1,P21/n,False
UNEFUO,UNEFUO,at 203 K,C1CN2CCN1CC2.OC(=O)CCCCCC(O)=O,P212121,False
QUQBIQ,QUQBIQ,293 K,Cc1ccc(cc1)S(=O)(=O)[O-].[NH2+]=C1SNc2ccc(cc12)N(=O)=O,P-1,False
AJAHOI,AJAHOI,at 90 K,OC(=O)c1cc(O)c(cc1O)C(O)=O.O=C1CNC(=O)CN1,P-1,False
RORNOD,RORNOD,at 301 K,c1ccc2nc3ccccc3nc2c1.OB(O)c1ccc(Cl)cc1,P-1,False
MUMXEA,MUMXEA,100.0 K,Clc1ccc(cc1)N=Cc1cc[nH+]cc1.O=C([O-])c1cc(cc(c1)N(=O)=O)N(=O)=O,P21/n,False
EZIBOG,EZIBOG,150 K,CC1(C)N(Br)C(=O)N(Br)C1=O.c1cnccn1,P-1,False
NUVFIV,NUVFIV,293 K,OC(=O)c1ccc(O)cc1.NC(=O)c1cnccn1,Pca21,False
SIBDUC,SIBDUC,,FC1=C(F)C(C(=C(F)C1=C(C#N)C#N)F)=C(C#N)C#N.CCOC(C)=O,P21/c,False
TONGOS,TONGOS,,NC(N)=O.OC(=O)CCCC(O)=O,C2/c,False
JAKDAE,JAKDAE,93 K,COc1ccc(NS(=O)(=O)c2cccc(Cl)c2)cc1OC.c1cc(ccn1)c1ccncc1,P-1,False
ACESUY,ACESUY,at 100 K,OC(=O)CCC(O)=O.CN1N=NC2=C(N=CN2C1=O)C(N)=O,P21/n,False
JEMTEE,JEMTEE,120 K,CC(=O)Nc1ccc(O)cc1.OC(=O)C=CC(O)=O,P-1,False
NANQOJ,NANQOJ,at 293 K,OC(=O)c1ccc(cc1)C(O)=O.O1C(=NN=C1c1ccncc1)c1ccncc1,Cmc21,False
KIGKER,KIGKER,at 120 K,CN1C=NC2=C1C(=O)N(C)C(=O)N2C.OC(=O)CC(O)(CC(O)=O)C(O)=O,P-1,False
FIQNAV,FIQNAV,at 150 K,COc1ccc(cc1)C=C1SC(=O)NC1=O.CS(C)=O,P21/c,False
POVGAK,POVGAK,at 296 K,Cc1ccc(cc1)C1=CC(=NN1c1ccc(cc1)S(N)(=O)=O)C(F)(F)F.c1cc(ccn1)c1ccncc1,P-1,False
PURHUH,PURHUH,173 K,Cc1nc(N)nc(N)n1.Oc1c(Cl)cccc1Cl,P-1,False
FAQKAN,FAQKAN,293 K,O=S(=O)([O-])c1ccccc1.CN1C(=O)N(C)C2=C([NH+]=CN2)C1=O,P21/c,False
SEGZUZ,SEGZUZ,,NC1=[NH+]C(=O)NC=C1.ClC(Cl)(Cl)C(=O)[O-],P21/n,False
YUBTEW,YUBTEW,150 K,OC(C(=O)[O-])c1ccccc1.[NH2+]=C1NC(=O)N(C=C1)C1CSC(CO)O1,C2,False
BANYOH,BANYOH,180 K,FC(F)(F)S(=O)(=O)[N-]S(=O)(=O)C(F)(F)F.c1ccc(cc1)[S+](c1ccccc1)c1ccccc1,P21/n,False
XIDDAS,XIDDAS,293 K,Cc1cc(O)cc(O)c1.CCOC(=O)C=C(C)c1ccncc1,P21/c,False
RELPOR,RELPOR,293 K,Fc1ccc(cc1)N1CC[NH2+]CC1.OC(=O)c1cc(cc(c1[O-])N(=O)=O)N(=O)=O,P21/c,False
LIMCET,LIMCET,100.2 K,[NH3+]C(C(O)=O)c1cccc2ccccc12.CC1(C)C2CCC1(CS(=O)(=O)[O-])C(=O)C2,P212121,False
BUVZIC,BUVZIC,at 100 K,NC1=CC2=Nc3ccccc3OC2=CC1=O.Oc1c(Cl)c(Cl)c(O)c(Cl)c1Cl,P-1,False
UNEBOE,UNEBOE,at 293 K,c1cnc2c(c1)ccc1ncccc21.OC(=O)c1cc(C(O)=O)c(cc1C(O)=O)C(O)=O,P-1,False
GUDVAE,GUDVAE,at 100 K,OC(=O)CCCCC(O)=O.c1cnccn1,P-1,False
TALBAL,TALBAL,at 198 K,Nc1[nH+]c2c(O)cccc2cc1.OC(C(=O)[O-])c1ccccc1,P21/c,False
WAYVEZ,WAYVEZ,at 100 K,C[n+]1ccc(cc1)B(O)O.CS(=O)(=O)[O-],P-1,False
OMUXOK,OMUXOK,at 297 K,OC(=O)c1cc(ccc1O)S(=O)(=O)[O-].[NH2+]1CCOCC1,P-1,False
ORASAC,ORASAC,at 296 K,OC(=O)c1ccc(Oc2ccc(cc2)C(O)=O)cc1.c1cc(ccn1)c1ccncc1,P21/n,False
APUWOA,APUWOA,293 K,OC(=O)c1ccc(O)cc1.CC1=NNC(=O)N(C1)N=Cc1cccnc1,Pbca,False
MEPTAR10,MEPTAR10,,OC(C(O)C(=O)[O-])C(O)=O.CCC1(CCC[NH+](C)C1)C(=O)c1ccccc1,P21,False
XOWBUJ,XOWBUJ,293 K,O=C([O-])c1ccc(cc1)N(=O)=O.C[NH+](C)CCO,P21/n,False
VUCBAY,VUCBAY,295 K,[NH3+]c1ccc(Br)cc1.Cc1ccc(cc1)S(=O)(=O)[O-],P-1,False
EWAPUO,EWAPUO,at 150 K,c1ccc2nc3ccccc3cc2c1.Cc1cc(O)cc(O)c1,Pna21,False
AXOPEJ,AXOPEJ,at 190 K,CC(=CC=C(C)C(O)=O)C(O)=O.c1cc2cccc(c3ccncc3)c2c(c1)c1ccncc1,P21/n,False
TOQKAN,TOQKAN,at 105 K,O=C1C(=O)C(=C1NCc1ccccn1)NCc1ccccn1.OC(=O)C=CC(O)=O,C2/c,False
SAYNUD,SAYNUD,at 100 K,OC(=O)c1cccc(O)c1.O=C(NN=C1CCCCCCC1)c1ccncc1,P21/c,False
HUJQEL,HUJQEL,200 K,CC(C)c1ccc(C)c(O)c1.c1ccc2nc3ccccc3cc2c1,P21/c,False
UVOKUM,UVOKUM,at 200 K,NC(=O)C1CC[NH2+]CC1.OC(=O)c1cc(Cl)c(Cl)cc1C(=O)[O-],P21/n,False
LESRIM,LESRIM,at 200 K,[NH3+]c1ccc(F)c(Cl)c1.O=N(=O)c1cc(c([O-])c(c1)N(=O)=O)N(=O)=O,P-1,False
MANXOQ,MANXOQ,at 297 K,OC(C(O)C(=O)[O-])C(O)=O.OC1CC2[NH2+]C1CCC2,P21,False
GECZEV,GECZEV,at 295 K,FC(F)(F)C(=O)[O-].BrC1=C[NH+]=CNC1C1=CC=CS1,P21/c,False
UGOVET,UGOVET,100 K,O=C1CCC(=O)N1.OC(=O)c1ccc(O)c(O)c1,P21/c,False
VACBEJ,VACBEJ,150 K,c1cc(ccn1)c1ccncc1.COc1cc(NS(=O)(=O)c2ccc(N)cc2)nc(OC)n1,P2/c,False
VUNRON,VUNRON,100 K,OC1=C(Br)C(=O)C(=C(Br)C1=O)O.Cc1cncc(C)n1,P21/c,False
ZEXWIK,ZEXWIK,at 298 K,CCN1C=C(C(O)=O)C(=O)c2ccc(C)nc12.Oc1ccccc1O,P-1,False
XOKTOI,XOKTOI,at 298 K,C1N2CN3CN1CN(C2)C3.OC(=O)c1ccc(O)c(O)c1,C2/c,False
MOXVEB,MOXVEB,at 173 K,OC(=O)CCCCC(O)=O.NC(=O)N1c2ccccc2C=Cc2ccccc12,P-1,False
ICUTAD,ICUTAD,at 153 K,CCP(CC)(CC)=[N+]1N=C(C)C=C1C.FC(F)(F)S(=O)(=O)[O-],P-1,False
NUMZIH,NUMZIH,304 K,OC(=O)c1ccc(Cl)cc1.Fc1c(F)c(F)c(N=Cc2ccncc2)c(F)c1F,P-1,False
UBUPEP,UBUPEP,85 K,FC1=C(F)C(=O)C(=C(F)C1=O)F.Nc1cccc2c(N)cccc12,P21/c,False
YIKQIU,YIKQIU,at 100 K,Cc1cc[nH+]cc1Br.OC1=C(Br)C(=O)C(=C(Br)C1=O)[O-],P21/c,False
NEQNEF,NEQNEF,120 K,OC(=O)CCC(O)=O.CC1=CN=C(NC(=O)c2ccccc2)S1,P21/c,False
PUZXIR,PUZXIR,at 293 K,CS(C)=O.ClC1=NSSC1=C1N=C(SC1=O)C#N,P-1,False
VAPFEX,VAPFEX,,Nc1cccc(c1)C(O)=O.NC1=Nc2ccccc2S1,P21/c,False
KIPBIX,KIPBIX,293 K,OC1CCCCC1Oc1cccc2ccc[nH+]c12.OC(C(=O)[O-])c1ccccc1,I2,False
AXAKUG,AXAKUG,at 296 K,c1cc(ccn1)c1ccncc1.OC(=O)c1cncc(c1)C(O)=O,P21/n,False
WUZPAL,WUZPAL,100 K,Fc1ccc2NC(=O)c3cc(F)ccc3NC(=O)c2c1.C1CCOC1,P21/n,False
AMUBAM,AMUBAM,at 296 K,CC(=O)Nc1ccc(O)cc1.OC(=O)CC(O)(CC(O)=O)C(O)=O,C2/c,False
PIPMAF,PIPMAF,298 K,Clc1ccc(c(Cl)c1)C(=O)[O-].[NH3+]C(CO)(CO)CO,P21/n,False
LAKXUS,LAKXUS,at 193 K,OC(=O)c1c(O)ccc2ccccc12.CN1C=NC2=C1C(=O)N(C)C(=O)N2C,P21/n,False
ASODOD,ASODOD,160 K,Clc1ccc(cc1)C1=NS[S+]=N1.FS(=O)(=O)[O-],P21/c,False
BUPQAF,BUPQAF,at 180 K,OCC[NH+]=Cc1cc(ccc1[O-])S(=O)(=O)[O-].[NH3+]CCO,P-1,False
ZOHTOH,ZOHTOH,at 150 K,Nc1cc(Cl)ccc1Cl.Oc1cc(Cl)c(Cl)c(Cl)c1,P21,False
JAKBEG,JAKBEG,93 K,COc1ccc(NS(=O)(=O)c2cccc(C)c2)cc1.c1cc(ccn1)c1ccncc1,C2/c,False
VEJQEK,VEJQEK,293.0 K,OC(=O)c1ccc(Br)cc1.Nc1ncccn1,Pnma,False
TEQCAW,TEQCAW,296.1 K,[NH3+]C(CO)(CO)CO.COc1ccc2cc(ccc2c1)C(C)C(=O)[O-],P212121,False
BARAAD,BARAAD,,CCN1C(=Nc2c(N)ncnc12)Br.CCC1(C(=O)NC(=O)NC1=O)c1ccccc1,P-1,False
KURBUV03,KURBUV03,293 K,[2H]OC(=O)c1c(F)c(F)c(c(F)c1F)C(=O)[O-].[2H][N+]1=CN([2H])C=C1,Pna21,False
POKZAQ,POKZAQ,,ClC(Cl)(Cl)C(=O)NP(=O)(Nc1ccccc1)Nc1ccccc1.C1COCCO1,P21/c,False
GOMDET,GOMDET,90 K,CN1C=NC2=C1C(=O)N(C)C(=O)N2C.OC(=O)CCSc1ccccc1,P21/m,False
LOFLAV,LOFLAV,100 K,NS(=O)(=O)c1cc(C(O)=O)c(NCC2=CC=CO2)cc1Cl.Nc1ccc(cc1)C(O)=O,P21/n,False
YOQSIH,YOQSIH,at 173 K,FC(F)(F)C(=O)[O-].CC1=[NH+]C=CN1c1ccc(c(C)c1)C1=NC(=CS1)C,P21/n,False
JIFHAK,JIFHAK,296 K,OC(=O)c1ccc(O)cc1O.CCOc1ccccc1C(N)=O,P21/n,False
XAQCUO,XAQCUO,at 23 deg.C,CC([NH2+]C(c1ccccc1)C(F)(F)F)c1ccccc1.Cc1ccc(cc1)S(=O)(=O)[O-],P21,False
NUXGES,NUXGES,,CN(C)C=O.Oc1ccc(O)c2SC(Sc12)=C(C#N)C#N,C2/c,False
DENWUP,DENWUP,at 293 K,CN1CC(=O)[NH+]=C1N.O=C([O-])c1ccccc1,P212121,False
SETROA,SETROA,at 173 K,OC(=O)CCCCCCCCC(O)=O.NNC(=O)c1ccncc1,P-1,False
NAJMUK,NAJMUK,116.7 K,OC(=O)CC(=O)[O-].CC(O)C[NH+](CC(C)O)CC(C)O,P21/n,False
LACWIY,LACWIY,298 K,Nc1ccc(C(O)=O)c(O)c1.c1cnccn1,C2/c,False
NISMAD,NISMAD,,Oc1ccc(cc1)c1ccc(O)cc1.NCCN,P21/a,False
FADGIC,FADGIC,at 293 K,OC(=O)CCC(O)=O.NNC(=O)c1ccncc1,P21/n,False
ABUKUF,ABUKUF,at 298 K,Oc1c(cc(cc1N(=O)=O)N(=O)=O)C(=O)[O-].[NH3+]c1ccc(Cl)cc1,P-1,False
HACBAO,HACBAO,,CC1(C)CCC(=[N+]1O)N.O=N(=O)c1cc(c([O-])c(c1)N(=O)=O)N(=O)=O,P-1,False
KAYGEY,KAYGEY,at 296 K,O=C(Nc1ccccn1)c1ccncc1.OC(=O)CCCCC(O)=O,P21/c,False
RUPVED,RUPVED,,[NH3+]C(c1ccccc1Br)C(C)(C)C.OC(CC(O)=O)C(=O)[O-],P1,False
OLEZAH,OLEZAH,at 180 K,CC(C)O.COc1cc2c(CN(CCc3cc(O)c(O)cc23)C=O)cc1O,C2/c,False
OFUHUS,OFUHUS,at 180 K,Nc1ncccn1.OC(=O)c1ccc(C(O)=O)c2ccccc12,P21/n,False
ULESAG,ULESAG,at 293 K,[NH2+]1CCOCC1.COc1cc(c(C)cc1N)S(=O)(=O)[O-],P21/c,False
FAWBUE,FAWBUE,173 K,O=N(=O)C1=NN=C([N-]1)N(=O)=O.NC1=NC(=[NH2+])NC(=O)N1,P-1,False
NERZET,NERZET,120 K,[NH3+]CCCO.CS(=O)(=O)[O-],P21,False
WUVKII,WUVKII,at 296 K,Nc1nnc(c(N)n1)c1cccc(Cl)c1Cl.NC(=O)c1cccnc1,P-1,False
TAZPES,TAZPES,293 K,OB(O)c1ccc(Br)cc1.c1ccc2nc3nc4ccccc4nc3nc2c1,P-1,False
HIQSAD,HIQSAD,at 150 K,NC(=O)c1ccc(Br)cc1.OC(=O)CCCCCC(O)=O,C2/c,False
WELCUP,WELCUP,130 K,CCCCCCCCO.NCC=C,P21/c,False
AJEZAR,AJEZAR,at 130 K,Nc1cccc2c(N)cccc12.c1ccc2nc3ccccc3nc2c1,P21/n,False
RORNAP,RORNAP,at 120 K,OB(O)c1ccc(Br)cc1.c1cc(ccn1)c1ccncc1,P21/n,False
HOGLEX,HOGLEX,298.1 K,c1cc(ccn1)C=Cc1ccncc1.Oc1c(Cl)cc(Cl)cc1Cl,P21/c,False
APUVUF,APUVUF,293 K,OC(=O)c1cc(O)ccc1O.CC1=NNC(=O)N(C1)N=Cc1cccnc1,P21/c,False
ZATHIP,ZATHIP,100 K,CN1C=CC(=O)C(=C1C)O.Oc1cccc(O)c1O,C2/c,False
WOBPUB,WOBPUB,104 K,[NH3+]C(CC1=CNC=[NH+]1)C(=O)[O-].Oc1cc(O)cc(c1)C(=O)[O-],P21,False
AZOQAI,AZOQAI,at 293 K,CCc1[nH+]c(N)nc(N)c1c1ccc(Cl)cc1.CCC(=O)Nc1ccccc1C(=O)[O-],C2/c,False
FOWSAM,FOWSAM,at 298 K,OC(=O)c1cc(F)c(F)c(F)c1F.c1cc(ccn1)c1ccncc1,P21/c,False
MAFQIU,MAFQIU,at 296.1 K,CC(C)(c1ccc(O)cc1)c1ccc(O)cc1.c1ccc2ncccc2c1,P21/a,False
NELYOW,NELYOW,296 K,Clc1ccc(CNC(=O)[O-])cc1.[NH3+]Cc1ccc(Cl)cc1,P1,False
NAVHIC,NAVHIC,at 293 K,CC1(C)C2CCC1(CS(=O)(=O)[O-])C(=O)C2.[NH3+]CCNc1ccc(cc1)N(=O)=O,P21,False
TUDPIR,TUDPIR,,[NH3+]C(CO)(CO)CO.Clc1cccc(Cl)c1Nc1ccccc1CC(=O)[O-],P21/a,False
RETZEW,RETZEW,at 180 K,OC(=O)CCC(O)=O.Cc1cccnc1C,P21/n,False
LAGSUK,LAGSUK,296 K,NC(=O)c1ccncc1.OC(=O)c1ccc(O)cc1O,P-1,False
PAQMIG,PAQMIG,100 K,NC(=O)c1ccncc1.OC(=O)c1ccccn1,P-1,False
YOPXAC,YOPXAC,,CC1[NH+](CC1O)C(c1ccccc1)c1ccccc1.CC1(C)C2CCC1(CS(=O)(=O)[O-])C(=O)C2,P21,False
OFEQIZ,OFEQIZ,at 293 K,Oc1ccc(cc1)C1(CCCCC1)c1ccc(O)cc1.Cc1cc(C)cc(N)c1,P-1,False
WUFVUP,WUFVUP,at 293 K,OC(C(O)C(=O)[O-])C(O)=O.OC(=O)C[N+]12CCC(CC1)CC2,P21,False
YECYIS,YECYIS,298 K,OC(=O)c1ccc(O)cc1.CN1C(=O)N(C)C2=C(N(CC(O)=O)C=N2)C1=O,P21/n,False
HMTHQU,HMTHQU,,C1N2CN3CN1CN(C2)C3.Oc1ccc(O)cc1,P21/m,False
CEXGAR,CEXGAR,293 K,Oc1ccc2ccc(O)cc2c1.c1cc(ccn1)N=Nc1ccncc1,C2/c,False
HAGWET,HAGWET,at 293 K,OC(=O)c1ccc(O)cc1.C1CNCCN1,P21/c,False
HEWWAI,HEWWAI,at 293 K,OC(=O)C(=O)[O-].OC(=O)c1c[nH+]ccc1,P21/m,False
RINQUC,RINQUC,at 100.0 K,O=N(=O)c1cccc(c1)S(=O)(=O)[O-].CN(C)C1=CC=C(S1)C=Cc1cc[n+](C)cc1,P1,False
GIHGEK,GIHGEK,at 293 K,OC(=O)C=CC(=O)[O-].[NH3+]C(CCCNC(N)=[NH2+])C(=O)[O-],P1,False
LAGSOE,LAGSOE,296 K,NC(=O)c1ccncc1.OC(=O)c1cccc(O)c1O,P-1,False
GIDFIM,GIDFIM,294 K,OC(=O)C=CC(=O)[O-].[NH3+]CC1CCC(CC1)C(O)=O,P-1,False
GOWBOJ,GOWBOJ,,CC(c1ccccc1)S(=O)(=O)[O-].[NH3+]C(CC(C)C)C(O)=O,C2,False
VESYUQ,VESYUQ,293 K,NC(=O)c1ccncc1.COc1cc(C=O)ccc1O,P-1,False
NUZVAH,NUZVAH,100 K,NC(=O)c1ccncc1.COc1ccc(C=CC(O)=O)cc1OC,P21/c,False
QAJZEH,QAJZEH,at 100 K,CC1(C)COC2=C3OCC(C)(C)[N+]3=CN12.FC(F)(F)S(=O)(=O)[O-],P21/c,False
JOLJID,JOLJID,at 193 K,CN(C)P(=O)(N(C)C)N(C)C.NC1=Nc2ccccc2S1,P21/c,False
RURROM,RURROM,at 293.1 K,OC1=C(F)C(=O)C(=C(F)C1=O)O.c1ccc2nc3ccccc3nc2c1,P21/n,False
SUZQIO,SUZQIO,at 98 K,c1ccc(C=NN=Cc2ccccn2)nc1.OC(=O)Cc1ccc(Cl)cc1,Pca21,False
NOSRIZ,NOSRIZ,130.0 K,FC(F)(F)C(=O)[O-].O=C(OC1C[NH2+]CCC1)c1ccc(cc1N(=O)=O)N(=O)=O,P212121,False
RESHIH,RESHIH,at 180 K,OC(=O)CCC(O)=O.Cc1cncc(C)c1,P21/c,False
UZUYIZ01,UZUYIZ01,173 K,Cc1cccc(Nc2ccccc2C(O)=O)c1C.Cc1ccccn1,P21/n,False
QEHCUD,QEHCUD,at 173 K,[NH3+]NC(N)=NN(=O)=O.O=N(=O)N=C1NN=N[N-]1,P21/c,False
TEBMAO,TEBMAO,,Nc1ccc(cc1[O-])N(=O)=O.C[n+]1ccc(cc1)C=Cc1ccc(O)cc1,P21/c,False
URMALN,URMALN,,NC(N)=O.OC(=O)CC(O)=O,P21/n,False
EBOLEP,EBOLEP,293 K,OC(=O)C#CC(O)=O.CN1C(=C(O)c2ccccc2S1(=O)=O)C(=O)NC1=NC=C(C)S1,P-1,False
EVETAB,EVETAB,at 293 K,NC(N)=O.OC(=O)CCCCCC(O)=O,C2/c,False
TAZMOZ,TAZMOZ,293 K,c1cnc2ncccc2c1.OB(O)c1cccc2ccccc12,P21/n,False
SABVUP,SABVUP,296 K,C(Nc1ccccn1)c1ccccc1.OC(=O)C(O)=O,Cc,False
HAZMAA01,HAZMAA01,293 K,C[NH2+]CCO.Clc1cc(ccc1C(=O)[O-])N(=O)=O,Pna21,False
KAMQOH,KAMQOH,100 K,CN1C=NC2=C1C(=O)N(C)C(=O)N2C.Oc1cc2OC(=CC(=O)c2c(O)c1O)c1ccccc1,P21/c,False
LIQFAU,LIQFAU,at 296 K,Cc1cc(C)nc(N)n1.CC=CC=CC(O)=O,P-1,False
UGOTER,UGOTER,293 K,CC1=CN=C(N)S1.OC(=O)CCCCCCCCCCC(O)=O,P-1,False
MENXAI,MENXAI,100 K,C1CN2CCN1CC2.CC(C)c1cccc(C(C)C)c1O,P21/c,False
TACBAC,TACBAC,at 293 K,OC(=O)CCCCCCCCC(O)=O.C(Cc1ccncc1)c1ccncc1,P-1,False
SUDDEC,SUDDEC,20 K,OC(=O)CCC(O)=O.CNC(N)=O,P21/n,False
HIPVAH,HIPVAH,100 K,FC(F)(F)C(=O)[O-].OC1=[NH+]C=CN1,P-1,False
MOGZEP,MOGZEP,at 293 K,OC(=O)CCC(O)=O.Cc1ccc(cn1)c1ncc(Cl)cc1c1ccc(cc1)S(C)(=O)=O,P21/n,False
JAZBES,JAZBES,at 298 K,OC(=O)CCC(O)=O.C(Cc1ccncc1)Cc1ccncc1,C2/c,False
KANBIN01,KANBIN01,120 K,CCCN(CCC)S(=O)(=O)c1ccc(cc1)C(O)=O.c1cc(ccn1)c1ccncc1,P-1,False
PIXZEF,PIXZEF,123 K,Cc1ccc(cc1)S(=O)(=O)[O-].OC1=[NH+]CCCCCCC1,Cc,False
XERBUU,XERBUU,293 K,N#Cc1cc(C#N)c(cc1C#N)C#N.O=CN1c2ccccc2c2ccccc12,P21/n,False
UZUZEW,UZUZEW,173 K,Cc1cccc(Nc2ccccc2C(O)=O)c1C.Cc1ccncc1,P-1,False
HEYDOI,HEYDOI,300.0 K,Oc1ccc2cc(ccc2c1)C(=O)[O-].Nc1c(Br)cc(Br)cc1C[NH2+]C1CCC(O)CC1,P21/n,False
PAKPEY,PAKPEY,at 130 K,C[n+]1cccc(c1)C(=O)[O-].OC1=C(O)C(=O)C1=O,P-1,False
XIBDOD,XIBDOD,at 295 K,Oc1cc(cc(O)c1O)C(=O)[O-].NC(=[NH2+])NC(N)=S,P21/c,False
HIQMOL,HIQMOL,at 150 K,NC(=O)c1ccc(Br)cc1.OC(=O)CC(O)=O,P21/c,False
TEWRAS,TEWRAS,100 K,c1ccc2nc3ccccc3nc2c1.OC(=O)c1ccc(O)c(O)c1,P-1,False
HEBQUC,HEBQUC,at 293 K,[NH3+]c1cccc(O)c1.Cc1ccc(C)c(c1)S(=O)(=O)[O-],Pna21,False
GESKUM,GESKUM,at 150 K,OB(O)c1ccc(Br)cc1.c1cnc2c(c1)ccc1cccnc21,Pca21,False
HUQXAU,HUQXAU,123 K,[NH2+]=C(O)N1c2ccccc2C=Cc2ccccc12.Oc1ccc(cc1)S(=O)(=O)[O-],Pn,False
AJACOF,AJACOF,295 K,NC(N)=S.O=C1C(=O)c2ccccc2c2ccccc12,Pbcn,False
SECZEI,SECZEI,295 K,COC(=O)c1ccncc1.BrN1C(=O)CCC1=O,P21/c,False
AJODOU,AJODOU,294 K,[NH3+]C(CO)C(O)=O.O=N(=O)c1cc(c([O-])c(c1)N(=O)=O)N(=O)=O,P21,False
TOQGUD,TOQGUD,at 120 K,OC(=O)C(=O)[O-].Cc1cc[nH+]c(N)c1N(=O)=O,P21,False
RESFOL,RESFOL,at 180 K,OC(=O)C=CC(O)=O.Cc1cccnc1C,P21/n,False
BAKMOP,BAKMOP,,O=C([O-])CC1=CNc2ccccc12.[NH3+]CCc1ccc(O)cc1,P21/c,False
BAQQIW,BAQQIW,293 K,O=C1NC(=O)C(=C[N-]1)N(=O)=O.[NH3+]C(CC1=C[NH+]=CN1)C(=O)[O-],P21,False
DINLAN02,DINLAN02,at 300 K,OC(C(=O)[O-])c1ccccc1.C[NH2+]C(C)C(O)c1ccccc1,C2,False
IVUKUG,IVUKUG,at 123 K,C[NH+](C)C(C)C(O)c1ccccc1.O=C([O-])c1ccccc1N(=O)=O,P21,False
CEWZEN,CEWZEN,150 K,c1cc(ccn1)c1ccncc1.OCc1cc(O)cc(O)c1,P-1,False
TENYES,TENYES,at 110 K,CN1C=NC2=C1C(=O)N(C)C(=O)N2C.OC(=O)COc1ccc2ccccc2c1,P21/c,False
XEQXEX,XEQXEX,at 120 K,CC1CC(C)(C)C[NH+]1O.O=N(=O)c1cc(c([O-])c(c1)N(=O)=O)N(=O)=O,P21/n,False
PUTMAU,PUTMAU,295 K,c1ccc2nc3ccccc3cc2c1.OC(=O)c1ccccc1,P21/n,False
DAYWAC01,DAYWAC01,at 293 K,OC(=O)C=Cc1ccccc1.Cc1cc(C)nc(N)n1,P-1,False
IWASEE,IWASEE,at 203 K,Cc1cccc2cccnc12.Oc1ccc2ccccc2c1c1c(O)ccc2ccccc12,C2/c,False
WASRER,WASRER,293 K,NC(=O)c1c[nH+]ccc1.OC(=O)C(Br)C(Br)C(=O)[O-],P-1,False
QERLUV,QERLUV,at 130 K,OC(=O)c1nccnc1C(=O)[O-].Oc1cccc2ccc[nH+]c12,P-1,False
BEJGUT,BEJGUT,at 113.2 K,O=C1NC(=O)C=C1.CC1=CC(=CC(=O)O1)OCc1cccc(Cl)c1,P-1,False
SIPVET,SIPVET,at 291 K,CC1(C)OC2OC3C[NH2+]CC3(O)C2O1.Cc1ccc(cc1)S(=O)(=O)[O-],P21,False
VUXNIN,VUXNIN,200 K,Clc1cc(Cl)cc(OCC(=O)[O-])c1.[NH2+]1CCOCC1,P-1,False
IPAYIK,IPAYIK,273.1 K,Cc1ccnc2N(C3CC3)c3ncccc3C(=O)Nc12.COC(=O)c1cc(ccc1C(O)=O)C(O)=O,P-1,False
SICQEE,SICQEE,150 K,OC(CC(=O)[O-])Cc1ccc(Cl)cc1.[NH3+]C(C(O)c1ccccc1)c1ccccc1,P21,False
PAHNOD,PAHNOD,at 110 K,CC(=O)Nc1ccc(cc1)S(=O)(=O)Nc1nccc(C)n1.C1COCCO1,P-1,False
OYUYEP,OYUYEP,297 K,Cc1cccc(C)c1NC(=O)CN1CCCC1=O.OC(=O)c1cc(O)cc(c1)C(O)=O,P21/c,False
QIGVOR,QIGVOR,,Nc1nc(N)nc(n1)c1ccccc1.CN1C(=O)CC(=O)N(C)C1=O,P21/c,False
OVILUC,OVILUC,97 K,FC(F)(F)C(=O)[O-].COC(=O)C1[NH2+]C(CC1)CC(C)=O,P21,False
RIJTUZ,RIJTUZ,,C[NH+]1CCOCC1.Clc1ccccc1C1CC(=O)NC(=C1C#N)[S-],P-1,False
VEFVIM,VEFVIM,at 298 K,OC(=O)c1cc(O)cc(O)c1.C(Cc1ccncc1)c1ccncc1,P-1,False
KEKGAJ,KEKGAJ,at 296 K,Nc1ncccn1.OC(=O)CN1C(=O)c2ccccc2C1=O,Pbcn,False
VEZPIC,VEZPIC,150 K,CCc1[nH+]c(C)ccc1O.OC(=O)CCCCC(=O)[O-],P-1,False
XABLOE,XABLOE,293 K,[NH2+]=C1NC=CS1.O=C([O-])c1ccccc1,C2/c,False
EXUCUX,EXUCUX,210 K,O=C([O-])CSC1=CNc2ccccc12.OCC[NH+](CCO)CCO,Pbca,False
HUNWUI,HUNWUI,at 293 K,NC1=NON=C1N.C1COCCOCCOCCOCCO1,P21/c,False
BIGHAD,BIGHAD,300 K,CC(=O)N1c2ccccc2N(C(C)=O)c2nc3ccccc3nc12.CC(=O)OC(C)=O,I2/a,False
VAWPEP,VAWPEP,at 100 K,C[NH2+]C(C)C(O)c1ccccc1.O=C1[N-]S(=O)(=O)c2ccccc12,P21,False
AZUMEO,AZUMEO,at 298 K,CS(C)=O.OC(=O)CNC(=S)NC(=O)C=Cc1ccccc1,P-1,False
BUTBOJ,BUTBOJ,300 K,[NH3+]C(CO)C(O)=O.OC1=C([O-])C(=O)C1=O,P21/n,False
LADCIE,LADCIE,at 120 K,OC(=O)C=CC(O)=O.CCC(=O)Nc1ccc(Br)cn1,P21/n,False
QURSUR,QURSUR,at 150 K,OC(=O)C=CC(=O)[O-].[NH3+]C(C(C)C)C(O)=O,P-1,False
PIXZIJ,PIXZIJ,223 K,OC1=[NH+]CCC1.Cc1ccc(cc1)S(=O)(=O)[O-],P21/c,False
KIZYID,KIZYID,at 173 K,Nc1ccc(cc1)C(O)=O.CC(=O)Nc1cccc(C)n1,P21/c,False
RAXYEX,RAXYEX,100 K,C(Cc1ccncc1)c1ccncc1.Oc1c(F)c(F)c(O)c(F)c1F,P-1,False
XAPMIK,XAPMIK,,OC(=O)C(O)=O.c1ccc2nc3ccccc3nc2c1,P21/n,False
FULLIJ,FULLIJ,at 150 K,NC(=[NH2+])C(N(=O)=O)N(=O)=O.FC(F)(F)S(=O)(=O)[O-],P21/c,False
XIRLUJ,XIRLUJ,130 K,CN(C)C=C1SC(=O)N=C1Nc1cccc(O)c1.CN(C)C=O,P21/c,False
FATQEA,FATQEA,296 K,CC(C)(c1ccc(O)cc1)c1ccc(O)cc1.C1C=NC23N=CCC12CC=N3,Pbcm,False
SULSUO,SULSUO,at 213 K,O[n+]1cccc(c1)N1C(=O)C2=C(CCCC2)S1(=O)=O.FC(F)(F)S(=O)(=O)[O-],P-1,False
EXIBIX,EXIBIX,at 293 K,OC(=O)c1ccccc1Cl.Cc1cc(C)nc(N)n1,P21/c,False
ULICAV,ULICAV,293 K,O=C([O-])CN1C(=O)Oc2ccccc12.[NH3+]CCO,P21/c,False
VECVAD,VECVAD,85 K,Nc1[nH+]nc(c(N)n1)c1cccc(Cl)c1Cl.OC(=O)CCCCCCCCC(=O)[O-],Pca21,False
INEDIP,INEDIP,at 100 K,OC(=O)CCCCCC(=O)[O-].C[NH2+]C(C)C(O)c1ccccc1,P21,False
LUTNUM,LUTNUM,173 K,CCCc1[nH+]ccc(c1)C(N)=S.Oc1cccc(O)c1C(=O)[O-],P21/c,False
DEKXUO,DEKXUO,at 200 K,OC(=O)c1nccnc1C(=O)[O-].NC(=O)C1CC[NH2+]CC1,P21/n,False
DALJIN,DALJIN,100 K,CCN(CC)CC(=O)Nc1c(C)cccc1C.OC(=O)CCCCCCCC(O)=O,P21,False
VOWTEG,VOWTEG,,[NH3+]C(CC)CO.OC(NC(=O)c1ccccc1)C(=O)[O-],P21,False
PAKPAU,PAKPAU,at 100 K,C[n+]1cccc(c1)C(O)=O.OC1=C([O-])C(=O)C1=O,P21/c,False
XICPUW,XICPUW,at 100 K,[NH2+]=C1NC(=O)NC=C1.Clc1cccc(Cl)c1Nc1ccccc1CC(=O)OCC(=O)[O-],P21/n,False
RALRUS,RALRUS,at 293 K,[NH3+]C(Cc1ccccc1)C(O)=O.OC(=O)CC(=O)[O-],P21,False
TIPWIY,TIPWIY,,NC(N)=O.OC(=O)C=CC(O)=O,P21/c,False
ROGLIJ,ROGLIJ,at 291 K,OC(=O)c1cc(ccc1O)S(=O)(=O)[O-].OC(=O)C1=CSC(=N1)c1cc[nH+]cc1,P-1,False
COWJUU,COWJUU,at 293 K,Fc1c(F)c(c(F)c(F)c1Br)C(=O)[O-].COc1cncc(c1)C#Cc1cc(C)[nH+]c(N)n1,P-1,False
CIXMAZ,CIXMAZ,at 298 K,Oc1c(cc(cc1N(=O)=O)N(=O)=O)C(=O)[O-].[NH2+]=C1Nc2ccc(Br)cc2S1,C2/c,False
QOLROB,QOLROB,298 K,CCN1C(=O)SC(C1=S)=C1SC(=O)N(CC)C1=S.c1cc2ccc3ccc4ccc5ccc6ccc1c1c2c3c4c5c61,P-1,False
KEVSAG,KEVSAG,at 293 K,COC(C#N)(C#N)c1c(F)c(F)c(c(F)c1F)[C-](C#N)C#N.NC1=[NH+]C(=O)NC=C1,P-1,False
KADHIK,KADHIK,294 K,OC(=O)c1c(Br)c(Br)c(C(O)=O)c(Br)c1Br.Brc1cccnc1,P-1,False
JETTOU,JETTOU,100.0 K,FC(F)(F)S(=O)(=O)[O-].CCOC(=C)[n+]1ccccc1Cl,P-1,False
ACIFAT,ACIFAT,at 293 K,[NH3+]c1ccc(cc1)S(N)(=O)=O.OC(=O)c1cc(cc(c1[O-])N(=O)=O)N(=O)=O,P-1,False
FURAOX,FURAOX,,OC(=O)C(O)=O.NC(=O)C1=CC=CO1,P-1,False
QEPJAX,QEPJAX,at 298 K,O=C[O-].[NH3+]CCNc1ccc(cc1)N(=O)=O,Pbca,False
QAGJOX,QAGJOX,,NC1=[NH+]c2ccccc2S1.CN1C=CC=C1C(=O)[O-],P21/c,False
DUCCAI,DUCCAI,296 K,N#Cc1ccncc1.OC(=O)c1ccc(Cl)cc1,P-1,False
BOVWEQ,BOVWEQ,at 150 K,OC(=O)c1ccc(F)cc1F.C(Cc1ccncc1)c1ccncc1,P-1,False
XELBEZ,XELBEZ,293 K,CC1=CC2[NH+](CCCC2O)CC1.O=N(=O)c1cc(c([O-])c(c1)N(=O)=O)N(=O)=O,P21/c,False
AYEHOB,AYEHOB,at 273 K,CC1(C)OC(=O)C(=C([O-])O1)Br.CC(C)N1C(=C(C)[N+](=C1Br)C(C)C)C,C2/c,False
GELSUM,GELSUM,at 293 K,CC(NC(=O)C1[NH2+]CCC1)c1ccccc1.FC(F)(F)C(=O)[O-],P41212,False
GOLGIZ,GOLGIZ,at 296 K,O[n+]1ccc(cc1)c1ccncc1.COS(=O)(=O)[O-],P-1,False
LATKEY,LATKEY,at 173 K,OC(=O)CCC(O)=O.CC(C)=NNC(=O)c1ccncc1,P21/c,False
DINPIC01,DINPIC01,223 K,CC[P+](C)(C)C.O=N(=O)c1cc(c([O-])c(c1)N(=O)=O)N(=O)=O,P21/n,False
ZOYBEW,ZOYBEW,173 K,COc1cc(ccc1O)C(O)=O.CN1C=NC2=C1C(=O)N(C)C(=O)N2C,P-1,False
CEKBOJ,CEKBOJ,,Oc1cccc(O)c1.Cc1ccc2ccc3ccc(C)nc3c2n1,P-1,False
TACCIL,TACCIL,at 293 K,OC(=O)CCC(O)=O.C(Cc1ccncc1)c1ccncc1,C2/c,False
CIHFEH,CIHFEH,173 K,NC1=[NH+]C(=O)NC=C1.CC1=CC(=O)[N-]S(=O)(=O)O1,P-1,False
NARDAL,NARDAL,,CC1(O)CCC2CCC(C)(O)[N+]3=C2N1CC3.O=C([O-])c1ccccc1,P21/n,False
GUXVAZ,GUXVAZ,100 K,CC(=O)NC1=NN=C(S1)S(N)(=O)=O.C(Cc1ccncc1)Cc1ccncc1,P-1,False
IBIYOJ,IBIYOJ,at 123 K,C1CN2CCN1CC2.BrN1C(=O)CCC1=O,P21/a,False
IMZMAL13,IMZMAL13,,[2H][N+]1=CN([2H])C=C1.[2H]OC(=O)C=CC(=O)[O-],P21/c,False
MILGAT,MILGAT,296 K,OC(=O)c1cccc(c1)C(O)=O.Nc1ncnc(N)c1C=O,P21,False
YAJVAJ,YAJVAJ,97.3 K,Cc1ccc(O)c(c1)N1N=C2C=CC=CC2=N1.Fc1c(F)c(F)c2c(F)c(F)c(F)c(F)c2c1F,P21/c,False
QEPJEB,QEPJEB,at 298 K,CC(=O)[O-].[NH3+]CCNc1ccc(cc1)N(=O)=O,Pc,False
VIWBIM,VIWBIM,at -60 deg.C,O=P(c1ccccc1)(c1ccccc1)c1ccccc1.O=C(NC(=O)c1ccccc1)c1ccccc1,P21/c,False
ACOPUG,ACOPUG,296 K,COc1cc(C=CC(O)=O)ccc1O.NC(=O)c1cnccn1,P-1,False
RORPUL,RORPUL,at 301 K,OB(O)c1ccc(Br)cc1.c1ccc2nc3ccccc3cc2c1,P-1,False
PEQPIL,PEQPIL,at 153 K,OC(=O)c1ccc(O)cc1.Cc1cc(nc(N)n1)c1cccnc1,P-1,False
ECUSUU,ECUSUU,100.2 K,Cc1ccc(cc1)S(=O)(=O)[O-].Nc1c(Br)cc(Br)cc1C[NH2+]C1CCC(O)CC1,P-1,False
TOHGUS,TOHGUS,,OC(=O)CC1=CNC=[NH+]1.O=N(=O)c1cc(c([O-])c(c1)N(=O)=O)N(=O)=O,C2/c,False
GATZOS,GATZOS,at 210 K,Oc1cc(O)cc(F)c1.COC(=O)C=Cc1ccncc1,Pbca,False
MOYZIL,MOYZIL,120 K,Nc1ncccn1.OC(=O)c1ccccc1F,P21/n,False
HABJIG,HABJIG,110.2 K,CC(=O)Oc1cc(ccc1C(O)=O)C(F)(F)F.NC(=O)c1ccccn1,P-1,False
HICZIF01,HICZIF01,173 K,NC(=O)c1ccncc1.OC(=O)CC(O)(CC(O)=O)C(O)=O,P21/c,False
HOWXAV,HOWXAV,190 K,OC(=O)c1ccc(cc1)C(O)=O.c1cc(ccn1)N=Nc1ccncc1,P-1,False
ZOYCOH,ZOYCOH,173 K,NC(N)=O.COc1cc(ccc1O)C(O)=O,P-1,False
GAXFOC,GAXFOC,at 298 K,OC(=O)c1ccccc1C(=O)[O-].[NH2+]=C1NC(=O)N(C=C1)C1CSC(CO)O1,P212121,False
GETYIO,GETYIO,at 293 K,Oc1ccc(O)cc1.Oc1ccncc1,P21/c,False
XAFSOP,XAFSOP,200 K,[NH2+]1CCOCC1.Oc1ccccc1C(=O)[O-],P21,False
CEVVUU,CEVVUU,,C[NH2+]C(C)C(O)c1ccccc1.COC(=O)C1CC=CCC1C(=O)[O-],P212121,False
LEWROY,LEWROY,296 K,CNC(N)=O.OC(=O)c1ccccc1,P21/c,False
TMABCA,TMABCA,,CN(C)c1ccc(cc1)N(C)C.ClC1=C(Cl)C(=O)C(=C(Cl)C1=O)Cl,C2/m,False
PIRYAS,PIRYAS,at 150 K,NS(=O)(=O)c1cc2c(NCNS2(=O)=O)cc1Cl.NC(=O)CCC(N)=O,C2/c,False
MILKOL,MILKOL,293 K,OC(=O)c1cc(O)ccc1O.NC(N)=O,P21,False
PANCYQ,PANCYQ,,ClC1=C(Cl)C(=O)C(=C(C#N)C1=O)C#N.c1ccc2c(c1)ccc1ccccc21,Pca21,False
OTIZAT,OTIZAT,at 298 K,NC(N)=O.OCCCCCCCCO,P21/c,False
POYXOQ,POYXOQ,,CN1C=C[N+]2=C1CC1(OCC(C2)O1)c1ccc(Cl)cc1.CS(=O)(=O)[O-],P21/c,False
XIXTOQ,XIXTOQ,296 K,OC(=O)c1cccc(Cl)c1.N#Cc1ccncc1,P21/c,False
COHWOL,COHWOL,,C1CN2CCN1CC2.Oc1ccccc1,P21/c,False
LOHNOM,LOHNOM,at 296 K,Oc1ccc2cc(Br)ccc2c1.C1CNCCN1,P21/n,False
ABUQAR,ABUQAR,at 110 K,FC(F)(F)C(=O)[O-].Clc1ccc(cc1)C1[NH2+]CCN2C=CC=C12,P21,False
ULAXOU,ULAXOU,at 293 K,OC(=O)C=CC(=O)[O-].CCc1[nH+]c(N)nc(N)c1c1ccc(Cl)cc1,P21/c,False
DAMSAM,DAMSAM,at 293 K,BrC1=C(Br)C(=O)NC1=O.Brc1cnc2c(c1)C(=O)c1cc(Br)cnc21,I41md,False
FEVKEZ,FEVKEZ,293 K,CC1=CC=C(S1)C(=O)[O-].COc1cc(Cc2c[nH+]c(N)nc2N)cc(OC)c1OC,P-1,False
TUQHUJ,TUQHUJ,at 293 K,FC(F)(F)C(=O)[O-].[NH3+]C(C)(C)COC,P212121,False
JIQCER,JIQCER,at 220 K,Nc1ncccn1.CN1C=CC=C1C(O)=O,P212121,False
PUJBOM,PUJBOM,at 293 K,Cc1cc(C)nc(N)n1.Nc1ccccc1C(O)=O,P-1,False
XAZQIA,XAZQIA,at 153 K,[NH3+]c1ccc(Cl)cc1.OC(=O)CC(=O)[O-],P21/c,False
KELVEE,KELVEE,at 295 K,Clc1ccc(OCC(=O)[O-])cc1.OCC[NH+](CCO)CCO,P21/c,False
SOKZUQ,SOKZUQ,101.4 K,N#C[S+]1c2ccccc2c2ccccc12.FC(F)(F)S(=O)(=O)[O-],P21/n,False
QOVHOZ,QOVHOZ,at 298 K,c1cc(ccn1)C=Cc1ccncc1.Oc1cccc2ccccc12,P21/c,False
TILYEV,TILYEV,293 K,CCCSc1ccc2[NH+]=C(NC(=O)OC)Nc2c1.Cc1ccc(cc1)S(=O)(=O)[O-],P21/n,False
PUJKOV,PUJKOV,at 100 K,Nc1[nH+]cc(Cl)cc1.Oc1ccc(cc1)C(=O)[O-],P21/c,False
AWIDER,AWIDER,296 K,O=N(=O)c1ccc([O-])cc1.[NH3+]CCCCC([NH3+])C(=O)[O-],P212121,False
QIDKOF,QIDKOF,at 100 K,C[N+]1=CN(C=C1)c1ccc(cc1N(=O)=O)N(=O)=O.FC(F)(F)S(=O)(=O)[O-],P-1,False
COGCUZ,COGCUZ,296 K,CCOC(=O)c1ccccn1.OC(=O)C=CC(O)=O,P21/c,False
HOXHAE,HOXHAE,at 150 K,c1cc(ccn1)c1ccncc1.O=C1CC(=O)NC(=O)N1,P21/c,False
RILQUA,RILQUA,at 200 K,Oc1ccc(cc1C(=O)[O-])N(=O)=O.Cc1[nH+]c(NS(=O)(=O)c2ccc(N)cc2)nc(C)c1,P21/n,False
WOVZOZ,WOVZOZ,190 K,Oc1cc[nH+]c2ccccc12.Clc1ccc(C(=O)[O-])c(c1)N(=O)=O,Pbcn,False
ZEXHES,ZEXHES,296 K,OC(=O)c1ccc(Cl)cc1.Oc1ccc(Br)cc1C=Nc1cccnc1,C2/c,False
WEDMEZ,WEDMEZ,at 120 K,OC(=O)c1c(F)cccc1F.Nc1ncc(Br)nc1Br,P21/c,False
BIXBUI,BIXBUI,295 K,[NH2+]=C(O)N1c2ccccc2C=Cc2ccccc12.O=N(=O)c1cc(c([O-])c(c1)N(=O)=O)N(=O)=O,P21/n,False
MISNOR,MISNOR,at 198 K,NC(N)=O.CC(=O)CCCCCCCCCC(C)=O,P3212,False
QOLRER,QOLRER,298 K,CCN1C(=O)SC(C1=S)=C1SC(=O)N(CC)C1=S.c1cc2ccc3cccc4ccc(c1)c2c34,P-1,False
ROBZOX,ROBZOX,,NC1=[NH+]c2ccc(Cl)cc2C2=NC(=NN12)C1=CC=CO1.CS(=O)(=O)[O-],P21/n,False
VEVZIH,VEVZIH,150 K,Nc1nc(N)nc(n1)c1cccnc1.CCCCCCCCC(O)=O,P-1,False
IFUQAC,IFUQAC,at 291 K,c1cc(ccn1)c1ccncc1.OC(=O)CC#N,P21/n,False
ZECQUW,ZECQUW,100 K,FC(F)(F)C(F)(F)COCc1c[nH+]ccc1.O=C1[N-]S(=O)(=O)c2ccccc12,I-4,False
TENVUF,TENVUF,at 296 K,OC(=O)C=CC(=O)[O-].[NH3+]C(CC1=C[NH+]=CN1)C(=O)[O-],P21,False
LODHOD,LODHOD,110 K,NNC(=O)c1ccncc1.OC(=O)c1cc(O)c(O)c(O)c1,P-1,False
RUBZUM,RUBZUM,293.1 K,O=N(=O)N=C1N[N-]C(=N1)C1=NC(N[N-]1)=NN(=O)=O.[NH3+]NC(=O)N[NH3+],P-1,False
LOQZEZ,LOQZEZ,293 K,[NH3+]CCCOC.OC(=O)c1c(F)c(F)c(c(F)c1F)C(=O)[O-],P21/c,False
LAGTAR,LAGTAR,296 K,NC(=O)c1ccncc1.OC(=O)c1cc(O)ccc1O,P21/c,False
HIQSEH,HIQSEH,at 150 K,NC(=O)c1ccc(Br)cc1.OC(=O)CCCCC(O)=O,P-1,False
CUYKIT,CUYKIT,100 K,OCC(O)=O.NC(=O)c1ccccn1,P21/n,False
NIJGUK,NIJGUK,296 K,Nc1nc(N)nc(n1)c1ccccc1.OC(=O)C=CC(O)=O,Pca21,False
QEYMIU,QEYMIU,120 K,CCNC1=NC(NC(=O)N1)=[NH+]C(C)C.CS(=O)(=O)[O-],C2/c,False
ZAKSAI01,ZAKSAI01,150 K,OC(=O)C(O)=O.NC(=O)c1ccccc1O,P21/c,False
RAWDAU,RAWDAU,,C1N2CN3CN1CN(C2)C3.CC(C)(c1ccc(O)cc1)c1ccc(O)cc1,C2/c,False
SADTIC,SADTIC,at 180 K,O=C1CCCN1.OC1=C(Cl)C(=O)C(=C(Cl)C1=O)O,P-1,False
LIGZUX,LIGZUX,at 293 K,O=C([O-])c1ccc(cc1)N(=O)=O.[NH3+]CCO,P21/c,False
RIPYIB,RIPYIB,150 K,Nc1ccc(cc1)C(=O)[O-].CCc1[nH+]c(C)ccc1O,Pna21,False
WUKROJ,WUKROJ,at 180 K,OC(=O)c1ccc(C(O)=O)c2ccccc12.c1cnc2ccc3ncccc3c2c1,P21/c,False
AGIGEE,AGIGEE,110 K,OC(=O)C=Cc1ccccc1.CN1C=NC2=C1C(=O)N(C)C(=O)N2C,P-1,False
UFALIZ,UFALIZ,150 K,CN(C)C=O.OC(=O)C1=CC=C(O1)C(O)=O,Pbcn,False
HURCIH,HURCIH,at 120 K,[NH3+]C(C)(C)CO.OB1OB(O)O[B-]2(O1)OB(O)OB(O)O2,P1,False
LOMZIY,LOMZIY,296 K,ClC(Cl)(Cl)C(=O)[O-].[NH3+]c1cccc(c1)N(=O)=O,P21,False
YUQLOM,YUQLOM,at 100 K,Oc1cc2ccccc2cc1O.CN1N(C(=O)C(=C1C)NC(C)=O)c1ccccc1,P21/c,False
EHOZOT,EHOZOT,293 K,c1cc(ccn1)c1ccncc1.CCCCCCCCc1ccc(cc1)C(O)=O,P-1,False
DIYYUH,DIYYUH,at 97 K,CCCOC(=O)c1cc(O)c(O)c(O)c1.CCN1C=C(C(O)=O)C(=O)c2ccc(C)nc12,P-1,False
JUNDEE,JUNDEE,293 K,CC[NH2+]CCO.Nc1ccc(cc1)C(=O)[O-],P21/c,False
EBAWEK,EBAWEK,at 173 K,OC1=C(Br)C(=O)C(=C(Br)C1=O)O.c1cnc(nc1)c1ncccn1,C2/c,False
VUXNAF,VUXNAF,200 K,[NH2+]1CCOCC1.O=C([O-])COc1ccccc1,P-1,False
QUYVEO,QUYVEO,120 K,[NH2+]1CCOCC1.ClCCN1N=NC2=C(N=CN2C1=O)C(=O)[N-]N(=O)=O,P21/c,False
MICLEQ,MICLEQ,at 293 K,CC(C)=CC1C(C(=O)[O-])C1(C)C.CSc1ccc(cc1)C(O)C(CO)[NH+](C)C,P21,False
GESBUD,GESBUD,at 150 K,NC(=O)c1ccc(O)cc1.OC(=O)CCCCC(O)=O,P-1,False
LATLAU,LATLAU,at 203 K,C(N1C=CN=C1)c1ccc(CN2C=CN=C2)cc1.OC(=O)C=CC(O)=O,P21/n,False
QETNAF,QETNAF,at 190 K,c1cc(ccn1)C=Cc1ccncc1.Nc1cccc(O)c1,P21/n,False
CIRXIL,CIRXIL,at 293 K,NN1C=NN=C1.OC(=O)CCCCC(O)=O,P21/c,False
CEKMEM,CEKMEM,at 100 K,OC(=O)c1ccc(F)cc1.CN1C(=C(O)c2ccccc2S1(=O)=O)C(=O)Nc1ccccn1,P42/n,False
PELMOL,PELMOL,293 K,c1cc(ccn1)c1ccncc1.OB(O)c1ccc(cc1)C#N,P-1,False
VIHNOT,VIHNOT,90 K,FC(F)(F)C(=O)[O-].COc1ccc(cc1)N1CC[NH2+]CC1,Pbca,False
WOHXEZ01,WOHXEZ01,150 K,NC(N)=O.OC(=O)CSC1=NN=C(Br)N1c1ccc(C2CC2)c2ccccc12,P21/c,False
FULTIQ,FULTIQ,at 198 K,OC(C(=O)[O-])c1ccccc1.[NH3+]C(C)(C)COC(=O)c1ccccc1,P212121,False
TCYPIC,TCYPIC,,NC1=[NH+]C(=S)NC=C1.O=N(=O)c1cc(c([O-])c(c1)N(=O)=O)N(=O)=O,P21/c,False
VUKPIC,VUKPIC,100.0 K,Cc1[nH+]cc(CO)c(CO)c1O.Nc1ccc(cc1)C(=O)[O-],P-1,False
QUFSIV,QUFSIV,296 K,OC(=O)c1ccccc1C(=O)[O-].[NH3+]c1ccc(Cl)c(Cl)c1,C2/c,False
QACVAT,QACVAT,at 150 K,CCN(CC)C1(O)CCC1.CCNCC,P-1,False
NICVAX,NICVAX,at 130 K,FC(F)(F)S(=O)(=O)[O-].C[n+]1ccccc1C[Si](C)(C)C(C)(C)C,P-1,False
CURBEX,CURBEX,at 150 K,FC(F)(F)S(=O)(=O)[O-].C[N+]1(C)C2c3ccccc3C3C(P13)c1ccccc21,P21/c,False
UJOHUX,UJOHUX,at 200 K,NC(=O)C1CC[NH2+]CC1.O=C([O-])c1cc(cc(c1)N(=O)=O)N(=O)=O,P-1,False
SOVKAS,SOVKAS,100 K,Cc1cc(cc(C)c1O)[N+](C)(C)C.FC(F)(F)S(=O)(=O)[O-],P21/c,False
VICKEX,VICKEX,,OP(=O)([O-])Oc1ccccc1.[NH3+]CC(O)=O,Pbca,False
FARQIC,FARQIC,293 K,CS(C)=O.OC(=O)C(=O)Nc1ccc(NC(=O)C(O)=O)cc1,P21/c,False
MUFCOF,MUFCOF,at 293 K,OCCC1[NH2+]CCCC1.CC1(C)C2CCC1(CS(=O)(=O)[O-])C(=O)C2,P21,False
LAJKEQ,LAJKEQ,100 K,[2H]N(C(N([2H])[2H])=[N+]([2H])[2H])C(N([2H])[2H])=S.O=C([O-])c1cccc(c1)N(=O)=O,P21/n,False
SIZFUD,SIZFUD,at 298 K,OB1OB(O)O[B-](O)(O)O1.[NH3+]C(C)(C)CO,P-1,False
LOBNUO,LOBNUO,200 K,OC1CC2[NH+]3CC(O)C2(C=C1)c1cc2OCOc2cc1C3.O=N(=O)c1cc(c([O-])c(c1)N(=O)=O)N(=O)=O,P212121,False
OJEPIC,OJEPIC,at 293 K,Cl.OC(C(O)C(O)=O)C(O)=O,C2,False
LUNNEN,LUNNEN,at 203 K,NC(=O)c1ccncc1.CCOC(=O)C=CC(O)=O,P21/n,False
QALDUE,QALDUE,at 298 K,OC(=O)c1cc(cc(c1)C(O)=O)C(O)=O.c1ccc2nc3ccccc3cc2c1,P-1,False
KAXSIN,KAXSIN,at 293 K,OCC(O)=O.COc1ccc2cccc(CCNC(C)=O)c2c1,P21/c,False
DINSOK01,DINSOK01,at 293 K,OC(=O)c1cccc(O)c1.c1ccc2nc3ccccc3cc2c1,P21/n,False
XITMUM,XITMUM,293 K,NC(=O)c1ccncc1.OC(=O)CSCc1ccccc1,P-1,False
PIYDUW,PIYDUW,,CC1(C)C(=O)NC(=O)NC1=O.CC(C)(C)Nc1nc(N)nc(NC(C)(C)C)n1,P21/c,False
SARPAG,SARPAG,180 K,Cc1ccc(cc1)S(=O)(=O)[O-].[NH3+]C(C(O)=O)c1ccc(O)cc1,P212121,False
XIFQEJ,XIFQEJ,at 130.0 K,OC(O)C(O)=O.c1ccc2nccnc2c1,P-1,False
VAVKEL,VAVKEL,123 K,C[NH+](C)C(C)C(O)c1ccccc1.OC(=O)CCC(=O)[O-],P212121,False
LUJSIT,LUJSIT,at 180 K,CC(=O)Nc1ccc(O)cc1.c1ccc2ccccc2c1,P21/c,False
TENPAF,TENPAF,at 110 K,CN1C=NC2=C1C(=O)N(C)C(=O)N2C.OC(=O)COc1ccccc1C=O,P-1,False
GUPXIB,GUPXIB,296 K,O=S(=O)([O-])c1ccccc1.CN1CC(=O)NC1=[NH2+],P21,False
PITYOG,PITYOG,,Oc1ccc(cc1)c1ccc(O)cc1.Nc1ccc(cc1)c1ccc(N)cc1,P21/c,False
JAKBOQ,JAKBOQ,93 K,c1cc(ccn1)c1ccncc1.Cc1cccc(c1)S(=O)(=O)Nc1cccc(F)c1,P21/c,False
JAZSAH,JAZSAH,100 K,OC(=O)CC(=O)[O-].OCC[NH+](CCO)CCO,P21/c,False
RUVPEE,RUVPEE,at 293 K,FC(F)(F)C(=O)[O-].Nc1[nH+]cnc2N(CCC(O)=O)C=Nc12,P21,False
IRUGIM,IRUGIM,at 296 K,Nc1cccc(N)n1.O=C1NC(=O)C=C1,P21/c,False
VEGHUN,VEGHUN,293.4 K,NNC(=O)c1ccncc1.OS(=O)(=O)c1cccc2c1cccc2S(O)(=O)=O,P21/c,False
EXEZOX,EXEZOX,at 293 K,Cc1cc(Cl)nc(N)n1.Cc1cccc(c1)C(O)=O,P21/c,False
OTIZIB,OTIZIB,at 296 K,NC(N)=O.OCCCCCCCCCCCCO,P-1,False
VURKUP,VURKUP,at 173 K,CCCCN1C=[N+](C)C(=C1Br)Br.FC(F)(F)S(=O)(=O)[O-],P21/c,False
EFEBAW,EFEBAW,297 K,[NH3+]CCN1CCOCC1.O=N(=O)c1cc(c([O-])c(c1)N(=O)=O)N(=O)=O,P-1,False
PITZEX,PITZEX,,CC(C)=Nc1ccc(cc1)N=C(C)C.Oc1ccc(O)cc1,P21/n,False
ESATUN,ESATUN,at 293 K,OC(=O)c1c(F)c(F)c(F)c(F)c1F.NC(=O)c1ccccc1,P21/n,False
ZEXPOJ,ZEXPOJ,at 298 K,OC(=O)c1cc(ccc1C(=O)[O-])N(=O)=O.NC(=O)c1c[nH+]ccc1,P21/c,False
GONLIG,GONLIG,at 240 K,[NH2+]=C1NC(=O)NC=C1F.CC1=CC(=O)[N-]S(=O)(=O)O1,C2/c,False
XISLIV,XISLIV,at 294 K,O=N(=O)c1ccc(cc1)S(=O)(=O)Nc1cc[nH+]cc1.ClC(Cl)(Cl)C(=O)[O-],P21/n,False
ZEYDOY,ZEYDOY,at 298 K,[NH2+]=C1NC(=O)NC=C1.OC(=O)C=CC(=O)[O-],P21/c,False
GARVAW,GARVAW,,ClC(Cl)(Cl)C(=O)[O-].[NH3+]c1ccc(Cl)cc1,P21/c,False
FEDTIV,FEDTIV,293 K,Oc1ccccc1C=NNC(=O)c1cc[nH+]cc1.Clc1ccc(cc1)C(=O)[O-],P21/c,False
YICLAA,YICLAA,299 K,Oc1cc(O)c(Cl)cc1Cl.c1ccc(cc1)C=Cc1ccncc1,P-1,False
GICXEZ,GICXEZ,120 K,CC1(C)N2C(=Nc3ccc(Cl)c(Cl)c3C2=O)NC1=O.CS(C)=O,Pnma,False
BOQNUS,BOQNUS,at 100 K,OC(=O)CSCc1ccc(CSCC(O)=O)cc1.Cc1cc(C)nc(N)n1,Cmce,False
XAGDAK,XAGDAK,,OC(C(O)C(=O)[O-])C(O)=O.[NH3+]CCO,P21,False
NORKOX,NORKOX,130 K,OC12CC[NH+](CC1)CC2.O=N(=O)c1cc(c([O-])c(c1)N(=O)=O)N(=O)=O,P212121,False
GIJTEC,GIJTEC,113.2 K,O=C1NC(=O)C=C(N1)C(=O)[O-].COc1cc(Cc2c[nH+]c(N)nc2N)cc(OC)c1OC,P-1,False
SAXHIK,SAXHIK,at 296 K,Nc1nnc(c(N)n1)c1cccc(Cl)c1Cl.O=C1NC(=O)c2ccccc12,P21/c,False
TOQNOF,TOQNOF,150 K,NC(=S)NN=Cc1cc[nH+]cc1.OC(=O)c1cccc(n1)C(=O)[O-],P21/n,False
HOWRUH,HOWRUH,at 298 K,[NH3+]c1ccc(Br)cc1.OC(=O)c1cc(cc(c1)C(=O)[O-])C(O)=O,P21/c,False
JOYJAK01,JOYJAK01,at 120 K,Nc1ncccn1.OC(=O)CCCC(O)=O,Pbcm,False
UQOCOT,UQOCOT,at 213 K,FC(F)(F)S(=O)(=O)[N-]S(=O)(=O)C(F)(F)F.C[N+](C)(C)CCO,Pna21,False
HOQSEO,HOQSEO,150 K,CN1CC(=O)N(C)CC1=O.OO,P21/n,False
SAMLAU,SAMLAU,at 125 K,[NH2+]1CCOCC1.CC(C)OCC(OC(C)C(=O)[O-])c1ccccc1,C2,False
WEJHAV01,WEJHAV01,298.3 K,CN(C)C=O.NS(=O)(=O)c1cc2c(NC=NS2(=O)=O)cc1Cl,P-1,False
CERVIG,CERVIG,at 200 K,OC(=O)c1cc(ccc1O)S(=O)(=O)[O-].O=N(=O)c1ccc(Cc2cc[nH+]cc2)cc1,P21/c,False
VAGHIY,VAGHIY,173 K,CC1(C)OC(=O)C2(C(=O)O1)C(C#N)(C#N)C2(C#N)C#N.C1COCCO1,P-1,False
OFAZII,OFAZII,100 K,FC(F)(F)S(=O)(=O)[O-].Fc1cc(F)c2c(CC[N+]3=C2c2c(F)cc(F)cc2CC3)c1,Pna21,False
CAKZOF,CAKZOF,at 301 K,OB(O)O.CC1=NN=C2CN=C(c3ccccc3)c3cc(Cl)ccc3N12,P21/c,False
ULEFEW,ULEFEW,at 193 K,FC(F)(F)S(=O)(=O)[O-].O=C1CCN2C(c3ccccc3)C(=CN12)c1[nH+]cccc1,P21212,False
AHUYIL,AHUYIL,at 293 K,CC1=NN2C(=[NH+]1)CCCC1=C2C=CS1.O=N(=O)c1cc(c([O-])c(c1)N(=O)=O)N(=O)=O,P-1,False
JUBBEQ,JUBBEQ,293 K,[NH3+]CC(O)=O.Cc1cc(C)c(c(C)c1)S(=O)(=O)[O-],P21/c,False
SECZUY,SECZUY,295 K,O=C1CCC(=O)N1.CN(C)c1ccncc1,P21/c,False
MOGZOX,MOGZOX,at 173 K,CS(=O)(=O)[N-]S(C)(=O)=O.Oc1cccc2ccc[nH+]c12,P21/c,False
COZZEX,COZZEX,at 100 K,Oc1ccc(cc1)c1ccc(O)cc1.C(Cc1ccncc1)c1ccncc1,P21/c,False
UBUQIU,UBUQIU,85 K,Nc1cccc2c(N)cccc12.BrC1=C(Br)C(=O)C(=C(Br)C1=O)Br,P21/n,False
NIRMIN,NIRMIN,100 K,Brc1ccc(OCC2=CNN=[NH+]2)cc1.Cc1ccc(cc1)S(=O)(=O)[O-],C2/c,False
CATKAL,CATKAL,at 298 K,C(CCN1C=CN=C1)CN1C=CN=C1.Oc1ccc2ccccc2c1c1c(O)ccc2ccccc12,C2/c,False
BOVWOA,BOVWOA,at 150 K,c1cc(ccn1)C=Cc1ccncc1.OC(=O)c1ccc(F)c(F)c1F,P21/n,False
NUJWAR,NUJWAR,at 173 K,COc1cncc(Br)c1.ON=C(C#N)c1ccc(Br)cc1,P-1,False
MOGWEM,MOGWEM,at 173 K,Cc1ccncc1.OC(=O)CCCCC(O)=O,P1,False
TOZHOF,TOZHOF,,NC(N)=O.CC(=O)CCCCC(C)=O,P6122,False
SANAPY,SANAPY,,Nc1ccc(cc1)S(N)(=O)=O.CN1N(C(=O)C=C1C)c1ccccc1,P212121,False
FUFJEY,FUFJEY,294 K,NC(=S)NN=C1CCCc2nc(ccc12)C1=CC=C(Cl)S1.CS(C)=O,P21/c,False
CYTFGL,CYTFGL,,O=CNCC(=O)[O-].NC1=[NH+]C(=O)NC=C1,Pna21,False
GALHEJ,GALHEJ,293 K,FC(F)(F)C(=O)[O-].OC(O)(c1[nH+]cccc1)c1ccccn1,P-1,False
HURDEE,HURDEE,at 120 K,OCC[NH+]1CCCC1.OB1OB(O)O[B-]2(O1)OB(O)OB(O)O2,P21/c,False
ZIYDAP,ZIYDAP,100 K,NC1=[NH+]c2ccc(OC(F)(F)F)cc2S1.Oc1ccc(O)c(c1)C(=O)[O-],C2,False
TUDKIO,TUDKIO,100 K,Cc1cc(Br)cc2CN3C[NH+](Cc4cc(Br)cc(C)c34)c12.CC1(C)C2CCC1(CS(=O)(=O)[O-])C(=O)C2,P1,False
SOBCUI,SOBCUI,,OC(=O)Cc1ccc(CC(O)=O)cc1.Cc1cccc(NC(=O)Nc2cccc(C)n2)n1,P-1,False
KODKIX,KODKIX,,[O][P-]1([O])Oc2ccc3ccccc3c2c2c(O1)ccc1ccccc21.CCCC(=O)Nc1[nH+]c(NC(=O)CCC)ccc1,P212121,False
FUWVAU,FUWVAU,,CC(=O)[O-].COc1cc(Cc2c[nH+]c(N)nc2N)cc(OC)c1OC,P21/c,False
NINZAN,NINZAN,at 293 K,OCC[NH2+]CCO.O=N(=O)c1cc(c([O-])c(c1)N(=O)=O)N(=O)=O,P21/c,False
IDODIQ01,IDODIQ01,273 K,C[n+]1ccc(cc1)C=Cc1ccc(Br)cc1.Cc1ccc(cc1)S(=O)(=O)[O-],P21,False
BERMOA,BERMOA,at 143 K,CC(C)=NNC(N)=S.C1COCCOCCOCCO1,P-1,False
AJADEX,AJADEX,130 K,FC(F)(F)C(=O)[O-].COC(=O)C1(C[NH2+]C(COC(F)(F)F)C1)C(=O)OC,Pna21,False
DIGCOM,DIGCOM,at 298 K,O=C(Nc1c[nH+]ccc1)Nc1cccnc1.OC(=O)C1(CCC1)C(=O)[O-],P21/c,False
SOGGED,SOGGED,100 K,O=P([O-])(Oc1ccccc1)Oc1ccccc1.OB(O)c1c[nH+]c2ccccc2c1,P-1,False
KURGOU,KURGOU,at 295 K,Nc1ccc(Cl)cn1.OC(=O)C=CC(O)=O,P21/c,False
NIXRUJ,NIXRUJ,170 K,O=C1NC(=O)C(=C1c1ccccc1)c1ccccc1.CN1CCCC1=O,P21/n,False
HONVIQ,HONVIQ,at 100 K,OC(=O)c1cccc(O)c1.Cc1nc(C)c(C)nc1C,P21/c,False
FIPLUO,FIPLUO,293 K,Oc1c(c(O)c(c([O-])c1N(=O)=O)N(=O)=O)N(=O)=O.[NH3+]NC(=O)C1=NN=C(N)N1,P-1,False
QOLNEM,QOLNEM,at 293 K,Cc1ccc2ccc3ccc(C)nc3c2n1.Oc1cc(Cl)c(Cl)cc1O,C2/c,False
AKISEU,AKISEU,100 K,NC(=O)CN1CCCC1=O.OC(=O)c1cc(O)c(O)c(O)c1,P21/c,False
LIGXEE,LIGXEE,,OC(C(O)C(=O)[O-])C(O)=O.[NH3+]CCNC(=O)Cc1cccc2ccccc12,P212121,False
WIMCUR,WIMCUR,at 293 K,OC(=O)c1cc(ccc1O)S(=O)(=O)[O-].NC1=CC(=O)NC(=[NH2+])N1,Pna21,False
ZAPFEB,ZAPFEB,,NN.COc1ccc(O)cc1,C2/c,False
AFUHAM,AFUHAM,at 298 K,OC(=O)C(=O)[O-].NC1=[NH+]C(=CS1)c1ccccc1,P21/n,False
EXIBET,EXIBET,at 293 K,Cc1cc(Cl)nc(N)n1.COc1ccc(cc1)C(O)=O,P-1,False
SECYUX,SECYUX,295 K,CN(C)c1ccncc1.BrN1C(=O)CCC1=O,P21/c,False
BAYVOQ,BAYVOQ,298 K,Oc1ccc2cc(ccc2c1)C(=O)[O-].Cc1cccc2SC(=[NH2+])Nc12,P21/c,False
UFEZOY,UFEZOY,100 K,CN1C=C[N+](=C1)[B-](Cl)(N1C=C[N+](=C1)C)c1ccccc1.FC(F)(F)S(=O)(=O)[O-],P-1,False
EMUREJ,EMUREJ,at 140 K,C[N+]1(CCOCC1)CC(O)=O.Oc1ccccc1C(=O)[O-],Pbca,False
MORVEV,MORVEV,at 298 K,Oc1cc(O)cc(O)c1.c1ccc2nc3ccccc3nc2c1,P21/c,False
QUCKEH,QUCKEH,100 K,OC(=O)c1ccc2OCOc2c1.NC(=O)c1ccncc1,P-1,False
MIQQEL,MIQQEL,296 K,Oc1cccc(O)c1.C1CNCCNCCNCCN1,Pbca,False
VELVUG,VELVUG,295 K,BrN1C(=O)c2ccccc2C1=O.Brc1cccnc1,P21/n,False
PEMBAL,PEMBAL,at 300 K,NC(N)=S.COC(=O)C(=O)OC,P-1,False
QAGJAJ,QAGJAJ,,NC1=[NH+]CCS1.O=C([O-])C1=Cc2ccccc2N1,P21/c,False
FURXEX,FURXEX,298 K,NC(=O)c1cccnc1.NS(=O)(=O)c1ccc(cc1)C(O)=O,P-1,False
NOQWIC,NOQWIC,130 K,FC(F)(F)S(=O)(=O)[O-].C[n+]1ccccc1CC[Si](C)(C)C,P-1,False
HIVYOB,HIVYOB,at 293.1 K,CC(=O)[O-].NC(=[NH2+])NN=Cc1c(Cl)cccc1Cl,Pbca,False
QUTMIC,QUTMIC,at 296 K,c1ccncc1.OC(=O)c1ccc(C(O)=O)c2c(ccc(C(O)=O)c12)C(O)=O,P21/c,False
ECEROW,ECEROW,295 K,c1cc(ccn1)c1ccncc1.OC(=O)CNc1ccccc1C(O)=O,P21/c,False
MUFBOE01,MUFBOE01,at 295 K,OC(C(O)C(=O)[O-])C(O)=O.C[NH2+]CC(O)c1cccc(O)c1,P1,False
KETZEQ,KETZEQ,at 100 K,c1cc(ccn1)C=Cc1ccncc1.CC(=O)Nc1ccc(O)cc1,P-1,False
DERXEH,DERXEH,193 K,FC(F)(F)S(=O)(=O)[N-]S(=O)(=O)C(F)(F)F.OC(=O)CC[n+]1ccccc1,P21/c,False
AMILUD,AMILUD,at 150 K,c1cnc2c(c1)ccc1cccnc21.NC(N)=O,C2/c,False
EWANOG,EWANOG,at 150 K,Cc1cc(O)cc(O)c1.Cc1cc(C)nc(N)n1,P-1,False
MUYTAC,MUYTAC,at 300 K,ON=C1C(=O)NC(=O)NC1=O.ON=Cc1cccnc1,P21/c,False
DOWSAK,DOWSAK,at 100 K,OC(=O)C(=O)[O-].C[NH+](C)CC1=CSCCCCS1,P21/c,False
UYILEV,UYILEV,110 K,C[NH+](C)c1cccc2cccc(C(O)=O)c12.FC(F)(F)S(=O)(=O)[O-],P-1,False
UBIKUN,UBIKUN,at 293 K,OC(c1ccccc1)=C(C=C(C#N)C(=O)c1ccccc1)C#N.C1CCNCC1,P21/n,False
JIYGUW,JIYGUW,207 K,ClCC[NH+]1CCCC1.OC1=C([O-])C(=O)C1=O,P-1,False
HIDRET,HIDRET,at 120 K,C(N1C=CN=C1c1ccccc1)c1cccnc1.ON=C(C#N)c1ccc(O)cc1,P21/n,False
ONIDEX,ONIDEX,100 K,FC(F)(F)S(=O)(=O)[O-].CS(=O)(=N[S+]1c2ccccc2c2ccccc12)c1ccccc1,P21/c,False
NORGEH,NORGEH,at 293 K,OC(=O)C(=O)[O-].Nc1[nH+]cccc1N(=O)=O,Pna21,False
QIWFEJ,QIWFEJ,at 100 K,O=N(=O)c1ccc(cc1)S(=O)(=O)[O-].[NH3+]CCOS(=O)(=O)c1ccc(cc1)N(=O)=O,P21/c,False
FEQPOJ,FEQPOJ,293 K,CC(=NO)C(C)=NO.Cc1nc2ccccc2nc1C,Pn,False
ISANIB,ISANIB,100 K,FC(F)(F)S(=O)(=O)[N-]S(=O)(=O)C(F)(F)F.C[N+](C)=CO,P212121,False
NEQMUU,NEQMUU,120 K,CC(=O)NC1=NC=C(C)S1.OC(=O)c1ccc(O)cc1,P21/n,False
TAZLEO,TAZLEO,293 K,c1cnc2c(c1)ccc1cccnc21.OB(O)c1ccc(Cl)cc1,P-1,False
RIPYAT,RIPYAT,150 K,O=C1CC(=O)NC(=O)N1.Nc1ccc(cc1)C(O)=O,P21/n,False
IDELIO,IDELIO,100 K,NC(N)=O.Cc1ccc2ccc(C)nc2n1,C2/c,False
PAHHEO,PAHHEO,150.0 K,OC(=O)c1ccccc1O.NC(=O)c1ccc(O)cc1,P21/c,False
MEXHEG,MEXHEG,293 K,O=N(=O)c1ccc([O-])cc1.[NH3+]CCO,P21/c,False
JOKPUW,JOKPUW,at 100 K,CCOS(=O)(=O)[O-].CCOC1=CC(CCC1)=[NH+]CCCOC,P-1,False
NAQMOK,NAQMOK,100 K,OC(=O)CCC(O)=O.NC1=Nc2ccc(OC(F)(F)F)cc2S1,C2/c,False
XAPZOG,XAPZOG,293 K,Nc1ccc(Cc2ccc(N)cc2)cc1.Oc1ccccc1O,P212121,False
ZEHDUL,ZEHDUL,,Oc1ccc(cc1)C1(CCCCC1)c1ccc(O)cc1.Nc1ccccc1N,C2/c,False
SOHMUZ01,SOHMUZ01,298 K,OC(=O)c1cc(ccc1O)S(=O)(=O)[O-].NC(=O)c1cc[nH+]cc1,Cc,False
DIKCOQ,DIKCOQ,at 173 K,OC(=O)c1ccc2ccccc2c1O.CN1C(=C(O)c2ccccc2S1(=O)=O)C(=O)Nc1ccccn1,P-1,False
RECQUM,RECQUM,at 120.2 K,NC(N)=S.COc1ccccc1C(N)=O,Pbca,False
XEDQUW,XEDQUW,298.1 K,COC(=O)C=CC=Cc1ccncc1.Oc1cc(O)c(Br)cc1Br,P-1,False
SIBYOV,SIBYOV,113.2 K,ONC(=O)C=Cc1cccc(c1)S(=O)(=O)Nc1ccccc1.NNC(=O)c1ccncc1,P-1,False
UHORUF,UHORUF,at 98 K,c1cc(ccn1)C=Cc1ccncc1.COC(=S)Nc1ccccc1,P-1,False
NIDPUN,NIDPUN,at 150 K,C1CN2CCN1CC2.CC(=O)Nc1ccc(O)cc1,P-1,False
TANXEL,TANXEL,,CC1(C)COP(=O)([O-])OC1c1ccccc1Br.C[NH2+]C(C)C(O)c1ccccc1,C2,False
NAGLYA10,NAGLYA10,,CC(=O)[O-].[NH3+]CCCCC(NC(=O)CNC(C)=O)C(=O)OC,P212121,False
YIZQAA,YIZQAA,at 294 K,OC(=O)c1ccc(Cl)cc1.Cc1cc(C)nc(NS(=O)(=O)c2ccc(N)cc2)n1,P21/c,False
GIMQEC,GIMQEC,293 K,CN(C)c1ccc(cc1)N(C)C.FC1=C(F)C(=O)C(=C(F)C1=O)F,P-1,False
SARJOL,SARJOL,at 153 K,OC(=O)c1cccc(n1)C(=O)[O-].CCN(CC)C1=[NH+]C(=CC(=O)N1)C,P-1,False
QEPRIP,QEPRIP,293 K,[NH3+]CCNc1ccc(cc1OC)N(=O)=O.O=C([O-])C1=CSC=C1,P212121,False
OTESEM,OTESEM,at 100 K,O=C1NS(=O)(=O)c2ccccc12.NC(=O)N1c2ccccc2CCc2ccccc12,P21/n,False
XIJBIE,XIJBIE,130 K,NS(=O)(=O)[O-].[NH3+]c1ccc(cc1)S(N)(=O)=O,P21,False
IVULIV,IVULIV,at 123 K,C[NH+](C)C(C)C(O)c1ccccc1.Fc1cccc(c1)C(=O)[O-],C2/c,False
UZUYIZ,UZUYIZ,173 K,Cc1cccc(Nc2ccccc2C(O)=O)c1C.Cc1ccccn1,P-1,False
BUNHEZ,BUNHEZ,120 K,c1cc(ccn1)c1ccncc1.OC(=O)c1ccc(Br)cc1,P21/c,False
YECHAQ,YECHAQ,at 293 K,O1C(=NN=C1c1cccnc1)c1cccnc1.OC(=O)C=CC(O)=O,C2/c,False
GEPNEW,GEPNEW,at 298 K,[NH3+]CCO.OC(C(=O)[O-])c1cccc(Cl)c1,P212121,False
JIQLED,JIQLED,295 K,COc1cc(ccc1O)C(O)=O.NC(=O)N1c2ccccc2C=Cc2ccccc12,P21/n,False
TEYTAU,TEYTAU,293 K,[NH3+]CCO.O=C([O-])c1ccccc1,Pbca,False
KAYHEZ,KAYHEZ,at 120 K,OC(=O)CCCCCCCCC(O)=O.O=C(Nc1ccccn1)c1cccnc1,P-1,False
REHSAA,REHSAA,at 100 K,OC(=O)c1ccccc1O.CCOc1ccccc1C(N)=O,P21/n,False
GUZDUB,GUZDUB,at 173 K,FC(F)(F)S(=O)(=O)[O-].CCN1C=CC=CB1[n+]1ccc(C)cc1,Pbca,False
NEBYAW,NEBYAW,at 293 K,COc1[nH+]c(N)nc(OC)c1.ClC(Cl)(Cl)C(=O)[O-],P21/c,False
EPUSOZ,EPUSOZ,296 K,CC(=O)Nc1ccc(cc1)C(O)=O.NC(=O)c1ccccc1O,Pc,False
TIHSAH,TIHSAH,296 K,COc1cc(C=CC(O)=O)cc(OC)c1O.NC(=O)c1cnccn1,P21/c,False
HEGZUS,HEGZUS,295 K,Oc1cccc(O)c1.c1cncc(c1)C=NN=Cc1cccnc1,P-1,False
DIMXOQ,DIMXOQ,294 K,CC1=CC(=NO1)NC(=O)CC(=O)NC1=NOC(=C1)C.CS(C)=O,Pmn21,False
WUTDEX,WUTDEX,296.1 K,c1ccc2nc3ccccc3nc2c1.CC(C)c1ccc(C)cc1O,P21/c,False
NABCAV,NABCAV,at 293 K,CC(=NO)C(C)=NO.OC(=O)c1ccccc1,P21/c,False
GERCUF,GERCUF,296.1 K,NC(=O)c1cnccn1.OC(=O)c1ccc(O)c(O)c1O,P-1,False
VAVHIM,VAVHIM,123 K,Nc1ccccc1C(=O)[O-].C[NH+](C)C(C)C(O)c1ccccc1,P21,False
POMKUZ,POMKUZ,at 293 K,Nc1[nH+]cc(Cl)cc1.O=N(=O)c1ccc([O-])c(c1)N(=O)=O,Pbn21,False
NOSMIR,NOSMIR,at 193 K,C1COCCO1.CC1(C)CC(=O)C2(C(=O)C1)C(C#N)(C#N)C2(C#N)C#N,P21/n,False
QAKWAA,QAKWAA,at 173 K,FC([O-])=NS(F)(F)C(F)(F)F.CN(C)[S+](N(C)C)N(C)C,Pc,False
LATTIL,LATTIL,at 298 K,OC(=O)C=CC(O)=O.NC(=O)c1cnccn1,P21/n,False
QAFROH,QAFROH,298 K,C[NH+](C)c1ccc(C=O)cc1.Cc1ccc(cc1)S(=O)(=O)[O-],P-1,False
PITYAS,PITYAS,,Nc1ccc(N)cc1.Oc1ccc(O)cc1,P21/c,False
TEZGIR,TEZGIR,297.3 K,NS(=O)(=O)CC1=NOc2ccccc12.CN1C=NC2=C1C(=O)N(C)C(=O)N2C,P21/n,False
XUMMEA,XUMMEA,100.0 K,[NH3+]C(CO)(CO)CO.OC(=O)CCC(=O)[O-],P212121,False
COXGUS,COXGUS,at 150 K,OC(=O)c1cccc(c1C(=O)[O-])N(=O)=O.[NH3+]c1ccc(cc1)C(O)=O,P21/a,False
HEVMOO,HEVMOO,273.1 K,OC(=O)CCC(O)=O.Nc1ccncc1,P21/c,False
WADWAB,WADWAB,at 200 K,O=C([O-])Cc1ccccc1.NC(=O)C1CC[NH2+]CC1,P21/c,False
HIQRUW,HIQRUW,at 150 K,NC(=O)c1ccc(Br)cc1.OC(=O)CCCCCCC(O)=O,P-1,False
GENLUH,GENLUH,at 180 K,Cc1ccc(cc1)C(N)=O.OC(=O)C(O)=O,P21/c,False
SOLFUW,SOLFUW,at 150 K,NC(=O)c1ccncc1.Nc1ccc(cc1)C(O)=O,P21/c,False
QUFLAH,QUFLAH,296 K,CN1CC(=O)NC1=[NH2+].OB(O)[O-],C2/c,False
LETSAG,LETSAG,at 295 K,OC(=O)c1ccc(F)cc1.c1ccc2nc3ccccc3cc2c1,P-1,False
VUWLIJ,VUWLIJ,at 298 K,C[NH+](C)c1ccc(C=O)cc1.O=N(=O)c1cc(c([O-])c(c1)N(=O)=O)N(=O)=O,P21/c,False
YICKON,YICKON,290 K,c1ccc(cc1)C=Cc1ccncc1.Oc1cc(O)c(Br)cc1Br,P-1,False
FICNAI,FICNAI,at 150 K,CN(C)C=C1SC2=NC(=O)c3ccccc3N2C1=O.CS(C)=O,C2/c,False
HUNJEH,HUNJEH,173 K,CN1C=NC2=C1C(=O)N(CCCCC(C)=O)C(=O)N2C.CC(=O)Oc1ccccc1C(O)=O,P-1,False
NIJHAR,NIJHAR,296 K,Nc1nc(N)nc(n1)c1ccccc1.OC(=O)C=CC(O)=O,P21/c,False
BOVWAM,BOVWAM,at 150 K,c1cc(ccn1)C=Cc1ccncc1.OC(=O)c1ccc(F)cc1F,P-1,False
PELNAY,PELNAY,293 K,Nc1nc(N)nc(N)n1.OB(O)c1ccc(cc1)C#N,P21/c,False
MIYTOF,MIYTOF,at 150 K,O=S1(=O)N=C(NC2=CC(=NN12)c1ccccc1)N1CCCCC1.CS(C)=O,P-1,False
YACRAY,YACRAY,100 K,OC(=O)c1cc(O)cc(O)c1.CC(C)C1=C(C)N(C)N(c2ccccc2)C1=O,P-1,False
ETABAC,ETABAC,at 273 K,NC(N)=S.OC(=O)c1cc(ccc1O)S(O)(=O)=O,P21/n,False
XOJNOA,XOJNOA,at 273 K,Cc1cc(C)cc(c1)C(O)=O.Cc1cc(C)nc(N)n1,I2/a,False
MIGVUU,MIGVUU,at 298 K,ON1C(=O)c2c(Cl)c(Cl)c(Cl)c(Cl)c2C1=O.CN(C)C=O,Pbca,False
GEFDUU,GEFDUU,298 K,CC1=CNC(=[NH2+])S1.OC(C(=O)[O-])(c1ccccc1)c1ccccc1,P-1,False
HODLES,HODLES,at 291 K,C(CCN1C=CN=C1)CN1C=CN=C1.Oc1cc(O)cc(O)c1,P-1,False
LOFKIB,LOFKIB,at 120 K,NC(=O)c1ccncc1.NC(=O)N1c2ccccc2C=Cc2ccccc12,P-1,False
NOSXAU,NOSXAU,,OC(=O)C(=O)[O-].[NH3+]C(CCCNC(N)=[NH2+])C(=O)[O-],P21/c,False
EXISUC,EXISUC,298 K,Oc1cc(O)c2ccccc2c1.c1ccc2nc3ccccc3cc2c1,P212121,False
UGOWOE,UGOWOE,100 K,OC(=O)c1cc(O)cc(O)c1.O=C1NC(=O)C=C1,P-1,False
QUQVEF,QUQVEF,295 K,FC(F)(F)S(=O)(=O)[O-].C[n+]1c2ccccc2c(CBr)c2ccccc12,P-1,False
SIHLED,SIHLED,100 K,Cc1nc(C)c(Cl)c(N)n1.OC(=O)C1=C(Br)C=CS1,P-1,False
YECHUK,YECHUK,at 293 K,O1C(=NN=C1c1cccnc1)c1cccnc1.OC(=O)COc1ccc(OCC(O)=O)cc1,C2/c,False
GEHKUA,GEHKUA,,C[NH2+]C(C)C(O)c1ccccc1.CS(=O)(=O)[O-],C2,False
DATFAH,DATFAH,at 293 K,CC(=O)NC1=NN=C(S1)S(N)(=O)=O.NC(=O)c1ccccc1N,P21/n,False
TEZNET,TEZNET,273 K,Nc1nc(N)nc(n1)c1ccccc1.OC(=O)c1cccc(c1)C(O)=O,P-1,False
BIVSIJ02,BIVSIJ02,at 90 K,c1cc(ccn1)C=Cc1ccncc1.Oc1ccc(cc1)C(=O)c1ccc(O)cc1,C2/c,False
HONFEX,HONFEX,at 293 K,OC(=O)COc1ccc(Cl)cc1.c1ccc2ncccc2c1,P-1,False
LATBOZ,LATBOZ,at 110 K,NC(=O)CN1CCCC1=O.OC(=O)c1ccc(O)cc1,P-1,False
MISMAC,MISMAC,at 21deg.C,Nc1[nH+]cc(Br)cc1.O=C([O-])C#C,I2/a,False
FAFHEC,FAFHEC,302 K,COc1ccc2cccc(CCNC(C)=O)c2c1.OC(=O)C(O)=O,C2,False
UGOSUG,UGOSUG,at 293 K,OC(=O)CCCCCCCCC(=O)[O-].CC1=C[NH+]=C(N)S1,P21/n,False
GODQIZ,GODQIZ,,OC(=O)Cc1ccc(CC(O)=O)cc1.Nc1ncccn1,Pbcn,False
KEGCIJ,KEGCIJ,at 298 K,OC(=O)c1ccc(Oc2ccc(cc2)C(O)=O)cc1.c1cc(ccn1)C=Cc1ccncc1,C2/c,False
WADNAT,WADNAT,213.1 K,[NH3+]Cc1ccc(Cl)cc1.BrCCCCCCCCCCCC(=O)[O-],P21,False
PUFFIG,PUFFIG,at 293 K,ClCC[NH+]1CCOCC1.O=N(=O)c1cc(c([O-])c(c1)N(=O)=O)N(=O)=O,P-1,False
IVUPEV,IVUPEV,at 123 K,OC(=O)C=CC(=O)[O-].C[NH+](C)C(C)C(O)c1ccccc1,P21/c,False
NUQMUJ,NUQMUJ,296 K,OC(=O)Cc1ccc(CC(O)=O)cc1.c1cc(ccn1)c1ccncc1,P-1,False
POVZIK,POVZIK,at 100 K,OC1=C(Cl)C(=O)C(=C(Cl)C1=O)[O-].NC(=O)c1c[nH+]ccc1,Pc,False
MODWIO,MODWIO,301.2 K,NS(=O)(=O)c1cc(C(=O)[O-])c(NCC2=CC=CO2)cc1Cl.OCC[NH+](CCO)CCO,P21/c,False
EBUCEL,EBUCEL,at 173 K,c1ccc(nc1)c1ccccn1.COC(=O)NC(=S)Nc1ccccc1NC(=S)NC(=O)OC,P-1,False
VUXTAJ,VUXTAJ,,O=N(=O)c1ccc2[N-]N=C(c2c1)N(=O)=O.[NH2+]1CCOCC1,P21/n,False
HOCCOT,HOCCOT,at 298 K,NC(=O)c1ccncc1.CC(=O)NS(=O)(=O)c1ccc(N)cc1,P21/n,False
SERMOR,SERMOR,,OC(=O)CCC(O)=O.Nc1ncccn1,P21/n,False
MUYVOS,MUYVOS,at 199 K,ON=C1C(=O)NC(=O)NC1=O.NN1C=NN=C1,P-1,False
USAKEF,USAKEF,at 293 K,OB(O)c1ccc(O)cc1.c1cc(ccn1)c1ccncc1,P-1,False
XITRID,XITRID,at 93 K,O=C([O-])c1ccc2ccccc2c1.[NH3+]Cc1cccc(Cl)c1,Pbca,False
AWAZUV,AWAZUV,100 K,CN(C)C=O.CNC(=S)NN=Cc1cccc(c1O)C(C)(C)C,P-1,False
VUMTEF,VUMTEF,100 K,NC1=N[N+]2(CCOCC2)CC1.O=N(=O)c1ccc(cc1)S(=O)(=O)[O-],P21/c,False
IVEPAD,IVEPAD,173 K,OC(=O)C=Cc1ccc(O)cc1.c1ccncc1,Pbca,False
TOKCUS,TOKCUS,at 293 K,OC(C(O)C(=O)[O-])C(O)=O.C[N+]1(CC[N+](C)(CC1)CC(=O)[O-])CC(O)=O,P21,False
XAPZIA,XAPZIA,293 K,Nc1ccc(N)cc1.Oc1ccccc1O,P21/c,False
XOKSAT,XOKSAT,293 K,[NH3+]CCc1ccc(O)cc1.OC1=C([O-])C(=O)C1=O,P22121,False
QAMRIG,QAMRIG,at 150 K,c1ccncc1.Oc1ccc(O)cc1,P21/c,False
OTUKUM,OTUKUM,113.2 K,OC(=O)c1c(F)c(F)c(C(O)=O)c(F)c1F.CCCOc1ccc(cc1)N=Nc1ccncc1,P-1,False
GENMAO,GENMAO,at 180 K,Cc1ccc(cc1)C(N)=O.OC(=O)CCCCCCCCC(O)=O,C2/c,False
JEKGEL,JEKGEL,,[S-]C#N.Cc1ncc(C[N+]2=CSC(=C2C)CCO)c(N)n1,C2/c,False
FOMDOC,FOMDOC,173 K,CC1=[N+]([O-])ON=C1C=NNC(N)=[NH2+].O=N(=O)C1=NN=N[N-]1,P21/c,False
PIJSIN,PIJSIN,296 K,Oc1cc2ccccc2cc1O.C1CN2CCN1CC2,Pbca,False
NEFFEM,NEFFEM,100 K,OC(=O)c1ccc(O)cc1O.NC(=O)c1cnccn1,P21/c,False
DUCXOP,DUCXOP,at 293 K,OC(=O)CCCCCCCCC(O)=O.Cc1ccc2N=C(N)Sc2c1,P21/n,False
EPUGEE,EPUGEE,298 K,NC1=[NH+]C=CS1.CC(C)(Oc1ccccc1)C(=O)[O-],C2/c,False
FIJSIA,FIJSIA,,COC(=O)C(C)C1[NH2+]CCC1.O=N(=O)c1cc(c([O-])c(c1)N(=O)=O)N(=O)=O,P-1,False
MEGWAW,MEGWAW,,OC(C(=O)[O-])c1ccc2ccccc2c1.[NH3+]C(C)c1ccc(Cl)cc1,P212121,False
NOSXEY,NOSXEY,,OC(=O)C(=O)[O-].[NH3+]C(CCCNC(N)=[NH2+])C(=O)[O-],P1,False
OCAHIK,OCAHIK,at 298 K,[NH3+]Cc1ccc(O)c(O)c1.O=C([O-])c1cc(cc(c1)N(=O)=O)N(=O)=O,Pna21,False
QIPMUX,QIPMUX,,O=C1CCCC(=C1)NCc1ccncc1.OC(=O)CCCCC(O)=O,P-1,False
LABQIR,LABQIR,133 K,Brc1ccc(cc1)S(=O)(=O)[N-]S(=O)(=O)c1ccc(Br)cc1.Brc1c[nH+]ccc1,P-1,False
VEJZIW,VEJZIW,298 K,C(Cc1ccncc1)Cc1ccncc1.NS(=O)(=O)c1cc2c(NC=NS2(=O)=O)cc1Cl,P21/c,False
TAPDIB,TAPDIB,173 K,O=C([O-])c1cc(cc(c1)N(=O)=O)N(=O)=O.[NH3+]c1ccc(cc1)S(=O)(=O)N=C1NC=CS1,P212121,False
YEXPOK,YEXPOK,100 K,FC(F)(F)S(=O)(=O)[O-].C[NH+]=P(c1ccccc1)(c1ccccc1)c1ccccc1,P212121,False
WORQIG,WORQIG,293 K,OC(=O)C=CC(=O)[O-].CCNc1nc(NC(C)C)[nH+]c(SC)n1,P21/c,False
XADTOL,XADTOL,,[NH3+]CCCCC([NH3+])C(=O)[O-].OC(=O)C=CC(=O)[O-],P21,False
VEKMON,VEKMON,at -90 deg.C,CS(=O)(=O)[N-]S(C)(=O)=O.CN(C)c1cc[n+](cc1)C(C)=O,P-1,False
SEPVES,SEPVES,150 K,OC(=O)[O-].CC(C)NC(NCC1=CC=CO1)=[NH+]C(C)C,P21/n,False
BOWJEE,BOWJEE,at 150 K,c1cc(ccn1)C=Cc1ccncc1.OC(=O)c1c(F)cc(F)cc1F,P-1,False
BAYQUR,BAYQUR,298 K,Cc1cc(ccc1N(=O)=O)C(=O)[O-].Cc1cccc2SC(=[NH2+])Nc12,P21,False
DAVPEW,DAVPEW,at 100 K,NC(=O)CN1CCCC1=O.OC(=O)c1ccc(O)cc1,P21/n,False
SETYEY,SETYEY,123 K,[NH3+]CCO.Nc1ccc(cc1)S(=O)(=O)[N-]c1ncccn1,P21/c,False
GAZSAF,GAZSAF,298 K,OC(C(=O)[O-])c1ccccc1.CC1=C[NH+]=C(N)S1,P-1,False
QUVKIE,QUVKIE,293 K,COc1cc(C)nc(N)n1.CC=CC=CC(O)=O,P21/c,False
YEPBEB,YEPBEB,at 203 K,CC(C)NC(NC(C)C)=[NH+]c1c(F)c(F)c(F)c(F)c1F.OC(=O)C(=O)[O-],P21,False
GOLDIW,GOLDIW,at 296 K,Nc1[nH+]c(N)nc(Cl)c1.OC(=O)CCCC(=O)[O-],P21/c,False
LADDEB,LADDEB,at 120 K,Nc1ncc(Br)cc1Br.OC(=O)C=CC(O)=O,P21/c,False
TOQNIZ,TOQNIZ,150 K,NC(=S)NN=Cc1cc[nH+]cc1.OC(=O)c1ccncc1C(=O)[O-],Pna21,False
AZOVUH,AZOVUH,at 293 K,c1cc(ccn1)c1ccncc1.OC(=O)C=CC1=CSC=C1,P-1,False
JIHQUP,JIHQUP,293 K,OC(=O)c1ccccc1C(O)=O.Nc1cnccn1,P21/n,False
WITVEC,WITVEC,at 293 K,Oc1cc(O)c(Cl)cc1Cl.S1C=CC(=C1)C=Cc1ccncc1,P-1,False
TEBREA,TEBREA,100 K,[NH3+]c1ccc(OC)cc1C1(O)N(C)C(=O)N(C)C1=O.Cc1ccc(cc1)S(=O)(=O)[O-],P-1,False
BOKHAM01,BOKHAM01,100 K,NS(=O)(=O)c1cc(C(O)=O)c(NCC2=CC=CO2)cc1Cl.c1cc(ccn1)c1ccncc1,C2/c,False
CEPFEJ,CEPFEJ,at 93.1 K,FC(F)(F)C(F)(F)C(F)(F)C(F)(F)S(=O)(=O)[C-](Br)S(=O)(=O)C(F)(F)C(F)(F)C(F)(F)C(F)(F)F.FC(F)(F)c1ccc(cc1)[n+]1ccccc1,P21/n,False
HIQGEX,HIQGEX,293 K,c1ccc2nc3ccccc3cc2c1.OB(O)c1ccc(cc1)C#N,P21/n,False
XOGDUU,XOGDUU,at 293 K,Cc1nc(C)c(C)nc1C.OC(=O)c1cccc(n1)C(O)=O,P21/c,False
POVXAC,POVXAC,296 K,CN1C=NC2=C1C(=O)N(C)C(=O)N2C.Nc1cc(cc(c1)C(O)=O)C(O)=O,P21/c,False
XAZROI,XAZROI,298 K,[NH3+]c1ccc(O)c(c1)C(O)=O.ClC(Cl)(Cl)C(=O)[O-],Pbca,False
ATUTOY,ATUTOY,at 298 K,Cc1ccc(cc1)S(=O)(=O)[O-].[NH3+]C(CC(O)=O)c1ccc(OC)cc1,P21/c,False
COLHOD,COLHOD,150 K,Nc1ncccn1.OB(O)O,C2/c,False
TICZUC,TICZUC,at 173 K,c1ccc(cc1)c1ccncc1.Nc1ccc(cc1)C(O)=O,P-1,False
QEJKUP,QEJKUP,150 K,FC(F)(F)C(=O)[O-].Fc1ccccc1N1CC[NH2+]CC1,P-1,False
NUMJEM,NUMJEM,298 K,NS(=O)(=O)c1ccccc1.O=C1CCCCCN1,P212121,False
KUCQEG,KUCQEG,at 150 K,Nc1ccc(F)cc1.Cc1cccc(O)c1,P21/c,False
DEJDII,DEJDII,298 K,[NH3+]NC(N)=NN(=O)=O.O=N(=O)[N-]C1=NN=NN1C1=NNN=N1,P-1,False
LACTIV,LACTIV,298 K,c1ccc2nc3ccccc3nc2c1.Nc1ccc(C(O)=O)c(O)c1,P-1,False
PUQGOY,PUQGOY,at 100 K,[NH3+]c1ccc(cc1OC)C(O)=O.OC(=O)c1cccc(c1C(=O)[O-])N(=O)=O,P-1,False
EKAZEY,EKAZEY,296.1 K,N1C2=NON=C2NC2=NON=C12.NNC(N)=O,P21/n,False
AYEPUR,AYEPUR,173 K,C1CN2CN3CN1CN(C2)C3.Oc1ccc(Cl)cc1,P21/c,False
VIPXUQ,VIPXUQ,120 K,Nc1cc(ccc1C(=O)[O-])N(=O)=O.[NH3+]C(CO)(CO)CO,P21/c,False
CIXMON,CIXMON,at 298 K,NC1=[NH+]c2ccc(Br)cc2S1.O=C([O-])c1cc(cc(c1)N(=O)=O)N(=O)=O,P21/n,False
FUSCIH,FUSCIH,173 K,Brc1c2ccccc2cc2ccccc12.C=CCN1C(=O)C2=C(SC3=C(S2)C(=O)N(CC=C)C3=O)C1=O,P21/n,False
LUSWEB,LUSWEB,at 150 K,c1cc2cncc3ccc4cncc1c4c23.OC(=O)c1ccc(C(O)=O)c(c1)c1cc(ccc1C(O)=O)C(O)=O,C2/c,False
JUWHIU,JUWHIU,296 K,OC(=O)CCCCC(O)=O.ON=Cc1ccnc2ccccc12,P21/n,False
BELDEB,BELDEB,,ON=C(C1=CC=CO1)C(=NO)C1=CC=CO1.c1ccccc1,P21/c,False
PIJSOT,PIJSOT,296 K,Oc1cc2ccccc2cc1O.C1CNCCN1,Pbca,False
WOCVIT,WOCVIT,at 153 K,Nc1ccc(cc1)C(O)=O.Nc1ccc(cc1)C#N,P21/c,False
PAJFAI,PAJFAI,at 293 K,C1CN2CCN1CC2.Cc1cc(O)cc(O)c1,P212121,False
TMBCAN,TMBCAN,,CN(C)c1ccc(cc1)c1ccc(cc1)N(C)C.ClC1=C(Cl)C(=O)C(=C(Cl)C1=O)Cl,P21/a,False
VIWBEI,VIWBEI,,O=P(c1ccccc1)(c1ccccc1)c1ccccc1.CCC(=O)NC(=O)c1ccccc1,P-1,False
XOGFOQ,XOGFOQ,at 293 K,Cc1nc(C)c(C)nc1C.OC(=O)c1ccccc1C(O)=O,P21/n,False
FETWIL,FETWIL,at 295 K,OC(=O)c1cc(ccc1O)S(=O)(=O)[O-].[NH3+]c1ccc(cc1)C(O)=O,C2/c,False
OKOROY,OKOROY,100 K,CC1=CC(=O)[N-]S(=O)(=O)O1.Cc1[nH+]c(NS(=O)(=O)c2ccc(N)cc2)nc(C)c1,P21/n,False
GEHKIO,GEHKIO,,OC(=O)C=CC(=O)[O-].C[NH2+]C(C)C(O)c1ccccc1,P212121,False
PITYIA,PITYIA,,Oc1ccc(cc1)c1ccc(O)cc1.Nc1ccc(N)cc1,P21/c,False
KEKGIR,KEKGIR,at 296 K,Oc1ccc(cc1)c1ccc(O)cc1.OC(=O)CN1C(=O)c2cc3C(=O)N(CC(O)=O)C(=O)c3cc2C1=O,P-1,False
JOCBAH,JOCBAH,293 K,CN1CC(=O)NC1=[NH2+].OC(=O)c1cc(cc(c1)C(=O)[O-])C(O)=O,P-1,False
ANAPOX,ANAPOX,293 K,CC(=O)[O-].NC(=[NH2+])NC(N)=O,P21,False
XUMKAU,XUMKAU,293 K,Oc1cc(cc(O)c1O)C(=O)[O-].Oc1c[nH+]ccc1,P21/n,False
FEPZAD,FEPZAD,at 100 K,COC(=O)C1[NH2+]CC(F)CC1.O=N(=O)c1cc(c([O-])c(c1)N(=O)=O)N(=O)=O,P-1,False
AJAHIC,AJAHIC,at 90 K,OC(=O)C=CC(O)=O.O=C1CNC(=O)CN1,P-1,False
UBAJOZ,UBAJOZ,93 K,c1cc(ccn1)C=Cc1ccncc1.CCCCCOc1ccc(cc1)C(O)=O,P-1,False
UBEGOZ,UBEGOZ,at 295 K,O=N(=O)c1cc(c([O-])c(c1)N(=O)=O)N(=O)=O.Nc1[nH+]cccc1N(=O)=O,Fdd2,False
DEKYAV,DEKYAV,at 200 K,NC(=O)C1CC[NH2+]CC1.O=C([O-])c1ccccn1,P21/n,False
OWOJER,OWOJER,100 K,CNC(N)=S.C1COCCO1,P-1,False
VEQKIN,VEQKIN,at 113 K,Oc1cc2ccccc2cc1C(=O)[O-].[NH2+]=C1Nc2ccccc2S1,P21/c,False
FADHOJ,FADHOJ,at 173 K,OC(=O)c1cccc(O)c1.CCC(C)=NNC(=O)c1ccncc1,P21/c,False
EBESAI,EBESAI,296 K,NC(=O)C(=O)[O-].NC(=O)c1c[nH+]ccc1,P21/c,False
TEYTAV,TEYTAV,293 K,O=N(=O)c1ccc(cc1)S(=O)(=O)[O-].[NH3+]c1cc(c(N)cc1Cl)N(=O)=O,P-1,False
EMUMAC,EMUMAC,100 K,OC(=O)c1ccccc1C(=O)[O-].COc1cc(C)[nH+]c(N)n1,P-1,False
JAZSOV,JAZSOV,100 K,OC(=O)CCC(=O)[O-].OCC[NH+](CCO)CCO,P21/c,False
XIYVOS,XIYVOS,173 K,Oc1ccccc1CN1C=Nc2ccccc12.c1ccccc1,P-1,False
TEYYEE,TEYYEE,293 K,[NH3+]c1ccc(N)c(c1)N(=O)=O.Oc1ccc(cc1)S(=O)(=O)[O-],P21/c,False
KEMXEF,KEMXEF,,COc1cc(cc(Br)c1OC)C(O)C[NH2+]C(C)C.CS(=O)(=O)[O-],P-1,False
NUMJIQ,NUMJIQ,297 K,NS(=O)(=O)c1ccc(Cl)cc1.O=C1CCCCN1,C2/c,False
BOVVUF,BOVVUF,at 150 K,C(Cc1ccncc1)c1ccncc1.OC(=O)c1cccc(F)c1F,P-1,False
AYEQAY,AYEQAY,173 K,C1CN2CN3CN1CN(C2)C3.Cc1cc(O)cc(C)c1Cl,P21/n,False
FOSFIE,FOSFIE,298 K,NNC(=O)c1ccncc1.COc1cc(C=CC(O)=O)ccc1O,P-1,False
TAFWEC,TAFWEC,,O=C1C[NH+]2CCC1CC2.Clc1c(Cl)c(Cl)c([O-])c(Cl)c1Cl,P-1,False
AMUZUE,AMUZUE,at 93 K,CCN(CC)CC.COc1ccc(cc1)C(=O)C(=NO)c1ccc(OC)cc1,Pbca,False
EGOSEB,EGOSEB,173 K,C[N+](C)(C)NCCC(O)=O.OC(=O)C=CC(=O)[O-],P21/n,False
NUKYUO,NUKYUO,at 180 K,NC(=O)c1cccnc1.OC(=O)CCCCCC(O)=O,P-1,False
TOYHUM,TOYHUM,at 150 K,c1cc(ccn1)c1ccncc1.Oc1ccc2ccccc2c1,P21/c,False
XEMMIO,XEMMIO,296 K,[NH2+]=C1NC=CS1.Clc1cc(ccc1C(=O)[O-])N(=O)=O,P-1,False
GESBEN,GESBEN,at 150 K,NC(=O)c1ccc(O)cc1.OC(=O)C=CC(O)=O,P21/c,True
GOGBUC,GOGBUC,150 K,NC(=S)NN=Cc1cc[nH+]cc1.NC(=O)C(=O)[O-],Pna21,False
PIYDEG,PIYDEG,,CCC1(CC(F)(F)F)C(=O)NC(=O)NC1=O.CC(C)(C)Nc1nc(N)nc(NC(C)(C)C)n1,P212121,False
EWUTIB,EWUTIB,173 K,O=C1C(=C(C#N)C(=O)C(=C1C#N)C#N)C#N.Cc1cc(C)cc(C)c1,P-1,False
QOLMOV,QOLMOV,at 293 K,Cc1ccc2ccc3ccc(C)nc3c2n1.Oc1c(O)c(Br)c(Br)c(Br)c1Br,C2/c,False
OLUTIB,OLUTIB,298 K,OC(=O)C=CC(=O)[O-].[NH2+]=C1NC(=O)N(C=C1F)C1CSC(CO)O1,P212121,False
KASYEJ,KASYEJ,at 293 K,c1cc(ccn1)c1ccncc1.OC(=O)c1cccc(C(O)=O)c1C(O)=O,C2/c,False
UNIRIT,UNIRIT,at 150 K,OC(=O)CCC(O)=O.NC(N)=O,C2/c,False
UWEYON,UWEYON,200 K,O=C1NS(=O)(=O)c2ccccc12.NC(=O)c1nc(F)cnc1O,P-1,False
BOVZAO,BOVZAO,at 100 K,C[n+]1ccccc1C=Cc1ccc(Cl)cc1.COc1ccc(cc1)S(=O)(=O)[O-],P21/c,False
JIZZIB,JIZZIB,,Clc1cc(cc(Cl)c1[O-])N(=O)=O.COc1cc(C)[n+](O)c(C)c1,P21/n,False
AFUJOC,AFUJOC,at 298 K,[NH3+]C1=NC(=CS1)c1ccccc1.OC(=O)c1cc(ccc1O)S(=O)(=O)[O-],P-1,False
BISHIY05,BISHIY05,190 K,c1cc(ccn1)N=Nc1ccncc1.OC(=O)c1ccccc1,Pccn,False
WUKREZ,WUKREZ,at 180 K,OC(=O)c1ccc(cc1)C(O)=O.c1cnc2ccc3ncccc3c2c1,Pnma,False
WANKIF,WANKIF,at 178 K,O=C([O-])c1cc2CCc3ccc(CCc1cc2)cc3.C[NH2+]C(C)C(O)c1ccccc1,P212121,False
QOTLIW,QOTLIW,at 100 K,[NH3+]C(C(O)c1ccccc1)c1ccccc1.O=C([O-])CC1=CSc2ccccc12,P212121,False
VECVEH,VECVEH,85 K,Nc1nnc(c(N)n1)c1cccc(Cl)c1Cl.CCC1(C(=O)NC(=O)NC1=O)c1ccccc1,Cc,False
VIGNII,VIGNII,,CN1N(C(=O)C=C1C)c1ccccc1.OP(O)(O)=O,C2/c,False
CEPZUV,CEPZUV,100 K,c1ccc2nc3ccccc3cc2c1.Oc1ccc(Cl)cc1,P21/c,False
ROJCEA,ROJCEA,at 298 K,OC(=O)CCCCC(O)=O.S1C=CC(=C1)C=Cc1ccncc1,P-1,False
FURYEY,FURYEY,298 K,NS(=O)(=O)c1ccc(cc1)C(O)=O.NC(=O)c1ccccn1,P21/n,False
YEQGOU,YEQGOU,298 K,OC(=O)c1cc(cc(c1)C(O)=O)C(O)=O.NC(=O)c1cnccn1,P21/n,False
PUVNID,PUVNID,,Nc1ccccc1N.Oc1ccccc1O,P2/c,False
BACREE,BACREE,at 173 K,O=N(=O)[C-](C#N)N(=O)=O.[NH2+]=C1NC2NC(NC2N1)=NN(=O)=O,C2/c,False
QIKDIX,QIKDIX,,OC(=O)C=CC(=O)[O-].COc1cc(Cc2c[nH+]c(N)nc2N)cc(OC)c1OC,P21/n,False
SOXFUG,SOXFUG,at 163 K,C1COCCO1.N#CC1(C#N)C(C#N)(C#N)C1(C#N)C#N,R3c,False
DUSLUY,DUSLUY,,[NH3+]C(CC(=O)[O-])C(=O)[O-].[NH3+]C(CCCNC(N)=[NH2+])C(=O)[O-],P1,False
GUYVUU,GUYVUU,100 K,O=C([O-])c1ccc(cc1N(=O)=O)N(=O)=O.NC(=O)c1cc[nH+]cc1,P21/c,False
LOPPUE,LOPPUE,290 K,[NH2+]=C1NC=CS1.OC(C(=O)[O-])(c1ccccc1)c1ccccc1,C2/c,False
KAXSEJ,KAXSEJ,at 100 K,NC(N)=O.COc1ccc2cccc(CCNC(C)=O)c2c1,P21/n,False
KITLUV,KITLUV,at 296 K,OC(C(=O)[O-])c1c2ccccc2cc2ccccc12.C[NH2+]C(C)C(O)c1ccccc1,P21,False
QADLOY,QADLOY,at 113 K,CCC12CC[NH2+]CC1Oc1ccc(OC)cc21.OC(C(=O)[O-])c1ccccc1,P21,False
SABNOA,SABNOA,at 273 K,CC[NH+](O)CC.OC(=O)c1cccc(c1)C(=O)[O-],P21/c,False
XOHXAU,XOHXAU,at 150 K,O=C1CC2(CCCCC2)CN1.OC(=O)c1ccccc1,P21/n,False
BIDJAA,BIDJAA,at 296.2 K,O=N(=O)c1cccc(c1)S(=O)(=O)[O-].Nc1[nH+]cc(cc1)N(=O)=O,P212121,False
RAFDEJ,RAFDEJ,at 173 K,CCC1(CC)C(=O)NC=CC1=O.CC(C)C1=C(C)N(C)N(c2ccccc2)C1=O,P21/c,False
LOQWIA01,LOQWIA01,293 K,[2H][n+]1ccccc1.[2H]OC(=O)c1c(F)c(F)c(c(F)c1F)C(=O)[O-],P212121,False
MURHAK,MURHAK,296 K,FC(F)(F)S(=O)(=O)[O-].COC1=N[N+](=CN1Nc1ccccc1)c1ccccc1,C2/c,False
TIBXOV,TIBXOV,294 K,COc1cc(Cc2cnc(N)nc2N)cc(OC)c1OC.Oc1ccccc1O,P-1,False
RISDAB,RISDAB,293 K,COc1ccccc1c1c(C)[nH+]c(C)c(Br)c1Br.O=N(=O)c1cc(c([O-])c(c1)N(=O)=O)N(=O)=O,P-1,False
ULAXAG,ULAXAG,at 153 K,NC(=O)c1ccncc1.OC(=O)CCCC(O)=O,P21/c,False
RUYYIV,RUYYIV,296 K,CN1C=NC2=C1C(=O)N(C)C(=O)N2C.ON=Cc1c(O)ccc2ccccc12,P21/c,False
NUQLIW,NUQLIW,150 K,Cc1c(O)cccc1O.CN(C)c1ccncc1,P21/n,False
NOZLIA,NOZLIA,293 K,Clc1ccc(cc1)c1ccccc1NC(=O)c1cccnc1Cl.CN1CCCC1=O,P-1,False
GIGQIX,GIGQIX,at 293 K,COc1cc(Cc2cnc(N)nc2N)cc(OC)c1OC.O=C1CC(=O)NC(=O)N1,P-1,False
SUYPIN01,SUYPIN01,100 K,OC(=O)C=CC(=O)[O-].Brc1ccc(OC(=O)N2CC[NH+]3CCC2CC3)cc1,P21/n,False
RESGAY,RESGAY,at 180 K,OC(=O)CCC(O)=O.Cc1ccnc(C)c1,P21/n,False
NUZTAF,NUZTAF,100 K,OC(=O)C=Cc1ccccc1.NC(=O)c1cccnc1,P21/c,False
YEPPUI,YEPPUI,150 K,FC(F)(F)S(=O)(=O)[O-].FC(F)(F)c1cc(nc2cccc[n+]12)c1ccccc1,Pbca,False
QUWZOY,QUWZOY,at 294 K,c1ccc2nc3ccccc3nc2c1.Oc1c(F)c(F)c(O)c(F)c1F,P21/n,False
NOSTUN,NOSTUN,173 K,NC(=O)c1ccncc1.OC(=O)Cc1ccc(O)c(Cl)c1,P-1,False
AFESOU,AFESOU,at 293 K,CCc1[nH+]c(N)nc(N)c1c1ccc(Cl)cc1.O=C([O-])c1cc(cc(c1)N(=O)=O)N(=O)=O,P21/c,False
UTEJAG,UTEJAG,298 K,NN1C=CN=N1.ON1N=NN=C1C1=NN=NN1O,C2/c,False
PODRAC,PODRAC,at 120 K,CCN1c2ccccc2C=C2C(=O)NC(=[NH2+])N=C12.Cc1ccc(cc1)S(=O)(=O)[O-],P21/n,False
UCESAZ,UCESAZ,295 K,c1cc(ccn1)C=Cc1ccncc1.OC(=O)CCC(=O)c1ccc(cc1)c1ccccc1,P21/c,False
OCIJUG,OCIJUG,at 113 K,CN(C)C=O.ON1C(=O)N(O)C(=O)N(O)C1=O,P-1,False
LIDPIA,LIDPIA,296 K,OC(=O)c1ccc(O)cc1.COc1ccc(cc1)C(N)=O,P21/c,False
NORTIA,NORTIA,296 K,Oc1ccc2ccc(O)cc2c1.c1ccc2nc3ccccc3nc2c1,P21/c,False
TOYHOG,TOYHOG,at 150 K,c1cc(ccn1)c1ccncc1.OC(=O)c1cccc(F)c1F,P-1,False
ULIBUO,ULIBUO,293 K,OC=O.OC(=O)CN1C(=O)Oc2ccccc12,P212121,False
ESUXEV,ESUXEV,at 150 K,COC12[NH2+]C(CC1)C1C=CCCC21.O=N(=O)c1cc(c([O-])c(c1)N(=O)=O)N(=O)=O,P-1,False
NOQFUV,NOQFUV,at 296 K,CN1C=CC(=C2C=CN(C)C3=NSN=C23)C2=NSN=C12.OC1=C(Cl)C(=O)C(=C(Cl)C1=O)O,P21/c,False
OFUHIG,OFUHIG,at 180 K,Nc1ncccn1.Oc1ccc(O)cc1,P21/c,False
XONPUN,XONPUN,at 100 K,Nc1cccc(Cl)n1.OC(=O)c1ccccc1,P212121,False
NUYDOB,NUYDOB,at 293 K,OC1=C(Cl)C(=O)C(=C(Cl)C1=O)[O-].[NH3+]C(CC1=CNc2ccccc12)C(O)=O,C2/c,False
MULPER,MULPER,170 K,O=C1[N-]S(=O)(=O)c2ccccc12.COc1cc[n+](O)c(OC)c1,P21,False
NUQLES,NUQLES,150 K,Cc1c(O)cccc1O.Nc1ccncc1,P21/n,False
JASHOB,JASHOB,,[NH3+]C(CCCNC(N)=[NH2+])C(=O)[O-].COc1ccc2cc(ccc2c1)C(C)C(=O)[O-],C2,False
VEMZIX,VEMZIX,at 298 K,Oc1ccc2ccc(O)cc2c1.O1C(=NN=C1c1ccncc1)c1ccncc1,C2/c,False
XIPVAU,XIPVAU,at 293 K,c1ccc2nc3ccccc3nc2c1.OC(=O)c1c(O)cc(O)cc1O,P21/c,False
MOJCOF,MOJCOF,153 K,Nc1nc(N)c(C#N)c(c2cccc3ccccc23)c1C#N.C1CCOC1,P21/n,False
TIDMUO,TIDMUO,at 143 K,CN(C)c1cc[n+](cc1)S(C)(=O)=O.CS(=O)(=O)[N-]S(C)(=O)=O,P21/c,False
MOXYEG,MOXYEG,150 K,[NH3+]C(C(O)c1ccccc1)c1ccccc1.OC(C(=O)[O-])c1cccc(Cl)c1,P212121,False
LOSHUZ,LOSHUZ,173 K,OC(=O)C(=O)[O-].CCOP(=S)(OCC)OCC[NH+](C)C,P-1,False
GEVLOM,GEVLOM,150 K,COc1nc(N)nc(OC)c1N=Nc1ccc(N)cc1.C1CCOC1,P21,False
LUNNIR,LUNNIR,at 173 K,NC(=O)c1ccncc1.OC(=O)CCC(=O)CCC(O)=O,P-1,False
NERLIJ,NERLIJ,120 K,OC(=O)C(=O)[O-].[NH3+]CCCO,P21/n,False
SOHDID,SOHDID,at 295 K,COc1c[n+](N)ccn1.Cc1cc(C)c(c(C)c1)S(=O)(=O)[O-],P-1,False
KERMID,KERMID,,Cc1ccc(cc1)S(=O)(=O)[O-].[NH3+]C(CO)C(O)=O,P212121,False
DUJMOM,DUJMOM,293 K,Oc1cccc2ccc[nH+]c12.OC(=O)C#CC(=O)[O-],P21/n,False
CIHHIM,CIHHIM,at 173 K,FC(F)(F)S(=O)(=O)[N-]S(=O)(=O)C(F)(F)F.C[N+]1=C(Br)N(CC#C)C(=C1Br)Br,P-1,False
DOWSEO,DOWSEO,at 100 K,OC(=O)C(=O)[O-].C[NH+](C)CC1=CSCC(C)(C)CS1,P21/c,False
KIGKOB01,KIGKOB01,250 K,OC(=O)c1cc2ccccc2cc1O.CN1C=NC2=C1C(=O)N(C)C(=O)N2C,P21/n,False
WAPQAH,WAPQAH,at 100 K,O=C([O-])C=Cc1ccccc1.[NH3+]C(C)C(=O)OC,P212121,False
GEBMIJ,GEBMIJ,at 105 K,O=N(=O)c1cc(c([O-])c(c1)N(=O)=O)N(=O)=O.COC(=O)OCC[N+](C)(C)C,P2/n,False
MENREG,MENREG,100 K,Nc1ccc(Br)cn1.Cc1ccc(cc1)C(O)=O,P21/c,False
UTOBIP,UTOBIP,at 291 K,CCOC(=O)C1=C(N)c2c(O1)c(Cl)c(Cl)c(O)c2C#N.CS(C)=O,P21/n,False
EBOJAK,EBOJAK,115 K,COc1cc(O)cc(OC)c1O.N#Cc1cc(C#N)c(cc1C#N)C#N,C2/c,False
TEWQEV,TEWQEV,100 K,FC1=C(F)C(C(=C(F)C1=C(C#N)C#N)F)=C(C#N)C#N.O1c2cccc3Oc4cccc5Oc6cccc1c6N(c23)c45,P21/c,False
OZOTII,OZOTII,296 K,Oc1ccc(c(O)c1)C(=O)[O-].ON=Cc1cc[nH+]c2ccccc12,P21/n,False
NERDIB,NERDIB,295.0 K,C1CN(CCO1)N=C1CCSCC1.Fc1c(F)c(Br)c(F)c(F)c1Br,C2/c,False
SIRGEF,SIRGEF,,O=S1(=O)[N-]S(=O)(=O)c2ccccc12.Clc1cccc(Cl)c1[N+]#N,P21/c,False
OMUXIE,OMUXIE,at 297 K,OC(=O)c1cc(ccc1O)S(=O)(=O)[O-].C[NH+]1CCOCC1,P21/n,False
CATJUE,CATJUE,at 298 K,Oc1ccc2ccccc2c1c1c(O)ccc2ccccc12.NC1=NC(=CS1)c1ccccc1,P-1,False
VAVKUB,VAVKUB,123 K,Nc1ccc(cc1)C(=O)[O-].C[NH+](C)C(C)C(O)c1ccccc1,Pbca,False
MBAZMS,MBAZMS,,CS(=O)(=O)[O-].C[N+]1(CC(O)C1)C(C)(C)C,Pnam,False
XOMZUW,XOMZUW,at 296 K,ClC1=CC=C(S1)C(=O)[O-].[NH2+]=C1NC(=O)NC=C1,P-1,False
LABYOG,LABYOG,260 K,COc1ccc(C=Cc2cc[n+](C)cc2)cc1OC.Cc1ccc(cc1)S(=O)(=O)[O-],P21,False
LOYCUZ,LOYCUZ,at 150 K,Clc1ccc2Oc3ccccc3N=C(N3CC[NH2+]CC3)c2c1.CC(=O)[O-],P21/c,False
OMELEZ,OMELEZ,295 K,Oc1cc(O)cc(O)c1.c1ccc(cc1)c1ccncc1,P21/c,False
VAVMAJ,VAVMAJ,123 K,C[NH+](C)C(C)C(O)c1ccccc1.OC(C(=O)[O-])c1ccccc1,P21/c,False
RADGAF,RADGAF,at 150 K,NC1=Nc2cc(Cl)ccc2O1.OC(=O)COc1cccc(Cl)c1Cl,P21/c,False
IHIGIR,IHIGIR,296 K,Clc1cccc(c1)C(=O)[O-].CC[N+]1=C(N)SCC1,P-1,False
ENIJUJ,ENIJUJ,294 K,c1cc(ccn1)C=Cc1ccncc1.CC=CC(O)=O,P-1,False
UHOSOA,UHOSOA,at 98 K,c1cc(ccn1)C=Cc1ccncc1.CC(C)OC(=S)Nc1ccccc1,C2/c,False
EPUGII,EPUGII,298 K,NC1=[NH+]C=CS1.Clc1ccc(OCC(=O)[O-])c(Cl)c1,Pc,False
ORITAM,ORITAM,293 K,OC(=O)CCC(=O)[O-].[NH3+]c1ccc(OC)cc1,P21/n,False
RIBFIT,RIBFIT,at 120 K,OC(=O)c1ccccc1C(=O)[O-].NC1=[NH+]C(=O)N(C=C1)C1CSC(CO)O1,P21,False
KAXRIM,KAXRIM,at 293 K,c1cc(ccn1)C=Cc1ccncc1.OC(=O)CC=CC(O)=O,Pc,False
FIGNER,FIGNER,293 K,C[NH+]1CCOCC1.O=N(=O)c1cc(c([O-])c(c1)N(=O)=O)N(=O)=O,Pna21,False
TIPGIK,TIPGIK,at 98 K,OC(=O)c1cc(C(=O)[O-])c(cc1C(=O)[O-])C(O)=O.[nH+]1ccc(SSc2cc[nH+]cc2)cc1,P-1,False
ADRTAR,ADRTAR,,OC(C(O)C(=O)[O-])C(O)=O.C[NH2+]CC(O)c1ccc(O)c(O)c1,P212121,False
TOQGUD01,TOQGUD01,90 K,[2H]OC(=O)C(=O)[O-].[2H][n+]1ccc(C)c(c1N([2H])[2H])N(=O)=O,P21,False
ASOMIE,ASOMIE,at 203.1 K,CC=CC=CC(=O)[O-].[NH3+]Cc1ccc(Cl)cc1,P-1,False
FOSMIL01,FOSMIL01,100 K,OC(=O)C=Cc1ccc(O)c(O)c1.NNC(=O)c1ccncc1,P-1,False
YODBEA,YODBEA,at 293 K,OC(=O)c1c(F)c(F)c(C(O)=O)c(F)c1F.Cc1nccnc1C,P-1,False
DIHLOZ,DIHLOZ,293.1 K,Oc1c2cc(ccc2c(cc1N(=O)=O)N(=O)=O)S(=O)(=O)[O-].C[P+](c1ccccc1)(c1ccccc1)c1ccccc1,P-1,False
DUDNIA,DUDNIA,at 120 K,[NH2+]1OCC2COc3ccccc3C12.CC1(C)C2CCC1(CS(=O)(=O)[O-])C(=O)C2,P212121,False
KUQXOM,KUQXOM,298.8 K,O=C1C=CC(=O)C(=C1C#N)C#N.c1ccc2c(c1)ccc1ccccc21,P21/n,False
TALBIT,TALBIT,at 198 K,[NH3+]C(Cc1ccccc1)C(N)=O.OC(C(=O)[O-])c1ccccc1,C2,False
IRUFIL,IRUFIL,at 123 K,ClC1=C(Cl)C(=O)NC1=O.Nc1nc(N)c(Cl)cc1Cl,P-1,False
JASJUJ,JASJUJ,at 293 K,[NH3+]C(C)c1ccc(cc1)N(=O)=O.O=C([O-])C1COc2ccccc2O1,P212121,False
DEGTIW,DEGTIW,100 K,C#Cc1cncc(c1)C#C.BrN1C(=O)CCC1=O,P21/n,False
FOYPAM,FOYPAM,at 296 K,COc1[nH+]c(N)nc(OC)c1.O=C1NC(=S)NC(=C1)[O-],P-1,False
KAMREW,KAMREW,at 293 K,OC(C(O)C(=O)[O-])C(O)=O.[NH3+]C(CC)CO,P212121,False
GUZXOQ,GUZXOQ,100 K,Cc1ccc(cc1)S(=O)(=O)[O-].CN(C)C(=[NH2+])ON=C(N)Cc1ccccc1,P21/c,False
HEBHOM,HEBHOM,at 113 K,Nc1ccc(N)cc1.COc1ccc(cc1)C1(O)c2ccccc2Oc2ccccc12,P-1,False
NIFFOX,NIFFOX,,CN1C(=O)N(C)C2=C(N(CC(=O)[O-])C=N2)C1=O.Nc1c(Br)cc(Br)cc1C[NH2+]C1CCC(O)CC1,Pbca,False
CYTBGL01,CYTBGL01,at 105 K,[NH2+]=C1NC(=O)NC=C1.O=C([O-])CNC(=O)c1ccccc1,P21/c,False
GAKPAJ,GAKPAJ,,C[NH+]1C2CCC1CC(C2)OC(=O)c1cc(Cl)cc(Cl)c1.CS(=O)(=O)[O-],P-1,False
LAXQAC,LAXQAC,,NP(N)(N)=[N+]=P(N)(N)N.Cc1ccc(cc1)S(=O)(=O)[O-],P21/c,False
ZIHQEQ,ZIHQEQ,293 K,OC(=O)CSc1nc(SCC(O)=O)nc(SCC(=O)[O-])n1.COc1[nH+]c(N)nc(OC)c1,P-1,False
BARAPY10,BARAPY10,,Nc1ccccn1.CCC1(CC)C(=O)NC(=O)NC1=O,P-1,False
WEDLAU,WEDLAU,at 120 K,OC(=O)CCCCCC(O)=O.Nc1cnccn1,P21/c,False
YAGNEB,YAGNEB,at 173 K,[NH3+]c1cccc(F)c1.Cc1ccc(cc1)S(=O)(=O)[O-],P21/n,False
PAJVEE,PAJVEE,297 K,CC(C)OP(=S)([S-])OC(C)C.C1C[NH+](CCO1)Cc1ccccc1,P21/n,False
XAQZUM,XAQZUM,at 293 K,OC(=O)C1(CCC1)C(=O)[O-].OC(=O)C1CC[NH2+]CC1,P21/c,False
POJFUQ,POJFUQ,at 153 K,OC(=O)c1cccc2C(=O)C(=C(Sc12)c1ccccc1)O.CN(C)C=O,P21/c,False
BIWNAZ,BIWNAZ,296 K,OC(C(O)C(=O)[O-])C(O)=O.OC(=O)c1[nH+]cccc1,P212121,False
ZESMES,ZESMES,120 K,NC(N)=O.OC(=O)CC(O)(CC(O)=O)C(O)=O,P-1,False
KUZVOR,KUZVOR,at 296 K,Cc1ccc(cc1)C(=O)[O-].CC(C)[NH2+]CC(O)c1ccccc1Cl,P21/n,False
TORXOQ,TORXOQ,150 K,c1cc(ccn1)c1ccncc1.OC(=O)CCCCCCC(O)=O,P-1,False
IYEYIW,IYEYIW,293 K,C=C=CC(C#C)[NH+]1CCOCC1.O=N(=O)c1cc(c([O-])c(c1)N(=O)=O)N(=O)=O,P-1,False
RUPRUR,RUPRUR,293 K,C[NH+]1CCOCC1.O=C1NC(=O)C(=C([O-])N1)c1c(cc(cc1N(=O)=O)N(=O)=O)N(=O)=O,P21/c,False
EBIFOK,EBIFOK,,NC(=[NH2+])SCc1ccccc1.O=S(=O)([O-])C1CCCCC1,P-1,False
GAWLOG,GAWLOG,at 293 K,OC(=O)CCC(O)=O.O1C(=NN=C1c1ccncc1)c1ccncc1,P-1,False
VAKTOR01,VAKTOR01,107 K,NC(=O)c1ccncc1.OC(=O)c1ccc(O)cc1,P21/c,False
QUHRAO,QUHRAO,300 K,NC(=O)c1cccnc1.COc1cc(C=CC(O)=O)cc(OC)c1O,P-1,False
APYSAL,APYSAL,,OC(=O)c1ccccc1O.CN1N(C(=O)C=C1C)c1ccccc1,P21/c,False
ENAGIK,ENAGIK,at 100 K,O=S(c1ccccc1)c1ccccc1.Nc1ccc(cc1)C(O)=O,P2/c,False
NUQKIV,NUQKIV,150 K,Cc1c(O)cccc1O.c1ccc(nc1)c1ccccn1,P21/n,False
GUMVOA,GUMVOA,at 115 K,O=C([O-])c1ccc2cc3ccccc3cc2c1.[NH3+]C1C(O)Cc2ccccc12,P212121,False
MUDSEJ,MUDSEJ,at 100 K,c1cnc2c(c1)ccc1cccnc21.CCC1(CC)C(=O)NC(=O)NC1=O,P21/c,False
PEQQAE,PEQQAE,at 100 K,Cc1c(C)c(C)c(c(C)c1C)C(O)=O.COc1ccc(cn1)c1cc(C)nc(N)n1,P-1,False
RADFUY,RADFUY,at 150 K,NC1=[NH+]CCS1.Clc1cccc(OCC(=O)[O-])c1Cl,Pbca,False
GENMES,GENMES,at 296 K,c1ccc2cc3ccccc3cc2c1.OC(=O)CN1C(=O)c2cc3C(=O)N(CC(O)=O)C(=O)c3cc2C1=O,P21/c,False
HEDWEU,HEDWEU,at 298 K,CC(=O)[O-].Oc1ccc2ccccc2c1C[NH+]=C1Nc2ccccc2N1,Pbcn,False
DINSIE,DINSIE,at 293 K,OC(=O)c1cccc(O)c1.c1ccc2nc3ccccc3cc2c1,P-1,False
XEYLUI,XEYLUI,at 293 K,Oc1ccc2ccccc2c1c1c(O)ccc2ccccc12.Cc1cccc(C)n1,C2/c,False
HAPCOU,HAPCOU,150 K,Cc1nc(C)c(C)nc1C.CC(=O)Oc1ccccc1C(O)=O,I2/a,False
VUMDAJ,VUMDAJ,at 296 K,[NH3+]CCO.CC1=CC(=O)N([O-])C(=C1)C1CCCCC1,P-1,False
TETXOF,TETXOF,,Nc1[nH+]cc(cc1)N(=O)=O.ClC(Cl)C(=O)[O-],P212121,False
RIHBUG,RIHBUG,at 273 K,c1cc(nc(c1)N1C=NN=C1)N1C=NN=C1.OC(=O)c1cc(C(O)=O)c(cc1C(O)=O)C(O)=O,P21/c,False
GAVBAI,GAVBAI,at 298 K,Oc1cccc(O)c1.COC(=O)C=Cc1ccncc1,P-1,False
YAGKAT,YAGKAT,at 291 K,OC(C(O)C(=O)[O-])C(O)=O.[NH3+]C(CC1=C[NH+]=CN1)C(=O)[O-],P1,False
PUKDOP,PUKDOP,at 296 K,Nc1[nH+]cc(Br)cc1.Nc1cccc(c1)C(=O)[O-],P21/c,False
NIYGIN,NIYGIN,296 K,CC(C)C1=C(Cl)[N-]C(=O)NC1=O.COc1ccccc1N1CC[NH2+]CC1,P21/n,False
JOLCOE,JOLCOE,at 100 K,NC(N)=O.Cc1cncc(C)c1,Cc,False
ERAGOW,ERAGOW,293 K,NC(=O)c1ccncc1.OC(=O)CCCCCCC(O)=O,P-1,False
RERCEA,RERCEA,100 K,Nc1ccccc1C(=O)[O-].NC(N)=[NH+]C1=NC(=CS1)CSCCC(N)=NS(N)(=O)=O,P212121,False
NEQPAD,NEQPAD,120 K,CC1=CN=C(NC(=O)c2ccccc2)S1.OC(=O)CCCCCCCC(O)=O,Cc,False
LETJUT,LETJUT,100 K,ON1CCN(O)CC1.Nc1ccc(cc1)C(O)=O,P21/n,False
UMEXIU,UMEXIU,at 100 K,OC(=O)c1cc(ccc1O)S(=O)(=O)[O-].CN1C(=O)N(C)C2=C([NH+]=CN2)C1=O,P21/c,False
LALVED,LALVED,293 K,N#Cc1ccncc1.OC(=O)c1cc(O)c(O)c(O)c1,P21,False
KEWKOP,KEWKOP,296 K,Clc1ccc(cc1)C(=O)[O-].COc1cc(C)[nH+]c(N)n1,P21/c,False
JICVUM10,JICVUM10,,CC(C)(C)Nc1nc(N)nc(NC(C)(C)C)n1.CCC1(CC)C(=O)NC(=O)NC1=O,Pna21,False
DOCWUQ,DOCWUQ,298 K,OC(=O)c1cc(ccc1O)S(=O)(=O)[O-].O=C(CN1C=[NH+]C=C1)c1ccccc1,P21/c,False
XICRAE,XICRAE,at 100 K,NC(=O)c1cccnc1.Nc1ccc(C(O)=O)c(O)c1,P-1,False
DITJEW,DITJEW,at 100 K,Oc1c(Cl)c(Cl)c(Cl)c(Cl)c1Cl.Cc1cccc(C)n1,P-1,False
LATQII,LATQII,at 100 K,Cc1ccnc2N(C3CC3)c3ncccc3C(=O)Nc12.OC(=O)C=CC(O)=O,P21/n,False
PAPJEZ,PAPJEZ,100 K,CC(=O)C(=NNc1cccc(c1)C(O)=O)C(C)=O.CS(C)=O,C2/c,False
FUZLES,FUZLES,at 173 K,OB(O)c1cccc(C=C2NC(=O)NC2=O)c1.CS(C)=O,P-1,False
VIBYOX,VIBYOX,100 K,c1cnc2c(c1)ccc1cccnc21.Oc1ccccc1,P21/c,False
VOVZEN,VOVZEN,at 293 K,OC(=O)CCC(=O)[O-].Oc1cccc2ccc[nH+]c12,P21,False
TAZDOR,TAZDOR,293 K,[NH3+]CCO.Clc1cccc(Cl)c1Nc1ccccc1CC(=O)[O-],P21/c,False
EXEJUN,EXEJUN,at 293 K,C1N2CN3CN1CN(C2)C3.CC(C)(c1cc(Br)c(O)c(Br)c1)c1cc(Br)c(O)c(Br)c1,P-1,False
YEVTEB,YEVTEB,298 K,OC(=O)c1nccnc1C(=O)[O-].CC1=CC(=O)NC(=[NH+]1)N,P21/n,False
HOFZOS,HOFZOS,at 130 K,[NH3+]c1ccc(cc1)C(O)=O.OC(=O)c1cc(Cl)c(Cl)cc1C(=O)[O-],C2/c,False
YONLAO,YONLAO,at 153 K,Nc1nc(N)nc(n1)c1ccccc1.O=C1NC(=O)c2ccccc12,P21,False
BIWMAZ,BIWMAZ,100 K,CCc1[nH+]c(C)ccc1O.OC(=O)CC(ON(=O)=O)C(=O)[O-],P212121,False
REWCEE,REWCEE,293 K,Clc1ccc(cn1)C(=O)[O-].NC1=[NH+]C(=O)NC=C1,Pccn,False
FEJWID,FEJWID,120 K,FC(F)(F)S(=O)(=O)[O-].C[n+]1c(N)cccc1Sc1nccnc1N,P-1,False
KUJYOD,KUJYOD,at 178 K,CC(C)[P+](Cl)(C(C)C)C(C)C.CS(=O)(=O)[N-]S(C)(=O)=O,P21/c,False
OFUBEA,OFUBEA,200 K,O=N(=O)c1ccc([O-])c(c1)N(=O)=O.Oc1c[nH+]ccc1,P212121,False
MEGBUY,MEGBUY,150.2 K,CC(C)N1[P+]N(C(C)C)c2ccccc12.FC(F)(F)S(=O)(=O)[O-],P21/n,False
UKITIU,UKITIU,298 K,Cc1cccc2SC(=[NH2+])Nc12.OC(=O)CC(=C)C(=O)[O-],P21/n,False
WOBQUC,WOBQUC,100.0 K,OC(=O)C=CC1=CNC=[NH+]1.Oc1cccc(C(=O)[O-])c1O,Pbca,False
EFOZAB02,EFOZAB02,at 293 K,NC(N)=O.O=C1CC(=O)NC(=O)N1,P-1,False
SIJZOC,SIJZOC,at 293 K,OC(=O)c1cc(O)cc(O)c1.O=C1CNC(=O)CN1,P-1,False
RUYTAI,RUYTAI,100 K,CC(=NO)C(C)=NO.C1CN=C(N1)c1ccccc1C1=NCCN1,P-1,False
OFIYOT,OFIYOT,100 K,CNC(N)=S.C1COCCN1,P21/n,False
PUPGUD,PUPGUD,at 100 K,OC(=O)c1cccc(c1)C(O)=O.CN1C=NC2=C1C(=O)N(C)C(=O)N2C,P21/c,False
SIHLUT,SIHLUT,120 K,Cc1nc(C)c(Cl)c(N)n1.Nc1ccccc1C(O)=O,P21/n,False
WOKGEI,WOKGEI,at 193 K,OC1C[N+]2(CCOCC2)C1.O=N(=O)c1cc(c([O-])c(c1)N(=O)=O)N(=O)=O,Pna21,False
CIRMAT,CIRMAT,at 293 K,O=N(=O)c1ccc(cc1)S(=O)(=O)[O-].COc1cc2ccccc2c[n+]1C,P21/n,False
PUKPER,PUKPER,at 298 K,N#Cc1ccncc1.OC(=O)c1ccccc1,P-1,False
CIXBOC,CIXBOC,at 298 K,[NH2+]=C1Nc2ccc(Br)cc2S1.O=N(=O)c1cc(c([O-])c(c1)N(=O)=O)N(=O)=O,C2/c,False
SERPIC,SERPIC,,[NH3+]CCC1=CNc2ccc(O)cc12.O=N(=O)c1cc(c([O-])c(c1)N(=O)=O)N(=O)=O,P21/c,False
QEYZIH,QEYZIH,295 K,Oc1cc(cc(O)c1O)C(=O)[O-].NC1=[NH+]C(=O)NC=C1,P21,False
AXOPIO,AXOPIO,233 K,FC(F)(F)S(=O)(=O)[N-]S(=O)(=O)C(F)(F)F.CCON1C=C[N+](=C1)OCC,P21/n,False
COZYUM,COZYUM,at 298 K,OC(=O)c1cccc(c1)C(O)=O.C(Cc1ccncc1)c1ccncc1,P-1,False
PAZHOO,PAZHOO,at 295 K,OC1=C(Cl)C(=O)C(=C(Cl)C1=O)[O-].OC(=O)c1c[nH+]ccc1,Pc,False
TOHHIK,TOHHIK,293 K,Clc1ccc(cc1C(=O)[O-])N(=O)=O.[NH3+]CCO,P-1,False
DENWUP01,DENWUP01,at 293 K,CN1CC(=O)NC1=[NH2+].O=C([O-])c1ccccc1,P21/c,False
NEDJUD,NEDJUD,at 183 K,Clc1nc2Nc3ccccc3N(c3ccccc3)c2nc1Cl.CS(C)=O,P-1,False
VUXYOD,VUXYOD,at 297 K,[NH3+]C(C)Cc1c2OC=Cc2c(Br)c2OC=Cc12.OC(=O)c1cc(cc(c1[O-])N(=O)=O)N(=O)=O,P21,False
ULAWAF,ULAWAF,at 153 K,NC(=O)c1ccncc1.OC(=O)C(O)=O,C2/c,False
JAPWIJ,JAPWIJ,293 K,Nc1ccc(cc1)C(=O)[O-].[NH3+]CCO,Pbca,False
SETRUG,SETRUG,at 173 K,NNC(=O)c1ccncc1.OC(=O)CCCCCCC(O)=O,P-1,False
QOBVAF,QOBVAF,at 291 K,c1ccc(nc1)c1ccccn1.Oc1ccc2ccccc2c1c1c(O)ccc2ccccc12,P-1,False
ZOHWAW,ZOHWAW,at 150 K,Oc1ccc(Cl)c(Cl)c1Cl.Nc1cccc(Cl)c1,P-1,False
VACBIN,VACBIN,150 K,c1cc(ccn1)c1ccncc1.COc1cc(NS(=O)(=O)c2ccc(N)cc2)nc(OC)n1,P-1,False
ZOYCAT,ZOYCAT,at 173 K,COc1cc(ccc1O)C(O)=O.c1ccc2nc3ccccc3cc2c1,P21/n,False
FOVRIU,FOVRIU,296 K,ClC(Cl)(Cl)C(=O)[O-].COc1ccc(cc1)N1CC[NH2+]CC1,Pca21,False
HITQUA,HITQUA,100 K,OC(=O)c1ccc2OCOc2c1.CC(=O)c1ccncc1,P-1,False
JIQFUN,JIQFUN,296 K,Oc1cccc(O)c1C(=O)[O-].[NH3+]CC1CCC(CC1)C(O)=O,P-1,False
RAVPIO,RAVPIO,at 297 K,OC(=O)c1cc(ccc1O)S(=O)(=O)[O-].[NH3+]c1cccc(c1)C(O)=O,P21/n,False
QAFFIM,QAFFIM,at 173 K,OC=O.c1ccncc1,P21/n,False
DACBIW,DACBIW,150 K,CC(=O)NC1=NN=C(S1)S(N)(=O)=O.Nc1ccc(cc1)C(O)=O,C2/c,False
JOYJEO,JOYJEO,at 120 K,Nc1ncccn1.OC(=O)CCCC(O)=O,P21/n,False
SETRIU,SETRIU,at 173 K,NNC(=O)c1ccncc1.OC(=O)c1ccccc1,P21,False
ICEBOK,ICEBOK,183 K,CN1C=NC2=C1C(=O)N(C)C(=O)N2C.Nc1ccc(C(O)=O)c(O)c1,P21/n,False
SERNAH,SERNAH,100.2 K,Oc1cc(O)c(Br)cc1Br.c1ccc(cc1)N=Nc1cccnc1,P-1,False
QODNOP,QODNOP,205 K,CN1CC(=O)N(C)CC1=O.Fc1c(F)c(Br)c(F)c(F)c1Br,P-1,False
XAPWUG,XAPWUG,,c1cc(ccn1)c1ccncc1.OC(=O)COc1cc(Cl)c(Cl)cc1Cl,P21/a,False
YIKMAI,YIKMAI,at 120 K,[NH2+]=C(O)N1c2ccccc2C=Cc2ccccc12.CS(=O)(=O)[O-],P21/c,False
XECXOV,XECXOV,100 K,NC(=O)C(Br)(Br)Br.CN(C)c1ccc(cc1)N(C)C,P21/c,False
LUTXUV,LUTXUV,93 K,c1cc(ccn1)c1ccncc1.CCCCOc1ccc(cc1)C(O)=O,P-1,False
JEPYEL,JEPYEL,298 K,CS(C)=O.Cc1cc(C)nc(NS(=O)(=O)c2ccc(N)cc2)n1,P21/n,False
ZOHVEZ,ZOHVEZ,at 150 K,Oc1cc(Cl)c(Cl)c(Cl)c1.Nc1ccc(Br)cc1,P-1,False
QAHNOF,QAHNOF,100.6 K,N#Cc1cc(C#N)c(cc1C#N)C#N.CC(=O)c1c2ccccc2cc2ccccc12,P21/c,False
UMINAF,UMINAF,at 293 K,OC(=O)C(O)=O.c1cc(ccn1)N=Nc1ccncc1,P21/c,False
TIWPOH,TIWPOH,293 K,CCOc1ccccc1C(N)=O.OC(=O)C=CC(O)=O,P-1,False
ETUBUT,ETUBUT,120 K,CCNc1nc(Cl)nc(NC(C)C)n1.OC(=O)C=CC(O)=O,C2/c,False
PUKJIP,PUKJIP,at 296 K,Nc1[nH+]cc(Br)cc1.OC(=O)CCC(=O)[O-],P212121,False
NEQNIJ,NEQNIJ,120 K,CC1=CN=C(NC(=O)c2ccccc2)S1.OC(=O)CCCCCCC(O)=O,P21/n,False
KAPYIJ,KAPYIJ,,CCC(C(=O)[O-])c1ccc(C)cc1.[NH3+]C1C(O)Cc2ccccc12,C2,False
JUMVEU,JUMVEU,150 K,c1cc(ccn1)c1ccncc1.Oc1ccccc1O,R-3,False
CIRNAU,CIRNAU,at 120 K,OC(=O)c1ccc(O)cc1.C(N1C=Nc2ccccc12)c1cccnc1,P-1,False
CAPRAM,CAPRAM,,[NH3+]CCCC([NH3+])C(=O)[O-].[NH3+]C(CC(=O)[O-])C(=O)[O-],C2,False
NIMXUF,NIMXUF,298 K,O=N(=O)C(=C1N[N-]N=N1)N(=O)=O.[NH3+]NC(N)=O,P21/c,False
XAGYIR,XAGYIR,296 K,O=C([O-])c1ccc(cc1)N(=O)=O.COc1ccccc1N1CC[NH2+]CC1,P21/c,False
DAQZIH,DAQZIH,100 K,Nc1ncccn1.OC(=O)C1=NN(Cc2ccc(Cl)cc2Cl)c2ccccc12,P21/c,False
XAGWOV,XAGWOV,296 K,Clc1ccc(cc1)C(=O)[O-].COc1ccccc1N1CC[NH2+]CC1,P-1,False
BAYRAY,BAYRAY,298 K,Cc1cccc2SC(=[NH2+])Nc12.O=C([O-])c1cnccn1,P-1,False
NAWYOD,NAWYOD,293 K,[NH3+]Cc1ccccc1O.O=C([O-])c1ccc(cc1)N(=O)=O,C2/c,False
EQAVOJ,EQAVOJ,100 K,FC(F)(F)C(=O)[O-].COc1cc(C)[nH+]c(N)n1,P-1,False
DUJTUX,DUJTUX,at -30 deg.C,O=N(=O)c1ccc(cc1)[N+]#N.COC(=O)C1=C(C(=O)OC)[C-](C(=O)OC)C(=C1C(=O)OC)C(=O)OC,P21/n,False
SALQUS,SALQUS,at 296.2 K,Cc1ccc(C)c(c1)S(=O)(=O)[O-].Nc1[nH+]cccc1N(=O)=O,Pn,False
KUQQUJ,KUQQUJ,at 293 K,Cc1ccc(cc1)C(=O)[O-].CCc1[nH+]c(N)nc(N)c1c1ccc(Cl)cc1,C2/c,False
UNIZID,UNIZID,143 K,O=N(=O)c1cc(c(c(c1)N(=O)=O)S(=O)(=O)[O-])N(=O)=O.NC(=[NH2+])OCF,P21/n,False
ROFVEO,ROFVEO,at 293 K,CCOS(=O)(=O)[O-].[NH3+]C(CCCNC(N)=[NH2+])C(=O)[O-],P212121,False
QAMSED,QAMSED,at 150 K,CN1CCN(C)CC1.Oc1ccc(O)cc1,P-1,False
TIHFOG,TIHFOG,at 123 K,Fc1cccc2C(=O)C(=O)Nc12.C1COCCO1,P21/n,False
XERCIJ,XERCIJ,293 K,N#Cc1cc(C#N)c(cc1C#N)C#N.CC(=O)c1ccc2ccc3cccc4ccc1c2c34,Pna21,False
JOTKIM,JOTKIM,,O=C[O-].[NH3+]C(Cc1ccccc1)C(O)=O,P21,False
MUYDOC,MUYDOC,304 K,[NH3+]c1ccc(O)cc1.CC1(C)C2CCC1(CS(=O)(=O)[O-])C(=O)C2,C2,False
BOJGEN,BOJGEN,at 293 K,O=C([O-])c1ccccn1.CCc1[nH+]c(N)nc(N)c1c1ccc(Cl)cc1,P21/c,False
EKECOM01,EKECOM01,at 123 K,C1N2CN3CN1CN(C2)C3.OC(=O)CCCCCCCCCC(O)=O,P21/c,False
KOPJUW,KOPJUW,at 150 K,NC(N)=O.c1cc(ccn1)c1ccncc1,C2/c,False
DUMWEO,DUMWEO,at 100 K,Brc1ccc(cc1)S(=O)(=O)[O-].CCOc1ccc(cc1)C=Cc1cccc[n+]1C,P21/c,False
LEPFOF,LEPFOF,100 K,OC(C(O)C(=O)[O-])C(O)=O.[NH3+]CC(CC(O)=O)c1ccccc1,P21,False
QAGJEN,QAGJEN,,NC1=[NH+]CCS1.CN1C=CC=C1C(=O)[O-],Pbca,False
ODAPIV,ODAPIV,100 K,CCC1=C(C)C2=CC3=CC=C(C=NO)N3C(=O)N2C1=O.CS(C)=O,P-1,False
XUVQUB,XUVQUB,at 120 K,OC(=O)Cc1ccccc1Nc1c(Cl)cccc1Cl.CC1=NN2C=C(C)N=C2S1,P-1,False
HOFYUZ,HOFYUZ,300 K,NC(=O)c1ccncc1.OC(=O)CCCCCCCC(O)=O,P-1,False
EZIDOH,EZIDOH,at 301 K,Nc1ccc(cc1)C(O)=O.CC1=NN=C2CN=C(c3ccccc3)c3cc(Cl)ccc3N12,P21/c,False
YUKVIM,YUKVIM,293 K,Nc1ncccn1.OC(=O)Cc1cccc2ccccc12,P21/n,False
SEFVOO,SEFVOO,,CC1(C)[NH2+]C(C)(C)CC(O)C1.CCCCCC(=O)[O-],P21/n,False
HURMOW,HURMOW,at 100K,Clc1cccc(c1)C(=O)[O-].COc1cc(Cc2c[nH+]c(N)nc2N)cc(OC)c1OC,P21/n,False
XOJYEC,XOJYEC,273 K,NC(=O)c1ccncc1.CC(C)c1cccc(C(C)C)c1O,P-1,False
BOBXAU,BOBXAU,100 K,CN(C)C=O.COc1cccc(CNc2ccc(cc2)C(O)=O)c1O,Pbca,False
TYRTHM,TYRTHM,,[NH3+]CCc1ccc(O)cc1.CC1=CN(CC(=O)[O-])C(=O)NC1=O,C2/c,False
HIQROQ,HIQROQ,150 K,OC(=O)CCCCCCCCC(O)=O.NC(=O)c1ccc(Br)cc1,P-1,False
MEFMAM,MEFMAM,at 223 K,Oc1ccccc1C(c1cc(O)c(O)c(O)c1)c1ccccc1O.c1cnccn1,P-1,False
KUWMUM,KUWMUM,150.1 K,NC(=O)NN=C1C(=O)c2ccccc2c2ccccc12.CN(C)C=O,P-1,False
METQOS,METQOS,at 296 K,O=Cc1ccccc1C(=O)[O-].OCC[NH+](CCO)CCO,P21/c,False
EZOPEP,EZOPEP,at 150 K,C1CN2CCN1CC2.O=S=O,P212121,False
MICGAJ,MICGAJ,293 K,Cc1nc(N)nc(N)n1.COc1cc(cc(OC)c1OC)C(O)=O,P21/c,False
HAVFES,HAVFES,293 K,OC(=O)c1cccc(c1C(=O)[O-])N(=O)=O.[NH3+]c1ccc(Cl)cc1,P21/c,False
TETRIU,TETRIU,at 293 K,O=N(=O)c1cc(c([O-])c(c1)N(=O)=O)N(=O)=O.C[NH+](C)CC1COCC(C)O1,P21/n,False
VIVZUV,VIVZUV,,NC(=O)c1ccc(O)cc1.CC(=O)NC(C)=O,P21/n,False
TAZPOC,TAZPOC,293 K,COc1ccc(cc1)B(O)O.c1ccc2nc3nc4ccccc4nc3nc2c1,P21/n,False
XAGZAK,XAGZAK,296 K,OC(=O)C=CC(=O)[O-].COc1ccccc1N1CC[NH2+]CC1,P-1,False
TUCLIM,TUCLIM,,CC(=O)[O-].CC(C)=CC[NH+]1CCN2C(=S)NC=C2CC1,P-1,False
DUVHOR10,DUVHOR10,at 123 K,CC(=O)NC(C)=O.CC(N)=O,P21/m,False
PUQGIS,PUQGIS,at 100 K,[NH3+]c1cc(N)cc(c1)C(O)=O.O=C([O-])c1cc(cc(c1)N(=O)=O)N(=O)=O,P21/n,False
ACESOS,ACESOS,at 100 K,OC(=O)c1ccc(O)cc1.CN1N=NC2=C(N=CN2C1=O)C(N)=O,P21/c,False
RAHXUV,RAHXUV,at 290 K,OC(=O)c1ccc(cc1)C(=O)[O-].Oc1c(CN2C=[NH+]C=C2)cc(Cl)cc1CN1C=CN=C1,P-1,False
CIJXOI,CIJXOI,,CC1CC2CC(=O)C1C(=[NH+]2)C.O=N(=O)c1cc(c([O-])c(c1)N(=O)=O)N(=O)=O,P212121,False
FUYLOB,FUYLOB,at 293 K,O=S1(=O)NS(=O)(=O)c2ccc3ccccc3c2c2c3ccccc3ccc12.CCOC(C)=O,P212121,False
XUHYUW,XUHYUW,296 K,NC(N)=NCCN=C(N)N.COCCOc1cc(cc(c1)C(O)=O)C(O)=O,P21/c,False
WERLOY,WERLOY,298 K,OC(=O)Cc1ccccc1Nc1c(Cl)cccc1Cl.NC1=NC(=O)C=CN1,P1,False
NIJCES,NIJCES,293 K,Oc1cccc(O)c1C(=O)[O-].CCS(=O)(=O)CCN1C(=[NH+]C=C1N(=O)=O)C,Cc,False
NIDBEL,NIDBEL,173.2 K,FC(F)(F)S(=O)(=O)[N-]S(=O)(=O)C(F)(F)F.[NH3+]c1ccc(cc1)C(F)(F)F,P21,False
MCPATR,MCPATR,,C[n+]1cccc(c1)C(N)=O.CC(=O)NC(CC1=CNc2ccccc12)C(=O)[O-],P212121,False
XOJMUF,XOJMUF,at 273 K,COc1ccc(cc1)C(O)=O.Cc1cc(C)nc(N)n1,P-1,False
ZIPJEQ,ZIPJEQ,100 K,NC(=O)c1ccncc1.OC(=O)c1cc(Cl)ccc1O,P21/c,False
IVULAN,IVULAN,at 123 K,C[NH+](C)C(C)C(O)c1ccccc1.O=C([O-])c1ccccc1N(=O)=O,Pbca,False
CABPOK,CABPOK,at 150 K,C[NH2+]C(C)C(O)c1ccccc1.Clc1ccc(cc1Cl)C(CCC(=O)[O-])c1ccccn1,P21,False
JEJHUF,JEJHUF,286 K,CC1=C(C=C(C#N)C(=O)N1)c1cc[nH+]cc1.Oc1ccccc1C(=O)[O-],P-1,False
KEZXAR,KEZXAR,100.0 K,Cc1cc(C)cc(C)c1.S1C=CSC1=C1SC=CS1,P-1,False
SAZXOJ,SAZXOJ,293.1 K,CN1C=C[N+](=C1)CCO.O=N(=O)c1cc(c([O-])c(c1)N(=O)=O)N(=O)=O,P21/n,False
NEBWUO,NEBWUO,at 293 K,COc1cc(OC)nc(N)n1.Cc1cccc(c1)C(O)=O,P-1,False
GAVMAV,GAVMAV,100 K,F[P-]1(F)(F)(F)[n+]2ccccc2[n+]2ccccc12.FC(F)(F)S(=O)(=O)[O-],Pn,False
EPUQIQ,EPUQIQ,at 150 K,OC(=O)c1ccc(O)cc1.c1ccc(cc1)c1ccncc1,P-1,False
LEGMUH,LEGMUH,at 293 K,OC(=O)c1cccc(n1)C(=O)[O-].[NH3+]c1cccc(c1)B(O)O,P21/n,False
ABUKOZ,ABUKOZ,at 298 K,Oc1c(cc(cc1N(=O)=O)N(=O)=O)C(=O)[O-].[NH3+]c1ccc(F)cc1,P21/n,False
NEQNUV,NEQNUV,120 K,CC1=CN=C(NC(=O)c2ccccc2)S1.OC(=O)CCCCCCCCCCC(O)=O,P-1,False
SABBEF,SABBEF,296 K,Cc1ccc(cc1)c1nc(N)nc(N)n1.OC(=O)CCCCC(O)=O,P-1,False
AXUFIJ,AXUFIJ,at 173 K,OC(=O)CCC(O)=O.c1ccc2c(c1)cnc1ccccc21,P21/n,False
OKUROE,OKUROE,170.1 K,NC(=O)c1ccncc1.CC(C)c1ccc(C)c(O)c1,P21/c,False
WARNOV,WARNOV,298.1 K,c1cc(ccn1)c1ccncc1.OB1OCc2cc(F)ccc12,P21/c,False
ITIWAL,ITIWAL,296 K,Oc1c(cc(c([O-])c1N(=O)=O)N(=O)=O)N(=O)=O.NC(=[NH+]O)C(N)=NO,P-1,False
ODUQIO,ODUQIO,at 113 K,COc1ccc(cc1)C1(O)c2ccccc2Oc2ccccc12.CN(C)C=O,P-1,False
ZODWIY01,ZODWIY01,at 150 K,NC(N)=O.OC(=O)CCCC(O)=O,Pnma,False
BOVYUI,BOVYUI,at 150 K,c1cc(ccn1)C=Cc1ccncc1.OC(=O)c1ccc(F)c(F)c1,P21/c,False
CIWFOF,CIWFOF,at 120 K,OC(=O)CCCCCCC(O)=O.O=C(NCCCCNC(=O)c1ccncc1)c1ccncc1,P-1,False
CINXED,CINXED,at 293 K,CC(=O)[O-].NC(N)=[NH+]N=C(c1ccccc1)c1cc(Cl)ccc1N,P21/c,False
EDAXIQ,EDAXIQ,at 293 K,OC(=O)C=CC(=O)[O-].[NH3+]C(Cc1ccccc1)C(O)=O,P21,False
GINNIB,GINNIB,at 120 K,O=C([O-])c1cccnc1.CCc1[nH+]c(N)nc(N)c1c1ccc(Cl)cc1,P21,False
LAPLIY,LAPLIY,at 293 K,c1cc(ccn1)c1ccncc1.Oc1ccc(cc1)C1(CCCCC1)c1ccc(O)cc1,P-1,False
GOHHOA,GOHHOA,at 143 K,Oc1[nH+]cccc1.C[S](=O)([O-])[N]S(C)(=O)=O,P21/n,False
ABOQUF,ABOQUF,at 110 K,Oc1ccc(O)cc1.NC(=O)N1c2ccccc2C=Cc2ccccc12,P-1,False
ONAPUP,ONAPUP,at 293 K,OC(=O)c1ccccc1Cl.C(Cc1ccncc1)c1ccncc1,P21/c,False
CACWEK,CACWEK,at 100 K,C[NH2+]C(C)C(O)c1ccccc1.CC(C)(C)OC(=O)NC1CC1CC(=O)[O-],P212121,False
PAQPIK,PAQPIK,123 K,NC(=O)c1ccccc1.OC(=O)CCl,P-1,False
XIKLUA,XIKLUA,at 110 K,CC(N)=C1C(=O)Oc2c(F)c(F)c(F)c(F)c2C1=O.CS(C)=O,P-1,False
PEGDEO,PEGDEO,200 K,OC(=O)c1ccccc1.CCC(=O)Nc1ccc(Br)cn1,P21/n,False
FEXSEJ,FEXSEJ,296 K,Nc1ccc(cc1)C(O)=O.CC(=O)c1ccncc1,P212121,False
MIJWUB,MIJWUB,294 K,[NH2+]=C1NC(=O)NC=C1F.Oc1ccc(O)c(c1)C(=O)[O-],P21/n,False
ENAGEG,ENAGEG,at 300 K,O=S(c1ccccc1)c1ccccc1.NC(=S)C1CCCCC1,P21/c,False
FIDLOU,FIDLOU,at 100 K,Nc1ccc(Cc2ccc(N)cc2)cc1.Oc1ccc(Sc2ccc(O)cc2)cc1,P21/n,False
KEFBIH,KEFBIH,at 100 K,OC(=O)CCCC(O)=O.CC(=O)Nc1ccccn1,P21/c,False
VIJTIR,VIJTIR,,OC(=O)Cc1ccccc1.C1N2CN3CN1CN(C2)C3,I-4,False
ROPTAT,ROPTAT,at 173 K,OC(C(O)C(=O)[O-])C(O)=O.[NH3+]c1ccccc1F,C2,False
BEMLOV,BEMLOV,at 77 K,COc1cc(O)cc(O)c1.C(C=Cc1ccncc1)=Cc1ccncc1,P21/c,False
RORMUI,RORMUI,at 120 K,c1cnc2ccc3ncccc3c2c1.OB(O)c1ccc(Cl)cc1,P-1,False
WUQQUW,WUQQUW,100 K,BrC#CC#CBr.O=C(NCc1cccnc1)C(=O)NCc1cccnc1,P-1,False
BARMPN,BARMPN,,CCC1(CC)C(=O)NC(=O)NC1=O.CN1C=CC=CC1=O,P21/c,False
MUBNED,MUBNED,at 113 K,CN(C)C(C)=O.OC(=O)c1ccc(cc1)C(O)=O,P21/n,False
MOFDER,MOFDER,at 298 K,Cc1nc(N)nc(N)n1.CN(C)C=O,Fdd2,False
CIRVUV,CIRVUV,at 298 K,NC1=[NH+]C(=O)NC=C1.OC(=O)c1cc(cc(c1)C(=O)[O-])C(O)=O,P-1,False
JAJZON,JAJZON,298 K,NC(=O)c1cnccn1.OC(=O)C1=CC=C(S1)C(O)=O,C2/c,False
KASXIN,KASXIN,at 123 K,OCC[NH+]1CCCC1.Oc1ccccc1C(=O)[O-],P21/c,False
KAYGAU,KAYGAU,at 120 K,O=C(Nc1ccccn1)c1ccncc1.OC(=O)CCCCCCCCC(O)=O,P21/n,False
NOSVEZ,NOSVEZ,173 K,c1cc(ccn1)c1ccncc1.OC(=O)Cc1ccc(O)c(Cl)c1,P-1,False
NINFIB,NINFIB,at 100 K,O=C1NC(=O)C2=C1C(=O)c1cccc3cccc2c13.CS(C)=O,P21/c,False
NAQXAE,NAQXAE,at 193.2 K,CC1(C)[NH2+]C(C)(C)CC(=O)C1.Fc1c(F)c(F)c(c(F)c1F)P(=O)([O-])c1c(F)c(F)c(F)c(F)c1F,P-1,False
PEPGLF,PEPGLF,,FC(F)(F)S(=O)(=O)[O-].[NH3+]C(C(=O)OCC)c1ccccc1,P-1,False
JETJEY,JETJEY,at 295 K,OC(C(O)C(=O)[O-])C(O)=O.[NH3+]C(c1ccccc1)c1c(O)ccc2ccccc12,P21,False
LIBXUR,LIBXUR,at 90 K,CC(=O)[O-].Nc1[nH+]nc(c(N)n1)c1cccc(Cl)c1Cl,P21/c,False
GOGYEJ,GOGYEJ,296 K,Nc1cccc(Cl)n1.OC(=O)CCCC(O)=O,P21/c,False
MANXOS,MANXOS,150 K,OCC(C(=O)[O-])c1ccccc1Cl.[NH3+]C(C(O)c1ccccc1)c1ccccc1,P212121,False
ZUWCEZ,ZUWCEZ,at -130 deg.C,c1ccc(cc1)[C+](c1ccccc1)c1ccccc1.FS(=O)(=O)[N-]S(F)(=O)=O,P21/c,False
KEBMAH,KEBMAH,at 296 K,Oc1ccc(N2C(=O)c3ccccc3C2=O)c(c1)C(O)=O.c1ccc2ncccc2c1,P-1,False
ACONIR,ACONIR,at 173 K,NC(=O)c1ccncc1.OC(=O)C1CCCCC1,P-1,False
TUMJES,TUMJES,295 K,NC(=[NH2+])NC(N)=S.Oc1ccc(cc1)S(=O)(=O)[O-],P21/c,False
AFUGER,AFUGER,291 K,[NH3+]C(C)(C)CC(C)=O.OC(=O)C(=O)[O-],P21/n,False
KIJSUT,KIJSUT,at 293 K,NC(=O)c1cccnc1.CN1N=NC2=C(N=CN2C1=O)C(N)=O,P21/c,False
CUPNEJ,CUPNEJ,280 K,Clc1ccc(cc1)S(=O)(=O)[O-].C[n+]1ccc(cc1)C=Cc1ccc(O)cc1,P1,False
OCIQAT,OCIQAT,at 100 K,NC(=O)c1ccc(CN2C=CC=N2)cc1.OC(=O)c1ccccc1,P-1,False
URIRAR,URIRAR,100 K,O=C1NCCNc2ccc(cc2S(=O)(=O)c2ccccc12)C#N.CS(C)=O,P21/c,False
JIMBAI,JIMBAI,at -70 deg.C,CN(C)[S+](N(C)C)N(C)C.FC(F)(F)C1=C([O-])C(F)(C(=C1C(F)(F)F)C(F)(F)F)C(F)(F)F,P21/c,False
ERIKOF,ERIKOF,at 293 K,OC(=O)C=CC(=O)[O-].[NH3+]C(CO)c1ccccc1,P21/n,False
EYOLIO,EYOLIO,at 93 K,OC(C(F)(F)F)C(F)(F)F.C1CNCCN1,P-1,False
ZIYDUJ,ZIYDUJ,100 K,NC1=[NH+]c2ccc(OC(F)(F)F)cc2S1.CS(=O)(=O)[O-],P21/c,False
BILKIS,BILKIS,at 120 K,OC(C(O)C(=O)[O-])C(O)=O.[NH3+]CCS,P212121,False
VISMUI,VISMUI,119.8 K,CCC1(CC)C(=O)NC(=O)[N-]C1=O.[NH3+]CCc1ccc(O)cc1,R-3c,False
NAQPAZ,NAQPAZ,100 K,NC1=Nc2ccc(OC(F)(F)F)cc2S1.OC(=O)CCCCCCC(O)=O,P21,False
VEFMOL,VEFMOL,190 K,O=S(=O)([O-])c1ccccc1.COc1ccc2cccc(CC[NH+]=C(C)O)c2c1,P212121,False
AREJUF,AREJUF,150.0 K,FC(F)(F)S(=O)(=O)[O-].CN(C)c1cc[nH+]cc1Cl,P21/n,False
XAFSUV,XAFSUV,200 K,[NH2+]1CCOCC1.OC(=O)c1cc(cc(c1[O-])N(=O)=O)N(=O)=O,I2/a,False
YIVQUQ,YIVQUQ,at 113 K,Cc1ccnc2N(C3CC3)c3ncccc3C(=O)Nc12.C1COCCO1,P21/n,False
KEKHIS,KEKHIS,at 293 K,OC(=O)c1cccc(O)c1.O1C(=NN=C1c1cccnc1)c1cccnc1,P21/c,False
WAPPUA,WAPPUA,at 100 K,[NH3+]C(C)C(=O)OC.Cc1ccc(cc1)C=CC(=O)[O-],P21,False
FIJDUX,FIJDUX,,NC(=S)c1c[nH+]ccc1.Cc1c(cc(cc1N(=O)=O)C(=O)[O-])N(=O)=O,P-1,False
EBONER,EBONER,273 K,OC(=O)c1cc(O)ccc1O.CN1C=CC(=O)C(=C1C)O,P21/c,False
SEZZOQ,SEZZOQ,90 K,Oc1ccc(cc1)C(=O)[O-].COc1ccc(cc1)N1CC[NH2+]CC1,P-1,False
HIBKAE,HIBKAE,,Nc1nc(Nc2ccccc2)nc(Nc2ccccc2)n1.CC1(C)C(=O)NC(=O)NC1=O,P21/a,False
JEFLEM,JEFLEM,at 298 K,NC1=[NH+]C=CS1.O=C([O-])c1cc(cc(c1)N(=O)=O)N(=O)=O,P21/c,False
UCOTUC,UCOTUC,at 298.1 K,CCCCCCCCCCCC(O)=O.NC(=O)c1cccnc1,P-1,False
MIXTUJ,MIXTUJ,at 130 K,Nc1cccc(O)c1.c1ccc2nccnc2c1,P21/c,False
VOHMIP,VOHMIP,at 295 K,c1ccncc1.NC1=C(c2c(F)c(F)c(F)c(F)c2C1(F)F)C(=O)C(F)(F)F,P21/c,False
WEDKUN,WEDKUN,at 296 K,OC(=O)CCCC(O)=O.Nc1cnccn1,P21/c,False
WOPCUA,WOPCUA,at 293 K,C1COCCOCCOCCO1.NC(c1ccccc1)(c1ccccc1)c1ccccc1,P-1,False
OSABIV,OSABIV,200 K,FC(F)(F)S(=O)(=O)[O-].CCC1=N[N+](=C2C=CC=CN12)c1ccc(Cl)cc1Cl,P21/c,False
XOMZEG,XOMZEG,at 296 K,OC(=O)C1=CC=C(Cl)S1.Cc1cc(C)nc(N)n1,P21/c,False
AGOCOQ,AGOCOQ,at 173 K,FC(F)(F)S(=O)(=O)[N-]S(=O)(=O)C(F)(F)F.CCN1C=[N+](C)C(=C1Br)Br,P21/c,False
ARAMAK,ARAMAK,293 K,NC(N)=S.COC(=O)C=Cc1cccnc1,P21/c,False
SUYXIU,SUYXIU,at 296 K,Nc1[nH+]cc(Br)cc1.O=C([O-])C1=CC=CC(=O)N1,P212121,False
QUDWIX,QUDWIX,298 K,Cc1cc[nH+]c2N(C3CC3)c3ncccc3C(=O)Nc12.Oc1c(cc(cc1N(=O)=O)N(=O)=O)C(=O)[O-],C2/c,False
GAQKOA,GAQKOA,at 293 K,CN(CC(O)=O)C(N)=[NH2+].OC(=O)C(=O)[O-],P21/c,False
NUKXAT,NUKXAT,at 180 K,OC(=O)c1ccccc1O.c1ccc2nc3ccccc3nc2c1,P21/c,False
RUYYAN,RUYYAN,296 K,c1cc(ccn1)c1ccncc1.ON=Cc1c(O)ccc2ccccc12,P21/c,False
ROSYIK,ROSYIK,101 K,CCCC(CCC)C(O)=O.Nc1nnc(c(N)n1)c1cccc(Cl)c1Cl,P21/n,False
DADMUT,DADMUT,150 K,NS(=O)(=O)c1cc2c(NCNS2(=O)=O)cc1Cl.Cc1nc(C)c(C)nc1C,Pna21,False
HOQGEB,HOQGEB,at 150 K,NC1=[NH+]N=CS1.OC(=O)C(=O)[O-],P21/c,False
QEYCAY,QEYCAY,at 200 K,[NH3+]C(c1ccccc1OC)C(C)(C)C.OC(C(=O)[O-])c1ccccc1,P212121,False
ZORVUX,ZORVUX,at 193 K,C1COCCN1.OC1(c2ccccc2)c2cc(Br)ccc2c2ccc(Br)cc12,P21/n,False
DITBAK,DITBAK,at 173 K,FC(F)(F)S(=O)(=O)[O-].CN(C)c1cc[n+](cc1)P(C)C,P21/c,False
VIVZIJ,VIVZIJ,,Oc1ccc(O)cc1.CCCC(=O)NC(=O)c1ccccc1,P-1,False
CERXIH,CERXIH,at 298 K,C1N2CN3CN1CN(C2)C3.Oc1ccccc1O,C2/c,False
YOLKIV,YOLKIV,at 293 K,FC(F)(F)S(=O)(=O)[O-].ON=C1C2=[N+](CCCc3ccccc13)CCC2,C2/c,False
POVZEG,POVZEG,at 100 K,OC1=C(Cl)C(=O)C(=C(Cl)C1=O)[O-].NC(=O)c1[nH+]cccc1,P21/c,False
EZIDUN,EZIDUN,at 298 K,OC(=O)c1c(F)cccc1F.CC1=NN=C2CN=C(c3ccccc3)c3cc(Cl)ccc3N12,P-1,False
PAHHAK,PAHHAK,120 K,NC(=O)c1ccc(O)cc1.Nc1ccc(C(O)=O)c(O)c1,Pca21,False
RUDGEE,RUDGEE,at 293 K,COc1ccc(CNS(=O)(=O)[O-])cc1.[NH3+]Cc1ccc(OC)cc1,Pbca,False
FUBHUG,FUBHUG,at 150 K,FC(F)(F)S(=O)(=O)[O-].COC12CCC3=[NH+]CCCN3C1CC(=O)C=C2,P-1,False
NUMJOW,NUMJOW,298 K,NS(=O)(=O)c1ccc(Br)cc1.O=C1CCCCN1,C2/c,False
BOQNIG,BOQNIG,at 100 K,OC(=O)CSCc1ccc(CSCC(O)=O)cc1.Cc1cc(C)nc(N)n1,P21/c,False
YUHGAJ,YUHGAJ,,[NH3+]CCCCC([NH3+])C(=O)[O-].O=C[O-],P21,False
WAHGEV,WAHGEV,296.1 K,OC(=O)C=CC(=O)[O-].O=C(NCCON(=O)=O)c1c[nH+]ccc1,Pca21,False
OWIWUN,OWIWUN,at 295 K,CC1=[NH+]C(=CC(=O)N1)C.O=N(=O)c1cc(c([O-])c(c1)N(=O)=O)N(=O)=O,P21/n,False
BALDOL,BALDOL,120 K,NC1=N[N+]2(CCOCC2)CC1.O=C([O-])c1ccccc1,P21/c,False
CESRUN,CESRUN,,COc1cc(Cc2c[nH+]c(N)nc2N)cc(OC)c1OC.O=C([O-])c1ccccc1,P21/n,False
MOXYIK,MOXYIK,150 K,OC(C(=O)[O-])c1cccc(Br)c1.[NH3+]C(C(O)c1ccccc1)c1ccccc1,P212121,False
MANYEJ,MANYEJ,150 K,OCC(C(=O)[O-])c1ccccc1Cl.[NH3+]C(C(O)c1ccccc1)c1ccccc1,P21,False
UBUJIM,UBUJIM,at 150 K,c1cc(ccn1)c1ccncc1.Cc1cc(O)cc(O)c1,P-1,False
RUNHUG,RUNHUG,296.8 K,CS(C)=O.Cc1cc(N)cc2OC(=O)c3c(O)cc(O)cc3c12,Pn,False
AQUMEH,AQUMEH,293 K,NC(N)=S.COC(=O)C=Cc1ccccn1,P21/n,False
MUROXA,MUROXA,,CNC(N)=O.OC(=O)C(O)=O,Pnma,False
SUYNEI,SUYNEI,293 K,O=C1NC(=S)NC(=C1)[O-].CC1=C(C)[N+](=CN1O)O,P-1,False
JUYVIL,JUYVIL,150 K,N#Cc1cc(C#N)c(cc1C#N)C#N.OC(=O)c1c(O)ccc2ccccc12,P-1,False
KEBCON,KEBCON,293.1 K,Nc1cccc(c1)C(O)=O.CC(=O)c1ccncc1,P21/n,False
AMECUT,AMECUT,100 K,FC(F)(F)S(=O)(=O)[O-].C[N+]1=NN(N2CCOCC2)C(=C1)c1ccc(Br)cc1,P21/n,False
MEKWUU,MEKWUU,,Oc1ccc(O)cc1.C(Cc1ccncc1)c1ccncc1,P-1,False
FASJEQ,FASJEQ,at 298 K,Oc1ccc(cc1C(=O)[O-])N(=O)=O.O=C(CN1C=[NH+]C=C1)c1ccccc1,P212121,False
YOVMUS,YOVMUS,at 296 K,[S-]C1=Nc2ccccc2S1.OCC[NH+](CCO)CCO,P21/c,False
PARVOW,PARVOW,100 K,CN1C(=O)C(=O)c2ccccc12.CN1C(=O)C(=Nc2ccccc2)c2ccccc12,P-1,False
KAPVUS,KAPVUS,,COc1ccc(cc1)C(C)C(=O)[O-].[NH3+]C1C(O)Cc2ccccc12,P21,False
FERNEZ,FERNEZ,298 K,O=C([O-])c1c(cc(cc1N(=O)=O)N(=O)=O)N(=O)=O.[NH3+]C(CC1=CNc2ccccc12)C(O)=O,P21/c,False
RORNIX,RORNIX,at 120 K,OB(O)c1ccc(Br)cc1.c1cnc2ccc3ncccc3c2c1,P-1,False
GIYDEZ01,GIYDEZ01,at 293 K,[NH3+]CC(O)=O.CS(=O)(=O)[O-],P21/m,False
ABEKUN,ABEKUN,173 K,Oc1cccc(O)c1.c1cc(ccn1)C=Cc1ccncc1,P-1,False
TOMWOJ,TOMWOJ,at 293 K,OC(=O)CCCC(O)=O.NC(=O)c1ccccn1,Cmce,False
CUNVUD,CUNVUD,at 298 K,OC(=O)C=CC(=O)[O-].[NH2+]=C1NC(=O)N(C=C1)C1CSC(CO)O1,P212121,False
HEPSAZ05,HEPSAZ05,293 K,[2H]OC(=O)c1ccc(cc1)C(=O)[O-].[2H]N1C=[N+]([2H])C=C1,P21/n,False
BIXMUS,BIXMUS,at 100 K,OC(=O)c1cc[nH+]cc1.OC(=O)C#CC(=O)[O-],P-1,False
VEWZOM,VEWZOM,,CC(C)NC1=[NH+]c2ccc(F)cc2N2C=NN=C12.CS(=O)(=O)[O-],P21/c,False
XISVUT,XISVUT,293 K,Nc1ccccc1C(=O)[O-].OCC[NH2+]CCO,P21/n,False
NUKWOF,NUKWOF,at 150 K,C1CC2CC[NH+]1C=C2C1=C(C=CO1)c1ccccc1.OC(=O)C(=O)[O-],P-1,False
IVORAO,IVORAO,120 K,C1CCOC1.NC(=O)Nc1ccc(O)c(c1)C(O)=O,P21/c,False
VEFQEE,VEFQEE,at 292 K,OC(=O)c1[nH+]cccc1.ClC(Cl)(Cl)C(=O)[O-],P21/n,False
MEBZEC,MEBZEC,302.0 K,CC(=O)[O-].Nc1c(Br)cc(Br)cc1C[NH2+]C1CCC(O)CC1,P21/n,False
RAVXIY,RAVXIY,150 K,Brc1cncc(Br)c1.OC(=O)c1cc(Cl)cc(Cl)c1O,P-1,False
VEJYUH,VEJYUH,299 K,c1cc(ccn1)c1ccncc1.NS(=O)(=O)c1cc2c(NC=NS2(=O)=O)cc1Cl,P-1,False
GALHOT,GALHOT,293 K,FC(F)(F)C(=O)[O-].OC(=O)c1cc[nH+]cc1,Pnma,False
XELKAA,XELKAA,,[NH3+]CCOCC[NH3+].O=C([O-])COCC(=O)[O-],P21/n,False
FOFBEK,FOFBEK,,Cc1[nH+]c2c(O)cccc2cc1.O=N(=O)c1cc(c([O-])c(c1)N(=O)=O)N(=O)=O,P21/c,False
POCHIA,POCHIA,296 K,NC(=[NH2+])Nc1ccc(F)cc1.CS(=O)(=O)[O-],P21/c,False
CIXBUI,CIXBUI,at 298 K,NC1=Nc2ccc(Br)cc2S1.OC(=O)CCCCCCCCC(O)=O,P-1,False
GIMPIF,GIMPIF,80 K,CN(C)c1ccc(cc1)N(C)C.BrC1=C(Br)C(=O)C(=C(Br)C1=O)Br,P-1,False
YUYQAM,YUYQAM,298 K,Nc1nnc(c(N)n1)c1cccc(Cl)c1Cl.COc1cc(C=O)ccc1O,P21/c,False
XOKSAR,XOKSAR,at 295 K,OC(=O)C=CC(=O)[O-].CC1(C)C(C1c1cccc2OCCc12)C(=O)NC(N)=[NH2+],P212121,False
HEDRAL,HEDRAL,at 100 K,NC(=O)c1cnccn1.Oc1cccc(O)c1O,P-1,False
KUNTUK,KUNTUK,275 K,c1ccncc1.CC(=O)Nc1ccc(O)cc1,P21/c,False
FICNEN,FICNEN,293 K,CC1=C([NH+]=CN1)C=O.FC(F)(F)C(=O)[O-],P21/n,False
YACQUR,YACQUR,100 K,COC(=O)c1ccc(O)cc1.CC(C)C1=C(C)N(C)N(c2ccccc2)C1=O,P212121,False
EDASUX,EDASUX,at 293 K,OC(=O)C=CC(=O)[O-].[NH3+]CCC(O)=O,P21/n,False
GEHLUD,GEHLUD,296 K,OC1=C2SSN=C2C(=O)C2=C1S[S+]=N2.FC(F)(F)S(=O)(=O)[O-],P21/c,False
HIQNAA,HIQNAA,90 K,OC(C(O)C(=O)[O-])C(O)=O.COc1ccccc1N1CC[NH2+]CC1,P21,False
DILCAE,DILCAE,at 293 K,CC1(C)OC2OC3C(O)C[NH2+]CC3C2O1.Cc1ccc(cc1)S(=O)(=O)[O-],C2,False
GAHDUP,GAHDUP,at 186 K,c1ccc2nc3ccccc3cc2c1.OC(=O)C=CC=CC(O)=O,P21/c,False
GAHFIF,GAHFIF,at 186 K,OC(=O)c1ccc(cc1)C(O)=O.c1ccc2nc3ccccc3cc2c1,P21/n,False
YIRLOE,YIRLOE,294 K,FC(F)(F)S(=O)(=O)[N-]S(=O)(=O)C(F)(F)F.Oc1cccc2ccc[nH+]c12,Pna21,False
CUVMUB,CUVMUB,,O=P([O-])(Oc1ccccc1)Oc1ccccc1.[NH3+]CC(O)=O,Pbca,False
PILKEB,PILKEB,at 123 K,OC=O.NS(=O)(=O)c1cc2c(NC=NS2(=O)=O)cc1Cl,P21/c,False
ABORAM,ABORAM,at 110 K,NC(=O)CN1CCCC1=O.Oc1ccc(O)cc1,P-1,False
KEWGAY,KEWGAY,295 K,C[NH+]=C1C[N+](=C(c2ccccc2)c2cc(Cl)ccc2N1)[O-].O=C1[N-]S(=O)(=O)c2ccccc12,Pbca,False
AYIKAW,AYIKAW,296 K,c1ccc2cnccc2c1.OC(=O)CCSC1=CC(=O)C(=O)c2ccccc12,P-1,False
AFUJIW,AFUJIW,at 293 K,O=C([O-])c1ccc(cc1)N(=O)=O.NC1=[NH+]C(=CS1)c1ccccc1,P21,False
ORARUV,ORARUV,at 296 K,c1cc(ccn1)c1ccncc1.CC(C)(c1ccc(O)cc1)c1ccc(O)cc1,P21/n,False
OWIFUW,OWIFUW,at 298 K,OC(=O)CN1C(=O)c2cc3C(=O)N(CC(=O)[O-])C(=O)c3cc2C1=O.C[NH+]1CCN(CC1)CC1=CC(=O)Nc2ccccc12,P21/c,False
UPOQIA,UPOQIA,at 150 K,OC(=O)CCCC(O)=O.OC(CN1C=NC=N1)(CN1C=NC=N1)c1ccc(F)cc1F,P-1,False
OFUBIE,OFUBIE,200 K,O=N(=O)c1ccc([O-])c(c1)N(=O)=O.Oc1cc[nH+]cc1,P21/c,False
YAJFEX,YAJFEX,150 K,O=C1[N-]S(=O)(=O)c2ccccc12.[NH3+]c1ccccc1C(N)=O,P-1,False
NUQLUI,NUQLUI,150 K,Cc1c(O)cccc1O.Cc1nc2ccccc2nc1C,P21/n,False
ODIHIU,ODIHIU,at 180 K,O=C1CCCN1.OC1=C(Cl)C(=O)C(=C(Cl)C1=O)O,P21/c,False
VUZLIM,VUZLIM,at 296 K,O=C(NNc1ccccc1)NNc1ccccc1.CN(C)C=O,P21/c,False
ZUFPEX,ZUFPEX,at 100 K,CN(C)P(=O)(N(C)C)N(C)C.FC(F)(Br)C(F)(F)Br,P21/c,False
LEXQIQ,LEXQIQ,173 K,Cc1ccc2N=C(N)Sc2c1.OC(=O)CCCCCCCC(O)=O,P-1,False
SIHQOR,SIHQOR,at 293 K,OC(=O)CCCC(O)=O.NC(=O)c1cnccn1,P21/n,False
LODFUH,LODFUH,at 150 K,NS(=O)(=O)c1cc(C(O)=O)c(NCC2=CC=CO2)cc1Cl.C1COCCO1,P-1,False
JIRQUZ,JIRQUZ,150 K,CN(C)C=O.NC1=NOC(=N1)C1=NON=C1N=NC1=NON=C1C1=NC(=NO1)N,P-1,False
NUKZAV,NUKZAV,at 180 K,NC(=O)c1cccnc1.OC(=O)CCCCCCC(O)=O,P21/c,False
DOGDIP,DOGDIP,302.3 K,CC1=[NH+]C=C(N1CCOC(=O)c1ccccc1)N(=O)=O.OC(=O)C=CC(=O)[O-],C2/c,False
YAXSUN,YAXSUN,at 293 K,OC(=O)c1ccc(Br)cc1.CC1=NN=C2SC(=NN12)c1ccc(Br)cc1,P-1,False
PARWUB,PARWUB,at 100 K,O=C([O-])c1ccc(cc1)N(=O)=O.COc1cc(Cc2c[nH+]c(N)nc2N)cc(OC)c1OC,P21/n,False
HEBHUS,HEBHUS,at 113 K,Nc1ccccc1.COc1cccc(c1)C1(O)c2ccccc2Oc2ccccc12,P21/c,False
GUXTUR,GUXTUR,100 K,CC(=O)NC1=NN=C(S1)S(N)(=O)=O.C(Cc1ccncc1)c1ccncc1,P-1,False
EHEVAQ,EHEVAQ,193 K,Nc1c(N)c(C#N)c(C#N)c(C#N)c1C#N.C1CCOC1,P21/c,False
YOKPEW,YOKPEW,100 K,[NH3+]CCC(O)=O.Oc1ccc(cc1)S(=O)(=O)[O-],P21/c,False
CEDQOV,CEDQOV,293 K,CN1CC(=O)NC1=[NH2+].O=C([O-])c1cc(cc(c1)N(=O)=O)N(=O)=O,P21/c,False
UMIMUY,UMIMUY,at 293 K,OC(=O)CCCCC(O)=O.c1cc(ccn1)N=Nc1ccncc1,P-1,False
ROJKOS,ROJKOS,at 300 K,Nc1[nH+]nc(c(N)n1)c1cccc(Cl)c1Cl.O=C1[N-]S(=O)(=O)c2ccccc12,P-1,False
AXUSUJ,AXUSUJ,120 K,OC(=O)CCCC(O)=O.c1ccc2N3N=NC=C3C=Cc2c1,Fdd2,False
IPUCAA,IPUCAA,173 K,O=C1CCC(=O)N1.Nc1ccc(cc1Br)S(N)(=O)=O,P21/n,False
XOJZIH,XOJZIH,120 K,[NH3+]CCO.O=S(=O)([O-])c1ccc2ccccc2c1,P21/c,False
SESLIM,SESLIM,at 303 K,Nc1ccc(cc1)C(O)=O.OC(=O)c1cccnc1,Cc,False
APEGIN,APEGIN,293 K,c1ccc(nc1)c1ccccn1.Oc1cc(O)c(Cl)cc1Cl,C2/c,False
HINJUN,HINJUN,293 K,CC1=C(C=C(C#N)C(=O)N1)c1cc[nH+]cc1.Oc1ccc(F)cc1C(=O)[O-],P-1,False
ENAYEZ,ENAYEZ,296 K,CC(C)Cc1ccc(cc1)C(C)C(=O)[O-].[NH3+]CCc1ccc(O)cc1,P21/c,False
DIGCAY,DIGCAY,at 150 K,O=C(Nc1cc[nH+]cc1)Nc1cc[nH+]cc1.O=C([O-])CCCCC(=O)[O-],P-1,False
UNEZUI,UNEZUI,at 100 K,CCCC(O)=O.NC(=O)N1c2ccccc2C=Cc2ccccc12,P-1,False
PEKRUU,PEKRUU,at 295 K,OC(=O)c1cc(O)ccc1O.NC(=O)c1cccnc1,P212121,False
YOVMUU,YOVMUU,293 K,CN1N(C(=O)C=C1C)c1ccccc1.OC(=O)C=CC(O)=O,P-1,False
LOFQIJ,LOFQIJ,150 K,OC(=O)c1nccnc1C(=O)[O-].NC(=O)NN=Cc1cc[nH+]cc1,Pn,False
NAFKAJ,NAFKAJ,100 K,FC(F)(F)C(=O)[O-].[NH3+]C1CC(N(C1)C(C)=O)C(=O)OC,P21,False
ARAMEO,ARAMEO,293 K,NC(N)=O.COC(=O)C=Cc1cccnc1,I2/a,False
VAVKAH,VAVKAH,123 K,C[NH+](C)C(C)C(O)c1ccccc1.OC(C(=O)[O-])c1ccccc1,P21,False
HUTRAS,HUTRAS,293 K,CCc1[nH+]ccc(c1)C(N)=S.OC(=O)CC(=O)[O-],P-1,False
GAXCIU,GAXCIU,100 K,[NH3+]C(CCO)CCCCC.Brc1ccc(cc1)C(=O)[O-],P212121,False
MXTTCQ01,MXTTCQ01,,COc1cc2Sc3cc(OC)c(OC)cc3Sc2cc1OC.N#CC(C#N)=C1C=CC(C=C1)=C(C#N)C#N,P21/c,False
NUPBEH,NUPBEH,100 K,[2H]OC(=O)C(=O)[O-].[2H][n+]1ccc(cc1)C(N([2H])[2H])=O,P-1,False
TAPBUL,TAPBUL,173 K,N#Cc1ccncc1.CC1=CC(=NO1)NS(=O)(=O)c1ccc(N)cc1,P21/n,False
QEPJIF,QEPJIF,at 298 K,CCC(=O)[O-].[NH3+]CCNc1ccc(cc1)N(=O)=O,Pn,False
VAXWAU,VAXWAU,at 120 K,OC(=O)CCC(O)=O.c1cnccn1,P21/n,False
ANIKEQ,ANIKEQ,293 K,Nc1ccc(cc1)S(=O)(=O)Nc1ncccn1.CN1CCCC1=O,P-1,False
TIXGEM,TIXGEM,,[NH3+]C(C)C(O)=O.O=N(=O)c1ccc(c(c1)N(=O)=O)S(=O)(=O)[O-],P21,False
GESJOF,GESJOF,at 150 K,OB(O)c1ccc(cc1)C(O)=O.CC1=NN=C2CN=C(c3ccccc3)c3cc(Cl)ccc3N12,P-1,False
VELXES,VELXES,295 K,BrN1C(=O)c2ccccc2C1=O.Cc1cncc(C)c1,P21/a,False
AFICID,AFICID,at 293 K,OC(=O)c1ccc2ccccc2c1c1c(ccc2ccccc12)C(O)=O.Cc1ccccn1,C2/c,False
UBEGUF,UBEGUF,at 295 K,Nc1[nH+]cccc1O.O=N(=O)c1cc(c([O-])c(c1)N(=O)=O)N(=O)=O,Cc,False
TIHFUM,TIHFUM,at 150 K,Fc1cccc2C(=O)C(=O)Nc12.CS(C)=O,P-1,False
MEDBOO,MEDBOO,at 123 K,Clc1ccccc1C(=O)[O-].[NH3+]CCc1ccc(O)cc1,P21/c,False
WOQBOT,WOQBOT,,OC(=O)CCC(O)=O.c1ccc2nc3ccccc3nc2c1,P21/n,False
AMEBUS,AMEBUS,100 K,FC(F)(F)S(=O)(=O)[O-].FC(F)(F)C([N+]#N)=S1c2ccccc2c2ccccc12,P-1,False
QAGJUD,QAGJUD,,NC1=[NH+]c2ccccc2S1.O=C([O-])C1=CC=CS1,P21/c,False
OVIGEG,OVIGEG,at 120 K,OC(C(O)C(=O)[O-])C(O)=O.OC(=O)C1C[NH2+]CCC1,P21,False
MENRAC,MENRAC,100 K,Nc1ccc(Br)cn1.Cc1ccccc1C(O)=O,P21/c,False
WOBQIQ,WOBQIQ,100 K,OC(=O)C=CC1=CNC=[NH+]1.Oc1cc(O)cc(c1)C(=O)[O-],Pccn,False
VAQSUC,VAQSUC,at 203 K,OC(=O)CC(=C)C(=O)[O-].COc1cc(C)[nH+]c(N)n1,P21/c,False
GUMHAZ,GUMHAZ,100 K,FC(F)(F)S(=O)(=O)[N-]S(=O)(=O)C(F)(F)F.O=C1CC[NH2+]CC1,P21/c,False
XIBDIX,XIBDIX,at 295 K,NC(=[NH2+])NC(N)=S.Oc1ccc(cc1O)C(=O)[O-],P21/c,False
OSEGOL,OSEGOL,160 K,NC(=O)c1ccc[n+](c1)C1OC(CO)C(O)C1O.OC(CC(O)=O)C(=O)[O-],P21,False
IDAPUZ,IDAPUZ,at 180 K,CCCCCCCCCCC(O)=O.c1cnccn1,P-1,False
DIMCOV,DIMCOV,293 K,c1cc(ccn1)c1ccncc1.OC(=O)c1ccc(Cl)nc1,P-1,False
ISEROQ,ISEROQ,273 K,COc1c(Cl)ccc(Cl)c1C(=O)[O-].C[N+](C)(C)CC(O)=O,Pca21,False
BOVWUG,BOVWUG,at 150 K,OC(=O)c1ccc(F)c(F)c1F.C(Cc1ccncc1)c1ccncc1,P21/c,False
XABMIZ,XABMIZ,293 K,[NH2+]=C1NC=CS1.Oc1ccc(c(O)c1)C(=O)[O-],P21/c,False
LATQOO,LATQOO,at 173 K,O=C1NS(=O)(=O)c2ccccc12.Cc1ccnc2N(C3CC3)c3ncccc3C(=O)Nc12,P-1,False
GOKCEQ,GOKCEQ,at 296 K,OC=O.c1cc(ccn1)c1ccncc1,P21,False
POZPAY,POZPAY,296 K,OC(=O)c1ccc(O)cc1.OC(CN1C=NC=N1)(CN1C=NC=N1)c1ccc(F)cc1F,P-1,False
AFUHUG,AFUHUG,296 K,NNC(=O)C1=C(O)c2ccccc2S(=O)(=O)N1.NNC(=O)C(=O)NN,P-1,False
JAQZEK,JAQZEK,296 K,COc1cccc(c1)N1CC[NH2+]CC1.COc1cccc(c1)N1CCN(CC1)C(=O)[O-],P-1,False
GONQIL,GONQIL,100 K,Nc1nc(N)nc(N)n1.CS(C)=O,P21/c,False
MOXVIF,MOXVIF,at 173 K,OC(=O)c1ccc(O)cc1.NC(=O)N1c2ccccc2C=Cc2ccccc12,P21/c,False
QOVLEV,QOVLEV,293 K,Nc1[nH+]cc(Br)cc1.OC(C(=O)[O-])(c1ccccc1)c1ccccc1,P21/c,False
FOVQOZ,FOVQOZ,296 K,OC(=O)c1cc(cc(c1[O-])N(=O)=O)N(=O)=O.COc1ccc(cc1)N1CC[NH2+]CC1,P21/c,False
KUCGIA,KUCGIA,at 293 K,Cc1ccccc1O.Nc1ccccc1F,P21/c,False
LIGNIB,LIGNIB,293 K,OC(=O)CCCCC(O)=O.NC1=Nc2ccccc2S1,P21/c,False
LACTER,LACTER,298 K,Nc1ccc(C(O)=O)c(O)c1.c1ccnnc1,Pnma,False
JIYQEQ,JIYQEQ,100 K,Fc1cc(F)c([n+]2ccccc2)c(F)c1C#N.FC(F)(F)S(=O)(=O)[O-],P-1,False
DUSMAF,DUSMAF,,[NH3+]C(CCC(=O)[O-])C(=O)[O-].[NH3+]C(CCCNC(N)=[NH2+])C(=O)[O-],P21,False
AXUFUV,AXUFUV,at 173 K,c1ccc2c(c1)cnc1ccccc21.OC(=O)C=CC(O)=O,P21/c,False
AWIJUM,AWIJUM,at 90 K,NC(=[NH2+])NN=Cc1c(Cl)cc(O)cc1Cl.CC(=O)[O-],Pbca,False
FAQVAV,FAQVAV,at 293 K,Oc1ccc(cc1C(=O)[O-])N(=O)=O.[NH3+]CCO,P21/c,False
KOVSIZ,KOVSIZ,at 296 K,OC(=O)CC(=CC(O)=O)C(O)=O.NC(=O)c1cnccn1,P-1,False
LUTDUR01,LUTDUR01,at 100 K,NC(N)=O.Cc1cccc(C)n1,P-1,False
MOXVIF01,MOXVIF01,at 85 K,OC(=O)c1ccc(O)cc1.NC(=O)N1c2ccccc2C=Cc2ccccc12,P21/n,False
EWANEW,EWANEW,at 150 K,C1N2CN3CN1CN(C2)C3.Cc1cc(O)cc(O)c1,Pccn,False
ATOMAY,ATOMAY,at 198 K,[NH3+]CCc1ccc(O)c(O)c1.OC1=C([O-])C(=O)C1=O,P-1,False
JIYQIU,JIYQIU,100 K,FC(F)(F)S(=O)(=O)[O-].Clc1cnc([n+]2ccccc2)c(Cl)n1,P21/n,False
CAVYIH,CAVYIH,,OC1=C(Cl)C(=O)C(=C(Cl)C1=O)O.c1cnccn1,P21/n,False
ROFPAE,ROFPAE,at 295 K,CC(=O)[O-].CC1=C(C)[NH+]=C(N1)c1ccccc1O,P21/n,False
NAWYIX,NAWYIX,293 K,[NH3+]Cc1ccccc1O.Oc1ccc(cc1O)C(=O)[O-],P21/c,False
VAVHUY,VAVHUY,123 K,C[NH+](C)C(C)C(O)c1ccccc1.Oc1ccccc1C(=O)[O-],P212121,False
YIKMEM,YIKMEM,at 100 K,[NH2+]=C(O)N1c2ccccc2CCc2ccccc12.CS(=O)(=O)[O-],P21/c,False
QUQPEZ,QUQPEZ,293 K,Oc1cc(O)c(Cl)cc1Cl.COC(=O)C=Cc1cccnc1,P21/c,False
AVIYAI,AVIYAI,200 K,CC1=Nc2ccccc2OC(C)(C)C1.Nc1ccccc1O,P-1,False
YOTMUQ,YOTMUQ,at 293 K,[NH3+]C(CO)(CO)CO.ClC(Cl)C(=O)[O-],P21,False
ASAVAU,ASAVAU,120 K,C[N+]1=C(SCC1)SC[Si](C)(C)C.FC(F)(F)S(=O)(=O)[O-],P21/c,False
YAJFIB,YAJFIB,150 K,O=C1NS(=O)(=O)c2ccccc12.NC(=O)c1ccccc1F,P21/c,False
RIVVEA,RIVVEA,150 K,[NH3+]c1ccc(cc1)C(O)=O.O=C([O-])c1cnccn1,Pc,False
VORLAQ,VORLAQ,at 296 K,CC1=[NH+]c2ccccc2C(=O)N1N.Cc1ccc(cc1)S(=O)(=O)[O-],Cc,False
IXUCEM,IXUCEM,298 K,CN1C=NC2=C1C(=O)N(CCCCC(C)=O)C(=O)N2C.OC(=O)c1ccc(O)c(O)c1,P21,False
SICQOM,SICQOM,at 296 K,[NH2+]1CCOCC1.Clc1ccc(cc1)C1=C(C#N)C(=O)NC(=C1C#N)[O-],P-1,False
NUQHUE,NUQHUE,150 K,Cc1c(O)cccc1O.c1ccc2nc3ccccc3cc2c1,P21/n,False
NANQID,NANQID,at 293 K,O1C(=NN=C1c1cccnc1)c1cccnc1.OC(=O)c1ccc(cc1)C(O)=O,P-1,False
EVOWER,EVOWER,at 150 K,CN(C)C=O.OC(=O)c1cccc(C(O)=O)c1C(O)=O,P212121,False
PIRNUB,PIRNUB,at 150 K,NC(=O)c1cc[nH+]cc1.Fc1c(F)c(F)c(c(F)c1F)C(=O)[O-],P21/c,False
ENEPAQ,ENEPAQ,173 K,c1cc(ccn1)c1ccncc1.OC(=O)c1cc(Cl)cc(Cl)c1O,P-1,False
VIGFUO01,VIGFUO01,293 K,ON=C1CCCCC1=NO.C(Cc1ccncc1)c1ccncc1,P-1,False
UWUHEC,UWUHEC,293 K,ClC(Cl)=C(NC(=O)Cc1ccccc1CC(=O)NC(C#N)=C(Cl)Cl)C#N.C1COCCO1,P1,False
ADARIH,ADARIH,at 120 K,ON=C1CCCCC1.C1CCC(CC1)NC1CCCCC1,Pna21,False
ABUHIO,ABUHIO,,c1ccc(nc1)C#Cc1ccccn1.OC1=C(Cl)C(=O)C(=C(Cl)C1=O)O,P-1,False
FOZLIQ,FOZLIQ,at 140 K,NC(NC1=N[N-]N=N1)=NN(=O)=O.[NH2+]=C1NC2NC(NC2N1)=NN(=O)=O,P-1,False
OTUVOQ,OTUVOQ,173 K,CC(=O)Nc1ccc(cc1)C(=O)[O-].C[NH+](C)CC(C)O,P21/n,False
DUJCER,DUJCER,at 180 K,OC1=C(Cl)C(=O)C(=C(Cl)C1=O)[O-].Oc1c[nH+]ccc1,P-1,False
YORGUH,YORGUH,,CC(=O)NC1c2ccccc2C=Cc2ccccc12.C1COCCO1,Pnma,False
RIBXAC,RIBXAC,at 291 K,OC(=O)c1cccc(c1)C(=O)[O-].Oc1c[nH+]ccc1,P21/n,False
XOXGUM,XOXGUM,,[NH3+]CCCCC([NH3+])C(=O)[O-].OC(=O)C(=O)[O-],P-1,False
TEZMUI,TEZMUI,at 298 K,Nc1nc(N)nc(n1)c1ccccc1.OC(=O)c1ccccc1,Pc,False
RERNUA,RERNUA,296.1 K,NC1=[NH+]C(=O)NC=C1F.CS(=O)(=O)[O-],P21/c,False
SAVMEK,SAVMEK,100 K,OB(O)c1c[nH+]ccc1.OC(=O)c1cc(cc(c1)C(=O)[O-])C(O)=O,P-1,False
EBONAN,EBONAN,296 K,CN1C=CC(=O)C(=C1C)O.OC(=O)c1ccc(O)cc1,P-1,False
KICWEA,KICWEA,180 K,CCc1[nH+]c(N)nc(N)c1c1ccc(Cl)cc1.O=C1[N-]S(=O)(=O)c2ccccc12,P-1,False
XEDTIN,XEDTIN,150.2 K,Oc1cc(O)c(Br)cc1Br.O1C(=Nc2ccccc12)C=Cc1ccccc1,P21/n,False
UREWAQ,UREWAQ,at 296 K,[NH3+]C(CO)(CO)CO.O=C[O-],Pbca,False
DIVTAD,DIVTAD,,Nc1ccc(cc1)C(O)=O.CN1CCN(C)C1=O,P21/c,False
RIFTUY,RIFTUY,296 K,ClCP(=O)([O-])CCl.CCOC1OCc2c[nH+]c(C)c(O)c12,C2/c,False
GUXVON,GUXVON,100 K,CC(=O)NC1=NN=C(S1)S(N)(=O)=O.c1cc(ccn1)N=Nc1ccncc1,P-1,False
DATFIP,DATFIP,at 293 K,CC(=O)NC1=NN=C(S1)S(N)(=O)=O.NC(=O)c1ccccn1,P-1,False
LAPFAL,LAPFAL,at 296 K,Nc1[nH+]cccc1CO.O=C([O-])c1ccccc1C(=O)c1ccccc1,C2/c,False
BEVZIP,BEVZIP,293 K,OC(=O)CCC(O)=O.Nc1nc(N)nc(N)n1,P-1,False
TEPLUZ,TEPLUZ,170 K,OC(=O)c1cc(cc(c1)C(O)=O)C(O)=O.CCOc1ccccc1C(N)=O,P212121,False
GEHLOV,GEHLOV,,Cc1ccc(cc1)S(=O)(=O)[O-].C[NH2+]C(C)C(O)c1ccccc1,P212121,False
ZARBOM,ZARBOM,295 K,[NH3+]C(CCC(O)=O)C(O)=O.Cc1ccc(cc1)S(=O)(=O)[O-],P21,False
WUKRAV,WUKRAV,at 180 K,OC(=O)C(O)=O.c1cnc2ccc3ncccc3c2c1,P21/m,False
XARQAK,XARQAK,at 200 K,CN(C)C=O.c1cc(nc(c1)N1C=NN=N1)N1C=NN=N1,P21/c,False
PAGLAM,PAGLAM,at 173 K,CC(C)N[C+](NC(C)C)Nc1ccc(F)cc1.FC(F)(F)S(=O)(=O)[O-],P-1,False
REFFEO,REFFEO,at 203 K,NC(=O)c1cc[nH+]cc1.O=P1([O-])Oc2ccc3ccccc3c2c2c(O1)ccc1ccccc21,C2/c,False
FATFUF,FATFUF,150 K,Cc1ccc(cc1)S(=O)(=O)[O-].NN1N=NN(OCc2ccccc2)C1=[NH2+],P-1,False
WOYPIJ,WOYPIJ,at 293 K,FC(F)(F)C(=O)[O-].COc1cc(Cc2c[nH+]c(N)nc2N)cc(OC)c1OC,P21/a,False
UKUJEQ,UKUJEQ,at 208 K,OC(O)(c1cccc(n1)C(O)(O)C(F)(F)F)C(F)(F)F.C1CCOC1,Pcmn,False
UGOWAQ,UGOWAQ,100 K,OC(=O)c1cc(O)cc(O)c1.O=C1CCC(=O)N1,P-1,False
LOYRIC,LOYRIC,296 K,OC(=O)c1cccc(c1)C(O)=O.c1cc(ccn1)c1ccncc1,P-1,False
SUXVOW,SUXVOW,at 296 K,c1cc(ccn1)c1ccncc1.OC(=O)c1ccccc1C(O)=O,C2/c,False
ZAPFEE,ZAPFEE,200 K,NC1=[NH+]C(=O)NC=C1F.O=N(=O)c1cc(c([O-])c(c1)N(=O)=O)N(=O)=O,Pbca,False
EWAQUP,EWAQUP,at 150 K,Cc1cc(O)cc(O)c1.c1cnccn1,P21/n,False
APAMEK,APAMEK,at 293 K,Oc1cc(O)cc(O)c1.O=C(C=Cc1ccncc1)C=Cc1ccncc1,P21/c,False
UNITAN,UNITAN,at 296 K,OC(=O)c1ccc(C(O)=O)c(c1)C(O)=O.CN1C=NC2=C1C(=O)N(C)C(=O)N2C,P-1,False
KAGPUH,KAGPUH,296.1 K,OC(=O)c1cc(ccc1O)S(=O)(=O)[O-].NC(=O)c1cc[nH+]cc1,C2/c,False
EPUHIJ,EPUHIJ,298 K,NC1=[NH+]c2ccccc2S1.ClC(Cl)(Cl)C(=O)[O-],P-1,False
PETNEJ,PETNEJ,at 120 K,ON=Cc1c(F)c(F)c(Br)c(F)c1F.c1cc(ccn1)N=Nc1ccncc1,P21/n,False
PIXVEZ,PIXVEZ,at 200 K,Cc1ccc(cc1)S(=O)(=O)[O-].[NH3+]c1ccc(cc1)S(=O)(=O)c1ccc(N)cc1,P21/n,False
HUTRIA,HUTRIA,293 K,CCc1[nH+]ccc(c1)C(N)=S.OC(C(O)C(=O)[O-])C(O)=O,P21,False
OTIZEX,OTIZEX,at 298 K,OCCCCCCCCCCO.NC(N)=O,P-1,False
MEXMUB,MEXMUB,293 K,NC(=O)N1c2ccccc2C=Cc2ccccc12.COc1ccc(C(C)=O)c(O)c1,P-1,False
HABNON,HABNON,at 105 K,CC1OC(CC1O)C[N+](C)(C)C.O=N(=O)c1cc(c([O-])c(c1)N(=O)=O)N(=O)=O,P-1,False
QUBQOT,QUBQOT,at 93 K,CC1=CC(=CC(=O)O1)OCc1cccc2ccccc12.O=C1NC(=O)C=C1,P-1,False
JUNDAA,JUNDAA,293 K,CC[NH+](CC)CCO.Nc1ccc(cc1)C(=O)[O-],Pna21,False
FEFYEW,FEFYEW,at 190 K,NS(=O)(=O)c1cc(C(O)=O)c(NCC2=CC=CO2)cc1Cl.CN1C=NC2=C1C(=O)N(CCCCC(C)=O)C(=O)N2C,P-1,False
SEPREK,SEPREK,,O=C(NCc1ccncc1)C(=O)NCc1ccncc1.OCCNC(=O)C(=O)NCCO,P-1,False
ABEQUU,ABEQUU,at 293 K,[NH3+]CCC(O)=O.O=N(=O)c1cc(c([O-])c(c1)N(=O)=O)N(=O)=O,P-1,False
KEXZOD,KEXZOD,at 293 K,OCCCCCCCCCCO.Nc1ccc(N)cc1,P21/c,False
KAZCUK,KAZCUK,at 130 K,c1ccccc1.ON=C(c1ccccc1)c1cc(Br)ccc1NC(=O)C=C,P21/c,False
ULAZEM,ULAZEM,at 120 K,Oc1cc(O)cc(O)c1.OCCN1C(=O)c2ccccc2C1=O,P21/n,False
TOQPEX,TOQPEX,150 K,NC(=S)NN=Cc1cc[nH+]cc1.OC(=O)c1cc(cc(c1)C(=O)[O-])C(O)=O,P-1,False
OTUDUD,OTUDUD,at 173 K,CC(C)O.ON=C1C(=O)c2ccccc2C1=NO,P-1,False
MOZCEK,MOZCEK,at 173 K,OC(=O)c1cc(O)cc(O)c1.CN1C=NC2=C1C(=O)N(C)C(=O)N2C,P21/c,False
JUFVAJ,JUFVAJ,at 100 K,OCC1[NH2+]CCC1.OB1OB(O)O[B-]2(O1)OB(O)OB(O)O2,P1,False
EPUPUB01,EPUPUB01,at 150 K,c1cc(ccn1)c1ccncc1.OC(=O)c1ccc(O)cc1,C2/c,False
NUMYUS,NUMYUS,304 K,Fc1c(F)c(F)c(N=Cc2ccncc2)c(F)c1F.OC(=O)c1ccccc1,P-1,False
COSKUT,COSKUT,296.1 K,NNC(=O)c1ccncc1.COc1cc(cc(OC)c1O)C(O)=O,P-1,False
WOPPOH,WOPPOH,at 290 K,c1cc(ccn1)C=Cc1ccncc1.Oc1cc(O)c(Cl)cc1Cl,P21/n,False
KIHYAC,KIHYAC,at 100 K,c1cc(ccn1)c1ccncc1.Oc1ccc(cc1)C#N,P-1,False
XOMTUP02,XOMTUP02,at 100 K,Cc1ccc(cc1)S(=O)(=O)[O-].C[NH2+]CC(O)=O,P21/n,False
GUQLAH,GUQLAH,295 K,O=S(=O)([O-])c1cccc2c1cccc2S(=O)(=O)[O-].[NH3+]C(CC1=C[NH+]=CN1)C(O)=O,P21,False
DUNWIU,DUNWIU,100 K,c1cc(ccn1)C=Cc1ccncc1.OC(=O)c1cccc(O)c1O,P-1,False
TICREE,TICREE,at 100 K,Cc1ccncc1.Nc1ccc(cc1)S(=O)(=O)Nc1ncccn1,P-1,False
YOYYAP01,YOYYAP01,296 K,Oc1ccccc1C(=O)[O-].Oc1c[nH+]ccc1,P212121,False
KEKFOW,KEKFOW,at 120 K,OC(=O)CN1C(=O)c2cc3C(=O)N(CC(O)=O)C(=O)c3cc2C1=O.CS(C)=O,P21/m,False
NEBGIK,NEBGIK,,COc1ccccc1N1CC[NH2+]CC1.O=N(=O)c1cc(c([O-])c(c1)N(=O)=O)N(=O)=O,P-1,False
DAVPAS,DAVPAS,at 100 K,OC(=O)c1cc(O)ccc1O.NC(=O)CN1CCCC1=O,C2/c,False
KIJGAP,KIJGAP,298 K,Oc1cc(O)cc(O)c1.CCOc1ccccc1C(N)=O,Pn,False
APAWOF,APAWOF,293 K,COc1cc2NC(=NS(=O)(=O)c2c(OC)c1)C(Cl)(Cl)Cl.CS(C)=O,P-1,False
FOBNIV,FOBNIV,at 100 K,FC(F)(F)S(=O)(=O)[O-].[BH2-]1[N+]2=CC=CN2P(N2C=CC=[N+]12)c1ccccc1,Pna21,False
LACBAS,LACBAS,,OC(=O)CCC(=O)[O-].[NH3+]CC(=O)NC(CC1=C[NH+]=CN1)C(=O)[O-],P21,False
MUPNOB,MUPNOB,at 100 K,CN1C=NC2=C1C(=O)N(C)C(=O)N2C.OC(=O)c1cc(O)c(O)c(O)c1,C2/c,False
RERCOK,RERCOK,100 K,NC(=[NH2+])NC1=NC(=CS1)CSCCC(N)=NS(N)(=O)=O.Oc1cccc(c1)C(=O)[O-],P-1,False
URANAD,URANAD,at 293 K,Clc1ccc(cc1)S(=O)(=O)[O-].[NH3+]c1ccc(Cl)cc1Cl,P-1,False
PIPLOS,PIPLOS,298 K,[NH3+]C(CO)(CO)CO.O=C([O-])c1ccncc1,P212121,False
WIVDUA05,WIVDUA05,at 110 K,OC1=C(Br)C(=O)C(=C(Br)C1=O)O.c1ccc2nc3ccccc3nc2c1,P21,False
RAHZEH,RAHZEH,at 233 K,C[Si](C)(C)N1C=C[N+](=C1)[Si](C)(C)C.FC(F)(F)S(=O)(=O)[O-],Pbca,False
OQIYIX,OQIYIX,at 296 K,OC(C(O)C(=O)[O-])C(O)=O.Oc1ccc2ccccc2c1C1[NH2+]CCC1,C2,False
GULQOV,GULQOV,293 K,[NH3+]c1ccc(cc1)S(=O)(=O)N=C1NN=C(C)S1.OC(=O)C(=O)[O-],P21/c,False
LUTPIC,LUTPIC,273 K,CCCc1cc(ccn1)C(N)=S.OC(=O)c1ccccc1O,P21/c,False
BASYUR,BASYUR,at 298 K,NC1=Nc2ccc(Br)cc2S1.OC(=O)c1ccc(cc1)C(O)=O,P21/c,False
FEZXIT,FEZXIT,at 150 K,c1ccccc1.COc1ccc(NS(=O)(=O)c2ccc3ccccc3c2)cc1,P21/n,False
PAXDID,PAXDID,at 173 K,[NH3+]c1ccc(O)cc1.ClCC(=O)[O-],P21/c,False
KEZFIG,KEZFIG,at 293 K,[NH3+]CCO.Oc1ccc(cc1)C(=O)[O-],Cc,False
FEBSOX,FEBSOX,300 K,NC(=O)c1ccncc1.OC(=O)c1ccccc1N(=O)=O,P21/c,False
GAVWOR,GAVWOR,at 100 K,FC(F)(F)C(=O)[O-].COC(=O)C1=C(O)CC[NH2+]C1c1ccc(C)cc1,P21/c,False
GULSIR,GULSIR,100 K,FC(F)(F)S(=O)(=O)[O-].O=C1CC[NH2+]CC1,P-1,False
NUHYEU,NUHYEU,,NC(N)=O.Nc1ccc(cc1)C(O)=O,Pnab,False
ILIZOV,ILIZOV,113.2 K,O=C1NC(=O)C=C(N1)C(=O)[O-].[NH3+]CCCC(O)=O,P-1,False
IMEGIR,IMEGIR,at 300 K,[NH3+]C(C)C(O)=O.OC(=O)C(=O)[O-],P21/c,False
ZAKSAI,ZAKSAI,150 K,OC(=O)C(O)=O.NC(=O)c1ccccc1O,C2/c,False
NUJWIZ,NUJWIZ,at 100 K,Brc1ccc(CN2C=Nc3ccccc23)cc1.ON=C(C#N)c1ccc(Br)cc1,P-1,False
ZATHEL,ZATHEL,100 K,Oc1cc(O)cc(O)c1.CN1C=CC(=O)C(=C1C)O,P-1,False
MORQEP,MORQEP,at 296 K,NC(N)=O.CCCCCCCCN,C2/c,False
AJALEC,AJALEC,at 203 K,OC(=O)C=CC(O)=O.NC(=O)c1ccc(Cl)cc1,P-1,False
HEZXAM,HEZXAM,at 296 K,[NH3+]CCO.OC(C(=O)[O-])c1ccccc1,P212121,False
SOBBAP,SOBBAP,246.2 K,NS(=O)(=O)c1cc2c(NCNS2(=O)=O)cc1Cl.c1ccc2nc3ccccc3nc2c1,P21/n,False
YETLUE,YETLUE,,Oc1c[nH+]ccc1.OC(CC(O)=O)C(=O)[O-],P212121,False
LEKRUO,LEKRUO,,CC(=O)NC(Cc1ccccc1)C(=O)[O-].C[N+](C)(C)CCO,I2/a,False
VUHZOQ,VUHZOQ,150 K,c1cc(ccn1)C=Cc1ccncc1.Cc1cc(O)cc(O)c1,P21/c,False
ZOYCIB,ZOYCIB,at 173 K,NC(=O)c1ccncc1.COc1cc(ccc1O)C(O)=O,P-1,False
JOYJAK,JOYJAK,at 120 K,Nc1ncccn1.OC(=O)CCCC(O)=O,P-1,False
LATLEY,LATLEY,at 203 K,OC(=O)CCC(O)=O.C(N1C=CN=C1)c1ccc(CN2C=CN=C2)cc1,P21/n,False
ROMZUR,ROMZUR,296 K,OC(=O)c1cccc(n1)C(O)=O.Cc1cc(C)nc(NS(=O)(=O)c2ccc(N)cc2)n1,P21/n,False
CIHDOP,CIHDOP,123 K,[NH2+]=C1NC(=O)N(C=C1)C1CSC(CO)O1.CC1=CC(=O)[N-]S(=O)(=O)O1,P212121,False
OFOKOK,OFOKOK,at 298 K,c1cc(ccn1)c1ccncc1.Cc1ccc(cc1)C(O)=O,P21/c,False
FEZWOA,FEZWOA,183 K,[NH3+]CCN1CCOCC1.Cc1ccc(cc1)S(=O)(=O)[O-],P-1,False
PEFGEO03,PEFGEO03,at 120 K,OC(=O)c1cc(O)c(O)c(O)c1.CC(N)=O,C2/c,False
CUSJAB,CUSJAB,at 173 K,OC1CNC(=[NH+]C1)CCC1=[NH+]CC(O)CN1.O=C([O-])c1ccc(cc1)C(=O)[O-],P-1,False
KADGAY,KADGAY,at 293 K,COc1cc(Cc2c[nH+]c(N)nc2N)cc(OC)c1OC.O=C([O-])c1ccccc1N(=O)=O,Pbca,False
DOHSID,DOHSID,at 133 K,Brc1ccc(cc1)S(=O)(=O)[N-]S(=O)(=O)c1ccc(Br)cc1.[NH3+]c1cccc(Br)c1,Pbca,False
TAPJIF,TAPJIF,at 100 K,FC(F)(F)S(=O)(=O)[O-].CCOC(=O)c1ccc[n+](CC(N)=O)c1,P-1,False
CAMWUJ,CAMWUJ,at 293 K,OC(=O)CC(=O)[O-].[NH3+]C(Cc1c[nH+]c[nH]1)C(=O)[O-],P21,False
FADGEY,FADGEY,at 173 K,NNC(=O)c1ccncc1.OC(=O)CC(O)=O,P21212,False
VIPYAX,VIPYAX,180 K,OC1=C(Cl)C(=O)C(=C(Cl)C1=O)O.O=C1NCCN1,P21/c,False
HILPOI,HILPOI,at 293 K,Oc1c(cc(cc1N(=O)=O)N(=O)=O)C(=O)[O-].COc1cc(Cc2c[nH+]c(N)nc2N)cc(OC)c1OC,Pca21,False
EZAQII,EZAQII,293 K,COc1cc(OC)nc(N)n1.OC(=O)C=CC(O)=O,P-1,False
XULCIT,XULCIT,140 K,FC(F)(F)S(=O)(=O)[O-].CC(C)[N+](=NNC(=O)C(=O)c1ccccc1)C(C)C,P-1,False
HUQXEY,HUQXEY,123 K,OC(=O)c1cc(ccc1O)S(=O)(=O)[O-].[NH2+]=C(O)N1c2ccccc2C=Cc2ccccc12,P-1,False
ZEYDAK,ZEYDAK,at 298 K,NC1=[NH+]C(=O)NC=C1.O=N(=O)c1cccc(c1[O-])N(=O)=O,P-1,False
XONBUZ,XONBUZ,at 296 K,OC(=O)C1=CC=C(Cl)S1.C(Cc1ccncc1)Cc1ccncc1,C2,False
JODKOD,JODKOD,at 299 K,[NH2+]1CCOCC1.CC(CC(=O)c1ccccc1)C(=O)[O-],P21/n,False
MODDIU,MODDIU,110 K,Nc1nc(N)nc(N)n1.CCC1(CC)C(=O)NC(=O)NC1=O,Pmn21,False
XABMAR,XABMAR,293 K,[NH2+]=C1NC=CS1.Oc1cccc(O)c1C(=O)[O-],C2/c,False
RESHED,RESHED,at 180 K,OC(=O)C=CC(O)=O.Cc1cncc(C)c1,P21/c,False
REZPAP,REZPAP,297 K,OC(=O)C=CC(=O)[O-].[NH3+]C(CO)C(O)=O,P-1,False
EQAYOM,EQAYOM,100 K,Cc1[nH+]c(C)c(Cl)c(N)n1.OC(=O)C1=CC=C(S1)C(=O)[O-],P21/n,False
JOJXIS,JOJXIS,293 K,OC(=O)c1cc(Cl)cc(Cl)c1O.Cc1cnc(C)c(C)n1,P21/n,False
GESCEO,GESCEO,at 150 K,NC(=O)c1ccc(O)cc1.OC(=O)CCCCCCCCC(O)=O,P21/c,False
ETECUE,ETECUE,298 K,OC(=O)C(=O)[O-].NC1=[NH+]C(=O)NC=C1Br,P21/c,False
HAGZUL,HAGZUL,at 293 K,OC(=O)C(=O)[O-].[NH3+]C(CC(C)C)C(O)=O,P1,False
EZIDIB,EZIDIB,at 298 K,OC(=O)C(O)=O.CC1=NN=C2CN=C(c3ccccc3)c3cc(Cl)ccc3N12,C2/c,False
DUJCAN,DUJCAN,at 298 K,OC(=O)C=CC(=O)[O-].NC1=[NH+]C(=O)NC=C1,C2/c,False
FIVNEF,FIVNEF,273 K,NC(N)=O.COc1cc(C=O)ccc1O,Pnma,False
WOQBAF,WOQBAF,,c1ccc2nc3ccccc3nc2c1.CC(=CC(O)=O)C(O)=O,C2/c,False
JIGKES,JIGKES,293 K,CCCN(CCC)S(=O)(=O)c1ccc(cc1)C(O)=O.c1cc(ccn1)N=Nc1ccncc1,P-1,False
QUVSAE,QUVSAE,293 K,N#CC(C#N)=C(C#N)[C-](C#N)C#N.CN(C)N=NC1=C([NH+]=CN1)C(N)=O,P-1,False
LEXPIQ,LEXPIQ,173 K,NC(=O)N1c2ccccc2C=Cc2ccccc12.OC(=O)c1c2ccccc2cc2ccccc12,P21/n,False
HOWLAH,HOWLAH,at 250 K,N#Cc1cc(C#N)c(cc1C#N)C#N.COc1c(O)cc(C)c(O)c1OC,P21/n,False
MOQGOP,MOQGOP,at 133 K,CN(C)C(=O)N(C)C.Brc1ccc(cc1)S(=O)(=O)NS(=O)(=O)c1ccc(Br)cc1,P-1,False
IYEYES,IYEYES,293 K,C#CCC(C#C)[NH+]1CCOCC1.O=N(=O)c1cc(c([O-])c(c1)N(=O)=O)N(=O)=O,P21/n,False
ICIMOX,ICIMOX,at 293 K,[NH3+]CCO.O=C([O-])c1cc(cc(c1)N(=O)=O)N(=O)=O,P212121,False
RAXZEZ,RAXZEZ,100 K,CC(C)(c1ccc(O)cc1)c1ccc(O)cc1.c1cc(ccn1)N=Nc1ccncc1,C2/c,False
VAVLUC,VAVLUC,123 K,C[NH+](C)C(C)C(O)c1ccccc1.Cc1cccc(c1)C(=O)[O-],C2/c,False
GAZTIO,GAZTIO,298 K,COc1ccc(cc1OC)C(=O)[O-].CC1=C[NH+]=C(N)S1,P21/n,False
NUWGUH,NUWGUH,at 173 K,CC1(C)N(N=O)C(C)(C)c2ccccc12.ClC1=C(Cl)C(=O)C(=C(C#N)C1=O)C#N,Pna21,False
WEFKOJ,WEFKOJ,at 293 K,c1ccc2cnccc2c1.Nc1cc(cc(c1)C(O)=O)C(O)=O,P-1,False
OTESAI,OTESAI,at 100 K,O=C1NS(=O)(=O)c2ccccc12.NC(=O)C1c2ccccc2CCc2ccccc12,P21/n,False
ITARIH,ITARIH,298 K,Cc1cccc2SC(=Nc12)N.OC(=O)CCCCCCCCCCC(O)=O,P21/n,False
PEQPOR,PEQPOR,at 100 K,COc1ccc(cn1)c1cc(C)nc(N)n1.CN(C)c1ccc(cc1)C(O)=O,P-1,False
TUFPER,TUFPER,100 K,FC(F)(F)S(=O)(=O)[N-]S(=O)(=O)C(F)(F)F.CC1(C)CCCC(C)(C)[N+]1=O,P-1,False
ZIRWEG,ZIRWEG,123 K,[NH3+]CCc1ccc(O)c(O)c1.O=C([O-])c1ccccc1,P21/c,False
VUGMOZ,VUGMOZ,,Nc1ccc(C(O)=O)c(O)c1.Cc1cc(C)nc(NS(=O)(=O)c2ccc(N)cc2)n1,P-1,False
KEKNUN,KEKNUN,293 K,OC(=O)c1ccc(F)cc1.NC1=Nc2ccccc2S1,P21/c,False
VAVKOV,VAVKOV,123 K,C[NH+](C)C(C)C(O)c1ccccc1.O=C([O-])c1cccc(c1)N(=O)=O,C2/c,False
LATHOF,LATHOF,at 150 K,CN1N(C(=O)C=C1C)c1ccccc1.Nc1ccc(cc1)C(O)=O,P21,False
OTIYUM,OTIYUM,at 296 K,OCCCCCCO.NC(N)=O,P-1,False
PAMFIV,PAMFIV,100 K,CC1=C(O)C(=O)C=CO1.OC(=O)c1cc(O)cc(c1)C(O)=O,P21/n,False
VITXUR,VITXUR,,OC(C(O)C(=O)[O-])C(O)=O.Oc1c[nH+]ccc1,P21,False
ZIYFEV,ZIYFEV,100 K,NC1=[NH+]c2ccc(OC(F)(F)F)cc2S1.Oc1ccccc1C(=O)[O-],P21/c,False
AMAYIZ,AMAYIZ,100 K,FC(F)(F)S(=O)(=O)[O-].CCOC(=O)C([N+]#N)=S1c2ccccc2c2ccccc12,P-1,False
XONBOT,XONBOT,at 296 K,OC(=O)C1=CC=CS1.c1cc(ccn1)c1ccncc1,Pbcn,False
EBIXEW,EBIXEW,100.0 K,FC(F)(F)S(=O)(=O)[O-].Fc1c(F)c(F)c(c(F)c1F)[P+](F)(c1ccccn1)c1c(F)c(F)c(F)c(F)c1F,P21/c,False
WUKRUP,WUKRUP,at 296.2 K,FC(F)(F)S(=O)(=O)[O-].O=C(Oc1ccccc1)[n+]1cccc2ccccc12,P21/n,False
MILKIF,MILKIF,296 K,OC(=O)c1ccc(O)cc1O.NC(N)=O,Pnma,False
SOLFEG,SOLFEG,at 150 K,OC(=O)c1ccc(O)cc1.N#Cc1ccncc1,P21/c,False
FEYZAM,FEYZAM,at 120 K,COc1ccc(NS(=O)(=O)c2ccc3ccccc3c2)cc1.Cc1ccc(C)cc1,P21/c,False
RAPHAR,RAPHAR,,OC(=O)c1cc(cc(c1)C(O)=O)C(O)=O.c1cc(ccn1)c1ccncc1,P21/c,False
OJUQER,OJUQER,110.2 K,O=C([O-])CCC1=NC(=C(O1)c1ccccc1)c1ccccc1.CC(C)(C)[NH2+]CC(O)c1ccc(O)c(CO)c1,P-1,False
EWAPIC,EWAPIC,at 150 K,Cc1cc(O)cc(O)c1.CN(C)c1ccncc1,P21/c,False
WEPLEJ,WEPLEJ,at 170 K,COC(=O)NC1=[NH+]c2ccccc2N1.O=S(=O)([O-])c1ccccc1,P-1,False
TETYOI,TETYOI,at 100 K,COC(=O)C(=O)Nc1ccccc1NC(=O)C(=O)OC.CS(C)=O,C2/c,False
IWARUT,IWARUT,at 203 K,Oc1ccc2ccccc2c1c1c(O)ccc2ccccc12.Cc1ccc2ccccc2n1,C2,False
TADRUM,TADRUM,at 298 K,NC1=[NH+]C(=CS1)C1=CSC(=[NH+]1)N.O=C([O-])C=CC(=O)[O-],P21/c,False
NUQHAK,NUQHAK,150 K,Cc1c(O)cccc1O.c1cc(ccn1)C=Cc1ccncc1,P21/n,False
QADGEH,QADGEH,,Nc1ccc2ccc3c(N)ccc4ccc1c2c34.BrC1=C(Br)C(=O)C(=C(Br)C1=O)Br,Pn,False
WAPQOV,WAPQOV,at 100 K,O=C([O-])C=Cc1ccccc1.[NH3+]C(C(C)C)C(=O)OC,P212121,False
RIBZIP,RIBZIP,200 K,[NH3+]Cc1ccccc1O.CCCC(=O)[O-],P-1,False
GOWBUP,GOWBUP,,CC(c1ccccc1)S(=O)(=O)[O-].[NH3+]C(CC(C)C)C(O)=O,P21,False
WASPOV,WASPOV,,[NH3+]C(CC(=O)[O-])C(=O)NC(Cc1ccccc1)C(=O)[O-].[NH3+]C(CC1=C[NH+]=CN1)C(=O)NCC(=O)[O-],P21,False
CIBZAQ,CIBZAQ,at 296 K,OC(C(O)C(=O)[O-])C(O)=O.C[NH2+]CC(O)=O,P212121,False
NUTVUT,NUTVUT,,OC(C(=O)[O-])c1ccccc1.CCC(O)(C(N)=[NH2+])c1ccccc1,P21,False
DOWNIP,DOWNIP,293 K,NC1=[NH+]C=CS1.O=C1[N-]S(=O)(=O)c2ccccc12,P-1,False
PAQNOO,PAQNOO,100 K,[NH3+]c1ccc(O)cc1.CS(=O)(=O)[O-],P21/c,False
LILFEU,LILFEU,153 K,CC1=CC(=O)NC(=[NH+]1)N.OC(=O)CC(=O)[O-],P21/c,False
BAYQOL,BAYQOL,298 K,Clc1cccc(Cl)c1C(=O)[O-].Cc1cccc2SC(=[NH2+])Nc12,P21/c,False
OWOJIV,OWOJIV,100 K,CN(C)C(N)=S.C1COCCN1,P-1,False
KIDNIV,KIDNIV,at 292 K,Cc1cc(CN2C=[NH+]C=C2)c(O)c(CN2C=CN=C2)c1.OC(=O)c1cccc(c1)C(=O)[O-],P-1,False
LEXKOS,LEXKOS,298 K,CN1C(=O)NC(=O)C2=C1NC=[N+]2C.CS(=O)(=O)[O-],C2/c,False
IVUPOF,IVUPOF,at 123 K,C[NH+](C)C(C)C(O)c1ccccc1.OC(=O)CC(=O)[O-],P-1,False
BAVYEC,BAVYEC,at -80 deg.C,CN(C)C(=O)C1(C#N)C(C#N)(C#N)C1(C#N)C#N.C1COCCO1,P21/c,False
NANQAV,NANQAV,at 293 K,OC(=O)c1cccc(c1)C(O)=O.O1C(=NN=C1c1cccnc1)c1cccnc1,P-1,False
UPEDUQ,UPEDUQ,296 K,OC(=O)CCCCC(O)=O.Nc1nc(N)nc(n1)c1ccc(Br)cc1,P-1,False
MADTAP,MADTAP,298 K,CC(=O)NC1=NN=C(S1)S(N)(=O)=O.NC(=O)c1cccnc1,P-1,False
YUPPEH,YUPPEH,293 K,CCN1C=Nc2c(N)ncnc12.OC(=O)C=CC(O)=O,P21/n,False
HETRAD,HETRAD,293 K,NS(=O)(=O)[O-].[NH3+]C(CC1=C[NH+]=CN1)C(=O)[O-],P212121,False
NEKNUQ,NEKNUQ,295 K,CCOc1ccc2[nH+]c3cc(N)ccc3c(N)c2c1.Brc1cccc(c1)C(=O)[O-],P21/c,False
LEBWAR,LEBWAR,at 120 K,C[NH+](C)CC(=C)Sc1ccccc1.OC(=O)C(=O)[O-],Cc,False
NAXBAT,NAXBAT,293 K,[NH3+]Cc1ccccc1O.Cc1ccc(cc1)C(=O)[O-],P-1,False
OSEGUR,OSEGUR,160 K,NC(=O)c1ccc[n+](c1)C1OC(CO)C(O)C1O.OC(CC(O)=O)C(=O)[O-],P212121,False
SOSBAD,SOSBAD,,OC(=O)CCC(O)=O.N#Cc1ccc(cc1)C(N1C=CN=C1)c1ccc(cc1)C#N,P-1,False
UKITAM,UKITAM,298 K,Cc1cccc2SC(=[NH2+])Nc12.ClC(Cl)(Cl)C(=O)[O-],P-1,False
QAJXUV,QAJXUV,at 100 K,C1CCC2(C1)COC1=C3OCC4(CCCC4)[N+]3=CN21.FC(F)(F)S(=O)(=O)[O-],Pbca,False
QEJHUI,QEJHUI,,NC1=NC(=C(N=[NH+]1)c1cccc(Cl)c1Cl)N.OCCS(=O)(=O)[O-],I41/a,False
UFEVIN,UFEVIN,120 K,OC(=O)CCC(O)=O.NC(=O)c1ccc(N)cc1,P21/c,False
VUXXAP,VUXXAP,93 K,CCOc1ccc(cc1)C(O)=O.C(Cc1ccncc1)c1ccncc1,P-1,False
CATHOW,CATHOW,at 103 K,[NH3+]C(C(O)c1ccccc1)c1ccccc1.O=C([O-])C1=CC=CS1,P212121,False
PEFCAG,PEFCAG,at 293 K,c1cc(ccn1)c1ccncc1.OC(=O)c1ccccc1Nc1ccccc1,P-1,False
EXEYIQ,EXEYIQ,at 293 K,OC(=O)C=Cc1ccccc1.Cc1cc(Cl)nc(N)n1,P21/c,False
ADETOT,ADETOT,at 120 K,OC(=O)c1ccc(O)cc1.Cc1cc(C)nc(N)n1,Cc,False
TAKJUN,TAKJUN,173 K,CC1(C)C2CCC1(CS(=O)(=O)[O-])C(=O)C2.[NH3+]C(CC1=CNc2ccccc12)C(O)=O,P21,False
SMZTMP,SMZTMP,,COc1cc(Cc2cnc(N)nc2N)cc(OC)c1OC.CC1=CC(=NO1)NS(=O)(=O)c1ccc(N)cc1,Pbca,False
JUKJII,JUKJII,at 223K,CC(=NO)c1ccccc1.OC(=O)c1ccccc1,P21/c,False
IPABOR,IPABOR,at 100 K,N#CC1=NN=N[N-]1.[NH3+]NC(N)=O,C2/c,False
GIYDEZ,GIYDEZ,at 100 K,[NH3+]CC(O)=O.CS(=O)(=O)[O-],P21/c,False
PORVAW,PORVAW,140 K,Cc1c(Cl)cccc1Nc1ccccc1C(=O)[O-].COc1cc(Cc2c[nH+]c(N)nc2N)cc(OC)c1OC,P-1,False
KUVXIL,KUVXIL,293 K,O=C([O-])c1ccc(cc1N(=O)=O)N(=O)=O.[NH3+]c1ccc(Br)cc1,P21/c,False
TOJQOZ,TOJQOZ,at 100 K,FC(F)(F)S(=O)(=O)[N-]S(=O)(=O)C(F)(F)F.CCOC(=O)C[N+]1(C)CCOCC1,P21/c,False
AXUGOQ,AXUGOQ,at 173 K,OC(=O)c1cccc(c1)C(O)=O.c1ccc2c(c1)cnc1ccccc21,Pc,False
UZADOQ,UZADOQ,100 K,C[N+]1=C(C)N(CCCS(O)(=O)=O)C=C1.FC(F)(F)S(=O)(=O)[O-],C2/c,False
BAVJIT,BAVJIT,at 110 K,C[N+](C)(N)CCl.O=N(=O)c1cc(c([O-])c(c1)N(=O)=O)N(=O)=O,C2/c,False
HUHQUZ,HUHQUZ,200 K,OC(=O)c1cc(cc(c1)C(O)=O)C(O)=O.CN1C=NC2=C1C(=O)N(C)C(=O)N2C,Pbca,False
QEDTIE,QEDTIE,at 293 K,NC(=O)c1cc[nH+]cc1.ClC(Cl)(Cl)C(=O)[O-],Pna21,False
ZINYAA,ZINYAA,295 K,CC1CC23C=CC(=O)CC2Nc2ccccc2C3=[NH+]1.Oc1ccccc1C(=O)[O-],P21/n,False
LORWOF,LORWOF,at 130 K,NC(=O)c1cc[nH+]cc1.OC(=O)c1cc(Cl)c(Cl)cc1C(=O)[O-],Cc,False
IWUHEN,IWUHEN,at 295 K,CC(=O)NC1=NN(C(=O)C1)c1c(Cl)cc(Cl)cc1Cl.C1COCCO1,P21/a,False
HUNXAP,HUNXAP,at 293 K,C1COCCOc2ccccc2OCCOCCO1.NC1=NON=C1N,P212121,False
MEDHOU01,MEDHOU01,at 123 K,OC(C(=O)[O-])c1ccccc1.[NH3+]CCc1ccc(O)cc1,P-1,False
EYIXAL,EYIXAL,at 293 K,OC1=C([O-])C(=O)C1=O.NC(=O)c1[nH+]cccc1,Ima2,False
EGIQAO,EGIQAO,at 293 K,OC(=O)c1ccc(O)cc1.NC(=O)c1ccccc1O,P21,False
LISJOQ,LISJOQ,296 K,CCCc1[nH+]ccc(c1)C(N)=S.Cc1ccc(cc1)S(=O)(=O)[O-],P-1,False
HAZMAA,HAZMAA,293 K,C[NH2+]CCO.Clc1cc(ccc1C(=O)[O-])N(=O)=O,P-1,False
BUNHOJ,BUNHOJ,120 K,c1cc(ccn1)c1ccncc1.Oc1c(F)c(F)c(Br)c(F)c1F,P21/c,False
WOBTIT,WOBTIT,100 K,Oc1ccc(cc1O)C(=O)[O-].[NH3+]C(CC1=C[NH+]=CN1)C(=O)[O-],P212121,False
HIQZIS,HIQZIS,at 153 K,O=N(=O)C1=N[N-]NN1.NC1=NC(=[NH2+])NC(=O)N1,Pc,False
ECEQEL,ECEQEL,295 K,OC(=O)CNc1ccccc1C(O)=O.N#Cc1ccncc1,P-1,False
NUHYUK,NUHYUK,,NC(N)=O.OC(=O)c1cccc(n1)C(O)=O,C2/c,False
LIJZEM,LIJZEM,298 K,[NH3+]c1ccc(cc1)C(O)=O.ClC(Cl)(Cl)C(=O)[O-],P21/c,False
COGJOZ,COGJOZ,106 K,O1C(=CN=C1c1ccccc1)c1ccccc1.Oc1c(F)c(F)c(F)c(F)c1F,P21,False
BASYIF,BASYIF,at 298 K,OC(C(O)C(=O)[O-])C(O)=O.[NH2+]=C1Nc2ccc(Br)cc2S1,C2,False
NOJWIS,NOJWIS,,[NH3+]Cc1ccc(Cl)cc1.OC(CC(O)=O)C(=O)[O-],P1,False
IXONEO,IXONEO,at 298 K,CC(O)(C(N)=[NH2+])c1ccccc1.OC(C(=O)[O-])c1ccccc1,P212121,False
KENCAK,KENCAK,120 K,OB(O)O.O=C1CCCN1CCOCCN1CCCC1=O,P-1,False
IPOPAF,IPOPAF,at 173 K,FC(F)(F)S(=O)(=O)[O-].CCN1C=CC=CB1O[n+]1ccccc1,P21/c,False
ZAPSUI,ZAPSUI,298 K,OC1=C(F)C(=O)C(=C(F)C1=O)O.O=C1CCCN1,P-1,False
HAMQEU,HAMQEU,293 K,FC(F)(F)C(=O)[O-].[NH3+]c1ccc(OC)cc1,P21/c,False
WUCDEG,WUCDEG,100 K,FC(F)(F)S(=O)(=O)[O-].[NH3+]C(C(O)=O)c1ccccc1,C2/c,False
DEYQUW,DEYQUW,296 K,CCOc1ccccc1C(N)=O.COc1cc(C=CC(O)=O)cc(OC)c1O,P21/c,False
IVUMAO,IVUMAO,at 123 K,Cc1ccccc1C(=O)[O-].C[NH+](C)C(C)C(O)c1ccccc1,P21,False
NUKXEX,NUKXEX,at 180 K,CC(=O)N1CCN(CC1)C(C)=O.OC(=O)c1ccccc1O,Pbca,False
LOFDER01,LOFDER01,at 295 K,OC(=O)c1cc(ccc1O)S(=O)(=O)[O-].[NH3+]CC(O)=O,P21/c,False
GOHHUG,GOHHUG,at 143 K,Cc1[nH+]c(O)ccc1.CS(=O)(=O)[N-]S(C)(=O)=O,P-1,False
JIFMAQ,JIFMAQ,296 K,OC(=O)C(=O)[O-].Oc1cccc2ccc[nH+]c12,P21/n,False
UKOSET,UKOSET,at 173 K,CC(C)=NNC(=O)c1cccnc1.OC(=O)CCCCC(O)=O,P21/n,False
DAHRAF,DAHRAF,,FC(F)(F)S(=O)(=O)[O-].CNC(=[OH+])N(C)CN(C)C(=O)NC,P-1,False
XUGBOT01,XUGBOT01,100.0 K,OC(C(=O)[O-])C(F)(F)F.[NH3+]C(CO)C(O)c1ccccc1,P212121,False
GEXTEK,GEXTEK,at 100 K,O=C([O-])c1ccc2ccccc2c1.[NH3+]Cc1cccc(F)c1,P21/n,False
NUSHIT,NUSHIT,at 293 K,Nc1nc(N)nc(N)n1.OC(=O)CCCCC(O)=O,P-1,False
LEBVIB,LEBVIB,298 K,Cc1ccc(cn1)C(N)=O.OC(=O)c1ccccc1c1ccccc1C(O)=O,C2/c,False
XOKVIE,XOKVIE,110 K,C1N2CN3CN1CN(C2)C3.OC(=O)c1cc(O)c(O)c(O)c1,P21/c,False
ZEHFAT,ZEHFAT,,Nc1ccc(N)cc1.Oc1ccc(cc1)C1(CCCCC1)c1ccc(O)cc1,P21/c,False
LADBUP,LADBUP,at 120 K,Nc1[nH+]cc(Br)cc1.O=C([O-])c1ccc(cc1)N(=O)=O,P21/c,False
OSEVOY,OSEVOY,at 115 K,O=C([O-])c1ccc2ccccc2c1.[NH3+]C(C)c1ccc(OC)cc1,P21/c,False
VAWPIT,VAWPIT,at 100 K,NC1=[NH+]C(=O)N(C=C1)C1CSC(CO)O1.O=C1[N-]S(=O)(=O)c2ccccc12,P212121,False
KIDXEC,KIDXEC,300 K,OC(=O)C(O)=O.CNC(=O)NC,P21/n,False
AJUYIN,AJUYIN,at 293 K,C1COCCOCCOCCO1.NC(=S)NNC(N)=S,P21/c,False
ODUKUW,ODUKUW,294 K,Oc1c(cc(cc1N(=O)=O)N(=O)=O)C(=O)[O-].Nc1[nH+]nc(c(N)n1)c1cccc(Cl)c1Cl,P-1,False
REBXED,REBXED,at 100 K,COc1cc(ccc1O)C(O)=O.NC(=O)c1cnccn1,P-1,False
ABULIU,ABULIU,at 293 K,NC(=O)c1cccnc1.Nc1ccc(cc1)C(O)=O,P-1,False
KOPJUW01,KOPJUW01,150 K,c1cc(ccn1)c1ccncc1.NC(N)=O,Pnma,False
HIYREN,HIYREN,at 100 K,OC(C(=O)[O-])c1ccccc1.[NH3+]C(C)c1cccc(OC)c1,P21,False
SAGGUE,SAGGUE,at 296 K,OC(=O)C=CC(=O)[O-].Nc1[nH+]cc(Cl)cn1,P21/c,False
MEGVID,MEGVID,,OC(C(=O)[O-])c1ccc2ccccc2c1.[NH3+]C(C)c1cccc(OC)c1,P212121,False
NIJGOE,NIJGOE,296 K,Nc1nc(N)nc(n1)c1ccccc1.OC(=O)C(O)=O,P21/c,False
MOXVIF03,MOXVIF03,298 K,OC(=O)c1ccc(O)cc1.NC(=O)N1c2ccccc2C=Cc2ccccc12,P21,False
LISKIL,LISKIL,296 K,CCCc1[nH+]ccc(c1)C(N)=S.OC(=O)c1ccccc1C(=O)[O-],P21/c,False
AFEVEN,AFEVEN,at 120 K,NC(=O)N1c2ccccc2CCc2ccccc12.NC=O,P-1,False
SEYWOJ,SEYWOJ,at 293 K,[NH3+]CC(O)=O.CS(=O)(=O)[O-],P21/n,False
YESSUL,YESSUL,at 100 K,FC(F)(F)S(=O)(=O)[N-]S(=O)(=O)C(F)(F)F.C[N+](C)(C)CC(O)=O,Pbca,False
DAYZOT,DAYZOT,at 293 K,O1C(=NN=C1c1ccncc1)c1ccncc1.OC(=O)CC(O)=O,P-1,False
BOWKOO,BOWKOO,at 295 K,OC(=O)C(=O)[O-].[NH3+]C(CS)C(O)=O,P-1,False
VAKTOS01,VAKTOS01,at 110 K,CCC(C(O)=O)C(O)=O.CCOc1ccccc1C(N)=O,P21/c,False
TUPRBN01,TUPRBN01,,NC(N)=S.O=C1NC(=O)C(=O)N1,P21/m,False
TUQKEW,TUQKEW,at 100 K,Nc1[nH+]cc(Cl)cc1.OC(=O)CC(=O)[O-],P21/c,False
MIPNUY,MIPNUY,150 K,FC(F)(F)S(=O)(=O)[O-].C[N+]1=NN(OCF)c2ccc(C)cc12,P21/c,False
LATLIC,LATLIC,at 203 K,OC(=O)c1cccc(c1)C(O)=O.C(N1C=CN=C1)c1ccc(CN2C=CN=C2)cc1,C2/c,False
XADTIF,XADTIF,,OC(=O)C=CC(=O)[O-].[NH3+]C(CC1=C[NH+]=CN1)C(=O)[O-],P1,False
OFUHOM,OFUHOM,at 180 K,Nc1ncccn1.OCc1ccc(CO)cc1,P-1,False
UFUHAF,UFUHAF,at 93 K,C[NH+]1CCC23CCCC1C2Oc1ccc(cc31)N(=O)=O.CC1(CS(=O)(=O)[O-])C2CCC1(C)C(=O)C2Br,P212121,False
RASBUJ,RASBUJ,at 223 K,Oc1cc(O)cc(c1)C(c1ccccc1O)c1ccccc1O.C(Cc1ccncc1)c1ccncc1,P-1,False
TAZNAM,TAZNAM,293 K,c1cnc2ncccc2c1.OB(O)C1=CC=C(S1)B(O)O,P21/c,False
ZURFOJ,ZURFOJ,120 K,ClP(Cl)(=O)[O-].CC(C)c1[nH+]c(O)cc(Cl)n1,P-1,False
EVOWAN,EVOWAN,at 150 K,OC(=O)c1cc(C(O)=O)c(cc1C(O)=O)C(O)=O.CN(C)C=O,P21/n,False
ZIRWIK,ZIRWIK,123 K,O=C([O-])c1ccc(cc1)N(=O)=O.[NH3+]CCc1ccc(O)c(O)c1,P21/n,False
BOQHOE,BOQHOE,,OC1=C(Cl)C(=O)C(=C(Cl)C1=O)O.c1cnccn1,C2/m,False
CAFSAL,CAFSAL,,OC(=O)c1cc(Cl)ccc1O.CN1C=NC2=C1C(=O)N(C)C(=O)N2C,Pbcn,False
QAYBAW01,QAYBAW01,293 K,c1cc(ccn1)C=Cc1ccncc1.CNC(=S)NN=Cc1ccc(O)cc1O,P21/c,False
QAXZAT,QAXZAT,293 K,c1cc(ccn1)C=Cc1ccncc1.Oc1ccc(C=NNC(=S)Nc2ccccc2)c(O)c1,P21/c,False
KIJFIW,KIJFIW,298 K,CCOc1ccccc1C(N)=O.Oc1ccccc1O,P-1,False
RIGTOS,RIGTOS,at 120 K,Oc1ccc2c(Oc3cc(O)ccc3C32OC(=O)c2ccccc32)c1.c1ccc2nc3ccccc3cc2c1,P21/c,False
TOYLOI,TOYLOI,at 123 K,NC(=O)C(=O)[O-].Nc1[nH+]cc(cc1)N(=O)=O,P21/c,False
OQIWIX,OQIWIX,192 K,c1cc(ccn1)C=Cc1ccncc1.Oc1cc(O)c2C(=O)C=C(Oc2c1)c1ccccc1,P21/c,False
LATZOV,LATZOV,,FC(F)(F)S(=O)(=O)[O-].F[N+]12CCC(CC1)CC2,Pnma,False
FUSGUX,FUSGUX,298 K,NS(=O)(=O)c1ccc(cc1)C(O)=O.O=C1CCCCCN1,P212121,False
HUJQIP,HUJQIP,100 K,c1ccc2nc3ccccc3cc2c1.CC(C)c1ccc(C)cc1O,P21/c,False
ZIBDOF,ZIBDOF,at 173 K,[O-]N1N=NN=C1C1=NN=NN1[O-].[NH3+]NC(=O)N[NH3+],P21/c,False
ZEYDEO,ZEYDEO,298 K,[NH2+]=C1NC(=O)NC=C1.Cc1c(cc(cc1N(=O)=O)C(=O)[O-])N(=O)=O,Pbca,False
QOYKAQ,QOYKAQ,,[NH3+]CCCCC([NH3+])C(=O)[O-].OC(=O)CCCC(=O)[O-],P31,False
QUWYEN,QUWYEN,at 123 K,[NH3+]c1cc(Cl)ccc1Cl.O=N(=O)c1cc(c([O-])c(c1)N(=O)=O)N(=O)=O,Cc,False
XOLHUC,XOLHUC,at 293 K,c1cc(ccn1)c1ccncc1.OC(=O)CCCCCC(O)=O,P21/c,False
WIJNOS,WIJNOS,,O=C[O-].[NH3+]C(CCCNC(N)=[NH2+])C(=O)[O-],P21,False
RELQAE,RELQAE,293 K,OC(C(O)C(=O)[O-])C(O)=O.Fc1ccc(cc1)N1CC[NH2+]CC1,P212121,False
NEWROX,NEWROX,at 173 K,CC(=O)NCc1ccncc1.OC(=O)C=CC(O)=O,P-1,False
FASJOA,FASJOA,at 298 K,O=C(CN1C=CN=C1)c1ccccc1.OC(=O)c1ccc(cc1)N(=O)=O,P-1,False
FOVREQ,FOVREQ,293 K,OC(=O)C=CC(=O)[O-].COc1ccc(cc1)N1CC[NH2+]CC1,P21/c,False
WOMQOE,WOMQOE,,CS(=O)(=O)OCC1CC2CC[NH+]1CC2C=C.CS(=O)(=O)[O-],P21,False
TENSOW,TENSOW,at 298 K,OC(=O)c1cccc(c1)C(O)=O.c1cc(ccn1)c1cncnc1,P-1,False
LOWNUJ,LOWNUJ,100 K,Clc1ccc(cc1)C1=CSC(=N1)NC=O.NC1=NC(=CS1)c1ccc(Cl)cc1,P-1,False
BESZEH,BESZEH,293 K,Cc1nc(C)c(C)nc1C.Oc1cccc(O)c1Cl,Pca21,False
FAHQUB,FAHQUB,at 298 K,OC(=O)C(=O)[O-].COC(=O)C1CC[NH2+]C1c1ccccc1,P21,False
SOLJAG,SOLJAG,at 150 K,COc1ccc(cc1)C(O)=O.C(Cc1ccncc1)c1ccncc1,P-1,False
OREBIZ,OREBIZ,100.0 K,Clc1ccc2Oc3ccccc3N=C(N3CC[NH2+]CC3)c2c1.OC(=O)C=CC(=O)[O-],P21/c,False
HIDBUV,HIDBUV,100.0 K,OC(=O)C=CC(=O)[O-].[NH3+]CC1(CCCCC1)CC(O)=O,P-1,False
ZUDSIC,ZUDSIC,at 173 K,Nc1nc(N)nc(N)n1.CN1CCCC1=O,P21/n,False
LEWRAG,LEWRAG,,Nc1ncccn1.OC(=O)COc1ccccc1,Cc,False
JAKBAC,JAKBAC,93 K,O=S(=O)(Nc1ccc(Oc2ccccc2)cc1)c1ccccc1.c1cc(ccn1)c1ccncc1,P21/n,False
HAXYAJ,HAXYAJ,293 K,OC(=O)CCCCCCCC(=O)[O-].[NH3+]CCC(=O)NC(CC1=C[NH+]=CN1)C(=O)[O-],P21,False
ACOSUH,ACOSUH,at 296.1 K,[NH3+]C(C)c1ccc(F)cc1.CCP(=O)([S-])Oc1ccccc1,P21,False
COZZUN,COZZUN,at 100 K,Oc1cccc(O)c1.Cc1nc(C)c(C)nc1C,P-1,False
VOHCEC,VOHCEC,at 173 K,[NH3+]NC(=O)N[NH3+].[O-]N1N=NC(=N1)C1=NN=N[N-]1,P21/n,False
KERQUV,KERQUV,at 180 K,ClC(Cl)(Cl)C(=O)[O-].[NH3+]c1ccc(cc1C)N(=O)=O,P21/c,False
XAVPOZ,XAVPOZ,,OC(=O)c1cc(cc(c1)C(O)=O)C(O)=O.CN(C)C=O,P21/c,False
IRUGEI,IRUGEI,at 103 K,O=C1NC(=O)C=C1.Nc1nc(N)c(Cl)cc1Cl,P-1,False
YEKDUR,YEKDUR,120 K,ON=C(CBr)C(CBr)=NO.C1COCCO1,P-1,False
UQEKAF,UQEKAF,100 K,OCC(O)=O.NNC(=O)c1ccncc1,P21/n,False
KEFBED,KEFBED,at 100 K,OC(=O)CCC(O)=O.CC(=O)Nc1ccccn1,P21/n,False
SAQKON,SAQKON,296 K,CC[n+]1cccc(O)c1.OC1=C([O-])C(=O)C1=O,P21/c,False
UBEHIU,UBEHIU,at 295 K,OC(=O)c1[nH+]cccc1.O=N(=O)c1cc(c([O-])c(c1)N(=O)=O)N(=O)=O,P21/n,False
KEQPEC,KEQPEC,at 100 K,OC1=C(Cl)C(=O)C(=C(Cl)C1=O)[O-].NC1=[NH+]C(=O)NC=C1,P21/n,False
XONBIN,XONBIN,at 296 K,c1cc(ccn1)c1ccncc1.OC(=O)C1=CC=C(Cl)S1,P21/c,False
VAVJOU,VAVJOU,123 K,OC(C(O)C(=O)[O-])C(O)=O.C[NH+](C)C(C)C(O)c1ccccc1,P21,False
XAXPUH,XAXPUH,,OC(=O)c1c(Cl)c(Cl)c(Cl)c(Cl)c1C(O)=O.NC(=O)C=Cc1ccccc1,P-1,False
QIJJIF,QIJJIF,150 K,[NH3+]CCNC(=O)C(=O)NCC[NH3+].OC(=O)c1cc(cc(c1)C(=O)[O-])C(=O)[O-],P21/n,False
ZAMNAG,ZAMNAG,100 K,C[N+]1=C(Sc2ccccc12)C1CCCO1.FC(F)(F)S(=O)(=O)[O-],Pbca,False
LEJSEB,LEJSEB,296.1 K,CN1C=CN(C)C1=C1C(=O)c2ccccc2c2ccccc12.C1CCOC1,P-1,False
LATQUU02,LATQUU02,100.0 K,OC(=O)c1ccccc1O.Cc1ccnc2N(C3CC3)c3ncccc3C(=O)Nc12,P-1,False
QAMREC,QAMREC,at 150 K,Oc1ccc(O)cc1.C1COCCN1,P21/n,False
FICYEX,FICYEX,100 K,Cc1ccc(cc1)c1nc(N)nc(N)n1.OC(=O)c1ccccc1,P-1,False
TIXGOW,TIXGOW,,[NH3+]C(CO)C(O)=O.Oc1ccc(cc1)S(=O)(=O)[O-],P21,False
LAHHEL,LAHHEL,150 K,OC(=O)Cc1ccc(O)c(O)c1.NC(=O)c1ccncc1,P-1,False
VELXAO,VELXAO,295 K,C1CN2CCN1CC2.BrN1C(=O)c2ccccc2C1=O,C2/c,False
BULVAH,BULVAH,120 K,N#Cc1ccncc1.Oc1c(F)c(F)c(Br)c(F)c1F,P21/n,False
BOPDAO,BOPDAO,100 K,C1Cc2cc3cccnc3c3c4ncccc4cc1c23.Oc1ccccc1,P21/n,False
UTAQUE,UTAQUE,100 K,COC(=O)c1ccc2ccccc2n1.OC(C(F)(F)F)C(F)(F)F,P21/c,False
VIWBAE,VIWBAE,,CC(=O)NC(=O)c1ccccc1.O=P(c1ccccc1)(c1ccccc1)c1ccccc1,P-1,False
XAQQUC,XAQQUC,at 100 K,c1cc(ccn1)c1ccncc1.NC(=O)N1c2ccccc2C=Cc2ccccc12,P-1,False
GUNPIC10,GUNPIC10,,NC1=NC2=C([NH+]=CN2)C(=O)N1.O=N(=O)c1cc(c([O-])c(c1)N(=O)=O)N(=O)=O,C2/c,False
POZCOZ,POZCOZ,300.1 K,Cc1ccnc2N(C3CC3)c3ncccc3C(=O)Nc12.OC(=O)c1ccc(O)cc1,C2/c,False
OQIFEB,OQIFEB,295 K,Nc1nc(N)nc(N)n1.OC(=O)Cc1ccc(Cl)cc1,C2/c,False
XONQIC,XONQIC,at 100 K,Nc1cccc(Cl)n1.OC(=O)c1cccc(Cl)c1,P-1,False
HIDCAC,HIDCAC,100 K,OC(=O)C=CC(=O)[O-].[NH3+]CC(CC(C)C)CC(O)=O,C2,False
MOXXUV,MOXXUV,150 K,[NH3+]C(C(O)c1ccccc1)c1ccccc1.OC(C(=O)[O-])c1cccc(Cl)c1,P21,False
QILNAE,QILNAE,150 K,C[N+](C)(CCO)CCF.Cc1ccc(cc1)S(=O)(=O)[O-],P21/c,False
EFUXOT,EFUXOT,at 90 K,O=N(=O)c1ccccc1[N+]#N.Cc1ccc(cc1)S(=O)(=O)[O-],P-1,False
VEDLOI,VEDLOI,293 K,C(N1C=CN=C1)N1C=CN=C1.OC(=O)CCCCCCC(O)=O,P21/c,False
KAXMAB,KAXMAB,298.2 K,CCc1nc(N)nc(N)c1c1ccc(Cl)cc1.OC(=O)CCCCCCCCC(O)=O,P-1,False
XAQQIQ,XAQQIQ,at 100 K,OC(=O)c1cccc(O)c1.NC(=O)c1cccnc1,P21/c,False
SEWHEL,SEWHEL,120 K,ON=C(Cc1ccc(O)c(Br)c1)C(=O)NCCSC#N.CCOC(C)=O,P21/c,False
ZIHZUP01,ZIHZUP01,295 K,OC1C[NH+]2CCC1CC2.CS(=O)(=O)[O-],P212121,False
OKIQAA,OKIQAA,at 293 K,[NH3+]C1C(O)Cc2ccccc12.COc1ccc2cc(ccc2c1)C(C)C(=O)[O-],P21,False
JAMQOG,JAMQOG,100 K,FC(F)(F)S(=O)(=O)[O-].CN(C)C(=[NH2+])ON=C(N)c1ccccc1,C2/c,False
WAWDEE,WAWDEE,at 173 K,c1cncnc1.Oc1cccc(O)c1O,P21/c,False
UBILAW,UBILAW,173 K,CCC(C)=NNC(=O)c1ccncc1.OC(=O)c1ccccc1O,P21/n,False
PIQPAK,PIQPAK,123 K,OC1=[NH+]CCCCC1.CS(=O)(=O)[O-],Pbca,False
JIYPOZ,JIYPOZ,100 K,FC(F)(F)S(=O)(=O)O[n+]1ccccc1.FC(F)(F)S(=O)(=O)[O-],P21/c,False
ZIPYEG,ZIPYEG,298 K,COc1[nH+]c(N)nc(OC)c1.O=C([O-])c1cnccn1,P-1,False
DEKXIC,DEKXIC,at 200 K,OC(=O)c1cccc(n1)C(=O)[O-].NC(=O)C1CC[NH2+]CC1,P21/c,False
QIPRAL,QIPRAL,293 K,C[P+](C)(C)CCO.O=N(=O)c1cc(c([O-])c(c1)N(=O)=O)N(=O)=O,P1,False
PUNWUR,PUNWUR,at 103.1 K,[NH3+]C(C)c1ccc(Br)cc1.CCOP([O-])(=S)c1ccc(Cl)cc1,C2,False
SARLEC,SARLEC,,Nc1ccc(N)cc1.Oc1ccc(Cl)cc1,P-1,False
CONWOT,CONWOT,at 298 K,Cc1c(C)c(N)c(C)c(C)c1N.BrC1=C(Br)C(=O)C(=C(Br)C1=O)Br,P-1,False
VUHFIO01,VUHFIO01,at 110 K,O=C1NS(=O)(=O)c2ccccc12.CCOc1ccccc1C(N)=O,P21/n,False
PAZCUO01,PAZCUO01,293 K,[NH3+]C(CO)C(O)=O.OC1=C([O-])C(=O)C1=O,C2,False
ATALOZ,ATALOZ,133 K,OC(=O)c1cc(O)cc(O)c1.c1ccc2nc3ccccc3nc2c1,C2/c,False
NUJXEW,NUJXEW,at 120 K,Cc1cc2N=CN(Cc3ccncc3)c2cc1C.ON=C(C#N)c1ccc(F)cc1,P21/n,False
KITGEC,KITGEC,293 K,O=C1CC(=O)NC(=O)N1.NC1=NC(=O)NC=C1,P-1,False
SECYOR,SECYOR,295 K,COc1ccncc1.BrN1C(=O)CCC1=O,P21,False
VIHNUZ,VIHNUZ,90 K,Fc1c(F)c(F)c(c(F)c1F)C(=O)[O-].COc1ccc(cc1)N1CC[NH2+]CC1,P21/c,False
BAYQEB,BAYQEB,298 K,Cc1cccc2SC(=[NH2+])Nc12.Brc1ccc(cc1)C(=O)[O-],P21/n,False
WAKKAV01,WAKKAV01,100 K,CC(C(O)c1ccccc1)N(C)C(=S)[S-].C[NH2+]C(C)C(O)c1ccccc1,P212121,False
GABZIT,GABZIT,at 130 K,OC(=O)CCCCCCCCC(O)=O.N(c1cccc(Nc2ccccn2)c1)c1ccccn1,P21/m,False
DUZNIW,DUZNIW,at 294 K,O=C([O-])c1cccnc1.NC1=[NH+]C(=O)NC=C1,P21/n,False
QASNOR,QASNOR,120 K,OC(=O)c1ccc(O)cc1O.CN(C)C=O,P21/c,False
LABYOC,LABYOC,at 123 K,Cc1ccc(cc1)S(=O)(=O)[O-].COC(=O)C1C2OC(C3[NH2+]C23)C1C(=O)OC,P21/n,False
KABYAQ,KABYAQ,150 K,CC1(C)C2CCC1(CS(=O)(=O)[O-])C(=O)C2.[NH3+]C(C1NS(=O)(=O)c2ccccc12)c1ccccc1,P21,False
HOLWAI01,HOLWAI01,at 150 K,CN1C=NC2=C1C(=O)N(C)C(=O)N2C.CC(=CC(O)=O)C(O)=O,P21/n,False
ETEFIV,ETEFIV,100 K,Cc1c(Cl)cccc1Nc1ccccc1C(O)=O.c1ccc2nc3ccccc3cc2c1,P-1,False
CIDCIC,CIDCIC,at 120 K,Oc1ccc(cc1)C(=O)[O-].COc1[nH+]c(N)nc(OC)c1,P21/c,False
LEXQUC,LEXQUC,at 173 K,OC(=O)CC(=O)[O-].COc1ccc2[NH+]=C(N)Sc2c1,P21/n,False
WIRNEU,WIRNEU,100 K,CCOC(=C)[n+]1ccccc1N(C)c1ccccc1.FC(F)(F)S(=O)(=O)[O-],P21/c,False
IFUVOY,IFUVOY,295 K,OC(=O)C=CC(=O)[O-].CC(c1ncncc1F)C(O)(CN1C=[NH+]C=N1)c1ccc(F)cc1F,P21,False
UVOHOF,UVOHOF,293 K,CCc1nc(N)nc(N)c1c1ccc(Cl)cc1.CN1C=NC2=C1C(=O)N(C)C(=O)N2C,P-1,False
XOLLIT,XOLLIT,at 173 K,O=C([O-])CCC1CCCCC1.C[N+](C)(C)CCO,P21,False
TOJLEM,TOJLEM,295 K,OC(CC(=O)[O-])C(O)=O.[NH3+]C(C(N)=O)c1ccccc1,P212121,False
GABZEP,GABZEP,at 296 K,N(c1cccc(Nc2ccccn2)c1)c1ccccn1.OC(=O)C(O)=O,Pnma,False
YESCEI,YESCEI,100 K,O=C([O-])c1cccnc1.NC(=[NH2+])NC(N)=S,P212121,False
XEFFAT,XEFFAT,170 K,NC(=O)c1cnccn1.COc1cc(cc(OC)c1O)C(O)=O,C2/c,False
YIRREZ,YIRREZ,296 K,N#Cc1ccncc1.OC(=O)c1ccccc1Br,P-1,False
ENEPIY,ENEPIY,173 K,OC(=O)c1cc(Cl)cc(Cl)c1O.c1cnccn1,P-1,False
YUMQOO,YUMQOO,298 K,OC(=O)c1cccc(c1)C(O)=O.C(CCN1C=CN=C1)CN1C=CN=C1,P-1,False
REHNAT,REHNAT,,N#Cc1cc(C#N)c(cc1C#N)C#N.Oc1ccc(O)cc1,P21/n,False
HEKRUK,HEKRUK,,COc1cc(Cc2c[nH+]c(N)nc2N)cc(OC)c1OC.COC1=NSN=C1[N-]S(=O)(=O)c1ccc(N)cc1,P21/c,False
VIGFAT,VIGFAT,at 293 K,O=C1CC(=O)NC(=O)N1.[O]n1ccn([O])c2ccccc12,P21/n,False
BOPHOG,BOPHOG,296 K,OC(C(O)C(=O)[O-])C(O)=O.[NH3+]NC(=O)c1ccncc1,P21/n,False
MAZZUJ,MAZZUJ,at 293 K,[NH2+]1CCOCCOCCOCC1.Nc1ccc(cc1)C(=O)[O-],P21,False
IDODIQ02,IDODIQ02,296 K,C[n+]1ccc(cc1)C=Cc1ccc(Br)cc1.Cc1ccc(cc1)S(=O)(=O)[O-],P21/c,False
JAKCIL,JAKCIL,93 K,c1cc(ccn1)c1ccncc1.CCc1cccc(NS(=O)(=O)c2ccc(F)cc2)c1,P-1,False
KECKOV,KECKOV,120 K,O=C(NN=Cc1cccnc1)c1cccnc1.OC(=O)CCCCCCCCCCC(O)=O,P-1,False
HOLJAU03,HOLJAU03,at 100 K,CC(=O)c1ccncc1.OC(=O)c1cccc(F)c1,P21/n,False
XAXPIV02,XAXPIV02,at 299 K,OC(=O)C=CC(O)=O.NC(=O)C=Cc1ccccc1,P21/n,False
ZELSAK,ZELSAK,,OC(C(O)C(=O)[O-])C(O)=O.Oc1ccc(cc1)N1C=[NH+]C=C1,P212121,False
DUHSEF,DUHSEF,at 295 K,NS(=O)(=O)C(F)(F)F.C1OCC2(CO1)COCOC2,Ama2,False
VELWAN,VELWAN,295 K,BrN1C(=O)c2ccccc2C1=O.COC(=O)c1cccnc1,P21/n,False
ZEGWAN01,ZEGWAN01,297.1 K,[NH2+]1CCOCC1.CC1=CC(=NO1)[N-]S(=O)(=O)c1ccc(N)cc1,Pna21,False
DADGEX,DADGEX,100 K,Nc1[nH+]cc(Br)cc1.O=C([O-])COc1ccccc1,P41212,False
MECZAX,MECZAX,at 123 K,[NH3+]CCc1ccc(O)cc1.CS(=O)(=O)[O-],P212121,False
VAQSEM,VAQSEM,at 203 K,O=C([O-])c1cccc(c1)N(=O)=O.COc1cc(C)[nH+]c(N)n1,P-1,False
MUSJUG,MUSJUG,at 294 K,C[n+]1ccc(cc1)C=Cc1ccc(O)cc1.OC1=C([O-])C(=O)C1=O,P21/c,False
NUKXUN,NUKXUN,at 180 K,NC(=O)c1cccnc1.OC(=O)CC(O)=O,Pna21,False
WUZPEP,WUZPEP,100 K,C1CCOC1.Brc1ccc2NC(=O)c3cc(Br)ccc3NC(=O)c2c1,Pbca,False
EVEZOV,EVEZOV,at 293 K,C(N1c2ccccc2N=C1c1ccccc1)c1ccccc1.Oc1ccc(cc1)C1(CCCCC1)c1ccc(O)cc1,P-1,False
NUYFUI,NUYFUI,,[NH3+]C(CC(N)=O)C(O)=O.OC1=C([O-])C(=O)C1=O,P21212,False
AGOKUC,AGOKUC,at 298 K,O=N(=O)c1ccc(cc1)S(=O)(=O)[O-].[NH3+]CC(O)CNS(=O)(=O)c1ccc(cc1)N(=O)=O,P21/c,False
SOVQEZ,SOVQEZ,at 273 K,OC(=O)CCC(O)=O.Nc1cc(N)nc(N)n1,P-1,False
VAXVUN01,VAXVUN01,100 K,OC(=O)c1ccccc1C(O)=O.c1cnccn1,P-1,False
XOBFIE,XOBFIE,at 293 K,O=C([O-])CS(=O)C(c1ccccc1)c1ccccc1.OCC[NH+](CCO)CCO,P212121,False
SOVFOY,SOVFOY,at 273 K,c1cc(ccn1)c1ccncc1.OC(=O)CSCC(O)=O,P-1,False
MEDDAC,MEDDAC,at 123 K,O=C([O-])c1cccc(c1)N(=O)=O.[NH3+]CCc1ccc(O)cc1,P21/c,False
YACFAM,YACFAM,100 K,OC(=O)c1ccc(O)cc1.CC(C)C1=C(C)N(C)N(c2ccccc2)C1=O,P21/c,False
WANKOL,WANKOL,at 178 K,O=C([O-])c1cc2CCc3ccc(CCc1cc2)cc3.C[NH2+]C(C)C(O)c1ccccc1,P21,False
TASLUY,TASLUY,293 K,OC1=C(Cl)C(=O)C(=C(Cl)C1=O)[O-].Cc1[nH+]c2c(O)cccc2cc1,Pna21,False
WOJYAX,WOJYAX,at 153 K,[NH2+]=C1NC(=O)NC=C1F.CC1=CC(=O)[N-]S(=O)(=O)O1,P-1,False
WOQBIN,WOQBIN,,c1ccc2nc3ccccc3nc2c1.CC(=CC(O)=O)C(O)=O,P21/n,False
EFOXAY,EFOXAY,at 143 K,O=N(=O)c1cc(c([O-])c(c1)N(=O)=O)N(=O)=O.C1CC[P+]2(C1)CCCC2,P21/n,False
WIVFEM,WIVFEM,,OC1=C(Br)C(=O)C(=C(Br)C1=O)O.c1cnccn1,C2/m,False
NIGVIK,NIGVIK,at 295 K,COC(=O)COc1ccc2C(=C(Cl)C(=O)Oc2c1)C.Nc1ccccc1C1=Nc2ccccc2S1,P21/n,False
FECGIG,FECGIG,300 K,NC(=O)c1c[nH+]ccc1.O=C([O-])c1ccccc1N(=O)=O,C2/c,False
VEPGIJ,VEPGIJ,120 K,FC(F)(F)C(=O)[O-].[NH3+]CCCNC(=O)C(=O)Nc1ccccc1,P21/c,False
SUYNUW,SUYNUW,at 100 K,Nc1[nH+]cc(Br)cc1.OC(=O)C=CC(=O)[O-],P-1,False
YEMZID,YEMZID,150 K,Cc1c(Cl)cccc1Nc1ccccc1C(=O)[O-].Nc1[nH+]nc(c(N)n1)c1cccc(Cl)c1Cl,P-1,False
SOGWOA,SOGWOA,,O=N(=O)c1cc(c([O-])c(c1)N(=O)=O)N(=O)=O.COc1ccc(CC[N+](C)(C)C)cc1O,P21/n,False
UGOHOP,UGOHOP,100 K,OC(=O)c1ccc(O)cc1.O=C1CCCC(=O)N1,Pca21,False
SUDFOO,SUDFOO,at 100 K,CNC(N)=O.OC(=O)C=CC(O)=O,P21/n,False
EBOSIX01,EBOSIX01,at 298 K,OC(=O)c1ccccc1C(O)=O.NC(=O)C=Cc1ccccc1,P-1,False
JUWNUM,JUWNUM,296 K,OC(=O)C=CC(=O)[O-].ON=Cc1cc[nH+]c2ccccc12,P-1,False
UXIXAB04,UXIXAB04,243 K,FC(F)(F)S(=O)(=O)[N-]S(=O)(=O)C(F)(F)F.[2H][N+]12CCN(CC1)CC2,P21,False
KIDMAO,KIDMAO,100 K,O=N(=O)c1cccc(c1)S(=O)(=O)[O-].O=N(=O)c1cccc(c1)S(=O)(=O)NNC1=[NH+]c2ccccc2S1,P-1,False
VAPLIH,VAPLIH,,Nc1ccccc1C(=O)[O-].NC1=[NH+]CCS1,P21/n,False
YADBOU,YADBOU,,OC(C(=O)[O-])c1ccccc1.COc1ccc2CC3[NH2+]CCC3c2c1,P212121,False
HOFZAG,HOFZAG,150 K,NC(=O)c1ccncc1.OC(=O)CCCCCCCCC(O)=O,P-1,False
MENQOP,MENQOP,100 K,Nc1ccc(Br)cn1.Cc1cccc(c1)C(O)=O,P21/c,False
CUYBIJ,CUYBIJ,230 K,[NH3+]C(CO)(CO)CO.Oc1ccc(cc1C(=O)[O-])c1ccc(F)cc1F,P-1,False
LEGPIY,LEGPIY,at 296 K,c1cc(ccn1)c1ccncc1.Nc1cccc(c1)C(O)=O,P-1,False
QIPNEI,QIPNEI,,OC(=O)CCCC(O)=O.O=C1CCCC(=C1)NCc1ccncc1,P21/c,False
OYERIU,OYERIU,at 296 K,NC1=[NH+]C(=O)NC=C1.OC(=O)CC(O)(CC(O)=O)C(=O)[O-],P-1,False
VILSIT,VILSIT,at 133 K,Cc1cc2N=CN(Cc3cccnc3)c2cc1C.ON=C(C#N)c1ccc(Br)cc1,P21/c,False
RESGOM,RESGOM,at 180 K,OC(=O)CCC(O)=O.Cc1cccc(C)n1,P21/c,False
AFIROA,AFIROA,100 K,CC(=O)Nc1cccc(c1)C(O)=O.NC(=O)N1c2ccccc2C=Cc2ccccc12,P21/n,False
XUGBOT,XUGBOT,100.0 K,OC(C(=O)[O-])C(F)(F)F.[NH3+]C(CO)C(O)c1ccccc1,P21,False
ECIREQ,ECIREQ,153 K,[NH3+]NC(=O)NNC(=O)NN.O=N(=O)c1cc(c([O-])c(c1)N(=O)=O)N(=O)=O,P21/c,False
LUTPOI,LUTPOI,248 K,CCCc1[nH+]ccc(c1)C(N)=S.OC(=O)C(=O)[O-],C2/c,False
PIJSEJ,PIJSEJ,296 K,Oc1cc2ccccc2cc1O.C1N2CN3CN1CN(C2)C3,C2/c,False
BACREF,BACREF,99.7 K,Fc1c(F)c(c(F)c(F)c1Br)c1c(F)c(F)c(Br)c(F)c1F.O1C(=CN=C1c1ccccc1)c1ccccc1,P-1,False
UNECAR,UNECAR,at 293 K,OC(=O)c1cc(C(O)=O)c(cc1C(O)=O)C(O)=O.c1ccc2nc3ccccc3nc2c1,P-1,False
MOGZEN,MOGZEN,at 173 K,CS(=O)(=O)[N-]S(C)(=O)=O.C[N+](C)(C)CC(O)=O,P212121,False
PUTNAV,PUTNAV,295 K,OC(=O)c1cccc(Br)c1.c1ccc2nc3ccccc3cc2c1,P-1,False
QANQUS,QANQUS,at 123 K,CN(C)C=O.NC(=O)N1c2ccccc2C=Cc2ccccc12,P-1,False
OZOSUT,OZOSUT,296 K,O=C([O-])c1cccc(c1)N(=O)=O.ON=Cc1cc[nH+]c2ccccc12,P21/c,False
WUVMIK,WUVMIK,at 123 K,Nc1[nH+]c(CF)c(c(N)n1)c1cc(Cl)cc(Cl)c1Cl.CS(=O)(=O)[O-],P1,False
COZYIA,COZYIA,at 100 K,c1cc(ccn1)C=Cc1ccncc1.OC(=O)CCCC(O)=O,C2/c,False
WERLAH,WERLAH,at 297 K,[NH3+]CCCC(O)=O.O=C([O-])c1ccccc1,P21/n,False
WOCFAX,WOCFAX,at 173 K,OC(=O)C=Cc1ccccc1.CC(C)=NNC(=O)c1ccncc1,Pb21a,False
KERMUP,KERMUP,,O=S(=O)([O-])c1ccccc1.[NH3+]C(CC(C)C)C(O)=O,P212121,False
DIMLEU,DIMLEU,298 K,c1cc(ccn1)c1ccncc1.Cc1cc(C)cc(c1)C(O)=O,P212121,False
HUYXUU,HUYXUU,at 173 K,CC1(C)[NH2+]C(C)(C)CC(=O)C1.FC(F)(F)C(=O)[O-],P21/m,False
RADFOS,RADFOS,,c1cc(ccn1)c1ccncc1.OC(=O)COc1c(Cl)cccc1Cl,P21/c,False
YIZCUG,YIZCUG,at 297 K,Brc1ccc(cc1)C=C1SC(=S)NC1=O.CS(C)=O,P-1,False
TAZJOW,TAZJOW,293 K,c1cnc2c(c1)ccc1cccnc21.OB(O)c1c(Cl)cccc1Cl,P21/c,False
KIHYOQ,KIHYOQ,at 298 K,c1cc(ccn1)C=Cc1ccncc1.Oc1ccc(cc1)C#N,P-1,False
FOSQEL,FOSQEL,at 296 K,O=N(=O)c1cc(c([O-])c(c1)N(=O)=O)N(=O)=O.OCC[NH+](CCO)CCO,P21/c,False
QETMOS,QETMOS,at 190 K,c1cc(ccn1)c1ccncc1.Nc1cccc(O)c1,P21/c,False
KUVQAW,KUVQAW,100 K,c1ccc2c(c1)[S+](C1=CN=C3C=CC=NN13)c1ccccc21.FC(F)(F)C(=O)[O-],P-1,False
JATMEW,JATMEW,,CN(C)NC1=NC(=CS1)CSCCC(N)=NS(N)(=O)=O.OC(=O)C=CC(O)=O,P-1,False
HIDQUI,HIDQUI,at 120 K,Cc1cc2N=CN(Cc3cccnc3)c2cc1C.ON=C(C#N)c1ccc(O)cc1,P21/n,False
ODATIX,ODATIX,at 150 K,NS(=O)(=O)c1cc2c(NCNS2(=O)=O)cc1Cl.CN(C)C=O,P-1,False
KUQXUS,KUQXUS,299.1 K,BrC1=C(Br)C(=O)C(=C(C#N)C1=O)C#N.c1ccc2c(c1)ccc1ccccc21,Pca21,False
WEXQIA,WEXQIA,at 298 K,C1CN2CN3CCN(CN1C3)C2.Oc1ccc(O)cc1,C2/c,False
MEBRER,MEBRER,at 293 K,O1C(=NN=C1c1ccncc1)c1ccncc1.Oc1ccc(O)cc1,P-1,False
GISDUI,GISDUI,at 130 K,O=N(=O)c1cc(c(c(c1)N(=O)=O)S(=O)(=O)[O-])N(=O)=O.OC(=O)c1[nH+]c2ccccc2cc1,P-1,False
JICSIB,JICSIB,293 K,O=N(=O)c1ccc(cc1)N1CC[NH2+]CC1.Brc1ccccc1C(=O)[O-],P-1,False
VAQRUB,VAQRUB,at 203 K,Fc1ccccc1C(=O)[O-].COc1cc(C)[nH+]c(N)n1,P21/n,False
BOVYES,BOVYES,at 150 K,c1cc(ccn1)C=Cc1ccncc1.OC(=O)c1cc(F)ccc1F,P-1,False
WUVXUI,WUVXUI,293 K,CCc1[nH+]ccc(c1)C(N)=S.OC(=O)C=CC(=O)[O-],P-1,False
EPUDIE,EPUDIE,253 K,CCC1(C(=O)NC(=O)NC1=O)c1ccccc1.C1COCCO1,P21/n,False
ZAZGAK,ZAZGAK,at 298 K,Cc1cccc(Nc2ccccc2C(O)=O)c1C.CN(C)C=O,P-1,False
DIHKAH,DIHKAH,at 130 K,O=N(=O)c1cc(c([O-])c(c1)N(=O)=O)N(=O)=O.C[Si](C)(C)C(c1cc[nH+]cc1)[Si](C)(C)C,P-1,False
JEHXOJ,JEHXOJ,,O=S(=O)([O-])c1ccccc1.[NH3+]NS(=O)(=O)c1ccccc1,P21/c,False
OFOKIE,OFOKIE,at 298 K,OC(=O)c1ccc(Br)c2ccccc12.c1cc(ccn1)c1ccncc1,C2/c,False
BAYQAX,BAYQAX,298 K,Cc1cccc2SC(=[NH2+])Nc12.O=C([O-])c1ccc(cc1)C#N,P21,False
OSEGEB,OSEGEB,160 K,OC(C(O)C(=O)[O-])C(O)=O.NC(=O)c1ccc[n+](c1)C1OC(CO)C(O)C1O,P21,False
QAGJIR,QAGJIR,,NC1=[NH+]c2ccccc2S1.O=C([O-])C1=Cc2ccccc2N1,P21/c,False
LILGEV01,LILGEV01,100.0 K,O=C1[N-]S(=O)(=O)c2ccccc12.CC1=CC(=O)NC(=[NH+]1)N,P21/n,False
FOYPEQ,FOYPEQ,at 293 K,COc1cc(Cc2c[nH+]c(N)nc2N)cc(OC)c1OC.O=C1NC(=S)NC(=C1)[O-],P21/c,False
LATTAD,LATTAD,at 298 K,NNC(=O)c1ccncc1.OC(=O)C=CC(O)=O,P21/n,False
CARWEZ,CARWEZ,at 115 K,O=C([O-])c1ccc2ccccc2c1.[NH3+]C(C)c1ccc(OC)cc1,P1,False
PIJSEK,PIJSEK,296 K,Nc1[nH+]cc(Cl)cc1.O=P([O-])(c1ccccc1)c1ccccc1,P-1,False
KEMCEL,KEMCEL,at 130 K,OC(=O)c1c(F)c(F)c(F)c(F)c1F.NC(=O)c1ccccc1,P21/c,False
LOFQOO,LOFQOO,at 100 K,FC(F)(F)S(=O)(=O)[O-].C[N+]1(C)c2cccc3cccc(c23)C1(O)C(F)(F)F,P21/c,False
DEYHAT,DEYHAT,293 K,O=C1N(CCCN2C=[NH+]C=C2)C(=O)c2cccc3cccc1c23.O=N(=O)c1ccc([O-])c(c1)N(=O)=O,P-1,False
SEPLUV,SEPLUV,at 150 K,CN(C)c1cccc(c1)C(O)=O.CN(C)c1cccc(c1)C(=O)NC1=NCCS1,P21/c,False
WAFRIH,WAFRIH,93 K,O=N(=O)c1cc(c(c(c1)N(=O)=O)S(=O)(=O)[O-])N(=O)=O.CCOC(=O)C1[NH2+]C(C)C=CC1,P21,False
WEGVAI,WEGVAI,293 K,CC(=NO)C(C)=NO.c1ccc2nc3ccccc3cc2c1,P21/c,False
HONWEN,HONWEN,at 100 K,Oc1c[nH+]ccc1.O=C([O-])c1ccccc1,Pc,False
PIVBAX,PIVBAX,at 122 K,OC(C(=O)[O-])c1ccccc1.[NH3+]C(CO)c1ccccc1,P1,False
USUWOW,USUWOW,133 K,S=C1SCCN1C1=[NH+]CCS1.O=S1(=O)[N-]S(=O)(=O)c2ccccc12,P-1,False
TIKPEJ,TIKPEJ,at 295 K,Nc1ccc(cc1)c1ccc(N)cc1.O=P(c1ccccc1)(c1ccccc1)c1ccccc1,P21/c,False
AWITIM,AWITIM,298 K,CC1=CN(C(=O)C=C1)c1ccccc1.OC(=O)C=CC(O)=O,P21/n,False
YIZFUI,YIZFUI,,OC(C(O)C(=O)[O-])C(O)=O.[NH3+]c1cccc(OC)c1,P212121,False
EXISIQ,EXISIQ,100 K,OCC[NH2+]CCO.O=C([O-])c1ccccc1,P21/n,False
QIMFOH,QIMFOH,at 150 K,COC(=O)Cc1nc2C(=O)N(C)C(=O)N(C)c2nc1O.CS(C)=O,P-1,False
TOCSUC,TOCSUC,150 K,[NH3+]c1ccc(Br)cc1.O=C([O-])c1cc(cc(c1)N(=O)=O)N(=O)=O,P212121,False
CEKKIO,CEKKIO,at 173 K,c1cc(ccn1)c1ccncc1.Oc1cccc(O)c1O,P-1,False
UGORUF,UGORUF,at 293 K,OC(=O)CCCCCCCCC(O)=O.NC1=NC=CS1,P21/c,False
CEKKEK,CEKKEK,at 173 K,c1ccc2nc3ccccc3cc2c1.Oc1cccc(O)c1O,P-1,False
WEDWUA,WEDWUA,293 K,CCN(CC)CC(=O)Nc1c(C)cccc1C.Fc1c(F)c(Br)c(F)c(F)c1Br,P21/n,False
KOSYIA,KOSYIA,at 130 K,CC1(C)COP(=O)([O-])OC1c1c(Cl)cccc1Cl.C[NH2+]C(C)C(O)c1ccccc1,P21,False
HICTOD,HICTOD,at 293 K,C1CN2CN3CN1CN(C2)C3.Oc1ccc(O)cc1,Pnma,False
DOJMOF,DOJMOF,at 233 K,CN1C=C[N+](=C1C)O.Cc1ccc(cc1)S(=O)(=O)[O-],P21/c,False
NUZTIN,NUZTIN,100 K,NC(=O)c1ccncc1.Cc1ccc(cc1)C=CC(O)=O,P-1,False
XIPTOG,XIPTOG,at 120 K,OC(=O)c1c(O)cc(O)cc1O.c1cnccn1,P21/c,False
FOPXAK,FOPXAK,at 113 K,CN(C)C(C)=O.Cc1ccc(cc1)C1(O)c2ccccc2Oc2ccccc12,P21/n,False
BUQTEP,BUQTEP,298 K,NS(=O)(=O)c1cc(C(O)=O)c(NCC2=CC=CO2)cc1Cl.NNC(=O)c1ccncc1,C2/c,False
GEYLIF,GEYLIF,,[NH3+]C(C)Cc1cccc(c1)C(F)(F)F.ClC(Cl)C(=O)[O-],P21,False
BAJXAP,BAJXAP,296 K,OC(=O)c1cccc(c1)C(O)=O.NNC(=O)c1ccncc1,Pmn21,False
ANUVIP,ANUVIP,at 296 K,ON1S(=O)(=O)c2cccc3cccc(c23)S1(=O)=O.CCOC(C)=O,P21/n,False
TAZLOY,TAZLOY,293 K,c1cnc2ncccc2c1.COc1ccc(cc1)B(O)O,P21/n,False
YAXROG,YAXROG,at 130 K,Oc1ccccc1C(=O)[O-].Fc1ccc(cc1)C(N1CC[NH2+]CC1)c1ccc(F)cc1,C2/c,False
CPHMAL10,CPHMAL10,,OC(=O)C=CC(=O)[O-].C[NH+](C)CCC(c1ccc(Cl)cc1)c1ccccn1,P21,False
PAKROM,PAKROM,100 K,Cc1cccc(C(=O)[O-])c1O.CCc1[nH+]c(N)nc(N)c1c1ccc(Cl)cc1,P-1,False
USODOW,USODOW,at 293 K,CC[NH+](CC)CCO.O=C1NC(=O)C(C(=O)N1)=C1C(=C[C-](C=C1N(=O)=O)N(=O)=O)N(=O)=O,P21/n,False
ENEPEU,ENEPEU,173 K,c1cc(ccn1)c1ccncc1.Oc1cc(Br)cc(Br)c1,P-1,False
SAGMUM,SAGMUM,296 K,FC1=C(F)C(=O)C(=C(F)C1=O)F.c1ccc2c(c1)nnc1ccccc21,P-1,False
DITKIB,DITKIB,at 296 K,OC(=O)CN1C(=O)c2ccc3C(=O)N(CC(O)=O)C(=O)c4ccc(C1=O)c2c34.CN(C)C=O,P21/c,False
EXAQOK01,EXAQOK01,100.0 K,Cc1cccc(Nc2ccccc2C(O)=O)c1C.NC(=O)c1cccnc1,P-1,False
COZXUL,COZXUL,at 298 K,c1cc(ccn1)c1ccncc1.OC(=O)c1ccccc1,P-1,False
URPRBN10,URPRBN10,,NC(N)=O.O=C1NC(=O)C(=O)N1,P21/c,False
NUMKEN,NUMKEN,298 K,NS(=O)(=O)c1ccccc1.O=C1CCCCN1,P212121,False
RUYHEZ,RUYHEZ,at 100 K,NC(=O)c1cccnc1.OC(=O)c1ccc(O)cc1,C2/c,False
PIPLIM,PIPLIM,298 K,[NH3+]C(CO)(CO)CO.O=C([O-])C1=CC=CO1,P-1,False
YIHCAX,YIHCAX,296 K,OC(=O)C=Cc1ccccc1.NC(=O)N1c2ccccc2C=Cc2ccccc12,P21/c,False
ENICAG,ENICAG,at 298 K,CN1C(=C(O)c2ccccc2S1(=O)=O)C(=O)NC1=[NH+]C=C(C)S1.OC(CC(=O)[O-])C(O)=O,P1,False
VAKTOS,VAKTOS,at 110 K,CCC(C(O)=O)C(O)=O.CCOc1ccccc1C(N)=O,P-1,False
NONMOS,NONMOS,,Cc1ccncc1.Oc1ccc(cc1)C1(CCCCC1)c1ccc(O)cc1,P212121,False
POCBUH,POCBUH,170.2 K,NC(N)=O.COc1cc2OC(=O)C=Cc2cc1OC,Pc,False
KUFBOC,KUFBOC,,Clc1ccc(OCC(=O)[O-])c(Cl)c1.Oc1c[nH+]ccc1,P-1,False
DAFMAC,DAFMAC,113.2 K,CC(=O)c1ccc(O)cc1.C1CNCCN1,P-1,False
OLUTEX,OLUTEX,298 K,Oc1cccc(O)c1C(=O)[O-].[NH2+]=C1NC(=O)N(C=C1F)C1CSC(CO)O1,P21,False
MIQFAU,MIQFAU,at 93 K,CCNCC.OC1(C#C)c2cc(Br)ccc2c2ccc(Br)cc12,Cmce,False
ECUTAB,ECUTAB,293 K,OC(=O)c1cc(ccc1O)S(=O)(=O)[O-].Nc1c(Br)cc(Br)cc1C[NH2+]C1CCC(O)CC1,P21/c,False
AMUSIN,AMUSIN,100 K,CN(C)C=O.O=P(Nc1ccccn1)(Nc1ccccn1)Nc1ccccn1,P21/n,False
GUYXEE,GUYXEE,at 123 K,NC1=C(C#N)c2c(O1)c(C#C)c1c(OC(=C1C#N)N)c2C#C.CN(C)C=O,P21/c,False
VECKEU,VECKEU,at 86 K,[NH2+]1CCOCC1.FC(F)(F)C(=O)C=C([O-])C(F)(F)F,P21/c,False
NETTEP,NETTEP,99.9 K,OC(=O)C(=O)[O-].OCC[NH+](CCO)C(CO)(CO)CO,P21/c,False
VAVJUA,VAVJUA,123 K,C[NH+](C)C(C)C(O)c1ccccc1.OC(C(=O)[O-])c1ccccc1,P212121,False
NAWYUJ,NAWYUJ,293 K,[NH3+]Cc1ccccc1O.OC(=O)c1cc(O)cc(c1)C(=O)[O-],P-1,False
FOSFUQ01,FOSFUQ01,298 K,COc1cc(ccc1O)C(O)=O.NNC(=O)c1ccncc1,C2/c,False
CIMKES,CIMKES,93 K,Cc1ccc(cc1)S(=O)(=O)[O-].C[N+](C)(C)CCO,P21/c,False
XOGTIX,XOGTIX,at 123 K,OC=O.NC(=O)C1c2ccccc2C=Cc2ccccc12,P21/c,False
VIPXOK,VIPXOK,120 K,Nc1cc(ccc1C(=O)[O-])N(=O)=O.CC(C)(C)[NH2+]CCO,C2/c,False
SIHRAE,SIHRAE,293 K,OC(=O)CC(O)=O.NC(=O)c1cnccn1,C2/c,False
WUTDEX01,WUTDEX01,293.1 K,c1ccc2nc3ccccc3nc2c1.CC(C)c1ccc(C)cc1O,P-1,False
VIPMAK,VIPMAK,at 100 K,COCCN1C(=C(C)[N+](=C1C(C)C)C)C.CS(=O)(=O)[O-],P21/n,False
LUNYUO,LUNYUO,at 180 K,CCCCC(O)=O.c1cnccn1,P21/c,False
PETNOT,PETNOT,at 120 K,Oc1c(F)c(F)c(Br)c(F)c1F.c1cc(ccn1)N=Nc1ccncc1,P-1,False
ACOYOG01,ACOYOG01,at 120 K,Oc1cccc(O)c1.C(Cc1ccncc1)c1ccncc1,P21/n,False
TIBHAO,TIBHAO,at 298 K,OC(=O)c1cc(ccc1O)S(=O)(=O)[O-].[NH3+]NC(N)=S,P21/c,False
PESLUX,PESLUX,102 K,c1ccncc1.NC(N)=O,P21/c,False
DIGCEC,DIGCEC,at 298 K,O=C(Nc1cc[nH+]cc1)Nc1cc[nH+]cc1.O=C([O-])C1(CCC1)C(=O)[O-],P21/c,False
MILKEB,MILKEB,296 K,NC(N)=O.OC(=O)c1ccc(O)cc1,P2/n,False
MESXIU,MESXIU,293 K,Oc1cccc2ccc[nH+]c12.OC1=C([O-])C(=O)C1=O,P212121,False
EJEZIF,EJEZIF,173 K,CN1C=CN=C1.CC(=O)NO,Pbca,False
UDAPUM,UDAPUM,at 100 K,FC(F)(F)S(=O)(=O)[O-].CC(C)(C)OC(=O)C1[NH2+]C(CC1)C=C,P212121,False
VITTAV,VITTAV,173 K,[NH2+]1CCN(CC1)Cc1ccc2OCOc2c1.Clc1ccc(cc1)C(=O)[O-],P21/c,False
LACTOB,LACTOB,298 K,Nc1ccc(C(O)=O)c(O)c1.S(Sc1ccncc1)c1ccncc1,C2/c,False
GEDDAY,GEDDAY,293 K,OC(=O)COc1ccc(Cl)cc1Cl.CCOc1ccccc1C(N)=O,C2/c,False
NUTPEZ,NUTPEZ,100 K,CN1C=NC2=C1C(=O)N(C)C(=O)N2C.Oc1cc(O)c2C(=O)C(=C(Oc2c1)c1ccc(O)c(O)c1)O,P21/c,False
EBONIV,EBONIV,273 K,CN1C=CC(=O)C(=C1C)O.OC(=O)C=CC(O)=O,P-1,False
ETOPAG,ETOPAG,296 K,Clc1cc(cc(Cl)c1[O-])N(=O)=O.OC(=O)C1[NH2+]CCCC1,P21/n,False
ZEYNUP,ZEYNUP,293 K,Cc1nccnc1C.OC(=O)c1cc(Cl)c(Cl)cc1C(O)=O,P-1,False
SECHAJ,SECHAJ,,CC12CCC(C(Br)C1O)C2(C)CS(=O)(=O)[O-].C[NH2+]CC(O)c1ccc(O)cc1,P212121,False
EFOZAB,EFOZAB,at 293 K,NC(N)=O.O=C1CC(=O)NC(=O)N1,P21/c,False
TEZRAT,TEZRAT,at 298 K,[NH3+]c1cc(Cl)ccc1O.OC(=O)c1cc(cc(c1[O-])N(=O)=O)N(=O)=O,P21/n,False
QOGPUX,QOGPUX,,O=N(=O)Nc1cc[nH+]cc1.CS(=O)(=O)[O-],P21/n,False
LADCAW,LADCAW,at 120 K,OC(=O)c1ccc(Cl)c(Cl)c1.CCC(=O)Nc1ccc(Br)cn1,P-1,False
ASOMEA,ASOMEA,at 296.1 K,CC=CC=CC(=O)[O-].[NH3+]Cc1cccc(OC)c1,P21/c,False
LEXQAJ,LEXQAJ,296.1 K,NC(=O)N1c2ccccc2C=Cc2ccccc12.OC(=O)c1cccc(O)c1O,P21/n,False
CEMGOT,CEMGOT,298.1 K,NC(N)=O.OB(O)c1cc(F)c(F)c(F)c1,P21/c,False
VAVLAI,VAVLAI,120 K,Fc1ccc(cc1)C(=O)[O-].C[NH+](C)C(C)C(O)c1ccccc1,P21/c,False
JEGBON,JEGBON,at 100 K,ON=C(C#N)c1cccc(Cl)c1.C(N1C=CN=C1)c1ccc(CN2C=CN=C2)cc1,P-1,False
ACESIL,ACESIL,at 150 K,c1ccncc1.Oc1ccc(O)cc1,P-1,False
MEFYUU,MEFYUU,173 K,FC(F)(F)S(=O)(=O)[O-].CN1C=C([N+](=N1)C)C1=Nc2ccccc2O1,P21/n,False
QAKSUS,QAKSUS,at 120 K,OC(=O)c1ccc2cc(ccc2c1)C(O)=O.CN1CCCC1=O,Fdd2,False
YUFFIQ,YUFFIQ,150 K,c1cc(ccn1)N=Nc1ccncc1.Oc1cc(O)c2C(=O)C(=C(Oc2c1)c1ccc(O)c(O)c1)O,C2/c,False
DEVYUB,DEVYUB,293 K,Oc1ccc(cc1)C=Cc1cc(O)cc(O)c1.c1ccc2nc3ccccc3nc2c1,P21/c,False
PAMZOS,PAMZOS,,[NH2+]1CCOCC1.Oc1ccc([O-])c(C#N)c1C#N,P212121,False
COGCEJ,COGCEJ,296 K,OC(=O)C=CC(=O)[O-].OCc1cc[nH+]cc1,P1,False
HAXKUQ,HAXKUQ,150 K,CN1C(=O)N(C)C2=C([NH+]=CN2)C1=O.OC1=C([O-])C(=O)C1=O,P21/c,False
ZEXMOH,ZEXMOH,293 K,OC(=O)c1cc(Cl)cc(Cl)c1.Oc1ccc(Br)cc1C=Nc1cccnc1,C2/c,False
RAJTOP,RAJTOP,296.1 K,[NH2+]1CCOCC1.OC(C(=O)[O-])(c1ccccc1)c1ccccc1,C2/c,False
MUPPIW,MUPPIW,at 150 K,CN1CCN(C)CC1.CC(=O)Nc1ccc(O)cc1,P21/c,False
BOTQAF,BOTQAF,173 K,COc1ccc2C3[NH2+]N(C)C(=O)C43CCCC4c2c1.FC(F)(F)S(=O)(=O)[O-],P21/c,False
HEPKAR,HEPKAR,313 K,[2H]OC(=O)c1ccc(cc1)C(=O)[O-].[2H]C1=[N+]([2H])C(=C([2H])N1[2H])[2H],P21/n,False
GOWCAW,GOWCAW,,CC(c1ccccc1)S(=O)(=O)[O-].[NH3+]C(CC(C)C)C(O)=O,P21212,False
YANCAU,YANCAU,293 K,c1cc(ccn1)C=Cc1ccncc1.CNC(=S)NN=C(C)c1ccc(O)cc1O,P-1,False
JUZCEP,JUZCEP,293 K,N1C(=[NH+]c2ccccc12)C1=CSC=N1.O=C[O-],P21/c,False
PUHFAA,PUHFAA,at 173 K,c1cc(ccn1)c1ccncc1.OC(=O)c1ccc2C(=O)OC(=O)c3ccc(C(O)=O)c1c23,P-1,False
ORAYOX,ORAYOX,295 K,Cc1ccc(cc1)S(=O)(=O)[O-].CN1CC(=O)[NH+]=C1N,P212121,False
GAVMEZ,GAVMEZ,100 K,FC(F)(F)S(=O)(=O)[O-].Cl[P-]1(Cl)[n+]2ccccc2[n+]2ccccc12,P21/n,False
SEPTOZ,SEPTOZ,296 K,FC(F)(F)C(=O)[O-].Fc1cccc(c1)C=C1CC[NH+]=C1,Pna21,False
FIDMAH,FIDMAH,at 120 K,Nc1ccc(Sc2ccc(N)cc2)cc1.Oc1ccc(Sc2ccc(O)cc2)cc1,P212121,False
GUXTAX,GUXTAX,100 K,CC(=O)NC1=NN=C(S1)S(N)(=O)=O.c1cc(ccn1)N=Nc1ccncc1,P21/c,False
AYIWEM,AYIWEM,296 K,Nc1cccc2cccnc12.OC(=O)c1cc(O)c(O)c(O)c1,P21/c,False
FAYXOV,FAYXOV,150 K,Nc1ccc(C(O)=O)c(O)c1.NC(=O)N1c2ccccc2C=Cc2ccccc12,C2/c,False
UHADUD,UHADUD,at 120 K,OC(=O)CCCC(O)=O.O=C1NCCN1,Cc,False
NUQKUH,NUQKUH,150 K,Cc1c(O)cccc1O.c1cnc2c(c1)ccc1cccnc21,P21/n,False
BOQDOA,BOQDOA,at 100 K,c1cc(ccn1)c1ccncc1.Oc1ccc(Sc2ccc(O)cc2)cc1,P21/c,False
FEVKID,FEVKID,293 K,O=C([O-])c1c2ccccc2cc2ccccc12.COc1cc(Cc2c[nH+]c(N)nc2N)cc(OC)c1OC,P-1,False
TERLIO,TERLIO,296.1 K,Cc1c(Cl)cccc1Nc1ccccc1C(=O)[O-].[NH3+]C(CO)(CO)CO,P-1,False
NELPUP,NELPUP,at 293 K,[NH3+]C(C)C(O)=O.OC(=O)C(=O)[O-],P21/n,False
POCPIH,POCPIH,at 180 K,O=C1CCCC(=O)N1.Cc1ccc(cc1)c1nc(N)nc(N)n1,P-1,False
GODNAO,GODNAO,at 150 K,Cc1cc(C)nc(C)c1.OC(=O)c1ccccc1,P21/c,False
ZOHTUN,ZOHTUN,at 150 K,Nc1cc(Cl)cc(Cl)c1.Oc1cc(Cl)c(Cl)c(Cl)c1,I2/a,False
VAXVOH,VAXVOH,at 120 K,OC(=O)C=CC(O)=O.c1cnccn1,P-1,False
FALSIW,FALSIW,at 110 K,Cc1ccnc(NS(=O)(=O)c2ccc(N)cc2)n1.C1COCCO1,P-1,False
MUKVUM,MUKVUM,100 K,FC(F)(F)S(=O)(=O)[O-].CC[S+]1CCN(CC1)c1ccccc1,P21/n,False
VIKWIX,VIKWIX,at 298 K,[NH3+]CCC1=CNc2ccc(O)cc12.OC(=O)CCCCC(=O)[O-],P-1,False
WITZUV,WITZUV,at 296 K,OC(=O)CN1C(=O)c2cc3C(=O)N(CC(=O)[O-])C(=O)c3cc2C1=O.Oc1cccc2ccc[nH+]c12,P-1,False
KUQREU,KUQREU,at 293 K,Clc1ccc(c(Cl)c1)C(=O)[O-].CCc1[nH+]c(N)nc(N)c1c1ccc(Cl)cc1,Pbca,False
FEKTOH,FEKTOH,295 K,Cc1[nH+]cc(CO)c(CO)c1O.COc1cc(C=CC(=O)[O-])ccc1O,P21,False
XEGLAW,XEGLAW,at 150 K,NC1=[NH+]c2cc(Cl)ccc2O1.Clc1ccc(OCC(=O)[O-])cc1Cl,P21/c,False
KEWNOQ,KEWNOQ,203 K,CC(N)=O.CC(=O)Oc1ccccc1C(O)=O,Pbca,False
EYUSEZ,EYUSEZ,296 K,NC(=O)c1nc(F)cnc1O.Nc1ccc(cc1)C(O)=O,P21/c,False
TEYSOH,TEYSOH,at 293 K,[NH3+]CCO.Brc1ccc(cc1)C(=O)[O-],Pna21,False
FETNEY,FETNEY,at 273 K,ClC(Cl)(Cl)C(=O)[O-].[NH3+]C(Cc1ccccc1)C(O)=O,C2/c,False
KECTOB,KECTOB,,CCC[NH2+]C1COc2ccc(OC)cc2C1O.OC(C(=O)[O-])c1ccccc1,P21,False
CIWVIP,CIWVIP,at 100 K,O=N(=O)[N-]C1=NON=C1N=NC1=NON=C1[N-]N(=O)=O.[NH3+]NC(=O)N[NH3+],P-1,False
ECOQEV,ECOQEV,123 K,Clc1ccc(cc1)S(=O)(=O)[O-].CC(O)=[NH+]c1ccc(O)cc1,P21/c,False
FERZAE,FERZAE,at 190 K,CCCCCC(=O)c1c(O)cc(O)cc1O.c1cc(ccn1)C=Cc1ccncc1,P-1,False
QOLMAH,QOLMAH,at 123 K,Cc1ccc2ccc3ccc(C)nc3c2n1.Oc1c(O)c(Cl)c(Cl)c(Cl)c1Cl,I2/a,False
NIPTUC,NIPTUC,at 130 K,O=C(Nc1ccccc1)C(=O)Nc1ccccc1.Oc1c(F)c(F)c(F)c(F)c1F,P21/c,False
IVUSAU,IVUSAU,at 123 K,C[NH+](C)C(C)C(O)c1ccccc1.Oc1ccc(cc1)S(=O)(=O)[O-],P-1,False
SEVPOC,SEVPOC,100 K,NC1=NC(=NO1)C1=NN2N=NN=C2N=C1N.CS(C)=O,P-1,False
HARHIV,HARHIV,113.2 K,OC(=O)COc1ccc(Cl)cc1Cl.C(Cc1ccncc1)c1ccncc1,P-1,False
PAQPAA,PAQPAA,at 296 K,O=C(OCc1ccccc1)c1c[nH+]ccc1.OC1=C([O-])C(=O)C1=O,P-1,False
GIFPER,GIFPER,at 100 K,FC(F)(F)S(=O)(=O)[O-].COC(=O)C1Cc2ccccc2C(N1)=[NH+]C(C)(C)C,P21,False
JARDOY,JARDOY,300 K,O=C(c1cc[nH+]cc1)c1ccccc1.OC1=C([O-])C(=O)C1=O,P21/c,False
MAKXED01,MAKXED01,at 293 K,[NH3+]C(C)(C)CO.CC(C)(CO)NC(=O)[O-],P21/c,False
IGAYEX,IGAYEX,173 K,[NH3+]c1ccc(cc1)C1(CC)CCC(=O)NC1=O.CC1(C)C2CCC1(CS(=O)(=O)[O-])C(=O)C2,P21,False
IJEZUT,IJEZUT,at 120 K,OC(=O)C=Cc1ccc(O)cc1.CN1C=NC2=C1C(=O)N(C)C(=O)N2C,P21/c,False
MOZBOU,MOZBOU,120 K,Nc1ncccn1.OC(=O)c1cccc(Br)c1,Pnma,False
TEYSUN,TEYSUN,at 293 K,[NH3+]CCO.Clc1ccc(cc1)C(=O)[O-],Pna21,False
CARVEY,CARVEY,at 150 K,Oc1c(cc(cc1N(=O)=O)N(=O)=O)C(=O)[O-].CSC1=[NH+]c2cc(Oc3cccc(Cl)c3Cl)c(Cl)cc2N1,P-1,False
VUZZUL,VUZZUL,at 178 K,Brc1ccc(cc1)S(=O)(=O)NS(=O)(=O)c1ccc(Br)cc1.CNC(=O)NC,P-1,False
XEFTUA,XEFTUA,257 K,O=C([O-])c1[nH+]ccc(c1)C(=O)[O-].NC(=[NH2+])NC(=O)c1nc(Cl)c(N)nc1N,P-1,False
PAVSOV,PAVSOV,at 296 K,NC(N)=O.NCCCCCCCCN,Pna21,False
QEPJOL,QEPJOL,at 298 K,CCCC(=O)[O-].[NH3+]CCNc1ccc(cc1)N(=O)=O,Pc,False
QIBCIQ,QIBCIQ,296 K,c1cc(ccn1)c1ccncc1.CC1=CC(=NO1)NS(=O)(=O)c1ccc(N)cc1,P1,False
MOXVOL,MOXVOL,at 173 K,OC(=O)CCCC(O)=O.NC(=O)N1c2ccccc2C=Cc2ccccc12,P21/n,False
MUPPIX,MUPPIX,at 100 K,NS(=O)(=O)c1cc2c(NCNS2(=O)=O)cc1Cl.NC(=O)c1ccncc1,P-1,False
EXIMOO,EXIMOO,at 296 K,c1cc(ccn1)c1ccncc1.Cc1ccc(cc1)S(=O)(=O)Nc1ccc(cc1)C(O)=O,P21/n,False
UWAMIQ,UWAMIQ,173 K,Oc1ccccc1C(=O)[O-].NC1=[NH+]C(=O)NC=C1,P21/n,False
EGUVAE,EGUVAE,at 296 K,C[NH+]1CCN(CC1)Cc1ccc(cc1)C(O)=O.O=N(=O)c1cc(c([O-])c(c1)N(=O)=O)N(=O)=O,P-1,False
ACEROR,ACEROR,at 100 K,OC=O.CN1N=NC2=C(N=CN2C1=O)C(N)=O,P-1,False
JUPBII,JUPBII,120 K,COC(=O)NC1=[NH+]c2ccccc2N1.OC(=O)C=CC(=O)[O-],P21/c,False
LIQQEJ,LIQQEJ,at 298 K,Cc1ccc(cc1)C1=CC(=NN1c1ccc(cc1)S(N)(=O)=O)C(F)(F)F.O=C1CCCCCN1,P21,False
HUCXEJ,HUCXEJ,at 130 K,[NH3+]c1ccc(Cl)cc1.OC(=O)c1cc(Cl)c(Cl)cc1C(=O)[O-],C2,False
DUSQAK,DUSQAK,at 296 K,Nc1[nH+]cc(Br)cc1.OC(=O)CCCC(=O)[O-],P212121,False
DIDNAI,DIDNAI,100 K,Oc1ccc2ccccc2c1c1c(O)ccc2ccccc12.c1ccc2nc3ccccc3nc2c1,P21,False
JUGWOZ,JUGWOZ,173 K,Nc1[nH+]cc(Br)cc1.Clc1cc(ccc1C(=O)[O-])N(=O)=O,P-1,False
RIWPAS,RIWPAS,150 K,CC1(C)NC(=NC(=N1)C(Cl)(Cl)Cl)C(Cl)(Cl)Cl.CN(C)C=O,Pca21,False
JEGWUN,JEGWUN,,OC(=O)C=CC(=O)[O-].C[NH+](C)CCC(c1ccc(Cl)cc1)c1ccccn1,P21/n,False
WUZNOX,WUZNOX,100 K,C1CCOC1.Clc1ccc2NC(=O)c3cc(Cl)ccc3NC(=O)c2c1,Pbca,False
QAKQIE,QAKQIE,at 296 K,Oc1ccc(cc1)C(=O)[O-].CC(C)[NH2+]CC(O)c1ccccc1Cl,P21/n,False
XIYSAC,XIYSAC,293 K,OC(CN1C=NC=N1)(CN1C=NC=N1)c1ccc(F)cc1F.OC(=O)CCCCC(O)=O,C2/c,False
WUBYUN,WUBYUN,at 93.2 K,CC1=CC(=CC(=O)O1)OCc1cccc(C)c1.O=C1NC(=O)C=C1,C2/c,False
ROVPOJ,ROVPOJ,at 296 K,S=C(Nc1cccc2ccccc12)Nc1cccc2ccccc12.CS(C)=O,P-1,False
NAGLYB10,NAGLYB10,,[NH3+]C(CC(=O)[O-])C(=O)[O-].[NH3+]C(CCCNC(N)=[NH2+])C(=O)[O-],P21,False
MEWYIW,MEWYIW,at 173 K,FC(F)(F)S(=O)(=O)[O-].CN(C)c1cc[n+]2c(c1)C(=O)c1ccccc21,Pc,False
IVULUH,IVULUH,at 123 K,O=C([O-])c1ccc(cc1)N(=O)=O.C[NH+](C)C(C)C(O)c1ccccc1,P21/c,False
YACYIO,YACYIO,293 K,N#Cc1ccncc1.OC(=O)CCCCC(O)=O,P-1,False
COZXOF,COZXOF,at 100 K,c1cc(ccn1)C=Cc1ccncc1.OC(=O)c1ccccc1,P21/c,False
CASCAB,CASCAB,at 123 K,NS(=O)(=O)c1cc2c(NCNS2(=O)=O)cc1Cl.C1COCCO1,P-1,False
BOKHIU,BOKHIU,at 293 K,NS(=O)(=O)c1cc(C(O)=O)c(NCC2=CC=CO2)cc1Cl.c1cc(ccn1)c1ccncc1,P-1,False
GENMUI,GENMUI,at 296 K,OC(=O)CN1C(=O)c2cc3C(=O)N(CC(O)=O)C(=O)c3cc2C1=O.S1C=CSC1=C1SC=CS1,P-1,False
NELPOJ01,NELPOJ01,at 160 K,CC(=NO)C(C)=NO.Cc1nc2ccccc2nc1C,P-1,False
LODLUN,LODLUN,at 293 K,FC(F)(F)S(=O)(=O)[N-]S(=O)(=O)C(F)(F)F.CN1C=C[N+](=C1)CCC(O)=O,P21/c,False
ZAQROC,ZAQROC,193 K,c1cc(ccn1)c1ccncc1.CCCCC(O)=O,P-1,False
IDUTUX,IDUTUX,at 293 K,CC1(C)C(C(O)=O)C1(C)C.C1N2CN3CN1CN(C2)C3,C2/c,False
DOCXIF,DOCXIF,298 K,OC(=O)c1cc(ccc1C(=O)[O-])N(=O)=O.O=C(CN1C=[NH+]C=C1)c1ccccc1,P21/c,False
LATHUL,LATHUL,at 120 K,Nc1ccc(cc1)C(O)=O.c1ccc2nc3ccccc3nc2c1,P-1,False
QQQBTG02,QQQBTG02,at 296 K,[NH3+]CC(O)=O.O=N(=O)c1cc(c([O-])c(c1)N(=O)=O)N(=O)=O,P21/c,False
PUHBUQ,PUHBUQ,at 123 K,FC(F)C(=O)[O-].NC(=O)c1c[nH+]ccc1,P21/c,False
WIRROE,WIRROE,,OCC[NH+]1CCNCC1.Clc1cccc(Cl)c1Nc1ccccc1CC(=O)[O-],P21/a,False
RIWLOY,RIWLOY,,COc1cc(Cc2cnc(N)nc2N)cc(OC)c1OC.Cc1cc(C)nc(NS(=O)(=O)c2ccc(N)cc2)n1,P21/n,False
LAQQUR,LAQQUR,at 293 K,OC(=O)c1cc(C(O)=O)c(cc1C(O)=O)C(=O)[O-].Fc1cc2C(=O)C=CN(C3CC3)c2cc1N1CC[NH2+]CC1,P-1,False
CUYLAM,CUYLAM,100 K,OCC(O)=O.CN1C=NC2=C1C(=O)N(C)C(=O)N2C,Pnma,False
VUKQAV,VUKQAV,298 K,OC(=O)C=CC(=O)[O-].[NH3+]C(CC(C)C)C(O)=O,C2,False
AXUGAC,AXUGAC,at 173 K,c1ccc2c(c1)cnc1ccccc21.OC(=O)C=CC(O)=O,P-1,False
RAXYAU,RAXYAU,100.0 K,c1cc(ccn1)C=Cc1ccncc1.OC(=O)COC(=O)Cc1ccccc1Nc1c(Cl)cccc1Cl,P21/c,False
MECZUR,MECZUR,at 123 K,[NH3+]CCc1ccc(O)cc1.Oc1ccc(cc1)S(=O)(=O)[O-],P212121,False
HOSSOA,HOSSOA,296 K,C1N2CN3CN1CN(C2)C3.Oc1cccc(O)c1O,P21/n,False
HIBFED,HIBFED,,Oc1ccccc1.C1CNCCN1,P21/n,False
FEHQIV,FEHQIV,100 K,OC(=O)[O-].CC(C)(C)[NH2+]CCO,P21/c,False
HOVLEJ,HOVLEJ,at 273.2 K,O=C1NC(=O)C=C1.COC1=CC(=O)OC(=C1)C,P21/n,False
XUGCAG,XUGCAG,100.0 K,OC(C(=O)[O-])C(F)(F)F.[NH3+]C(CO)c1ccccc1,P21,False
POPVAR,POPVAR,,O=S(=O)(c1ccccc1)C12CCCNC1=[NH+]CCC2.COc1ccc2cc(ccc2c1)C(C)C(=O)[O-],P212121,False
WIJCIF,WIJCIF,293 K,c1ccc2nc3ccccc3cc2c1.Oc1cccc(C=O)c1,P-1,False
TEKKOJ,TEKKOJ,,c1cc(ccn1)c1ccncc1.Oc1cc(O)cc(O)c1,P21/a,False
LEPVIM,LEPVIM,at 298 K,CN1N=CC(=C1S(N)(=O)=O)C(=O)[O-].COc1[nH+]c(N)nc(OC)c1,C2/c,False
MOXYOQ,MOXYOQ,150 K,[NH3+]C(C(O)c1ccccc1)c1ccccc1.OC(C(=O)[O-])c1cccc(Cl)c1,C2,False
PITZUN,PITZUN,at 122 K,OC(C(=O)[O-])c1ccccc1.[NH3+]C(CO)c1ccccc1,C2,False
CAJQOU,CAJQOU,,OC(=O)CNC(=O)NCC(O)=O.O=C(NCc1cccnc1)NCc1cccnc1,P2/c,False
MEXSOZ,MEXSOZ,at 294 K,CC(=O)[O-].C[NH2+]C1CCC2=C(C1)c1cc(ccc1N2)C(N)=O,P21/c,False
BOQHOE01,BOQHOE01,150 K,OC1=C(Cl)C(=O)C(=C(Cl)C1=O)O.c1cnccn1,P-1,False
BOWKEF,BOWKEF,at 150 K,c1cc(ccn1)C=Cc1ccncc1.OC(=O)c1ccccc1F,P21/c,False
FICBEA,FICBEA,at 173 K,Cc1cccc2SC(=Nc12)N.OC(=O)CCCCCCC(O)=O,P21/c,False
RELPUX,RELPUX,293 K,Fc1ccc(cc1)N1CC[NH2+]CC1.OC(=O)C(=O)[O-],P21/c,False
TUZJIJ,TUZJIJ,293 K,Cc1ccc(cc1)S(=O)(=O)[O-].[NH3+]C(C(C)C)C(O)=O,P21,False
JIWNIM,JIWNIM,,CN(C)C=O.OC(=O)c1cc2ccccc2c(Cl)c1O,P21/n,False
QABHIO,QABHIO,180 K,O=C1C=CC(=O)C=C1.NC(=O)N1c2ccccc2C=Cc2ccccc12,P-1,False
VUXRAI,VUXRAI,at 296 K,c1cc(ccn1)c1ccncc1.OC(=O)C1=NSN=C1C(O)=O,C2/c,False
MECZOL,MECZOL,at 123 K,O=S(=O)([O-])c1ccccc1.[NH3+]CCc1ccc(O)cc1,P212121,False
MOXVAX,MOXVAX,at 173 K,NC(=O)N1c2ccccc2C=Cc2ccccc12.OC(=O)c1ccccc1,C2/c,False
EZARAB,EZARAB,293 K,COc1[nH+]c(N)nc(OC)c1.Oc1cc(O)cc(c1)C(=O)[O-],P21/n,False
ZEXGUH,ZEXGUH,173 K,OC(=O)c1ccccc1.Oc1ccc(Br)cc1C=Nc1cccnc1,C2/c,False
IZUCEO,IZUCEO,113.2 K,ONC(=O)C=Cc1cccc(c1)S(=O)(=O)Nc1ccccc1.CS(C)=O,P-1,False
LUJDAW,LUJDAW,at 296 K,Oc1ccc2ccccc2c1c1c(O)ccc2ccccc12.O=C1c2cccnc2c2ncccc12,C2/c,False
RIMXAP,RIMXAP,130 K,CC(C)(C)[NH+]=Cc1ccccc1Br.FC(F)(F)S(=O)(=O)[O-],P-1,False
XEPBUR,XEPBUR,at 120 K,OC(=O)CCCCCCCCC(O)=O.c1cncc(c1)N=Nc1cccnc1,P-1,False
LIGZIL,LIGZIL,at 293 K,O=C([O-])c1ccc(cc1)N(=O)=O.[NH3+]CCCO,P21/c,False
ERIWUY01,ERIWUY01,296 K,NC(N)=O.OC(=O)CCCCC(O)=O,P21/c,False
LORBAY01,LORBAY01,293 K,[2H][N+]1=CC=CN1[2H].[2H]OC(=O)c1c(F)c(F)c(c(F)c1F)C(=O)[O-],P21/c,False
CEJPIU,CEJPIU,160 K,CN(C)P(=O)(N(C)C)N(C)C.NS(N)(=O)=O,P21/c,False
RAGMOC,RAGMOC,at 293 K,OC(=O)C[NH+]1CCCCC1.O=N(=O)c1cc(c([O-])c(c1)N(=O)=O)N(=O)=O,P21/c,False
NONMIM,NONMIM,,Cc1cccnc1.Oc1ccc(cc1)C1(CCCCC1)c1ccc(O)cc1,P21/c,False
GIJTAY,GIJTAY,113.2 K,COc1cc(Cc2c[nH+]c(N)nc2N)cc(OC)c1OC.Oc1ccc(O)c(c1)C(=O)[O-],P21/n,False
MUXSAB,MUXSAB,90 K,Cc1ccccc1.CCCCN(c1ccccc1)c1ncccc1C(O)=O,P21/c,False
COQYOX,COQYOX,at 100 K,FC(F)(F)S(=O)(=O)[O-].N1P=[NH+]c2ccccc12,P-1,False
IPEVEF,IPEVEF,at 173 K,OC(=O)C1CCCCC1.C1N2CN3CN1CN(C2)C3,P21/n,False
BEFGOM,BEFGOM,90 K,O=N(=O)c1ccc(cc1)N1CC[NH2+]CC1.OC(=O)c1cc(cc(c1[O-])N(=O)=O)N(=O)=O,P-1,False
MOZBAG,MOZBAG,120 K,Nc1ncccn1.OC(=O)c1ccc(Cl)cc1,Pnma,False
XALCUI,XALCUI,,[NH3+]C(C(O)=O)c1ccccc1.CC1(C)C2CCC1(CS(=O)(=O)[O-])C(=O)C2,C2,False
GEFFIK,GEFFIK,298 K,CC1=CNC(=[NH2+])S1.OC(=O)CCCCCCCC(=O)[O-],P21/c,False
ZOXCIA,ZOXCIA,at 173 K,NC(=[NH2+])NN=Cc1c(cc(cc1N(=O)=O)N(=O)=O)N(=O)=O.O=N(=O)C1=N[N-]N=N1,P-1,False
CYTRES10,CYTRES10,,[NH2+]=C1NC(=O)NC=C1.Oc1cccc(O)c1C(=O)[O-],P21/n,False
FECFOL,FECFOL,296 K,NC(=O)c1ccncc1.COc1cccc(c1)C(O)=O,P-1,False
GANYAW,GANYAW,at 180 K,CN1C=NC2=C1C(=O)N(C)C(=O)N2C.OC(=O)CC(O)=O,Fdd2,False
YICMAY,YICMAY,,CC1(C)C2CCC1(CS(=O)(=O)[O-])C(=O)C2.[NH3+]CC(C(O)=O)c1ccccc1,P21,False
TOHHEG,TOHHEG,293 K,Clc1cc(ccc1C(=O)[O-])N(=O)=O.[NH3+]CCO,P21/c,False
OZETEU,OZETEU,100 K,OC(=O)c1ccc(O)cc1.Cc1ccnc(N)n1,Pc,False
AQUMIL,AQUMIL,293 K,COC(=O)C=Cc1ccccn1.NC(N)=O,P-1,False
VAKVEJ,VAKVEJ,at 153 K,NC(=O)c1ccncc1.Oc1cc(O)cc(O)c1,P-1,False
SEYBED,SEYBED,,Clc1c(Cl)c(Cl)c([O-])c(Cl)c1Cl.[2H][N+]1(C)CCOCC1,P-1,False
LUMSAN,LUMSAN,at 298.0 K,OC(C(=O)[O-])c1ccc2ccccc2c1.[NH3+]C(C)c1ccc(OC)cc1,P-1,False
XEPCAY,XEPCAY,at 120 K,OC(=O)CCCCCCC(O)=O.c1cc(ccn1)N=Nc1ccncc1,P-1,False
LILFAQ,LILFAQ,153 K,CC1=CC(=O)NC(=[NH+]1)N.OC(=O)CC(=O)[O-],P21/n,False
GEDLAD,GEDLAD,at 173 K,CN1C=[N+](C)C(=C1)N(=O)=O.COS(=O)(=O)[O-],P21/n,False
FOXPEO,FOXPEO,at 85 K,Oc1c(ccc2ccccc12)C(=O)[O-].[NH3+]CC1(CCCCC1)CC(O)=O,P21/c,False
APUWIU,APUWIU,293.1 K,CC1=NNC(=O)N(C1)N=Cc1c[nH+]ccc1.Oc1cccc(C(=O)[O-])c1O,C2/c,False
LUJCUP,LUJCUP,at 296 K,Oc1ccc2ccccc2c1c1c(O)ccc2ccccc12.Cc1ccnc(c1)c1cc(C)ccn1,P21/c,False
ASAPIV,ASAPIV,100 K,CC(C(=O)[O-])C(F)(F)F.[NH3+]C(CO)C(C)O,P1,False
SAVWEU,SAVWEU,294 K,Nc1[nH+]nc(c(N)n1)c1cccc(Cl)c1Cl.Oc1ccccc1C(=O)[O-],P-1,False
CACBOY,CACBOY,at 290 K,COc1cc(Cc2c[nH+]c(N)nc2N)cc(OC)c1OC.OC(=O)CCCC(=O)[O-],P-1,False
UHOSEQ,UHOSEQ,at 120 K,c1cc(ccn1)C=Cc1ccncc1.CCOC(=S)Nc1ccccc1,P-1,False
BUTVAP,BUTVAP,298 K,[NH2+]=C1NC2(COC(CF)CC2CS1)c1ccc(F)cc1F.CS(=O)(=O)[O-],P212121,False
ACEREH,ACEREH,at 298 K,Nc1ccccc1C(O)=O.CN1N=NC2=C(N=CN2C1=O)C(N)=O,P-1,False
NOKLAD,NOKLAD,100 K,ClC1=NSN=C(Cl)C21NC(=O)c1ccccc1N2.C1CCOC1,P21/c,False
KUDXIS,KUDXIS,at 296 K,Cc1ccc(cc1)S(=O)(=O)[O-].NC1=[NH+]C(=O)C=C(N)N1,C2/c,False
NASQED,NASQED,,OC(=O)C=CC(=O)[O-].C[N+](C)(C)CC(O)=O,P21/n,False
REBXIH,REBXIH,at 100 K,OC(=O)c1cc(O)c(O)c(O)c1.NC(=O)c1cnccn1,P21/c,False
VESJUZ,VESJUZ,at 296 K,CC(=O)Nc1[nH+]ccc(C)c1.OC1=C([O-])C(=O)C1=O,P21/c,False
EWOJIM,EWOJIM,100.2 K,O1C(=Nc2ccccc12)C=Cc1ccncc1.N#Cc1cc(C#N)c(cc1C#N)C#N,P21/c,False
OCIPUM,OCIPUM,at 100 K,OC(=O)CCC(O)=O.NC(=O)c1ccc(CN2C=CC=N2)cc1,P21/n,False
NIQRUB,NIQRUB,at 298 K,Cc1ccc(cc1)S(=O)(=O)[O-].NC1=[NH+]c2ccccc2S1,P21/c,False
KUCGAS,KUCGAS,at 230 K,Nc1ccccc1.Cc1ccccc1O,Pc,False
BOWJII,BOWJII,at 150 K,c1cc(ccn1)C=Cc1ccncc1.OC(=O)c1cc(F)c(F)c(F)c1,P21/n,False
FAKKUA,FAKKUA,173 K,OC(=O)Cc1ccccc1.CN1C=NC2=C1C(=O)N(C)C(=O)N2C,P21/c,False
WIRRIY,WIRRIY,,OCC[NH+]1CCOCC1.Clc1cccc(Cl)c1Nc1ccccc1CC(=O)[O-],P21/a,False
VAQSOW,VAQSOW,at 203 K,CN(C)c1cccc(c1)C(=O)[O-].COc1cc(C)[nH+]c(N)n1,P-1,False
DINYEE10,DINYEE10,,C[NH2+]C(C)C(O)c1ccccc1.CC(C)CC(NC(=O)OCc1ccccc1)C(=O)[O-],P212121,False
IPOZAO01,IPOZAO01,at 295 K,NC(=O)c1c[nH+]ccc1.O=N(=O)c1cc(c([O-])c(c1)N(=O)=O)N(=O)=O,Pbca,False
SABBAB,SABBAB,296 K,OC(=O)CCCCC(O)=O.Cc1ccc(cc1)c1nc(N)nc(N)n1,P2/c,False
TIWZEG,TIWZEG,293 K,NC1=Nc2ccc(O)cc2N1c1ccc(Cl)cc1.Cc1ccccc1,Pbca,False
AJAKAX,AJAKAX,at 173 K,NC(=O)c1ccncc1.CCCC=CC(O)=O,I2/a,False
FENQEX,FENQEX,296 K,OC(=O)c1cc(O)ccc1O.CCOc1ccccc1C(N)=O,P-1,False
WIVDUA,WIVDUA,,OC1=C(Br)C(=O)C(=C(Br)C1=O)O.c1ccc2nc3ccccc3nc2c1,P21/n,False
CUWZAW,CUWZAW,at 293 K,C1CN2CCN1CC2.OC(=O)c1cccc(c1)C(O)=O,Pbcn,False
OPOZOK,OPOZOK,273 K,O=N(=O)c1ccc([O-])c(c1)N(=O)=O.CN(C)c1cc[n+](O)cc1,P212121,False
JADGED,JADGED,296 K,[NH3+]CCCC([NH3+])C(=O)[O-].OC(=O)CCC(=O)C(=O)[O-],P21,False
NUYBUF,NUYBUF,at 293 K,c1ccc2c(c1)nnc1ccccc21.OC1=C(Cl)C(=O)C(=C(Cl)C1=O)O,P21/n,False
BENWUO,BENWUO,at 100 K,O=C1NC(=O)C=C([O-])N1.CC[NH+](CC)CC(=O)Nc1c(C)cccc1C,P21,False
KOTNOY,KOTNOY,at 200 K,[NH3+]C(C(O)c1ccccc1)c1ccccc1.OC(C(=O)[O-])c1ccccc1,C2,False
ZEFFEX01,ZEFFEX01,at 150 K,OC(=O)C(O)=O.CN(C)C(N)=O,P21/c,False
SOHMUZ,SOHMUZ,90 K,OC(=O)c1cc(ccc1O)S(=O)(=O)[O-].NC(=O)c1cc[nH+]cc1,Pbca,False
YUJFOY,YUJFOY,,ClP1(=NP(=NP2(=N1)Nc1c(N2)c2ccccc2c2ccccc12)(Cl)Cl)Cl.C1CCOC1,Pbcn,False
HABJUS,HABJUS,110.2 K,CC(=O)Oc1cc(ccc1C(O)=O)C(F)(F)F.NC(N)=O,C2/c,False
QUQPAV,QUQPAV,293 K,Oc1cc(O)c(Br)cc1Br.COC(=O)C=Cc1cccnc1,P21/c,False
VAVYOK,VAVYOK,293 K,Nc1ccc(c(O)c1)C(=O)[O-].COc1cc(C)[nH+]c(N)n1,P21/n,False
BEFGIC,BEFGIC,,CCOC1=C(OCC)C(=O)C(C1=O)=C(C#N)C#N.c1cc2ccc3cccc4ccc(c1)c2c34,P-1,False
BODVOH,BODVOH,at 123.2 K,CC[n+]1ccc(cc1)C=Cc1ccc(OC)c(OC)c1.O=N(=O)c1cc(c([O-])c(c1)N(=O)=O)N(=O)=O,P21/c,False
BZASUC,BZASUC,,OC(=O)CCC(O)=O.NC(=O)c1ccccc1,P21/c,False
KALZUT,KALZUT,at 143 K,FC(F)(F)C(=O)[O-].CC1(O)C[NH2+]CC1C=C,P21/c,False
RIDKOG,RIDKOG,at 293 K,C1N2CP3CN1C[N+](C2)(C3)Cc1ccccc1.O=S(=O)([O-])c1cccc(c1)P(c1ccccc1)c1ccccc1,P21/n,False
TIBXIP,TIBXIP,294 K,FC1=C[N-]C(=O)NC1=O.COc1cc(Cc2c[nH+]c(N)nc2N)cc(OC)c1OC,P-1,False
YORZUD,YORZUD,293 K,C[n+]1ccccc1Cl.FC(F)(F)S(=O)(=O)[O-],P21/n,False
QOQJOX,QOQJOX,at 293 K,Nc1ccc(Cc2ccc(N)cc2)cc1.COc1cc(ccc1O)C(O)=O,P21/n,False
ZODWIY,ZODWIY,,NC(N)=O.OC(=O)CCCC(O)=O,P21/n,False
HUBPUR,HUBPUR,at 293 K,OC(C(O)C(=O)[O-])C(O)=O.Oc1c[nH+]ccc1,P212121,False
YACXUZ,YACXUZ,173 K,OC(=O)C(O)=O.N#Cc1ccccn1,P-1,False
IVUMES,IVUMES,at 120 K,Cc1ccccc1C(=O)[O-].C[NH+](C)C(C)C(O)c1ccccc1,Pbc21,False
FIFDAD,FIFDAD,90 K,O=N(=O)c1ccc(cc1)N1CC[NH2+]CC1.Clc1ccc(CC(=O)[O-])cc1,P-1,False
LEBVOH,LEBVOH,298 K,Cc1ccc(cn1)C(N)=O.OC(=O)CCCCC(O)=O,P-1,False
DOTGID,DOTGID,at 298 K,O=C1NC=C(C(=O)[O-])C(=O)N1.NC1=[NH+]C(=O)NC=C1,Pbnb,False
INACOQ,INACOQ,at 296 K,OC(=O)c1cc(cc(c1)C(O)=O)C(O)=O.NN1C(=NN=C1c1cnccn1)c1cnccn1,P21/c,False
CUDPAS,CUDPAS,,[nH+]1ccc2C=COc2c1.Oc1cnccc1C(=N[O-])N(=O)=O,Pbca,False
AZEKIA,AZEKIA,at 295 K,FC(F)(F)C(=O)[O-].Cc1ccccc1C1=NC2=C(O1)N=CN1CC[NH+]=C21,P21/c,False
VIGGIC,VIGGIC,at 293 K,NC(=O)c1ccc(O)cc1.[O]n1ccn([O])cc1,P-1,False
NEBXOJ,NEBXOJ,at 293 K,OC(=O)c1cccc(c1)C(O)=O.COc1cc(OC)nc(N)n1,P-1,False
HONFIB,HONFIB,293 K,OC(=O)c1ccc(O)cc1.c1ccc2ncccc2c1,Pna21,False
WATREP02,WATREP02,at 14 K,Cc1nc(C)c(C)nc1C.OC1=C(Cl)C(=O)C(=C(Cl)C1=O)O,P21/n,False
YEPGOT,YEPGOT,100 K,NC1=NN=C(O1)N=NC1=NN=C(N)O1.CS(C)=O,P-1,False
DKPSAL10,DKPSAL10,,OC(=O)c1ccccc1O.O=C1CNC(=O)CN1,P21/a,False
EXANAT,EXANAT,at 296 K,OC(=O)c1ccc(O)cc1O.Cc1cc(C)nc(NS(=O)(=O)c2ccc(N)cc2)n1,P-1,False
GUXVIH,GUXVIH,100 K,CC(=O)NC1=NN=C(S1)S(N)(=O)=O.c1cnccn1,P-1,False
GAZTOU,GAZTOU,298 K,Clc1cccc(C(=O)[O-])c1N(=O)=O.CC1=C[NH+]=C(N)S1,P21/n,False
CAGQEK,CAGQEK,200 K,Oc1ccc2c(Oc3cc(O)ccc3C32OC(=O)c2ccccc32)c1.C(Cc1ccncc1)c1ccncc1,P21/a,False
XIFNAC01,XIFNAC01,at 293 K,Nc1ccc(cc1)S(N)(=O)=O.CC(=O)N1CCOCC1,P21/c,False
ERAHEN,ERAHEN,298 K,OC(=O)c1cc(ccc1C(=O)[O-])N(=O)=O.NC(=O)c1cc[nH+]cc1,P-1,False
FAFGOL,FAFGOL,106 K,COc1ccc2cccc(CCNC(C)=O)c2c1.Oc1ccc(O)cc1,P21,False
TIGTOU,TIGTOU,at 90 K,CC1(C)C2CCC1(CS(=O)(=O)[O-])C(=O)C2.Brc1ccc(cc1)[N+]#N,P21,False
TAJWOT,TAJWOT,173 K,CS(=O)(=O)[N-]S(C)(=O)=O.[NH3+]c1ccc(Br)cc1,P21,False
DIKSUM,DIKSUM,at 293 K,OC(C(O)C(=O)[O-])C(O)=O.[NH3+]c1ccc(cc1)C(O)=O,P21,False
AMILEN,AMILEN,at 150 K,NC(N)=O.c1ccc(nc1)c1ccccn1,P-1,False
ORELEE,ORELEE,100 K,OC(C(F)(F)F)C(F)(F)F.CN1C=Nc2c(N)ncnc12,P-1,False
MPPZPO,MPPZPO,,Oc1ccccc1.CN1c2ccccc2P(=O)(c2ccccc2)c2ccccc12,P1121/b,False
XISVUU,XISVUU,273.1 K,[NH3+]CCc1ccc(O)cc1.COc1ccc2cc(ccc2c1)C(C)C(=O)[O-],P21,False
XISLIV01,XISLIV01,at 111 K,O=N(=O)c1ccc(cc1)S(=O)(=O)Nc1cc[nH+]cc1.ClC(Cl)(Cl)C(=O)[O-],P21/c,False
LIPXUD,LIPXUD,,c1cnc2c(c1)ccc1cccnc21.Oc1ccc(cc1)c1ccc(O)cc1,C2/c,False
KOSHUV,KOSHUV,,CS(C)=O.O=C(NC1=NC=CC=N1)c1ccc(cc1)C(=O)NC1=NC=CC=N1,P21/n,False
LEQMON,LEQMON,296 K,Nc1nc(N)nc(N)n1.O=C1NC(=O)c2ccccc12,P21/c,False
KIGMIX,KIGMIX,at 173 K,OC(=O)C=CC(=O)[O-].OC(=O)c1ccc[nH+]c1Nc1cccc(c1)C(F)(F)F,P21/c,False
NAKBAF,NAKBAF,298 K,OC(=O)C=CC(O)=O.CCc1cc(ccn1)C(N)=S,P-1,False
QOVRID,QOVRID,at 273 K,OC(=O)C=CC(=O)[O-].Oc1cccc2ccc[nH+]c12,P212121,False
LEPCES,LEPCES,296.1 K,c1cc(ccn1)C=Cc1ccncc1.CCCC(O)=O,P-1,False
OBAWUM,OBAWUM,100 K,Cc1ccccc1C(O)=O.C1N2CN3CN1CN(C2)C3,P21/c,False
HOZBOO,HOZBOO,at 294 K,OC(=O)C=CC(O)=O.CC(=O)c1ccncc1,P-1,False
UNOZIJ,UNOZIJ,294 K,c1cnc2c(c1)ccc1cccnc21.OC(=O)CCC#C,P212121,False
CAJTEP,CAJTEP,183 K,Oc1cccc(O)c1C(=O)[O-].OC(=O)c1c[nH+]ccc1,Cc,False
CIDCOI,CIDCOI,at 120 K,OC(=O)c1cccc(n1)C(=O)[O-].COc1[nH+]c(N)nc(OC)c1,P-1,False
GABSUB,GABSUB,293 K,C[NH2+]CCO.O=C([O-])c1ccc(cc1)N(=O)=O,P-1,False
HOMZAM,HOMZAM,at 296 K,Nc1nc(N)nc(n1)c1ccccc1.CN(C)C=O,P-1,False
SIHLON,SIHLON,120 K,OC(=O)c1ccc(Cl)cc1Cl.Cc1nc(C)c(Cl)c(N)n1,P-1,False
HONWAJ,HONWAJ,at 100 K,c1cc(ccn1)C=Cc1ccncc1.OC(=O)c1cccc(O)c1,P-1,False
COGCEJ01,COGCEJ01,296 K,OC(=O)C=CC(=O)[O-].OCc1cc[nH+]cc1,P21/c,False
TEJWEL,TEJWEL,at 297 K,OC(=O)c1cc(ccc1O)S(=O)(=O)[O-].[NH3+]c1cccc(OC)c1,Pna21,False
NOVTEX,NOVTEX,,c1ccc2c(c1)cnc1ccccc21.OC(=O)C1c2ccccc2c2ccccc12,P21/n,False
LIGPOJ,LIGPOJ,293 K,NC1=Nc2ccccc2S1.CC(C)(C)C(O)=O,P21/c,False
MUYDUI,MUYDUI,299 K,[NH3+]c1ccc(O)cc1.Oc1ccccc1C(=O)[O-],P-1,False
GEMLOD,GEMLOD,296 K,Clc1ccc(c(Cl)c1)C(=O)[O-].CN1CC(=O)NC1=[NH2+],P-1,False
RESGIG,RESGIG,at 180 K,OC(=O)CCC(O)=O.Cc1ccc(C)nc1,P21/n,False
VEZPEY,VEZPEY,150 K,CCc1[nH+]c(C)ccc1O.OC(=O)CC(=O)[O-],P-1,False
WAWVID,WAWVID,296 K,CN1CC[N+]2(C)Cc3cnc(C)c(O)c3C12.O=P([O-])(c1ccccc1)c1ccccc1,P21212,False
PUCSOY,PUCSOY,173 K,OC(=O)c1ccc(Br)cc1.Cc1cc(C)nc(NS(=O)(=O)c2ccc(N)cc2)n1,P21/n,False
GAMFAC,GAMFAC,at 273 K,OC(=O)c1cc(ccc1O)S(=O)(=O)[O-].CCc1[nH+]c(N)nc(N)c1c1ccc(Cl)cc1,P21/n,False
XOQQUS,XOQQUS,293 K,[NH2+]=C1NC(=O)NC=C1F.O=N(=O)c1cc(c([O-])c(c1)N(=O)=O)N(=O)=O,P-1,False
BOQXEK,BOQXEK,at 297 K,NC(=O)Nc1cccc2ccc[nH+]c12.OC(=O)c1cc(cc(c1[O-])N(=O)=O)N(=O)=O,P-1,False
BEFGIG,BEFGIG,90 K,O=N(=O)c1ccc(cc1)N1CC[NH2+]CC1.O=C([O-])c1ccccc1,P-1,False
TUJPEV,TUJPEV,296 K,Oc1c(cc(cc1N(=O)=O)N(=O)=O)C(=O)[O-].[NH3+]c1ccc(cc1)S(=O)(=O)NC1=NOC(=C1)C,P-1,False
SAYPOZ,SAYPOZ,at 173 K,OC(=O)c1cccc(O)c1.CCC(C)=NNC(=O)c1ccncc1,P-1,False
LIQSIQ,LIQSIQ,100 K,OC(=O)c1cccc(C(O)=O)c1C(O)=O.c1cnccn1,P-1,False
AYOROW,AYOROW,at 296 K,OC(=O)CN1C(=O)c2ccccc2C1=O.CN1C=NC2=C1C(=O)N(C)C(=O)N2C,P21/n,False
ZEXVUV,ZEXVUV,at 298 K,Oc1cccc(O)c1.CCN1C=C(C(O)=O)C(=O)c2ccc(C)nc12,P212121,False
RATNIN01,RATNIN01,298 K,O=P([O-])(Oc1ccccc1)Oc1ccccc1.[NH3+]c1ccccc1Cl,P-1,False
TIHPAC,TIHPAC,at 295 K,OC(=O)Cc1cccc2ccccc12.C1CCNCC1,P21/n,False
GULQAH,GULQAH,100 K,c1cc(ccn1)C=NN=Cc1ccncc1.OC(=O)CCCCC(O)=O,P21/c,False
SIZZUZ,SIZZUZ,291.9 K,NS(=O)(=O)c1cc2c(NCNS2(=O)=O)cc1Cl.CN(C)c1ccncc1,P21/c,False
SABCEF,SABCEF,at 296 K,Oc1ccccc1C=O.CN(C)c1ccncc1,P-1,False
UFOTOY,UFOTOY,at 198 K,C[NH+]1C2CCC1C(O)(O)C(F)C2.CC1(CS(=O)(=O)[O-])C2CCC1(C)C(=O)C2Br,P21,False
AXOVIU,AXOVIU,200 K,OCC[NH2+]CCO.OCCN(CCO)C(=O)[O-],Pn,False
XAQCOI,XAQCOI,at 23 deg.C,CC([NH2+]C(C(F)F)c1ccccc1)c1ccccc1.OC(=O)c1ccccc1C(=O)[O-],P1,False
COZXIZ,COZXIZ,at 100 K,C(Cc1ccncc1)c1ccncc1.OC(=O)c1ccccc1,P-1,False
HOWLIR,HOWLIR,131.8 K,CN1C(=O)NC(=O)C2=C1NC=[N+]2C.Oc1cccc(O)c1C(=O)[O-],P21/n,False
VUZZOF,VUZZOF,at 178 K,CN(C)C=O.Clc1ccc(cc1)S(=O)(=O)NS(=O)(=O)c1ccc(Cl)cc1,P21/n,False
VUXXIX,VUXXIX,93 K,C(Cc1ccncc1)c1ccncc1.CCCCOc1ccc(cc1)C(O)=O,P-1,False
KARGIW,KARGIW,296.1 K,OC=O.Cc1cccc(C)n1,Pca21,False
NEGTIC,NEGTIC,,Cc1cc(N2C=CC=C2)c(cc1C(=O)NC(N)=[NH2+])S(C)(=O)=O.CS(=O)(=O)[O-],P-1,False
MUPPUI,MUPPUI,at 150 K,CC(=O)Nc1ccc(O)cc1.C1CNCCN1,P21/c,False
AKENAG,AKENAG,at 173 K,CN(C)C=O.CC(=O)Nc1cccc(NC(C)=O)n1,P21/c,False
XUGNEU,XUGNEU,at 298.1 K,CC1=C(C#N)C(=O)NC(=O)C1=CNc1ccc(Br)cc1.CN(C)C=O,P21/n,False
PEVCOL,PEVCOL,200 K,CS(=O)(=O)[O-].[NH3+]C(CCCNC(N)=[NH2+])C(=O)[O-],P6522,False
SIJZUI,SIJZUI,at 293 K,OC(=O)c1ccc(O)cc1.O=C1CNC(=O)CN1,P21/c,False
VAXJAJ,VAXJAJ,100 K,CCOc1ccc2[nH+]c3cc(N)ccc3c(N)c2c1.Cc1cccc(Nc2ccccc2C(=O)[O-])c1C,P-1,False
CEQBAE,CEQBAE,170 K,c1ccc2nc3ccccc3cc2c1.Oc1ccc(Cl)cc1,P21,False
BAZTIJ01,BAZTIJ01,173 K,OC(=O)CCCC(O)=O.N#Cc1cccnc1,P21/n,False
QOVQAU,QOVQAU,at 200 K,CCc1[nH+]c(N)nc(N)c1c1ccc(Cl)cc1.O=N(=O)c1cc(c([O-])c(c1)N(=O)=O)N(=O)=O,P-1,False
FIFCUW,FIFCUW,90 K,O=N(=O)c1ccc(cc1)N1CC[NH2+]CC1.Nc1ccc(cc1)C(=O)[O-],P-1,False
KOVDUU,KOVDUU,,CC1CCC(CC1)=CC(=O)[O-].[NH3+]C(CO)Cc1ccccc1,P212121,False
UJOHEH,UJOHEH,at 200 K,NC(=O)C1CC[NH2+]CC1.O=C([O-])c1ccccc1N(=O)=O,C2/c,False
UYEYEE,UYEYEE,296 K,OC(C(O)C(=O)[O-])C(O)=O.NC1=[NH+]C(=O)N(C=C1)C1CSC(CO)O1,P21,False
HAVYEL,HAVYEL,100 K,[NH3+]C(C)C(F)(F)F.FC(F)(F)S(=O)(=O)[O-],P212121,False
NEKRII,NEKRII,295 K,CCOc1ccc2[nH+]c3cc(N)ccc3c(N)c2c1.Clc1cccc(c1)C(=O)[O-],P21/c,False
LHLASP01,LHLASP01,,[NH3+]C(CC(=O)[O-])C(=O)[O-].[NH3+]C(CC1=C[NH+]=CN1)C(=O)[O-],P21,False
LEXQOW,LEXQOW,at 173 K,OC(=O)CCCCCCCC(O)=O.NC1=Nc2ccccc2S1,C2/c,False
YOXMEG,YOXMEG,200 K,Clc1cccc(c1)C(=O)[O-].C[N+](C)(O)c1ccc(cc1)N(=O)=O,P-1,False
NUQHEO,NUQHEO,150 K,Cc1c(O)cccc1O.C(Cc1ccncc1)c1ccncc1,C2/c,False
EKOCAL,EKOCAL,150 K,FC(F)(F)S(=O)(=O)[N-]S(=O)(=O)C(F)(F)F.C[N+]1=CN(CCS(F)(=O)=O)C=C1N(=O)=O,P21/c,False
REHTAB,REHTAB,at 110 K,CCOc1ccccc1C(N)=O.OC(=O)C=CC(O)=O,P-1,False
MOXXIJ,MOXXIJ,150 K,OC(C(=O)[O-])c1ccc(Br)cc1.[NH3+]C(C(O)c1ccccc1)c1ccccc1,P21,False
WUKBUB,WUKBUB,296 K,OC(=O)c1cccc(Cl)c1.O=S(=O)(c1ccncc1)c1ccncc1,C2/c,False
UMIPIR,UMIPIR,298 K,C1N2CN3CN1CN(C2)C3.OC(=O)c1cc(O)c(O)c(O)c1,P-1,False
TICRII,TICRII,at 100 K,c1cc(ccn1)C=Cc1ccncc1.Nc1ccc(cc1)S(=O)(=O)Nc1ncccn1,P-1,False
CUBBAD,CUBBAD,at 100 K,Cc1nc(C)c(C)nc1C.Oc1ccc2ccc(O)cc2c1,P21/c,False
SARDAQ,SARDAQ,,Nc1ccc(N)cc1.Oc1ccccc1,P21/c,False
RAYPOY,RAYPOY,at 293 K,OC(=O)C[N+]12CC[N+](CC1)(CC2)CC(=O)[O-].OC1=C([O-])C(=O)C1=O,P21/c,False
GEHWOJ,GEHWOJ,298 K,Clc1ccc(c(c1)C(=O)[O-])N(=O)=O.Cc1[nH+]cc(cc1)C(N)=O,P21/n,False
HONTUA,HONTUA,at 100 K,OC(=O)c1cccc(O)c1.C(Cc1ccncc1)c1ccncc1,P-1,False
ITAQUS,ITAQUS,298 K,CC(C)(Oc1ccc(Cl)cc1)C(=O)[O-].Cc1cccc2SC(=[NH2+])Nc12,P21/c,False
HIDBOP,HIDBOP,100.0 K,OC(=O)C=CC(=O)[O-].[NH3+]CCCC(O)=O,P21/c,False
EZIFID,EZIFID,at 298 K,CC1=NN=C2CN=C(c3ccccc3)c3cc(Cl)ccc3N12.OC(=O)c1ccccc1,P-1,False
LUNNOX,LUNNOX,at 173 K,NC(=O)c1ccncc1.OC(=O)C=CC(O)=O,P-1,False
YENVOG,YENVOG,150 K,O=C([O-])c1ccc2ccccc2n1.[NH3+]C(CC)CO,P21/n,False
ORUXEF,ORUXEF,at 100 K,[NH3+]C(CCCNC(N)=[NH2+])C(=O)[O-].O=C1CN(N=CC2=CC=C(O2)N(=O)=O)C(=O)[N-]1,P212121,False
SIBYUA01,SIBYUA01,298.1 K,c1cc(ccn1)c1ccncc1.CC(=O)Oc1ccccc1C(O)=O,P-1,False
LEXCEA,LEXCEA,298 K,CN1C(=O)NC(=O)C2=C1NC=[N+]2C.Cc1ccc(cc1)S(=O)(=O)[O-],P-1,False
GISWUB,GISWUB,at 294 K,OC(C(O)C(=O)[O-])C(O)=O.[NH3+]C(C)CO,P212121,False
ITIGEY,ITIGEY,at 293 K,OB(O)c1ccc(O)cc1.c1cnc2c(c1)ccc1cccnc21,P21/c,False
OQIFAX,OQIFAX,295 K,Nc1nc(N)nc(N)n1.OC(=O)Cc1cccc(Cl)c1,Pbcn,False
PEJTOQ,PEJTOQ,173 K,O=C[O-].C[N+]1=CN(CCO)C=C1,P21,False
ODUSUE,ODUSUE,90 K,FC(F)(F)S(=O)(=O)[O-].Cc1cc[n+](O[Si](C)(C)C)cc1,Pnma,False
IVUKOA,IVUKOA,at 123 K,C[NH+](C)C(C)C(O)c1ccccc1.Clc1ccccc1C(=O)[O-],Pca21,False
YAHTUY,YAHTUY,at 293 K,c1ccncc1.OC(=O)c1cc(O)c(O)c(O)c1,P21/n,False
TIMQIT,TIMQIT,100 K,Cc1ccc(cc1)S(=O)(=O)[O-].O=C1N[NH2+]C21CCCCC2,Pna21,False
ACOYOG,ACOYOG,at 173 K,Oc1cccc(O)c1.C(Cc1ccncc1)c1ccncc1,P-1,False
VELBEV,VELBEV,at 100 K,[NH3+]C(C(O)c1ccccc1)c1ccccc1.O=C([O-])C1=Cc2ccccc2N1,C2,False
HEPQIG,HEPQIG,100 K,OC(=O)c1ccccc1Cl.CN1N(C(=O)C=C1C)c1ccccc1,P21/c,False
EVEMOI,EVEMOI,at 298 K,[NH2+]1CCOCC1.COc1ccc(cc1)C(=O)[O-],P21/c,False
CIHDEF,CIHDEF,173 K,NC(=O)c1c[nH+]ccc1.CC1=CC(=O)[N-]S(=O)(=O)O1,C2/c,False
UGOREP,UGOREP,at 293 K,NC1=[NH+]C=CS1.OC(=O)CC(=O)[O-],P21,False
COSLIG,COSLIG,at 110 K,FC(F)(F)C(=O)[O-].[NH3+]C1CSC=C(NC1=O)C(=O)OC,P1,False
GIFFEJ,GIFFEJ,100 K,NC(N)=O.Cc1cnc(C)cn1,P21/c,False
HAMYIE,HAMYIE,at 293 K,COc1cc(Cc2c[nH+]c(N)nc2N)cc(OC)c1OC.OC(=O)CC(=O)[O-],P-1,False
ODIDAJ,ODIDAJ,296 K,OC(=O)c1cc(O)cc(O)c1.CCOc1ccccc1C(N)=O,Ibca,False
NAKYOQ,NAKYOQ,298 K,OC(=O)c1cc(O)ccc1O.CC(C)=NNC(=O)c1ccncc1,P21/c,False
KIJSED,KIJSED,at 298 K,NC(=O)c1cnccn1.CN1N=NC2=C(N=CN2C1=O)C(N)=O,P-1,False
WIBVEM,WIBVEM,198 K,CC(=O)[O-].[NH3+]C(C)C(=O)NC(C)C(=O)OC(C)(C)C,P21,False
TEZMAP,TEZMAP,293 K,O=S(=O)([O-])c1ccccc1.[NH3+]c1ccc(N)c(c1)N(=O)=O,P21/n,False
TAKDOB,TAKDOB,143 K,CS(=O)(=O)[N-]S(C)(=O)=O.[NH3+]c1ccc(F)cc1,P21,False
CAMHIJ,CAMHIJ,at 110 K,FC(F)(F)S(=O)(=O)[O-].C[NH+](C)c1cccc2cccc(F)c12,P21/c,False
NUQLOD,NUQLOD,296 K,Oc1ccccc1C(=O)[O-].Cc1cccc2SC(=[NH+]c12)N,P212121,False
OXANEI,OXANEI,100 K,Oc1c(CC(=O)NCC2=CC=CO2)c2OC(=O)Cc2c2OC(=O)Cc12.c1ccccc1,P21/n,False
MUPNUG,MUPNUG,at 293 K,OC(=O)CC(=O)[O-].[NH3+]C(CCCNC(N)=[NH2+])C(=O)[O-],C2/c,False
FOQNUX,FOQNUX,298 K,CCOP(=O)(Nc1[nH+]c(C)ccc1)OCC.ClC(Cl)(Cl)C(=O)[O-],P21/c,False
PUHGUV,PUHGUV,at 296.1 K,CC(C)COc1ccc(cc1C#N)C1=NC(=C(S1)C(O)=O)C.c1ccncc1,P-1,False
HINRUU,HINRUU,296 K,Oc1cc[nH+]cc1.OC(=O)CC(=O)[O-],P21/c,False
ZORVIL,ZORVIL,at 173 K,C1CCNCC1.OC1(c2ccccc2)c2ccccc2c2ccccc12,Pc,False
UGOSEQ,UGOSEQ,at 293 K,CC1=CSC(=N1)N.OC(=O)CCCCCCCCC(O)=O,P21/c,False
HIFCOQ,HIFCOQ,at 100 K,FC(F)(F)C(=O)[O-].CC1CC2C3CCC[NH+]4CCC(=C(O)C2=O)C34C1,P21,False
UHAYEH,UHAYEH,at 293 K,CCc1[nH+]c(N)nc(N)c1c1ccc(Cl)cc1.OC(=O)CCCC(=O)[O-],P21/c,False
UWANEN,UWANEN,173 K,OC(=O)c1cc(ccc1O)S(=O)(=O)[O-].[NH2+]=C1NC(=O)NC=C1F,P-1,False
PEGDUE,PEGDUE,200 K,CCC(=O)Nc1ccccn1.OC(=O)c1ccc(Cl)cc1,P21/n,False
SUCTIV,SUCTIV,at 100 K,OC(=O)C=CC(O)=O.CN(C)C(N)=O,P21/n,False
NENWEM,NENWEM,100 K,C(N1C=CN=C1)c1ccc(CN2C=CN=C2)cc1.OC(=O)c1ccc(cc1)C(O)=O,C2/c,False
SOLHUY,SOLHUY,at 150 K,COc1ccc(cc1)C(O)=O.N#Cc1ccncc1,P-1,False
JIQFEX,JIQFEX,296 K,Oc1cccc(c1)C(=O)[O-].[NH3+]CC1CCC(CC1)C(O)=O,P-1,False
DUZPAQ,DUZPAQ,at 120 K,OC(=O)CCC(O)=O.NC(=O)c1cccnc1,P-1,False
LOGDIW,LOGDIW,at 100 K,Cc1cc(N)[nH+]cc1N(=O)=O.FC(F)(F)C(=O)[O-],P21/m,False
PARXAI,PARXAI,at 293 K,CCc1[nH+]c(N)nc(N)c1c1ccc(Cl)cc1.O=C([O-])c1ccccc1N(=O)=O,C2/c,False
SIHBIX,SIHBIX,120 K,Nc1ccc(cc1)C(O)=O.Cc1nc(C)c(Cl)c(N)n1,P21/c,False
GAXFUI,GAXFUI,at 107.4 K,[NH2+]=C1NC(=O)N(C=C1)C1CSC(CO)O1.Oc1ccccc1C(=O)[O-],P21,False
XIYCUH,XIYCUH,296 K,Nc1c(Cl)c[nH+]cc1Cl.Oc1cccnc1C(=O)[O-],P21/c,False
WEGTOU,WEGTOU,293 K,CC(=NO)C(C)=NO.CC(N)=O,P21/c,False
UNIHUU,UNIHUU,at 123 K,CC1=CC(=[NH+]c2c(O)cccc2N1)C.O=N(=O)c1cc(c([O-])c(c1)N(=O)=O)N(=O)=O,P-1,False
IJELUE,IJELUE,at 298 K,[NH2+]1CCOCC1.OC(=O)CC(O)(CC(=O)[O-])C(O)=O,Pbca,False
LOQXIB,LOQXIB,293 K,[2H][n+]1cccc(C)c1.[2H]OC(=O)c1c(F)c(F)c(c(F)c1F)C(=O)[O-],P212121,False
KIHXIJ,KIHXIJ,at 298 K,c1cc(ccn1)C=Cc1ccncc1.Oc1cccc(c1)C#N,P21/n,False
MUZTUY,MUZTUY,100 K,FC(F)(F)S(=O)(=O)[O-].CN1C=CN(C)C1=[P+]=C1N(C)C=CN1C,P-1,False
ZIPGOX,ZIPGOX,100 K,NC(=O)c1cc[nH+]cc1.OC(=O)c1ccccc1C(=O)[O-],P21/c,False
REKTAG,REKTAG,100 K,O=C(NCc1ccncc1)C(=O)NCc1ccncc1.OC(=O)c1cccc(Cl)c1,P-1,False
ABELIC,ABELIC,at 173 K,Oc1cccc(O)c1.c1ccc(C=Cc2ccccn2)nc1,P-1,False
NETWUE,NETWUE,,OC(C(O)C(=O)[O-])C(O)=O.C[NH2+]C(C)Cc1ccc(F)cc1,P21,False
QEMFIX,QEMFIX,,OC(=O)CC1(CC(O)=O)O[B-]2(OC1=O)OC(=O)C(CC(O)=O)(CC(O)=O)O2.Oc1cccc2ccc[nH+]c12,P-1,False
YIWCOW,YIWCOW,,[NH3+]CC1CCC=CO1.OC(C(=O)[O-])c1ccccc1,P21,False
XAPXAN,XAPXAN,,NC1=[NH+]CCS1.Clc1cc(Cl)c(OCC(=O)[O-])cc1Cl,P21/c,False
GINMOG,GINMOG,at 293 K,NC1=[NH+]C(=C(CC2=C(N)N=C(N)NC2=O)C(=O)N1)N.O=C([O-])c1cc(cc(c1)N(=O)=O)N(=O)=O,P21/n,False
RATRUC,RATRUC,140.0 K,FC(F)(F)C(=O)[O-].CC1(C)C2COc3ccccc3C2[NH+]=C2C=NC=CN12,P21/c,False
CEHJEF,CEHJEF,at 120 K,C[N+](C)(C)S(=O)(=O)[N-]S(=O)(=O)[N+](C)(C)C.ClS(=O)(=O)[N-]S(Cl)(=O)=O,P-1,False
DUJYEP,DUJYEP,150 K,CC1(C)C(C#N)(C#N)C1(C#N)C#N.C1CCOC1,P41212,False
RUXQAC,RUXQAC,at 203 K,OC(=O)C(O)=O.c1cnc2cccnc2c1,P-1,False
YITKOD,YITKOD,at 293 K,OC1C[NH+]2CCC1CC2.O=C([O-])CN1C(=O)c2cccc3cccc(C1=O)c23,P-1,False
POZNUQ,POZNUQ,296 K,OC(=O)c1ccc(O)cc1.OC(CN1C=NC=N1)(CN1C=NC=N1)c1ccc(F)cc1F,C2/c,False
YUGQEZ,YUGQEZ,110 K,O=P(c1ccccc1)(c1ccccc1)c1ccccc1.O=S(=O)(NS(=O)(=O)c1ccccc1)c1ccccc1,P212121,False
YAJHIE,YAJHIE,93.2 K,FC(F)(F)C(=O)[O-].COc1c(O)c(nc(c2[nH+]cccc2)c1OC)C(N)=O,P-1,False
ANILIV,ANILIV,133.2 K,Nc1ccc(cc1)S(=O)(=O)Nc1ncccn1.C1CCOC1,P-1,False
CBCPIC,CBCPIC,,C[N+](C)(C)CCOC(N)=O.O=N(=O)c1cc(c([O-])c(c1)N(=O)=O)N(=O)=O,P-1,False
FEVJOI,FEVJOI,293 K,ClC1=CC(=C(Cl)S1)C(=O)[O-].COc1cc(Cc2c[nH+]c(N)nc2N)cc(OC)c1OC,P21/n,False
UNIQIU,UNIQIU,143 K,O=N(=O)c1cc(c(c(c1)N(=O)=O)S(=O)(=O)[O-])N(=O)=O.C[N+](C)=COCF,C2/c,False
YICNEH,YICNEH,100 K,Oc1ccc(cc1O)C(=O)[O-].NC1=[NH+]C(=O)NC=C1F,P21,False
JAXSOR,JAXSOR,at 100 K,c1ncncn1.Oc1cccc(O)c1O,P21/n,False
LATDER,LATDER,at 133 K,OC(=O)CCCCCCCCC(O)=O.O=C(NN=Cc1ccccn1)c1ccncc1,P-1,False
EWIKAY,EWIKAY,100.2 K,c1ccc2nc3ccccc3nc2c1.CC(C)c1cccc(C(C)C)c1O,C2/c,False
LUNZID,LUNZID,at 180 K,CCCCCCCC(O)=O.c1cnccn1,P-1,False
MEDHAG,MEDHAG,at 123 K,[NH3+]CCc1ccc(O)cc1.OC(CC(O)=O)C(=O)[O-],Pna21,False
LISZES,LISZES,,CC(=O)[O-].NC(=[NH2+])NC(=O)C1=CC=CN1,P-1,False
KOBNIB01,KOBNIB01,130 K,O=NC1=C([O-])NC(=O)NC1=O.[NH3+]CCc1ccc(O)cc1,P21/c,False
KORHAD,KORHAD,296.1 K,CC1=NN(Cc2ccc(cc2)C#N)C(=C1)C.OC(=O)C(O)=O,P21/c,False
MOYMAP,MOYMAP,at 293 K,c1cc(ccn1)c1ccncc1.CC(=O)c1ccc(cc1)B(O)O,Cc,False
DEZDAO,DEZDAO,at 123 K,FC(F)(F)C(=O)[O-].FC1=CNC(=C1F)C1=CC(=[NH+]N1)C1=C(F)C(=CN1)F,P21/n,False
JIYQAM,JIYQAM,100 K,FC(F)(F)S(=O)(=O)[O-].COC(=O)c1ccc(C(=O)OC)c(c1)[n+]1ccccc1,P-1,False
NUGZOF,NUGZOF,at 294 K,NN1C(=NN=C1c1ccncc1)c1ccncc1.Nc1cc(cc(c1)C(O)=O)C(O)=O,P21/c,False
KOBGIV,KOBGIV,295 K,NC1=N[N+]2(CCSCC2)CC1.O=N(=O)c1ccc(cc1)S(=O)(=O)[O-],C2/c,False
XUYKIM,XUYKIM,at 294 K,c1cc(ccn1)c1ccncc1.Oc1ccc2C3c4ccc(O)cc4C(c2c1)c1cc(O)ccc31,P21/n,False
DIGCUS,DIGCUS,at 298 K,O=C(Nc1c[nH+]ccc1)Nc1cccnc1.O=C([O-])C=CC(=O)[O-],P21/n,False
IDOYOS,IDOYOS,173.2 K,FC(F)(F)S(=O)(=O)[O-].c1ccc(cc1)P1[n+]2ccccc2c2cccc[n+]12,P-1,False
TENVOZ,TENVOZ,at 296 K,OC(=O)C=CC(=O)[O-].[NH3+]C(CC1=C[NH+]=CN1)C(O)=O,P1,False
WEJCEU,WEJCEU,at 294 K,[NH3+]C(CCCNC(N)=[NH2+])C(N)=O.OC1=C([O-])C(=O)C1=O,P21,False
IFESAN,IFESAN,,[S-]C#N.C(Oc1ccc(OCc2cc[nH+]cc2)cc1)c1cc[nH+]cc1,P-1,False
OXUMEA,OXUMEA,at 293 K,C[n+]1ccc(NC(=O)Nc2cc[n+](C)cc2)cc1.FC(F)(F)S(=O)(=O)[O-],P-1,False
INEFIQ01,INEFIQ01,at 93 K,[NH3+]C(CCCNC(N)=[NH2+])C(O)=O.FC(F)(F)C(=O)[O-],P21,False
MOHDIX,MOHDIX,at 293 K,[NH3+]CCCCC([NH3+])C(O)=O.OC(=O)C(=O)[O-],P212121,False
NUGKAE,NUGKAE,100 K,CCC([NH2+]CC[NH2+]C(CC)CO)CO.CS(=O)(=O)[O-],P21212,False
TAFGAM,TAFGAM,100 K,OC(=O)C[NH+](CC[NH+](CC(O)=O)CC(O)=O)CC(O)=O.CS(=O)(=O)[O-],C2/c,False
PUVZEN,PUVZEN,150 K,FC(F)(F)S(=O)(=O)[O-].C[n+]1ccccc1[P+](F)(c1ccccc1)c1ccccc1,P-1,False
WACNIA,WACNIA,100 K,CC1[NH2+]CCOC1c1cccc(F)c1.O=C([O-])C=CC(=O)[O-],P21/c,False
VAXRUJ,VAXRUJ,at 173 K,CC#CC(=O)[O-].[NH3+]NC(=O)c1cc[nH+]cc1,Pbca,False
HEFVIY,HEFVIY,at 296 K,[NH3+]CCOCCOCC[NH3+].ClC(Cl)(Cl)C(=O)[O-],C2/c,False
PEVDEC,PEVDEC,200 K,CS(=O)(=O)[O-].[NH3+]C(CC1=C[NH+]=CN1)C(O)=O,P21,False
CAQLAJ,CAQLAJ,at 168.2 K,FC(F)(F)S(=O)(=O)[O-].CN1C=C[N+](=C1SSC1=[N+](C)C=CN1C)C,P21/c,False
WIHZUJ,WIHZUJ,at 293 K,FC(F)(F)S(=O)(=O)[O-].C[N+]12CN3CP(C1)C[N+](C)(C3)C2,Pnma,False
XETSEU,XETSEU,,OC(=O)C1SC(Cc2cc[nH+]cc2)(SC1c1cc[nH+]cc1)C(O)=O.S=C=[N-],P21/c,False
JARTEE,JARTEE,293 K,CC1=NOC(C1)C1(O)CC2[NH2+]C1CC2.O=C([O-])C=CC(=O)[O-],P2/c,False
PEVCUR,PEVCUR,200 K,[NH3+]C(CCCNC(N)=[NH2+])C(O)=O.CS(=O)(=O)[O-],P1,False
PUKPUI,PUKPUI,295 K,FC(F)(F)S(=O)(=O)[O-].C1OC2C(OCC2[n+]2ccccc2)C1[n+]1ccccc1,P212121,False
LARXEK,LARXEK,298 K,OC(=O)C=CC(=O)[O-].CCC([NH2+]CC[NH2+]C(CC)CO)CO,P212121,False
GEHKOU,GEHKOU,,O=C([O-])CC(=O)[O-].C[NH2+]C(C)C(O)c1ccccc1,C2,False
INIHUL,INIHUL,295 K,[NH3+]c1cc(ccc1O)C1=[NH+]CCCCN1.CS(=O)(=O)[O-],P-1,False
PEVCIF,PEVCIF,200 K,NS(=O)(=O)[O-].[NH3+]C(CC1=C[NH+]=CN1)C(O)=O,P21,False
TEKSAH,TEKSAH,150 K,FC(F)(F)S(=O)(=O)[O-].O=S1[n+]2ccccc2c2cccc[n+]12,Pbca,False
JOBZUY,JOBZUY,293 K,CN1CC(=O)NC1=[NH2+].OC(=O)C=CC(O)=O.O=C([O-])C=CC(=O)[O-],P21/c,False
LUVQEZ,LUVQEZ,at 123 K,FC(F)(F)S(=O)(=O)[O-].C[NH+](C)CCC[n+]1ccccc1O,P-1,False
LARXAG,LARXAG,293.4 K,OC(=O)C(=O)[O-].CCC([NH2+]CC[NH2+]C(CC)CO)CO,P21212,False
FOBNUH,FOBNUH,at 100 K,FC(F)(F)S(=O)(=O)[O-].C1=CN(N=C1)[B-]12[N+]3=CC=CN3P(N3C=CC=[N+]13)N1C=CC=[N+]21,P-1,False
FOBPAP,FOBPAP,at 100 K,FC(F)(F)S(=O)(=O)[O-].CCN(CC)P1N2C=CC=[N+]2CN2C=CC=[N+]12,P21/n,False
CAFBAM,CAFBAM,,CN1CC[N+](=C1OC1=[N+](C)CCN1C)C.FC(F)(F)S(=O)(=O)[O-],P21/c,False
TEKREK,TEKREK,273.1 K,CN(C)c1cc[n+](cc1)S(=O)[n+]1ccc(cc1)N(C)C.FC(F)(F)S(=O)(=O)[O-],P-1,False
DUJKOK,DUJKOK,293 K,OC(=O)C(=O)[O-].OCC[NH+]1CC[NH2+]CC1,P1,False
UPOQAS,UPOQAS,at 150 K,OC(=O)C=CC(O)=O.OC(=O)C=CC(=O)[O-].OC(CN1C=[NH+]C=N1)(CN1C=[NH+]C=N1)c1ccc(F)cc1F,P-1,False
LICMUH,LICMUH,at 298 K,[NH3+]c1cc(Cl)ccc1O.O=C([O-])C=CC(=O)[O-],P21/c,False
EHOVIG,EHOVIG,at 293 K,COC(=O)c1cc(cc[n+]1C)c1cc[n+](C)c(c1)C(=O)OC.FC(F)(F)S(=O)(=O)[O-],P21,False
SUYYAN,SUYYAN,at 100 K,Nc1[nH+]cc(Br)cc1.O=C([O-])C=CC(=O)[O-],P21/c,False
TINQOZ,TINQOZ,120 K,FC(F)(F)S(=O)(=O)[O-].C[n+]1cccc(c1)C1=NS[S+]=N1,P-1,False
QUYKUS01,QUYKUS01,113 K,O[n+]1ccc(cc1)c1cc[n+](O)cc1.ClC(Cl)(Cl)C(=O)[O-],C2/c,False
OJUHAE,OJUHAE,296 K,FC(F)(F)S(=O)(=O)[O-].C1C[N+]2(CCO1)CC[N+]1(CCOCC1)CC2,P21/n,False
WEWCOT,WEWCOT,298 K,FC(F)(F)C(=O)[O-].[NH3+]c1ccccc1SSc1ccccc1[NH3+],C2/c,False
ICOWAB,ICOWAB,100 K,[O-]N1N=NN=C1C1=NN=NN1[O-].NC(=[NH2+])O,P21/n,False
KODLAT,KODLAT,100 K,OC(=O)CCCNc1nc[nH+]c2N=CNc12.O=C([O-])CCCNc1ncnc2NC=Nc12,P21/c,False
QICJUK,QICJUK,293.0 K,[NH3+]NC(=O)c1cc[nH+]cc1.CS(=O)(=O)[O-],P-1,False
QEYTOF,QEYTOF,at 293 K,C[NH+]1CC[N+](C)(CC1)CC(O)=O.OC1=C([O-])C(=O)C1=O,P21/c,False
QUWGOH,QUWGOH,120 K,Cc1cc(CSC(N)=[NH2+])c(C)cc1CSC(N)=[NH2+].CC(=O)[O-],P21/c,False
WANHUO,WANHUO,,[S-]C#N.Cc1[nH+]cc(C[N+]2=CSC(=C2C)CCO)c(N)n1,Pbca,False
FOBNOB,FOBNOB,at 100 K,FC(F)(F)S(=O)(=O)[O-].C1[N+]2=CC=CN2P(N2C=CC=[N+]12)c1ccccc1,P-1,False
DITBEO,DITBEO,at 173 K,FC(F)(F)S(=O)(=O)[O-].CN(C)c1cc[n+](cc1)[P+](C)(C)C,P21/c,False
ULUFIQ,ULUFIQ,at 293 K,OC(=O)c1ccc(OCCCCCC#N)cc1.OC(=O)c1ccc(OCCCCC#N)cc1,Pc,False
KEXYAN,KEXYAN,,C[NH+](C)C(C)c1ccc2CCN(C)C(=O)Oc2c1.O=C([O-])C=CC(=O)[O-],P21/a,False
DINJUH,DINJUH,at 100 K,NC1=[NH+]C(=O)NC=C1F.O=C([O-])C=CC(=O)[O-],P21/c,False
TOCYEP,TOCYEP,,FC(F)(F)S(=O)(=O)[O-].CN(C)C1=[NH+]C(C)(C)[NH+]=C(O1)N(C)C,C2/c,False
ROYDAN,ROYDAN,296 K,FC(F)(F)S(=O)(=O)[O-].CC(C)(C)c1cc2S[S+][N]c2c2S[S+][N]c12,P-1,False
GAPLAK,GAPLAK,,C1CN2CC[NH+]3CCN4CC[NH+]1P234.FC(F)(F)C(=O)[O-],P-1,False
CELCEB,CELCEB,,NC(=[NH+]O)C(N)=[NH+]O.OC1=C([O-])C(=O)C1=O,C2/c,False
