pair_name,Dipole_average,Dipole_diff,Dipole_max,Dipole_min,HOMO_LUMO_Gap_average,HOMO_LUMO_Gap_diff,HOMO_LUMO_Gap_max,HOMO_LUMO_Gap_min,NumAromaticRings_average,NumAromaticRings_diff,NumAromaticRings_max,NumAromaticRings_min,NumHAcceptors_average,NumHAcceptors_diff,NumHAcceptors_max,NumHAcceptors_min,NumHDonors_average,NumHDonors_diff,NumHDonors_max,NumHDonors_min,Polarizability_average,Polarizability_diff,Polarizability_max,Polarizability_min,is_polar
ABAMAV,9.1495,3.139,10.719,7.58,4.6590645,1.8280230000000004,5.573076,3.745053,0.5,1,1,0,2.5,5,5,0,1.5,1,2,1,99.9965,37.62366,118.80833,81.18467,1
ABEHOF,3.3402000000000003,2.1474,4.4139,2.2665,5.6243505,4.189239,7.71897,3.529731,0.5,1,1,0,4.5,5,7,2,1.0,2,2,0,116.244,83.99865999999999,158.24333,74.24467,1
ABELUP,6.204549999999999,9.0577,10.7334,1.6757,4.305257,1.285772,4.948143,3.662371,0.5,1,1,0,7.5,1,8,7,3.0,4,5,1,162.6645,15.728340000000005,170.52867,154.80033,1
ABEQUU,3.87665,3.1817,5.4675,2.2858,5.6356215,4.149767000000001,7.710505,3.560738,0.5,1,1,0,4.5,5,7,2,1.0,2,2,0,104.114665,108.38533,158.30733,49.922,0
ABORAO,5.4813,6.391,8.6768,2.2858,4.5114815,1.9020750000000004,5.462519,3.560444,1.0,0,1,1,4.0,6,7,1,1.0,2,2,0,118.990665,78.64733000000001,158.31433,79.667,0
ABUKOZ,6.09,8.8276,10.5038,1.6762,4.895902,2.466632,6.129218,3.662586,1.0,0,1,1,3.5,7,7,0,1.0,0,1,1,114.295835,80.99967,154.79567,73.796,0
ABUKUF,6.8791,10.4046,12.0814,1.6768,4.675169,2.0257119999999995,5.688025,3.662313,1.0,0,1,1,3.5,7,7,0,1.0,0,1,1,122.245835,65.11966999999999,154.80567,89.686,0
ABUQAR,7.1803,4.9656,9.6631,4.6975,5.461456,1.094556,6.008734,4.914178,0.5,1,1,0,1.5,1,2,1,0.5,1,1,0,112.4075,136.36034,180.58767,44.22733,1
ACAXAD,5.32085,0.0659,5.3538,5.2879,5.4998475,0.4452150000000001,5.722455,5.27724,0.5,1,1,0,1.5,1,2,1,1.0,2,2,0,73.64949999999999,8.730339999999998,78.01467,69.28433,0
ACIFAT,9.06175,14.7787,16.4511,1.6724,4.5892815,1.853937,5.51625,3.662313,1.0,0,1,1,4.5,5,7,2,1.5,1,2,1,132.798835,44.01567,154.80667,110.791,0
ACOSUH,9.35195,2.8907,10.7973,7.9066,5.0719035,1.1556129999999998,5.64971,4.494097,1.0,0,1,1,1.5,3,3,0,0.5,1,1,0,132.956835,64.50633,165.21,100.70367,1
ADAFOD01,7.15665,6.192500000000001,10.2529,4.0604,5.6619595,1.6326509999999992,6.478285,4.845634,0.5,1,1,0,3.0,0,3,3,0.0,0,0,0,100.677335,92.59467,146.97467,54.38,0
ADAVOQ,9.7221,3.4682000000000004,11.4562,7.988,4.895691,2.494136,6.142759,3.648623,0.5,1,1,0,3.5,1,4,3,2.0,2,3,1,92.922,5.1426600000000064,95.49333,90.35067,0
ADIHOL,5.9419,2.4958,7.1898,4.694,6.301121,0.5703700000000005,6.586306,6.015936,0.0,0,0,0,2.0,0,2,2,2.0,4,4,0,78.023,67.606,111.826,44.22,1
ADIZIA,12.247599999999998,8.005799999999999,16.2505,8.2447,5.059974,0.1077380000000003,5.113843,5.006105,1.0,0,1,1,2.5,1,3,2,0.5,1,1,0,100.7635,18.30900000000001,109.918,91.609,0
ADRTAR,9.86025,2.549899999999999,11.1352,8.5853,4.526235,0.0436620000000003,4.548066,4.504404,0.5,1,1,0,4.5,3,6,3,3.5,1,4,3,107.15867,46.58999999999999,130.45367,83.86367,0
AFADIU,7.930449999999999,4.984299999999999,10.4226,5.4383,5.631526,1.912566,6.587809,4.675243,0.5,1,1,0,2.5,1,3,2,1.0,2,2,0,106.78033,35.784000000000006,124.67233,88.88833,0
AFESOU,9.3499,2.4406,10.5702,8.1296,3.455957,2.16352,4.537717,2.374197,1.5,1,2,1,4.5,3,6,3,1.5,3,3,0,166.54533500000002,48.57667000000001,190.83367,142.257,0
AFITOA,8.71465,3.4087000000000005,10.419,7.0103,5.0763665,0.7990969999999997,5.475915,4.676818,1.0,0,1,1,2.0,2,3,1,1.0,2,2,0,102.101665,45.13933,124.67133,79.532,0
AFOQIX,4.41815,2.2225,5.5294,3.3069,5.015927,3.961524,6.996689,3.035165,0.0,0,0,0,2.0,2,3,1,2.5,3,4,1,70.60183500000001,22.400330000000004,81.802,59.40167,0
AFUGER,4.15705,1.4834999999999998,4.8988,3.4153,5.663179,1.435104,6.380731,4.945627,0.0,0,0,0,2.5,3,4,1,1.0,0,1,1,66.519835,29.21567,81.12767,51.912,0
AFUHAM,5.7421,1.686,6.5851,4.8991,4.7800855,0.329669,4.94492,4.615251,0.5,1,1,0,3.0,2,4,2,1.5,1,2,1,96.334835,88.83967000000001,140.75467,51.915,0
AFUJES,5.064500000000001,3.0406000000000004,6.5848,3.5442,4.1006695,1.0297729999999996,4.615556,3.585783,1.0,0,1,1,3.5,3,5,2,1.5,1,2,1,138.215835,5.071669999999983,140.75167,135.68,1
AFUJIW,7.28105,1.3952999999999998,7.9787,6.5834,3.503735,2.224422,4.615946,2.391524,1.0,0,1,1,3.0,2,4,2,1.0,2,2,0,132.562,16.40134000000002,140.76267,124.36133,1
AFUJOC,11.1802,1.4928000000000008,11.9266,10.4338,3.725623,0.3736779999999999,3.912462,3.538784,1.0,0,1,1,4.0,4,6,2,1.5,1,2,1,140.5295,3.6083399999999983,142.33367,138.72533,0
AGAQOQ,9.09795,3.9369,11.0664,7.1295,3.950134,1.2485299999999997,4.574399,3.325869,1.0,0,1,1,5.0,6,8,2,2.5,1,3,2,121.526,86.65065999999999,164.85133,78.20067,0
AGEJIF,2.05945,3.9957,4.0573,0.0616,6.908697,0.8577599999999999,7.337577,6.479817,0.0,0,0,0,3.5,1,4,3,0.0,0,0,0,107.28567,105.78799999999998,160.17967,54.39167,0
AGOCOQ,3.78125,6.7851,7.1738,0.3887,6.409935,1.670446,7.245158,5.574712,0.0,0,0,0,2.5,3,4,1,0.0,0,0,0,112.117165,21.661669999999987,122.948,101.28633,0
AGOKUC,14.81535,15.9189,22.7748,6.8559,3.986567500000001,2.3263830000000003,5.149759,2.823376,1.0,0,1,1,5.0,0,5,5,1.5,3,3,0,155.6875,37.234339999999975,174.30467,137.07033,0
AGOTAT,9.41795,0.4536999999999995,9.6448,9.1911,4.836946,0.7559439999999995,5.214918,4.458974,1.0,0,1,1,2.5,3,4,1,1.0,0,1,1,123.422165,58.80766999999999,152.826,94.01833,0
AGUFUH,5.59025,1.7927,6.4866,4.6939,5.7782065,0.4755890000000002,6.016001,5.540412,0.5,1,1,0,1.0,2,2,0,0.5,1,1,0,83.299835,78.15967,122.37967,44.22,0
AHERAG,5.6735500000000005,1.8145,6.5808,4.7663,6.2813305,3.0328470000000003,7.797754,4.764907,0.0,0,0,0,4.0,4,6,2,2.5,1,3,2,66.64,33.28466,83.28233,49.99767,1
AHEROU,2.0367,0.7264000000000002,2.3999,1.6735,3.846055,0.3673700000000002,4.02974,3.66237,1.0,0,1,1,4.5,5,7,2,2.0,2,3,1,129.898,49.81466,154.80533,104.99067,0
AHUDAK,5.7773,3.4306,7.4926,4.062,5.8095205,1.3366169999999995,6.477829,5.141212,0.0,0,0,0,3.0,0,3,3,0.0,0,0,0,102.905665,97.04133000000002,151.42633,54.385,0
AHULIA,3.02695,2.0643,4.0591,1.9948,6.086069,0.7853760000000003,6.478757,5.693381,0.0,0,0,0,2.0,2,3,1,0.0,0,0,0,105.665335,102.56733,156.949,54.38167,0
AHUYIL,4.70395,4.8375,7.1227,2.2852,4.017658,0.9139320000000004,4.474624,3.560692,0.5,1,1,0,5.0,4,7,3,0.5,1,1,0,155.5015,5.622340000000008,158.31267,152.69033,0
AJADEX,4.9405,0.4931999999999998,5.1871,4.6939,6.4988495,0.9665790000000004,6.982139,6.01556,0.0,0,0,0,3.5,3,5,2,0.5,1,1,0,93.41383,98.393,142.61033,44.21733,1
AJODOU,4.1585,3.7812,6.0491,2.2679,5.427948,3.796668,7.326282,3.529614,0.5,1,1,0,5.0,4,7,3,1.5,3,3,0,106.331,103.81534000000002,158.23867,54.42333,1
ALABEU,9.7856,6.8108,13.191,6.3802,5.2731010000000005,0.1389179999999994,5.34256,5.203642,0.5,1,1,0,4.0,4,6,2,2.5,1,3,2,88.48533,11.576000000000008,94.27333,82.69733,0
ALIWEZ,6.950900000000001,7.135800000000001,10.5188,3.383,4.6073725,1.0429509999999995,5.128848,4.085897,0.0,0,0,0,3.0,0,3,3,2.5,1,3,2,130.486,72.62733999999999,166.79967,94.17233,1
ALOWUW,8.201699999999999,7.0146,11.709,4.6944,5.3441315,1.3429150000000003,6.015589,4.672674,1.0,2,2,0,3.5,3,5,2,0.5,1,1,0,133.175665,177.91067,222.131,44.22033,0
AMAYIZ,3.7355,0.6500000000000004,4.0605,3.4105,5.1358385,2.684467,6.478072,3.793605,1.0,2,2,0,3.0,0,3,3,0.0,0,0,0,143.29717,177.827,232.21067,54.38367,0
AMAYOF,3.05275,2.013100000000001,4.0593,2.0462,4.9878315,2.981297,6.47848,3.497183,1.5,3,3,0,2.5,1,3,2,0.0,0,0,0,167.567665,226.36867,280.752,54.38333,0
AMAYUL,2.9796,2.1566,4.0579,1.9013,5.001954,2.954682,6.479295,3.524613,1.0,2,2,0,3.5,1,4,3,0.0,0,0,0,152.83317,196.899,251.28267,54.38367,0
AMAZAS,3.72055,0.6778999999999997,4.0595,3.3816,5.1311895,2.694943,6.478661,3.783718,1.0,2,2,0,3.5,1,4,3,0.0,0,0,0,145.289335,181.81133,236.195,54.38367,0
AMEBUS,3.7723,0.5780000000000003,4.0613,3.4833,5.005158,2.945634,6.477975,3.532341,1.0,2,2,0,2.0,2,3,1,0.0,0,0,0,129.75983,150.755,205.13733,54.38233,0
AMECUT,7.34225,6.5655,10.625,4.0595,5.248101999999999,2.461256,6.47873,4.017474,0.5,1,1,0,3.5,1,4,3,0.0,0,0,0,136.346335,163.92467,218.30867,54.384,0
AMOZAG,11.9537,4.3566,14.132,9.7754,4.111807,0.517998,4.370806,3.852808,1.0,0,1,1,1.5,1,2,1,1.0,2,2,0,118.46833,47.37599999999999,142.15633,94.78033,0
ANAPOX,4.551550000000001,1.9575000000000005,5.5303,3.5728,5.972919,2.0478880000000004,6.996863,4.948975,0.0,0,0,0,1.5,1,2,1,2.0,4,4,0,53.461165,11.879670000000004,59.401,47.52133,1
APUVOZ,9.41855,8.692499999999999,13.7648,5.0723,3.989491,2.099734,5.039358,2.939624,1.0,0,1,1,3.5,1,4,3,2.0,0,2,2,145.93567000000002,72.63000000000001,182.25067,109.62067,0
APUWAM,9.3327,8.8668,13.7661,4.8993,3.9417705,2.005907,4.944724,2.938817,0.5,1,1,0,3.5,1,4,3,1.5,1,2,1,117.079,130.32999999999998,182.244,51.914,0
APUWIU,9.24695,5.0289,11.7614,6.7325,3.558062,0.891524,4.003824,3.1123,1.0,0,1,1,3.5,1,4,3,2.0,0,2,2,147.8835,68.97366,182.37033,113.39667,0
AQUFID,2.18315,0.1653000000000002,2.2658,2.1005,5.912018,4.764208,8.294122,3.529914,0.5,1,1,0,4.5,5,7,2,1.5,3,3,0,135.567165,45.34567000000001,158.24,112.89433,0
AREJUF,4.208600000000001,0.2990000000000004,4.3581,4.0591,5.574103,1.80921,6.478708,4.669498,0.5,1,1,0,2.0,2,3,1,0.5,1,1,0,83.6745,58.58034,112.96467,54.38433,0
ASAPIV,5.0365,3.7986,6.9358,3.1372,6.430854500000001,2.7379170000000004,7.799813,5.061896,0.0,0,0,0,2.0,0,2,2,1.5,3,3,0,67.2085,4.428339999999992,69.42267,64.99433,1
ASAVAU,5.4687,2.8182,6.8778,4.0596,5.963870999999999,1.029032,6.478387,5.449355,0.0,0,0,0,2.5,1,3,2,0.0,0,0,0,113.152335,117.54333,171.924,54.38067,0
ASOCIW,2.624,3.1052,4.1766,1.0714,4.4335945,5.225451,7.04632,1.820869,0.5,1,1,0,3.0,0,3,3,0.0,0,0,0,91.843165,100.82367,142.255,41.43133,0
ASODOD,4.83995,7.993099999999999,8.8365,0.8434,4.022082,5.230316,6.63724,1.406924,0.5,1,1,0,3.0,0,3,3,0.0,0,0,0,102.32567,125.976,165.31367,39.33767,0
ASOMAW,9.51995,4.7989,11.9194,7.1205,4.5872980000000005,1.3160820000000002,5.245339,3.929257,0.5,1,1,0,1.5,1,2,1,0.5,1,1,0,106.201,2.26934,107.33567,105.06633,0
ASOMEA,10.9545,1.9296000000000009,11.9193,9.9897,4.2625735,0.6661609999999998,4.595654,3.929493,0.5,1,1,0,1.5,1,2,1,0.5,1,1,0,108.206335,1.7446699999999993,109.07867,107.334,0
ASOMIE,12.7917,1.7438000000000002,13.6636,11.9198,4.511051,1.163672,5.092887,3.929215,0.5,1,1,0,1.0,2,2,0,0.5,1,1,0,106.903165,0.8683300000000003,107.33733,106.469,0
ASULOP,3.4105,4.6358,5.7284,1.0926,5.940957,1.3888099999999994,6.635362,5.246552,0.0,0,0,0,3.5,1,4,3,2.0,4,4,0,87.548,2.183999999999997,88.64,86.456,1
ATOLIF,13.683600000000002,6.500400000000001,16.9338,10.4334,3.559437,0.0400840000000002,3.579479,3.539395,1.0,0,1,1,4.0,4,6,2,2.5,1,3,2,126.48667,24.47800000000001,138.72567,114.24767,0
ATOLOL,7.62665,8.020700000000001,11.637,3.6163,4.4984345,0.1992209999999996,4.598045,4.398824,0.5,1,1,0,3.0,2,4,2,2.0,2,3,1,94.41267,37.008,112.91667,75.90867,0
ATOMAY,10.27625,13.314699999999998,16.9336,3.6189,3.9886315,0.8192490000000001,4.398256,3.579007,0.5,1,1,0,3.0,2,4,2,2.0,2,3,1,95.07683,38.33500000000001,114.24433,75.90933,0
ATUTOY,7.78255,5.2765,10.4208,5.1443,4.8404805,0.3280790000000007,5.00452,4.676441,1.0,0,1,1,3.0,0,3,3,1.0,2,2,0,133.14333,16.937999999999988,141.61233,124.67433,0
ATUVEQ,11.81685,3.3180999999999994,13.4759,10.1578,4.6216725,2.1532630000000004,5.698304,3.545041,0.0,0,0,0,2.0,2,3,1,2.0,0,2,2,98.59033,35.508,116.34433,80.83633,0
AVALIS,7.269,6.4196,10.4788,4.0592,5.5638595,1.8298689999999995,6.478794,4.648925,0.5,1,1,0,2.5,1,3,2,0.0,0,0,0,142.38183,175.999,230.38133,54.38233,0
AWAYUV,8.69665,8.148299999999999,12.7708,4.6225,5.526626,3.597632,7.325442,3.72781,0.5,1,1,0,3.5,5,6,1,1.0,0,1,1,162.446665,191.06733,257.98033,66.913,0
AWIDER,2.334,2.8894,3.7787,0.8893,5.147293,3.547158,6.920872,3.373714,0.5,1,1,0,2.5,1,3,2,1.0,2,2,0,106.550335,28.39933000000001,120.75,92.35067,0
AWIHIY,5.8485,0.6022000000000007,6.1496,5.5474,6.4266695,3.261901,8.05762,4.795719,0.0,0,0,0,3.0,2,4,2,1.5,1,2,1,52.0315,27.21234,65.63767,38.42533,0
AWIJUM,7.4446,7.739800000000001,11.3145,3.5747,4.5751515,0.745317,4.94781,4.202493,0.5,1,1,0,2.0,0,2,2,2.0,4,4,0,115.841,136.63334,184.15767,47.52433,0
AWOQUY,12.79865,10.008100000000002,17.8027,7.7946,4.554432500000001,0.5644710000000002,4.836668,4.272197,1.0,0,1,1,2.5,1,3,2,1.0,0,1,1,146.889165,59.04232999999999,176.41033,117.368,0
AWUQEP,8.22915,4.055899999999999,10.2571,6.2012,4.206133,3.31816,5.865213,2.547053,0.5,1,1,0,2.5,3,4,1,0.5,1,1,0,124.00067,26.07199999999999,137.03667,110.96467,0
AXAKOA,10.63385,0.4303000000000008,10.849,10.4187,4.6965295000000005,0.0391210000000006,4.71609,4.676969,1.0,0,1,1,2.0,2,3,1,1.0,2,2,0,176.379165,103.41567,228.087,124.67133,0
AXOPIO,0.6768,0.5744,0.964,0.3896,6.9439835,0.602995,7.245481,6.642486,0.0,0,0,0,3.5,1,4,3,0.0,0,0,0,104.8295,7.0916600000000045,108.37533,101.28367,0
AXOVIU,2.9419,5.7076,5.7957,0.0881,6.305657500000001,3.636525,8.12392,4.487395,0.0,0,0,0,3.0,2,4,2,2.5,1,3,2,83.56333000000001,35.93599999999999,101.53133,65.59533,0
AYEHOB,3.44265,0.2942999999999998,3.5898,3.2955,5.0828935,1.3316490000000003,5.748718,4.417069,0.0,0,0,0,2.5,3,4,1,0.0,0,0,0,141.56883499999998,40.54832999999999,161.843,121.29467,0
AYUQAN,7.8443,5.4256,10.5571,5.1315,4.80248,0.5202299999999997,5.062595,4.542365,1.5,1,2,1,3.0,0,3,3,2.0,2,3,1,167.184165,47.48633000000001,190.92733,143.441,0
AYUYUO,12.53025,2.7889,13.9247,11.1358,4.168872,0.7963939999999998,4.567069,3.770675,0.5,1,1,0,3.0,2,4,2,0.5,1,1,0,167.62483500000002,29.975670000000008,182.61267,152.637,1
AZEKIA,7.4379,5.4888,10.1823,4.6935,4.9885125,2.044283,6.010654,3.966371,0.5,1,1,0,3.0,2,4,2,0.5,1,1,0,129.849,171.24266,215.47033,44.22767,0
AZIHUM,5.98645,7.4023,9.6876,2.2853,4.0956,1.0698720000000002,4.630536,3.560664,0.5,1,1,0,5.0,4,7,3,1.0,2,2,0,130.685335,55.24533,158.308,103.06267,0
AZOQAI,8.241050000000001,4.6301000000000005,10.5561,5.926,4.772935,0.46042,5.003145,4.542725,1.5,1,2,1,3.0,0,3,3,2.0,2,3,1,173.69,34.47199999999998,190.926,156.454,0
AZOTOZ,9.75045,14.9719,17.2364,2.2645,4.002178,0.9442879999999998,4.474322,3.530034,1.5,1,2,1,4.0,6,7,1,0.5,1,1,0,184.893,53.30200000000002,211.544,158.242,0
AZULIR,6.89205,7.0539000000000005,10.419,3.3651,5.1657705,0.9779029999999996,5.654722,4.676819,1.0,0,1,1,3.5,1,4,3,1.0,2,2,0,114.669,20.001999999999995,124.67,104.668,1
AZUSET,13.23535,5.6325,16.0516,10.4191,4.5078955,0.3378610000000002,4.676826,4.338965,1.0,0,1,1,2.5,1,3,2,0.5,1,1,0,156.651165,63.96032999999999,188.63133,124.671,0
AZUZIF,5.548,7.887,9.4915,1.6045,3.9716395,1.5002630000000003,4.721771,3.221508,1.0,2,2,0,1.0,2,2,0,0.0,0,0,0,143.672335,178.22267,232.78367,54.561,0
BACREE,8.6552,15.1438,16.2271,1.0833,4.9876185,1.047777,5.511507,4.46373,0.0,0,0,0,3.5,3,5,2,2.5,5,5,0,95.253835,28.61032999999999,109.559,80.94867,0
BAGFAS,3.1323,1.2824,3.7735,2.4911,5.647177,0.3528140000000004,5.823584,5.47077,0.5,1,1,0,2.5,1,3,2,1.0,2,2,0,74.1505,38.423,93.362,54.939,0
BAHLEC,5.45165,2.9483,6.9258,3.9775,5.6770855000000005,3.926081,7.640126,3.714045,0.0,0,0,0,3.0,2,4,2,1.0,0,1,1,74.81867,6.216000000000008,77.92667,71.71067,0
BAJXET,9.2186,0.0996000000000005,9.2684,9.1688,3.479611,0.426212,3.692717,3.266505,1.0,0,1,1,4.0,4,6,2,2.5,1,3,2,120.07717,50.449,145.30167,94.85267,1
BAKMOP,13.5935,2.587200000000001,14.8871,12.2999,3.8959875,0.0824030000000002,3.937189,3.854786,1.0,0,1,1,2.0,2,3,1,1.5,1,2,1,127.942665,39.41667000000001,147.651,108.23433,0
BALDOL,7.22025,3.324300000000001,8.8824,5.5581,5.638196000000001,2.215872,6.746132,4.53026,0.5,1,1,0,2.5,1,3,2,0.5,1,1,0,101.481335,2.038669999999996,102.50067,100.462,0
BALDUR,9.5072,7.8988,13.4566,5.5578,5.3584190000000005,2.774894,6.745866,3.970972,0.5,1,1,0,2.5,1,3,2,0.5,1,1,0,114.149835,23.292330000000007,125.796,102.50367,1
BALFAZ,7.7583,4.401,9.9588,5.5578,5.6052545,2.2817430000000005,6.746126,4.464383,0.5,1,1,0,2.5,1,3,2,0.5,1,1,0,109.6695,14.339,116.839,102.5,0
BALJEE,2.5246500000000003,0.4757000000000002,2.7625,2.2868,5.2335325,3.345289,6.906177,3.560888,0.5,1,1,0,5.0,4,7,3,0.5,1,1,0,126.6275,63.35034,158.30267,94.95233,0
BALJII,2.42505,0.2788999999999997,2.5645,2.2856,5.230257,3.3382559999999994,6.899385,3.561129,0.5,1,1,0,5.0,4,7,3,0.5,1,1,0,126.744835,63.10633,158.298,95.19167,0
BALNEK,4.5817,1.6152000000000006,5.3893,3.7741,5.6194525,0.2977809999999996,5.768343,5.470562,0.5,1,1,0,2.5,1,3,2,1.0,2,2,0,80.211835,50.54433,105.484,54.93967,0
BALRAH,8.5466,1.5498000000000005,9.3215,7.7717,4.8658365,1.143509,5.437591,4.294082,1.5,1,2,1,1.5,1,2,1,1.0,2,2,0,148.507335,40.54533000000001,168.78,128.23467,0
BALVOZ,8.6242,1.7063999999999997,9.4774,7.771,4.8500535,1.174747,5.437427,4.26268,1.5,1,2,1,1.5,1,2,1,1.0,2,2,0,154.6345,28.293000000000006,168.781,140.488,0
BALWAM,8.26375,0.9852999999999996,8.7564,7.7711,4.882835,1.1100639999999995,5.437867,4.327803,1.5,1,2,1,1.5,1,2,1,1.0,2,2,0,160.9545,15.65233999999998,168.78067,153.12833,0
BANPUC,6.11655,2.0299,7.1315,5.1016,4.588665499999999,0.7913410000000001,4.984336,4.192995,0.0,0,0,0,2.5,1,3,2,1.0,2,2,0,93.3835,6.819000000000003,96.793,89.974,0
BANYOH,0.32405,0.1287,0.3884,0.2597,6.3657425,1.7585749999999996,7.24503,5.486455,1.5,3,3,0,2.0,4,4,0,0.0,0,0,0,165.0715,127.57966,228.86133,101.28167,0
BANZEX,7.3518,4.491999999999999,9.5978,5.1058,4.9334315,1.903093,5.884978,3.981885,1.0,0,1,1,3.5,3,5,2,1.0,0,1,1,153.44150000000002,70.71700000000001,188.8,118.083,1
BAQQIW01,5.38615,10.2719,10.5221,0.2502,4.7033025,0.850797,5.128701,4.277904,0.0,0,0,0,3.5,1,4,3,2.0,2,3,1,99.3205,10.290999999999997,104.466,94.175,1
BAQQIW,4.1455,7.7914,8.0412,0.2498,4.7328145,0.909783,5.187706,4.277923,0.0,0,0,0,3.5,1,4,3,2.0,2,3,1,99.9125,9.105000000000004,104.465,95.36,1
BARLAK,6.17075,1.7497000000000007,7.0456,5.2959,4.74422,0.1249500000000001,4.806695,4.681745,0.0,0,0,0,1.5,1,2,1,2.0,4,4,0,69.338165,20.656330000000004,79.66633,59.01,0
BASYIF,10.85125,4.531500000000001,13.117,8.5855,4.4890875,0.0307829999999995,4.504479,4.473696,0.5,1,1,0,3.5,5,6,1,2.5,1,3,2,112.008,56.28533999999999,140.15067,83.86533,1
BAVJIT,2.8206,1.0658,3.3535,2.2877,5.904198999999999,4.68718,8.247789,3.560609,0.5,1,1,0,4.0,6,7,1,0.5,1,1,0,111.840835,92.92767,158.30467,65.377,0
BAYPOK,8.02895,4.7805,10.4192,5.6387,4.8537605,0.3537929999999996,5.030657,4.676864,1.0,0,1,1,2.0,2,3,1,1.0,2,2,0,125.17633,1.0100000000000051,125.68133,124.67133,0
BAYQAX,6.04205,0.8073000000000006,6.4457,5.6384,4.3488985,1.3632489999999997,5.030523,3.667274,1.0,0,1,1,2.0,2,3,1,1.0,2,2,0,123.206,4.948000000000008,125.68,120.732,1
BAYQEB,9.5466,7.816200000000001,13.4547,5.6385,4.500465,1.0597920000000003,5.030361,3.970569,1.0,0,1,1,1.5,1,2,1,1.0,2,2,0,125.741165,0.1196699999999992,125.801,125.68133,0
BAYQOL,7.21035,3.1447000000000003,8.7827,5.638,4.796291999999999,0.4679960000000003,5.03029,4.562294,1.0,0,1,1,1.5,1,2,1,1.0,2,2,0,129.3785,7.396340000000009,133.07667,125.68033,0
BAYQUR,7.2285,3.1796000000000006,8.8183,5.6387,3.747611,2.56644,5.030831,2.464391,1.0,0,1,1,2.5,3,4,1,1.0,2,2,0,131.698335,12.035330000000002,137.716,125.68067,1
BAYRAY,7.08405,2.8913,8.5297,5.6384,4.3780735,1.3045790000000004,5.030363,3.725784,1.0,0,1,1,2.5,3,4,1,1.0,2,2,0,107.863,35.636660000000006,125.68133,90.04467,0
BAYVOQ,10.07615,8.875499999999999,14.5139,5.6384,4.274687,1.5113799999999995,5.030377,3.518997,1.5,1,2,1,2.0,2,3,1,1.5,1,2,1,143.55100000000002,35.740660000000005,161.42133,125.68067,0
BAZRAV,4.29265,1.0360999999999998,4.8107,3.7746,4.57502,1.7912400000000006,5.47064,3.6794,1.0,2,2,0,2.5,1,3,2,0.5,1,1,0,114.714,119.52534,174.47667,54.95133,0
BEBCET,5.86075,1.6151,6.6683,5.0532,4.454886500000001,0.1077690000000002,4.508771,4.401002,1.0,0,1,1,4.5,3,6,3,2.0,2,3,1,128.221335,40.37532999999999,148.409,108.03367,1
BEDTAF,3.24265,1.6208999999999998,4.0531,2.4322,7.484578,2.0067819999999994,8.487969,6.481187,0.0,0,0,0,1.5,3,3,0,0.0,0,0,0,79.1655,49.55634,103.94367,54.38733,0
BEFGIG,15.4528,13.1434,22.0245,8.8811,4.6486160000000005,0.2348279999999993,4.76603,4.531202,1.0,0,1,1,2.5,1,3,2,0.5,1,1,0,126.991665,53.05933,153.52133,100.462,0
BEFGOM,11.21425,19.0811,20.7548,1.6737,4.096092,0.8670599999999999,4.529622,3.662562,1.0,0,1,1,5.0,4,7,3,1.0,0,1,1,154.156665,1.2793300000000158,154.79633,153.517,0
BEHKEF,7.12255,7.1561,10.7006,3.5445,5.3970275,4.622925,7.70849,3.085565,0.0,0,0,0,1.5,1,2,1,1.0,2,2,0,108.63617,143.551,180.41167,36.86067,0
BEKTAP,9.3275,9.2604,13.9577,4.6973,5.5238265,0.9712329999999998,6.009443,5.03821,0.0,0,0,0,2.5,1,3,2,0.5,1,1,0,76.5445,64.63900000000001,108.864,44.225,0
BEKTET,9.3978,9.408,14.1018,4.6938,5.542927000000001,0.9459939999999998,6.015924,5.06993,0.0,0,0,0,2.5,1,3,2,0.5,1,1,0,82.62083,76.803,121.02233,44.21933,0
BEMQOC,8.100249999999999,3.8575,10.029,6.1715,5.0863385,1.360353,5.766515,4.406162,0.5,1,1,0,2.5,3,4,1,2.0,2,3,1,87.518,55.744,115.39,59.646,0
BENSUK,4.79915,1.4804999999999993,5.5394,4.0589,5.429801,2.098108,6.478855,4.380747,0.5,1,1,0,2.5,1,3,2,0.0,0,0,0,105.58233,102.398,156.78133,54.38333,0
BENWUO,5.8952,7.655199999999999,9.7228,2.0676,5.1158835,0.420261,5.326014,4.905753,0.5,1,1,0,2.0,2,3,1,2.0,0,2,2,136.0515,99.85434,185.97867,86.12433,1
BEPDOT,4.63495,5.4185,7.3442,1.9257,4.7193995,0.2276549999999995,4.833227,4.605572,0.0,0,0,0,5.5,1,6,5,1.5,3,3,0,85.595,35.06399999999999,103.127,68.063,0
BEPTOH,4.1499,2.7126,5.5062,2.7936,6.0346185000000006,2.0182010000000004,7.043719,5.025518,0.0,0,0,0,2.5,3,4,1,1.0,0,1,1,65.079335,19.90533,75.032,55.12667,0
BEPTUN,4.5418,1.9332,5.5084,3.5752,5.994472,2.0938160000000003,7.04138,4.947564,0.0,0,0,0,1.5,1,2,1,0.5,1,1,0,51.327335,7.60933,55.132,47.52267,0
BESYOO,2.9581500000000003,4.4867,5.2015,0.7148,6.3300945,0.160495,6.410342,6.249847,0.0,0,0,0,3.0,0,3,3,0.0,0,0,0,119.02667,0.1140000000000043,119.08367,118.96967,0
BEWMEY,6.0325500000000005,3.9485,8.0068,4.0583,6.296848000000001,0.3643320000000001,6.479014,6.114682,0.0,0,0,0,2.5,1,3,2,0.0,0,0,0,74.4015,40.041,94.422,54.381,0
BIDHUS,10.3412,2.0874000000000006,11.3849,9.2975,4.2602545,1.5355049999999997,5.028007,3.492502,1.0,0,1,1,4.0,2,5,3,1.0,2,2,0,108.956,36.69066,127.30133,90.61067,1
BIDJAA,9.89345,2.982099999999999,11.3845,8.4024,3.9135155,2.229051,5.028041,2.79899,1.0,0,1,1,4.0,2,5,3,1.0,2,2,0,110.6925,40.165000000000006,130.775,90.61,0
BIDJEE,10.48785,1.7925000000000004,11.3841,9.5916,3.962623,2.13077,5.028008,2.897238,1.0,0,1,1,4.0,2,5,3,1.0,2,2,0,118.5745,55.93365999999999,146.54133,90.60767,0
BIDJII,9.81475,3.1397000000000013,11.3846,8.2449,5.0169425,0.0220850000000005,5.027985,5.0059,1.0,0,1,1,3.0,0,3,3,1.0,2,2,0,100.264335,19.31067,109.91967,90.609,0
BIGCEA,10.07975,0.6860999999999997,10.4228,9.7367,5.586887,1.822986,6.49838,4.675394,0.5,1,1,0,3.0,0,3,3,0.0,0,0,0,134.003165,18.66233,143.33433,124.672,0
BIKYOJ,2.51935,0.5439000000000003,2.7913,2.2474,4.6385595,1.838655,5.557887,3.719232,0.5,1,1,0,4.0,6,7,1,1.5,3,3,0,88.67683500000001,132.25367,154.80367,22.55,0
BILKEO,1.61255,1.3188999999999995,2.272,0.9531,5.4051565,1.0582710000000004,5.934292,4.876021,0.0,0,0,0,4.0,4,6,2,2.0,0,2,2,100.516835,10.605670000000003,105.81967,95.214,0
BILKIS,7.877,3.5526,9.6533,6.1007,5.159618,2.160174,6.239705,4.079531,0.0,0,0,0,3.5,5,6,1,2.5,1,3,2,69.847,34.049339999999994,86.87167,52.82233,0
BIMJUC,4.7005,1.5690000000000004,5.485,3.916,4.290254,1.869816,5.225162,3.355346,1.5,3,3,0,3.0,0,3,3,2.0,2,3,1,150.197,178.40266,239.39833,60.99567,0
BINFAI,4.1562,0.1932,4.2528,4.0596,5.164558,2.6280720000000004,6.478594,3.850522,0.5,1,1,0,2.0,2,3,1,1.0,2,2,0,138.169335,167.57467,221.95667,54.382,0
BIRFIV,6.3151,8.208,10.4191,2.2111,5.800011,2.24636,6.923191,4.676831,0.5,1,1,0,2.0,2,3,1,1.0,2,2,0,100.7355,47.87034,124.67067,76.80033,0
BIWMAZ,5.46725,6.2013,8.5679,2.3666,4.3624885,0.764551,4.744764,3.980213,0.5,1,1,0,4.0,6,7,1,1.5,1,2,1,102.439,6.329339999999988,105.60367,99.27433,0
BIWNAZ,5.1973,2.7618,6.5782,3.8164,5.0584095,0.5852170000000001,5.351018,4.765801,0.5,1,1,0,4.0,4,6,2,2.5,1,3,2,80.988665,4.583330000000004,83.28033,78.697,0
BIXBUI,4.33975,4.1065,6.393,2.2865,4.027077,0.9320899999999996,4.493122,3.561032,1.5,1,2,1,4.0,6,7,1,1.0,2,2,0,177.097665,37.58733000000001,195.89133,158.304,0
BIXDIZ,9.9057,11.6934,15.7524,4.059,5.5587375,1.840109,6.478792,4.638683,0.5,1,1,0,3.5,1,4,3,0.0,0,0,0,117.57367,126.384,180.76567,54.38167,1
BIXMUS,7.61825,0.9756999999999998,8.1061,7.1304,4.5408735,0.0658790000000006,4.573813,4.507934,0.5,1,1,0,3.0,2,4,2,1.5,1,2,1,79.62217,2.838999999999998,81.04167,78.20267,0
BIYGAT,7.008,1.0630000000000006,7.5395,6.4765,4.564352,2.06573,5.597217,3.531487,0.5,1,1,0,1.0,0,1,1,0.5,1,1,0,91.579665,41.899330000000006,112.52933,70.63,0
BIZTOV,7.11015,1.1038999999999994,7.6621,6.5582,4.349574499999999,0.6586129999999999,4.678881,4.020268,1.0,0,1,1,3.0,4,5,1,2.5,1,3,2,99.3895,31.89034000000001,115.33467,83.44433,1
BODVOH,6.3582,8.145599999999998,10.431,2.2854,3.0353165,1.0515109999999996,3.561072,2.509561,1.5,1,2,1,4.5,5,7,2,0.0,0,0,0,238.669335,160.73467000000002,319.03667,158.302,0
BOJGEN,10.25885,0.5965000000000007,10.5571,9.9606,4.3042015,0.4765070000000007,4.542455,4.065948,1.5,1,2,1,3.0,0,3,3,1.5,3,3,0,143.1445,95.57034,190.92967,95.35933,0
BOMRUS,9.093,14.833799999999998,16.5099,1.6761,3.742362,0.1595379999999999,3.822131,3.662593,1.0,0,1,1,5.0,4,7,3,1.5,1,2,1,164.719665,19.84933000000001,174.64433,154.795,0
BOPHOG,9.2642,5.365800000000001,11.9471,6.5813,4.518781499999999,0.4916030000000004,4.764583,4.27298,0.5,1,1,0,4.0,4,6,2,2.5,1,3,2,89.730665,12.901330000000002,96.18133,83.28,0
BOQTEG,3.78255,1.9667000000000003,4.7659,2.7992,6.408215,2.77928,7.797855,5.018575,0.0,0,0,0,3.0,2,4,2,1.5,1,2,1,62.512665,25.02933000000001,75.02733,49.998,0
BOQXEK,1.49015,0.3722999999999998,1.6763,1.304,3.748,0.1703139999999998,3.833157,3.662843,1.5,1,2,1,4.0,6,7,1,2.0,2,3,1,151.0615,7.4563400000000115,154.78967,147.33333,0
BOTQAF,4.9595,1.7994000000000003,5.8592,4.0598,5.7395935,1.4779590000000002,6.478573,5.000614,0.5,1,1,0,2.5,1,3,2,0.5,1,1,0,124.1205,139.473,193.857,54.384,0
BOVZAO,11.8211,0.9396000000000004,12.2909,11.3513,3.782673,1.2264719999999998,4.395909,3.169437,1.5,1,2,1,2.0,4,4,0,0.0,0,0,0,186.032335,112.28932999999998,242.177,129.88767,0
BOWKOO,4.4309,0.9390000000000004,4.9004,3.9614,5.5314075,1.1734710000000002,6.118143,4.944672,0.0,0,0,0,3.5,1,4,3,2.0,2,3,1,60.788665,17.74333,69.66033,51.917,0
BOYMEH,9.622,2.4750000000000014,10.8595,8.3845,4.655818,0.1530140000000006,4.732325,4.579311,1.0,0,1,1,2.0,2,3,1,1.0,2,2,0,177.28283499999998,100.72167,227.64367,126.922,0
BOZFUT,5.16315,3.1765000000000003,6.7514,3.5749,5.424588,0.9534900000000004,5.901333,4.947843,0.0,0,0,0,2.0,0,2,2,1.0,2,2,0,80.68966499999999,66.33467,113.857,47.52233,1
BPAMAL,9.46385,13.3411,16.1344,2.7933,4.9121305,0.2246330000000007,5.024447,4.799814,1.0,2,2,0,2.5,3,4,1,1.0,0,1,1,150.015165,149.96233,224.99633,75.034,0
BUBWIF,2.96395,1.2987000000000002,3.6133,2.3146,4.2807415,0.2340089999999994,4.397746,4.163737,0.5,1,1,0,2.5,3,4,1,1.5,1,2,1,81.54983,11.293000000000006,87.19633,75.90333,0
BUBXEC,6.5189,5.8178,9.4278,3.61,4.666867,0.5367700000000006,4.935252,4.398482,0.5,1,1,0,3.0,2,4,2,1.0,0,1,1,75.82666499999999,0.1413299999999964,75.89733,75.756,0
BUDQEX,10.5304,0.8133999999999997,10.9371,10.1237,4.366668,1.1236580000000005,4.928497,3.804839,1.0,0,1,1,2.0,2,3,1,1.5,1,2,1,121.27983,48.645,145.60233,96.95733,0
BUFHAN,8.34845,1.1586999999999996,8.9278,7.7691,5.118417,0.6391679999999997,5.438001,4.798833,1.5,1,2,1,2.0,2,3,1,1.5,1,2,1,149.689335,38.18666999999999,168.78267,130.596,0
BUPQAF,9.7854,12.4778,16.0243,3.5465,5.406333500000001,4.603703,7.708185,3.104482,0.5,1,1,0,3.0,4,5,1,2.0,0,2,2,110.670835,147.62233,184.482,36.85967,0
BUQQEK,7.6368,12.0644,13.669,1.6046,3.827293,1.7891359999999996,4.721861,2.932725,0.5,1,1,0,2.5,1,3,2,1.0,2,2,0,136.209665,163.29066999999998,217.855,54.56433,0
BURWAP,3.0505000000000004,2.0160000000000005,4.0585,2.0425,6.813626,0.6692879999999999,7.14827,6.478982,0.0,0,0,0,2.0,2,3,1,0.5,1,1,0,50.829,7.112660000000005,54.38533,47.27267,1
BURXIX,2.72265,1.7067,3.576,1.8693,6.44649,2.99939,7.946185,4.946795,0.0,0,0,0,2.0,0,2,2,1.5,3,3,0,61.8345,28.630340000000004,76.14967,47.51933,0
BURXUJ,7.60685,7.0955,11.1546,4.0591,5.4242235,2.109097,6.478772,4.369675,1.0,2,2,0,2.5,1,3,2,1.0,2,2,0,133.114665,157.46467,211.847,54.38233,0
BUTBOJ,4.06865,0.9083,4.5228,3.6145,5.966828,3.1367140000000004,7.535185,4.398471,0.0,0,0,0,3.5,1,4,3,2.0,2,3,1,65.10183,21.613000000000007,75.90833,54.29533,0
BUTVAP,6.02855,4.5009,8.279,3.7781,5.1566745,0.6244589999999999,5.468904,4.844445,0.5,1,1,0,2.5,1,3,2,1.0,2,2,0,124.869,139.88065999999998,194.80933,54.92867,0
BUWNIS,7.2917,5.2738,9.9286,4.6548,4.057735,0.2481639999999996,4.181817,3.933653,0.5,1,1,0,4.5,1,5,4,2.5,1,3,2,111.318835,8.945669999999993,115.79167,106.846,0
CABPOK,12.3795,7.704000000000001,16.2315,8.5275,4.37765,2.915896,5.835598,2.919702,1.5,1,2,1,2.0,2,3,1,1.0,2,2,0,183.16467,111.974,239.15167,127.17767,1
CACBOY,13.1436,2.8674,14.5773,11.7099,3.4424995000000003,0.3489249999999999,3.616962,3.268037,1.0,2,2,0,5.0,2,6,4,2.0,2,3,1,156.51600000000002,129.054,221.043,91.989,0
CACPAZ,7.761099999999999,5.3474,10.4348,5.0874,5.633466,4.189378,7.728155,3.538777,0.5,1,1,0,3.5,5,6,1,2.0,0,2,2,90.891665,95.67067,138.727,43.05633,0
CACWEK,14.847549999999998,12.480099999999998,21.0876,8.6075,4.4638865,2.5216010000000004,5.724687,3.203086,0.5,1,1,0,2.5,3,4,1,1.5,1,2,1,143.37233500000002,31.68267,159.21367,127.531,0
CADPAB,3.75185,0.4215,3.9626,3.5411,5.395573000000001,4.6337660000000005,7.712456,3.07869,0.0,0,0,0,3.0,2,4,2,1.5,1,2,1,109.29833,44.138000000000005,131.36733,87.22933,1
CAFBAM,2.4612,3.1982,4.0603,0.8621,6.215899,0.5250279999999998,6.478413,5.953385,0.0,0,0,0,4.0,2,5,3,0.0,0,0,0,99.167665,89.56666999999999,143.951,54.38433,0
CAJTEP,6.00155,1.8714999999999995,6.9373,5.0658,4.958887,0.1588700000000003,5.038322,4.879452,1.0,0,1,1,3.0,2,4,2,2.0,0,2,2,93.81417,31.595,109.61167,78.01667,1
CAKLUV,10.40365,3.638900000000002,12.2231,8.5842,4.386782999999999,0.2356439999999997,4.504605,4.268961,0.5,1,1,0,3.5,5,6,1,2.0,2,3,1,128.55316499999998,89.37033,173.23833,83.868,0
CAKNUA,4.7784,1.4349999999999996,5.4959,4.0609,5.526116999999999,1.904058,6.478146,4.574088,0.5,1,1,0,2.0,2,3,1,0.5,1,1,0,103.291165,97.80767,152.195,54.38733,0
CALWEV,6.31385,5.9895,9.3086,3.3191,5.356946499999999,1.4647750000000004,6.089334,4.624559,1.0,0,1,1,2.5,3,4,1,2.0,0,2,2,152.113665,85.53933,194.88333,109.344,0
CAMHIJ,4.4861,0.8549999999999995,4.9136,4.0586,5.512305,1.9331020000000008,6.478856,4.545754,1.0,2,2,0,1.5,3,3,0,0.5,1,1,0,100.767335,92.76667,147.15067,54.384,0
CAMWOD,4.53555,6.9061,7.9886,1.0825,6.0407075,0.2026089999999998,6.142012,5.939403,0.5,1,1,0,3.5,1,4,3,2.0,2,3,1,77.997,34.99466,95.49433,60.49967,0
CAMWUJ,4.52135,6.9267,7.9847,1.058,6.0420575,0.2032189999999998,6.143667,5.940448,0.5,1,1,0,3.5,1,4,3,2.0,2,3,1,77.9945,35.007000000000005,95.498,60.491,1
CANFAC,2.54435,2.1451,3.6169,1.4718,4.5799475,0.3637730000000001,4.761834,4.398061,0.5,1,1,0,3.5,1,4,3,2.5,3,4,1,95.64067,39.46199999999999,115.37167,75.90967,0
CANWET10,2.3276000000000003,3.4664,4.0608,0.5944,6.0651185,0.826155,6.478196,5.652041,0.0,0,0,0,4.0,2,5,3,0.0,0,0,0,104.88017,101.001,155.38067,54.37967,0
CAPKEL,3.5263,2.4806000000000004,4.7666,2.286,5.679244,4.236888,7.797688,3.5608,0.5,1,1,0,4.5,5,7,2,1.0,2,2,0,104.1515,108.30566,158.30433,49.99867,1
CAPRAM,5.3622,1.5826000000000002,6.1535,4.5709,6.0566855,1.8901770000000004,7.001774,5.111597,0.0,0,0,0,3.0,2,4,2,1.5,1,2,1,82.874165,0.2976699999999965,83.023,82.72533,1
CAQLAJ,3.5572,1.0026000000000006,4.0585,3.0559,5.244319,2.469282,6.47896,4.009678,0.0,0,0,0,3.5,1,4,3,0.0,0,0,0,126.00783,143.247,197.63133,54.38433,0
CARVEY,8.09925,12.8505,14.5245,1.674,3.8999285,0.4743749999999997,4.137116,3.662741,1.5,1,2,1,5.0,4,7,3,1.5,1,2,1,207.8995,106.19834,260.99867,154.80033,0
CARWEZ,11.2981,2.9238,12.76,9.8362,4.2116235,1.3358190000000003,4.879533,3.543714,1.5,1,2,1,1.5,1,2,1,0.5,1,1,0,139.093835,32.399669999999986,155.29367,122.894,1
CASCIJ,5.2358,0.6738,5.5727,4.8989,5.034819000000001,0.179742,5.12469,4.944948,0.0,0,0,0,3.0,2,4,2,2.0,2,3,1,61.510665,19.19467,71.108,51.91333,0
CASYUT,4.31055,6.4979,7.5595,1.0616,5.6597930000000005,0.5594419999999998,5.939514,5.380072,0.0,0,0,0,3.5,1,4,3,2.5,3,4,1,75.76617,30.550999999999995,91.04167,60.49067,0
CATHOW,8.12605,0.7069000000000001,8.4795,7.7726,5.018943500000001,0.8378909999999999,5.437889,4.599998,1.0,2,2,0,2.0,2,3,1,1.0,2,2,0,132.636335,72.28067,168.77667,96.496,0
CATHUC,7.608750000000001,0.3274999999999997,7.7725,7.445,5.1501075,0.5752950000000006,5.437755,4.86246,1.0,2,2,0,2.0,2,3,1,1.5,1,2,1,127.22833500000002,83.10267,168.77967,85.677,0
CATJAK,8.0833,0.6277999999999997,8.3972,7.7694,5.086812,0.7017439999999997,5.437684,4.73594,1.0,2,2,0,2.0,2,3,1,1.0,2,2,0,124.535835,88.49767,168.78467,80.287,0
CAVCUY01,12.10015,11.4437,17.822,6.3783,4.8257650000000005,0.7581879999999996,5.204859,4.446671,0.0,0,0,0,4.0,4,6,2,2.5,1,3,2,89.472835,13.559669999999995,96.25267,82.693,1
CAYZAE,3.6522,0.8166000000000002,4.0605,3.2439,5.3084275000000005,2.339475,6.478165,4.13869,0.0,0,0,0,3.0,0,3,3,0.0,0,0,0,119.084665,129.39866999999998,183.784,54.38533,0
CBCPIC,3.4147,2.2582,4.5438,2.2856,5.541797,3.962314000000001,7.522954,3.56064,0.5,1,1,0,4.5,5,7,2,0.5,1,1,0,125.67817,65.263,158.30967,93.04667,0
CEBZUE10,7.68275,9.2331,12.2993,3.0662,4.3622235,1.0142190000000002,4.869333,3.855114,0.5,1,1,0,3.5,1,4,3,1.5,1,2,1,141.856,11.574000000000012,147.643,136.069,1
CEDPAF,7.97515,4.8881,10.4192,5.5311,5.836835499999999,2.320035,6.996853,4.676818,0.5,1,1,0,2.0,2,3,1,2.0,4,4,0,92.036835,65.26633000000001,124.67,59.40367,0
CEDQOV,7.259349999999999,1.7470999999999997,8.1329,6.3858,4.5255980000000005,4.303904,6.67755,2.373646,0.5,1,1,0,3.5,5,6,1,1.0,2,2,0,105.869165,72.75833000000002,142.24833,69.49,0
CEHBAU,13.337,5.829799999999999,16.2519,10.4221,4.893575,0.4381719999999998,5.112661,4.674489,1.0,0,1,1,2.5,1,3,2,0.5,1,1,0,108.149665,33.09333000000001,124.69633,91.603,0
CEHJEF,0.7622,0.975,1.2497,0.2747,6.1424995,1.3660850000000009,6.825542,5.459457,0.0,0,0,0,4.0,0,4,4,0.0,0,0,0,130.433165,41.423670000000016,151.145,109.72133,0
CEHKEG,2.5432,2.5852,3.8358,1.2506,6.310181999999999,1.030138,6.825251,5.795113,0.0,0,0,0,4.0,0,4,4,0.0,0,0,0,104.16733,93.968,151.15133,57.18333,0
CELCEB,2.0552,3.1228,3.6166,0.4938,4.9682495,1.141883,5.539191,4.397308,0.0,0,0,0,3.0,2,4,2,3.5,5,6,1,70.2195,11.38234,75.91067,64.52833,0
CELMUC,2.67685,0.7812999999999999,3.0675,2.2862,4.1478015,1.1747549999999998,4.735179,3.560424,1.0,0,1,1,5.0,4,7,3,2.0,4,4,0,136.79083500000002,43.03632999999999,158.309,115.27267,0
CEMFIM,5.65985,0.0099,5.6648,5.6549,4.614898,0.691122,4.960459,4.269337,1.0,0,1,1,2.5,1,3,2,1.5,1,2,1,115.792,15.302660000000005,123.44333,108.14067,0
CEPFEJ,7.218100000000001,12.9916,13.7139,0.7223,4.761531,0.4722600000000003,4.997661,4.525401,1.0,2,2,0,2.0,4,4,0,0.0,0,0,0,182.9275,72.52634,219.19067,146.66433,0
CEQKOC,9.51325,10.9317,14.9791,4.0474,5.227494999999999,2.511162,6.483076,3.971914,1.0,2,2,0,2.5,1,3,2,1.0,2,2,0,127.623,146.484,200.865,54.381,0
CERLIY,5.93945,2.4915000000000003,7.1852,4.6937,5.067392,1.897016,6.0159,4.118884,0.0,0,0,0,3.0,2,4,2,1.5,3,3,0,99.845665,111.25133,155.47133,44.22,1
CERVIG,14.8692,8.870400000000002,19.3044,10.434,3.625361,0.1730640000000001,3.711893,3.538829,1.5,1,2,1,4.0,4,6,2,1.5,1,2,1,150.13933500000002,22.82532999999998,161.552,138.72667,0
CESRUN,12.02625,6.2965,15.1745,8.878,3.8683935,1.3299870000000005,4.533387,3.2034,1.5,1,2,1,4.0,4,6,2,1.5,3,3,0,160.616665,120.31533,220.77433,100.459,0
CETSOJ,12.8175,18.4814,22.0582,3.5768,4.502095499999999,0.8863750000000001,4.945283,4.058908,0.0,0,0,0,2.0,0,2,2,1.0,2,2,0,72.48367,49.926,97.44667,47.52067,1
CETTIE,7.15085,2.502299999999999,8.402,5.8997,4.4920155,1.5736710000000005,5.278851,3.70518,0.0,0,0,0,4.0,6,7,1,0.5,1,1,0,130.276665,92.39267,176.473,84.08033,0
CEVVUU,8.0552,1.1048,8.6076,7.5028,5.18459,1.080838,5.725009,4.644171,0.5,1,1,0,2.5,3,4,1,1.0,2,2,0,128.8675,2.677660000000003,130.20633,127.52867,0
CEWQEE,7.5171,0.5602,7.7972,7.237,6.0792465,2.4853330000000007,7.321913,4.83658,0.5,1,1,0,2.5,1,3,2,1.5,1,2,1,114.4015,5.915660000000003,117.35933,111.44367,1
CEWQUU,7.34645,0.2202999999999999,7.4566,7.2363,5.9333785,2.777285,7.322021,4.544736,0.0,0,0,0,3.5,3,5,2,2.0,0,2,2,95.75533,31.378,111.44433,80.06633,0
CEZCOB,4.53365,0.9481000000000002,5.0077,4.0596,5.669047,1.6191700000000004,6.478632,4.859462,0.5,1,1,0,2.5,1,3,2,0.0,0,0,0,96.588665,84.40933,138.79333,54.384,0
CEZCUH,3.3565000000000005,1.4086000000000003,4.0608,2.6522,5.948109,1.059716,6.477967,5.418251,0.5,1,1,0,2.0,2,3,1,0.0,0,0,0,97.281165,85.79632999999998,140.17933,54.383,0
CIBZAQ,5.56495,2.0287,6.5793,4.5506,6.327167,3.12416,7.889247,4.765087,0.0,0,0,0,4.0,4,6,2,2.5,1,3,2,66.477,33.61134,83.28267,49.67133,0
CIDCIC,7.0691,7.4092,10.7737,3.3645,4.7554775000000005,1.7982850000000004,5.65462,3.856335,1.0,0,1,1,3.5,1,4,3,1.5,1,2,1,105.347165,1.3583299999999952,106.02633,104.668,0
CIDCOI,6.93185,7.135299999999999,10.4995,3.3642,4.365781,2.577772,5.654667,3.076895,1.0,0,1,1,4.5,1,5,4,1.5,1,2,1,111.075,12.813999999999991,117.482,104.668,0
CIDCUO,4.9731,3.2164,6.5813,3.3649,5.209975999999999,0.889926,5.654939,4.765013,0.5,1,1,0,5.0,2,6,4,2.5,1,3,2,93.9755,21.384339999999995,104.66767,83.28333,1
CIHDEF,7.096349999999999,1.2374999999999998,7.7151,6.4776,4.844873,1.2784760000000004,5.484111,4.205635,0.5,1,1,0,2.5,3,4,1,1.0,2,2,0,91.238835,16.337670000000003,99.40767,83.07,0
CIHDIJ,6.709149999999999,0.4561000000000001,6.9372,6.4811,5.1813505,0.6045230000000004,5.483612,4.879089,0.5,1,1,0,3.0,2,4,2,1.0,2,2,0,88.707,21.37733999999999,99.39567,78.01833,0
CIHDOP,7.4313,1.8994,8.381,6.4816,4.691667,1.5830079999999995,5.483171,3.900163,0.0,0,0,0,4.0,0,4,4,1.5,3,3,0,123.5945,48.40765999999999,147.79833,99.39067,0
CIHFEH,6.02955,0.9079000000000006,6.4835,5.5756,5.303908,0.3583300000000005,5.483073,5.124743,0.0,0,0,0,3.0,2,4,2,1.5,3,3,0,85.252835,28.292330000000007,99.399,71.10667,0
CIHHIM,1.87525,2.9705,3.3605,0.39,6.2884855,1.913233,7.245102,5.331869,0.0,0,0,0,2.5,3,4,1,0.0,0,0,0,127.928335,53.286670000000015,154.57167,101.285,0
CIJTEU,2.2113500000000004,0.1476999999999999,2.2852,2.1375,4.8771375,2.6324470000000004,6.193361,3.560914,1.0,0,1,1,4.0,6,7,1,0.5,1,1,0,168.49716999999998,20.38899999999998,178.69167,158.30267,0
CIJXOI,4.288,4.0036,6.2898,2.2862,4.0937295,1.066125,4.626792,3.560667,0.5,1,1,0,4.0,6,7,1,0.5,1,1,0,131.872335,52.86867,158.30667,105.438,0
CIKNUI01,5.20355,0.6084999999999994,5.5078,4.8993,5.9934485,2.097917,7.042407,4.94449,0.0,0,0,0,2.5,3,4,1,1.0,0,1,1,53.52167,3.213999999999998,55.12867,51.91467,0
CIKNUI,5.204000000000001,0.6092000000000004,5.5086,4.8994,5.9932415,2.096935,7.041709,4.944774,0.0,0,0,0,2.5,3,4,1,1.0,0,1,1,53.522835,3.215670000000003,55.13067,51.915,0
CIKQIY,6.8696,7.8084,10.7738,2.9654,5.517963,3.32298,7.179453,3.856473,0.5,1,1,0,3.0,0,3,3,2.5,3,4,1,87.5155,37.01966,106.02533,69.00567,0
CIKSEV,4.71545,4.8597,7.1453,2.2856,3.8170555,0.512429,4.07327,3.560841,1.5,1,2,1,5.0,4,7,3,1.0,2,2,0,183.6835,50.75433999999999,209.06067,158.30633,0
CILRUK,2.6569,2.8122,4.063,1.2508,4.687305,3.580438,6.477524,2.897086,1.5,3,3,0,2.5,1,3,2,0.0,0,0,0,148.6245,188.47634,242.86267,54.38633,0
CIMKES,6.9789,6.8802,10.419,3.5388,6.170271,2.9869340000000006,7.663738,4.676804,0.5,1,1,0,2.0,2,3,1,0.5,1,1,0,97.739335,53.85933,124.669,70.80967,0
CIMNAQ,10.1968,1.8783999999999992,11.136,9.2576,4.1412700000000005,0.8512519999999997,4.566896,3.715644,0.5,1,1,0,3.5,1,4,3,1.0,2,2,0,160.032,14.788659999999991,167.42633,152.63767,0
CINXED,6.5878,6.0258,9.6007,3.5749,4.2793595,1.3369750000000002,4.947847,3.610872,1.0,2,2,0,2.0,0,2,2,2.0,4,4,0,142.50383499999998,189.95967,237.48367,47.524,0
CINXIH,9.0565,10.9748,14.5439,3.5691,4.2011245,1.500111,4.95118,3.451069,1.0,2,2,0,2.0,0,2,2,2.0,4,4,0,144.325165,193.58167000000003,241.116,47.53433,0
CIPTUU,5.026199999999999,1.9228,5.9876,4.0648,5.6276085,1.698575,6.476896,4.778321,0.5,1,1,0,2.5,1,3,2,0.0,0,0,0,107.7855,106.807,161.189,54.382,0
CIRMAT,4.35745,4.996700000000001,6.8558,1.8591,3.38141,1.1160400000000004,3.93943,2.82339,1.5,1,2,1,3.0,4,5,1,0.0,0,0,0,140.975665,7.803329999999988,144.87733,137.074,0
CIRVUV,8.58695,6.0287,11.6013,5.5726,4.170208000000001,1.9090160000000005,5.124716,3.2157,0.5,1,1,0,4.0,4,6,2,2.5,1,3,2,108.364665,74.51267000000001,145.621,71.10833,0
CISDAL,6.840249999999999,5.560899999999999,9.6207,4.0598,5.329509,2.298184,6.478601,4.180417,0.5,1,1,0,5.5,5,8,3,0.0,0,0,0,118.610835,128.45633,182.839,54.38267,0
CISDEP,9.53105,10.9427,15.0024,4.0597,5.6008565,1.7552649999999996,6.478489,4.723224,0.5,1,1,0,4.5,3,6,3,0.0,0,0,0,106.487835,104.21033,158.593,54.38267,0
CIVWIQ,2.95215,2.2131,4.0587,1.8456,5.630829500000001,1.695849,6.478754,4.782905,0.5,1,1,0,2.5,1,3,2,0.5,1,1,0,110.911165,113.05767,167.44,54.38233,0
CIWMAZ,4.79885,6.3601,7.9789,1.6188,5.1892755,5.593916999999999,7.986234,2.392317,0.5,1,1,0,2.5,3,4,1,1.0,2,2,0,92.691335,63.33933,124.361,61.02167,0
CIWNON,3.18875,0.3348999999999997,3.3562,3.0213,6.533034,4.236317999999999,8.651193,4.414875,0.0,0,0,0,5.5,9,10,1,2.0,4,4,0,105.21,119.182,164.801,45.619,0
CIWVIP,1.6411,3.2822,3.2822,0.0,5.9964155,5.472985,8.732908,3.259923,0.0,0,0,0,6.5,11,12,1,2.0,4,4,0,125.287,159.28266,204.92833,45.64567,0
CIXBOC,7.7041,10.8328,13.1205,2.2877,4.0166,0.912052,4.472626,3.560574,1.0,0,1,1,4.0,6,7,1,1.0,2,2,0,149.23566499999998,18.13867000000002,158.305,140.16633,0
CIXMAZ,7.396000000000001,11.4422,13.1171,1.6749,4.067924,0.8109960000000003,4.473422,3.662426,1.0,0,1,1,4.0,6,7,1,1.5,1,2,1,147.47917,14.64500000000001,154.80167,140.15667,0
CIXMIH,7.10415,12.0329,13.1206,1.0877,5.205928,1.4662240000000004,5.93904,4.472816,0.5,1,1,0,2.5,3,4,1,1.5,1,2,1,100.334335,79.66333,140.166,60.50267,0
CIXMON,10.62505,4.9895,13.1198,8.1303,3.4234295,2.098637,4.472748,2.374111,1.0,0,1,1,4.0,4,6,2,1.0,2,2,0,141.211,2.085340000000002,142.25367,140.16833,0
CIYPUX,3.89695,3.2215,5.5077,2.2862,5.3010675,3.481039,7.041587,3.560548,0.5,1,1,0,4.0,6,7,1,0.5,1,1,0,106.721,103.17734000000002,158.30967,55.13233,0
CIZYIU,10.95235,6.3595,14.1321,7.7726,4.6451340000000005,1.5845580000000004,5.437413,3.852855,1.5,1,2,1,1.5,1,2,1,1.0,2,2,0,155.466,26.617999999999995,168.775,142.157,0
COGCEJ01,6.21385,4.750300000000001,8.589,3.8387,4.411643,1.2995580000000002,5.061422,3.761864,0.5,1,1,0,2.5,3,4,1,1.5,1,2,1,78.91316499999999,4.0716699999999975,80.949,76.87733,0
COGCEJ,5.37845,3.0793,6.9181,3.8388,4.3869545,1.3491750000000002,5.061542,3.712367,0.5,1,1,0,2.5,3,4,1,1.5,1,2,1,77.4075,1.0576599999999985,77.93633,76.87867,1
COKXUY,6.6127,3.0402,8.1328,5.0926,5.0742865,5.401492999999999,7.775033,2.37354,0.5,1,1,0,3.5,5,6,1,1.5,3,3,0,91.282835,101.94233,142.254,40.31167,0
CONVAD,6.68905,6.157699999999999,9.7679,3.6102,4.1732165,0.450701,4.398567,3.947866,0.0,0,0,0,3.5,1,4,3,2.0,2,3,1,87.08916500000001,22.38167,98.28,75.89833,1
COPHAR,5.2114,8.158,9.2904,1.1324,5.3045165,0.9705589999999996,5.789796,4.819237,1.5,3,3,0,2.5,5,5,0,0.0,0,0,0,176.7775,125.92634,239.74067,113.81433,0
COPSOS,11.11965,12.8519,17.5456,4.6937,5.444909,1.1420820000000005,6.01595,4.873868,0.5,1,1,0,4.0,4,6,2,0.5,1,1,0,116.433665,144.42867,188.648,44.21933,0
COQDES,6.9337,5.1504,9.5089,4.3585,4.7357125,2.3521630000000004,5.911794,3.559631,1.0,2,2,0,4.5,7,8,1,1.0,0,1,1,182.407165,145.45967000000002,255.137,109.67733,0
COQYOX,3.2118,1.6958000000000002,4.0597,2.3639,5.2150535,2.5267510000000004,6.478429,3.951678,0.5,1,1,0,2.0,2,3,1,1.0,2,2,0,80.489,52.212,106.595,54.383,0
COSDUK,5.103249999999999,0.4096999999999999,5.3081,4.8984,4.566997,0.7579180000000001,4.945956,4.188038,0.5,1,1,0,3.0,2,4,2,1.5,1,2,1,74.1485,44.47966,96.38833,51.90867,0
COSLIG,7.0431,4.6944,9.3903,4.6959,5.2352545,1.5484349999999996,6.009472,4.461037,0.0,0,0,0,3.0,2,4,2,1.0,2,2,0,88.781165,89.11233000000001,133.33733,44.225,1
COWJUU,13.0241,0.7910000000000004,13.4196,12.6286,3.40709,1.1218619999999997,3.968021,2.846159,1.5,1,2,1,3.0,2,4,2,1.0,2,2,0,187.359335,116.26867,245.49367,129.225,0
COXGUS01,10.9648,4.440799999999999,13.1852,8.7444,4.4815380000000005,1.7269899999999998,5.345033,3.618043,1.0,0,1,1,4.0,4,6,2,1.5,1,2,1,115.9615,43.34433999999999,137.63367,94.28933,0
COXGUS,10.965,4.440200000000001,13.1851,8.7449,4.4817160000000005,1.726114,5.344773,3.618659,1.0,0,1,1,4.0,4,6,2,1.5,1,2,1,115.959835,43.34167000000001,137.63067,94.289,0
COXYUK,6.1918,8.7526,10.5681,1.8155,6.401177000000001,3.49553,8.148942,4.653412,1.0,2,2,0,1.5,1,2,1,1.0,0,1,1,138.985665,137.18932999999998,207.58033,70.391,0
CPHMAL10,9.3457,13.1044,15.8979,2.7935,4.9320755,0.1883990000000004,5.026275,4.837876,1.0,2,2,0,2.5,3,4,1,1.0,0,1,1,146.2885,142.519,217.548,75.029,1
CTSGLM,9.03665,6.930299999999999,12.5018,5.5715,3.8865,2.477056,5.125028,2.647972,0.5,1,1,0,4.0,4,6,2,2.0,2,3,1,134.598335,126.98667,198.09167,71.105,0
CUDPAS,1.639,0.2174,1.7477,1.5303,2.6069535,0.4733970000000003,2.843652,2.370255,1.0,0,1,1,3.5,5,6,1,1.0,0,1,1,101.768165,47.774330000000006,125.65533,77.881,0
CUDREY,4.20075,1.8025,5.102,3.2995,5.2601605,0.5522529999999994,5.536287,4.984034,0.0,0,0,0,2.0,0,2,2,1.0,2,2,0,76.639,26.66934,89.97367,63.30433,0
CUDRUR,12.8001,1.4368,13.5185,12.0817,4.433756,2.4950019999999995,5.681257,3.186255,1.5,1,2,1,1.5,3,3,0,0.5,1,1,0,119.739,60.12066,149.79933,89.67867,0
CUFGIW,4.15365,0.1806999999999998,4.244,4.0633,5.265832,2.4228440000000004,6.477254,4.05441,1.0,2,2,0,2.5,1,3,2,1.0,2,2,0,135.79367000000002,162.83,217.20867,54.37867,1
CUFRUT,10.0743,6.1564,13.1525,6.9961,5.278085,2.6635000000000004,6.609835,3.946335,0.0,0,0,0,5.5,7,9,2,2.5,3,4,1,92.2875,84.81434,134.69467,49.88033,1
CUJMUP,10.3814,5.173,12.9679,7.7949,5.080280999999999,0.4878720000000003,5.324217,4.836345,1.0,0,1,1,1.5,3,3,0,1.0,0,1,1,136.5575,38.41300000000001,155.764,117.351,0
CUNVUD,5.58355,5.5891,8.3781,2.789,4.467806,1.13388,5.034746,3.900866,0.0,0,0,0,4.0,0,4,4,2.0,2,3,1,111.408,72.76199999999999,147.789,75.027,0
CUPNEJ,9.15505,0.6946999999999992,9.5024,8.8077,3.855508,1.94605,4.828533,2.882483,1.5,1,2,1,2.0,2,3,1,0.5,1,1,0,188.524165,123.69033,250.36933,126.679,1
CURBEX,3.82595,0.4683000000000001,4.0601,3.5918,5.852119,1.25277,6.478504,5.225734,1.0,2,2,0,1.5,3,3,0,0.0,0,0,0,136.07183,163.377,217.76033,54.38333,0
CURFOM,7.3231,1.7672,8.2067,6.4395,4.572525,2.736222,5.940636,3.204414,0.5,1,1,0,2.5,3,4,1,1.0,2,2,0,126.996335,1.6566699999999912,127.82467,126.168,1
CURSAL,11.9096,6.883799999999999,15.3515,8.4677,3.419597,0.4204619999999996,3.629828,3.209366,1.0,2,2,0,5.0,2,6,4,2.0,2,3,1,149.989,141.368,220.673,79.305,0
CUSJAB,0.0013,0.0024,0.0025,0.0001,2.6106865,4.5799710000000005,4.900672,0.320701,0.5,1,1,0,4.0,0,4,4,3.0,6,6,0,229.340335,190.38533,324.533,134.14767,0
CUVMUB,6.51975,1.9419000000000004,7.4907,5.5488,6.794442,2.526758000000001,8.057821,5.531063,1.0,2,2,0,3.0,2,4,2,1.0,2,2,0,111.706835,146.56633,184.99,38.42367,0
CUXPET,10.19055,0.7569000000000017,10.569,9.8121,3.9655845,1.1437530000000002,4.537461,3.393708,1.5,1,2,1,3.5,1,4,3,2.0,2,3,1,156.911165,67.84567,190.834,122.98833,0
CUXZOM,6.7331,9.4958,11.481,1.9852,5.7804175,4.255185,7.90801,3.652825,1.0,2,2,0,2.5,1,3,2,2.0,2,3,1,130.246835,131.63367,196.06367,64.43,0
CUYBIJ,7.22445,8.5193,11.4841,2.9648,5.4162125,3.526917,7.179671,3.652754,1.0,2,2,0,3.0,0,3,3,2.5,3,4,1,132.53217,127.055,196.05967,69.00467,0
CYTBGL01,9.25605,7.368500000000001,12.9403,5.5718,4.4196925,1.410357,5.124871,3.714514,0.5,1,1,0,2.0,2,3,1,2.0,2,3,1,105.66317,69.11300000000001,140.21967,71.10667,0
CYTFGL,5.0246,1.0943999999999994,5.5718,4.4774,5.183597499999999,0.1171090000000001,5.242152,5.125043,0.0,0,0,0,2.5,1,3,2,2.0,2,3,1,70.043335,2.1273300000000006,71.107,68.97967,1
CYTRES10,5.32015,0.5038999999999998,5.5721,5.0682,5.081894500000001,0.0855690000000004,5.124679,5.03911,0.5,1,1,0,2.5,3,4,1,2.5,1,3,2,90.358,38.50934,109.61267,71.10333,0
DADGEX,11.44755,3.3437,13.1194,9.7757,4.2264235,0.2888350000000006,4.370841,4.082006,1.0,0,1,1,2.0,2,3,1,1.0,2,2,0,108.2815,27.00099999999999,121.782,94.781,0
DAHRAF,4.329000000000001,0.5385999999999997,4.5983,4.0597,6.770270999999999,0.5823840000000002,7.061463,6.479079,0.0,0,0,0,2.0,2,3,1,1.0,2,2,0,90.161165,71.54633000000001,125.93433,54.388,0
DAKBAS,7.7262,4.435600000000001,9.944,5.5084,4.455982,5.169954,7.040959,1.871005,0.5,1,1,0,3.5,5,6,1,1.0,0,1,1,165.783835,221.30567,276.43667,55.131,0
DAMMAF,1.1821000000000002,0.9334,1.6488,0.7154,6.5415275,0.5837629999999994,6.833409,6.249646,0.0,0,0,0,2.0,2,3,1,0.0,0,0,0,74.5595,89.05034,119.08467,30.03433,0
DARWOJ,5.51135,1.6355000000000004,6.3291,4.6936,5.646003,0.7403059999999995,6.016156,5.27585,0.0,0,0,0,2.0,0,2,2,0.5,1,1,0,114.70933,140.978,185.19833,44.22033,1
DASFIM,2.40375,3.2139,4.0107,0.7968,4.6823705,0.4479170000000003,4.906329,4.458412,0.5,1,1,0,2.5,3,4,1,0.5,1,1,0,100.017835,19.05233,109.544,90.49167,0
DAWDAH,3.28955,4.4823,5.5307,1.0484,6.3201085,1.354393,6.997305,5.642912,0.0,0,0,0,1.5,1,2,1,2.0,4,4,0,56.212165,6.377670000000002,59.401,53.02333,0
DEBXAL,5.75835,3.3965,7.4566,4.0601,4.950341,3.0562819999999995,6.478482,3.4222,0.5,1,1,0,2.5,1,3,2,0.0,0,0,0,134.077165,159.38633,213.77033,54.384,1
DEFHUV,1.563,2.3452,2.7356,0.3904,6.2149905,2.0612010000000005,7.245591,5.18439,0.5,1,1,0,3.0,2,4,2,0.0,0,0,0,157.305,112.04466,213.32733,101.28267,0
DEFJEH,3.99155,1.5345,4.7588,3.2243,6.3659095,1.8646329999999995,7.298226,5.433593,0.5,1,1,0,3.0,2,4,2,0.5,1,1,0,153.488835,104.72633,205.852,101.12567,0
DEJDII,8.8568,0.8553999999999995,9.2845,8.4291,5.1410275,2.390129,6.336092,3.945963,0.0,0,0,0,6.0,8,10,2,2.0,2,3,1,93.04783,58.321000000000005,122.20833,63.88733,0
DEJWAT,3.5593000000000004,0.0287999999999999,3.5737,3.5449,6.328381,2.7607,7.708731,4.948031,0.0,0,0,0,1.5,1,2,1,1.0,2,2,0,42.190335,10.663330000000002,47.522,36.85867,0
DEJWEX,2.69505,1.7582999999999998,3.5742,1.8159,6.548385999999999,3.200568,8.14867,4.948102,0.0,0,0,0,1.5,1,2,1,0.5,1,1,0,58.955665,22.86667,70.389,47.52233,1
DEKXIC,9.4092,2.1826000000000008,10.5005,8.3179,4.442647,2.7325540000000004,5.808924,3.07637,0.5,1,1,0,3.0,4,5,1,1.5,1,2,1,101.329165,32.30432999999999,117.48133,85.177,0
DEKXOI,7.418649999999999,1.7981000000000007,8.3177,6.5196,5.0890205,1.4397950000000002,5.808918,4.369123,0.5,1,1,0,2.0,2,3,1,1.0,2,2,0,89.559335,8.767330000000001,93.943,85.17567,0
DEKXUO,7.97235,0.6910999999999996,8.3179,7.6268,4.816988,1.983458,5.808717,3.825259,0.5,1,1,0,3.5,5,6,1,1.5,1,2,1,97.930665,25.50932999999999,110.68533,85.176,0
DEKYAV,9.1388,1.641,9.9593,8.3183,4.9375475,1.741491,5.808293,4.066802,0.5,1,1,0,2.0,2,3,1,1.0,2,2,0,90.266835,10.180329999999998,95.357,85.17667,0
DENWUP01,7.6338,2.4948,8.8812,6.3864,5.603712,2.145038,6.676231,4.531193,0.5,1,1,0,1.5,1,2,1,1.0,2,2,0,84.97749999999999,30.96965999999999,100.46233,69.49267,0
DENWUP,7.63485,2.4957000000000003,8.8827,6.387,5.6034065,2.145987,6.6764,4.530413,0.5,1,1,0,2.5,1,3,2,1.0,2,2,0,84.97783,30.971000000000004,100.46333,69.49233,0
DENXAW,5.57315,1.6250999999999998,6.3857,4.7606,5.5490125,2.2566170000000003,6.677321,4.420704,0.5,1,1,0,3.0,0,3,3,1.5,1,2,1,88.602665,38.22067,107.713,69.49233,0
DEQFUD,10.58205,5.3149,13.2395,7.9246,4.4079025000000005,0.0182130000000002,4.417009,4.398796,1.0,0,1,1,4.0,2,5,3,1.5,3,3,0,136.526835,84.39233000000002,178.723,94.33067,0
DERXEH,3.4061,6.0378,6.425,0.3872,5.8885115,2.714259,7.245641,4.531382,0.5,1,1,0,3.0,2,4,2,0.5,1,1,0,101.868,1.1700000000000017,102.453,101.283,0
DEVGOA,3.928900000000001,3.1586000000000003,5.5082,2.3496,6.7056615,0.6720829999999998,7.041703,6.36962,0.0,0,0,0,2.5,3,4,1,0.5,1,1,0,76.7305,43.201,98.331,55.13,0
DEWYOU,2.3384,2.0114,3.3441,1.3327,5.125801,0.6774459999999998,5.464524,4.787078,0.0,0,0,0,3.0,2,4,2,1.5,3,3,0,79.11917,88.375,123.30667,34.93167,0
DEYHAT,9.02335,12.6261,15.3364,2.7103,3.5722715000000003,0.4047589999999998,3.774651,3.369892,1.5,1,2,1,4.0,2,5,3,0.5,1,1,0,189.484165,99.56167,239.265,139.70333,0
DEZDAO,7.535500000000001,5.6834,10.3772,4.6938,4.795614,2.440884,6.016056,3.575172,0.0,0,0,0,2.5,1,3,2,2.0,4,4,0,122.3125,156.18434000000002,200.40467,44.22033,0
DIBZAQ02,6.19155,3.8785000000000007,8.1308,4.2523,4.441886500000001,4.135499,6.509636,2.374137,0.5,1,1,0,4.5,3,6,3,0.5,1,1,0,114.328165,55.84767000000001,142.252,86.40433,0
DICKIJ,8.58695,9.6261,13.4,3.7739,4.5185305,1.903953,5.470507,3.566554,1.0,2,2,0,2.5,1,3,2,0.5,1,1,0,138.815835,167.74767,222.68967,54.942,0
DIGCAY,1.23575,2.4705,2.471,0.0005,4.9387335,0.2354510000000003,5.056459,4.821008,1.0,2,2,0,2.5,3,4,1,2.0,4,4,0,140.805165,51.384330000000006,166.49733,115.113,0
DIGCEC,5.09185,5.2387,7.7112,2.4725,4.3152665,1.4823629999999994,5.056448,3.574085,1.0,2,2,0,2.5,3,4,1,2.0,4,4,0,139.6895,53.613000000000014,166.496,112.883,0
DIGCIG,15.119,2.7286,16.4833,13.7547,2.8511585000000004,0.384833,3.043575,2.658742,1.0,2,2,0,3.0,2,4,2,2.0,2,3,1,138.8195,73.467,175.553,102.086,0
DIGCOM,11.64615,9.6695,16.4809,6.8114,3.676825,2.033936,4.693793,2.659857,1.0,2,2,0,3.0,2,4,2,2.0,2,3,1,135.5195,80.03833999999999,175.53867,95.50033,0
DIGCUS,7.1416,14.2814,14.2823,0.0009,3.69928,1.969406,4.683983,2.714577,1.0,2,2,0,3.0,2,4,2,1.5,3,3,0,134.508335,85.37532999999999,177.196,91.82067,0
DIHKAH,5.4075500000000005,6.2413,8.5282,2.2869,4.1019235,1.0827349999999996,4.643291,3.560556,1.0,0,1,1,3.5,7,7,0,0.5,1,1,0,179.521835,42.427670000000006,200.73567,158.308,0
DIHLOZ,6.35165,10.4365,11.5699,1.1334,3.880723,3.819044,5.790245,1.971201,2.5,1,3,2,4.0,8,8,0,0.5,1,1,0,232.28883,14.900999999999982,239.73933,224.83833,0
DIHSAS,8.1752,4.313,10.3317,6.0187,5.022936,0.870044,5.457958,4.587914,0.5,1,1,0,4.0,0,4,4,1.5,3,3,0,133.32733,70.254,168.45433,98.20033,0
DIKSUM,9.88435,6.6107000000000005,13.1897,6.579,5.054164,0.57714,5.342734,4.765594,0.5,1,1,0,4.0,4,6,2,2.5,1,3,2,88.775335,10.997330000000003,94.274,83.27667,1
DILCAE,10.076,0.6948000000000008,10.4234,9.7286,5.374783000000001,1.3990619999999998,6.074314,4.675252,0.5,1,1,0,3.5,1,4,3,1.0,2,2,0,127.654665,5.971330000000009,130.64033,124.669,1
DINJUH,1.5673,3.1346,3.1346,0.0,4.7180755,0.0697130000000001,4.752932,4.683219,0.0,0,0,0,3.0,2,4,2,1.5,3,3,0,82.1045,19.419,91.814,72.395,0
DINKAO,2.9631,0.3409999999999997,3.1336,2.7926,4.890513,0.2739359999999999,5.027481,4.753545,0.0,0,0,0,3.0,2,4,2,2.0,2,3,1,73.706665,2.64867000000001,75.031,72.38233,0
DINLAN02,8.20205,0.8128999999999991,8.6085,7.7956,5.2808495,0.8883090000000005,5.725004,4.836695,1.0,0,1,1,2.0,2,3,1,1.5,1,2,1,122.442835,10.172330000000002,127.529,117.35667,1
DINPIC01,1.736,1.0996,2.2858,1.1862,6.6132145,6.104939000000001,9.665684,3.560745,0.5,1,1,0,3.5,7,7,0,0.0,0,0,0,119.393665,77.82533000000001,158.30633,80.481,0
DINSAU10,7.0112000000000005,0.8647999999999998,7.4436,6.5788,3.9091535,1.7122529999999996,4.76528,3.053027,1.0,2,2,0,4.0,4,6,2,2.5,1,3,2,133.46,100.35934,183.63967,83.28033,1
DINYEE10,10.8148,4.573599999999999,13.1016,8.528,4.7833345000000005,2.1043130000000003,5.835491,3.731178,1.0,0,1,1,2.5,3,4,1,1.5,1,2,1,165.859,77.36334000000001,204.54067,127.17733,0
DIPDUF,6.2948,4.470199999999999,8.5299,4.0597,6.0675805,0.8215649999999997,6.478363,5.656798,0.0,0,0,0,3.0,0,3,3,0.0,0,0,0,89.70833,70.654,125.03533,54.38133,0
DIRNUP,4.5306,1.3288000000000002,5.195,3.8662,5.910728000000001,0.1306739999999999,5.976065,5.845391,0.5,1,1,0,2.0,2,3,1,2.0,0,2,2,96.95383,36.033,114.97033,78.93733,0
DISGUK,11.44625,1.7777000000000012,12.3351,10.5574,4.112708,0.8602219999999998,4.542819,3.682597,1.5,1,2,1,4.0,2,5,3,3.0,0,3,3,153.207165,75.44232999999998,190.92833,115.486,0
DITBAK,3.17505,1.7698999999999998,4.06,2.2901,5.7226665,1.5115409999999994,6.478437,4.966896,0.5,1,1,0,2.0,2,3,1,0.0,0,0,0,104.2325,99.69834,154.08167,54.38333,0
DITBEO,4.012449999999999,0.0918999999999998,4.0584,3.9665,5.5785555,1.8020310000000004,6.479571,4.67754,0.5,1,1,0,2.0,2,3,1,0.0,0,0,0,106.930335,105.07867000000002,159.46967,54.391,0
DOCWIE,8.32425,0.1198999999999994,8.3842,8.2643,4.295412,1.119204,4.855014,3.73581,0.5,1,1,0,3.0,2,4,2,1.0,0,1,1,112.400165,63.45232999999999,144.12633,80.674,0
DOCWOK,8.25935,0.2559000000000004,8.3873,8.1314,3.614426,2.48096,4.854906,2.373946,1.0,0,1,1,4.0,4,6,2,0.5,1,1,0,143.1895,1.876339999999999,144.12767,142.25133,0
DOCWUQ,9.4117,2.0504,10.4369,8.3865,4.1969955,1.315797,4.854894,3.539097,1.0,0,1,1,4.0,4,6,2,1.5,1,2,1,141.424335,5.407329999999973,144.128,138.72067,0
DOCXIF,7.312899999999999,2.1476,8.3867,6.2391,3.7254965,2.2585490000000004,4.854771,2.596222,1.0,0,1,1,4.0,4,6,2,1.0,0,1,1,144.0025,0.2496600000000057,144.12733,143.87767,0
DOGDAH,6.8733,3.606,8.6763,5.0703,4.1948805,1.6914689999999997,5.040615,3.349146,1.0,0,1,1,4.5,1,5,4,1.5,1,2,1,147.79167,76.37199999999999,185.97767,109.60567,0
DOGDIP,6.085750000000001,6.585500000000001,9.3785,2.793,4.116185,1.819544,5.025957,3.206413,0.5,1,1,0,4.5,1,5,4,1.0,0,1,1,129.5685,109.07234,184.10467,75.03233,0
DOGWIF10,5.1436,5.715200000000001,8.0012,2.286,4.934338,2.747608,6.308142,3.560534,0.5,1,1,0,4.0,6,7,1,0.5,1,1,0,158.980665,1.3413299999999992,159.65133,158.31,0
DOHSID,11.6484,2.4724000000000004,12.8846,10.4122,5.141435,0.56935,5.42611,4.85676,1.5,1,2,1,2.0,4,4,0,0.5,1,1,0,181.95033,169.612,266.75633,97.14433,0
DOHSOJ,12.49215,4.806100000000001,14.8952,10.0891,5.115088,0.4872999999999994,5.358738,4.871438,1.5,1,2,1,2.0,4,4,0,0.5,1,1,0,182.763335,169.97867000000002,267.75267,97.774,0
DOJMOF,6.11525,8.607700000000001,10.4191,1.8114,5.63429,1.9149580000000004,6.591769,4.676811,0.5,1,1,0,2.5,1,3,2,0.5,1,1,0,99.22883,50.88499999999999,124.67133,73.78633,0
DOKKIX,5.8268,7.163,9.4083,2.2453,2.592857,2.252446,3.71908,1.466634,1.5,1,2,1,4.0,6,7,1,0.5,1,1,0,195.593165,81.56033000000002,236.37333,154.813,0
DOKRUR,11.21215,1.5807000000000002,12.0025,10.4218,3.6435095,2.062205,4.674612,2.612407,1.5,1,2,1,2.5,1,3,2,0.5,1,1,0,209.043665,168.69333,293.39033,124.697,0
DOMQOL01,4.7155000000000005,0.2396000000000002,4.8353,4.5957,5.3104415,3.326999,6.973941,3.646942,0.5,1,1,0,1.5,1,2,1,1.0,2,2,0,132.647335,65.93733000000002,165.616,99.67867,0
DOMQOL,4.715450000000001,0.2395000000000005,4.8352,4.5957,5.310472,3.3269040000000003,6.973924,3.64702,0.5,1,1,0,1.5,1,2,1,1.0,2,2,0,132.646835,65.93767,165.61567,99.678,0
DOTGID,7.31475,3.4841000000000006,9.0568,5.5727,4.548281,1.1538939999999998,5.125228,3.971334,0.0,0,0,0,3.0,2,4,2,2.5,1,3,2,85.676165,29.14233,100.24733,71.105,0
DOTGOJ,4.3039000000000005,2.537,5.5724,3.0354,4.3136445000000005,1.6218630000000005,5.124576,3.502713,0.0,0,0,0,2.5,1,3,2,2.0,2,3,1,77.344165,12.471670000000003,83.58,71.10833,0
DOTRAF,10.5785,5.3344,13.2457,7.9113,4.871006,2.011872,5.876942,3.86507,1.0,0,1,1,1.5,1,2,1,1.0,2,2,0,143.37817,9.174999999999985,147.96567,138.79067,0
DOWNEL,3.89525,1.1892999999999994,4.4899,3.3006,4.762336,1.5503240000000005,5.537498,3.987174,0.5,1,1,0,1.5,1,2,1,1.0,2,2,0,100.147835,73.69633000000002,136.996,63.29967,0
DOWNIP,5.842099999999999,5.0846,8.3844,3.2998,5.058085,0.957846,5.537008,4.579162,0.5,1,1,0,2.5,1,3,2,1.0,2,2,0,95.109665,63.613330000000005,126.91633,63.303,0
DOWPAJ,9.06915,11.5363,14.8373,3.301,4.676322,1.72188,5.537262,3.815382,0.5,1,1,0,2.5,1,3,2,1.0,2,2,0,101.011665,75.41667,138.72,63.30333,1
DOWPEN,8.0535,9.5058,12.8064,3.3006,4.8178405,1.4393150000000006,5.537498,4.098183,0.5,1,1,0,3.0,2,4,2,1.0,2,2,0,91.003,55.40666,118.70633,63.29967,0
DOWPOX,6.023300000000001,5.445200000000001,8.7459,3.3007,4.5771575,1.9199810000000004,5.537148,3.617167,0.5,1,1,0,4.0,4,6,2,1.5,1,2,1,100.468835,74.33433,137.636,63.30167,0
DOWSAK,6.49955,3.2021,8.1006,4.8985,4.8855260000000005,0.1189960000000001,4.945024,4.826028,0.0,0,0,0,3.0,2,4,2,1.0,0,1,1,104.2315,104.63566,156.54933,51.91367,0
DOWSEO,7.1878,4.576600000000001,9.4761,4.8995,4.8462175,0.1977390000000003,4.945087,4.747348,0.0,0,0,0,3.0,2,4,2,1.0,0,1,1,110.49167,117.156,169.06967,51.91367,0
DUCZUX,6.9987,9.4248,11.7111,2.2863,3.8095445,0.4977390000000001,4.058414,3.560675,0.5,1,1,0,4.0,6,7,1,0.5,1,1,0,161.95433,7.293999999999983,165.60133,158.30733,0
DUDNIA,8.3591,5.5528,11.1355,5.5827,4.8675755,0.6011150000000001,5.168133,4.567018,0.5,1,1,0,3.0,2,4,2,0.5,1,1,0,138.8505,27.57700000000001,152.639,125.062,0
DUHYOV,7.5647,5.605,10.3672,4.7622,4.674591,0.5075799999999999,4.928381,4.420801,1.0,0,1,1,2.5,1,3,2,1.0,0,1,1,132.154,48.88533999999999,156.59667,107.71133,0
DUJCAN,4.17765,2.7899000000000003,5.5726,2.7827,5.085599500000001,0.0783329999999997,5.124766,5.046433,0.0,0,0,0,3.0,2,4,2,2.0,2,3,1,73.06683000000001,3.918999999999997,75.02633,71.10733,0
DUJCER,3.60235,0.1238999999999999,3.6643,3.5404,4.0395545,1.922381,5.000745,3.078364,0.5,1,1,0,2.5,3,4,1,1.5,1,2,1,97.925165,66.91367000000001,131.382,64.46833,0
DUJKOK,5.4383,1.0793999999999997,5.978,4.8986,6.041322,2.1942760000000003,7.13846,4.944184,0.0,0,0,0,2.5,3,4,1,2.0,2,3,1,67.16850000000001,30.497660000000003,82.41733,51.91967,1
DUJMOM,4.99715,6.2157,8.105,1.8893,4.113962,0.7866820000000003,4.507303,3.720621,1.0,2,2,0,2.5,3,4,1,1.5,1,2,1,97.667335,33.24067000000001,114.28767,81.047,0
DUJTUX,5.76345,7.789299999999999,9.6581,1.8688,4.201889,1.1551660000000004,4.779472,3.624306,0.5,1,1,0,6.5,7,10,3,0.0,0,0,0,174.601335,144.58333,246.893,102.30967,0
DUMJUS,7.43425,2.4103000000000003,8.6394,6.2291,5.425206,1.4074039999999997,6.128908,4.721504,1.0,0,1,1,2.0,2,3,1,1.5,1,2,1,143.88317,29.408999999999992,158.58767,129.17867,0
DUMWEO,10.64475,3.721499999999999,12.5055,8.784,3.730071,1.5304460000000004,4.495294,2.964848,1.5,1,2,1,2.0,2,3,1,0.0,0,0,0,205.2185,138.86166000000003,274.64933,135.78767,0
DUNFUQ,8.43595,4.116499999999999,10.4942,6.3777,5.4901585,0.5723069999999995,5.776312,5.204005,0.0,0,0,0,4.0,4,6,2,2.0,2,3,1,122.165665,78.93733,161.63433,82.697,1
DUPFUQ,7.204599999999999,0.1406,7.2749,7.1343,4.4934785,0.0590849999999996,4.523021,4.463936,0.5,1,1,0,2.5,3,4,1,1.5,1,2,1,82.293,9.35799999999999,86.972,77.614,0
DUSCOK,7.8828,12.4174,14.0915,1.6741,4.174758499999999,1.0245109999999995,4.687014,3.662503,1.5,1,2,1,5.5,3,7,4,1.0,0,1,1,167.15633,24.70999999999998,179.51133,154.80133,0
DUSKUZ,7.0505,5.9838000000000005,10.0424,4.0586,6.529699,0.1015680000000003,6.580483,6.478915,0.0,0,0,0,1.5,3,3,0,0.0,0,0,0,117.75383,126.741,181.12433,54.38333,0
DUSLUY,10.8335,8.0432,14.8551,6.8119,4.988403,0.0442079999999993,5.010507,4.966299,0.0,0,0,0,4.0,0,4,4,2.5,3,4,1,97.24283,29.87899999999999,112.18233,82.30333,1
DUSMAF,14.97495,5.468499999999999,17.7092,12.2407,4.246307,1.1505419999999995,4.821578,3.671036,0.0,0,0,0,4.0,0,4,4,2.5,3,4,1,105.517165,15.208330000000004,113.12133,97.913,1
DUSQAK,9.75605,0.0382999999999995,9.7752,9.7369,4.1608165,0.4199869999999994,4.37081,3.950823,0.5,1,1,0,2.5,3,4,1,1.5,1,2,1,92.94733,3.666000000000011,94.78033,91.11433,0
DUSYIA,8.4354,2.6019999999999994,9.7364,7.1344,4.236966499999999,0.5721169999999995,4.523025,3.950908,0.5,1,1,0,2.5,3,4,1,1.5,1,2,1,89.0435,4.142340000000004,91.11467,86.97233,0
DUTTOC,8.88115,3.3527,10.5575,7.2048,4.642675,0.1999300000000001,4.74264,4.54271,1.5,1,2,1,3.5,1,4,3,1.5,3,3,0,147.530165,86.79632999999998,190.92833,104.132,0
DUVCIH,7.268599999999999,5.013799999999999,9.7755,4.7617,4.395709999999999,0.0495679999999998,4.420494,4.370926,1.0,0,1,1,2.0,2,3,1,1.5,1,2,1,101.247,12.933339999999989,107.71367,94.78033,0
DUZNIW,6.749700000000001,2.351,7.9252,5.5742,4.7706105,0.7085430000000006,5.124882,4.416339,0.5,1,1,0,2.5,1,3,2,1.5,3,3,0,82.721,23.225340000000003,94.33367,71.10833,0
DUZNOC,6.045299999999999,0.947,6.5188,5.5718,4.747457000000001,0.7551160000000001,5.125015,4.369899,0.5,1,1,0,2.5,1,3,2,1.5,3,3,0,82.52850000000001,22.841,93.949,71.108,0
DZITUB20,3.976,3.3818,5.6669,2.2851,4.2113305,1.3012049999999995,4.861933,3.560728,1.0,0,1,1,6.5,1,7,6,2.5,5,5,0,168.811335,21.004670000000004,179.31367,158.309,1
EBESAI,6.4837,2.4628,7.7151,5.2523,4.661664999999999,0.9113160000000002,5.117323,4.206007,0.5,1,1,0,2.0,2,3,1,1.5,1,2,1,69.2705,27.60434,83.07267,55.46833,0
EBIFOK,8.21125,2.6683000000000003,9.5454,6.8771,4.8593455,0.1604329999999993,4.939562,4.779129,0.5,1,1,0,3.0,0,3,3,1.0,2,2,0,119.45367,18.388000000000005,128.64767,110.25967,0
EBIXEW,5.26185,2.4049,6.4643,4.0594,5.525329,1.9068620000000005,6.47876,4.571898,1.5,3,3,0,2.0,2,3,1,0.0,0,0,0,145.785165,182.80433,237.18733,54.383,0
ECEQIP,7.5464,7.9228,11.5078,3.585,4.7436465,1.943241,5.715267,3.772026,1.0,0,1,1,3.0,4,5,1,1.5,1,2,1,113.20850000000002,70.58234,148.49967,77.91733,0
ECIREQ,2.9846000000000004,1.3992,3.6842,2.285,5.0660385,3.010817,6.571447,3.56063,0.5,1,1,0,5.0,4,7,3,3.0,6,6,0,120.738,75.14733999999999,158.31167,83.16433,0
ECIROB,10.4236,0.0126000000000008,10.4299,10.4173,4.7693155,0.8365270000000002,5.187579,4.351052,1.0,0,1,1,2.0,0,2,2,1.5,3,3,0,166.75133,100.148,216.82533,116.67733,0
ECOQEV,8.674,1.655399999999999,9.5017,7.8463,4.412453,0.8325140000000002,4.82871,3.996196,1.0,0,1,1,2.5,1,3,2,1.5,3,3,0,124.949,3.456000000000003,126.677,123.221,0
ECUSUU,8.7905,3.2576,10.4193,7.1617,4.9523655,0.5510909999999996,5.227911,4.67682,1.0,0,1,1,2.5,1,3,2,1.5,3,3,0,173.345835,97.34566999999998,222.01867,124.673,0
ECUTAB,8.9107,3.0462,10.4338,7.3876,4.386824,1.6960799999999998,5.234864,3.538784,1.0,0,1,1,4.0,4,6,2,2.5,1,3,2,180.4395,83.43034,222.15467,138.72433,0
EDADOC,9.74235,3.2849000000000004,11.3848,8.0999,4.01903,2.017672000000001,5.027866,3.010194,1.0,0,1,1,4.0,2,5,3,1.0,2,2,0,118.185835,55.147670000000005,145.75967,90.612,0
EDADUI,10.904050000000002,0.9627,11.3854,10.4227,4.851877,0.3522960000000008,5.028025,4.675729,1.0,0,1,1,3.0,0,3,3,1.0,2,2,0,107.639835,34.05633,124.668,90.61167,1
EDAFAQ,10.44335,1.8835,11.3851,9.5016,4.9283895,0.1992729999999998,5.028026,4.828753,1.0,0,1,1,3.0,0,3,3,1.0,2,2,0,108.64367,36.06399999999999,126.67567,90.61167,1
EDASUX,6.3588000000000005,7.1316,9.9246,2.793,5.64658,1.2407140000000003,6.266937,5.026223,0.0,0,0,0,3.0,2,4,2,1.5,1,2,1,62.825835,24.41233,75.032,50.61967,0
EDATOS,3.94725,1.6251000000000002,4.7598,3.1347,4.586421,0.3321820000000004,4.752512,4.42033,0.5,1,1,0,2.5,1,3,2,2.0,2,3,1,90.0555,35.31699999999999,107.714,72.397,0
EDAXIQ,4.16025,2.7351,5.5278,2.7927,5.296788,0.540108,5.566842,5.026734,0.5,1,1,0,3.0,2,4,2,1.5,1,2,1,95.2695,40.47366000000001,115.50633,75.03267,1
EDUYUZ,6.6837,0.1511999999999993,6.7593,6.6081,5.4318475,1.4996290000000003,6.181662,4.682033,0.0,0,0,0,3.0,0,3,3,1.0,2,2,0,73.4615,23.263659999999994,85.09333,61.82967,0
EFAFIC,5.4269,3.705,7.2794,3.5744,4.667790999999999,0.5562259999999997,4.945904,4.389678,0.5,1,1,0,2.0,0,2,2,1.0,2,2,0,85.346835,75.64233000000002,123.168,47.52567,0
EFEBAW,5.6297,6.6902,8.9748,2.2846,4.7450915,2.368841,5.929512,3.560671,0.5,1,1,0,4.5,5,7,2,0.5,1,1,0,124.01517,68.58900000000001,158.30967,89.72067,0
EFOMOB,2.1185,0.3360000000000003,2.2865,1.9505,5.5177185,3.914301,7.474869,3.560568,0.5,1,1,0,4.0,6,7,1,1.5,3,3,0,107.219835,102.17567,158.30767,56.132,0
EFOXAY,1.13515,2.2633,2.2668,0.0035,6.442626000000001,5.825578,9.355415,3.529837,0.5,1,1,0,3.5,7,7,0,0.0,0,0,0,132.964335,50.555329999999984,158.242,107.68667,0
EFUNOJ,6.761900000000001,2.3792,7.9515,5.5723,4.5859385,1.077859,5.124868,4.047009,0.0,0,0,0,3.0,2,4,2,2.0,2,3,1,73.77783,5.343000000000004,76.44933,71.10633,0
EFUNUP,6.77605,2.4073,7.9797,5.5724,3.7583955,2.733841,5.125316,2.391475,0.5,1,1,0,3.0,2,4,2,1.5,3,3,0,97.73333,53.254000000000005,124.36033,71.10633,0
EFUXOT,8.5653,3.708,10.4193,6.7113,4.580137,0.1933340000000001,4.676804,4.48347,1.0,0,1,1,3.0,0,3,3,0.0,0,0,0,112.241165,24.86032999999999,124.67133,99.811,0
EGOSEB,6.789899999999999,0.2564000000000002,6.9181,6.6617,5.447881499999999,3.470465,7.183114,3.712649,0.0,0,0,0,3.5,1,4,3,1.5,1,2,1,85.8425,15.818340000000006,93.75167,77.93333,0
EGUHOE,7.394349999999999,7.4833,11.136,3.6527,5.092612,1.0513759999999994,5.6183,4.566924,0.5,1,1,0,2.5,3,4,1,0.5,1,1,0,131.47383,42.32899999999999,152.63833,110.30933,0
EGUVAE,9.14565,13.721699999999998,16.0065,2.2848,4.5479635,1.974007,5.534967,3.56096,1.0,0,1,1,5.0,4,7,3,1.0,2,2,0,166.505665,16.40733,174.70933,158.302,0
EGUXOU,3.6442,0.8374000000000001,4.0629,3.2255,4.821696,3.3114220000000003,6.477407,3.165985,1.5,3,3,0,2.0,2,3,1,0.5,1,1,0,130.883835,153.00432999999998,207.386,54.38167,0
EHENIO,2.1031500000000003,0.0703,2.1383,2.068,5.9905985,0.3831070000000007,6.182152,5.799045,0.0,0,0,0,1.5,1,2,1,0.0,0,0,0,113.131,84.60466000000001,155.43333,70.82867,0
EHIQAQ,5.893,8.1548,9.9704,1.8156,5.683289,4.930744000000001,8.148661,3.217917,0.0,0,0,0,1.5,1,2,1,0.5,1,1,0,112.661665,84.54532999999999,154.93433,70.389,0
EHOVIG,2.7792,2.5577999999999994,4.0581,1.5003,5.263574,2.43089,6.479019,4.048129,1.0,2,2,0,3.5,1,4,3,0.0,0,0,0,140.20132999999998,171.636,226.01933,54.38333,1
EJEDUU,7.79075,5.2631,10.4223,5.1592,5.0240075,0.696669,5.372342,4.675673,1.0,0,1,1,2.0,2,3,1,0.5,1,1,0,157.05833,64.78,189.44833,124.66833,0
EJEZAX,5.14285,6.6537,8.4697,1.816,5.8277625,4.642291,8.148908,3.506617,0.0,0,0,0,2.0,2,3,1,0.5,1,1,0,108.213165,75.64967000000001,146.038,70.38833,0
EKAWOC,6.26215,4.4011,8.4627,4.0616,5.7387045,1.478847,6.478128,4.999281,0.0,0,0,0,3.0,0,3,3,0.5,1,1,0,115.645165,122.52233,176.90633,54.384,0
EKEXOK,2.83645,1.8197,3.7463,1.9266,4.7829375,0.3542869999999993,4.960081,4.605794,0.0,0,0,0,4.0,2,5,3,0.5,1,1,0,64.25999999999999,7.605339999999998,68.06267,60.45733,0
EKEYEB,4.2031,0.9148,4.6605,3.7457,4.759629,0.4013080000000002,4.960283,4.558975,0.0,0,0,0,3.5,1,4,3,0.5,1,1,0,67.332835,13.750329999999998,74.208,60.45767,0
EKEYOL,3.74225,0.0078999999999997,3.7462,3.7383,4.6963715,0.5267970000000002,4.95977,4.432973,0.0,0,0,0,5.0,4,7,3,0.5,1,1,0,77.429,33.939339999999994,94.39867,60.45933,0
EKOCAL,4.24235,7.7153,8.1,0.3847,6.3102185,1.8700509999999992,7.245244,5.375193,0.0,0,0,0,4.5,1,5,4,0.0,0,0,0,114.762835,26.96033,128.243,101.28267,0
EKOCIT,6.64935,12.5183,12.9085,0.3902,6.338703,1.81293,7.245168,5.432238,0.5,1,1,0,3.0,2,4,2,0.0,0,0,0,106.178665,9.789329999999993,111.07333,101.284,0
EKUMAY,7.987999999999999,4.861599999999999,10.4188,5.5572,5.1179665,0.8821769999999995,5.559055,4.676878,0.5,1,1,0,3.5,1,4,3,0.0,0,0,0,148.21582999999998,47.09299999999999,171.76233,124.66933,0
EKUMOP,9.17465,11.2035,14.7764,3.5729,4.1766485,1.546407,4.949852,3.403445,0.5,1,1,0,2.0,0,2,2,0.5,1,1,0,93.70417,92.375,139.89167,47.51667,0
EMAVUM,9.62525,2.0779,10.6642,8.5863,4.23482,0.945734,4.707687,3.761953,0.5,1,1,0,2.5,3,4,1,1.5,1,2,1,154.527335,147.14067,228.09767,80.957,0
EMEVID,5.3843,2.6484,6.7085,4.0601,4.3349075,4.286932999999999,6.478374,2.191441,0.5,1,1,0,3.5,1,4,3,0.0,0,0,0,113.0045,117.24234,171.62567,54.38333,0
EMUDAS,6.7621,3.725200000000001,8.6247,4.8995,5.2763035,0.6634030000000006,5.608005,4.944602,0.0,0,0,0,2.5,3,4,1,1.0,0,1,1,57.56167,11.293999999999995,63.20867,51.91467,0
EMUMAC,5.62635,2.1177,6.6852,4.5675,5.2795925,0.6447010000000004,5.601943,4.957242,1.0,0,1,1,3.5,1,4,3,1.5,1,2,1,108.2545,18.75166,117.63033,98.87867,0
EMUNAD,0.4436,0.1108,0.499,0.3882,6.960975,0.5685560000000001,7.245253,6.676697,0.0,0,0,0,3.5,1,4,3,0.0,0,0,0,97.080665,8.409329999999997,101.28533,92.876,1
EMUREJ,3.66295,2.1971,4.7615,2.5644,5.659772,2.4784940000000004,6.899019,4.420525,0.5,1,1,0,3.0,0,3,3,1.0,0,1,1,101.45417,12.527,107.71767,95.19067,0
EMUROU,4.4376500000000005,7.0985000000000005,7.9869,0.8884,4.758081499999999,2.768527,6.142345,3.373818,0.5,1,1,0,3.0,0,3,3,1.5,3,3,0,108.122335,25.25267000000001,120.74867,95.496,1
EMUZOE01,9.3919,4.692800000000001,11.7383,7.0455,4.3781165,0.8573489999999997,4.806791,3.949442,0.5,1,1,0,2.0,2,3,1,2.5,3,4,1,96.25433,33.176,112.84233,79.66633,0
ENAYEZ,14.95525,0.1382999999999992,15.0244,14.8861,3.766583,0.340614,3.93689,3.596276,1.0,0,1,1,1.5,1,2,1,1.0,2,2,0,145.468835,74.46432999999999,182.701,108.23667,0
ENICAG,8.54675,1.7413000000000007,9.4174,7.6761,4.27696,0.7208059999999996,4.637363,3.916557,0.5,1,1,0,5.0,0,5,5,2.5,1,3,2,173.475,184.95334,265.95167,80.99833,1
ENODIV,10.67255,10.1981,15.7716,5.5735,4.5509105000000005,1.1480570000000003,5.124939,3.976882,0.0,0,0,0,5.0,6,8,2,3.5,1,4,3,112.34583,82.48100000000001,153.58633,71.10533,0
EPAMAK,8.1722,5.2018,10.7731,5.5713,4.4912065,1.268335,5.125374,3.857039,0.5,1,1,0,2.5,1,3,2,2.0,2,3,1,88.566,34.919340000000005,106.02567,71.10633,0
EPAXAX,1.8126,2.502,3.0636,0.5616,7.0242355,2.181743,8.115107,5.933364,0.0,0,0,0,3.5,1,4,3,2.5,3,4,1,63.506,10.433999999999996,68.723,58.289,0
EPUFON,6.153449999999999,5.7069,9.0069,3.3,4.484103,2.10404,5.536123,3.432083,0.5,1,1,0,3.5,3,5,2,2.0,0,2,2,95.84,65.07065999999999,128.37533,63.30467,0
EPUGAA,3.022,0.5568,3.3004,2.7436,5.477077,0.119504,5.536829,5.417325,0.0,0,0,0,2.5,1,3,2,1.5,1,2,1,56.105835,14.394329999999997,63.303,48.90867,0
EPUGEE,5.4315,4.2684,7.5657,3.2973,5.0748565,0.9252149999999996,5.537464,4.612249,0.5,1,1,0,2.5,1,3,2,1.0,2,2,0,103.519,80.45400000000001,143.746,63.292,0
EPUGII,9.1904,11.7812,15.081,3.2998,4.577382,1.918798,5.536781,3.617983,0.5,1,1,0,2.5,1,3,2,1.0,2,2,0,108.827165,91.05167,154.353,63.30133,1
EPUHAB,6.96775,2.8271,8.3813,5.5542,4.8333665,0.5052650000000005,5.085999,4.580734,1.0,0,1,1,2.5,1,3,2,1.0,2,2,0,119.608835,14.621669999999996,126.91967,112.298,0
EPUHEF,5.46555,0.1795,5.5553,5.3758,5.1173295,0.0623610000000001,5.14851,5.086149,0.5,1,1,0,2.0,0,2,2,1.0,2,2,0,93.879335,36.83733000000001,112.298,75.46067,0
EPUHIJ,5.3284,0.4523999999999999,5.5546,5.1022,5.035219,0.1014840000000001,5.085961,4.984477,0.5,1,1,0,2.0,0,2,2,1.0,2,2,0,101.135,22.32534,112.29767,89.97233,0
EQAVOJ,4.63075,0.1266999999999996,4.6941,4.5674,5.808920499999999,0.4139910000000002,6.015916,5.601925,0.5,1,1,0,2.5,1,3,2,1.0,2,2,0,71.5495,54.65766000000001,98.87833,44.22067,0
EQAYOM,6.73095,7.910499999999999,10.6862,2.7757,4.439666,1.753114,5.316223,3.563109,0.5,1,1,0,3.5,3,5,2,1.5,1,2,1,114.4335,13.961,121.414,107.453,0
EQOSEL,7.82465,1.1177,8.3835,7.2658,4.6561865,0.1525709999999991,4.732472,4.579901,1.0,0,1,1,2.0,2,3,1,0.5,1,1,0,114.41833,25.0,126.91833,101.91833,0
EQUSAM,6.40695,8.279900000000001,10.5469,2.267,3.2246075000000003,0.6102950000000003,3.529755,2.91946,1.5,1,2,1,4.0,6,7,1,0.5,1,1,0,172.67000000000002,28.857999999999976,187.099,158.241,0
EQUSEQ,5.42295,6.3131,8.5795,2.2664,3.428061,0.203122,3.529622,3.3265,1.5,1,2,1,4.0,6,7,1,0.5,1,1,0,168.18083,19.87300000000002,178.11733,158.24433,0
ERAHEN,6.63325,2.0585,7.6625,5.604,3.706801,0.6273559999999998,4.020479,3.393123,1.0,0,1,1,3.5,5,6,1,1.5,1,2,1,111.672,56.456,139.9,83.444,0
ERIKOF,6.2618,1.3122000000000007,6.9179,5.6057,4.862391,2.298928,6.011855,3.712927,0.5,1,1,0,2.5,3,4,1,1.5,1,2,1,91.084835,26.30367,104.23667,77.933,0
EROHOJ,10.32075,7.8707,14.2561,6.3854,5.0332175,3.288867,6.677651,3.388784,0.5,1,1,0,2.5,1,3,2,1.0,2,2,0,103.815835,68.65033,138.141,69.49067,0
EROROT,11.42605,6.9411,14.8966,7.9555,5.0072835,0.7381409999999997,5.376354,4.638213,1.0,0,1,1,2.0,4,4,0,1.0,0,1,1,109.00183,22.408999999999992,120.20633,97.79733,1
EROSIO,12.00285,6.2425,15.1241,8.8816,4.697089500000001,0.3321510000000005,4.863165,4.531014,1.0,0,1,1,1.5,1,2,1,1.0,2,2,0,126.41517,51.901,152.36567,100.46467,0
ESAQOE,5.375900000000001,6.0542,8.403,2.3488,5.839268499999999,1.062119,6.370328,5.308209,0.0,0,0,0,3.5,1,4,3,2.0,4,4,0,90.43667,15.785999999999987,98.32967,82.54367,0
ESAXAA24,5.3361,10.2622,10.4672,0.205,5.6214625,3.824511,7.533718,3.709207,0.5,1,1,0,2.0,4,4,0,1.5,1,2,1,80.195165,106.52233,133.45633,26.934,0
ESEDAK11,8.674700000000001,3.5874000000000006,10.4684,6.881,5.5843945,3.750679,7.459734,3.709055,0.5,1,1,0,2.0,4,4,0,1.0,0,1,1,110.46167,45.992,133.45767,87.46567,1
ESEDAK22,8.6736,3.585400000000001,10.4663,6.8809,5.5842225,3.750353000000001,7.459399,3.709046,0.5,1,1,0,2.0,4,4,0,1.0,0,1,1,110.46417,45.99099999999999,133.45967,87.46867,0
ESODUO,8.40965,8.7003,12.7598,4.0595,6.214017,0.5293460000000003,6.47869,5.949344,0.0,0,0,0,2.5,1,3,2,1.0,2,2,0,72.51233500000001,36.25733,90.641,54.38367,0
ESUXEV,3.3057,2.039,4.3252,2.2862,4.8659155,2.611009,6.17142,3.560411,0.5,1,1,0,4.0,6,7,1,0.5,1,1,0,143.23566499999998,30.14266999999998,158.307,128.16433,0
ETECUE,3.6213,2.5558000000000005,4.8992,2.3434,4.7166935,0.4569109999999998,4.945149,4.488238,0.0,0,0,0,3.0,2,4,2,2.0,2,3,1,72.424165,41.02033,92.93433,51.914,0
ETEYOR,4.170249999999999,2.7520999999999995,5.5463,2.7942,6.162369,2.277258,7.300998,5.02374,0.0,0,0,0,3.5,1,4,3,2.0,2,3,1,70.718665,8.62733,75.03233,66.405,0
ETIXIR,8.5022,2.9167999999999994,9.9606,7.0438,4.436154,0.7410199999999998,4.806664,4.065644,0.5,1,1,0,2.0,2,3,1,2.0,4,4,0,87.514335,15.693330000000005,95.361,79.66767,0
ETOPAG,1.5167,2.6706,2.852,0.1814,5.52133,4.363814,7.703237,3.339423,0.5,1,1,0,2.5,1,3,2,1.0,2,2,0,115.57067,70.784,150.96267,80.17867,0
ETOTIS,4.749350000000001,9.3287,9.4137,0.085,5.922184,4.403054,8.123711,3.720657,0.5,1,1,0,3.0,2,4,2,1.5,3,3,0,91.896,52.600660000000005,118.19633,65.59567,0
ETUCII,2.9708,3.4462,4.6939,1.2477,5.756158,0.5199099999999994,6.016113,5.496203,0.5,1,1,0,3.5,3,5,2,1.5,3,3,0,111.432335,134.42266999999998,178.64367,44.221,0
EVEMOI,9.3302,7.643599999999999,13.152,5.5084,5.420975,3.2412719999999995,7.041611,3.800339,0.5,1,1,0,2.0,2,3,1,0.5,1,1,0,87.7225,65.18166,120.31333,55.13167,0
EVORAJ,6.9926,2.9690000000000003,8.4771,5.5081,5.2727,3.536852,7.041126,3.504274,0.0,0,0,0,2.0,2,3,1,0.5,1,1,0,100.59067,90.912,146.04667,55.13467,0
EWINAZ,11.009799999999998,8.2982,15.1589,6.8607,4.829257500000001,0.6978470000000003,5.178181,4.480334,0.5,1,1,0,3.0,2,4,2,3.0,2,4,2,111.402335,2.692670000000007,112.74867,110.056,1
EWOTUG,14.95775,14.744700000000002,22.3301,7.5854,3.4646705,1.8065170000000004,4.367929,2.561412,0.5,1,1,0,3.5,1,4,3,1.5,1,2,1,144.98117,19.07499999999999,154.51867,135.44367,1
EXISIQ,4.481949999999999,8.7975,8.8807,0.0832,6.3275195,3.5923730000000003,8.123706,4.531333,0.5,1,1,0,2.0,0,2,2,1.5,3,3,0,83.0275,34.86434,100.45967,65.59533,0
EXISOW,3.86405,7.5541,7.6411,0.087,5.986831,4.273742,8.123702,3.84996,1.0,2,2,0,2.5,1,3,2,2.0,2,3,1,114.192665,97.19267,162.789,65.59633,0
EXIZEQ,2.11715,2.8047,3.5195,0.7148,6.2359955,0.0263250000000008,6.249158,6.222833,0.0,0,0,0,2.0,2,3,1,0.0,0,0,0,93.61567,50.944,119.08767,68.14367,0
EXUCUX,7.355700000000001,11.052,12.8817,1.8297,6.017863,4.34414,8.189933,3.845793,0.5,1,1,0,3.5,1,4,3,2.5,3,4,1,133.013835,81.53832999999999,173.783,92.24467,0
EYENAZ,5.1176,4.6478,7.4415,2.7937,4.517494,1.0144540000000006,5.024721,4.010267,1.0,2,2,0,4.0,0,4,4,2.0,2,3,1,129.14100000000002,108.21734,183.24967,75.03233,0
EYIWEO,6.1625,8.544,10.4345,1.8905,3.6298985,0.1818650000000001,3.720831,3.538966,1.5,1,2,1,3.5,5,6,1,2.0,0,2,2,126.501,24.44866000000001,138.72533,114.27667,0
EYIWOY,6.23375,8.4035,10.4355,2.032,3.730644,0.3841939999999999,3.922741,3.538547,1.5,1,2,1,4.0,4,6,2,2.0,0,2,2,136.086835,5.287669999999991,138.73067,133.443,0
EYIXAL,3.87055,0.5279000000000003,4.1345,3.6066,4.7031845,0.6054449999999996,5.005907,4.400462,0.5,1,1,0,2.5,3,4,1,1.5,1,2,1,79.74983,7.712999999999994,83.60633,75.89333,1
EYIYIU,4.82235,5.8665,7.7556,1.8891,4.414880500000001,1.387709,5.108735,3.721026,1.5,1,2,1,2.5,3,4,1,1.5,1,2,1,117.82533,7.073999999999998,121.36233,114.28833,0
EYOHEF,3.7649,0.5923999999999996,4.0611,3.4687,4.3723685,4.211701,6.478219,2.266518,0.5,1,1,0,2.5,1,3,2,0.0,0,0,0,120.052165,131.33967,185.722,54.38233,0
EYOHOP,2.8652,2.397,4.0637,1.6667,5.732922,1.4894939999999997,6.477669,4.988175,0.5,1,1,0,2.5,1,3,2,1.0,2,2,0,113.7705,118.755,173.148,54.393,0
EZAPUT,3.08045,0.5693000000000001,3.3651,2.7958,5.338723,0.6325699999999994,5.655008,5.022438,0.5,1,1,0,4.0,0,4,4,1.5,1,2,1,89.8475,29.63234,104.66367,75.03133,0
EZAQAA,4.214700000000001,1.7006000000000006,5.065,3.3644,5.346624,0.6165659999999997,5.654907,5.038341,1.0,0,1,1,4.0,0,4,4,2.0,0,2,2,107.142,4.949339999999992,109.61667,104.66733,0
EZAQUU,5.74755,4.7673,8.1312,3.3639,4.0143555,3.281115,5.654913,2.373798,1.0,0,1,1,5.0,2,6,4,1.0,2,2,0,123.459665,37.586669999999984,142.253,104.66633,0
EZARAB,8.15175,9.5741,12.9388,3.3647,4.683847500000001,1.9419130000000004,5.654804,3.712891,1.0,0,1,1,4.0,0,4,4,2.0,0,2,2,107.934835,6.534329999999997,111.202,104.66767,0
EZAREF,7.84965,8.971499999999999,12.3354,3.3639,4.668635,1.972156,5.654713,3.682557,1.0,0,1,1,4.5,1,5,4,2.5,1,3,2,110.078,10.823340000000002,115.48967,104.66633,0
EZASEG,5.04945,3.3695000000000004,6.7342,3.3647,4.829631,1.6506740000000004,5.654968,4.004294,1.0,0,1,1,4.0,0,4,4,2.0,0,2,2,109.032,8.725999999999999,113.395,104.669,0
EZEGOH,7.11625,0.7895000000000003,7.511,6.7215,2.6642685,0.1957550000000001,2.762146,2.566391,1.0,0,1,1,2.5,3,4,1,1.0,2,2,0,143.560665,13.448669999999993,150.285,136.83633,0
EZEGUN,5.7782,1.4193999999999996,6.4879,5.0685,3.9225335,2.2319130000000005,5.03849,2.806577,1.0,0,1,1,2.5,3,4,1,2.0,0,2,2,124.211665,29.191330000000008,138.80733,109.616,0
EZEHEY,6.9146,0.8528000000000002,7.341,6.4882,2.7083105,0.1959349999999999,2.806278,2.610343,1.0,0,1,1,3.5,5,6,1,1.0,2,2,0,146.21716500000002,14.810329999999992,153.62233,138.812,0
EZIDEX,7.34865,4.5539000000000005,9.6256,5.0717,4.563,0.9535140000000002,5.039757,4.086243,1.5,1,2,1,3.5,1,4,3,1.5,1,2,1,176.37267,133.524,243.13467,109.61067,0
FABXIT,1.79775,2.7259,3.1607,0.4348,6.8883455,0.7041930000000001,7.240442,6.536249,0.0,0,0,0,4.5,1,5,4,1.0,2,2,0,103.218165,3.877669999999995,105.157,101.27933,0
FACXUD,4.954700000000001,0.2923999999999997,5.1009,4.8085,6.3843405,2.798277,7.783479,4.985202,0.0,0,0,0,2.0,0,2,2,1.0,2,2,0,81.74417,16.456999999999994,89.97267,73.51567,0
FAHQUB,6.203,2.6114,7.5087,4.8973,5.416278500000001,0.9383229999999996,5.88544,4.947117,0.5,1,1,0,3.0,2,4,2,1.0,0,1,1,99.0,94.19266,146.09633,51.90367,1
FAJWIY,20.0418,17.6946,28.8891,11.1945,4.1005795,2.4910490000000003,5.346104,2.855055,0.0,0,0,0,4.0,2,5,3,1.0,0,1,1,170.21550000000002,41.91234,191.17167,149.25933,0
FALXAS,7.89865,3.0397,9.4185,6.3788,5.091052,0.2264240000000006,5.204264,4.97784,0.0,0,0,0,4.0,4,6,2,2.0,2,3,1,125.9085,86.42234000000002,169.11967,82.69733,1
FANFOT,7.1834,9.7954,12.0811,2.2857,4.624404,2.127462,5.688135,3.560673,1.0,0,1,1,3.5,7,7,0,0.5,1,1,0,123.9955,68.62434,158.30767,89.68333,0
FANFUZ,6.4213000000000005,8.2684,10.5555,2.2871,4.6103255,2.099149,5.6599,3.560751,1.0,0,1,1,3.5,7,7,0,0.5,1,1,0,123.756165,69.08232999999998,158.29733,89.215,0
FAQKAN,9.1563,1.8234,10.068,8.2446,4.8931225000000005,0.2266489999999992,5.006447,4.779798,0.5,1,1,0,3.0,0,3,3,1.0,2,2,0,112.778335,5.721329999999995,115.639,109.91767,0
FAQVAV,3.5463,0.0,3.5463,3.5463,5.6473875,4.122771,7.708773,3.586002,0.5,1,1,0,3.0,4,5,1,1.5,1,2,1,86.266165,98.81767000000002,135.675,36.85733,0
FASJEQ,5.9679,4.836600000000001,8.3862,3.5496,4.2200845,1.268653,4.854411,3.585758,1.0,0,1,1,3.5,3,5,2,1.0,0,1,1,139.89749999999998,8.460340000000002,144.12767,135.66733,0
FASJIU,5.3363,6.102399999999999,8.3875,2.2851,4.2080835,1.294029,4.855098,3.561069,1.0,0,1,1,4.5,5,7,2,0.5,1,1,0,151.214165,14.176330000000007,158.30233,144.126,0
FASJOA,8.18245,0.4066999999999998,8.3858,7.9791,3.623059000000001,2.4635260000000003,4.854822,2.391296,1.0,0,1,1,3.0,2,4,2,0.5,1,1,0,134.24533,19.766000000000005,144.12833,124.36233,0
FATFUF,9.65865,1.520900000000001,10.4191,8.8982,4.460884,0.4318720000000002,4.67682,4.244948,1.0,0,1,1,3.5,1,4,3,1.0,2,2,0,136.042165,22.741670000000013,147.413,124.67133,0
FAVBUC,3.91005,0.2721,4.0461,3.774,4.871854,1.1969460000000005,5.470327,4.273381,1.0,2,2,0,2.5,1,3,2,1.0,2,2,0,100.45383,91.035,145.97133,54.93633,0
FAVRID,8.5693,7.753,12.4458,4.6928,4.4356985,3.161897,6.016647,2.85475,0.0,0,0,0,3.0,2,4,2,1.5,3,3,0,166.83866500000002,245.23867,289.458,44.21933,0
FAWBUE,2.29245,3.4793,4.0321,0.5528,5.409523,1.9328199999999995,6.375933,4.443113,0.0,0,0,0,4.0,4,6,2,2.0,4,4,0,86.60433,19.608000000000004,96.40833,76.80033,0
FAXYOV,8.12655,0.2785000000000002,8.2658,7.9873,4.9388825,2.408131,6.142948,3.734817,0.0,0,0,0,3.5,1,4,3,2.0,2,3,1,88.085835,14.815669999999995,95.49367,80.678,1
FAYTAC,6.0791,4.035200000000001,8.0967,4.0615,5.180604000000001,2.5952840000000004,6.478246,3.882962,0.5,1,1,0,2.5,1,3,2,1.0,2,2,0,102.461335,96.15133,150.537,54.38567,0
FEBSOX,8.5382,1.7514000000000003,9.4139,7.6625,3.870452,0.3000119999999997,4.020458,3.720446,1.0,0,1,1,2.5,3,4,1,1.0,2,2,0,100.82167,34.756,118.19967,83.44367,0
FECGIG,7.859299999999999,3.109799999999999,9.4142,6.3044,3.982286,0.5229179999999998,4.243745,3.720827,1.0,0,1,1,2.5,3,4,1,1.0,2,2,0,100.767335,34.85667000000001,118.19567,83.339,0
FECZES,3.3236,4.740600000000001,5.6939,0.9533,5.1400805,0.5280810000000002,5.404121,4.87604,0.0,0,0,0,4.0,4,6,2,2.5,1,3,2,104.801835,19.16567000000001,114.38467,95.219,0
FEDTIV,14.45905,8.059300000000002,18.4887,10.4294,2.9193365,2.863439,4.351056,1.487617,1.5,1,2,1,2.5,1,3,2,1.5,3,3,0,196.35833,159.37,276.04333,116.67333,0
FEHQIV,2.39145,0.3046999999999999,2.5438,2.2391,6.627843499999999,2.912005,8.083846,5.171841,0.0,0,0,0,2.0,2,3,1,1.5,1,2,1,59.981335,48.28533,84.124,35.83867,0
FEJWID,6.2591,4.3992,8.4587,4.0595,5.166790499999999,2.623361,6.478471,3.85511,1.0,2,2,0,4.0,2,5,3,1.0,2,2,0,120.00683,131.249,185.63133,54.38233,0
FEJWUP,4.58785,1.0540999999999991,5.1149,4.0608,4.925705,3.1048240000000003,6.478117,3.373293,0.5,1,1,0,3.5,1,4,3,1.5,3,3,0,127.484835,146.20033,200.585,54.38467,0
FEJXIE,4.15265,0.1836999999999999,4.2445,4.0608,4.178096,4.60037,6.478281,1.877911,0.5,1,1,0,4.0,2,5,3,0.0,0,0,0,195.2285,281.69034,336.07367,54.38333,0
FEJXOK,6.5906,5.0626,9.1219,4.0593,4.176947,4.603576,6.478735,1.875159,0.5,1,1,0,5.0,4,7,3,0.0,0,0,0,204.456665,300.14733,354.53033,54.383,0
FEKTOH,10.24605,15.746099999999998,18.1191,2.373,4.0696905,1.418889,4.779135,3.360246,1.0,0,1,1,3.5,1,4,3,2.5,3,4,1,139.4645,48.95833999999999,163.94367,114.98533,1
FEPYUW,2.83635,1.1033,3.388,2.2847,5.5824175,4.043590999999999,7.604213,3.560622,0.5,1,1,0,4.5,5,7,2,0.5,1,1,0,125.716335,65.19266999999999,158.31267,93.12,0
FEPZAD,1.8122,0.948,2.2862,1.3382,5.5244415,3.927201,7.488042,3.560841,0.5,1,1,0,4.5,5,7,2,0.5,1,1,0,124.96967,66.66600000000001,158.30267,91.63667,0
FERNEZ,6.4061,2.1206000000000005,7.4664,5.3458,3.588705,1.86532,4.521365,2.656045,1.0,0,1,1,5.5,5,8,3,1.5,3,3,0,162.0155,18.89566000000002,171.46333,152.56767,0
FERNOJ,6.52215,2.3537,7.699,5.3453,3.6029965,1.836283,4.521138,2.684855,1.0,0,1,1,6.0,6,9,3,1.5,3,3,0,160.744665,16.344670000000008,168.917,152.57233,0
FESCUF,9.38515,5.609100000000001,12.1897,6.5806,4.926959999999999,0.3234839999999996,5.088702,4.765218,0.5,1,1,0,4.0,4,6,2,2.5,1,3,2,114.750165,62.933670000000006,146.217,83.28333,1
FETDIS,10.8132,9.7688,15.6976,5.9288,3.484618,1.167444,4.06834,2.900896,1.0,0,1,1,3.0,2,4,2,2.0,0,2,2,116.98933,19.870000000000005,126.92433,107.05433,1
FETNEY,4.54505,1.1126999999999998,5.1014,3.9887,5.310741,0.6526779999999999,5.63708,4.984402,0.5,1,1,0,2.0,0,2,2,1.0,2,2,0,104.1705,28.39166,118.36633,89.97467,0
FETWIL,11.81305,2.756500000000001,13.1913,10.4348,4.4404615,1.8034170000000005,5.34217,3.538753,1.0,0,1,1,4.0,4,6,2,2.0,0,2,2,116.50283,44.453,138.72933,94.27633,0
FEVJOI,12.35385,5.636900000000001,15.1723,9.5354,3.7473715,1.0885030000000002,4.291623,3.20312,1.0,2,2,0,4.5,3,6,3,1.5,3,3,0,174.740165,92.06566999999998,220.773,128.70733,0
FEVJUO,12.12205,6.104900000000001,15.1745,9.0696,3.8599345,1.3128289999999998,4.516349,3.20352,1.0,2,2,0,4.5,3,6,3,1.5,3,3,0,170.293,100.962,220.774,119.812,0
FEVKAV,11.9335,6.482799999999999,15.1749,8.6921,3.8911785,1.3750650000000002,4.578711,3.203646,1.0,2,2,0,4.5,3,6,3,1.5,3,3,0,166.031335,109.48333,220.773,111.28967,0
FEVKEZ,12.8916,4.5684000000000005,15.1758,10.6074,3.740151,1.073662,4.276982,3.20332,1.0,2,2,0,4.5,3,6,3,1.5,3,3,0,165.94116499999998,109.66433,220.77333,111.109,0
FEVKID,11.6481,4.3024,13.7993,9.4969,3.1519285,0.024445,3.164151,3.139706,2.5,1,3,2,4.0,4,6,2,1.5,3,3,0,217.778165,5.108330000000024,220.33233,215.224,0
FEVKOJ,10.04795,1.0188999999999986,10.5574,9.5385,4.4164335,0.2530109999999999,4.542939,4.289928,1.0,2,2,0,3.0,0,3,3,1.5,3,3,0,159.81383499999998,62.21633,190.922,128.70567,0
FEVLAW,10.0264,1.0602,10.5565,9.4963,3.840692,1.403156,4.54227,3.139114,2.5,1,3,2,2.5,1,3,2,1.5,3,3,0,203.080835,24.30767,215.23467,190.927,0
FEZWOA,9.69945,1.4459,10.4224,8.9765,5.3015055,1.2542150000000003,5.928613,4.674398,0.5,1,1,0,2.5,1,3,2,0.5,1,1,0,107.20933,34.976,124.69733,89.72133,0
FICNEN,5.4168,1.4455999999999998,6.1396,4.694,5.648490499999999,0.7349109999999994,6.015946,5.281035,0.0,0,0,0,2.0,0,2,2,1.0,2,2,0,58.361665,28.281330000000004,72.50233,44.221,0
FICVES,6.1937,3.1966,7.792,4.5954,6.3621525,3.051093,7.887699,4.836606,0.5,1,1,0,3.0,0,3,3,1.0,0,1,1,138.72816999999998,42.725,160.09067,117.36567,0
FICXIZ,3.62385,3.896100000000001,5.5719,1.6758,4.3937875,1.4622309999999996,5.124903,3.662672,0.5,1,1,0,4.5,5,7,2,2.0,2,3,1,112.95083,83.68900000000001,154.79533,71.10633,0
FIFCOQ,15.24305,11.021299999999998,20.7537,9.7324,4.215707,0.62717,4.529292,3.902122,0.5,1,1,0,3.5,1,4,3,1.0,0,1,1,116.01817,74.99900000000001,153.51767,78.51867,0
FIFCUW,16.882849999999998,10.2839,22.0248,11.7409,4.3573005,0.8169970000000002,4.765799,3.948802,1.0,0,1,1,3.0,0,3,3,1.0,0,1,1,133.185,40.68066,153.52533,112.84467,0
FIFDAD,16.5963,10.8566,22.0246,11.168,4.465995,0.5991500000000007,4.76557,4.16642,1.0,0,1,1,2.5,1,3,2,0.5,1,1,0,144.24533,18.567999999999984,153.52933,134.96133,0
FIFDEH,14.9417,11.625,20.7542,9.1292,4.5226445,0.0136789999999997,4.529484,4.515805,1.0,0,1,1,2.5,1,3,2,0.5,1,1,0,128.484665,50.06466999999999,153.517,103.45233,0
FIFFEG,4.527,1.963,5.5085,3.5455,5.3132135,3.4559809999999995,7.041204,3.585223,0.5,1,1,0,3.0,4,5,1,1.0,0,1,1,95.413835,80.56367,135.69567,55.132,0
FIFWOJ,14.79735,8.7561,19.1754,10.4193,4.115302,1.123136,4.67687,3.553734,1.0,0,1,1,3.0,0,3,3,1.0,2,2,0,153.5075,57.67099999999999,182.343,124.672,0
FIGNER,3.45355,2.3385,4.6228,2.2843,5.443226,3.764916,7.325684,3.560768,0.5,1,1,0,4.0,6,7,1,0.5,1,1,0,112.609335,91.39867,158.30867,66.91,1
FIJDUX,9.3504,1.739800000000001,10.2203,8.4805,2.6076535,0.2339470000000001,2.724627,2.49068,1.0,0,1,1,3.5,5,6,1,1.0,2,2,0,131.51567,47.68799999999999,155.35967,107.67167,0
FIJSIA,3.0605,1.5478,3.8344,2.2866,5.5338945,3.946517,7.507153,3.560636,0.5,1,1,0,4.5,5,7,2,0.5,1,1,0,131.34466500000002,53.92267000000001,158.306,104.38333,0
FIJSOG,2.4864,0.4015999999999997,2.6872,2.2856,5.53134,3.941242,7.501961,3.560719,0.5,1,1,0,4.5,5,7,2,0.5,1,1,0,137.80717,41.001000000000005,158.30767,117.30667,0
FIJXIF,5.5792,4.0128,7.5856,3.5728,5.393993999999999,0.8889360000000002,5.838462,4.949526,0.0,0,0,0,2.5,1,3,2,1.0,2,2,0,103.075,111.10866,158.62933,47.52067,0
FIKJIW,7.5336,6.946000000000001,11.0066,4.0606,5.432834,2.0904560000000005,6.478062,4.387606,1.0,2,2,0,3.5,1,4,3,0.0,0,0,0,111.139835,113.51233,167.896,54.38367,0
FILGAI,10.37555,3.5357000000000003,12.1434,8.6077,5.3113455,0.8270390000000001,5.724865,4.897826,1.0,0,1,1,2.5,3,4,1,1.0,2,2,0,149.58166500000002,44.107330000000005,171.63533,127.528,1
FIMTUQ,10.825,4.4350000000000005,13.0425,8.6075,5.176194,1.0975640000000002,5.724976,4.627412,1.0,0,1,1,2.5,3,4,1,1.0,2,2,0,156.622835,58.19032999999999,185.718,127.52767,1
FIPLUO,4.49365,4.8659,6.9266,2.0607,3.9788435,0.4606429999999997,4.209165,3.748522,0.5,1,1,0,7.0,4,9,5,3.0,2,4,2,130.504165,71.05032999999999,166.02933,94.979,0
FIRGUL,7.4107,2.398,8.6097,6.2117,5.3326085,0.7836850000000002,5.724451,4.940766,0.5,1,1,0,2.0,2,3,1,1.5,1,2,1,106.879,41.29600000000001,127.527,86.231,1
FIRHOG,8.392299999999999,0.2951999999999994,8.5399,8.2447,5.4167155000000005,0.8212249999999992,5.827328,5.006103,1.0,0,1,1,2.0,2,3,1,1.0,2,2,0,118.432,17.02799999999999,126.946,109.918,1
FIRQED,9.05955,4.959099999999999,11.5391,6.58,4.6662315,0.1979969999999999,4.76523,4.567233,0.5,1,1,0,4.0,4,6,2,2.0,2,3,1,127.183665,87.81667000000002,171.092,83.27533,0
FITVAF,8.911200000000001,0.6542000000000012,9.2383,8.5841,4.556520000000001,0.10339,4.608215,4.504825,1.0,2,2,0,4.5,3,6,3,2.5,1,3,2,149.55733,131.382,215.24833,83.86633,0
FIVXIU,5.2674,2.4154,6.4751,4.0597,7.1664705,1.3758250000000007,7.854383,6.478558,0.0,0,0,0,3.0,0,3,3,0.5,1,1,0,53.63667,1.491999999999997,54.38267,52.89067,1
FIWJIF,1.6367,1.3736000000000002,2.3235,0.9499,4.836228,0.0802459999999998,4.876351,4.796105,0.0,0,0,0,5.0,2,6,4,3.0,2,4,2,115.644665,40.857330000000005,136.07333,95.216,0
FIWWIT,13.4936,11.029800000000002,19.0085,7.9787,3.6029075,2.422347,4.814081,2.391734,0.5,1,1,0,3.0,2,4,2,2.0,4,4,0,119.04133,10.635999999999996,124.35933,113.72333,1
FIXQIM,5.6253,1.9068000000000005,6.5787,4.6719,6.2514765,2.972339,7.737646,4.765307,0.0,0,0,0,3.5,5,6,1,2.5,1,3,2,77.86449999999999,10.826340000000002,83.27767,72.45133,0
FIYTEP,8.8464,13.1622,15.4275,2.2653,4.065267,1.0703360000000002,4.600435,3.530099,1.0,0,1,1,5.0,4,7,3,0.5,1,1,0,172.786335,29.10333,187.338,158.23467,0
FOBNIV,3.633,0.8447999999999998,4.0554,3.2106,5.7916015000000005,1.3778890000000006,6.480546,5.102657,0.5,1,1,0,2.5,1,3,2,0.0,0,0,0,125.414835,142.01833,196.424,54.40567,1
FOBNOB,4.9413,1.7653999999999996,5.824,4.0586,5.428554,2.100458,6.478783,4.378325,0.5,1,1,0,2.5,1,3,2,0.0,0,0,0,122.48883,136.211,190.59433,54.38333,0
FOBNUH,5.1004000000000005,2.0812,6.141,4.0598,5.056663,2.84355,6.478438,3.634888,0.0,0,0,0,4.0,2,5,3,0.0,0,0,0,130.099,151.42734,205.81267,54.38533,0
FOBPAP,4.6459,1.1714000000000002,5.2316,4.0602,6.0026405,0.951333,6.478307,5.526974,0.0,0,0,0,3.0,0,3,3,0.0,0,0,0,116.2305,123.695,178.078,54.383,0
FOFBEK,1.979,0.6141999999999999,2.2861,1.6719,3.6692195,0.2163870000000001,3.777413,3.561026,1.5,1,2,1,4.0,6,7,1,1.0,2,2,0,143.98133,28.648,158.30533,129.65733,0
FOMDOC,9.4256,14.9944,16.9228,1.9284,4.1965085,0.8189390000000003,4.605978,3.787039,0.0,0,0,0,4.5,1,5,4,1.5,3,3,0,99.770165,63.42033000000001,131.48033,68.06,0
FOMDUI,9.3602,15.1244,16.9224,1.798,3.5462415,0.4816769999999999,3.78708,3.305403,0.0,0,0,0,5.5,3,7,4,1.5,3,3,0,106.9125,49.14366,131.48433,82.34067,0
FOMFAQ,11.5518,10.7444,16.924,6.1796,4.349505000000001,1.123202,4.911106,3.787904,0.0,0,0,0,5.5,3,7,4,2.0,2,3,1,115.24483,32.45299999999999,131.47133,99.01833,0
FOMFET,9.16105,5.847499999999999,12.0848,6.2373,4.1307745,3.067371,5.66446,2.597089,1.0,0,1,1,3.0,6,6,0,1.0,0,1,1,116.770835,54.19833,143.87,89.67167,0
FOMFIX,10.5674,8.6614,14.8981,6.2367,3.9786825,2.763687,5.360526,2.596839,1.0,0,1,1,3.0,6,6,0,1.0,0,1,1,120.83033,46.08,143.87033,97.79033,0
FONJAU,7.44475,0.7035,7.7965,7.093,4.491634,0.689718,4.836493,4.146775,0.5,1,1,0,3.0,0,3,3,1.5,1,2,1,107.380335,19.95133,117.356,97.40467,0
FOQNUX,6.3935,2.5848000000000004,7.6859,5.1011,4.93376,0.102208,4.984864,4.882656,0.5,1,1,0,2.5,1,3,2,1.0,2,2,0,130.409665,80.87067,170.845,89.97433,0
FOSQEL,2.9235,1.3112,3.5791,2.2679,5.76197,4.464452,7.994196,3.529744,0.5,1,1,0,5.0,4,7,3,2.0,4,4,0,125.105,66.26465999999999,158.23733,91.97267,0
FOVBUO,6.1183,2.0332,7.1349,5.1017,4.7538565,0.4615590000000003,4.984636,4.523077,0.5,1,1,0,1.5,1,2,1,1.0,2,2,0,88.47317,2.9989999999999952,89.97267,86.97367,1
FOVCAV,9.19855,8.1927,13.2949,5.1022,5.1305605,0.2919309999999999,5.276526,4.984595,0.5,1,1,0,2.0,0,2,2,0.5,1,1,0,97.796165,15.65567,105.624,89.96833,0
FOVQEP,9.33465,9.1443,13.9068,4.7625,4.294736,0.2523580000000001,4.420915,4.168557,1.0,0,1,1,2.5,1,3,2,1.0,0,1,1,129.0775,42.72766,150.44133,107.71367,0
FOVQIT,11.05155,6.2565,14.1798,7.9233,4.254557999999999,0.3263819999999997,4.417749,4.091367,1.0,0,1,1,2.5,1,3,2,0.5,1,1,0,122.561,56.46400000000001,150.793,94.329,0
FOVQOZ,7.9278,12.5036,14.1796,1.676,3.877045,0.4286560000000001,4.091373,3.662717,1.0,0,1,1,4.5,5,7,2,1.0,0,1,1,152.79399999999998,3.996659999999992,154.79233,150.79567,0
FOVRAJ,6.1313,6.675800000000001,9.4692,2.7934,4.479467,1.0913619999999995,5.025148,3.933786,0.5,1,1,0,4.0,0,4,4,1.5,1,2,1,139.114835,128.16433,203.197,75.03267,0
FOVREQ,8.4812,11.396,14.1792,2.7832,4.567793999999999,0.9539140000000002,5.044751,4.090837,0.5,1,1,0,3.0,2,4,2,1.0,0,1,1,112.911,75.77265999999999,150.79733,75.02467,0
FOVRIU,9.64005,9.0773,14.1787,5.1014,4.5376145,0.893275,4.984252,4.090977,0.5,1,1,0,2.0,0,2,2,0.5,1,1,0,120.385665,60.82533,150.79833,89.973,1
FOVROX,10.83315,16.078899999999997,18.8726,2.7937,4.2538715,1.5424950000000002,5.025119,3.482624,0.5,1,1,0,3.5,1,4,3,1.5,1,2,1,140.361335,130.65533,205.689,75.03367,0
FOWROZ,5.6142,4.401,7.8147,3.4137,5.518797,1.7231740000000002,6.380384,4.65721,0.5,1,1,0,2.5,3,4,1,1.0,0,1,1,108.10717,53.957,135.08567,81.12867,0
FOXPEO,6.209099999999999,2.8622000000000005,7.6402,4.778,5.567706,3.435476,7.285444,3.849968,1.0,2,2,0,2.5,1,3,2,1.5,1,2,1,139.346665,46.86267,162.778,115.91533,0
FOXPOY,6.96925,1.6523000000000003,7.7954,6.1431,5.9817935,2.290801,7.127194,4.836393,0.5,1,1,0,2.5,1,3,2,1.5,1,2,1,116.73817,1.2450000000000043,117.36067,116.11567,0
FOYPAM,2.39855,1.9323,3.3647,1.4324,5.205551,0.8982780000000004,5.65469,4.756412,0.5,1,1,0,3.5,1,4,3,2.0,0,2,2,108.77733,8.219999999999999,112.88733,104.66733,0
FOYPEQ,8.38715,13.9051,15.3397,1.4346,4.003392,1.5047539999999997,4.755769,3.251015,1.0,2,2,0,4.5,3,6,3,2.5,1,3,2,166.677335,107.59467,220.47467,112.88,0
FOYSAO,0.0002,0.0,0.0002,0.0002,6.339034,1.7586580000000005,7.218363,5.459705,0.0,0,0,0,5.0,6,8,2,3.0,2,4,2,111.347665,29.821330000000003,126.25833,96.437,0
FOYTAP,5.1935,3.1572,6.7721,3.6149,4.736198,0.6755619999999993,5.073979,4.398417,0.5,1,1,0,3.0,2,4,2,2.0,2,3,1,101.730335,51.643330000000006,127.552,75.90867,1
FOZLIQ,10.02845,12.395699999999998,16.2263,3.8306,4.865611,1.2911100000000006,5.511166,4.220056,0.0,0,0,0,3.5,3,5,2,3.5,3,5,2,112.792,6.459339999999997,116.02167,109.56233,0
FOZZIG,2.7437,0.9580000000000002,3.2227,2.2647,4.8613465,2.662323,6.192508,3.530185,0.5,1,1,0,5.0,4,7,3,1.5,3,3,0,114.792,86.89,158.237,71.347,1
FUBHUG,6.2203,4.323,8.3818,4.0588,5.73645,1.485462,6.479181,4.993719,0.0,0,0,0,3.0,0,3,3,0.5,1,1,0,109.09917,109.42499999999998,163.81167,54.38667,0
FUBJAO,5.2844,2.4494,6.5091,4.0597,5.3713345,2.214669,6.478669,4.264,0.5,1,1,0,2.5,1,3,2,0.5,1,1,0,112.514,116.262,170.645,54.383,0
FUDDOX,4.5215,4.4714,6.7572,2.2858,4.468138,1.815208,5.375742,3.560534,0.5,1,1,0,4.0,6,7,1,0.5,1,1,0,114.9945,86.62499999999999,158.307,71.682,0
FUHDAO,7.87725,11.2237,13.4891,2.2654,4.393244,1.7265099999999998,5.256499,3.529989,1.0,0,1,1,4.5,5,7,2,1.5,3,3,0,147.443165,21.587670000000003,158.237,136.64933,0
FUHMUT,5.77705,2.0303000000000004,6.7922,4.7619,5.5151675,3.565499,7.297917,3.732418,1.0,2,2,0,2.0,4,4,0,0.0,0,0,0,128.4125,54.57834000000001,155.70167,101.12333,0
FULLIJ,6.83275,5.5465,9.606,4.0595,6.1638795,0.6298050000000002,6.478782,5.848977,0.0,0,0,0,3.5,1,4,3,1.0,2,2,0,63.31400000000001,17.860660000000003,72.24433,54.38367,0
FULLUV,9.21145,10.3059,14.3644,4.0585,6.14597,0.6656940000000002,6.478817,5.813123,0.0,0,0,0,4.0,2,5,3,1.0,2,2,0,68.521335,28.28067,82.66167,54.381,0
FULTIQ,10.48505,0.9011000000000012,10.9356,10.0345,4.804068,0.9228939999999994,5.265515,4.342621,1.0,0,1,1,2.5,1,3,2,1.0,0,1,1,133.749165,24.79167000000001,146.145,121.35333,0
FUQFEE,9.2504,2.5404,10.5206,7.9802,3.760037,2.736008,5.128041,2.392033,0.5,1,1,0,3.5,1,4,3,1.5,3,3,0,109.264835,30.18233,124.356,94.17367,0
FUVMUE,2.69095,2.7361000000000004,4.059,1.3229,6.575538,0.193346,6.672211,6.478865,0.0,0,0,0,2.5,1,3,2,0.0,0,0,0,92.0705,75.37433999999999,129.75767,54.38333,0
FUWVAU,9.0767,11.0004,14.5769,3.5765,4.1075295,1.675285,4.945172,3.269887,1.0,2,2,0,4.0,4,6,2,1.5,3,3,0,134.276835,173.51567,221.03467,47.519,0
GABSUB,5.16885,5.6259,7.9818,2.3559,5.145538999999999,5.507668,7.899373,2.391705,0.5,1,1,0,2.5,3,4,1,1.0,2,2,0,86.461335,75.78133,124.352,48.57067,0
GADQAE,4.58115,1.8933,5.5278,3.6345,6.2954275,1.3987090000000002,6.994782,5.596073,0.0,0,0,0,3.0,0,3,3,2.5,3,4,1,58.9645,0.8769999999999953,59.403,58.526,0
GADYUI,5.49855,9.8717,10.4344,0.5627,5.8267395,4.576185,8.114832,3.538647,0.5,1,1,0,4.5,3,6,3,3.0,2,4,2,103.727,70.00466,138.72933,68.72467,0
GAGMIK,2.9698,2.1822,4.0609,1.8787,4.930225999999999,3.09645,6.478451,3.382001,1.0,2,2,0,2.5,1,3,2,1.0,2,2,0,142.20783500000002,175.64367,230.02967,54.386,0
GAGPEN,10.86115,6.1817,13.952,7.7703,4.6386005,1.5990990000000005,5.43815,3.839051,1.5,1,2,1,2.0,2,3,1,1.5,1,2,1,156.40300000000002,24.75066000000001,168.77833,144.02767,1
GAGPIR,9.8782,4.2144,11.9854,7.771,4.743735,1.3869980000000002,5.437234,4.050236,1.5,1,2,1,2.0,2,3,1,1.5,1,2,1,155.45350000000002,26.64966000000001,168.77833,142.12867,1
GAGPOX,9.8777,4.2158,11.9856,7.7698,4.7439485,1.3871450000000003,5.437521,4.050376,1.5,1,2,1,2.0,2,3,1,1.5,1,2,1,155.45333499999998,26.649329999999992,168.778,142.12867,1
GAGPUD,9.87805,4.2139,11.985,7.7711,4.74395,1.387658,5.437779,4.050121,1.5,1,2,1,2.0,2,3,1,1.5,1,2,1,155.45017,26.64899999999997,168.77467,142.12567,0
GAHHUT,3.53345,2.5745000000000005,4.8207,2.2462,2.8496785,1.738901,3.719129,1.980228,1.5,1,2,1,4.0,6,7,1,1.0,2,2,0,131.49483,46.621,154.80533,108.18433,0
GAHJOO,5.855,4.5542,8.1321,3.5779,5.183826,5.620646000000001,7.994149,2.373503,0.5,1,1,0,4.5,3,6,3,2.0,4,4,0,117.11217,50.28099999999999,142.25267,91.97167,0
GAKPAJ,11.0265,14.502999999999998,18.278,3.775,5.1205925,0.698563,5.469874,4.771311,0.5,1,1,0,2.5,1,3,2,0.5,1,1,0,134.628,159.38466,214.32033,54.93567,0
GALHEJ,4.14275,1.1015,4.6935,3.592,5.400532,1.2313519999999991,6.016208,4.784856,1.0,2,2,0,2.5,1,3,2,1.5,3,3,0,94.221,100.00400000000002,144.223,44.219,0
GALHOT,5.91175,2.4373,7.1304,4.6931,5.2952285,1.4427969999999997,6.016627,4.57383,0.5,1,1,0,2.0,0,2,2,1.0,2,2,0,61.207665,33.97667,78.196,44.21933,0
GALHUZ,5.5793,1.771,6.4648,4.6938,5.440874,1.1501479999999995,6.015948,4.8658,0.5,1,1,0,2.5,1,3,2,1.5,3,3,0,76.683165,64.92832999999999,109.14733,44.219,0
GAMCED,4.82775,5.0829,7.3692,2.2863,5.0246195,2.928455,6.488847,3.560392,0.5,1,1,0,6.5,1,7,6,3.5,7,7,0,154.066165,8.49633,158.31433,149.818,1
GAMFAC,10.4962,0.1449999999999995,10.5687,10.4237,4.041938,0.9919600000000002,4.537918,3.545958,1.5,1,2,1,4.5,3,6,3,2.5,1,3,2,164.817335,52.02932999999999,190.832,138.80267,0
GAPLAK,2.9649,3.4562,4.693,1.2368,6.631793500000001,1.2304970000000006,7.247042,6.016545,0.0,0,0,0,2.0,0,2,2,1.0,2,2,0,86.01433,83.588,127.80833,44.22033,0
GAPMAN,6.04345,1.0696999999999992,6.5783,5.5086,5.9033645,2.276319,7.041524,4.765205,0.0,0,0,0,3.5,5,6,1,2.0,2,3,1,69.208835,28.15433,83.286,55.13167,0
GAPNUI,5.94335,0.8712999999999997,6.379,5.5077,6.122509,1.8369420000000003,7.04098,5.204038,0.0,0,0,0,3.5,5,6,1,2.0,2,3,1,68.91499999999999,27.55866,82.69433,55.13567,0
GAPYOO,4.37005,7.2401,7.9901,0.75,4.7310465,2.823271,6.142682,3.319411,0.5,1,1,0,3.0,0,3,3,1.5,3,3,0,107.956335,24.929330000000007,120.421,95.49167,1
GAQKOA,5.7746,1.7512,6.6502,4.899,5.8589755,1.828169,6.77306,4.944891,0.0,0,0,0,3.0,2,4,2,2.0,2,3,1,64.934,26.039999999999992,77.954,51.914,0
GARGIT,7.5862,5.6656,10.419,4.7534,3.6608475,2.031941,4.676818,2.644877,1.5,1,2,1,3.0,0,3,3,0.0,0,0,0,237.86283,226.383,351.05433,124.67133,1
GARQIC,2.99105,1.1665,3.5743,2.4078,6.194539000000001,2.49355,7.441314,4.947764,0.0,0,0,0,1.5,1,2,1,1.0,2,2,0,83.791,72.53666000000001,120.05933,47.52267,0
GARVAW,8.59135,6.979900000000001,12.0813,5.1014,5.3361395,0.7044350000000001,5.688357,4.983922,0.5,1,1,0,1.0,2,2,0,0.5,1,1,0,89.827835,0.2903299999999973,89.973,89.68267,0
GASMOD,9.8406,8.663599999999999,14.1724,5.5088,4.9114065,4.259243,7.041028,2.781785,1.0,2,2,0,1.5,1,2,1,0.5,1,1,0,147.90833,185.558,240.68733,55.12933,0
GATCAG,4.769,0.6416000000000004,5.0898,4.4482,5.6605555,4.233573,7.777342,3.543769,0.5,1,1,0,5.0,8,9,1,2.5,1,3,2,101.60867,122.592,162.90467,40.31267,0
GAVFUG,8.21955,1.8213,9.1302,7.3089,5.3144995,1.5989690000000003,6.113984,4.515015,0.5,1,1,0,3.0,2,4,2,1.0,2,2,0,135.6845,64.46633999999999,167.91767,103.45133,1
GAVMAV,7.34765,6.597899999999999,10.6466,4.0487,5.6891695,1.586875,6.482607,4.895732,1.0,2,2,0,1.5,3,3,0,0.0,0,0,0,101.632665,94.49333,148.87933,54.386,0
GAVMEZ,6.09115,4.0635,8.1229,4.0594,5.153995999999999,2.649012,6.478502,3.82949,1.0,2,2,0,1.5,3,3,0,0.0,0,0,0,119.968665,131.16733000000002,185.55233,54.385,0
GAVWOR,5.926,2.4640000000000004,7.158,4.694,5.6709225,0.6900469999999999,6.015946,5.325899,0.5,1,1,0,2.5,1,3,2,1.0,2,2,0,113.529665,138.61733,182.83833,44.221,0
GAWHET,3.8761,4.5868,6.1695,1.5827,5.3948205,0.9089549999999996,5.849298,4.940343,0.0,0,0,0,3.0,4,5,1,0.0,0,0,0,142.614,26.672660000000008,155.95033,129.27767,0
GAXCEQ,9.6469,7.6166,13.4552,5.8386,5.184207499999999,2.4244949999999994,6.396455,3.97196,0.5,1,1,0,1.5,1,2,1,1.0,2,2,0,93.503165,64.57767000000001,125.792,61.21433,1
GAXCIU,10.6574,5.595599999999999,13.4552,7.8596,5.2386515,2.5339590000000003,6.505631,3.971672,0.5,1,1,0,1.5,1,2,1,1.0,2,2,0,118.77333,14.038000000000013,125.79233,111.75433,0
GAXFOC,8.2473,3.124999999999999,9.8098,6.6848,4.2561425,1.402673,4.957479,3.554806,0.5,1,1,0,4.0,0,4,4,2.0,2,3,1,133.75233,32.24000000000001,149.87233,117.63233,0
GAXFUI,6.569800000000001,3.6178,8.3787,4.7609,4.160429000000001,0.5191340000000002,4.419996,3.900862,0.5,1,1,0,3.5,1,4,3,2.0,2,3,1,127.75633,40.074,147.79333,107.71933,1
GAYQUS,7.98535,3.0341,9.5024,6.4683,6.098599,2.54014,7.368669,4.828529,0.5,1,1,0,2.0,2,3,1,0.0,0,0,0,117.760335,17.838670000000008,126.67967,108.841,0
GAZRUY,8.626149999999999,13.9007,15.5765,1.6758,4.4393975,1.553699,5.216247,3.662548,1.0,0,1,1,4.5,5,7,2,1.0,0,1,1,138.031335,33.52533000000001,154.794,121.26867,1
GAZSAF,5.88175,3.8289,7.7962,3.9673,5.106656,0.5404119999999999,5.376862,4.83645,0.5,1,1,0,2.5,1,3,2,1.5,1,2,1,97.472665,39.77132999999999,117.35833,77.587,0
GAZSEJ,6.591749999999999,5.2485,9.216,3.9675,4.8870865000000006,0.9785589999999996,5.376366,4.397807,1.0,2,2,0,2.0,0,2,2,1.0,2,2,0,131.51467,107.85399999999998,185.44167,77.58767,1
GAZSIN,9.40225,10.8695,14.837,3.9675,4.596254500000001,1.560263,5.376386,3.816123,0.5,1,1,0,2.5,1,3,2,1.0,2,2,0,108.154,61.13334000000002,138.72067,77.58733,0
GAZSOT,6.5984,5.2624,9.2296,3.9672,4.893073,0.967632,5.376889,4.409257,0.0,0,0,0,3.0,2,4,2,1.5,1,2,1,99.166165,43.15832999999999,120.74533,77.587,0
GAZTIO,8.592749999999999,9.2511,13.2183,3.9672,4.6223795,1.509195,5.376977,3.867782,0.5,1,1,0,3.0,2,4,2,1.0,2,2,0,108.540335,61.908670000000015,139.49467,77.586,0
GAZTOU,7.0968,6.2592,10.2264,3.9672,4.5756495,1.6029269999999998,5.377113,3.774186,0.5,1,1,0,3.0,2,4,2,1.0,2,2,0,105.383665,55.59533,133.18133,77.586,0
GAZTUA,2.8224,2.2898,3.9673,1.6775,4.519694,1.7139700000000002,5.376679,3.662709,0.5,1,1,0,4.5,5,7,2,1.5,1,2,1,116.187335,77.20133000000001,154.788,77.58667,0
GEBMEF,4.63595,4.701499999999999,6.9867,2.2852,5.412499,3.703062,7.26403,3.560968,0.5,1,1,0,4.5,5,7,2,0.0,0,0,0,126.9685,62.673,158.305,95.632,0
GEBMIJ,5.42155,6.2683,8.5557,2.2874,5.5341945,3.947745,7.508067,3.560322,0.5,1,1,0,5.0,4,7,3,0.0,0,0,0,130.0495,56.51899999999999,158.309,101.79,0
GEBMOP01,6.0907,7.6084,9.8949,2.2865,5.488861,3.85637,7.417046,3.560676,0.5,1,1,0,5.0,4,7,3,0.0,0,0,0,136.5365,43.53966,158.30633,114.76667,0
GECZEV,6.6115,3.8358000000000008,8.5294,4.6936,4.9574115,2.117487000000001,6.016155,3.898668,0.0,0,0,0,2.0,0,2,2,1.0,2,2,0,93.901,99.36134,143.58167,44.22033,0
GECZIZ,8.29995,7.2121,11.906,4.6939,4.724636,2.582608,6.01594,3.433332,0.0,0,0,0,2.0,0,2,2,1.0,2,2,0,107.626665,126.81133,171.03233,44.221,0
GEDLAD,6.21325,4.7519,8.5892,3.8373,5.6903295,0.2086810000000003,5.79467,5.585989,0.0,0,0,0,3.5,1,4,3,0.0,0,0,0,72.241165,30.11833,87.30033,57.182,0
GEDLEH,5.884650000000001,3.6489,7.7091,4.0602,6.0330845,0.8900509999999997,6.47811,5.588059,0.0,0,0,0,3.0,0,3,3,0.0,0,0,0,77.2305,45.70034,100.08067,54.38033,0
GEDLIL,4.44455,8.1095,8.4993,0.3898,6.305149999999999,1.879974,7.245137,5.365163,0.0,0,0,0,3.5,1,4,3,0.0,0,0,0,100.762835,1.040329999999997,101.283,100.24267,0
GEDLOR,5.16235,2.206899999999999,6.2658,4.0589,5.7155055,1.5264690000000003,6.47874,4.952271,0.0,0,0,0,3.0,0,3,3,0.0,0,0,0,71.426165,34.081669999999995,88.467,54.38533,0
GEFDOO,6.734249999999999,5.5347,9.5016,3.9669,5.102687,0.548082,5.376728,4.828646,0.5,1,1,0,2.0,2,3,1,1.0,2,2,0,102.13217,49.089,126.67667,77.58767,0
GEFDUU,5.6692,3.4038000000000004,7.3711,3.9673,5.1241645,0.5051369999999995,5.376733,4.871596,1.0,2,2,0,2.0,2,3,1,1.5,1,2,1,131.430665,107.68733,185.27433,77.587,0
GEFFAC,5.27415,2.6129,6.5806,3.9677,5.070976,0.6117860000000004,5.376869,4.765083,0.0,0,0,0,3.5,5,6,1,2.5,1,3,2,80.435,5.689999999999998,83.28,77.59,1
GEFFIK,12.09215,16.2481,20.2162,3.9681,4.036097,2.681158,5.376676,2.695518,0.0,0,0,0,2.5,3,4,1,1.5,1,2,1,109.1825,63.18300000000001,140.774,77.591,0
GEFGEH,7.1763,6.4168,10.3847,3.9679,4.5347100000000005,1.6839079999999995,5.376664,3.692756,0.5,1,1,0,2.5,3,4,1,1.0,2,2,0,106.248335,57.31533,134.906,77.59067,0
GEHHOR,5.2657,5.428000000000001,7.9797,2.5517,2.8730005,0.9624130000000002,3.354207,2.391794,1.0,0,1,1,3.0,2,4,2,1.5,3,3,0,133.31566999999998,17.917999999999992,142.27467,124.35667,0
GEHJAF,6.091049999999999,5.0333,8.6077,3.5744,5.335392499999999,0.779217,5.725001,4.945784,0.5,1,1,0,1.5,1,2,1,1.0,2,2,0,87.525665,80.00667,127.529,47.52233,1
GEHJEJ,9.3878,1.5592000000000006,10.1674,8.6082,4.7950995,1.859019,5.724609,3.86559,0.5,1,1,0,2.5,3,4,1,1.5,1,2,1,114.620165,25.81367,127.527,101.71333,0
GEHKAG,7.28475,2.646099999999999,8.6078,5.9617,5.0403945,1.368213,5.724501,4.356288,0.5,1,1,0,2.0,2,3,1,1.5,1,2,1,89.64267,75.78,127.53267,51.75267,1
GEHKEK,7.92495,1.2310999999999996,8.5405,7.3094,5.215123,1.2235820000000004,5.826914,4.603332,0.5,1,1,0,3.0,4,5,1,2.0,0,2,2,102.513665,48.869330000000005,126.94833,78.079,1
GEHKIO,5.666049999999999,5.7479,8.54,2.7921,5.428089,0.7982399999999998,5.827209,5.028969,0.5,1,1,0,2.5,3,4,1,1.5,1,2,1,100.988835,51.91967000000001,126.94867,75.029,0
GEHKOU,5.6929,5.8294,8.6076,2.7782,4.928762000000001,1.592384,5.724954,4.13257,0.5,1,1,0,2.5,3,4,1,1.0,2,2,0,104.0045,47.04566000000001,127.52733,80.48167,1
GEHKUA,6.17475,4.7983,8.5739,3.7756,5.6046155,0.2691349999999994,5.739183,5.470048,0.5,1,1,0,2.0,2,3,1,1.0,2,2,0,91.2725,72.67366,127.60933,54.93567,1
GEHLOV,9.48,1.8782,10.4191,8.5409,5.2518745,1.1501089999999996,5.826929,4.67682,1.0,0,1,1,2.0,2,3,1,1.0,2,2,0,125.809,2.27534,126.94667,124.67133,0
GEHLUD,4.641249999999999,1.1633000000000004,5.2229,4.0596,4.3893,4.178788,6.478694,2.299906,0.0,0,0,0,5.0,4,7,3,0.5,1,1,0,128.75167,148.732,203.11767,54.38567,0
GEHWID,6.1869,0.8031999999999995,6.5885,5.7853,4.227714499999999,0.1862669999999999,4.320848,4.134581,1.0,0,1,1,2.5,3,4,1,2.0,0,2,2,105.942,14.998000000000005,113.441,98.443,1
GEHWOJ,7.967600000000001,4.354,10.1446,5.7906,4.038024,0.5650700000000004,4.320559,3.755489,1.0,0,1,1,2.5,3,4,1,1.0,2,2,0,116.799,36.71733999999999,135.15767,98.44033,0
GEJMOY,7.38065,2.3209,8.5411,6.2202,5.3539045000000005,0.9460489999999996,5.826929,4.88088,0.5,1,1,0,3.5,5,6,1,2.5,1,3,2,104.957,43.98,126.947,82.967,0
GELSUM,7.747350000000001,6.106700000000001,10.8007,4.694,5.680009,0.671792,6.015905,5.344113,0.5,1,1,0,1.5,1,2,1,1.0,2,2,0,105.7415,123.04366,167.26333,44.21967,0
GEMLOD,8.12985,3.4923,9.876,6.3837,5.515956,2.331132,6.681522,4.35039,0.5,1,1,0,1.5,1,2,1,1.0,2,2,0,101.292165,63.64567000000001,133.115,69.46933,0
GEPDAK,4.8272,0.2670000000000003,4.9607,4.6937,5.5786965,0.8747689999999997,6.016081,5.141312,0.5,1,1,0,2.0,0,2,2,1.0,2,2,0,61.584335,34.72933,78.949,44.21967,0
GEPNEW,7.21015,7.3307,10.8755,3.5448,5.979312,3.457028,7.707826,4.250798,0.5,1,1,0,2.0,2,3,1,1.5,1,2,1,87.520335,101.32133000000002,138.181,36.85967,0
GESCIQ,4.709350000000001,4.8463,7.1325,2.2862,3.730946,0.3406639999999998,3.901278,3.560614,1.0,0,1,1,6.0,2,7,5,1.0,2,2,0,175.71833,34.822,193.12933,158.30733,0
GESQUU,7.990550000000001,4.8661,10.4236,5.5575,5.7108215,2.071145,6.746394,4.675249,0.5,1,1,0,3.0,0,3,3,0.5,1,1,0,113.584835,22.17367,124.67167,102.498,0
GESRAB,7.9895,4.864,10.4215,5.5575,5.7103895,2.071569,6.746174,4.674605,0.5,1,1,0,3.0,0,3,3,0.5,1,1,0,113.595665,22.19733,124.69433,102.497,0
GESREF,8.57775,3.6831,10.4193,6.7362,5.036416,0.7191919999999996,5.396012,4.67682,0.5,1,1,0,3.0,0,3,3,0.5,1,1,0,121.604165,6.13767,124.673,118.53533,0
GEWSUW,1.8599,0.8488,2.2843,1.4355,4.223413,1.324716,4.885771,3.561055,0.5,1,1,0,4.0,6,7,1,0.5,1,1,0,130.63666999999998,55.338,158.30567,102.96767,0
GEXTEK,11.89095,1.7378999999999998,12.7599,11.022,4.4432565,1.7982050000000005,5.342359,3.544154,1.5,1,2,1,1.0,2,2,0,0.5,1,1,0,122.039835,66.50233,155.291,88.78867,0
GEXTIO,10.16755,5.185500000000001,12.7603,7.5748,4.5959305,2.104425,5.648143,3.543718,1.5,1,2,1,1.0,2,2,0,0.5,1,1,0,121.13833499999998,68.31333,155.295,86.98167,1
GEYLIF,11.905,13.0584,18.4342,5.3758,5.2039215,0.1108229999999999,5.259333,5.14851,0.5,1,1,0,1.0,2,2,0,0.5,1,1,0,100.888335,50.85533000000001,126.316,75.46067,1
GIBSUJ,9.0262,8.6644,13.3584,4.694,4.8484145,2.3350629999999994,6.015946,3.680883,0.5,1,1,0,3.5,3,5,2,0.5,1,1,0,110.825835,133.20967,177.43067,44.221,1
GIDFIM,9.7238,13.861,16.6543,2.7933,4.959196,0.132962,5.025677,4.892715,0.0,0,0,0,3.0,2,4,2,1.5,1,2,1,91.0395,32.01566,107.04733,75.03167,0
GIDFUY,9.18235,12.7801,15.5724,2.7923,5.033732499999999,0.0124529999999998,5.039959,5.027506,0.0,0,0,0,3.0,2,4,2,1.5,1,2,1,90.837165,31.610330000000005,106.64233,75.032,0
GIDGAF,11.74905,7.647299999999999,15.5727,7.9254,4.7285565,0.6236449999999998,5.040379,4.416734,0.5,1,1,0,2.5,1,3,2,1.0,2,2,0,100.48683,12.308999999999996,106.64133,94.33233,0
GIDGEJ,11.92045,8.2477,16.0443,7.7966,4.925549,0.1782279999999998,5.014663,4.836435,0.5,1,1,0,2.5,1,3,2,1.5,1,2,1,112.079165,10.553669999999997,117.356,106.80233,1
GIDGIN,11.65035,6.5351,14.9179,8.3828,4.8082965,0.4554410000000004,5.036017,4.580576,0.5,1,1,0,2.5,1,3,2,1.0,2,2,0,116.636335,20.577330000000003,126.925,106.34767,0
GIDVEU,6.84095,5.722900000000001,9.7024,3.9795,5.1405745,2.1257209999999995,6.203435,4.077714,0.5,1,1,0,1.5,1,2,1,1.0,2,2,0,146.41649999999998,10.11366000000001,151.47333,141.35967,1
GIDVIY,7.42815,4.5477,9.702,5.1543,5.0506145,1.945637,6.023433,4.077796,0.5,1,1,0,1.5,1,2,1,1.0,2,2,0,145.18667,12.574000000000012,151.47367,138.89967,1
GIFPER,4.145250000000001,0.1711,4.2308,4.0597,5.7325875,1.4921129999999998,6.478644,4.986531,0.5,1,1,0,2.5,1,3,2,1.0,2,2,0,125.497,142.22466,196.60933,54.38467,1
GIHGEK,8.97915,12.3663,15.1623,2.796,5.098273,0.1583839999999998,5.177465,5.019081,0.0,0,0,0,3.0,2,4,2,2.5,3,4,1,93.89083,37.70700000000001,112.74433,75.03733,1
GIJLOD,2.3647,2.6,3.6647,1.0647,5.4705415,0.939203,5.940143,5.00094,0.5,1,1,0,2.5,3,4,1,1.5,1,2,1,62.479165,3.973669999999992,64.466,60.49233,0
GIJTAY,11.0174,8.3156,15.1752,6.8596,3.842032,1.277162,4.480613,3.203451,1.5,1,2,1,5.0,2,6,4,2.5,1,3,2,165.41633000000002,110.72,220.77633,110.05633,0
GIJTEC,9.9645,9.226,14.5775,5.3515,3.9752325,1.4127730000000005,4.681619,3.268846,1.0,2,2,0,5.0,2,6,4,2.5,1,3,2,160.222835,121.63767,221.04167,99.404,0
GIKBEL,13.4565,2.2422000000000004,14.5776,12.3354,3.4755885,0.4138490000000003,3.682513,3.268664,1.5,1,2,1,5.5,1,6,5,3.0,0,3,3,168.264,105.55134,221.03967,115.48833,0
GIKZOS,8.138950000000001,8.7293,12.5036,3.7743,5.668977999999999,0.3968020000000001,5.867379,5.470577,0.0,0,0,0,3.0,0,3,3,1.0,2,2,0,56.697665,3.514669999999996,58.455,54.94033,0
GIKZUY,3.8977,0.2480000000000002,4.0217,3.7737,6.4114255,1.881603,7.352227,5.470624,0.0,0,0,0,3.0,0,3,3,1.0,2,2,0,83.533,57.184,112.125,54.941,1
GIMTON,10.80885,10.4631,16.0404,5.5773,5.376735500000001,3.893075000000001,7.323273,3.430198,0.5,1,1,0,3.0,2,4,2,1.5,3,3,0,119.129165,93.15767,165.708,72.55033,1
GINMOG,9.8713,3.4816000000000003,11.6121,8.1305,3.0088055,1.2701189999999998,3.643865,2.373746,0.5,1,1,0,6.5,1,7,6,3.5,7,7,0,162.973,41.43266,183.68933,142.25667,0
GINNIB,9.2471,2.6444,10.5693,7.9249,4.4771585,0.1211390000000003,4.537728,4.416589,1.5,1,2,1,3.0,0,3,3,1.5,3,3,0,142.5795,96.495,190.827,94.332,1
GINSAA,5.0969500000000005,2.9635,6.5787,3.6152,6.241661000000001,2.95263,7.717976,4.765346,0.0,0,0,0,3.5,5,6,1,2.5,1,3,2,84.51832999999999,2.471999999999994,85.75433,83.28233,1
GIQHUM,5.1555,0.9236000000000004,5.6173,4.6937,4.7128315,2.606225,6.015944,3.409719,1.5,3,3,0,1.5,1,2,1,1.5,3,3,0,149.346665,210.25533,254.47433,44.219,0
GISDUI,4.866350000000001,5.6635,7.6981,2.0346,3.3036625,1.2381889999999998,3.922757,2.684568,1.5,1,2,1,5.5,7,9,2,1.0,2,2,0,151.184665,35.472669999999994,168.921,133.44833,0
GISJUP,9.005,13.438,15.724,2.286,3.590851,0.0604099999999996,3.621056,3.560646,1.0,0,1,1,5.0,4,7,3,0.5,1,1,0,160.81466999999998,5.00800000000001,163.31867,158.31067,0
GISWUB,4.6242,3.51,6.3792,2.8692,6.5198145,2.630939,7.835284,5.204345,0.0,0,0,0,3.5,5,6,1,2.5,1,3,2,65.74866499999999,33.89733,82.69733,48.8,0
GIWTEN,8.835799999999999,4.917199999999999,11.2944,6.3772,5.405444,0.4017780000000002,5.606333,5.204555,0.5,1,1,0,3.5,5,6,1,2.0,2,3,1,113.1785,60.96365999999999,143.66033,82.69667,0
GIWWUI,5.990600000000001,8.8628,10.422,1.5592,5.917095,2.485236,7.159713,4.674477,0.5,1,1,0,2.0,2,3,1,0.5,1,1,0,91.7965,65.801,124.697,58.896,0
GIYDEZ01,4.88445,2.2285000000000004,5.9987,3.7702,6.5618605,2.180763,7.652242,5.471479,0.0,0,0,0,2.5,1,3,2,1.0,2,2,0,46.656665,16.573330000000006,54.94333,38.37,0
GIYDEZ,4.6618,1.7752000000000003,5.5494,3.7742,6.764148499999999,2.587205,8.057751,5.470546,0.0,0,0,0,2.5,1,3,2,1.0,2,2,0,46.68233,16.516000000000005,54.94033,38.42433,0
GIYWIU,4.34415,4.534700000000001,6.6115,2.0768,5.06457,0.7845360000000001,5.456838,4.672302,1.5,1,2,1,3.5,1,4,3,1.0,2,2,0,139.963665,95.18133,187.55433,92.373,0
GOGBUC,9.0743,7.639799999999999,12.8942,5.2544,3.6785865,2.876941,5.117057,2.240116,0.5,1,1,0,2.5,1,3,2,2.0,2,3,1,124.27467,137.616,193.08267,55.46667,1
GOGCAJ,11.6985,2.3974,12.8972,10.4998,2.658107,0.8372059999999997,3.07671,2.239504,1.0,0,1,1,3.5,3,5,2,2.0,2,3,1,155.2845,75.60434,193.08667,117.48233,0
GOGCEM,6.350899999999999,8.1296,10.4157,2.2861,4.2571625,1.393161,4.953743,3.560582,0.5,1,1,0,5.0,4,7,3,0.5,1,1,0,164.40966500000002,12.195329999999984,170.50733,158.312,0
GOHHOA,1.1995,2.2982,2.3486,0.0504,5.8774655,0.9837689999999996,6.36935,5.385581,0.5,1,1,0,2.5,3,4,1,2.0,0,2,2,81.099335,34.465329999999994,98.332,63.86667,0
GOHHUG,1.49545,1.7031,2.347,0.6439,5.8065495,1.127331,6.370215,5.242884,0.5,1,1,0,2.5,3,4,1,1.0,2,2,0,88.182835,20.30167,98.33367,78.032,0
GOJJEU,11.25105,5.2835,13.8928,8.6093,5.176606,1.096126,5.724669,4.628543,1.0,0,1,1,2.5,3,4,1,1.0,2,2,0,171.848165,88.64167,216.169,127.52733,0
GOLDIW,10.1089,3.203199999999999,11.7105,8.5073,4.32402,1.41427,5.031155,3.616885,0.5,1,1,0,3.5,1,4,3,2.0,2,3,1,93.551665,3.12933000000001,95.11633,91.987,0
GOLGIZ,6.13815,4.605700000000001,8.441,3.8353,4.599918499999999,2.390949,5.795393,3.404444,1.0,2,2,0,3.0,2,4,2,0.5,1,1,0,98.447335,82.52733,139.711,57.18367,0
GOLZIR,7.06875,3.0394999999999994,8.5885,5.549,5.9097815,4.2960270000000005,8.057795,3.761768,0.0,0,0,0,3.0,2,4,2,1.5,1,2,1,59.688165,42.52833,80.95233,38.424,0
GONLIG,4.80715,3.3467,6.4805,3.1338,5.118748,0.7318219999999993,5.484659,4.752837,0.0,0,0,0,2.5,3,4,1,1.5,3,3,0,85.901835,27.01033,99.407,72.39667,0
GOWBOJ,7.57755,3.0069,9.081,6.0741,6.1983865,2.518605,7.457689,4.939084,0.5,1,1,0,2.5,1,3,2,1.0,2,2,0,111.075,48.34,135.245,86.905,1
GOWBUP,8.948,0.2652000000000001,9.0806,8.8154,6.0211570000000005,2.1630980000000006,7.102706,4.939608,0.5,1,1,0,2.5,1,3,2,1.0,2,2,0,111.1225,48.24365999999999,135.24433,87.00067,1
GOWCAW,7.578250000000001,3.0049,9.0807,6.0758,6.1980225,2.517105,7.456575,4.93947,0.5,1,1,0,2.5,1,3,2,1.0,2,2,0,111.075665,48.34067,135.246,86.90533,0
GOWPOA,8.6751,3.4747999999999992,10.4125,6.9377,4.779747,0.2000979999999996,4.879796,4.679698,1.0,0,1,1,2.5,1,3,2,1.0,2,2,0,101.3365,46.64099999999999,124.657,78.016,1
GUHHEX,5.343249999999999,1.2252999999999998,5.9559,4.7306,4.0564875,1.203897,4.658436,3.454539,1.0,0,1,1,4.0,0,4,4,1.0,2,2,0,123.849335,23.406670000000005,135.55267,112.146,0
GUHMAX,5.8619,0.7073999999999998,6.2156,5.5082,5.656054,2.7714680000000005,7.041788,4.27032,0.0,0,0,0,2.5,3,4,1,0.5,1,1,0,130.512665,150.76267,205.894,55.13133,0
GUKSIO,5.46455,1.8291000000000004,6.3791,4.55,6.5457725,2.684521,7.888033,5.203512,0.0,0,0,0,4.0,4,6,2,2.5,1,3,2,66.184,33.03,82.699,49.669,1
GUKYEQ,4.4397,0.9181999999999996,4.8988,3.9806,6.292748,2.6957739999999992,7.640635,4.944861,0.0,0,0,0,3.0,2,4,2,1.0,0,1,1,61.809665,19.79333,71.70633,51.913,0
GULQOV,11.3949,17.915599999999998,20.3527,2.4371,4.773095,1.6836759999999995,5.614933,3.931257,0.5,1,1,0,4.0,0,4,4,1.5,1,2,1,119.844665,143.34467,191.517,48.17233,0
GULSIR,6.2253,4.3314,8.391,4.0596,6.0789525,0.7994050000000001,6.478655,5.67925,0.0,0,0,0,2.0,2,3,1,0.5,1,1,0,59.14983,9.531,63.91533,54.38433,0
GUMHAZ,4.3899,8.0026,8.3912,0.3886,6.462163,1.5665380000000004,7.245432,5.678894,0.0,0,0,0,2.5,3,4,1,0.5,1,1,0,82.60217,37.373,101.28867,63.91567,0
GUMVIU,9.1695,7.179999999999999,12.7595,5.5795,4.595803500000001,2.103209000000001,5.647408,3.544199,1.5,1,2,1,1.5,1,2,1,1.0,2,2,0,133.5005,43.58433999999998,155.29267,111.70833,0
GUMVOA,11.1403,11.1188,16.6997,5.5809,4.168139,2.957578,5.646928,2.68935,2.0,2,3,1,1.5,1,2,1,1.0,2,2,0,167.31983,111.223,222.93133,111.70833,0
GUNPIC10,3.4103000000000003,2.2494,4.535,2.2856,4.1172305,1.1126649999999998,4.673563,3.560898,0.5,1,1,0,5.5,3,7,4,2.0,4,4,0,127.96717,60.68300000000001,158.30867,97.62567,0
GUPCAY,12.2355,5.7286,15.0998,9.3712,4.458285500000001,0.106827,4.511699,4.404872,1.0,0,1,1,1.5,1,2,1,0.5,1,1,0,115.59717,29.697000000000003,130.44567,100.74867,0
GUPCEC,12.05015,6.098700000000001,15.0995,9.0008,4.480561,0.0631640000000004,4.512143,4.448979,1.0,0,1,1,1.5,1,2,1,0.5,1,1,0,127.725335,5.439329999999998,130.445,125.00567,0
GUPCOM,8.6922,12.8158,15.1001,2.2843,4.0361530000000005,0.9509820000000002,4.511644,3.560662,1.0,0,1,1,4.0,6,7,1,0.5,1,1,0,144.378335,27.86533,158.311,130.44567,0
GUPXIB,7.315,1.858600000000001,8.2443,6.3857,5.841723999999999,1.67054,6.676994,5.006454,0.5,1,1,0,2.0,2,3,1,1.0,2,2,0,89.7045,40.42434,109.91667,69.49233,1
GUQKUA,2.42825,4.8481,4.8523,0.0042,5.5558975,2.159679,6.635737,4.476058,1.0,2,2,0,4.5,3,6,3,2.0,4,4,0,145.32583499999998,112.01233,201.332,89.31967,1
GUQLAH,3.5657,7.121,7.1262,0.0052,5.530061,2.107646,6.583884,4.476238,1.0,2,2,0,4.5,3,6,3,2.0,4,4,0,146.216335,110.22933,201.331,91.10167,1
GUYVUU01,7.5013,0.3218000000000005,7.6622,7.3404,3.315599,1.4092960000000003,4.020247,2.610951,1.0,0,1,1,3.5,5,6,1,1.0,2,2,0,118.533335,70.17667,153.62167,83.445,0
GUYVUU,7.5008,0.3235999999999999,7.6626,7.339,3.316049,1.4093840000000002,4.020741,2.611357,1.0,0,1,1,3.5,5,6,1,1.0,2,2,0,118.539165,70.18567,153.632,83.44633,0
GUYYIL,5.037,4.6088000000000005,7.3414,2.7326,4.9924445,4.764677,7.374783,2.610106,0.5,1,1,0,3.5,5,6,1,1.0,2,2,0,104.738835,97.78367,153.63067,55.847,0
GUYZOS,7.80975,0.2950999999999997,7.9573,7.6622,4.3289735,0.6169630000000002,4.637455,4.020492,1.0,0,1,1,2.5,3,4,1,1.5,1,2,1,101.824835,36.762330000000006,120.206,83.44367,0
GUZDUB,3.8432,0.4370000000000003,4.0617,3.6247,5.1756575,2.604277,6.477796,3.873519,0.5,1,1,0,2.0,2,3,1,0.0,0,0,0,111.99333,115.22400000000002,169.60533,54.38133,0
GUZFAJ,4.3314,0.5490000000000004,4.6059,4.0569,5.420638,2.117912,6.479594,4.361682,0.5,1,1,0,2.5,1,3,2,0.0,0,0,0,127.21683,145.667,200.05033,54.38333,0
GUZFEN,4.4505,0.7737999999999996,4.8374,4.0636,4.9430605,3.068693000000001,6.477407,3.408714,0.5,1,1,0,2.0,2,3,1,0.0,0,0,0,113.28067,117.792,172.17667,54.38467,0
GUZXOQ,9.9566,0.9310000000000008,10.4221,9.4911,5.1341035,0.9192549999999996,5.593731,4.674476,1.0,0,1,1,2.5,1,3,2,1.0,2,2,0,148.363335,47.33466999999999,172.03067,124.696,0
GUZXUW,13.1986,5.554399999999999,15.9758,10.4214,4.78501,0.2207559999999997,4.895388,4.674632,1.0,0,1,1,2.5,1,3,2,1.0,2,2,0,158.836835,68.28567,192.97967,124.694,0
HABNON,4.2586,3.9454,6.2313,2.2859,5.256744,3.391924,6.952706,3.560782,0.5,1,1,0,4.5,5,7,2,0.5,1,1,0,138.799,39.01065999999999,158.30433,119.29367,0
HACBAO,2.8628,1.1521999999999997,3.4389,2.2867,5.234684,3.347986,6.908677,3.560691,0.5,1,1,0,4.5,5,7,2,1.0,2,2,0,122.826665,70.95867000000001,158.306,87.34733,0
HAGBOG,2.6704,0.7669999999999999,3.0539,2.2869,4.0929905,1.0652450000000004,4.625613,3.560368,1.0,0,1,1,5.0,4,7,3,1.5,3,3,0,155.162665,6.293329999999997,158.30933,152.016,0
HAGZUL,4.43105,0.9371000000000004,4.8996,3.9625,6.3283565,2.7679209999999994,7.712317,4.944396,0.0,0,0,0,3.0,2,4,2,1.5,1,2,1,69.572165,35.315670000000004,87.23,51.91433,1
HAHKOT,4.90715,2.7247,6.2695,3.5448,6.0763395,3.263680999999999,7.70818,4.444499,0.0,0,0,0,1.5,1,2,1,1.0,2,2,0,60.17283499999999,46.62233,83.484,36.86167,0
HAJCAY,6.5695,4.017,8.578,4.561,6.619208,4.441888,8.840152,4.398264,0.5,1,1,0,1.5,1,2,1,0.0,0,0,0,88.527165,59.89967,118.477,58.57733,0
HALHUZ,9.40965,2.182499999999999,10.5009,8.3184,5.1771720000000006,1.2633420000000006,5.808843,4.545501,0.5,1,1,0,2.0,2,3,1,1.5,1,2,1,111.486835,52.62167000000001,137.79767,85.176,0
HALJAH,10.0203,3.4032,11.7219,8.3187,4.9574095,1.702643,5.808731,4.106088,0.5,1,1,0,2.0,2,3,1,1.5,1,2,1,109.48817,48.62299999999999,133.79967,85.17667,0
HAMQEU,7.1692,4.949999999999999,9.6442,4.6942,5.6153635,0.8009789999999999,6.015853,5.214874,0.5,1,1,0,1.5,1,2,1,0.5,1,1,0,69.117665,49.793330000000005,94.01433,44.221,0
HAMYIE,7.8643,13.4236,14.5761,1.1525,4.6020495,2.668711,5.936405,3.267694,1.0,2,2,0,5.0,2,6,4,2.0,2,3,1,140.78917,160.515,221.04667,60.53167,0
HAVFES,10.41435,3.3353,12.082,8.7467,4.6495645,2.063607,5.681368,3.617761,1.0,0,1,1,3.0,6,6,0,1.0,0,1,1,113.654335,47.95867,137.63367,89.675,0
HAVYEL,6.1397,4.1610000000000005,8.2202,4.0592,8.0752475,3.1931070000000004,9.671801,6.478694,0.0,0,0,0,1.5,3,3,0,0.5,1,1,0,50.28767,8.188000000000002,54.38167,46.19367,0
HAXFER01,5.3342,5.5952,8.1318,2.5366,3.8967675,3.046053,5.419794,2.373741,1.0,0,1,1,3.0,6,6,0,0.5,1,1,0,113.62517,57.255,142.25267,84.99767,0
HAXHIB,4.02205,2.4611,5.2526,2.7915,4.8467555,0.3624769999999992,5.027994,4.665517,0.5,1,1,0,3.5,1,4,3,2.0,2,3,1,82.79,15.518,90.549,75.031,0
HAXKUQ,6.83565,6.4519,10.0616,3.6097,4.594792999999999,0.3920479999999999,4.790817,4.398769,0.0,0,0,0,3.5,1,4,3,1.5,1,2,1,95.7645,39.731660000000005,115.63033,75.89867,0
HAXYAJ,14.30995,18.0785,23.3492,5.2707,4.154744,3.279648,5.794568,2.51492,0.0,0,0,0,4.0,0,4,4,2.5,3,4,1,143.90383500000002,2.4743299999999806,145.141,142.66667,1
HAZMAA01,4.5371,4.3634,6.7188,2.3554,5.2331655,5.333879,7.900105,2.566226,0.5,1,1,0,2.5,3,4,1,1.0,2,2,0,99.43517,101.727,150.29867,48.57167,1
HAZMAA,4.4763,4.489599999999999,6.7211,2.2315,5.255935,5.380089999999999,7.94598,2.56589,0.5,1,1,0,2.5,3,4,1,1.0,2,2,0,99.154835,102.27833,150.294,48.01567,0
HEBQUC,8.0194,2.0182,9.0285,7.0103,5.2068255,0.5381070000000001,5.475879,4.937772,1.0,0,1,1,2.0,2,3,1,1.0,2,2,0,108.270335,57.475330000000014,137.008,79.53267,1
HEDWEU,3.62035,0.0939000000000001,3.6673,3.5734,4.7590555000000005,0.3786329999999998,4.948372,4.569739,1.5,3,3,0,1.5,1,2,1,2.0,4,4,0,144.403835,193.74567,241.27667,47.531,0
HEFVIY,5.5151,0.8266,5.9284,5.1018,5.9883495,2.007453,6.992076,4.984623,0.0,0,0,0,2.0,0,2,2,1.0,2,2,0,93.0195,6.09366,96.06633,89.97267,0
HEGCUT,9.5884,8.9038,14.0403,5.1365,5.582852,3.621832,7.393768,3.771936,0.5,1,1,0,2.0,0,2,2,0.5,1,1,0,146.78033,4.26400000000001,148.91233,144.64833,1
HEGHIL,11.62725,3.3347000000000016,13.2946,9.9599,3.716516,0.7003220000000003,4.066677,3.366355,1.5,1,2,1,4.5,3,6,3,1.5,3,3,0,157.884835,125.05433,220.412,95.35767,0
HEKRUK,11.15905,8.3827,15.3504,6.9677,3.584003,0.7480720000000001,3.958039,3.209967,1.5,1,2,1,6.5,1,7,6,2.0,2,3,1,215.24783,10.84299999999999,220.66933,209.82633,0
HEMHAM,3.4792499999999995,1.1614999999999998,4.06,2.8985,5.397888,2.16081,6.478293,4.317483,1.0,2,2,0,2.0,2,3,1,0.5,1,1,0,107.580335,106.39533,160.778,54.38267,0
HEPKAR,6.416449999999999,10.0975,11.4652,1.3677,4.9680965,3.301439,6.618816,3.317377,0.5,1,1,0,2.5,3,4,1,1.5,1,2,1,83.66382999999999,82.853,125.09033,42.23733,0
HEPSAZ02,6.416849999999999,10.0983,11.466,1.3677,4.9685375,3.301979,6.619527,3.317548,0.5,1,1,0,2.5,3,4,1,1.5,1,2,1,83.662165,82.85567,125.09,42.23433,0
HEPSAZ05,6.41675,10.0975,11.4655,1.368,4.968329,3.301766,6.619212,3.317446,0.5,1,1,0,2.5,3,4,1,1.5,1,2,1,83.6645,82.853,125.091,42.238,0
HEPSAZ06,6.4174500000000005,10.0989,11.4669,1.368,4.968832,3.3023400000000005,6.620002,3.317662,0.5,1,1,0,2.5,3,4,1,1.5,1,2,1,83.658835,82.85767000000001,125.08767,42.23,0
HEPSAZ09,6.4168,10.0976,11.4656,1.368,4.968823,3.302334,6.61999,3.317656,0.5,1,1,0,2.5,3,4,1,1.5,1,2,1,83.659165,82.85967,125.089,42.22933,0
HEQWOR,4.0372,2.9862000000000006,5.5303,2.5441,6.083729999999999,1.824782,6.996121,5.171339,0.0,0,0,0,2.0,2,3,1,2.5,3,4,1,47.61883,23.567,59.40233,35.83533,0
HESYAF,9.3359,2.4090000000000007,10.5404,8.1314,3.9405495,3.132803,5.506951,2.374148,1.0,0,1,1,4.0,4,6,2,1.0,2,2,0,118.090835,48.32366999999999,142.25267,93.929,0
HETRAD,5.5705,4.8316,7.9863,3.1547,5.864169,0.5597979999999998,6.144068,5.58427,0.0,0,0,0,3.0,0,3,3,2.0,2,3,1,72.851,45.29599999999999,95.499,50.203,0
HEVJAT,5.8902,9.736,10.7582,1.0222,6.100609500000001,4.201193000000001,8.201206,4.000013,1.0,2,2,0,2.0,2,3,1,1.5,1,2,1,157.97366499999998,159.02133,237.48433,78.463,0
HEWFEW,2.22565,0.0804999999999998,2.2659,2.1854,5.874637,4.689140000000001,8.219207,3.530067,0.5,1,1,0,4.0,6,7,1,1.5,3,3,0,94.8175,126.83766,158.23633,31.39867,0
HEWWAI,4.68525,4.5059000000000005,6.9382,2.4323,5.2475075,0.7370470000000005,5.616031,4.878984,0.5,1,1,0,3.0,2,4,2,1.5,1,2,1,63.09217,29.853,78.01867,48.16567,0
HEXYIT,7.2026,5.017,9.7111,4.6941,5.3212375,1.388591,6.015533,4.626942,0.5,1,1,0,1.5,1,2,1,1.0,2,2,0,116.425835,144.41566999999998,188.63367,44.218,1
HEYDOI,12.56155,4.376099999999999,14.7496,10.3735,4.344286,1.6937280000000006,5.19115,3.497422,1.5,1,2,1,2.5,1,3,2,2.0,2,3,1,189.3725,54.90966,216.82733,161.91767,0
HEYGEX,8.38735,2.1569,9.4658,7.3089,5.2525405,1.0022150000000003,5.753648,4.751433,0.5,1,1,0,3.5,5,6,1,2.0,2,3,1,115.357835,64.24767000000001,147.48167,83.234,0
HEZDAU,3.10475,1.9111,4.0603,2.1492,6.1834565,0.5899909999999995,6.478452,5.888461,0.5,1,1,0,1.5,3,3,0,0.0,0,0,0,86.765665,64.76333,119.14733,54.384,0
HEZXAM,6.7907,6.489600000000001,10.0355,3.5459,6.025356,3.3660380000000005,7.708375,4.342337,0.5,1,1,0,2.0,2,3,1,1.5,1,2,1,79.105835,84.49167,121.35167,36.86,0
HIBBID,9.18525,3.5941,10.9823,7.3882,4.7139050000000005,3.99805,6.71293,2.71488,0.5,1,1,0,5.0,4,7,3,1.5,3,3,0,113.987165,78.12032999999998,153.04733,74.927,0
HIDBOP,7.16115,8.736500000000001,11.5294,2.7929,5.408597,0.7636259999999995,5.79041,5.026784,0.0,0,0,0,3.0,2,4,2,1.5,1,2,1,68.983165,12.098330000000004,75.03233,62.934,0
HIDBUV,3.78345,1.9895,4.7782,2.7887,6.1613175,2.249531,7.286083,5.036552,0.0,0,0,0,3.0,2,4,2,1.5,1,2,1,95.468665,40.89133000000001,115.91433,75.023,0
HIDCAC,6.9709,8.366399999999999,11.1541,2.7877,5.483750000000001,0.8937219999999995,5.930611,5.036889,0.0,0,0,0,3.0,2,4,2,1.5,1,2,1,93.11033,36.16799999999999,111.19433,75.02633,1
HIDCEG,5.0118,4.4506,7.2371,2.7865,6.180892,2.2837999999999994,7.322792,5.038992,0.0,0,0,0,3.0,2,4,2,1.5,1,2,1,93.234335,36.41667000000001,111.44267,75.026,0
HIDCIK,6.1584,6.773,9.5449,2.7719,5.3519705,0.563345,5.633643,5.070298,0.5,1,1,0,3.0,2,4,2,1.5,1,2,1,102.420165,54.805670000000006,129.823,75.01733,0
HIDVUM,4.91915,6.4883,8.1633,1.675,3.94365,0.5623999999999998,4.22485,3.66245,1.5,1,2,1,4.0,6,7,1,1.5,1,2,1,142.6395,24.320339999999987,154.79967,130.47933,0
HIFCOQ,7.52285,5.6585,10.3521,4.6936,5.5071365,1.018039,6.016156,4.998117,0.0,0,0,0,2.0,0,2,2,1.0,2,2,0,108.851665,129.26267,173.483,44.22033,1
HIGFUZ,3.85785,3.9111,5.8134,1.9023,4.342329,0.6480259999999998,4.666342,4.018316,1.0,0,1,1,3.0,2,4,2,2.0,2,3,1,91.282835,29.16433,105.865,76.70067,0
HIHPIY,5.260050000000001,6.9735000000000005,8.7468,1.7733,3.1564605,1.412363,3.862642,2.450279,1.5,1,2,1,2.5,3,4,1,1.0,2,2,0,135.54967,11.524,141.31167,129.78767,0
HILPOI,8.23495,13.1177,14.7938,1.6761,3.3811225,0.5632929999999998,3.662769,3.099476,1.5,1,2,1,6.5,1,7,6,2.0,2,3,1,187.40033,65.20999999999998,220.00533,154.79533,1
HINJAT,13.4441,8.3094,17.5988,9.2894,3.8849975,1.5054029999999994,4.637699,3.132296,1.0,0,1,1,2.0,0,2,2,1.0,2,2,0,143.365835,87.50232999999999,187.117,99.61467,0
HINJUN,12.19965,10.7983,17.5988,6.8005,3.954214,1.6430119999999997,4.77572,3.132708,1.0,0,1,1,2.5,1,3,2,1.5,1,2,1,145.799835,82.60833000000001,187.104,104.49567,0
HINRUU,2.1044,1.996,3.1024,1.1064,5.962006,0.0448719999999998,5.984442,5.93957,0.5,1,1,0,2.5,3,4,1,1.5,1,2,1,62.2025,3.379660000000001,63.89233,60.51267,0
HIPVAH,3.0931,3.2014000000000005,4.6938,1.4924,6.3965015,0.7609110000000001,6.776957,6.016046,0.0,0,0,0,2.0,0,2,2,1.5,3,3,0,45.919165,3.3983300000000014,47.61833,44.22,0
HIQMUT,10.34855,2.437900000000001,11.5675,9.1296,4.3302375,0.3700349999999996,4.515255,4.14522,1.0,0,1,1,2.0,0,2,2,0.5,1,1,0,126.3725,45.84233999999999,149.29367,103.45133,0
HIQNAA,9.07275,4.9889,11.5672,6.5783,4.4551405,0.6200010000000002,4.765141,4.14514,0.5,1,1,0,4.0,4,6,2,2.0,2,3,1,116.28683,66.00899999999999,149.29133,83.28233,1
HIQZIS,2.97995,2.1031000000000004,4.0315,1.9284,5.4902885,1.7713850000000004,6.375981,4.604596,0.0,0,0,0,3.5,3,5,2,3.0,2,4,2,72.43133,8.739999999999995,76.80133,68.06133,1
HISMAZ,3.86295,1.7991,4.7625,2.9634,5.8000835,2.759151,7.179659,4.420508,0.5,1,1,0,3.0,0,3,3,2.5,3,4,1,88.361835,38.71167,107.71767,69.006,0
HIVYOB,7.37655,7.6007,11.1769,3.5762,4.628292999999999,0.6310159999999998,4.943801,4.312785,0.5,1,1,0,1.5,1,2,1,1.5,3,3,0,109.971165,124.89633,172.41933,47.523,0
HIYREN,10.02265,0.022499999999999,10.0339,10.0114,4.562018500000001,0.4385149999999997,4.781276,4.342761,1.0,0,1,1,2.0,2,3,1,1.0,0,1,1,120.7365,1.2056600000000088,121.33933,120.13367,1
HOCJUH,9.5166,2.5036000000000005,10.7684,8.2648,4.4370115000000006,1.4024930000000009,5.138258,3.735765,0.5,1,1,0,3.5,1,4,3,1.5,1,2,1,132.370335,103.39732999999998,184.069,80.67167,0
HOFSAX,6.4822500000000005,7.8737,10.4191,2.5454,6.2316625000000005,3.1096630000000003,7.786494,4.676831,0.5,1,1,0,3.5,1,4,3,1.5,3,3,0,96.77067,55.8,124.67067,68.87067,0
HOFZIM,9.86545,1.3493000000000013,10.5401,9.1908,4.982933,1.0483919999999998,5.507129,4.458737,1.0,0,1,1,3.0,2,4,2,1.5,1,2,1,123.375835,58.896330000000006,152.824,93.92767,0
HOFZOS,11.18835,3.991299999999999,13.184,9.1927,4.900529,0.8848000000000003,5.342929,4.458129,1.0,0,1,1,3.0,2,4,2,1.5,1,2,1,123.55683,58.54299999999999,152.82833,94.28533,0
HOGJAR,6.8014,11.3698,12.4863,1.1165,4.6208505,2.633503,5.937602,3.304099,1.0,2,2,0,3.0,2,4,2,1.5,1,2,1,138.554835,156.08567,216.59767,60.512,0
HOLKUQ,6.9365000000000006,5.7718,9.8224,4.0506,5.619429,1.72511,6.481984,4.756874,0.0,0,0,0,2.0,2,3,1,0.5,1,1,0,81.125335,53.44133,107.846,54.40467,0
HOLPEE,3.6785,0.2744,3.8157,3.5413,4.2146095,2.272441,5.35083,3.078389,0.5,1,1,0,3.0,2,4,2,1.5,1,2,1,105.038665,52.68467,131.381,78.69633,0
HONWEN,6.27255,5.2157,8.8804,3.6647,4.76638,0.4691580000000002,5.000959,4.531801,1.0,0,1,1,1.5,1,2,1,1.0,2,2,0,82.4635,35.988339999999994,100.45767,64.46933,1
HOQGEB,3.05585,1.2385000000000002,3.6751,2.4366,5.843825000000001,0.4573840000000002,6.072517,5.615133,0.0,0,0,0,3.5,1,4,3,1.5,1,2,1,53.42567,10.511999999999992,58.68167,48.16967,0
HOSMAF,8.0881,0.5842,8.3802,7.796,4.3685165,0.9362809999999996,4.836657,3.900376,0.5,1,1,0,3.5,1,4,3,2.0,2,3,1,132.576835,30.44567,147.79967,117.354,0
HOTMEL,3.84565,0.0202999999999997,3.8558,3.8355,5.9636875,0.3357510000000001,6.131563,5.795812,0.0,0,0,0,2.5,3,4,1,0.0,0,0,0,72.88083,31.395,88.57833,57.18333,0
HOVFEF,7.773199999999999,5.748399999999999,10.6474,4.899,4.7006575,0.4872250000000004,4.94427,4.457045,1.0,2,2,0,4.5,1,5,4,1.5,1,2,1,134.70317,165.579,217.49267,51.91367,1
HOWLIR,7.267250000000001,4.3983,9.4664,5.0681,4.9942585,0.0892029999999994,5.03886,4.949657,0.5,1,1,0,3.5,1,4,3,2.0,0,2,2,112.364335,5.498670000000004,115.11367,109.615,0
HOWRAN,5.77385,4.715300000000001,8.1315,3.4162,4.3770865,4.006739,6.380456,2.373717,0.5,1,1,0,3.5,5,6,1,0.5,1,1,0,111.691,61.12266,142.25233,81.12967,0
HOWRUH,12.0326,5.728199999999999,14.8967,9.1685,4.3219675,2.1118650000000003,5.3779,3.266035,1.0,0,1,1,3.0,6,6,0,1.5,1,2,1,121.5525,47.50366,145.30433,97.80067,0
HUBPUR,4.4075,4.3476,6.5813,2.2337,4.8654905,0.2021549999999994,4.966568,4.764413,0.5,1,1,0,3.5,5,6,1,2.5,1,3,2,73.9025,18.76366,83.28433,64.52067,0
HUCRON,6.0226,1.7614,6.9033,5.1419,4.9707685,0.981669,5.461603,4.479934,0.0,0,0,0,4.0,0,4,4,2.5,3,4,1,98.146335,53.72133000000001,125.007,71.28567,0
HUCXAF,9.34275,2.4239,10.5547,8.1308,3.925014,3.101668,5.475848,2.37418,1.0,0,1,1,3.5,5,6,1,1.0,2,2,0,123.61083,37.279,142.25033,104.97133,0
HUCXEJ,10.63535,2.8881,12.0794,9.1913,5.0606715,1.2034669999999998,5.662405,4.458938,1.0,0,1,1,2.0,4,4,0,1.0,0,1,1,121.244,63.168000000000006,152.828,89.66,1
HUCYUB,8.889100000000001,3.0644,10.4213,7.3569,5.0986825,0.8481430000000003,5.522754,4.674611,1.0,0,1,1,2.5,1,3,2,1.0,2,2,0,143.895665,38.39867,163.095,124.69633,0
HUQWUN,7.321849999999999,1.8463,8.245,6.3987,4.7489085,0.5141749999999998,5.005996,4.491821,1.5,1,2,1,2.0,2,3,1,1.0,2,2,0,152.91,85.98334,195.90167,109.91833,0
HUQXAU,8.2105,3.636600000000001,10.0288,6.3922,4.449501,0.086786,4.492894,4.406108,1.5,1,2,1,2.5,3,4,1,1.5,1,2,1,155.643,80.508,195.897,115.389,0
HUQXEY,8.4331,4.0032,10.4347,6.4315,4.0152385,0.9527110000000004,4.491594,3.538883,1.5,1,2,1,3.5,5,6,1,2.0,0,2,2,167.30817000000002,57.16499999999999,195.89067,138.72567,0
HURCIH,2.8065,0.4152,3.0141,2.5989,7.229843499999999,1.1983369999999995,7.829012,6.630675,0.0,0,0,0,5.5,9,10,1,3.0,2,4,2,81.205,42.048,102.229,60.181,1
HURCON,4.05345,2.9097000000000004,5.5083,2.5986,6.8361715,0.4108429999999998,7.041593,6.63075,0.0,0,0,0,5.5,9,10,1,2.5,3,4,1,78.680835,47.09833,102.23,55.13167,0
HURDEE,1.86385,1.4703000000000002,2.599,1.1287,7.411279,1.5612199999999996,8.191889,6.630669,0.0,0,0,0,5.5,9,10,1,3.0,2,4,2,90.320165,23.81633,102.22833,78.412,0
HURMEN,8.85145,2.158899999999999,9.9309,7.772,4.8168315,1.2408330000000003,5.437248,4.196415,1.0,2,2,0,2.0,2,3,1,1.0,2,2,0,140.1095,57.339,168.779,111.44,1
HURMOW,12.56795,5.217500000000001,15.1767,9.9592,3.8341975,1.2601289999999996,4.464262,3.204133,1.5,1,2,1,4.0,4,6,2,1.5,3,3,0,168.80617,103.927,220.76967,116.84267,0
HURMOX,8.34285,1.1415000000000006,8.9136,7.7721,4.97768,0.919288,5.437324,4.518036,1.0,2,2,0,2.0,2,3,1,1.0,2,2,0,140.1355,57.29100000000001,168.781,111.49,1
HURMUC,11.87975,3.8379,13.7987,9.9608,3.813257,1.299394,4.462954,3.16356,1.5,1,2,1,4.0,4,6,2,1.5,3,3,0,168.58533,103.5,220.33533,116.83533,0
HURNEN,3.32555,2.8719,4.7615,1.8896,4.070843999999999,0.6992979999999998,4.420493,3.721195,1.5,1,2,1,2.0,2,3,1,1.5,1,2,1,111.000165,6.573670000000007,114.287,107.71333,1
HUTRAS,6.6929,1.0918,7.2388,6.147,3.789211,2.013468,4.795945,2.782477,0.5,1,1,0,2.5,3,4,1,1.5,1,2,1,101.630165,71.97433000000001,137.61733,65.643,0
HUTRIA,6.72,0.6836000000000002,7.0618,6.3782,3.989022,2.429312,5.203678,2.774366,0.5,1,1,0,3.5,5,6,1,2.5,1,3,2,110.313835,55.22767,137.92767,82.7,1
HUWNUL,4.53735,1.5249,5.2998,3.7749,5.9037945,0.8672109999999993,6.3374,5.470189,0.0,0,0,0,3.0,0,3,3,1.5,3,3,0,63.19433,16.519999999999996,71.45433,54.93433,0
HUYXUU,5.4474,1.5093999999999994,6.2021,4.6927,5.9408665,0.1514249999999997,6.016579,5.865154,0.0,0,0,0,1.5,1,2,1,0.5,1,1,0,77.595835,66.74767,110.96967,44.222,0
HUZLAP,6.68725,8.8441,11.1093,2.2652,3.9007585,0.7419569999999998,4.271737,3.52978,1.0,0,1,1,4.5,5,7,2,1.5,3,3,0,147.080835,22.330330000000004,158.246,135.91567,0
HXSUCB,10.48635,6.3551,13.6639,7.3088,4.384892,1.4162560000000002,5.09302,3.676764,0.5,1,1,0,1.5,3,3,0,0.5,1,1,0,96.014835,20.90433,106.467,85.56267,1
IAAMTA,12.3878,0.1753999999999997,12.4755,12.3001,3.9142895,0.1188489999999999,3.973714,3.854865,1.0,0,1,1,2.5,1,3,2,1.5,1,2,1,150.35483499999998,5.405670000000015,153.05767,147.652,0
IBOSEZ,4.1028,0.0865999999999997,4.1461,4.0595,7.002397,1.0474139999999998,7.526104,6.47869,0.0,0,0,0,2.0,2,3,1,0.0,0,0,0,114.423665,120.07933,174.46333,54.384,0
IBUHEW,4.351,2.393,5.5475,3.1545,6.820992,2.47318,8.057582,5.584402,0.0,0,0,0,2.5,1,3,2,1.5,1,2,1,44.312165,11.77767,50.201,38.42333,0
ICIMOX,5.8385,4.586200000000001,8.1316,3.5454,5.0411285,5.333945,7.708101,2.374156,0.5,1,1,0,3.5,5,6,1,1.0,2,2,0,89.554835,105.38833,142.249,36.86067,0
ICOPAV,9.2487,2.2358,10.3666,8.1308,3.6509085,2.553335,4.927576,2.374241,1.0,0,1,1,4.0,4,6,2,0.5,1,1,0,149.426335,14.35333,156.603,142.24967,1
ICOWAB,1.0907,2.1814,2.1814,0.0,6.4459295,3.526295000000001,8.209077,4.682782,0.0,0,0,0,5.5,9,10,1,1.5,3,3,0,73.7995,84.78166,116.19033,31.40867,0
ICUTAD,3.76975,0.5734999999999997,4.0565,3.483,6.400531,0.1582100000000004,6.479636,6.321426,0.0,0,0,0,1.5,3,3,0,0.0,0,0,0,109.531165,110.29632999999998,164.67933,54.383,0
IDAFEB,3.76455,0.3827000000000002,3.9559,3.5732,4.6975275,0.5026549999999999,4.948855,4.4462,0.5,1,1,0,3.5,3,5,2,2.0,4,4,0,123.822665,152.58267,200.114,47.53133,0
IDEVOG,2.3473,0.8897999999999997,2.7922,1.9024,4.846984,0.3620099999999997,5.027989,4.665979,0.5,1,1,0,3.0,2,4,2,2.0,2,3,1,75.86533499999999,1.6713299999999975,76.701,75.02967,0
IDIXUR,6.33085,3.1347000000000005,7.8982,4.7635,5.061427500000001,1.281313,5.702084,4.420771,0.5,1,1,0,2.0,2,3,1,2.0,2,3,1,95.818835,23.789669999999987,107.71367,83.924,0
IDODIQ01,14.01775,7.197099999999999,17.6163,10.4192,3.777908,1.7977620000000003,4.676789,2.879027,1.5,1,2,1,1.5,3,3,0,0.0,0,0,0,199.297335,149.25332999999998,273.924,124.67067,1
IDODIQ02,14.018,7.197400000000002,17.6167,10.4193,3.777959,1.7978120000000004,4.676865,2.879053,1.5,1,2,1,1.5,3,3,0,0.0,0,0,0,199.297835,149.25167000000002,273.92367,124.672,0
IDOYOS,4.20945,0.2997000000000005,4.3593,4.0596,4.9250110000000005,3.1073340000000003,6.478678,3.371344,1.5,3,3,0,1.5,3,3,0,0.0,0,0,0,138.57683,168.387,222.77033,54.38333,0
IDUNOK,4.7875,5.1080000000000005,7.3415,2.2335,3.788765,2.355838,4.966684,2.610846,1.0,0,1,1,3.5,5,6,1,1.0,2,2,0,109.06933,89.1,153.61933,64.51933,0
IFEFIL,9.55465,1.6206999999999994,10.365,8.7443,4.2725615,1.3110529999999998,4.928088,3.617035,1.0,0,1,1,4.0,4,6,2,1.0,0,1,1,147.11933,18.966000000000008,156.60233,137.63633,0
IFEGEI,9.005099999999999,2.7218,10.366,7.6442,4.388897,1.0779719999999997,4.927883,3.849911,1.5,1,2,1,2.5,1,3,2,1.0,0,1,1,159.69150000000002,6.1769999999999925,162.78,156.603,0
IFESAN,0.8027,1.6054,1.6054,0.0,3.3289665,2.785283,4.721608,1.936325,1.5,3,3,0,2.0,0,2,2,1.0,2,2,0,162.50027,215.87988,270.44021,54.56033,0
IFILAM,6.35135,4.6021,8.6524,4.0503,5.849545,1.2650860000000002,6.482088,5.217002,1.0,2,2,0,1.5,3,3,0,0.5,1,1,0,132.670835,156.53833,210.94,54.40167,0
IFOFUF,3.5912,0.9383999999999996,4.0604,3.122,5.090906,2.77498,6.478396,3.703416,0.0,0,0,0,2.5,1,3,2,0.0,0,0,0,83.581665,58.39333,112.77833,54.385,0
IFOSUT,5.23375,5.894499999999999,8.181,2.2865,3.8165125,0.5120810000000002,4.072553,3.560472,1.0,0,1,1,5.0,4,7,3,0.0,0,0,0,171.524,26.428,184.738,158.31,1
IFUSOS,9.0227,2.797400000000001,10.4214,7.624,3.831305,1.6865840000000003,4.674597,2.988013,1.0,0,1,1,2.0,2,3,1,0.0,0,0,0,175.236165,101.08033,225.77633,124.696,0
IFUVOY,6.71985,7.8527,10.6462,2.7935,4.741747,0.5676680000000003,5.025581,4.457913,1.0,2,2,0,4.5,1,5,4,1.5,1,2,1,146.2625,142.45566,217.49033,75.03467,1
IGAYEX,14.7573,7.242399999999998,18.3785,11.1361,4.6641315,0.1954570000000002,4.76186,4.566403,0.5,1,1,0,3.0,2,4,2,1.0,2,2,0,160.52516500000002,15.76766999999998,168.409,152.64133,1
IGERUJ,5.60425,3.8791,7.5438,3.6647,4.2791975,1.4428709999999998,5.000633,3.557762,1.5,1,2,1,2.0,2,3,1,1.5,1,2,1,115.25167,101.566,166.03467,64.46867,0
IHAXEW,2.1133,3.4486,3.8376,0.389,7.3931945,0.2948529999999998,7.540621,7.245768,0.0,0,0,0,3.0,2,4,2,0.0,0,0,0,98.8195,4.935659999999999,101.28733,96.35167,0
IHIGIR,5.74995,8.4223,9.9611,1.5388,5.29144,1.6573099999999998,6.120095,4.462785,0.5,1,1,0,2.0,0,2,2,0.5,1,1,0,103.4875,26.699659999999994,116.83733,90.13767,0
IHILUJ,11.15465,6.046700000000001,14.178,8.1313,3.232343,1.7180240000000002,4.091355,2.373331,1.0,0,1,1,4.0,4,6,2,0.5,1,1,0,146.527,8.539999999999992,150.797,142.257,0
IHIMEU,12.8245,2.1641999999999992,13.9066,11.7424,4.058381000000001,0.2205120000000002,4.168637,3.948125,1.0,0,1,1,2.5,1,3,2,1.0,0,1,1,131.64333,37.59599999999999,150.44133,112.84533,0
IJELUE,7.72035,4.4259,9.9333,5.5074,5.8224765000000005,2.437495,7.041224,4.603729,0.0,0,0,0,4.0,6,7,1,2.0,2,3,1,82.49983499999999,54.73167,109.86567,55.134,0
IJOCOZ,1.713,0.3444,1.8852,1.5408,5.836795,0.7827440000000001,6.228167,5.445423,2.0,2,3,1,1.0,0,1,1,1.5,1,2,1,202.13417,81.809,243.03867,161.22967,0
IJOKEX,8.70355,5.438300000000001,11.4227,5.9844,4.3354225,2.0776990000000004,5.374272,3.296573,0.5,1,1,0,2.0,0,2,2,1.5,1,2,1,113.360665,34.24133000000002,130.48133,96.24,0
IJUPEI,3.45545,2.3393,4.6251,2.2858,4.9329245,2.744433,6.305141,3.560708,0.5,1,1,0,4.0,6,7,1,1.0,2,2,0,155.6625,5.287660000000017,158.30633,153.01867,1
IKOMEC,4.96345,2.8497,6.3883,3.5386,4.704956,3.942222,6.676067,2.733845,0.5,1,1,0,5.0,4,7,3,1.0,2,2,0,163.36350000000002,187.75034,257.23867,69.48833,0
ILIZOV,8.79575,6.891500000000001,12.2415,5.35,5.1754605,0.9870169999999998,5.668969,4.681952,0.0,0,0,0,3.0,2,4,2,2.0,0,2,2,81.304,36.19800000000001,99.403,63.205,0
ILIZUB,11.11545,11.5301,16.8805,5.3504,4.8008365,0.2382030000000004,4.919938,4.681735,0.0,0,0,0,3.0,2,4,2,2.0,0,2,2,87.87950000000001,23.04766,99.40333,76.35567,0
IMAHOT,12.43915,4.427900000000001,14.6531,10.2252,4.122647,0.3129880000000002,4.279141,3.966153,1.0,0,1,1,2.0,2,3,1,1.5,1,2,1,165.80717,62.79299999999998,197.20367,134.41067,1
IMEGIR,4.83215,0.1322999999999998,4.8983,4.766,6.371596,2.8528,7.797996,4.945196,0.0,0,0,0,3.0,2,4,2,1.5,1,2,1,50.955335000000005,1.9126699999999983,51.91167,49.999,0
IMZMAL13,2.0688,1.4046,2.7711,1.3665,5.845474,1.5494880000000002,6.620218,5.07073,0.0,0,0,0,2.5,3,4,1,1.5,1,2,1,58.62416999999999,32.781,75.01467,42.23367,0
INEDIO,2.5155000000000003,0.4567999999999999,2.7439,2.2871,4.884048,2.6467760000000005,6.207436,3.56066,0.5,1,1,0,4.5,5,7,2,1.5,3,3,0,109.291835,98.02433,158.304,60.27967,1
INEDIP,12.95575,8.6955,17.3035,8.608,4.3600415,2.7289870000000005,5.724535,2.995548,0.5,1,1,0,2.5,3,4,1,1.5,1,2,1,121.2425,12.575660000000012,127.53033,114.95467,1
INEFIQ01,6.233549999999999,3.0789,7.773,4.6941,6.440605,0.8493779999999997,6.865294,6.015916,0.0,0,0,0,2.0,0,2,2,2.5,5,5,0,76.04517,63.649,107.86967,44.22067,1
INIHUL,6.3536,5.1572,8.9322,3.775,5.411299,0.1175760000000005,5.470087,5.352511,0.5,1,1,0,2.5,1,3,2,2.0,4,4,0,103.665,97.46,152.395,54.935,0
IPABOR,2.89035,4.3979,5.0893,0.6914,7.0643135,1.4246230000000004,7.776625,6.352002,0.0,0,0,0,2.5,3,4,1,1.5,3,3,0,52.6105,24.60166000000001,64.91133,40.30967,0
IPONOR,3.64325,0.8321000000000005,4.0593,3.2272,5.7511335,1.454841,6.478554,5.023713,0.0,0,0,0,2.0,2,3,1,0.0,0,0,0,102.941165,97.11167,151.497,54.38533,0
IPOPAF,5.1366,2.1528,6.213,4.0602,4.7045725,3.5474090000000005,6.478277,2.930868,0.5,1,1,0,2.5,1,3,2,0.0,0,0,0,107.012,105.25799999999998,159.641,54.383,0
IPOZAO01,4.99055,5.4487000000000005,7.7149,2.2662,3.8680825,0.675929,4.206047,3.530118,1.0,0,1,1,4.0,6,7,1,1.0,2,2,0,120.653335,75.16532999999998,158.236,83.07067,0
IRAGAL,12.3444,10.143999999999998,17.4164,7.2724,3.997029,0.739284,4.366671,3.627387,1.0,2,2,0,4.5,1,5,4,2.0,2,3,1,149.2105,96.10034,197.26067,101.16033,0
ISANIB,1.2161,1.6528,2.0425,0.3897,7.197014,0.0974380000000003,7.245733,7.148295,0.0,0,0,0,2.5,3,4,1,0.5,1,1,0,74.281335,54.01667,101.28967,47.273,0
ISEROQ,6.255249999999999,4.5497,8.5301,3.9804,6.163762,2.95373,7.640627,4.686897,0.5,1,1,0,2.5,1,3,2,0.5,1,1,0,111.61317,79.81299999999999,151.51967,71.70667,1
ISERUW,7.811949999999999,1.4314999999999998,8.5277,7.0962,6.113402,2.852276,7.53954,4.687264,0.5,1,1,0,3.0,0,3,3,1.0,2,2,0,126.363,50.318,151.522,101.204,0
ISICIX,4.68965,3.7883,6.5838,2.7955,4.8195945,0.407489,5.023339,4.61585,0.5,1,1,0,3.0,2,4,2,1.5,1,2,1,107.893,65.73266000000001,140.75933,75.02667,0
ITAPUR,6.734249999999999,2.1931000000000003,7.8308,5.6377,4.6404785,0.7804069999999994,5.030682,4.250275,1.0,0,1,1,2.0,2,3,1,1.0,2,2,0,118.304835,14.754329999999996,125.682,110.92767,0
ITAQUS,7.4853,3.6944,9.3325,5.6381,4.706211,0.64811,5.030266,4.382156,1.0,0,1,1,2.0,2,3,1,1.0,2,2,0,143.651835,35.93966999999999,161.62167,125.682,0
ITARAZ,7.00275,2.7295,8.3675,5.638,4.622510999999999,0.8155460000000003,5.030284,4.214738,0.5,1,1,0,3.0,4,5,1,1.5,1,2,1,113.39067,24.582,125.68167,101.09967,0
ITIRIP,7.7485,8.0042,11.7506,3.7464,4.10368,1.7123299999999997,4.959845,3.247515,0.0,0,0,0,7.5,9,12,3,0.5,1,1,0,149.2505,177.581,238.041,60.46,0
ITIWAL,2.88375,1.2733,3.5204,2.2471,3.9898555,1.2175949999999998,4.598653,3.381058,0.5,1,1,0,5.5,5,8,3,3.0,4,5,1,115.887,91.23466,161.50433,70.26967,0
ITIWIT,2.26755,0.0390999999999999,2.2871,2.248,4.0787505,1.0366029999999995,4.597052,3.560449,0.5,1,1,0,5.0,4,7,3,2.5,5,5,0,114.296665,88.03732999999998,158.31533,70.278,0
IVEKEC,11.377400000000002,1.0465999999999998,11.9007,10.8541,4.345741,1.519068,5.105275,3.586207,0.5,1,1,0,2.5,3,4,1,1.5,1,2,1,138.601665,93.45267,185.328,91.87533,0
IVEKIG,13.3149,4.881599999999999,15.7557,10.8741,4.1028305,2.061381,5.133521,3.07214,0.5,1,1,0,2.5,3,4,1,1.5,1,2,1,143.9615,82.62234000000001,185.27267,102.65033,0
IVEKOM,14.96235,8.1771,19.0509,10.8738,3.97587,2.316026,5.133883,2.817857,0.5,1,1,0,2.5,3,4,1,1.5,1,2,1,150.438665,69.65467,185.266,115.61133,0
IVEKUS,15.6235,9.4982,20.3726,10.8744,3.9332215,2.400307,5.133375,2.733068,0.5,1,1,0,2.5,3,4,1,1.5,1,2,1,156.528165,57.49367000000001,185.275,127.78133,0
IVEPIL,3.4104,6.819599999999999,6.8202,0.0006,8.2603925,1.0171050000000008,8.768945,7.75184,0.0,0,0,0,3.0,2,4,2,0.5,1,1,0,78.021,6.518000000000001,81.28,74.762,1
IVUKIU,8.424150000000001,1.0251,8.9367,7.9116,5.1978215,1.357347,5.876495,4.519148,1.0,0,1,1,1.5,1,2,1,1.0,2,2,0,127.627335,22.32533,138.79,116.46467,1
IVUKOA,8.4241,1.0252,8.9367,7.9115,5.1979735,1.3577529999999998,5.87685,4.519097,1.0,0,1,1,1.5,1,2,1,1.0,2,2,0,127.6285,22.32234,138.78967,116.46733,1
IVUKUG,8.66305,1.501100000000001,9.4136,7.9125,4.79849,2.155802,5.876391,3.720589,1.0,0,1,1,2.5,3,4,1,1.0,2,2,0,128.49417,20.591,138.78967,118.19867,1
IVULAN,8.663,1.5019999999999998,9.414,7.912,4.7988395,2.155883,5.876781,3.720898,1.0,0,1,1,2.5,3,4,1,1.0,2,2,0,128.49333,20.592000000000013,138.78933,118.19733,0
IVULER,8.576699999999999,1.3303999999999991,9.2419,7.9115,5.1937225,1.365913,5.876679,4.510766,1.0,0,1,1,1.5,1,2,1,1.0,2,2,0,119.35150000000002,38.88034,138.79167,99.91133,1
IVULIV,8.57795,1.3317000000000003,9.2438,7.9121,5.1931405,1.367261,5.876771,4.50951,1.0,0,1,1,1.5,1,2,1,1.0,2,2,0,119.3465,38.88566,138.78933,99.90367,0
IVULUH,7.94505,0.0678999999999998,7.979,7.9111,4.134487,3.48546,5.877217,2.391757,1.0,0,1,1,2.5,3,4,1,1.0,2,2,0,131.575665,14.432670000000002,138.792,124.35933,0
IVUMAO,8.272649999999999,0.4717000000000002,8.5085,8.0368,5.130323499999999,1.2829050000000004,5.771776,4.488871,1.0,0,1,1,1.5,1,2,1,1.0,2,2,0,126.01067,24.28400000000001,138.15267,113.86867,1
IVUMES,8.20985,0.5971000000000002,8.5084,7.9113,5.182865,1.3881559999999995,5.876943,4.488787,1.0,0,1,1,1.5,1,2,1,1.0,2,2,0,126.329835,24.92433,138.792,113.86767,0
IVUMIW,8.00065,0.487099999999999,8.2442,7.7571,5.579972,1.1467660000000004,6.153355,5.006589,1.0,0,1,1,2.0,2,3,1,1.0,2,2,0,124.3225,28.809,138.727,109.918,1
IVUMOC,8.0009,0.4875999999999996,8.2447,7.7571,5.579972,1.1473319999999996,6.153638,5.006306,1.0,0,1,1,2.0,2,3,1,1.0,2,2,0,124.3215,28.809,138.726,109.917,0
IVUNET,5.76485,3.9825,7.7561,3.7736,5.812296,0.6833159999999996,6.153954,5.470638,0.5,1,1,0,2.0,2,3,1,1.0,2,2,0,96.83117,83.78900000000002,138.72567,54.93667,0
IVUNIX,5.7661,3.9822,7.7572,3.775,5.811912,0.6835420000000001,6.153683,5.470141,0.5,1,1,0,2.0,2,3,1,1.0,2,2,0,96.8295,83.791,138.725,54.934,1
IVUPAR,5.404649999999999,5.2631,8.0362,2.7731,5.420472,0.7030840000000005,5.772014,5.06893,0.5,1,1,0,2.5,3,4,1,1.5,1,2,1,106.58167,63.13599999999998,138.14967,75.01367,0
IVUPEV,5.2632,4.9878,7.7571,2.7693,5.615045,1.077178,6.153634,5.076456,0.5,1,1,0,2.5,3,4,1,1.5,1,2,1,106.868835,63.71433,138.726,75.01167,0
IVUPIZ,4.500900000000001,6.8218000000000005,7.9118,1.09,5.9077005,0.0622150000000001,5.938808,5.876593,0.5,1,1,0,2.5,3,4,1,1.5,1,2,1,99.6465,78.28966,138.79133,60.50167,1
IVUPOF,4.5188,6.785,7.9113,1.1263,5.9068285,0.0601969999999996,5.936927,5.87673,0.5,1,1,0,2.5,3,4,1,1.5,1,2,1,99.656165,78.27232999999998,138.79233,60.52,0
IVUQOG,8.99735,1.9227000000000007,9.9587,8.036,5.1179915000000005,1.3078709999999996,5.771927,4.464056,1.0,0,1,1,1.5,1,2,1,1.0,2,2,0,127.496,21.314660000000018,138.15333,116.83867,0
IVUQUM,8.9356,2.0476,9.9594,7.9118,5.1704675,1.4125990000000002,5.876767,4.464168,1.0,0,1,1,1.5,1,2,1,1.0,2,2,0,127.815165,21.95232999999999,138.79133,116.839,0
IVURAT,8.39625,0.9696999999999996,8.8811,7.9114,5.2040245,1.3455750000000002,5.876812,4.531237,1.0,0,1,1,1.5,1,2,1,1.0,2,2,0,119.6265,38.32899999999999,138.791,100.462,0
IVUREX,8.39715,0.9726999999999996,8.8835,7.9108,5.203158500000001,1.3469550000000003,5.876636,4.529681,1.0,0,1,1,1.5,1,2,1,1.0,2,2,0,119.627665,38.33133,138.79333,100.462,0
IVURUN,8.97025,2.1169,10.0287,7.9118,5.141524499999999,1.470643,5.876846,4.406203,1.0,0,1,1,2.5,3,4,1,1.5,1,2,1,127.08967,23.402,138.79067,115.38867,1
IVUSAU,8.969899999999999,2.1171999999999995,10.0285,7.9113,5.141631,1.4707059999999998,5.876984,4.406278,1.0,0,1,1,2.5,3,4,1,1.5,1,2,1,127.0905,23.403659999999988,138.79233,115.38867,0
IVUSEY,9.34205,2.8611000000000004,10.7726,7.9115,4.8669635,2.019995,5.876961,3.856966,1.0,0,1,1,2.0,2,3,1,1.5,1,2,1,122.409165,32.76633,138.79233,106.026,1
IXAVEI,7.2816,1.4090000000000007,7.9861,6.5771,5.454621,1.3766439999999998,6.142943,4.766299,0.0,0,0,0,4.5,3,6,3,3.0,0,3,3,89.38900000000001,12.210660000000004,95.49433,83.28367,0
IXEJIE,12.34345,0.3933,12.5401,12.1468,5.0910585,0.3886570000000002,5.285387,4.89673,1.0,0,1,1,3.0,2,4,2,0.5,1,1,0,157.541835,28.172329999999988,171.628,143.45567,0
IXONEO,6.94575,1.6973000000000005,7.7944,6.0971,4.9897605,0.3067130000000002,5.143117,4.836404,1.0,0,1,1,2.0,2,3,1,2.0,2,3,1,119.103,3.482,120.844,117.362,0
IXOZIG02,4.0917,8.0786,8.131,0.0524,3.879662,3.011374,5.385349,2.373975,1.0,0,1,1,3.5,5,6,1,1.0,2,2,0,103.0515,78.399,142.251,63.852,0
IXUCIQ,11.90765,13.3401,18.5777,5.2376,4.1123235000000005,3.119851,5.672249,2.552398,0.5,1,1,0,3.0,2,4,2,1.5,3,3,0,156.320335,9.83332999999999,161.237,151.40367,1
IXUMOD,6.168950000000001,4.2167,8.2773,4.0606,5.978472,0.999632,6.478288,5.478656,1.0,2,2,0,2.5,1,3,2,0.0,0,0,0,100.7185,92.67434,147.05567,54.38133,0
IYEBIX,4.35045,1.5020999999999995,5.1015,3.5994,6.243365,2.517484,7.502107,4.984623,0.0,0,0,0,2.5,1,3,2,1.5,3,3,0,78.148,23.65000000000001,89.973,66.323,1
IYEYES,1.9844,0.6024,2.2856,1.6832,4.9972545,2.873091,6.4338,3.560709,0.5,1,1,0,4.0,6,7,1,0.5,1,1,0,139.869,36.87734,158.30767,121.43033,0
IYEYIW,2.02255,0.4842999999999999,2.2647,1.7804,5.0804,3.101066,6.630933,3.529867,0.5,1,1,0,4.0,6,7,1,0.5,1,1,0,142.0385,32.40965999999999,158.24333,125.83367,0
IZAJUO,8.44755,4.1399,10.5175,6.3776,5.166743,0.0750920000000006,5.204289,5.129197,0.0,0,0,0,4.5,3,6,3,3.0,0,3,3,88.436,11.473339999999991,94.17267,82.69933,0
IZEDAS,8.12035,9.7417,12.9912,3.2495,4.802199,2.748702,6.17655,3.427848,1.0,2,2,0,2.5,1,3,2,1.0,2,2,0,121.066835,110.91967,176.52667,65.607,0
JADGED,8.44725,4.3291,10.6118,6.2827,5.437798000000001,2.86555,6.870573,4.005023,0.0,0,0,0,3.5,3,5,2,1.5,1,2,1,86.021335,7.930670000000006,89.98667,82.056,1
JAHJIP,7.30575,4.476500000000001,9.544,5.0675,4.986356499999999,0.1056929999999995,5.039203,4.93351,0.5,1,1,0,3.5,1,4,3,1.5,1,2,1,118.7085,18.19166,127.80433,109.61267,0
JAHJOV,7.267150000000001,4.3965000000000005,9.4654,5.0689,4.994083,0.0902060000000002,5.039186,4.94898,0.5,1,1,0,3.5,1,4,3,2.0,0,2,2,112.362835,5.499669999999995,115.11267,109.613,0
JALSOE,9.20695,4.6649,11.5394,6.8745,4.0995015,1.6810170000000002,4.94001,3.258993,0.5,1,1,0,2.5,1,3,2,1.0,2,2,0,154.253665,51.20667,179.857,128.65033,0
JAMPEV,4.828049999999999,1.5339,5.595,4.0611,6.4620180000000005,0.0321260000000007,6.478081,6.445955,0.0,0,0,0,2.5,1,3,2,1.0,2,2,0,96.412,84.05933999999999,138.44167,54.38233,0
JAMQOG,5.70735,3.2957,7.3552,4.0595,6.0013190000000005,0.954778,6.478708,5.52393,0.5,1,1,0,2.5,1,3,2,1.0,2,2,0,108.745335,108.72533,163.108,54.38267,0
JAPCOS,5.1103000000000005,6.2682,8.2444,1.9762,5.3334135,0.6545170000000002,5.660672,5.006155,2.0,2,3,1,3.0,0,3,3,2.0,4,4,0,166.496,113.15866,223.07533,109.91667,0
JAPWIJ,7.64255,8.194700000000001,11.7399,3.5452,5.828636,3.759100000000001,7.708186,3.949086,0.5,1,1,0,2.0,2,3,1,1.5,1,2,1,74.851165,75.98033000000001,112.84133,36.861,0
JAQZEK,16.3562,6.268800000000001,19.4906,13.2218,3.790862,0.6389640000000005,4.110344,3.47138,1.0,0,1,1,3.0,2,4,2,0.5,1,1,0,173.44733,43.63999999999999,195.26733,151.62733,0
JARDOY,7.074450000000001,6.9223,10.5356,3.6133,3.795772,1.2055499999999997,4.398547,3.192997,1.0,2,2,0,2.5,3,4,1,1.0,0,1,1,112.5355,73.26365999999999,149.16733,75.90367,0
JARHIW,3.3306500000000003,0.5661,3.6137,3.0476,5.866577,2.9344019999999995,7.333778,4.399376,0.0,0,0,0,2.5,3,4,1,1.5,1,2,1,79.504835,7.193669999999997,83.10167,75.908,0
JARTEE,4.31615,8.6323,8.6323,0.0,5.090282,0.813866,5.497215,4.683349,0.0,0,0,0,3.5,1,4,3,1.0,2,2,0,110.5295,37.42434,129.24167,91.81733,0
JARTII,9.0297,0.8811999999999998,9.4703,8.5891,4.5538375,1.5849110000000004,5.346293,3.761382,0.0,0,0,0,3.5,1,4,3,1.5,1,2,1,105.083165,48.268330000000006,129.21733,80.949,1
JASHOB,10.94355,8.7915,15.3393,6.5478,5.038447,3.236142,6.656518,3.420376,1.0,2,2,0,4.0,2,5,3,2.0,4,4,0,159.79666500000002,98.13867000000002,208.866,110.72733,1
JASJUJ,12.9079,7.6296,16.7227,9.0931,4.8498525,0.5492849999999994,5.124495,4.57521,1.0,0,1,1,3.0,2,4,2,0.5,1,1,0,125.18917,12.367000000000004,131.37267,119.00567,0
JAWVUZ,7.021100000000001,1.2824,7.6623,6.3799,4.6122125,1.1839750000000002,5.2042,4.020225,0.5,1,1,0,3.5,5,6,1,2.5,1,3,2,83.07116500000001,0.745670000000004,83.444,82.69833,0
JAZROU,4.2388,1.3212000000000002,4.8994,3.5782,6.46963,3.0496860000000003,7.994473,4.944787,0.0,0,0,0,3.5,1,4,3,2.5,3,4,1,71.94267,40.058,91.97167,51.91367,1
JAZSAH,3.9905,4.3184000000000005,6.1497,1.8313,6.4931055,3.394579,8.190395,4.795816,0.0,0,0,0,3.5,1,4,3,2.5,3,4,1,78.9395,26.607,92.243,65.636,0
JAZSOV,4.5529,5.4344,7.2701,1.8357,6.327703,3.72426,8.189833,4.465573,0.0,0,0,0,3.5,1,4,3,2.5,3,4,1,84.924335,14.624670000000007,92.23667,77.612,0
JEBRAM,7.96265,1.0879000000000003,8.5066,7.4187,3.864557,2.332786,5.03095,2.698164,1.0,0,1,1,4.5,3,6,3,2.0,2,3,1,117.540165,44.84567,139.963,95.11733,0
JEFLEM,5.71575,4.829899999999999,8.1307,3.3008,3.9556975,3.1636010000000003,5.537498,2.373897,0.5,1,1,0,4.0,4,6,2,1.0,2,2,0,102.7775,78.951,142.253,63.302,0
JEGWUN,8.5413,11.4962,14.2894,2.7932,4.980726,0.0915879999999997,5.02652,4.934932,1.0,2,2,0,2.5,3,4,1,1.0,0,1,1,145.644835,141.22832999999997,216.259,75.03067,0
JEHXOJ,8.57645,0.6632999999999996,8.9081,8.2448,5.263332,0.5145979999999994,5.520631,5.006033,1.0,0,1,1,2.5,1,3,2,1.0,2,2,0,111.265,2.6886599999999987,112.60933,109.92067,0
JEJHAL,11.8531,11.4926,17.5994,6.1068,3.6738025,1.0833749999999998,4.21549,3.132115,1.0,0,1,1,3.0,2,4,2,2.0,0,2,2,150.210335,73.81733,187.119,113.30167,0
JEJHUF,11.17785,12.8411,17.5984,4.7573,3.7758415,1.286715,4.419199,3.132484,1.0,0,1,1,2.5,1,3,2,1.5,1,2,1,147.4225,79.39034000000001,187.11767,107.72733,0
JEJNES,8.8118,1.6660000000000004,9.6448,7.9788,3.803522,2.8227840000000004,5.214914,2.39213,1.0,0,1,1,2.5,3,4,1,0.5,1,1,0,109.188165,30.33967,124.358,94.01833,0
JEKGEL,4.68035,6.1517,7.7562,1.6045,4.4528355,0.5380830000000003,4.721877,4.183794,0.5,1,1,0,3.5,3,5,2,1.0,2,2,0,125.316165,141.50367,196.068,54.56433,0
JENKUM,4.39365,0.6000999999999994,4.6937,4.0936,5.4182545,1.1956509999999998,6.01608,4.820429,0.5,1,1,0,2.0,0,2,2,1.0,2,2,0,109.395,130.35066,174.57033,44.21967,0
JETJEY,6.49585,0.2356999999999995,6.6137,6.378,4.849406,0.7086640000000006,5.203738,4.495074,1.5,3,3,0,3.5,5,6,1,2.5,1,3,2,147.41,129.41866,212.11933,82.70067,1
JETTOU,4.0013,0.1157999999999996,4.0592,3.9434,5.276303,2.4045,6.478553,4.074053,0.5,1,1,0,2.0,2,3,1,0.0,0,0,0,91.637835,74.51233,128.894,54.38167,0
JEYTUG,4.0198,0.0822000000000002,4.0609,3.9787,5.455038500000001,2.046027,6.478052,4.432025,0.5,1,1,0,2.0,2,3,1,0.0,0,0,0,113.886335,119.00667,173.38967,54.383,0
JEZFUT,7.2631,2.652799999999999,8.5895,5.9367,4.677654,1.8324260000000003,5.593867,3.761441,0.5,1,1,0,3.0,2,4,2,1.5,1,2,1,88.173165,14.444330000000008,95.39533,80.951,0
JICSIB,15.5126,13.024399999999998,22.0248,9.0004,4.607778,0.3166039999999999,4.76608,4.449476,1.0,0,1,1,2.5,1,3,2,0.5,1,1,0,139.26467,28.51800000000001,153.52367,125.00567,0
JIFMAQ,3.3946,3.0094000000000003,4.8993,1.8899,4.3328445,1.223985,4.944837,3.720852,1.0,2,2,0,2.5,3,4,1,1.5,1,2,1,83.10116500000001,62.37433,114.28833,51.914,0
JILWUW,5.46895,2.0159,6.4769,4.461,4.3965715,2.400141,5.596642,3.196501,0.5,1,1,0,3.0,4,5,1,0.5,1,1,0,116.088335,90.91333,161.545,70.63167,0
JIMBAI,1.92625,2.4229000000000003,3.1377,0.7148,4.984068,2.52895,6.248543,3.719593,0.0,0,0,0,2.0,2,3,1,0.0,0,0,0,125.679665,13.185330000000008,132.27233,119.087,0
JIMVUX,5.1398,2.1602,6.2199,4.0597,6.0716565,0.8133410000000003,6.478327,5.664986,0.5,1,1,0,2.5,1,3,2,0.0,0,0,0,92.279,75.79534000000001,130.17667,54.38133,0
JIPZEO,6.1114500000000005,4.1043,8.1636,4.0593,5.964845,1.0278420000000006,6.478766,5.450924,0.5,1,1,0,3.0,0,3,3,0.5,1,1,0,92.834665,76.90467000000001,131.287,54.38233,1
JIQFAT,10.16675,10.8135,15.5735,4.76,4.7301455,0.6196350000000006,5.039963,4.420328,0.5,1,1,0,2.5,1,3,2,1.5,1,2,1,107.1805,1.0783399999999972,107.71967,106.64133,0
JIQFEX,14.2268,6.3482,17.4009,11.0527,4.419734,0.9625799999999995,4.901024,3.938444,0.5,1,1,0,2.5,1,3,2,1.5,1,2,1,106.2025,0.5916599999999903,106.49833,105.90667,0
JIQFIB,10.8394,9.4668,15.5728,6.106,4.627651500000001,0.8243289999999996,5.039816,4.215487,0.5,1,1,0,3.0,2,4,2,2.0,0,2,2,109.974,6.659999999999997,113.304,106.644,0
JIQFUN,10.32095,10.5033,15.5726,5.0693,5.039559000000001,0.0010120000000002,5.040065,5.039053,0.5,1,1,0,3.0,2,4,2,2.0,0,2,2,108.128335,2.972670000000008,109.61467,106.642,0
JIQGIC,10.9755,9.194399999999998,15.5727,6.3783,5.1221055,0.1629889999999996,5.2036,5.040611,0.0,0,0,0,4.0,4,6,2,2.5,1,3,2,94.67017,23.943,106.64167,82.69867,1
JIQHAT,7.0767,7.068199999999999,10.6108,3.5426,2.6130145,0.9287949999999996,3.077412,2.148617,0.0,0,0,0,4.5,1,5,4,1.5,1,2,1,180.359835,97.96433000000002,229.342,131.37767,1
JIRXER,4.28695,4.7959,6.6849,1.889,4.339198,1.2368599999999996,4.957628,3.720768,1.5,1,2,1,2.5,3,4,1,1.5,1,2,1,115.959665,3.3406699999999887,117.63,114.28933,0
JISRUZ,2.13505,3.8417,4.0559,0.2142,5.517974000000001,1.9240120000000005,6.47998,4.555968,0.0,0,0,0,2.0,2,3,1,0.0,0,0,0,104.57583,100.377,154.76433,54.38733,0
JISZAM,6.58075,3.1005000000000003,8.131,5.0305,3.8498505,2.951667,5.325684,2.374017,1.0,0,1,1,4.0,4,6,2,0.5,1,1,0,147.82799999999995,11.147999999999996,153.402,142.254,0
JIYGUW,3.66995,0.1098999999999996,3.7249,3.615,6.273257,3.749308000000001,8.147911,4.398603,0.0,0,0,0,2.0,4,4,0,1.0,0,1,1,81.59899999999999,11.384,87.291,75.907,0
JIYPOZ,6.67605,5.234100000000001,9.2931,4.059,6.134509,0.688472,6.478745,5.790273,0.5,1,1,0,3.0,0,3,3,0.0,0,0,0,82.2875,55.80765999999999,110.19133,54.38367,0
JIYQAM,5.97115,3.8229,7.8826,4.0597,5.4626595,2.0320409999999995,6.47868,4.446639,1.0,2,2,0,3.5,1,4,3,0.0,0,0,0,126.4685,144.16966,198.55333,54.38367,0
JIYQEQ,7.760949999999999,7.402499999999999,11.4622,4.0597,5.3191585,2.318529,6.478423,4.159894,1.0,2,2,0,2.0,2,3,1,0.0,0,0,0,103.363835,97.96233,152.345,54.38267,0
JIYQIU,6.4102,4.7026,8.7615,4.0589,5.3548825,2.2475890000000005,6.478677,4.231088,1.0,2,2,0,2.5,1,3,2,0.0,0,0,0,105.6195,102.46766,156.85333,54.38567,0
JIZZIB,1.03155,1.7047,1.8839,0.1792,4.512347,2.3435139999999994,5.684104,3.34059,1.0,0,1,1,2.5,1,3,2,0.5,1,1,0,131.41283,39.059,150.94233,111.88333,0
JOBZUY,3.19285,6.3847000000000005,6.3852,0.0005,5.682430999999999,1.9968700000000004,6.680866,4.683996,0.0,0,0,0,2.5,3,4,1,1.0,2,2,0,80.648335,22.355329999999995,91.826,69.47067,0
JOCBAH,8.9936,5.215000000000001,11.6011,6.3861,4.9463875,3.4614350000000003,6.677105,3.21567,0.5,1,1,0,3.5,5,6,1,2.0,0,2,2,107.56,76.13666,145.62833,69.49167,0
JODKOD,7.46505,3.913900000000001,9.422,5.5081,5.396952000000001,3.2907260000000003,7.042315,3.751589,0.5,1,1,0,2.0,2,3,1,0.5,1,1,0,106.455165,102.65767,157.784,55.12633,0
JOJJOH,10.32565,5.7193,13.1853,7.466,4.0002955,2.688947,5.344769,2.655822,1.0,0,1,1,5.0,6,8,2,1.0,2,2,0,132.876665,77.17333,171.46333,94.29,0
JOKPUW,4.10125,3.0933,5.6479,2.5546,4.8034535,1.195653,5.40128,4.205627,0.0,0,0,0,3.0,2,4,2,0.5,1,1,0,119.3965,97.93834,168.36567,70.42733,0
JONSAG,6.05095,7.4039,9.7529,2.349,5.582161,1.5748680000000004,6.369595,4.794727,0.0,0,0,0,3.0,2,4,2,0.0,0,0,0,140.905,85.15465999999999,183.48233,98.32767,0
JOSLAG,5.7197,2.0516,6.7455,4.6939,4.389657,3.252466,6.01589,2.763424,0.5,1,1,0,1.5,1,2,1,0.5,1,1,0,115.356665,142.27267,186.493,44.22033,0
JOTKIM,3.43,4.1976,5.5288,1.3312,5.515024,0.1033040000000005,5.566676,5.463372,0.5,1,1,0,2.0,0,2,2,1.0,2,2,0,75.21983,80.57499999999999,115.50733,34.93233,1
JOXBAB,7.050800000000001,2.9590000000000005,8.5303,5.5713,4.42509,1.3996879999999998,5.124934,3.725246,0.5,1,1,0,3.0,2,4,2,1.5,3,3,0,80.57833,18.942,90.04933,71.10733,0
JOXZOL,6.6561,3.9206,8.6164,4.6958,5.65014,0.7290319999999992,6.014656,5.285624,0.0,0,0,0,2.0,0,2,2,1.0,2,2,0,84.3615,80.28166,124.50233,44.22067,0
JUBBEQ,8.5974,1.5493999999999994,9.3721,7.8227,5.9878885,2.352569,7.164173,4.811604,0.5,1,1,0,2.5,1,3,2,1.0,2,2,0,94.622165,112.15033,150.69733,38.547,0
JUFVAJ,2.006,1.1862,2.5991,1.4129,7.3240015,1.3876969999999993,8.01785,6.630153,0.0,0,0,0,5.5,9,10,1,3.0,2,4,2,84.30633499999999,35.851330000000004,102.232,66.38067,1
JUGQEH,5.202249999999999,1.0126999999999995,5.7086,4.6959,5.959564,0.1014559999999997,6.010292,5.908836,0.0,0,0,0,1.5,1,2,1,0.5,1,1,0,96.308835,104.16767000000002,148.39267,44.225,0
JUGWOZ,8.2462,3.0592000000000006,9.7758,6.7166,3.4694875,1.803349,4.371162,2.567813,1.0,0,1,1,2.5,3,4,1,1.0,2,2,0,122.53067,55.502,150.28167,94.77967,0
JUGWUF,6.9272,0.4147999999999996,7.1346,6.7198,3.5449245,1.956611,4.52323,2.566619,1.0,0,1,1,2.5,3,4,1,1.0,2,2,0,118.636165,63.32633,150.29933,86.973,0
JUNDAA,6.3191,10.8376,11.7379,0.9003,6.194643,4.490526000000001,8.439906,3.94938,0.5,1,1,0,2.0,2,3,1,1.5,1,2,1,97.981165,29.71967,112.841,83.12133,1
JUNDEE,6.677700000000001,10.118,11.7367,1.6187,5.9679605,4.037061,7.986491,3.94943,0.5,1,1,0,2.0,2,3,1,1.5,1,2,1,86.9295,51.819660000000006,112.83933,61.01967,0
JUPBII,3.10515,0.6221000000000001,3.4162,2.7941,5.156000000000001,0.2649160000000004,5.288458,5.023542,0.5,1,1,0,3.5,1,4,3,2.0,2,3,1,106.55333,63.042,138.07433,75.03233,0
JUVNUM,11.6782,3.4382,13.3973,9.9591,4.4219915,0.7100609999999996,4.777022,4.066961,1.0,0,1,1,2.5,1,3,2,1.0,2,2,0,133.86433,77.00799999999998,172.36833,95.36033,0
JUWNUM,3.25785,0.9287,3.7222,2.7935,4.380189,1.290254,5.025316,3.735062,1.0,2,2,0,3.0,2,4,2,1.5,1,2,1,112.056165,74.04633,149.07933,75.033,0
JUZCEP,1.398,0.1405999999999998,1.4683,1.3277,4.887589,1.1511360000000002,5.463157,4.312021,0.5,1,1,0,2.5,1,3,2,1.0,2,2,0,101.746335,133.60867,168.55067,34.942,0
KABPOU,6.3936,8.2138,10.5005,2.2867,4.020781,0.9203440000000004,4.480953,3.560609,1.0,0,1,1,6.0,2,7,5,1.5,3,3,0,173.58433000000002,30.566000000000003,188.86733,158.30133,0
KABYAQ,8.55885,5.156899999999999,11.1373,5.9804,5.1804735,1.2283650000000002,5.794656,4.566291,1.0,2,2,0,3.0,2,4,2,1.0,2,2,0,172.33017,39.38300000000001,192.02167,152.63867,1
KADFUR,13.2556,2.672600000000001,14.5919,11.9193,3.680667,0.4965619999999999,3.928948,3.432386,1.0,2,2,0,4.0,4,6,2,1.5,3,3,0,163.325,111.97334,219.31167,107.33833,0
KADGAY,11.99555,5.162700000000001,14.5769,9.4142,3.493941,0.4529540000000001,3.720418,3.267464,1.5,1,2,1,5.0,2,6,4,1.5,3,3,0,169.621835,102.84833,221.046,118.19767,0
KAGPIV,9.04845,2.772499999999999,10.4347,7.6622,3.779446,0.4813139999999998,4.020103,3.538789,1.0,0,1,1,3.5,5,6,1,2.0,0,2,2,111.08667,55.28199999999998,138.72767,83.44567,0
KAGPOB,9.0492,2.774400000000001,10.4364,7.662,3.7794965,0.4825489999999997,4.020771,3.538222,1.0,0,1,1,3.5,5,6,1,2.0,0,2,2,111.084835,55.283670000000015,138.72667,83.443,0
KAGPUH,9.0477,2.7714000000000008,10.4334,7.662,3.779815,0.4810819999999998,4.020356,3.539274,1.0,0,1,1,3.5,5,6,1,2.0,0,2,2,111.08533,55.282,138.72633,83.44433,0
KAHCUV01,3.5545,2.4148,4.7619,2.3471,6.205769999999999,3.57026,7.9909,4.42064,0.5,1,1,0,3.0,0,3,3,2.5,3,4,1,118.923835,22.42033,130.134,107.71367,0
KAHFAE,5.53555,4.8871,7.9791,3.092,5.180589,5.57717,7.969174,2.392004,0.5,1,1,0,3.5,1,4,3,2.0,4,4,0,108.30917,32.099000000000004,124.35867,92.25967,0
KAKXAY,9.6764,3.8092,11.581,7.7718,4.9390655,0.997319,5.437725,4.440406,1.5,1,2,1,2.0,2,3,1,1.5,1,2,1,150.521835,36.51032999999998,168.777,132.26667,1
KALQUM,7.33075,0.6629000000000005,7.6622,6.9993,4.2975805000000005,0.5543090000000008,4.574735,4.020426,0.5,1,1,0,3.0,4,5,1,2.0,0,2,2,81.61033499999999,3.668670000000006,83.44467,79.776,0
KALZUT,4.18835,1.0117000000000005,4.6942,3.6825,6.286682,0.5420400000000001,6.557702,6.015662,0.0,0,0,0,1.5,1,2,1,1.0,2,2,0,66.87,45.302,89.521,44.219,0
KAMREW,5.01965,2.3989000000000003,6.2191,3.8202,6.3581455,2.953735,7.835013,4.881278,0.0,0,0,0,3.5,5,6,1,2.5,1,3,2,71.915165,22.099670000000003,82.965,60.86533,0
KAPVAY,7.4511,3.7392,9.3207,5.5815,4.970725,1.352982,5.647216,4.294234,1.0,0,1,1,1.5,1,2,1,1.0,2,2,0,119.973665,16.535330000000002,128.24133,111.706,1
KAPVUS,9.41665,7.6711,13.2522,5.5811,4.622627,2.049354,5.647304,3.59795,1.0,0,1,1,2.0,2,3,1,1.0,2,2,0,129.917665,36.42133000000001,148.12833,111.707,1
KAPYIJ,8.2882,5.413800000000001,10.9951,5.5813,4.7873025,1.7197209999999998,5.647163,3.927442,1.0,0,1,1,1.5,1,2,1,1.0,2,2,0,133.579335,43.74333,155.451,111.70767,1
KAQBAF,6.828749999999999,0.0895000000000001,6.8735,6.784,5.1935985,0.8408949999999997,5.614046,4.773151,1.0,0,1,1,2.0,2,3,1,1.0,2,2,0,127.097165,31.610330000000005,142.90233,111.292,1
KASWEI,4.8406,7.636800000000001,8.659,1.0222,6.2132155,3.976161,8.201296,4.225135,0.5,1,1,0,2.5,3,4,1,2.0,0,2,2,94.48567,32.04400000000001,110.50767,78.46367,0
KASXAF,5.0049,7.753400000000001,8.8816,1.1282,6.361415000000001,3.6607980000000007,8.191814,4.531016,0.5,1,1,0,1.5,1,2,1,1.0,2,2,0,89.437,22.052660000000003,100.46333,78.41067,0
KASXIN,2.94465,3.6329,4.7611,1.1282,6.306682,3.7704460000000006,8.191905,4.421459,0.5,1,1,0,2.0,2,3,1,1.5,1,2,1,93.0585,29.292999999999992,107.705,78.412,0
KAXLII,16.8494,12.5598,23.1293,10.5695,3.5191005,2.037083,4.537642,2.500559,1.0,2,2,0,3.5,1,4,3,2.0,2,3,1,165.664665,50.33533,190.83233,140.497,0
KAXMIJ,12.59525,3.9651,14.5778,10.6127,3.636735,0.7369239999999997,4.005197,3.268273,1.0,2,2,0,5.5,1,6,5,2.0,2,3,1,155.51467,131.05599999999998,221.04267,89.98667,0
KAZNAD,10.24135,12.3567,16.4197,4.063,5.5786075,1.797409,6.477312,4.679903,0.5,1,1,0,1.5,3,3,0,0.0,0,0,0,125.134,141.51334,195.89067,54.37733,1
KECJEK,7.20315,2.360899999999999,8.3836,6.0227,4.596355,0.0338139999999995,4.613262,4.579448,1.0,0,1,1,2.0,2,3,1,0.5,1,1,0,123.3975,7.04234000000001,126.91867,119.87633,0
KECTOB,7.9054,0.2176000000000009,8.0142,7.7966,4.781162,0.110792,4.836558,4.725766,1.0,0,1,1,3.0,0,3,3,1.5,1,2,1,146.3785,58.06034,175.40867,117.34833,1
KEGSEV,4.71295,1.3064999999999998,5.3662,4.0597,5.309734000000001,2.337808,6.478638,4.14083,0.5,1,1,0,3.0,0,3,3,1.0,2,2,0,120.349,131.932,186.315,54.383,0
KEKHAK,7.8671,11.9552,13.8447,1.8895,3.1302685,1.1815829999999998,3.72106,2.539477,1.5,1,2,1,2.5,3,4,1,1.0,2,2,0,135.3355,42.09699999999998,156.384,114.287,0
KELVEE,6.59445,9.5289,11.3589,1.83,6.234588499999999,3.909033,8.189105,4.280072,0.5,1,1,0,3.0,0,3,3,2.0,4,4,0,114.959165,45.42967,137.674,92.24433,0
KEMXEF,10.15795,12.7689,16.5424,3.7735,5.1987705,0.5436009999999998,5.470571,4.92697,0.5,1,1,0,3.0,0,3,3,1.0,2,2,0,130.475335,151.07467000000003,206.01267,54.938,0
KEQPEC,4.5585,2.0290000000000004,5.573,3.544,4.1007555,2.048087,5.124799,3.076712,0.0,0,0,0,3.0,2,4,2,2.0,2,3,1,101.2445,60.272340000000014,131.38067,71.10833,0
KERMID,7.0377,6.7676,10.4215,3.6539,6.148281,2.947388,7.621975,4.674587,0.5,1,1,0,3.0,0,3,3,1.5,3,3,0,89.821335,69.74732999999999,124.695,54.94767,0
KERMOJ,7.1335,4.7342,9.5006,4.7664,6.313442,2.9686440000000003,7.797764,4.82912,0.5,1,1,0,2.5,1,3,2,1.0,2,2,0,88.337165,76.67767,126.676,49.99833,0
KERMUP,7.160299999999999,2.1686000000000005,8.2446,6.076,6.2318425,2.451487,7.457586,5.006099,0.5,1,1,0,2.5,1,3,2,1.0,2,2,0,98.41167,23.01400000000001,109.91867,86.90467,0
KERQUV,10.28955,10.3771,15.4781,5.101,5.068486500000001,0.1681409999999994,5.152557,4.984416,0.5,1,1,0,2.0,0,2,2,0.5,1,1,0,97.4065,14.863,104.838,89.975,0
KESKOM,5.65185,7.5255,9.4146,1.8891,3.7208995,0.0001529999999996,3.720976,3.720823,1.5,1,2,1,2.5,3,4,1,1.0,2,2,0,116.24233,3.908000000000001,118.19633,114.28833,0
KETSUY,8.42765,3.9893,10.4223,6.433,5.69768,2.0440140000000007,6.719687,4.675673,0.5,1,1,0,2.5,1,3,2,2.0,4,4,0,87.422,74.48934,124.66667,50.17733,0
KEVSAG,7.43365,3.723700000000001,9.2955,5.5718,4.21889,1.812114,5.124947,3.312833,0.5,1,1,0,3.5,3,5,2,1.5,3,3,0,145.479835,148.74232999999998,219.851,71.10867,0
KEWDAV,4.27825,0.4330999999999996,4.4948,4.0617,4.7542555,3.446917,6.477714,3.030797,1.0,2,2,0,2.5,1,3,2,0.0,0,0,0,138.6625,168.583,222.954,54.371,0
KEWGAY,9.66305,2.567499999999999,10.9468,8.3793,4.0732375,1.0208990000000004,4.583687,3.562788,1.5,1,2,1,2.0,2,3,1,1.0,2,2,0,187.526335,121.23067,248.14167,126.911,0
KEWKOP,7.49855,5.861900000000001,10.4295,4.5676,4.976535,1.251296,5.602183,4.350887,1.0,0,1,1,2.5,1,3,2,1.0,2,2,0,107.778,17.799999999999997,116.678,98.878,0
KEXXUG,10.541,7.246199999999999,14.1641,6.9179,4.516488,1.6078500000000004,5.320413,3.712563,0.5,1,1,0,3.0,2,4,2,1.0,0,1,1,130.812335,105.75533,183.69,77.93467,0
KEXYAN,6.211,12.422,12.422,0.0,4.932805,0.497922,5.181766,4.683844,0.5,1,1,0,3.0,2,4,2,0.5,1,1,0,139.549665,95.46667,187.283,91.81633,0
KEZFIG,7.1598500000000005,7.2273,10.7735,3.5462,5.782501,3.85258,7.708791,3.856211,0.5,1,1,0,2.0,2,3,1,1.5,1,2,1,71.446335,69.16933,106.031,36.86167,1
KEZFUS,7.37915,7.668899999999999,11.2136,3.5447,5.8997720000000005,3.617634,7.708589,4.090955,0.5,1,1,0,1.5,1,2,1,1.0,2,2,0,75.96182999999999,78.203,115.06333,36.86033,1
KICMAL,8.636050000000001,9.1547,13.2134,4.0587,5.592203,1.7735379999999994,6.478972,4.705434,0.5,1,1,0,1.5,3,3,0,0.0,0,0,0,131.670835,154.57367,208.95767,54.384,1
KICVOJ,13.53395,5.954099999999999,16.511,10.5569,3.937442,1.2095160000000005,4.5422,3.332684,1.5,1,2,1,3.0,0,3,3,2.0,2,3,1,167.38383,47.09299999999999,190.93033,143.83733,0
KICVUP,9.0492,3.0422,10.5703,7.5281,4.629358,0.183014,4.720865,4.537851,1.5,1,2,1,3.5,1,4,3,1.5,3,3,0,161.537665,58.58332999999999,190.82933,132.246,0
KICWEA01,9.47105,2.1724999999999994,10.5573,8.3848,4.560829,0.0364059999999994,4.579032,4.542626,1.5,1,2,1,3.0,0,3,3,1.5,3,3,0,158.918,63.998000000000005,190.917,126.919,0
KICWEA,9.4762,2.1844,10.5684,8.384,4.558553,0.0418959999999994,4.579501,4.537605,1.5,1,2,1,3.0,0,3,3,1.5,3,3,0,158.87633,63.908,190.83033,126.92233,0
KIDLOB,6.4805,3.844,8.4025,4.5585,3.767912,1.93775,4.736787,2.799037,1.0,0,1,1,4.0,2,5,3,1.0,2,2,0,152.54500000000002,43.542659999999984,174.31633,130.77367,0
KIDMAO,10.76395,4.721500000000001,13.1247,8.4032,3.8072305,2.017475,4.815968,2.798493,1.5,1,2,1,5.5,1,6,5,1.5,3,3,0,188.96067,116.36,247.14067,130.78067,0
KIDNIV,13.2316,2.5548,14.509,11.9542,3.603224,0.4899820000000003,3.848215,3.358233,1.0,0,1,1,4.0,0,4,4,1.5,1,2,1,163.0565,79.617,202.865,123.248,0
KIGMIX,6.007,6.4266000000000005,9.2203,2.7937,4.5433055,0.962465,5.024538,4.062073,1.0,2,2,0,3.5,1,4,3,2.0,2,3,1,127.455,104.84266,179.87633,75.03367,0
KIKLEW,2.5441000000000003,0.5150000000000001,2.8016,2.2866,4.468971,1.816502,5.377222,3.56072,1.0,0,1,1,4.0,6,7,1,1.0,2,2,0,111.1855,94.237,158.304,64.067,0
KIPBIX,8.2664,0.9412000000000004,8.737,7.7958,4.163894,1.3452219999999997,4.836505,3.491283,1.5,1,2,1,2.5,1,3,2,1.5,1,2,1,154.83917,74.97700000000002,192.32767,117.35067,0
KIQRIN,3.8905,1.4615999999999998,4.6213,3.1597,5.047057000000001,4.557842,7.325978,2.768136,0.5,1,1,0,4.0,6,7,1,1.0,0,1,1,148.4375,163.04700000000005,229.961,66.914,0
KITGEC,3.821,3.5018,5.5719,2.0701,5.0146605,0.2205509999999995,5.124936,4.904385,0.0,0,0,0,2.5,1,3,2,2.5,1,3,2,78.614,15.013999999999996,86.121,71.107,0
KITLUV,9.0582,1.0342000000000002,9.5753,8.5411,4.458296,2.737698,5.827145,3.089447,2.0,2,3,1,2.0,2,3,1,1.5,1,2,1,180.2335,106.57966,233.52333,126.94367,1
KIXCIE,5.127700000000001,6.477200000000001,8.3663,1.8891,4.2843610000000005,1.1270680000000004,4.847895,3.720827,1.5,1,2,1,2.5,3,4,1,1.5,1,2,1,132.44733,36.31999999999999,150.60733,114.28733,0
KIXCUQ,5.61195,7.1587,9.1913,2.0326,4.190921,0.5358539999999996,4.458848,3.922994,1.5,1,2,1,3.0,2,4,2,1.5,1,2,1,143.134,19.382660000000016,152.82533,133.44267,0
KOBGIV,6.7958,0.1188000000000002,6.8552,6.7364,4.1094745,2.572391,5.39567,2.823279,0.5,1,1,0,4.0,2,5,3,0.5,1,1,0,127.81067000000002,18.546000000000006,137.08367,118.53767,0
KOBHES,7.4282,3.7398,9.2981,5.5583,5.118915,3.253746,6.745788,3.492042,0.5,1,1,0,4.0,2,5,3,0.5,1,1,0,114.901335,24.80667,127.30467,102.498,0
KOBHIW,7.688549999999999,3.2162999999999995,9.2967,6.0804,4.597580000000001,2.211462,5.703311,3.491849,0.5,1,1,0,4.0,2,5,3,0.5,1,1,0,123.067,8.483999999999995,127.309,118.825,0
KOBNIB01,7.241049999999999,4.9173,9.6997,4.7824,4.1065615,1.420459,4.816791,3.396332,0.5,1,1,0,3.0,4,5,1,2.0,0,2,2,103.32967,5.761999999999986,106.21067,100.44867,0
KODKIX,9.9998,4.1,12.0498,7.9498,4.4025375,0.5163890000000002,4.660732,4.144343,2.5,3,4,1,3.0,2,4,2,2.5,1,3,2,243.533665,96.23133,291.64933,195.418,0
KODLAT,16.15715,13.6455,22.9799,9.3344,3.4072765,1.4284769999999996,4.121515,2.693038,1.0,0,1,1,6.5,1,7,6,3.0,2,4,2,162.119,18.47266000000002,171.35533,152.88267,0
KOKHAV,7.3223,7.0966,10.8706,3.774,4.62022,1.70094,5.47069,3.76975,0.5,1,1,0,3.5,1,4,3,0.5,1,1,0,109.11583,108.35099999999998,163.29133,54.94033,0
KOMTUC,3.8967,3.2236,5.5085,2.2849,5.3010325,3.4804690000000003,7.041267,3.560798,0.5,1,1,0,4.0,6,7,1,0.5,1,1,0,106.717835,103.17233,158.304,55.13167,0
KOSYIA,11.24655,5.2781,13.8856,8.6075,5.0157985,1.418367,5.724982,4.306615,1.0,0,1,1,2.5,3,4,1,1.0,2,2,0,163.94,72.82066000000002,200.35033,127.52967,1
KOSYOG,11.213,5.343,13.8845,8.5415,5.066893,1.52041,5.827098,4.306688,1.0,0,1,1,2.5,3,4,1,1.0,2,2,0,163.64917,73.40500000000002,200.35167,126.94667,0
KOTMAJ,7.78355,0.0249000000000005,7.796,7.7711,5.1369515,0.601153,5.437528,4.836375,1.5,1,2,1,2.0,2,3,1,1.5,1,2,1,143.067165,51.42833,168.78133,117.353,0
KOTMEN,7.78295,0.0245000000000006,7.7952,7.7707,5.1370525,0.600975,5.43754,4.836565,1.5,1,2,1,2.0,2,3,1,1.5,1,2,1,143.06983499999998,51.42632999999999,168.783,117.35667,1
KOTNOY,7.78395,0.0257000000000005,7.7968,7.7711,5.1372375,0.6007229999999995,5.437599,4.836876,1.5,1,2,1,2.0,2,3,1,1.5,1,2,1,143.066335,51.43133000000002,168.782,117.35067,1
KOVDUU,11.94485,3.606500000000001,13.7481,10.1416,4.493466,1.4437379999999995,5.215335,3.771597,0.5,1,1,0,1.5,1,2,1,1.0,2,2,0,123.8195,15.72366000000001,131.68133,115.95767,0
KOXWEB,8.5471,2.8252,9.9597,7.1345,4.295019,0.4566560000000006,4.523347,4.066691,1.0,0,1,1,2.0,2,3,1,1.0,2,2,0,91.165835,8.388329999999996,95.36,86.97167,0
KOYWAW,2.0514,0.4714,2.2871,1.8157,5.8546675,4.588279,8.148807,3.560528,0.5,1,1,0,4.0,6,7,1,0.5,1,1,0,114.34767,87.916,158.30567,70.38967,0
KUDXIS,9.41255,2.0192999999999994,10.4222,8.4029,4.991593999999999,0.6343719999999999,5.30878,4.674408,0.5,1,1,0,3.5,1,4,3,2.0,4,4,0,103.618165,42.14833,124.69233,82.544,0
KUFBOC,7.68505,8.0411,11.7056,3.6645,4.574650999999999,0.852678,5.00099,4.148312,1.0,0,1,1,2.0,2,3,1,1.0,2,2,0,108.9255,88.91633999999999,153.38367,64.46733,0
KUFWIT,13.2566,11.8338,19.1735,7.3397,3.082208,0.9430199999999996,3.553718,2.610698,1.0,0,1,1,4.5,3,6,3,1.0,2,2,0,167.984665,28.70467,182.337,153.63233,0
KUJYOD,2.13235,0.4341000000000001,2.3494,1.9153,6.965285,1.1915319999999996,7.561051,6.369519,0.0,0,0,0,2.0,4,4,0,0.0,0,0,0,120.178835,43.68832999999999,142.023,98.33467,0
KULSOA01,4.1253,1.0184000000000002,4.6345,3.6161,4.89856,1.000114,5.398617,4.398503,0.5,1,1,0,3.0,2,4,2,2.0,2,3,1,78.443165,5.074329999999989,80.98033,75.906,0
KULSOA,4.1245,1.0177999999999998,4.6334,3.6156,4.8988475000000005,1.0009009999999998,5.399298,4.398397,0.5,1,1,0,3.0,2,4,2,2.0,2,3,1,78.44032999999999,5.067999999999998,80.97433,75.90633,0
KUPBAB,4.71895,0.0478999999999993,4.7429,4.695,4.847967000000001,2.324342000000001,6.010138,3.685796,1.0,2,2,0,2.0,0,2,2,0.5,1,1,0,118.736335,149.01933000000002,193.246,44.22667,0
KUQQUJ,10.8884,0.6394000000000002,11.2081,10.5687,4.3155345,0.4441710000000007,4.53762,4.093449,1.5,1,2,1,2.5,1,3,2,1.5,3,3,0,152.96249999999998,75.749,190.837,115.088,0
KUQRAQ,7.9895,5.1582,10.5686,5.4104,4.4104015,0.2539750000000005,4.537389,4.283414,1.5,1,2,1,3.5,1,4,3,2.0,2,3,1,147.099665,87.46732999999999,190.83333,103.366,0
KUQREU,10.22185,0.692499999999999,10.5681,9.8756,4.4441395,0.1871610000000005,4.53772,4.350559,1.5,1,2,1,2.5,1,3,2,1.5,3,3,0,161.9735,57.71233999999998,190.82967,133.11733,0
KUQVOI,7.516199999999999,4.521,9.7767,5.2557,5.193543999999999,0.1538399999999997,5.270464,5.116624,0.0,0,0,0,2.5,1,3,2,2.0,2,3,1,66.6455,22.359,77.825,55.466,0
KURBUV03,5.91765,9.0993,10.4673,1.368,5.165792,2.9122280000000003,6.621906,3.709678,0.5,1,1,0,2.5,3,4,1,1.5,1,2,1,87.8395,91.225,133.452,42.227,1
KUVJOB,8.48965,7.184499999999999,12.0819,4.8974,5.3040245,0.7154150000000001,5.661732,4.946317,0.5,1,1,0,2.0,4,4,0,1.0,0,1,1,70.787835,37.76167000000001,89.66867,51.907,0
KUVQAW,3.46605,2.4559,4.694,2.2381,5.233507,1.564877999999999,6.015946,4.451068,1.0,2,2,0,2.5,1,3,2,0.0,0,0,0,147.803335,207.16467,251.38567,44.221,0
KUVXIL,11.11855,7.554699999999999,14.8959,7.3412,3.9846665,2.7484690000000005,5.358901,2.610432,1.0,0,1,1,3.0,6,6,0,0.5,1,1,0,125.69633,55.84599999999999,153.61933,97.77333,0
KUXWIM,7.9426,4.9578,10.4215,5.4637,6.192966500000001,3.036703,7.711318,4.674615,0.5,1,1,0,2.5,1,3,2,1.0,2,2,0,87.308165,74.77566999999999,124.696,49.92033,0
KUZGOD,3.60535,6.8535,7.0321,0.1786,5.3164575,3.953861,7.293388,3.339527,0.5,1,1,0,2.5,1,3,2,1.0,2,2,0,115.005165,71.89767,150.954,79.05633,0
KUZJIZ,6.90985,0.4489000000000001,7.1343,6.6854,4.740026,0.434558,4.957305,4.522747,1.0,0,1,1,2.5,3,4,1,1.5,1,2,1,102.30233,30.66,117.63233,86.97233,0
KUZVOR,9.4412,3.5336,11.208,7.6744,4.9565465,1.7262070000000005,5.81965,4.093443,1.0,0,1,1,1.5,1,2,1,1.0,2,2,0,135.2765,40.37634000000001,155.46467,115.08833,0
LABJUX,11.025,4.1868,13.1184,8.9316,4.661616,1.15989,5.241561,4.081671,1.0,0,1,1,2.5,1,3,2,1.0,2,2,0,134.718665,25.87333,147.65533,121.782,0
LABKAE,13.5942,2.9742,15.0813,12.1071,4.3043035,1.3730229999999994,4.990815,3.617792,1.0,0,1,1,2.5,1,3,2,1.0,2,2,0,151.414,5.875340000000023,154.35167,148.47633,0
LABKEI,10.31805,2.7747,11.7054,8.9307,4.695259,1.093444,5.241981,4.148537,1.0,0,1,1,2.5,1,3,2,1.0,2,2,0,150.519,5.729340000000008,153.38367,147.65433,0
LABQIR,9.1695,2.4854000000000003,10.4122,7.9268,4.74282,0.2271540000000005,4.856397,4.629243,1.5,1,2,1,2.0,4,4,0,0.5,1,1,0,174.08466500000003,185.34533,266.75733,81.412,0
LABRAK,7.21445,9.7327,12.0808,2.3481,6.028993,0.6818900000000001,6.369938,5.688048,0.5,1,1,0,2.0,4,4,0,0.5,1,1,0,94.007835,8.660329999999988,98.338,89.67767,1
LABSEM02,4.09215,2.9123,5.5483,2.636,7.031388,2.052714000000001,8.057745,6.005031,0.0,0,0,0,2.5,1,3,2,1.5,1,2,1,42.25517,7.662999999999997,46.08667,38.42367,0
LABYIW,11.00665,1.1715,11.5924,10.4209,5.448454,1.5474999999999994,6.222204,4.674704,0.5,1,1,0,4.0,2,5,3,0.5,1,1,0,127.56467,5.738,130.43367,124.69567,0
LABYOC,9.09005,2.663499999999999,10.4218,7.7583,5.6305575,1.9122070000000004,6.586661,4.674454,0.5,1,1,0,4.0,2,5,3,0.5,1,1,0,127.671165,5.949669999999983,130.646,124.69633,0
LABYOG,10.85145,0.8644999999999996,11.2837,10.4192,3.6237285,2.106187,4.676822,2.570635,1.5,1,2,1,2.5,1,3,2,0.0,0,0,0,213.732335,178.12332999999998,302.794,124.67067,1
LACBAS,10.41115,6.2769,13.5496,7.2727,4.7213045000000005,0.5130469999999994,4.977828,4.464781,0.0,0,0,0,4.0,0,4,4,2.5,3,4,1,105.7495,56.27634000000002,133.88767,77.61133,1
LADBOJ,8.111650000000001,3.3279000000000005,9.7756,6.4477,4.018797,0.7042220000000001,4.370908,3.666686,1.0,0,1,1,2.0,2,3,1,1.0,2,2,0,107.756335,25.95133,120.732,94.78067,1
LADBUP,8.877600000000001,1.7960000000000012,9.7756,7.9796,3.3813815,1.979077,4.37092,2.391843,1.0,0,1,1,2.5,3,4,1,1.0,2,2,0,109.568835,29.575669999999988,124.35667,94.781,0
LAJJUF,8.03885,1.9884999999999995,9.0331,7.0446,3.624565,2.3649219999999995,4.807026,2.442104,0.5,1,1,0,2.5,3,4,1,2.0,4,4,0,100.75683,42.17700000000001,121.84533,79.66833,0
LAJKEQ,8.038,1.9899999999999995,9.033,7.043,3.624799,2.36652,4.808059,2.441539,0.5,1,1,0,2.5,3,4,1,2.0,4,4,0,100.756335,42.18467,121.84867,79.664,0
LANLAO,11.7423,1.5274,12.506,10.9786,3.5626175,1.865081,4.495158,2.630077,1.5,1,2,1,2.5,1,3,2,0.5,1,1,0,206.94117,142.30700000000002,278.09467,135.78767,0
LANXOP,8.7562,0.8764000000000003,9.1944,8.318,5.11445,1.3886259999999997,5.808763,4.420137,0.0,0,0,0,2.5,3,4,1,1.5,1,2,1,102.36933,34.38600000000001,119.56233,85.17633,0
LAPFAL,6.8614,3.2334,8.4781,5.2447,4.550515000000001,0.8615219999999999,4.981276,4.119754,1.5,1,2,1,2.5,1,3,2,1.5,3,3,0,138.3915,101.117,188.95,87.833,0
LAQMUM,3.4862,5.5428,6.2576,0.7148,5.3460935,1.805489,6.248838,4.443349,0.5,1,1,0,4.0,2,5,3,0.5,1,1,0,131.252,24.33,143.417,119.087,0
LAQQUR,15.2829,12.704200000000002,21.635,8.9308,3.7812985,0.5451009999999994,4.053849,3.508748,1.0,0,1,1,5.5,5,8,3,2.0,2,3,1,190.76433,57.78800000000001,219.65833,161.87033,0
LARASC20,4.2434,2.2644,5.3756,3.1112,5.554927,2.5972100000000005,6.853532,4.256322,0.0,0,0,0,4.0,4,6,2,3.5,1,4,3,109.801165,1.7363299999999953,110.66933,108.933,1
LARGPH03,9.27445,13.4205,15.9847,2.5642,5.4956525,0.6454709999999997,5.818388,5.172917,0.0,0,0,0,2.5,3,4,1,3.0,2,4,2,80.071665,65.42267000000001,112.783,47.36033,1
LARXAG,2.47875,4.8409,4.8992,0.0583,6.3113265,2.733733,7.678193,4.94446,0.0,0,0,0,3.0,2,4,2,2.5,3,4,1,98.3655,92.89834,144.81467,51.91633,0
LARXEK,1.8595,1.8666,2.7928,0.9262,6.307017999999999,2.562084,7.58806,5.025976,0.0,0,0,0,3.0,2,4,2,2.5,3,4,1,109.659335,69.25267000000001,144.28567,75.033,0
LARXIO,1.0267000000000002,2.052,2.0527,0.0007,5.996117999999999,2.19048,7.091358,4.900878,0.5,1,1,0,3.0,2,4,2,2.0,4,4,0,139.11566499999998,9.946670000000012,144.089,134.14233,1
LASHEW,10.5619,6.503800000000001,13.8138,7.31,5.0195595,0.8313230000000003,5.435221,4.603898,0.0,0,0,0,3.5,3,5,2,2.0,0,2,2,70.837335,14.486669999999997,78.08067,63.594,1
LATZOV,2.434,3.249000000000001,4.0585,0.8095,7.347073,1.7361719999999998,8.215159,6.478987,0.0,0,0,0,1.5,3,3,0,0.0,0,0,0,67.59967,26.425999999999995,80.81267,54.38667,0
LAVMED,6.0113,2.633,7.3278,4.6948,5.0849475,1.8484290000000003,6.009162,4.160733,0.5,1,1,0,2.0,0,2,2,1.0,2,2,0,80.172165,71.89967,116.122,44.22233,0
LAXQAC,5.6978,9.4502,10.4229,0.9727,5.977575,2.60412,7.279635,4.675515,0.5,1,1,0,1.5,3,3,0,3.0,6,6,0,111.83,25.680000000000007,124.67,98.99,0
LEBWAR,5.89855,6.924099999999999,9.3606,2.4365,5.60393,0.0247840000000003,5.616322,5.591538,0.5,1,1,0,2.5,3,4,1,1.0,0,1,1,103.476665,110.61333,158.78333,48.17,1
LEDYEY,13.76825,4.618500000000001,16.0775,11.459,4.5498365,1.4333009999999995,5.266487,3.833186,0.5,1,1,0,3.0,2,4,2,1.5,3,3,0,156.95766500000002,13.692669999999993,163.804,150.11133,0
LEDZOJ,13.7697,4.6196,16.0795,11.4599,4.549951999999999,1.4338819999999997,5.266893,3.833011,0.5,1,1,0,3.0,2,4,2,1.5,3,3,0,156.95749999999998,13.694339999999984,163.80467,150.11033,1
LEFZIH,9.58555,14.6001,16.8856,2.2855,3.9950135,0.8687210000000003,4.429374,3.560653,1.5,1,2,1,4.0,6,7,1,0.5,1,1,0,193.496,70.37466,228.68333,158.30867,0
LEGMUH,9.5752,1.8476,10.499,8.6514,4.557492,2.960926,6.037955,3.077029,1.0,0,1,1,3.5,3,5,2,2.0,2,3,1,106.8035,21.357,117.482,96.125,0
LEJRIB,9.93825,6.4939,13.1852,6.6913,4.883055,0.9236620000000002,5.344886,4.421224,1.0,0,1,1,4.0,4,6,2,1.5,1,2,1,101.202335,13.825329999999994,108.115,94.28967,0
LEKRIC,4.24845,4.8675,6.6822,1.8147,6.574574999999999,3.148611999999999,8.148881,5.000269,0.0,0,0,0,2.5,3,4,1,1.5,1,2,1,83.815,26.848659999999995,97.23933,70.39067,0
LEKROI,4.1985,4.7638,6.5804,1.8166,6.456953,3.383818,8.148862,4.765044,0.0,0,0,0,3.5,5,6,1,2.0,2,3,1,76.83449999999999,12.892340000000004,83.28067,70.38833,1
LEKRUO,5.7348,7.839200000000001,9.6544,1.8152,6.344186499999999,3.609103,8.148738,4.539635,0.5,1,1,0,2.0,2,3,1,1.0,0,1,1,116.162,91.54866,161.93633,70.38767,0
LENKEV,10.2651,0.6069999999999993,10.5686,9.9616,4.500192,0.0747840000000001,4.537584,4.4628,1.5,1,2,1,2.5,1,3,2,1.5,3,3,0,153.835665,73.99333000000001,190.83233,116.839,0
LEPFOF,8.062249999999999,2.9658999999999995,9.5452,6.5793,5.1994505,0.8682850000000002,5.633593,4.765308,0.5,1,1,0,4.0,4,6,2,2.5,1,3,2,106.552,46.53934000000001,129.82167,83.28233,1
LEPVIM,5.02585,3.3227,6.6872,3.3645,5.519308499999999,0.2711870000000003,5.654902,5.383715,0.5,1,1,0,5.0,2,6,4,1.5,1,2,1,115.3595,21.383659999999992,126.05133,104.66767,0
LESRIM,7.580500000000001,10.5916,12.8763,2.2847,4.595794,2.0698920000000003,5.63074,3.560848,1.0,0,1,1,3.5,7,7,0,0.5,1,1,0,124.322665,67.96733,158.30633,90.339,0
LETBOF,10.4463,13.3444,17.1185,3.7741,5.0104195,0.920349,5.470594,4.550245,1.0,2,2,0,1.5,3,3,0,0.5,1,1,0,144.804665,179.73133,234.67033,54.939,1
LEVWER,8.578199999999999,3.983800000000001,10.5701,6.5863,4.335959,0.4038219999999999,4.53787,4.134048,1.5,1,2,1,3.5,1,4,3,2.5,1,3,2,152.134835,77.39033,190.83,113.43967,0
LEWQUB,9.453,3.364600000000001,11.1353,7.7707,5.002481,0.8696820000000001,5.437322,4.56764,1.0,2,2,0,2.5,3,4,1,1.0,2,2,0,160.71016500000002,16.143670000000014,168.782,152.63833,1
LEXCEA,9.9425,0.9535999999999998,10.4193,9.4657,4.8131995,0.2727150000000007,4.949557,4.676842,0.5,1,1,0,3.0,0,3,3,1.0,2,2,0,119.89167,9.561999999999998,124.67267,115.11067,0
LEXKEI,8.85465,1.2209000000000003,9.4651,8.2442,4.977990500000001,0.0566009999999996,5.006291,4.94969,0.5,1,1,0,3.0,0,3,3,1.0,2,2,0,112.51333,5.194000000000003,115.11033,109.91633,0
LEXKOS,6.6212,5.691199999999999,9.4668,3.7756,5.210027,0.5202980000000004,5.470176,4.949878,0.0,0,0,0,3.0,0,3,3,1.0,2,2,0,85.0235,60.17434,115.11067,54.93633,0
LEXQUC,4.30675,6.4727,7.5431,1.0704,5.1424765,1.5919290000000004,5.938441,4.346512,0.5,1,1,0,3.5,1,4,3,1.5,1,2,1,98.51183,76.03899999999999,136.53133,60.49233,0
LEZNAG,7.14955,0.3208999999999999,7.31,6.9891,5.248099,0.9936240000000004,5.744911,4.751287,0.0,0,0,0,4.0,4,6,2,2.0,2,3,1,117.3935,68.31434,151.55067,83.23633,0
LHLASP01,8.6645,3.711,10.52,6.809,5.0696575,0.1177809999999999,5.128548,5.010767,0.0,0,0,0,3.5,1,4,3,2.0,2,3,1,88.238665,11.87133,94.17433,82.303,1
LIBTUN,8.096250000000001,5.601100000000001,10.8968,5.2957,4.2359945,0.8914309999999999,4.68171,3.790279,1.0,2,2,0,3.0,2,4,2,1.5,3,3,0,117.095,116.16866,175.17933,59.01067,0
LIBXUR,7.2357,7.3222,10.8968,3.5746,4.3689670000000005,1.1555500000000003,4.946742,3.791192,1.0,2,2,0,3.0,2,4,2,1.5,3,3,0,111.35283,127.64900000000002,175.17733,47.52833,0
LIBYAY,10.8345,0.1214000000000012,10.8952,10.7738,3.8235515,0.0658970000000001,3.8565,3.790603,1.5,1,2,1,3.5,1,4,3,2.0,2,3,1,140.600335,69.14867,175.17467,106.026,0
LICMUH,4.47165,8.942499999999999,8.9429,0.0004,4.920241,0.4745620000000006,5.157522,4.68296,0.5,1,1,0,2.5,3,4,1,1.0,2,2,0,93.218,2.8020000000000067,94.619,91.817,0
LIDNPP,6.58655,7.703100000000001,10.4381,2.735,3.076299,1.6815000000000002,3.917049,2.235549,1.5,1,2,1,4.5,7,8,1,1.0,2,2,0,215.269665,51.80667,241.173,189.36633,0
LIGLIY,7.33985,3.211500000000001,8.9456,5.7341,4.9122515,1.2905309999999997,5.557517,4.266986,0.5,1,1,0,3.5,5,6,1,1.5,1,2,1,102.58167,2.872,104.01767,101.14567,0
LIGNEW,6.95615,6.507900000000001,10.2101,3.7022,5.9889355,4.333470999999999,8.155671,3.8222,0.5,1,1,0,3.0,6,6,0,1.5,1,2,1,112.903665,51.12467000000001,138.466,87.34133,0
LIGNIA,8.5091,3.8244000000000007,10.4213,6.5969,5.240135,3.387316,6.933793,3.546477,0.5,1,1,0,3.0,6,6,0,1.5,1,2,1,126.273335,25.051330000000007,138.799,113.74767,0
LIGNOG,7.388999999999999,6.091399999999999,10.4347,4.3433,5.4430615,3.808845,7.347484,3.538639,0.5,1,1,0,3.0,6,6,0,1.5,1,2,1,119.87233,37.712,138.72833,101.01633,0
LIGNUN,6.97635,2.8427000000000007,8.3977,5.555,4.910861,0.3503059999999998,5.086014,4.735708,0.5,1,1,0,2.5,1,3,2,1.0,2,2,0,96.293,32.00666,112.29633,80.28967,0
LIGPEZ,3.3042,4.5012,5.5548,1.0536,5.513199999999999,0.8543759999999994,5.940388,5.086012,0.5,1,1,0,3.0,2,4,2,1.5,1,2,1,86.3935,51.80566,112.29633,60.49067,0
LIGXEE,10.29985,7.8427,14.2212,6.3785,4.551964,1.3062280000000004,5.205078,3.89885,1.0,2,2,0,3.5,5,6,1,2.5,1,3,2,133.83317,102.271,184.96867,82.69767,0
LIGZIL,5.6977,4.5624,7.9789,3.4165,5.122739,5.462228,7.853853,2.391625,0.5,1,1,0,2.5,3,4,1,1.0,2,2,0,86.465335,75.78933,124.36,48.57067,0
LIGZUX,5.76285,4.4351,7.9804,3.5453,5.050892,5.318429999999999,7.710107,2.391677,0.5,1,1,0,2.5,3,4,1,1.0,2,2,0,80.60916499999999,87.49833,124.35833,36.86,0
LIHBAG,4.0334,7.8928,7.9798,0.087,5.257730499999999,5.731213,8.123337,2.392124,0.5,1,1,0,3.0,2,4,2,1.5,3,3,0,94.97583,58.763000000000005,124.35733,65.59433,0
LIHBEK,5.348050000000001,5.2647,7.9804,2.7157,5.11395,5.444065999999999,7.835983,2.391917,0.5,1,1,0,2.5,3,4,1,1.0,2,2,0,92.57433,63.564,124.35633,60.79233,0
LIHHAM,8.51715,7.238300000000001,12.1363,4.898,5.038667,0.1885519999999996,5.132943,4.944391,0.0,0,0,0,2.5,3,4,1,1.0,0,1,1,105.98417,108.129,160.04867,51.91967,0
LIJGAN,9.32935,5.5043,12.0815,6.5772,5.213799,0.8963479999999997,5.661973,4.765625,0.5,1,1,0,3.0,6,6,0,2.0,2,3,1,86.475,6.380659999999992,89.66533,83.28467,1
LIJZEM,9.14175,8.0851,13.1843,5.0992,5.165091,0.3587379999999998,5.34446,4.985722,0.5,1,1,0,2.0,0,2,2,1.0,2,2,0,92.133165,4.304330000000007,94.28533,89.981,0
LILDOC,6.3983,3.0,7.8983,4.8983,5.3233375,0.7566550000000003,5.701665,4.94501,0.0,0,0,0,3.0,2,4,2,2.0,2,3,1,67.9205,32.007659999999994,83.92433,51.91667,0
LILFAQ,4.4921,6.813000000000001,7.8986,1.0856,5.8204535,0.2375030000000002,5.939205,5.701702,0.0,0,0,0,3.0,2,4,2,2.0,2,3,1,72.21567,23.418000000000006,83.92467,60.50667,0
LILFEU,4.48165,6.8331,7.8982,1.0651,5.820556,0.2380979999999999,5.939605,5.701507,0.0,0,0,0,3.0,2,4,2,2.0,2,3,1,72.209665,23.43267,83.926,60.49333,0
LILFOE,8.141399999999999,0.4859999999999997,8.3844,7.8984,5.140327,1.1219599999999996,5.701307,4.579347,0.5,1,1,0,2.5,1,3,2,1.5,3,3,0,105.42283,42.99300000000001,126.91933,83.92633,0
LILGEV01,8.1415,0.4876000000000005,8.3853,7.8977,5.1397925,1.122941,5.701263,4.578322,0.5,1,1,0,2.5,1,3,2,1.5,3,3,0,105.424,42.998000000000005,126.923,83.925,0
LIMCET,8.4455,5.384600000000001,11.1378,5.7532,4.4989395000000005,0.1338610000000004,4.56587,4.432009,1.0,2,2,0,3.0,2,4,2,1.0,2,2,0,154.901335,4.525329999999997,157.164,152.63867,0
LIPZOA,4.1098,2.7972,5.5084,2.7112,5.205497,3.671168,7.041081,3.369913,0.5,1,1,0,3.0,4,5,1,0.5,1,1,0,97.41633,84.56800000000001,139.70033,55.13233,0
LISFAY,4.68995,3.783700000000001,6.5818,2.7981,3.894652,2.245896,5.0176,2.771704,0.5,1,1,0,2.5,3,4,1,1.5,1,2,1,112.518,74.97134,150.00367,75.03233,0
LISJOQ,7.75315,5.3325,10.4194,5.0869,3.749059,1.8555580000000005,4.676838,2.82128,1.0,0,1,1,2.0,2,3,1,1.0,2,2,0,139.022165,28.69833,153.37133,124.673,0
LISKEH,6.6659500000000005,3.1575,8.2447,5.0872,3.9135815,2.185047,5.006105,2.821058,1.0,0,1,1,2.0,2,3,1,1.0,2,2,0,131.64350000000002,43.45099999999999,153.369,109.918,0
LISKIL,6.9038,0.439,7.1233,6.6843,3.8795705,2.156641,4.957891,2.80125,1.0,0,1,1,2.5,3,4,1,1.5,1,2,1,134.68200000000002,34.106660000000005,151.73533,117.62867,0
LISZES,5.23705,3.3237,6.8989,3.5752,4.6775275,0.5351429999999997,4.945099,4.409956,0.0,0,0,0,2.0,0,2,2,2.0,4,4,0,80.286165,65.52833000000001,113.05033,47.522,0
LIWFON,6.45945,8.6257,10.7723,2.1466,5.8593565000000005,4.004119,7.861416,3.857297,0.5,1,1,0,2.5,1,3,2,1.5,1,2,1,99.0215,14.003659999999996,106.02333,92.01967,1
LOBNUO,3.2124,1.8958000000000004,4.1603,2.2645,4.161523,1.2633880000000004,4.793217,3.529829,1.0,0,1,1,5.5,3,7,4,1.5,3,3,0,178.380335,40.26866999999999,198.51467,158.246,0
LOCLOF01,4.4301,0.9328,4.8965,3.9637,5.5326205,1.170743,6.117992,4.947249,0.0,0,0,0,3.5,1,4,3,2.0,2,3,1,60.784165,17.757669999999997,69.663,51.90533,1
LOCLOF,3.76765,2.2606999999999995,4.898,2.6373,5.5319165,1.173477,6.118655,4.945178,0.0,0,0,0,3.5,1,4,3,2.0,2,3,1,61.60683,19.385,71.29933,51.91433,0
LODHIX,10.63765,3.3963,12.3358,8.9395,3.5578885,0.2488810000000003,3.682329,3.433448,1.0,0,1,1,3.5,3,5,2,3.0,0,3,3,105.265335,20.44667,115.48867,95.042,1
LODLUN,2.2474,3.718,4.1064,0.3884,6.917208499999999,0.655805,7.245111,6.589306,0.0,0,0,0,3.5,1,4,3,0.5,1,1,0,99.531835,3.5023300000000006,101.283,97.78067,0
LOFDER01,7.99235,4.8841,10.4344,5.5503,5.798113,4.518701999999999,8.057464,3.538762,0.5,1,1,0,4.0,4,6,2,2.0,0,2,2,88.57467,100.3,138.72467,38.42467,0
LOFJEX,9.61185,3.6759,11.4498,7.7739,4.7572495,1.3599709999999998,5.437235,4.077264,1.5,1,2,1,2.0,2,3,1,1.0,2,2,0,166.15183000000002,5.253000000000014,168.77833,163.52533,1
LOFJOH,9.60915,3.6781,11.4482,7.7701,4.7582405,1.3592490000000002,5.437865,4.078616,1.5,1,2,1,2.0,2,3,1,1.0,2,2,0,166.15016500000002,5.272329999999982,168.78633,163.514,1
LOFMAW,10.8111,16.7452,19.1837,2.4385,4.5841650000000005,2.0602980000000004,5.614314,3.554016,0.5,1,1,0,3.5,1,4,3,1.5,1,2,1,115.263,134.18,182.353,48.173,0
LOFQIJ,9.07055,4.8009,11.471,6.6701,4.0475225,0.8991809999999996,4.497113,3.597932,1.0,0,1,1,4.0,4,6,2,2.0,2,3,1,125.9795,35.87765999999999,143.91833,108.04067,0
LOFQOO,4.706,1.2936000000000003,5.3528,4.0592,5.5356705,1.885681,6.478511,4.59283,1.0,2,2,0,2.0,2,3,1,0.5,1,1,0,112.881835,116.99633,171.38,54.38367,0
LOGDIW,7.79665,6.206500000000001,10.8999,4.6934,5.5313725,0.9690209999999996,6.015883,5.046862,0.5,1,1,0,2.5,1,3,2,1.0,2,2,0,74.086665,59.72933,103.95133,44.222,0
LOGDOC,10.46415,0.8717000000000006,10.9,10.0283,4.7265955,0.6409929999999999,5.047092,4.406099,1.0,0,1,1,3.5,1,4,3,1.5,1,2,1,109.667335,11.447330000000008,115.391,103.94367,0
LOMTIQ,9.14285,2.0222999999999995,10.154,8.1317,3.751404,2.75579,5.129299,2.373509,1.0,0,1,1,4.0,4,6,2,1.0,2,2,0,127.658835,29.19367000000001,142.25567,113.062,0
LOMZIY,9.5626,8.9222,14.0237,5.1015,5.09631,0.2235519999999997,5.208086,4.984534,0.5,1,1,0,2.0,0,2,2,0.5,1,1,0,90.71017,1.4750000000000083,91.44767,89.97267,1
LONDOJ,5.00995,6.241299999999999,8.1306,1.8893,3.047592,1.3470299999999995,3.721107,2.374077,1.5,1,2,1,3.5,5,6,1,1.0,2,2,0,128.27033,27.96,142.25033,114.29033,1
LONRIP,2.82485,0.9512999999999998,3.3005,2.3492,5.953304,0.8329380000000004,6.369773,5.536835,0.0,0,0,0,3.0,2,4,2,1.0,2,2,0,80.816835,35.02367,98.32867,63.305,0
LONRUB,3.01155,1.3257,3.6744,2.3487,6.220826,0.2976299999999998,6.369641,6.072011,0.0,0,0,0,3.5,1,4,3,1.0,2,2,0,78.50816499999999,39.64233,98.32933,58.687,0
LOPPUE,5.33575,4.0715,7.3715,3.3,5.20395,0.6647619999999996,5.536331,4.871569,1.0,2,2,0,2.0,2,3,1,1.5,1,2,1,124.288835,121.96967,185.27367,63.304,0
LOQVOF01,5.368,10.1954,10.4657,0.2703,6.848556,6.278952,9.988032,3.70908,0.5,1,1,0,2.0,4,4,0,1.0,0,1,1,100.290165,66.33233000000001,133.45633,67.124,0
LOQWAS01,5.9412,9.0514,10.4669,1.4155,6.3540945,5.290501,8.999345,3.708844,0.5,1,1,0,2.0,4,4,0,1.0,0,1,1,125.089835,16.740330000000014,133.46,116.71967,0
LOQWIA01,6.1318,8.6692,10.4664,1.7972,4.8124145,2.206643,5.915736,3.709093,1.0,0,1,1,2.0,4,4,0,1.0,0,1,1,95.369165,76.17832999999999,133.45833,57.28,0
LOQWUM01,5.965350000000001,9.0015,10.4661,1.4646,4.68344,1.947894,5.657387,3.709493,1.0,0,1,1,2.0,4,4,0,1.0,0,1,1,102.37983,62.15100000000001,133.45533,71.30433,0
LOQXIB,6.483750000000001,7.968100000000001,10.4678,2.4997,4.637953,1.8572800000000005,5.566593,3.709313,1.0,0,1,1,2.0,4,4,0,1.0,0,1,1,102.293665,62.32533000000001,133.45633,71.131,0
LOQYAU01,5.96265,9.0077,10.4665,1.4588,7.3861925,7.354296999999999,11.063341,3.709044,0.5,1,1,0,2.0,4,4,0,1.0,0,1,1,82.584665,101.74667,133.458,31.71133,0
LOQZEZ01,7.47845,5.9773000000000005,10.4671,4.4898,5.434678,3.4515360000000004,7.160446,3.70891,0.5,1,1,0,2.5,3,4,1,1.0,0,1,1,97.3625,72.19234,133.45867,61.26633,0
LOQZEZ,7.4787,5.9758,10.4666,4.4908,5.434366,3.450578,7.159655,3.709077,0.5,1,1,0,2.5,3,4,1,1.0,0,1,1,97.36317,72.191,133.45867,61.26767,0
LORBAY01,6.3695,8.1924,10.4657,2.2733,5.191014,2.963446,6.672737,3.709291,0.5,1,1,0,2.5,3,4,1,1.5,1,2,1,88.02916499999999,90.85567,133.457,42.60133,0
LORNEM,3.5144,1.0955999999999997,4.0622,2.9666,4.687879000000001,3.5799340000000006,6.477846,2.897912,1.5,3,3,0,2.5,1,3,2,0.5,1,1,0,143.37717,177.995,232.37467,54.37967,0
LORQIT,4.204549999999999,3.8769,6.143,2.2661,5.328332,3.597556,7.12711,3.529554,0.5,1,1,0,4.5,5,7,2,1.0,2,2,0,137.180665,42.13932999999999,158.25033,116.111,0
LORWIZ,8.04065,0.6508999999999991,8.3661,7.7152,4.5270395,0.641845,4.847962,4.206117,1.0,0,1,1,2.5,3,4,1,1.5,1,2,1,116.838835,67.53767000000002,150.60767,83.07,0
LORWOF,8.014050000000001,0.7035,8.3658,7.6623,4.434341,0.8282360000000004,4.848459,4.020223,1.0,0,1,1,2.5,3,4,1,1.5,1,2,1,117.024335,67.16067,150.60467,83.444,1
LOSCOL,4.6485,4.595,6.946,2.351,5.467919,1.803096,6.369467,4.566371,0.0,0,0,0,3.5,1,4,3,2.0,4,4,0,102.53067,8.396,106.72867,98.33267,0
LOSHUZ,6.4157,3.0334000000000003,7.9324,4.899,5.7820345,1.6749609999999997,6.619515,4.944554,0.0,0,0,0,4.0,0,4,4,1.0,0,1,1,106.395835,108.96367,160.87767,51.914,0
LOYCUZ,9.9586,12.7682,16.3427,3.5745,4.423246000000001,1.0466860000000002,4.946589,3.899903,1.0,2,2,0,2.5,1,3,2,0.5,1,1,0,147.798,200.566,248.081,47.515,0
LUJJAC,5.3143,3.4774,7.053,3.5756,5.5791075,1.2667149999999996,6.212465,4.94575,0.0,0,0,0,3.5,3,5,2,2.5,5,5,0,72.33567,49.638,97.15467,47.51667,0
LUMRUG,14.32625,2.0478999999999985,15.3502,13.3023,4.2071665,1.6559389999999996,5.035136,3.379197,1.5,1,2,1,1.5,3,3,0,1.0,0,1,1,153.738835,54.95766999999999,181.21767,126.26,0
LUMSAN,11.57035,3.4697,13.3052,9.8355,4.1288915,1.5005489999999997,4.879166,3.378617,1.5,1,2,1,2.0,2,3,1,1.0,0,1,1,152.052,58.31465999999999,181.20933,122.89467,0
LUSXEE,8.28815,1.2859000000000007,8.9311,7.6452,4.5462975,1.3917309999999996,5.242163,3.850432,1.5,1,2,1,2.5,1,3,2,1.5,1,2,1,155.216,15.124660000000006,162.77833,147.65367,0
LUSXII,8.20725,10.8753,13.6449,2.7696,5.076327,0.0024099999999993,5.077532,5.075122,0.5,1,1,0,3.0,2,4,2,1.5,1,2,1,110.72833500000002,71.42933000000001,146.443,75.01367,1
LUTNUM,6.0945,2.0568,7.1229,5.0661,3.920327,2.238624,5.039639,2.801015,1.0,0,1,1,2.5,3,4,1,2.0,0,2,2,130.674665,42.12133,151.73533,109.614,0
LUTPOI,5.7536000000000005,1.7079999999999993,6.6076,4.8996,3.866661,2.155998,4.94466,2.788662,0.5,1,1,0,2.5,3,4,1,1.5,1,2,1,102.150165,100.47367,152.387,51.91333,0
LUVQEZ,3.49305,1.1327000000000005,4.0594,2.9267,5.973676,1.010244,6.478798,5.468554,0.5,1,1,0,2.0,2,3,1,1.0,2,2,0,90.807335,72.84867,127.23167,54.383,0
LUWHAM,12.6067,4.3748000000000005,14.7941,10.4193,3.888264,1.577146,4.676837,3.099691,1.5,1,2,1,4.5,3,6,3,1.5,3,3,0,172.3375,95.33299999999998,220.004,124.671,0
LUWHEQ,13.1368,4.076400000000001,15.175,11.0986,3.848357,1.289562,4.493138,3.203576,1.5,1,2,1,5.0,2,6,4,2.0,2,3,1,171.51817,98.511,220.77367,122.26267,0
LUWHIU,11.79785,7.107099999999999,15.3514,8.2443,4.1079525,1.796713,5.006309,3.209596,1.5,1,2,1,4.5,3,6,3,1.5,3,3,0,165.29367000000002,110.758,220.67267,109.91467,0
LUWHOA,12.11575,3.3671000000000006,13.7993,10.4322,3.351641,0.3753820000000001,3.539332,3.16395,1.5,1,2,1,6.0,0,6,6,2.5,1,3,2,179.533165,81.60167000000001,220.334,138.73233,0
LUZQEC,7.096400000000001,6.0658,10.1293,4.0635,5.2062735,2.5423790000000004,6.477463,3.935084,1.0,2,2,0,2.5,1,3,2,0.0,0,0,0,110.605665,112.43867,166.825,54.38633,0
MAJPOF,4.55975,0.2660999999999998,4.6928,4.4267,6.9928,1.9522460000000008,7.968923,6.016677,0.0,0,0,0,2.0,0,2,2,1.0,2,2,0,47.11183,5.783000000000001,50.00333,44.22033,0
MAJTOH,7.0949,1.6652000000000005,7.9275,6.2623,4.4530575,0.3530470000000001,4.629581,4.276534,0.5,1,1,0,1.0,2,2,0,0.5,1,1,0,99.11817,35.415000000000006,116.82567,81.41067,0
MAKJUG,7.1368,1.3214000000000006,7.7975,6.4761,4.9384085,1.318143,5.59748,4.279337,0.0,0,0,0,1.5,1,2,1,0.5,1,1,0,71.2225,1.1856599999999986,71.81533,70.62967,1
MAKXED01,5.4255,4.8174,7.8342,3.0168,6.23859,3.179456,7.828318,4.648862,0.0,0,0,0,2.0,2,3,1,2.0,0,2,2,77.466665,34.57066999999999,94.752,60.18133,0
MAKXED,5.42385,4.8195,7.8336,3.0141,6.2391765,3.1799029999999995,7.829128,4.649225,0.0,0,0,0,2.0,2,3,1,2.0,0,2,2,77.46467,34.56999999999999,94.74967,60.17967,0
MANXOQ,4.5492,4.062799999999999,6.5806,2.5178,6.289376,3.047922,7.813337,4.765415,0.0,0,0,0,3.5,5,6,1,2.5,1,3,2,83.72867,0.8900000000000006,84.17367,83.28367,1
MANXOS,8.806049999999999,2.0679,9.84,7.7721,5.058526,0.7580960000000001,5.437574,4.679478,1.5,1,2,1,2.0,2,3,1,1.5,1,2,1,157.083165,23.404329999999987,168.78533,145.381,0
MANYEJ,8.805299999999999,2.068,9.8393,7.7713,5.058398,0.7587319999999993,5.437764,4.679032,1.5,1,2,1,2.0,2,3,1,1.5,1,2,1,157.0795,23.395659999999992,168.77733,145.38167,1
MAPVEF,0.8306,0.2305999999999999,0.9459,0.7153,5.951503,0.5942480000000003,6.248627,5.654379,0.0,0,0,0,3.5,1,4,3,0.0,0,0,0,146.985835,55.794330000000016,174.883,119.08867,0
MAVYUF,9.51895,5.7959,12.4169,6.621,4.980943,0.6023060000000005,5.282096,4.67979,0.5,1,1,0,2.5,5,5,0,0.5,1,1,0,111.254,12.817340000000002,117.66267,104.84533,0
MAYTIT,7.528399999999999,5.7882,10.4225,4.6343,4.721128,0.0933780000000004,4.767817,4.674439,1.0,0,1,1,2.0,2,3,1,0.5,1,1,0,143.587,37.78200000000001,162.478,124.696,0
MAYXAP,6.6867,7.4696,10.4215,2.9519,4.7023150000000005,0.0554560000000003,4.730043,4.674587,1.0,0,1,1,2.5,1,3,2,0.5,1,1,0,140.03183,30.675,155.36933,124.69433,1
MAZZUJ,7.7758,7.927,11.7393,3.8123,5.6310795,3.362753,7.312456,3.949703,0.5,1,1,0,3.0,0,3,3,1.0,0,1,1,113.100335,0.5193299999999965,113.36,112.84067,1
MBAZMS,3.2761,0.9893999999999998,3.7708,2.7814,6.7691815,2.5973110000000004,8.067837,5.470526,0.0,0,0,0,2.0,2,3,1,0.5,1,1,0,77.96549999999999,46.069,101.0,54.931,0
MCPATR,7.26225,2.927500000000001,8.726,5.7985,4.440677,0.134036,4.507695,4.373659,1.0,0,1,1,2.5,3,4,1,1.5,1,2,1,143.462,93.42666,190.17533,96.74867,0
MEANBC10,7.5462,6.0116,10.552,4.5404,5.075503,2.65678,6.403893,3.747113,0.5,1,1,0,2.0,4,4,0,0.0,0,0,0,144.697665,63.83267000000001,176.614,112.78133,1
MEBZEC,5.480449999999999,3.8145,7.3877,3.5732,5.0908515,0.287153,5.234428,4.947275,0.5,1,1,0,2.0,0,2,2,1.5,3,3,0,134.835165,174.63233,222.15133,47.519,0
MECZAX,9.33055,11.1131,14.8871,3.774,4.7037055,1.533839,5.470625,3.936786,0.5,1,1,0,2.0,2,3,1,1.0,2,2,0,81.586335,53.293330000000005,108.233,54.93967,0
MECZOL,11.5657,6.6418,14.8866,8.2448,4.4713665,1.0691150000000005,5.005924,3.936809,1.0,0,1,1,2.0,2,3,1,1.0,2,2,0,109.077835,1.681670000000011,109.91867,108.237,0
MECZUR,12.45705,4.8591,14.8866,10.0275,4.1717075,0.4695689999999999,4.406492,3.936923,1.0,0,1,1,2.5,3,4,1,1.5,1,2,1,111.812835,7.152329999999992,115.389,108.23667,0
MEDBAA,11.88395,6.0051000000000005,14.8865,8.8814,4.2340565,0.5941909999999995,4.531152,3.936961,1.0,0,1,1,1.5,1,2,1,1.0,2,2,0,104.349835,7.774329999999992,108.237,100.46267,1
MEDBEE,11.40325,6.9667,14.8866,7.9199,4.3718805,0.8694870000000003,4.806624,3.937137,1.0,0,1,1,2.0,2,3,1,1.5,1,2,1,110.437165,4.406330000000011,112.64033,108.234,0
MEDBOO,11.91135,5.9499,14.8863,8.9364,4.22838,0.5819319999999997,4.519346,3.937414,1.0,0,1,1,1.5,1,2,1,1.0,2,2,0,112.3515,8.234340000000003,116.46867,108.23433,0
MEDBUU,11.698,6.378,14.887,8.509,4.212915,0.5515959999999995,4.488713,3.937117,1.0,0,1,1,1.5,1,2,1,1.0,2,2,0,111.0495,5.631659999999997,113.86533,108.23367,0
MEDCEF,12.06505,5.6447,14.8874,9.2427,4.224387999999999,0.574274,4.511525,3.937251,1.0,0,1,1,1.5,1,2,1,1.0,2,2,0,104.072665,8.321329999999989,108.23333,99.912,0
MEDCIJ,12.42345,4.9275,14.8872,9.9597,4.2003645,0.5272469999999996,4.463988,3.936741,1.0,0,1,1,1.5,1,2,1,1.0,2,2,0,112.536,8.603340000000003,116.83767,108.23433,0
MEDCOP,12.9705,3.834999999999999,14.888,11.053,3.937547,0.0011399999999999,3.938117,3.936977,1.0,0,1,1,2.0,2,3,1,1.5,1,2,1,107.072335,2.326669999999993,108.23567,105.909,0
MEDDAC,11.95935,5.855500000000001,14.8871,9.0316,3.189727,1.494382,3.936918,2.442536,1.0,0,1,1,2.5,3,4,1,1.0,2,2,0,115.03867,13.608000000000004,121.84267,108.23467,0
MEDFOS,6.24605,6.9041,9.6981,2.794,4.921208,0.2090800000000001,5.025748,4.816668,0.5,1,1,0,2.5,3,4,1,1.5,1,2,1,90.62067,31.178,106.20967,75.03167,0
MEDFUY,8.0201,13.7344,14.8873,1.1529,4.937114,1.999696,5.936962,3.937266,0.5,1,1,0,2.5,3,4,1,1.5,1,2,1,84.383665,47.70067,108.234,60.53333,0
MEDHAG,10.94355,7.8881,14.8876,6.9995,4.255826,0.6378079999999997,4.57473,3.936922,0.5,1,1,0,3.0,4,5,1,2.0,0,2,2,94.002835,28.46167,108.23367,79.772,1
MEDHIO,8.3595,3.5602,10.1396,6.5794,4.790722000000001,0.0513120000000002,4.816378,4.765066,0.5,1,1,0,3.5,5,6,1,2.5,1,3,2,94.732165,22.89766999999999,106.181,83.28333,0
MEDHOU01,11.342,7.090599999999999,14.8873,7.7967,4.386954,0.899664,4.836786,3.937122,1.0,0,1,1,2.0,2,3,1,1.5,1,2,1,112.792835,9.114329999999995,117.35,108.23567,0
MEDHOU,12.4621,4.8506,14.8874,10.0368,4.1398715,0.4056669999999998,4.342705,3.937038,1.0,0,1,1,2.0,2,3,1,1.5,1,2,1,114.789165,13.110330000000005,121.34433,108.234,1
MEDMUF,8.25075,9.3527,12.9271,3.5744,4.366124,1.1644139999999994,4.948331,3.783917,0.5,1,1,0,1.5,1,2,1,0.5,1,1,0,130.8145,166.58834,214.10867,47.52033,1
MEDNUG,11.9184,7.3232,15.58,8.2568,4.9576475,1.6194670000000002,5.767381,4.147914,0.0,0,0,0,6.5,7,10,3,2.5,1,3,2,147.14732999999998,105.93,200.11233,94.18233,0
MEFYUU,5.57905,3.0381,7.0981,4.06,5.1583095,2.640245,6.478432,3.838187,0.5,1,1,0,3.5,1,4,3,0.0,0,0,0,115.472165,122.17967000000002,176.562,54.38233,0
MEGBUY,2.2986,3.523,4.0601,0.5371,5.274483,2.4078440000000008,6.478405,4.070561,0.5,1,1,0,2.5,1,3,2,0.0,0,0,0,117.85183,126.929,181.31633,54.38733,0
MEGVID,11.6589,3.296999999999999,13.3074,10.0104,4.080181,1.4021680000000003,4.781265,3.379097,1.5,1,2,1,2.0,2,3,1,1.0,0,1,1,150.665165,61.07233000000001,181.20133,120.129,0
MEGWAW,12.8607,0.8889999999999993,13.3052,12.4162,4.33068,1.902588,5.281974,3.379386,1.5,1,2,1,1.5,3,3,0,1.0,0,1,1,149.435665,63.52866999999999,181.2,117.67133,0
MEPTAR10,6.56025,0.0365000000000002,6.5785,6.542,4.775039,0.019044,4.784561,4.765517,0.5,1,1,0,3.5,5,6,1,2.0,2,3,1,133.234,99.91134,183.18967,83.27833,1
MESTEM,7.010949999999999,6.8169,10.4194,3.6025,6.108181500000001,2.862699,7.539531,4.676832,0.5,1,1,0,3.0,0,3,3,1.5,3,3,0,95.7665,57.813,124.673,66.86,1
MESXIU,2.7518,1.7251999999999998,3.6144,1.8892,4.0596915,0.6778550000000001,4.398619,3.720764,1.0,2,2,0,2.5,3,4,1,1.5,1,2,1,95.09933,38.38000000000001,114.28933,75.90933,0
METQOS,4.60125,6.6725,7.9375,1.265,5.7843565,4.631113000000001,8.099913,3.4688,0.5,1,1,0,3.0,0,3,3,2.0,4,4,0,104.540835,24.30167,116.69167,92.39,0
MEWYIW,5.11685,2.1151,6.1744,4.0593,4.9727775,3.0120150000000003,6.478785,3.46677,1.0,2,2,0,2.5,1,3,2,0.0,0,0,0,126.848665,144.92533,199.31133,54.386,1
MEXHEG,2.2196,2.6512,3.5452,0.894,5.5407055,4.334819,7.708115,3.373296,0.5,1,1,0,2.0,2,3,1,1.0,2,2,0,78.802835,83.88433,120.745,36.86067,0
MEXSIT,15.29605,11.129500000000002,20.8608,9.7313,3.9074725,0.0100289999999998,3.912487,3.902458,0.5,1,1,0,3.0,2,4,2,2.0,2,3,1,137.50317,117.967,196.48667,78.51967,1
MEXSOZ,9.884799999999998,12.6218,16.1957,3.5739,4.449438,0.9942620000000004,4.946569,3.952307,0.5,1,1,0,2.0,0,2,2,1.5,3,3,0,121.854665,148.66133,196.18533,47.524,0
MICLAM,10.5946,1.7284000000000006,11.4588,9.7304,4.236258,0.8059660000000002,4.639241,3.833275,0.5,1,1,0,2.5,1,3,2,1.5,3,3,0,169.318335,38.41266999999999,188.52467,150.112,0
MICLEQ,11.1011,0.7211999999999996,11.4617,10.7405,4.2168935,0.7682030000000002,4.600995,3.832792,0.5,1,1,0,2.5,1,3,2,1.5,3,3,0,168.978665,37.731330000000014,187.84433,150.113,1
MIDRUN,9.4898,3.4366000000000003,11.2081,7.7715,4.76541,1.3439040000000002,5.437362,4.093458,1.5,1,2,1,1.5,1,2,1,1.0,2,2,0,141.934665,53.69267000000001,168.781,115.08833,0
MIFRAU04,5.18255,0.5656999999999996,5.4654,4.8997,6.3277090000000005,2.7670760000000003,7.711247,4.944171,0.0,0,0,0,3.0,2,4,2,1.5,1,2,1,50.919830000000005,1.993000000000002,51.91633,49.92333,0
MIHJIA,11.74865,10.7379,17.1176,6.3797,4.8770735,0.6536489999999997,5.203898,4.550249,1.0,2,2,0,3.0,6,6,0,2.0,2,3,1,158.6825,151.97366,234.66933,82.69567,0
MIHSIJ,7.899800000000001,0.8448000000000002,8.3222,7.4774,5.414403999999999,2.37456,6.601684,4.227124,0.0,0,0,0,2.0,0,2,2,2.0,4,4,0,98.5745,25.797,111.473,85.676,0
MIJDIU,8.1012,8.654399999999999,12.4284,3.774,4.8304315,1.2806229999999994,5.470743,4.19012,1.0,2,2,0,3.5,1,4,3,1.5,3,3,0,144.958665,180.03667000000002,234.977,54.94033,0
MIJWUB,4.9992,3.7252,6.8618,3.1366,4.616921,0.2738319999999996,4.753837,4.480005,0.5,1,1,0,2.5,3,4,1,2.5,1,3,2,91.2245,37.669,110.059,72.39,0
MIPBIZ,3.86665,1.7909000000000002,4.7621,2.9712,5.5593010000000005,3.4757640000000003,7.297183,3.821419,1.0,2,2,0,2.5,3,4,1,0.0,0,0,0,135.225335,68.20733000000001,169.329,101.12167,0
MIPCUN,14.92465,8.207300000000002,19.0283,10.821,4.7847165,0.7711989999999993,5.170316,4.399117,1.0,0,1,1,3.0,2,4,2,1.5,1,2,1,163.476665,73.22066999999998,200.087,126.86633,1
MIPNUY,3.5209,1.0746000000000002,4.0582,2.9836,5.547343,1.864262,6.479474,4.615212,0.5,1,1,0,3.0,0,3,3,0.0,0,0,0,94.503165,80.23433,134.62033,54.386,0
MIPPEK,3.6592,0.802,4.0602,3.2582,5.5903895,1.776059,6.478419,4.70236,0.5,1,1,0,3.0,0,3,3,0.0,0,0,0,86.70816500000001,64.65167,119.034,54.38233,0
MISMAC,6.85005,5.8503,9.7752,3.9249,4.8045615,0.8667049999999996,5.237914,4.371209,0.5,1,1,0,1.5,1,2,1,1.0,2,2,0,74.371835,40.81433,94.779,53.96467,0
MIYBAX,3.6104,1.6305999999999998,4.4257,2.7951,6.4961225,2.946561,7.969403,5.022842,0.0,0,0,0,3.0,2,4,2,1.5,1,2,1,62.515835,25.02433000000001,75.028,50.00367,0
MIYLOV,9.2951,2.3290000000000006,10.4596,8.1306,3.4957315,2.243335,4.617399,2.374064,1.0,0,1,1,4.0,4,6,2,1.5,3,3,0,127.372335,29.766670000000005,142.25567,112.489,0
MIYLUB,10.1101,3.957600000000001,12.0889,8.1313,3.326531,1.905422,4.279242,2.37382,1.0,0,1,1,4.0,4,6,2,0.5,1,1,0,142.18167,0.1419999999999959,142.25267,142.11067,0
MNICPC,4.04275,3.5105,5.798,2.2875,3.967139,0.813688,4.373983,3.560295,1.0,0,1,1,4.0,6,7,1,0.5,1,1,0,127.526335,61.55733000000001,158.305,96.74767,0
MOCBAI,6.6729,5.226,9.2859,4.0599,5.514103,1.928942,6.478574,4.549632,0.0,0,0,0,5.0,4,7,3,0.0,0,0,0,117.1895,125.61434,179.99667,54.38233,0
MOCXUX,4.59565,3.6037,6.3975,2.7938,4.801524499999999,0.4480729999999999,5.025561,4.577488,0.0,0,0,0,3.5,1,4,3,1.5,1,2,1,86.319,22.582660000000004,97.61033,75.02767,0
MODWIO,8.0467,8.939,12.5162,3.5772,6.2547035,3.480011,7.994709,4.514698,0.5,1,1,0,4.5,3,6,3,3.0,2,4,2,161.99083000000002,140.03900000000002,232.01033,91.97133,0
MODXUZ,7.2161,1.2710000000000008,7.8516,6.5806,5.191082,0.8514039999999996,5.616784,4.76538,0.0,0,0,0,4.5,3,6,3,2.5,1,3,2,106.214835,45.87767000000001,129.15367,83.276,1
MOGZAJ,2.08295,0.5323,2.3491,1.8168,7.2590675,1.7789970000000004,8.148566,6.369569,0.0,0,0,0,2.5,3,4,1,0.5,1,1,0,84.3635,27.94834,98.33767,70.38933,0
MOGZEN,3.1645000000000003,1.6305999999999998,3.9798,2.3492,7.005363,1.2710220000000003,7.640874,6.369852,0.0,0,0,0,3.0,2,4,2,0.5,1,1,0,85.02199999999999,26.62866000000001,98.33633,71.70767,0
MOGZOX,2.11865,0.4577000000000002,2.3475,1.8898,5.0455515,2.648599,6.369851,3.721252,1.0,2,2,0,2.5,3,4,1,1.0,2,2,0,106.3135,15.951000000000008,114.289,98.338,0
MOHDIX,8.642050000000001,7.486500000000001,12.3853,4.8988,6.0135950000000005,2.1362,7.081695,4.945495,0.0,0,0,0,3.0,2,4,2,2.0,2,3,1,72.0055,40.18766,92.09933,51.91167,0
MOHNUT,4.14055,0.1553000000000004,4.2182,4.0629,5.6374325,1.679933,6.477399,4.797466,0.5,1,1,0,2.5,1,3,2,0.0,0,0,0,132.414665,156.07066999999998,210.45,54.37933,0
MOKNAC,8.632,3.579,10.4215,6.8425,4.40301,0.5432540000000001,4.674637,4.131383,1.5,1,2,1,2.5,1,3,2,0.0,0,0,0,150.95166999999998,52.51599999999999,177.20967,124.69367,0
MOLGIE01,11.3846,11.7532,17.2612,5.508,5.300798,3.481222,7.041409,3.560187,0.0,0,0,0,3.5,5,6,1,1.0,0,1,1,90.893,71.51934,126.65267,55.13333,0
MOLGIE,11.37525,11.7347,17.2426,5.5079,5.310198,3.4648540000000003,7.042625,3.577771,0.0,0,0,0,3.5,5,6,1,1.0,0,1,1,90.85733,71.454,126.58433,55.13033,0
MORPLN01,6.82645,2.635699999999999,8.1443,5.5086,5.821303,2.4399880000000005,7.041297,4.601309,0.0,0,0,0,2.0,2,3,1,0.5,1,1,0,74.26983,38.27700000000001,93.40833,55.13133,0
MOXBUW,3.68885,2.8053,5.0915,2.2862,5.6681935,4.215662999999999,7.776025,3.560362,0.5,1,1,0,4.0,6,7,1,1.5,3,3,0,99.313335,118.00133,158.314,40.31267,0
MOXXIJ,9.8284,4.115600000000001,11.8862,7.7706,4.843814,1.1874400000000005,5.437534,4.250094,1.5,1,2,1,2.0,2,3,1,1.5,1,2,1,156.254665,25.054670000000016,168.782,143.72733,1
MOXXUV,8.340150000000001,1.1317000000000004,8.906,7.7743,5.0854625,0.7023530000000004,5.436639,4.734286,1.5,1,2,1,2.0,2,3,1,1.5,1,2,1,151.39133500000003,34.78133,168.782,134.00067,1
MOXYEG,8.3384,1.133399999999999,8.9051,7.7717,5.0856795,0.702979,5.437169,4.73419,1.5,1,2,1,2.0,2,3,1,1.5,1,2,1,151.393335,34.777330000000006,168.782,134.00467,0
MOXYIK,9.5236,3.500799999999999,11.274,7.7732,4.892341,1.0895460000000003,5.437114,4.347568,1.5,1,2,1,2.0,2,3,1,1.5,1,2,1,155.941,25.671339999999987,168.77667,143.10533,0
MOXYOQ,8.3383,1.1324000000000003,8.9045,7.7721,5.086161499999999,0.7030789999999998,5.437701,4.734622,1.5,1,2,1,2.0,2,3,1,1.5,1,2,1,151.3875,34.77365999999998,168.77433,134.00067,1
MOXYUW,9.5233,3.5048000000000004,11.2757,7.7709,4.8923585,1.0898149999999998,5.437266,4.347451,1.5,1,2,1,2.0,2,3,1,1.5,1,2,1,155.93483500000002,25.694330000000008,168.782,143.08767,1
MOYKES,6.8573,0.5550000000000006,7.1348,6.5798,4.64412,0.2421880000000005,4.765214,4.523026,0.5,1,1,0,3.5,5,6,1,2.5,1,3,2,85.12700000000001,3.693339999999992,86.97367,83.28033,1
MOZMIY,7.79855,5.4015,10.4993,5.0978,5.424735500000001,4.6956750000000005,7.772573,3.076898,0.5,1,1,0,3.0,4,5,1,2.0,2,3,1,78.898165,77.16633,117.48133,40.315,0
MUFBOE01,5.7898000000000005,7.2996,9.4396,2.14,5.6684665,1.5665870000000002,6.45176,4.885173,0.5,1,1,0,4.0,4,6,2,3.0,0,3,3,102.03,42.413340000000005,123.23667,80.82333,1
MUFBOE,8.03495,2.9101,9.49,6.5799,4.8190375,0.1076670000000001,4.872871,4.765204,0.5,1,1,0,4.0,4,6,2,3.0,0,3,3,103.06233,39.56399999999999,122.84433,83.28033,0
MUFCOF,6.8043,8.6658,11.1372,2.4714,6.225611000000001,3.318528,7.884875,4.566347,0.0,0,0,0,2.5,3,4,1,1.0,2,2,0,121.688335,61.894670000000005,152.63567,90.741,1
MUHKEI01,4.7781,5.5182,7.5372,2.019,5.564665,3.000862,7.065096,4.064234,0.0,0,0,0,5.5,9,10,1,1.5,1,2,1,77.232665,57.375330000000005,105.92033,48.545,0
MUHKEI,2.97105,1.9041,3.9231,2.019,5.7682935,2.594041,7.065314,4.471273,0.0,0,0,0,5.5,9,10,1,1.5,1,2,1,75.957165,54.82433,103.36933,48.545,0
MUKVUM,6.39865,4.677700000000001,8.7375,4.0598,5.5076395,1.941927,6.478603,4.536676,0.5,1,1,0,2.0,2,3,1,0.0,0,0,0,111.73117,114.697,169.07967,54.38267,0
MULPAN,6.685700000000001,3.394800000000001,8.3831,4.9883,4.2322165,0.6967750000000001,4.580604,3.883829,1.5,1,2,1,2.0,2,3,1,0.5,1,1,0,139.015335,24.18267,151.10667,126.924,0
MULPER,5.4845500000000005,5.798500000000001,8.3838,2.5853,5.060408,0.9618140000000004,5.541315,4.579501,1.0,0,1,1,3.0,0,3,3,0.5,1,1,0,115.42433,22.98400000000001,126.91633,103.93233,1
MULPUH,5.2065,6.355599999999999,8.3843,2.0287,5.0820105,1.0063530000000007,5.585187,4.578834,1.0,0,1,1,2.5,1,3,2,0.5,1,1,0,105.99767,41.83600000000001,126.91567,85.07967,0
MULVUN,4.19205,4.5801,6.4821,1.902,5.0748205,0.8179609999999995,5.483801,4.66584,0.5,1,1,0,3.0,2,4,2,1.5,3,3,0,88.046,22.69466,99.39333,76.69867,0
MUMXEA,11.4776,6.6926000000000005,14.8239,8.1313,2.525502,0.304068,2.677536,2.373468,1.5,1,2,1,3.5,5,6,1,0.5,1,1,0,190.83483,97.157,239.41333,142.25633,0
MUNSUM,3.3166,1.4854000000000005,4.0593,2.5739,5.316217,2.324888,6.478661,4.153773,1.0,2,2,0,1.5,3,3,0,0.5,1,1,0,133.094835,157.42567,211.80767,54.382,1
MUPDOR,8.716650000000001,0.4547000000000007,8.944,8.4893,4.752779,0.972284,5.238921,4.266637,1.0,2,2,0,3.5,5,6,1,1.5,1,2,1,124.619335,46.94266999999999,148.09067,101.148,0
MUPNUG,7.6658,13.1654,14.2485,1.0831,5.5565525,0.7669830000000006,5.940044,5.173061,0.0,0,0,0,3.0,2,4,2,2.5,3,4,1,86.92517,52.83899999999999,113.34467,60.50567,0
MUPPAO,6.5063,10.8792,11.9459,1.0667,5.5955675,0.6874849999999997,5.93931,5.251825,0.0,0,0,0,3.0,2,4,2,2.5,3,4,1,86.03,51.07265999999999,111.56633,60.49367,1
MURHAK,3.28305,1.5528999999999995,4.0595,2.5066,5.261329,2.434778,6.478718,4.04394,1.0,2,2,0,3.5,1,4,3,0.5,1,1,0,133.773165,158.78033,213.16333,54.383,0
MUSJUG,6.12525,5.0299,8.6402,3.6103,3.64357,1.512998,4.400069,2.887071,1.0,2,2,0,2.5,3,4,1,1.0,0,1,1,163.2245,174.639,250.544,75.905,0
MUSXEE,4.655950000000001,4.7777,7.0448,2.2671,4.168237,1.2769420000000005,4.806708,3.529766,0.5,1,1,0,4.0,6,7,1,2.0,4,4,0,118.95367,78.57199999999999,158.23967,79.66767,0
MUYDIW,9.16675,0.981300000000001,9.6574,8.6761,4.7706865,1.383997,5.462685,4.078688,0.5,1,1,0,3.5,5,6,1,2.5,1,3,2,83.26383,7.209000000000003,86.86833,79.65933,1
MUYDOC,9.90705,2.459299999999999,11.1367,8.6774,5.014590500000001,0.8959830000000002,5.462582,4.566599,0.5,1,1,0,2.5,3,4,1,1.0,2,2,0,116.1535,72.97166,152.63933,79.66767,1
MUYDUI,6.7187,3.9148,8.6761,4.7613,4.941625999999999,1.0422520000000004,5.462752,4.4205,1.0,0,1,1,2.0,2,3,1,1.5,1,2,1,93.689165,28.05833,107.71833,79.66,0
MUYVIM,2.82905,1.5113000000000003,3.5847,2.0734,5.310007499999999,0.8116110000000001,5.715813,4.904202,0.5,1,1,0,2.0,2,3,1,1.5,1,2,1,82.013835,8.213670000000008,86.12067,77.907,0
MUZTUY,3.38155,1.3541000000000003,4.0586,2.7045,5.2563125,2.4449070000000006,6.478766,4.033859,0.0,0,0,0,1.5,3,3,0,0.0,0,0,0,117.93733,127.108,181.49133,54.38333,0
NABMAH,10.87245,10.598100000000002,16.1715,5.5734,4.392172,2.193518,5.488931,3.295413,2.0,0,2,2,2.0,2,3,1,1.0,2,2,0,184.40717,47.971,208.39267,160.42167,1
NABMEL,8.64425,6.0993,11.6939,5.5946,4.476122999999999,1.996472,5.474359,3.477887,2.0,0,2,2,4.5,7,8,1,1.5,1,2,1,207.9485,94.975,255.436,160.461,1
NAFKAJ,6.8377,4.288399999999999,8.9819,4.6935,6.1002225,0.1684009999999993,6.184423,6.016022,0.0,0,0,0,2.5,1,3,2,0.5,1,1,0,80.34617,72.25299999999999,116.47267,44.21967,1
NAGLYA10,12.20125,17.257099999999998,20.8298,3.5727,4.431667,1.0302539999999998,4.946794,3.91654,0.0,0,0,0,3.0,2,4,2,1.5,3,3,0,109.750165,124.43567,171.968,47.53233,0
NAGLYB10,4.97315,0.8076999999999996,5.377,4.5693,5.9830705,1.741383,6.853762,5.112379,0.0,0,0,0,3.0,2,4,2,2.5,3,4,1,96.84467,27.64800000000001,110.66867,83.02067,1
NAJMUK,1.65375,0.9597,2.1336,1.1739,7.000348499999999,2.1308490000000004,8.065773,5.934924,0.0,0,0,0,3.5,1,4,3,2.5,3,4,1,95.304,69.52800000000002,130.068,60.54,0
NAKZOR,7.811349999999999,2.2528999999999995,8.9378,6.6849,4.1905345,1.534069,4.957569,3.4235,1.0,0,1,1,3.0,2,4,2,2.0,2,3,1,106.36017,22.541,117.63067,95.08967,0
NAQMUQ,7.927449999999999,13.5481,14.7015,1.1534,5.3605385000000005,1.1516329999999997,5.936355,4.784722,0.5,1,1,0,3.5,1,4,3,1.5,1,2,1,97.882835,74.69967000000001,135.23267,60.533,0
NAQXAE,6.3802,0.3574000000000001,6.5589,6.2015,5.5352005,0.6597010000000001,5.865051,5.20535,1.0,2,2,0,1.5,1,2,1,0.5,1,1,0,147.349335,72.77332999999999,183.736,110.96267,0
NARDAL,5.3147,7.134799999999999,8.8821,1.7473,5.327317,1.5932840000000006,6.123959,4.530675,0.5,1,1,0,3.0,2,4,2,1.0,2,2,0,126.805165,52.686329999999984,153.14833,100.462,0
NARLOJ,9.6548,12.219,15.7643,3.5453,5.48787,4.441606,7.708673,3.267067,1.5,3,3,0,3.0,4,5,1,1.0,2,2,0,154.123665,234.52933,271.38833,36.859,0
NASQED,3.38795,1.1847000000000003,3.9803,2.7956,6.3317145,2.6166550000000006,7.640042,5.023387,0.0,0,0,0,3.0,2,4,2,1.0,0,1,1,73.369,3.328000000000003,75.033,71.705,0
NAVHIC,16.00775,9.741699999999998,20.8786,11.1369,4.78859,0.4441760000000005,5.010678,4.566502,0.5,1,1,0,3.5,1,4,3,1.0,2,2,0,142.346,20.588,152.64,132.052,1
NAWYIX,8.91205,3.5407,10.6824,7.1417,4.6084795,1.4923069999999998,5.354633,3.862326,1.0,0,1,1,2.5,3,4,1,2.0,0,2,2,101.1725,18.63633999999999,110.49067,91.85433,0
NAWYOD,7.56125,0.8376999999999999,7.9801,7.1424,3.873142,2.962804,5.354544,2.39174,1.0,0,1,1,2.5,3,4,1,1.0,2,2,0,108.107165,32.50233,124.35833,91.856,0
NAWYUJ,9.24295,4.2017,11.3438,7.1421,4.374739,1.957834,5.353656,3.395822,1.0,0,1,1,3.0,4,5,1,2.0,0,2,2,110.211,36.69865999999999,128.56033,91.86167,0
NAWZAQ,8.277800000000001,2.2716000000000003,9.4136,7.142,4.537866,1.6337340000000005,5.354733,3.720999,1.0,0,1,1,2.5,3,4,1,1.0,2,2,0,105.026,26.342,118.197,91.855,0
NAWZUK,9.44185,4.597300000000001,11.7405,7.1432,4.6515735,1.4047010000000002,5.353924,3.949223,1.0,0,1,1,2.0,2,3,1,1.5,1,2,1,102.349,20.987340000000003,112.84267,91.85533,0
NAXBAT,9.17485,4.0665,11.2081,7.1416,4.7240905,1.2612749999999997,5.354728,4.093453,1.0,0,1,1,1.5,1,2,1,1.0,2,2,0,103.471,23.23334,115.08767,91.85433,0
NAXBEX,4.0172,6.251,7.1427,0.8917,4.364077,1.981066,5.35461,3.373544,1.0,0,1,1,2.0,2,3,1,1.0,2,2,0,106.302,28.89533999999999,120.74967,91.85433,0
NAXTAJ,10.75285,4.7365,13.1211,8.3846,4.5259165,0.1060029999999994,4.578918,4.472915,1.0,0,1,1,2.0,2,3,1,1.0,2,2,0,133.543165,13.243669999999996,140.165,126.92133,0
NAXZUL,6.446199999999999,2.71,7.8012,5.0912,6.0119285,3.528385,7.776121,4.247736,0.0,0,0,0,4.0,6,7,1,2.5,1,3,2,97.56167,114.498,154.81067,40.31267,0
NAYCOH,6.1063,4.049799999999999,8.1312,4.0814,3.084754,1.4222180000000004,3.795863,2.373645,1.5,1,2,1,3.5,5,6,1,1.0,2,2,0,129.8995,24.709660000000014,142.25433,117.54467,0
NAYCUN,6.18355,3.5929,7.98,4.3871,3.048349,1.312512,3.704605,2.392093,1.5,1,2,1,2.5,3,4,1,1.0,2,2,0,121.0805,6.550999999999988,124.356,117.805,0
NAYGOK,6.6136,10.020600000000002,11.6239,1.6033,4.1406635000000005,1.163405,4.722366,3.558961,0.5,1,1,0,2.5,1,3,2,0.5,1,1,0,146.3875,183.629,238.202,54.573,0
NEBGIK,6.9268,9.2824,11.568,2.2856,3.8525785,0.5841569999999994,4.144657,3.5605,1.0,0,1,1,4.5,5,7,2,0.5,1,1,0,153.802,9.012,158.308,149.296,0
NEBGOQ,10.5691,15.52,18.3291,2.8091,5.049093,0.0980220000000002,5.098104,5.000082,0.5,1,1,0,2.5,3,4,1,1.0,0,1,1,116.37683,82.667,157.71033,75.04333,0
NEBVUN,4.3873,2.0458,5.4102,3.3644,4.9690855,1.371035,5.654603,4.283568,1.0,0,1,1,4.0,0,4,4,1.5,1,2,1,104.016165,1.305669999999992,104.669,103.36333,0
NEBWAW,16.4001,11.2498,22.025,10.7752,4.3109705,0.9097649999999996,4.765853,3.856088,1.0,0,1,1,3.0,0,3,3,1.0,0,1,1,129.776835,47.49833000000001,153.526,106.02767,0
NEBWEA,16.61655,10.8167,22.0249,11.2082,4.4296385,0.6723850000000002,4.765831,4.093446,1.0,0,1,1,2.5,1,3,2,0.5,1,1,0,134.308165,38.44033000000002,153.52833,115.088,0
NEBWOK,18.77205,6.506099999999998,22.0251,15.519,4.1968835,1.1379469999999996,4.765857,3.62791,1.0,0,1,1,3.0,0,3,3,0.5,1,1,0,143.97483,19.10500000000001,153.52733,134.42233,0
NEBYAW,4.2324,1.7365999999999997,5.1007,3.3641,5.319906,0.670166,5.654989,4.984823,0.5,1,1,0,3.0,2,4,2,1.0,2,2,0,97.32267,14.688000000000002,104.66667,89.97867,0
NEBYEA,4.5106,2.2936,5.6574,3.3638,4.96238,1.3853040000000003,5.655032,4.269728,1.0,0,1,1,3.5,1,4,3,1.5,1,2,1,114.05267,18.774,123.43967,104.66567,0
NEFSUP,4.66495,0.1952999999999995,4.7626,4.5673,5.011202,1.1813859999999998,5.601895,4.420509,1.0,0,1,1,3.0,0,3,3,1.5,1,2,1,103.2975,8.836999999999989,107.716,98.879,0
NEGTIC,9.10205,10.6565,14.4303,3.7738,4.179964,2.581526,5.470727,2.889201,0.5,1,1,0,3.5,1,4,3,1.5,3,3,0,153.580165,197.28433,252.22233,54.938,0
NEKNUQ,8.762599999999999,6.555999999999999,12.0406,5.4846,3.754829500000001,0.7990330000000001,4.154346,3.355313,2.0,2,3,1,2.5,1,3,2,1.5,3,3,0,182.918335,112.95667,239.39667,126.44,0
NEKRII,7.7217,4.473399999999999,9.9584,5.485,3.910136,1.1095940000000004,4.464933,3.355339,2.0,2,3,1,2.5,1,3,2,1.5,3,3,0,178.117,122.56,239.397,116.837,0
NELJEX,8.1245,5.2792,10.7641,5.4849,3.677279,0.6438540000000001,3.999206,3.355352,2.5,1,3,2,3.0,0,3,3,2.0,2,3,1,238.443,1.9106599999999787,239.39833,237.48767,0
NELPUP,4.8319,0.1316000000000006,4.8977,4.7661,6.3719445,2.852403,7.798146,4.945743,0.0,0,0,0,3.0,2,4,2,1.5,1,2,1,50.9545,1.9143400000000028,51.91167,49.99733,0
NELYOW,14.13625,0.9446999999999992,14.6086,13.6639,4.410362,1.3652820000000006,5.093003,3.727721,1.0,0,1,1,1.0,2,2,0,1.0,0,1,1,124.545665,36.15333000000001,142.62233,106.469,1
NENMEA,11.40485,11.6771,17.2434,5.5663,5.218764500000001,3.282445,6.859987,3.577542,0.0,0,0,0,4.0,4,6,2,1.5,1,2,1,110.677,31.82065999999999,126.58733,94.76667,0
NEQHIC,5.4623,0.2192000000000007,5.5719,5.3527,4.9026955,0.4444230000000004,5.124907,4.680484,0.0,0,0,0,2.5,3,4,1,2.5,1,3,2,85.25467,28.298,99.40367,71.10567,0
NERLIJ,5.8978,1.9972,6.8964,4.8992,5.566915,1.2433259999999997,6.188578,4.945252,0.0,0,0,0,2.5,3,4,1,1.5,1,2,1,50.763165,2.301670000000001,51.914,49.61233,0
NERZET,6.1737,4.7992,8.5733,3.7741,5.6493065,0.357501,5.828057,5.470556,0.0,0,0,0,2.0,2,3,1,1.0,2,2,0,52.475665,4.9226699999999965,54.937,50.01433,1
NETTEP,3.9999,1.7977999999999996,4.8988,3.101,6.398883,2.907436,7.852601,4.945165,0.0,0,0,0,4.5,1,5,4,3.5,5,6,1,87.92067,72.01599999999999,123.92867,51.91267,0
NETTOZ,3.2819,2.9578,4.7608,1.803,6.083413999999999,3.324856,7.745842,4.420986,0.5,1,1,0,4.0,2,5,3,3.5,5,6,1,115.599165,15.77367000000001,123.486,107.71233,0
NETWUE,10.2611,7.768800000000001,14.1455,6.3767,5.1223645,0.1648089999999999,5.204769,5.03996,0.5,1,1,0,3.0,6,6,0,2.0,2,3,1,103.321335,41.25067,123.94667,82.696,1
NETXAL,10.36255,7.5657,14.1454,6.5797,4.9024325,0.2755910000000003,5.040228,4.764637,0.5,1,1,0,3.0,6,6,0,2.0,2,3,1,103.6135,40.66633999999999,123.94667,83.28033,0
NEVLEI,4.89475,1.2279,5.5087,4.2808,5.896024499999999,2.290121,7.041085,4.750964,0.0,0,0,0,1.0,0,1,1,0.5,1,1,0,56.92783,3.588999999999998,58.72233,55.13333,0
NEWNIP,7.6142,1.0334000000000003,8.1309,7.0975,3.501493,2.25383,4.628408,2.374578,1.0,0,1,1,3.5,5,6,1,1.0,2,2,0,117.4115,49.67434,142.24867,92.57433,0
NEWSOY,9.01915,4.9539,11.4961,6.5422,4.286859,1.3644580000000004,4.969088,3.60463,0.5,1,1,0,2.5,3,4,1,1.5,1,2,1,95.1425,10.109000000000009,100.197,90.088,0
NEZCAY,3.5707000000000004,2.8636000000000004,5.0025,2.1389,4.3915035,3.576081,6.179544,2.603463,0.5,1,1,0,2.5,1,3,2,0.0,0,0,0,171.3335,200.96566,271.81633,70.85067,0
NICVAX,5.76995,3.4191000000000003,7.4795,4.0604,5.4178035,2.120757,6.478182,4.357425,0.5,1,1,0,1.5,3,3,0,0.0,0,0,0,121.51833,134.26,188.64833,54.38833,0
NICVEB,7.292199999999999,6.463399999999999,10.5239,4.0605,5.3167695,2.323253,6.478396,4.155143,0.5,1,1,0,1.5,3,3,0,0.0,0,0,0,124.70617,140.643,195.02767,54.38467,0
NIDBEL,10.51875,11.5179,16.2777,4.7598,6.8019335,0.990387,7.297127,6.30674,0.5,1,1,0,2.0,4,4,0,0.5,1,1,0,94.526,13.195999999999998,101.124,87.928,1
NIDSOK,7.843249999999999,2.0759,8.8812,6.8053,5.138611,1.214798,5.74601,4.531212,1.5,1,2,1,1.5,1,2,1,1.0,2,2,0,151.027335,101.13267,201.59367,100.461,1
NIFFOX,10.1271,5.478400000000001,12.8663,7.3879,4.7428925,0.966265,5.226025,4.25976,0.5,1,1,0,4.0,4,6,2,1.5,3,3,0,192.4845,59.10034000000002,222.03467,162.93433,0
NIGKEW,9.9213,6.683000000000001,13.2628,6.5798,5.0230895,0.5162490000000002,5.281214,4.764965,0.5,1,1,0,3.5,5,6,1,2.0,2,3,1,116.161335,65.76266999999999,149.04267,83.28,0
NIGMIB,4.2751,0.431,4.4906,4.0596,5.774081499999999,1.409173,6.478668,5.069495,1.0,2,2,0,2.0,2,3,1,0.5,1,1,0,145.8785,182.99166,237.37433,54.38267,0
NIJCES,5.1375,0.1318000000000001,5.2034,5.0716,4.863134499999999,0.3533429999999997,5.039806,4.686463,0.5,1,1,0,4.5,1,5,4,1.5,1,2,1,128.930665,38.638670000000005,148.25,109.61133,1
NIJLIE,7.3887,7.990400000000001,11.3839,3.3935,5.7269115,3.706655,7.580239,3.873584,0.0,0,0,0,1.5,1,2,1,1.0,2,2,0,105.5215,65.20299999999999,138.123,72.92,1
NIMDIW,3.32565,2.8727,4.762,1.8893,4.0711005,0.7008510000000001,4.421526,3.720675,1.5,1,2,1,2.0,2,3,1,1.5,1,2,1,110.99983,6.579000000000008,114.28933,107.71033,0
NIMGOI,4.7097,0.0247999999999999,4.7221,4.6973,5.607089,0.8044159999999998,6.009297,5.204881,1.0,2,2,0,2.0,0,2,2,1.0,2,2,0,124.62233,160.788,205.01633,44.22833,0
NIMXUF,3.808100000000001,2.5748,5.0955,2.5207,5.9085085,3.729155,7.773086,4.043931,0.0,0,0,0,4.0,6,7,1,2.0,2,3,1,72.72749999999999,64.82766,105.14133,40.31367,0
NINZAN,2.53065,0.4886999999999997,2.775,2.2863,5.709542,4.297986,7.858535,3.560549,0.5,1,1,0,4.5,5,7,2,1.5,3,3,0,111.96417,92.683,158.30567,65.62267,0
NIPHUR,9.351299999999998,0.9412000000000004,9.8219,8.8807,4.5359945,0.0092569999999998,4.540623,4.531366,1.0,0,1,1,2.0,0,2,2,1.5,3,3,0,126.40417,51.889,152.34867,100.45967,0
NIQRUB,7.9876,4.863,10.4191,5.5561,4.881183999999999,0.4087199999999997,5.085544,4.676824,1.0,0,1,1,2.5,1,3,2,1.0,2,2,0,118.482165,12.377670000000007,124.671,112.29333,0
NIRMIN,15.1521,9.4606,19.8824,10.4218,3.585951,2.177006,4.674454,2.497448,1.0,0,1,1,3.0,0,3,3,1.0,2,2,0,139.504165,29.61567000000001,154.312,124.69633,0
NITTAO,1.09485,1.8365,2.0131,0.1766,5.863638,5.048178,8.387727,3.339549,0.5,1,1,0,2.0,2,3,1,1.0,2,2,0,120.678165,60.55433000000001,150.95533,90.401,0
NIVKAF,5.4597,2.8004,6.8599,4.0595,5.7443635,1.4686510000000004,6.478689,5.010038,0.5,1,1,0,2.0,2,3,1,0.0,0,0,0,123.935,139.10334,193.48667,54.38333,1
NIYGIN,8.53615,6.0631,11.5677,5.5046,4.4280705000000005,0.566859,4.7115,4.144641,0.5,1,1,0,2.0,0,2,2,1.0,0,1,1,143.1165,12.35899999999998,149.296,136.937,0
NIYJIR,10.386,11.3842,16.0781,4.6939,5.962840999999999,0.106198,6.01594,5.909742,0.0,0,0,0,2.0,0,2,2,0.5,1,1,0,70.83,53.218,97.439,44.221,0
NIZLAK,4.89435,4.4465,7.1176,2.6711,4.280094,0.007416,4.283802,4.276386,0.0,0,0,0,4.0,0,4,4,2.0,0,2,2,175.794165,31.51567,191.552,160.03633,0
NOBYAE,6.927,2.1204,7.9872,5.8668,5.9032435,0.4789110000000001,6.142699,5.663788,0.0,0,0,0,4.5,3,6,3,2.5,1,3,2,96.237835,1.4863299999999953,96.981,95.49467,1
NOBYEI,13.9625,16.1934,22.0592,5.8658,4.860408,1.6044340000000004,5.662625,4.058191,0.0,0,0,0,4.0,4,6,2,2.0,0,2,2,97.217165,0.4643300000000039,97.44933,96.985,1
NOFQOR,7.355650000000001,0.8776999999999999,7.7945,6.9168,5.4601175,1.2476529999999997,6.083944,4.836291,0.5,1,1,0,2.0,2,3,1,1.0,0,1,1,109.01333,16.668000000000006,117.34733,100.67933,1
NOFWUA,8.831949999999999,5.5113,11.5876,6.0763,6.0173205,2.8796089999999994,7.457125,4.577516,0.5,1,1,0,2.5,1,3,2,1.0,2,2,0,112.4145,51.01833999999998,137.92367,86.90533,0
NOFXEL,8.24905,4.346699999999999,10.4224,6.0757,6.066326,2.781676,7.457164,4.675488,0.5,1,1,0,2.5,1,3,2,1.0,2,2,0,105.78833,37.76599999999999,124.67133,86.90533,0
NOJWIS,10.56,6.2082,13.6641,7.4559,4.8192275,0.5479690000000002,5.093212,4.545243,0.5,1,1,0,2.5,5,5,0,1.5,1,2,1,93.266665,26.39933000000001,106.46633,80.067,1
NOJWOY,9.6552,5.314000000000001,12.3122,6.9982,4.8156845,0.482297,5.056833,4.574536,0.5,1,1,0,2.5,5,5,0,1.5,1,2,1,92.049,24.547340000000005,104.32267,79.77533,1
NOQWIC,6.1686,4.2178,8.2775,4.0597,5.568605,1.819576,6.478393,4.658817,0.5,1,1,0,1.5,3,3,0,0.0,0,0,0,108.982335,109.19933,163.582,54.38267,0
NORGEH,6.872450000000001,3.9457,8.8453,4.8996,4.70997,0.4704499999999996,4.945195,4.474745,0.5,1,1,0,3.5,1,4,3,1.5,1,2,1,70.48683,37.151,89.06233,51.91133,1
NORKOX,3.8179,3.064,5.3499,2.2859,5.3012185,3.480855,7.041646,3.560791,0.5,1,1,0,4.0,6,7,1,1.0,2,2,0,120.99067,74.63600000000001,158.30867,83.67267,0
NOSRIZ,9.30805,9.2285,13.9223,4.6938,5.1958585,1.6403949999999998,6.016056,4.375661,0.5,1,1,0,4.0,4,6,2,0.5,1,1,0,116.3875,144.33434,188.55467,44.22033,0
NOSROF,3.9669,3.3629999999999995,5.6484,2.2854,3.978688,0.836036,4.396706,3.56067,1.0,0,1,1,5.5,3,7,4,0.5,1,1,0,163.132665,9.650669999999993,167.958,158.30733,0
NOSXAU,9.89135,9.9859,14.8843,4.8984,5.078053000000001,0.2660220000000004,5.211064,4.945042,0.0,0,0,0,3.0,2,4,2,2.5,3,4,1,82.860665,61.89267,113.807,51.91433,0
NOSXEY,9.4274,9.0582,13.9565,4.8983,4.995501,0.1017100000000006,5.046356,4.944646,0.0,0,0,0,3.0,2,4,2,2.5,3,4,1,81.927335,60.02733,111.941,51.91367,1
NUGJUX,0.84175,1.6812999999999998,1.6824,0.0011,6.051886,2.73675,7.420261,4.683511,0.0,0,0,0,3.0,2,4,2,2.0,4,4,0,118.2435,52.843660000000014,144.66533,91.82167,1
NUGKAE,2.3045,2.9398,3.7744,0.8346,6.5208215,2.1004430000000003,7.571043,5.4706,0.0,0,0,0,2.5,1,3,2,2.0,4,4,0,99.63417,89.38700000000001,144.32767,54.94067,0
NUKWOF,6.5796,3.362,8.2606,4.8986,4.5495315000000005,0.7909470000000001,4.945005,4.154058,0.5,1,1,0,2.5,3,4,1,1.0,0,1,1,129.2225,154.61566,206.53033,51.91467,0
NUKWUL,9.7357,2.9416,11.2065,8.2649,3.6450915,0.1810670000000001,3.735625,3.554558,0.5,1,1,0,2.5,3,4,1,1.0,0,1,1,157.236335,153.12867,233.80067,80.672,0
NUNHAG,14.09415,7.2997,17.744,10.4443,3.9608185,1.407927,4.664782,3.256855,0.5,1,1,0,3.5,3,5,2,0.5,1,1,0,152.4525,17.643659999999983,161.27433,143.63067,0
NUNPUJ,7.34,5.872199999999999,10.2761,4.4039,5.4779515,3.144087,7.049995,3.905908,0.0,0,0,0,2.0,2,3,1,1.5,1,2,1,86.744835,41.15167000000001,107.32067,66.169,0
NUPBEH,5.0472,5.228400000000001,7.6614,2.433,4.818398500000001,1.5956409999999996,5.616219,4.020578,0.5,1,1,0,2.5,3,4,1,1.5,1,2,1,65.80467,35.28,83.44467,48.16467,0
NUQLOD,5.1997,0.8773999999999997,5.6384,4.761,4.7254735,0.6097969999999995,5.030372,4.420575,1.0,0,1,1,2.5,1,3,2,1.5,1,2,1,116.697165,17.96833000000001,125.68133,107.713,0
NUQRAT,11.4242,15.7582,19.3033,3.5451,3.648759,0.1263740000000002,3.711946,3.585572,1.5,1,2,1,3.5,3,5,2,1.0,0,1,1,148.6155,25.875,161.553,135.678,0
NUQXIH,8.69415,12.8591,15.1237,2.2646,4.196602,1.3332419999999998,4.863223,3.529981,1.0,0,1,1,4.0,6,7,1,1.0,2,2,0,155.302165,5.873670000000004,158.239,152.36533,1
NUTVUT,6.628299999999999,2.3366,7.7966,5.46,4.9977505,0.3220850000000004,5.158793,4.836708,1.0,0,1,1,2.5,1,3,2,2.0,2,3,1,125.262165,15.821669999999996,133.173,117.35133,1
NUXFIV,2.4192,2.308,3.5732,1.2652,4.413984,1.069756,4.948862,3.879106,0.5,1,1,0,3.0,2,4,2,1.0,2,2,0,117.94017,140.827,188.35367,47.52667,0
NUYDOB,4.4453,1.8064,5.3485,3.5421,3.799753500000001,1.4443810000000004,4.521944,3.077563,0.5,1,1,0,3.5,1,4,3,2.0,2,3,1,141.97366499999998,21.19267,152.57,131.37733,0
NUYFUI,3.77335,0.3263000000000002,3.9365,3.6102,5.751161,2.702552,7.102437,4.399885,0.0,0,0,0,3.5,1,4,3,2.0,2,3,1,73.87299999999999,4.064000000000007,75.905,71.841,0
NUZMIG,3.24255,0.8951000000000002,3.6901,2.795,6.3858865,2.7263770000000003,7.749075,5.022698,0.0,0,0,0,3.0,2,4,2,1.5,1,2,1,74.284,1.4939999999999998,75.031,73.537,1
OBARUG,2.9742,2.1704,4.0594,1.889,5.09967,2.757822,6.478581,3.720759,1.0,2,2,0,2.0,2,3,1,1.0,2,2,0,84.33783,59.903000000000006,114.28933,54.38633,0
OBIDAF,3.7322,2.898,5.1812,2.2832,5.2757700000000005,3.4285140000000003,6.990027,3.561513,0.5,1,1,0,5.0,4,7,3,0.0,0,0,0,130.40033499999998,55.79866999999999,158.29967,102.501,0
OBUYER,11.25,1.6616,12.0808,10.4192,5.182975,1.0122999999999998,5.689125,4.676825,1.0,0,1,1,1.5,3,3,0,0.5,1,1,0,107.1745,34.99300000000001,124.671,89.678,0
OCAHIK,9.9313,3.598600000000001,11.7306,8.132,3.415297,2.083276,4.456935,2.373659,1.0,0,1,1,4.0,4,6,2,1.5,3,3,0,123.129835,38.24233000000001,142.251,104.00867,1
OCAKAF,10.7939,14.258,17.9229,3.6649,4.119792,1.762654,5.001119,3.238465,1.0,0,1,1,3.5,5,6,1,1.5,1,2,1,112.817165,96.70033,161.16733,64.467,0
OCASAM,4.4065,0.6912000000000003,4.7521,4.0609,5.128949,2.698446,6.478172,3.779726,0.5,1,1,0,2.5,1,3,2,0.5,1,1,0,107.042835,105.31367,159.69967,54.386,0
OCOQIK,4.734,5.927,7.6975,1.7705,3.93885,2.506906,5.192303,2.685397,2.0,2,3,1,4.5,9,9,0,0.0,0,0,0,216.98267,96.138,265.05167,168.91367,0
ODEFUZ,7.8385,12.392,14.0345,1.6425,4.395453,0.8666,4.828753,3.962153,1.0,0,1,1,4.5,1,5,4,2.0,2,3,1,190.02,22.645999999999987,201.343,178.697,0
ODIHOZ,4.14665,4.661899999999999,6.4776,1.8157,6.816501,2.66446,8.148731,5.484271,0.0,0,0,0,2.5,3,4,1,0.5,1,1,0,84.903165,29.02633,99.41633,70.39,0
ODUKUW,6.2848,9.2214,10.8955,1.6741,3.7264125,0.1278230000000002,3.790324,3.662501,1.5,1,2,1,5.5,3,7,4,2.0,2,3,1,164.9915,20.38434000000001,175.18367,154.79933,0
ODUSEO,3.25825,1.5987,4.0576,2.4589,5.740637,1.477182,6.479228,5.002046,0.5,1,1,0,2.0,2,3,1,0.0,0,0,0,109.004,109.24334000000002,163.62567,54.38233,0
ODUSUE,3.8752,0.3540000000000001,4.0522,3.6982,6.0648445,0.8330089999999997,6.481349,5.64834,0.5,1,1,0,2.0,2,3,1,0.0,0,0,0,97.502,86.20734,140.60567,54.39833,0
OFAZII,5.48735,2.8559,6.9153,4.0594,5.29521,2.3667800000000003,6.4786,4.11182,1.0,2,2,0,1.5,3,3,0,0.0,0,0,0,133.264335,157.76733,212.148,54.38067,1
OFIDIU,8.66415,7.533699999999999,12.431,4.8973,4.291555,1.3085199999999997,4.945815,3.637295,0.5,1,1,0,3.0,2,4,2,2.0,2,3,1,101.975335,100.13267000000002,152.04167,51.909,0
OFIWUW,3.71685,5.6587,6.5462,0.8875,5.015306000000001,3.2835080000000003,6.65706,3.373552,0.5,1,1,0,2.5,1,3,2,2.0,4,4,0,115.743165,10.030330000000006,120.75833,110.728,0
OFUBEA,3.1878,0.9537999999999998,3.6647,2.7109,4.185491,1.631204,5.001093,3.369889,1.0,0,1,1,3.0,4,5,1,1.0,2,2,0,102.085165,75.23633,139.70333,64.467,0
OFUBIE,2.9064,0.3946,3.1037,2.7091,4.6775115,2.6147090000000004,5.984866,3.370157,1.0,0,1,1,3.0,4,5,1,1.0,2,2,0,101.795,75.80933999999999,139.69967,63.89033,0
OGAJAL,8.95895,0.2589000000000006,9.0884,8.8295,4.994287,0.1154299999999999,5.052002,4.936572,1.0,0,1,1,2.5,1,3,2,1.0,2,2,0,127.3995,19.40434000000002,137.10167,117.69733,1
OHEHIV,4.17925,1.0296999999999996,4.6941,3.6644,5.5082505,1.0153309999999998,6.015916,5.000585,0.5,1,1,0,1.5,1,2,1,1.0,2,2,0,54.3445,20.24766,64.46833,44.22067,0
OJAHOY,7.3519,8.4988,11.6013,3.1025,4.6000755,2.768653,5.984402,3.215749,1.0,0,1,1,3.5,5,6,1,2.0,0,2,2,104.757835,81.73032999999998,145.623,63.89267,1
OJEPIC,10.74535,6.871299999999999,14.181,7.3097,4.6612675,0.180619,4.751577,4.570958,0.0,0,0,0,4.5,3,6,3,3.0,0,3,3,89.51333,12.554000000000002,95.79033,83.23633,1
OJUBEC,4.96545,7.7585,8.8447,1.0862,5.074796,1.729082,5.939337,4.210255,1.0,2,2,0,4.0,0,4,4,2.0,2,3,1,118.362165,115.71833,176.22133,60.503,0
OJUHAE,2.0287,4.0574,4.0574,0.0,6.8419455,0.7254589999999999,7.204675,6.479216,0.0,0,0,0,2.5,1,3,2,0.0,0,0,0,100.804335,92.84733,147.228,54.38067,0
OJUQER,17.0494,12.0776,23.0882,11.0106,3.7599515,2.980339,5.250121,2.269782,1.5,1,2,1,3.5,1,4,3,2.0,4,4,0,224.96133,90.372,270.14733,179.77533,0
OKIQAA,11.48525,9.4529,16.2117,6.7588,4.395404,2.2806940000000004,5.535751,3.255057,1.5,1,2,1,2.0,2,3,1,1.0,2,2,0,159.235,94.106,206.288,112.182,1
OKIQEE,9.40125,0.1621000000000005,9.4823,9.3202,4.772815,0.9572899999999996,5.25146,4.29417,1.0,0,1,1,1.5,1,2,1,1.0,2,2,0,120.24183,15.992999999999997,128.23833,112.24533,1
OKOROY,8.0577,3.1586000000000007,9.637,6.4784,4.271349,2.426458,5.484578,3.05812,1.0,2,2,0,4.0,0,4,4,1.5,3,3,0,155.2665,111.73234,211.13267,99.40033,0
OKOVAM,6.602499999999999,8.6326,10.9188,2.2862,4.7252165,2.329179,5.889806,3.560627,0.5,1,1,0,5.5,3,7,4,0.5,1,1,0,114.754335,87.11267,158.31067,71.198,0
OLUTEX,7.182449999999999,4.2267,9.2958,5.0691,4.1906665,1.6973149999999997,5.039324,3.342009,0.5,1,1,0,4.0,0,4,4,2.5,1,3,2,129.807835,40.39433,150.005,109.61067,1
OLUTIB,5.7026,5.8144,8.6098,2.7954,4.1926735,1.660049,5.022698,3.362649,0.0,0,0,0,4.0,0,4,4,2.0,2,3,1,113.53817,77.01299999999999,152.04467,75.03167,0
OLUTOH,7.681150000000001,1.4028999999999998,8.3826,6.9797,4.149807,0.8610199999999999,4.580317,3.719297,0.5,1,1,0,3.5,1,4,3,1.5,3,3,0,138.36,22.871999999999986,149.796,126.924,1
OLUTUN,4.08215,5.8027,6.9835,1.1808,4.826657,2.216386,5.93485,3.718464,0.0,0,0,0,4.0,0,4,4,2.0,2,3,1,105.169335,89.25067,149.79467,60.544,1
OMUXIE,7.52885,5.8125,10.4351,4.6226,5.432232,3.786668,7.325566,3.538898,0.5,1,1,0,3.5,5,6,1,1.5,1,2,1,102.818835,71.81433,138.726,66.91167,0
OMUXOK,7.9706,4.925800000000001,10.4335,5.5077,5.289847,3.50161,7.040652,3.539042,0.5,1,1,0,3.5,5,6,1,1.5,1,2,1,96.931335,83.58932999999999,138.726,55.13667,0
ONIDEX,3.3368,1.4263999999999997,4.05,2.6236,5.402502999999999,2.16022,6.482613,4.322393,1.5,3,3,0,2.5,1,3,2,0.0,0,0,0,168.387165,227.95967,282.367,54.40733,0
OPITOX01,8.9878,2.8618,10.4187,7.5569,4.689374,0.0250459999999996,4.701897,4.676851,1.0,0,1,1,3.5,1,4,3,1.5,3,3,0,145.31233500000002,41.292670000000015,165.95867,124.666,0
OPITOX,10.05395,0.7353000000000005,10.4216,9.6863,4.533607,0.2820300000000006,4.674622,4.392592,1.0,0,1,1,3.5,1,4,3,1.5,3,3,0,145.5635,41.73566,166.43133,124.69567,0
OPOZOK,2.1016,1.3845999999999998,2.7939,1.4093,4.1375625,1.5438129999999997,4.909469,3.365656,1.0,0,1,1,3.5,3,5,2,0.5,1,1,0,122.608835,34.342330000000004,139.78,105.43767,0
OPUVIH,4.023350000000001,2.4561,5.2514,2.7953,4.843807,0.3560959999999999,5.021855,4.665759,0.5,1,1,0,3.5,1,4,3,2.0,2,3,1,82.787335,15.516670000000005,90.54567,75.029,0
OQIHAA,8.94985,13.3691,15.6344,2.2653,4.179413,1.2988500000000005,4.828838,3.529988,1.0,0,1,1,4.0,6,7,1,0.5,1,1,0,158.985165,1.4916699999999992,159.731,158.23933,0
OQIYIX,6.93255,0.7060999999999993,7.2856,6.5795,4.646833,0.2365600000000007,4.765113,4.528553,1.0,2,2,0,3.5,5,6,1,2.5,1,3,2,129.2265,91.893,175.173,83.28,1
ORAYOX,8.404349999999999,4.0363,10.4225,6.3862,5.676413,2.0020620000000005,6.677444,4.675382,0.5,1,1,0,3.0,0,3,3,1.0,2,2,0,97.078165,55.17833,124.66733,69.489,0
OREBIZ,9.56685,13.5495,16.3416,2.7921,4.4632515,1.126605,5.026554,3.899949,1.0,2,2,0,3.5,1,4,3,1.0,0,1,1,161.559835,173.05367,248.08667,75.033,0
ORETIP,7.48415,1.799500000000001,8.3839,6.5844,4.5976435,0.0359870000000004,4.615637,4.57965,1.0,0,1,1,2.5,1,3,2,1.0,2,2,0,133.844,13.835340000000016,140.76167,126.92633,0
ORITAM,8.20465,2.8805,9.6449,6.7644,4.880224,0.6694560000000003,5.214952,4.545496,0.5,1,1,0,2.5,3,4,1,1.0,0,1,1,85.837835,16.361670000000004,94.01867,77.657,0
ORUXEF,9.69655,4.817899999999999,12.1055,7.2876,4.7024655,4.006277000000001,6.705604,2.699327,0.0,0,0,0,4.0,4,6,2,2.0,4,4,0,164.81067000000002,104.972,217.29667,112.32467,0
OSABIV,6.6657,5.215200000000001,9.2733,4.0581,5.292178,2.3740120000000005,6.479184,4.105172,0.5,1,1,0,2.5,1,3,2,0.0,0,0,0,135.6125,162.46166,216.84333,54.38167,0
OSEGEB,5.6278500000000005,1.9035,6.5796,4.6761,4.662789500000001,0.2044629999999996,4.765021,4.560558,0.5,1,1,0,5.5,1,6,5,3.5,1,4,3,122.309835,78.05833,161.339,83.28067,1
OSEGIF,6.3764,0.4083999999999994,6.5806,6.1722,4.646202000000001,0.2373400000000005,4.764872,4.527532,0.5,1,1,0,5.5,1,6,5,3.5,1,4,3,121.78033,76.994,160.27733,83.28333,0
OSEGOL,6.6581,1.6053999999999995,7.4608,5.8554,4.455201499999999,0.1764929999999998,4.543448,4.366955,0.5,1,1,0,5.0,0,5,5,3.0,2,4,2,120.958,81.79,161.853,80.063,1
OSEGUR,6.42865,1.1434999999999995,7.0004,5.8569,4.470307,0.2079620000000002,4.574288,4.366326,0.5,1,1,0,5.0,0,5,5,3.0,2,4,2,120.81317,82.079,161.85267,79.77367,0
OSEVOY,11.2957,2.9284,12.7599,9.8315,4.212073,1.336342,4.880244,3.543902,1.5,1,2,1,1.5,1,2,1,0.5,1,1,0,139.119,32.355999999999995,155.297,122.941,0
OTIGAA,9.3094,4.9606,11.7897,6.8291,5.919921,3.1867620000000008,7.513302,4.32654,0.5,1,1,0,1.5,3,3,0,0.0,0,0,0,115.614,70.63666,150.93233,80.29567,0
OTUVOQ,9.3544,13.3808,16.0448,2.664,5.860241,4.61123,8.165856,3.554626,0.5,1,1,0,2.0,2,3,1,1.5,1,2,1,109.327835,74.60233,146.629,72.02667,0
OVEZIB,7.8503,4.404999999999999,10.0528,5.6478,4.17403,2.4548380000000005,5.401449,2.946611,1.0,2,2,0,3.5,1,4,3,1.0,2,2,0,168.8295,196.80366,267.23133,70.42767,0
OVIGEG,7.5167,1.8732000000000009,8.4533,6.5801,5.7028895,1.8758030000000003,6.640791,4.764988,0.0,0,0,0,4.0,4,6,2,2.5,1,3,2,81.77983499999999,3.0016700000000043,83.28067,80.279,1
OVILUC,4.7348,0.0796000000000001,4.7746,4.695,6.1698015,0.3184389999999997,6.329021,6.010582,0.0,0,0,0,2.5,1,3,2,0.5,1,1,0,81.990835,75.53233,119.757,44.22467,1
OVIMAJ,5.22605,1.0656999999999996,5.7589,4.6932,6.13115,0.2301859999999997,6.246243,6.016057,0.0,0,0,0,2.5,1,3,2,0.5,1,1,0,94.30467,100.172,144.39067,44.21867,0
OVUMEY,10.0912,1.6028000000000002,10.8926,9.2898,4.21344,0.8461599999999998,4.63652,3.79036,1.5,1,2,1,3.0,2,4,2,1.5,3,3,0,137.394665,75.55667,175.173,99.61633,1
OWIFUW,18.6284,4.6298,20.9433,16.3135,2.7936975,2.719551,4.153473,1.433922,1.0,0,1,1,5.0,6,8,2,1.5,1,2,1,224.608,35.18534,242.20067,207.01533,0
OWIWUN,4.449,4.3256,6.6118,2.2862,4.459505,1.7978240000000003,5.358417,3.560593,0.5,1,1,0,4.0,6,7,1,1.0,2,2,0,122.392665,71.82066999999999,158.303,86.48233,0
OWIXOI,2.27265,0.0135,2.2794,2.2659,4.3720395,1.684485,5.214282,3.529797,1.0,0,1,1,4.0,6,7,1,1.0,2,2,0,118.195,80.09599999999999,158.243,78.147,0
OWIXUO,1.5620999999999998,1.4522,2.2882,0.836,4.546643,1.97296,5.533123,3.560163,1.0,0,1,1,4.0,6,7,1,1.0,2,2,0,118.05517,80.50900000000001,158.30967,77.80067,0
OXUGIZ,7.4968,5.8496,10.4216,4.572,5.837083,2.324876,6.999521,4.674645,0.5,1,1,0,2.5,1,3,2,1.5,3,3,0,101.278335,46.83467,124.69567,77.861,0
OXUMEA,3.3539000000000003,1.4092000000000002,4.0585,2.6493,5.728137,1.5019239999999998,6.479099,4.977175,1.0,2,2,0,2.0,2,3,1,1.0,2,2,0,126.705665,144.64067,199.026,54.38533,0
OXUVUZ,7.112500000000001,6.6752,10.4501,3.7749,5.577883,0.2154659999999992,5.685616,5.47015,0.0,0,0,0,3.5,1,4,3,1.5,3,3,0,76.295165,42.71833,97.65433,54.936,1
OYERIU,5.3127,0.5208000000000004,5.5731,5.0523,5.1389815,0.0282770000000001,5.15312,5.124843,0.0,0,0,0,4.5,5,7,2,3.0,0,3,3,88.6995,35.187659999999994,106.29333,71.10567,0
OYUHAU,9.7751,4.933199999999999,12.2417,7.3085,5.210093,0.9177,5.668943,4.751243,0.0,0,0,0,4.0,4,6,2,2.5,1,3,2,73.22,20.030660000000005,83.23533,63.20467,1
OZARAK,9.18105,16.0959,17.229,1.1331,5.137029,1.306596,5.790327,4.483731,1.5,3,3,0,1.0,2,2,0,0.5,1,1,0,223.7745,31.939,239.744,207.805,0
OZOSIH,4.2425,1.0368000000000004,4.7609,3.7241,4.07798,0.6851520000000004,4.420556,3.735404,1.5,1,2,1,2.5,1,3,2,1.5,1,2,1,128.392,41.35534,149.06967,107.71433,0
OZOSON,6.56905,5.6899,9.414,3.7241,3.7281215,0.0149110000000001,3.735577,3.720666,1.5,1,2,1,3.0,2,4,2,1.0,2,2,0,133.630835,30.86833,149.065,118.19667,0
OZOSUT,6.37805,5.307300000000001,9.0317,3.7244,3.0889905,1.293501,3.735741,2.44224,1.5,1,2,1,3.0,2,4,2,1.0,2,2,0,135.45517,27.22100000000001,149.06567,121.84467,0
OZOTEE,5.2285,3.0089999999999995,6.733,3.724,3.869699,0.2684060000000001,4.003902,3.735496,1.5,1,2,1,3.0,2,4,2,2.0,0,2,2,131.232,35.67,149.067,113.397,0
OZOTII,4.91305,2.3779000000000003,6.102,3.7241,3.974979,0.4792039999999997,4.214581,3.735377,1.5,1,2,1,3.0,2,4,2,2.0,0,2,2,131.187835,35.761669999999995,149.06867,113.307,0
PAFFEL,8.622150000000001,9.1239,13.1841,4.0602,5.6469625,1.6623850000000004,6.478155,4.81577,0.5,1,1,0,2.0,2,3,1,0.0,0,0,0,132.41,156.05066,210.43533,54.38467,0
PAFFIP,10.8906,0.6402000000000001,11.2107,10.5705,4.3149,0.4452439999999997,4.537522,4.092278,1.5,1,2,1,2.5,1,3,2,1.5,3,3,0,152.95183500000002,75.76633000000001,190.835,115.06867,0
PAGLAM,4.80095,1.4827000000000004,5.5423,4.0596,6.3073025000000005,0.3424210000000007,6.478513,6.136092,0.5,1,1,0,3.0,0,3,3,1.5,3,3,0,116.63417,124.507,178.88767,54.38067,0
PAHCIL,3.548,2.522,4.809,2.287,5.672245,4.222496,7.783493,3.560997,0.5,1,1,0,4.5,5,7,2,1.0,2,2,0,115.906,84.782,158.297,73.515,0
PAHZAA,3.4800500000000003,2.4911,4.7256,2.2345,5.0305675,0.1277030000000003,5.094419,4.966716,0.5,1,1,0,3.0,4,5,1,2.0,0,2,2,65.890165,2.744330000000005,67.26233,64.518,1
PAHZEE,2.3921,1.4216,3.1029,1.6813,6.193757,0.4176380000000002,6.402576,5.984938,0.5,1,1,0,3.0,4,5,1,2.0,0,2,2,64.1155,0.4523399999999924,64.34167,63.88933,0
PAJVEE,4.5953,4.221400000000001,6.706,2.4846,5.169352,1.9385440000000005,6.138624,4.20008,0.5,1,1,0,2.5,3,4,1,0.5,1,1,0,153.566165,37.05167,172.092,135.04033,0
PAKPAU,5.0027,2.7744,6.3899,3.6155,4.695418500000001,0.5928089999999999,4.991823,4.399014,0.5,1,1,0,3.0,2,4,2,1.0,0,1,1,83.70133,15.575999999999992,91.48933,75.91333,0
PAKPEY,4.6131,1.9932000000000003,5.6097,3.6165,4.7040690000000005,0.6113720000000002,5.009755,4.398383,0.5,1,1,0,3.0,2,4,2,1.0,0,1,1,83.684665,15.547330000000002,91.45833,75.911,0
PAKRIG,9.77265,1.5671,10.5562,8.9891,4.4303895,0.2239390000000005,4.542359,4.31842,1.5,1,2,1,3.0,0,3,3,2.0,2,3,1,148.14917,85.555,190.92667,105.37167,0
PAKROM,8.1216,4.890200000000001,10.5667,5.6765,4.476583,0.1210639999999996,4.537115,4.416051,1.5,1,2,1,3.0,0,3,3,2.0,2,3,1,156.252665,69.17933000000001,190.84233,121.663,0
PAMCAH,4.716950000000001,3.7297,6.5818,2.8521,6.2343285,2.939633,7.704145,4.764512,0.0,0,0,0,4.0,4,6,2,2.5,1,3,2,81.7305,3.1016599999999954,83.28133,80.17967,0
PAMPIF,10.7705,9.1408,15.3409,6.2001,4.4388755,2.037237,5.457494,3.420257,1.5,1,2,1,2.0,2,3,1,1.0,2,2,0,156.218835,105.27433,208.856,103.58167,1
PAMZOS,7.30575,3.595300000000001,9.1034,5.5081,5.1420485,3.798689,7.041393,3.242704,0.5,1,1,0,2.5,3,4,1,1.0,0,1,1,93.527,76.79666,131.92533,55.12867,0
PAQNOO,6.226649999999999,4.9025,8.6779,3.7754,5.4661295,0.0077289999999994,5.469994,5.462265,0.5,1,1,0,2.0,2,3,1,1.0,2,2,0,67.298835,24.732330000000005,79.665,54.93267,0
PAQPAA,8.79715,10.3655,13.9799,3.6144,3.4497980000000004,1.894378,4.396987,2.502609,1.0,2,2,0,3.0,2,4,2,1.0,0,1,1,119.34133,86.868,162.77533,75.90733,0
PAQPEG,7.5899,3.8253999999999992,9.5026,5.6772,4.7115095,0.2339389999999994,4.828479,4.59454,1.0,0,1,1,2.0,2,3,1,1.0,2,2,0,110.368835,32.622330000000005,126.68,94.05767,0
PARTAH,4.1574,1.0790000000000002,4.6969,3.6179,6.1419835,0.2650230000000002,6.274495,6.009472,0.0,0,0,0,3.0,2,4,2,2.0,4,4,0,66.609165,44.76567000000001,88.992,44.22633,0
PARWOV,12.1035,6.1332,15.1701,9.0369,2.8215125,0.7605970000000002,3.201811,2.441214,1.5,1,2,1,5.0,2,6,4,1.5,3,3,0,171.31167,98.944,220.78367,121.83967,1
PARWUB,11.5766,7.1918,15.1725,7.9807,2.797497,0.811328,3.203161,2.391833,1.5,1,2,1,5.0,2,6,4,1.5,3,3,0,172.567335,96.42267,220.77867,124.356,0
PARXAI,9.99215,1.1570999999999998,10.5707,9.4136,4.1295315,0.8166249999999997,4.537844,3.721219,1.5,1,2,1,3.5,1,4,3,1.5,3,3,0,154.513,72.63799999999999,190.832,118.194,0
PARXEM,9.80065,1.5374999999999996,10.5694,9.0319,3.4900345,2.0958690000000004,4.537969,2.4421,1.5,1,2,1,3.5,1,4,3,1.5,3,3,0,156.33683000000002,68.989,190.83133,121.84233,0
PASLOO,14.8373,8.674600000000002,19.1746,10.5,3.3146705,0.4760369999999998,3.552689,3.076652,1.0,0,1,1,4.0,2,5,3,1.5,1,2,1,149.911165,64.85767,182.34,117.48233,0
PASWEO,5.82395,7.113099999999999,9.3805,2.2674,4.9426305,2.825827,6.355544,3.529717,0.5,1,1,0,4.5,5,7,2,0.5,1,1,0,127.083665,62.31067,158.239,95.92833,0
PASXIT,6.9738,1.1752000000000002,7.5614,6.3862,5.8001585,1.7540490000000002,6.677183,4.923134,1.0,2,2,0,2.5,3,4,1,1.5,1,2,1,128.65567,118.33,187.82067,69.49067,0
PATYER,9.95165,0.5176999999999996,10.2105,9.6928,4.61755,1.5911199999999996,5.41311,3.82199,0.5,1,1,0,4.0,4,6,2,2.5,1,3,2,106.49567,63.94800000000001,138.46967,74.52167,0
PATYOB,9.9884,0.8884000000000007,10.4326,9.5442,4.236515,1.3951399999999996,4.934085,3.538945,0.5,1,1,0,4.5,3,6,3,1.5,1,2,1,133.263665,10.925329999999988,138.72633,127.801,0
PAVNOR,5.23515,10.3679,10.4191,0.0512,5.0314255,0.7092510000000001,5.386051,4.6768,1.0,0,1,1,2.0,2,3,1,1.0,2,2,0,94.263665,60.81267,124.67,63.85733,0
PAVYUI,7.171,6.219800000000001,10.2809,4.0611,4.531461999999999,3.894082,6.478503,2.584421,2.0,4,4,0,2.5,1,3,2,0.0,0,0,0,174.15516499999998,239.52767,293.919,54.39133,0
PAXDID,6.7404,3.8968000000000007,8.6888,4.792,5.335493,0.2495920000000007,5.460289,5.210697,0.5,1,1,0,1.5,1,2,1,1.0,2,2,0,70.77433500000001,17.739330000000002,79.644,61.90467,0
PAXNIN,4.9136,7.5252,8.6762,1.151,5.6997285,0.4738249999999997,5.936641,5.462816,0.5,1,1,0,2.5,3,4,1,1.5,1,2,1,70.09567,19.128000000000007,79.65967,60.53167,0
PAZCUO01,4.06905,0.9078999999999996,4.523,3.6151,5.9666195,3.137021,7.53513,4.398109,0.0,0,0,0,3.5,1,4,3,2.0,2,3,1,65.1,21.61134,75.90567,54.29433,1
PAZFUS,3.90855,0.5894999999999997,4.2033,3.6138,6.051308499999999,3.307087,7.704852,4.397765,0.0,0,0,0,2.5,3,4,1,1.5,1,2,1,65.181335,21.44867,75.90567,54.457,1
PAZHOO,5.2394,3.3954,6.9371,3.5417,3.978625,1.8010520000000003,4.879151,3.078099,0.5,1,1,0,3.0,2,4,2,1.5,1,2,1,104.69633,53.36,131.37633,78.01633,1
PEBFIL,8.9828,4.8046,11.3851,6.5805,4.896408,0.2637300000000007,5.028273,4.764543,0.5,1,1,0,4.5,3,6,3,2.5,1,3,2,86.946835,7.325669999999988,90.60967,83.284,1
PEDQOG,3.01845,1.1957,3.6163,2.4206,5.960462,3.123736,7.52233,4.398594,0.0,0,0,0,3.0,2,4,2,1.0,0,1,1,92.091335,32.36267000000001,108.27267,75.91,0
PEDRIB,6.8121,0.4648000000000003,7.0445,6.5797,4.786044,0.04244,4.807264,4.764824,0.0,0,0,0,3.5,5,6,1,3.5,1,4,3,81.472165,3.6156699999999935,83.28,79.66433,1
PEFJEQ,3.8711,5.081,6.4116,1.3306,5.907586,0.8866940000000003,6.350933,5.464239,0.0,0,0,0,2.0,0,2,2,0.5,1,1,0,56.416835,42.95766999999999,77.89567,34.938,0
PEGMOF,8.700099999999999,1.4288000000000007,9.4145,7.9857,4.9320330000000006,2.42359,6.143828,3.720238,0.5,1,1,0,3.5,1,4,3,1.5,3,3,0,106.8465,22.70765999999999,118.20033,95.49267,1
PEJGIY,13.04915,18.9455,22.5219,3.5764,4.12149,1.6455460000000004,4.944263,3.298717,0.5,1,1,0,2.5,1,3,2,1.0,2,2,0,120.811335,146.57467,194.09867,47.524,0
PEJTOQ,1.3842,0.1081999999999998,1.4383,1.3301,6.0295895,1.1302909999999995,6.594735,5.464444,0.0,0,0,0,2.0,0,2,2,0.5,1,1,0,59.99817,50.11500000000001,85.05567,34.94067,1
PEJVAE,1.57295,0.4844999999999999,1.8152,1.3307,6.806547500000001,2.6845690000000006,8.148832,5.464263,0.0,0,0,0,1.5,1,2,1,0.5,1,1,0,52.6645,35.453,70.391,34.938,0
PEKQUT,8.7498,0.189,8.8443,8.6553,4.3490075,0.2526790000000005,4.475347,4.222668,1.0,0,1,1,3.5,1,4,3,2.0,0,2,2,99.7865,21.457660000000004,110.51533,89.05767,0
PEKRAA,4.38005,4.956300000000001,6.8582,1.9019,4.573059,0.1858079999999997,4.665963,4.480155,1.0,0,1,1,3.0,2,4,2,2.5,1,3,2,93.38,33.35866,110.05933,76.70067,1
PEKSIJ,7.40435,1.0892999999999995,7.949,6.8597,4.4808985,0.000979,4.481388,4.480409,1.0,0,1,1,3.0,2,4,2,1.5,1,2,1,101.01767,18.078000000000003,110.05667,91.97867,0
PEPGLF,3.80495,0.5089000000000001,4.0594,3.5505,3.764904,5.4276100000000005,6.478709,1.051099,0.5,1,1,0,2.5,1,3,2,0.5,1,1,0,112.166165,115.56233,169.94733,54.385,0
PERCAU,8.31605,2.3622999999999994,9.4972,7.1349,3.831287,1.3835620000000004,4.523068,3.139506,2.0,2,3,1,1.5,1,2,1,1.0,2,2,0,151.099,128.252,215.225,86.973,0
PETYUJ,6.49945,1.6185,7.3087,5.6902,5.612672,1.723008,6.474176,4.751168,0.0,0,0,0,3.5,5,6,1,2.5,1,3,2,98.879665,31.283330000000007,114.52133,83.238,0
PEVCAX,11.0139,15.7188,18.8733,3.1545,5.17528,0.8182360000000006,5.584398,4.766162,0.0,0,0,0,2.5,1,3,2,2.5,3,4,1,81.8085,63.215,113.416,50.201,1
PEVCIF,3.8974,1.4848000000000003,4.6398,3.155,6.117452,1.0663219999999995,6.650613,5.584291,0.0,0,0,0,3.0,0,3,3,2.5,3,4,1,70.323835,40.24233,90.445,50.20267,1
PEVCOL01,11.3218,15.0964,18.87,3.7736,5.118268499999999,0.704529,5.470533,4.766004,0.0,0,0,0,2.5,1,3,2,2.0,4,4,0,84.17517,58.477,113.41367,54.93667,1
PEVCOL,5.16205,2.7727,6.5484,3.7757,6.063495,1.186738,6.656864,5.470126,0.0,0,0,0,2.5,1,3,2,2.0,4,4,0,82.835835,55.78967,110.73067,54.941,0
PEVCUR,5.517799999999999,3.4876,7.2616,3.774,6.413967,1.886876,7.357405,5.470529,0.0,0,0,0,2.5,1,3,2,2.5,5,5,0,81.86267000000001,53.85000000000001,108.78767,54.93767,1
PEVDAY,8.978200000000001,10.4058,14.1811,3.7753,5.0202315,0.8994469999999994,5.469955,4.570508,0.0,0,0,0,3.0,0,3,3,1.5,3,3,0,75.364,40.85866,95.79333,54.93467,1
PEVDEC,5.97805,4.405899999999999,8.181,3.7751,5.981232,1.0226060000000006,6.492535,5.469929,0.0,0,0,0,3.0,0,3,3,2.0,4,4,0,72.786,35.70466,90.63833,54.93367,1
PEXKAE,8.24245,6.6861,11.5855,4.8994,4.9355405,0.0176429999999996,4.944362,4.926719,1.0,2,2,0,3.0,2,4,2,1.0,0,1,1,125.8955,147.961,199.876,51.915,0
PEXNUD,5.5037,3.6762,7.3418,3.6656,4.606319,0.7899659999999997,5.001302,4.211336,1.0,0,1,1,2.5,3,4,1,2.0,0,2,2,92.499835,56.07367000000001,120.53667,64.463,1
PEXTAQ,6.2022,9.7384,11.0714,1.333,5.095096,0.7391860000000001,5.464689,4.725503,0.5,1,1,0,1.5,1,2,1,0.5,1,1,0,73.56817,77.273,112.20467,34.93167,1
PEXTUK,6.82165,10.979500000000002,12.3114,1.3319,5.2607035,0.4071529999999992,5.46428,5.057127,0.5,1,1,0,1.0,2,2,0,0.5,1,1,0,69.6265,69.387,104.32,34.933,0
PEZJAH,10.4597,4.4298,12.6746,8.2448,5.162158,0.3117520000000002,5.318034,5.006282,1.0,0,1,1,2.5,1,3,2,0.5,1,1,0,159.948835,100.06233,209.98,109.91767,0
PEZKEM,11.4081,1.023200000000001,11.9197,10.8965,3.8597695,0.138671,3.929105,3.790434,1.0,2,2,0,3.0,2,4,2,1.5,3,3,0,141.257335,67.84533,175.18,107.33467,0
PEZKIQ01,7.23635,7.3201,10.8964,3.5763,4.368208,1.156184,4.9463,3.790116,1.0,2,2,0,3.0,2,4,2,1.5,3,3,0,111.350335,127.66066999999998,175.18067,47.52,0
PIGHAP,6.657299999999999,7.528799999999999,10.4217,2.8929,4.810306000000001,0.2713340000000004,4.945973,4.674639,1.0,0,1,1,2.0,2,3,1,0.0,0,0,0,125.657335,1.9233299999999929,126.619,124.69567,0
PIGSOO,9.5034,2.2398000000000007,10.6233,8.3835,4.482768999999999,0.1927440000000002,4.579141,4.386397,1.5,1,2,1,2.5,1,3,2,0.5,1,1,0,186.633665,119.42667,246.347,126.92033,0
PIGZEN,4.632,2.1172,5.6906,3.5734,4.355262,1.1824340000000002,4.946479,3.764045,0.5,1,1,0,2.0,0,2,2,1.5,3,3,0,104.96033,114.866,162.39333,47.52733,1
PIJSEK,7.357,0.4450000000000003,7.5795,7.1345,4.7111265,0.3761749999999999,4.899214,4.523039,1.5,1,2,1,1.5,1,2,1,1.0,2,2,0,133.22750000000002,92.51034,179.48267,86.97233,0
PIPLIM,5.68225,5.4269,8.3957,2.9688,5.9577795,2.4426330000000007,7.179096,4.736463,0.0,0,0,0,3.0,0,3,3,2.0,4,4,0,74.64750000000001,11.281660000000002,80.28833,69.00667,0
PIPLOS,3.54165,5.9529,6.5181,0.5652,6.242178,3.745066,8.114711,4.369645,0.5,1,1,0,3.0,0,3,3,2.0,4,4,0,81.33633499999999,25.228670000000008,93.95067,68.722,0
PIPLUY,6.1521,11.1756,11.7399,0.5643,6.03187,4.1654160000000005,8.114578,3.949162,0.5,1,1,0,3.0,0,3,3,2.5,3,4,1,90.7825,44.12566000000001,112.84533,68.71967,0
PIPMAF,5.22145,9.3097,9.8763,0.5666,6.231455,3.763472,8.113191,4.349719,0.5,1,1,0,2.5,1,3,2,2.0,4,4,0,100.916165,64.39232999999999,133.11233,68.72,0
PIPMEJ,7.7027,14.2688,14.8371,0.5683,5.9641645,4.297063,8.112696,3.815633,0.5,1,1,0,3.0,0,3,3,2.0,4,4,0,103.721665,69.99867,138.721,68.72233,0
PIPQUD,9.5857,1.9422000000000013,10.5568,8.6146,4.4354255,0.2146209999999992,4.542736,4.328115,1.5,1,2,1,3.5,1,4,3,2.5,1,3,2,150.58499999999998,80.66466,190.91733,110.25267,0
PIQPAK,2.99405,1.5625,3.7753,2.2128,6.196782,1.4535660000000004,6.923565,5.469999,0.0,0,0,0,2.0,2,3,1,1.0,2,2,0,65.868165,21.86833,76.80233,54.934,0
PIRNUB,8.39575,1.4671000000000003,9.1293,7.6622,4.2683325,0.4953689999999993,4.516017,4.020648,1.0,0,1,1,1.5,1,2,1,1.0,2,2,0,93.448,20.010659999999987,103.45333,83.44267,0
PITPIV,13.0857,5.327,15.7492,10.4222,5.0191935,0.6893609999999999,5.363874,4.674513,0.5,1,1,0,2.5,1,3,2,0.5,1,1,0,106.934165,35.527669999999986,124.698,89.17033,0
PITPOB,5.8538,9.1358,10.4217,1.2859,6.0034785,2.657699,7.332328,4.674629,0.5,1,1,0,2.0,2,3,1,1.0,2,2,0,94.832,59.72734000000001,124.69567,64.96833,0
PITZUN,6.70005,2.1875,7.7938,5.6063,5.424036,1.1749779999999994,6.011525,4.836547,1.0,0,1,1,2.0,2,3,1,1.5,1,2,1,110.795665,13.11733000000001,117.35433,104.237,1
PIVBAX,7.820550000000001,4.428300000000001,10.0347,5.6064,5.1773045,1.6694309999999994,6.01202,4.342589,1.0,0,1,1,2.0,2,3,1,1.5,1,2,1,112.791835,17.11166999999999,121.34767,104.236,1
PIVZAZ,3.1356,1.8482000000000005,4.0597,2.2115,6.7007645,0.444687,6.923108,6.478421,0.0,0,0,0,2.0,2,3,1,1.0,2,2,0,65.593,22.419340000000005,76.80267,54.38333,0
PIXVEZ,14.59565,8.3485,18.7699,10.4214,4.005978499999999,1.337257,4.674607,3.33735,1.5,1,2,1,3.0,0,3,3,1.0,2,2,0,160.2135,71.03765999999999,195.73233,124.69467,0
PIXZEF,6.9159,7.0114,10.4216,3.4102,5.560222,1.7712259999999995,6.445835,4.674609,0.5,1,1,0,2.0,2,3,1,1.0,2,2,0,112.543665,24.30533,124.69633,100.391,1
PIXZIJ,5.574350000000001,9.6951,10.4219,0.7268,5.9953135,2.6401590000000006,7.315393,4.675234,0.5,1,1,0,2.0,2,3,1,1.0,2,2,0,88.76,71.82133999999999,124.67067,52.84933,0
POCHIA,7.037599999999999,6.5138,10.2945,3.7807,5.799284500000001,0.6623530000000004,6.130461,5.468108,0.5,1,1,0,1.5,3,3,0,1.5,3,3,0,78.999,48.14266,103.07033,54.92767,0
PODRAC,7.376749999999999,6.0901,10.4218,4.3317,4.300955,0.7474080000000001,4.674659,3.927251,1.0,0,1,1,2.5,1,3,2,1.0,2,2,0,163.189335,76.98667,201.68267,124.696,0
PODYEM,5.106350000000001,7.003100000000001,8.6079,1.6048,5.223398,1.0032059999999996,5.725001,4.721795,0.5,1,1,0,1.5,1,2,1,1.0,2,2,0,91.04683,72.96700000000001,127.53033,54.56333,0
POHFAU,6.9381,4.2868,9.0815,4.7947,5.8040305,1.1884709999999998,6.398266,5.209795,0.0,0,0,0,2.0,0,2,2,1.0,2,2,0,70.983335,18.16733,80.067,61.89967,1
POHZAN,8.96885,4.334099999999999,11.1359,6.8018,4.158859,0.8159959999999997,4.566857,3.750861,1.0,2,2,0,2.5,3,4,1,0.0,0,0,0,171.656,38.03734,190.67467,152.63733,1
POMKUZ,4.9227,4.4232,7.1343,2.7111,3.946514,1.1530099999999996,4.523019,3.370009,1.0,0,1,1,3.0,4,5,1,1.0,2,2,0,113.335335,52.72667,139.69867,86.972,0
POPVAR,11.6423,9.0612,16.1729,7.1117,4.160058,1.7285299999999997,5.024323,3.295793,1.5,1,2,1,3.0,0,3,3,1.0,2,2,0,203.064335,10.65467000000001,208.39167,197.737,0
PORNER,4.9605,1.8012000000000006,5.8611,4.0599,5.633824,1.68905,6.478349,4.789299,0.5,1,1,0,3.5,1,4,3,0.5,1,1,0,104.769,100.76934,155.15367,54.38433,0
PORNIV,7.73565,7.352499999999999,11.4119,4.0594,5.6481695,1.661231,6.478785,4.817554,0.5,1,1,0,3.5,1,4,3,0.5,1,1,0,108.669665,108.57067,162.955,54.38433,0
PORNOB,6.8314,5.542800000000001,9.6028,4.06,5.473473,2.0100620000000005,6.478504,4.468442,0.5,1,1,0,2.5,1,3,2,0.5,1,1,0,112.082,115.39866,169.78133,54.38267,0
PORVAW,12.2028,5.1836,14.7946,9.611,3.713671,1.228832,4.328087,3.099255,2.0,0,2,2,4.5,3,6,3,2.0,2,3,1,224.478835,8.950330000000008,228.954,220.00367,0
PORVEA,12.3868,4.812800000000001,14.7932,9.9804,3.6585585,1.1173750000000005,4.217246,3.099871,2.0,0,2,2,4.5,3,6,3,2.0,2,3,1,223.011665,6.020669999999996,226.022,220.00133,0
POVHEN01,2.46565,0.6076999999999999,2.7695,2.1618,8.1656135,6.178451000000001,11.254839,5.076388,0.0,0,0,0,2.0,4,4,0,1.0,0,1,1,47.703165,54.61233000000001,75.00933,20.397,0
POVYAD,11.51335,15.0917,19.0592,3.9675,3.8251455,3.1024970000000005,5.376394,2.273897,0.5,1,1,0,2.5,3,4,1,1.5,1,2,1,107.672,60.16934000000002,137.75667,77.58733,0
POVZEG,3.83885,0.5920999999999998,4.1349,3.5428,4.0422665,1.9279230000000005,5.006228,3.078305,0.5,1,1,0,2.5,3,4,1,1.5,1,2,1,107.488,47.77066000000001,131.37333,83.60267,0
POVZIK,5.6293,4.1728000000000005,7.7157,3.5429,3.6423345,1.128529,4.206599,3.07807,0.5,1,1,0,2.5,3,4,1,1.5,1,2,1,107.223165,48.30367,131.375,83.07133,1
POVZOQ,5.60195,4.1201,7.662,3.5419,3.5493055,0.9433550000000004,4.020983,3.077628,0.5,1,1,0,2.5,3,4,1,1.5,1,2,1,107.411835,47.94166999999999,131.38267,83.441,1
POWYAE,4.544549999999999,0.9745,5.0318,4.0573,5.705096,1.548342,6.479267,4.930925,0.5,1,1,0,3.5,1,4,3,2.0,4,4,0,118.52117,128.279,182.66067,54.38167,0
POXFIU,10.67155,0.2037000000000013,10.7734,10.5697,4.197191,0.6805819999999998,4.537482,3.8569,1.5,1,2,1,3.0,0,3,3,2.0,2,3,1,148.428165,84.80032999999999,190.82833,106.028,0
POXJAQ,9.0312,2.7808,10.4216,7.6408,3.8219255,1.7053810000000005,4.674616,2.969235,1.5,1,2,1,2.0,2,3,1,0.5,1,1,0,180.02317,110.659,235.35267,124.69367,0
POYXOQ,8.6426,9.7366,13.5109,3.7743,4.9820545,0.9772030000000004,5.470656,4.493453,0.5,1,1,0,3.0,0,3,3,0.0,0,0,0,129.2345,148.589,203.529,54.94,0
PRMESA10,9.2992,8.3718,13.4851,5.1133,4.8431045,0.9080130000000004,5.297111,4.389098,1.0,2,2,0,3.0,0,3,3,1.5,3,3,0,130.880335,128.36133,195.061,66.69967,0
PUCLEH,9.1346,2.5766,10.4229,7.8463,4.335285000000001,0.6781160000000002,4.674343,3.996227,1.0,0,1,1,2.5,1,3,2,1.5,3,3,0,123.95917,1.4790000000000134,124.69867,123.21967,0
PUFFIG,2.4934,0.4146000000000001,2.7007,2.2861,5.5932285,4.064355,7.625406,3.561051,0.5,1,1,0,4.0,6,7,1,0.5,1,1,0,125.261165,66.08033,158.30133,92.221,0
PUHBUQ,6.21305,3.0053,7.7157,4.7104,4.929902,1.4475040000000003,5.653654,4.20615,0.5,1,1,0,1.5,1,2,1,1.0,2,2,0,63.824835,38.488330000000005,83.069,44.58067,0
PUJKOV,8.95405,3.6391,10.7736,7.1345,4.1898815,0.6663610000000002,4.523062,3.856701,1.0,0,1,1,2.0,2,3,1,1.5,1,2,1,96.5005,19.055660000000003,106.02833,86.97267,0
PUKDOP,10.17655,0.8009000000000004,10.577,9.7761,4.2838585,0.1744730000000007,4.371095,4.196622,1.0,0,1,1,2.0,2,3,1,1.5,1,2,1,103.33967,17.120000000000005,111.89967,94.77967,0
PUKDUW,9.5712,14.5254,16.8339,2.3085,4.2191785,1.3865510000000003,4.912454,3.525903,0.5,1,1,0,5.5,3,7,4,2.0,4,4,0,145.15683,26.797,158.55533,131.75833,1
PUKJIP,8.528550000000001,2.4987000000000004,9.7779,7.2792,4.416866000000001,0.0907340000000003,4.462233,4.371499,0.5,1,1,0,2.5,3,4,1,1.5,1,2,1,86.19749999999999,17.173659999999998,94.78433,77.61067,0
PUKPUI,3.27305,1.5738999999999996,4.06,2.4861,5.839119999999999,1.278944,6.478592,5.199648,1.0,2,2,0,2.5,1,3,2,0.0,0,0,0,123.2015,137.63834,192.02067,54.38233,0
PUNWIF,9.634,2.326599999999999,10.7973,8.4707,4.9052995,1.4891430000000003,5.649871,4.160728,1.0,0,1,1,1.5,3,3,0,0.5,1,1,0,141.265,81.124,181.827,100.703,1
PUNWOL,10.4435,3.9484,12.4177,8.4693,4.721192,1.121384,5.281884,4.1605,1.0,0,1,1,1.5,3,3,0,0.5,1,1,0,149.74883,64.173,181.83533,117.66233,1
PUNWUR,11.90995,6.880099999999999,15.35,8.4699,4.5979735,0.874809,5.035378,4.160569,1.0,0,1,1,1.5,3,3,0,0.5,1,1,0,154.047,55.57533999999998,181.83467,126.25933,1
PUNXEC,9.6337,2.327,10.7972,8.4702,4.9050845,1.4893149999999995,5.649742,4.160427,1.0,0,1,1,1.5,3,3,0,0.5,1,1,0,141.267165,81.12966999999999,181.832,100.70233,1
PUNXOM,11.9095,6.882,15.3505,8.4685,4.5979255000000006,0.8746990000000006,5.035275,4.160576,1.0,0,1,1,1.5,3,3,0,0.5,1,1,0,154.045835,55.57766999999998,181.83467,126.257,0
PUQGIS,9.9415,3.6196,11.7513,8.1317,3.3881110000000003,2.0285940000000005,4.402408,2.373814,1.0,0,1,1,4.5,3,6,3,1.5,3,3,0,125.22899999999998,34.04534,142.25167,108.20633,0
PUQGOY,9.7558,2.023200000000001,10.7674,8.7442,4.3683325,1.4979789999999995,5.117322,3.619343,1.0,0,1,1,4.5,3,6,3,1.5,1,2,1,125.378665,24.50933000000001,137.63333,113.124,0
PUVZEN,5.46745,2.8168999999999995,6.8759,4.059,5.016078,2.925174,6.478665,3.553491,1.5,3,3,0,1.5,3,3,0,0.0,0,0,0,143.927165,179.08033,233.46733,54.387,0
PUVZIR,5.77955,3.4397,7.4994,4.0597,5.150131,2.657068,6.478665,3.821597,1.5,3,3,0,1.5,3,3,0,0.0,0,0,0,147.619165,186.47367,240.856,54.38233,0
PYMCBZ01,6.8163,7.2302,10.4314,3.2012,6.731383000000001,4.7629220000000005,9.112844,4.349922,0.5,1,1,0,1.0,2,2,0,0.5,1,1,0,83.457835,66.43566999999999,116.67567,50.24,0
PYOTCA01,3.32555,3.5519,5.1015,1.5496,5.4773605,0.9853650000000008,5.970043,4.984678,0.5,1,1,0,1.5,1,2,1,0.5,1,1,0,76.909835,26.12633,89.973,63.84667,0
QACKEO,8.2966,5.4832,11.0382,5.555,4.7917565,0.5884210000000003,5.085967,4.497546,1.0,0,1,1,2.5,3,4,1,1.5,1,2,1,117.262165,9.930329999999998,122.22733,112.297,0
QADCAB,5.1057500000000005,4.7475,7.4795,2.732,6.2050835,2.3393230000000003,7.374745,5.035422,1.0,2,2,0,2.5,3,4,1,1.0,2,2,0,134.357,157.02334000000002,212.86867,55.84533,0
QADLOY,9.46775,3.356700000000001,11.1461,7.7894,4.367001500000001,0.9390910000000005,4.836547,3.897456,1.0,0,1,1,2.5,1,3,2,1.0,0,1,1,145.36833,55.98799999999999,173.36233,117.37433,1
QAFROH,10.677,0.5109999999999992,10.9325,10.4215,4.6651945,0.0188649999999999,4.674627,4.655762,1.0,0,1,1,2.0,2,3,1,0.5,1,1,0,119.651,10.088660000000004,124.69533,114.60667,0
QAGJAJ,6.87445,7.2501,10.4995,3.2494,5.361608,1.6306260000000004,6.176921,4.546295,0.5,1,1,0,2.5,1,3,2,1.5,1,2,1,101.6985,72.18634000000002,137.79167,65.60533,0
QAGJEN,5.62195,4.746700000000001,7.9953,3.2486,5.445684,1.4622840000000004,6.176826,4.714542,0.0,0,0,0,2.5,1,3,2,1.0,2,2,0,82.396165,33.58167,99.187,65.60533,0
QAGJIR,8.0279,4.9454,10.5006,5.5552,4.815834,0.5404260000000001,5.086047,4.545621,1.0,0,1,1,2.5,1,3,2,1.5,1,2,1,125.04467,25.489999999999995,137.78967,112.29967,0
QAGJOX,6.77525,2.4409,7.9957,5.5548,4.900175,0.3715679999999999,5.085959,4.714391,0.5,1,1,0,2.5,1,3,2,1.0,2,2,0,105.742835,13.109669999999994,112.29767,99.188,0
QAGJUD,7.016500000000001,2.9258,8.4794,5.5536,4.843194,0.4855939999999998,5.085991,4.600397,0.5,1,1,0,2.5,1,3,2,1.0,2,2,0,104.39183,15.808999999999996,112.29633,96.48733,0
QAJXUV,3.4558,1.2080000000000002,4.0598,2.8518,5.746956,1.463336,6.478624,5.015288,0.0,0,0,0,3.0,0,3,3,0.0,0,0,0,118.872335,128.97467,183.35967,54.385,0
QAJZEH,3.9404,0.238,4.0594,3.8214,5.772429,1.4121360000000005,6.478497,5.066361,0.0,0,0,0,3.0,0,3,3,0.0,0,0,0,98.497165,88.23032999999998,142.61233,54.382,0
QAKBOU,10.28945,4.254300000000001,12.4166,8.1623,4.768249,1.0273000000000003,5.281899,4.254599,1.0,0,1,1,1.5,3,3,0,0.5,1,1,0,141.172665,47.01333,164.67933,117.666,0
QAKDIR,5.9316,4.7736,8.3184,3.5448,4.697253,2.2232940000000005,5.8089,3.585606,0.5,1,1,0,3.0,4,5,1,1.5,1,2,1,110.431665,50.51266999999999,135.688,85.17533,0
QAKQIE,9.2296,3.0886,10.7739,7.6853,4.826365,1.939616,5.796173,3.856557,1.0,0,1,1,2.0,2,3,1,1.5,1,2,1,130.73666500000002,49.412670000000006,155.443,106.03033,0
QAKWAA,2.61395,3.7971,4.5125,0.7154,6.366681,0.2350719999999997,6.484217,6.249145,0.0,0,0,0,2.5,1,3,2,0.0,0,0,0,97.52783,43.121,119.08833,75.96733,1
QALXAE,3.6486,1.9368,4.617,2.6802,6.114869499999999,2.230113,7.229926,4.999813,0.0,0,0,0,3.0,2,4,2,2.5,3,4,1,65.006835,30.319669999999995,80.16667,49.847,0
QAMBAK,5.36345,2.6061000000000005,6.6665,4.0604,6.262529000000001,0.4317219999999997,6.47839,6.046668,0.0,0,0,0,2.0,2,3,1,0.5,1,1,0,111.015,113.25933999999998,167.64467,54.38533,0
QAMBEO,6.27145,4.4239,8.4834,4.0595,6.226808999999999,0.5036259999999997,6.478622,5.974996,0.0,0,0,0,2.0,2,3,1,0.5,1,1,0,98.963665,89.15867,143.543,54.38433,0
QANKUM,10.469449999999998,0.0693000000000001,10.5041,10.4348,4.834074,2.590536,6.129342,3.538806,1.0,0,1,1,3.0,6,6,0,1.5,1,2,1,106.26467,64.92,138.72467,73.80467,1
QANLAT,11.25775,1.6475000000000009,12.0815,10.434,4.6134635,2.1492470000000004,5.688087,3.53884,1.0,0,1,1,3.0,6,6,0,1.5,1,2,1,114.204665,49.04267,138.726,89.68333,0
QANLEX,12.6654,4.458600000000001,14.8947,10.4361,4.458827,1.8398980000000005,5.378776,3.538878,1.0,0,1,1,3.0,6,6,0,1.5,1,2,1,118.259,40.93866,138.72833,97.78967,0
QANPEB,11.3576,9.6316,16.1734,6.5418,4.9768265,3.361921,6.657787,3.295866,1.0,2,2,0,4.0,2,5,3,2.0,4,4,0,159.55283500000002,97.65633,208.381,110.72467,0
QARMEF,6.31565,5.989699999999999,9.3105,3.3208,5.357047,1.4653200000000002,6.089707,4.624387,1.0,0,1,1,2.5,3,4,1,2.0,0,2,2,152.114165,85.54432999999999,194.88633,109.342,1
QAWTEQ,6.9001,2.7029999999999994,8.2516,5.5486,6.386336,3.34253,8.057601,4.715071,0.0,0,0,0,3.0,2,4,2,2.0,0,2,2,58.836165,40.82433,79.24833,38.424,0
QAYTEQ,6.3395,3.2880000000000003,7.9835,4.6955,6.077252,0.1361800000000004,6.145342,6.009162,0.0,0,0,0,2.0,0,2,2,1.5,3,3,0,69.8565,51.27366,95.49333,44.21967,1
QECHOX,3.44815,1.3489000000000004,4.1226,2.7737,5.8217245,4.074434999999999,7.858942,3.784507,0.5,1,1,0,1.5,1,2,1,1.5,3,3,0,90.381835,49.51433,115.139,65.62467,1
QEDRIC,5.82285,4.5555,8.1006,3.5451,5.358742,4.699085999999999,7.708285,3.009199,0.5,1,1,0,3.0,4,5,1,1.0,2,2,0,91.31217,108.905,145.76467,36.85967,0
QEDTIE,6.3819,2.5594,7.6616,5.1022,4.5026135,0.963545,4.984386,4.020841,0.5,1,1,0,1.5,1,2,1,1.0,2,2,0,86.708335,6.529330000000002,89.973,83.44367,1
QEDXII,6.382149999999999,2.5605,7.6624,5.1019,4.5023135,0.9637149999999997,4.984171,4.020456,0.5,1,1,0,1.5,1,2,1,1.0,2,2,0,86.709165,6.530329999999992,89.97433,83.444,1
QEHCUD,5.55285,5.750300000000001,8.428,2.6777,5.667909,1.336748,6.336283,4.999535,0.0,0,0,0,3.0,2,4,2,2.0,2,3,1,72.02867,16.28000000000001,80.16867,63.88867,0
QEJHUI,7.6037,6.583200000000001,10.8953,4.3121,4.7903775,1.9989410000000003,5.789848,3.790907,0.5,1,1,0,4.0,0,4,4,2.0,2,3,1,122.717335,104.93867,175.18667,70.248,0
QEJKUP,8.23195,7.0711,11.7675,4.6964,5.28886,1.4401199999999994,6.00892,4.5688,0.5,1,1,0,1.5,1,2,1,0.5,1,1,0,87.436,86.418,130.645,44.227,0
QEMFIX,4.38755,4.9953,6.8852,1.8899,4.844962,2.24774,5.968832,3.721092,1.0,2,2,0,7.5,13,14,1,3.0,2,4,2,158.020335,87.46333000000001,201.752,114.28867,0
QENGUL,13.33645,6.604699999999999,16.6388,10.0341,4.284293,0.1163760000000007,4.342481,4.226105,1.5,1,2,1,2.5,1,3,2,1.0,0,1,1,163.414335,84.12933000000001,205.479,121.34967,1
QEPJAX,10.8108,18.9568,20.2892,1.3324,5.214855,0.49498,5.462345,4.967365,0.5,1,1,0,2.5,1,3,2,1.0,2,2,0,83.08000000000001,96.30534000000002,131.23267,34.92733,0
QEPJEB,14.1963,21.2428,24.8177,3.5749,4.3687585,1.158173,4.947845,3.789672,0.5,1,1,0,2.5,1,3,2,1.0,2,2,0,91.583335,88.11932999999999,135.643,47.52367,1
QEPJIF,12.79235,14.9927,20.2887,5.296,4.8246325,0.2861150000000005,4.96769,4.681575,0.5,1,1,0,2.5,1,3,2,1.0,2,2,0,95.122,72.22333999999998,131.23367,59.01033,0
QEPJOL,13.96465,12.6537,20.2915,7.6378,4.6036075,0.7287029999999994,4.967959,4.239256,0.5,1,1,0,2.5,1,3,2,1.0,2,2,0,101.61583,59.241000000000014,131.23633,71.99533,1
QEPQUA,18.65215,11.0681,24.1862,13.1181,3.722981,0.7189619999999994,4.082462,3.3635,1.0,0,1,1,3.5,1,4,3,1.0,2,2,0,139.0035,34.443,156.225,121.782,1
QEPRAH,13.8785,20.6108,24.1839,3.5731,4.1561805,1.5843350000000005,4.948348,3.364013,0.5,1,1,0,3.0,2,4,2,1.0,2,2,0,101.86617,108.697,156.21467,47.51767,1
QEPRIP,14.01115,10.3337,19.178,8.8443,4.373252,0.1210719999999998,4.433788,4.312716,0.5,1,1,0,3.5,1,4,3,1.0,2,2,0,124.255335,54.22067,151.36567,97.145,0
QEPXEP,9.9451,0.9552000000000014,10.4227,9.4675,4.7647,0.1783179999999999,4.853859,4.675541,1.5,1,2,1,2.5,1,3,2,0.5,1,1,0,156.336835,63.34033000000001,188.007,124.66667,1
QEPXEQ,7.05565,4.7235000000000005,9.4174,4.6939,4.966295499999999,2.099289,6.01594,3.916651,0.5,1,1,0,3.5,3,5,2,1.5,3,3,0,155.084,221.726,265.947,44.221,0
QERLUV,4.75945,5.7399,7.6294,1.8895,3.772402,0.1029200000000001,3.823862,3.720942,1.5,1,2,1,3.5,5,6,1,1.5,1,2,1,112.488165,3.599670000000004,114.288,110.68833,0
QESBOG,7.71225,8.5923,12.0084,3.4161,4.6334745,1.3099630000000002,5.288456,3.978493,1.5,1,2,1,3.0,0,3,3,1.5,3,3,0,152.07883500000003,28.01433,166.086,138.07167,0
QESKOO,5.9985,0.9806,6.4888,5.5082,5.893771,2.296942,7.042242,4.7453,0.5,1,1,0,3.0,4,5,1,0.5,1,1,0,116.405835,122.55433,177.683,55.12867,0
QEYCAY,6.7967,1.9974,7.7954,5.798,4.9556725,0.2377209999999996,5.074533,4.836812,1.0,0,1,1,2.0,2,3,1,1.0,0,1,1,135.32,35.92666000000001,153.28333,117.35667,0
QEYKOU,4.26785,0.4132999999999995,4.4745,4.0612,6.969858,0.9835539999999998,7.461635,6.478081,0.0,0,0,0,2.0,2,3,1,0.5,1,1,0,89.382,70.002,124.383,54.381,0
QEYMIU,2.82115,1.9081,3.7752,1.8671,5.752166000000001,0.5642719999999999,6.034302,5.47003,0.0,0,0,0,2.5,1,3,2,2.0,4,4,0,98.963335,88.06733000000001,142.997,54.92967,0
QEYTOF,5.973,4.713800000000001,8.3299,3.6161,5.7974265,2.799335,7.197094,4.397759,0.0,0,0,0,3.0,2,4,2,1.5,1,2,1,91.2845,30.74566,106.65733,75.91167,0
QEYZIH,8.954,6.763600000000001,12.3358,5.5722,4.4035435,1.443051,5.125069,3.682018,0.5,1,1,0,3.5,3,5,2,3.0,0,3,3,93.298,44.38334,115.48967,71.10633,1
QICJOE,5.86435,6.151700000000001,8.9402,2.7885,4.2343340000000005,1.6020720000000002,5.03537,3.433298,0.5,1,1,0,3.0,2,4,2,2.0,2,3,1,85.033,20.014659999999992,95.04033,75.02567,1
QICJUK,4.5781,1.606,5.3811,3.7751,5.343859999999999,0.2523840000000001,5.470052,5.217668,0.5,1,1,0,2.0,2,3,1,1.5,3,3,0,71.945335,34.02533,88.958,54.93267,0
QIDKOF,9.00135,9.8823,13.9425,4.0602,5.6300815,1.6966070000000002,6.478385,4.781778,0.5,1,1,0,4.0,2,5,3,0.0,0,0,0,109.1375,109.509,163.892,54.383,0
QIJJIF,8.543849999999999,5.4505,11.2691,5.8186,4.587274,2.032964,5.603756,3.570792,0.5,1,1,0,4.0,4,6,2,2.5,3,4,1,132.3345,49.65700000000001,157.163,107.506,0
QIJYAJ,4.221,0.9459999999999996,4.694,3.748,6.95129,1.8706880000000004,7.886634,6.015946,0.0,0,0,0,2.0,0,2,2,1.0,2,2,0,52.615165,16.788330000000002,61.00933,44.221,0
QIKDIX,8.71075,11.8363,14.6289,2.7926,4.1537690000000005,1.7463959999999998,5.026967,3.280571,1.0,2,2,0,5.0,2,6,4,2.0,2,3,1,148.00733,145.954,220.98433,75.03033,0
QILNAE,7.0943,6.6548,10.4217,3.7669,6.4712835,3.593287,8.267927,4.67464,0.5,1,1,0,2.0,2,3,1,0.5,1,1,0,103.5215,42.347,124.695,82.348,0
QILVUF,6.6531,6.6584,9.9823,3.3239,6.781942,2.6949120000000004,8.129398,5.434486,0.0,0,0,0,4.5,3,6,3,2.5,3,4,1,113.1225,43.003,134.624,91.621,0
QIPMEK,2.59385,0.6141000000000001,2.9009,2.2868,6.352,5.582126,9.143063,3.560937,0.5,1,1,0,3.5,7,7,0,0.0,0,0,0,125.967,64.66466,158.29933,93.63467,0
QIPMIO,2.34365,0.1541000000000001,2.4207,2.2666,5.22279,3.386058,6.915819,3.529761,0.5,1,1,0,3.5,7,7,0,0.0,0,0,0,125.6355,65.21634,158.24367,93.02733,0
QIPRAL,1.82925,0.8745000000000003,2.2665,1.392,5.7873885000000005,4.515127,8.044952,3.529825,0.5,1,1,0,4.0,6,7,1,0.5,1,1,0,121.5595,73.35434000000001,158.23667,84.88233,1
QIQKOS,6.6086,3.42,8.3186,4.8986,5.376741,0.8635059999999992,5.808494,4.944988,0.0,0,0,0,2.5,3,4,1,1.5,1,2,1,68.54733,33.26,85.17733,51.91733,0
QIQLIL01,8.93135,13.2895,15.5761,2.2866,4.387968,1.6545260000000002,5.215231,3.560705,1.0,0,1,1,4.5,5,7,2,0.5,1,1,0,139.784165,37.04633000000001,158.30733,121.261,0
QIQLIL,8.93065,13.293500000000002,15.5774,2.2839,4.389651,1.657244,5.218273,3.561029,1.0,0,1,1,4.5,5,7,2,0.5,1,1,0,139.79667,37.02799999999999,158.31067,121.28267,0
QIQLUX,8.92075,13.3115,15.5765,2.265,4.373438,1.6870099999999997,5.216943,3.529933,1.0,0,1,1,4.5,5,7,2,0.5,1,1,0,139.754835,36.97433,158.242,121.26767,1
QIQSAO,4.03015,0.0602999999999998,4.0603,4.0,6.182547,0.5914799999999998,6.478287,5.886807,0.0,0,0,0,2.0,2,3,1,0.0,0,0,0,111.709835,114.66033,169.04,54.37967,0
QIRRAM,6.3084,8.2508,10.4338,2.183,5.877611,4.677199999999999,8.216211,3.539011,0.5,1,1,0,3.5,5,6,1,2.5,1,3,2,85.064,107.324,138.726,31.402,0
QIWFEJ,12.528099999999998,11.3442,18.2002,6.856,3.8932605,2.1398110000000004,4.963166,2.823355,1.0,0,1,1,5.0,0,5,5,0.5,1,1,0,144.957,15.774,152.844,137.07,0
QIYJEQ,12.8488,12.6012,19.1494,6.5482,3.52982,1.5212500000000002,4.290445,2.769195,1.0,0,1,1,3.5,3,5,2,1.0,0,1,1,150.75016499999998,26.649669999999983,164.075,137.42533,0
QOCCUI,8.141449999999999,6.4855,11.3842,4.8987,4.9860625,0.0838870000000007,5.028006,4.944119,0.5,1,1,0,3.5,1,4,3,1.5,1,2,1,71.26267,38.69,90.60767,51.91767,0
QOFKEC,6.3614,4.6034,8.6631,4.0597,4.9522715,3.052671,6.478607,3.425936,1.0,2,2,0,3.0,0,3,3,0.5,1,1,0,106.311835,103.85567,158.23967,54.384,1
QOGPUX,6.6714,5.7948,9.5688,3.774,5.365716,0.2097680000000004,5.4706,5.260832,0.5,1,1,0,2.5,1,3,2,1.0,2,2,0,73.289335,36.70333000000001,91.641,54.93767,0
QOJNAF,9.7448,1.3558000000000003,10.4227,9.0669,4.9109795,0.4710330000000002,5.146496,4.675463,0.5,1,1,0,4.5,3,6,3,1.5,3,3,0,136.759835,24.183670000000006,148.85167,124.668,1
QOMTER,3.6038,0.9088000000000004,4.0582,3.1494,6.068832,0.8203000000000005,6.478982,5.658682,0.0,0,0,0,2.5,1,3,2,0.5,1,1,0,112.032335,115.29267000000002,169.67867,54.386,0
QORROE,3.83175,4.8529,6.2582,1.4053,6.3876705000000005,3.128089,7.951715,4.823626,0.5,1,1,0,2.0,2,3,1,1.5,1,2,1,113.76267,94.454,160.98967,66.53567,0
QOSWOM,9.34795,3.1517,10.9238,7.7721,4.6518095,1.5719410000000005,5.43778,3.865839,1.5,1,2,1,2.0,2,3,1,1.0,2,2,0,164.365,8.835340000000002,168.78267,159.94733,1
QOTLIW,9.34825,3.1499,10.9232,7.7733,4.6514945,1.5718149999999995,5.437402,3.865587,1.5,1,2,1,2.0,2,3,1,1.0,2,2,0,164.366,8.836660000000023,168.78433,159.94767,0
QOVLEV,8.574,2.404,9.776,7.372,4.6214010000000005,0.5004920000000004,4.871647,4.371155,1.5,1,2,1,2.0,2,3,1,1.5,1,2,1,140.029,90.49666,185.27733,94.78067,0
QOVLIZ,4.23885,3.8485,6.1631,2.3146,4.031009,0.2652859999999997,4.163652,3.898366,1.5,1,2,1,2.0,2,3,1,1.5,1,2,1,139.8065,105.219,192.416,87.197,0
QOVQAU,6.426699999999999,8.2844,10.5689,2.2845,4.049319000000001,0.9765760000000006,4.537607,3.561031,1.5,1,2,1,5.0,4,7,3,1.5,3,3,0,174.569665,32.525330000000025,190.83233,158.307,0
QOVQEY,2.82545,1.0777,3.3643,2.2866,4.6075015,2.0940950000000003,5.654549,3.560454,1.0,0,1,1,5.5,3,7,4,1.0,2,2,0,131.4885,53.63699999999999,158.307,104.67,0
QOVRID,2.34215,0.9049,2.7946,1.8897,4.372358,1.3028619999999995,5.023789,3.720927,1.0,2,2,0,2.5,3,4,1,1.5,1,2,1,94.6605,39.255660000000006,114.28833,75.03267,0
QOYJUJ,15.84035,12.433700000000002,22.0572,9.6235,4.000285,0.1173719999999995,4.058971,3.941599,0.0,0,0,0,3.0,2,4,2,1.5,1,2,1,93.593,7.71866,97.45233,89.73367,0
QOYKAQ,14.896350000000002,5.9925000000000015,17.8926,11.9001,4.015392,0.8583939999999997,4.444589,3.586195,0.0,0,0,0,3.0,2,4,2,1.5,1,2,1,94.622665,5.516670000000005,97.381,91.86433,1
QOZYOV,8.1786,3.1937999999999995,9.7755,6.5817,4.5676635,0.3936549999999998,4.764491,4.370836,0.5,1,1,0,3.5,5,6,1,2.5,1,3,2,89.028165,11.506329999999991,94.78133,83.275,0
QQQBTG01,1.49145,1.5159,2.2494,0.7335,4.15532,0.8739620000000001,4.592301,3.718339,0.5,1,1,0,4.0,6,7,1,1.0,2,2,0,93.388,122.85266,154.81433,31.96167,0
QQQBTG02,3.90875,3.2855,5.5515,2.266,5.793709499999999,4.527567,8.057493,3.529926,0.5,1,1,0,4.5,5,7,2,1.0,2,2,0,98.331835,119.81633,158.24,38.42367,0
QUBRAH,4.1875,5.712,7.0435,1.3315,5.135819,0.6576139999999997,5.464626,4.807012,0.0,0,0,0,1.5,1,2,1,2.0,4,4,0,57.301,44.73,79.666,34.936,0
QUBROV,10.0179,4.126399999999999,12.0811,7.9547,5.1628925,1.0507550000000003,5.68827,4.637515,1.0,0,1,1,2.0,4,4,0,1.0,0,1,1,104.945,30.523340000000005,120.20667,89.68333,0
QUBRUB,5.9866,1.3971999999999998,6.6852,5.288,5.3395875,0.765263,5.722219,4.956956,1.0,0,1,1,2.5,3,4,1,1.5,1,2,1,97.824,39.61666,117.63233,78.01567,0
QUCNOS,5.07755,6.3755,8.2653,1.8898,3.7280645,0.0145409999999999,3.735335,3.720794,1.0,2,2,0,2.5,3,4,1,1.5,1,2,1,97.478335,33.61267000000001,114.28467,80.672,0
QUCRUC,9.92215,1.9560999999999995,10.9002,8.9441,4.4554825000000005,0.3761610000000006,4.643563,4.267402,0.5,1,1,0,3.5,5,6,1,1.5,1,2,1,111.0395,19.79766,120.93833,101.14067,0
QUCSEN,10.26725,2.6441,11.5893,8.9452,4.822167,1.1103119999999995,5.377323,4.267011,0.5,1,1,0,3.0,6,6,0,1.5,1,2,1,100.41967,1.456000000000003,101.14767,99.69167,1
QUDPIQ,2.3232,1.3925999999999998,3.0195,1.6269,6.892928,3.5154500000000004,8.650653,5.135203,0.0,0,0,0,4.5,7,8,1,2.0,4,4,0,74.287335,57.33267,102.95367,45.621,1
QUDWIX,4.4094,5.4712,7.145,1.6738,3.867941,0.4109160000000003,4.073399,3.662483,1.5,1,2,1,5.0,4,7,3,1.5,1,2,1,181.931,54.26000000000002,209.061,154.801,0
QUFLAH,3.8528,5.066,6.3858,1.3198,5.5606935,2.233673,6.67753,4.443857,0.0,0,0,0,2.0,2,3,1,2.0,0,2,2,55.04617,28.889,69.49067,40.60167,0
QUFSIV,10.7838,5.6596,13.6136,7.954,5.0235905,0.7713409999999996,5.409261,4.63792,1.0,0,1,1,2.0,4,4,0,1.0,0,1,1,112.65233,15.098,120.20133,105.10333,0
QUQBIQ,10.5079,0.1731999999999995,10.5945,10.4213,4.3551205,0.6388929999999995,4.674567,4.035674,1.0,0,1,1,3.5,1,4,3,1.0,2,2,0,130.11667,10.83999999999999,135.53667,124.69667,0
QUQVEF,5.37865,2.6354999999999995,6.6964,4.0609,4.867272,3.2221620000000004,6.478353,3.256191,1.5,3,3,0,1.5,3,3,0,0.0,0,0,0,136.5055,164.23634,218.62367,54.38733,0
QURSUR,3.24175,0.8980999999999999,3.6908,2.7927,6.3889095000000005,2.721569,7.749694,5.028125,0.0,0,0,0,3.0,2,4,2,1.5,1,2,1,74.28200000000001,1.491339999999994,75.02767,73.53633,0
QURWOQ02,10.55485,1.219100000000001,11.1644,9.9453,4.777846,1.477264,5.516478,4.039214,0.0,0,0,0,4.0,6,7,1,2.0,2,3,1,128.39883,29.979,143.38833,113.40933,0
QURWOQ03,10.5555,1.2208000000000006,11.1659,9.9451,4.777858999999999,1.477576,5.516647,4.039071,0.0,0,0,0,4.0,6,7,1,2.0,2,3,1,128.397335,29.987329999999982,143.391,113.40367,0
QUSLUL,1.9492,0.7998000000000001,2.3491,1.5493,6.16968,0.3998660000000003,6.369613,5.969747,0.5,1,1,0,2.5,3,4,1,0.5,1,1,0,81.087165,34.48033,98.32733,63.847,0
QUTBIT,6.3915500000000005,8.3187,10.5509,2.2322,4.231245,0.1325479999999999,4.297519,4.164971,0.0,0,0,0,6.5,3,8,5,2.0,4,4,0,107.810335,7.2693299999999965,111.445,104.17567,0
QUTBUF,6.39325,8.255700000000001,10.5211,2.2654,3.940639500000001,0.8217950000000003,4.351537,3.529742,0.5,1,1,0,7.5,1,8,7,2.0,4,4,0,134.753165,46.98567000000001,158.246,111.26033,0
QUTCAM,5.76205,9.5793,10.5517,0.9724,4.1728285,0.2493589999999992,4.297508,4.048149,0.0,0,0,0,7.0,2,8,6,2.0,4,4,0,96.707335,29.473330000000004,111.444,81.97067,0
QUVPUT,8.693449999999999,3.4567,10.4218,6.9651,5.405361,1.4587719999999995,6.134747,4.675975,0.5,1,1,0,2.0,2,3,1,1.0,2,2,0,115.065,19.194000000000003,124.662,105.468,0
QUVSAE,3.11835,5.371899999999999,5.8043,0.4324,3.867211,0.9983139999999996,4.366368,3.368054,0.0,0,0,0,4.5,1,5,4,1.5,3,3,0,141.963835,7.431669999999997,145.67967,138.248,0
QUWGOH,1.78945,3.5751,3.577,0.0019,4.861390999999999,0.1654819999999999,4.944132,4.77865,0.5,1,1,0,2.0,0,2,2,2.0,4,4,0,138.2775,181.517,229.036,47.519,0
QUWYEN,4.9023,5.2324,7.5185,2.2861,4.457928,1.7944019999999998,5.355129,3.560727,1.0,0,1,1,3.5,7,7,0,0.5,1,1,0,131.745665,53.12133,158.30633,105.185,1
QUYKUS01,2.55135,5.1005,5.1016,0.0011,3.530132,2.909006,4.984635,2.075629,1.0,2,2,0,2.0,0,2,2,1.0,2,2,0,141.893,103.84266,193.81433,89.97167,0
QUYVEO,12.3,13.5842,19.0921,5.5079,4.9561875,4.170451,7.041413,2.870962,0.0,0,0,0,4.0,6,7,1,0.5,1,1,0,125.893,141.52733999999998,196.65667,55.12933,0
QUZZIW,13.5211,10.5524,18.7973,8.2449,4.1732695,1.6654409999999995,5.00599,3.340549,1.5,1,2,1,3.0,0,3,3,1.0,2,2,0,152.85683,85.879,195.79633,109.91733,0
QUZZOC,11.28545,15.0237,18.7973,3.7736,4.405573,2.129726,5.470436,3.34071,1.0,2,2,0,3.0,0,3,3,1.0,2,2,0,125.362,140.85466000000002,195.78933,54.93467,0
RACBED,5.2633,3.1977999999999995,6.8622,3.6644,4.740779,0.5203920000000002,5.000975,4.480583,1.0,0,1,1,2.5,3,4,1,2.0,0,2,2,87.26433,45.594,110.06133,64.46733,0
RACFUA,7.8396,8.004399999999999,11.8418,3.8374,4.930941499999999,1.7274950000000002,5.794689,4.067194,1.0,2,2,0,4.0,0,4,4,1.5,3,3,0,147.2845,180.20434,237.38667,57.18233,0
RACZED,15.232,19.448,24.956,5.508,4.7520735,4.578933,7.04154,2.462607,0.0,0,0,0,2.5,3,4,1,1.0,0,1,1,98.2675,86.27565999999999,141.40533,55.12967,0
RADDUW,7.43625,8.3743,11.6234,3.2491,5.1817825,1.989471,6.176518,4.187047,0.5,1,1,0,2.5,1,3,2,1.0,2,2,0,109.183165,87.15033,152.75833,65.608,0
RADFIM,9.25245,12.0067,15.2558,3.2491,4.8102445000000005,2.7331670000000003,6.176828,3.443661,0.5,1,1,0,2.5,1,3,2,1.0,2,2,0,109.8895,88.56966,154.17433,65.60467,1
RADFUY,7.625199999999999,8.7528,12.0016,3.2488,5.163565999999999,2.026528,6.17683,4.150302,0.5,1,1,0,2.5,1,3,2,1.0,2,2,0,108.65667,86.098,151.70567,65.60767,0
RAGMOC,2.2286,0.1640000000000001,2.3106,2.1466,5.694163,4.335102,7.861714,3.526612,0.5,1,1,0,4.5,5,7,2,1.0,2,2,0,125.284665,66.53333,158.55133,92.018,0
RAHXUV,13.17605,3.424299999999999,14.8882,11.4639,3.6257145,0.616873,3.934151,3.317278,1.0,0,1,1,4.0,0,4,4,1.5,1,2,1,165.16017,80.14300000000001,205.23167,125.08867,0
RAHZEH,2.08275,3.9535,4.0595,0.106,6.519829,0.0821899999999997,6.560924,6.478734,0.0,0,0,0,2.0,2,3,1,0.0,0,0,0,109.7585,110.745,165.131,54.386,0
RAJTOP,6.44105,1.8651,7.3736,5.5085,5.956355,2.169364,7.041037,4.871673,1.0,2,2,0,2.0,2,3,1,1.0,0,1,1,120.202165,130.13967,185.272,55.13233,0
RALRUS,3.3392,4.3782,5.5283,1.1501,5.7514955,0.3701509999999999,5.936571,5.56642,0.5,1,1,0,3.0,2,4,2,1.5,1,2,1,88.019335,54.97533000000001,115.507,60.53167,1
RANDAP,4.0252,0.5026000000000006,4.2765,3.7739,5.6531175000000005,0.3652389999999998,5.835737,5.470498,0.5,1,1,0,3.0,0,3,3,0.0,0,0,0,80.23150000000001,50.591660000000005,105.52733,54.93567,0
RASMOR,4.3799,7.1958,7.9778,0.782,5.3869495,5.990399,8.382149,2.39175,0.5,1,1,0,2.5,3,4,1,1.0,2,2,0,103.723335,41.28067,124.36367,83.083,0
RASZAQ,7.90155,5.0399,10.4215,5.3816,6.158388,2.967534,7.642155,4.674621,0.5,1,1,0,2.5,1,3,2,1.0,2,2,0,105.31733,38.75399999999999,124.69433,85.94033,1
RATNIN01,6.86115,1.2583000000000002,7.4903,6.232,5.786214,0.5105219999999999,6.041475,5.530953,1.5,1,2,1,2.0,4,4,0,0.5,1,1,0,136.3125,97.349,184.987,87.638,0
RATNIN,6.8272,1.3228,7.4886,6.1658,5.7421715,0.4221089999999998,5.953226,5.531117,1.5,1,2,1,2.0,4,4,0,0.5,1,1,0,136.309665,97.36067,184.99,87.62933,1
RATRUC,4.79425,0.2003000000000003,4.8944,4.6941,4.563034,2.905764,6.015916,3.110152,0.5,1,1,0,2.5,1,3,2,0.5,1,1,0,125.176335,161.91133000000002,206.132,44.22067,0
RAVPIO,11.3542,1.8376,12.273,10.4354,4.5282705,1.9785289999999995,5.517535,3.539006,1.0,0,1,1,4.0,4,6,2,2.0,0,2,2,116.354665,44.74332999999999,138.72633,93.983,0
RAYPOY,9.6735,12.1168,15.7319,3.6151,4.074855,0.648202,4.398956,3.750754,0.0,0,0,0,4.0,0,4,4,1.0,0,1,1,108.289165,64.75432999999998,140.66633,75.912,0
REFFEO,9.8555,4.388,12.0495,7.6615,4.082262500000001,0.1241390000000004,4.144332,4.020193,2.5,3,4,1,2.5,3,4,1,1.0,2,2,0,187.545,208.20066,291.64533,83.44467,0
REGSEF,3.1759,1.1955999999999998,3.7737,2.5781,5.1495375,0.642709,5.470892,4.828183,0.5,1,1,0,2.0,2,3,1,0.0,0,0,0,97.160165,84.43767,139.379,54.94133,0
REHTII,6.286,2.774,7.673,4.899,5.789118500000001,1.687677,6.632957,4.94528,0.0,0,0,0,3.0,2,4,2,2.5,3,4,1,81.2995,58.77234,110.68567,51.91333,1
REJZUC,7.49455,0.9912999999999998,7.9902,6.9989,5.3579515,1.5665190000000004,6.141211,4.574692,0.0,0,0,0,4.0,2,5,3,2.5,1,3,2,87.636,15.721999999999994,95.497,79.775,0
RELPOR,8.388399999999999,13.4236,15.1002,1.6766,4.08729,0.8493560000000002,4.511968,3.662612,1.0,0,1,1,4.0,6,7,1,1.0,0,1,1,142.62133,24.350000000000023,154.79633,130.44633,0
RELPUX,10.0012,10.2046,15.1035,4.8989,4.727001,0.4354120000000003,4.944707,4.509295,0.5,1,1,0,2.5,3,4,1,1.0,0,1,1,91.18667,78.542,130.45767,51.91567,0
RELQAE,10.8406,8.52,15.1006,6.5806,4.638428,0.2537000000000002,4.765278,4.511578,0.5,1,1,0,3.5,5,6,1,2.0,2,3,1,106.86533,47.168000000000006,130.44933,83.28133,0
REPFEX,4.2486,1.3006000000000002,4.8989,3.5983,6.223688,2.557952,7.502664,4.944712,0.0,0,0,0,3.5,1,4,3,2.0,2,3,1,59.11833,14.407999999999994,66.32233,51.91433,0
REQCOJ,5.752649999999999,3.2725,7.3889,4.1164,4.112824,2.796238,5.510943,2.714705,2.0,2,3,1,4.0,6,7,1,0.0,0,0,0,203.981,101.86334,254.91267,153.04933,0
RERCEA,6.308199999999999,3.2216,7.919,4.6974,4.603575,0.4032260000000001,4.805188,4.401962,0.5,1,1,0,4.0,2,5,3,3.0,4,5,1,167.868,110.44266,223.08933,112.64667,0
RERCIE,4.72375,0.0678999999999998,4.7577,4.6898,4.4106075,0.0166310000000002,4.418923,4.402292,0.5,1,1,0,4.0,2,5,3,3.0,4,5,1,165.40667000000002,115.366,223.08967,107.72367,0
RERCOK,16.3938,10.6828,21.7352,11.0524,3.869113,0.1386380000000002,3.938432,3.799794,0.5,1,1,0,4.0,2,5,3,3.0,4,5,1,164.5565,117.30234,223.20767,105.90533,0
RERCUQ,18.4289,15.3122,26.085,10.7728,3.824568,0.0646819999999999,3.856909,3.792227,0.5,1,1,0,4.0,2,5,3,3.0,4,5,1,164.46083,116.869,222.89533,106.02633,0
RERDEB,18.9132,14.345199999999998,26.0858,11.7406,3.8707195,0.1568849999999999,3.949162,3.792277,0.5,1,1,0,4.0,2,5,3,3.0,4,5,1,167.8675,110.055,222.895,112.84,0
RERNUA,3.4539,0.6391999999999998,3.7735,3.1343,5.111584000000001,0.7181299999999995,5.470649,4.752519,0.0,0,0,0,2.5,1,3,2,1.5,3,3,0,63.665165,17.46033,72.39533,54.935,0
RERPAI,6.26685,9.0137,10.7737,1.76,5.8238725,3.934797,7.791271,3.856474,0.5,1,1,0,2.0,2,3,1,1.5,1,2,1,98.231665,15.588669999999992,106.026,90.43733,0
REWCEE,7.43805,3.7311,9.3036,5.5725,4.716942,0.8154820000000003,5.124683,4.309201,0.5,1,1,0,2.5,1,3,2,1.5,3,3,0,91.212835,40.21033,111.318,71.10767,0
REWKUC,3.9649,3.3578,5.6438,2.286,3.598904,0.0764360000000001,3.637122,3.560686,1.0,0,1,1,4.5,5,7,2,1.5,3,3,0,145.54000000000002,25.52799999999999,158.304,132.776,0
REWLAJ,6.11045,7.6545,9.9377,2.2832,4.090979,1.06011,4.621034,3.560924,1.0,0,1,1,4.5,5,7,2,1.0,2,2,0,146.71266500000002,23.187330000000003,158.30633,135.119,0
REWLEN,3.79615,3.0211,5.3067,2.2856,3.8745615,0.6269490000000002,4.188036,3.561087,1.0,0,1,1,4.5,5,7,2,1.0,2,2,0,127.34267,61.91399999999999,158.29967,96.38567,0
REWLIR,3.0042,1.4383999999999997,3.7234,2.285,3.648064,0.1743739999999998,3.735251,3.560877,1.5,1,2,1,4.5,5,7,2,1.0,2,2,0,153.6875,9.233000000000004,158.304,149.071,0
REZPAP,3.65775,1.7279,4.5217,2.7938,6.2791175,2.510473,7.534354,5.023881,0.0,0,0,0,3.5,1,4,3,2.0,2,3,1,64.664165,20.73767,75.033,54.29533,0
REZPET,3.22425,0.8631000000000002,3.6558,2.7927,6.324916,2.5966020000000007,7.623217,5.026615,0.0,0,0,0,3.5,1,4,3,2.0,2,3,1,64.988835,20.08767,75.03267,54.945,1
RIBFIT,7.5244,1.6805999999999992,8.3647,6.6841,4.3795115,1.1554429999999996,4.957233,3.80179,0.5,1,1,0,4.5,1,5,4,2.0,2,3,1,132.999,30.73133999999999,148.36467,117.63333,1
RIBFOZ,8.373000000000001,0.0145999999999997,8.3803,8.3657,4.3746645,0.9477290000000004,4.848529,3.9008,0.5,1,1,0,4.5,1,5,4,2.0,2,3,1,149.20083499999998,2.812330000000003,150.607,147.79467,1
RIBXAC,6.023,7.5794,9.8127,2.2333,4.1801495,1.5728649999999995,4.966582,3.393717,1.0,0,1,1,2.5,3,4,1,1.5,1,2,1,93.7555,58.46766,122.98933,64.52167,0
RIBZIP,6.84035,0.6030999999999995,7.1419,6.5388,4.9778485,0.754035,5.354866,4.600831,0.5,1,1,0,1.5,1,2,1,1.0,2,2,0,81.478335,20.754670000000004,91.85567,71.101,0
RICBIP,5.5739,1.3572000000000006,6.2525,4.8953,5.6921735,4.143805,7.764076,3.620271,0.5,1,1,0,1.0,0,1,1,1.0,2,2,0,85.89516499999999,73.46233,122.62633,49.164,0
RIDKIA,8.0206,13.952000000000002,14.9966,1.0446,5.187219499999999,2.5547569999999995,6.464598,3.909841,1.5,3,3,0,2.5,1,3,2,0.0,0,0,0,218.255,129.79066,283.15033,153.35967,0
RIDKOG,10.79295,17.8623,19.7241,1.8618,4.7084505,2.0267309999999994,5.721816,3.695085,2.0,2,3,1,2.5,1,3,2,0.0,0,0,0,236.07883500000003,103.36167000000005,287.75967,184.398,0
RIDSOQ,19.7795,18.1926,28.8758,10.6832,4.0751005,0.426685,4.288443,3.861758,1.0,0,1,1,5.5,3,7,4,2.0,0,2,2,167.315335,113.64667,224.13867,110.492,0
RIDVIK,7.1293,1.7921999999999991,8.0254,6.2332,4.8398115,1.0116570000000005,5.34564,4.333983,1.0,0,1,1,2.0,2,3,1,0.5,1,1,0,140.725335,47.63067000000001,164.54067,116.91,1
RIDWEH,7.898,0.2543999999999995,8.0252,7.7708,4.8858045,1.1036769999999994,5.437643,4.333966,1.5,1,2,1,2.0,2,3,1,1.0,2,2,0,166.66033,4.244,168.78233,164.53833,0
RIFTUY,5.6165,2.4914,6.8622,4.3708,5.258952,0.8794579999999996,5.698681,4.819223,0.5,1,1,0,2.5,1,3,2,1.0,2,2,0,116.44817,38.54699999999998,135.72167,97.17467,0
RIGDIW,3.2771,0.9657999999999998,3.76,2.7942,4.899887,0.2504059999999999,5.02509,4.774684,0.0,0,0,0,5.0,2,6,4,2.5,3,4,1,110.88,71.69666,146.72833,75.03167,0
RIGDUI,4.47085,0.8228999999999997,4.8823,4.0594,5.6750025,1.607241,6.478623,4.871382,0.0,0,0,0,3.0,0,3,3,0.5,1,1,0,85.62317,62.487,116.86667,54.37967,0
RIGFAQ,4.2704,0.4219999999999997,4.4814,4.0594,5.5171265,1.923087,6.47867,4.555583,0.0,0,0,0,3.0,0,3,3,0.5,1,1,0,101.72483,94.683,149.06633,54.38333,0
RIGHUO,3.63605,5.492900000000001,6.3825,0.8896,5.027881,3.308612,6.682187,3.373575,0.5,1,1,0,2.5,1,3,2,1.0,2,2,0,95.109,51.28,120.749,69.469,0
RIJCIY,7.13315,6.1457,10.206,4.0603,5.372917,2.2111660000000004,6.4785,4.267334,0.5,1,1,0,2.5,1,3,2,0.0,0,0,0,106.423,104.086,158.466,54.38,0
RIJTUZ,7.53135,5.8169,10.4398,4.6229,5.4027805,3.845327,7.325444,3.480117,0.5,1,1,0,2.0,2,3,1,1.0,0,1,1,141.2145,148.60566,215.51733,66.91167,0
RILQOU,5.9624,7.353399999999999,9.6391,2.2857,3.3090935,0.5029050000000002,3.560546,3.057641,1.5,1,2,1,5.5,3,7,4,1.5,3,3,0,184.724665,52.82732999999999,211.13833,158.311,0
RILQUA,6.589849999999999,6.0953,9.6375,3.5422,3.322025,0.5270320000000002,3.585541,3.058509,1.5,1,2,1,4.5,1,5,4,2.0,2,3,1,173.4085,75.44900000000001,211.133,135.684,0
RIMXAP,4.747199999999999,1.3730000000000002,5.4337,4.0607,5.190882,2.574836,6.4783,3.903464,0.5,1,1,0,1.5,3,3,0,0.5,1,1,0,111.61617,114.467,168.84967,54.38267,0
RINQOW,6.80965,4.4401,9.0297,4.5896,3.7458225,2.3832210000000003,4.937433,2.554212,1.0,0,1,1,2.5,1,3,2,0.0,0,0,0,224.371165,174.72633,311.73433,137.008,0
RINQUC,6.49915,3.805699999999999,8.402,4.5963,2.6764175,0.244663,2.798749,2.554086,1.0,0,1,1,3.5,3,5,2,0.0,0,0,0,221.25283,180.949,311.72733,130.77833,1
RIPYIB,7.0532,9.375,11.7407,2.3657,4.346904,0.7957700000000001,4.744789,3.949019,1.0,0,1,1,2.0,2,3,1,1.5,1,2,1,109.223,7.2393399999999986,112.84267,105.60333,1
RIQWUM,8.73225,0.9747000000000005,9.2196,8.2449,4.5343985,0.9434830000000004,5.00614,4.062657,1.5,1,2,1,3.0,0,3,3,1.5,3,3,0,144.895165,69.95832999999999,179.87433,109.916,0
RIQXOH,12.52955,4.716900000000001,14.888,10.1711,4.0685125,0.2634810000000001,4.200253,3.936772,1.5,1,2,1,2.5,3,4,1,1.5,1,2,1,158.31217,100.159,208.39167,108.23267,0
RIRFOQ,1.62775,2.8953,3.0754,0.1801,5.3072145,3.935323,7.274876,3.339553,0.5,1,1,0,2.5,1,3,2,0.5,1,1,0,148.027335,5.856670000000008,150.95567,145.099,0
RISDAB,4.8958,5.2198,7.5057,2.2859,3.437605,0.2461919999999997,3.560701,3.314509,1.5,1,2,1,4.0,6,7,1,0.5,1,1,0,190.06683,63.525000000000006,221.82933,158.30433,0
RISFEH,4.2486,3.921,6.2091,2.2881,3.6810705,0.2413129999999999,3.801727,3.560414,2.0,2,3,1,3.5,7,7,0,0.5,1,1,0,215.606665,114.60467,272.909,158.30433,0
RITBUT,9.8313,1.1818000000000008,10.4222,9.2404,4.8556165,0.3598269999999992,5.03553,4.675703,1.0,0,1,1,2.5,1,3,2,0.5,1,1,0,119.487665,10.358670000000004,124.667,114.30833,0
RITKEM,9.83385,15.093700000000002,17.3807,2.287,4.280244,1.4385900000000005,4.999539,3.560949,1.0,0,1,1,5.0,4,7,3,1.0,2,2,0,131.66033,53.288,158.30433,105.01633,0
RIVVEA,10.8587,4.658,13.1877,8.5297,4.535267,1.618786,5.34466,3.725874,1.0,0,1,1,3.0,2,4,2,1.0,2,2,0,92.16567,4.239999999999995,94.28567,90.04567,1
ROBFAS,7.69985,5.713699999999999,10.5567,4.843,4.742724,0.4004180000000001,4.942933,4.542515,1.0,2,2,0,2.5,1,3,2,1.5,3,3,0,124.40567,133.042,190.92667,57.88467,0
ROBZOX,6.24655,4.9427,8.7179,3.7752,4.4592645,2.021993,5.470261,3.448268,0.5,1,1,0,4.0,2,5,3,1.0,2,2,0,146.86249999999998,183.85766,238.79133,54.93367,0
ROFLAZ,4.18215,2.7785,5.5714,2.7929,5.0764475,0.0974709999999996,5.125183,5.027712,0.0,0,0,0,3.0,2,4,2,2.0,2,3,1,73.06917,3.9250000000000114,75.03167,71.10667,0
ROFPAE,2.5821,1.983,3.5736,1.5906,4.696908499999999,0.5021969999999998,4.948007,4.44581,0.5,1,1,0,2.0,0,2,2,1.5,3,3,0,102.25933,109.462,156.99033,47.52833,0
ROFVEO,4.5216,2.2522,5.6477,3.3955,5.8332575,0.8637689999999996,6.265142,5.401373,0.0,0,0,0,3.0,2,4,2,2.0,4,4,0,89.20067,37.54599999999999,107.97367,70.42767,0
ROGLIJ,10.7657,0.662799999999999,11.0971,10.4343,3.6230435,0.1688130000000001,3.70745,3.538637,1.0,0,1,1,5.0,2,6,4,2.0,0,2,2,148.18017,18.908999999999992,157.63467,138.72567,0
ROHDIB,2.7007,0.8308,3.1161,2.2853,5.590703,4.059788,7.620597,3.560809,0.5,1,1,0,3.5,7,7,0,0.5,1,1,0,160.855665,5.095330000000018,163.40333,158.308,0
ROJJEG,9.6034,12.0574,15.6321,3.5747,4.9320545,0.0313209999999992,4.947715,4.916394,0.5,1,1,0,2.0,0,2,2,0.5,1,1,0,111.338,127.62934,175.15267,47.52333,0
ROJKOS,9.6411,2.5136000000000003,10.8979,8.3843,4.184838,0.7885460000000002,4.579111,3.790565,1.5,1,2,1,3.5,1,4,3,1.5,3,3,0,151.04817,48.26299999999999,175.17967,126.91667,0
ROJKUY,9.64055,2.5123,10.8967,8.3844,4.184908,0.788176,4.578996,3.79082,1.5,1,2,1,3.5,1,4,3,1.5,3,3,0,151.047,48.256000000000014,175.175,126.919,0
ROMLOV,2.875,1.4728000000000003,3.6114,2.1386,5.165083,2.032874,6.18152,4.148646,0.5,1,1,0,2.0,0,2,2,1.0,2,2,0,103.648835,65.63233000000001,136.465,70.83267,0
ROMZOL,13.36065,7.444099999999999,17.0827,9.6386,3.1847175,0.253889,3.311662,3.057773,1.5,1,2,1,3.0,2,4,2,1.5,3,3,0,197.322335,27.62532999999999,211.135,183.50967,0
ROPTAT,7.90655,3.4913000000000007,9.6522,6.1609,5.0838635,2.0090189999999994,6.088373,4.079354,0.5,1,1,0,3.0,6,6,0,2.0,2,3,1,79.978835,13.796329999999998,86.877,73.08067,1
ROPTEX,10.7391,8.3168,14.8975,6.5807,5.0611585,0.5928809999999993,5.357599,4.764718,0.5,1,1,0,3.0,6,6,0,2.0,2,3,1,90.533,14.50666000000001,97.78633,83.27967,1
ROPTIB,9.2306,5.702,12.0816,6.3796,5.43302,0.458558,5.662299,5.203741,0.5,1,1,0,3.0,6,6,0,2.0,2,3,1,86.18267,6.967999999999989,89.66667,82.69867,1
ROQPEU,8.27285,6.7487,11.6472,4.8985,4.3207015,1.2478749999999996,4.944639,3.696764,0.0,0,0,0,4.0,0,4,4,2.0,2,3,1,100.75417,97.677,149.59267,51.91567,1
ROSYIK,10.0112,1.7734000000000003,10.8979,9.1245,3.974919,0.367718,4.158778,3.79106,1.0,2,2,0,3.0,2,4,2,1.5,3,3,0,148.2865,53.773,175.173,121.4,0
ROYDAN,4.021649999999999,0.0766999999999997,4.06,3.9833,4.69311,3.5711119999999994,6.478666,2.907554,0.5,1,1,0,3.5,1,4,3,1.0,2,2,0,136.863,164.95800000000003,219.342,54.384,0
RUBZUM,1.51115,3.0195000000000003,3.0209,0.0014,6.579314,4.14399,8.651309,4.507319,0.0,0,0,0,2.5,3,4,1,3.0,2,4,2,117.032665,142.82667,188.446,45.61933,0
RUDDEC01,5.998200000000001,2.4761999999999995,7.2363,4.7601,5.8707975,2.901967,7.321781,4.419814,0.5,1,1,0,2.5,1,3,2,1.5,1,2,1,109.580335,3.728670000000008,111.44467,107.716,0
RUDGEE,13.8212,5.5014,16.5719,11.0705,4.446883,0.5581819999999995,4.725974,4.167792,1.0,0,1,1,2.5,3,4,1,1.0,0,1,1,132.53533,40.65599999999999,152.86333,112.20733,0
RUJRAQ,11.79935,2.730700000000001,13.1647,10.434,4.3507995,1.6237049999999995,5.162652,3.538947,1.0,0,1,1,3.5,5,6,1,2.0,0,2,2,122.219835,33.012330000000006,138.726,105.71367,0
RUKHAH,8.4776,8.8342,12.8947,4.0605,4.359328,4.238174,6.478415,2.240241,0.5,1,1,0,2.5,1,3,2,1.5,3,3,0,123.726665,138.68267,193.068,54.38533,0
RULYAA,7.915749999999999,4.8137,10.3226,5.5089,5.3281375,3.4252670000000003,7.040771,3.615504,0.5,1,1,0,2.5,3,4,1,0.5,1,1,0,148.185835,186.11033,241.241,55.13067,0
RUPRUR,2.7477,3.7494,4.6224,0.873,4.9949905,4.661484999999999,7.325733,2.664248,0.5,1,1,0,5.0,8,9,1,1.5,1,2,1,155.3195,176.82034,243.72967,66.90933,0
RUPVED,7.65,1.3004000000000009,8.3002,6.9998,5.013053,0.8772020000000005,5.451654,4.574452,0.5,1,1,0,2.5,5,5,0,1.5,1,2,1,117.7725,75.99699999999999,155.771,79.774,1
RUQSOM,7.96775,3.4587000000000003,9.6971,6.2384,3.7071065,2.2194970000000005,4.816855,2.597358,1.0,0,1,1,3.5,5,6,1,1.5,1,2,1,125.03917,37.65700000000001,143.86767,106.21067,0
RUVPEE,6.86435,4.3475,9.0381,4.6906,5.635821999999999,0.7640500000000001,6.017847,5.253797,0.5,1,1,0,4.0,4,6,2,1.5,3,3,0,89.94866499999999,91.45933,135.67833,44.219,1
SABKEN,4.9646,4.3398,7.1345,2.7947,4.7731735,0.5002710000000006,5.023309,4.523038,0.5,1,1,0,2.5,3,4,1,1.5,1,2,1,81.0025,11.941000000000004,86.973,75.032,1
SABNOA,6.9986500000000005,9.9109,11.9541,2.0432,6.400174,6.084060000000001,9.442204,3.358144,0.5,1,1,0,2.5,3,4,1,1.5,1,2,1,92.345335,61.81067,123.25067,61.44,0
SADYII,5.6379,1.0728,6.1743,5.1015,4.936692000000001,0.0955339999999997,4.984459,4.888925,0.5,1,1,0,2.0,0,2,2,1.0,2,2,0,84.00200000000001,11.942660000000004,89.97333,78.03067,0
SAFNOF,3.2315500000000004,1.9331,4.1981,2.265,4.7474385,2.434893,5.964885,3.529992,0.5,1,1,0,5.0,4,7,3,1.0,2,2,0,116.954165,82.57233,158.24033,75.668,1
SAFXAA,2.62945,4.1307,4.6948,0.5641,7.0650315,2.098905,8.114484,6.015579,0.0,0,0,0,2.5,1,3,2,2.0,4,4,0,56.47033499999999,24.49867,68.71967,44.221,0
SAGGUE,4.71985,3.8517,6.6457,2.794,4.732839,0.5845799999999999,5.025129,4.440549,0.5,1,1,0,3.0,2,4,2,1.5,1,2,1,78.450335,6.843329999999995,81.872,75.02867,0
SAHBUZ,4.8593,4.8992,7.3089,2.4097,5.8108855,2.1189430000000007,6.870357,4.751414,0.0,0,0,0,3.5,5,6,1,2.5,1,3,2,100.996335,35.51867,118.75567,83.237,1
SAHCAG,6.6744,7.4912,10.42,2.9288,5.7907475,2.2281890000000004,6.904842,4.676653,0.5,1,1,0,2.0,2,3,1,1.0,2,2,0,121.59183,6.157000000000011,124.67033,118.51333,0
SALQIG,9.63195,1.574300000000001,10.4191,8.8448,4.5759085,0.2017889999999997,4.676803,4.475014,1.0,0,1,1,3.0,0,3,3,1.0,2,2,0,106.864165,35.610330000000005,124.66933,89.059,1
SALQUS,8.9368,0.1856000000000008,9.0296,8.844,4.706237,0.4624540000000001,4.937464,4.47501,1.0,0,1,1,3.0,0,3,3,1.0,2,2,0,113.0325,47.95100000000001,137.008,89.057,0
SAMLAU,9.1664,7.315,12.8239,5.5089,5.419351,3.243058,7.04088,3.797822,0.5,1,1,0,2.5,3,4,1,0.5,1,1,0,127.358835,144.45433000000003,199.586,55.13167,1
SAQJID,2.6465,4.9352,5.1141,0.1789,4.1849985,1.6908150000000002,5.030406,3.339591,1.0,0,1,1,2.5,1,3,2,0.5,1,1,0,120.552,60.797340000000005,150.95067,90.15333,0
SAQJUP,2.4075,4.4546,4.6348,0.1802,4.3689420000000005,2.058998,5.398441,3.339443,0.5,1,1,0,2.5,1,3,2,2.0,2,3,1,115.967835,69.98366999999999,150.95967,80.976,0
SAQKON,2.59955,2.0353,3.6172,1.5819,4.705398499999999,0.6167889999999998,5.013793,4.397004,0.5,1,1,0,2.5,3,4,1,1.0,0,1,1,83.023335,14.23733,90.142,75.90467,0
SARJOL,8.261,4.477199999999999,10.4996,6.0224,4.3528795,2.552079,5.628919,3.07684,0.5,1,1,0,3.5,3,5,2,1.5,1,2,1,125.971165,16.98033000000001,134.46133,117.481,0
SARPAG,8.525549999999999,3.7935,10.4223,6.6288,4.880605,0.4123780000000003,5.086794,4.674416,1.0,0,1,1,3.0,0,3,3,1.5,3,3,0,119.441665,10.504670000000004,124.694,114.18933,0
SATLUV,4.6127,4.650399999999999,6.9379,2.2875,4.219867,1.3189740000000003,4.879354,3.56038,1.0,0,1,1,4.5,5,7,2,1.0,2,2,0,118.163665,80.29066999999999,158.309,78.01833,0
SAVMEK,8.4673,6.2708,11.6027,5.3319,4.475106,2.5188580000000003,5.734535,3.215677,1.0,0,1,1,4.0,4,6,2,2.5,1,3,2,112.734835,65.77767,145.62367,79.846,0
SAVSUD,1.1435,0.421,1.354,0.933,7.4120635,3.0247649999999995,8.924446,5.899681,0.0,0,0,0,2.5,5,5,0,1.0,2,2,0,75.635165,41.83767,96.554,54.71633,0
SAVWEU,7.8286,6.134599999999999,10.8959,4.7613,4.105656,0.6309700000000005,4.421141,3.790171,1.5,1,2,1,3.5,1,4,3,2.0,2,3,1,141.449665,67.47933000000002,175.18933,107.71,0
SAXCOK,6.27785,1.7136999999999991,7.1347,5.421,4.287305999999999,0.4714499999999999,4.523031,4.051581,1.0,0,1,1,2.5,3,4,1,1.0,2,2,0,109.41567,44.884000000000015,131.85767,86.97367,1
SAZXEZ,6.38015,8.1889,10.4746,2.2857,5.060461,2.998902,6.559912,3.56101,0.5,1,1,0,5.5,3,7,4,0.0,0,0,0,131.419665,53.76933,158.30433,104.535,0
SAZXID,0.99485,0.8837,1.4367,0.553,5.5186595,2.150563,6.593941,4.443378,0.0,0,0,0,4.0,4,6,2,0.5,1,1,0,90.730835,11.345669999999998,96.40367,85.058,0
SAZXOJ,1.86205,0.8475000000000001,2.2858,1.4383,5.0776275,3.034053,6.594654,3.560601,0.5,1,1,0,4.5,5,7,2,0.5,1,1,0,121.682335,73.25267000000001,158.30867,85.056,0
SECDUB,3.87745,2.1653,4.9601,2.7948,5.082261,0.1176919999999999,5.141107,5.023415,0.5,1,1,0,3.0,2,4,2,1.5,1,2,1,76.99033499999999,3.9213299999999975,78.951,75.02967,0
SECHAJ,10.701,0.2970000000000006,10.8495,10.5525,4.316402999999999,1.1383739999999998,4.88559,3.747216,0.5,1,1,0,3.0,2,4,2,2.0,2,3,1,150.68766499999998,51.84932999999998,176.61233,124.763,0
SECWEE,9.4377,4.6068,11.7411,7.1343,4.2360895,0.5743669999999996,4.523273,3.948906,1.0,0,1,1,2.0,2,3,1,1.5,1,2,1,99.909,25.87400000000001,112.846,86.972,0
SEDBAH,6.6589,6.147399999999999,9.7326,3.5852,4.8089485,1.8130250000000008,5.715461,3.902436,0.5,1,1,0,2.5,3,4,1,1.0,0,1,1,78.218665,0.6073299999999904,78.52233,77.915,0
SEFCIT,7.1287,4.870000000000001,9.5637,4.6937,5.9878325,0.0564969999999993,6.016081,5.959584,0.0,0,0,0,3.0,2,4,2,0.5,1,1,0,90.921165,93.40167000000002,137.622,44.22033,1
SEFVOO,7.0863,6.2516,10.2121,3.9605,5.4978525,3.028361,7.012033,3.983672,0.0,0,0,0,1.5,1,2,1,1.0,2,2,0,105.474665,17.84267,114.396,96.55333,0
SEGZUZ,5.337199999999999,0.4706000000000001,5.5725,5.1019,5.0545095,0.1408950000000004,5.124957,4.984062,0.0,0,0,0,2.0,0,2,2,1.5,3,3,0,80.538835,18.86833,89.973,71.10467,0
SEKHIA,6.7401,8.9088,11.1945,2.2857,4.8166945000000005,2.511807,6.072598,3.560791,0.5,1,1,0,4.5,5,7,2,0.5,1,1,0,132.06900000000002,52.458,158.298,105.84,0
SEMLOO,4.97835,7.710099999999999,8.8334,1.1233,5.608056,2.582498,6.899305,4.316807,0.0,0,0,0,3.5,7,7,0,0.5,1,1,0,85.624,65.43934,118.34367,52.90433,0
SEMNAA,10.73915,8.1107,14.7945,6.6838,4.0284215,1.858571,4.957707,3.099136,1.5,1,2,1,5.0,2,6,4,2.0,2,3,1,168.8195,102.381,220.01,117.629,0
SEMRUY,3.1387,1.8428000000000004,4.0601,2.2173,6.926503,0.8962880000000002,7.374647,6.478359,0.0,0,0,0,4.5,3,6,3,0.0,0,0,0,106.1255,103.48434,157.86767,54.38333,0
SEPTIT,5.83625,2.2845000000000004,6.9785,4.694,4.5863905,2.8591109999999995,6.015946,3.156835,0.5,1,1,0,1.5,1,2,1,0.5,1,1,0,121.068335,153.69467,197.91567,44.221,0
SEPTOZ,7.2578,5.126799999999999,9.8212,4.6944,4.723687,2.583658,6.015516,3.431858,0.5,1,1,0,1.0,2,2,0,0.5,1,1,0,102.470335,116.49933,160.72,44.22067,1
SEPVES,2.88645,0.6856999999999998,3.2293,2.5436,5.24499,0.1476879999999996,5.318834,5.171146,0.0,0,0,0,2.0,2,3,1,2.0,2,3,1,101.818835,131.96633,167.802,35.83567,0
SEQGAX,9.06135,4.7951,11.4589,6.6638,4.9796795,2.2929310000000003,6.126145,3.833214,0.5,1,1,0,2.0,0,2,2,1.5,3,3,0,146.5815,7.064999999999998,150.114,143.049,0
SERHOX,9.20595,8.6159,13.5139,4.898,4.101801,1.68614,4.944871,3.258731,0.5,1,1,0,3.0,2,4,2,2.0,2,3,1,96.15567,88.482,140.39667,51.91467,0
SERPIC,6.3219,8.0696,10.3567,2.2871,3.816414500000001,0.5115190000000003,4.072174,3.560655,1.0,0,1,1,4.5,5,7,2,1.5,3,3,0,148.635665,19.34267,158.307,138.96433,0
SERRAL,3.5055,0.7429999999999999,3.877,3.134,4.561669,0.3816540000000001,4.752496,4.370842,0.5,1,1,0,2.5,3,4,1,2.5,1,3,2,92.30083,39.81099999999999,112.20633,72.39533,0
SETYEY,6.6160000000000005,6.147,9.6895,3.5425,5.9747635,3.466049,7.707788,4.241739,1.0,2,2,0,3.0,4,5,1,1.5,1,2,1,116.666165,159.61167,196.472,36.86033,0
SEYBED,4.60985,0.0256999999999996,4.6227,4.597,5.4862405,3.678545,7.325513,3.646968,0.5,1,1,0,1.0,0,1,1,0.5,1,1,0,116.259665,98.69867,165.609,66.91033,0
SEYWOJ,4.66205,1.7735,5.5488,3.7753,6.7637,2.587664,8.057532,5.469868,0.0,0,0,0,2.5,1,3,2,1.0,2,2,0,46.678,16.511339999999997,54.93367,38.42233,0
SEYWUP,7.9855,4.872800000000001,10.4219,5.5491,6.3661275,3.383339000000001,8.057797,4.674458,0.5,1,1,0,2.5,1,3,2,1.0,2,2,0,81.560165,86.27233000000001,124.69633,38.424,0
SEZZIK,13.53005,0.7519000000000009,13.906,13.1541,3.983868,0.3690099999999998,4.168373,3.799363,1.0,0,1,1,2.5,1,3,2,0.5,1,1,0,135.375665,30.132670000000005,150.442,120.30933,0
SEZZOQ,12.33985,3.1327,13.9062,10.7735,4.0127255,0.3120609999999999,4.168756,3.856695,1.0,0,1,1,2.5,1,3,2,1.0,0,1,1,128.234835,44.41366999999998,150.44167,106.028,0
SICQEC,6.49085,1.9665,7.4741,5.5076,5.463121,3.158662,7.042452,3.88379,0.5,1,1,0,2.5,3,4,1,1.0,0,1,1,133.642,157.02334000000002,212.15367,55.13033,0
SICQEE,11.5001,7.4568,15.2285,7.7717,4.6854405,1.5043809999999995,5.437631,3.93325,1.5,1,2,1,2.0,2,3,1,1.5,1,2,1,165.1575,7.245000000000003,168.78,161.535,1
SICQOM,5.9235,0.8300000000000001,6.3385,5.5085,5.397638000000001,3.2872960000000004,7.041286,3.75399,0.5,1,1,0,2.5,3,4,1,1.0,0,1,1,135.048165,159.83367,214.965,55.13133,0
SIJXAM,5.75765,5.246300000000001,8.3808,3.1345,4.666023,0.169988,4.751017,4.581029,0.5,1,1,0,2.0,2,3,1,1.5,3,3,0,99.654665,54.51066999999999,126.91,72.39933,0
SIJXEQ,5.75985,5.2501,8.3849,3.1348,4.6656165000000005,0.1737829999999993,4.752508,4.578725,0.5,1,1,0,2.0,2,3,1,1.5,3,3,0,99.65867,54.52799999999999,126.92267,72.39467,0
SILPUA,2.71395,0.0628999999999999,2.7454,2.6825,6.772342999999999,0.1720759999999996,6.858381,6.686305,0.0,0,0,0,0.5,1,1,0,0.0,0,0,0,122.312835,42.41833,143.522,101.10367,0
SILYIY,10.87565,1.8321000000000005,11.7917,9.9596,4.936205,0.9446200000000003,5.408515,4.463895,1.0,0,1,1,2.5,1,3,2,0.5,1,1,0,127.297165,20.916329999999988,137.75533,116.839,0
SIMKUV,9.2174,2.4038000000000004,10.4193,8.0155,3.875338,1.6029880000000003,4.676832,3.073844,1.5,1,2,1,2.0,2,3,1,0.0,0,0,0,144.13316500000002,38.92233000000002,163.59433,124.672,0
SIMTEO,11.2237,5.716199999999999,14.0818,8.3656,5.590901000000001,1.484908,6.333355,4.848447,1.0,0,1,1,2.0,4,4,0,1.0,0,1,1,119.149165,62.91367,150.606,87.69233,0
SIMVET,9.901,0.5153999999999996,10.1587,9.6433,4.762802499999999,0.904127,5.214866,4.310739,1.0,0,1,1,2.0,2,3,1,0.5,1,1,0,122.120165,56.20433,150.22233,94.018,0
SIPVET,9.82385,1.1915000000000011,10.4196,9.2281,5.504075,1.6547020000000003,6.331426,4.676724,0.5,1,1,0,3.5,1,4,3,1.0,2,2,0,121.654,6.03734,124.67267,118.63533,1
SIQBEB,8.97175,3.1699,10.5567,7.3868,4.185885,2.942458,5.657114,2.714656,1.0,0,1,1,3.5,7,7,0,0.5,1,1,0,121.132665,63.84067,153.053,89.21233,0
SIRGEF,4.8932,6.9076,8.347,1.4394,4.213004,0.979556,4.702782,3.723226,1.0,0,1,1,2.5,3,4,1,0.0,0,0,0,124.417835,23.552329999999984,136.194,112.64167,0
SIZFUD,3.3766,0.726,3.7396,3.0136,6.8213605,2.015753,7.829237,5.813484,0.0,0,0,0,4.0,6,7,1,3.0,2,4,2,67.015835,13.67167,73.85167,60.18,0
SIZKOD,4.0813500000000005,0.9364999999999996,4.5496,3.6131,6.143726,3.4911580000000004,7.889305,4.398147,0.0,0,0,0,3.0,2,4,2,1.5,1,2,1,62.786665,26.231330000000007,75.90233,49.671,0
SIZKUJ,3.79865,0.3639000000000001,3.9806,3.6167,6.019673,3.2422140000000006,7.64078,4.398566,0.0,0,0,0,3.0,2,4,2,1.0,0,1,1,73.8085,4.204340000000002,75.91067,71.70633,1
SMZTMP01,11.5143,4.5708,13.7997,9.2289,3.6067415,0.8849730000000005,4.049228,3.164255,1.5,1,2,1,5.5,1,6,5,2.0,2,3,1,204.861835,30.95232999999999,220.338,189.38567,0
SODJOK,5.3987,1.7048000000000003,6.2511,4.5463,5.5015715,3.761841,7.382492,3.620651,0.5,1,1,0,1.0,0,1,1,0.5,1,1,0,99.652165,45.96033,122.63233,76.672,0
SOGFUS,5.52665,7.017700000000001,9.0355,2.0178,4.238374,0.1430180000000005,4.309883,4.166865,2.0,0,2,2,3.0,2,4,2,2.0,2,3,1,152.0045,36.46034,170.23467,133.77433,0
SOGGED,4.7523,5.4670000000000005,7.4858,2.0188,4.920426,1.221088,5.53097,4.309882,2.0,0,2,2,3.0,2,4,2,1.5,3,3,0,159.386335,51.22532999999999,184.999,133.77367,0
SOGWOA,7.3056,10.0398,12.3255,2.2857,4.1327175,1.143891,4.704663,3.560772,1.0,0,1,1,4.5,5,7,2,0.5,1,1,0,160.348,4.079340000000002,162.38767,158.30833,0
SOHDEZ,7.06845,4.6097,9.3733,4.7636,4.596693999999999,0.4289119999999995,4.81115,4.382238,1.0,0,1,1,3.0,0,3,3,1.0,2,2,0,129.9555,41.47166,150.69133,109.21967,0
SOHDID,6.91325,4.9163,9.3714,4.4551,4.7203515,0.1839489999999992,4.812326,4.628377,1.0,0,1,1,3.0,0,3,3,0.5,1,1,0,119.172835,63.06366999999999,150.70467,87.641,0
SOHDOJ,8.27225,2.1987000000000005,9.3716,7.1729,4.8186990000000005,0.0129279999999996,4.825163,4.812235,1.0,0,1,1,2.5,1,3,2,0.5,1,1,0,117.136,67.13999999999999,150.706,83.566,0
SOHMUZ01,9.04815,2.7719000000000005,10.4341,7.6622,3.779822,0.4820639999999998,4.020854,3.53879,1.0,0,1,1,3.5,5,6,1,2.0,0,2,2,111.0855,55.283,138.727,83.444,1
SOHMUZ03,9.04815,2.771699999999999,10.434,7.6623,3.7797045,0.4813870000000002,4.020398,3.539011,1.0,0,1,1,3.5,5,6,1,2.0,0,2,2,111.08633,55.284000000000006,138.72833,83.44433,1
SOHMUZ,9.04855,2.7721,10.4346,7.6625,3.7792495,0.4815130000000005,4.020006,3.538493,1.0,0,1,1,3.5,5,6,1,2.0,0,2,2,111.08633,55.282,138.72733,83.44533,0
SOHNAG,9.07445,2.7185,10.4337,7.7152,3.8724135,0.6671090000000004,4.205968,3.538859,1.0,0,1,1,3.5,5,6,1,2.0,0,2,2,110.897165,55.652330000000006,138.72333,83.071,1
SOKZUQ,3.4307,1.2574,4.0594,2.802,5.395498,2.166428,6.478712,4.312284,1.0,2,2,0,2.0,2,3,1,0.0,0,0,0,113.63733,118.51,172.89233,54.38233,0
SOMHOU,6.6655,2.2324,7.7817,5.5493,5.810715,4.49474,8.058085,3.563345,0.5,1,1,0,4.0,4,6,2,2.0,0,2,2,82.00816499999999,87.17367,125.595,38.42133,1
SORYEF,4.587400000000001,1.0522,5.1135,4.0613,4.933593,3.08901,6.478098,3.389088,1.5,3,3,0,2.0,2,3,1,0.0,0,0,0,139.279165,169.79032999999998,224.17433,54.384,0
SOVFOA,4.4636,0.9661999999999996,4.9467,3.9805,6.492422,2.2964200000000003,7.640632,5.344212,0.0,0,0,0,2.0,0,2,2,0.5,1,1,0,65.99133499999999,11.432669999999996,71.70767,60.275,0
SOVKAS,5.4436,2.7678,6.8275,4.0597,6.09055,0.7761399999999998,6.47862,5.70248,0.5,1,1,0,2.0,2,3,1,0.5,1,1,0,97.865335,86.96266999999999,141.34667,54.384,0
SOYGAP,3.90835,0.7404999999999999,4.2786,3.5381,3.859358,1.537014,4.627865,3.090851,0.5,1,1,0,2.5,3,4,1,1.0,0,1,1,117.936165,62.91367,149.393,86.47933,0
SOYQED,6.57555,5.603899999999999,9.3775,3.7736,5.4014785,0.1386750000000001,5.470816,5.332141,0.0,0,0,0,1.5,3,3,0,0.5,1,1,0,97.482665,85.08067,140.023,54.94233,0
SOYVAE,7.559,4.0086,9.5633,5.5547,4.2876115,1.5966909999999994,5.085957,3.489266,1.0,0,1,1,3.5,5,6,1,2.0,0,2,2,128.44933500000002,32.302670000000006,144.60067,112.298,1
SUGFAD,5.31695,6.8553,8.7446,1.8893,3.6699275,0.1010749999999998,3.720465,3.61939,1.5,1,2,1,3.5,5,6,1,1.5,1,2,1,125.962835,23.346329999999995,137.636,114.28967,0
SULSUO,5.3535,2.5886000000000005,6.6478,4.0592,5.4279505,2.101585,6.478743,4.377158,0.5,1,1,0,3.5,1,4,3,0.5,1,1,0,121.79017,134.815,189.19767,54.38267,0
SUYNEI,0.95965,0.9527,1.436,0.4833,5.378014,1.245628,6.000828,4.7552,0.0,0,0,0,3.0,0,3,3,2.0,0,2,2,96.861665,32.04867,112.886,80.83733,0
SUYNIM,2.4415,0.7354000000000003,2.8092,2.0738,5.448059000000001,1.08885,5.992484,4.903634,0.0,0,0,0,3.0,0,3,3,2.0,0,2,2,83.50866500000001,5.24533000000001,86.13133,80.886,0
SUYNUW,6.284800000000001,6.982,9.7758,2.7938,4.6977575,0.6533990000000003,5.024457,4.371058,0.5,1,1,0,2.5,3,4,1,1.5,1,2,1,84.905,19.75066000000001,94.78033,75.02967,0
SUYPIN01,14.74585,15.6565,22.5741,6.9176,3.958747,0.4917960000000003,4.204645,3.712849,0.5,1,1,0,3.0,2,4,2,1.0,0,1,1,140.440335,125.01267,202.94667,77.934,0
SUYPIN,14.6853,15.5348,22.4527,6.9179,3.954679,0.484232,4.196795,3.712563,0.5,1,1,0,3.0,2,4,2,1.0,0,1,1,140.515335,125.16267,203.09667,77.934,0
SUYXIU,8.152849999999999,3.2452999999999994,9.7755,6.5302,4.4364875,0.1313130000000004,4.502144,4.370831,0.5,1,1,0,2.0,2,3,1,1.5,1,2,1,98.234665,6.910669999999996,101.69,94.77933,0
SUYYAN,4.8878,9.7756,9.7756,0.0,4.527340000000001,0.3128380000000001,4.683759,4.370921,0.5,1,1,0,2.5,3,4,1,1.0,2,2,0,93.2995,2.963000000000008,94.781,91.818,0
SUYYER,1.49045,0.7985,1.8897,1.0912,4.829871,2.21782,5.938781,3.720961,1.0,2,2,0,2.5,3,4,1,1.5,1,2,1,87.397835,53.78367,114.28967,60.506,0
SUZBEV,8.23025,3.0911,9.7758,6.6847,4.6643325,0.5860189999999994,4.957342,4.371323,1.0,0,1,1,2.5,3,4,1,1.5,1,2,1,106.204665,22.852670000000003,117.631,94.77833,0
SUZNEH,6.8323,0.6045999999999996,7.1346,6.53,4.5126455,0.0211969999999999,4.523244,4.502047,0.5,1,1,0,2.0,2,3,1,1.5,1,2,1,94.331665,14.71933,101.69133,86.972,0
SUZZIX,10.10495,0.6585000000000001,10.4342,9.7757,3.95496,0.8319520000000002,4.370936,3.538984,1.0,0,1,1,3.5,5,6,1,2.0,0,2,2,116.752665,43.94466999999999,138.725,94.78033,0
TADROJ,8.23525,7.0827,11.7766,4.6939,5.207115,1.6176499999999994,6.01594,4.39829,1.0,2,2,0,2.0,0,2,2,0.5,1,1,0,113.177,137.912,182.133,44.221,0
TADRUM,0.0,0.0,0.0,0.0,4.640601500000001,0.085617,4.68341,4.597793,0.0,0,0,0,4.0,0,4,4,2.0,4,4,0,115.48033,47.328,139.14433,91.81633,0
TAFGAM,1.88685,3.7737,3.7737,0.0,6.4955165,2.050111,7.520572,5.470461,0.0,0,0,0,5.5,5,8,3,3.0,6,6,0,105.38617,100.901,155.83667,54.93567,0
TAFWEC,5.510249999999999,1.8311,6.4258,4.5947,4.8544355,2.4155610000000003,6.062216,3.646655,0.5,1,1,0,1.0,0,1,1,0.5,1,1,0,123.232,84.76465999999999,165.61433,80.84967,0
TAJSUV,9.6915,2.890000000000001,11.1365,8.2465,4.5884395,0.0419090000000004,4.609394,4.567485,0.5,1,1,0,3.5,1,4,3,1.5,3,3,0,152.765665,0.2613300000000151,152.89633,152.635,0
TAJWOT,8.6235,12.5446,14.8958,2.3512,5.8740935,0.9914769999999996,6.369832,5.378355,0.5,1,1,0,2.0,4,4,0,0.5,1,1,0,98.062665,0.5413300000000021,98.33333,97.792,1
TAKDOB,6.428050000000001,8.1527,10.5044,2.3517,6.249325000000001,0.2405660000000002,6.369608,6.129042,0.5,1,1,0,2.0,4,4,0,0.5,1,1,0,86.0685,24.529,98.333,73.804,1
TAKJOH,10.77615,0.7093000000000007,11.1308,10.4215,4.2596655,0.8298669999999997,4.674599,3.844732,1.0,0,1,1,3.0,0,3,3,1.5,3,3,0,137.335335,25.28067000000001,149.97567,124.695,0
TAKJUN,9.69225,2.8904999999999994,11.1375,8.247,4.588156,0.042936,4.609624,4.566688,0.5,1,1,0,3.5,1,4,3,1.5,3,3,0,152.765,0.2519999999999811,152.891,152.639,1
TALBAL,5.91075,3.7697,7.7956,4.0259,4.429493,0.8141280000000002,4.836557,4.022429,1.5,1,2,1,2.5,1,3,2,2.0,2,3,1,122.711335,10.714669999999998,128.06867,117.354,0
TALBIT,7.9901,4.090599999999999,10.0354,5.9448,5.0483855,1.411657,5.754214,4.342557,1.0,0,1,1,2.0,2,3,1,1.5,1,2,1,121.426,0.1400000000000005,121.496,121.356,1
TANXEL,11.3301,5.4452,14.0527,8.6075,5.16371,1.1225799999999992,5.725,4.60242,1.0,0,1,1,2.5,3,4,1,1.0,2,2,0,160.4455,65.83234,193.36167,127.52933,1
TANZUH,4.20945,0.3003,4.3596,4.0593,8.7596105,4.561753,11.040487,6.478734,0.0,0,0,0,1.5,3,3,0,0.5,1,1,0,32.951835,42.86233,54.383,11.52067,0
TAPDIB,13.656200000000002,11.0522,19.1823,8.1301,2.9646575000000004,1.180609,3.554962,2.374353,1.0,0,1,1,4.5,3,6,3,1.0,2,2,0,162.2985,40.09366,182.34533,142.25167,0
TAPJIF,6.2833000000000006,4.443600000000001,8.5051,4.0615,5.6315100000000005,1.6929819999999998,6.478001,4.785019,0.5,1,1,0,3.0,0,3,3,0.5,1,1,0,99.25917,89.74100000000001,144.12967,54.38867,0
TAPMEC,6.22935,7.925699999999999,10.1922,2.2665,4.720753,2.3815060000000003,5.911506,3.53,0.5,1,1,0,4.5,5,7,2,0.0,0,0,0,137.573665,41.32666999999999,158.237,116.91033,0
TAPNED,10.6433,4.0710000000000015,12.6788,8.6078,5.212363,1.0254440000000002,5.725085,4.699641,1.0,0,1,1,2.5,3,4,1,1.0,2,2,0,149.58483,44.11499999999998,171.64233,127.52733,1
TASLUY,2.6575,1.7684,3.5417,1.7733,3.4703285,0.784627,3.862642,3.078015,1.0,2,2,0,2.5,3,4,1,1.5,1,2,1,130.582835,1.5903299999999945,131.378,129.78767,1
TATWUI,3.8164,0.4790000000000001,4.0559,3.5769,5.718636999999999,1.5496980000000002,6.493486,4.943788,0.0,0,0,0,1.5,1,2,1,1.5,3,3,0,61.083335000000005,27.127330000000008,74.647,47.51967,0
TAXXOI,11.61105,2.3751,12.7986,10.4235,4.38082,0.5890260000000005,4.675333,4.086307,1.0,0,1,1,3.0,0,3,3,1.0,2,2,0,115.752835,17.825670000000002,124.66567,106.84,0
TAZDOR,7.15085,7.214500000000001,10.7581,3.5436,5.8546255,3.709479,7.709365,3.999886,1.0,2,2,0,2.0,2,3,1,1.5,1,2,1,137.178335,200.63333,237.495,36.86167,0
TAZQIX,6.3824000000000005,0.0086000000000003,6.3867,6.3781,5.940616,1.4715440000000006,6.676388,5.204844,0.0,0,0,0,3.5,5,6,1,2.5,1,3,2,76.093835,13.201670000000007,82.69467,69.493,0
TAZWUN,7.2257,3.3065999999999995,8.879,5.5724,4.8283705,0.5925130000000003,5.124627,4.532114,0.5,1,1,0,2.0,0,2,2,1.5,3,3,0,85.7835,29.34966,100.45833,71.10867,0
TAZXAU,7.6928,4.2398,9.8127,5.5729,4.2590045,1.731585,5.124797,3.393212,0.5,1,1,0,3.0,2,4,2,2.0,2,3,1,97.047,51.87866,122.98633,71.10767,0
TCYPIC,4.48965,4.4495000000000005,6.7144,2.2649,3.7096835,0.3595450000000002,3.889456,3.529911,0.5,1,1,0,4.5,5,7,2,1.5,3,3,0,126.3535,63.78034000000001,158.24367,94.46333,0
TEBMAO,6.6608,3.9604,8.641,4.6806,2.638332,0.4976220000000002,2.887143,2.389521,1.5,1,2,1,2.5,3,4,1,1.0,0,1,1,191.496835,118.08567,250.53967,132.454,0
TEBREA,8.0957,4.651999999999999,10.4217,5.7697,4.757464,0.1656300000000001,4.840279,4.674649,1.0,0,1,1,3.5,1,4,3,1.0,2,2,0,150.89633,52.40400000000001,177.09833,124.69433,0
TECCIQ,2.5588,2.5584,3.838,1.2796,5.661921,0.2648940000000008,5.794368,5.529474,0.5,1,1,0,2.5,3,4,1,0.0,0,0,0,79.994,45.624660000000006,102.80633,57.18167,0
TECCOW,2.57275,2.5281,3.8368,1.3087,5.9314615,0.2727050000000002,6.067814,5.795109,0.5,1,1,0,2.5,3,4,1,0.0,0,0,0,74.367165,34.367670000000004,91.551,57.18333,0
TECMUK,3.5941,0.0396,3.6139,3.5743,5.9789415,3.159975,7.558929,4.398954,0.0,0,0,0,2.5,3,4,1,1.5,1,2,1,74.14417,3.531000000000006,75.90967,72.37867,1
TEFLUL,8.58525,12.5991,14.8848,2.2857,4.386307,1.6504599999999998,5.211537,3.561077,0.5,1,1,0,4.5,5,7,2,2.0,4,4,0,136.054665,44.49467,158.302,113.80733,0
TEFMAS,4.7356,4.9018,7.1865,2.2847,5.073181,3.024716,6.585539,3.560823,0.5,1,1,0,4.5,5,7,2,2.0,4,4,0,135.06767,46.48200000000001,158.30867,111.82667,1
TEFMEW,10.08725,15.6043,17.8894,2.2851,4.0026345,0.8834769999999996,4.444373,3.560896,0.5,1,1,0,4.5,5,7,2,1.0,2,2,0,127.84383,60.92700000000001,158.30733,97.38033,1
TEHDOD,3.7896,1.2718000000000005,4.4255,3.1537,6.777114,2.384732,7.96948,5.584748,0.0,0,0,0,2.5,1,3,2,1.5,1,2,1,50.103335,0.1993300000000033,50.203,50.00367,1
TEHFAR,3.45025,0.5933000000000002,3.7469,3.1536,6.735251,2.301074,7.885788,5.584714,0.0,0,0,0,2.5,1,3,2,1.5,1,2,1,55.607665,10.805330000000003,61.01033,50.205,0
TEHYUA,4.50315,1.7729,5.3896,3.6167,5.0832695,1.370635,5.768587,4.397952,0.5,1,1,0,3.0,2,4,2,1.5,1,2,1,90.696665,29.56933,105.48133,75.912,0
TEJVUZ,8.24105,4.559699999999999,10.5209,5.9612,4.742491,0.7727719999999998,5.128877,4.356105,0.0,0,0,0,3.0,0,3,3,2.0,2,3,1,72.964,42.42066,94.17433,51.75367,0
TEJWAG,8.2397,4.557799999999999,10.5186,5.9608,4.742943,0.77243,5.129158,4.356728,0.0,0,0,0,3.0,0,3,3,2.0,2,3,1,72.96317,42.42300000000001,94.17467,51.75167,0
TEJWEL,9.3045,2.2568,10.4329,8.1761,4.3810755,1.6841090000000003,5.22313,3.539021,1.0,0,1,1,3.5,5,6,1,1.5,1,2,1,116.232665,44.99533000000001,138.73033,93.735,1
TEKREK,4.40265,0.6839000000000004,4.7446,4.0607,5.4330355,2.0899590000000003,6.478015,4.388056,1.0,2,2,0,3.0,0,3,3,0.0,0,0,0,149.77033500000002,190.78533,245.163,54.37767,0
TEKSAH,3.88985,0.3399000000000001,4.0598,3.7199,5.367273,2.222676,6.478611,4.255935,1.0,2,2,0,2.0,2,3,1,0.0,0,0,0,101.44017,94.113,148.49667,54.38367,0
TEMVAL,4.7619,1.4076000000000004,5.4657,4.0581,7.094729,1.2317900000000002,7.710624,6.478834,0.0,0,0,0,2.5,1,3,2,1.0,2,2,0,52.15033,4.4580000000000055,54.37933,49.92133,0
TENHAY,5.7013,2.0196000000000005,6.7111,4.6915,4.767003,2.500138,6.017072,3.516934,0.0,0,0,0,4.0,4,6,2,2.0,4,4,0,74.954165,61.47167,105.69,44.21833,0
TENVOZ,4.9604,4.330400000000001,7.1256,2.7952,5.804193,1.559856,6.584121,5.024265,0.0,0,0,0,3.5,1,4,3,2.5,3,4,1,83.0665,16.070999999999998,91.102,75.031,1
TENVUF,6.65435,7.727500000000001,10.5181,2.7906,5.0796525,0.0976129999999999,5.128459,5.030846,0.0,0,0,0,3.5,1,4,3,2.0,2,3,1,84.601,19.145340000000004,94.17367,75.02833,1
TEQCAW,7.95225,14.7749,15.3397,0.5648,5.767331499999999,4.693658999999999,8.114161,3.420502,1.0,2,2,0,3.0,0,3,3,2.0,4,4,0,138.796335,140.15267,208.87267,68.72,0
TERLIO,5.0856,9.0398,9.6055,0.5657,6.22115,3.785792,8.114046,4.328254,1.0,2,2,0,3.0,0,3,3,2.5,3,4,1,148.83883500000002,160.22833,228.953,68.72467,0
TETRIU,5.0563,5.581799999999999,7.8472,2.2654,4.973079,2.8869320000000003,6.416545,3.529613,0.5,1,1,0,4.5,5,7,2,0.5,1,1,0,133.542,49.40866,158.24633,108.83767,0
TETXIZ,8.24305,6.282899999999999,11.3845,5.1016,5.0061985,0.0436789999999991,5.028038,4.984359,0.5,1,1,0,2.5,1,3,2,1.0,2,2,0,90.292835,0.6356700000000046,90.61067,89.975,0
TETXOF,8.3808,6.0086,11.3851,5.3765,5.0882545,0.1204489999999998,5.148479,5.02803,0.5,1,1,0,2.5,1,3,2,1.0,2,2,0,83.03633500000001,15.150670000000003,90.61167,75.461,0
TEYSIC,9.7236,1.4024,10.4248,9.0224,4.415115500000001,0.5196750000000003,4.674953,4.155278,1.0,0,1,1,3.0,0,3,3,1.0,2,2,0,123.979665,1.3853299999999962,124.67233,123.287,0
TEYSOH,8.5011,9.9126,13.4574,3.5448,5.8382635,3.737859,7.707193,3.969334,0.5,1,1,0,1.5,1,2,1,1.0,2,2,0,81.329335,88.93333000000001,125.796,36.86267,1
TEYSOI,9.5253,1.0055999999999994,10.0281,9.0225,4.280832,0.2509399999999999,4.406302,4.155362,1.0,0,1,1,3.5,1,4,3,1.5,1,2,1,119.33767,7.897999999999996,123.28667,115.38867,0
TEYSUN,6.98785,6.8857,10.4307,3.545,6.029566,3.359262,7.709197,4.349935,0.5,1,1,0,1.5,1,2,1,1.0,2,2,0,76.7675,79.81634,116.67567,36.85933,1
TEYSUO,8.63115,0.7728999999999999,9.0176,8.2447,4.5798985000000005,0.8521209999999995,5.005959,4.153838,1.0,0,1,1,3.0,0,3,3,1.0,2,2,0,116.6045,13.375,123.292,109.917,0
TEYTAU,6.2125,5.3374,8.8812,3.5438,6.1195895,3.176793,7.707986,4.531193,0.5,1,1,0,1.5,1,2,1,1.0,2,2,0,68.66149999999999,63.60166,100.46233,36.86067,0
TEYTAV,7.8904,2.0682,8.9245,6.8563,3.4784975,1.3101849999999997,4.13359,2.823405,1.0,0,1,1,4.0,2,5,3,1.0,2,2,0,130.17983,13.789,137.07433,123.28533,0
TEYVUP,8.32575,1.1090999999999998,8.8803,7.7712,4.984458,0.9058460000000004,5.437381,4.531535,1.5,1,2,1,1.5,1,2,1,1.0,2,2,0,134.622335,68.32267,168.78367,100.461,1
TEYXUT,10.2775,5.042000000000001,12.7985,7.7565,4.597515,1.0226479999999991,5.108839,4.086191,1.0,0,1,1,3.5,1,4,3,1.5,1,2,1,114.1005,14.518339999999997,121.35967,106.84133,0
TEYYEE,11.4132,2.7684,12.7974,10.029,4.246118,0.3200380000000002,4.406137,4.086099,1.0,0,1,1,3.5,1,4,3,1.5,1,2,1,111.115,8.548000000000002,115.389,106.841,0
TEZMAP,10.5217,4.553600000000001,12.7985,8.2449,4.546143000000001,0.919868,5.006077,4.086209,1.0,0,1,1,3.0,0,3,3,1.0,2,2,0,108.37883,3.0770000000000124,109.91733,106.84033,0
TEZRAT,5.3094,7.268000000000001,8.9434,1.6754,4.409997499999999,1.4943809999999995,5.157188,3.662807,1.0,0,1,1,4.0,6,7,1,1.5,1,2,1,124.70683499999998,60.17166999999999,154.79267,94.621,0
TEZREX,8.5372,0.8124000000000002,8.9434,8.131,3.765425,2.783768,5.157309,2.373541,1.0,0,1,1,3.5,5,6,1,1.0,2,2,0,118.437165,47.634330000000006,142.25433,94.62,0
TEZTIC,5.28755,0.3724999999999996,5.4738,5.1013,5.933641,1.898982,6.883132,4.98415,0.0,0,0,0,2.0,0,2,2,1.0,2,2,0,92.2005,4.453000000000003,94.427,89.974,1
TIBHAO,8.299949999999999,4.264899999999999,10.4324,6.1675,4.6520305,2.2269650000000003,5.765513,3.538548,0.5,1,1,0,3.5,5,6,1,2.5,1,3,2,99.18717,79.083,138.72867,59.64567,0
TIBXEL,14.0193,2.3070000000000004,15.1728,12.8658,3.7309325,1.056965,4.259415,3.20245,1.0,2,2,0,6.0,0,6,6,1.5,3,3,0,191.856,57.84334000000001,220.77767,162.93433,0
TIBXIP,8.5188,12.119,14.5783,2.4593,4.029348000000001,1.521852,4.790274,3.268422,1.0,2,2,0,4.0,4,6,2,2.0,2,3,1,151.167835,139.75233000000003,221.044,81.29167,0
TICPOK,11.24775,6.9019,14.6987,7.7968,4.2337865,1.2057769999999994,4.836675,3.630898,1.0,0,1,1,2.5,1,3,2,1.0,0,1,1,139.11366999999998,43.526,160.87667,117.35067,0
TIDCAK,9.03675,10.8423,14.4579,3.6156,4.819434,0.8420740000000002,5.240471,4.398397,0.0,0,0,0,3.0,2,4,2,2.5,3,4,1,94.76617,37.711,113.62167,75.91067,1
TIDMUO,4.6307,4.5616,6.9115,2.3499,5.6407765,1.4581309999999998,6.369842,4.911711,0.5,1,1,0,3.5,1,4,3,0.0,0,0,0,120.662665,44.65667000000002,142.991,98.33433,0
TIGTOU,9.18315,3.9087,11.1375,7.2288,4.1210435,0.8908970000000003,4.566492,3.675595,0.5,1,1,0,2.5,3,4,1,0.0,0,0,0,133.992335,37.29067000000002,152.63767,115.347,1
TIJCAU,7.873699999999999,9.4376,12.5925,3.1549,3.903989,3.36029,5.584134,2.223844,0.5,1,1,0,2.5,1,3,2,2.0,2,3,1,138.750165,177.10033,227.30033,50.2,0
TIJCOI,8.7183,6.6852,12.0609,5.3757,3.6859955,2.924729,5.14836,2.223631,0.5,1,1,0,2.0,0,2,2,1.5,3,3,0,151.25966499999998,151.59867,227.059,75.46033,0
TILYEV,9.5027,1.8376,10.4215,8.5839,4.267662,0.813888,4.674606,3.860718,1.0,0,1,1,3.5,1,4,3,1.5,3,3,0,169.949165,90.50967,215.204,124.69433,0
TILYIZ,8.2927,0.0974000000000003,8.3414,8.244,4.4388725,1.134891,5.006318,3.871427,1.0,0,1,1,3.5,1,4,3,1.5,3,3,0,162.715665,105.60133,215.51633,109.915,0
TILYUL,9.16205,2.5192999999999994,10.4217,7.9024,4.265421,0.8187239999999996,4.674783,3.856059,1.0,0,1,1,3.5,1,4,3,1.5,3,3,0,168.6085,87.82033999999999,212.51867,124.69833,0
TIMMIP,5.6484000000000005,3.1772,7.237,4.0598,5.956666,1.0439619999999996,6.478647,5.434685,0.5,1,1,0,2.5,1,3,2,0.0,0,0,0,110.75117,112.733,167.11767,54.38467,0
TIMQIT,9.04565,2.7543000000000006,10.4228,7.6685,5.8821525,2.415909,7.090107,4.674198,0.5,1,1,0,2.0,2,3,1,1.0,2,2,0,109.061335,31.277330000000006,124.7,93.42267,1
TINFAB,6.8324,5.989599999999999,9.8272,3.8376,5.912850499999999,0.2358929999999999,6.030797,5.794904,0.5,1,1,0,3.0,2,4,2,1.5,3,3,0,76.449165,38.525670000000005,95.712,57.18633,0
TINQOZ,3.12885,1.8421,4.0499,2.2078,4.905055,3.154688,6.482399,3.327711,0.5,1,1,0,3.0,0,3,3,0.0,0,0,0,94.269835,79.73567000000001,134.13767,54.402,0
TIPGIK,2.83105,5.6467,5.6544,0.0077,4.6111095,0.1562670000000006,4.689243,4.532976,1.5,1,2,1,5.0,6,8,2,2.0,0,2,2,172.485165,5.147670000000005,175.059,169.91133,0
TIQLIS,6.0751,2.7648,7.4575,4.6927,4.473773,0.1413400000000004,4.544443,4.403103,0.0,0,0,0,5.0,0,5,5,3.5,3,5,2,151.57533,143.014,223.08233,80.06833,0
TIRNOY,8.18705,8.8271,12.6006,3.7735,4.8529935,1.235201,5.470594,4.235393,1.0,2,2,0,3.0,0,3,3,1.5,3,3,0,125.503,141.136,196.071,54.935,0
TIRZEB,12.21155,5.3497,14.8864,9.5367,3.422592,1.02888,3.937032,2.908152,1.0,0,1,1,1.5,1,2,1,1.5,1,2,1,119.9895,23.50566000000001,131.74233,108.23667,0
TIXGEM,6.077999999999999,2.6217999999999995,7.3889,4.7671,5.255618,5.082614,7.796925,2.714311,0.5,1,1,0,4.5,5,7,2,1.0,2,2,0,101.526835,103.05633,153.055,49.99867,1
TIXGOW,7.275549999999999,5.5059,10.0285,4.5226,5.97061,3.128734,7.534977,4.406243,0.5,1,1,0,3.5,1,4,3,2.0,2,3,1,84.843335,61.09732999999999,115.392,54.29467,1
TIYPEX,10.84375,6.1429,13.9152,7.7723,4.2640595,2.346697,5.437408,3.090711,3.0,2,4,2,1.5,1,2,1,1.0,2,2,0,203.545665,69.53333,238.31233,168.779,1
TOCSUC,11.514,6.766399999999999,14.8972,8.1308,3.865984,2.9837139999999995,5.357841,2.374127,1.0,0,1,1,3.0,6,6,0,0.5,1,1,0,120.01916500000002,44.47033,142.25433,97.784,0
TOCYEP,2.5037000000000003,3.115,4.0612,0.9462,6.3759595,0.2043670000000004,6.478143,6.273776,0.0,0,0,0,3.0,0,3,3,1.0,2,2,0,97.141,85.51066,139.89633,54.38567,0
TOHGUS,3.8945,3.216,5.5025,2.2865,5.0172725,2.9133030000000004,6.473924,3.560621,0.5,1,1,0,5.0,4,7,3,1.5,3,3,0,115.977835,84.66032999999999,158.308,73.64767,0
TOHHEG,5.13375,3.1753,6.7214,3.5461,5.137354,5.141956,7.708332,2.566376,0.5,1,1,0,2.5,3,4,1,1.0,2,2,0,93.573335,113.42667,150.28667,36.86,0
TOHHIK,6.1458,5.202,8.7468,3.5448,5.079487,5.257604,7.708289,2.450685,0.5,1,1,0,2.5,3,4,1,1.0,2,2,0,89.08617,104.451,141.31167,36.86067,0
TOJLEM,5.2561,3.8722,7.1922,3.32,5.3854375,1.4078409999999997,6.089358,4.681517,0.5,1,1,0,3.0,4,5,1,2.0,0,2,2,93.92317,30.841000000000008,109.34367,78.50267,0
TOJMAJ,3.4392,0.2393999999999998,3.5589,3.3195,5.9555430000000005,0.2672020000000001,6.089144,5.821942,0.5,1,1,0,2.5,3,4,1,1.5,1,2,1,97.056335,24.58133,109.347,84.76567,1
TOJMIR,3.64625,0.6537000000000002,3.9731,3.3194,5.951611,0.2748179999999998,6.08902,5.814202,0.5,1,1,0,2.5,3,4,1,1.5,1,2,1,97.351165,23.992329999999995,109.34733,85.355,0
TOJNEO,7.400349999999999,8.165700000000001,11.4832,3.3175,4.9282015,2.3214170000000003,6.08891,3.767493,0.5,1,1,0,2.5,3,4,1,1.5,1,2,1,125.680665,32.66733000000001,142.01433,109.347,1
TOJNOY,7.09885,7.559099999999999,10.8784,3.3193,4.953808,2.270286,6.088951,3.818665,0.5,1,1,0,2.5,3,4,1,1.5,1,2,1,125.686665,32.68266999999999,142.028,109.34533,0
TOJQOZ,3.9158,1.6872000000000005,4.7594,3.0722,7.2444225,0.105525,7.297185,7.19166,0.0,0,0,0,3.5,1,4,3,0.0,0,0,0,110.92333,19.60199999999999,120.72433,101.12233,0
TOJQUF,1.95505,3.1315,3.5208,0.3893,6.9246315,0.6421029999999996,7.245683,6.60358,0.0,0,0,0,3.5,1,4,3,0.5,1,1,0,93.9055,14.765,101.288,86.523,0
TOJRAM,1.8794,2.9836,3.3712,0.3876,6.310277,1.869864,7.245209,5.375345,0.5,1,1,0,3.0,2,4,2,0.5,1,1,0,95.4325,11.705660000000009,101.28533,89.57967,1
TOJREQ,1.577,2.373,2.7635,0.3905,7.434215,0.3782479999999992,7.623339,7.245091,0.0,0,0,0,3.0,2,4,2,0.5,1,1,0,95.746165,11.077669999999998,101.285,90.20733,0
TOKCUS,10.7551,6.8942,14.2022,7.308,4.2826965,0.9379550000000004,4.751674,3.813719,0.0,0,0,0,5.0,2,6,4,2.0,2,3,1,113.8945,61.31366000000001,144.55133,83.23767,1
TOQGUD01,6.64345,3.4903000000000004,8.3886,4.8983,4.746700499999999,0.3974450000000002,4.945423,4.547978,0.5,1,1,0,3.5,1,4,3,1.5,1,2,1,77.090335,50.36067,102.27067,51.91,1
TOQGUD,6.6438500000000005,3.4891000000000005,8.3884,4.8993,4.746816000000001,0.3973740000000001,4.945503,4.548129,0.5,1,1,0,3.5,1,4,3,1.5,1,2,1,77.09116499999999,50.35767,102.27,51.91233,1
TOQNAR,9.7899,6.2102,12.895,6.6848,3.5990665,2.716655,4.957394,2.240739,1.0,0,1,1,3.0,2,4,2,2.0,2,3,1,155.3415,75.42234,193.05267,117.63033,0
TOQNIZ,8.71285,8.3615,12.8936,4.5321,3.520723,2.560994,4.80122,2.240226,1.0,0,1,1,3.5,3,5,2,2.0,2,3,1,152.208335,81.74333000000001,193.08,111.33667,1
TOQNOF,12.8882,0.0090000000000003,12.8927,12.8837,2.6413055,0.8017370000000001,3.042174,2.240437,1.0,0,1,1,3.5,3,5,2,2.0,2,3,1,155.5125,75.13365999999999,193.07933,117.94567,0
TOQPEX,12.2472,1.2943999999999996,12.8944,11.6,2.7280230000000003,0.97554,3.215793,2.240253,1.0,0,1,1,4.0,4,6,2,2.5,1,3,2,169.35233499999998,47.44733,193.076,145.62867,0
TOQPOH,11.31635,3.1567000000000007,12.8947,9.738,3.095395,1.7100879999999998,3.950439,2.240351,0.5,1,1,0,3.0,2,4,2,2.0,2,3,1,142.094835,101.96367,193.07667,91.113,0
TOQPUN,6.9809,11.8236,12.8927,1.0691,4.0902965,3.699407,5.94,2.240593,0.5,1,1,0,3.0,2,4,2,2.0,2,3,1,126.784835,132.57833000000002,193.074,60.49567,0
TORDUC,3.08955,1.9199,4.0495,2.1296,5.0244905,2.915957,6.482469,3.566512,0.5,1,1,0,2.0,2,3,1,0.0,0,0,0,107.589,106.38065999999998,160.77933,54.39867,0
TOWPIH,6.74065,2.7813,8.1313,5.35,4.707605,4.668222,7.041716,2.373494,0.5,1,1,0,3.5,5,6,1,1.0,2,2,0,112.96467,58.58400000000002,142.25667,83.67267,0
TOYLOI,8.319749999999999,6.1287,11.3841,5.2554,5.0724555,0.0897129999999997,5.117312,5.027599,0.5,1,1,0,3.0,0,3,3,1.5,1,2,1,73.038,35.14134000000001,90.60867,55.46733,0
TOYMAV,9.45795,8.4073,13.6616,5.2543,5.105226,0.0235479999999999,5.117,5.093452,0.5,1,1,0,1.5,3,3,0,1.0,0,1,1,80.96799999999999,51.00334,106.46967,55.46633,0
TPTPCM,3.81555,3.0591000000000004,5.3451,2.286,4.040977,0.96062,4.521287,3.560667,1.0,0,1,1,5.0,4,7,3,1.5,3,3,0,155.43983,5.737000000000023,158.30833,152.57133,0
TRYPTB,5.3415,5.812799999999999,8.2479,2.4351,5.112518,1.0065800000000005,5.615808,4.609228,0.5,1,1,0,3.5,1,4,3,2.0,2,3,1,100.530165,104.71966999999998,152.89,48.17033,0
TUCLIM,6.6097,6.0654,9.6424,3.577,4.4349895,1.0222629999999997,4.946121,3.923858,0.0,0,0,0,1.5,1,2,1,1.0,2,2,0,119.482,143.928,191.446,47.518,0
TUDKIO,9.8307,2.6140000000000008,11.1377,8.5237,4.749212,0.3653999999999993,4.931912,4.566512,1.0,2,2,0,2.5,3,4,1,0.5,1,1,0,203.875,102.46733999999998,255.10867,152.64133,1
TUDPIR01,5.6623,10.1966,10.7606,0.564,6.057059000000001,4.114026,8.114072,4.000046,1.0,2,2,0,3.0,0,3,3,2.5,3,4,1,153.106835,168.77167,237.49267,68.721,0
TUDPIR,5.6634,10.1932,10.76,0.5668,6.057133,4.113243999999999,8.113755,4.000511,1.0,2,2,0,3.0,0,3,3,2.5,3,4,1,153.10766999999998,168.768,237.49167,68.72367,0
TUFDIH,6.34415,3.441699999999999,8.065,4.6233,5.542828500000001,3.5653370000000004,7.325497,3.76016,0.0,0,0,0,3.0,4,5,1,1.5,1,2,1,140.943335,148.07067,214.97867,66.908,0
TUFPER,2.8705000000000003,3.78,4.7605,0.9805,5.803771,2.9867980000000003,7.29717,4.310372,0.0,0,0,0,2.5,3,4,1,0.0,0,0,0,107.350835,12.449669999999998,113.57567,101.126,0
TUJKIV01,8.198450000000001,8.280700000000001,12.3388,4.0581,5.7888775,1.3804549999999995,6.479105,5.09865,0.5,1,1,0,3.0,0,3,3,0.5,1,1,0,83.535,58.30200000000001,112.686,54.384,0
TUJPEV,10.3638,17.376,19.0518,1.6758,3.9065225,0.4876829999999996,4.150364,3.662681,1.0,0,1,1,5.5,3,7,4,1.5,1,2,1,161.505835,13.419669999999996,168.21567,154.796,0
TUMJES,8.536950000000001,2.9839,10.0289,7.045,4.606323,0.4003139999999998,4.80648,4.406166,0.5,1,1,0,2.5,3,4,1,2.5,3,4,1,97.529335,35.721329999999995,115.39,79.66867,0
TUMWEF,8.9823,1.7045999999999992,9.8346,8.13,3.5155785,2.282753,4.656955,2.374202,1.0,0,1,1,3.5,5,6,1,0.5,1,1,0,157.32217,30.14100000000002,172.39267,142.25167,0
TUMWIJ,7.5009,0.9596,7.9807,7.0211,4.182093500000001,3.5805110000000004,5.972349,2.391838,0.5,1,1,0,2.5,3,4,1,0.5,1,1,0,114.227165,20.25433000000001,124.35433,104.1,0
TUMWOP,7.45375,1.0525000000000002,7.98,6.9275,4.1040295,3.4238730000000004,5.815966,2.392093,0.5,1,1,0,2.5,3,4,1,0.5,1,1,0,108.5235,31.664999999999992,124.356,92.691,0
TUPTUU01,5.94855,2.3725000000000005,7.1348,4.7623,4.4720465,0.1028529999999996,4.523473,4.42062,1.0,0,1,1,2.0,2,3,1,1.5,1,2,1,97.344,20.74466,107.71633,86.97167,0
TUQHUJ,4.2285,0.9308,4.6939,3.7631,6.5296615,1.0274430000000008,7.043383,6.01594,0.0,0,0,0,1.5,1,2,1,0.5,1,1,0,58.657335,28.872670000000006,73.09367,44.221,0
TUQKEW,4.1536,5.9612,7.1342,1.173,5.228899,1.4112799999999996,5.934539,4.523259,0.5,1,1,0,2.5,3,4,1,1.5,1,2,1,73.755,26.43134,86.97067,60.53933,0
TUQVIN,4.7866,3.8688,6.721,2.8522,5.1348725,5.137285,7.703515,2.56623,0.5,1,1,0,3.0,2,4,2,1.0,2,2,0,115.236165,70.11167,150.292,80.18033,0
TUQYIN,2.0806,2.9886,3.5749,0.5863,5.9817295,2.068607,7.016033,4.947426,0.0,0,0,0,1.0,2,2,0,0.5,1,1,0,91.97167,88.9,136.42167,47.52167,0
TUVXEQ,6.57315,2.1295,7.6379,5.5084,5.640186,2.801932,7.041152,4.23922,0.0,0,0,0,1.5,1,2,1,0.5,1,1,0,63.563165,16.859669999999994,71.993,55.13333,0
TUVZIU,12.0377,3.030600000000001,13.553,10.5224,4.756049,0.7452319999999997,5.128665,4.383433,0.0,0,0,0,7.0,8,11,3,3.5,1,4,3,150.963335,113.57667,207.75167,94.175,1
TUYKAB,9.81305,0.7904999999999998,10.2083,9.4178,4.8780035,1.181553,5.46878,4.287227,1.0,0,1,1,2.5,3,4,1,1.0,2,2,0,126.844335,23.124669999999995,138.40667,115.282,1
TUZJIJ,7.0553,6.727600000000001,10.4191,3.6915,6.213464,3.073288,7.750108,4.67682,0.5,1,1,0,2.5,1,3,2,1.0,2,2,0,99.103,51.13600000000001,124.671,73.535,1
TYRTHM,11.32765,7.1207,14.888,7.7673,4.1461635,0.4185509999999994,4.355439,3.936888,0.5,1,1,0,2.5,3,4,1,1.5,1,2,1,118.5845,20.69699999999999,128.933,108.236,0
UBEGOZ,5.5652,6.558200000000001,8.8443,2.2861,4.0179355,0.9146610000000006,4.475266,3.560605,1.0,0,1,1,5.0,4,7,3,1.0,2,2,0,123.68383500000002,69.25167,158.30967,89.058,1
UBEGUF,2.08405,0.3624999999999998,2.2653,1.9028,4.0978825,1.135987,4.665876,3.529889,1.0,0,1,1,4.5,5,7,2,1.5,3,3,0,117.47117,81.543,158.24267,76.69967,1
UBEHIU,3.05085,1.5289,3.8153,2.2864,4.4561845,1.7905049999999996,5.351437,3.560932,1.0,0,1,1,4.5,5,7,2,1.0,2,2,0,118.4965,79.59834000000001,158.29567,78.69733,0
UBEHOA,4.6987,4.862,7.1297,2.2677,4.0519045,1.0443829999999998,4.574096,3.529713,1.0,0,1,1,4.5,5,7,2,1.0,2,2,0,118.220165,80.04167000000001,158.241,78.19933,0
UBEJOC,4.8123,5.093,7.3588,2.2658,3.5936685,0.1276749999999999,3.657506,3.529831,1.5,1,2,1,4.0,6,7,1,0.5,1,1,0,153.659335,9.163330000000002,158.241,149.07767,0
UBEKAP,2.3004,0.0303999999999997,2.3156,2.2852,3.862057,0.6026059999999998,4.16336,3.560754,1.0,0,1,1,4.0,6,7,1,1.0,2,2,0,122.750835,71.11033,158.306,87.19567,0
UBESAV,5.2148,6.0598,8.2447,2.1849,6.611041500000001,3.209853,8.215968,5.006115,0.5,1,1,0,2.0,2,3,1,1.5,3,3,0,70.660335,78.51667,109.91867,31.402,0
UDABOU,6.0964,0.9792000000000004,6.586,5.6068,4.6890935,1.1099369999999995,5.244062,4.134125,1.0,0,1,1,4.5,1,5,4,2.5,1,3,2,135.934335,44.991330000000005,158.43,113.43867,0
UDAPUM,4.725149999999999,1.3312999999999997,5.3908,4.0595,6.7596975,0.5625410000000004,7.040968,6.478427,0.0,0,0,0,2.5,1,3,2,0.5,1,1,0,98.96167,89.156,143.53967,54.38367,0
UDEPIG,12.57615,9.875899999999998,17.5141,7.6382,4.708562000000001,0.9387739999999996,5.177949,4.239175,0.5,1,1,0,2.0,0,2,2,1.0,2,2,0,99.480835,54.97433000000001,126.968,71.99367,0
UDEPOM,13.776,7.477000000000002,17.5145,10.0375,4.5594705,1.2369890000000003,5.177965,3.940976,0.5,1,1,0,2.0,0,2,2,1.0,2,2,0,105.659165,42.61833,126.96833,84.35,0
UDEPUS,11.40545,12.218700000000002,17.5148,5.2961,4.929883500000001,0.4967209999999999,5.178244,4.681523,0.5,1,1,0,2.0,0,2,2,1.0,2,2,0,92.987,67.956,126.965,59.009,0
UFAKUH,2.2191,0.2616,2.3499,2.0883,7.0898025,1.4396190000000004,7.809612,6.369993,0.0,0,0,0,2.0,4,4,0,1.0,2,2,0,70.85767,54.946,98.33067,43.38467,0
UFEROO,11.7896,14.186,18.8826,4.6966,5.2891415,1.4412910000000003,6.009787,4.568496,0.5,1,1,0,2.0,0,2,2,2.0,4,4,0,134.032665,179.61533,223.84033,44.225,0
UFEZOY,6.88575,5.651700000000001,9.7116,4.0599,5.84271,1.2717419999999997,6.478581,5.206839,0.5,1,1,0,2.5,1,3,2,0.0,0,0,0,133.12667,157.488,211.87067,54.38267,0
UFEZUD,16.2953,10.1644,21.3775,11.2131,3.9406535,0.9844050000000002,4.432856,3.448451,1.0,0,1,1,3.0,2,4,2,0.5,1,1,0,165.35667,71.588,201.15067,129.56267,1
UFIJEB,7.4094,10.248,12.5334,2.2854,3.9287625,0.735655,4.29659,3.560935,2.0,2,3,1,4.5,5,7,2,0.0,0,0,0,186.32433,56.04000000000002,214.34433,158.30433,1
UFIRAG,7.4445,3.832,9.3605,5.5285,5.47778,2.1328580000000006,6.544209,4.411351,0.0,0,0,0,4.0,2,5,3,4.0,0,4,4,97.457165,32.896330000000006,113.90533,81.009,0
UFOTOY,8.312999999999999,4.4826,10.5543,6.0717,5.910904,4.327646,8.074727,3.747081,0.0,0,0,0,3.0,2,4,2,1.5,3,3,0,138.421,76.38334,176.61267,100.22933,1
UFUHAF,13.5067,5.9090000000000025,16.4612,10.5522,4.336039,1.1777760000000002,4.924927,3.747151,0.5,1,1,0,3.5,1,4,3,0.5,1,1,0,185.183665,17.14533,193.75633,176.611,0
UGOREP,2.18015,2.2405,3.3004,1.0599,5.738711,0.4030360000000001,5.940229,5.537193,0.0,0,0,0,3.0,2,4,2,1.5,1,2,1,61.8955,2.809660000000001,63.30033,60.49067,1
UGOSIU,3.38055,1.1741,3.9676,2.7935,5.200929,0.3512399999999998,5.376549,5.025309,0.0,0,0,0,3.0,2,4,2,1.5,1,2,1,76.30867,2.553999999999988,77.58567,75.03167,0
UGOSUG,13.77795,19.6213,23.5886,3.9673,3.9527865,2.848211,5.376892,2.528681,0.0,0,0,0,3.0,2,4,2,1.5,1,2,1,115.318665,75.45867,153.048,77.58933,0
UHAYEH,10.1528,0.8305999999999987,10.5681,9.7375,4.24399,0.586748,4.537364,3.950616,1.0,2,2,0,3.5,1,4,3,2.0,2,3,1,140.975665,99.72267,190.837,91.11433,0
UHAYIL,5.95085,9.2357,10.5687,1.333,5.001082500000001,0.9269410000000002,5.464553,4.537612,1.0,2,2,0,2.5,1,3,2,1.5,3,3,0,112.88,155.90134,190.83067,34.92933,0
UJIVAN,4.85265,2.1577,5.9315,3.7738,4.466792,2.0077359999999995,5.47066,3.462924,1.0,2,2,0,2.5,1,3,2,0.5,1,1,0,112.763335,115.65067,170.58867,54.938,0
UJOGOQ,5.30165,6.0327,8.318,2.2853,4.684718999999999,2.248404,5.808921,3.560517,0.5,1,1,0,4.0,6,7,1,1.0,2,2,0,121.741,73.13134,158.30667,85.17533,0
UJOGUW01,4.9964,6.6424,8.3176,1.6752,4.7357925000000005,2.146405000000001,5.808995,3.66259,0.5,1,1,0,4.0,6,7,1,1.5,1,2,1,119.984165,69.61632999999999,154.79233,85.176,0
UJOGUW,4.99465,6.647099999999999,8.3182,1.6711,4.73537,2.1474419999999994,5.809091,3.661649,0.5,1,1,0,4.0,6,7,1,1.5,1,2,1,120.0005,69.64766,154.82433,85.17667,0
UJOHEH,8.8664,1.094799999999999,9.4138,8.319,4.7648055000000005,2.0881510000000003,5.808881,3.72073,0.5,1,1,0,2.5,3,4,1,1.0,2,2,0,101.686835,33.01767000000001,118.19567,85.178,0
UJOHUX,8.224,0.1883999999999996,8.3182,8.1298,4.0916455,3.434351,5.808821,2.37447,0.5,1,1,0,3.5,5,6,1,1.0,2,2,0,113.71383500000002,57.07367000000001,142.25067,85.177,0
UKAYIR,5.382,6.2344,8.4992,2.2648,4.4475045,1.835275,5.365142,3.529867,0.5,1,1,0,5.0,4,7,3,0.0,0,0,0,129.242835,57.99967000000001,158.24267,100.243,0
UKEREI,3.4456,1.2271999999999998,4.0592,2.832,5.3063085,2.3448069999999994,6.478712,4.133905,0.5,1,1,0,2.0,2,3,1,0.0,0,0,0,147.3375,185.90234,240.28867,54.38633,1
UKESEI,6.780150000000001,7.4393,10.4998,3.0605,5.783066499999999,5.412721,8.489427,3.076706,0.5,1,1,0,2.5,5,5,0,0.5,1,1,0,109.998665,14.966669999999992,117.482,102.51533,0
UKEXIU,4.80015,6.6599,8.1301,1.4702,3.568264,2.387808,4.762168,2.37436,1.0,0,1,1,4.5,3,6,3,2.0,4,4,0,128.811665,26.881330000000005,142.25233,115.371,0
UKISIT,8.10685,4.9369000000000005,10.5753,5.6384,4.613939,0.8328660000000001,5.030372,4.197506,1.0,0,1,1,2.5,1,3,2,1.5,1,2,1,118.79033,13.781999999999996,125.68133,111.89933,0
UKISOZ,8.011,4.745,10.3835,5.6385,4.361402,1.3379440000000002,5.030374,3.69243,1.0,0,1,1,2.5,3,4,1,1.0,2,2,0,130.297835,9.233670000000004,134.91467,125.681,0
UKISUF,5.62135,0.0324999999999997,5.6376,5.6051,4.212123500000001,1.6366550000000002,5.030451,3.393796,1.0,0,1,1,3.5,5,6,1,1.5,1,2,1,132.788335,14.214669999999998,139.89567,125.681,0
UKITAM,5.36975,0.5369000000000002,5.6382,5.1013,5.007663,0.0452600000000007,5.030293,4.985033,0.5,1,1,0,1.5,1,2,1,1.0,2,2,0,107.82767,35.71000000000001,125.68267,89.97267,0
UKITIU,6.37635,1.4760999999999995,7.1144,5.6383,4.8191875,0.4223590000000001,5.030367,4.608008,0.5,1,1,0,2.5,3,4,1,1.5,1,2,1,107.314835,36.73167000000001,125.68067,88.949,0
UKIVAO,7.4335,3.591600000000001,9.2293,5.6377,4.719728999999999,0.620724,5.030091,4.409367,0.5,1,1,0,3.0,2,4,2,1.5,1,2,1,123.2145,4.935000000000002,125.682,120.747,0
UKUTOK,2.97135,2.1765,4.0596,1.8831,6.02039,0.916772,6.478776,5.562004,0.5,1,1,0,3.0,0,3,3,1.0,2,2,0,116.775835,124.77767,179.16467,54.387,1
ULAXOU,6.6808,7.7758,10.5687,2.7929,4.7823525,0.4893889999999992,5.027047,4.537658,1.0,2,2,0,3.5,1,4,3,2.0,2,3,1,132.93099999999998,115.79999999999998,190.831,75.031,0
ULAYAH,6.76695,7.6053,10.5696,2.9643,5.2614350000000005,1.4472259999999997,5.985048,4.537822,1.0,2,2,0,3.5,1,4,3,2.0,2,3,1,132.021165,117.62233000000002,190.83233,73.21,0
ULEFEW,5.3572500000000005,2.5929,6.6537,4.0608,4.638337,3.679552,6.478113,2.798561,1.0,2,2,0,2.5,1,3,2,0.5,1,1,0,152.77817,196.783,251.16967,54.38667,0
ULEFIB,8.13655,0.3630999999999993,8.3181,7.955,5.222876,1.171818,5.808785,4.636967,0.5,1,1,0,2.5,3,4,1,1.5,1,2,1,102.689335,35.028670000000005,120.20367,85.175,0
ULESAG,8.29935,5.5821000000000005,11.0904,5.5083,5.817323,2.448412,7.041529,4.593117,0.5,1,1,0,3.0,4,5,1,1.0,0,1,1,104.490335,98.71933,153.85,55.13067,0
ULICAV01,7.0017000000000005,6.912000000000001,10.4577,3.5457,6.0906605,3.235179,7.70825,4.473071,0.5,1,1,0,2.5,3,4,1,1.0,2,2,0,88.208,102.69466,139.55533,36.86067,1
ULICAV,6.99985,6.9087,10.4542,3.5455,6.0913145,3.233777,7.708203,4.474426,0.5,1,1,0,2.5,3,4,1,1.0,2,2,0,88.20599999999999,102.69,139.551,36.861,0
ULIMEI,5.66255,1.8333000000000004,6.5792,4.7459,5.11667,0.7022460000000006,5.467793,4.765547,0.5,1,1,0,3.5,5,6,1,2.0,2,3,1,119.4475,72.32766000000001,155.61133,83.28367,0
ULOJOX,10.657,8.2758,14.7949,6.5191,3.7343395,1.2691809999999997,4.36893,3.099749,1.5,1,2,1,4.5,3,6,3,1.5,3,3,0,156.977,126.05734,220.00567,93.94833,0
UMEXIU,10.24775,0.3720999999999996,10.4338,10.0617,4.165041,1.2513359999999998,4.790709,3.539373,0.5,1,1,0,4.5,3,6,3,2.0,0,2,2,127.17783,23.093000000000004,138.72433,115.63133,0
UMUXIJ,5.2866,6.0382,8.3057,2.2675,3.349986,0.359528,3.52975,3.170222,1.0,0,1,1,5.0,4,7,3,1.5,3,3,0,167.367835,18.25967,176.49767,158.238,0
UMUZAG,14.1799,4.0548,16.2073,12.1525,3.542388,1.3639919999999996,4.224384,2.860392,1.0,0,1,1,3.0,2,4,2,2.0,0,2,2,163.963665,35.503330000000005,181.71533,146.212,1
UNIHUU,1.7241,1.1298,2.289,1.1592,3.3666325,0.3873549999999999,3.56031,3.172955,1.0,0,1,1,4.5,5,7,2,1.5,3,3,0,158.64117,0.6730000000000018,158.97767,158.30467,0
UNIQIU,4.95915,5.478299999999999,7.6983,2.22,4.8016245,4.233033000000001,6.918141,2.685108,0.5,1,1,0,5.0,8,9,1,0.0,0,0,0,115.357835,107.11833,168.917,61.79867,0
UNIZAV,5.5075,4.3798,7.6974,3.3176,4.8265945,4.283915,6.968552,2.684637,0.5,1,1,0,5.0,8,9,1,0.0,0,0,0,120.75967,96.32,168.91967,72.59967,0
UNIZID,6.0106,3.3742,7.6977,4.3235,5.35298,5.336219999999999,8.02109,2.68487,0.5,1,1,0,5.0,8,9,1,1.0,2,2,0,106.588,124.676,168.926,44.25,0
UNUROL,6.64195,6.1935,9.7387,3.5452,5.676073,4.063634,7.70789,3.644256,0.5,1,1,0,2.5,3,4,1,1.0,2,2,0,133.1805,192.63966,229.50033,36.86067,0
UPEDEA,6.4969,10.7514,11.8726,1.1212,4.9670265,1.941557,5.937805,3.996248,1.0,2,2,0,4.0,0,4,4,2.0,2,3,1,123.782165,126.52433,187.04433,60.52,0
UPEDIE,9.9272,14.9818,17.4181,2.4363,4.62137,1.9876280000000004,5.615184,3.627556,1.0,2,2,0,4.0,0,4,4,2.0,2,3,1,122.71,149.076,197.248,48.172,0
UPEFAY,14.4583,5.923800000000002,17.4202,11.4964,3.616008,0.02339,3.627703,3.604313,1.0,2,2,0,4.0,0,4,4,2.0,2,3,1,143.66667,107.154,197.24367,90.08967,1
UPELUX,5.6119,3.1098,7.1668,4.057,5.796512,1.3661080000000003,6.479566,5.113458,0.0,0,0,0,3.0,0,3,3,0.0,0,0,0,126.199,143.63466,198.01633,54.38167,0
UPEMAE,4.5922,1.0687999999999995,5.1266,4.0578,5.7980335,1.3626550000000002,6.479361,5.116706,0.0,0,0,0,3.0,0,3,3,0.0,0,0,0,139.773335,170.78267,225.16467,54.382,0
UPIQIW,7.24385,3.389900000000001,8.9388,5.5489,6.5399815,3.035709,8.057836,5.022127,0.5,1,1,0,2.5,1,3,2,1.5,1,2,1,76.71367000000001,76.58,115.00367,38.42367,1
UPIYUP,9.73305,2.8069000000000006,11.1365,8.3296,6.0396515,2.9464370000000004,7.51287,4.566433,0.0,0,0,0,3.5,1,4,3,1.0,2,2,0,121.958,61.35865999999999,152.63733,91.27867,0
UPOBIM,7.617850000000001,5.8481,10.5419,4.6938,5.5825545000000005,0.8670149999999994,6.016062,5.149047,0.5,1,1,0,2.5,1,3,2,1.0,2,2,0,89.846165,91.25233,135.47233,44.22,1
UPOQAS,9.00005,12.4115,15.2058,2.7943,4.4174495,1.2155550000000002,5.025227,3.809672,0.5,1,1,0,4.5,1,5,4,2.0,2,3,1,129.30217,108.54099999999998,183.57267,75.03167,0
UQEJAE,10.99385,1.9201000000000013,11.9539,10.0338,4.308344999999999,0.0685039999999999,4.342597,4.274093,1.0,0,1,1,2.5,1,3,2,1.5,1,2,1,108.767835,25.17567,121.35567,96.18,0
UQOCOT,1.10125,1.4277,1.8151,0.3874,7.6971425,0.9038350000000008,8.14906,7.245225,0.0,0,0,0,2.5,3,4,1,0.5,1,1,0,85.83699999999999,30.89466,101.28433,70.38967,1
URANAD,9.7252,0.4438000000000013,9.9471,9.5033,5.269309,0.8829840000000004,5.710801,4.827817,1.0,0,1,1,1.5,3,3,0,0.5,1,1,0,115.9045,21.54365999999999,126.67633,105.13267,0
UREWAQ,0.95075,0.7615,1.3315,0.57,6.788817,2.648384,8.113009,5.464625,0.0,0,0,0,2.5,1,3,2,2.0,4,4,0,51.828335,33.78467,68.72067,34.936,0
UROLAQ,7.898300000000001,4.5856,10.1911,5.6055,5.009761,2.0039040000000004,6.011713,4.007809,0.5,1,1,0,2.5,3,4,1,1.0,2,2,0,133.171835,57.86833,162.106,104.23767,0
USODOW,0.90925,0.0708999999999999,0.9447,0.8738,5.550662,5.7713540000000005,8.436339,2.664985,0.0,0,0,0,5.0,8,9,1,2.0,0,2,2,163.43200000000002,160.58734,243.72567,83.13833,0
USUWOW,8.079550000000001,0.5323000000000011,8.3457,7.8134,4.274198,0.8656519999999999,4.707024,3.841372,0.5,1,1,0,3.5,1,4,3,0.5,1,1,0,141.93616500000002,11.458330000000018,147.66533,136.207,0
UTIMOC,5.9981,3.4350000000000005,7.7156,4.2806,3.881236,0.6497540000000002,4.206113,3.556359,1.0,0,1,1,3.0,4,5,1,1.5,1,2,1,106.825665,47.511330000000015,130.58133,83.07,0
UTOMUM,13.91605,1.7573000000000008,14.7947,13.0374,4.69352,0.1273200000000001,4.75718,4.62986,1.0,0,1,1,2.5,3,4,1,1.0,2,2,0,172.15583500000002,27.15167,185.73167,158.58,1
UVIMAO,9.4951,0.099400000000001,9.5448,9.4454,4.6349455,0.5979869999999998,4.933939,4.335952,0.0,0,0,0,3.5,1,4,3,1.0,0,1,1,102.639,50.32866,127.80333,77.47467,0
UVOKOG,7.2783,2.082799999999999,8.3197,6.2369,4.2023865,3.211853,5.808313,2.59646,0.5,1,1,0,3.5,5,6,1,1.5,1,2,1,114.5275,58.70166,143.87833,85.17667,0
UVOKUM,8.3421,0.0457999999999998,8.365,8.3192,5.328552500000001,0.9597550000000004,5.80843,4.848675,0.5,1,1,0,2.5,3,4,1,1.5,1,2,1,117.890335,65.42666999999999,150.60367,85.177,0
UVOLAT,9.77725,2.9191000000000003,11.2368,8.3177,4.090665,3.436374,5.808852,2.372478,0.5,1,1,0,3.5,5,6,1,1.5,1,2,1,114.73583,59.117,144.29433,85.17733,0
UWAMIQ,5.91475,0.6822999999999997,6.2559,5.5736,5.0321155,0.1855590000000004,5.124895,4.939336,0.5,1,1,0,2.5,1,3,2,2.0,2,3,1,88.374,34.533339999999995,105.64067,71.10733,0
UWANAJ,8.0032,4.8624,10.4344,5.572,4.3318255,1.5861549999999998,5.124903,3.538748,0.5,1,1,0,4.0,4,6,2,2.5,1,3,2,104.917835,67.61966999999999,138.72767,71.108,0
UWANEN,6.7836,7.299199999999999,10.4332,3.134,4.145495,1.214376,4.752683,3.538307,0.5,1,1,0,3.5,5,6,1,2.5,1,3,2,105.56033,66.332,138.72633,72.39433,0
UXIXAB04,2.2239,3.6766,4.0622,0.3856,6.67387,1.1428440000000002,7.245292,6.102448,0.0,0,0,0,2.5,3,4,1,0.5,1,1,0,88.6305,25.303660000000008,101.28233,75.97867,1
UYEYEE,7.29945,2.1567000000000007,8.3778,6.2211,4.390531,0.9793640000000003,4.880213,3.900849,0.0,0,0,0,5.5,1,6,5,3.0,0,3,3,115.380835,64.82366999999999,147.79267,82.969,1
UYIKUK,3.55015,1.0202999999999998,4.0603,3.04,5.361618,2.233091999999999,6.478164,4.245072,1.0,2,2,0,2.5,1,3,2,0.5,1,1,0,118.95033,129.134,183.51733,54.38333,0
UYILEV,3.54875,1.0235000000000003,4.0605,3.037,5.345759,2.264822000000001,6.47817,4.213348,1.0,2,2,0,2.5,1,3,2,1.0,2,2,0,111.774335,114.78067,169.16467,54.384,0
UYOCAN,3.8091,0.4984000000000002,4.0583,3.5599,5.423928,2.110702,6.479279,4.368577,1.0,2,2,0,2.0,2,3,1,0.5,1,1,0,116.890665,125.00332999999998,179.39233,54.389,0
UZADOQ,8.165700000000001,8.211,12.2712,4.0602,6.368838,0.2190979999999998,6.478387,6.259289,0.0,0,0,0,3.5,1,4,3,0.5,1,1,0,95.330165,81.89167,136.276,54.38433,0
VABGUB01,3.04875,2.0239,4.0607,2.0368,6.2739445,0.4087569999999996,6.478323,6.069566,0.5,1,1,0,1.5,3,3,0,0.0,0,0,0,57.137165,5.505670000000002,59.89,54.38433,0
VABGUB,3.0490000000000004,2.026,4.062,2.036,6.273885,0.4079839999999999,6.477877,6.069893,0.5,1,1,0,1.5,3,3,0,0.0,0,0,0,57.137665,5.509329999999999,59.89233,54.383,0
VABHAI,2.5904,2.943,4.0619,1.1189,6.1023765,0.7509370000000004,6.477845,5.726908,0.5,1,1,0,1.5,3,3,0,0.0,0,0,0,78.0565,47.32766,101.72033,54.39267,0
VABSAU,8.2774,1.2073999999999998,8.8811,7.6737,5.175923,1.2879400000000008,5.819893,4.531953,1.0,0,1,1,1.5,1,2,1,1.0,2,2,0,127.963,55.00134000000001,155.46367,100.46233,0
VABZIJ,3.6693,3.9838,5.6612,1.6774,4.544509,1.763706,5.426362,3.662656,0.5,1,1,0,4.0,6,7,1,1.5,1,2,1,132.95499999999998,43.67400000000001,154.792,111.118,0
VACJAM,4.50045,2.0151,5.508,3.4929,5.2040895,3.673853,7.041016,3.367163,0.5,1,1,0,4.5,7,8,1,1.0,0,1,1,108.25,106.23134,161.36567,55.13433,0
VADLIX,3.4880000000000004,1.1442,4.0601,2.9159,5.257341,2.442292,6.478487,4.036195,0.5,1,1,0,2.5,1,3,2,0.0,0,0,0,111.7695,114.77434,169.15667,54.38233,0
VAGVEF,5.2833000000000006,0.3624,5.4645,5.1021,6.3474140000000006,2.7262840000000006,7.710556,4.984272,0.0,0,0,0,2.0,0,2,2,1.0,2,2,0,69.947665,40.04933,89.97233,49.923,0
VAGVIJ,3.39125,1.1959,3.9892,2.7933,5.33105,0.6109179999999999,5.636509,5.025591,0.5,1,1,0,3.0,2,4,2,1.5,1,2,1,96.699335,43.33467,118.36667,75.032,0
VAHHEU,15.792000000000002,4.006000000000002,17.795,13.789,3.96036,1.4502859999999995,4.685503,3.235217,1.5,1,2,1,2.0,4,4,0,0.5,1,1,0,195.18,80.846,235.603,154.757,1
VAJKUM,0.98725,0.5439,1.2592,0.7153,6.312118,0.1246600000000004,6.374448,6.249788,0.0,0,0,0,2.0,2,3,1,0.0,0,0,0,80.689165,76.78632999999999,119.08233,42.296,1
VAJPII,11.324,6.850999999999999,14.7495,7.8985,4.599844,2.20444,5.702064,3.497624,1.0,2,2,0,2.0,2,3,1,2.0,2,3,1,122.9205,77.99165999999998,161.91633,83.92467,0
VAKJUP,10.42265,1.5709,11.2081,9.6372,4.578058,0.969264,5.06269,4.093426,1.5,1,2,1,2.0,0,2,2,1.0,2,2,0,151.75533,73.33399999999999,188.42233,115.08833,0
VAKKAW,8.80885,1.6579000000000006,9.6378,7.9799,3.7270545,2.670529,5.062319,2.39179,1.5,1,2,1,3.0,2,4,2,1.0,2,2,0,156.392,64.06799999999998,188.426,124.358,0
VAKKEA,11.546,3.815800000000001,13.4539,9.6381,4.5171955,1.0907049999999998,5.062548,3.971843,1.5,1,2,1,2.0,0,2,2,1.0,2,2,0,157.106335,62.62732999999999,188.42,125.79267,0
VANDIA,10.03935,0.7890999999999995,10.4339,9.6448,4.3764845,1.6768649999999998,5.214917,3.538052,1.0,0,1,1,3.5,5,6,1,1.5,1,2,1,116.374835,44.71433,138.732,94.01767,1
VAPDIZ,6.84295,2.575499999999999,8.1307,5.5552,3.7298165,2.712305,5.085969,2.373664,1.0,0,1,1,4.0,4,6,2,1.0,2,2,0,127.275335,29.957329999999985,142.254,112.29667,0
VAPLIH,5.583550000000001,4.6711,7.9191,3.248,5.491061999999999,1.3696480000000006,6.175886,4.806238,0.5,1,1,0,2.5,1,3,2,1.5,1,2,1,89.124,47.03734,112.64267,65.60533,0
VAQRUB,6.9694,4.8034,9.3711,4.5677,5.0033895,1.1968390000000009,5.601809,4.40497,1.0,0,1,1,2.5,1,3,2,1.0,2,2,0,99.813165,1.864329999999996,100.74533,98.881,0
VAQSAI,7.263249999999999,5.3915,9.959,4.5675,5.0330955,1.137671,5.601931,4.46426,1.0,0,1,1,2.5,1,3,2,1.0,2,2,0,107.85683,17.956999999999994,116.83533,98.87833,0
VAQSEM,6.79935,4.464099999999999,9.0314,4.5673,4.0220495,3.159769,5.601934,2.442165,1.0,0,1,1,3.5,1,4,3,1.0,2,2,0,110.36183,22.969,121.84633,98.87733,0
VAQSIQ,6.725849999999999,4.3169,8.8843,4.5674,5.065742,1.0724039999999997,5.601944,4.52954,1.0,0,1,1,2.5,1,3,2,1.0,2,2,0,99.669,1.5826600000000042,100.46033,98.87767,0
VAQSOW,8.9811,8.8264,13.3943,4.5679,4.7204465,1.7634250000000002,5.602159,3.838734,1.0,0,1,1,3.0,0,3,3,1.0,2,2,0,119.5545,41.35234,140.23067,98.87833,0
VAQSUC,5.8408,2.5468,7.1142,4.5674,5.1052515,0.9932489999999996,5.601876,4.608627,0.5,1,1,0,3.5,1,4,3,1.5,1,2,1,93.916,9.928660000000008,98.88033,88.95167,0
VARVAP,4.304,6.8212,7.7146,0.8934,5.0866425,1.7608809999999997,5.967083,4.206202,0.5,1,1,0,2.5,3,4,1,1.5,1,2,1,71.766335,22.60333,83.068,60.46467,0
VATVAP,5.4833,5.032400000000001,7.9995,2.9671,4.988047,4.382346,7.17922,2.796874,0.5,1,1,0,3.0,0,3,3,2.0,4,4,0,107.56117,77.10699999999999,146.11467,69.00767,0
VAVHIM,7.97725,0.1170999999999997,8.0358,7.9187,5.2891625,0.9659889999999997,5.772157,4.806168,1.0,0,1,1,2.0,2,3,1,1.5,1,2,1,125.397665,25.50667000000001,138.151,112.64433,1
VAVHUY,6.39895,3.274700000000001,8.0363,4.7616,5.0960665,1.3517030000000003,5.771918,4.420215,1.0,0,1,1,2.0,2,3,1,1.5,1,2,1,122.93283499999998,30.433669999999992,138.14967,107.716,0
VAVJOU,7.24595,1.3307000000000002,7.9113,6.5806,5.3209385000000005,1.1119589999999997,5.876918,4.764959,0.5,1,1,0,3.5,5,6,1,2.5,1,3,2,111.0365,55.505660000000006,138.78933,83.28367,1
VAVJUA,8.974250000000001,2.1255000000000006,10.037,7.9115,5.1100285,1.533963,5.87701,4.343047,1.0,0,1,1,2.0,2,3,1,1.5,1,2,1,130.06533,17.451999999999984,138.79133,121.33933,0
VAVKAH,8.97155,2.1207000000000003,10.0319,7.9112,5.109765,1.5342460000000004,5.876888,4.342642,1.0,0,1,1,2.0,2,3,1,1.5,1,2,1,130.07767,17.426000000000002,138.79067,121.36467,1
VAVKEL,7.337,1.1486,7.9113,6.7627,5.211774999999999,1.3307960000000003,5.877173,4.546377,0.5,1,1,0,2.5,3,4,1,1.5,1,2,1,108.222665,61.13466999999999,138.79,77.65533,0
VAVKIP,8.449950000000001,1.0785,8.9892,7.9107,5.098118,1.5593060000000003,5.877771,4.318465,1.0,0,1,1,2.0,2,3,1,1.5,1,2,1,122.081,33.41734,138.78967,105.37233,0
VAVKOV,8.4739,1.1238,9.0358,7.912,4.158704,3.435582,5.876495,2.440913,1.0,0,1,1,2.5,3,4,1,1.0,2,2,0,130.3145,16.959000000000017,138.794,121.835,0
VAVKUB,9.88885,3.7057,11.7417,8.036,4.860331,1.82307,5.771866,3.948796,1.0,0,1,1,2.0,2,3,1,1.5,1,2,1,125.4985,25.305660000000003,138.15133,112.84567,0
VAVLAI,8.60065,1.3791000000000002,9.2902,7.9111,5.256861000000001,1.239434,5.876578,4.637144,1.0,0,1,1,1.5,1,2,1,1.0,2,2,0,119.20533,39.176,138.79333,99.61733,0
VAVLUC,9.13945,2.4557,10.3673,7.9116,5.063026499999999,1.6272449999999994,5.876649,4.249404,1.0,0,1,1,1.5,1,2,1,1.0,2,2,0,126.5695,24.44234,138.79067,114.34833,0
VAVMAJ,7.85355,0.1154999999999999,7.9113,7.7958,5.3568185,1.0406969999999998,5.877167,4.83647,1.0,0,1,1,2.0,2,3,1,1.5,1,2,1,128.072165,21.434330000000003,138.78933,117.355,0
VAVMIR,7.24625,1.3300999999999998,7.9113,6.5812,5.320346000000001,1.111332,5.876012,4.76468,0.5,1,1,0,3.5,5,6,1,2.5,1,3,2,111.03567,55.512000000000015,138.79167,83.27967,0
VAVYOK,5.955550000000001,2.7757,7.3434,4.5677,4.9066435,1.3911950000000006,5.602241,4.211046,1.0,0,1,1,3.5,1,4,3,2.0,0,2,2,109.70733,21.66,120.53733,98.87733,0
VAVYUQ,5.1122,1.0896,5.657,4.5674,4.935321,1.3332259999999998,5.601934,4.268708,1.0,0,1,1,3.0,0,3,3,1.5,1,2,1,111.158,24.558660000000003,123.43733,98.87867,0
VAWPEP,8.29505,0.1791,8.3846,8.2055,5.260152,1.3620399999999997,5.941172,4.579132,1.0,0,1,1,2.0,2,3,1,1.0,2,2,0,127.37183,0.9009999999999962,127.82233,126.92133,1
VAWPIT,8.38245,0.0029000000000003,8.3839,8.381,4.239380000000001,0.6798340000000005,4.579297,3.899463,0.5,1,1,0,4.0,2,5,3,1.5,3,3,0,137.362165,20.88033000000001,147.80233,126.922,0
VAXJAJ,8.9799,6.990399999999999,12.4751,5.4847,3.726433,0.7420860000000005,4.097476,3.35539,2.5,1,3,2,3.0,0,3,3,2.0,2,3,1,230.037335,18.714669999999984,239.39467,220.68,0
VAXROD,8.3,1.2813999999999997,8.9407,7.6593,3.854145,0.8403659999999995,4.274328,3.433962,0.5,1,1,0,2.0,0,2,2,1.5,3,3,0,81.9785,26.120999999999995,95.039,68.918,1
VAXRUJ,6.518599999999999,2.2762,7.6567,5.3805,4.7467690000000005,0.9418999999999996,5.217719,4.275819,0.5,1,1,0,1.5,1,2,1,1.5,3,3,0,78.9345,20.04234,88.95567,68.91333,0
VAYGIM,5.8235,3.5274,7.5872,4.0598,6.5131845,0.0695909999999999,6.54798,6.478389,0.0,0,0,0,2.5,1,3,2,0.5,1,1,0,99.387665,90.00666999999999,144.391,54.38433,0
VECJOD,13.1616,11.409599999999998,18.8664,7.4568,3.719891,1.6506660000000002,4.545224,2.894558,0.5,1,1,0,3.0,4,5,1,1.5,1,2,1,120.137835,80.13567,160.20567,80.07,0
VECKEU,5.18405,0.6491000000000007,5.5086,4.8595,5.812823,2.456666,7.041156,4.58449,0.0,0,0,0,1.5,1,2,1,0.5,1,1,0,71.695,33.128,88.259,55.131,0
VECTOP,6.66405,8.456900000000001,10.8925,2.4356,4.7026675,1.824735,5.615035,3.7903,1.0,2,2,0,4.0,0,4,4,2.0,2,3,1,111.673665,127.00933,175.17833,48.169,0
VECTUV,6.05015,9.6961,10.8982,1.2021,4.862612,2.144594,5.934909,3.790315,1.0,2,2,0,4.0,0,4,4,2.0,2,3,1,117.868335,114.62733,175.182,60.55467,0
VECVAC,11.74435,8.871699999999999,16.1802,7.3085,4.8291435,0.1552769999999999,4.906782,4.751505,0.5,1,1,0,3.5,5,6,1,2.0,2,3,1,142.0025,117.531,200.768,83.237,0
VECVAD,18.4541,15.115000000000002,26.0116,10.8966,3.0970825,1.386291,3.790228,2.403937,1.0,2,2,0,4.0,0,4,4,2.0,2,3,1,164.702,20.954000000000008,175.179,154.225,1
VECYAF,10.4837,1.305200000000001,11.1363,9.8311,4.9219415,0.7105189999999997,5.277201,4.566682,0.5,1,1,0,2.5,3,4,1,1.0,2,2,0,152.658835,0.0396700000000009,152.67867,152.639,1
VEDMAT,11.71585,1.4025,12.4171,11.0146,4.804857,0.9540240000000004,5.281869,4.327845,1.0,0,1,1,2.5,5,5,0,0.5,1,1,0,145.6995,56.06833999999999,173.73367,117.66533,1
VEFMOL,12.221,7.952799999999998,16.1974,8.2446,3.7381655,2.535983,5.006157,2.470174,1.5,1,2,1,2.5,1,3,2,1.0,2,2,0,156.546,93.26066,203.17633,109.91567,0
VEFQEE,4.4585,1.2859999999999996,5.1015,3.8155,5.1676845,0.3665570000000002,5.350963,4.984406,0.5,1,1,0,2.0,0,2,2,1.0,2,2,0,84.337165,11.276330000000002,89.97533,78.699,0
VEHZEN,1.1666,1.3354,1.8343,0.4989,6.3322515,3.714262999999999,8.189383,4.47512,0.0,0,0,0,2.0,2,3,1,2.0,4,4,0,71.519665,41.44867,92.244,50.79533,1
VEJBOC,3.9041,4.5962000000000005,6.2022,1.606,5.293459,1.1436579999999994,5.865288,4.72163,0.0,0,0,0,1.0,0,1,1,0.5,1,1,0,82.764665,56.40266999999999,110.966,54.56333,0
VEJKIH,3.46015,0.6275,3.7739,3.1464,5.487374,0.0337560000000003,5.504252,5.470496,0.5,1,1,0,2.0,2,3,1,0.5,1,1,0,122.77533,135.676,190.61333,54.93733,0
VEKMON,3.36555,2.0337,4.3824,2.3487,5.465101000000001,1.8094340000000004,6.369818,4.560384,0.5,1,1,0,3.0,2,4,2,0.0,0,0,0,115.0045,33.34566000000001,131.67733,98.33167,0
VEKZIY,6.826549999999999,3.856699999999999,8.7549,4.8982,5.7350335,1.5781670000000003,6.524117,4.94595,0.0,0,0,0,3.5,1,4,3,1.0,0,1,1,107.663,111.50466,163.41533,51.91067,0
VEKZUI,9.82505,4.1107,11.8804,7.7697,4.797312,1.2809920000000004,5.437808,4.156816,1.5,1,2,1,2.0,2,3,1,1.0,2,2,0,159.02767,19.506,168.78067,149.27467,1
VELBAR,9.8663,4.1888,11.9607,7.7719,4.7945340000000005,1.285678,5.437373,4.151695,1.5,1,2,1,2.0,2,3,1,1.0,2,2,0,150.1945,37.167,168.778,131.611,1
VELBEV,9.1352,2.726000000000001,10.4982,7.7722,4.99209,0.8905639999999995,5.437372,4.546808,1.5,1,2,1,2.0,2,3,1,1.5,1,2,1,153.28699999999998,30.991340000000008,168.78267,137.79133,1
VELCAT,11.81365,4.317100000000002,13.9722,9.6551,4.813394,1.4684600000000003,5.547624,4.079164,0.0,0,0,0,4.0,4,6,2,2.5,1,3,2,75.10817,23.523,86.86967,63.34667,0
VEMJII,13.0742,6.08,16.1142,10.0342,4.1661090000000005,0.3530199999999999,4.342619,3.989599,1.0,0,1,1,2.5,1,3,2,1.5,1,2,1,122.283835,1.8603300000000047,123.214,121.35367,0
VEMPOV,1.83385,3.0117000000000003,3.3397,0.328,5.2060495,2.073383,6.242741,4.169358,0.0,0,0,0,2.5,3,4,1,1.0,2,2,0,65.798665,12.427330000000005,72.01233,59.585,0
VEPGIJ,9.7226,10.0578,14.7515,4.6937,4.8860655,2.260121,6.016126,3.756005,0.5,1,1,0,2.0,0,2,2,1.5,3,3,0,109.594835,130.74967,174.96967,44.22,0
VEQKIN,6.54945,1.9895,7.5442,5.5547,4.3222585,1.5278289999999997,5.086173,3.558344,1.5,1,2,1,2.0,2,3,1,1.5,1,2,1,139.158665,53.72733000000001,166.02233,112.295,0
VERPOX,5.339499999999999,6.149399999999999,8.4142,2.2648,3.645949,0.232758,3.762328,3.52957,0.0,0,0,0,4.0,6,7,1,1.0,2,2,0,125.786,64.93399999999998,158.253,93.319,0
VESJUZ,3.19985,0.8329,3.6163,2.7834,4.8360330000000005,0.8751159999999993,5.273591,4.398475,0.5,1,1,0,2.5,3,4,1,1.5,1,2,1,94.983665,38.14332999999999,114.05533,75.912,0
VEVPUJ,8.0115,10.4372,13.2301,2.7929,4.601876000000001,0.8491720000000003,5.026462,4.17729,1.0,2,2,0,4.0,0,4,4,2.0,2,3,1,154.007665,157.95333,232.98433,75.031,1
VEWZOM,4.9383,2.3282000000000003,6.1024,3.7742,4.9194395,1.1025349999999996,5.470707,4.368172,0.5,1,1,0,3.5,1,4,3,1.0,2,2,0,120.16717,130.45100000000002,185.39267,54.94167,0
VEXZUX,13.3943,17.2644,22.0265,4.7621,4.592897,0.3448799999999998,4.765337,4.420457,1.0,0,1,1,3.0,0,3,3,1.0,0,1,1,130.62233,45.82000000000001,153.53233,107.71233,0
VEYBAG,15.65655,12.7359,22.0245,9.2886,4.701698,0.1288480000000005,4.766122,4.637274,1.0,0,1,1,2.5,1,3,2,0.5,1,1,0,126.572335,53.902670000000015,153.52367,99.621,0
VEYRAT,6.1667,1.3178,6.8256,5.5078,5.191847,3.699214,7.041454,3.34224,0.5,1,1,0,2.5,3,4,1,1.0,0,1,1,166.64133,223.016,278.14933,55.13333,0
VEZPAU,2.57935,0.4281000000000001,2.7934,2.3653,4.8851320000000005,0.2810599999999992,5.025662,4.744602,0.5,1,1,0,2.5,3,4,1,1.5,1,2,1,90.318,30.572000000000003,105.604,75.032,0
VEZPEY,1.7117,1.3092,2.3663,1.0571,5.3422995,1.1952730000000005,5.939936,4.744663,0.5,1,1,0,2.5,3,4,1,1.5,1,2,1,83.0445,45.113,105.601,60.488,0
VEZPIC,8.0604,11.3886,13.7547,2.3661,3.894229,1.7010639999999997,4.744761,3.043697,0.5,1,1,0,2.5,3,4,1,1.5,1,2,1,103.8445,3.515000000000001,105.602,102.087,0
VEZWOM,7.429699999999999,2.3561999999999994,8.6078,6.2516,5.0812145,1.2876769999999995,5.725053,4.437376,0.5,1,1,0,2.5,3,4,1,1.0,2,2,0,125.611835,3.8316700000000026,127.52767,123.696,1
VIBBUG,10.6741,0.1984000000000012,10.7733,10.5749,4.039518,0.3655899999999996,4.222313,3.856723,1.5,1,2,1,2.5,1,3,2,2.0,2,3,1,152.879335,93.70733,199.733,106.02567,1
VIBNUQ,1.99465,3.2115,3.6004,0.3889,6.7043385,1.0823469999999995,7.245512,6.163165,0.0,0,0,0,3.5,1,4,3,0.0,0,0,0,101.202165,0.1676700000000011,101.286,101.11833,0
VICKEX,6.491,1.8768,7.4294,5.5526,6.762872,2.589334,8.057539,5.468205,0.5,1,1,0,3.0,2,4,2,1.5,1,2,1,77.793165,78.74033,117.16333,38.423,0
VICPOM,3.48855,2.4043,4.6907,2.2864,3.5004075,0.1201310000000002,3.560473,3.440342,0.5,1,1,0,5.5,3,7,4,1.5,3,3,0,159.02717,1.438999999999993,159.74667,158.30767,0
VIGJEA,2.85835,1.1850999999999998,3.4509,2.2658,3.8925105,0.725225,4.255123,3.529898,1.5,1,2,1,4.5,5,7,2,0.5,1,1,0,177.70617,38.93499999999997,197.17367,158.23867,0
VIHNOT,9.4366,9.4868,14.18,4.6932,5.050846,1.918486,6.010089,4.091603,0.5,1,1,0,2.0,0,2,2,0.5,1,1,0,97.511165,106.56633,150.79433,44.228,0
VIHNUZ,11.655,5.0502,14.1801,9.1299,4.3033285,0.4244249999999994,4.515541,4.091116,1.0,0,1,1,2.0,0,2,2,0.5,1,1,0,127.125,47.34266000000001,150.79633,103.45367,0
VIJPAF,9.5402,1.7647999999999993,10.4226,8.6578,3.783044,1.7850039999999998,4.675546,2.890542,1.5,1,2,1,2.0,2,3,1,0.5,1,1,0,187.544335,125.75333,250.421,124.66767,1
VIJQOY,5.005599999999999,1.893,5.9521,4.0591,5.311408,2.3346599999999995,6.478738,4.144078,0.5,1,1,0,2.5,1,3,2,0.0,0,0,0,112.07783,115.391,169.77333,54.38233,0
VIKSUF,12.3205,8.38,16.5105,8.1305,3.0981165,1.448125,3.822179,2.374054,1.0,0,1,1,4.5,3,6,3,1.0,2,2,0,158.447665,32.39067,174.643,142.25233,0
VIKWIX,15.97265,0.4336999999999982,16.1895,15.7558,3.129332,0.1147579999999997,3.186711,3.071953,0.5,1,1,0,3.0,2,4,2,2.0,2,3,1,121.56283,37.821,140.47333,102.65233,0
VIPDEH,10.75295,12.118100000000002,16.812,4.6939,5.152723,1.7154539999999994,6.01045,4.294996,0.5,1,1,0,1.0,2,2,0,0.5,1,1,0,104.68583,120.921,165.14633,44.22533,0
VIPMAK,2.8884,1.7744,3.7756,2.0012,5.769386,0.5988199999999999,6.068796,5.469976,0.0,0,0,0,2.5,1,3,2,0.0,0,0,0,107.3515,104.83366,159.76833,54.93467,0
VIPSOF,5.1551,2.2097999999999995,6.26,4.0502,5.557226999999999,1.849372,6.481913,4.632541,1.0,2,2,0,2.5,1,3,2,0.0,0,0,0,133.79317,158.785,213.18567,54.40067,0
VIPVOH,13.34225,5.8147,16.2496,10.4349,4.326373,1.5759180000000002,5.114332,3.538414,1.0,0,1,1,4.0,4,6,2,1.5,1,2,1,115.16667,47.124,138.72867,91.60467,0
VIPXOK,4.398,4.3184000000000005,6.5572,2.2388,5.424975,5.315794,8.082872,2.767078,0.5,1,1,0,3.0,4,5,1,1.5,1,2,1,110.770335,53.28932999999999,137.415,84.12567,0
VIPXUQ,3.55555,5.9885,6.5498,0.5613,5.4422435,5.347546999999999,8.116017,2.76847,0.5,1,1,0,4.0,2,5,3,2.5,3,4,1,103.0755,68.70966,137.43033,68.72067,0
VISMUI,7.9771,4.3256000000000006,10.1399,5.8143,5.11637,0.5994899999999994,5.416115,4.816625,0.5,1,1,0,2.0,2,3,1,1.5,1,2,1,118.169335,23.97533000000001,130.157,106.18167,0
VITTAV,13.07645,5.294700000000001,15.7238,10.4291,3.9863605,0.7295390000000004,4.35113,3.621591,1.0,0,1,1,2.5,1,3,2,0.5,1,1,0,139.998,46.64199999999998,163.319,116.677,0
VITXUR,4.3063,4.1446,6.3786,2.234,5.085706500000001,0.2384729999999999,5.204943,4.96647,0.5,1,1,0,3.5,5,6,1,2.5,1,3,2,73.61033,18.178,82.69933,64.52133,1
VIXDAK,3.5769,2.2336,4.6937,2.4601,6.0839505,0.1359450000000004,6.151923,6.015978,0.0,0,0,0,2.5,1,3,2,0.5,1,1,0,74.68950000000001,60.940340000000006,105.15967,44.21933,1
VIZZEL,5.221,0.6444000000000001,5.5432,4.8988,6.2008035,2.511951,7.456779,4.944828,0.0,0,0,0,2.5,3,4,1,1.0,0,1,1,60.59067,17.347999999999992,69.26467,51.91667,0
VOBMOO,3.6377,4.0682,5.6718,1.6036,3.8581125,1.7273650000000005,4.721795,2.99443,0.0,0,0,0,1.0,0,1,1,0.0,0,0,0,56.79917,4.481000000000002,59.03967,54.55867,1
VOHCEC,1.9025,2.25,3.0275,0.7775,6.7421715,3.822915,8.653629,4.830714,0.0,0,0,0,4.5,7,8,1,2.0,4,4,0,76.556,61.876,107.494,45.618,0
VOJLUD,5.342499999999999,9.9086,10.2968,0.3882,5.9526655,2.584287,7.244809,4.660522,0.5,1,1,0,2.5,3,4,1,0.0,0,0,0,113.5255,24.49166000000001,125.77133,101.27967,0
VORLAQ,7.782999999999999,5.2724,10.4192,5.1468,4.834460999999999,0.3153139999999998,4.992118,4.676804,1.0,0,1,1,2.5,1,3,2,1.0,2,2,0,127.913835,6.4863300000000095,131.157,124.67067,1
VOSWOS,15.1846,2.9701999999999984,16.6697,13.6995,4.524006,1.3993160000000002,5.223664,3.824348,1.0,0,1,1,3.5,1,4,3,2.0,2,3,1,144.54417,7.6270000000000095,148.35767,140.73067,1
VOVYEM,7.528,3.9484,9.5022,5.5538,4.957288500000001,0.2570290000000002,5.085803,4.828774,1.0,0,1,1,2.0,2,3,1,1.0,2,2,0,119.4885,14.38033999999999,126.67867,112.29833,0
VOVZEN,4.918950000000001,6.0597,7.9488,1.8891,3.8847585,0.3269670000000002,4.048242,3.721275,1.0,2,2,0,2.5,3,4,1,1.5,1,2,1,95.36833,37.84,114.28833,76.44833,1
VOWTEG,7.0393,8.6472,11.3629,2.7157,5.9787765,3.715821,7.836687,4.120866,0.5,1,1,0,2.5,3,4,1,2.0,0,2,2,101.574335,81.56467,142.35667,60.792,1
VUCBAY,12.657,4.475999999999999,14.895,10.419,5.028297,0.7027400000000004,5.379667,4.676927,1.0,0,1,1,1.5,3,3,0,0.5,1,1,0,111.229835,26.88233000000001,124.671,97.78867,0
VUKPAU,4.7267,6.506600000000001,7.98,1.4734,3.576949,2.370348,4.762123,2.391775,1.0,0,1,1,3.5,1,4,3,2.0,4,4,0,119.863335,8.988669999999999,124.35767,115.369,0
VUKPEY,6.5729,8.4004,10.7731,2.3727,4.317959500000001,0.9222510000000002,4.779085,3.856834,1.0,0,1,1,3.0,0,3,3,2.5,3,4,1,110.50633,8.962000000000003,114.98733,106.02533,0
VUKPIC,7.055999999999999,9.3672,11.7396,2.3724,4.3639975,0.830031,4.779013,3.948982,1.0,0,1,1,3.0,0,3,3,2.5,3,4,1,113.91517,2.1470000000000056,114.98867,112.84167,0
VUKQAV,4.4342,3.281,6.0747,2.7937,6.2409525,2.431265,7.456585,5.02532,0.0,0,0,0,3.0,2,4,2,1.5,1,2,1,80.96783500000001,11.87366999999999,86.90467,75.031,1
VUKQEZ,5.28565,4.9829,7.7771,2.7942,6.0890495,2.130621,7.15436,5.023739,0.0,0,0,0,3.0,2,4,2,1.5,1,2,1,80.48733,10.913999999999987,85.94433,75.03033,1
VULDUC,4.32755,4.2865,6.4708,2.1843,7.0927655000000005,2.2513270000000007,8.218429,5.967102,0.0,0,0,0,3.5,5,6,1,3.0,0,3,3,69.114335,75.43133,106.83,31.39867,0
VULVOP,4.40945,4.0735,6.4462,2.3727,4.222929,1.1119400000000002,4.778899,3.666959,1.0,0,1,1,3.0,0,3,3,2.0,4,4,0,117.86233,5.747999999999991,120.73633,114.98833,0
VULVUV,4.92855,6.9117,8.3844,1.4727,4.670344500000001,0.1829489999999998,4.761819,4.57887,1.0,0,1,1,3.0,0,3,3,2.0,4,4,0,121.14533,11.548000000000002,126.91933,115.37133,0
VULYOR,5.8572500000000005,9.1253,10.4199,1.2946,5.001761,0.6504899999999996,5.327006,4.676516,1.0,0,1,1,2.0,2,3,1,0.0,0,0,0,134.608835,19.86833,144.543,124.67467,1
VUMDAJ,7.12295,7.1599,10.7029,3.543,5.3949825,4.628985,7.709475,3.08049,0.0,0,0,0,1.5,1,2,1,1.0,2,2,0,108.595,143.47334,180.33167,36.85833,0
VUMTAB,8.92445,6.734300000000001,12.2916,5.5573,5.571097,2.350652,6.746423,4.395771,0.5,1,1,0,3.5,1,4,3,0.5,1,1,0,116.19267,27.388000000000005,129.88667,102.49867,0
VUMTEF,5.95335,1.8079,6.8573,5.0494,4.901752999999999,4.15754,6.980523,2.822983,0.5,1,1,0,4.0,2,5,3,0.5,1,1,0,119.991335,34.16133000000001,137.072,102.91067,0
VURBEP,6.73865,2.1115000000000004,7.7944,5.6829,5.6808095000000005,1.688529,6.525074,4.836545,0.5,1,1,0,2.0,2,3,1,1.0,0,1,1,113.532,7.653999999999996,117.359,109.705,1
VURKUP,4.8537,1.5869999999999995,5.6472,4.0602,6.055732,0.8455119999999994,6.478488,5.632976,0.0,0,0,0,2.0,2,3,1,0.0,0,0,0,102.244335,95.72467,150.10667,54.382,0
VURZIU,8.77655,3.2851,10.4191,7.134,4.599948,0.1537680000000003,4.676832,4.523064,1.0,0,1,1,2.0,2,3,1,1.0,2,2,0,105.8215,37.69834,124.67067,86.97233,0
VUSMAY,8.16415,3.1703,9.7493,6.579,5.573243,1.6152800000000005,6.380883,4.765603,0.0,0,0,0,4.0,4,6,2,2.0,2,3,1,94.55067,22.52200000000001,105.81167,83.28967,0
VUWLIJ,6.610200000000001,8.645,10.9327,2.2877,4.107881,1.0952040000000005,4.655483,3.560279,1.0,0,1,1,4.0,6,7,1,0.5,1,1,0,136.456335,43.70267,158.30767,114.605,0
VUXCAU,6.8907,1.8108000000000004,7.7961,5.9853,6.013365,2.353096,7.189913,4.836817,0.5,1,1,0,2.0,2,3,1,1.5,1,2,1,121.95333,9.203999999999994,126.55533,117.35133,1
VUXNAF,9.313,7.609199999999999,13.1176,5.5084,5.561853,2.959118,7.041412,4.082294,0.5,1,1,0,2.0,2,3,1,0.5,1,1,0,88.45582999999999,66.645,121.77833,55.13333,0
VUXNEJ,9.57155,8.126100000000001,13.6346,5.5085,5.436332,3.2097420000000003,7.041203,3.831461,0.5,1,1,0,2.0,2,3,1,0.5,1,1,0,88.01833500000001,65.77533,120.906,55.13067,0
VUXNIN,8.622150000000001,6.2277000000000005,11.736,5.5083,5.607658,2.8663039999999995,7.04081,4.174506,0.5,1,1,0,2.0,2,3,1,0.5,1,1,0,104.543,98.82466,153.95533,55.13067,0
VUXNOT,8.60625,6.195099999999999,11.7038,5.5087,5.594507,2.89206,7.040537,4.148477,0.5,1,1,0,2.0,2,3,1,0.5,1,1,0,104.256665,98.24933,153.38133,55.132,0
VUXTAJ,4.98495,1.0467000000000004,5.5083,4.4616,5.1187815,3.844981,7.041272,3.196291,0.5,1,1,0,3.0,4,5,1,0.5,1,1,0,108.34083,106.419,161.55033,55.13133,0
VUXVOB,9.8823,8.747399999999999,14.256,5.5086,5.214667,3.65222,7.040777,3.388557,0.5,1,1,0,1.5,1,2,1,0.5,1,1,0,96.640335,83.01533,138.148,55.13267,0
VUXYOD,8.0742,12.795,14.4717,1.6767,3.9634365,0.6013930000000003,4.264133,3.66274,1.0,0,1,1,4.5,5,7,2,1.0,0,1,1,173.793335,38.00332999999998,192.795,154.79167,1
VUYHII,5.36265,1.5839,6.1546,4.5707,6.0572655,1.8897889999999995,7.00216,5.112371,0.0,0,0,0,3.0,2,4,2,1.5,1,2,1,82.872835,0.2943300000000022,83.02,82.72567,1
WABSIB,3.5053,1.1064000000000005,4.0585,2.9521,6.2016685,0.554557,6.478947,5.92439,0.0,0,0,0,2.0,2,3,1,0.0,0,0,0,75.774,42.78734,97.16767,54.38033,0
WACNIA,6.13665,12.2733,12.2733,0.0,4.944402500000001,0.5222769999999999,5.205541,4.683264,0.5,1,1,0,2.5,3,4,1,0.5,1,1,0,114.1015,44.557659999999984,136.38033,91.82267,0
WADBUA,5.94575,4.7439,8.3177,3.5738,5.377572499999999,0.8624070000000001,5.808776,4.946369,0.0,0,0,0,1.5,1,2,1,1.0,2,2,0,66.35300000000001,37.64734,85.17667,47.52933,0
WADMAS,14.5184,1.7080000000000002,15.3724,13.6644,4.247986,1.690356,5.093164,3.402808,0.5,1,1,0,1.0,2,2,0,0.5,1,1,0,108.190835,3.458330000000004,109.92,106.46167,0
WADMEW,17.08805,1.026299999999999,17.6012,16.5749,4.06209,1.551682,4.837931,3.286249,0.5,1,1,0,1.0,2,2,0,0.5,1,1,0,118.59033,7.016000000000005,122.09833,115.08233,0
WADMIA,24.63465,16.1207,32.695,16.5743,3.6934925,2.2894529999999995,4.838219,2.548766,0.5,1,1,0,1.0,2,2,0,0.5,1,1,0,151.44299999999998,72.72533999999999,187.80567,115.08033,0
WADMOG,17.8166,8.304400000000001,21.9688,13.6644,3.8459815,2.494105,5.093034,2.598929,0.5,1,1,0,1.0,2,2,0,0.5,1,1,0,119.265335,25.596670000000003,132.06367,106.467,0
WADNAT,25.8035,24.2708,37.9389,13.6681,3.444834,3.295928,5.092798,1.79687,0.5,1,1,0,1.0,2,2,0,0.5,1,1,0,153.116165,93.30633,199.76933,106.463,1
WADNUN,13.3067,6.537399999999998,16.5754,10.038,4.38918,0.8970700000000003,4.837715,3.940645,0.5,1,1,0,1.0,2,2,0,0.5,1,1,0,99.7165,30.73366,115.08333,84.34967,0
WADPEZ,27.257,21.3636,37.9388,16.5752,3.3178085,3.040583,4.8381,1.797517,0.5,1,1,0,1.0,2,2,0,0.5,1,1,0,157.423835,84.68633,199.767,115.08067,1
WADWAB,9.0515,1.4672,9.7851,8.3179,5.070824999999999,1.475034,5.808342,4.333308,0.5,1,1,0,1.5,1,2,1,1.0,2,2,0,101.29883,32.24300000000001,117.42033,85.17733,0
WAFRIH,5.74105,3.9109,7.6965,3.7856,4.7769165000000005,4.183449,6.868641,2.685192,0.5,1,1,0,5.5,7,9,2,0.5,1,1,0,143.11033,51.616,168.91833,117.30233,1
WAGCUG,9.2466,2.6442,10.5687,7.9245,4.477371,0.12033,4.537536,4.417206,1.5,1,2,1,3.0,0,3,3,1.5,3,3,0,142.58333,96.502,190.83433,94.33233,0
WAGFIX,10.3013,0.5366,10.5696,10.033,4.439935999999999,0.1946719999999997,4.537272,4.3426,1.5,1,2,1,3.0,0,3,3,2.0,2,3,1,156.095165,69.47767,190.834,121.35633,0
WAGFOD,11.23785,1.363900000000001,11.9198,10.5559,4.235753,0.6132360000000001,4.542371,3.929135,1.0,2,2,0,2.5,1,3,2,1.5,3,3,0,149.13083,83.59499999999998,190.92833,107.33333,0
WAHGEV,12.0513,6.925800000000001,15.5142,8.5884,3.8343695,0.1454189999999999,3.907079,3.76166,0.5,1,1,0,4.0,0,4,4,1.5,1,2,1,105.771335,49.62867,130.58567,80.957,1
WAKKAV01,11.0282,4.841799999999999,13.4491,8.6073,4.229817,2.990498,5.725066,2.734568,1.0,0,1,1,2.0,2,3,1,1.5,1,2,1,173.690165,92.32367,219.852,127.52833,0
WAKKAV,10.43745,4.7027,12.7888,8.0861,4.459505,2.781616,5.850313,3.068697,1.0,0,1,1,2.0,2,3,1,1.5,1,2,1,172.731,91.02334,218.24267,127.21933,1
WAKROS,2.5064,2.1368,3.5748,1.438,5.771246,1.6468560000000003,6.594674,4.947818,0.0,0,0,0,2.0,0,2,2,0.5,1,1,0,66.288335,37.53066999999999,85.05367,47.523,1
WAKTUY,4.9925,0.3952,5.1901,4.7949,5.1797005,0.0603569999999997,5.209879,5.149522,0.0,0,0,0,2.0,0,2,2,1.5,3,3,0,91.951835,60.11832999999999,122.011,61.89267,0
WANHUO,4.21365,5.217099999999999,6.8222,1.6051,4.6005145,0.2423970000000004,4.721713,4.479316,0.5,1,1,0,3.0,2,4,2,1.5,3,3,0,122.877,136.63,191.192,54.562,0
WANKIF,9.7257,2.235800000000001,10.8436,8.6078,4.8830945,1.684101,5.725145,4.041044,1.5,1,2,1,1.5,1,2,1,1.0,2,2,0,167.005335,78.95733000000001,206.484,127.52667,0
WANKOL,9.72545,2.2385,10.8447,8.6062,4.8831085000000005,1.6846989999999993,5.725458,4.040759,1.5,1,2,1,1.5,1,2,1,1.0,2,2,0,167.00583,78.957,206.48433,127.52733,1
WAPPUA,11.21755,11.3577,16.8964,5.5387,5.6088755,4.378087000000001,7.797919,3.419832,0.5,1,1,0,2.0,0,2,2,0.5,1,1,0,108.3975,91.79366,154.29433,62.50067,1
WAPQAH,9.89765,8.7165,14.2559,5.5394,5.593069,4.409408000000001,7.797773,3.388365,0.5,1,1,0,2.0,0,2,2,0.5,1,1,0,100.324835,75.64767,138.14867,62.501,0
WAPQEL,12.40345,9.0073,16.9071,7.8998,5.120189,3.498398,6.869388,3.37099,0.5,1,1,0,2.0,0,2,2,0.5,1,1,0,126.5325,55.47034000000001,154.26767,98.79733,0
WAPQIP,10.9573,11.8792,16.8969,5.0177,5.6203305,4.394083,7.817372,3.423289,0.5,1,1,0,2.0,0,2,2,0.5,1,1,0,120.082165,68.40967,154.287,85.87733,0
WAPQOV,9.6367,9.2384,14.2559,5.0175,5.602816,4.428442,7.817037,3.388595,0.5,1,1,0,2.0,0,2,2,0.5,1,1,0,112.0125,52.269660000000016,138.14733,85.87767,0
WASPOV,8.038450000000001,1.4239000000000006,8.7504,7.3265,4.9787595,0.240539,5.099029,4.85849,0.5,1,1,0,4.5,1,5,4,3.0,2,4,2,164.1985,74.853,201.625,126.772,1
WASRER,7.55315,2.5003,8.8033,6.303,3.936204,0.6162799999999997,4.244344,3.628064,0.5,1,1,0,2.5,3,4,1,1.5,1,2,1,103.40133,40.116,123.45933,83.34333,0
WAWVID,8.18045,1.2041000000000004,8.7825,7.5784,5.1068695,0.4152509999999996,5.314495,4.899244,1.5,1,2,1,2.5,1,3,2,0.5,1,1,0,169.42817,20.113,179.48467,159.37167,0
WAYVEZ,3.28195,0.9927,3.7783,2.7856,5.5576265,0.1780330000000001,5.646643,5.46861,0.5,1,1,0,2.5,1,3,2,1.0,2,2,0,74.573665,39.29532999999999,94.22133,54.926,0
WEFNUR,5.552,4.8566,7.9803,3.1237,5.0396705,5.295393000000001,7.687367,2.391974,0.5,1,1,0,4.5,1,5,4,3.0,6,6,0,123.986835,0.7396699999999896,124.35667,123.617,0
WEGMOM,5.3544,2.5924,6.6506,4.0582,5.3284555000000005,2.300945,6.478928,4.177983,0.5,1,1,0,2.5,1,3,2,1.0,2,2,0,89.112,69.45066,123.83733,54.38667,0
WEJCEU,4.73925,2.2495,5.864,3.6145,5.866099999999999,2.935536,7.333868,4.398332,0.0,0,0,0,2.5,3,4,1,3.0,4,5,1,94.085835,36.35567,112.26367,75.908,1
WELYUH,8.45775,3.7617,10.3386,6.5769,4.767136,0.0030520000000002,4.768662,4.76561,0.5,1,1,0,4.5,3,6,3,3.5,1,4,3,119.630165,72.69567,155.978,83.28233,0
WENCEX,2.81905,2.4833,4.0607,1.5774,6.689132000000001,0.4216100000000002,6.899937,6.478327,0.0,0,0,0,2.5,1,3,2,0.0,0,0,0,87.257,65.74866,120.13133,54.38267,0
WENDEC,2.3408,2.4044,3.543,1.1386,5.802785,3.811058,7.708314,3.897256,0.0,0,0,0,2.0,2,3,1,1.5,1,2,1,70.925,68.13134,104.99067,36.85933,0
WEPLEJ,5.8302,4.829,8.2447,3.4157,5.14743,0.2822460000000006,5.288553,5.006307,1.0,0,1,1,3.0,0,3,3,1.5,3,3,0,123.994335,28.155330000000006,138.072,109.91667,0
WERLAH,11.3484,4.931799999999999,13.8143,8.8825,4.982856,0.9050980000000006,5.435405,4.530307,0.5,1,1,0,2.0,0,2,2,1.0,2,2,0,82.0285,36.865,100.461,63.596,0
WERLEO,8.16765,5.1905,10.7629,5.5724,4.5623255,1.1254570000000004,5.125054,3.999597,1.0,2,2,0,2.5,1,3,2,2.0,2,3,1,154.297335,166.38267000000002,237.48867,71.106,1
WERLOY,9.3665,2.7924000000000007,10.7627,7.9703,4.849728,1.7008199999999998,5.700138,3.999318,1.0,2,2,0,2.0,2,3,1,2.0,2,3,1,153.740835,167.49633,237.489,69.99267,1
WETZAZ,7.8238,2.8872,9.2674,6.3802,4.448431,1.512502,5.204682,3.69218,0.5,1,1,0,4.0,4,6,2,3.0,0,3,3,88.774835,12.160330000000002,94.855,82.69467,0
WEWCOT,5.67795,1.9685000000000008,6.6622,4.6937,5.34431,1.34354,6.01608,4.67254,1.0,2,2,0,2.0,0,2,2,1.0,2,2,0,123.2885,158.13765999999998,202.35733,44.21967,0
WIBVEM,7.8071,8.4586,12.0364,3.5778,5.511757,1.1374259999999996,6.08047,4.943044,0.0,0,0,0,2.5,1,3,2,1.0,2,2,0,97.10417,99.171,146.68967,47.51867,1
WIDDES,2.52135,0.5483000000000002,2.7955,2.2472,4.726292,0.5925119999999993,5.022548,4.430036,1.0,2,2,0,3.0,2,4,2,2.0,2,3,1,123.513,96.96466,171.99533,75.03067,0
WIGWUG,7.7173,4.1164,9.7755,5.6591,4.3201595,0.1010290000000004,4.370674,4.269645,1.0,0,1,1,2.0,2,3,1,1.5,1,2,1,109.1105,28.65566,123.43833,94.78267,1
WIHJAA,5.657,7.965199999999999,9.6396,1.6744,3.3600935,0.6048650000000002,3.662526,3.057661,1.5,1,2,1,5.5,3,7,4,2.0,2,3,1,182.968,56.32865999999999,211.13233,154.80367,0
WIHTUG,10.02705,0.7843,10.4192,9.6349,4.2485015,0.8565490000000002,4.676776,3.820227,1.5,1,2,1,3.0,0,3,3,1.0,2,2,0,129.3925,9.440340000000006,134.11267,124.67233,0
WIHZUJ,4.2094000000000005,0.3004000000000006,4.3596,4.0592,6.6789615,0.4008729999999998,6.879398,6.478525,0.0,0,0,0,2.0,2,3,1,0.0,0,0,0,87.742665,66.72333,121.10433,54.381,0
WIJNIM,3.6734,4.6814,6.0141,1.3327,6.18756,1.445272,6.910196,5.464924,0.0,0,0,0,2.0,0,2,2,2.0,4,4,0,73.50667,77.148,112.08067,34.93267,0
WIJNOS01,3.3522,4.041600000000001,5.373,1.3314,6.1581365,1.3881050000000004,6.852189,5.464084,0.0,0,0,0,2.0,0,2,2,2.0,4,4,0,72.79883,75.727,110.66233,34.93533,0
WIJNOS,4.25985,5.8483,7.184,1.3357,6.025449,1.1184399999999997,6.584669,5.466229,0.0,0,0,0,2.0,0,2,2,2.0,4,4,0,73.375,76.90266,111.82633,34.92367,1
WIMCUR,9.61875,1.6303,10.4339,8.8036,4.378838,1.6792200000000004,5.218448,3.539228,0.5,1,1,0,4.0,4,6,2,3.0,2,4,2,110.6705,56.111,138.726,82.615,1
WINXAW,5.1434,6.4830000000000005,8.3849,1.9019,4.622354,0.0869799999999996,4.665844,4.578864,1.0,0,1,1,2.5,1,3,2,1.5,3,3,0,101.811665,50.22133000000001,126.92233,76.701,1
WIPQOE01,4.43075,0.9381,4.8998,3.9617,6.328239999999999,2.768002,7.712241,4.944239,0.0,0,0,0,3.0,2,4,2,1.5,1,2,1,69.57300000000001,35.31334,87.22967,51.91633,0
WIRNEU,3.8145,0.4907999999999997,4.0599,3.5691,5.250599,2.455864,6.478531,4.022667,1.0,2,2,0,2.5,1,3,2,0.0,0,0,0,130.025665,151.28533,205.66833,54.383,0
WIRRIY,7.15795,7.1905,10.7532,3.5627,5.7950885,3.589537,7.589857,4.00032,1.0,2,2,0,2.5,1,3,2,1.5,1,2,1,160.474335,154.05267000000003,237.50067,83.448,0
WIRROE,6.92875,7.660500000000001,10.759,3.0985,5.2265815,2.4531209999999994,6.453142,4.000021,1.0,2,2,0,2.5,1,3,2,2.0,2,3,1,162.715665,149.55266999999998,237.492,87.93933,0
WITZUV,10.3309,16.882399999999997,18.7721,1.8897,2.5616195,2.3186410000000004,3.72094,1.402299,1.5,1,2,1,4.5,7,8,1,1.5,1,2,1,178.729835,128.88367,243.17167,114.288,0
WIVBEJ,8.471449999999999,13.1641,15.0535,1.8894,2.8547155,1.732123,3.720777,1.988654,1.5,1,2,1,3.5,5,6,1,1.5,1,2,1,151.172835,73.76967,188.05767,114.288,0
WIVPUM,11.77005,3.786900000000001,13.6635,9.8766,4.721712500000001,0.7427149999999996,5.09307,4.350355,1.0,0,1,1,1.0,2,2,0,0.5,1,1,0,119.7895,26.64700000000001,133.113,106.466,0
WIVQIB,11.3966,4.5344,13.6638,9.1294,4.804282000000001,0.577934,5.093249,4.515315,1.0,0,1,1,1.0,2,2,0,0.5,1,1,0,104.959335,3.014669999999996,106.46667,103.452,0
WIVQUN,11.2728,4.7834,13.6645,8.8811,4.812234999999999,0.5620000000000003,5.093235,4.531235,1.0,0,1,1,1.0,2,2,0,0.5,1,1,0,103.4645,6.004999999999996,106.467,100.462,0
WIZBEN,6.08685,2.3749,7.2743,4.8994,4.9297045,0.0300609999999998,4.944735,4.914674,0.0,0,0,0,3.0,2,4,2,1.0,0,1,1,97.318665,90.80933,142.72333,51.914,0
WIZBIR,7.0498,4.300800000000001,9.2002,4.8994,4.91306,0.0635899999999995,4.944855,4.881265,0.0,0,0,0,3.0,2,4,2,1.0,0,1,1,124.19633,144.564,196.47833,51.91433,0
WIZLEX,8.55775,6.0997,11.6076,5.5079,5.301896,3.4794179999999995,7.041605,3.562187,0.0,0,0,0,4.0,6,7,1,1.0,0,1,1,114.006335,117.74733,172.88,55.13267,0
WOBNEH,6.57475,4.4677,8.8086,4.3409,2.5574375,0.6501230000000002,2.882499,2.232376,1.5,1,2,1,2.0,2,3,1,0.5,1,1,0,181.38817,137.95499999999998,250.36567,112.41067,0
WOBPUB,8.300799999999999,0.6245999999999992,8.6131,7.9885,5.2309855,1.8045910000000005,6.133281,4.32869,0.5,1,1,0,3.5,1,4,3,2.5,1,3,2,102.87533,14.748000000000005,110.24933,95.50133,1
WOBQEM,8.9569,1.9402,9.927,7.9868,5.038641,2.2087260000000004,6.143004,3.934278,0.5,1,1,0,4.0,2,5,3,3.0,0,3,3,105.6415,20.298999999999992,115.791,95.492,1
WOBQIQ,11.9023,2.0744000000000007,12.9395,10.8651,4.221771,1.0187660000000005,4.731154,3.712388,0.5,1,1,0,3.5,1,4,3,2.5,1,3,2,103.946165,14.511669999999995,111.202,96.69033,0
WOBQUC,8.799150000000001,4.132099999999999,10.8652,6.7331,4.3676745,0.7272150000000002,4.731282,4.004067,0.5,1,1,0,3.5,1,4,3,2.5,1,3,2,105.043835,16.707670000000007,113.39767,96.69,0
WOBTIT,9.20805,2.4380999999999995,10.4271,7.989,5.0524735,2.183923,6.144435,3.960512,0.5,1,1,0,3.5,1,4,3,2.5,1,3,2,103.369835,15.754329999999996,111.247,95.49267,0
WOCSUC,5.69015,1.177300000000001,6.2788,5.1015,4.0415425,1.886229,4.984657,3.098428,1.0,2,2,0,2.0,0,2,2,0.5,1,1,0,150.875835,121.80433,211.778,89.97367,0
WODDEZ,10.28165,5.019299999999999,12.7913,7.772,4.5339035,1.807753,5.43778,3.630027,2.0,0,2,2,1.5,1,2,1,1.0,2,2,0,178.75017,19.947000000000003,188.72367,168.77667,1
WODDID,10.2814,5.018800000000001,12.7908,7.772,4.5337985,1.807647,5.437622,3.629975,2.0,0,2,2,1.5,1,2,1,1.0,2,2,0,178.75432999999998,19.95599999999999,188.73233,168.77633,0
WOJNEO,2.9893,2.1418,4.0602,1.9184,5.440092,2.0762780000000003,6.478231,4.401953,0.0,0,0,0,2.5,1,3,2,0.0,0,0,0,112.5235,116.28234,170.66467,54.38233,0
WOJYAX,4.8081,3.3466,6.4814,3.1348,5.1178930000000005,0.7308560000000002,5.483321,4.752465,0.0,0,0,0,2.5,3,4,1,1.5,3,3,0,85.898665,27.00533,99.40133,72.396,0
WOKGEI,1.7771500000000002,0.9741000000000002,2.2642,1.2901,5.606790999999999,4.153384,7.683483,3.530099,0.5,1,1,0,4.5,5,7,2,0.5,1,1,0,124.25333,67.974,158.24033,90.26633,1
WOKXIF,9.77425,2.2375000000000007,10.893,8.6555,4.0070595,0.4340230000000002,4.224071,3.790048,1.5,1,2,1,4.0,0,4,4,2.5,1,3,2,142.843165,64.67633000000001,175.18133,110.505,0
WOKXOL,10.65785,0.4772999999999996,10.8965,10.4192,4.2337535,0.8861690000000002,4.676838,3.790669,1.5,1,2,1,3.5,1,4,3,1.5,3,3,0,149.923335,50.50733,175.177,124.66967,0
WOLCUW,6.78435,7.890499999999999,10.7296,2.8391,3.6957815,0.1493389999999999,3.770451,3.621112,1.0,0,1,1,4.5,1,5,4,1.0,2,2,0,155.947335,20.90267,166.39867,145.496,0
WOLZUS,3.2778,2.633,4.5943,1.9613,6.597565,5.902234,9.548682,3.646448,0.5,1,1,0,1.0,0,1,1,0.5,1,1,0,106.93967,117.346,165.61267,48.26667,0
WOMBAB,3.27675,2.6312999999999995,4.5924,1.9611,6.597205,5.902531999999999,9.548471,3.645939,0.5,1,1,0,1.0,0,1,1,0.5,1,1,0,106.9445,117.35500000000002,165.622,48.267,0
WOMQOE,3.8082,0.0660000000000002,3.8412,3.7752,6.198053,1.4561979999999997,6.926152,5.469954,0.0,0,0,0,3.0,0,3,3,0.5,1,1,0,106.96483,104.063,158.99633,54.93333,1
WOPDEM,4.30525,4.831899999999999,6.7212,1.8893,3.143546,1.154394,3.720743,2.566349,1.5,1,2,1,2.5,3,4,1,1.0,2,2,0,132.287665,36.000670000000014,150.288,114.28733,0
WORQIG,2.01085,1.5668999999999995,2.7943,1.2274,5.2551625,0.4629469999999998,5.486636,5.023689,0.5,1,1,0,4.5,1,5,4,2.0,2,3,1,126.96833,103.874,178.90533,75.03133,0
WOTDOB,6.49105,4.862100000000001,8.9221,4.06,5.0884495,2.779755,6.478327,3.698572,1.0,2,2,0,2.5,1,3,2,0.0,0,0,0,127.118,145.46866,199.85233,54.38367,0
WOVYOV,5.2247,0.6504000000000003,5.5499,4.8995,6.5010215,3.1125990000000003,8.057321,4.944722,0.0,0,0,0,3.0,2,4,2,1.5,1,2,1,45.167835,13.492330000000004,51.914,38.42167,0
WOVZOZ,7.1247,6.519,10.3842,3.8652,4.0671965,0.7482250000000006,4.441309,3.693084,1.5,1,2,1,2.5,3,4,1,1.0,2,2,0,124.314665,21.18467000000001,134.907,113.72233,0
WOYPIJ,9.63685,9.8817,14.5777,4.696,4.6393105,2.7401689999999994,6.009395,3.269226,1.0,2,2,0,4.0,4,6,2,1.5,3,3,0,132.629,176.80934,221.03367,44.22433,0
WUCDEG,4.7243,1.3321999999999994,5.3904,4.0582,6.123952,0.7102640000000005,6.479084,5.76882,0.5,1,1,0,2.5,1,3,2,1.0,2,2,0,79.9325,51.09566,105.48033,54.38467,0
WUFVUP,4.49895,4.1569,6.5774,2.4205,6.1437845,2.7569090000000003,7.522239,4.76533,0.0,0,0,0,4.0,4,6,2,2.0,2,3,1,95.77767,24.99799999999999,108.27667,83.27867,1
WUKRUP,5.24115,2.3637,6.423,4.0593,4.7455365,3.4663729999999995,6.478723,3.01235,1.5,3,3,0,2.5,1,3,2,0.0,0,0,0,129.066665,149.36667,203.75,54.38333,0
WUVKOO,9.64125,2.5143000000000004,10.8984,8.3841,4.18455,0.7887160000000004,4.578908,3.790192,1.5,1,2,1,3.5,1,4,3,1.5,3,3,0,151.05133,48.26400000000001,175.18333,126.91933,0
WUVLEF,9.4118,2.9712,10.8974,7.9262,4.10309,0.6242560000000004,4.415218,3.790962,1.5,1,2,1,3.5,1,4,3,1.5,3,3,0,134.75517000000002,80.84700000000001,175.17867,94.33167,0
WUVMEG,6.893199999999999,6.234,10.0102,3.7762,4.981329000000001,0.9776099999999994,5.470134,4.492524,1.0,2,2,0,3.0,0,3,3,1.5,3,3,0,131.534165,153.19167,208.13,54.93833,1
WUVMIK,8.3785,9.2094,12.9832,3.7738,4.7976875,1.3458769999999998,5.470626,4.124749,1.0,2,2,0,3.0,0,3,3,1.5,3,3,0,131.566335,153.24867,208.19067,54.942,1
WUVXUI,4.9288,4.267,7.0623,2.7953,3.8984715,2.2480630000000006,5.022503,2.77444,0.5,1,1,0,2.5,3,4,1,1.5,1,2,1,106.479835,62.89833,137.929,75.03067,0
WUXXUJ,5.6348,11.2672,11.2684,0.0012,4.3851585,1.6293050000000004,5.199811,3.570506,1.5,1,2,1,4.0,4,6,2,2.5,3,4,1,180.45617,46.58500000000001,203.74867,157.16367,0
WUXYAQ,1.95515,3.8959,3.9031,0.0072,4.487660999999999,0.4045800000000001,4.689951,4.285371,1.5,1,2,1,6.0,4,8,4,4.0,4,6,2,191.429335,43.02932999999999,212.944,169.91467,1
WUYRIR,4.03935,0.9883000000000002,4.5335,3.5452,6.125404,3.16498,7.707894,4.542914,0.0,0,0,0,2.0,2,3,1,1.0,2,2,0,84.11067,94.5,131.36067,36.86067,0
WUZDEC,7.20085,6.4413,10.4215,3.9802,6.157751,2.966258,7.64088,4.674622,0.5,1,1,0,2.5,1,3,2,0.5,1,1,0,98.2,52.988,124.694,71.706,0
WUZDIG,7.201700000000001,6.442,10.4227,3.9807,6.1574645,2.9663510000000004,7.64064,4.674289,0.5,1,1,0,2.5,1,3,2,0.5,1,1,0,98.201835,52.99233,124.698,71.70567,0
XABLOE,6.090949999999999,5.5805,8.8812,3.3007,5.03421,1.0059940000000005,5.537207,4.531213,0.5,1,1,0,1.5,1,2,1,1.0,2,2,0,81.882665,37.15733,100.46133,63.304,0
XABMAR,4.1794,1.7571999999999997,5.058,3.3008,5.287316,0.498996,5.536814,5.037818,0.5,1,1,0,2.5,3,4,1,2.0,0,2,2,86.457335,46.30733000000001,109.611,63.30367,0
XABMEV,5.0824,3.5646,6.8647,3.3001,5.009328,1.0551460000000006,5.536901,4.481755,0.5,1,1,0,2.5,3,4,1,2.0,0,2,2,86.6785,46.754340000000006,110.05567,63.30133,0
XABMIZ,4.94165,3.2859,6.5846,3.2987,4.835939,1.4038060000000003,5.537842,4.134036,0.5,1,1,0,2.5,3,4,1,2.0,0,2,2,88.361,50.15666,113.43933,63.28267,0
XADTIF,6.6568000000000005,7.726,10.5198,2.7938,5.0787245,0.0999110000000005,5.12868,5.028769,0.0,0,0,0,3.5,1,4,3,2.0,2,3,1,84.59817000000001,19.15300000000001,94.17467,75.02167,1
XADTOL,12.4149,19.2854,22.0576,2.7722,4.564352,1.0109880000000002,5.069846,4.058858,0.0,0,0,0,3.0,2,4,2,1.5,1,2,1,86.233,22.43534,97.45067,75.01533,1
XAFSOP,5.134399999999999,0.7465999999999999,5.5077,4.7611,5.731171,2.62034,7.041341,4.421001,0.5,1,1,0,2.0,2,3,1,1.0,0,1,1,81.422,52.58066,107.71233,55.13167,1
XAFSUV01,3.59225,3.8331,5.5088,1.6757,5.3518195,3.378587,7.041113,3.662526,0.5,1,1,0,4.0,6,7,1,1.0,0,1,1,104.96317,99.663,154.79467,55.13167,0
XAFSUV,3.59185,3.8335,5.5086,1.6751,5.3518315,3.3784490000000003,7.041056,3.662607,0.5,1,1,0,4.0,6,7,1,1.0,0,1,1,104.9615,99.65834,154.79067,55.13233,0
XAFTAC,6.81995,2.6225,8.1312,5.5087,4.7070895,4.667247,7.040713,2.373466,0.5,1,1,0,3.5,5,6,1,0.5,1,1,0,98.694165,87.12367,142.256,55.13233,0
XAFTEG,6.029400000000001,1.0416,6.5502,5.5086,4.9051335,4.272221,7.041244,2.769023,0.5,1,1,0,3.0,4,5,1,1.0,0,1,1,96.279835,82.29767000000001,137.42867,55.131,0
XAGDAK,5.42705,3.7627,7.3084,3.5457,6.229703,2.956666,7.708036,4.75137,0.0,0,0,0,3.5,5,6,1,2.5,1,3,2,60.04899999999999,46.37734,83.23767,36.86033,1
XAGWOV,10.99785,1.1377000000000006,11.5667,10.429,4.2480720000000005,0.2058299999999997,4.350987,4.145157,1.0,0,1,1,2.0,0,2,2,0.5,1,1,0,132.98617000000002,32.61699999999999,149.29467,116.67767,0
XAGWUB,12.51045,1.8874999999999995,13.4542,11.5667,4.0579115,0.174169,4.144996,3.970827,1.0,0,1,1,2.0,0,2,2,0.5,1,1,0,137.53983,23.504999999999995,149.29233,125.78733,0
XAGXIQ,10.25165,2.630700000000001,11.567,8.9363,4.332171499999999,0.3733370000000002,4.51884,4.145503,1.0,0,1,1,2.0,0,2,2,0.5,1,1,0,132.875335,32.82533000000001,149.288,116.46267,0
XAGXOW,10.284,2.5662000000000003,11.5671,9.0009,4.297352999999999,0.3038160000000003,4.449261,4.145445,1.0,0,1,1,2.0,0,2,2,0.5,1,1,0,137.149835,24.286330000000007,149.293,125.00667,0
XAGYAJ,10.03805,3.0589000000000013,11.5675,8.5086,4.3170645,0.3439490000000003,4.489039,4.14509,1.0,0,1,1,2.0,0,2,2,0.5,1,1,0,131.582,35.42133999999999,149.29267,113.87133,0
XAGYEN,11.6546,0.173,11.7411,11.5681,4.0468325,0.195983,4.144824,3.948841,1.0,0,1,1,2.5,1,3,2,1.0,0,1,1,131.06933,36.45,149.29433,112.84433,0
XAGYIR,9.77335,3.5894999999999992,11.5681,7.9786,3.2685415,1.752223,4.144653,2.39243,1.0,0,1,1,3.0,2,4,2,0.5,1,1,0,136.824665,24.938670000000016,149.294,124.35533,0
XAGZAK,7.18075,8.7731,11.5673,2.7942,4.585437,0.8803140000000003,5.025594,4.14528,0.5,1,1,0,3.0,2,4,2,1.0,0,1,1,112.16167000000002,74.26,149.29167,75.03167,0
XALCOC,8.263349999999999,5.746899999999999,11.1368,5.3899,5.1676755,1.2018709999999997,5.768611,4.56674,0.5,1,1,0,3.0,2,4,2,1.0,2,2,0,129.059,47.15665999999999,152.63733,105.48067,0
XALCUI,8.26345,5.7459,11.1364,5.3905,5.167736,1.201682,5.768577,4.566895,0.5,1,1,0,3.0,2,4,2,1.0,2,2,0,129.0605,47.15834,152.63967,105.48133,1
XALWEM,11.301,0.3327999999999989,11.4674,11.1346,4.4091095,0.3161709999999997,4.567195,4.251024,0.5,1,1,0,2.5,3,4,1,0.5,1,1,0,160.786835,16.299669999999992,168.93667,152.637,1
XANPOT,3.28695,0.5312999999999999,3.5526,3.0213,6.842829,3.61938,8.652519,5.033139,0.0,0,0,0,5.5,9,10,1,2.0,4,4,0,122.91,154.58800000000002,200.204,45.616,0
XAPXAN,7.669099999999999,8.8408,12.0895,3.2487,5.101864,2.1490600000000004,6.176394,4.027334,0.5,1,1,0,2.5,1,3,2,1.0,2,2,0,117.4605,103.70634,169.31367,65.60733,0
XAPXER,10.73835,10.3687,15.9227,5.554,4.277169,1.617454,5.085896,3.468442,1.0,0,1,1,2.5,1,3,2,1.0,2,2,0,141.33333,58.06999999999998,170.36833,112.29833,0
XAQCIC,7.56465,5.712699999999999,10.421,4.7083,5.357689000000001,1.3659620000000006,6.04067,4.674708,1.5,1,2,1,1.5,3,3,0,0.5,1,1,0,157.90483,66.419,191.11433,124.69533,1
XAQCOI,5.89295,4.1211,7.9535,3.8324,5.32095,1.3657520000000003,6.003826,4.638074,1.5,1,2,1,2.0,4,4,0,1.0,0,1,1,155.83416499999998,71.25433000000001,191.46133,120.207,1
XAQCUO,7.3228,6.200200000000001,10.4229,4.2227,5.357393999999999,1.3636299999999997,6.039209,4.675579,1.5,1,2,1,1.5,3,3,0,0.5,1,1,0,158.1375,66.94300000000001,191.609,124.666,1
XAQPEM,6.049,7.3642,9.7311,2.3669,4.323831,0.8423599999999998,4.745011,3.902651,0.5,1,1,0,2.5,3,4,1,1.5,1,2,1,92.061165,27.08233,105.60233,78.52,0
XAQYOF,4.1922,2.678,5.5312,2.8532,6.5273455,0.9394749999999998,6.997083,6.057608,0.0,0,0,0,2.0,2,3,1,2.5,3,4,1,50.7655,17.275659999999995,59.40333,42.12767,1
XAQZUM,6.83905,0.6387,7.1584,6.5197,5.737574,2.1415700000000006,6.808359,4.666789,0.0,0,0,0,3.0,2,4,2,1.5,1,2,1,87.368,16.80534,95.77067,78.96533,0
XARVIX,10.9756,1.1083999999999996,11.5298,10.4214,4.699683,0.0501320000000005,4.724749,4.674617,1.0,0,1,1,2.0,2,3,1,0.5,1,1,0,145.061,40.73266000000001,165.42733,124.69467,0
XARVUJ,10.58485,0.3313000000000006,10.7505,10.4192,4.7009805,0.0483250000000001,4.725143,4.676818,1.0,0,1,1,2.0,2,3,1,0.5,1,1,0,151.185835,53.031670000000005,177.70167,124.67,0
XAYGUA,6.93185,6.3161000000000005,10.0899,3.7738,5.040597999999999,0.8598819999999998,5.470539,4.610657,0.5,1,1,0,2.0,2,3,1,1.0,2,2,0,107.99383,106.113,161.05033,54.93733,0
XAYKAN,6.1683,4.217600000000001,8.2771,4.0595,5.9787845,0.999853,6.478711,5.478858,1.0,2,2,0,2.5,1,3,2,0.0,0,0,0,100.718835,92.67033,147.054,54.38367,0
XAZQIA,9.11515,5.933299999999999,12.0818,6.1485,5.241454,0.8917839999999995,5.687346,4.795562,0.5,1,1,0,2.0,4,4,0,1.0,0,1,1,77.65867,24.039999999999992,89.67867,65.63867,0
XAZRAU,8.1914,8.832799999999999,12.6078,3.775,5.178875,0.5827400000000003,5.470245,4.887505,0.5,1,1,0,3.0,0,3,3,1.5,3,3,0,78.037,46.20134,101.13767,54.93633,0
XAZROI,8.85455,7.5047,12.6069,5.1022,4.935801,0.0972400000000002,4.984421,4.887181,0.5,1,1,0,2.5,1,3,2,1.5,3,3,0,95.555335,11.16467,101.13767,89.973,0
XAZZEH,3.1465,2.2544,4.2737,2.0193,4.8774655000000005,4.375589,7.06526,2.689671,0.0,0,0,0,6.0,10,11,1,1.5,1,2,1,92.975335,88.86066999999998,137.40567,48.545,0
XEFTUA,7.965,1.1278000000000006,8.5289,7.4011,3.649109,0.4634499999999999,3.880834,3.417384,1.0,0,1,1,4.5,1,5,4,3.0,4,5,1,140.481,50.26934,165.61567,115.34633,0
XEGHAU,5.8598,9.4194,10.5695,1.1501,5.2368915000000005,1.3995349999999993,5.936659,4.537124,1.0,2,2,0,3.5,1,4,3,2.0,2,3,1,125.68483,130.30700000000002,190.83833,60.53133,0
XEGHIC,12.10625,3.072899999999999,13.6427,10.5698,3.9502535,1.1752250000000002,4.537866,3.362641,1.0,2,2,0,3.5,1,4,3,2.0,2,3,1,146.356165,88.95167,190.832,101.88033,0
XEGHOI,13.87375,6.611100000000002,17.1793,10.5682,3.7453475,1.5839609999999995,4.537328,2.953367,1.0,2,2,0,3.5,1,4,3,2.0,2,3,1,152.8625,75.94433999999998,190.83467,114.89033,0
XEGJAW,17.0399,12.941,23.5104,10.5694,3.5230955,2.028691,4.537441,2.50875,1.0,2,2,0,3.5,1,4,3,2.0,2,3,1,166.74383,48.185,190.83633,142.65133,0
XEGLAW,13.0501,5.7944,15.9473,10.1529,4.387641,1.4847320000000002,5.130007,3.645275,1.0,0,1,1,2.5,1,3,2,1.0,2,2,0,133.857335,41.59733,154.656,113.05867,0
XEHZEP,2.28205,0.3113000000000001,2.4377,2.1264,6.901714500000001,2.572933,8.188181,5.615248,0.0,0,0,0,2.5,3,4,1,1.5,1,2,1,66.161,35.986,84.154,48.168,0
XEJKUS,8.304400000000001,0.1977999999999991,8.4033,8.2055,5.312514,1.257396,5.941212,4.683816,1.0,0,1,1,2.0,2,3,1,1.5,1,2,1,122.96133,9.726,127.82433,118.09833,0
XEJLON,8.15075,0.111699999999999,8.2066,8.0949,5.3448485,1.1918449999999998,5.940771,4.748926,1.0,0,1,1,2.0,2,3,1,1.5,1,2,1,122.072835,11.50233,127.824,116.32167,1
XELBEZ,2.49875,0.4215,2.7095,2.288,5.0517765,2.983361,6.543457,3.560096,0.5,1,1,0,4.0,6,7,1,1.0,2,2,0,140.018665,36.58533,158.31133,121.726,0
XELJED,1.4152,2.8288,2.8296,0.0008,6.269045500000001,3.1710830000000003,7.854587,4.683504,0.0,0,0,0,2.5,3,4,1,1.0,2,2,0,78.71199999999999,26.218000000000004,91.821,65.603,0
XELJUT,3.1797,0.7023999999999999,3.5309,2.8285,6.3019355,3.1061770000000006,7.855024,4.748847,0.0,0,0,0,3.0,4,5,1,1.0,2,2,0,80.917,30.62666,96.23033,65.60367,0
XELKAA,4.5304,1.999,5.5299,3.5309,6.0502035,2.602669,7.351538,4.748869,0.0,0,0,0,3.0,4,5,1,1.0,2,2,0,81.206665,30.045330000000007,96.22933,66.184,0
XEMMEK,9.95165,6.463099999999999,13.1832,6.7201,3.9545195,2.777775,5.343407,2.565632,1.0,0,1,1,3.0,2,4,2,1.0,2,2,0,122.29617,56.023,150.30767,94.28467,0
XEMMIO,5.009449999999999,3.4181,6.7185,3.3004,4.0520325,2.969679,5.536872,2.567193,0.5,1,1,0,2.5,3,4,1,1.0,2,2,0,106.793665,86.98532999999999,150.28633,63.301,0
XEQXEX,2.96355,1.3555,3.6413,2.2858,5.941321,4.76145,8.322046,3.560596,0.5,1,1,0,4.0,6,7,1,1.0,2,2,0,125.029,66.56134000000002,158.30967,91.74833,0
XETHEN,4.8178,4.7636,7.1996,2.436,5.360094,0.5107400000000002,5.615464,5.104724,1.0,2,2,0,3.5,1,4,3,2.5,3,4,1,126.95633,157.576,205.74433,48.16833,0
XETSEU,3.9677,4.723800000000001,6.3296,1.6058,4.227939,0.9873919999999998,4.721635,3.734243,1.0,2,2,0,3.5,5,6,1,2.0,4,4,0,146.667165,184.20833,238.77133,54.563,0
XIBCAP,3.2429,1.9166,4.2012,2.2846,5.6410655,4.161281000000001,7.721706,3.560425,0.5,1,1,0,4.0,6,7,1,1.0,2,2,0,105.16667,106.296,158.31467,52.01867,0
XIBDIX,8.89375,3.575899999999999,10.6817,7.1058,4.356901,0.9894639999999996,4.851633,3.862169,0.5,1,1,0,2.5,3,4,1,3.0,2,4,2,95.075835,30.83367,110.49267,79.659,0
XIBDOD,9.68925,5.2893,12.3339,7.0446,4.245224,1.124286,4.807367,3.683081,0.5,1,1,0,3.0,4,5,1,3.5,1,4,3,97.576,35.82199999999999,115.487,79.665,0
XIBDUJ,8.9088,3.729600000000001,10.7736,7.044,4.331648,0.9507939999999996,4.807045,3.856251,0.5,1,1,0,2.0,2,3,1,2.5,3,4,1,92.8465,26.361000000000004,106.027,79.666,0
XICPUW,8.4775,5.808999999999999,11.382,5.573,4.6504035,0.9487390000000008,5.124773,4.176034,1.0,2,2,0,3.0,4,5,1,2.0,2,3,1,165.55599999999998,188.89266,260.00233,71.10967,0
XICRIM,6.45805,1.7743000000000002,7.3452,5.5709,4.66791,0.9146099999999996,5.125215,4.210605,0.5,1,1,0,3.0,2,4,2,2.5,1,3,2,95.8335,49.45034000000001,120.55867,71.10833,0
XICROS,6.457050000000001,1.7701000000000002,7.3421,5.572,4.667992,0.913976,5.12498,4.211004,0.5,1,1,0,3.0,2,4,2,2.5,1,3,2,95.819,49.426,120.532,71.106,0
XIJBIE,9.79365,13.277300000000002,16.4323,3.155,5.554539,0.0590220000000005,5.58405,5.525028,0.5,1,1,0,2.5,1,3,2,1.5,1,2,1,80.507,60.61666,110.81533,50.19867,1
XIJBOK,14.9668,2.930399999999999,16.432,13.5016,4.617389,1.815444,5.525111,3.709667,1.0,0,1,1,3.5,3,5,2,2.0,0,2,2,142.087835,62.549670000000006,173.36267,110.813,1
XIPCOP,5.37105,2.6235,6.6828,4.0593,5.463808,2.02979,6.478703,4.448913,0.5,1,1,0,2.5,1,3,2,0.0,0,0,0,114.58717,120.411,174.79267,54.38167,0
XIPLUF,7.0108,9.4524,11.737,2.2846,3.727698,0.3348420000000001,3.895119,3.560277,1.0,0,1,1,3.5,7,7,0,0.5,1,1,0,162.031335,7.426670000000001,165.74467,158.318,0
XIQFOS,9.70635,1.6502999999999997,10.5315,8.8812,4.6006385000000005,0.1388509999999998,4.670064,4.531213,1.0,0,1,1,2.0,0,2,2,1.0,2,2,0,137.75083,74.57900000000001,175.04033,100.46133,0
XIQLEQ,9.4765,9.560200000000002,14.2566,4.6964,6.27608,0.5341740000000001,6.543167,6.008993,0.0,0,0,0,1.0,2,2,0,1.5,3,3,0,108.1245,127.80366,172.02633,44.22267,0
XISLIV01,11.01375,11.824099999999998,16.9258,5.1017,4.81179,0.3455079999999997,4.984544,4.639036,1.0,2,2,0,3.0,2,4,2,1.0,2,2,0,141.29683,102.647,192.62033,89.97333,0
XISLIV,11.01345,11.822300000000002,16.9246,5.1023,4.8119305,0.3445429999999998,4.984202,4.639659,1.0,2,2,0,3.0,2,4,2,1.0,2,2,0,141.29532999999998,102.648,192.61933,89.97133,0
XISVUT,4.00175,7.830699999999999,7.9171,0.0864,6.464743,3.318276000000001,8.123881,4.805605,0.5,1,1,0,2.5,1,3,2,2.0,2,3,1,89.1215,47.05366000000001,112.64833,65.59467,0
XISVUU,15.55005,1.3255000000000017,16.2128,14.8873,3.5957165,0.6819629999999997,3.936698,3.254735,1.5,1,2,1,2.0,2,3,1,1.0,2,2,0,157.2585,98.04634,206.28167,108.23533,1
XISWAA,6.18395,11.1123,11.7401,0.6278,6.0593295,4.2201070000000005,8.169383,3.949276,0.5,1,1,0,2.5,1,3,2,2.0,2,3,1,88.96983,47.747,112.84333,65.09633,0
XITGIT,9.9991,6.9122,13.4552,6.543,4.5458235,1.147725,5.119686,3.971961,0.5,1,1,0,2.0,0,2,2,1.0,2,2,0,142.218,32.85266,158.64433,125.79167,1
XITGOZ,7.336450000000001,1.5871000000000004,8.13,6.5429,3.747122,2.746238,5.120241,2.374003,0.5,1,1,0,4.0,4,6,2,1.0,2,2,0,150.447,16.387339999999995,158.64067,142.25333,0
XITREZ,10.20395,5.1137,12.7608,7.6471,4.532607,1.97766,5.521437,3.543777,1.5,1,2,1,1.0,2,2,0,0.5,1,1,0,128.382835,53.82366999999999,155.29467,101.471,0
XITRID,12.5361,0.4481999999999999,12.7602,12.312,4.3003355,1.5131669999999997,5.056919,3.543752,1.5,1,2,1,1.0,2,2,0,0.5,1,1,0,129.8085,50.97434,155.29567,104.32133,0
XITROJ,12.1879,1.1471999999999998,12.7615,11.6143,4.3119265,1.537349,5.080601,3.543252,1.5,1,2,1,1.0,2,2,0,0.5,1,1,0,132.022335,46.54532999999999,155.295,108.74967,0
XITRUP,13.70195,1.8844999999999992,14.6442,12.7597,4.1901055,1.291769,4.83599,3.544221,1.5,1,2,1,1.0,2,2,0,0.5,1,1,0,133.809665,42.97333000000002,155.29633,112.323,0
XIYCUH,4.2632,2.3074,5.4169,3.1095,4.68976,0.8117419999999997,5.095631,4.283889,1.0,0,1,1,2.5,3,4,1,1.5,1,2,1,101.763665,3.1853299999999933,103.35633,100.171,0
XIYSII,9.49275,6.6633,12.8244,6.1611,5.166929,1.842198000000001,6.088028,4.24583,1.0,0,1,1,1.5,3,3,0,1.0,0,1,1,101.5175,56.865660000000005,129.95033,73.08467,0
XOBFIE,9.6992,12.9712,16.1848,3.2136,5.8932385,4.322668999999999,8.054573,3.731904,1.0,2,2,0,3.0,0,3,3,2.0,4,4,0,162.888,140.96265999999997,233.36933,92.40667,0
XOBVOC,9.7762,6.213,12.8827,6.6697,5.035624,1.2019700000000002,5.636609,4.434639,1.5,1,2,1,2.0,4,4,0,0.5,1,1,0,210.302835,65.67433,243.14,177.46567,0
XOCMEK,11.26445,3.2393,12.8841,9.6448,4.1284365,2.1730810000000003,5.214977,3.041896,1.0,0,1,1,3.0,4,5,1,1.0,0,1,1,105.980835,23.926330000000007,117.944,94.01767,1
XOJZIH,7.775499999999999,8.4604,12.0057,3.5453,5.8434225,3.729433,7.708139,3.978706,1.0,2,2,0,2.0,2,3,1,1.0,2,2,0,101.47467,129.228,166.08867,36.86067,0
XOKSAR,10.2432,14.898799999999998,17.6926,2.7938,3.9338655,2.1802970000000004,5.024014,2.843717,0.5,1,1,0,3.0,2,4,2,2.0,2,3,1,142.51817,134.969,210.00267,75.03367,0
XOKSAT,6.65565,6.0825,9.6969,3.6144,4.607455,0.4179399999999997,4.816425,4.398485,0.5,1,1,0,2.5,3,4,1,1.5,1,2,1,91.0605,30.305,106.213,75.908,0
XOLLAL,7.288,10.9424,12.7592,1.8168,5.8458085,4.602649,8.147133,3.544484,1.0,2,2,0,1.5,1,2,1,0.5,1,1,0,112.8445,84.89833999999999,155.29367,70.39533,0
XOLLIT,9.0231,14.416200000000002,16.2312,1.815,5.831156,4.635110000000001,8.148711,3.513601,0.0,0,0,0,1.5,1,2,1,0.5,1,1,0,99.291,57.80599999999998,128.194,70.388,1
XOMPUK,2.40135,0.9057000000000002,2.8542,1.9485,6.765115,1.4160839999999997,7.473157,6.057073,0.0,0,0,0,2.0,2,3,1,2.0,2,3,1,49.129,14.00466,56.13133,42.12667,0
XOMTUP01,7.4229,5.9926,10.4192,4.4266,6.322814,3.2919719999999995,7.9688,4.676828,0.5,1,1,0,2.5,1,3,2,1.0,2,2,0,87.337,74.666,124.67,50.004,0
XOMTUP02,7.4249,5.997999999999999,10.4239,4.4259,6.3224195000000005,3.294415,7.969627,4.675212,0.5,1,1,0,2.5,1,3,2,1.0,2,2,0,87.33633499999999,74.66533,124.669,50.00367,0
XOMZUW,7.6915,4.238,9.8105,5.5725,4.8192295000000005,0.6106869999999995,5.124573,4.513886,0.0,0,0,0,2.0,2,3,1,1.5,3,3,0,92.258665,42.30333,113.41033,71.107,0
XOQQUS,2.71075,0.8497000000000003,3.1356,2.2859,4.1566855,1.1917109999999995,4.752541,3.56083,0.5,1,1,0,4.0,6,7,1,1.5,3,3,0,115.3495,85.90499999999999,158.302,72.397,0
XOQRAZ,2.4049,1.4601999999999995,3.135,1.6748,4.207451000000001,1.0901620000000003,4.752532,3.66237,0.5,1,1,0,4.0,6,7,1,2.0,2,3,1,113.598165,82.40633000000001,154.80133,72.395,1
XOTBIT,8.966149999999999,4.1747,11.0535,6.8788,4.585768,1.2961839999999998,5.23386,3.937676,1.0,0,1,1,2.5,1,3,2,2.0,2,3,1,163.995,116.17199999999998,222.081,105.909,0
XOTPUT,8.9012,3.051,10.4267,7.3757,4.597939,1.2748,5.235339,3.960539,1.0,0,1,1,3.0,2,4,2,2.5,1,3,2,166.49383,110.489,221.73833,111.24933,1
XOTPUU,5.3143,6.096400000000001,8.3625,2.2661,4.852768,2.645786,6.175661,3.529875,0.5,1,1,0,5.5,3,7,4,0.0,0,0,0,136.75983,42.96699999999999,158.24333,115.27633,0
XOVVEJ,11.3044,4.717599999999999,13.6632,8.9456,4.680074,0.8263639999999999,5.093256,4.266892,0.5,1,1,0,3.0,6,6,0,1.5,1,2,1,103.806665,5.319329999999994,106.46633,101.147,0
XOWBUJ,4.70475,6.5515,7.9805,1.429,5.326457,5.869112,8.261013,2.391901,0.5,1,1,0,2.5,3,4,1,1.0,2,2,0,91.928835,64.85633,124.357,59.50067,0
XOWWEO,6.05775,8.3347,10.2251,1.8904,3.748058,0.0544760000000001,3.775296,3.72082,1.5,1,2,1,2.5,3,4,1,1.0,2,2,0,123.73433,18.896,133.18233,114.28633,0
XOXGUM,11.39325,12.9905,17.8885,4.898,4.6946895,0.5007929999999998,4.945086,4.444293,0.0,0,0,0,3.0,2,4,2,1.5,1,2,1,74.645,45.46865999999999,97.37933,51.91067,0
XUGBOT01,6.09315,2.1649000000000003,7.1756,5.0107,5.7544505,0.0891570000000001,5.799029,5.709872,0.5,1,1,0,2.5,1,3,2,2.0,2,3,1,90.499165,59.95766999999999,120.478,60.52033,0
XUGBOT,6.09535,2.1673,7.179,5.0117,5.7542065,0.0891569999999992,5.798785,5.709628,0.5,1,1,0,2.5,1,3,2,2.0,2,3,1,90.498335,59.96066999999999,120.47867,60.518,1
XUGCAG,5.3081,0.5956000000000001,5.6059,5.0103,5.860958,0.3013519999999996,6.011634,5.710282,0.5,1,1,0,2.0,2,3,1,1.5,1,2,1,82.3785,43.72165999999999,104.23933,60.51767,1
XUJNOH,5.152699999999999,0.5065999999999997,5.406,4.8994,6.037694500000001,2.186493,7.130941,4.944448,0.0,0,0,0,4.0,0,4,4,3.0,4,5,1,69.241,34.65266,86.56733,51.91467,0
XUKDEM,3.6765,0.7652000000000001,4.0591,3.2939,5.7192810000000005,1.5189779999999995,6.47877,4.959792,0.5,1,1,0,3.5,1,4,3,0.0,0,0,0,110.5665,112.37234,166.75267,54.38033,0
XUKJOD,3.4865000000000004,2.4398000000000004,4.7064,2.2666,4.4461395,1.8327530000000003,5.362516,3.529763,1.0,0,1,1,3.5,7,7,0,0.5,1,1,0,156.976665,2.532669999999996,158.243,155.71033,1
XULCEP,4.7644,1.4074,5.4681,4.0607,5.07446,2.807624,6.478272,3.670648,0.0,0,0,0,2.5,1,3,2,0.5,1,1,0,116.3245,123.889,178.269,54.38,0
XULCIT,5.8377,3.5564,7.6159,4.0595,4.943977,3.069446,6.4787,3.409254,0.5,1,1,0,3.0,0,3,3,0.5,1,1,0,131.040165,153.30966999999998,207.695,54.38533,0
XULXIN,3.2425,1.6336000000000004,4.0593,2.4257,5.2867105,2.383731,6.478576,4.094845,0.0,0,0,0,3.0,0,3,3,0.0,0,0,0,109.257165,109.74233,164.12833,54.386,0
XUMKAU,7.28475,10.1003,12.3349,2.2346,4.324548999999999,1.2838719999999997,4.966485,3.682613,1.0,0,1,1,3.0,4,5,1,2.5,1,3,2,90.004835,50.96633,115.488,64.52167,0
XUMLUP,5.7666,10.4044,10.9688,0.5644,6.2352975,3.758203000000001,8.114399,4.356196,0.5,1,1,0,3.0,0,3,3,2.0,4,4,0,101.347335,65.24866999999999,133.97167,68.723,0
XUMMAW,3.35745,5.5839,6.1494,0.5655,6.454786,3.317958000000001,8.113765,4.795807,0.0,0,0,0,3.5,1,4,3,2.5,3,4,1,67.17733000000001,3.0919999999999987,68.72333,65.63133,0
XUMMEA,3.9186,6.7038,7.2705,0.5667,6.2894945,3.6474569999999993,8.113223,4.465766,0.0,0,0,0,3.5,1,4,3,2.5,3,4,1,73.16866999999999,8.89,77.61367,68.72367,0
XUNCAL,6.9898,4.586599999999999,9.2831,4.6965,5.5157835,0.9878969999999994,6.009732,5.021835,0.5,1,1,0,1.5,1,2,1,1.0,2,2,0,103.165335,117.87333,162.102,44.22867,1
XUPKUO,10.54355,3.2631,12.1751,8.912,4.950561,0.8134419999999993,5.357282,4.54384,1.0,0,1,1,2.0,2,3,1,1.0,2,2,0,152.204665,15.732669999999985,160.071,144.33833,1
XUVBEX,6.3488,5.465400000000001,9.0815,3.6161,5.398085,1.999528,6.397849,4.398321,0.0,0,0,0,3.0,2,4,2,1.5,1,2,1,77.98883000000001,4.1569999999999965,80.06733,75.91033,0
XUVLUV,6.28625,5.027299999999999,8.7999,3.7726,4.748136,1.446218,5.471245,4.025027,0.5,1,1,0,2.5,1,3,2,1.0,2,2,0,134.288,158.69134,213.63367,54.94233,0
XUVPOU,5.97395,4.0135,7.9807,3.9672,3.884337,2.98516,5.376917,2.391757,0.5,1,1,0,3.0,2,4,2,1.0,2,2,0,100.97117,46.765,124.35367,77.58867,1
XUVQEL,7.361899999999999,6.787599999999999,10.7557,3.9681,4.6878855,1.3761309999999995,5.375951,3.99982,1.0,2,2,0,2.5,1,3,2,1.5,1,2,1,157.54333,159.89999999999998,237.49333,77.59333,0
XUVRAI,5.14015,5.1641,7.7222,2.5581,4.2183055,2.807691,5.622151,2.81446,0.0,0,0,0,4.0,2,5,3,0.5,1,1,0,107.249835,0.3683300000000002,107.434,107.06567,0
XUVXER,6.671049999999999,10.6813,12.0117,1.3304,5.472788,0.0171520000000002,5.481364,5.464212,0.5,1,1,0,1.0,2,2,0,0.5,1,1,0,62.237,54.59934,89.53667,34.93733,0
XUYVAO,4.31825,1.5677,5.1021,3.5344,6.36339,2.7590760000000003,7.742928,4.983852,0.0,0,0,0,2.0,0,2,2,1.0,2,2,0,78.86216999999999,22.22500000000001,89.97467,67.74967,1
YADBOU,8.64055,1.6874999999999991,9.4843,7.7968,4.8187275,0.0354369999999999,4.836446,4.801009,1.0,0,1,1,2.0,2,3,1,1.0,0,1,1,131.3075,27.90634,145.26067,117.35433,0
YADHIW,9.06905,4.7681,11.4531,6.685,5.0535715,0.1931349999999998,5.150139,4.957004,1.0,0,1,1,2.5,3,4,1,1.0,0,1,1,112.842335,9.578670000000002,117.63167,108.053,0
YAGKAT,8.6015,4.043400000000001,10.6232,6.5798,5.008205,0.486332,5.251371,4.765039,0.0,0,0,0,4.5,3,6,3,3.0,0,3,3,89.490335,12.41667000000001,95.69867,83.282,1
YAGKEY,4.5894,3.5908,6.3848,2.794,5.850866,1.6544539999999994,6.678093,5.023639,0.0,0,0,0,3.5,1,4,3,1.5,1,2,1,72.2625,5.543000000000006,75.034,69.491,0
YAGNEB,9.8765,1.085799999999999,10.4194,9.3336,5.333867,1.3140340000000004,5.990884,4.67685,1.0,0,1,1,1.5,3,3,0,0.5,1,1,0,99.25367,50.834,124.67067,73.83667,0
YAGNIF,10.48775,0.1356999999999999,10.5556,10.4199,5.1682305,0.9833689999999996,5.659915,4.676546,1.0,0,1,1,1.5,3,3,0,0.5,1,1,0,106.943,35.45534000000001,124.67067,89.21533,0
YAJFEX,4.804600000000001,7.158600000000001,8.3839,1.2253,5.0994945,1.040279,5.619634,4.579355,1.0,0,1,1,2.0,2,3,1,1.0,2,2,0,112.738165,28.35767,126.917,98.55933,0
YAJGAU,4.73835,7.0767,8.2767,1.2,4.530919,2.165958,5.613898,3.44794,1.0,0,1,1,2.0,2,3,1,1.0,2,2,0,127.71067,58.28,156.85067,98.57067,0
YAJHIE,7.00215,4.6177,9.311,4.6933,4.728122,2.57658,6.016412,3.439832,1.0,2,2,0,3.5,3,5,2,1.5,3,3,0,129.917165,171.39167,215.613,44.22133,0
YAJHUO,6.865,6.575800000000001,10.1529,3.5771,4.7657765,0.3596909999999997,4.945622,4.585931,0.5,1,1,0,2.0,0,2,2,1.5,3,3,0,98.658665,102.28133,149.79933,47.518,1
YALWEO,12.86385,6.6145,16.1711,9.5566,3.7977205,1.0041629999999997,4.299802,3.295639,2.0,0,2,2,2.0,2,3,1,1.0,2,2,0,188.776165,39.23033000000001,208.39133,169.161,0
YARPAL,6.22335,4.3291,8.3879,4.0588,5.118993,2.71964,6.478813,3.759173,2.0,4,4,0,1.5,3,3,0,0.0,0,0,0,137.21366999999998,165.658,220.04267,54.38467,0
YARQAJ,4.7611,0.1281999999999996,4.8252,4.697,5.304298,1.410648,6.009622,4.598974,1.0,2,2,0,1.5,1,2,1,0.5,1,1,0,107.1745,125.89566,170.12233,44.22667,0
YAWCOQ,7.42545,9.3111,12.081,2.7699,5.381871,0.6119300000000001,5.687836,5.075906,0.5,1,1,0,2.0,4,4,0,1.0,0,1,1,82.3485,14.671660000000005,89.68433,75.01267,0
YAXPEW,4.43135,1.7127,5.2877,3.575,5.335096999999999,0.7744679999999997,5.722331,4.947863,0.5,1,1,0,1.5,1,2,1,1.0,2,2,0,62.769335,30.49133,78.015,47.52367,0
YAXROG,10.99935,12.475299999999995,17.237,4.7617,4.4472985000000005,0.0539449999999996,4.474271,4.420326,1.5,1,2,1,2.0,2,3,1,1.0,0,1,1,159.632335,103.82867,211.54667,107.718,0
YECVEL,10.28095,5.2369,12.8994,7.6625,4.1248105,0.208933,4.229277,4.020344,0.5,1,1,0,3.5,5,6,1,1.0,2,2,0,123.2035,79.52034,162.96367,83.44333,0
YECVOV01,10.26385,5.2041,12.8659,7.6618,4.140009,0.2387099999999993,4.259364,4.020654,0.5,1,1,0,3.5,5,6,1,1.0,2,2,0,123.1905,79.49366,162.93733,83.44367,0
YECXEN,9.23015,7.3141,12.8872,5.5731,4.697171,0.8551359999999999,5.124739,4.269603,0.0,0,0,0,4.0,4,6,2,1.5,3,3,0,116.95567,91.696,162.80367,71.10767,0
YEDCUI,6.701650000000001,6.311100000000001,9.8572,3.5461,5.6972415,4.024825,7.709654,3.684829,0.5,1,1,0,2.5,3,4,1,1.0,2,2,0,108.171165,142.62167,179.482,36.86033,1
YEFDOE,3.77605,2.9797,5.2659,2.2862,4.916915,2.712496,6.273163,3.560667,0.5,1,1,0,4.5,5,7,2,1.0,2,2,0,135.73666500000002,45.131330000000005,158.30233,113.171,0
YEFXOX,18.90545,6.300099999999999,22.0555,15.7554,3.5651065,0.986259,4.058236,3.071977,0.0,0,0,0,3.0,2,4,2,1.5,1,2,1,100.051835,5.2036700000000025,102.65367,97.45,1
YEHWIT,8.1849,5.2594,10.8146,5.5552,4.346041,1.4802259999999996,5.086154,3.605928,1.0,0,1,1,3.0,2,4,2,1.0,2,2,0,170.82299999999998,117.052,229.349,112.297,0
YEHZES,12.00155,2.3701000000000008,13.1866,10.8165,4.4753240000000005,1.739648,5.345148,3.6055,1.0,0,1,1,3.0,2,4,2,1.0,2,2,0,161.8215,135.06434,229.35367,94.28933,0
YEJYIV,4.831799999999999,0.1315999999999997,4.8976,4.766,6.371532500000001,2.852707,7.797886,4.945179,0.0,0,0,0,3.0,2,4,2,1.5,1,2,1,50.95583,1.9129999999999967,51.91233,49.99933,0
YEMZID,10.25405,1.2876999999999992,10.8979,9.6102,4.0594885,0.5373949999999996,4.328186,3.790791,2.0,0,2,2,3.5,1,4,3,2.0,2,3,1,202.06983,53.767,228.95333,175.18633,0
YENVIA,10.2075,6.623,13.519,6.896,4.687492499999999,3.002415,6.1887,3.186285,1.0,2,2,0,2.0,2,3,1,1.0,2,2,0,99.708165,100.19033,149.80333,49.613,0
YENVOG,8.58325,9.8703,13.5184,3.6481,5.4699480000000005,4.566828,7.753362,3.186534,1.0,2,2,0,2.0,2,3,1,1.0,2,2,0,105.175665,89.23933000000001,149.79533,60.556,0
YENWAT01,8.26565,10.5047,13.518,3.0133,5.507878,4.64279,7.829273,3.186483,1.0,2,2,0,2.0,2,3,1,1.0,2,2,0,104.990335,89.61666999999998,149.79867,60.182,0
YEPBEB,6.95675,4.1157,9.0146,4.8989,5.383751,0.88049,5.823996,4.943506,0.5,1,1,0,2.0,4,4,0,2.0,2,3,1,117.9215,132.00433999999998,183.92367,51.91933,1
YEPPUI,4.018000000000001,0.0834000000000001,4.0597,3.9763,5.0394465,2.8780310000000005,6.478462,3.600431,1.5,3,3,0,2.0,2,3,1,0.0,0,0,0,136.76567,164.764,219.14767,54.38367,0
YEPQAP,5.458600000000001,2.7928000000000006,6.855,4.0622,5.1853165,2.584849,6.477741,3.892892,0.5,1,1,0,2.5,1,3,2,0.5,1,1,0,133.13117,157.489,211.87567,54.38667,0
YEQCED,5.87795,3.6383,7.6971,4.0588,6.403155,0.1513900000000001,6.47885,6.32746,0.0,0,0,0,3.0,0,3,3,0.0,0,0,0,107.763,106.76,161.143,54.383,0
YERXUP,5.33595,3.5889,7.1304,3.5415,3.826011,1.4956300000000002,4.573826,3.078196,0.5,1,1,0,3.0,2,4,2,1.5,1,2,1,104.791165,53.18033,131.38133,78.201,0
YESCEI,7.485250000000001,0.8805000000000005,7.9255,7.045,4.6115825,0.3918909999999993,4.807528,4.415637,0.5,1,1,0,2.0,2,3,1,2.0,4,4,0,86.9995,14.667000000000002,94.333,79.666,0
YESSUL,2.1841,3.5908,3.9795,0.3887,7.4431095,0.3959650000000003,7.641092,7.245127,0.0,0,0,0,3.0,2,4,2,0.5,1,1,0,86.494,29.576660000000004,101.28233,71.70567,0
YETFOV,2.372,3.3782,4.0611,0.6829,5.3054445,2.3452730000000006,6.478081,4.132808,0.5,1,1,0,2.5,1,3,2,0.0,0,0,0,129.465165,150.15567,204.543,54.38733,1
YETLIS,4.2353000000000005,5.5276000000000005,6.9991,1.4715,4.690976,0.2330319999999996,4.807492,4.57446,0.5,1,1,0,3.0,4,5,1,2.0,0,2,2,79.279,0.9899999999999948,79.774,78.784,0
YETLUE,4.6159,4.7644,6.9981,2.2337,4.7708385,0.3912329999999997,4.966455,4.575222,0.5,1,1,0,3.0,4,5,1,2.0,0,2,2,72.149665,15.25667,79.778,64.52133,0
YEVTEB,7.7628,0.2705999999999999,7.8981,7.6275,4.7633255,1.876711,5.701681,3.82497,0.5,1,1,0,4.0,4,6,2,2.0,2,3,1,97.30433,26.760000000000005,110.68433,83.92433,0
YEXFUD,8.7919,4.215800000000001,10.8998,6.684,4.3737185,1.1672509999999998,4.957344,3.790093,1.5,1,2,1,4.0,0,4,4,2.0,2,3,1,146.41,57.55734,175.18867,117.63133,0
YEXHOZ,4.10545,4.4717,6.3413,1.8696,5.198596500000001,0.4789289999999999,5.438061,4.959132,0.5,1,1,0,3.5,1,4,3,0.5,1,1,0,154.59033,143.964,226.57233,82.60833,0
YEXPOK,2.6658,2.7875999999999994,4.0596,1.272,6.0327470000000005,0.8918939999999997,6.478694,5.5868,1.5,3,3,0,1.5,3,3,0,0.5,1,1,0,151.386335,194.00333,248.388,54.38467,0
YICMAY01,9.776,2.7188,11.1354,8.4166,5.135467500000001,1.1372910000000005,5.704113,4.566822,0.5,1,1,0,3.0,2,4,2,1.0,2,2,0,134.60250000000002,36.070340000000016,152.63767,116.56733,0
YICMAY,9.77555,2.7195,11.1353,8.4158,5.1353995,1.1371470000000006,5.703973,4.566826,0.5,1,1,0,3.0,2,4,2,1.0,2,2,0,134.6015,36.071,152.637,116.566,1
YICNEH,6.90835,7.5463,10.6815,3.1352,4.3074875,0.8903089999999998,4.752642,3.862333,0.5,1,1,0,3.0,2,4,2,2.5,1,3,2,91.44183,38.097,110.49033,72.39333,1
YIDLUW,5.25575,2.4703,6.4909,4.0206,4.608651,0.1870560000000001,4.702179,4.515123,0.0,0,0,0,5.0,0,5,5,3.0,2,4,2,112.445665,15.730670000000003,120.311,104.58033,0
YIFLOP,7.1465,3.1952,8.7441,5.5489,5.838229,4.439108000000001,8.057783,3.618675,0.5,1,1,0,4.0,4,6,2,1.5,1,2,1,88.02783500000001,99.20833,137.632,38.42367,0
YIFXOB,9.6871,1.4954,10.4348,8.9394,3.4871505000000003,0.1035189999999999,3.53891,3.435391,1.0,0,1,1,4.0,4,6,2,2.5,1,3,2,116.878165,43.69632999999999,138.72633,95.03,0
YIFXUH,4.2275,3.8836,6.1693,2.2857,4.6637135,2.205539,5.766483,3.560944,0.5,1,1,0,4.0,6,7,1,1.5,3,3,0,108.9745,98.659,158.304,59.645,0
YIKMAI,5.08225,2.6165000000000003,6.3905,3.774,4.981537,0.977938,5.470506,4.492568,1.0,2,2,0,2.0,2,3,1,1.0,2,2,0,125.419165,140.95833,195.89833,54.94,0
YIKMEM,5.1299,2.7118,6.4858,3.774,5.4123085,0.1164109999999993,5.470514,5.354103,1.0,2,2,0,2.0,2,3,1,1.0,2,2,0,120.498835,131.12033,186.059,54.93867,0
YIKQIU,5.43415,3.7883,7.3283,3.54,3.964035,1.7454440000000004,4.836757,3.091313,0.5,1,1,0,2.0,4,4,0,1.0,0,1,1,121.70467,55.36200000000001,149.38567,94.02367,0
YIPLAN,9.4125,0.9637999999999992,9.8944,8.9306,4.585485,1.3126160000000002,5.241793,3.929177,0.5,1,1,0,3.5,3,5,2,2.0,0,2,2,115.95383,63.405,147.65633,84.25133,1
YIPMOA,9.439,3.2874000000000008,11.0827,7.7953,5.113288,0.553032,5.389804,4.836772,1.0,0,1,1,1.5,3,3,0,1.0,0,1,1,138.845665,42.97667,160.334,117.35733,0
YIQWUU,3.26655,2.9871000000000008,4.7601,1.773,5.5801465,3.435105,7.297699,3.862594,1.0,2,2,0,2.5,3,4,1,1.0,2,2,0,115.45467,28.666,129.78767,101.12167,0
YIRLOE,3.3259,2.8734,4.7626,1.8892,5.508729499999999,3.5762089999999995,7.296834,3.720625,1.0,2,2,0,2.5,3,4,1,1.0,2,2,0,107.705665,13.168670000000006,114.29,101.12133,1
YIRLUK,3.61695,2.2923,4.7631,2.4708,5.4039805,3.787593,7.297777,3.510184,1.0,2,2,0,2.5,3,4,1,1.0,2,2,0,114.52167,26.804,127.92367,101.11967,0
YITKOD,10.5597,13.3844,17.2519,3.8675,4.6880155,5.600047,7.488039,1.887992,1.0,2,2,0,2.5,3,4,1,1.0,2,2,0,145.661665,124.92933,208.12633,83.197,0
YIWCOW,9.2151,1.6348000000000005,10.0325,8.3977,4.6530125,0.6212230000000005,4.963624,4.342401,0.5,1,1,0,2.0,2,3,1,1.0,0,1,1,100.210835,42.28967,121.35567,79.066,1
YIZCOA,9.3996,2.311400000000001,10.5553,8.2439,4.77427,0.4643299999999994,5.006435,4.542105,1.5,1,2,1,3.0,0,3,3,1.5,3,3,0,150.427,81.01933999999999,190.93667,109.91733,0
YIZFUI,8.91545,1.4785000000000004,9.6547,8.1762,4.651648,1.1447339999999997,5.224015,4.079281,0.5,1,1,0,3.5,5,6,1,2.0,2,3,1,90.30233,6.859999999999999,93.73233,86.87233,0
YOCRIS,8.7825,3.303200000000001,10.4341,7.1309,4.0564455,1.0354389999999998,4.574165,3.538726,1.0,0,1,1,4.0,4,6,2,2.0,0,2,2,108.467335,60.53732999999998,138.736,78.19867,0
YOCRUE,7.63885,1.5267000000000008,8.4022,6.8755,3.8692415,2.1407510000000003,4.939617,2.798866,1.0,0,1,1,3.0,4,5,1,1.0,2,2,0,129.711165,2.133669999999995,130.778,128.64433,1
YOHYAY,2.3334,0.8241999999999998,2.7455,1.9213,7.114863,0.8589700000000002,7.544348,6.685378,0.0,0,0,0,0.5,1,1,0,0.0,0,0,0,125.229835,36.53433000000001,143.497,106.96267,0
YOJFEK,4.3675,1.9498,5.3424,3.3926,6.2875555,2.586815,7.580963,4.994148,0.0,0,0,0,2.0,2,3,1,1.5,1,2,1,90.436335,35.03532999999999,107.954,72.91867,0
YOKPEW,7.745649999999999,4.5619000000000005,10.0266,5.4647,6.0589515,3.304603,7.711253,4.40665,0.5,1,1,0,3.0,2,4,2,1.5,1,2,1,82.653835,65.46432999999999,115.386,49.92167,0
YOKSAU,10.75865,1.9655000000000005,11.7414,9.7759,4.1598565,0.4222210000000004,4.370967,3.948746,1.0,0,1,1,2.0,2,3,1,1.5,1,2,1,103.812,18.06134,112.84267,94.78133,0
YOLKIV,4.33535,0.5495000000000001,4.6101,4.0606,5.046502,2.8636920000000003,6.478348,3.614656,0.5,1,1,0,2.5,1,3,2,0.5,1,1,0,116.6165,124.465,178.849,54.384,0
YONKUJ,12.40585,14.5859,19.6988,5.1129,4.829518,0.9350620000000004,5.297049,4.361987,1.0,2,2,0,3.5,1,4,3,1.0,2,2,0,119.779835,106.16433,172.862,66.69767,0
YONLAQ,14.86255,9.6709,19.698,10.0271,4.384323,0.0445279999999996,4.406587,4.362059,1.5,1,2,1,4.0,0,4,4,1.5,1,2,1,144.12433,57.47599999999999,172.86233,115.38633,0
YOPRUT,6.97265,3.744500000000001,8.8449,5.1004,4.729918,0.5101559999999994,4.984996,4.47484,0.5,1,1,0,2.5,1,3,2,1.0,2,2,0,89.518,0.9153400000000004,89.97567,89.06033,1
YOPXAC,6.7108,8.8516,11.1366,2.285,5.170365,1.207828,5.774279,4.566451,1.0,2,2,0,2.5,3,4,1,1.0,2,2,0,178.20933,51.13999999999999,203.77933,152.63933,1
YOQSIH,9.2864,9.1856,13.8792,4.6936,4.889342,2.2536279999999995,6.016156,3.762528,0.5,1,1,0,2.5,1,3,2,0.5,1,1,0,137.3,186.15934,230.37967,44.22033,0
YORZUD,3.57305,0.9700999999999996,4.0581,3.088,5.9283405,1.1014210000000002,6.479051,5.37763,0.5,1,1,0,1.5,3,3,0,0.0,0,0,0,70.204665,31.65067,86.03,54.37933,0
YOTMUQ,2.97115,4.8115,5.3769,0.5654,6.631266999999999,2.965151999999999,8.113843,5.148691,0.0,0,0,0,2.5,1,3,2,2.0,4,4,0,72.0935,6.744340000000008,75.46567,68.72133,1
YOVMUS,5.60595,4.0555,7.6337,3.5782,6.003075,3.982282,7.994216,4.011934,0.5,1,1,0,3.0,0,3,3,2.0,4,4,0,128.99083000000002,74.03900000000002,166.01033,91.97133,0
YOVNAB,9.1584,1.548,9.9324,8.3844,4.7411665,0.3241149999999999,4.903224,4.579109,1.0,0,1,1,2.5,1,3,2,0.5,1,1,0,153.60967,53.384,180.30167,126.91767,0
YOWZEP,11.31155,13.7087,18.1659,4.4572,3.72815,1.0639059999999998,4.260103,3.196197,1.0,0,1,1,5.0,0,5,5,1.0,2,2,0,170.307835,17.48433,179.05,161.56567,1
YOXMEG,12.10325,4.2889,14.2477,9.9588,4.820455,0.7120440000000006,5.176477,4.464433,1.0,0,1,1,2.5,1,3,2,0.5,1,1,0,118.95683,4.236999999999995,121.07533,116.83833,0
YOYLEG,13.33395,4.4649,15.5664,11.1015,4.307141,0.329606,4.471944,4.142338,1.0,0,1,1,1.5,3,3,0,1.0,0,1,1,129.80616500000002,2.670330000000007,131.14133,128.471,1
YOYYAP01,4.2133,1.0972,4.7619,3.6647,4.7109675,0.5811510000000002,5.001543,4.420392,1.0,0,1,1,2.0,2,3,1,1.5,1,2,1,86.0895,43.25234,107.71567,64.46333,0
YOZKUW,9.36015,5.951700000000001,12.336,6.3843,5.1801965,2.995505,6.677949,3.682444,0.5,1,1,0,3.0,4,5,1,2.5,1,3,2,92.49033,46.0,115.49033,69.49033,0
YUBTEW,9.8048,4.017,11.8133,7.7963,4.227559,1.2181640000000002,4.836641,3.618477,0.5,1,1,0,3.5,1,4,3,2.0,2,3,1,133.4335,32.16366000000001,149.51533,117.35167,1
YUDDIM,4.7109000000000005,4.848,7.1349,2.2869,3.8772815,0.6323590000000001,4.193461,3.561102,0.5,1,1,0,5.0,4,7,3,1.0,2,2,0,127.545335,61.51066999999999,158.30067,96.79,1
YUFMAN,7.15,13.1652,13.7326,0.5674,6.0910235,4.0454170000000005,8.113732,4.068315,0.0,0,0,0,3.5,1,4,3,2.0,4,4,0,105.801165,74.15433,142.87833,68.724,0
YUGZEI,9.71875,1.6751000000000005,10.5563,8.8812,4.5368095,0.0112329999999998,4.542426,4.531193,1.5,1,2,1,2.5,1,3,2,1.5,3,3,0,145.69833,90.472,190.93433,100.46233,0
YUHGAJ,11.6954,20.7246,22.0577,1.3331,4.761915,1.4055979999999997,5.464714,4.059116,0.0,0,0,0,2.0,0,2,2,1.0,2,2,0,66.191665,62.51866999999999,97.451,34.93233,1
YUHGEN,6.53445,10.4053,11.7371,1.3318,5.347075,0.2359600000000004,5.465055,5.229095,0.0,0,0,0,2.0,0,2,2,1.0,2,2,0,65.50632999999999,61.14399999999999,96.07833,34.93433,0
YUHVUS,10.48105,0.2903000000000002,10.6262,10.3359,4.329532,0.6236839999999999,4.641374,4.01769,0.5,1,1,0,2.5,5,5,0,1.5,1,2,1,112.12283,44.17299999999999,134.20933,90.03633,0
YUKFUG,4.0573,0.8997999999999999,4.5072,3.6074,6.028372,3.25902,7.657882,4.398862,0.0,0,0,0,2.5,3,4,1,1.5,1,2,1,83.4365,15.063000000000002,90.968,75.905,0
YUTSIR,3.91605,3.4623,5.6472,2.1849,6.125661,1.448396000000001,6.849859,5.401463,0.0,0,0,0,2.5,3,4,1,0.0,0,0,0,77.637,14.420659999999998,84.84733,70.42667,0
YUTTIS,3.08115,1.9575,4.0599,2.1024,7.5324185,2.108133,8.586485,6.478352,0.0,0,0,0,2.0,2,3,1,1.0,2,2,0,84.00266500000001,59.23267,113.619,54.38633,0
ZAJHAT,2.9259000000000004,2.5024,4.1771,1.6747,4.60791,1.890422,5.553121,3.662699,1.0,0,1,1,4.5,5,7,2,1.5,1,2,1,124.31167,60.97000000000001,154.79667,93.82667,0
ZAMNAG,3.6432,0.8333999999999997,4.0599,3.2265,5.656262,1.644596,6.47856,4.833964,0.5,1,1,0,2.5,1,3,2,0.0,0,0,0,110.609,112.45534,166.83667,54.38133,0
ZANYOE,5.588050000000001,1.5941,6.3851,4.791,5.944255500000001,1.4662730000000002,6.677392,5.211119,0.0,0,0,0,1.5,1,2,1,1.0,2,2,0,65.7,7.582660000000004,69.49133,61.90867,0
ZAPFEE,2.70015,0.8694999999999999,3.1349,2.2654,4.141363500000001,1.2223230000000005,4.752525,3.530202,0.5,1,1,0,4.5,5,7,2,1.5,3,3,0,115.31333,85.838,158.23233,72.39433,0
ZARBOM,8.912749999999999,3.0131,10.4193,7.4062,5.2929175,1.2321789999999997,5.909007,4.676828,0.5,1,1,0,3.5,1,4,3,1.5,3,3,0,102.70567,43.932,124.67167,80.73967,1
ZARHUX,6.7094000000000005,2.843000000000001,8.1309,5.2879,4.048077,3.348714,5.722434,2.37372,1.0,0,1,1,3.5,5,6,1,1.0,2,2,0,110.1345,64.241,142.255,78.014,1
ZATJUD,7.266599999999999,4.7356,9.6344,4.8988,4.5062075,0.8763730000000001,4.944394,4.068021,0.0,0,0,0,3.5,1,4,3,1.5,1,2,1,75.0685,46.30434,98.22067,51.91633,0
ZATLOZ,4.60295,0.5918999999999999,4.8989,4.307,6.2989885,2.707451,7.652714,4.945263,0.0,0,0,0,3.0,2,4,2,1.5,1,2,1,68.861835,33.897670000000005,85.81067,51.913,0
ZATMIU,4.839650000000001,0.1153000000000004,4.8973,4.782,6.3222965,2.752613,7.698603,4.94599,0.0,0,0,0,3.0,2,4,2,1.5,1,2,1,63.081,22.34866,74.25533,51.90667,0
ZAVMER,6.3936,8.7616,10.7744,2.0128,6.1221625,4.531613,8.387969,3.856356,0.5,1,1,0,2.0,2,3,1,1.5,1,2,1,98.214835,15.627670000000007,106.02867,90.401,0
ZAZGEO,7.77495,4.408099999999999,9.979,5.5709,4.671056999999999,0.9080240000000002,5.125069,4.217045,1.0,2,2,0,2.0,2,3,1,2.0,2,3,1,148.563665,154.91533,226.02133,71.106,0
ZECQUW,11.8382,6.908199999999999,15.2923,8.3841,4.657641,0.1562959999999993,4.735789,4.579493,1.0,0,1,1,2.0,2,3,1,0.5,1,1,0,122.40133,9.03200000000001,126.91733,117.88533,0
ZEDTIO,7.59295,5.653099999999999,10.4195,4.7664,6.2369325,3.1201410000000003,7.797003,4.676862,0.5,1,1,0,2.5,1,3,2,1.0,2,2,0,87.335335,74.67332999999999,124.672,49.99867,0
ZEFFEX,3.8152,2.1676,4.899,2.7314,6.1594755,2.4292490000000004,7.3741,4.944851,0.0,0,0,0,2.5,3,4,1,1.5,1,2,1,53.880335,3.934670000000004,55.84767,51.913,0
ZEGFAU,8.7614,6.3782,11.9505,5.5723,4.3777775,1.4941989999999996,5.124877,3.630678,0.5,1,1,0,2.5,1,3,2,2.0,2,3,1,96.571665,50.930670000000006,122.037,71.10633,0
ZEGWAN01,7.2742,3.5325999999999995,9.0405,5.5079,5.585407,2.9106120000000004,7.040713,4.130101,0.5,1,1,0,3.0,4,5,1,1.0,0,1,1,123.163335,136.05667,191.19167,55.135,1
ZELFEE,3.20945,0.8113000000000001,3.6151,2.8038,4.346564,0.1042620000000003,4.398695,4.294433,0.5,1,1,0,3.0,2,4,2,1.5,1,2,1,85.236165,18.65633,94.56433,75.908,0
ZELROX,9.68065,6.2057,12.7835,6.5778,4.4525935,0.6260250000000003,4.765606,4.139581,0.5,1,1,0,4.0,4,6,2,2.0,2,3,1,113.883335,61.20066999999999,144.48367,83.283,1
ZELSAK,6.917999999999999,1.0781999999999998,7.4571,6.3789,4.8861705,0.6359310000000002,5.204136,4.568205,0.5,1,1,0,4.0,4,6,2,2.5,1,3,2,101.913335,38.430670000000006,121.12867,82.698,0
ZEXPOJ,6.27075,0.0644999999999997,6.303,6.2385,3.4203745000000003,1.647841,4.244295,2.596454,1.0,0,1,1,3.5,5,6,1,1.5,1,2,1,113.607165,60.527670000000015,143.871,83.34333,0
ZEYDAK,5.61835,0.0990999999999999,5.6679,5.5688,4.153816,1.943612,5.125622,3.18201,0.5,1,1,0,3.5,3,5,2,1.5,3,3,0,103.575,64.92999999999999,136.04,71.11,0
ZEYDEO,7.8969,4.648000000000001,10.2209,5.5729,3.8074505,2.6346350000000003,5.124768,2.490133,0.5,1,1,0,3.5,5,6,1,1.5,3,3,0,113.231665,84.24933000000001,155.35633,71.107,0
ZEYDOY,7.08035,3.0159,8.5883,5.5724,4.443586,1.3630880000000003,5.12513,3.762042,0.0,0,0,0,2.5,3,4,1,2.0,2,3,1,76.03,9.84666,80.95333,71.10667,0
ZEYJAQ,5.861700000000001,0.5796000000000001,6.1515,5.5719,4.960271,0.3298459999999998,5.125194,4.795348,0.0,0,0,0,3.0,2,4,2,2.0,2,3,1,68.3695,5.473659999999995,71.10633,65.63267,0
ZEYLAS,3.3609,4.422599999999999,5.5722,1.1496,5.530872,0.811852,5.936798,5.124946,0.0,0,0,0,2.5,3,4,1,2.0,2,3,1,65.817835,10.57766999999999,71.10667,60.529,0
ZEYLEW,8.674800000000001,6.2048000000000005,11.7772,5.5724,4.4342795,1.3819089999999998,5.125234,3.743325,0.0,0,0,0,2.5,3,4,1,2.0,2,3,1,114.074,85.94000000000001,157.044,71.104,0
ZEYRII,4.07175,5.2773,6.7104,1.4331,3.792099,1.929436,4.756817,2.827381,0.5,1,1,0,2.0,2,3,1,2.0,0,2,2,125.699,25.65266,138.52533,112.87267,0
ZIBBIX,5e-05,0.0001,0.0001,0.0,5.284505,1.2039299999999995,5.88647,4.68254,0.0,0,0,0,6.0,8,10,2,2.0,4,4,0,88.117,56.16134,116.19767,60.03633,0
ZIBDEX,11.63835,6.1713000000000005,14.724,8.5527,4.8014455,0.5438590000000003,5.073375,4.529516,0.5,1,1,0,3.0,2,4,2,1.0,0,1,1,138.181835,16.145669999999996,146.25467,130.109,1
ZIBDOF,2.15635,1.7225,3.0176,1.2951,6.9169755,3.4654610000000003,8.649706,5.184245,0.0,0,0,0,5.5,9,10,1,2.0,4,4,0,78.10133499999999,64.96867,110.58567,45.617,0
ZIHQEQ,13.934550000000002,21.1421,24.5056,3.3635,4.3903335000000006,2.5294110000000005,5.655039,3.125628,1.0,0,1,1,8.0,8,12,4,2.0,0,2,2,175.97,142.60933999999995,247.27467,104.66533,0
ZIHZUP01,3.4113,0.7280000000000002,3.7753,3.0473,6.401973,1.8638840000000003,7.333915,5.470031,0.0,0,0,0,2.0,2,3,1,1.0,2,2,0,69.017665,28.16533,83.10033,54.935,0
ZIJDAZ,9.20375,2.4319000000000006,10.4197,7.9878,5.410234000000001,1.467028,6.143748,4.67672,0.5,1,1,0,3.0,0,3,3,1.5,3,3,0,110.083,29.180000000000007,124.673,95.493,0
ZIJZOL,11.2782,0.7667999999999999,11.6616,10.8948,3.854834,0.1289380000000002,3.919303,3.790365,1.0,2,2,0,4.5,1,5,4,3.0,0,3,3,144.879,60.60734000000001,175.18267,114.57533,1
ZIKPOY,5.69365,10.1297,10.7585,0.6288,6.084738,4.16964,8.169558,3.999918,1.0,2,2,0,2.5,1,3,2,2.0,2,3,1,151.29367000000002,172.40200000000002,237.49467,65.09267,0
ZIKQOB,7.5344,1.1950000000000005,8.1319,6.9369,3.6268535,2.505687,4.879697,2.37401,1.0,0,1,1,4.0,4,6,2,1.0,2,2,0,110.13217,64.233,142.24867,78.01567,0
ZIKREQ,9.48265,5.600899999999999,12.2831,6.6822,4.9468035,1.0028009999999998,5.448204,4.445403,1.0,0,1,1,4.0,4,6,2,1.5,1,2,1,101.06183,14.055000000000009,108.08933,94.03433,0
ZILMIQ,6.76915,9.0079,11.2731,2.2652,3.7248165,0.3898449999999998,3.919739,3.529894,1.0,0,1,1,4.5,5,7,2,1.0,2,2,0,156.178835,4.124330000000015,158.241,154.11667,0
ZILPET,10.06405,10.7353,15.4317,4.6964,5.245383,1.528498,6.009632,4.481134,0.5,1,1,0,2.0,0,2,2,0.5,1,1,0,115.761335,143.07067,187.29667,44.226,0
ZINDEI,3.7882,0.3477999999999999,3.9621,3.6143,6.0555905,3.3139850000000006,7.712583,4.398598,0.0,0,0,0,3.0,2,4,2,1.5,1,2,1,81.567665,11.320669999999993,87.228,75.90733,0
ZINYAA,5.71965,1.9165,6.6779,4.7614,3.92694,0.9863940000000002,4.420137,3.433743,1.0,0,1,1,2.5,1,3,2,1.5,1,2,1,156.263,97.09066,204.80833,107.71767,0
ZIPCOT,3.78825,0.3485,3.9625,3.614,6.0552815,3.314049,7.712306,4.398257,0.0,0,0,0,3.0,2,4,2,1.5,1,2,1,81.56683000000001,11.325000000000005,87.22933,75.90433,1
ZIPGOX,7.1735500000000005,0.9768999999999995,7.662,6.6851,4.4890905,0.936883,4.957532,4.020649,1.0,0,1,1,2.5,3,4,1,1.5,1,2,1,100.537335,34.18532999999999,117.63,83.44467,0
ZIPMIW,4.00065,0.3263000000000002,4.1638,3.8375,6.6062635,1.6232869999999997,7.417907,5.79462,0.0,0,0,0,3.0,2,4,2,0.0,0,0,0,70.33233,26.298,83.48133,57.18333,0
ZIPYEG,5.9473,5.1632,8.5289,3.3657,4.6906625,1.928837,5.655081,3.726244,1.0,0,1,1,4.0,0,4,4,1.0,2,2,0,97.3565,14.62034,104.66667,90.04633,0
ZIRWEG,11.85525,5.951699999999999,14.8311,8.8794,4.0923025,0.8792690000000003,4.531937,3.652668,1.0,0,1,1,2.0,0,2,2,1.5,3,3,0,107.160835,13.40167000000001,113.86167,100.46,0
ZIRWIK,11.40575,6.8535,14.8325,7.979,3.022415,1.2609240000000002,3.652877,2.391953,1.0,0,1,1,3.0,2,4,2,1.5,3,3,0,119.109665,10.49866999999999,124.359,113.86033,0
ZIXZAK,1.34555,0.0293000000000001,1.3602,1.3309,6.7297005,2.530303,7.994852,5.464549,0.0,0,0,0,2.0,0,2,2,1.5,3,3,0,78.738835,87.60367000000001,122.54067,34.937,1
ZIYDAP,10.96305,8.200099999999999,15.0631,6.863,4.63176,0.2995559999999999,4.781538,4.481982,1.0,0,1,1,3.5,1,4,3,2.0,0,2,2,123.057835,26.010329999999986,136.063,110.05267,1
ZIYDUJ,9.23705,10.9279,14.701,3.7731,5.1277825,0.6854550000000001,5.47051,4.785055,0.5,1,1,0,3.0,0,3,3,1.0,2,2,0,95.083,80.29334,135.22967,54.93633,0
ZIYFAR,11.34085,6.7205,14.7011,7.9806,3.587576,2.395172,4.785162,2.38999,1.0,0,1,1,3.5,1,4,3,1.0,2,2,0,129.79683,10.870999999999997,135.23233,124.36133,0
ZIYFEV,10.05505,10.5893,15.3497,4.7604,4.724424,0.6064620000000005,5.027655,4.421193,1.0,0,1,1,3.0,0,3,3,1.5,1,2,1,120.929335,26.452669999999983,134.15567,107.703,0
ZIYVAH,11.7721,1.2744,12.4093,11.1349,4.539114,0.0550880000000004,4.566658,4.51157,0.5,1,1,0,3.5,1,4,3,0.5,1,1,0,156.74117,8.206999999999994,160.84467,152.63767,0
ZOBRUF,10.0319,11.9464,16.0051,4.0587,5.478233,2.001398,6.478932,4.477534,1.0,2,2,0,4.0,2,5,3,0.0,0,0,0,138.476665,168.19067,222.572,54.38133,1
ZOCBOL,9.60945,1.9220999999999984,10.5705,8.6484,3.2279535000000004,2.619485,4.537696,1.918211,1.5,1,2,1,5.0,4,7,3,2.0,2,3,1,173.056335,35.55067,190.83167,155.281,0
ZODJEK,7.6633,5.5118,10.4192,4.9074,4.8844315,0.4152009999999997,5.092032,4.676831,1.0,0,1,1,2.5,1,3,2,0.5,1,1,0,128.18767,7.036000000000001,131.70567,124.66967,0
ZOLXAC,7.5724,5.7242,10.4345,4.7103,4.149418,1.220368,4.759602,3.539234,1.0,0,1,1,3.5,5,6,1,2.0,0,2,2,112.83517,51.779,138.72467,86.94567,0
ZOXCIA,9.7049,15.556,17.4829,1.9269,4.639455999999999,0.0675639999999999,4.673238,4.605674,0.5,1,1,0,6.0,2,7,5,1.5,3,3,0,128.55917,120.993,189.05567,68.06267,0
ZUHFIR,10.43055,15.2725,18.0668,2.7943,4.8532815,0.3438050000000006,5.025184,4.681379,1.0,2,2,0,2.5,3,4,1,1.0,0,1,1,150.189665,150.31733,225.34833,75.031,1
ZUNREF,4.12765,0.1372999999999997,4.1963,4.059,6.603371,0.2490699999999996,6.727906,6.478836,0.0,0,0,0,2.0,2,3,1,0.5,1,1,0,90.3045,71.85365999999999,126.23133,54.37767,0
ZUPGEZ,3.24245,0.8083,3.6466,2.8383,5.264352499999999,0.7355109999999998,5.632108,4.896597,0.5,1,1,0,0.5,1,1,0,0.0,0,0,0,115.0185,45.91234,137.97467,92.06233,0
ZUPMOP,9.2817,8.7666,13.665,4.8984,5.019061499999999,0.147799,5.092961,4.945162,0.5,1,1,0,2.0,4,4,0,1.0,0,1,1,79.1905,54.553,106.467,51.914,0
ZUPMUV,11.12365,5.080500000000001,13.6639,8.5834,4.42838,1.3292639999999998,5.093012,3.763748,0.5,1,1,0,2.0,4,4,0,1.0,0,1,1,93.7105,25.513000000000005,106.467,80.954,0
ZUPZAO,11.81125,3.7057,13.6641,9.9584,4.778881500000001,0.6290810000000002,5.093422,4.464341,1.0,0,1,1,1.0,2,2,0,0.5,1,1,0,111.651,10.376000000000005,116.839,106.463,1
ZUPZES,11.3489,4.6324000000000005,13.6651,9.0327,3.7676005,2.651041,5.093121,2.44208,1.0,0,1,1,2.0,4,4,0,0.5,1,1,0,114.15483,15.379000000000003,121.84433,106.46533,0
ZUPZUI,9.52,8.2884,13.6642,5.3758,5.1207365,0.0553490000000005,5.148411,5.093062,0.5,1,1,0,1.0,2,2,0,0.5,1,1,0,90.962335,31.00533,106.465,75.45967,0
ZURFOJ,3.7787,3.2754000000000003,5.4164,2.141,5.868753,0.6227359999999997,6.180121,5.557385,0.5,1,1,0,2.0,0,2,2,1.0,2,2,0,93.357,45.03134,115.87267,70.84133,0
ZURHAY,12.8439,10.0924,17.8901,7.7977,4.6409205,0.3927990000000001,4.83732,4.444521,0.5,1,1,0,2.5,1,3,2,1.5,1,2,1,107.364665,19.96667,117.348,97.38133,1
ZUVXAR,14.14955,11.5293,19.9142,8.3849,2.8013525,3.555399,4.579052,1.023653,1.5,1,2,1,3.5,1,4,3,1.5,3,3,0,221.8205,189.797,316.719,126.922,0
ZUWCAV,0.3934499999999999,0.2042999999999999,0.4956,0.2913,6.541622,1.7508720000000002,7.417058,5.666186,1.5,3,3,0,2.0,4,4,0,0.0,0,0,0,150.21283499999998,159.34833,229.887,70.53867,0
ZUWCEZ,0.1482,0.2904,0.2934,0.003,5.4348065,3.963687,7.41665,3.452963,1.5,3,3,0,2.0,4,4,0,0.0,0,0,0,161.45617,181.833,252.37267,70.53967,0
ABEBIT,4.0839,0.0427999999999997,4.1053,4.0625,6.0485885,1.4120109999999997,6.754594,5.342583,1.0,2,2,0,1.5,1,2,1,1.0,2,2,0,118.547835,131.29767,184.19667,52.899,0
ABEBUF,3.16785,1.7915,4.0636,2.2721,5.720390999999999,0.7553939999999999,6.098088,5.342694,1.5,1,2,1,1.5,1,2,1,1.0,2,2,0,124.0975,120.18366000000002,184.18933,64.00567,0
ABEKUN,1.08605,2.1681000000000004,2.1701,0.002,4.935715,1.4809459999999994,5.676188,4.195242,1.5,1,2,1,2.0,0,2,2,1.0,2,2,0,130.416,99.11666,179.97433,80.85767,0
ABELEY,1.0063000000000002,1.9922,2.0024,0.0102,4.9745865,1.5559949999999994,5.752584,4.196589,1.5,1,2,1,2.5,1,3,2,1.0,2,2,0,140.255335,79.37933,179.945,100.56567,0
ABELIC,1.08515,2.1699,2.1701,0.0002,4.853699,1.6450180000000003,5.676208,4.03119,1.5,1,2,1,2.0,0,2,2,1.0,2,2,0,133.088165,104.45167,185.314,80.86233,0
ABIGIB,1.33365,1.5233,2.0953,0.572,5.5241245,4.212534999999999,7.630392,3.417857,2.0,4,4,0,2.5,1,3,2,0.5,1,1,0,159.81317,200.451,260.03867,59.58767,0
ABOQUF,3.0904,1.1454,3.6631,2.5177,4.7630835000000005,0.7998850000000006,5.163026,4.363141,1.5,1,2,1,1.5,1,2,1,1.5,1,2,1,141.924,122.52934,203.18867,80.65933,0
ABORAM,1.83115,3.6623,3.6623,0.0,5.771302,1.2313999999999998,6.387002,5.155602,0.5,1,1,0,2.0,0,2,2,1.5,1,2,1,87.407335,13.495329999999996,94.155,80.65967,0
ABUHIO,0.00125,0.0005,0.0015,0.001,3.7079045,1.309527,4.362668,3.053141,1.0,2,2,0,3.0,2,4,2,1.0,2,2,0,152.352835,61.002330000000015,182.854,121.85167,0
ABULEQ,2.2543,0.7932000000000001,2.6509,1.8577,4.6446375,1.7285909999999998,5.508933,3.780342,1.5,1,2,1,2.5,1,3,2,1.5,1,2,1,122.16767,64.98799999999999,154.66167,89.67367,0
ABULIU,4.61055,0.8769,5.049,4.1721,5.1484815,0.5158970000000007,5.40643,4.890533,1.0,0,1,1,2.5,1,3,2,1.5,1,2,1,98.2415,16.974339999999998,106.72867,89.75433,0
ACEQOQ,2.56185,1.5269,3.3253,1.7984,6.019518,3.221862,7.630449,4.408587,0.0,0,0,0,3.5,3,5,2,1.0,0,1,1,83.216835,96.95633,131.695,34.73867,0
ACERAC,2.7564,2.6980000000000004,4.1054,1.4074,6.034557,1.4394900000000002,6.754302,5.314812,0.5,1,1,0,1.5,1,2,1,0.5,1,1,0,80.753165,55.70432999999999,108.60533,52.901,0
ACERAD,3.96995,1.2866999999999995,4.6133,3.3266,4.481328,0.1451719999999996,4.553914,4.408742,0.0,0,0,0,5.0,0,5,5,1.5,1,2,1,126.433165,10.52767,131.697,121.16933,0
ACEREH,2.3184,2.0124000000000004,3.3246,1.3122,4.400378,0.0182440000000001,4.4095,4.391256,0.5,1,1,0,4.0,2,5,3,1.5,1,2,1,117.935,27.51400000000001,131.692,104.178,0
ACEROR,3.63665,0.6193,3.9463,3.327,5.990473,3.162672,7.571809,4.409137,0.0,0,0,0,3.5,3,5,2,1.0,0,1,1,77.557335,108.28067,131.69767,23.417,0
ACERUX,1.6641,3.3264,3.3273,0.0009,4.8022405,0.7869150000000005,5.195698,4.408783,0.0,0,0,0,4.5,1,5,4,1.5,1,2,1,100.398665,62.60133,131.69933,69.098,0
ACESEI,1.6635,3.327,3.327,0.0,5.002239,1.18689,5.595684,4.408794,0.0,0,0,0,4.5,1,5,4,1.5,1,2,1,86.24732999999999,90.898,131.69633,40.79833,0
ACESIL,1.1362,2.2724,2.2724,0.0,5.627002,0.9431980000000006,6.098601,5.155403,1.0,0,1,1,1.5,1,2,1,1.0,2,2,0,72.32483500000001,16.657670000000003,80.65367,63.996,0
ACESOS,4.76695,2.7629,6.1484,3.3855,4.7661365,1.0138630000000006,5.273068,4.259205,0.5,1,1,0,4.0,2,5,3,1.5,1,2,1,115.004335,33.13533,131.572,98.43667,0
ACESUY,1.66325,3.3257,3.3261,0.0004,5.944153999999999,3.070994,7.479651,4.408657,0.0,0,0,0,4.5,1,5,4,1.5,1,2,1,98.151165,67.08833000000001,131.69533,64.607,0
ACETAF,4.1773,3.939400000000001,6.147,2.2076,4.482844999999999,0.44672,4.706205,4.259485,0.5,1,1,0,4.0,2,5,3,1.5,1,2,1,114.468,34.19733999999998,131.56667,97.36933,0
ACOMOW,2.89085,1.0949,3.4383,2.3434,6.3947455,2.0495509999999992,7.419521,5.36997,0.5,1,1,0,2.0,0,2,2,1.0,0,1,1,72.41499999999999,33.809999999999995,89.32,55.51,0
ACONIR,2.821,1.2334,3.4377,2.2043,6.3858435,2.031720999999999,7.401704,5.369983,0.5,1,1,0,2.0,0,2,2,1.0,0,1,1,89.782,0.9253400000000056,90.24467,89.31933,0
ACOPOA,3.5098,0.8544,3.937,3.0826,4.7592165,0.1199750000000001,4.819204,4.699229,1.0,0,1,1,3.5,1,4,3,2.0,2,3,1,93.985165,17.731669999999994,102.851,85.11933,0
ACOPUG,4.10255,0.3313000000000001,4.2682,3.9369,4.436304,0.7657480000000003,4.819178,4.05343,1.0,0,1,1,3.5,1,4,3,1.5,1,2,1,122.088165,73.93567000000002,159.056,85.12033,0
ACOYOG01,1.1129,2.2248,2.2253,0.0005,5.860995,0.1058599999999998,5.913925,5.808065,1.5,1,2,1,2.0,0,2,2,1.0,2,2,0,118.337,74.60065999999999,155.63733,81.03667,0
ACOYOG,1.11385,2.2271,2.2274,0.0003,5.8610120000000006,0.1060620000000005,5.914043,5.807981,1.5,1,2,1,2.0,0,2,2,1.0,2,2,0,118.336335,74.59067000000002,155.63167,81.041,0
ACOYUM,1.74355,3.4855,3.4863,0.0008,5.65649,0.5151139999999996,5.914047,5.398933,1.5,1,2,1,2.0,0,2,2,1.0,2,2,0,126.1175,59.03299999999999,155.634,96.601,0
ACUDAG,2.7501,1.4570000000000003,3.4786,2.0216,5.2913565,0.2419069999999994,5.41231,5.170403,1.0,0,1,1,3.0,0,3,3,1.5,1,2,1,105.5015,11.945000000000007,111.474,99.529,0
ADAGUL,1.7305,2.655,3.058,0.403,5.217872,2.09983,6.267787,4.167957,1.0,0,1,1,2.0,4,4,0,0.0,0,0,0,135.4305,104.63234,187.74667,83.11433,0
ADARIH,1.08535,0.3959000000000001,1.2833,0.8874,6.307657000000001,0.512448,6.563881,6.051433,0.0,0,0,0,1.5,1,2,1,1.0,0,1,1,118.715165,65.21567,151.323,86.10733,1
ADETOT,2.13875,2.4911000000000003,3.3843,0.8932,5.2935085,0.0403070000000003,5.313662,5.273355,1.0,0,1,1,3.0,0,3,3,1.5,1,2,1,98.8745,0.8756599999999963,99.31233,98.43667,1
AFEVEN,4.0663,0.1931999999999996,4.1629,3.9697,6.3016505,1.913765,7.258533,5.344768,1.0,2,2,0,1.0,0,1,1,1.0,0,1,1,110.564,164.55534,192.84167,28.28633,0
AFICID,2.44595,1.1032999999999995,2.9976,1.8943,5.1453495,1.8422490000000007,6.066474,4.224225,2.5,3,4,1,2.5,3,4,1,1.0,2,2,0,183.0025,209.91034,287.95767,78.04733,0
AFIJOQ,3.09955,0.3474999999999997,3.2733,2.9258,6.409756999999999,3.324324,8.071919,4.747595,1.5,3,3,0,2.5,1,3,2,1.5,3,3,0,96.198165,135.18967,163.793,28.60333,0
AFIRIU,4.6146,1.9008000000000005,5.565,3.6642,4.645404,0.5634820000000005,4.927145,4.363663,1.5,1,2,1,2.0,2,3,1,1.5,1,2,1,170.49933,65.364,203.18133,137.81733,0
AFIROA,4.31705,1.3066999999999998,4.9704,3.6637,4.603071,0.479114,4.842628,4.363514,1.5,1,2,1,2.0,2,3,1,1.5,1,2,1,168.28067,69.804,203.18267,133.37867,0
AFONIV,0.34125,0.6825,0.6825,0.0,4.0750085,0.2406030000000001,4.19531,3.954707,2.0,0,2,2,2.5,1,3,2,1.0,2,2,0,195.522665,31.135329999999986,211.09033,179.955,0
AFONOB,0.7249,1.4496,1.4497,0.0001,5.04661,1.7342300000000002,5.913725,4.179495,2.0,0,2,2,2.5,1,3,2,1.0,2,2,0,180.22517,49.17699999999999,204.81367,155.63667,0
AFONUH,0.3412,0.6824,0.6824,0.0,3.8932285,0.1231690000000003,3.954813,3.831644,2.0,0,2,2,3.5,1,4,3,1.0,2,2,0,190.252665,41.67733000000001,211.09133,169.414,0
AFUHUG,1.97915,3.9577,3.958,0.0003,4.9730430000000005,1.2394419999999997,5.592764,4.353322,0.5,1,1,0,4.5,1,5,4,4.0,0,4,4,121.623835,105.18767,174.21767,69.03,0
AGIGEE,3.30145,1.2225,3.9127,2.6902,4.7720015,0.5097909999999999,5.026897,4.517106,0.5,1,1,0,3.0,2,4,2,0.5,1,1,0,131.23667,4.557999999999993,133.51567,128.95767,0
AGIJAF,1.64715,3.2933,3.2938,0.0005,4.4882635,2.1426670000000003,5.559597,3.41693,1.0,0,1,1,2.5,5,5,0,0.0,0,0,0,188.436835,135.80366999999998,256.33867,120.535,0
AGIVAR,1.6475,3.2936,3.2943,0.0007,3.9784,1.1230480000000005,4.539924,3.416876,1.5,1,2,1,2.5,5,5,0,0.0,0,0,0,191.730835,129.21767,256.33967,127.122,0
AGUTUT,2.7136500000000003,0.7399,3.0836,2.3437,4.998632,0.598592,5.297928,4.699336,1.0,0,1,1,6.5,5,9,4,3.0,0,3,3,139.128835,72.55433000000001,175.406,102.85167,0
AJACOF,5.63035,1.4985,6.3796,4.8811,4.3293125,1.6180569999999994,5.138341,3.520284,1.0,2,2,0,1.5,1,2,1,1.0,2,2,0,117.5395,117.66566,176.37233,58.70667,0
AJAGEX,1.32145,0.8748999999999999,1.7589,0.884,6.5748645,0.533569,6.841649,6.30808,0.0,0,0,0,2.0,0,2,2,1.5,1,2,1,56.886835000000005,25.60833,69.691,44.08267,0
AJAGUN,1.52915,1.2873,2.1728,0.8855,5.483167,2.716246,6.84129,4.125044,0.5,1,1,0,3.0,2,4,2,2.5,1,3,2,86.60716500000001,33.82967000000001,103.522,69.69233,1
AJAHEY,0.4312,0.8624,0.8624,0.0,5.733183,2.604196,7.035281,4.431085,0.5,1,1,0,2.5,1,3,2,2.0,0,2,2,91.6885,43.71566,113.54633,69.83067,0
AJAHIC,0.0003,0.0006,0.0006,0.0,6.115862,1.842694,7.037209,5.194515,0.0,0,0,0,3.0,2,4,2,2.0,0,2,2,69.469,0.7306600000000003,69.83433,69.10367,0
AJAHOI,0.0,0.0,0.0,0.0,5.258807,3.556982,7.037298,3.480316,0.5,1,1,0,4.0,4,6,2,3.0,2,4,2,99.075835,58.484330000000014,128.318,69.83367,0
AJAHUO,0.00045,0.0003,0.0006,0.0003,5.713023,2.6485960000000004,7.037321,4.388725,0.5,1,1,0,3.0,2,4,2,2.0,0,2,2,107.76833,75.86999999999999,145.70333,69.83333,0
AJAKAX,2.90885,1.0599000000000005,3.4388,2.3789,5.7509725,0.7620329999999997,6.131989,5.369956,0.5,1,1,0,2.0,0,2,2,1.0,0,1,1,87.79283000000001,3.057000000000002,89.32133,86.26433,0
AJALAY,3.7814,1.0992000000000006,4.331,3.2318,4.783543,1.2906320000000004,5.428859,4.138227,1.0,0,1,1,2.0,2,3,1,1.0,0,1,1,122.2995,18.781659999999988,131.69033,112.90867,0
AJALEC,1.61565,3.2313,3.2313,0.0,5.311976,0.2334760000000004,5.428714,5.195238,0.5,1,1,0,2.5,3,4,1,1.5,1,2,1,91.003835,43.80433000000001,112.906,69.10167,0
AJEZAR,5e-05,0.0001,0.0001,0.0,3.8739785,0.5814949999999999,4.164726,3.583231,2.5,1,3,2,2.0,0,2,2,1.0,2,2,0,159.33167,28.644000000000005,173.65367,145.00967,0
AJOHEP,1.0026000000000002,2.0034,2.0043,0.0009,4.7054005,1.708863,5.559832,3.850969,1.5,1,2,1,2.0,4,4,0,0.5,1,1,0,175.29983,109.531,230.06533,120.53433,0
AJUYIN,1.56275,0.3347,1.7301,1.3954,5.998245,1.6312940000000005,6.813892,5.182598,0.0,0,0,0,3.0,2,4,2,2.0,4,4,0,117.390335,1.816670000000002,118.29867,116.482,0
AKENAG,4.41155,0.6125000000000007,4.7178,4.1053,5.9560525,1.5967269999999996,6.754416,5.157689,0.5,1,1,0,2.0,2,3,1,1.0,2,2,0,101.777165,97.75567,150.655,52.89933,0
AKIBOM,4.1507000000000005,0.2923999999999997,4.2969,4.0045,4.910338,2.0379860000000005,5.929331,3.891345,2.0,2,3,1,1.0,0,1,1,0.5,1,1,0,178.404,116.36,236.584,120.224,0
AKISEU,1.4262,2.4916,2.672,0.1804,5.605010500000001,1.6953690000000003,6.452695,4.757326,0.5,1,1,0,3.5,3,5,2,2.5,3,4,1,102.510665,15.740669999999994,110.381,94.64033,0
AKOBUZ,4.1112,4.9574,6.5899,1.6325,6.033237,2.3444260000000003,7.20545,4.861024,1.0,2,2,0,3.0,4,5,1,1.0,2,2,0,123.760665,142.01533,194.76833,52.753,0
AKUZUD,1.75905,0.6518999999999999,2.085,1.4331,4.6185415,0.3592709999999997,4.798177,4.438906,3.0,2,4,2,1.5,1,2,1,1.0,2,2,0,185.756665,141.05667000000005,256.285,115.22833,0
ALACAT,2.028,1.1946,2.6253,1.4307,4.590634,0.3027899999999999,4.742029,4.439239,3.0,2,4,2,1.5,1,2,1,1.0,2,2,0,185.2535,142.04699999999997,256.277,114.23,0
ALLCAM,2.09605,3.6475,3.9198,0.2723,6.4532595,0.8565569999999996,6.881538,6.024981,0.0,0,0,0,2.5,3,4,1,1.5,1,2,1,62.328165,44.67833000000001,84.66733,39.989,0
AMIHAH,2.806,1.0278,3.3199,2.2921,7.227221,0.3191920000000001,7.386817,7.067625,0.0,0,0,0,3.0,2,4,2,2.5,1,3,2,68.78,17.61334,77.58667,59.97333,0
AMILEN,2.1543,4.305400000000001,4.307,0.0016,5.8893725,1.9495569999999995,6.864151,4.914594,1.0,2,2,0,1.5,1,2,1,1.0,2,2,0,87.078665,100.80267,137.48,36.67733,0
AMILUD,3.48715,0.4265000000000003,3.7004,3.2739,5.873172,2.248634,6.997489,4.748855,1.5,3,3,0,1.5,1,2,1,1.0,2,2,0,100.147835,127.24033,163.768,36.52767,0
AMUBAM,2.8247,1.0797999999999996,3.3646,2.2848,6.217361,2.02402,7.229371,5.205351,0.5,1,1,0,4.5,5,7,2,3.0,2,4,2,108.5125,19.943,118.484,98.541,0
AMUSIN,3.5551,1.1025999999999998,4.1064,3.0038,5.86035,1.7880480000000007,6.754374,4.966326,1.5,3,3,0,2.5,3,4,1,1.5,3,3,0,153.17183,200.545,253.44433,52.89933,0
AMUZUE,2.0528,3.0098000000000003,3.5577,0.5479,5.1131195,2.002775,6.114507,4.111732,1.0,2,2,0,3.0,4,5,1,0.5,1,1,0,162.818,146.21666,235.92633,89.70967,0
ANAWOE,1.3637,2.7262,2.7268,0.0006,6.065231000000001,0.3022780000000002,6.21637,5.914092,1.0,2,2,0,2.0,0,2,2,0.5,1,1,0,107.54967,96.16400000000002,155.63167,59.46767,0
ANIKEQ,5.19355,2.2331000000000003,6.3101,4.077,5.659713,1.834358,6.576892,4.742534,1.0,2,2,0,3.0,4,5,1,1.0,2,2,0,126.868,110.49534,182.11567,71.62033,0
ANILER01,3.5831,7.1656,7.1659,0.0003,5.8371485,2.226039,6.950168,4.724129,1.0,2,2,0,3.5,3,5,2,1.0,2,2,0,119.943165,124.50033,182.19333,57.693,0
ANILIV,4.07255,4.4753,6.3102,1.8349,5.8308055,2.177193,6.919402,4.742209,1.0,2,2,0,3.0,4,5,1,1.0,2,2,0,117.37533,129.49,182.12033,52.63033,0
ANUVIP,4.85515,5.5199,7.6151,2.0952,6.057981,3.142092,7.629027,4.486935,1.0,2,2,0,3.5,3,5,2,0.5,1,1,0,121.446335,123.71733,183.305,59.58767,0
APAMEK,1.98215,1.0951,2.5297,1.4346,4.991819,1.6903379999999997,5.836988,4.14665,1.5,1,2,1,3.0,0,3,3,1.5,3,3,0,158.42117000000002,143.609,230.22567,86.61667,0
APAWAR,5.033,1.8552,5.9606,4.1054,5.687844500000001,2.1330590000000003,6.754374,4.621315,0.5,1,1,0,3.0,4,5,1,1.5,3,3,0,101.585165,97.37033,150.27033,52.9,0
APAWOF,6.2985,4.3438,8.4704,4.1266,5.5505995,1.715275,6.408237,4.692962,0.5,1,1,0,3.0,4,5,1,0.5,1,1,0,139.314665,168.60133,223.61533,55.014,0
APEGEJ,3.1822,1.8208,4.0926,2.2718,5.646611500000001,0.901941,6.097582,5.195641,1.0,0,1,1,1.5,1,2,1,1.0,2,2,0,88.425335,48.84133,112.846,64.00467,0
APEGIN,2.04605,4.0919,4.092,0.0001,5.055234,0.2809719999999993,5.19572,4.914748,1.5,1,2,1,2.0,0,2,2,1.0,2,2,0,125.1635,24.63434000000001,137.48067,112.84633,0
APUVUF,3.25385,0.9911,3.7494,2.7583,4.327475,0.3691599999999999,4.512055,4.142895,1.0,0,1,1,4.0,0,4,4,2.0,2,3,1,141.8195,76.73366,180.18633,103.45267,0
APUWOA,3.5655,0.3597999999999999,3.7454,3.3856,4.893677,0.758858,5.273106,4.514248,1.0,0,1,1,3.5,1,4,3,1.5,1,2,1,139.2815,81.69033999999999,180.12667,98.43633,0
APUYUI,2.6207000000000003,2.2546,3.748,1.4934,4.612007500000001,0.1990769999999999,4.711546,4.512469,1.0,0,1,1,4.0,0,4,4,2.0,2,3,1,141.522335,77.30466999999999,180.17467,102.87,0
APYSAL,3.826400000000001,3.2402,5.4465,2.2063,4.8449525,0.2773390000000004,4.983622,4.706283,1.0,0,1,1,2.5,1,3,2,1.0,2,2,0,125.603,56.46600000000001,153.836,97.37,0
AQEJEO,3.15275,1.8915,4.0985,2.207,4.734659,0.0581180000000003,4.763718,4.7056,1.0,0,1,1,2.5,1,3,2,2.0,0,2,2,99.775335,4.802670000000006,102.17667,97.374,1
AQONIG,0.52435,1.0487,1.0487,0.0,4.7532235,1.116759,5.311603,4.194844,2.0,0,2,2,2.0,0,2,2,1.0,2,2,0,172.580335,14.806669999999995,179.98367,165.177,0
AQUMEH,3.9258,2.9464,5.399,2.4526,4.9128665,0.6462750000000002,5.236004,4.589729,0.5,1,1,0,2.0,2,3,1,1.0,2,2,0,98.181665,78.45933,137.41133,58.952,0
AQUMIL01,3.3841,1.8756000000000004,4.3219,2.4463,5.723865,2.267958,6.857844,4.589886,0.5,1,1,0,2.0,2,3,1,1.0,2,2,0,87.02433,100.72,137.38433,36.66433,0
AQUMIL,3.41135,1.9171000000000005,4.3699,2.4528,5.7523665,2.325353,6.915043,4.58969,0.5,1,1,0,2.0,2,3,1,1.0,2,2,0,87.096665,100.62733,137.41033,36.783,0
ARAMAK,4.12095,1.5280999999999998,4.885,3.3569,4.8624905,0.551151,5.138066,4.586915,0.5,1,1,0,2.0,2,3,1,1.0,2,2,0,97.957835,78.47632999999999,137.196,58.71967,0
ARAMEO,3.5281,0.3424,3.6993,3.3569,5.791983500000001,2.4101290000000004,6.997048,4.586919,0.5,1,1,0,2.0,2,3,1,1.0,2,2,0,86.861335,100.66867,137.19567,36.527,0
ASAVUL,0.0020499999999999,0.0021,0.0031,0.001,2.7136545,0.6144090000000002,3.020859,2.40645,0.0,0,0,0,6.0,4,8,4,0.0,0,0,0,244.01667,35.96800000000002,262.00067,226.03267,0
ATALEP,0.8129,1.6254,1.6256,0.0002,5.0796995,0.7641850000000003,5.461792,4.697607,1.0,0,1,1,3.0,2,4,2,1.5,3,3,0,109.1385,12.635659999999987,115.45633,102.82067,0
ATALOZ,2.02525,4.0483,4.0494,0.0011,4.1311495,1.095595,4.678947,3.583352,2.0,2,3,1,3.0,2,4,2,1.5,3,3,0,138.259,70.78999999999999,173.654,102.864,0
ATAYIG,1.56735,3.1347,3.1347,0.0,5.3107545,0.2987469999999996,5.460128,5.161381,1.5,1,2,1,2.5,1,3,2,1.0,2,2,0,160.211165,51.23033000000001,185.82633,134.596,0
AVIYAI,2.10445,1.7247,2.9668,1.2421,5.1272845,0.2869890000000001,5.270779,4.98379,1.0,0,1,1,2.0,0,2,2,1.0,2,2,0,122.46567,70.74600000000001,157.83867,87.09267,0
AWAZUV,3.9985,0.2149999999999998,4.106,3.891,5.3070355,2.894623,6.754347,3.859724,0.5,1,1,0,2.0,2,3,1,1.5,3,3,0,151.02100000000002,196.23934,249.14067,52.90133,0
AWITIM,2.04755,4.0947,4.0949,0.0002,4.837535,0.9844799999999996,5.329775,4.345295,0.5,1,1,0,2.5,3,4,1,1.0,2,2,0,113.16517,89.699,158.01467,68.31567,0
AWITOS,3.43385,1.3216999999999994,4.0947,2.773,4.9759305000000005,1.2607150000000005,5.606288,4.345573,1.0,0,1,1,3.5,5,6,1,1.5,3,3,0,146.0525,23.91434000000001,158.00967,134.09533,0
AWUQUF,0.81165,1.6233,1.6233,0.0,5.195894,0.2089040000000004,5.300346,5.091442,1.5,1,2,1,5.0,2,6,4,1.0,2,2,0,164.112335,29.12533000000002,178.675,149.54967,0
AXAKUG,0.74865,1.4969,1.4971,0.0002,5.3183565,0.0477350000000003,5.342224,5.294489,1.5,1,2,1,3.5,3,5,2,1.0,2,2,0,119.517835,26.289669999999987,132.66267,106.373,0
AXASOH,3.7614,1.7644000000000002,4.6436,2.8792,4.949758,0.0200619999999993,4.959789,4.939727,0.5,1,1,0,3.5,3,5,2,1.5,3,3,0,109.349,26.96734,122.83267,95.86533,0
AXOPEJ,2.4828,4.9606,4.9631,0.0025,4.155133,0.1541820000000004,4.232224,4.078042,2.0,4,4,0,3.0,2,4,2,1.0,2,2,0,191.919165,117.52367,250.681,133.15733,0
AXUFIJ,1.17885,2.3577,2.3577,0.0,6.0907725,2.7786050000000007,7.480075,4.70147,1.5,3,3,0,2.5,3,4,1,1.0,2,2,0,116.525,103.83066,168.44033,64.60967,0
AXUFUV,1.1789500000000002,2.3577,2.3578,0.0001,4.9486965000000005,0.4931430000000008,5.195268,4.702125,1.5,3,3,0,2.5,3,4,1,1.0,2,2,0,118.771335,99.33667,168.43967,69.103,0
AXUGAC,1.17885,2.3577,2.3577,0.0,4.9485535,0.4935550000000006,5.195331,4.701776,1.5,3,3,0,2.5,3,4,1,1.0,2,2,0,118.7705,99.335,168.438,69.103,0
AXUGOQ,1.65735,1.4009,2.3578,0.9569,5.127874,0.8530980000000001,5.554423,4.701325,2.0,2,3,1,2.5,3,4,1,1.0,2,2,0,140.450665,55.97333,168.43733,112.464,1
AXUSUJ,2.4832,4.622199999999999,4.7943,0.1721,5.903682,2.9974220000000003,7.402393,4.404971,0.5,1,1,0,3.5,1,4,3,1.0,2,2,0,109.7385,67.48166,143.47933,75.99767,1
AXUVAR,2.0676,4.117999999999999,4.1266,0.0086,5.826037,1.1645580000000004,6.408316,5.243758,0.0,0,0,0,4.5,7,8,1,1.0,2,2,0,126.052,142.07866,197.09133,55.01267,0
AYEPUR,1.60385,1.3704999999999998,2.2891,0.9186,5.4585255,0.0014250000000002,5.459238,5.457813,0.5,1,1,0,2.5,3,4,1,0.5,1,1,0,99.0935,16.23700000000001,107.212,90.975,0
AYEQAY,1.339,0.8439999999999999,1.761,0.917,5.5273855,0.1350829999999998,5.594927,5.459844,0.5,1,1,0,2.5,3,4,1,0.5,1,1,0,112.050335,9.680670000000006,116.89067,107.21,0
AYIJUP,5.04985,5.930300000000001,8.015,2.0847,4.0934235,1.410319,4.798583,3.388264,1.5,1,2,1,3.0,4,5,1,0.5,1,1,0,158.87667,87.3,202.52667,115.22667,0
AYIKAW,5.3198,5.389799999999999,8.0147,2.6249,4.064965,1.3532259999999998,4.741578,3.388352,1.5,1,2,1,3.0,4,5,1,0.5,1,1,0,158.379165,88.29232999999999,202.52533,114.233,0
AYIKUR,4.066,0.3155999999999999,4.2238,3.9082,5.118912,2.8312159999999995,6.53452,3.703304,1.0,2,2,0,2.5,3,4,1,1.0,2,2,0,138.586335,147.51733000000002,212.345,64.82767,0
AYILEB,3.2615,1.2712,3.8971,2.6259,4.5989585,0.2850770000000002,4.741497,4.45642,2.0,0,2,2,3.5,5,6,1,1.0,2,2,0,176.78833500000002,125.12667000000002,239.35167,114.225,0
AYIWEM,2.72045,3.7427,4.5918,0.8491,4.425495,0.9729839999999998,4.911987,3.939003,1.5,1,2,1,3.5,3,5,2,2.5,3,4,1,118.631165,18.66433,127.96333,109.299,0
AYOROW,4.2567,0.6894,4.6014,3.912,4.955485,0.1419939999999995,5.026482,4.884488,0.5,1,1,0,4.0,0,4,4,0.5,1,1,0,136.369835,5.702330000000018,139.221,133.51867,0
AYUMEN,0.67175,1.3433,1.3434,0.0001,5.4652975,0.2623790000000001,5.596487,5.334108,0.5,1,1,0,3.0,2,4,2,1.0,2,2,0,74.32833500000001,67.06667,107.86167,40.795,0
AZOVUH,1.2573,2.5142,2.5144,0.0002,4.951037,0.7828220000000004,5.342448,4.559626,1.0,2,2,0,2.5,1,3,2,0.5,1,1,0,128.401665,8.509329999999991,132.65633,124.147,0
AZUMEO,3.8603,0.5347999999999997,4.1277,3.5929,4.970198,2.8754159999999995,6.407906,3.53249,0.5,1,1,0,2.5,3,4,1,1.5,3,3,0,141.66517,173.299,228.31467,55.01567,0
AZUQAP,1.85165,3.7031,3.7032,0.0001,6.9705295,0.0510709999999994,6.996065,6.944994,0.0,0,0,0,0.5,1,1,0,1.0,2,2,0,79.490335,85.92266999999998,122.45167,36.529,0
BACQOO,0.7092499999999999,1.4129,1.4157,0.0028,3.555759,1.0079580000000004,4.059738,3.05178,1.0,2,2,0,3.0,2,4,2,1.0,2,2,0,167.915335,92.10733,213.969,121.86167,0
BACRAB,0.7088,1.4147999999999998,1.4162,0.0014,4.607725,1.095586,5.155518,4.059932,1.5,1,2,1,2.0,0,2,2,1.0,2,2,0,147.31283000000002,133.311,213.96833,80.65733,1
BACREF,0.70815,1.4153,1.4158,0.0005,4.554819,0.9889739999999998,5.049306,4.060332,2.0,0,2,2,1.0,2,2,0,0.0,0,0,0,209.238835,9.441669999999988,213.95967,204.518,0
BAJXAP,1.4903499999999998,1.0625,2.0216,0.9591,5.4832655,0.1420150000000006,5.554273,5.412258,1.0,0,1,1,3.5,1,4,3,2.0,0,2,2,105.99567,12.929999999999993,112.46067,99.53067,1
BAQNUD,3.23065,6.4611,6.4612,0.0001,5.2443085,2.685867,6.587242,3.901375,1.5,1,2,1,1.5,3,3,0,0.0,0,0,0,183.879835,228.91167,298.33567,69.424,0
BARAAD,5.2447,1.7618,6.1256,4.3638,2.1336645,1.528097,2.897713,1.369616,1.0,0,1,1,4.0,2,5,3,1.5,1,2,1,179.65550000000002,3.152340000000009,181.23167,178.07933,0
BARAPY10,1.47455,0.9811,1.9651,0.984,5.637601500000001,0.7104150000000002,5.992809,5.282394,0.5,1,1,0,2.5,1,3,2,1.5,1,2,1,97.71717,42.019000000000005,118.72667,76.70767,0
BARBAM,2.4509,2.9324,3.9171,0.9847,6.4360705,0.886215,6.879178,5.992963,0.0,0,0,0,2.0,2,3,1,1.5,1,2,1,79.36567,78.726,118.72867,40.00267,0
BARBUR,2.3418,2.7174,3.7005,0.9831,6.494802,1.0036900000000006,6.996647,5.992957,0.0,0,0,0,2.0,2,3,1,2.0,0,2,2,77.629335,82.19266999999999,118.72567,36.533,0
BARHMP,2.3904,2.8154,3.7981,0.9827,5.9234535,0.1391650000000002,5.993036,5.853871,0.0,0,0,0,2.0,2,3,1,1.0,2,2,0,122.97083,8.491,127.21633,118.72533,0
BARMIM,2.55675,3.1482999999999994,4.1309,0.9826,6.124118,0.2625799999999998,6.255408,5.992828,0.0,0,0,0,2.5,1,3,2,1.0,2,2,0,90.3985,56.651,118.724,62.073,0
BARMPN,2.53855,3.1125000000000003,4.0948,0.9823,5.3565405,1.272259,5.99267,4.720411,0.0,0,0,0,2.0,2,3,1,1.0,2,2,0,101.564835,34.31766999999999,118.72367,84.406,0
BASYUR,2.0182,4.0364,4.0364,0.0,5.1232685,0.0351549999999996,5.140846,5.105691,1.0,0,1,1,3.5,1,4,3,1.5,1,2,1,131.63917,35.125000000000014,149.20167,114.07667,0
BASZAY,2.0173,4.0346,4.0346,0.0,5.21838,0.2209139999999996,5.328837,5.107923,0.5,1,1,0,3.5,1,4,3,1.5,1,2,1,108.746335,80.85667,149.17467,68.318,0
BATDUX,0.8926,1.7852,1.7852,0.0,5.0230315,0.3441150000000004,5.195089,4.850974,1.0,2,2,0,2.5,3,4,1,1.0,2,2,0,99.985,61.76266000000001,130.86633,69.10367,0
BAVYAY,2.8105,5.619,5.62,0.001,6.3432395,1.213991,6.950235,5.736244,0.0,0,0,0,4.0,4,6,2,0.5,1,1,0,96.386335,77.38067000000001,135.07667,57.696,0
BAVYEC,3.1571,6.3122,6.3132,0.001,6.0132525,1.873869,6.950187,5.076318,0.0,0,0,0,4.0,4,6,2,0.0,0,0,0,108.3255,101.25366,158.95233,57.69867,0
BAYQIF,2.2254,0.7707999999999997,2.6108,1.84,4.9702655,0.482723,5.211627,4.728904,1.0,0,1,1,3.5,1,4,3,1.0,0,1,1,134.31432999999998,1.9199999999999875,135.27433,133.35433,0
BAYWAC,2.3435,0.1421999999999998,2.4146,2.2724,7.4074055,2.6172190000000004,8.716015,6.098796,0.5,1,1,0,1.0,0,1,1,0.5,1,1,0,56.426665,15.137330000000006,63.99533,48.858,0
BAZTIJ01,3.5787500000000003,0.8980999999999999,4.0278,3.1297,6.5806235,1.749715,7.455481,5.705766,0.5,1,1,0,3.0,2,4,2,1.0,2,2,0,79.69883,4.760999999999996,82.07933,77.31833,0
BAZTIJ,3.5788,0.8981999999999997,4.0279,3.1297,6.580598,1.7501379999999995,7.455667,5.705529,0.5,1,1,0,3.0,2,4,2,1.0,2,2,0,79.69749999999999,4.75833999999999,82.07667,77.31833,0
BECNUS02,5e-05,0.0001,0.0001,0.0,4.136073,1.1044980000000004,4.688322,3.583824,2.0,2,3,1,4.0,4,6,2,0.0,0,0,0,154.252665,38.753330000000005,173.62933,134.876,0
BECPOR,0.8666,1.7332,1.7332,0.0,4.744661000000001,0.2710359999999996,4.880179,4.609143,1.0,0,1,1,4.0,0,4,4,1.0,2,2,0,132.740665,30.36867000000001,147.925,117.55633,0
BEFGIC,1.51795,3.0321,3.034,0.0019,1.344142,0.023562,1.355923,1.332361,2.0,4,4,0,3.0,6,6,0,0.0,0,0,0,227.616665,15.080669999999998,235.157,220.07633,0
BEJGUT,3.26085,3.1125,4.8171,1.7046,4.912264,0.3053379999999999,5.064933,4.759595,0.5,1,1,0,2.5,1,3,2,0.5,1,1,0,124.835165,128.14233,188.90633,60.764,0
BELDEB,0.8141,1.6282,1.6282,0.0,5.6420275,1.891729,6.587892,4.696163,0.5,1,1,0,3.0,6,6,0,1.0,2,2,0,114.579,90.36734,159.76267,69.39533,0
BEMLOV,1.0009,2.0012,2.0015,0.0003,4.6860255,2.133247,5.752649,3.619402,1.5,1,2,1,2.5,1,3,2,1.0,2,2,0,170.10683,139.08100000000002,239.64733,100.56633,0
BEMLUB,1.0014,2.0026,2.0027,0.0001,4.4764915,2.552279,5.752631,3.200352,1.5,1,2,1,2.5,1,3,2,1.0,2,2,0,206.86133,212.598,313.16033,100.56233,0
BEQWAV,2.0248,4.0494,4.0495,0.0001,5.010793,0.6633979999999999,5.342492,4.679094,1.5,1,2,1,3.0,2,4,2,1.5,3,3,0,117.759835,29.79366999999999,132.65667,102.863,0
BERMOA,2.8387,5.6772,5.6773,0.0001,5.850068,2.362158,7.031147,4.668989,0.0,0,0,0,3.0,2,4,2,1.0,2,2,0,115.983665,3.793329999999997,117.88033,114.087,0
BESZEH,1.8344,3.6678,3.6683,0.0005,5.6609045,0.3989949999999993,5.860402,5.461407,1.0,0,1,1,2.0,0,2,2,1.0,2,2,0,105.89633,19.12599999999999,115.45933,96.33333,1
BEVZIP,0.00105,0.0009,0.0015,0.0006,7.096144,0.767156,7.479722,6.712566,0.5,1,1,0,5.0,2,6,4,2.5,1,3,2,76.9015,24.58099999999999,89.192,64.611,0
BEVZOV,1.152,2.2808,2.2924,0.0116,7.0492225,0.6750369999999997,7.386741,6.711704,0.5,1,1,0,5.0,2,6,4,2.5,1,3,2,83.3935,11.613,89.2,77.587,1
BICQUB01,2.0506,0.0589999999999997,2.0801,2.0211,5.3405475,0.1436070000000002,5.412351,5.268744,1.0,0,1,1,3.0,0,3,3,2.0,0,2,2,98.975335,1.1086699999999894,99.52967,98.421,0
BICQUB,2.0507,0.0594000000000001,2.0804,2.021,5.3403220000000005,0.1436619999999999,5.412153,5.268491,1.0,0,1,1,3.0,0,3,3,2.0,0,2,2,98.97583,1.11099999999999,99.53133,98.42033,1
BIFFED,0.44115,0.8817,0.882,0.0003,4.948589500000001,0.7877809999999998,5.34248,4.554699,2.0,0,2,2,3.5,3,5,2,1.0,2,2,0,183.767665,102.22533,234.88033,132.655,0
BIFFIH,0.44115,0.8821,0.8822,0.0001,4.375393,0.3596959999999995,4.555241,4.195545,2.0,0,2,2,3.5,3,5,2,1.0,2,2,0,207.429165,54.90232999999998,234.88033,179.978,0
BIFYOE,2.8208,0.5164,3.079,2.5626,5.05186,0.4549940000000001,5.279357,4.824363,0.5,1,1,0,3.5,3,5,2,1.5,1,2,1,96.20817,28.53099999999999,110.47367,81.94267,0
BIGHAD,4.50315,0.8013000000000003,4.9038,4.1025,5.191888,2.87795,6.630863,3.752913,1.5,3,3,0,3.5,1,4,3,0.0,0,0,0,164.2175,206.815,267.625,60.81,0
BIHZAU,0.63405,1.2663000000000002,1.2672,0.0009,5.0397575,0.6060129999999999,5.342764,4.736751,1.0,2,2,0,3.5,3,5,2,1.0,2,2,0,121.632665,22.039330000000007,132.65233,110.613,0
BILXEA,5.3906,2.5276,6.6544,4.1268,5.16094,2.4936519999999995,6.407766,3.914114,1.0,2,2,0,2.0,2,3,1,1.0,2,2,0,175.404835,240.78633,295.798,55.01167,0
BILXUP,0.00045,0.0005,0.0007,0.0002,3.867811,0.7941479999999994,4.264885,3.470737,0.0,0,0,0,5.0,2,6,4,0.0,0,0,0,143.71883,28.267,157.85233,129.58533,0
BIPCIQ,4.51445,1.6916999999999995,5.3603,3.6686,6.1466655,1.011329,6.65233,5.641001,0.5,1,1,0,2.0,2,3,1,2.0,0,2,2,123.7395,124.799,186.139,61.34,0
BISHIY05,1.0913,2.1826,2.1826,0.0,4.734211999999999,1.802962,5.635693,3.832731,1.5,1,2,1,3.0,2,4,2,0.5,1,1,0,130.13517,78.56499999999998,169.41767,90.85267,0
BIVSIJ02,0.6406,1.2812,1.2812,0.0,4.4560885,0.5226730000000002,4.717425,4.194752,2.0,0,2,2,2.5,1,3,2,1.0,2,2,0,178.290165,3.3743299999999863,179.97733,176.603,0
BIWVUY,0.9673,1.9346,1.9346,0.0,4.160497,1.054998,4.687996,3.632998,2.0,2,3,1,3.5,5,6,1,0.0,0,0,0,156.374165,42.97367,177.861,134.88733,0
BIXBOC,2.53,2.2672,3.6636,1.3964,4.778107,0.8290300000000004,5.192622,4.363592,2.0,0,2,2,3.0,4,5,1,1.5,1,2,1,179.267335,47.83132999999998,203.183,155.35167,0
BIZXEO,6.1447,7.745000000000001,10.0172,2.2722,5.5971095,1.0022649999999995,6.098242,5.095977,1.0,0,1,1,3.0,4,5,1,1.0,2,2,0,121.6145,115.23834,179.23367,63.99533,0
BOBXAU,5.243,2.2756,6.3808,4.1052,5.721304,2.0664560000000005,6.754532,4.688076,1.0,2,2,0,3.0,4,5,1,1.5,3,3,0,133.769,161.73865999999998,214.63833,52.89967,0
BODSAO,2.48335,2.4313,3.699,1.2677,6.3723245,1.248717,6.996683,5.747966,0.5,1,1,0,1.5,1,2,1,2.0,0,2,2,58.728335,44.39667,80.92667,36.53,0
BOKHAM01,3.4264,6.8526,6.8527,0.0001,4.747389999999999,0.8318240000000001,5.163302,4.331478,1.5,1,2,1,4.0,4,6,2,1.5,3,3,0,178.149835,87.11767,221.70867,134.591,0
BOKHIU,3.25805,6.5159,6.516,0.0001,4.8351635,1.014653,5.34249,4.327837,1.5,1,2,1,4.0,4,6,2,1.5,3,3,0,177.203835,89.09633000000002,221.752,132.65567,0
BOMCAJ,1.4865,1.0708000000000002,2.0219,0.9511,5.1527485,0.5195689999999997,5.412533,4.892964,1.0,0,1,1,3.0,0,3,3,2.0,0,2,2,98.21067,2.6340000000000003,99.52767,96.89367,1
BOMGUH,0.64,1.2794,1.2797,0.0003,5.24473,0.1937139999999999,5.341587,5.147873,2.0,0,2,2,3.0,2,4,2,1.0,2,2,0,157.2475,49.18034,181.83767,132.65733,0
BOPDAO,2.20675,1.8741,3.1438,1.2697,4.924983,1.7444500000000005,5.797208,4.052758,2.5,3,4,1,1.5,1,2,1,0.5,1,1,0,159.7585,169.10165999999998,244.30933,75.20767,0
BOPGIY,2.61315,4.1327,4.6795,0.5468,4.3211065,0.668037,4.655125,3.987088,1.0,2,2,0,3.0,2,4,2,1.5,3,3,0,131.3155,41.52966000000001,152.08033,110.55067,0
BOQBEO,0.67525,1.3461,1.3483,0.0022,5.695074,0.9003899999999998,6.145269,5.244879,1.0,2,2,0,3.0,2,4,2,1.0,2,2,0,123.776665,60.47733000000001,154.01533,93.538,1
BOQDOA,1.36255,2.7249,2.725,0.0001,4.965944,0.3946639999999997,5.163276,4.768612,2.0,0,2,2,2.5,1,3,2,1.0,2,2,0,157.544165,45.90033,180.49433,134.594,0
BOQHOE01,0.0001,0.0002,0.0002,0.0,4.16857,2.2341960000000003,5.285668,3.051472,0.5,1,1,0,3.0,2,4,2,1.0,2,2,0,90.562335,62.573330000000006,121.849,59.27567,0
BOQHOE,0.0,0.0,0.0,0.0,4.1681355,2.233147,5.284709,3.051562,0.5,1,1,0,3.0,2,4,2,1.0,2,2,0,90.5685,62.579,121.858,59.279,0
BOQNIG,0.44685,0.8923,0.893,0.0007,5.2915345,0.0435789999999993,5.313324,5.269745,1.0,0,1,1,4.5,3,6,3,1.5,1,2,1,154.680165,110.73833,210.04933,99.311,0
BOQNUS,0.4463,0.8926,0.8926,0.0,5.2911655,0.0442929999999996,5.313312,5.269019,1.0,0,1,1,4.5,3,6,3,1.5,1,2,1,154.64499999999998,110.66,209.975,99.315,0
BOVVEP,1.4246,2.8492,2.8492,0.0,4.7749065,1.1616109999999995,5.355712,4.194101,1.5,1,2,1,2.0,0,2,2,0.5,1,1,0,135.61200000000002,88.74600000000001,179.985,91.239,0
BOVVIT,0.70915,1.4181,1.4182,0.0001,4.8964035,1.4027630000000002,5.597785,4.195022,1.5,1,2,1,2.0,0,2,2,0.5,1,1,0,135.772665,88.41466999999999,179.98,91.56533,0
BOVVUF,1.99765,3.9951,3.9952,0.0001,5.6501525,0.751811,6.026058,5.274247,1.5,1,2,1,2.0,0,2,2,0.5,1,1,0,123.308335,62.21467000000001,154.41567,92.201,0
BOVWAM,1.3031,2.6062,2.6062,0.0,4.8912055,1.3925970000000003,5.587504,4.194907,1.5,1,2,1,2.0,0,2,2,0.5,1,1,0,136.20117,87.53900000000002,179.97067,92.43167,0
BOVWEQ,1.302,2.6038,2.6039,0.0001,5.806719,0.4387220000000003,6.02608,5.587358,1.5,1,2,1,2.0,0,2,2,0.5,1,1,0,123.422,61.98734,154.41567,92.42833,0
BOVWIU,0.71235,1.4245,1.4246,0.0001,4.721154,1.052256,5.247282,4.195026,1.5,1,2,1,2.0,0,2,2,0.5,1,1,0,135.840165,88.28166999999999,179.981,91.69933,0
BOVWOA,1.8474,3.6948,3.6948,0.0,4.8776345,1.3636529999999991,5.559461,4.195808,1.5,1,2,1,2.0,0,2,2,0.5,1,1,0,136.62883499999998,86.60367,179.93067,93.327,0
BOVWUG,1.8474,3.6948,3.6948,0.0,5.736794,0.3540660000000004,5.913827,5.559761,1.5,1,2,1,2.0,0,2,2,0.5,1,1,0,124.479665,62.30933,155.63433,93.325,0
BOVXOB01,0.57435,1.1485,1.1486,0.0001,4.742532,1.0953499999999998,5.290207,4.194857,1.5,1,2,1,2.0,0,2,2,0.5,1,1,0,136.583665,86.80466999999999,179.986,93.18133,0
BOVXOB,0.57485,1.1497,1.1497,0.0,4.742544499999999,1.094703,5.289896,4.195193,1.5,1,2,1,2.0,0,2,2,0.5,1,1,0,136.558,86.74999999999999,179.933,93.183,0
BOVYAO,0.5746,1.1484,1.1488,0.0004,5.6019595,0.623475,5.913697,5.290222,1.5,1,2,1,2.0,0,2,2,0.5,1,1,0,124.4135,62.46566,155.64633,93.18067,0
BOVYES,0.9252,1.8502,1.8503,0.0001,4.6473625,0.9046529999999996,5.099689,4.195036,1.5,1,2,1,2.0,0,2,2,0.5,1,1,0,135.97683,88.00500000000001,179.97933,91.97433,0
BOVYUI,1.39665,2.7933,2.7933,0.0,4.833204,1.2747839999999997,5.470596,4.195812,1.5,1,2,1,2.0,0,2,2,0.5,1,1,0,136.139165,87.67166999999999,179.975,92.30333,0
BOVZAP,1.3963,2.7926,2.7926,0.0,5.6919345,0.4440650000000001,5.913967,5.469902,1.5,1,2,1,2.0,0,2,2,0.5,1,1,0,123.96917,63.32899999999999,155.63367,92.30467,0
BOWJEE,0.90925,1.8181,1.8183,0.0002,4.9852035,1.5792330000000003,5.77482,4.195587,1.5,1,2,1,2.0,0,2,2,0.5,1,1,0,136.3285,87.29766,179.97733,92.67967,0
BOWJII,1.03405,2.0681,2.0681,0.0,4.8482705,1.307385,5.501963,4.194578,1.5,1,2,1,2.0,0,2,2,0.5,1,1,0,136.541835,86.89833000000002,179.991,93.09267,0
BOWJUU,1.0334,2.0668,2.0668,0.0,5.7641295,0.5242389999999997,6.026249,5.50201,1.5,1,2,1,2.0,0,2,2,0.5,1,1,0,123.7435,61.30166,154.39433,93.09267,0
BOWKEF,1.08785,2.1611,2.1684,0.0073,4.8114930000000005,1.2300220000000008,5.426504,4.196482,1.5,1,2,1,2.0,0,2,2,0.5,1,1,0,135.74067000000002,88.412,179.94667,91.53467,0
BUJWIN,4.6888000000000005,3.4056,6.3916,2.986,4.379422,1.6167820000000002,5.187813,3.571031,1.5,1,2,1,4.5,1,5,4,1.0,2,2,0,134.59,57.96265999999999,163.57133,105.60867,0
BUKGUM,3.9207,0.0986000000000002,3.97,3.8714,5.9077515,2.701219,7.258361,4.557142,1.5,3,3,0,2.5,3,4,1,0.5,1,1,0,157.80183000000002,259.031,287.31733,28.28633,0
BULJID,1.10315,2.2063,2.2063,0.0,4.269018,0.8748640000000001,4.70645,3.831586,1.5,1,2,1,3.5,1,4,3,1.0,2,2,0,133.38583,72.045,169.40833,97.36333,0
BULKOK,1.1036,2.2072,2.2072,0.0,4.4500805,0.510967,4.705564,4.194597,1.5,1,2,1,2.5,1,3,2,1.0,2,2,0,138.674835,82.60767,179.97867,97.371,0
BULLAX,1.08495,2.1691000000000003,2.1695,0.0004,4.75469,1.843976,5.676678,3.832702,1.5,1,2,1,3.0,2,4,2,1.0,2,2,0,125.12283,88.54299999999999,169.39433,80.85133,0
BULTUZ,1.7456,0.6777999999999997,2.0845,1.4067,5.325388,0.2700180000000003,5.460397,5.190379,1.0,0,1,1,2.0,0,2,2,0.5,1,1,0,99.529665,35.54066999999999,117.3,81.75933,0
BULVAH,1.8759,0.4181999999999999,2.085,1.6668,5.461885499999999,0.0032290000000001,5.4635,5.460271,1.0,0,1,1,1.5,1,2,1,0.5,1,1,0,91.443,19.35466,101.12033,81.76567,0
BUNFUN,0.83385,1.6671,1.6674,0.0003,5.462486999999999,0.0014659999999997,5.46322,5.461754,1.0,0,1,1,1.5,1,2,1,0.5,1,1,0,108.288835,14.33833,115.458,101.11967,0
BUNHEZ,0.7041,1.4082,1.4082,0.0,5.177042,0.0255279999999995,5.189806,5.164278,1.5,1,2,1,2.0,0,2,2,0.5,1,1,0,125.93867,17.279999999999987,134.57867,117.29867,0
BUNHID,0.4445,0.8888,0.8889,0.0001,4.4387325,0.4878869999999997,4.682676,4.194789,1.5,1,2,1,2.0,0,2,2,0.5,1,1,0,157.355165,45.25632999999999,179.98333,134.727,0
BUNHOJ,0.8335,1.667,1.667,0.0,5.3125985,0.3014410000000005,5.463319,5.161878,1.5,1,2,1,1.5,1,2,1,0.5,1,1,0,117.85967,33.48400000000001,134.60167,101.11767,0
BUNHUP,0.83335,1.6667,1.6667,0.0,5.688886,0.4502179999999995,5.913995,5.463777,1.5,1,2,1,1.5,1,2,1,0.5,1,1,0,128.374335,54.51666999999999,155.63267,101.116,0
BUQTEP,4.2842,4.5252,6.5468,2.0216,4.887397,1.0503699999999991,5.412582,4.362212,1.0,0,1,1,4.5,3,6,3,2.5,1,3,2,160.5795,122.09966,221.62933,99.52967,0
BUVBEC,2.988,2.8153999999999995,4.3957,1.5803,5.791608500000001,3.573531,7.578374,4.004843,0.5,1,1,0,3.5,5,6,1,1.0,0,1,1,151.87883,235.645,269.70133,34.05633,1
BUVZIC,1.26705,2.5341,2.5341,0.0,3.964891,1.9822260000000005,4.956004,2.973778,1.0,0,1,1,3.0,2,4,2,1.5,1,2,1,176.09317,65.763,208.97467,143.21167,0
BZASUC,1.8177,3.6354,3.6354,0.0,6.5642890000000005,1.828416,7.478497,5.650081,0.5,1,1,0,2.5,3,4,1,1.5,1,2,1,79.992665,30.772670000000005,95.379,64.60633,0
BZPCBQ,2.31185,4.4401,4.5319,0.0918,3.6931955,0.9026449999999996,4.144518,3.241873,2.0,4,4,0,2.0,4,4,0,0.0,0,0,0,187.758,84.102,229.809,145.707,0
CAFBAR20,2.4488,2.9282,3.9129,0.9847,5.510063000000001,0.965808,5.992967,5.027159,0.0,0,0,0,3.5,1,4,3,1.0,2,2,0,126.122165,14.791669999999996,133.518,118.72633,0
CAFSAL,4.4041,7.0872,7.9477,0.8605,3.911695,1.040756,4.432073,3.391317,0.5,1,1,0,3.5,1,4,3,1.0,2,2,0,123.918,20.760000000000005,134.298,113.538,0
CAGQEK,3.0135,6.0242,6.0256,0.0014,5.287564,1.2531100000000004,5.914119,4.661009,2.5,1,3,2,3.5,3,5,2,1.0,2,2,0,206.003335,100.74733,256.377,155.62967,0
CAGQIO,3.0122,6.0242,6.0243,0.0001,4.910685,0.5004139999999992,5.160892,4.660478,2.5,1,3,2,3.5,3,5,2,1.0,2,2,0,195.493665,121.75333000000003,256.37033,134.617,0
CAGQUA,2.62275,5.2455,5.2455,0.0,4.9040255,0.5143130000000005,5.161182,4.646869,2.5,1,3,2,3.5,3,5,2,1.0,2,2,0,195.600835,121.98033,256.591,134.61067,0
CAHLON,0.0001,0.0002,0.0002,0.0,4.0413120000000005,0.8979500000000002,4.490287,3.592337,1.0,2,2,0,3.0,2,4,2,1.0,2,2,0,134.722665,88.21667,178.831,90.61433,0
CAHLUT,0.0013,0.0026,0.0026,0.0,3.6633785,1.3987330000000004,4.362745,2.964012,1.0,2,2,0,3.0,2,4,2,1.0,2,2,0,160.289665,45.13066999999998,182.855,137.72433,0
CAJQAG,0.0,0.0,0.0,0.0,5.5919355,0.0849829999999993,5.634427,5.549444,1.0,2,2,0,5.0,2,6,4,3.0,2,4,2,158.50383,88.59700000000001,202.80233,114.20533,0
CAJQOU,0.7838499999999999,0.0249,0.7963,0.7714,6.225486500000001,0.816033,6.633503,5.81747,1.0,2,2,0,4.0,2,5,3,3.0,2,4,2,143.133835,88.99032999999999,187.629,98.63867,0
CAJVEP,0.1137,0.2272,0.2273,0.0001,5.9998565,1.3151469999999996,6.65743,5.342283,1.0,2,2,0,4.0,4,6,2,1.5,3,3,0,110.86683,43.58699999999999,132.66033,89.07333,0
CAKYOE,3.43615,4.1347,5.5035,1.3688,5.0119050000000005,0.6015120000000005,5.312661,4.711149,1.5,1,2,1,2.5,3,4,1,0.5,1,1,0,185.241835,124.62833,247.556,122.92767,0
CAKZAR,3.88875,3.2273,5.5024,2.2751,5.1272375,0.8312789999999994,5.542877,4.711598,1.5,1,2,1,3.5,1,4,3,1.5,3,3,0,173.792835,147.51967000000002,247.55267,100.033,0
CAKZEV,2.7515,5.503,5.503,0.0,4.9333465,0.4442669999999999,5.15548,4.711213,1.5,1,2,1,3.0,2,4,2,1.0,2,2,0,164.106335,166.90332999999998,247.558,80.65467,0
CAKZOF,4.21475,2.5781,5.5038,2.9257,6.3920015,3.361365000000001,8.072684,4.711319,1.0,2,2,0,3.5,1,4,3,1.5,3,3,0,138.081165,218.95767,247.56,28.60233,0
CAKZUL,2.7515,5.502800000000001,5.5029,0.0001,6.095427,2.7682400000000005,7.479547,4.711307,1.0,2,2,0,4.0,0,4,4,1.0,2,2,0,156.08350000000002,182.95234,247.55967,64.60733,0
CASCAB,5.0563,10.1126,10.1126,0.0,5.9752355,1.950889,6.95068,4.999791,0.5,1,1,0,3.5,3,5,2,1.5,3,3,0,119.22417,123.057,180.75267,57.69567,0
CASMAL,5.843,8.539200000000001,10.1126,1.5734,5.213464999999999,0.4270959999999997,5.427013,4.999917,1.0,0,1,1,3.0,4,5,1,2.0,2,3,1,131.158165,99.17767000000002,180.747,81.56933,0
CATJUE,1.45105,0.6727000000000001,1.7874,1.1147,4.5012810000000005,0.0343419999999996,4.518452,4.48411,2.5,3,4,1,2.5,1,3,2,1.5,1,2,1,202.417,103.62266,254.22833,150.60567,0
CATKAL,0.71635,1.4327,1.4327,0.0,5.3352855,1.7921690000000003,6.23137,4.439201,2.0,4,4,0,3.0,2,4,2,1.0,2,2,0,200.243835,112.08233,256.285,144.20267,0
CATKEP,2.5423,2.225,3.6548,1.4298,4.850258999999999,0.8213999999999997,5.260959,4.439559,3.0,2,4,2,3.0,2,4,2,1.0,2,2,0,241.2295,30.107000000000028,256.283,226.176,0
CAVYED,1.1864,2.3728,2.3728,0.0,4.357182,2.607834,5.661099,3.053265,0.5,1,1,0,3.0,2,4,2,1.0,2,2,0,90.08083,63.551,121.85633,58.30533,0
CAVYIH,0.00025,0.0005,0.0005,0.0,4.1696545,2.233385,5.286347,3.052962,0.5,1,1,0,3.0,2,4,2,1.0,2,2,0,90.5605,62.59233999999999,121.85667,59.26433,0
CEGGUS,0.6055,1.2108,1.2109,0.0001,6.192485,2.8467499999999992,7.61586,4.76911,1.0,2,2,0,5.0,2,6,4,2.0,0,2,2,135.41783,90.763,180.79933,90.03633,0
CEJPIU,4.7943,1.994,5.7913,3.7973,6.486074,1.263966,7.118057,5.854091,0.0,0,0,0,1.5,1,2,1,1.0,2,2,0,87.20017,80.035,127.21767,47.18267,0
CEJTAM,0.9674,1.9344,1.9346,0.0002,3.072534,1.121484,3.633276,2.511792,1.5,3,3,0,3.5,5,6,1,0.0,0,0,0,182.79583,9.881,187.73633,177.85533,0
CEKBOJ,1.71775,0.9019,2.1687,1.2668,5.196892,1.102804,5.748294,4.64549,2.0,2,3,1,2.0,0,2,2,1.0,2,2,0,138.11633,114.384,195.30833,80.92433,0
CEKKEK,2.3731,0.8772,2.8117,1.9345,4.5724755,1.879703,5.512327,3.632624,2.0,2,3,1,2.0,2,3,1,1.5,3,3,0,131.76433500000002,92.20467,177.86667,85.662,0
CEKKIO,1.3416,2.683,2.6831,0.0001,5.324571499999999,0.3258210000000003,5.487482,5.161661,1.5,1,2,1,2.5,1,3,2,1.5,3,3,0,110.52617,48.159000000000006,134.60567,86.44667,0
CEKKOU01,2.56965,1.4071,3.2732,1.8661,5.054323999999999,0.6125160000000003,5.360582,4.748066,2.0,2,3,1,2.5,1,3,2,1.5,3,3,0,124.364835,78.85367000000001,163.79167,84.938,0
CEKKOU,2.5695,1.4078000000000002,3.2734,1.8656,5.054452,0.6126139999999998,5.360759,4.748145,2.0,2,3,1,2.5,1,3,2,1.5,3,3,0,124.36183,78.84899999999999,163.78633,84.93733,0
CEKMEM,2.66385,2.4923,3.91,1.4177,4.8219295,1.5501049999999994,5.596982,4.046877,1.5,1,2,1,3.5,3,5,2,1.5,1,2,1,174.52,165.90734000000003,257.47367,91.56633,0
CEMGOT,3.29415,0.8155000000000001,3.7019,2.8864,6.448859,1.0953499999999998,6.996534,5.901184,0.5,1,1,0,1.5,1,2,1,2.0,0,2,2,65.2715,57.481,94.012,36.531,0
CEMNUH,0.36455,0.7289,0.729,0.0001,4.487659,0.585604,4.780461,4.194857,2.0,0,2,2,3.0,2,4,2,2.0,4,4,0,190.710335,21.453330000000022,201.437,179.98367,0
CEMPAP,1.0418,2.0704,2.077,0.0066,4.988008,1.5823099999999997,5.779163,4.196853,1.5,1,2,1,3.0,2,4,2,2.0,4,4,0,148.542665,62.80333,179.94433,117.141,0
CEMPOD,0.14205,0.2841,0.2841,0.0,5.9519415,0.2259589999999995,6.064921,5.838962,1.5,1,2,1,3.0,2,4,2,2.0,4,4,0,134.855,40.3,155.005,114.705,0
CENLIT,2.9922,2.1148,4.0496,1.9348,4.156061,1.046424,4.679273,3.632849,2.0,2,3,1,2.5,3,4,1,1.5,3,3,0,140.363835,74.99767000000001,177.86267,102.865,0
CEPJOA,2.0644500000000003,4.1261,4.1275,0.0014,5.401823,2.011838,6.407742,4.395904,0.0,0,0,0,2.5,3,4,1,2.0,4,4,0,147.66967,185.316,240.32767,55.01167,0
CEPMOC,2.1192,0.3691999999999997,2.3038,1.9346,4.5246455,1.7838630000000002,5.416577,3.632714,2.0,2,3,1,1.0,0,1,1,0.5,1,1,0,138.53733499999998,78.64733,177.861,99.21367,1
CEPZUV,2.1116,0.3540000000000001,2.2886,1.9346,4.545370999999999,1.824414,5.457578,3.633164,2.0,2,3,1,1.0,0,1,1,0.5,1,1,0,134.422835,86.87767000000001,177.86167,90.984,0
CEQBAE,2.1116,0.3536000000000001,2.2884,1.9348,4.544881,1.825688,5.457725,3.632037,2.0,2,3,1,1.0,0,1,1,0.5,1,1,0,134.42833,86.89199999999998,177.87433,90.98233,1
CEQBEI,2.1195,0.3692,2.3041,1.9349,4.5243025,1.7845209999999998,5.416563,3.632042,2.0,2,3,1,1.0,0,1,1,0.5,1,1,0,138.54500000000002,78.662,177.876,99.214,0
CEQDAH,3.33105,0.1985000000000001,3.4303,3.2318,5.4878955000000005,1.1606289999999992,6.06821,4.907581,1.0,0,1,1,5.5,3,7,4,2.0,2,3,1,147.1225,86.80633999999999,190.52567,103.71933,1
CEQDEL,3.63055,1.0963000000000005,4.1787,3.0824,5.307752,1.2165800000000004,5.916042,4.699462,1.0,0,1,1,5.5,3,7,4,2.0,2,3,1,147.934835,90.17233,193.021,102.84867,0
CEQDIP,2.5547,0.407,2.7582,2.3512,5.4000845,1.265695,6.032932,4.767237,1.0,0,1,1,6.0,2,7,5,2.5,3,4,1,152.1515,83.49434000000001,193.89867,110.40433,0
CERXIH,1.18905,2.3717,2.3749,0.0032,5.882785999999999,0.5229100000000004,6.144241,5.621331,0.5,1,1,0,3.0,2,4,2,1.0,2,2,0,87.0195,13.047000000000011,93.543,80.496,0
CESKAN,1.9409,3.8818,3.8818,0.0,6.314284499999999,2.602479,7.615524,5.013045,0.0,0,0,0,4.0,0,4,4,1.0,2,2,0,111.78233,43.49399999999999,133.52933,90.03533,0
CEWCUC10,5.2324,2.095,6.2799,4.1849,5.130475000000001,1.227398,5.744174,4.516776,2.0,2,3,1,2.5,3,4,1,0.5,1,1,0,202.271335,69.65733,237.1,167.44267,0
CEWYIM20,4.20435,7.5275,7.9681,0.4406,4.640275,1.3412640000000002,5.310907,3.969643,1.0,2,2,0,2.0,0,2,2,1.0,2,2,0,135.28683,47.373000000000005,158.97333,111.60033,0
CEWZAJ,1.65565,3.3113,3.3113,0.0,5.5361005,0.149375,5.610788,5.461413,1.0,0,1,1,2.5,1,3,2,1.5,3,3,0,107.48533,15.962000000000003,115.46633,99.50433,0
CEWZEN,0.73565,1.4711,1.4712,0.0001,5.454689,0.2250079999999998,5.567193,5.342185,1.5,1,2,1,2.5,1,3,2,1.5,3,3,0,116.21667,32.888000000000005,132.66067,99.77267,0
CEWZIR,0.84295,1.6841000000000002,1.685,0.0009,5.8004645,0.2270910000000006,5.91401,5.686919,1.5,1,2,1,2.5,1,3,2,1.5,3,3,0,127.531835,56.19567000000001,155.62967,99.434,0
CEXGAR,0.93245,1.8647,1.8648,0.0001,4.251459,0.8354499999999994,4.669184,3.833734,2.0,0,2,2,3.0,2,4,2,1.0,2,2,0,151.99233500000005,34.78867,169.38667,134.598,0
CEXJUO,1.32675,1.0747,1.8641,0.7894,4.710846999999999,0.0813379999999996,4.751516,4.670178,2.0,0,2,2,2.0,0,2,2,1.0,2,2,0,137.980165,6.763669999999991,141.362,134.59833,0
CEXKAV,1.27055,2.5411,2.5411,0.0,5.214248,1.3991440000000006,5.91382,4.514676,2.0,0,2,2,2.0,0,2,2,1.0,2,2,0,145.5905,20.086340000000007,155.63367,135.54733,0
CEXLIE,1.13085,2.2615,2.2616,0.0001,5.117260999999999,0.68832,5.461421,4.773101,1.0,0,1,1,3.0,2,4,2,1.5,3,3,0,122.132835,13.346330000000007,128.806,115.45967,0
CEXNEC,1.52295,3.0455,3.0457,0.0002,5.0519395,0.5815390000000003,5.342709,4.76117,1.5,1,2,1,3.0,2,4,2,1.5,3,3,0,130.07067,5.176000000000002,132.65867,127.48267,0
CEXVAG,2.0019,4.001799999999999,4.0028,0.001,4.6487425,2.1311250000000004,5.714305,3.58318,2.0,2,3,1,2.0,0,2,2,1.0,2,2,0,135.30433499999998,76.69066999999998,173.64967,96.959,0
CEXVEK,0.1997999999999999,0.3992,0.3994,0.0002,5.6456585,0.3680289999999999,5.829673,5.461644,1.0,0,1,1,2.0,0,2,2,1.0,2,2,0,106.123335,18.66866999999999,115.45767,96.789,0
CIDDAV,1.52945,3.0331,3.046,0.0129,5.8817515,1.661835,6.712669,5.050834,1.0,0,1,1,4.0,4,6,2,2.0,2,3,1,97.9525,17.521659999999997,106.71333,89.19167,0
CIFZID,1.5855,3.1692,3.1701,0.0009,5.3666945,0.0925869999999999,5.412988,5.320401,0.0,0,0,0,1.5,1,2,1,0.5,1,1,0,94.147335,18.91533,103.605,84.68967,0
CIHQUJ,4.48435,8.9685,8.9686,0.0001,3.747903,0.1002260000000001,3.798016,3.69779,3.0,2,4,2,2.5,5,5,0,0.0,0,0,0,200.275835,2.230329999999981,201.391,199.16067,0
CILLOA,2.0713,0.2239999999999999,2.1833,1.9593,5.5097615,0.251519,5.635521,5.384002,1.0,0,1,1,2.0,0,2,2,1.0,0,1,1,124.546665,67.38667000000001,158.24,90.85333,0
CIMVED,4.05955,3.1219,5.6205,2.4986,6.4116,2.183706000000001,7.503453,5.319747,0.5,1,1,0,3.0,2,4,2,1.5,1,2,1,90.24767,75.424,127.95967,52.53567,0
CIRNAU,1.98875,0.1826999999999998,2.0801,1.8974,5.106216,0.325056,5.268744,4.943688,1.5,1,2,1,3.0,0,3,3,1.0,2,2,0,134.818835,72.79566999999999,171.21667,98.421,0
CIRXAD,5.60615,0.6137000000000006,5.913,5.2993,6.895595999999999,0.6624299999999996,7.226811,6.564381,0.0,0,0,0,4.0,0,4,4,1.5,1,2,1,58.74717,10.964999999999996,64.22967,53.26467,0
CIRXIL,2.9568,5.9134,5.9135,0.0001,7.0904925,1.050745,7.615865,6.56512,0.0,0,0,0,4.0,0,4,4,1.5,1,2,1,71.650665,36.76933,90.03533,53.266,0
CIVPUW,3.63105,3.1877,5.2249,2.0372,4.559504,0.6321120000000002,4.87556,4.243448,1.5,1,2,1,2.5,1,3,2,1.0,0,1,1,149.5495,13.920999999999992,156.51,142.589,0
CIVQEH,3.7033,3.3306,5.3686,2.038,4.562028,0.6368280000000004,4.880442,4.243614,1.5,1,2,1,2.5,1,3,2,1.0,0,1,1,143.4665,1.755660000000006,144.34433,142.58867,1
CIWFOF,0.00145,0.0025,0.0027,0.0002,6.4978485,2.233423,7.61456,5.381137,1.0,2,2,0,4.0,0,4,4,2.0,0,2,2,174.552335,117.47467,233.28967,115.815,0
CIXBUI,2.0179,4.0356000000000005,4.0357,0.0001,6.3660345,2.5206150000000003,7.626342,5.105727,0.5,1,1,0,3.5,1,4,3,1.5,1,2,1,145.48667,7.433999999999997,149.20367,141.76967,0
CIZPEH,2.09585,1.6605,2.9261,1.2656,6.494966,3.1552040000000003,8.072568,4.917364,0.5,1,1,0,3.5,1,4,3,1.5,3,3,0,63.303835,69.40366999999999,98.00567,28.602,0
CIZXUG,2.34755,1.2775,2.9863,1.7088,5.595198,4.048358,7.619377,3.571019,1.0,2,2,0,2.5,3,4,1,0.5,1,1,0,98.80517,129.539,163.57467,34.03567,0
COBLAG,0.3980499999999999,0.7955,0.7958,0.0003,5.142768500000001,0.4000089999999998,5.342773,4.942764,2.0,0,2,2,2.0,0,2,2,1.0,2,2,0,146.59467,27.886,160.53767,132.65167,0
COGCUZ,0.85515,1.7103,1.7103,0.0,5.298025,0.2072260000000003,5.401638,5.194412,0.5,1,1,0,3.5,1,4,3,1.0,2,2,0,90.504165,42.79167000000001,111.9,69.10833,0
COGJOZ,1.702,0.5704,1.9872,1.4168,4.907759,1.6953020000000008,5.75541,4.060108,1.5,1,2,1,1.5,1,2,1,0.5,1,1,0,145.9565,136.04165999999998,213.97733,77.93567,1
COGREV,2.5138,0.9672,2.9974,2.0302,5.6947215,0.617521,6.003482,5.385961,0.5,1,1,0,3.0,2,4,2,1.0,2,2,0,95.5835,108.97766,150.07233,41.09467,0
COHWIF01,0.0003,0.0002,0.0004,0.0002,5.237876,0.1647180000000006,5.320235,5.155517,0.5,1,1,0,2.0,0,2,2,1.0,2,2,0,82.671835,4.031669999999991,84.68767,80.656,0
COHWIF,0.1138,0.2241999999999999,0.2259,0.0017,3.617545,1.0278799999999997,4.131485,3.103605,0.5,1,1,0,2.0,0,2,2,1.0,2,2,0,76.00933,10.317999999999998,81.16833,70.85033,0
COHWOL,1.30515,2.1595,2.3849,0.2254,3.208104,1.84931,4.132759,2.283449,0.5,1,1,0,1.5,1,2,1,0.5,1,1,0,73.80850000000001,14.731000000000009,81.174,66.443,0
COLHIX,0.3107,0.609,0.6152,0.0062,6.903241,3.3024140000000006,8.554448,5.252034,0.5,1,1,0,3.0,0,3,3,2.0,2,3,1,49.86983,42.705,71.22233,28.51733,0
COLHOD,0.0228,0.0273999999999999,0.0365,0.0091,6.8819225,3.344677,8.554261,5.209584,0.5,1,1,0,3.0,0,3,3,2.0,2,3,1,49.929835,42.82366999999999,71.34167,28.518,0
CONWOT,0.0001999999999999,0.0001999999999999,0.0003,0.0001,3.9145165,1.4397189999999995,4.634376,3.194657,0.5,1,1,0,2.0,0,2,2,1.0,2,2,0,158.52033,26.012,171.52633,145.51433,0
COSKUT,2.41975,0.7961,2.8178,2.0217,5.029102,0.7662739999999992,5.412239,4.645965,1.0,0,1,1,4.0,2,5,3,2.0,0,2,2,118.879,38.695340000000016,138.22667,99.53133,0
COZXIZ,1.0913,2.1826,2.1826,0.0,5.8311855,0.3898770000000002,6.026124,5.636247,1.5,1,2,1,2.0,0,2,2,0.5,1,1,0,122.6315,63.568340000000006,154.41567,90.84733,0
COZXOF,1.0911,2.1822,2.1822,0.0,4.9159095,1.440511,5.636165,4.195654,1.5,1,2,1,2.0,0,2,2,0.5,1,1,0,135.406835,89.11967,179.96667,90.847,0
COZXUL,1.09165,2.1827,2.183,0.0003,5.489459,0.2936239999999994,5.636271,5.342647,1.5,1,2,1,2.0,0,2,2,0.5,1,1,0,111.755165,41.79767,132.654,90.85633,0
COZYEW,1.56525,3.1287,3.1296,0.0009,6.6847275,1.541601,7.455528,5.913927,1.0,2,2,0,3.0,2,4,2,1.0,2,2,0,116.475335,78.31732999999998,155.634,77.31667,0
COZYIA,1.56505,3.1301,3.1301,0.0,5.825284999999999,3.260732,7.455651,4.194919,1.0,2,2,0,3.0,2,4,2,1.0,2,2,0,128.65016500000002,102.66567,179.983,77.31733,0
COZYOG,0.0001,0.0,0.0001,0.0001,5.5293,0.1353179999999998,5.596959,5.461641,0.5,1,1,0,3.0,2,4,2,1.0,2,2,0,78.126165,74.66433,115.45833,40.794,0
COZYUM,1.0016,2.0032,2.0032,0.0,5.7325575,0.3604790000000006,5.912797,5.552318,1.5,1,2,1,3.0,2,4,2,1.0,2,2,0,134.02667000000002,43.19800000000001,155.62567,112.42767,0
COZZEX,0.39775,0.7955,0.7955,0.0,5.4282765,0.9714489999999998,5.914001,4.942552,2.0,0,2,2,2.0,0,2,2,1.0,2,2,0,158.087335,4.912669999999991,160.54367,155.631,0
COZZIB,5e-05,0.0001,0.0001,0.0,4.675085,0.960122,5.155146,4.195024,1.5,1,2,1,2.0,0,2,2,1.0,2,2,0,130.311665,99.31266999999998,179.968,80.65533,0
COZZOH,0.0,0.0,0.0,0.0,5.308773,0.3054239999999995,5.461485,5.156061,1.0,0,1,1,2.0,0,2,2,1.0,2,2,0,98.054,34.804,115.456,80.652,0
COZZUN,1.08495,2.1697,2.1698,0.0001,5.568921,0.2147119999999995,5.676277,5.461565,1.0,0,1,1,2.0,0,2,2,1.0,2,2,0,98.159165,34.598330000000004,115.45833,80.86,0
CUBBAD,0.59495,1.1887,1.1893,0.0006,5.026718,0.8699300000000001,5.461683,4.591753,1.5,1,2,1,2.0,0,2,2,1.0,2,2,0,125.25667,19.59599999999999,135.05467,115.45867,0
CUKKUR,0.2798,0.5524,0.556,0.0036,5.3928135,1.5065109999999995,6.146069,4.639558,0.5,1,1,0,4.5,1,5,4,1.0,2,2,0,115.860835,44.66033,138.191,93.53067,0
CUKVEK,1.84465,3.6893,3.6893,0.0,5.863199,2.174506,6.950452,4.775946,0.5,1,1,0,3.0,2,4,2,1.5,3,3,0,85.4415,55.48566,113.18433,57.69867,0
CUMNEE,0.0005,0.001,0.001,0.0,4.580679,0.7705459999999995,4.965952,4.195406,2.0,0,2,2,5.0,6,8,2,2.0,4,4,0,200.794835,41.63632999999999,221.613,179.97667,0
CUWZAW,0.47925,0.9573,0.9579,0.0006,5.437456,0.2335180000000001,5.554215,5.320697,0.5,1,1,0,3.0,2,4,2,1.0,2,2,0,98.576665,27.78133,112.46733,84.686,0
CUYKIT,2.85445,0.9878999999999998,3.3484,2.3605,6.3289945,2.055529,7.356759,5.30123,0.5,1,1,0,2.5,1,3,2,1.5,1,2,1,64.570165,50.66167,89.901,39.23933,0
CUYKOZ,4.10865,1.8815000000000004,5.0494,3.1679,6.5157605,2.218779,7.62515,5.406371,0.5,1,1,0,2.5,1,3,2,1.5,1,2,1,64.72016500000001,50.06567,89.753,39.68733,0
CUYKUF,2.8986,1.0792000000000002,3.4382,2.359,6.3635825,1.9872950000000005,7.35723,5.369935,0.5,1,1,0,2.5,1,3,2,1.5,1,2,1,64.27917,50.081,89.31967,39.23867,0
CUYLAM,3.54055,0.7423000000000002,3.9117,3.1694,6.3268605,2.5952170000000008,7.624469,5.029252,0.0,0,0,0,3.5,1,4,3,1.0,2,2,0,86.55199999999999,93.72334,133.41367,39.69033,0
CUYXUQ,4.1059,1.8894,5.0506,3.1612,6.2595995,1.7065650000000003,7.112882,5.406317,0.5,1,1,0,4.5,5,7,2,2.5,3,4,1,94.1775,8.844999999999999,98.6,89.755,0
CUZLUH,4.2454,2.2552000000000003,5.373,3.1178,4.2920725,0.6586810000000005,4.621413,3.962732,0.0,0,0,0,2.5,1,3,2,2.0,0,2,2,100.667,27.682,114.508,86.826,0
DACBIW,5.7683,3.1896000000000004,7.3631,4.1735,5.169537999999999,0.557588,5.448332,4.890744,0.5,1,1,0,4.5,3,6,3,2.0,0,2,2,120.8105,28.165000000000006,134.893,106.728,0
DADMED,6.36375,6.029299999999999,9.3784,3.3491,5.1430005,0.3156590000000001,5.30083,4.985171,1.0,0,1,1,3.5,3,5,2,2.0,2,3,1,135.360835,90.91233,180.817,89.90467,0
DADMUT,4.69095,9.3817,9.3818,0.0001,5.223209499999999,0.4763589999999995,5.461389,4.98503,1.0,0,1,1,3.5,3,5,2,1.5,3,3,0,148.142,65.36133999999998,180.82267,115.46133,1
DADNAA,4.989850000000001,6.4971000000000005,8.2384,1.7413,5.103251,0.2434279999999997,5.224965,4.981537,1.0,0,1,1,4.0,2,5,3,2.0,2,3,1,132.79833,96.2,180.89833,84.69833,1
DADNEE,5.0586,10.1172,10.1172,0.0,5.3420295,0.6850690000000004,5.684564,4.999495,0.5,1,1,0,3.5,3,5,2,2.5,1,3,2,123.77083,113.973,180.75733,66.78433,0
DAFLUV,2.22885,4.4541,4.4559,0.0018,5.592663,1.1063919999999996,6.145859,5.039467,0.5,1,1,0,3.0,2,4,2,0.5,1,1,0,100.2265,13.375,106.914,93.539,0
DAFMAC,2.22795,4.4559,4.4559,0.0,5.6836335,1.2877849999999995,6.327526,5.039741,0.5,1,1,0,2.0,0,2,2,1.5,1,2,1,87.10083,39.62299999999999,106.91233,67.28933,0
DALJIN,2.84205,0.5656999999999996,3.1249,2.5592,6.367209,2.511714,7.623066,5.111352,0.5,1,1,0,3.0,2,4,2,1.5,1,2,1,161.17483,64.77099999999999,193.56033,128.78933,1
DAMSAM,0.3448,0.3908,0.5402,0.1494,3.976502,0.705778,4.329391,3.623613,1.0,2,2,0,2.5,1,3,2,0.5,1,1,0,158.798,104.85066,211.22333,106.37267,1
DAQYEC,2.76385,1.7449,3.6363,1.8914,5.1561825,0.987323,5.649844,4.662521,1.5,1,2,1,2.5,3,4,1,1.0,0,1,1,164.875,138.99266,234.37133,95.37867,0
DAQYUQ,2.08825,4.1765,4.1765,0.0,4.902135,0.0241660000000001,4.914218,4.890052,1.5,1,2,1,2.5,1,3,2,1.0,2,2,0,122.102835,30.74633,137.476,106.72967,0
DAQZIH,1.67215,2.1279,2.7361,0.6082,4.964907,0.5719019999999997,5.250858,4.678956,1.5,1,2,1,3.5,1,4,3,1.0,0,1,1,152.77249999999998,163.09034,234.31767,71.22733,0
DARGAH01,3.17975,6.3595,6.3595,0.0,5.641975,1.3753859999999998,6.329668,4.954282,1.0,2,2,0,3.5,3,5,2,2.0,0,2,2,138.614335,142.63666999999998,209.93267,67.296,0
DASYAB,5.8724,1.9754000000000005,6.8601,4.8847,4.669232,0.9383859999999996,5.138425,4.200039,0.5,1,1,0,2.5,3,4,1,1.5,1,2,1,100.562835,83.68966999999999,142.40767,58.718,0
DATDUZ,4.58935,5.4409,7.3098,1.8689,4.901908,1.08432,5.444068,4.359748,0.5,1,1,0,5.0,2,6,4,2.5,1,3,2,118.985165,32.07433000000002,135.02233,102.948,0
DATFAH,4.6139,5.3934,7.3106,1.9172,4.959912,0.9686900000000004,5.444257,4.475567,0.5,1,1,0,4.0,4,6,2,2.0,0,2,2,121.83883,26.36500000000001,135.02133,108.65633,0
DATFEL,5.72645,3.2587,7.3558,4.0971,5.1043105,0.6803029999999994,5.444462,4.764159,0.5,1,1,0,4.0,4,6,2,2.0,0,2,2,118.581835,32.81833000000002,134.991,102.17267,0
DATFIP,5.33,3.9612,7.3106,3.3494,5.3728315,0.1435570000000003,5.44461,5.301053,0.5,1,1,0,4.0,4,6,2,1.5,1,2,1,112.463,45.11466,135.02033,89.90567,0
DATQEV,1.6085,3.216,3.2165,0.0005,5.111476,0.4623619999999997,5.342657,4.880295,2.0,0,2,2,2.5,1,3,2,1.0,2,2,0,170.5375,75.75299999999999,208.414,132.661,0
DAVPAS,2.91725,1.4909,3.6627,2.1718,5.255612,2.2625580000000003,6.386891,4.124333,0.5,1,1,0,3.0,2,4,2,2.0,2,3,1,98.838165,9.37433,103.52533,94.151,0
DAVPEW,3.5244,0.2771999999999996,3.663,3.3858,5.82998,1.1136099999999995,6.386785,5.273175,0.5,1,1,0,2.5,1,3,2,1.5,1,2,1,96.294,4.286000000000001,98.437,94.151,0
DAYWAC01,2.14995,2.5137,3.4068,0.8931,4.9263095,0.7742130000000005,5.313416,4.539203,1.0,0,1,1,2.5,1,3,2,1.0,0,1,1,114.34133,30.058,129.37033,99.31233,0
DAYWAC,1.8956,3.023,3.4071,0.3841,4.9010375,0.7235490000000002,5.262812,4.539263,1.0,0,1,1,2.5,1,3,2,1.0,0,1,1,114.425665,29.886669999999995,129.369,99.48233,0
DAYZOT,2.0408,0.9142,2.4979,1.5837,6.0364935,2.934187,7.503587,4.5694,1.0,2,2,0,4.5,1,5,4,1.0,2,2,0,119.9725,134.87366,187.40933,52.53567,0
DEBHUO,1.79675,3.5935,3.5935,0.0,5.2436535,0.0865910000000003,5.286949,5.200358,2.0,2,3,1,2.5,1,3,2,1.5,3,3,0,148.95683,179.405,238.65933,59.25433,0
DEBJAW,1.12115,2.2423,2.2423,0.0,5.265046,0.2072660000000006,5.368679,5.161413,2.5,1,3,2,2.5,1,3,2,1.5,3,3,0,186.7655,104.32765999999998,238.92933,134.60167,0
DEBJEA,1.1217,2.2434,2.2434,0.0,4.7824075,1.1730729999999996,5.368944,4.195871,2.5,1,3,2,2.5,1,3,2,1.5,3,3,0,209.4375,58.97366,238.92433,179.95067,0
DEBJIE,3.0572,1.6276000000000002,3.871,2.2434,5.695043,0.6526719999999999,6.021379,5.368707,2.5,1,3,2,2.5,1,3,2,1.5,3,3,0,194.4115,89.03034,238.92667,149.89633,0
DEDMAD,1.93915,3.2209,3.5496,0.3287,5.816348,1.3596499999999994,6.496173,5.136523,0.5,1,1,0,2.5,1,3,2,1.5,1,2,1,91.324,4.171999999999997,93.41,89.238,0
DEGTIW,2.37055,1.1271,2.9341,1.807,5.300489000000001,0.3737979999999998,5.487388,5.11359,0.5,1,1,0,1.5,1,2,1,0.0,0,0,0,102.411165,37.519670000000005,121.171,83.65133,0
DEJNAK,1.30375,2.6063,2.6069,0.0006,6.367864,0.6877639999999996,6.711746,6.023982,1.0,0,1,1,4.0,4,6,2,2.0,2,3,1,95.432,12.47666000000001,101.67033,89.19367,0
DEMTEV,2.0637,4.1258,4.1266,0.0008,6.200838,0.414358,6.408017,5.993659,0.0,0,0,0,2.5,3,4,1,1.5,3,3,0,96.44067,82.85600000000001,137.86867,55.01267,1
DETGAN,4.5872,0.4391999999999996,4.8068,4.3676,6.233044,1.370476,6.918282,5.547806,0.5,1,1,0,1.5,1,2,1,1.0,2,2,0,70.029165,66.51832999999999,103.28833,36.77,0
DETGEP,4.39625,0.3067000000000002,4.5496,4.2429,5.523011500000001,0.041811,5.543917,5.502106,1.0,0,1,1,2.0,2,3,1,1.0,0,1,1,170.0775,28.36566000000002,184.26033,155.89467,0
DEVYEL,1.5979,3.1906,3.1932,0.0026,4.801109,1.7644100000000005,5.683314,3.918904,1.0,2,2,0,2.5,1,3,2,2.5,1,3,2,142.550665,151.52267,218.312,66.78933,0
DEVYUB,1.5974000000000002,3.1926,3.1937,0.0011,3.7510185,0.3361329999999998,3.919085,3.582952,2.5,1,3,2,2.5,1,3,2,1.5,3,3,0,195.9815,44.65299999999999,218.308,173.655,0
DEXTOQ,0.8519,1.7038,1.7038,0.0,3.965428,0.7624020000000002,4.346629,3.584227,2.0,2,3,1,3.0,2,4,2,1.5,3,3,0,138.48167,70.314,173.63867,103.32467,0
DEYPOQ,4.9109,5.6474,7.7346,2.0872,4.818876,0.1165060000000002,4.877129,4.760623,1.0,0,1,1,3.5,1,4,3,2.0,0,2,2,141.4315,89.10566,185.98433,96.87867,0
DEYPUW,5.21205,5.0415,7.7328,2.6913,4.638847999999999,0.2437759999999995,4.760736,4.51696,1.0,0,1,1,3.0,2,4,2,1.5,1,2,1,157.471,57.02134000000001,185.98167,128.96033,0
DEYQEH,3.8665,7.733,7.733,0.0,6.119923,2.7184240000000006,7.479135,4.760711,0.5,1,1,0,4.0,0,4,4,2.0,0,2,2,125.29317,121.377,185.98167,64.60467,0
DEYQOR,5.2462,4.9778,7.7351,2.7573,4.4510465,0.6172930000000001,4.759693,4.1424,1.0,0,1,1,4.0,0,4,4,2.5,1,3,2,144.7225,82.53634,185.99067,103.45433,0
DEYQUW,3.94605,3.3497,5.6209,2.2712,4.589264,1.4603020000000004,5.319415,3.859113,1.0,0,1,1,3.5,3,5,2,1.5,1,2,1,154.645835,53.36433000000001,181.328,127.96367,0
DIDNAI,0.5381,1.0758,1.076,0.0002,4.0148245,0.8613390000000001,4.445494,3.584155,3.5,1,4,3,2.0,0,2,2,1.0,2,2,0,214.04033,80.798,254.43933,173.64133,1
DIDZAT,0.65615,1.3123,1.3123,0.0,4.9657635,1.148599,5.540063,4.391464,1.5,1,2,1,3.5,1,4,3,2.0,0,2,2,154.038165,99.72367,203.9,104.17633,0
DIDZEX,0.6568499999999999,1.3129,1.3133,0.0004,4.9972315,1.2114849999999997,5.602974,4.391489,1.5,1,2,1,3.5,1,4,3,2.0,0,2,2,155.45817,102.557,206.73667,104.17967,0
DIFNUC,2.48245,4.9617,4.9633,0.0016,4.7141475,0.962313,5.195304,4.232991,2.0,4,4,0,3.0,2,4,2,1.0,2,2,0,159.886665,181.56867,250.671,69.10233,0
DIJVOH,3.55935,0.7052999999999998,3.912,3.2067,4.9207165,0.2118190000000002,5.026626,4.814807,0.5,1,1,0,4.5,1,5,4,1.5,3,3,0,128.737665,9.556669999999995,133.516,123.95933,0
DIKCOQ,2.846,2.1256,3.9088,1.7832,4.075835,0.0568219999999994,4.104246,4.047424,2.0,0,2,2,4.0,2,5,3,2.0,0,2,2,204.91483,105.08900000000004,257.45933,152.37033,0
DIMCOV,0.63805,1.2755,1.2758,0.0003,5.3628055,0.0421369999999994,5.383874,5.341737,1.5,1,2,1,2.5,1,3,2,0.5,1,1,0,118.036,29.261340000000004,132.66667,103.40533,0
DIMLEU,1.2941,2.588,2.5881,0.0001,5.2902075,0.1044049999999998,5.34241,5.238005,1.5,1,2,1,2.0,0,2,2,0.5,1,1,0,125.746165,13.823669999999993,132.658,118.83433,0
DIMXOQ,2.22895,3.796300000000001,4.1271,0.3308,6.0358045,0.7439289999999996,6.407769,5.66384,0.0,0,0,0,3.5,5,6,1,1.0,2,2,0,117.967665,125.91333,180.92433,55.011,1
DINRUP01,2.7395,1.7588,3.6189,1.8601,5.236268,0.5466920000000002,5.509614,4.962922,1.0,0,1,1,3.0,2,4,2,2.0,2,3,1,97.2995,15.25766,104.92833,89.67067,0
DINSIE,2.39675,0.9234999999999998,2.8585,1.935,4.265338,1.2662720000000005,4.898474,3.632202,2.0,2,3,1,2.0,2,3,1,1.0,2,2,0,137.4015,80.93834,177.87067,96.93233,0
DINSOK01,2.6677,1.4653999999999998,3.4004,1.935,4.2727285,1.2820869999999998,4.913772,3.631685,2.0,2,3,1,2.0,2,3,1,1.0,2,2,0,137.42450000000002,80.90234000000001,177.87567,96.97333,0
DITHUK,2.3614,1.2962,3.0095,1.7133,5.6932,0.9208359999999997,6.153618,5.232782,1.0,0,1,1,1.0,0,1,1,0.5,1,1,0,121.5555,62.12834000000001,152.61967,90.49133,0
DITJAS,1.96025,0.4937,2.2071,1.7134,5.6225845,0.7801710000000002,6.01267,5.232499,1.0,0,1,1,1.0,0,1,1,0.5,1,1,0,121.889335,61.46133,152.62,91.15867,0
DITJEW,1.6011,0.2223999999999999,1.7123,1.4899,5.565842,0.6665100000000006,5.899097,5.232587,1.0,0,1,1,1.0,0,1,1,0.5,1,1,0,122.3555,60.53434,152.62267,92.08833,0
DITKIB,2.05255,4.103899999999999,4.1045,0.0006,5.160619,3.1873719999999994,6.754305,3.566933,1.0,2,2,0,4.5,7,8,1,1.0,2,2,0,160.746165,215.69233,268.59233,52.9,0
DIVTAD,4.0949,0.1511999999999993,4.1705,4.0193,5.6263605,1.470625,6.361673,4.891048,0.5,1,1,0,2.0,2,3,1,1.0,2,2,0,94.221335,25.00667,106.72467,81.718,0
DIVVAF,2.40215,1.3871,3.0957,1.7086,7.0359665,1.167631,7.619782,6.452151,0.0,0,0,0,1.0,0,1,1,2.0,2,3,1,51.160335,34.25067,68.28567,34.035,0
DIYYOB,5.7499,6.8192,9.1595,2.3403,4.8430055,0.7344010000000001,5.210206,4.475805,1.0,0,1,1,3.5,3,5,2,1.5,1,2,1,153.970835,45.49633,176.719,131.22267,0
DIYYUH,5.16165,7.9453,9.1343,1.189,4.7054135,0.514507,4.962667,4.44816,1.0,0,1,1,5.0,0,5,5,2.0,2,3,1,163.007165,27.41367,176.714,149.30033,0
DKPSAL10,1.10335,2.2067,2.2067,0.0,5.871225,2.329762000000001,7.036106,4.706344,0.5,1,1,0,2.5,1,3,2,2.0,0,2,2,83.6,27.540660000000003,97.37033,69.82967,0
DOJMIZ,2.80525,2.3703000000000003,3.9904,1.6201,6.678489000000001,1.566966,7.461972,5.895006,0.0,0,0,0,2.0,0,2,2,1.0,2,2,0,45.258835,59.50433,75.011,15.50667,0
DOPCUG,4.1533,0.4747999999999996,4.3907,3.9159,5.719779,1.1355900000000003,6.287574,5.151984,0.5,1,1,0,2.5,1,3,2,1.5,1,2,1,156.876835,95.50167,204.62767,109.126,0
DOSPOS,0.00055,0.0011,0.0011,0.0,6.0182400000000005,3.21653,7.626505,4.409975,1.0,2,2,0,5.0,2,6,4,1.0,2,2,0,199.75217,115.965,257.73467,141.76967,0
DPHPZL,4.07935,2.2853000000000003,5.222,2.9367,5.3442855,0.9684809999999996,5.828526,4.860045,1.5,1,2,1,2.5,1,3,2,1.0,2,2,0,205.578165,24.79833,217.97733,193.179,0
DUBWEF,0.96155,0.9005,1.4118,0.5113,4.8335555,0.0213409999999996,4.844226,4.822885,2.0,0,2,2,3.0,0,3,3,1.5,1,2,1,230.411835,26.354330000000004,243.589,217.23467,0
DUCCAI,1.7468,0.6767999999999998,2.0852,1.4084,5.387104000000001,0.1459739999999998,5.460091,5.314117,1.0,0,1,1,2.0,0,2,2,0.5,1,1,0,95.185,26.848,108.609,81.761,0
DUCXOP,0.9422,1.8844,1.8844,0.0,6.3912285,2.470423,7.62644,5.156017,0.5,1,1,0,3.5,1,4,3,1.5,1,2,1,139.57033,4.421999999999997,141.78133,137.35933,0
DUDDIQ,2.9921,5.9842,5.9842,0.0,4.8524025,0.8856029999999997,5.295204,4.409601,1.0,0,1,1,4.0,0,4,4,2.0,0,2,2,150.973335,70.02667000000001,185.98667,115.96,0
DUHSEF,3.19935,1.5877,3.9932,2.4055,8.0386155,1.1832350000000007,8.630233,7.446998,0.0,0,0,0,3.0,2,4,2,0.5,1,1,0,74.9365,43.21566,96.54433,53.32867,1
DUJYEP,3.705,3.7406000000000006,5.5753,1.8347,6.8177935000000005,0.2024149999999993,6.919001,6.716586,0.0,0,0,0,2.5,3,4,1,0.0,0,0,0,86.27683,67.291,119.92233,52.63133,0
DUKJUR,4.87005,2.9695,6.3548,3.3853,5.132432,0.2816859999999996,5.273275,4.991589,0.5,1,1,0,4.0,2,5,3,1.0,2,2,0,148.71067,100.552,198.98667,98.43467,0
DUNCOG,2.25775,0.2051000000000002,2.3603,2.1552,5.6845835000000005,1.5919250000000007,6.480546,4.888621,0.5,1,1,0,3.5,3,5,2,2.5,3,4,1,85.073335,48.34333,109.245,60.90167,0
DUNCUM,3.37505,2.4384999999999994,4.5943,2.1558,5.695975,1.5689159999999998,6.480433,4.911517,0.5,1,1,0,3.5,3,5,2,2.5,3,4,1,85.10167,48.40200000000001,109.30267,60.90067,0
DUNSAI,1.7756,3.5504,3.5508,0.0004,5.415312500000001,0.997319,5.913972,4.916653,1.5,1,2,1,3.0,2,4,2,1.5,3,3,0,129.880335,51.50667,155.63367,104.127,0
DUNVUE,4.4351,0.6572000000000005,4.7637,4.1065,5.175464,3.1582280000000003,6.754578,3.59635,0.5,1,1,0,2.0,2,3,1,1.0,2,2,0,126.37,146.94,199.84,52.9,0
DUNWIU,1.5209,3.0416,3.0417,0.0001,4.272739,0.1553840000000006,4.350431,4.195047,1.5,1,2,1,3.0,2,4,2,1.5,3,3,0,141.816,76.33334,179.98267,103.64933,0
DUSKUY,2.7519,1.3440000000000003,3.4239,2.0799,5.072048000000001,0.3931519999999997,5.268624,4.875472,1.0,0,1,1,2.5,1,3,2,1.5,1,2,1,100.155,3.4653399999999976,101.88767,98.42233,1
DUTSOB,2.17575,0.0142999999999999,2.1829,2.1686,5.140518,0.989998,5.635517,4.645519,2.0,2,3,1,2.0,0,2,2,0.5,1,1,0,143.080835,104.45167,195.30667,90.855,0
DUVGAC01,4.2476,2.3038,5.3995,3.0957,5.584773,0.6973099999999999,5.933428,5.236118,0.0,0,0,0,1.0,0,1,1,1.0,2,2,0,77.70400000000001,37.508660000000006,96.45833,58.94967,0
DUVHAE,1.11385,2.2269,2.2273,0.0004,5.563991,0.4870519999999994,5.807517,5.320465,0.5,1,1,0,2.0,0,2,2,1.0,2,2,0,82.862335,3.650669999999991,84.68767,81.037,0
DUVHOR10,3.2704,1.3331999999999995,3.937,2.6038,6.617271000000001,0.5522219999999995,6.893382,6.34116,0.0,0,0,0,1.5,1,2,1,1.0,0,1,1,53.098,26.40800000000001,66.302,39.894,0
DUZPAQ,2.5249,5.0496,5.0497,0.0001,6.443466,2.073314,7.480123,5.406809,0.5,1,1,0,3.0,2,4,2,1.5,1,2,1,77.179665,25.14332999999999,89.75133,64.608,0
EADPBA,2.4618,0.2463999999999999,2.585,2.3386,5.2175425,0.1465489999999993,5.290817,5.144268,0.5,1,1,0,4.0,2,5,3,1.5,1,2,1,91.924,62.09934,122.97367,60.87433,0
EBALEB,0.5113,1.021,1.0218,0.0008,5.1012955,1.6250129999999992,5.913802,4.288789,1.5,1,2,1,3.5,3,5,2,1.5,3,3,0,140.553335,30.15733,155.632,125.47467,0
EBAWAG,0.00035,0.0007,0.0007,0.0,3.902706,1.7029959999999995,4.754204,3.051208,1.0,2,2,0,4.0,0,4,4,1.0,2,2,0,122.52717,1.350999999999999,123.20267,121.85167,0
EBAWEK,0.0006,0.0012,0.0012,0.0,3.8585045,1.791989,4.754499,2.96251,1.0,2,2,0,4.0,0,4,4,1.0,2,2,0,130.47217,14.541000000000013,137.74267,123.20167,0
EBEROV,2.09775,2.6133,3.4044,0.7911,6.133546,1.9788560000000004,7.122974,5.144118,0.5,1,1,0,2.5,3,4,1,1.5,1,2,1,75.2565,45.11034000000001,97.81167,52.70133,0
EBOJAK,1.5227,3.0454,3.0454,0.0,4.8225180000000005,0.4275759999999993,5.036306,4.60873,1.0,0,1,1,4.0,0,4,4,1.0,2,2,0,133.851835,28.16367000000001,147.93367,119.77,0
EBOLEP,3.11255,2.097700000000001,4.1614,2.0637,4.952363999999999,2.746128,6.325428,3.5793,0.5,1,1,0,5.0,2,6,4,2.0,0,2,2,169.811665,204.37267,271.998,67.62533,0
EBONAN,5.1598,3.5487999999999995,6.9342,3.3854,5.091749,0.362762,5.27313,4.910368,0.5,1,1,0,3.0,0,3,3,1.5,1,2,1,101.349,5.824659999999994,104.26133,98.43667,0
EBONER,4.5539000000000005,4.7616000000000005,6.9347,2.1731,4.51759,0.7858700000000001,4.910525,4.124655,0.5,1,1,0,3.5,1,4,3,2.0,2,3,1,103.89267,0.7379999999999995,104.26167,103.52367,0
EBONIV,6.37285,1.1254999999999995,6.9356,5.8101,4.7890835,0.2422750000000002,4.910221,4.667946,0.0,0,0,0,3.5,1,4,3,1.5,1,2,1,85.84800000000001,36.82266,104.25933,67.43667,0
EBONUG,2.6177,2.6378,3.9366,1.2988,4.595934,0.4470020000000003,4.819435,4.372433,1.0,0,1,1,3.0,0,3,3,1.5,1,2,1,94.697,19.158,104.276,85.118,0
EBOSIX01,2.40415,2.7231,3.7657,1.0426,5.0397845,0.8869009999999999,5.483235,4.596334,1.0,0,1,1,2.5,3,4,1,1.5,1,2,1,122.0465,23.96965999999999,134.03133,110.06167,0
EBUCEL,2.9178,5.8346,5.8351,0.0005,4.623501,0.5823680000000007,4.914685,4.332317,1.5,1,2,1,4.0,4,6,2,2.0,4,4,0,198.464,121.95934,259.44367,137.48433,0
EBUCOV,1.3878,2.7754,2.7755,0.0001,4.93399,0.4543740000000005,5.161177,4.706803,1.5,1,2,1,4.0,4,6,2,2.0,4,4,0,190.7605,112.299,246.91,134.611,0
EBUDAI,2.9165,5.832800000000001,5.8329,0.0001,5.123046,1.5812300000000006,5.913661,4.332431,1.5,1,2,1,4.0,4,6,2,2.0,4,4,0,207.537,103.80266,259.43833,155.63567,0
ECEQEL,1.99655,0.1771000000000002,2.0851,1.908,4.8869145,1.1463489999999998,5.460089,4.31374,1.0,0,1,1,3.5,3,5,2,1.5,3,3,0,109.31117,55.089,136.85567,81.76667,0
ECEREM,2.4896000000000003,0.0050000000000003,2.4921,2.4871,4.7916425,0.9993890000000007,5.291337,4.291948,1.0,0,1,1,4.0,2,5,3,1.5,3,3,0,118.191335,40.37066999999999,138.37667,98.006,0
ECEROW,1.24425,2.4869,2.4877,0.0008,4.817124,1.0507420000000005,5.342495,4.291753,1.5,1,2,1,3.5,3,5,2,1.5,3,3,0,135.52033,5.719999999999999,138.38033,132.66033,0
EDAPOQ,2.52435,5.0487,5.0487,0.0,5.3688565,0.076829,5.407271,5.330442,0.5,1,1,0,3.0,2,4,2,1.5,1,2,1,79.033335,21.43467,89.75067,68.316,0
EDELUV,4.6637,5.7274,7.5274,1.8,5.8139715,3.630981,7.629462,3.998481,0.5,1,1,0,2.5,1,3,2,1.5,1,2,1,115.624,161.76934,196.50867,34.73933,0
EDIXUM,5.50625,2.8007,6.9066,4.1059,5.9411775,1.627167,6.754761,5.127594,1.0,2,2,0,1.5,1,2,1,1.0,2,2,0,133.197165,160.59833,213.49633,52.898,0
EDOROE,0.46095,0.9219,0.9219,0.0,5.2288495,2.0518649999999994,6.254782,4.202917,1.5,1,2,1,1.5,1,2,1,1.5,1,2,1,113.56917,42.73299999999999,134.93567,92.20267,0
EFAPUY,1.77305,3.5461,3.5461,0.0,6.5144755,1.9300950000000008,7.479523,5.549428,0.5,1,1,0,4.0,0,4,4,1.5,1,2,1,85.984335,42.75267,107.36067,64.608,0
EFAWUF,2.09795,4.1953,4.1956,0.0003,4.625216,1.0323860000000007,5.141409,4.109023,1.5,1,2,1,3.0,2,4,2,1.0,2,2,0,148.28866499999998,68.42132999999998,182.49933,114.078,0
EFOZAB01,2.2101,4.3238,4.372,0.0482,6.441435500000001,0.9465849999999998,6.914728,5.968143,0.0,0,0,0,2.0,2,3,1,2.0,0,2,2,54.714835,35.87233,72.651,36.77867,1
EFOZAB02,2.2087000000000003,4.324,4.3707,0.0467,6.442225499999999,0.9474910000000004,6.915971,5.96848,0.0,0,0,0,2.0,2,3,1,2.0,0,2,2,54.713170000000005,35.86900000000001,72.64767,36.77867,0
EFOZAB,2.2088,4.3228,4.3702,0.0474,6.4418305,0.9464830000000006,6.915072,5.968589,0.0,0,0,0,2.0,2,3,1,2.0,0,2,2,54.715165,35.864329999999995,72.64733,36.783,0
EFUCEP,1.5416,0.4869999999999999,1.7851,1.2981,4.612034,0.4786899999999994,4.851379,4.372689,1.5,1,2,1,2.0,2,3,1,1.0,2,2,0,117.567665,26.594670000000008,130.865,104.27033,0
EGENIP,5.81845,3.7627,7.6998,3.9371,4.920263,0.2019799999999998,5.021253,4.819273,1.0,0,1,1,4.0,2,5,3,2.0,2,3,1,132.75966499999998,95.27733,180.39833,85.121,0
EGENOV,4.691,9.382,9.382,0.0,5.072822,0.1758519999999999,5.160748,4.984896,1.5,1,2,1,3.5,3,5,2,1.5,3,3,0,157.7155,46.21366,180.82233,134.60867,0
EGENUB,5.05675,10.1121,10.1128,0.0007,5.456811,0.91406,5.913841,4.999781,1.5,1,2,1,3.5,3,5,2,1.5,3,3,0,168.19367,25.115999999999985,180.75167,155.63567,0
EGIQAO,3.741,0.7132000000000001,4.0976,3.3844,5.018625,0.5094539999999999,5.273352,4.763898,1.0,0,1,1,2.5,1,3,2,2.0,0,2,2,100.305335,3.7406699999999935,102.17567,98.435,1
EGUXAG,1.6819,3.363,3.3634,0.0004,6.285686,1.88743,7.229401,5.341971,1.0,2,2,0,4.5,5,7,2,2.0,4,4,0,115.59867,34.122,132.65967,98.53767,0
EHETOD,4.109,4.369400000000001,6.2937,1.9243,4.4825935,1.6293890000000002,5.297288,3.667899,1.0,0,1,1,2.5,1,3,2,0.5,1,1,0,121.897665,0.1613300000000066,121.97833,121.817,0
EHEVAQ,5.66315,7.6553,9.4908,1.8355,5.452476,2.9335300000000006,6.919241,3.985711,0.5,1,1,0,3.5,5,6,1,1.0,2,2,0,111.754,118.244,170.876,52.632,0
EHIMOZ,2.053,4.1046,4.1053,0.0007,5.867513000000001,1.7738880000000004,6.754457,4.980569,0.5,1,1,0,3.5,5,6,1,1.0,2,2,0,92.318335,78.83733,131.737,52.89967,0
EHOZOT,1.4702000000000002,2.9402,2.9403,0.0001,5.308804,0.2951399999999999,5.456374,5.161234,1.5,1,2,1,2.0,0,2,2,0.5,1,1,0,167.014165,64.80433,199.41633,134.612,0
EJEZIF,3.74985,0.7625000000000002,4.1311,3.3686,6.477005999999999,0.44334,6.698676,6.255336,0.0,0,0,0,2.0,0,2,2,1.0,2,2,0,53.64017,16.865000000000002,62.07267,45.20767,0
EJORIG,4.40385,3.1769000000000003,5.9923,2.8154,5.766691,2.703672,7.118527,4.414855,1.5,3,3,0,3.0,2,4,2,2.0,0,2,2,161.72933,174.23399999999998,248.84633,74.61233,0
EKAZEY,2.29465,4.5891,4.5892,0.0001,5.8036725,1.905341,6.756343,4.851002,0.0,0,0,0,5.0,6,8,2,2.5,1,3,2,70.904665,49.81333,95.81133,45.998,0
EKECOM01,1.5626,3.1186000000000003,3.1219,0.0033,6.885578,1.4793599999999998,7.625258,6.145898,0.0,0,0,0,4.0,0,4,4,1.0,2,2,0,124.16667,61.248000000000005,154.79067,93.54267,0
EKOZIQ,4.11525,1.8687,5.0496,3.1809,4.8347595000000005,1.1424949999999994,5.406007,4.263512,1.0,0,1,1,2.5,1,3,2,1.5,1,2,1,114.434335,49.36333000000002,139.116,89.75267,0
ELEGUY01,0.8019499999999999,1.6031,1.6035,0.0004,5.8392025,0.993575,6.33599,5.342415,1.0,2,2,0,3.5,3,5,2,1.0,2,2,0,117.586165,30.15767,132.665,102.50733,0
ELEGUY,0.7576,1.5152,1.5152,0.0,5.774596000000001,1.2274380000000005,6.388315,5.160877,1.0,2,2,0,3.5,3,5,2,1.0,2,2,0,118.151,32.92265999999998,134.61233,101.68967,0
ELOGOE,0.00015,0.0001,0.0002,0.0001,4.6499705,1.023319,5.16163,4.138311,2.0,0,2,2,3.0,2,4,2,1.0,2,2,0,153.79267,38.369999999999976,172.97767,134.60767,0
ELUGUQ,4.5721,0.8895999999999997,5.0169,4.1273,4.7432565,3.332377,6.409445,3.077068,0.5,1,1,0,2.5,3,4,1,0.5,1,1,0,126.919835,143.80767,198.82367,55.016,0
ELUWIU,0.86225,1.7243,1.7244,0.0001,6.419518999999999,1.0106539999999995,6.924846,5.914192,1.0,2,2,0,2.0,0,2,2,0.5,1,1,0,117.9955,75.27365999999999,155.63233,80.35867,0
EMIQEZ,0.7061,1.4118,1.412,0.0002,6.529647,1.2317,7.145497,5.913797,1.0,2,2,0,2.0,0,2,2,0.5,1,1,0,111.952335,87.36467,155.63467,68.27,0
ENAGEG,4.1332,0.2412,4.2538,4.0126,4.954993,0.5264699999999998,5.218228,4.691758,1.0,2,2,0,1.0,0,1,1,0.5,1,1,0,141.40967,49.56599999999999,166.19267,116.62667,0
ENAGIK,4.09105,0.1570999999999998,4.1696,4.0125,5.055059,0.3275760000000005,5.218847,4.891271,1.5,1,2,1,2.0,2,3,1,1.0,2,2,0,136.45516500000002,59.46833000000001,166.18933,106.721,0
ENEPAQ,1.2093,2.4184,2.4185,0.0001,4.834551,1.01722,5.343161,4.325941,1.5,1,2,1,2.5,1,3,2,1.0,2,2,0,131.305,2.686000000000007,132.648,129.962,0
ENEPEU,1.06445,2.1285,2.1287,0.0002,5.411008499999999,0.4959809999999995,5.658999,5.163018,1.5,1,2,1,1.5,1,2,1,0.5,1,1,0,129.279835,10.628329999999991,134.594,123.96567,0
ENEPIY,1.20995,2.4199,2.4199,0.0,4.8062585,0.9600970000000002,5.286307,4.32621,1.0,0,1,1,2.5,1,3,2,1.0,2,2,0,94.614165,70.70633000000001,129.96733,59.261,0
ENIBUZ,3.2299,1.8626,4.1612,2.2986,5.4910155,3.823077000000001,7.402554,3.579477,0.5,1,1,0,5.0,2,6,4,2.0,0,2,2,174.41117,195.171,271.99667,76.82567,0
ENICIO,2.08135,4.1613,4.162,0.0007,4.454256,1.7505559999999996,5.329534,3.578978,0.5,1,1,0,5.0,2,6,4,2.0,0,2,2,170.16283,203.689,272.00733,68.31833,0
ENICOU,2.0806500000000003,4.1609,4.1611,0.0002,5.5294755,3.899947,7.479449,3.579502,0.5,1,1,0,5.0,2,6,4,2.0,0,2,2,168.301835,207.38767,271.99567,64.608,0
ENIJUJ,1.0702,2.1404,2.1404,0.0,5.157897500000001,1.924827,6.120311,4.195484,1.0,2,2,0,2.0,0,2,2,0.5,1,1,0,120.6465,118.60766,179.95033,61.34267,0
ENIKIY,0.9732,1.9464,1.9464,0.0,5.6656725,2.9409730000000005,7.136159,4.195186,1.0,2,2,0,2.0,0,2,2,0.5,1,1,0,130.4485,99.03434,179.96567,80.93133,0
ENIKOE,0.7057,1.4112,1.4113,0.0001,5.669632999999999,2.950432,7.144849,4.194417,1.0,2,2,0,2.0,0,2,2,0.5,1,1,0,124.129,111.72266,179.99033,68.26767,0
ENOPUT,1.5061,0.1482000000000001,1.5802,1.432,6.0896165,2.9770850000000006,7.578159,4.601074,0.5,1,1,0,2.5,3,4,1,1.5,1,2,1,114.815,161.51533999999998,195.57267,34.05733,0
EPIWAC,2.5688,2.3384,3.738,1.3996,4.8770050000000005,0.5515479999999995,5.152779,4.601231,1.0,0,1,1,2.5,1,3,2,1.0,0,1,1,108.657335,20.98733,119.151,98.16367,0
EPUDIE,0.68595,1.3719,1.3719,0.0,6.229760499999999,1.4422509999999995,6.950886,5.508635,0.5,1,1,0,2.5,1,3,2,1.0,2,2,0,110.379335,105.36933,163.064,57.69467,0
EPUDOK01,0.68655,1.3725,1.3728,0.0003,6.229583,1.441644,6.950405,5.508761,0.5,1,1,0,2.5,1,3,2,1.0,2,2,0,110.378835,105.36366999999998,163.06067,57.697,0
EPUJUW,2.67835,2.8967,4.1267,1.23,6.099133500000001,0.6183690000000004,6.408318,5.789949,0.0,0,0,0,3.0,4,5,1,0.5,1,1,0,92.90367,75.78,130.79367,55.01367,0
EPUPUB01,1.03955,2.0791,2.0791,0.0,5.305617,0.073328,5.342281,5.268953,1.5,1,2,1,2.5,1,3,2,1.0,2,2,0,115.53817,34.23899999999999,132.65767,98.41867,0
EPUPUB,1.69245,3.3845,3.3847,0.0002,5.3079185,0.0689249999999992,5.342381,5.273456,1.5,1,2,1,2.5,1,3,2,1.0,2,2,0,115.549,34.228660000000005,132.66333,98.43467,0
EPUQEM,1.03965,2.0789,2.0791,0.0002,5.3056515,0.0735029999999996,5.342403,5.2689,1.5,1,2,1,2.5,1,3,2,1.0,2,2,0,115.5395,34.23899999999999,132.659,98.42,1
EPUQIQ,2.45155,0.7444999999999999,2.8238,2.0793,5.267836,0.0027600000000003,5.269216,5.266456,1.5,1,2,1,2.0,2,3,1,1.0,2,2,0,118.88533,40.938,139.35433,98.41633,0
EPUSOZ,4.8342,1.4689999999999994,5.5687,4.0997,4.8450475,0.1630329999999995,4.926564,4.763531,1.0,0,1,1,2.5,1,3,2,2.0,0,2,2,119.993335,35.62933,137.808,102.17867,1
EQANAN,10.9158,13.621200000000002,17.7264,4.1052,4.796708,3.915698,6.754557,2.838859,0.0,0,0,0,2.5,3,4,1,1.0,2,2,0,140.913,176.028,228.927,52.899,0
ERAGOW,1.72155,3.4317,3.4374,0.0057,6.492433500000001,2.245183,7.615025,5.369842,0.5,1,1,0,3.0,2,4,2,1.5,1,2,1,102.566665,26.49467,115.814,89.31933,0
ERAHAJ,2.44265,1.9895,3.4374,1.4479,5.7510485,0.762505,6.132301,5.369796,1.0,0,1,1,3.0,2,4,2,1.5,1,2,1,110.227,41.81599999999999,131.135,89.319,0
ERELIZ,3.43725,2.8919000000000006,4.8832,1.9913,4.9388095,0.3986329999999993,5.138126,4.739493,0.5,1,1,0,2.0,2,3,1,1.0,2,2,0,97.119,76.80266,135.52033,58.71767,0
ERELOF,3.1805000000000003,2.3782,4.3696,1.9914,5.827958000000001,2.176184,6.91605,4.739866,0.5,1,1,0,2.0,2,3,1,1.0,2,2,0,86.147165,98.74033,135.51733,36.777,0
ERIWUY01,2.16055,4.3211,4.3211,0.0,7.236584499999999,0.7582610000000001,7.615715,6.857454,0.0,0,0,0,2.5,3,4,1,2.0,0,2,2,63.35067000000001,53.368,90.03467,36.66667,0
ERIWUY,2.1856,4.3704,4.3708,0.0004,7.265514,0.7005939999999997,7.615811,6.915217,0.0,0,0,0,2.5,3,4,1,2.0,0,2,2,63.406670000000005,53.25600000000001,90.03467,36.77867,0
ESATUN,2.54555,2.1821,3.6366,1.4545,5.5073155,0.285361,5.649996,5.364635,1.0,0,1,1,1.5,1,2,1,1.0,0,1,1,95.017,0.7259999999999991,95.38,94.654,0
ESAVIF,4.3849,4.933999999999999,6.8519,1.9179,4.404359,0.1451020000000005,4.47691,4.331808,1.0,0,1,1,4.0,4,6,2,2.5,1,3,2,165.175,113.05266000000002,221.70133,108.64867,0
ESAWON,1.6845500000000002,2.2767,2.8229,0.5462,4.951022,0.591202,5.246623,4.655421,1.5,1,2,1,3.0,2,4,2,1.0,2,2,0,155.93200000000002,90.772,201.318,110.546,0
ESOZIX,3.2577,1.6401999999999997,4.0778,2.4376,6.0247455,1.103649,6.57657,5.472921,0.5,1,1,0,2.5,3,4,1,1.0,2,2,0,77.5135,11.78500000000001,83.406,71.621,0
ETABAC,3.90365,2.9927,5.4,2.4073,5.067668,0.3374600000000001,5.236398,4.898938,0.5,1,1,0,3.5,5,6,1,2.5,1,3,2,94.70317,71.50099999999999,130.45367,58.95267,0
ETEFAN,1.3090000000000002,1.2514,1.9347,0.6833,3.794315,0.3217479999999999,3.955189,3.633441,2.5,1,3,2,2.0,2,3,1,1.0,2,2,0,194.474335,33.232669999999985,211.09067,177.858,0
ETEFIV,2.1705,0.4718,2.4064,1.9346,3.811056,0.3563079999999998,3.98921,3.632902,2.5,1,3,2,2.0,2,3,1,1.0,2,2,0,196.1015,36.47900000000001,214.341,177.862,0
ETOYAP,1.6473,3.2946,3.2946,0.0,5.082601,2.4071419999999994,6.286172,3.87903,0.5,1,1,0,1.0,2,2,0,0.0,0,0,0,64.746835,37.06833,83.281,46.21267,0
ETUBUT,2.50125,5.0013,5.0019,0.0006,5.616263999999999,0.5737139999999998,5.903121,5.329407,0.5,1,1,0,4.5,1,5,4,2.0,0,2,2,114.337335,92.04267,160.35867,68.316,0
EVACAG,3.8794,0.2425999999999999,4.0007,3.7581,6.7000365,1.5470549999999994,7.473564,5.926509,1.5,3,3,0,2.5,3,4,1,1.0,2,2,0,159.7105,153.733,236.577,82.844,0
EVEREE04,2.04615,4.0917,4.092,0.0003,4.513771,1.3630680000000002,5.195305,3.832237,1.5,1,2,1,3.0,2,4,2,1.0,2,2,0,141.118835,56.54232999999999,169.39,112.84767,0
EVEROO04,2.0508,4.1008,4.1012,0.0004,4.4943255,1.3242909999999997,5.156471,3.83218,1.5,1,2,1,3.0,2,4,2,1.0,2,2,0,149.317335,40.14732999999998,169.391,129.24367,0
EVETAB,3.7495,1.2412,4.3701,3.1289,7.271881499999999,0.7124969999999999,7.62813,6.915633,0.0,0,0,0,2.5,3,4,1,2.0,0,2,2,69.848335,66.13333,102.915,36.78167,0
EVEZOV,2.5852,1.8158,3.4931,1.6773,4.9866665,0.7502490000000002,5.361791,4.611542,2.5,1,3,2,2.0,0,2,2,1.0,2,2,0,241.28333,42.374,262.47033,220.09633,0
EVOWAN,2.053,4.106,4.106,0.0,5.804827,1.8994100000000005,6.754532,4.855122,0.5,1,1,0,4.5,7,8,1,2.0,4,4,0,103.331335,100.85933,153.761,52.90167,0
EVOWER,5.12795,2.0453,6.1506,4.1053,5.8808735,1.7471930000000002,6.75447,5.007277,0.5,1,1,0,3.5,5,6,1,1.5,3,3,0,91.411,77.02199999999999,129.922,52.9,0
EVUMOX,0.0293,0.0572,0.0579,0.0007,6.4592005,0.9824069999999994,6.950404,5.967997,0.0,0,0,0,2.5,1,3,2,1.0,2,2,0,65.17567,14.956000000000005,72.65367,57.69767,0
EVUMOY,5.977449999999999,3.7017,7.8283,4.1266,6.0877625,0.6403030000000003,6.407914,5.767611,0.5,1,1,0,3.0,4,5,1,0.5,1,1,0,95.32767,80.638,135.64667,55.00867,0
EWAMUL,0.6589499999999999,1.3163,1.3171,0.0008,5.1937005,1.1706890000000003,5.779045,4.608356,1.0,0,1,1,3.0,2,4,2,1.0,2,2,0,121.308,53.24265999999999,147.92933,94.68667,0
EWANAS,1.91565,0.3387,2.085,1.7463,5.5879745,0.2561629999999999,5.716056,5.459893,1.0,0,1,1,2.0,0,2,2,1.0,2,2,0,88.25617,12.983000000000004,94.74767,81.76467,0
EWANEW,0.8742,1.7446,1.7465,0.0019,5.930896499999999,0.4303230000000004,6.146058,5.715735,0.5,1,1,0,3.0,2,4,2,1.0,2,2,0,94.142835,1.2136699999999934,94.74967,93.536,0
EWANIA,1.63175,2.0239,2.6437,0.6198,5.5449395,0.5848809999999993,5.83738,5.252499,1.0,0,1,1,2.5,1,3,2,1.5,1,2,1,82.94816499999999,23.452330000000003,94.67433,71.222,0
EWANOG,1.31555,0.8618999999999999,1.7465,0.8846,5.513747,0.4041520000000007,5.715823,5.311671,1.0,0,1,1,2.5,1,3,2,1.5,1,2,1,97.033165,4.569670000000002,99.318,94.74833,0
EWAPIC,3.0277,3.4096,4.7325,1.3229,5.6694055,0.2103549999999998,5.774583,5.564228,1.0,0,1,1,2.0,0,2,2,1.0,2,2,0,98.95167,8.543999999999997,103.22367,94.67967,0
EWAPUO,1.8393,0.1906000000000001,1.9346,1.744,4.672619,2.0795,5.712369,3.632869,2.0,2,3,1,1.5,1,2,1,1.0,2,2,0,136.298,83.13134000000001,177.86367,94.73233,1
EWAQAV,1.8017,0.1091999999999999,1.8563,1.7471,5.6121295,0.2063109999999994,5.715285,5.508974,1.0,0,1,1,2.0,0,2,2,1.5,1,2,1,92.211335,5.079329999999999,94.751,89.67167,0
EWAQID,2.592,1.6916000000000002,3.4378,1.7462,5.542889000000001,0.3460559999999999,5.715917,5.369861,1.0,0,1,1,2.0,0,2,2,1.5,1,2,1,92.033665,5.425330000000002,94.74633,89.321,0
EWAQUP,0.6585,1.317,1.317,0.0,5.532743,0.493538,5.779512,5.285974,1.0,0,1,1,2.0,0,2,2,1.0,2,2,0,76.97366500000001,35.424670000000006,94.686,59.26133,0
EWARAW,1.1462,1.2,1.7462,0.5462,5.1856735,1.0605989999999998,5.715973,4.655374,1.5,1,2,1,2.0,0,2,2,1.0,2,2,0,102.648335,15.801330000000007,110.549,94.74767,0
EWARIE,1.32345,2.6457,2.6463,0.0006,4.7055555,2.242961,5.827036,3.584075,2.0,2,3,1,2.0,0,2,2,1.0,2,2,0,134.148665,78.98467,173.641,94.65633,0
EWAROK,2.95855,0.6298999999999997,3.2735,2.6436,5.2926205,1.0894469999999998,5.837344,4.747897,2.0,2,3,1,2.0,0,2,2,1.0,2,2,0,129.231165,69.11367000000001,163.788,94.67433,0
EWIJUR,0.80855,1.6171,1.6171,0.0,5.448959,0.57545,5.736684,5.161234,1.5,1,2,1,1.5,1,2,1,0.5,1,1,0,143.2165,17.209659999999985,151.82133,134.61167,0
EWIKAY,0.80825,1.6165,1.6165,0.0,4.660454,2.153748,5.737328,3.58358,2.0,2,3,1,1.5,1,2,1,0.5,1,1,0,162.720335,21.798670000000016,173.61967,151.821,0
EWOJIM,1.3073499999999998,2.6111,2.6129,0.0018,4.1906375,0.8346330000000002,4.607954,3.773321,1.5,1,2,1,3.5,1,4,3,0.0,0,0,0,186.542,77.21199999999999,225.148,147.936,0
EWUTAT,0.20095,0.4017,0.4018,0.0001,4.8930665,2.801247,6.29369,3.492443,0.5,1,1,0,3.0,6,6,0,0.0,0,0,0,117.132335,68.01667,151.14067,83.124,0
EWUTEX,0.0,0.0,0.0,0.0,4.1090215,1.2340650000000006,4.726054,3.491989,1.0,2,2,0,3.0,6,6,0,0.0,0,0,0,135.93766499999998,30.42533,151.15033,120.725,0
EWUTIB,0.01805,0.0358999999999999,0.036,0.0001,4.8490785,2.713667,6.205912,3.492245,0.5,1,1,0,3.0,6,6,0,0.0,0,0,0,131.019165,40.24767,151.143,110.89533,0
EWUTOH,5e-05,0.0001,0.0001,0.0,4.312481,1.639462,5.132212,3.49275,0.5,1,1,0,4.0,4,6,2,0.0,0,0,0,130.13299999999998,42.04666,151.15633,109.10967,0
EXANAT,4.31525,5.9821,7.3063,1.3242,4.933079,0.0029760000000003,4.934567,4.931591,1.5,1,2,1,4.5,1,5,4,2.5,1,3,2,157.417,105.18865999999998,210.01133,104.82267,0
EXANEX,3.46775,5.7817,6.3586,0.5769,5.0408105,0.1730710000000002,5.127346,4.954275,1.5,1,2,1,3.5,3,5,2,1.5,1,2,1,166.755,86.35399999999998,209.932,123.578,0
EXANIB,5.15785,2.4085,6.3621,3.9536,4.8448495000000005,0.2185449999999997,4.954122,4.735577,1.0,2,2,0,3.5,3,5,2,1.5,1,2,1,154.593665,110.66133,209.92433,99.263,0
EXANUN,4.06925,4.5763,6.3574,1.7811,4.529393,0.8509039999999999,4.954845,4.103941,2.0,0,2,2,4.0,2,5,3,2.0,0,2,2,181.152,57.55534,209.92967,152.37433,0
EXAQOK01,1.26995,1.1723,1.8561,0.6838,4.732034,1.5544179999999996,5.509243,3.954825,1.5,1,2,1,2.5,1,3,2,1.5,1,2,1,150.384,121.42266,211.09533,89.67267,0
EXEJOH,1.4076,2.8118,2.8135,0.0017,5.6420005,1.006577,6.145289,5.138712,1.0,2,2,0,3.0,2,4,2,1.0,2,2,0,178.43766499999998,169.79467,263.335,93.54033,0
EXEJUN,0.3457,0.6841999999999999,0.6878,0.0036,5.6425225,1.005801,6.145423,5.139622,1.0,2,2,0,3.0,2,4,2,1.0,2,2,0,190.046335,193.01867,286.55567,93.537,0
EXEYIQ,2.427,0.5263999999999998,2.6902,2.1638,4.912334,0.7909700000000006,5.307819,4.516849,1.0,0,1,1,2.5,1,3,2,1.0,0,1,1,115.460835,26.99567000000002,128.95867,101.963,0
EXEZIR,1.94935,0.4264999999999999,2.1626,1.7361,5.3439575,0.0730209999999997,5.380468,5.307447,1.0,0,1,1,2.5,1,3,2,1.0,0,1,1,103.05567,2.190000000000012,104.15067,101.96067,0
EXEZOX,2.41175,0.4984999999999999,2.661,2.1625,5.3311215,0.0469609999999995,5.354602,5.307641,1.0,0,1,1,2.5,1,3,2,1.0,0,1,1,103.392165,2.863669999999999,104.824,101.96033,0
EXIBET,3.0026,1.6784,3.8418,2.1634,5.244771500000001,0.1257749999999999,5.307659,5.181884,1.0,0,1,1,3.0,0,3,3,1.0,0,1,1,107.62567,11.330000000000013,113.29067,101.96067,0
EXIBIX,2.1087,2.422,3.3197,0.8977,5.2584185,0.1109749999999998,5.313906,5.202931,1.0,0,1,1,2.5,1,3,2,1.0,0,1,1,102.669665,6.71732999999999,106.02833,99.311,0
EXICEU,1.15155,0.5156999999999999,1.4094,0.8937,5.3137515,0.0008270000000001,5.314165,5.313338,1.0,0,1,1,2.5,1,3,2,1.0,0,1,1,103.9575,9.287660000000002,108.60133,99.31367,0
EXIMOO,3.0301,6.0602,6.0602,0.0,5.0306105,0.2634309999999997,5.162326,4.898895,2.0,0,2,2,3.0,2,4,2,1.0,2,2,0,175.45983,81.73499999999999,216.32733,134.59233,0
EXISUC,2.19,0.5099999999999998,2.445,1.935,4.0136285,0.7628290000000004,4.395043,3.632214,2.5,1,3,2,1.5,1,2,1,1.0,2,2,0,155.629335,44.48867000000001,177.87367,133.385,0
EXUQUJ01,3.24135,1.3432999999999995,3.913,2.5697,6.1419955,2.2300570000000004,7.257024,5.026967,0.0,0,0,0,4.0,0,4,4,1.0,2,2,0,105.32,56.40133999999999,133.52067,77.11933,0
EXUQUJ,3.24095,1.3436999999999997,3.9128,2.5691,6.141936,2.229844,7.256858,5.027014,0.0,0,0,0,4.0,0,4,4,1.0,2,2,0,105.317835,56.39567,133.51567,77.12,0
EYEGIA,1.9212,3.8424,3.8424,0.0,4.688741,0.9854960000000004,5.181489,4.195993,1.5,1,2,1,2.5,1,3,2,0.5,1,1,0,146.599165,66.60967,179.904,113.29433,0
EYEGOG,1.56465,3.1165,3.1229,0.0064,4.678611,0.9638539999999997,5.160538,4.196684,1.5,1,2,1,2.5,1,3,2,0.5,1,1,0,153.74433,52.402000000000015,179.94533,127.54333,0
EYEGUM,2.0876,4.1712,4.1732,0.002,4.680451,0.9696179999999996,5.16526,4.195642,1.5,1,2,1,2.5,1,3,2,0.5,1,1,0,160.46283,39.025000000000006,179.97533,140.95033,1
EYEHAT,1.67335,3.3461,3.3464,0.0003,4.674457,0.960014,5.154464,4.19445,1.5,1,2,1,2.5,1,3,2,0.5,1,1,0,167.2105,25.569000000000017,179.995,154.426,0
EYEJAW,3.8705,0.4128000000000003,4.0769,3.6641,4.996993,1.26598,5.629983,4.364003,1.5,1,2,1,2.0,2,3,1,1.0,0,1,1,160.053165,86.25367000000001,203.18,116.92633,0
EYIDUO,3.42515,3.2517000000000005,5.051,1.7993,6.5182,2.22302,7.62971,5.40669,0.5,1,1,0,2.0,0,2,2,1.0,0,1,1,62.246165000000005,55.01433000000001,89.75333,34.739,0
EYIFAW,2.9137,2.1118,3.9696,1.8578,6.383633,1.7495599999999998,7.258413,5.508853,0.5,1,1,0,1.5,1,2,1,1.0,0,1,1,58.97933,61.386,89.67233,28.28633,0
EYOJOR,1.0282,0.2627999999999999,1.1596,0.8968,5.845957,0.4050520000000004,6.048483,5.643431,0.5,1,1,0,1.0,0,1,1,1.0,0,1,1,164.1055,25.54965999999999,176.88033,151.33067,0
EYOLIO,1.20655,2.4131,2.4131,0.0,7.2006935,3.0316730000000005,8.71653,5.684857,0.0,0,0,0,1.5,1,2,1,1.5,1,2,1,57.82000000000001,17.929340000000003,66.78467,48.85533,0
EYOLOU,1.3821,2.7642,2.7642,0.0,6.3867095,1.4061589999999995,7.089789,5.68363,0.0,0,0,0,1.5,1,2,1,1.5,1,2,1,75.584165,17.598330000000004,84.38333,66.785,0
EYOMAH,0.67555,1.3495,1.3503,0.0008,7.059465,3.475194,8.797062,5.321868,0.0,0,0,0,1.5,1,2,1,0.5,1,1,0,84.589,0.1933400000000062,84.68567,84.49233,0
EYURIC,2.68365,1.2073,3.2873,2.08,4.8593475,0.8192450000000004,5.26897,4.449725,1.0,0,1,1,3.5,1,4,3,2.0,0,2,2,95.730835,5.376329999999996,98.419,93.04267,0
EYUROI,3.10385,0.3662999999999998,3.287,2.9207,4.2562715,0.3869890000000007,4.449766,4.062777,1.0,0,1,1,4.0,0,4,4,2.0,0,2,2,126.22,66.35534,159.39767,93.04233,0
EYURUO,3.94105,1.3062999999999998,4.5942,3.2879,4.6806035,0.4615749999999998,4.911391,4.449816,1.0,0,1,1,4.5,1,5,4,3.0,2,4,2,101.172665,16.25667,109.301,93.04433,0
EYUSEZ,3.7296,0.8828000000000005,4.171,3.2882,4.670048,0.4416699999999993,4.890883,4.449213,1.0,0,1,1,3.5,1,4,3,2.0,0,2,2,99.887335,13.686670000000008,106.73067,93.044,0
EZAQII,0.7581,1.5154,1.5158,0.0004,5.6404295,0.6202110000000003,5.950535,5.330324,0.5,1,1,0,4.5,1,5,4,1.5,1,2,1,89.12366499999999,41.61733,109.93233,68.315,0
EZAQOO,0.75915,1.5181,1.5182,0.0001,6.715157,1.5289379999999992,7.479626,5.950688,0.5,1,1,0,4.5,1,5,4,1.5,1,2,1,87.27000000000001,45.324,109.932,64.608,0
EZEDAP,0.9941,1.9882,1.9882,0.0,4.6698165000000005,2.171123,5.755378,3.584255,2.0,2,3,1,1.5,1,2,1,0.5,1,1,0,125.7855,95.69966,173.63533,77.93567,0
EZEGIA,2.3600000000000003,0.3031999999999999,2.5116,2.2084,5.3789195,1.347371,6.052605,4.705234,1.0,0,1,1,5.0,4,7,3,1.5,1,2,1,143.770335,92.79867,190.16967,97.371,0
EZIBIA,2.5650500000000003,0.9605,3.0453,2.0848,4.9923285,0.9347209999999996,5.459689,4.524968,0.5,1,1,0,2.0,0,2,2,0.0,0,0,0,104.917165,46.30767,128.071,81.76333,0
EZIBOG,1.4459,2.8918,2.8918,0.0,4.9408055,0.6891910000000001,5.285401,4.59621,0.5,1,1,0,2.0,0,2,2,0.0,0,0,0,93.8015,69.06966,128.33633,59.26667,0
EZIDIB,4.3235,2.3586,5.5028,3.1442,5.147945,0.8728879999999997,5.584389,4.711501,1.0,2,2,0,4.0,0,4,4,1.0,2,2,0,143.99599999999998,207.11934,247.55567,40.43633,0
EZIDOH,4.8371,1.3313999999999997,5.5028,4.1714,4.8011845,0.1793490000000002,4.890859,4.71151,1.5,1,2,1,3.5,1,4,3,1.0,2,2,0,177.139835,140.82767,247.55367,106.726,0
EZIDUN,4.24585,2.5139,5.5028,2.9889,5.1007755,0.7790409999999994,5.490296,4.711255,1.5,1,2,1,3.0,2,4,2,0.5,1,1,0,169.596835,155.92367000000002,247.55867,91.635,0
EZIFAV,3.4632,4.0792,5.5028,1.4236,4.978858499999999,0.5352790000000001,5.246498,4.711219,1.5,1,2,1,3.0,2,4,2,0.5,1,1,0,169.629,155.85134,247.55467,91.70333,0
EZIFEZ,4.7764,1.4526000000000003,5.5027,4.0501,4.695152,0.032362,4.711333,4.678971,1.5,1,2,1,4.0,0,4,4,1.5,3,3,0,175.2085,144.687,247.552,102.865,0
EZIFID,3.8429,3.3198,5.5028,2.183,5.1732695,0.9252029999999998,5.635871,4.710668,1.5,1,2,1,3.0,2,4,2,0.5,1,1,0,169.20499999999998,156.70866,247.55933,90.85067,0
EZOPEP,0.8834,1.7656,1.7662,0.0006,5.373969,0.1047840000000004,5.426361,5.321577,0.0,0,0,0,2.0,0,2,2,0.0,0,0,0,55.50417,58.373,84.69067,26.31767,0
FADGEY,1.4061,1.2313999999999998,2.0218,0.7904,6.2672095,1.710025,7.122222,5.412197,0.5,1,1,0,3.5,1,4,3,2.0,0,2,2,76.115665,46.82867,99.53,52.70133,0
FADGIC,1.01065,2.0211,2.0212,0.0001,6.445309,2.065386,7.478002,5.412616,0.5,1,1,0,3.5,1,4,3,2.0,0,2,2,82.07083499999999,34.91167,99.52667,64.615,0
FADHAV,2.5754,1.106,3.1284,2.0224,6.5202265,2.2152070000000004,7.62783,5.412623,0.5,1,1,0,3.5,1,4,3,2.0,0,2,2,101.22333,3.385999999999996,102.91633,99.53033,0
FADHEZ,2.052,0.0605999999999999,2.0823,2.0217,5.3403495,0.1445069999999999,5.412603,5.268096,1.0,0,1,1,3.0,0,3,3,2.0,0,2,2,98.974835,1.1076699999999988,99.52867,98.421,0
FADHOJ,3.7108,3.248,5.3348,2.0868,4.873916,0.006272,4.877052,4.87078,1.0,0,1,1,3.0,0,3,3,1.5,1,2,1,127.33,60.900000000000006,157.78,96.88,0
FADHUP,3.1597,4.417199999999999,5.3683,0.9511,4.887042,0.0119500000000005,4.893017,4.881067,1.0,0,1,1,3.0,0,3,3,1.5,1,2,1,120.61833,47.44800000000001,144.34233,96.89433,0
FAFGOL02,3.46015,1.8851000000000004,4.4027,2.5176,4.833065,0.6595900000000006,5.16286,4.50327,1.5,1,2,1,2.0,0,2,2,1.5,1,2,1,142.48250000000002,123.64566,204.30533,80.65967,0
FAFGOL,3.46015,1.8851000000000004,4.4027,2.5176,4.833359,0.6593660000000003,5.163042,4.503676,1.5,1,2,1,2.0,0,2,2,1.5,1,2,1,142.48250000000002,123.64766,204.30633,80.65867,1
FAFGUR,4.24555,0.3147000000000002,4.4029,4.0882,4.776412499999999,0.5464089999999997,5.049617,4.503208,1.0,2,2,0,2.5,1,3,2,1.0,0,1,1,126.487,155.63934,204.30667,48.66733,0
FAFHEC,3.699,1.4078,4.4029,2.9951,5.254067,1.5014719999999997,6.004803,4.503331,1.0,2,2,0,3.0,2,4,2,1.5,1,2,1,122.700665,163.21333,204.30733,41.094,1
FAKJOS,2.0802,4.159999999999999,4.1602,0.0002,5.4447035,3.729439,7.309423,3.579984,0.5,1,1,0,5.0,2,6,4,2.0,0,2,2,181.442,181.08334,271.98367,90.90033,0
FAKJUY,2.0804,4.16,4.1604,0.0004,4.360379,1.5620499999999995,5.141404,3.579354,1.0,0,1,1,5.0,2,6,4,2.0,0,2,2,193.03383,157.91699999999997,271.99233,114.07533,0
FAKKOU,1.7683,0.3326,1.9346,1.602,4.882592,2.499306,6.132245,3.632939,2.0,2,3,1,1.5,1,2,1,0.5,1,1,0,139.599165,76.53367000000001,177.866,101.33233,0
FAKKUA,2.75735,2.3095,3.9121,1.6026,5.579136500000001,1.1050130000000005,6.131643,5.02663,0.5,1,1,0,3.0,2,4,2,0.5,1,1,0,117.425,32.18199999999999,133.516,101.334,0
FAKLAH,1.7297,0.2547999999999999,1.8571,1.6023,5.8203975,0.6230409999999997,6.131918,5.508877,1.0,0,1,1,2.0,0,2,2,1.0,0,1,1,95.502335,11.660669999999996,101.33267,89.672,0
FAKLEL,2.52025,1.8347,3.4376,1.6029,5.750756,0.7620319999999996,6.131772,5.36974,1.0,0,1,1,2.0,0,2,2,1.0,0,1,1,95.326,12.01334,101.33267,89.31933,0
FALSES,3.6944,7.3886,7.3887,0.0001,5.895676,2.1090979999999995,6.950225,4.841127,1.0,2,2,0,3.5,3,5,2,1.0,2,2,0,126.2775,137.15499999999997,194.855,57.7,0
FALSIW,3.29585,6.5917,6.5917,0.0,5.905884,2.088782,6.950275,4.861493,1.0,2,2,0,3.5,3,5,2,1.0,2,2,0,126.22967,137.06600000000003,194.76267,57.69667,0
FALSOC,5.34875,2.4855,6.5915,4.106,5.8080435,1.8931710000000008,6.754629,4.861458,1.0,2,2,0,3.0,4,5,1,1.0,2,2,0,123.831,141.86066,194.76133,52.90067,0
FALSUI,5.25035,2.6851000000000003,6.5929,3.9078,5.6975015,1.673661,6.534332,4.860671,1.0,2,2,0,3.0,4,5,1,1.0,2,2,0,129.7975,129.94434,194.76967,64.82533,0
FALTAP,4.92655,3.3277,6.5904,3.2627,5.394836,1.0667920000000004,5.928232,4.86144,1.0,2,2,0,3.0,4,5,1,1.0,2,2,0,128.131665,133.27067,194.767,61.49633,0
FALTET,4.56575,4.0483,6.5899,2.5416,5.44469,1.1670399999999992,6.02821,4.86117,1.5,1,2,1,3.0,4,5,1,1.0,2,2,0,136.218,117.09865999999998,194.76733,77.66867,0
FARJAM,0.99165,1.1775,1.5804,0.4029,6.9215435,1.313173,7.57813,6.264957,0.5,1,1,0,0.5,1,1,0,0.5,1,1,0,58.583665,49.05267,83.11,34.05733,1
FARMEU,1.82025,1.0753,2.3579,1.2826,5.0166015,0.4595190000000002,5.246361,4.786842,1.5,1,2,1,2.5,3,4,1,2.5,3,4,1,171.759,152.05334,247.78567,95.73233,0
FARPUN,2.05265,4.1051,4.1052,0.0001,5.2975705,2.9138870000000003,6.754514,3.840627,0.5,1,1,0,3.5,5,6,1,2.0,4,4,0,118.536,131.27134,184.17167,52.90033,0
FARQIC,2.0636,4.127000000000001,4.1271,0.0001,5.1242315,2.567529,6.407996,3.840467,0.5,1,1,0,3.5,5,6,1,2.0,4,4,0,119.59567,129.166,184.17867,55.01267,0
FATQEA,3.65215,5.4551,6.3797,0.9246,5.8359165,1.005413,6.338623,5.33321,1.0,2,2,0,2.5,1,3,2,1.0,2,2,0,145.956335,85.33533,188.624,103.28867,0
FAYXOV,3.6769,0.0251999999999998,3.6895,3.6643,4.5699985000000005,0.412655,4.776326,4.363671,1.5,1,2,1,2.5,3,4,1,2.0,2,3,1,158.182165,90.00367,203.184,113.18033,0
FAYXUB,3.6764,0.0266000000000001,3.6897,3.6631,4.5698225,0.4123049999999999,4.775975,4.36367,1.5,1,2,1,2.5,3,4,1,2.0,2,3,1,158.18417,89.997,203.18267,113.18567,0
FAYYAI,3.67605,0.0261,3.6891,3.663,4.569653000000001,0.4130820000000001,4.776194,4.363112,1.5,1,2,1,2.5,3,4,1,2.0,2,3,1,158.184665,90.00267000000001,203.186,113.18333,0
FEBSIR,1.58545,0.5434999999999999,1.8572,1.3137,4.9497685,1.1170030000000004,5.50827,4.391267,1.0,0,1,1,2.5,1,3,2,1.5,1,2,1,96.9275,14.50099999999999,104.178,89.677,1
FECFOL,3.3803,0.1139999999999998,3.4373,3.3233,5.107036,0.5257839999999998,5.369928,4.844144,1.0,0,1,1,2.5,1,3,2,1.0,0,1,1,100.24733,21.85600000000001,111.17533,89.31933,0
FECGEC,3.2431,0.7866,3.6364,2.8498,5.5029295000000005,0.2940289999999992,5.649944,5.355915,1.0,0,1,1,1.5,1,2,1,1.0,0,1,1,93.3075,4.143000000000001,95.379,91.236,0
FECGUS,1.08455,2.1685,2.1688,0.0003,5.384441499999999,0.0837189999999994,5.426301,5.342582,1.5,1,2,1,2.0,0,2,2,0.5,1,1,0,112.093,41.12733999999999,132.65667,91.52933,0
FEFJOR,2.06375,4.1263,4.1269,0.0006,5.2872675000000005,2.242083,6.408309,4.166226,1.5,3,3,0,4.5,7,8,1,1.0,2,2,0,157.38317,204.73900000000003,259.75267,55.01367,0
FEFYEW,4.48545,4.7345,6.8527,2.1182,4.682218,0.7012999999999998,5.032868,4.331568,0.5,1,1,0,5.5,1,6,5,1.5,3,3,0,209.776165,23.857670000000013,221.705,197.84733,0
FENQEX,3.89645,3.4465,5.6197,2.1732,4.722095,1.1946939999999993,5.319442,4.124748,1.0,0,1,1,3.0,2,4,2,2.0,2,3,1,115.74233,24.438,127.96133,103.52333,0
FEPFEN,2.0637000000000003,4.127,4.1272,0.0002,5.147196,2.5222820000000006,6.408337,3.886055,0.5,1,1,0,3.5,5,6,1,1.0,2,2,0,115.6725,121.321,176.333,55.012,0
FEPFOX,0.98385,1.9657,1.9667,0.001,4.4279775,1.6873990000000003,5.271677,3.584278,1.5,3,3,0,3.0,2,4,2,1.0,2,2,0,127.327,92.61466,173.63433,81.01967,1
FEPPUO,4.1827000000000005,1.8196000000000003,5.0925,3.2729,5.0066205,0.5180150000000001,5.265628,4.747613,2.0,2,3,1,2.5,1,3,2,1.5,3,3,0,159.17633,9.22399999999999,163.78833,154.56433,0
FEPQAV,3.4294,6.1434,6.5011,0.3577,4.7796970000000005,0.9728819999999994,5.266138,4.293256,0.5,1,1,0,3.0,0,3,3,2.5,1,3,2,126.742665,55.68532999999999,154.58533,98.9,0
FEQPOJ,0.3954499999999999,0.7903,0.7906,0.0003,5.026682,0.5505379999999995,5.301951,4.751413,1.0,2,2,0,3.0,2,4,2,1.0,2,2,0,112.25217,58.21900000000001,141.36167,83.14267,0
FEQXEF,0.52285,1.0395,1.0426,0.0031,5.4520525,1.3834210000000002,6.143763,4.760342,0.5,1,1,0,4.0,0,4,4,1.0,2,2,0,104.917335,22.74667000000001,116.29067,93.544,1
FEQXIJ,1.04095,2.0769,2.0794,0.0025,5.706975,0.87608,6.145015,5.268935,0.5,1,1,0,3.5,1,4,3,1.0,2,2,0,95.978165,4.88167,98.419,93.53733,0
FERLOH,3.13965,0.5365000000000002,3.4079,2.8714,4.354796,0.3679259999999997,4.538759,4.170833,1.0,0,1,1,3.0,2,4,2,1.0,0,1,1,148.234665,37.71867,167.094,129.37533,0
FERYEH,2.98695,5.9507,5.9623,0.0116,4.4648685,0.5338349999999998,4.731786,4.197951,1.5,1,2,1,3.0,2,4,2,1.5,3,3,0,149.302,61.226,179.915,118.689,0
FERYIL,2.90495,5.797899999999999,5.8039,0.006,4.47599,0.5587980000000003,4.755389,4.196591,1.5,1,2,1,3.0,2,4,2,1.5,3,3,0,155.84449999999998,48.20633999999998,179.94767,131.74133,0
FERYOR,2.8663,5.7208000000000006,5.7267,0.0059,4.468993,0.5446600000000004,4.741323,4.196663,1.5,1,2,1,3.0,2,4,2,1.5,3,3,0,162.2015,35.489659999999986,179.94633,144.45667,0
FERZAE,2.8272,5.652,5.6532,0.0012,4.475289500000001,0.5606809999999998,4.75563,4.194949,1.5,1,2,1,3.0,2,4,2,1.5,3,3,0,175.84833,8.26400000000001,179.98033,171.71633,0
FERZEI,2.8698,5.7266,5.7331,0.0065,4.4762255,0.5586649999999995,4.755558,4.196893,1.5,1,2,1,3.0,2,4,2,1.5,3,3,0,182.46483,5.043000000000006,184.98633,179.94333,0
FETSUT,2.8927,2.6246,4.205,1.5804,5.7748455,3.605583,7.577637,3.972054,1.0,2,2,0,2.5,3,4,1,1.0,0,1,1,137.412835,206.70767,240.76667,34.059,0
FEVKUO,4.93475,4.745699999999999,7.3076,2.5619,4.9471155,0.0253709999999998,4.959801,4.93443,1.5,1,2,1,6.5,3,8,5,3.0,2,4,2,181.8175,56.375,210.005,153.63,0
FEXHOH,0.44795,0.8959,0.8959,0.0,6.314375500000001,2.624305000000001,7.626528,5.002223,0.5,1,1,0,4.0,0,4,4,1.5,1,2,1,142.90300000000002,2.248660000000001,144.02733,141.77867,0
FEXSEJ,3.3398000000000003,1.6654000000000004,4.1725,2.5071,4.910683000000001,0.0400660000000003,4.930716,4.89065,1.0,0,1,1,2.5,1,3,2,1.0,2,2,0,99.697,14.063999999999991,106.729,92.665,0
FEYSIO,1.25505,2.5101,2.5101,0.0,5.359135,1.6686899999999998,6.19348,4.52479,1.5,1,2,1,0.5,1,1,0,0.5,1,1,0,147.476835,148.09833,221.526,73.42767,0
FEYTOV,1.57435,3.1473,3.148,0.0007,5.4324105,1.5214989999999995,6.19316,4.671661,1.5,1,2,1,0.5,1,1,0,0.5,1,1,0,139.577835,132.31033000000002,205.733,73.42267,0
FEYZAM,2.8233,5.646199999999999,5.6464,0.0002,5.10888,1.8490459999999995,6.033403,4.184357,2.0,2,3,1,1.5,3,3,0,0.5,1,1,0,173.484335,152.37533,249.672,97.29667,0
FEYZEQ,3.1615,4.9712,5.6471,0.6759,5.2307155000000005,2.0921890000000003,6.27681,4.184621,2.0,2,3,1,1.5,3,3,0,0.5,1,1,0,172.91782999999998,153.509,249.67233,96.16333,0
FEZXIT,3.55005,7.1001,7.1001,0.0,5.380435500000001,2.412311,6.586591,4.17428,2.0,2,3,1,1.5,3,3,0,0.5,1,1,0,159.28967,179.75,249.16467,69.41467,0
FICBEA,1.111,2.2132,2.2176,0.0044,6.42176,2.386666,7.615093,5.228427,0.5,1,1,0,3.5,1,4,3,1.5,1,2,1,125.696,19.758,135.575,115.817,0
FICBIE,0.9226,1.836,1.8406,0.0046,6.4135755,2.4045809999999994,7.615866,5.211285,0.5,1,1,0,3.5,1,4,3,1.5,1,2,1,112.654335,45.23933,135.274,90.03467,0
FICNAI,6.6983,5.1428,9.2697,4.1269,5.180245,2.4548120000000004,6.407651,3.952839,0.5,1,1,0,2.5,3,4,1,0.0,0,0,0,143.563335,177.10533,232.116,55.01067,0
FICTAO,0.90465,1.8091,1.8092,0.0001,5.0995525,0.4599649999999995,5.329535,4.86957,0.5,1,1,0,3.0,2,4,2,1.0,2,2,0,74.6685,12.700339999999995,81.01867,68.31833,0
FICYEX,1.46705,1.4293000000000002,2.1817,0.7524,5.3377435,0.5967630000000002,5.636125,5.039362,1.5,1,2,1,3.5,3,5,2,1.5,1,2,1,131.59233,81.49200000000002,172.33833,90.84633,0
FICYIB,1.7262,1.9412,2.6968,0.7556,5.2667745,0.4543530000000002,5.493951,5.039598,1.5,1,2,1,3.5,3,5,2,1.5,1,2,1,139.182,66.30999999999999,172.337,106.027,1
FIDCIG,0.8115,1.623,1.623,0.0,6.012982,2.934284,7.480124,4.54584,0.5,1,1,0,3.5,1,4,3,2.0,0,2,2,85.292835,41.36967,105.97767,64.608,0
FIDKOT,0.71665,1.4331,1.4332,0.0001,4.890889,0.9036339999999994,5.342706,4.439072,3.0,2,4,2,2.0,0,2,2,1.0,2,2,0,194.469,123.62734,256.28267,132.65533,0
FIDLIO,1.9746,0.3988,2.174,1.7752,5.1638435000000005,0.2995010000000002,5.313594,5.014093,2.0,0,2,2,2.0,0,2,2,2.0,0,2,2,172.61917,14.570999999999998,179.90467,165.33367,0
FIDLOU,2.2498,0.9482,2.7239,1.7757,4.891405,0.2455540000000002,5.014182,4.768628,2.0,0,2,2,2.5,1,3,2,2.0,0,2,2,180.198835,0.5863300000000038,180.492,179.90567,0
FIDMAH,3.2527,0.5932,3.5493,2.9561,4.710433500000001,0.1357989999999995,4.778333,4.642534,2.0,0,2,2,3.0,0,3,3,2.0,0,2,2,188.201335,16.031330000000025,196.217,180.18567,0
FIMTAW,3.2003,3.3654,4.883,1.5176,5.2562155,0.2374689999999999,5.37495,5.137481,1.0,2,2,0,1.5,1,2,1,1.0,2,2,0,138.759665,160.08067,218.8,58.71933,1
FINHIX,0.2875,0.5688,0.5719,0.0031,4.3978485,0.4198510000000004,4.607774,4.187923,2.0,2,3,1,2.5,3,4,1,0.0,0,0,0,176.1,56.32733999999999,204.26367,147.93633,1
FIPREB,5.36385,2.5189000000000004,6.6233,4.1044,5.2220875,3.064437,6.754306,3.689869,1.0,2,2,0,3.5,5,6,1,1.0,2,2,0,173.0525,240.30366000000004,293.20433,52.90067,0
FIQNAV,4.49465,0.7361000000000004,4.8627,4.1266,5.079181500000001,2.657713,6.408038,3.750325,0.5,1,1,0,2.5,3,4,1,0.5,1,1,0,128.0055,145.98634,200.99867,55.01233,0
FIQYOX,2.05685,4.1137,4.1137,0.0,5.331473,3.4957120000000006,7.079329,3.583617,1.5,3,3,0,4.5,5,7,2,2.0,4,4,0,136.122,75.05265999999999,173.64833,98.59567,0
FISJAT,7.24305,6.2757000000000005,10.3809,4.1052,4.87492,3.759204,6.754522,2.995318,0.5,1,1,0,2.5,3,4,1,1.0,2,2,0,175.792835,245.78633,298.686,52.89967,0
FIVNEF,3.8947,0.8531999999999997,4.3213,3.4681,5.691451,2.331598,6.85725,4.525652,0.5,1,1,0,2.0,2,3,1,1.5,1,2,1,76.02783,78.71900000000001,115.38733,36.66833,0
FIWYIW,2.3451000000000004,0.52,2.6051,2.0851,5.523809,0.127262,5.58744,5.460178,1.0,0,1,1,2.0,0,2,2,0.5,1,1,0,87.09583,10.671000000000006,92.43133,81.76033,0
FIWYOC,1.3677,1.4344,2.0849,0.6505,5.2717480000000005,0.3756899999999996,5.459593,5.083903,1.0,0,1,1,2.0,0,2,2,0.5,1,1,0,98.4055,33.29634,115.05367,81.75733,0
FIYXEQ,3.1661,2.7512,4.5417,1.7905,5.092748500000001,0.926381,5.555939,4.629558,0.5,1,1,0,3.0,4,5,1,0.5,1,1,0,129.73483000000002,136.955,198.21233,61.25733,1
FOACAM,2.7603,2.41,3.9653,1.5553,7.463929,0.4109039999999995,7.669381,7.258477,0.0,0,0,0,1.5,1,2,1,1.0,0,1,1,25.573,5.411340000000003,28.27867,22.86733,0
FOHDIQ,3.2321,1.7897999999999996,4.127,2.3372,5.222341,2.3720680000000005,6.408375,4.036307,0.5,1,1,0,2.5,3,4,1,1.5,3,3,0,117.761,125.49134,180.50667,55.01533,1
FOMXAH,3.7178,0.1093999999999999,3.7725,3.6631,4.637052000000001,0.547904,4.911004,4.3631,1.0,2,2,0,1.5,1,2,1,0.5,1,1,0,135.837165,134.70833,203.19133,68.483,0
FOPXAK,2.11995,3.5749,3.9074,0.3325,5.852596500000001,1.3631649999999995,6.534179,5.171014,1.5,3,3,0,1.5,1,2,1,0.5,1,1,0,154.628165,179.60367000000002,244.43,64.82633,0
FOQHEY,0.0001,0.0002,0.0002,0.0,4.36961,1.5713500000000002,5.155285,3.583935,2.0,2,3,1,2.0,0,2,2,1.0,2,2,0,127.1495,92.985,173.642,80.657,0
FOQHIC,0.0003,0.0006,0.0006,0.0,4.0165845,0.865351,4.44926,3.583909,2.5,1,3,2,2.0,0,2,2,1.0,2,2,0,152.96533,41.346,173.63833,132.29233,0
FOQHOI,0.0003,0.0006,0.0006,0.0,4.0920045,1.016547,4.600278,3.583731,2.5,1,3,2,2.0,0,2,2,1.0,2,2,0,168.92933499999998,9.352670000000018,173.60567,164.253,0
FORLAB,1.1876,2.3742,2.3747,0.0005,4.872097,1.4995820000000002,5.621888,4.122306,1.5,1,2,1,2.0,0,2,2,1.0,2,2,0,132.17017,103.349,183.84467,80.49567,0
FOSFIE,3.65615,3.2731,5.2927,2.0196,4.722732499999999,1.378635,5.41205,4.033415,1.0,0,1,1,3.5,1,4,3,2.0,0,2,2,129.83867,60.620000000000005,160.14867,99.52867,0
FOSFOK,1.64495,0.7563,2.0231,1.2668,5.5806045,0.3354790000000003,5.748344,5.412865,1.0,0,1,1,2.5,1,3,2,2.0,0,2,2,90.226835,18.60566999999999,99.52967,80.924,0
FOSFUQ01,3.0964,2.1524,4.1726,2.0202,5.139336999999999,0.545274,5.411974,4.8667,1.0,0,1,1,3.5,1,4,3,2.0,0,2,2,108.5725,18.089659999999995,117.61733,99.52767,0
FOSFUQ,1.87705,0.2874999999999998,2.0208,1.7333,5.1464345,0.5318009999999997,5.412335,4.880534,1.0,0,1,1,3.5,1,4,3,2.0,0,2,2,108.54267,18.02600000000001,117.55567,99.52967,0
FOSMIL01,3.29805,2.5553000000000003,4.5757,2.0204,4.74592,1.3326080000000005,5.412224,4.079616,1.0,0,1,1,3.5,1,4,3,2.5,1,3,2,122.764665,46.46932999999999,145.99933,99.53,0
FOSMIL,2.7941000000000003,1.5467999999999995,3.5675,2.0207,4.747507,1.329212,5.412113,4.082901,1.0,0,1,1,3.5,1,4,3,2.5,1,3,2,122.54233,46.026,145.55533,99.52933,0
FOWSAM,0.5353,1.0706,1.0706,0.0,5.2437265,0.1646730000000005,5.326063,5.16139,1.5,1,2,1,2.0,0,2,2,0.5,1,1,0,114.392835,40.42432999999998,134.605,94.18067,0
FOXCUT01,2.79945,4.4455,5.0222,0.5767,1.984055,2.08402,3.026065,0.942045,1.0,2,2,0,2.5,3,4,1,0.0,0,0,0,216.617725,110.63145,271.93345,161.302,1
FUFJEY,3.6202,1.0134,4.1269,3.1135,4.8728985,3.069821,6.407809,3.337988,0.5,1,1,0,2.5,3,4,1,1.0,2,2,0,193.572665,277.12332999999995,332.13433,55.011,0
FUHGUL,0.8048,1.6092,1.6094,0.0002,6.407847,2.415324,7.615509,5.200185,0.5,1,1,0,3.5,1,4,3,1.5,1,2,1,126.43733,21.243999999999986,137.05933,115.81533,0
FUHPAA,2.9256,0.6953999999999998,3.2733,2.5779,5.271089,1.045668,5.793923,4.748255,2.0,2,3,1,2.0,0,2,2,1.0,2,2,0,128.42133,70.732,163.78733,93.05533,0
FURAOX,1.84105,3.6821,3.6821,0.0,5.5249325,0.1418150000000002,5.59584,5.454025,0.0,0,0,0,3.0,2,4,2,1.5,1,2,1,58.551165,35.51167,76.307,40.79533,0
FURWOG,4.17115,1.2169000000000003,4.7796,3.5627,5.3973095,0.006825,5.400722,5.393897,1.0,0,1,1,3.0,2,4,2,1.5,1,2,1,109.80817,40.69300000000001,130.15467,89.46167,0
FURXEX,3.3168,2.9206,4.7771,1.8565,5.454892,0.1088240000000002,5.509304,5.40048,1.0,0,1,1,3.0,2,4,2,1.5,1,2,1,109.913,40.488000000000014,130.157,89.669,0
FURYEY,4.0635,1.4311999999999996,4.7791,3.3479,5.3509925,0.0991970000000002,5.400591,5.301394,1.0,0,1,1,3.0,2,4,2,1.5,1,2,1,110.03333,40.25599999999999,130.16133,89.90533,0
FURYOI,4.572900000000001,0.4066000000000001,4.7762,4.3696,5.994406,1.1883100000000004,6.588561,5.400251,0.5,1,1,0,2.5,3,4,1,1.5,1,2,1,100.54167,59.224,130.15367,70.92967,0
FUSCIH01,0.86315,1.7253,1.7258,0.0005,2.964087,0.8998460000000001,3.41401,2.514164,1.5,3,3,0,3.0,6,6,0,0.0,0,0,0,222.761,33.855999999999995,239.689,205.833,0
FUSCIH,0.9955,1.4626,1.7268,0.2642,2.964608,0.9002719999999997,3.414744,2.514472,1.5,3,3,0,3.0,6,6,0,0.0,0,0,0,222.761335,33.86533,239.694,205.82867,0
FUSGUX,3.8204,1.0635999999999997,4.3522,3.2886,6.031869,1.2786940000000009,6.671216,5.392522,0.5,1,1,0,2.5,3,4,1,1.5,1,2,1,106.189835,46.71233,129.546,82.83367,0
FUYLOB,4.0512500000000005,3.9139,6.0082,2.0943,5.920096,3.42043,7.630311,4.209881,2.0,4,4,0,3.0,2,4,2,0.5,1,1,0,180.84,242.50466,302.09233,59.58767,0
FUZLES,3.30925,1.6348999999999996,4.1267,2.4918,5.2480455,2.3205790000000004,6.408335,4.087756,0.5,1,1,0,2.5,3,4,1,2.0,4,4,0,118.009165,125.99232999999998,181.00533,55.013,0
GABYUE,1.2529,0.5930000000000001,1.5494,0.9564,5.0467595,1.014641,5.55408,4.539439,2.0,2,3,1,4.0,0,4,4,2.0,0,2,2,177.003,129.066,241.536,112.47,0
GABZEP,0.77445,1.5489,1.5489,0.0,5.068136,1.0572459999999992,5.596759,4.539513,1.5,3,3,0,4.0,0,4,4,2.0,0,2,2,141.168665,200.74733,241.54233,40.795,0
GABZIT,0.7751,1.5492,1.5497,0.0005,6.0831420000000005,3.087718,7.627001,4.539283,1.5,3,3,0,4.0,0,4,4,2.0,0,2,2,191.655835,99.77366999999998,241.54267,141.769,0
GABZUF,0.77495,1.5497,1.5498,0.0001,6.0093975,2.940041,7.479418,4.539377,1.5,3,3,0,4.0,0,4,4,2.0,0,2,2,153.077835,176.93967,241.54767,64.608,0
GADGUN09,2.2557,1.0834,2.7974,1.714,5.6987475,0.9337170000000006,6.165606,5.231889,1.0,0,1,1,1.0,0,1,1,0.5,1,1,0,115.1135,75.02966,152.62833,77.59867,1
GADGUN,2.25625,1.0823,2.7974,1.7151,5.6942985,0.924411,6.156504,5.232093,1.0,0,1,1,1.0,0,1,1,0.5,1,1,0,115.102665,75.02733,152.61633,77.589,0
GADXOC,3.97615,0.3008999999999999,4.1266,3.8257,4.741695,3.3330800000000003,6.408235,3.075155,0.5,1,1,0,3.0,4,5,1,0.5,1,1,0,202.79133,295.556,350.56933,55.01333,0
GAHDUP,0.96805,1.9329,1.9345,0.0016,4.0307035,0.7956709999999996,4.428539,3.632868,1.5,3,3,0,2.5,3,4,1,1.0,2,2,0,142.99467,69.74199999999999,177.86567,108.12367,0
GAHFAX,0.96765,1.9339,1.9346,0.0007,4.4141845,1.5622510000000005,5.19531,3.633059,1.5,3,3,0,2.5,3,4,1,1.0,2,2,0,123.479335,108.75933,177.859,69.09967,0
GAHFIF,0.96735,1.9347,1.9347,0.0,4.387468,1.5091439999999996,5.14204,3.632896,2.0,2,3,1,2.5,3,4,1,1.0,2,2,0,145.96917,63.79099999999998,177.86467,114.07367,0
GALBIF,0.0001,0.0,0.0001,0.0001,5.655924499999999,3.648241,7.480045,3.831804,1.0,2,2,0,4.0,0,4,4,1.0,2,2,0,117.017165,104.81833,169.42633,64.608,0
GALRIU,0.6469,1.2912,1.2925,0.0013,5.446583,0.2520619999999995,5.572614,5.320552,0.5,1,1,0,1.5,1,2,1,0.5,1,1,0,86.857665,4.344670000000008,89.03,84.68533,0
GANXUP01,1.95675,3.9135,3.9135,0.0,5.312304,0.57029,5.597449,5.027159,0.0,0,0,0,4.0,0,4,4,1.0,2,2,0,87.158335,92.72467,133.52067,40.796,0
GANXUP,1.9426,3.8852,3.8852,0.0,5.3056145,0.5790769999999998,5.595153,5.016076,0.0,0,0,0,4.0,0,4,4,1.0,2,2,0,87.16382999999999,92.733,133.53033,40.79733,0
GANYAW,2.3501,3.1252,3.9127,0.7875,6.075453,2.0969240000000005,7.123915,5.026991,0.0,0,0,0,4.0,0,4,4,1.0,2,2,0,93.107835,80.82366999999999,133.51967,52.696,1
GANYEA01,3.16645,1.4270999999999998,3.88,2.4529,5.343998,0.6633019999999998,5.675649,5.012347,0.0,0,0,0,4.0,0,4,4,1.0,2,2,0,99.6585,67.74234000000001,133.52967,65.78733,0
GANYEA,4.8607,1.8976,5.8095,3.9119,4.847427,0.3581019999999997,5.026478,4.668376,0.0,0,0,0,4.0,0,4,4,1.0,2,2,0,100.475,66.07934,133.51467,67.43533,0
GANYIE01,3.16665,1.4277000000000002,3.8805,2.4528,5.3441805,0.6614190000000004,5.67489,5.013471,0.0,0,0,0,4.0,0,4,4,1.0,2,2,0,99.660665,67.74067000000001,133.531,65.79033,1
GAQFAH,2.9894,1.6136,3.7962,2.1826,5.1232615,1.024191,5.635357,4.611166,1.5,1,2,1,4.0,4,6,2,1.5,1,2,1,163.47017,145.241,236.09067,90.84967,0
GATZOS,2.8842,1.7823999999999998,3.7754,1.993,5.354448,1.2300440000000004,5.96947,4.739426,1.0,0,1,1,2.5,1,3,2,1.0,2,2,0,108.353,54.33866,135.52233,81.18367,0
GAVBAI,2.0808,0.179,2.1703,1.9913,5.2079625,0.9364609999999997,5.676193,4.739732,1.0,0,1,1,2.5,1,3,2,1.0,2,2,0,108.18783,54.65899999999999,135.51733,80.85833,0
GAVHER,3.7032,0.5333999999999999,3.9699,3.4365,6.3142445,1.888261,7.258375,5.370114,0.5,1,1,0,1.5,1,2,1,1.0,0,1,1,58.803,61.03265999999999,89.31933,28.28667,0
GAWLOG,0.7916,1.583,1.5831,0.0001,6.0251625,2.909831,7.480078,4.570247,1.0,2,2,0,4.5,1,5,4,1.0,2,2,0,126.000835,122.78367,187.39267,64.609,0
GAXRUU,4.36275,0.3820999999999994,4.5538,4.1717,5.731821500000001,1.6820770000000005,6.57286,4.890783,0.5,1,1,0,2.0,2,3,1,1.5,1,2,1,110.207165,6.962329999999994,113.68833,106.726,0
GAXSAB,3.5688000000000004,1.6212000000000004,4.3794,2.7582,5.381748999999999,2.478034,6.620766,4.142732,0.5,1,1,0,2.5,3,4,1,2.0,2,3,1,108.563,10.221339999999998,113.67367,103.45233,0
GAXSUV,0.16305,0.3259,0.326,0.0001,4.662515000000001,0.495902,4.910466,4.414564,0.5,1,1,0,2.5,1,3,2,0.5,1,1,0,131.153335,0.0046699999999759,131.15567,131.151,0
GEDDAY,4.78755,1.6652999999999998,5.6202,3.9549,5.3266285,0.0139610000000001,5.333609,5.319648,1.0,0,1,1,2.5,1,3,2,1.0,0,1,1,134.546835,13.170330000000009,141.132,127.96167,0
GEFFEG,0.7821,1.5636,1.5639,0.0003,6.4477905,2.335939,7.61576,5.279821,0.0,0,0,0,3.5,1,4,3,1.5,1,2,1,87.67500000000001,4.7193400000000025,90.03467,85.31533,0
GEHROB,1.32475,2.6495,2.6495,0.0,4.4706895,1.381233,5.161306,3.780073,2.0,0,2,2,2.5,1,3,2,1.0,2,2,0,144.642165,20.04633000000001,154.66533,134.619,0
GEHXEA,4.04115,1.8323,4.9573,3.125,6.525786,2.1947220000000005,7.623147,5.428425,0.5,1,1,0,3.0,2,4,2,1.5,1,2,1,116.9675,23.635659999999987,128.78533,105.14967,0
GEKGIP,1.1144,2.2266,2.2277,0.0011,5.4430595,1.502009,6.194064,4.692055,1.5,1,2,1,0.5,1,1,0,0.5,1,1,0,139.9545,133.089,206.499,73.41,0
GENLIV,1.61565,3.2313,3.2313,0.0,5.5122515,0.166449,5.595476,5.429027,0.5,1,1,0,2.5,3,4,1,1.5,1,2,1,76.85249999999999,72.10434,112.90467,40.80033,0
GENLOB,1.6156,3.2312,3.2312,0.0,6.5279685,2.198291,7.627114,5.428823,0.5,1,1,0,2.5,3,4,1,1.5,1,2,1,127.3405,28.867659999999987,141.77433,112.90667,0
GENLUH,1.967,3.9336,3.9338,0.0002,5.5871515,0.0192890000000005,5.596796,5.577507,0.5,1,1,0,2.5,3,4,1,1.5,1,2,1,75.61167,69.636,110.42967,40.79367,0
GENMAO,1.94855,3.8971,3.8971,0.0,6.602924,2.04712,7.626484,5.579364,0.5,1,1,0,2.5,3,4,1,1.5,1,2,1,126.101335,31.33466999999999,141.76867,110.434,0
GENMES,0.0,0.0,0.0,0.0,4.009282499999999,0.9665749999999996,4.49257,3.525995,2.0,2,3,1,4.0,8,8,0,1.0,2,2,0,199.027165,30.74833000000001,214.40133,183.653,0
GENMIW,0.00455,0.0063,0.0077,0.0014,4.575754,0.1660699999999995,4.658789,4.492719,2.0,2,3,1,4.0,8,8,0,1.0,2,2,0,194.4855,39.79766000000001,214.38433,174.58667,0
GENMUI,1.8106,2.6158,3.1185,0.5027,3.933863,0.770502,4.319114,3.548612,0.5,1,1,0,6.0,4,8,4,1.0,2,2,0,186.536165,57.06833,215.07033,158.002,0
GENTOJ,2.99005,1.7769,3.8785,2.1016,6.316145,0.7652640000000002,6.698777,5.933513,0.5,1,1,0,2.5,1,3,2,2.0,0,2,2,107.76583,29.352999999999994,122.44233,93.08933,0
GEQXEH,3.6622,3.9172,5.6208,1.7036,4.8332105,0.9724389999999996,5.31943,4.346991,1.0,0,1,1,3.0,2,4,2,2.0,2,3,1,115.645165,24.63566999999999,127.963,103.32733,0
GEQXIL,3.525,4.1894,5.6197,1.4303,5.1920325,0.2557849999999995,5.319925,5.06414,1.0,0,1,1,2.0,0,2,2,1.0,0,1,1,125.634,4.648660000000007,127.95833,123.30967,0
GERCUF,2.29425,3.2837,3.9361,0.6524,4.7554715000000005,0.1280989999999997,4.819521,4.691422,1.0,0,1,1,4.0,2,5,3,2.5,3,4,1,97.565665,24.89133,110.01133,85.12,0
GERZUA,1.4592,2.9184,2.9184,0.0,5.491456,0.2097920000000002,5.596352,5.38656,0.5,1,1,0,3.0,2,4,2,2.0,0,2,2,71.75583,61.925,102.71833,40.79333,0
GESBAJ,1.4594,2.9188,2.9188,0.0,6.432824500000001,2.092299,7.478974,5.386675,0.5,1,1,0,3.0,2,4,2,2.0,0,2,2,83.66366500000001,38.11467,102.721,64.60633,0
GESBEN,1.459,2.918,2.918,0.0,5.358207999999999,0.0572419999999995,5.386829,5.329587,0.5,1,1,0,3.0,2,4,2,2.0,0,2,2,85.5205,34.39634000000001,102.71867,68.32233,0
GESBUD,1.45925,2.9181,2.9183,0.0002,6.501378000000001,2.228962,7.615859,5.386897,0.5,1,1,0,3.0,2,4,2,2.0,0,2,2,96.377835,12.681669999999995,102.71867,90.037,0
GESCAK,3.94565,1.6337000000000002,4.7625,3.1288,6.510512,2.235276,7.62815,5.392874,0.5,1,1,0,3.0,2,4,2,2.0,0,2,2,102.806665,0.217330000000004,102.91533,102.698,0
GESCEO,2.38195,4.7635,4.7637,0.0002,6.5094635,2.234375,7.626651,5.392276,0.5,1,1,0,3.0,2,4,2,2.0,0,2,2,122.236,39.06800000000001,141.77,102.702,0
GESCIS,2.38155,4.7631,4.7631,0.0,5.3611065,0.0633549999999996,5.392784,5.329429,0.5,1,1,0,3.0,2,4,2,2.0,0,2,2,85.508835,34.379670000000004,102.69867,68.319,0
GESCUE,4.3639,2.892,5.8099,2.9179,5.0273145,0.7187070000000002,5.386668,4.667961,0.5,1,1,0,3.0,2,4,2,2.0,0,2,2,85.079665,35.28133000000001,102.72033,67.439,0
GESJIZ,3.1955,4.614800000000001,5.5029,0.8881,4.951881500000001,0.4815209999999998,5.192642,4.711121,1.5,1,2,1,3.5,1,4,3,1.0,2,2,0,180.40483,134.29899999999998,247.55433,113.25533,0
GESJOF,4.882,1.2410000000000003,5.5025,4.2615,4.985449,0.5487099999999998,5.259804,4.711094,1.5,1,2,1,4.0,0,4,4,1.5,3,3,0,181.9055,131.30366,247.55733,116.25367,0
GESKAS,3.6259,3.7546,5.5032,1.7486,5.075627,0.7289840000000005,5.440119,4.711135,1.5,1,2,1,3.5,1,4,3,1.0,2,2,0,181.0905,132.92834,247.55467,114.62633,0
GESKIA,2.08025,2.3849,3.2727,0.8878,4.9701565,0.4450630000000002,5.192688,4.747625,2.0,2,3,1,2.5,1,3,2,1.0,2,2,0,138.522665,50.53932999999999,163.79233,113.253,0
GESKUM,3.65165,0.7570999999999999,4.0302,3.2731,5.134254,0.7710520000000001,5.51978,4.748728,2.0,2,3,1,2.0,0,2,2,1.0,2,2,0,141.3605,44.85166,163.78633,118.93467,1
GETYIO,1.34655,2.6931,2.6931,0.0,5.785832,1.2612819999999996,6.416473,5.155191,1.0,0,1,1,2.0,0,2,2,1.5,1,2,1,75.23333500000001,10.845330000000004,80.656,69.81067,0
GEVLOM,1.47525,0.7201,1.8353,1.1152,5.183249,3.472178,6.919338,3.44716,1.0,2,2,0,4.5,7,8,1,1.0,2,2,0,157.672835,210.08167,262.71367,52.632,1
GEXYAN,0.7232,1.4462,1.4463,0.0001,4.2915415,1.696695,5.139889,3.443194,2.0,2,3,1,3.5,5,6,1,0.5,1,1,0,178.325335,60.67932999999999,208.665,147.98567,0
GEYSAE,4.7566500000000005,5.0995,7.3064,2.2069,4.8206385,0.2290869999999998,4.935182,4.706095,1.5,1,2,1,4.0,2,5,3,2.0,0,2,2,153.686,112.63666,210.00433,97.36767,0
GICXEZ,3.40945,1.4358999999999995,4.1274,2.6915,5.4534155,1.908539,6.407685,4.499146,0.5,1,1,0,2.0,2,3,1,0.5,1,1,0,131.997165,153.97367,208.984,55.01033,0
GIFDOR,2.63795,3.3663000000000003,4.3211,0.9548,6.130343,1.4541959999999996,6.857441,5.403245,0.5,1,1,0,1.5,1,2,1,1.0,2,2,0,61.72567,50.114,86.78267,36.66867,0
GIFDUX,2.47445,3.6861,4.3175,0.6314,6.062061,1.5954940000000004,6.859808,5.264314,0.5,1,1,0,1.5,1,2,1,1.0,2,2,0,54.9665,36.60434,73.26867,36.66433,0
GIFFAF,3.3488999999999995,1.9404,4.3191,2.3787,4.412968,4.889586,6.857761,1.968175,0.5,1,1,0,1.5,1,2,1,1.0,2,2,0,65.073665,56.80866999999999,93.478,36.66933,0
GIFFEJ,1.85135,3.7015,3.7021,0.0006,6.1177845,1.7585630000000003,6.997066,5.238503,0.5,1,1,0,1.5,1,2,1,1.0,2,2,0,62.162,51.264,87.794,36.53,0
GIGQIX,0.8302499999999999,1.5663,1.6134,0.0471,5.5966595,0.7425889999999997,5.967954,5.225365,1.0,2,2,0,5.0,4,7,3,2.0,0,2,2,148.90883000000002,152.513,225.16533,72.65233,0
GIMPIF,0.0002,0.0,0.0002,0.0002,3.7574895,1.1268809999999996,4.32093,3.194049,0.5,1,1,0,2.0,0,2,2,0.0,0,0,0,162.3055,18.44366,171.52733,153.08367,0
GIMQEC,0.35085,0.7001,0.7009,0.0008,4.1614845,0.6453670000000002,4.484168,3.838801,0.5,1,1,0,2.0,0,2,2,0.0,0,0,0,117.07533,69.258,151.70433,82.44633,0
GINKUK,0.276,0.5418000000000001,0.5469,0.0051,3.853708,1.6019620000000003,4.654689,3.052727,1.0,2,2,0,3.0,2,4,2,1.0,2,2,0,116.205,11.309339999999992,121.85967,110.55033,0
GIPQAX,2.9036500000000003,5.8069,5.8071,0.0002,5.005128,0.6748619999999992,5.342559,4.667697,1.0,2,2,0,3.0,2,4,2,1.0,2,2,0,100.050665,65.22133,132.66133,67.44,0
GIPQEB,5e-05,0.0001,0.0001,0.0,5.1785025000000005,0.0332210000000001,5.195113,5.161892,1.0,2,2,0,3.0,2,4,2,1.0,2,2,0,101.8485,65.491,134.594,69.103,0
GISVAG,1.59705,0.0339,1.614,1.5801,6.854018,1.4482459999999993,7.578141,6.129895,0.5,1,1,0,3.0,4,5,1,1.5,1,2,1,62.61483,57.115,91.17233,34.05733,0
GIYHUS,2.45005,4.9001,4.9001,0.0,5.289134499999999,0.254969,5.416619,5.16165,1.5,1,2,1,4.0,4,6,2,1.5,3,3,0,146.9485,24.689660000000003,159.29333,134.60367,0
GIYMOT,5.2858,4.8986,7.7351,2.8365,5.1179585,0.7140810000000002,5.474999,4.760918,1.0,0,1,1,3.0,2,4,2,1.5,1,2,1,164.98933499999998,41.98132999999999,185.98,143.99867,0
GODNAO,2.0854,0.1951999999999998,2.183,1.9878,5.79272,0.3138000000000005,5.94962,5.63582,1.0,0,1,1,1.5,1,2,1,0.5,1,1,0,98.4485,15.192340000000002,106.04467,90.85233,0
GODQIZ,0.01705,0.0341,0.0341,0.0,5.615761,0.8104619999999993,6.020992,5.21053,1.0,0,1,1,3.5,1,4,3,1.5,1,2,1,103.120665,63.54733,134.89433,71.347,0
GODTUO,0.30745,0.6134999999999999,0.6142,0.0007,5.190105,0.304024,5.342117,5.038093,2.0,0,2,2,2.0,0,2,2,1.0,2,2,0,143.894165,22.46167,155.125,132.66333,0
GOGFOA,3.22825,1.2748999999999997,3.8657,2.5908,5.443538,1.1551840000000002,6.02113,4.865946,2.0,0,2,2,2.5,1,3,2,1.0,2,2,0,183.53916500000005,67.25967,217.169,149.90933,0
GOGQID,1.5996,0.5124,1.8558,1.3434,5.409855,0.1981519999999994,5.508931,5.310779,1.0,0,1,1,2.5,1,3,2,1.0,0,1,1,107.400665,35.45267,125.127,89.67433,0
GOGYEJ,3.42545,0.5922999999999998,3.7216,3.1293,6.3353645,2.240441000000001,7.455585,5.215144,0.5,1,1,0,3.0,2,4,2,1.5,1,2,1,85.271,15.910660000000007,93.22633,77.31567,0
GOKBAL,0.4068,0.8126000000000001,0.8131,0.0005,6.4151365,2.1445729999999994,7.487423,5.34285,1.0,2,2,0,3.0,2,4,2,1.0,2,2,0,98.7215,67.86634000000001,132.65467,64.78833,0
GOKCEQ,0.77835,1.5559,1.5563,0.0004,6.505637500000001,2.326121,7.668698,5.342577,1.0,2,2,0,2.0,0,2,2,0.5,1,1,0,77.763665,109.78533,132.65633,22.871,1
GOMDET,2.32495,3.1147,3.8823,0.7676,5.172115,0.3160299999999996,5.33013,5.0141,0.5,1,1,0,3.5,1,4,3,0.5,1,1,0,137.494,7.942000000000007,141.465,133.523,0
GONQIL,2.3244,3.603,4.1259,0.5229,6.544326,0.2718419999999995,6.680247,6.408405,0.5,1,1,0,3.5,5,6,1,1.5,3,3,0,72.023835,34.02033000000001,89.034,55.01367,0
GOPGEX,0.5811,1.1622,1.1622,0.0,4.6797365,0.9499329999999996,5.154703,4.20477,1.5,1,2,1,2.5,1,3,2,1.5,1,2,1,106.35,51.39465999999999,132.04733,80.65267,0
GOQQOV,2.9414,2.2852,4.084,1.7988,6.5817885,2.0963510000000003,7.629964,5.533613,1.0,2,2,0,3.0,2,4,2,1.5,1,2,1,118.02583,166.573,201.31233,34.73933,0
GUDSUV,0.0006,0.0004,0.0008,0.0004,5.442005,0.3108380000000004,5.597424,5.286586,0.5,1,1,0,3.0,2,4,2,1.0,2,2,0,50.031670000000005,18.472,59.26767,40.79567,1
GUDTAC,1.24905,2.4981,2.4981,0.0,6.394811,2.217862,7.503742,5.28588,0.5,1,1,0,3.0,2,4,2,1.0,2,2,0,55.896835,6.721669999999996,59.25767,52.536,0
GUDTOQ,1.566,3.1274,3.1297,0.0023,6.3704575,2.170171,7.455543,5.285372,0.5,1,1,0,3.0,2,4,2,1.0,2,2,0,68.293665,18.047329999999995,77.31733,59.27,0
GUDTUW,1.1495,2.299,2.299,0.0,6.344381,2.115688,7.402225,5.286537,0.5,1,1,0,3.0,2,4,2,1.0,2,2,0,68.045,17.55934,76.82467,59.26533,0
GUDVAE,0.0,0.0,0.0,0.0,6.4511175000000005,2.329505,7.61587,5.286365,0.5,1,1,0,3.0,2,4,2,1.0,2,2,0,74.651335,30.766670000000005,90.03467,59.268,0
GUDVEI,1.56445,3.1289,3.1289,0.0,6.4567890000000006,2.3424000000000005,7.627989,5.285589,0.5,1,1,0,3.0,2,4,2,1.0,2,2,0,81.0885,43.64966,102.91333,59.26367,0
GUDVIM,1.56435,3.1287,3.1287,0.0,6.457733,2.340824,7.628145,5.287321,0.5,1,1,0,3.0,2,4,2,1.0,2,2,0,81.090665,43.64933,102.91533,59.266,0
GUFDOB,4.5904,5.3312,7.256,1.9248,4.637169,1.319868,5.297103,3.977235,1.0,0,1,1,4.0,2,5,3,0.5,1,1,0,155.6585,67.681,189.499,121.818,0
GUHJIE,3.5093,3.4204,5.2195,1.7991,5.466555,4.327168,7.630139,3.302971,1.5,3,3,0,4.0,4,6,2,1.5,1,2,1,146.475835,223.47233,258.212,34.73967,0
GUKWOZ,1.13605,2.2711,2.2716,0.0005,5.6463265,0.9026630000000004,6.097658,5.194995,0.5,1,1,0,2.5,3,4,1,1.0,2,2,0,66.5535,5.097659999999991,69.10233,64.00467,0
GULQAH,0.0001,0.0002,0.0002,0.0,5.8915145,3.448669,7.615849,4.16718,1.0,2,2,0,4.0,0,4,4,1.0,2,2,0,151.08408,122.09416,212.13116,90.037,0
GUNWIX,1.5153,3.0306,3.0306,0.0,4.499181,1.3292559999999995,5.163809,3.834553,1.5,1,2,1,2.5,1,3,2,0.5,1,1,0,133.13850000000002,2.9096600000000024,134.59333,131.68367,0
GUPXEX,4.8496,2.7872,6.2432,3.456,4.0433710000000005,0.1816500000000003,4.134196,3.952546,2.5,1,3,2,2.0,2,3,1,0.5,1,1,0,201.889835,126.10766999999998,264.94367,138.836,1
GUXSUQ,4.65685,5.3159,7.3148,1.9989,5.313798,0.2640960000000003,5.445846,5.18175,0.5,1,1,0,4.0,4,6,2,1.5,1,2,1,106.03167,57.908,134.98567,77.07767,0
GUXTAX,3.65525,7.3105,7.3105,0.0,4.638393,1.6126239999999998,5.444705,3.832081,1.0,2,2,0,5.0,2,6,4,1.0,2,2,0,152.2145,34.393,169.411,135.018,0
GUXTOL,3.6775,7.355,7.355,0.0,4.8197605,1.2492730000000003,5.444397,4.195124,1.0,2,2,0,4.0,4,6,2,1.0,2,2,0,157.484335,44.98333,179.976,134.99267,0
GUXTUR,3.67805,7.3559,7.356,0.0001,5.735275,0.5816799999999995,6.026115,5.444435,1.0,2,2,0,4.0,4,6,2,1.0,2,2,0,144.703,19.42334,154.41467,134.99133,0
GUXVAZ,5.1428,4.4436,7.3646,2.921,5.7079070000000005,0.5214319999999999,5.968623,5.447191,1.0,2,2,0,4.0,4,6,2,1.0,2,2,0,150.2345,30.66366,165.56633,134.90267,0
GUXVIH,3.6755,7.351,7.351,0.0,5.364729499999999,0.1566929999999997,5.443076,5.286383,0.5,1,1,0,4.0,4,6,2,1.0,2,2,0,97.139165,75.75632999999999,135.01733,59.261,0
GUXVON,3.67755,7.3551,7.3551,0.0,4.638384,1.6130520000000002,5.44491,3.831858,1.0,2,2,0,5.0,2,6,4,1.0,2,2,0,152.20049999999998,34.441,169.421,134.98,0
GUXYEF,1.88855,3.7765,3.7768,0.0003,4.227132,2.230438,5.342351,3.111913,1.0,2,2,0,5.0,6,8,2,0.5,1,1,0,200.61483,135.91899999999998,268.57433,132.65533,0
GUYBUX,1.0158,2.0316,2.0316,0.0,5.800681,3.2119560000000007,7.406659,4.194703,1.0,2,2,0,2.0,0,2,2,0.5,1,1,0,157.61983,44.731,179.98533,135.25433,0
GUYXEE,2.05315,4.1063,4.1063,0.0,5.182301,3.1445380000000003,6.75457,3.610032,0.5,1,1,0,3.5,5,6,1,1.0,2,2,0,153.551415,201.30283,254.20283,52.9,0
GUZVEF,2.5195,2.954,3.9965,1.0425,5.9395195,0.9118630000000004,6.395451,5.483588,0.5,1,1,0,2.5,3,4,1,1.5,1,2,1,85.74249999999999,48.62966,110.05733,61.42767,0
HABFOG,0.2689999999999999,0.5292,0.5336,0.0044,7.6172445,1.874201,8.554345,6.680144,0.5,1,1,0,4.5,3,6,3,3.0,0,3,3,58.77217,60.511,89.02767,28.51667,0
HABJIG,2.8790500000000003,0.9388999999999998,3.3485,2.4096,5.2592965,0.0837630000000002,5.301178,5.217415,1.0,0,1,1,3.0,2,4,2,1.0,0,1,1,113.901835,48.00367,137.90367,89.9,0
HABJUS,2.9888,1.4246,3.7011,2.2765,6.1084085,1.7789650000000004,6.997891,5.218926,0.5,1,1,0,2.5,3,4,1,1.5,1,2,1,87.2305,101.39634,137.92867,36.53233,0
HAGGUU,3.79505,1.1517,4.3709,3.2192,5.497922,2.8353900000000003,6.915617,4.080227,1.0,2,2,0,1.5,1,2,1,1.0,2,2,0,110.646,147.72934,184.51067,36.78133,0
HAGHAB,4.2829,0.1748000000000003,4.3703,4.1955,5.5117295,2.8059009999999995,6.91468,4.108779,1.0,2,2,0,1.5,1,2,1,1.0,2,2,0,109.64283,145.721,182.50333,36.78233,0
HAGHIJ,2.18505,4.3701,4.3701,0.0,5.555714999999999,2.718198,6.914814,4.196616,1.0,2,2,0,1.5,1,2,1,1.0,2,2,0,108.354335,143.14133,179.925,36.78367,0
HAGWET,1.6922,3.384,3.3842,0.0002,5.798443499999999,1.0495489999999998,6.323218,5.273669,0.5,1,1,0,2.5,1,3,2,2.0,0,2,2,82.86316500000001,31.13566999999999,98.431,67.29533,0
HALHOT,2.483,1.1188000000000002,3.0424,1.9236,4.419594999999999,1.7554819999999998,5.297336,3.541854,1.5,1,2,1,3.5,1,4,3,1.0,0,1,1,189.519335,135.40533,257.222,121.81667,0
HANBOO,2.68695,1.5013000000000003,3.4376,1.9363,6.376382,2.01223,7.382497,5.370267,0.5,1,1,0,2.0,0,2,2,1.0,0,1,1,68.03,42.58134,89.32067,46.73933,0
HAPCOU,1.0862,2.1716,2.172,0.0004,5.398054,0.127154,5.461631,5.334477,1.0,0,1,1,3.0,2,4,2,0.5,1,1,0,118.906,6.89734,122.35467,115.45733,0
HAPQUN,0.83175,1.6621,1.6628,0.0007,5.1049075,5.058413,7.634114,2.575701,0.0,0,0,0,3.0,2,4,2,1.5,1,2,1,190.268835,134.04233000000002,257.29,123.24767,0
HARCAI,2.00555,4.0111,4.0111,0.0,5.1456935,0.4618130000000002,5.3766,4.914787,1.5,1,2,1,2.5,1,3,2,0.5,1,1,0,138.61616500000002,2.2696699999999908,139.751,137.48133,0
HARHIV,2.0052,4.0104,4.0104,0.0,5.644992500000001,0.5360149999999999,5.913,5.376985,1.5,1,2,1,2.5,1,3,2,0.5,1,1,0,147.69083,15.87899999999999,155.63033,139.75133,0
HASXUY,2.05265,4.1053,4.1053,0.0,5.8014635000000006,1.906157,6.754542,4.848385,0.0,0,0,0,4.5,7,8,1,1.0,2,2,0,74.35916499999999,42.92032999999999,95.81933,52.899,0
HAYLAY,3.01925,6.037299999999999,6.0379,0.0006,5.0894095,0.5057390000000002,5.342279,4.83654,1.5,1,2,1,2.5,1,3,2,1.0,2,2,0,116.4415,32.44166,132.66233,100.22067,0
HAYLEC,2.8873,5.7742,5.7744,0.0002,4.799917499999999,1.0840649999999998,5.34195,4.257885,1.5,1,2,1,3.0,2,4,2,1.5,3,3,0,119.74533,25.838000000000008,132.66433,106.82633,0
HAYVOT,3.2665,1.6178000000000003,4.0754,2.4576,5.193887,2.765728,6.576751,3.811023,1.5,3,3,0,3.5,5,6,1,1.0,2,2,0,216.35333,289.468,361.08733,71.61933,0
HEBHOM,0.69605,1.3921,1.3921,0.0,2.912631,4.234432,5.029847,0.795415,2.0,2,3,1,2.5,1,3,2,1.5,1,2,1,178.28467,144.716,250.64267,105.92667,0
HEBHUS,1.5333,0.0774000000000001,1.572,1.4946,5.232725,0.3902520000000002,5.427851,5.037599,2.0,2,3,1,2.0,2,3,1,1.0,0,1,1,165.579165,168.02567000000002,249.592,81.56633,0
HECROZ,1.09335,2.1787,2.1827,0.004,5.8905885,0.5095450000000001,6.145361,5.635816,0.5,1,1,0,3.0,2,4,2,0.5,1,1,0,92.192,2.6799999999999926,93.532,90.852,0
HEDRAL,3.37395,1.1256999999999997,3.9368,2.8111,5.165732,0.6932080000000003,5.512336,4.819128,1.0,0,1,1,3.0,0,3,3,2.0,2,3,1,85.3905,0.5416600000000074,85.66133,85.11967,0
HEDSAM,2.448,0.7263999999999999,2.8112,2.0848,5.1551205,0.7139629999999997,5.512102,4.798139,1.5,1,2,1,2.0,2,3,1,1.5,3,3,0,100.4465,29.56634,115.22967,85.66333,0
HEGHEJ,1.8399,3.6798,3.6798,0.0,4.940682499999999,0.0516490000000002,4.966507,4.914858,1.5,1,2,1,3.0,2,4,2,0.5,1,1,0,144.9505,14.947000000000005,152.424,137.477,0
HEGZUS,3.00605,1.6715,3.8418,2.1703,4.8607105,1.630121,5.675771,4.04565,1.5,1,2,1,3.0,2,4,2,1.0,2,2,0,148.81517,135.909,216.76967,80.86067,0
HEMDOV,5.202,0.6365999999999996,5.5203,4.8837,4.746786,0.782038,5.137805,4.355767,0.0,0,0,0,1.5,1,2,1,1.0,2,2,0,96.55317,75.667,134.38667,58.71967,0
HEMDUB,5.226,0.3498000000000001,5.4009,5.0511,4.989803,0.4890100000000004,5.234308,4.745298,0.0,0,0,0,1.5,1,2,1,1.0,2,2,0,105.18117,92.453,151.40767,58.95467,0
HEMFAJ,3.62295,2.5150999999999994,4.8805,2.3654,4.9116085,0.452363,5.13779,4.685427,0.0,0,0,0,1.5,1,2,1,1.0,2,2,0,105.695335,93.96332999999998,152.677,58.71367,0
HEPQIG,4.3828,2.1262,5.4459,3.3197,5.0933885,0.2193469999999999,5.203062,4.983715,1.0,0,1,1,2.0,0,2,2,0.5,1,1,0,129.932665,47.81066999999999,153.838,106.02733,0
HETFEV,8.43425,8.656099999999999,12.7623,4.1062,5.5184575,2.472369,6.754642,4.282273,0.5,1,1,0,3.5,5,6,1,0.5,1,1,0,142.45983,179.119,232.01933,52.90033,0
HEVMOO,3.3987,1.1242,3.9608,2.8366,6.651455,1.4495019999999998,7.376206,5.926704,0.5,1,1,0,3.0,2,4,2,1.5,1,2,1,70.26183499999999,11.531670000000004,76.02767,64.496,0
HEYVAM,6.5399,4.8254,8.9526,4.1272,5.740646,1.3351799999999994,6.408236,5.073056,0.5,1,1,0,2.0,2,3,1,1.0,2,2,0,135.90617,161.785,216.79867,55.01367,0
HEZSIO,3.8684,0.3373999999999997,4.0371,3.6997,7.712287999999999,1.4312139999999998,8.427895,6.996681,0.0,0,0,0,1.5,1,2,1,1.0,2,2,0,65.79,58.53134000000001,95.05567,36.52433,0
HEZSOU,4.19285,0.3541000000000007,4.3699,4.0158,7.6904755,1.5518390000000002,8.466395,6.914556,0.0,0,0,0,1.5,1,2,1,1.0,2,2,0,53.030165,32.50367,69.282,36.77833,0
HIBFED,0.6348,1.2696,1.2696,0.0,5.7412945,0.1122430000000003,5.797416,5.685173,0.5,1,1,0,1.5,1,2,1,1.5,1,2,1,70.995835,8.421670000000006,75.20667,66.785,0
HIBFON,0.63485,1.2697,1.2697,0.0,6.3108095,1.0275290000000004,6.824574,5.797045,0.5,1,1,0,1.5,1,2,1,1.5,1,2,1,61.476,27.46734,75.20967,47.74233,0
HIBGOP,2.36705,1.8241,3.2791,1.455,5.4803440000000005,0.2312260000000003,5.595957,5.364731,1.0,0,1,1,1.5,1,2,1,1.0,0,1,1,96.7955,4.283659999999998,98.93733,94.65367,0
HIBKAE,1.19985,0.8598999999999999,1.6298,0.7699,5.514891,1.0175159999999996,6.023649,5.006133,1.5,3,3,0,4.5,3,6,3,2.5,1,3,2,171.22483499999998,150.65633,246.553,95.89667,0
HIBKEI,3.22825,4.488099999999999,5.4723,0.9842,5.4604585,1.0647589999999996,5.992838,4.928079,1.0,2,2,0,4.0,2,5,3,2.0,0,2,2,158.737165,80.01833,198.74633,118.728,0
HICTOD,0.46,0.92,0.92,0.0,5.3069310000000005,0.3044479999999998,5.459155,5.154707,0.5,1,1,0,3.0,2,4,2,1.0,2,2,0,93.930665,26.54066999999999,107.201,80.66033,0
HICZIF01,4.0781,1.2812,4.7187,3.4375,5.865945,0.99207,6.36198,5.36991,0.5,1,1,0,4.5,5,7,2,2.5,3,4,1,93.76833,8.896,98.21633,89.32033,0
HICZIF,3.39205,0.0912999999999999,3.4377,3.3464,6.2690625,1.7983149999999997,7.16822,5.369905,0.5,1,1,0,4.5,5,7,2,2.5,3,4,1,93.965,9.288659999999991,98.60933,89.32067,1
HIDQUI,2.3637,1.8556,3.2915,1.4359,4.438096,0.5578000000000003,4.716996,4.159196,1.5,1,2,1,3.5,1,4,3,1.0,2,2,0,163.334,73.01600000000002,199.842,126.826,0
HIDRAP,3.0664,0.4479999999999999,3.2904,2.8424,4.487857,0.6572659999999999,4.81649,4.159224,1.5,1,2,1,3.5,1,4,3,1.0,2,2,0,163.46550000000002,73.28234,200.10667,126.82433,0
HIDRET,2.1961500000000003,2.1881,3.2902,1.1021,4.462899,0.6073940000000002,4.766596,4.159202,1.5,1,2,1,3.5,1,4,3,1.0,2,2,0,163.629835,73.61033,200.435,126.82467,0
HIFRUN,3.0211,1.8868,3.9645,2.0777,5.5973625,0.6567030000000003,5.925714,5.269011,1.0,0,1,1,2.5,1,3,2,1.5,1,2,1,87.2265,22.381,98.417,76.036,0
HILJAP,1.4391500000000002,2.8777,2.878,0.0003,6.424139,2.52384,7.686059,5.162219,1.0,2,2,0,2.0,0,2,2,0.5,1,1,0,91.335165,86.46767,134.569,48.10133,0
HIMGAL,1.39935,2.7955,2.7971,0.0016,6.098246,0.1366400000000007,6.166566,6.029926,1.0,0,1,1,2.0,2,3,1,1.5,3,3,0,82.07833500000001,8.96333,86.56,77.59667,0
HIMGEP,2.4615,0.1365999999999996,2.5298,2.3932,5.9790335,0.2838029999999998,6.120935,5.837132,1.0,0,1,1,2.0,2,3,1,1.5,3,3,0,89.226665,5.218670000000003,91.836,86.61733,0
HIQFOG,5.22445,3.9035,7.1762,3.2727,5.054231,0.6132439999999999,5.360853,4.747609,2.0,2,3,1,2.5,1,3,2,1.0,2,2,0,138.511,50.55734,163.78967,113.23233,0
HIQFUM,3.3120000000000003,2.4964,4.5602,2.0638,5.0705525,0.6525850000000002,5.396845,4.74426,2.0,2,3,1,2.5,1,3,2,1.0,2,2,0,137.62383,50.51100000000001,162.87933,112.36833,0
HIQGAT,4.01515,1.0904999999999996,4.5604,3.4699,5.07878,0.6360080000000004,5.396784,4.760776,2.0,2,3,1,2.5,1,3,2,1.0,2,2,0,137.469,50.19800000000001,162.568,112.37,1
HIQGEX,3.2475500000000004,2.6259,4.5605,1.9346,4.5146135,1.7640309999999997,5.396629,3.632598,2.0,2,3,1,2.0,2,3,1,1.0,2,2,0,145.117165,65.49567,177.865,112.36933,0
HIQHAU,2.4453500000000004,4.8903,4.8905,0.0002,4.6049145000000005,1.5455910000000004,5.37771,3.832119,1.5,1,2,1,3.5,1,4,3,0.5,1,1,0,148.112335,42.59467000000001,169.40967,126.815,0
HIQMAX,2.02085,2.4161,3.2289,0.8128,6.408599000000001,2.157614,7.487406,5.329792,0.5,1,1,0,2.5,3,4,1,1.5,1,2,1,93.17567,56.772000000000006,121.56167,64.78967,0
HIQMOL,2.86275,0.7305000000000001,3.228,2.4975,6.416494,2.174138,7.503563,5.329425,0.5,1,1,0,2.5,3,4,1,1.5,1,2,1,87.049835,69.03032999999999,121.565,52.53467,0
HIQQEF,5.24565,2.6503,6.5708,3.9205,5.4500265,2.8620970000000003,6.881075,4.018978,0.5,1,1,0,3.5,5,6,1,1.0,0,1,1,154.410165,228.84433,268.83233,39.988,0
HIQRIK,1.6148,3.2246,3.2271,0.0025,5.329395,0.00035,5.32957,5.32922,0.5,1,1,0,2.5,3,4,1,1.5,1,2,1,94.942,53.246,121.565,68.319,0
HIQROQ,1.6141,3.2272,3.2277,0.0005,6.4776775,2.297353,7.626354,5.329001,0.5,1,1,0,2.5,3,4,1,1.5,1,2,1,131.668,20.204660000000004,141.77033,121.56567,0
HIQRUW,1.61385,3.2277,3.2277,0.0,6.472256,2.285558,7.615035,5.329477,0.5,1,1,0,2.5,3,4,1,1.5,1,2,1,118.692,5.746660000000006,121.56533,115.81867,0
HIQSAD,3.17855,0.0990999999999999,3.2281,3.129,6.478581999999999,2.2987779999999995,7.627971,5.329193,0.5,1,1,0,2.5,3,4,1,1.5,1,2,1,112.240335,18.65267,121.56667,102.914,0
HIQSEH,1.6139,3.2278,3.2278,0.0,6.472417999999999,2.286682,7.615759,5.329077,0.5,1,1,0,2.5,3,4,1,1.5,1,2,1,105.801665,31.53467000000001,121.569,90.03433,0
HIQSIL,1.6145,3.2286,3.2288,0.0002,6.4044905,2.149817,7.479399,5.329582,0.5,1,1,0,2.5,3,4,1,1.5,1,2,1,93.08867,56.95800000000001,121.56767,64.60967,0
HIRWOV,3.90355,0.4034999999999997,4.1053,3.7018,6.8753095,0.2417290000000003,6.996174,6.754445,0.0,0,0,0,1.0,0,1,1,1.0,2,2,0,44.714835,16.370329999999996,52.9,36.52967,0
HISRAC,1.7483499999999998,0.1664999999999998,1.8316,1.6651,5.6130025,2.621175,6.92359,4.302415,0.5,1,1,0,3.5,5,6,1,1.5,3,3,0,113.75967,122.24599999999998,174.88267,52.63667,0
HISRIM,2.3685,4.737,4.737,0.0,4.18061,1.1944399999999995,4.77783,3.58339,2.5,1,3,2,5.0,6,8,2,2.0,4,4,0,197.19467,47.08600000000001,220.73767,173.65167,0
HITQUA,2.6171,0.2185999999999999,2.7264,2.5078,4.828274,0.2049539999999998,4.930751,4.725797,1.0,0,1,1,3.0,2,4,2,0.5,1,1,0,102.330835,19.33032999999999,111.996,92.66567,0
HIVPIL,4.71725,1.2220999999999993,5.3283,4.1062,5.236564,3.035932,6.75453,3.718598,1.0,2,2,0,5.5,9,10,1,2.0,4,4,0,195.78467,285.76800000000003,338.66867,52.90067,0
HIYCAT,3.12015,0.3057000000000003,3.273,2.9673,4.851609,0.2085460000000001,4.955882,4.747336,2.5,1,3,2,2.0,0,2,2,1.0,2,2,0,159.54483499999998,8.49767,163.79367,155.296,0
HMTHQU,0.00015,0.0003,0.0003,0.0,5.6501505000000005,0.989731,6.145016,5.155285,0.5,1,1,0,3.0,2,4,2,1.0,2,2,0,87.094,12.88600000000001,93.537,80.651,0
HOCCEJ,2.67995,5.3597,5.3598,0.0001,5.2073265,0.092753,5.253703,5.16095,1.5,1,2,1,3.0,2,4,2,1.0,2,2,0,141.485165,13.75367,148.362,134.60833,0
HOCCOT,4.86485,2.8551,6.2924,3.4373,5.308952,0.1216160000000003,5.36976,5.248144,1.0,0,1,1,3.0,2,4,2,1.5,1,2,1,118.855165,59.07033000000001,148.39033,89.32,0
HODLES,1.2649,2.5294,2.5296,0.0002,5.945335,0.216164,6.053417,5.837253,0.5,1,1,0,3.5,1,4,3,1.5,3,3,0,116.970165,60.70567000000001,147.323,86.61733,0
HOFYOT,2.9734,0.9284000000000004,3.4376,2.5092,6.3964490000000005,2.0532960000000005,7.423097,5.369801,0.5,1,1,0,3.0,2,4,2,1.5,1,2,1,96.01583,13.391000000000004,102.71133,89.32033,0
HOFYUZ,3.28175,0.3134999999999999,3.4385,3.125,6.496533,2.25324,7.623153,5.369913,0.5,1,1,0,3.0,2,4,2,1.5,1,2,1,109.05283,39.46300000000001,128.78433,89.32133,0
HOFZAG,1.7188500000000002,3.4375,3.4376,0.0001,6.498359,2.2566620000000004,7.62669,5.370028,0.5,1,1,0,3.0,2,4,2,1.5,1,2,1,115.542835,52.44632999999999,141.766,89.31967,0
HOGFEQ,2.77815,1.1423,3.3493,2.207,5.0033545,0.5946210000000001,5.300665,4.706044,1.0,0,1,1,2.5,1,3,2,1.5,1,2,1,93.63617,7.464999999999989,97.36867,89.90367,0
HOGFIU,2.6046500000000004,1.4883000000000002,3.3488,1.8605,6.4417335,2.281795,7.582631,5.300836,0.5,1,1,0,3.0,2,4,2,1.5,1,2,1,77.001,25.808660000000003,89.90533,64.09667,0
HOGFOA,1.6748,3.3496,3.3496,0.0,5.3152175,0.0289409999999996,5.329688,5.300747,0.5,1,1,0,3.0,2,4,2,1.5,1,2,1,79.109835,21.58833,89.904,68.31567,0
HOGFUG,1.6748,3.3496,3.3496,0.0,6.4581165,2.314397,7.615315,5.300918,0.5,1,1,0,3.0,2,4,2,1.5,1,2,1,89.9685,0.126339999999999,90.03167,89.90533,0
HOGGER,1.754,3.1908000000000003,3.3494,0.1586,6.351274999999999,2.100998,7.401774,5.300776,0.5,1,1,0,3.0,2,4,2,1.5,1,2,1,82.947335,13.92067,89.90767,75.987,0
HOGGUH,2.9236500000000003,0.8527,3.35,2.4973,6.40213,2.2027080000000003,7.503484,5.300776,0.5,1,1,0,3.0,2,4,2,1.5,1,2,1,71.21950000000001,37.367,89.903,52.536,0
HOGJIZ,2.7112,0.274,2.8482,2.5742,5.842593,2.88933,7.287258,4.397928,1.0,2,2,0,3.5,1,4,3,1.5,1,2,1,142.327,132.97134,208.81267,75.84133,0
HOGJOF,2.27035,0.6075000000000002,2.5741,1.9666,4.8346315,0.8731070000000001,5.271185,4.398078,1.0,2,2,0,3.5,1,4,3,1.5,1,2,1,144.917835,127.79433,208.815,81.02067,0
HOGLEX,0.6848,1.3692,1.3694,0.0002,4.753718,1.1163340000000002,5.311885,4.195551,1.5,1,2,1,1.5,1,2,1,0.5,1,1,0,151.452335,57.034670000000006,179.96967,122.935,0
HOGLIB,0.7232,1.4464,1.4464,0.0,4.667419000000001,0.9450440000000002,5.139941,4.194897,1.5,1,2,1,1.5,1,2,1,0.5,1,1,0,163.97767,31.988,179.97167,147.98367,0
HOJKEY,0.2853,0.5700000000000001,0.5703,0.0003,5.543023,0.401148,5.743597,5.342449,1.0,2,2,0,4.0,4,6,2,1.0,2,2,0,146.491165,27.67167000000001,160.327,132.65533,0
HOJLIC,4.09165,0.7823000000000002,4.4828,3.7005,6.990933999999999,0.0114460000000002,6.996657,6.985211,0.0,0,0,0,1.0,0,1,1,2.0,0,2,2,45.89917,18.741,55.26967,36.52867,0
HOLHIC,5.950749999999999,3.4837,7.6926,4.2089,5.767984,1.951664,6.743816,4.792152,0.0,0,0,0,5.0,2,6,4,3.0,2,4,2,147.370665,188.53067,241.636,53.10533,0
HOLJAU03,2.6784,0.3422,2.8495,2.5073,5.1433685,0.4248390000000004,5.355788,4.930949,1.0,0,1,1,2.0,0,2,2,0.5,1,1,0,91.9515,1.4256600000000077,92.66433,91.23867,0
HOLWAI01,2.92345,1.9133,3.8801,1.9668,5.142272,0.2579039999999999,5.271224,5.01332,0.0,0,0,0,4.0,0,4,4,1.0,2,2,0,107.273665,52.51066999999999,133.529,81.01833,0
HOLWAI02,2.4244,2.9112,3.88,0.9688,5.169342,0.3140679999999998,5.326376,5.012308,0.0,0,0,0,4.0,0,4,4,1.0,2,2,0,107.105,52.85065999999999,133.53033,80.67967,0
HOLWAI,2.4406,2.9426,3.9119,0.9693,5.1764755000000005,0.2999830000000001,5.326467,5.026484,0.0,0,0,0,4.0,0,4,4,1.0,2,2,0,107.0965,52.83766,133.51533,80.67767,0
HOLWOW,2.93975,1.9447,3.9121,1.9674,5.148694000000001,0.2445019999999997,5.270945,5.026443,0.0,0,0,0,4.0,0,4,4,1.0,2,2,0,107.268335,52.49533,133.516,81.02067,1
HOMZAM,2.8302,2.55,4.1052,1.5552,5.975272,1.5584999999999996,6.754522,5.196022,1.0,2,2,0,3.0,4,5,1,1.0,2,2,0,104.138165,102.47633,155.37633,52.9,0
HONFEX,2.5375,0.9051999999999998,2.9901,2.0849,5.110838,0.6253919999999997,5.423534,4.798142,1.5,1,2,1,2.0,2,3,1,0.5,1,1,0,120.370165,10.27967000000001,125.51,115.23033,0
HONFIB,2.0824,0.0055999999999998,2.0852,2.0796,5.0334895,0.4710389999999993,5.269009,4.79797,1.5,1,2,1,2.0,2,3,1,1.0,2,2,0,106.824,16.81066,115.22933,98.41867,1
HONSOT,1.04325,2.0865,2.0865,0.0,5.081281000000001,0.4101360000000005,5.286349,4.876213,1.0,0,1,1,2.5,1,3,2,1.0,2,2,0,78.0715,37.62034,96.88167,59.26133,0
HONTAG,2.4516,0.7426000000000004,2.8229,2.0803,5.268159,0.0007359999999998,5.268527,5.267791,1.5,1,2,1,2.0,2,3,1,1.0,2,2,0,118.883165,40.92567,139.346,98.42033,0
HONTEK,1.0409,2.0818,2.0818,0.0,5.277404,0.0181620000000002,5.286485,5.268323,1.0,0,1,1,2.5,1,3,2,1.0,2,2,0,78.84233,39.158,98.42133,59.26333,0
HONTIO,1.03925,2.0783,2.0784,0.0001,5.3654615,0.1926649999999998,5.461794,5.269129,1.0,0,1,1,2.5,1,3,2,1.0,2,2,0,106.9365,17.041659999999993,115.45733,98.41567,0
HONTOU,1.8873,1.873,2.8238,0.9508,5.07973,0.3736699999999997,5.266565,4.892895,1.5,1,2,1,2.0,2,3,1,1.0,2,2,0,118.12383,42.461,139.35433,96.89333,0
HONTUA,1.42925,2.8583,2.8584,0.0001,5.406198,1.0152719999999995,5.913834,4.898562,1.5,1,2,1,2.5,1,3,2,1.0,2,2,0,126.28300000000002,58.7,155.633,96.933,0
HONVAI,1.70095,3.3991,3.4005,0.0014,5.1282585,0.4282570000000003,5.342387,4.91413,1.5,1,2,1,2.5,1,3,2,1.0,2,2,0,114.813665,35.68733,132.65733,96.97,0
HONVIQ,1.7004,3.4004,3.4006,0.0002,5.187773,0.5481359999999995,5.461841,4.913705,1.0,0,1,1,2.5,1,3,2,1.0,2,2,0,106.213665,18.48133,115.45433,96.973,0
HONVOW,2.0028,4.005199999999999,4.0054,0.0002,4.256913,0.1246279999999995,4.319227,4.194599,2.0,0,2,2,2.5,1,3,2,1.0,2,2,0,167.73000000000002,24.520659999999992,179.99033,155.46967,0
HONVUC,1.6929500000000002,3.3857,3.3858,0.0001,4.7339915,1.0779110000000005,5.272947,4.195036,1.5,1,2,1,2.5,1,3,2,1.0,2,2,0,139.20882999999998,81.547,179.98233,98.43533,0
HONWAJ,1.7005,3.401,3.401,0.0,4.5548075,0.7178450000000005,4.91373,4.195885,1.5,1,2,1,2.5,1,3,2,1.0,2,2,0,138.46949999999998,82.99366,179.96633,96.97267,0
HOQGIF,1.8779,3.7554,3.7556,0.0002,6.5508925,1.7003469999999998,7.401066,5.700719,0.0,0,0,0,4.0,0,4,4,1.5,1,2,1,65.28616500000001,2.0016700000000043,66.287,64.28533,0
HOQGUR,3.25505,1.0006999999999997,3.7554,2.7547,6.5181035000000005,1.6336149999999998,7.334911,5.701296,0.0,0,0,0,4.0,0,4,4,1.5,1,2,1,78.07816500000001,23.58833,89.87233,66.284,0
HOQSEO,1.06915,1.0983,1.6183,0.52,7.066287,0.7775700000000008,7.455072,6.677502,0.0,0,0,0,2.0,0,2,2,1.0,2,2,0,55.355165,79.67567,95.193,15.51733,0
HOSSOA,1.4066,2.8092,2.8112,0.002,5.8292465,0.6332930000000001,6.145893,5.5126,0.5,1,1,0,3.5,1,4,3,1.5,3,3,0,89.60117,7.881,93.54167,85.66067,0
HOTGOP,8.0816,2.7478000000000007,9.4555,6.7077,4.0076745,0.626897,4.321123,3.694226,1.0,0,1,1,2.5,1,3,2,1.0,2,2,0,185.749,102.13466,236.81633,134.68167,0
HOVLEJ,3.2714,3.1340000000000003,4.8384,1.7044,4.9233275,0.3281170000000006,5.087386,4.759269,0.0,0,0,0,2.5,1,3,2,0.5,1,1,0,80.271835,39.01767,99.78067,60.763,0
HOWLAH,1.38215,2.7643,2.7643,0.0,4.875287999999999,0.532324,5.14145,4.609126,1.0,0,1,1,4.0,0,4,4,1.0,2,2,0,138.7755,18.300999999999988,147.926,129.625,0
HOWXAV,0.00015,0.0001,0.0002,0.0001,4.4865245,1.3098989999999997,5.141474,3.831575,1.5,1,2,1,4.0,0,4,4,1.0,2,2,0,141.74683,55.338999999999984,169.41633,114.07733,0
HOWZIF,5e-05,0.0001,0.0001,0.0,5.5838695000000005,0.8860429999999999,6.026891,5.140848,1.5,1,2,1,3.0,2,4,2,1.0,2,2,0,134.244335,40.32133,154.405,114.08367,0
HOXBOO,5e-05,0.0001,0.0001,0.0,4.6687575,0.945499,5.141507,4.196008,1.5,1,2,1,3.0,2,4,2,1.0,2,2,0,147.005835,65.85967,179.93567,114.076,0
HOXHAE,0.02435,0.0481,0.0484,0.0003,5.6557125,0.6262310000000006,5.968828,5.342597,1.0,2,2,0,2.5,1,3,2,1.0,2,2,0,102.652165,60.01033,132.65733,72.647,0
HOZBOO,1.25365,2.5069,2.5071,0.0002,5.130648,0.3998699999999999,5.330583,4.930713,0.5,1,1,0,3.0,2,4,2,1.0,2,2,0,80.4915,24.35365999999999,92.66833,68.31467,0
HUFZUE,2.27755,4.5531,4.5541,0.001,4.812492,3.5206,6.572792,3.052192,0.0,0,0,0,2.5,3,4,1,1.5,1,2,1,117.77333,8.168000000000006,121.85733,113.68933,0
HUHDUK01,0.66155,1.3223,1.3227,0.0004,4.5634845,0.736745,4.931857,4.195112,1.5,1,2,1,3.0,2,4,2,1.5,3,3,0,142.399,75.15934,179.97867,104.81933,1
HUHQUZ,3.343,1.1412,3.9136,2.7724,5.316718,0.5792159999999997,5.606326,5.02711,0.5,1,1,0,5.0,2,6,4,1.5,3,3,0,133.80683,0.575000000000017,134.09433,133.51933,0
HUJQEL,1.5781,0.7132000000000001,1.9347,1.2215,4.680899,2.0966880000000003,5.729243,3.632555,2.0,2,3,1,1.0,0,1,1,0.5,1,1,0,152.995335,49.73467000000002,177.86267,128.128,0
HUJQIP,1.6375000000000002,0.5940000000000001,1.9345,1.3405,4.651142999999999,2.036454,5.66937,3.632916,2.0,2,3,1,1.0,0,1,1,0.5,1,1,0,152.93883499999998,49.839669999999984,177.85867,128.019,0
HUNJEH,4.1104,2.3472,5.284,2.9368,5.2056395,0.4314289999999996,5.421354,4.989925,0.5,1,1,0,4.5,1,5,4,0.5,1,1,0,160.143165,75.76433,198.02533,122.261,0
HUNWUI,3.03665,3.4357,4.7545,1.3188,6.397975000000001,1.2311120000000004,7.013531,5.782419,0.0,0,0,0,5.0,0,5,5,1.0,2,2,0,105.609835,92.04167,151.63067,59.589,0
HUNXAP,3.2717,2.9648000000000003,4.7541,1.7893,5.669434000000001,0.2264840000000001,5.782676,5.556192,0.5,1,1,0,5.0,0,5,5,1.0,2,2,0,128.901335,138.62333,198.213,59.58967,0
HUSVIA,0.0001999999999999,0.0001999999999999,0.0003,0.0001,5.122016,0.4143720000000002,5.329202,4.91483,1.0,2,2,0,3.0,2,4,2,1.0,2,2,0,102.8965,69.15834000000001,137.47567,68.31733,1
HUVGIQ,0.00015,0.0003,0.0003,0.0,6.230741999999999,2.497412,7.479448,4.982036,0.5,1,1,0,4.0,0,4,4,1.0,2,2,0,121.3145,113.41166,178.02033,64.60867,0
HUVGOW,0.00065,0.0005,0.0009,0.0004,4.790528,0.38171,4.981383,4.599673,1.5,1,2,1,3.0,2,4,2,1.0,2,2,0,171.15017,13.757000000000003,178.02867,164.27167,0
HYDETH,1.8316,0.2457999999999998,1.9545,1.7087,7.336507,0.5658580000000004,7.619436,7.053578,0.0,0,0,0,1.5,1,2,1,1.5,1,2,1,28.595335,10.87867,34.03467,23.156,0
IBIYOJ,1.46715,2.9339,2.9341,0.0002,5.4037655,0.1671149999999999,5.487323,5.320208,0.0,0,0,0,2.0,0,2,2,0.0,0,0,0,84.17099999999999,1.0386600000000072,84.69033,83.65167,0
IBIYUP,1.4691,2.93,2.9341,0.0041,5.8164525000000005,0.6579489999999995,6.145427,5.487478,0.0,0,0,0,3.0,2,4,2,0.0,0,0,0,88.594165,9.88767,93.538,83.65033,0
IBUBAM,2.0242,1.82,2.9342,1.1142,5.6261085,0.2770749999999999,5.764646,5.487571,0.0,0,0,0,1.5,1,2,1,0.0,0,0,0,85.32633,3.3499999999999943,87.00133,83.65133,0
ICEBOK,3.80065,0.2248999999999998,3.9131,3.6882,4.9020335,0.2508669999999995,5.027467,4.7766,0.5,1,1,0,4.0,0,4,4,1.5,3,3,0,123.353165,20.32833,133.51733,113.189,0
ICOVEF,3.51145,1.7205,4.3717,2.6512,5.347872000000001,3.1357860000000004,6.915765,3.779979,1.0,2,2,0,2.0,2,3,1,2.0,0,2,2,95.722665,117.88333,154.66433,36.781,0
IDAPUZ,0.832,1.664,1.664,0.0,6.45883,2.345566,7.631613,5.286047,0.5,1,1,0,2.0,0,2,2,0.5,1,1,0,104.24383,89.96300000000002,149.22533,59.26233,0
IDAQAG,0.7888,1.5776,1.5776,0.0,6.4586495,2.344349,7.630824,5.286475,0.5,1,1,0,2.0,0,2,2,0.5,1,1,0,110.755165,102.98967,162.25,59.26033,0
IDELIO,3.60215,0.1986999999999996,3.7015,3.5028,5.9941095,2.006101,6.99716,4.991059,1.0,2,2,0,1.5,1,2,1,1.0,2,2,0,88.90299999999999,104.75,141.278,36.528,0
IDOHAN,3.17195,1.9780999999999995,4.161,2.1829,4.6077755,2.0560089999999995,5.63578,3.579771,1.0,0,1,1,4.0,4,6,2,1.5,1,2,1,181.414835,181.12567,271.97767,90.852,0
IDUBUF,0.6615000000000001,1.3206,1.3218,0.0012,5.1372625,0.4107469999999997,5.342636,4.931889,1.5,1,2,1,3.0,2,4,2,1.5,3,3,0,118.73967,27.838,132.65867,104.82067,0
IDUTUX,1.29285,2.5843,2.585,0.0007,6.579275,0.8679459999999999,7.013248,6.145302,0.0,0,0,0,3.0,2,4,2,0.5,1,1,0,99.6975,12.330339999999993,105.86267,93.53233,0
IFABUN,0.00055,0.0009,0.001,0.0001,6.484636999999999,2.283798,7.626536,5.342738,1.0,2,2,0,3.0,2,4,2,1.0,2,2,0,137.21067,9.114000000000004,141.76767,132.65367,0
IFACUO,2.73735,2.8685,4.1716,1.3031,5.4023545,1.0227589999999998,5.913734,4.890975,1.0,0,1,1,4.0,2,5,3,1.5,1,2,1,108.3835,3.3190000000000026,110.043,106.724,0
IFEFOR,2.38515,0.3593000000000002,2.5648,2.2055,4.759985,0.1050519999999997,4.812511,4.707459,1.0,0,1,1,3.0,0,3,3,1.5,1,2,1,147.522835,100.30433,197.675,97.37067,0
IFEGAE,2.9171,3.2088,4.5215,1.3127,4.572056,0.361612,4.752862,4.39125,1.0,0,1,1,3.0,0,3,3,1.5,1,2,1,135.0155,61.67700000000001,165.854,104.177,0
IFUQAC,1.2139,2.4278,2.4278,0.0,6.342745,2.362748,7.524119,5.161371,1.0,2,2,0,2.5,1,3,2,0.5,1,1,0,91.507665,86.20467000000002,134.61,48.40533,0
IJAHOR,2.46905,1.6732999999999998,3.3057,1.6324,6.1108915,2.777289,7.499536,4.722247,1.0,2,2,0,3.0,4,5,1,1.5,1,2,1,115.635835,138.55767,184.91467,46.357,0
IJEZUT,3.8669,0.0908000000000002,3.9123,3.8215,4.640025,0.7736340000000004,5.026842,4.253208,0.5,1,1,0,3.5,1,4,3,1.0,2,2,0,136.253,5.467340000000007,138.98667,133.51933,0
IKANAK,4.30055,2.0541000000000005,5.3276,3.2735,4.302192,0.8904460000000003,4.747415,3.856969,2.5,1,3,2,4.5,5,7,2,1.0,2,2,0,180.032335,32.476669999999984,196.27067,163.794,0
IMIGAO,3.38205,1.4890999999999996,4.1266,2.6375,4.9728785,2.870731,6.408244,3.537513,0.5,1,1,0,2.0,2,3,1,0.5,1,1,0,132.326835,154.62633,209.64,55.01367,0
INACOQ,2.7405,5.478199999999999,5.4796,0.0014,4.9314295,1.4574490000000004,5.660154,4.202705,1.5,1,2,1,7.0,2,8,6,2.0,2,3,1,167.596,67.00734,201.09967,134.09233,0
INEXIJ,0.0003,0.0002,0.0004,0.0002,6.840061,1.5729680000000004,7.626545,6.053577,0.0,0,0,0,4.0,0,4,4,1.0,2,2,0,144.54733,5.549999999999983,147.32233,141.77233,0
IPAYIK,2.97655,1.2397,3.5964,2.3567,4.775667,0.8241240000000003,5.187729,4.363605,1.5,1,2,1,5.0,2,6,4,1.5,1,2,1,179.4635,65.98965999999999,212.45833,146.46867,0
IPEKUM,3.2368,2.2756,4.3746,2.099,6.14637,2.964506,7.628623,4.664117,0.0,0,0,0,1.5,1,2,1,0.5,1,1,0,54.328165,10.51433,59.58533,49.071,0
IPEPEB,1.6352,3.2704,3.2704,0.0,4.025784,1.1657399999999996,4.608654,3.442914,2.0,2,3,1,3.5,1,4,3,0.5,1,1,0,200.45383,105.073,252.99033,147.91733,0
IPEVEF,0.92995,1.8545,1.8572,0.0027,6.815476,1.3423419999999997,7.486647,6.144305,0.0,0,0,0,3.0,2,4,2,0.5,1,1,0,91.782335,3.5093300000000056,93.537,90.02767,0
IPEVIJ,0.709,1.4162,1.4171,0.0009,5.870603,0.5470939999999995,6.14415,5.597056,0.5,1,1,0,3.0,2,4,2,0.5,1,1,0,92.549,1.970000000000013,93.534,91.564,0
IPEVOP01,1.34935,2.6949,2.6968,0.0019,5.820411,0.6529380000000007,6.14688,5.493942,0.5,1,1,0,3.0,2,4,2,0.5,1,1,0,99.77667,12.5,106.02667,93.52667,0
IPEVUV,1.3478,2.6854,2.6905,0.0051,5.3289005,1.6240110000000003,6.140906,4.516895,0.5,1,1,0,3.0,2,4,2,0.5,1,1,0,111.25467,35.406000000000006,128.95767,93.55167,1
IPUCAA,4.7042,5.0962,7.2523,2.1561,5.835692,1.289192,6.480288,5.191096,0.5,1,1,0,2.5,1,3,2,1.5,1,2,1,102.645,83.488,144.389,60.901,0
IPUYEZ,3.934,2.2322,5.0501,2.8179,5.0264015,0.7611669999999995,5.406985,4.645818,1.0,0,1,1,3.5,3,5,2,1.5,1,2,1,113.98917,48.47500000000001,138.22667,89.75167,0
IPUYID,2.4385000000000003,3.763,4.32,0.557,5.748714,2.219024,6.858226,4.639202,0.5,1,1,0,3.0,4,5,1,2.0,0,2,2,87.43933,101.53799999999998,138.20833,36.67033,0
IQUNUE,2.665,5.33,5.33,0.0,5.727511,2.446162,6.950592,4.50443,1.0,2,2,0,3.5,3,5,2,0.0,0,0,0,150.014665,184.63667,242.333,57.69633,0
IRAMEV01,3.2791,6.558,6.5581,0.0001,5.831575,3.2942219999999995,7.478686,4.184464,1.0,2,2,0,4.0,0,4,4,1.5,1,2,1,135.2335,141.24434000000002,205.85567,64.61133,0
IROMAF,1.74245,3.4847,3.4848,0.0001,4.876218,0.5699680000000003,5.161202,4.591234,2.0,0,2,2,4.5,5,7,2,1.5,3,3,0,172.1605,75.09565999999998,209.70833,134.61267,0
IRUDOP,1.34955,1.6153,2.1572,0.5419,4.5257965,0.3948970000000003,4.723245,4.328348,0.5,1,1,0,2.5,1,3,2,1.5,1,2,1,113.9735,15.19166,121.56933,106.37767,0
IRUFIL,0.9391,1.4986,1.6884,0.1898,4.6388615,0.1738409999999994,4.725782,4.551941,0.5,1,1,0,2.5,1,3,2,1.5,1,2,1,106.515335,30.03533,121.533,91.49767,0
IRUGEI,1.69705,0.0141,1.7041,1.69,4.7426845,0.0335710000000002,4.75947,4.725899,0.5,1,1,0,2.5,1,3,2,1.5,1,2,1,91.149335,60.76733,121.533,60.76567,0
IRUGIM,1.0169,1.3756000000000002,1.7047,0.3291,4.9478455,0.3776909999999995,5.136691,4.759,0.5,1,1,0,2.5,1,3,2,1.5,1,2,1,75.002,28.47334,89.23867,60.76533,0
ISIJAW,2.887,1.1021999999999998,3.4381,2.3359,6.3944975,2.048909,7.418952,5.370043,0.5,1,1,0,3.0,2,4,2,1.5,1,2,1,109.304665,39.96866999999999,129.289,89.32033,0
ISIJEA,2.87585,1.1214999999999995,3.4366,2.3151,6.3956105,2.051735,7.421478,5.369743,0.5,1,1,0,3.0,2,4,2,1.5,1,2,1,96.333165,14.02033,103.34333,89.323,0
ITAQEC,2.12895,0.1741000000000001,2.216,2.0419,5.005499,0.4473899999999995,5.229194,4.781804,1.0,0,1,1,4.0,2,5,3,1.0,0,1,1,143.240835,15.346329999999996,150.914,135.56767,0
ITAQOM,1.7208,0.2375999999999998,1.8396,1.602,5.6718595,0.920503,6.132111,5.211608,1.0,0,1,1,2.5,1,3,2,1.0,0,1,1,118.304165,33.94032999999999,135.27433,101.334,0
ITARIH,1.1087,2.217,2.2172,0.0002,6.4268535,2.3965890000000005,7.625148,5.228559,0.5,1,1,0,3.5,1,4,3,1.5,1,2,1,150.85066999999998,30.54400000000001,166.12267,135.57867,0
ITIGEY,2.7735,1.0,3.2735,2.2735,5.1456555,0.7952089999999998,5.54326,4.748051,2.0,2,3,1,2.5,1,3,2,1.5,3,3,0,131.91333,63.75200000000001,163.78933,100.03733,0
ITIQIL,1.0516,2.1002,2.1017,0.0015,5.637964500000001,0.5908249999999997,5.933377,5.342552,1.5,1,2,1,2.0,0,2,2,1.0,2,2,0,112.87267,39.55399999999999,132.64967,93.09567,1
ITOXUL,4.18545,1.5557000000000003,4.9633,3.4076,4.385814,0.3062360000000002,4.538932,4.232696,2.5,3,4,1,2.0,0,2,2,0.5,1,1,0,190.025,121.3,250.675,129.375,0
IVEMOO,2.1343,4.268,4.2683,0.0003,4.6978015,1.288741,5.342172,4.053431,1.5,1,2,1,3.0,2,4,2,1.0,2,2,0,145.860335,26.39332999999999,159.057,132.66367,0
IVEPAD,3.5065,2.4684000000000004,4.7407,2.2723,5.188568500000001,1.8202310000000008,6.098684,4.278453,1.0,0,1,1,2.0,2,3,1,1.0,2,2,0,101.77167,75.55200000000002,139.54767,63.99567,0
IVORAO,3.2089,2.747,4.5824,1.8354,5.522005,2.7946880000000007,6.919349,4.124661,0.5,1,1,0,2.5,3,4,1,2.0,4,4,0,94.56533,83.868,136.49933,52.63133,0
IVORUI,3.68945,1.7851,4.582,2.7969,5.145205000000001,2.04122,6.165815,4.124595,1.0,0,1,1,2.5,3,4,1,2.0,4,4,0,107.044665,58.90467000000001,136.497,77.59233,0
IWARON,1.7592,0.6516,2.085,1.4334,4.6186965,0.3585830000000003,4.797988,4.439405,3.0,2,4,2,1.5,1,2,1,1.0,2,2,0,185.757335,141.05933,256.287,115.22767,0
IWARUT,1.6094499999999998,0.3512999999999999,1.7851,1.4338,4.6449945,0.4126349999999998,4.851312,4.438677,3.0,2,4,2,1.5,1,2,1,1.0,2,2,0,193.578835,125.42632999999998,256.292,130.86567,1
IWASEE,1.50425,0.1443000000000001,1.5764,1.4321,4.5407915,0.2026070000000004,4.642095,4.439488,3.0,2,4,2,1.5,1,2,1,1.0,2,2,0,192.46,127.63866000000002,256.27933,128.64067,0
IWOQES01,2.7137,1.257,3.3422,2.0852,6.228471,2.861946,7.659444,4.797498,1.0,2,2,0,2.5,3,4,1,1.5,3,3,0,77.25,75.95133999999999,115.22567,39.27433,0
IWUHEN,2.5989,5.1978,5.1978,0.0,5.935866000000001,2.025244,6.948488,4.923244,0.5,1,1,0,2.5,1,3,2,0.5,1,1,0,136.75549999999998,158.11033999999998,215.81067,57.70033,0
IXAJIC,2.0633,4.1266,4.1266,0.0,5.2606555,2.295407,6.408359,4.112952,0.0,0,0,0,5.5,9,10,1,1.0,2,2,0,103.628165,97.23233,152.24433,55.012,0
IXOHAE,1.13645,2.2717,2.2723,0.0006,4.873289,2.4493620000000003,6.09797,3.648608,0.5,1,1,0,4.5,7,8,1,1.0,2,2,0,154.1175,180.23434,244.23467,64.00033,0
IXOXEZ,2.7706,1.1761999999999997,3.3587,2.1825,4.8921045,1.4868110000000003,5.63551,4.148699,1.5,1,2,1,2.5,1,3,2,1.0,0,1,1,146.46617,111.233,202.08267,90.84967,0
IXUCEM,3.3524000000000003,4.4864,5.5956,1.1092,4.9697805,0.0682229999999997,5.003892,4.935669,0.5,1,1,0,4.5,1,5,4,1.5,3,3,0,151.834835,95.47367,199.57167,104.098,1
IYUNOF,1.13595,2.2719,2.2719,0.0,5.6195525,0.9564330000000004,6.097769,5.141336,1.0,0,1,1,2.5,3,4,1,1.0,2,2,0,89.038335,50.080670000000005,114.07867,63.998,0
IYUVAA,3.4787,6.9528,6.9551,0.0023,4.6073515,0.8230509999999995,5.018877,4.195826,1.5,1,2,1,2.5,1,3,2,1.0,2,2,0,139.894835,80.13833,179.964,99.82567,0
IZUCEO,4.620749999999999,0.9882999999999996,5.1149,4.1266,5.2054875,2.4054830000000003,6.408229,4.002746,1.0,2,2,0,2.5,3,4,1,1.5,3,3,0,155.85850000000002,201.68766,256.70233,55.01467,0
IZUCIS,2.9442,0.6383999999999999,3.2634,2.625,5.0164925,1.822445,5.927715,4.10527,1.0,2,2,0,2.5,3,4,1,1.5,3,3,0,157.867335,192.74333,254.239,61.49567,0
JAJYOM,3.85455,0.1652999999999997,3.9372,3.7719,4.54163,0.5548679999999999,4.819064,4.264196,1.0,0,1,1,3.0,0,3,3,1.5,1,2,1,110.266,50.290000000000006,135.411,85.121,0
JAJYUS,3.55725,0.7569000000000004,3.9357,3.1788,4.541587,0.5556719999999995,4.819423,4.263751,1.0,0,1,1,3.0,0,3,3,1.5,1,2,1,112.11833,53.99,139.11333,85.12333,0
JAJZON,3.90275,0.0657,3.9356,3.8699,4.78795,0.0628599999999997,4.81938,4.75652,0.5,1,1,0,4.0,2,5,3,1.5,1,2,1,97.63167,25.02000000000001,110.14167,85.12167,0
JAKBAC,2.30975,4.6193,4.6194,0.0001,4.9832435,0.7187410000000005,5.342614,4.623873,2.5,1,3,2,2.5,1,3,2,0.5,1,1,0,195.45383,125.59699999999998,258.25233,132.65533,0
JAKBEG,3.4771,6.953799999999999,6.954,0.0002,5.003114,0.6785160000000001,5.342372,4.663856,2.0,0,2,2,2.5,1,3,2,0.5,1,1,0,170.76882999999998,76.225,208.88133,132.65633,0
JAKBOQ,3.13595,6.2707,6.2713,0.0006,5.225139,0.2348399999999992,5.342559,5.107719,2.0,0,2,2,2.0,0,2,2,0.5,1,1,0,161.194335,57.07067000000001,189.72967,132.659,0
JAKCIL,2.11825,4.2361,4.2363,0.0002,5.2141965,0.2566410000000001,5.342517,5.085876,2.0,0,2,2,2.0,0,2,2,0.5,1,1,0,167.65567,70.0,202.65567,132.65567,0
JAKDAE,2.44545,4.8903,4.8906,0.0003,4.6514275000000005,1.0244469999999994,5.163651,4.139204,2.0,0,2,2,3.0,2,4,2,0.5,1,1,0,182.502,95.82866,230.41633,134.58767,0
JAKDIM,2.40715,4.8137,4.814,0.0003,5.140169,0.4049100000000001,5.342624,4.937714,2.0,0,2,2,2.0,0,2,2,0.5,1,1,0,179.221665,93.13533,225.78933,132.654,0
JAKPOB,1.49825,2.9965,2.9965,0.0,4.595239,0.0094180000000001,4.599948,4.59053,2.0,0,2,2,2.5,1,3,2,2.0,0,2,2,169.24667,9.957999999999998,174.22567,164.26767,0
JATMEW,5.43605,4.466100000000001,7.6691,3.203,5.080373,0.3622040000000002,5.261475,4.899271,0.0,0,0,0,5.5,3,7,4,2.5,1,3,2,152.68717,168.447,236.91067,68.46367,0
JAWWAG,2.61845,1.6373,3.4371,1.7998,6.4994535,2.259265,7.629086,5.369821,0.5,1,1,0,2.0,0,2,2,1.0,0,1,1,62.029335,54.580670000000005,89.31967,34.739,0
JAXSOR,1.406,2.81,2.811,0.001,5.739020999999999,0.4528980000000002,5.96547,5.512572,1.0,0,1,1,3.0,0,3,3,1.5,3,3,0,69.037,33.249340000000004,85.66167,52.41233,0
JAZBES,1.44605,2.8659,2.879,0.0131,6.5596625,1.2301350000000006,7.17473,5.944595,1.0,2,2,0,3.0,2,4,2,1.0,2,2,0,116.4995,102.46634000000002,167.73267,65.26633,0
JAZQIN,2.65005,3.4403,4.3702,0.9299,6.329966000000001,1.169626,6.914779,5.745153,0.5,1,1,0,1.0,0,1,1,1.5,1,2,1,62.89149999999999,52.21966,89.00133,36.78167,0
JECZAS,3.22805,1.0753,3.7657,2.6904,4.5563335,0.0796709999999993,4.596169,4.516498,1.0,0,1,1,1.5,1,2,1,1.0,0,1,1,131.49966999999998,5.068000000000012,134.03367,128.96567,0
JEDVIB,2.8436,0.8597999999999999,3.2735,2.4137,6.732506,3.968126,8.716569,4.748443,1.5,3,3,0,1.5,1,2,1,0.5,1,1,0,106.32367,114.934,163.79067,48.85667,0
JEDZOL,4.34515,4.3799,6.5351,2.1552,5.828746,1.30368,6.480586,5.176906,0.5,1,1,0,3.5,3,5,2,1.5,1,2,1,119.1925,116.58566,177.48533,60.89967,0
JEGBAZ,1.5635,3.1266,3.1268,0.0002,4.7691575,1.0634170000000005,5.300866,4.237449,1.0,0,1,1,3.5,1,4,3,0.5,1,1,0,169.63,45.726,192.493,146.767,0
JEGBON,1.0161,2.0314,2.0318,0.0004,4.879801499999999,0.8417430000000001,5.300673,4.45893,1.0,0,1,1,3.5,1,4,3,0.5,1,1,0,163.53733499999998,57.91333,192.494,134.58067,0
JELVAA,2.1143,4.228400000000001,4.2285,0.0001,4.0286505,1.0033529999999995,4.530327,3.526974,2.0,2,3,1,1.5,3,3,0,0.5,1,1,0,170.616,25.950000000000017,183.591,157.641,0
JEMTEE,5.28405,1.0480999999999998,5.8081,4.76,4.934789,0.5326700000000004,5.201124,4.668454,0.5,1,1,0,3.0,2,4,2,2.0,0,2,2,93.028665,51.18933,118.62333,67.434,0
JEPYEL,5.71705,3.1804999999999994,7.3073,4.1268,5.671629,1.4733400000000003,6.408299,4.934959,1.0,2,2,0,3.0,4,5,1,1.0,2,2,0,132.50650000000002,154.98366,209.99833,55.01467,0
JEPYIP,5.13555,2.4547,6.3629,3.9082,5.744042,1.580558,6.534321,4.953763,1.0,2,2,0,3.0,4,5,1,1.0,2,2,0,137.380835,145.10967,209.93567,64.826,1
JEPYOV,5.231949999999999,2.2533000000000003,6.3586,4.1053,5.8544325,1.8000929999999995,6.754479,4.954386,1.0,2,2,0,3.0,4,5,1,1.0,2,2,0,131.41583500000002,157.03367,209.93267,52.899,0
JESDIY,2.2870000000000004,4.5674,4.5707,0.0033,6.709637,0.4083699999999997,6.913822,6.505452,0.0,0,0,0,2.5,1,3,2,0.0,0,0,0,90.98183,71.27699999999999,126.62033,55.34333,1
JICTUK01,3.20985,4.4509,5.4353,0.9844,5.41159,1.1624819999999998,5.992831,4.830349,1.5,3,3,0,4.5,3,6,3,2.5,1,3,2,210.26,183.066,301.793,118.727,0
JICVUM10,0.97255,0.0239,0.9845,0.9606,6.0337085,0.0815809999999999,6.074499,5.992918,0.5,1,1,0,4.5,3,6,3,2.5,1,3,2,155.20666500000002,72.96067000000001,191.687,118.72633,1
JICWIB10,0.5192,1.0052,1.0218,0.0166,5.8404915,1.7438669999999998,6.712425,4.968558,0.5,1,1,0,4.5,3,6,3,2.5,1,3,2,102.133,25.86734,115.06667,89.19933,0
JIFHAK,4.6195,2.0014,5.6202,3.6188,5.141427500000001,0.3559770000000002,5.319416,4.963439,1.0,0,1,1,3.0,2,4,2,2.0,2,3,1,116.4445,23.03634000000001,127.96267,104.92633,0
JIGJOB,3.93005,0.3943000000000003,4.1272,3.7329,5.5433915,1.7295049999999996,6.408144,4.678639,1.0,2,2,0,1.5,1,2,1,1.0,2,2,0,137.67383,165.325,220.33633,55.01133,0
JIGKES01,2.24135,4.4825,4.4826,0.0001,4.298475,0.9325159999999996,4.764733,3.832217,1.5,1,2,1,4.0,0,4,4,0.5,1,1,0,188.1055,37.44434000000001,206.82767,169.38333,0
JIGKES,2.1926,4.385000000000001,4.3851,0.0001,4.2981885,0.9332689999999996,4.764823,3.831554,1.5,1,2,1,4.0,0,4,4,0.5,1,1,0,188.431335,38.009330000000006,207.436,169.42667,0
JIHNAS,3.4676,0.3891999999999997,3.6622,3.273,4.9897515,0.4826969999999999,5.2311,4.748403,2.0,2,3,1,2.5,1,3,2,1.0,2,2,0,157.7425,12.091000000000008,163.788,151.697,0
JIHQUP,2.79315,1.1231,3.3547,2.2316,5.1457605,0.5334089999999998,5.412465,4.879056,1.0,0,1,1,3.5,1,4,3,1.5,1,2,1,91.295665,37.48933,110.04033,72.551,0
JILXOU,3.1592,4.4162,5.3673,0.9511,4.523415,0.7390059999999998,4.892918,4.153912,2.0,2,3,1,3.0,0,3,3,1.5,1,2,1,184.48,175.174,272.067,96.893,0
JIQCER,1.13175,1.0400999999999998,1.6518,0.6117,5.2685085,0.0350049999999999,5.286011,5.251006,0.5,1,1,0,3.0,0,3,3,1.0,0,1,1,80.66383,18.881,90.10433,71.22333,0
JIQLAZ,2.13765,3.0511,3.6632,0.6121,4.807505,0.8878400000000006,5.251425,4.363585,1.5,1,2,1,2.0,2,3,1,1.0,0,1,1,137.204165,131.96167,203.185,71.22333,0
JIQLED,2.69875,1.9321,3.6648,1.7327,4.622214,0.516038,4.880233,4.364195,1.5,1,2,1,2.5,3,4,1,1.5,1,2,1,160.365835,85.61633,203.174,117.55767,0
JIRQUZ,2.05275,4.1049,4.1052,0.0003,4.9741015,3.5608250000000004,6.754514,3.193689,0.0,0,0,0,8.5,15,16,1,1.0,2,2,0,135.2275,164.65634,217.55567,52.89933,0
JIRRIO,2.2467,3.717,4.1052,0.3882,5.4262235,2.6566150000000004,6.754531,4.097916,0.0,0,0,0,5.5,9,10,1,3.0,6,6,0,133.58567,161.37,214.27067,52.90067,0
JIWNIM,4.0437,0.1229999999999997,4.1052,3.9822,5.2161775,3.0766749999999994,6.754515,3.67784,1.0,2,2,0,2.0,2,3,1,1.0,2,2,0,111.3425,116.88434,169.78467,52.90033,0
JOBROK,2.18615,4.371300000000001,4.3718,0.0005,4.1828545,0.8332809999999999,4.599495,3.766214,2.0,0,2,2,3.0,2,4,2,1.5,1,2,1,186.0075,43.47300000000001,207.744,164.271,0
JOCMOD,6.059699999999999,3.7768000000000006,7.9481,4.1713,5.1153,0.4492020000000005,5.339901,4.890699,1.0,0,1,1,4.0,2,5,3,2.0,0,2,2,117.515835,21.574330000000003,128.303,106.72867,0
JOFHOC,1.67,3.338,3.339,0.001,5.70875,2.48292,6.95021,4.46729,1.0,2,2,0,1.5,1,2,1,0.5,1,1,0,131.64483,147.897,205.59333,57.69633,0
JOFJUK,3.1619,2.0132,4.1685,2.1553,5.917304,1.1264500000000002,6.480529,5.354079,0.5,1,1,0,1.5,1,2,1,1.0,0,1,1,86.0145,50.227,111.128,60.901,0
JOJXIS,1.5259,1.7834000000000003,2.4176,0.6342,4.8525875,1.053077,5.379126,4.326049,1.0,0,1,1,2.5,1,3,2,1.0,2,2,0,115.673,28.586659999999995,129.96633,101.37967,0
JOKXOY,4.82735,9.6547,9.6547,0.0,5.162033,3.5744259999999994,6.949246,3.37482,0.5,1,1,0,3.5,3,5,2,0.5,1,1,0,161.78383499999998,208.17167,265.86967,57.698,0
JOKXUF,2.43305,4.8651,4.8656,0.0005,4.787924,1.10851,5.342179,4.233669,2.0,0,2,2,3.5,3,5,2,1.0,2,2,0,167.27666499999998,69.22333,201.88833,132.665,0
JOKYAM,4.6507,3.7064,6.5039,2.7975,5.304513,1.702648,6.155837,4.453189,1.5,1,2,1,3.0,4,5,1,1.0,2,2,0,138.46716500000002,121.76633,199.35033,77.584,0
JOKYEQ,4.1711,4.671200000000001,6.5067,1.8355,5.6860935,2.4663509999999995,6.919269,4.452918,1.0,2,2,0,3.0,4,5,1,1.0,2,2,0,125.99167,146.72199999999998,199.35267,52.63067,1
JOKYIU,3.25315,6.5013,6.5038,0.0025,4.887069,0.8681760000000001,5.321157,4.452981,1.0,2,2,0,3.5,3,5,2,1.0,2,2,0,142.024665,114.67267,199.361,84.68833,0
JOKYOA,4.6624,3.6782,6.5015,2.8233,4.859923,0.8140640000000001,5.266955,4.452891,2.0,0,2,2,3.0,4,5,1,1.0,2,2,0,169.3555,60.00834,199.35967,139.35133,0
JOKYUG,5.0444,1.4511999999999992,5.77,4.3188,5.024966,1.6100200000000005,5.829976,4.219956,1.5,1,2,1,3.5,3,5,2,1.5,1,2,1,139.0485,125.46434,201.78067,76.31633,0
JOLCOE,3.21045,0.9837000000000002,3.7023,2.7186,6.426212,1.1414879999999998,6.996956,5.855468,0.5,1,1,0,1.0,0,1,1,1.0,2,2,0,63.993665,54.92733,91.45733,36.53,1
JOLJID,2.8615,1.8726,3.7978,1.9252,5.5753835,0.5564789999999995,5.853623,5.297144,0.5,1,1,0,2.0,2,3,1,0.5,1,1,0,124.51733,5.397999999999996,127.21633,121.81833,0
JOMHIF,0.001,0.002,0.002,0.0,5.3970225,2.7287550000000005,6.7614,4.032645,1.0,2,2,0,2.0,0,2,2,1.0,2,2,0,122.818,121.62534,183.63067,62.00533,0
JOWZIG,2.61505,1.6449,3.4375,1.7926,5.1373115,0.4660270000000004,5.370325,4.904298,1.0,0,1,1,3.0,2,4,2,1.0,0,1,1,84.93366499999999,8.773330000000001,89.32033,80.547,0
JOXBEF,2.3383000000000003,0.8400000000000003,2.7583,1.9183,4.8071635,0.0799729999999998,4.84715,4.767177,1.0,0,1,1,4.5,1,5,4,2.5,3,4,1,95.42133,29.966000000000008,110.40433,80.43833,0
JOXFOU,4.862349999999999,9.7241,9.7244,0.0003,5.0790495,3.742983,6.950541,3.207558,0.5,1,1,0,4.5,5,7,2,0.5,1,1,0,158.4905,201.59166,259.28633,57.69467,0
JOYJAK01,0.3863999999999999,0.4556,0.6142,0.1586,6.326703,2.1494600000000004,7.401433,5.251973,0.5,1,1,0,3.5,1,4,3,1.5,1,2,1,73.607165,4.76567,75.99,71.22433,0
JOYJAK,1.45405,1.6761,2.2921,0.616,6.319415,2.134876,7.386853,5.251977,0.5,1,1,0,3.5,1,4,3,1.5,1,2,1,74.40483499999999,6.365670000000009,77.58767,71.222,0
JOYJEO,1.8689,2.5216000000000003,3.1297,0.6081,6.3534015,2.204171,7.455487,5.251316,0.5,1,1,0,3.5,1,4,3,1.5,1,2,1,74.273,6.090000000000003,77.318,71.228,0
JUDPEG,2.747,2.7164,4.1052,1.3888,5.485749500000001,2.5375430000000003,6.754521,4.216978,1.0,2,2,0,2.0,2,3,1,1.0,2,2,0,130.254335,154.71133,207.61,52.89867,0
JUDWOU,3.47005,6.939699999999999,6.9399,0.0002,5.167068,0.0231760000000003,5.178656,5.15548,1.0,0,1,1,2.0,0,2,2,1.0,2,2,0,128.660335,96.00933,176.665,80.65567,0
JUKJII,1.3558,1.6542,2.1829,0.5287,5.3249165000000005,0.6216230000000005,5.635728,5.014105,1.0,0,1,1,2.0,0,2,2,1.0,0,1,1,102.370835,23.04033000000001,113.891,90.85067,0
JUMVEU,0.6067,1.2126,1.213,0.0004,5.4455375,0.2055990000000003,5.548337,5.342738,1.5,1,2,1,2.0,0,2,2,1.0,2,2,0,106.91567,51.474,132.65267,81.17867,0
JUNXAU,0.8876499999999999,1.7749,1.7751,0.0002,5.6729025,0.4225750000000001,5.88419,5.461615,1.0,0,1,1,2.0,0,2,2,1.0,2,2,0,104.7495,21.419,115.459,94.04,0
JUWHIU,0.9336,1.8672,1.8672,0.0,5.72833,3.250084,7.353372,4.103288,1.0,2,2,0,3.5,1,4,3,1.5,1,2,1,120.417165,60.40033000000001,150.61733,90.217,0
JUWHOA,0.9343,1.8686,1.8686,0.0,5.6533245,3.106077,7.206363,4.100286,1.0,2,2,0,3.5,1,4,3,1.5,1,2,1,107.748665,85.78266999999998,150.64,64.85733,0
JUWHUG,0.9346,1.8678,1.8685,0.0007,4.6477725,1.0949049999999998,5.195225,4.10032,1.0,2,2,0,3.5,1,4,3,1.5,1,2,1,109.869665,81.53867000000001,150.639,69.10033,0
JUYCIR,4.6067,5.796200000000001,7.5048,1.7086,5.370449,4.498348,7.619623,3.121275,0.0,0,0,0,3.0,4,5,1,1.0,0,1,1,110.581,153.092,187.127,34.035,0
JUYVIL,1.0957,2.1912,2.1913,0.0001,4.3838675,0.4503310000000002,4.609033,4.158702,1.5,1,2,1,3.5,1,4,3,1.0,2,2,0,148.963,2.078660000000013,150.00233,147.92367,0
KABLEG,0.80095,1.6019,1.6019,0.0,5.091511,2.081664,6.132343,4.050679,1.5,1,2,1,3.0,2,4,2,0.5,1,1,0,158.89916499999998,115.13033,216.46433,101.334,0
KADHIK,1.0325,2.064,2.0645,0.0005,5.493532500000001,0.4742030000000001,5.730634,5.256431,1.0,0,1,1,2.5,3,4,1,1.0,2,2,0,144.60817,113.369,201.29267,87.92367,0
KAHRAO,3.0834,2.0436,4.1052,2.0616,5.6281475,2.2527349999999995,6.754515,4.50178,0.0,0,0,0,4.5,7,8,1,1.0,2,2,0,108.80383,111.80700000000002,164.70733,52.90033,0
KAMQOH,3.60515,0.5575000000000001,3.8839,3.3264,4.4328335,1.1612689999999994,5.013468,3.852199,1.0,2,2,0,4.5,1,5,4,1.5,3,3,0,175.885,84.70000000000002,218.235,133.535,0
KANBIN01,2.241,4.481599999999999,4.4818,0.0002,5.053659,0.5773459999999995,5.342332,4.764986,1.5,1,2,1,3.0,2,4,2,0.5,1,1,0,169.74133,74.168,206.82533,132.65733,0
KANBOT,3.2681500000000003,2.6669,4.6016,1.9347,4.196311,1.1282539999999996,4.760438,3.632184,2.0,2,3,1,2.5,3,4,1,0.5,1,1,0,192.6915,29.64034000000001,207.51167,177.87133,0
KANBUZ,3.4375,2.331,4.603,2.272,5.429081500000001,1.3374130000000006,6.097788,4.760375,1.0,0,1,1,2.5,3,4,1,0.5,1,1,0,135.75966499999998,143.50733,207.51333,64.006,0
KAPKEU,3.8253,2.2993999999999994,4.975,2.6756,4.8912675,2.089109,5.935822,3.846713,0.5,1,1,0,4.5,3,6,3,1.5,1,2,1,112.368835,7.272329999999997,116.005,108.73267,0
KAPSON,1.9666,3.8836,3.9084,0.0248,5.286709500000001,2.4954910000000003,6.534455,4.038964,0.0,0,0,0,5.5,9,10,1,1.0,2,2,0,98.886835,68.12167,132.94767,64.826,0
KARGIW,1.5229,0.066,1.5559,1.4899,6.7843005000000005,1.7703929999999994,7.669497,5.899104,0.5,1,1,0,1.5,1,2,1,0.5,1,1,0,57.4775,69.22034000000001,92.08767,22.86733,1
KASYEJ,3.0817,6.1616,6.1625,0.0009,5.174068,0.3363480000000001,5.342242,5.005894,1.5,1,2,1,4.0,4,6,2,1.5,3,3,0,131.287835,2.7543299999999817,132.665,129.91067,0
KATBAJ,1.4394,2.8788,2.8788,0.0,5.5431965000000005,0.8028629999999994,5.944628,5.141765,1.5,1,2,1,3.0,2,4,2,1.0,2,2,0,140.90200000000002,53.65866000000001,167.73133,114.07267,0
KAXMAB,0.65195,1.3035,1.3037,0.0002,6.243924,2.668476,7.578162,4.909686,1.0,2,2,0,4.0,0,4,4,2.0,0,2,2,170.53366499999998,60.57867000000002,200.823,140.24433,0
KAXNOQ,1.9628,0.7043999999999999,2.315,1.6106,6.323545,2.195368,7.421229,5.225861,1.0,2,2,0,5.5,3,7,4,2.0,0,2,2,164.25516499999998,121.82233,225.16633,103.344,0
KAXRIM,1.4139000000000002,2.8226,2.8252,0.0026,5.161664999999999,1.932882,6.128106,4.195224,1.0,2,2,0,3.0,2,4,2,1.0,2,2,0,130.159335,99.63533,179.977,80.34167,1
KAXROS,0.0001999999999999,0.0001999999999999,0.0003,0.0001,4.3119035,0.2340989999999996,4.428953,4.194854,1.0,2,2,0,3.0,2,4,2,1.0,2,2,0,144.053,71.86,179.983,108.123,0
KAXSEJ,4.05165,0.7016999999999998,4.4025,3.7008,5.749955999999999,2.493194,6.996553,4.503359,1.0,2,2,0,1.5,1,2,1,1.5,1,2,1,120.416835,167.77633,204.305,36.52867,0
KAXSIN,3.38245,2.0399000000000003,4.4024,2.3625,5.9300895,2.853187,7.356683,4.503496,1.0,2,2,0,2.5,1,3,2,1.5,1,2,1,121.771,165.06334,204.30267,39.23933,0
KAXSOT,3.9205,0.9660000000000002,4.4035,3.4375,4.936677,0.8667319999999998,5.370043,4.503311,1.5,1,2,1,2.0,0,2,2,1.0,0,1,1,146.8125,114.98566,204.30533,89.31967,0
KAXSUZ,3.8518,1.1023999999999994,4.403,3.3006,4.904643500000001,0.8023829999999998,5.305835,4.503452,1.5,1,2,1,2.5,1,3,2,1.0,0,1,1,158.1355,92.34234,204.30667,111.96433,0
KAYFOH,2.8855,0.4881999999999999,3.1296,2.6414,6.0570235,2.7974749999999995,7.455761,4.658286,1.0,2,2,0,3.5,1,4,3,1.5,1,2,1,120.262335,85.88867,163.20667,77.318,0
KAYFUN,2.8859,0.4858000000000002,3.1288,2.643,6.1429875,2.970293,7.628134,4.657841,1.0,2,2,0,3.5,1,4,3,1.5,1,2,1,133.066835,60.30367,163.21867,102.915,0
KAYGAU,1.32095,2.6415,2.6417,0.0002,6.142329,2.968434,7.626546,4.658112,1.0,2,2,0,3.5,1,4,3,1.5,1,2,1,152.48566499999998,21.433329999999984,163.20233,141.769,0
KAYGEY,1.3205,2.64,2.6405,0.0005,6.136832,2.9579059999999995,7.615785,4.657879,1.0,2,2,0,3.5,1,4,3,1.5,1,2,1,126.620665,73.16867,163.205,90.03633,0
KAYGIC,1.3227000000000002,2.6372,2.6413,0.0041,6.136461,2.957032,7.614977,4.657945,1.0,2,2,0,3.5,1,4,3,1.5,1,2,1,139.511,47.39134,163.20667,115.81533,0
KAYGOI,2.88295,0.4841000000000002,3.125,2.6409,6.140195,2.965902,7.623146,4.657244,1.0,2,2,0,3.5,1,4,3,1.5,1,2,1,145.99900000000002,34.42866000000001,163.21333,128.78467,0
KAYGUO,1.7274,1.8284,2.6416,0.8132,6.072722,2.8290360000000003,7.48724,4.658204,1.0,2,2,0,3.5,1,4,3,1.5,1,2,1,113.9965,98.41634,163.20467,64.78833,0
KAYHEZ,0.4927999999999999,0.985,0.9853,0.0003,6.194032,2.8649520000000006,7.626508,4.761556,1.0,2,2,0,3.5,1,4,3,1.5,1,2,1,152.937,22.335999999999984,164.105,141.769,0
KAYHID,2.10625,2.6327,3.4226,0.7899,5.9494575,2.346717,7.122816,4.776099,1.0,2,2,0,3.5,1,4,3,1.5,1,2,1,108.20033,111.0,163.70033,52.70033,0
KAYHUP,3.2759,0.2942,3.423,3.1288,6.201673,2.852128,7.627737,4.775609,1.0,2,2,0,3.5,1,4,3,1.5,1,2,1,133.309335,60.78733,163.703,102.91567,0
KAZCUK,2.2145,4.429,4.429,0.0,5.359933,2.4561340000000005,6.588,4.131866,1.5,1,2,1,1.5,3,3,0,1.0,2,2,0,165.624665,192.41533,261.83233,69.417,0
KEBCON,3.05845,1.1029,3.6099,2.507,4.703021,0.4548199999999998,4.930431,4.475611,1.0,0,1,1,2.5,1,3,2,1.0,2,2,0,98.0425,10.750339999999994,103.41767,92.66733,0
KEBLAG,1.99,0.5661999999999998,2.2731,1.7069,5.1609735,1.874651,6.098299,4.223648,1.5,1,2,1,3.0,4,5,1,1.0,2,2,0,135.96933,143.952,207.94533,63.99333,0
KEBLUC,1.6056500000000002,0.8335000000000001,2.0224,1.1889,5.002234,0.8206999999999995,5.412584,4.591884,1.5,1,2,1,2.5,1,3,2,2.0,0,2,2,117.29233,35.526,135.05533,99.52933,0
KEBMAH,2.5123,0.8543999999999996,2.9395,2.0851,4.436189,0.7224459999999997,4.797412,4.074966,2.0,0,2,2,3.0,4,5,1,1.0,2,2,0,161.643835,92.82367,208.05567,115.232,0
KECJAG,3.8041,2.0144,4.8113,2.7969,5.548410499999999,1.237711,6.167266,4.929555,1.0,0,1,1,2.0,2,3,1,0.0,0,0,0,109.925165,64.65767,142.254,77.59633,0
KECKOV,2.05425,4.1083,4.1084,0.0001,5.9924445,3.267029,7.625959,4.35893,1.0,2,2,0,4.0,0,4,4,1.5,1,2,1,184.938835,34.23166999999998,202.05467,167.823,0
KECKUB,4.749700000000001,3.2404,6.3699,3.1295,5.9510025,3.0089390000000007,7.455472,4.446533,1.0,2,2,0,4.0,0,4,4,1.5,1,2,1,139.094165,123.55233,200.87033,77.318,0
KECLOW,4.4384,4.279,6.5779,2.2989,5.785868499999999,3.2320850000000005,7.401911,4.169826,1.0,2,2,0,4.0,0,4,4,1.5,1,2,1,141.04149999999998,128.431,205.257,76.826,0
KECMAJ,4.8536,3.4494,6.5783,3.1289,5.8986565,3.4589430000000005,7.628128,4.169185,1.0,2,2,0,4.0,0,4,4,1.5,1,2,1,154.0905,102.35034,205.26567,102.91533,0
KECTAQ,3.5913000000000004,5.5564,6.3695,0.8131,5.967112,3.04075,7.487487,4.446737,1.0,2,2,0,4.0,0,4,4,1.5,1,2,1,132.8275,136.07966,200.86733,64.78767,0
KEFBAZ,0.8337,1.6674,1.6674,0.0,5.4102595,0.1602269999999999,5.490373,5.330146,0.5,1,1,0,3.0,2,4,2,1.5,1,2,1,87.337335,38.040670000000006,106.35767,68.317,0
KEFBED,0.83285,1.6657,1.6657,0.0,6.4850065,1.988857,7.479435,5.490578,0.5,1,1,0,3.0,2,4,2,1.5,1,2,1,85.50450000000001,41.79899999999999,106.404,64.605,0
KEFBIH,2.39745,1.4643,3.1296,1.6653,6.472984,1.96505,7.455509,5.490459,0.5,1,1,0,3.0,2,4,2,1.5,1,2,1,91.860165,29.085670000000007,106.403,77.31733,0
KEFBON,1.99035,0.6503000000000001,2.3155,1.6652,6.455933,1.931434,7.42165,5.490216,0.5,1,1,0,3.0,2,4,2,1.5,1,2,1,104.875665,3.062669999999997,106.407,103.34433,0
KEFCAA,2.395,1.4592,3.1246,1.6654,6.556817,2.132726,7.62318,5.490454,0.5,1,1,0,3.0,2,4,2,1.5,1,2,1,117.59550000000002,22.385000000000005,128.788,106.403,0
KEFCEE,0.8317,1.6634,1.6634,0.0,6.5586135,2.136633,7.62693,5.490297,0.5,1,1,0,3.0,2,4,2,1.5,1,2,1,124.130335,35.277330000000006,141.769,106.49167,0
KEGCIJ,0.7366,1.4732,1.4732,0.0,4.5055985,0.6217049999999995,4.816451,4.194746,2.0,0,2,2,3.5,3,5,2,1.0,2,2,0,190.176665,20.38933,200.37133,179.982,0
KEKFOW,2.0629,4.1258,4.1258,0.0,5.451226500000001,1.915617,6.409035,4.493418,0.5,1,1,0,4.5,7,8,1,1.0,2,2,0,134.70033,159.376,214.38833,55.01233,0
KEKGAJ,0.97665,1.8879,1.9206,0.0327,5.1238305,0.1736849999999998,5.210673,5.036988,1.0,0,1,1,3.5,1,4,3,1.0,0,1,1,105.06933,67.43,138.78433,71.35433,0
KEKGIR,1.1909500000000002,2.3771,2.3795,0.0024,4.718234,0.4503339999999998,4.943401,4.493067,1.5,1,2,1,5.0,6,8,2,2.0,0,2,2,187.45633,53.852,214.38233,160.53033,0
KEKGUD,0.30285,0.6053000000000001,0.6055,0.0002,4.8717595,0.7577170000000004,5.250618,4.492901,1.0,0,1,1,5.5,5,8,3,1.5,1,2,1,142.805,143.16,214.385,71.225,0
KEKHIS,4.51665,3.3173,6.1753,2.858,4.6644935,0.4689689999999995,4.898978,4.430009,1.5,1,2,1,4.0,2,5,3,1.0,2,2,0,143.309165,92.76367,189.691,96.92733,0
KEKNUN,1.6711,0.5070000000000001,1.9246,1.4176,5.4467145,0.299747,5.596588,5.296841,1.0,0,1,1,2.5,1,3,2,1.0,0,1,1,106.6945,30.25500000000001,121.822,91.567,0
KEMCEL,2.5452,2.1802,3.6353,1.4551,5.5075375,0.2848550000000003,5.649965,5.36511,1.0,0,1,1,1.5,1,2,1,1.0,0,1,1,95.014335,0.7246700000000033,95.37667,94.652,0
KENCAK,2.37045,4.7285,4.7347,0.0062,7.4618735,2.184785,8.554266,6.369481,0.0,0,0,0,3.0,0,3,3,1.5,3,3,0,98.676,140.32066,168.83633,28.51567,0
KENCIS,2.1785,4.3456,4.3513,0.0057,7.612491,1.883038,8.55401,6.670972,0.0,0,0,0,2.0,2,3,1,2.0,2,3,1,55.67917,54.315,82.83667,28.52167,0
KENCOY,2.57985,3.5447,4.3522,0.8075,6.1574930000000005,1.0277020000000006,6.671344,5.643642,0.5,1,1,0,2.0,2,3,1,2.0,2,3,1,91.0135,16.365660000000005,99.19633,82.83067,0
KETZAM,1.14555,2.2787,2.2849,0.0062,4.700927,1.0087320000000002,5.205293,4.196561,1.5,1,2,1,2.0,0,2,2,1.0,2,2,0,149.21533,61.464,179.94733,118.48333,0
KETZEQ,1.1453,2.2790000000000004,2.2848,0.0058,4.701057499999999,1.008757,5.205436,4.196679,1.5,1,2,1,2.0,0,2,2,1.0,2,2,0,149.21333,61.46400000000001,179.94533,118.48133,0
KEWNOQ,3.0435,1.7462,3.9166,2.1704,6.106573,1.5438419999999995,6.878494,5.334652,0.5,1,1,0,2.5,3,4,1,1.0,0,1,1,81.179,82.34799999999998,122.353,40.005,0
KEWZUI,2.57445,3.5559000000000003,4.3524,0.7965,5.807245999999999,1.728452,6.671472,4.94302,1.0,2,2,0,1.5,1,2,1,1.5,1,2,1,121.68283499999998,77.69566999999999,160.53067,82.835,0
KEXBAR,1.3804,1.1694,1.9651,0.7957,5.112391499999999,0.3400129999999999,5.282398,4.942385,1.5,1,2,1,2.0,0,2,2,1.5,1,2,1,118.6235,83.83565999999999,160.54133,76.70567,0
KEXZIX,5e-05,0.0001,0.0001,0.0,6.1416635,2.864711,7.574019,4.709308,0.5,1,1,0,2.0,0,2,2,2.0,0,2,2,104.165665,21.40733,114.86933,93.462,0
KEXZOD,0.0,0.0,0.0,0.0,6.140751,2.86717,7.574336,4.707166,0.5,1,1,0,2.0,0,2,2,2.0,0,2,2,117.142835,47.350330000000014,140.818,93.46767,0
KEXZUJ,0.0001,0.0,0.0001,0.0001,6.140086500000001,2.864577,7.572375,4.707798,0.5,1,1,0,2.0,0,2,2,2.0,0,2,2,130.1515,73.37700000000001,166.84,93.463,0
KEZXAR,0.26525,0.4742999999999999,0.5024,0.0281,4.877451,2.658346,6.206624,3.548278,0.5,1,1,0,2.0,4,4,0,0.0,0,0,0,134.44633,47.10599999999998,157.99933,110.89333,0
KIBQOC,2.5438,1.1129999999999998,3.1003,1.9873,5.600743,0.3093379999999994,5.755412,5.446074,1.0,0,1,1,1.0,0,1,1,1.0,0,1,1,80.81766999999999,5.760000000000005,83.69767,77.93767,1
KICWOK,2.6978,1.9326,3.6641,1.7315,4.647428,0.5668300000000004,4.930843,4.364013,2.0,0,2,2,2.5,3,4,1,1.5,1,2,1,201.69133,2.982,203.18233,200.20033,0
KIDNUH,2.3313,0.9502,2.8064,1.8562,5.0755165,0.1650869999999997,5.15806,4.992973,1.0,0,1,1,4.5,1,5,4,1.5,1,2,1,161.96633,95.76,209.84633,114.08633,0
KIDXEC,2.05355,4.1069,4.107,0.0001,6.128133,1.0638640000000006,6.660065,5.596201,0.0,0,0,0,2.5,3,4,1,2.0,0,2,2,51.02933,20.47,61.26433,40.79433,0
KIGDOU,1.41155,2.8231,2.8231,0.0,6.220033,0.735868,6.587967,5.852099,0.5,1,1,0,3.5,7,7,0,0.5,1,1,0,132.822165,126.80633000000002,196.22533,69.419,0
KIGKER,3.103,1.6182000000000003,3.9121,2.2939,6.005053,1.9571760000000005,6.983641,5.026465,0.0,0,0,0,5.5,3,7,4,2.0,4,4,0,116.2635,34.50634000000001,133.51667,99.01033,0
KIGKIV,2.83175,2.0995,3.8815,1.782,4.559098499999999,0.908475,5.013336,4.104861,1.0,2,2,0,3.5,1,4,3,1.0,2,2,0,142.947335,18.82933,152.362,133.53267,0
KIGKOB01,3.2816,1.2612,3.9122,2.651,4.4029245,1.2467589999999995,5.026304,3.779545,1.0,2,2,0,3.5,1,4,3,1.0,2,2,0,144.09199999999998,21.151339999999976,154.66767,133.51633,0
KIGKOB,3.2651000000000003,1.23,3.8801,2.6501,4.3964445,1.2334990000000006,5.013194,3.779695,1.0,2,2,0,3.5,1,4,3,1.0,2,2,0,144.100165,21.14033000000001,154.67033,133.53,0
KIHXAB,4.35085,3.0551,5.8784,2.8233,5.2324485,0.0690470000000003,5.266972,5.197925,1.5,1,2,1,1.5,1,2,1,0.5,1,1,0,116.565165,45.57633,139.35333,93.777,0
KIHXEF,2.9396,5.8792,5.8792,0.0,5.5558115,0.7164210000000004,5.914022,5.197601,1.5,1,2,1,2.0,0,2,2,0.5,1,1,0,124.709,61.86665999999998,155.64233,93.77567,0
KIHXIJ,2.9425,5.8718,5.8784,0.0066,4.6967805,1.0017289999999992,5.197645,4.195916,1.5,1,2,1,2.0,0,2,2,0.5,1,1,0,136.8665,86.18166000000001,179.95733,93.77567,0
KIHXOP,2.9435,5.8704,5.8787,0.0083,4.6970645,1.0013689999999995,5.197749,4.19638,1.5,1,2,1,2.0,0,2,2,0.5,1,1,0,136.86117000000002,86.171,179.94667,93.77567,0
KIHXUV,4.04825,2.4497000000000004,5.2731,2.8234,5.3447725,0.1567009999999999,5.423123,5.266422,1.5,1,2,1,1.5,1,2,1,0.5,1,1,0,117.038165,44.63833,139.35733,94.719,0
KIHYAC,2.6362,5.272200000000001,5.2723,0.0001,5.2939055,0.2584289999999996,5.42312,5.164691,1.5,1,2,1,2.0,0,2,2,0.5,1,1,0,114.647335,39.85667000000001,134.57567,94.719,0
KIHYIK,2.63615,5.2723,5.2723,0.0,4.809405,1.2274200000000004,5.423115,4.195695,1.5,1,2,1,2.0,0,2,2,0.5,1,1,0,137.334665,85.22933,179.94933,94.72,0
KIHYOQ,2.6365,5.272,5.2725,0.0005,4.809198,1.2283300000000006,5.423363,4.195033,1.5,1,2,1,2.0,0,2,2,0.5,1,1,0,137.34917000000002,85.26500000000001,179.98167,94.71667,0
KIHYUW,2.01435,4.0285,4.0286,0.0001,5.152431,1.105582,5.705222,4.59964,1.5,1,2,1,2.0,0,2,2,1.0,2,2,0,123.17483,82.18499999999999,164.26733,82.08233,0
KIHZAD,2.12765,0.0857000000000001,2.1705,2.0848,5.568177,0.2165620000000006,5.676458,5.459896,1.0,0,1,1,2.0,0,2,2,1.0,2,2,0,81.313165,0.910330000000002,81.76833,80.858,0
KIHZEH,2.30765,0.4449000000000001,2.5301,2.0852,5.648482,0.3771600000000008,5.837062,5.459902,1.0,0,1,1,2.5,1,3,2,1.5,3,3,0,84.192835,4.847669999999994,86.61667,81.769,0
KIJFIW,3.4168,4.4074,5.6205,1.2131,5.434027,0.2287760000000007,5.548415,5.319639,1.0,0,1,1,2.0,0,2,2,1.5,1,2,1,104.56767,46.782,127.95867,81.17667,0
KIJFOC,3.4434500000000003,4.3521,5.6195,1.2674,5.5339,0.428782,5.748291,5.319509,1.0,0,1,1,2.0,0,2,2,1.5,1,2,1,104.44383,47.03699999999999,127.96233,80.92533,0
KIJFUI,2.81005,5.6201,5.6201,0.0,5.2374735,0.1647110000000005,5.319829,5.155118,1.0,0,1,1,2.0,0,2,2,1.5,1,2,1,104.307165,47.30767,127.961,80.65333,0
KIJGAP,2.8104,5.619000000000001,5.6199,0.0009,5.6746515,0.709581,6.029442,5.319861,1.0,0,1,1,2.5,1,3,2,2.0,2,3,1,107.26067,41.398,127.95967,86.56167,0
KIJSED,3.6317,0.6105999999999998,3.937,3.3264,4.614599,0.4109959999999999,4.820097,4.409101,0.5,1,1,0,4.0,2,5,3,1.0,0,1,1,108.39917,46.58300000000001,131.69067,85.10767,0
KIJSIH,4.53245,3.2293,6.1471,2.9178,4.822547999999999,1.1278300000000003,5.386463,4.258633,0.5,1,1,0,3.5,3,5,2,1.5,1,2,1,117.148,28.857340000000008,131.57667,102.71933,0
KIJSUT,5.5989,1.0997999999999992,6.1488,5.049,4.8330005,1.1477649999999997,5.406883,4.259118,0.5,1,1,0,3.5,3,5,2,1.0,0,1,1,110.660335,41.817329999999984,131.569,89.75167,0
KIJTAA,3.38185,0.1120999999999998,3.4379,3.3258,4.889726,0.9608099999999996,5.370131,4.409321,0.5,1,1,0,3.5,3,5,2,1.0,0,1,1,110.508165,42.37366999999999,131.695,89.32133,0
KIJTEE,3.61935,0.5855000000000001,3.9121,3.3266,4.717825,0.6173100000000007,5.02648,4.40917,0.0,0,0,0,4.5,1,5,4,0.5,1,1,0,132.60733,1.818000000000012,133.51633,131.69833,0
KILNAW,2.4896,1.3791999999999998,3.1792,1.8,6.125401,3.009906,7.630354,4.620448,1.0,2,2,0,2.0,0,2,2,0.5,1,1,0,125.011835,180.55367,215.28867,34.735,0
KIPGUO,2.73905,4.6237,5.0509,0.4272,4.37767,2.058612,5.406976,3.348364,1.5,1,2,1,3.5,3,5,2,2.0,2,3,1,155.082665,130.65933,220.41233,89.753,0
KIPHOJ,0.2131,0.4256,0.4259,0.0003,4.262035,1.8027420000000005,5.163406,3.360664,2.0,0,2,2,3.5,3,5,2,1.5,3,3,0,177.404335,85.63467,220.22167,134.587,0
KIPKUT,0.8149,1.6174,1.6236,0.0062,5.8288045,3.264343,7.460976,4.196633,1.0,2,2,0,2.0,0,2,2,1.0,2,2,0,97.73,164.43134,179.94567,15.51433,1
KIPWEO,2.46495,4.833500000000001,4.8817,0.0482,5.552789499999999,0.830711,5.968145,5.137434,0.0,0,0,0,2.0,2,3,1,2.0,0,2,2,65.68467000000001,13.932000000000002,72.65067,58.71867,0
KIPWIS,2.8784,5.041399999999999,5.3991,0.3577,4.7644485,0.9424029999999995,5.23565,4.293247,0.0,0,0,0,2.0,2,3,1,2.0,0,2,2,78.92317,39.953,98.89967,58.94667,0
KIRGEB,2.4809,1.7148,3.3383,1.6235,4.7982645,1.0088229999999996,5.302676,4.293853,1.5,1,2,1,4.5,1,5,4,1.5,3,3,0,152.035335,53.25667,178.66367,125.407,0
KIWRIV,5.2763,2.34,6.4463,4.1063,5.395345000000001,2.71845,6.75457,4.03612,0.0,0,0,0,3.0,4,5,1,1.0,2,2,0,113.2675,120.735,173.635,52.9,0
KIZYAV,2.9207,2.5108,4.1761,1.6653,5.1902315,0.6002890000000001,5.490376,4.890087,1.0,0,1,1,2.5,1,3,2,1.5,1,2,1,106.58183,0.3070000000000021,106.73533,106.42833,1
KIZYEZ01,1.92395,0.5172999999999999,2.1826,1.6653,5.563096,0.1452980000000003,5.635745,5.490447,1.0,0,1,1,2.0,0,2,2,1.0,0,1,1,98.628165,15.552329999999998,106.40433,90.852,0
KIZYEZ,1.9242,0.5175999999999998,2.183,1.6654,5.563157,0.1454259999999996,5.63587,5.490444,1.0,0,1,1,2.0,0,2,2,1.0,0,1,1,98.628335,15.553330000000004,106.405,90.85167,0
KIZYID,3.1912000000000003,1.9604000000000004,4.1714,2.211,5.1490335,0.5161750000000005,5.407121,4.890946,1.0,0,1,1,2.5,1,3,2,1.5,1,2,1,113.801,14.151340000000005,120.87667,106.72533,0
KIZYOJ,1.3991,2.7978,2.798,0.0002,5.2575935000000005,0.1690910000000007,5.342139,5.173048,1.5,1,2,1,2.5,1,3,2,0.5,1,1,0,122.948165,19.42367,132.66,113.23633,0
KODVAB,2.67635,1.3226999999999998,3.3377,2.015,5.9549795,2.977093,7.443526,4.466433,1.0,2,2,0,1.5,1,2,1,1.0,0,1,1,132.54233499999998,146.12067,205.60267,59.482,0
KOFFOB,3.5793,1.2349999999999994,4.1968,2.9618,5.027537000000001,1.4727480000000002,5.763911,4.291163,2.0,2,3,1,3.0,4,5,1,0.5,1,1,0,212.802,48.25265999999999,236.92833,188.67567,0
KOPJUW01,2.1849,4.3696,4.3697,0.0001,6.038107,1.7533779999999997,6.914796,5.161418,1.0,2,2,0,1.5,1,2,1,1.0,2,2,0,85.6945,97.83166,134.61033,36.77867,0
KOPJUW,1.8513,3.7024,3.7025,0.0001,6.0784325,1.834249,6.995557,5.161308,1.0,2,2,0,1.5,1,2,1,1.0,2,2,0,85.566835,98.07233,134.603,36.53067,0
KOPKEH02,1.10375,2.2071,2.2073,0.0002,4.934789,0.4574660000000001,5.163522,4.706056,1.5,1,2,1,2.5,1,3,2,1.0,2,2,0,115.9765,37.219660000000005,134.58633,97.36667,0
KOPKEH,1.1037,2.207,2.2072,0.0002,4.9337205,0.4553409999999998,5.161391,4.70605,1.5,1,2,1,2.5,1,3,2,1.0,2,2,0,115.9895,37.24766,134.61333,97.36567,0
KORHAD,2.5433,5.0866,5.0866,0.0,5.2411025,0.7116049999999996,5.596905,4.8853,0.5,1,1,0,3.5,1,4,3,1.0,2,2,0,109.060835,136.53367000000003,177.32767,40.794,0
KOSHUV,2.0636,4.127000000000001,4.1271,0.0001,5.57592,1.66488,6.40836,4.74348,0.5,1,1,0,3.5,5,6,1,1.0,2,2,0,160.375165,210.72633,265.73833,55.012,0
KOVSAR,1.9685,3.9366,3.9368,0.0002,6.217592,2.796526,7.615855,4.819329,0.5,1,1,0,3.5,1,4,3,1.5,1,2,1,87.57650000000001,4.915000000000006,90.034,85.119,0
KOVSEV,1.96845,3.9365,3.9367,0.0002,6.2231570000000005,2.80827,7.627292,4.819022,0.5,1,1,0,3.5,1,4,3,1.5,1,2,1,113.446,56.64465999999999,141.76833,85.12367,0
KOVSIZ,2.92575,2.0209,3.9362,1.9153,4.935827,0.233702,5.052678,4.818976,0.5,1,1,0,4.5,3,6,3,2.0,2,3,1,91.42467,12.604,97.72667,85.12267,0
KOVSOF,4.02495,0.1752999999999995,4.1126,3.9373,5.949771,2.261236,7.080389,4.819153,0.5,1,1,0,5.0,4,7,3,2.5,3,4,1,91.85817,13.471000000000004,98.59367,85.12267,0
KOZKIT,0.6136,1.1948,1.211,0.0162,4.447949,2.656372,5.776135,3.119763,0.5,1,1,0,5.5,9,10,1,0.0,0,0,0,186.7415,168.76766000000003,271.12533,102.35767,0
KPIPFA10,0.77945,1.5589,1.5589,0.0,7.351323,0.6312940000000005,7.66697,7.035676,0.0,0,0,0,2.0,0,2,2,1.5,1,2,1,46.352665,46.97067,69.838,22.86733,0
KUCGAS,1.27725,0.5865,1.5705,0.984,5.6110645,0.3675649999999999,5.794847,5.427282,1.0,0,1,1,1.0,0,1,1,1.0,0,1,1,85.108665,7.105330000000009,88.66133,81.556,1
KUCGIA,1.3072,0.6466000000000001,1.6305,0.9839,5.6299895,0.329701,5.79484,5.465139,1.0,0,1,1,1.0,0,1,1,1.0,0,1,1,85.14517000000001,7.030999999999992,88.66067,81.62967,0
KUCQEG,2.2716,1.2949999999999997,2.9191,1.6241,5.4325505,0.5980689999999997,5.731585,5.133516,1.0,0,1,1,1.0,0,1,1,1.0,0,1,1,85.08600000000001,7.629339999999999,88.90067,81.27133,0
KUFBIY,0.4986,0.9962,0.9967,0.0005,5.285888,2.186978,6.379377,4.192399,1.0,2,2,0,4.5,7,8,1,2.5,3,4,1,125.65117,173.365,212.33367,38.96867,0
KUGKUV,3.85145,0.8289000000000004,4.2659,3.437,4.7117695,1.3161830000000003,5.369861,4.053678,1.0,0,1,1,3.0,2,4,2,1.5,1,2,1,124.186,69.73066,159.05133,89.32067,0
KUMRER,1.94255,3.8845,3.8848,0.0003,5.89738,1.7675040000000006,6.781132,5.013628,0.0,0,0,0,3.0,2,4,2,1.0,2,2,0,74.4945,117.87766000000002,133.43333,15.55567,0
KUNTUK,3.5162500000000003,2.4885000000000006,4.7605,2.272,5.6496385,0.8966949999999994,6.097986,5.201291,1.0,0,1,1,1.5,1,2,1,1.0,2,2,0,91.31333,54.61999999999999,118.62333,64.00333,0
KUQWOL,3.33545,5.1573,5.9141,0.7568,4.200641,0.9771459999999998,4.689214,3.712068,1.0,2,2,0,2.5,3,4,1,0.0,0,0,0,139.56933500000002,53.05733000000001,166.098,113.04067,0
KUQXAY,2.8893,4.2654000000000005,5.022,0.7566,3.858156,1.662146,4.689229,3.027083,1.0,2,2,0,2.5,3,4,1,0.0,0,0,0,163.71133500000002,4.780670000000015,166.10167,161.321,0
KUQXIG,2.6442499999999995,3.7759,4.5322,0.7563,3.966016,1.4468120000000004,4.689422,3.24261,1.0,2,2,0,2.5,3,4,1,0.0,0,0,0,155.89917,20.40300000000002,166.10067,145.69767,0
KUQXOM,2.9611,5.9066,5.9144,0.0078,4.1855835,0.9464129999999996,4.65879,3.712377,1.5,3,3,0,2.0,4,4,0,0.0,0,0,0,143.81,61.55200000000001,174.586,113.034,0
KUQXUS,2.51555,5.0153,5.0232,0.0079,3.8428905,1.6320169999999998,4.658899,3.026882,1.5,3,3,0,2.0,4,4,0,0.0,0,0,0,167.95017,13.270999999999988,174.58567,161.31467,1
KUQYEB,0.0001,0.0002,0.0002,0.0,5.392736,0.1007300000000004,5.443101,5.342371,1.5,1,2,1,3.0,2,4,2,2.0,4,4,0,125.546,14.220659999999995,132.65633,118.43567,0
KURGOU,1.54215,3.0843,3.0843,0.0,5.153948,0.3517060000000001,5.329801,4.978095,0.5,1,1,0,3.0,2,4,2,1.5,1,2,1,80.71833000000001,24.8,93.11833,68.31833,0
KUVYEH,3.7305,3.8622,5.6616,1.7994,5.476065999999999,4.3068,7.629466,3.322666,1.0,2,2,0,2.5,1,3,2,1.5,1,2,1,136.85150000000002,204.22434,238.96367,34.73933,0
KUVYOR,3.96935,3.3951,5.6669,2.2718,4.7097195,2.775833,6.097636,3.321803,1.5,1,2,1,2.0,2,3,1,1.0,2,2,0,151.497835,174.98433,238.99,64.00567,1
KUVYUX,2.8304,5.6608,5.6608,0.0,5.1364035,3.627055,6.949931,3.322876,1.0,2,2,0,2.5,1,3,2,1.0,2,2,0,148.33217,181.259,238.96167,57.70267,0
KUWMEW,4.894550000000001,1.5347,5.6619,4.1272,4.8653,3.085326,6.407963,3.322637,1.0,2,2,0,2.0,2,3,1,1.0,2,2,0,146.989,183.94934,238.96367,55.01433,0
KUWMUM,4.88425,1.5580999999999996,5.6633,4.1052,5.038481,3.4319939999999995,6.754478,3.322484,1.0,2,2,0,2.0,2,3,1,1.0,2,2,0,145.93533,186.07,238.97033,52.90033,0
KUWNAT,2.8311,5.6622,5.6622,0.0,4.9548295,3.264625,6.587142,3.322517,1.5,1,2,1,1.5,3,3,0,1.0,2,2,0,154.19533,169.542,238.96633,69.42433,0
LACSUG,2.01375,4.0261,4.0268,0.0007,5.018345,0.5367920000000002,5.286741,4.749949,1.0,0,1,1,3.0,2,4,2,1.5,3,3,0,86.45816500000001,54.40767,113.662,59.25433,0
LACTAN,3.1999500000000003,1.6541,4.027,2.3729,5.20504,0.910794,5.660437,4.749643,1.0,0,1,1,3.0,2,4,2,1.5,3,3,0,85.985,55.358,113.664,58.306,1
LACTER,3.96845,0.5592999999999999,4.2481,3.6888,4.831004,0.1097959999999993,4.885902,4.776106,1.0,0,1,1,3.0,2,4,2,1.5,3,3,0,86.1195,54.12434,113.18167,59.05733,0
LACTIV,2.01445,4.0265,4.0277,0.0012,4.1663935,1.1665690000000004,4.749678,3.583109,2.0,2,3,1,3.0,2,4,2,1.5,3,3,0,143.654,59.98200000000001,173.645,113.663,0
LACTOB,2.65585,2.0643,3.688,1.6237,5.0387385,0.5247209999999995,5.301099,4.776378,1.5,1,2,1,4.0,0,4,4,1.5,3,3,0,145.928165,65.49167000000001,178.674,113.18233,0
LACWEU,3.05605,1.9417000000000004,4.0269,2.0852,5.104823,0.7096439999999999,5.459645,4.750001,1.0,0,1,1,3.0,2,4,2,1.5,3,3,0,97.716665,31.89667,113.665,81.76833,0
LACWIY,1.84395,3.6879,3.6879,0.0,5.0318545,0.5109050000000002,5.287307,4.776402,1.0,0,1,1,3.0,2,4,2,1.5,3,3,0,86.213335,53.93133,113.179,59.24767,0
LADCAW,2.4558,0.3739999999999996,2.6428,2.2688,5.1442285000000005,0.0045349999999997,5.146496,5.141961,1.0,0,1,1,2.0,0,2,2,1.0,0,1,1,135.01933,22.92200000000001,146.48033,123.55833,0
LADCEA,1.1488,2.2966,2.2971,0.0005,6.3780985,2.474387,7.615292,5.140905,0.5,1,1,0,3.0,2,4,2,1.5,1,2,1,131.07882999999998,30.52500000000001,146.34133,115.81633,0
LADCIE,1.1486500000000002,2.2971,2.2972,0.0001,5.235248,0.1885780000000005,5.329537,5.140959,0.5,1,1,0,3.0,2,4,2,1.5,1,2,1,107.3295,78.02566,146.34233,68.31667,0
LADCUQ,1.13465,2.2689,2.2691,0.0002,6.3843405,2.4846189999999995,7.62665,5.142031,0.5,1,1,0,3.0,2,4,2,1.5,1,2,1,144.122835,4.712330000000009,146.479,141.76667,0
LADDEB,0.91335,1.8267,1.8267,0.0,5.065754,0.5273500000000002,5.329429,4.802079,0.5,1,1,0,3.0,2,4,2,1.5,1,2,1,97.040165,57.44233,125.76133,68.319,0
LADDIF,1.13175,2.2635,2.2635,0.0,6.3134185,2.3295770000000005,7.478207,5.14863,0.5,1,1,0,3.0,2,4,2,1.5,1,2,1,98.97233500000002,68.72267000000001,133.33367,64.611,0
LAGSOE,3.2403500000000003,0.3931,3.4369,3.0438,4.8597660000000005,1.020136,5.369834,4.349698,1.0,0,1,1,3.0,2,4,2,2.0,2,3,1,96.48517,14.332999999999998,103.65167,89.31867,0
LAGSUK,2.38055,2.1141000000000005,3.4376,1.3235,5.150622500000001,0.4382130000000002,5.369729,4.931516,1.0,0,1,1,3.0,2,4,2,2.0,2,3,1,97.0695,15.50166,104.82033,89.31867,0
LAGTAR,3.0982000000000003,0.6796000000000002,3.438,2.7584,4.7562595000000005,1.2275929999999995,5.370056,4.142463,1.0,0,1,1,3.0,2,4,2,2.0,2,3,1,96.386165,14.13566999999999,103.454,89.31833,0
LAGVAU,3.3731,1.9976000000000005,4.3719,2.3743,6.2688155000000005,1.293145,6.915388,5.622243,0.5,1,1,0,1.5,1,2,1,2.0,0,2,2,58.635835,43.71367,80.49267,36.779,0
LAHHAH,2.95445,0.9649,3.4369,2.472,5.497197,0.2549739999999998,5.624684,5.36971,1.0,0,1,1,2.5,1,3,2,1.5,1,2,1,98.51867,18.398,107.71767,89.31967,0
LAHHEL,2.5955000000000004,1.6842,3.4376,1.7534,5.387654,0.0356339999999999,5.405471,5.369837,1.0,0,1,1,3.0,2,4,2,2.0,2,3,1,101.19767,23.75200000000001,113.07367,89.32167,0
LAKXUS,3.0505,1.7228000000000003,3.9119,2.1891,4.5928955,0.8670709999999993,5.026431,4.15936,1.0,2,2,0,3.5,1,4,3,1.0,2,2,0,141.75817,16.483000000000004,149.99967,133.51667,0
LALVED,1.13225,1.9041,2.0843,0.1802,5.1087865,0.7032550000000004,5.460414,4.757159,1.0,0,1,1,3.5,3,5,2,2.0,4,4,0,96.06983,28.625,110.38233,81.75733,1
LAPLIY,1.173,2.3454,2.3457,0.0003,5.2560775,0.1899809999999995,5.351068,5.161087,2.0,0,2,2,2.0,0,2,2,1.0,2,2,0,177.324165,85.43033,220.03933,134.609,0
LASGOD,1.04245,2.0849,2.0849,0.0,4.996451,0.3970919999999998,5.194997,4.797905,1.0,2,2,0,2.5,3,4,1,1.0,2,2,0,92.16533,46.126000000000005,115.22833,69.10233,0
LASGUJ,1.1651,2.33,2.3301,0.0001,5.0517725,0.5575489999999999,5.330547,4.772998,1.0,2,2,0,2.5,3,4,1,1.0,2,2,0,99.515835,62.40432999999999,130.718,68.31367,0
LATBIT,2.9962,1.8326,3.9125,2.0799,5.148294,0.2409160000000003,5.268752,5.027836,0.5,1,1,0,3.5,1,4,3,1.0,2,2,0,115.9235,35.00699999999999,133.427,98.42,0
LATBOZ,3.5244,0.2767999999999997,3.6628,3.386,5.8300745,1.1141189999999996,6.387134,5.273015,0.5,1,1,0,2.5,1,3,2,1.5,1,2,1,96.293335,4.287329999999997,98.437,94.14967,0
LATDER,1.6249,3.248,3.2489,0.0009,5.9737355,3.305359,7.626415,4.321056,1.0,2,2,0,4.0,0,4,4,1.5,1,2,1,171.672,59.80734000000001,201.57567,141.76833,0
LATHOF,4.80905,1.2727000000000004,5.4454,4.1727,4.937164,0.093242,4.983785,4.890543,1.0,0,1,1,2.5,1,3,2,1.0,2,2,0,130.28367,47.108,153.83767,106.72967,1
LATHUL,2.0858,4.1708,4.1712,0.0004,4.238037,1.3062100000000003,4.891142,3.584932,2.0,2,3,1,2.5,1,3,2,1.0,2,2,0,140.16983499999998,66.89433,173.617,106.72267,0
LATJAT,0.0,0.0,0.0,0.0,6.1976345,2.563807,7.479538,4.915731,1.0,2,2,0,3.0,2,4,2,1.0,2,2,0,101.034,72.85934,137.46367,64.60433,0
LATKEY,2.68375,5.3675,5.3675,0.0,6.180337,2.599324,7.479999,4.880675,0.5,1,1,0,3.5,1,4,3,1.5,1,2,1,104.473,79.74134000000001,144.34367,64.60233,0
LATKOI,4.3763000000000005,1.9812000000000003,5.3669,3.3857,5.076582,0.3926160000000003,5.27289,4.880274,1.0,0,1,1,3.0,0,3,3,1.5,1,2,1,121.3905,45.90965999999999,144.34533,98.43567,0
LATKUN,0.0007,0.0012,0.0013,0.0001,6.1045695,1.6079910000000002,6.908565,5.300574,0.5,1,1,0,4.0,0,4,4,1.0,2,2,0,141.791665,101.40933,192.49633,91.087,0
LATKUO,2.11505,0.1871,2.2086,2.0215,5.0592935,0.7060010000000005,5.412294,4.706293,1.0,0,1,1,3.0,0,3,3,2.0,0,2,2,98.44867,2.164000000000001,99.53067,97.36667,0
LATLAU,0.0002,0.0004,0.0004,0.0,5.343441,0.0259980000000004,5.35644,5.330442,0.5,1,1,0,4.0,0,4,4,1.0,2,2,0,130.111165,123.59033,191.90633,68.316,0
LATLAV,3.7873,3.1608,5.3677,2.2069,4.7932155000000005,0.1740909999999997,4.880261,4.70617,1.0,0,1,1,3.0,0,3,3,1.5,1,2,1,120.858165,46.98033000000001,144.34833,97.368,0
LATLEY,0.0003,0.0006,0.0006,0.0,6.4176815000000005,2.122421,7.478892,5.356471,0.5,1,1,0,4.0,0,4,4,1.0,2,2,0,128.257,127.298,191.906,64.608,0
LATLIC,0.47845,0.9557,0.9563,0.0006,5.4275595,0.2534390000000002,5.554279,5.30084,1.0,0,1,1,4.0,0,4,4,1.0,2,2,0,152.47816999999998,80.023,192.48967,112.46667,0
LATNAX,1.9161,3.8322,3.8322,0.0,5.6910105,2.5189970000000006,6.950509,4.431512,0.5,1,1,0,3.5,3,5,2,0.5,1,1,0,140.19133,164.988,222.68533,57.69733,0
LATNEB,3.97885,0.2954999999999996,4.1266,3.8311,5.419798999999999,1.9768920000000003,6.408245,4.431353,0.5,1,1,0,3.0,4,5,1,0.5,1,1,0,138.8495,167.67166,222.68533,55.01367,0
LATQEE,2.7431,0.7730000000000001,3.1296,2.3566,5.909471,3.092084,7.455513,4.363429,1.0,2,2,0,4.0,0,4,4,1.5,1,2,1,144.8875,135.14234000000002,212.45867,77.31633,0
LATQII,2.4044,0.0935999999999999,2.4512,2.3576,5.018993,1.3110300000000006,5.674508,4.363478,1.0,2,2,0,4.0,0,4,4,1.5,1,2,1,139.128,146.66934,212.46267,65.79333,0
LATQOO,3.215,1.718,4.074,2.356,4.9965405,1.266749,5.629915,4.363166,1.5,1,2,1,3.5,1,4,3,1.0,0,1,1,164.69716499999998,95.52967,212.462,116.93233,0
LATQUU02,2.2815000000000003,0.1484000000000001,2.3557,2.2073,4.534457,0.342136,4.705525,4.363389,1.5,1,2,1,3.5,1,4,3,1.5,1,2,1,154.914335,115.07933,212.454,97.37467,0
LATSEG,2.8876,1.4634,3.6193,2.1559,5.7216985000000005,1.5175609999999995,6.480479,4.962918,0.5,1,1,0,3.0,2,4,2,2.0,2,3,1,82.91517,44.031000000000006,104.93067,60.89967,0
LATTAD,1.01095,2.0213,2.0216,0.0003,5.3716925,0.0815769999999993,5.412481,5.330904,0.5,1,1,0,3.5,1,4,3,2.0,0,2,2,83.9205,31.21834,99.52967,68.31133,0
LATTIL,1.96855,3.9361,3.9366,0.0005,5.074683500000001,0.5115129999999999,5.33044,4.818927,0.5,1,1,0,3.5,1,4,3,1.5,1,2,1,76.7185,16.804999999999993,85.121,68.316,0
LAWBER,1.87725,1.8397,2.7971,0.9574,5.8604295,0.6123050000000001,6.166582,5.554277,1.0,0,1,1,2.5,3,4,1,1.0,2,2,0,95.032165,34.86766999999999,112.466,77.59833,1
LEBVIB,3.12005,3.675100000000001,4.9576,1.2825,5.2884245,0.2809289999999995,5.428889,5.14796,1.5,1,2,1,3.0,2,4,2,1.5,1,2,1,143.494835,76.69967000000001,181.84467,105.145,0
LEBVOH,1.0972,2.194,2.1942,0.0002,6.582896,2.066014,7.615903,5.549889,0.5,1,1,0,3.0,2,4,2,1.5,1,2,1,97.532,14.993340000000003,105.02867,90.03533,0
LECDOP,0.5300499999999999,0.2028999999999999,0.6315,0.4286,5.0459265,0.4367890000000001,5.264321,4.827532,1.0,0,1,1,3.5,3,5,2,1.5,3,3,0,96.8955,47.25366,120.52233,73.26867,0
LECDUV,0.69055,0.5230999999999999,0.9521,0.429,5.1154215,0.5757849999999998,5.403314,4.827529,1.0,0,1,1,3.5,3,5,2,1.5,3,3,0,103.6535,33.74033999999999,120.52367,86.78333,0
LECFAD,1.17315,2.3461,2.3462,0.0001,5.1498815,0.6231629999999999,5.461463,4.8383,1.0,0,1,1,3.5,3,5,2,1.5,3,3,0,118.071335,5.222670000000008,120.68267,115.46,0
LEDXOJ,4.62585,1.1669,5.2093,4.0424,3.982626,0.4206879999999997,4.19297,3.772282,1.0,0,1,1,5.5,1,6,5,0.5,1,1,0,245.45550000000003,49.14766,270.02933,220.88167,0
LEDYUQ,0.0014,0.0004,0.0016,0.0012,4.8748465,0.8923630000000005,5.321028,4.428665,0.0,0,0,0,3.0,2,4,2,1.0,2,2,0,96.406,23.432,108.122,84.69,0
LEFYAY,3.06065,2.0891,4.1052,2.0161,5.298242,2.9122919999999994,6.754388,3.842096,0.5,1,1,0,3.0,4,5,1,1.5,3,3,0,90.370665,74.93932999999998,127.84033,52.901,0
LEGPIY,1.28455,2.5677,2.5684,0.0007,4.909776,0.8641000000000005,5.341826,4.477726,1.5,1,2,1,2.5,1,3,2,1.0,2,2,0,118.0585,29.194339999999983,132.65567,103.46133,0
LEJSEB,4.0573,4.7046,6.4096,1.705,5.421435,3.32147,7.08217,3.7607,1.0,2,2,0,2.0,2,3,1,0.0,0,0,0,158.9535,212.46634,265.18667,52.72033,0
LEMHIU,1.85215,3.7009,3.7026,0.0017,7.6855435,1.3785510000000007,8.374819,6.996268,0.0,0,0,0,1.5,1,2,1,1.0,2,2,0,85.325165,97.59367000000002,134.122,36.52833,0
LEPCES,0.799,1.598,1.598,0.0,5.919446,3.449178,7.644035,4.194857,1.0,2,2,0,2.0,0,2,2,0.5,1,1,0,119.58167,120.804,179.98367,59.17967,0
LEPCIW,0.79875,1.5971,1.5973,0.0002,5.7381985,3.812685,7.644541,3.831856,1.0,2,2,0,3.0,2,4,2,0.5,1,1,0,114.298665,110.24333,169.42033,59.177,0
LEPDAP,0.82085,1.6413,1.6415,0.0002,5.735647,3.806828,7.639061,3.832233,1.0,2,2,0,3.0,2,4,2,0.5,1,1,0,120.328835,98.12633,169.392,71.26567,0
LEQMON,1.5286,3.032,3.0446,0.0126,5.8810315,1.6602490000000003,6.711156,5.050907,1.0,0,1,1,4.0,4,6,2,2.0,2,3,1,97.96683,17.525000000000006,106.72933,89.20433,0
LESBOC,2.0567,0.2014,2.1574,1.956,5.4561910000000005,2.04884,6.480611,4.431771,1.0,2,2,0,2.5,1,3,2,1.0,0,1,1,150.535165,179.27633,240.17333,60.897,0
LETJUT,2.08645,4.1729,4.1729,0.0,5.7771295,1.7729890000000008,6.663624,4.890635,0.5,1,1,0,3.5,1,4,3,2.0,0,2,2,92.887835,27.68233,106.729,79.04667,0
LETSAG,1.6769,0.516,1.9349,1.4189,4.6148235,1.965253,5.59745,3.632197,2.0,2,3,1,1.5,1,2,1,0.5,1,1,0,134.719,86.30400000000002,177.871,91.567,0
LEWPUY,2.38965,3.5623,4.1708,0.6085,5.0711425000000006,0.3602429999999996,5.251264,4.891021,1.0,0,1,1,3.0,0,3,3,1.5,1,2,1,88.97550000000001,35.49834,106.72467,71.22633,0
LEWRAG,1.23625,2.4043,2.4384,0.0341,5.4569785,0.493271,5.703614,5.210343,1.0,0,1,1,3.0,0,3,3,1.0,0,1,1,90.012665,37.31933000000001,108.67233,71.353,1
LEWREK,2.3113,3.4004,4.0115,0.6111,5.31398,0.1253779999999995,5.376669,5.251291,1.0,0,1,1,3.0,0,3,3,1.0,0,1,1,105.488165,68.52232999999998,139.74933,71.227,0
LEWRIO,2.4849,3.747,4.3584,0.6114,5.3213215,0.1394029999999997,5.391023,5.25162,1.0,0,1,1,3.0,0,3,3,1.0,0,1,1,106.1535,69.85499999999999,141.081,71.226,0
LEWROY,2.9499,1.5339999999999998,3.7169,2.1829,6.2354935000000005,1.1998070000000007,6.835397,5.63559,0.5,1,1,0,1.5,1,2,1,1.5,1,2,1,69.827335,42.04867,90.85167,48.803,0
LEXPIQ,2.79155,1.7471,3.6651,1.918,3.8777295,0.971785,4.363622,3.391837,2.5,1,3,2,1.5,1,2,1,1.0,0,1,1,203.178,0.0133399999999994,203.18467,203.17133,0
LEXPOW,2.85065,1.6271,3.6642,2.0371,4.303509,0.1197060000000007,4.363362,4.243656,2.0,0,2,2,1.5,1,2,1,1.0,0,1,1,172.886165,60.59633,203.18433,142.588,0
LEXQAJ,3.3535500000000003,0.6213000000000002,3.6642,3.0429,4.3567515,0.0138129999999998,4.363658,4.349845,1.5,1,2,1,2.5,3,4,1,2.0,2,3,1,153.417165,99.53167,203.183,103.65133,0
LEXQEM,0.80615,1.6119,1.6121,0.0002,6.408686,2.414332,7.615852,5.20152,0.5,1,1,0,3.5,1,4,3,1.5,1,2,1,113.542165,47.01633,137.05033,90.034,0
LEXQIQ,1.97235,0.7238999999999998,2.3343,1.6104,6.310022999999999,2.218462,7.419254,5.200792,0.5,1,1,0,3.5,1,4,3,1.5,1,2,1,133.1705,7.763660000000016,137.05233,129.28867,0
LEXQOW,2.52435,1.2013,3.125,1.9237,6.4603075,2.325657,7.623136,5.297479,0.5,1,1,0,3.5,1,4,3,1.5,1,2,1,125.300335,6.968670000000003,128.78467,121.816,0
LEZTET,2.4588,2.0078,3.4627,1.4549,4.59632,1.5375059999999996,5.365073,3.827567,1.5,1,2,1,1.5,1,2,1,1.0,0,1,1,119.029665,48.75733000000001,143.40833,94.651,0
LIDNOE,4.1847,2.5338,5.4516,2.9178,5.4086015,0.0436869999999993,5.430445,5.386758,1.0,0,1,1,2.5,1,3,2,1.5,1,2,1,105.990165,6.537670000000006,109.259,102.72133,0
LIDNUK,4.1853,2.5324000000000004,5.4515,2.9191,5.4085725,0.0437630000000002,5.430454,5.386691,1.0,0,1,1,2.5,1,3,2,1.5,1,2,1,105.98683,6.537000000000006,109.25533,102.71833,0
LIDPIA,3.5572,2.9554000000000005,5.0349,2.0795,5.2859465,0.0342349999999997,5.303064,5.268829,1.0,0,1,1,2.5,1,3,2,1.5,1,2,1,107.91317,18.985,117.40567,98.42067,0
LIDPOG,3.007,1.8548,3.9344,2.0796,5.423178,0.3082600000000006,5.577308,5.269048,1.0,0,1,1,2.0,2,3,1,1.5,1,2,1,104.4245,12.009659999999997,110.42933,98.41967,0
LIDVAW,2.7696,5.5392,5.5392,0.0,5.505092,0.6874359999999999,5.84881,5.161374,1.5,1,2,1,3.0,2,4,2,1.0,2,2,0,143.5505,17.91300000000001,152.507,134.594,0
LIGNAT,2.31095,0.7717,2.6968,1.9251,5.395580000000001,0.1967600000000002,5.49396,5.2972,1.0,0,1,1,2.5,1,3,2,1.0,0,1,1,113.920665,15.787329999999995,121.81433,106.027,0
LIGNIB,0.9625,1.9244,1.9247,0.0003,6.456087999999999,2.318468,7.615322,5.296854,0.5,1,1,0,3.5,1,4,3,1.5,1,2,1,105.929,31.78533999999999,121.82167,90.03633,0
LIGNOH,2.05385,0.2578999999999998,2.1828,1.9249,5.4665035,0.3389849999999992,5.635996,5.297011,1.0,0,1,1,2.5,1,3,2,1.0,0,1,1,106.33383,30.967,121.81733,90.85033,0
LIGPAV,1.13295,2.2655,2.2657,0.0002,5.306782,0.0436459999999998,5.328605,5.284959,0.5,1,1,0,3.5,1,4,3,1.5,1,2,1,95.22133,53.80800000000001,122.12533,68.31733,0
LIGPOJ,1.8534,0.1435999999999999,1.9252,1.7816,6.390143500000001,2.1866510000000003,7.483469,5.296818,0.5,1,1,0,2.5,1,3,2,1.0,0,1,1,96.190335,51.260670000000005,121.82067,70.56,0
LIGQID,3.6109,0.6100000000000003,3.9159,3.3059,5.8010695000000005,2.156987,6.879563,4.722576,1.0,2,2,0,3.0,4,5,1,1.5,1,2,1,112.460335,144.90133,184.911,40.00967,0
LINFIX,3.8401,5.2494000000000005,6.4648,1.2154,4.1714855,0.791715,4.567343,3.775628,1.0,0,1,1,2.5,1,3,2,1.0,0,1,1,158.79533500000002,53.78333000000001,185.687,131.90367,0
LIPXUD,2.03425,2.4767,3.2726,0.7959,4.845462,0.195246,4.943085,4.747839,2.5,1,3,2,2.0,0,2,2,1.0,2,2,0,162.16183,3.2469999999999857,163.78533,160.53833,0
LIPYAK,3.1147,0.3170000000000001,3.2732,2.9562,4.7632595,0.0308770000000002,4.778698,4.747821,2.5,1,3,2,2.5,1,3,2,1.0,2,2,0,171.98633,16.394000000000005,180.18333,163.78933,0
LIQFAU,2.42405,3.0579,3.953,0.8951,5.024668,0.5782039999999995,5.31377,4.735566,0.5,1,1,0,2.5,1,3,2,1.0,0,1,1,99.288335,0.0466700000000059,99.31167,99.265,0
LIQQAF,6.3268,4.1558,8.4047,4.2489,5.754281,1.889222,6.698892,4.80967,1.0,2,2,0,2.5,3,4,1,1.0,0,1,1,180.886335,173.12667000000005,267.44967,94.323,0
LIQQEJ,4.39815,0.0907,4.4435,4.3528,5.7199335,1.903561,6.671714,4.768153,1.0,2,2,0,2.5,3,4,1,1.0,0,1,1,175.292,184.926,267.755,82.829,1
LIQSIQ,2.22,4.44,4.44,0.0,5.2329295,0.1042649999999998,5.285062,5.180797,1.0,0,1,1,4.0,4,6,2,1.5,3,3,0,94.921835,71.29432999999999,130.569,59.27467,0
LIQSUC,0.00085,9.999999999999994e-05,0.0009,0.0008,5.0714760000000005,0.4296259999999998,5.286289,4.856663,1.0,0,1,1,5.0,6,8,2,2.0,4,4,0,106.507,94.48334,153.74867,59.26533,0
LIQTIP,4.0007,7.9988,8.0001,0.0013,5.4031075,0.5151950000000003,5.660705,5.14551,1.0,0,1,1,6.5,1,7,6,1.5,3,3,0,146.32667,24.49000000000001,158.57167,134.08167,0
LIYBUT,4.3294,0.4484000000000003,4.5536,4.1052,5.635548,2.2381080000000004,6.754602,4.516494,0.5,1,1,0,1.5,1,2,1,0.5,1,1,0,128.1445,150.48966,203.38933,52.89967,0
LODFUH,3.73525,7.4695,7.47,0.0005,5.612894000000001,2.67424,6.950014,4.275774,0.5,1,1,0,4.0,4,6,2,1.5,3,3,0,140.793335,166.19267,223.88967,57.697,0
LODGAO02,5.3111,2.4126000000000003,6.5174,4.1048,5.5409895,2.426731,6.754355,4.327624,0.5,1,1,0,3.5,5,6,1,1.5,3,3,0,137.332165,168.86233,221.76333,52.901,0
LODGAO,5.75525,3.2995,7.405,4.1055,5.5326625,2.4435710000000004,6.754448,4.310877,0.5,1,1,0,3.5,5,6,1,1.5,3,3,0,140.2945,174.78966000000003,227.68933,52.89967,0
LODGUH,3.18545,2.3943000000000003,4.3826,1.9883,4.8999175,1.7103350000000006,5.755085,4.04475,1.5,1,2,1,1.5,1,2,1,0.5,1,1,0,165.83633500000002,175.80067,253.73667,77.936,0
LODHOD,2.1912000000000003,0.3393999999999999,2.3609,2.0215,5.150371,0.5239739999999999,5.412358,4.888384,1.0,0,1,1,4.0,2,5,3,3.0,2,4,2,104.388335,9.715329999999994,109.246,99.53067,0
LOFKIB,3.5509500000000003,0.2269000000000001,3.6644,3.4375,4.866473,1.0068599999999996,5.369903,4.363043,1.5,1,2,1,1.5,1,2,1,1.0,0,1,1,146.253,113.866,203.186,89.32,0
LOFLAV,5.3595500000000005,2.3755,6.5473,4.1718,4.6267115,0.528511,4.890967,4.362456,1.0,0,1,1,4.5,3,6,3,2.5,1,3,2,164.173,114.89934,221.62267,106.72333,0
LOHNOM,1.3516,2.7012,2.7022,0.001,5.3483035,1.9512610000000008,6.323934,4.372673,1.0,2,2,0,1.5,1,2,1,1.5,1,2,1,111.48283,88.373,155.66933,67.29633,0
LOLSUA,1.8038,0.181,1.8943,1.7133,5.649426500000001,0.8341590000000005,6.066506,5.232347,1.0,0,1,1,1.0,0,1,1,0.5,1,1,0,115.332665,74.57066999999999,152.618,78.04733,0
LOMHUR,1.99525,3.9867,3.9886,0.0019,5.295320500000001,0.0938129999999999,5.342227,5.248414,1.5,1,2,1,4.0,4,6,2,1.5,3,3,0,147.1225,28.91966000000002,161.58233,132.66267,1
LOMPIM,2.24395,1.3269,2.9074,1.5805,5.86979,3.417224,7.578402,4.161178,1.5,3,3,0,2.0,2,3,1,1.0,0,1,1,153.230665,238.34933,272.40533,34.056,0
LOMREM,4.2317,0.2507999999999999,4.3571,4.1063,5.420655,2.667854,6.754582,4.086728,0.5,1,1,0,3.0,4,5,1,1.5,3,3,0,111.739,117.67866,170.57833,52.89967,0
LOTGIK,3.7931,0.6242000000000001,4.1052,3.481,5.4262635,2.6564429999999994,6.754485,4.098042,2.0,4,4,0,2.5,3,4,1,1.0,2,2,0,170.581335,235.36133,288.262,52.90067,0
LOTGOQ,2.8822,2.4482,4.1063,1.6581,5.464685,2.579758,6.754564,4.174806,2.0,4,4,0,2.5,3,4,1,1.0,2,2,0,170.79350000000002,235.78834000000003,288.68767,52.89933,0
LOWNUJ,2.7444,1.9292,3.709,1.7798,4.446559499999999,0.0795570000000003,4.486338,4.406781,1.0,0,1,1,3.0,0,3,3,1.0,0,1,1,179.8315,18.58699999999999,189.125,170.538,0
LOXCUY,1.7186,3.4372,3.4372,0.0,5.481745500000001,0.2246049999999995,5.594048,5.369443,1.0,0,1,1,3.0,2,4,2,2.5,3,4,1,102.8965,27.14766,116.47033,89.32267,0
LOYRIC,0.4778,0.9552,0.9554,0.0002,5.3578965,0.3928729999999998,5.554333,5.16146,1.5,1,2,1,3.0,2,4,2,1.0,2,2,0,123.540835,22.13566999999999,134.60867,112.473,0
LUJCID,1.8,0.7372000000000001,2.1686,1.4314,4.542279499999999,0.2065489999999998,4.645554,4.439005,3.5,1,4,3,2.0,0,2,2,1.0,2,2,0,225.797335,60.976669999999984,256.28567,195.309,0
LUJCOJ,0.71685,1.4331,1.4334,0.0003,4.890732,0.9032660000000003,5.342365,4.439099,3.0,2,4,2,2.0,0,2,2,1.0,2,2,0,194.4735,123.625,256.286,132.661,1
LUJCUP,0.5582,1.1164,1.1164,0.0,4.696408,0.4210379999999993,4.906927,4.485889,3.0,2,4,2,2.0,0,2,2,1.0,2,2,0,210.521665,87.39533,254.21933,166.824,0
LUJDAW,0.90545,1.0545,1.4327,0.3782,4.2476015,0.3833870000000008,4.439295,4.055908,3.0,2,4,2,2.5,1,3,2,1.0,2,2,0,202.876665,106.80267,256.278,149.47533,0
LUJSIT,2.38025,4.7605,4.7605,0.0,4.9635715000000005,0.4754530000000008,5.201298,4.725845,1.5,1,2,1,1.0,2,2,0,1.0,2,2,0,119.6725,2.0970000000000084,120.721,118.624,0
LUJSOZ,1.1425500000000002,2.2845,2.2848,0.0003,4.394469,1.621648,5.205293,3.583645,2.0,2,3,1,2.0,0,2,2,1.0,2,2,0,146.061665,55.15866999999999,173.641,118.48233,0
LULROC,1.8096,2.593,3.1061,0.5131,5.4509195,1.2142109999999997,6.058025,4.843814,2.0,0,2,2,2.5,1,3,2,1.0,2,2,0,190.1585,54.17500000000001,217.246,163.071,0
LUMYOH,3.5768,1.1916000000000002,4.1726,2.981,5.389265,0.8049459999999993,5.791738,4.986792,2.0,2,3,1,1.5,1,2,1,0.5,1,1,0,202.518335,68.35667000000001,236.69667,168.34,0
LUNMAI,3.42215,0.0302999999999999,3.4373,3.407,4.954516,0.8304919999999996,5.369762,4.53927,1.0,0,1,1,2.0,0,2,2,1.0,0,1,1,109.344835,40.05033,129.37,89.31967,0
LUNMEM,2.1939,2.4846,3.4362,0.9516,5.131349,0.4756920000000004,5.369195,4.893503,1.0,0,1,1,2.5,1,3,2,1.5,1,2,1,93.106335,7.569330000000008,96.891,89.32167,0
LUNMIQ,3.8845,0.8943999999999996,4.3317,3.4373,4.753989,1.2319700000000005,5.369974,4.138004,1.0,0,1,1,2.5,1,3,2,1.0,0,1,1,110.5055,42.37100000000001,131.691,89.32,0
LUNMOW,2.7386,1.4016000000000002,3.4394,2.0378,5.586641,0.4325219999999996,5.802902,5.37038,1.0,0,1,1,2.0,0,2,2,1.0,0,1,1,104.5395,30.43566,119.75733,89.32167,0
LUNMPO10,6.29195,7.692299999999999,10.1381,2.4458,3.924132,1.474466,4.661365,3.186899,1.5,1,2,1,3.0,2,4,2,1.5,1,2,1,180.894335,93.77333000000002,227.781,134.00767,0
LUNMUC,3.32935,0.2165000000000003,3.4376,3.2211,6.184312500000001,1.6294750000000002,6.99905,5.369575,0.5,1,1,0,2.0,0,2,2,1.0,0,1,1,137.960335,97.27667,186.59867,89.322,0
LUNNAJ,3.15705,0.5606999999999998,3.4374,2.8767,6.5279365,2.315729,7.685801,5.370072,0.5,1,1,0,2.0,0,2,2,1.0,0,1,1,68.70949999999999,41.21965999999999,89.31933,48.09967,0
LUNNEN,2.2718,2.3302,3.4369,1.1067,5.281325,0.1760640000000002,5.369357,5.193293,0.5,1,1,0,3.0,2,4,2,1.0,0,1,1,91.987665,5.329330000000013,94.65233,89.323,0
LUNNIR,1.82785,3.2185,3.4371,0.2186,5.868676499999999,0.9979690000000004,6.367661,5.369692,0.5,1,1,0,3.5,3,5,2,1.5,1,2,1,96.658835,14.676329999999991,103.997,89.32067,0
LUNNOX,1.719,3.4376,3.4378,0.0002,5.349534500000001,0.040273,5.369671,5.329398,0.5,1,1,0,3.0,2,4,2,1.5,1,2,1,78.81833,21.001999999999995,89.31933,68.31733,0
LUNNUD,1.7188,3.4374,3.4375,0.0001,6.424812,2.110068,7.479846,5.369778,0.5,1,1,0,3.0,2,4,2,1.5,1,2,1,76.963165,24.71367,89.32,64.60633,0
LUNYAU,0.77905,1.5581,1.5581,0.0,6.477520999999999,2.382034,7.668538,5.286504,0.5,1,1,0,2.0,0,2,2,0.5,1,1,0,41.06467,36.392,59.26067,22.86867,0
LUNYEY,0.8999,1.7998,1.7998,0.0,6.4578685,2.3427550000000004,7.629246,5.286491,0.5,1,1,0,2.0,0,2,2,0.5,1,1,0,47.0,24.521339999999995,59.26067,34.73933,0
LUNYIC,0.8345,1.669,1.669,0.0,6.467241,2.3624079999999994,7.648445,5.286037,0.5,1,1,0,2.0,0,2,2,0.5,1,1,0,52.95133,12.625999999999998,59.26433,46.63833,0
LUNYOI,0.7986,1.5972,1.5972,0.0,6.4658775,2.358053,7.644904,5.286851,0.5,1,1,0,2.0,0,2,2,0.5,1,1,0,59.217335,0.0793299999999987,59.257,59.17767,0
LUNYUO,0.83015,1.6603,1.6603,0.0,6.463267999999999,2.353768,7.640152,5.286384,0.5,1,1,0,2.0,0,2,2,0.5,1,1,0,65.5375,12.55299999999999,71.814,59.261,0
LUNZAV,0.79,1.58,1.58,0.0,6.461721,2.3505400000000005,7.636991,5.286451,0.5,1,1,0,2.0,0,2,2,0.5,1,1,0,71.922665,25.32932999999999,84.58733,59.258,0
LUNZEZ,0.8308,1.6616,1.6616,0.0,6.461136,2.3493000000000004,7.635786,5.286486,0.5,1,1,0,2.0,0,2,2,0.5,1,1,0,78.33850000000001,38.15166000000001,97.41433,59.26267,0
LUNZID,0.789,1.578,1.578,0.0,6.4604870000000005,2.3476799999999995,7.634327,5.286647,0.5,1,1,0,2.0,0,2,2,0.5,1,1,0,84.788665,51.05267,110.315,59.26233,0
LUNZOJ,0.83135,1.6627,1.6627,0.0,6.460119,2.3479840000000003,7.634111,5.286127,0.5,1,1,0,2.0,0,2,2,0.5,1,1,0,91.25667,63.984,123.24867,59.26467,0
LUNZUP,0.78885,1.5777,1.5777,0.0,6.459266,2.346134,7.632333,5.286199,0.5,1,1,0,2.0,0,2,2,0.5,1,1,0,97.7435,76.96434,136.22567,59.26133,0
LUSWEB,0.14065,0.2804999999999999,0.2809,0.0004,4.2527025,0.8535129999999995,4.679459,3.825946,3.0,2,4,2,5.0,6,8,2,2.0,4,4,0,208.365165,43.05566999999999,229.893,186.83733,0
LUTDUR01,2.59535,2.2109,3.7008,1.4899,6.447905,1.0976340000000002,6.996722,5.899088,0.5,1,1,0,1.0,0,1,1,1.0,2,2,0,64.308335,55.55867,92.08767,36.529,0
LUTPIC,2.73185,1.0509,3.2573,2.2064,4.2539275,0.9032749999999998,4.705565,3.80229,1.0,0,1,1,2.5,1,3,2,1.5,1,2,1,125.940665,57.14332999999999,154.51233,97.369,0
LUTXOP,1.64355,3.2863,3.2867,0.0004,5.2498145,0.1853309999999997,5.34248,5.157149,1.5,1,2,1,2.5,1,3,2,0.5,1,1,0,136.770835,8.229669999999999,140.88567,132.656,0
LUTXUV,1.5902,3.18,3.1802,0.0002,5.248053499999999,0.1888969999999998,5.342502,5.153605,1.5,1,2,1,2.5,1,3,2,0.5,1,1,0,143.24933,21.184,153.84133,132.65733,0
MADGIK,5.839700000000001,2.9408000000000003,7.3101,4.3693,6.016335,1.1442680000000005,6.588469,5.444201,0.0,0,0,0,3.5,5,6,1,1.5,1,2,1,102.97383,64.093,135.02033,70.92733,0
MADSIW,5.85865,3.0137,7.3655,4.3518,6.0592415,1.2240070000000003,6.671245,5.447238,0.0,0,0,0,3.5,5,6,1,1.5,1,2,1,108.864835,52.06367,134.89667,82.833,0
MADSOC,5.74385,3.2335,7.3606,4.1271,5.9273545,0.961361,6.408035,5.446674,0.0,0,0,0,3.5,5,6,1,1.0,2,2,0,94.972,79.91666000000001,134.93033,55.01367,0
MADTAP,6.1797,2.262,7.3107,5.0487,5.4255625,0.0371529999999999,5.444139,5.406986,0.5,1,1,0,4.0,4,6,2,1.5,1,2,1,112.38633,45.27000000000001,135.02133,89.75133,0
MAFQIU,2.12835,0.0867,2.1717,2.085,5.070475,0.5444519999999997,5.342701,4.798249,2.0,0,2,2,1.5,1,2,1,1.0,2,2,0,151.98666500000002,73.51933,188.74633,115.227,0
MAHKAJ,1.4075,2.815,2.815,0.0,4.0969465,1.026239,4.610066,3.583827,2.0,2,3,1,2.5,1,3,2,0.5,1,1,0,144.060665,59.17532999999999,173.64833,114.473,0
MAHKEN,2.3728,0.8766,2.8111,1.9345,4.1214345,0.9778290000000004,4.610349,3.63252,2.0,2,3,1,2.0,2,3,1,0.5,1,1,0,146.165,63.416,177.873,114.457,0
MAKWAA,1.27845,2.5543,2.5556,0.0013,5.379986000000001,0.1217440000000005,5.440858,5.319114,0.5,1,1,0,1.5,1,2,1,0.5,1,1,0,111.292165,53.20167000000001,137.893,84.69133,0
MAMCAF,2.1177,4.2354,4.2354,0.0,5.23366,2.706644,6.586982,3.880338,1.0,0,1,1,1.5,3,3,0,0.5,1,1,0,141.69182999999998,144.533,213.95833,69.42533,0
MAMPUM01,0.0,0.0,0.0,0.0,3.3186565,0.5328710000000001,3.585092,3.052221,1.5,3,3,0,3.0,2,4,2,1.0,2,2,0,147.7245,51.74633999999999,173.59767,121.85133,0
MAMPUM02,0.00035,0.0004999999999999,0.0006,0.0001,3.318067,0.5321020000000001,3.584118,3.052016,1.5,3,3,0,3.0,2,4,2,1.0,2,2,0,147.74833,51.77799999999999,173.63733,121.85933,1
MARXUC,4.91275,1.6149000000000004,5.7202,4.1053,5.902182,1.7046019999999995,6.754483,5.049881,0.5,1,1,0,3.0,4,5,1,0.5,1,1,0,88.387,70.96866,123.87133,52.90267,0
MAYGAV,0.2896,0.3318,0.4555,0.1237,6.3766275,2.822207,7.787731,4.965524,0.0,0,0,0,7.0,6,10,4,3.0,0,3,3,101.15933,123.84799999999998,163.08333,39.23533,1
MBZDCN,0.00115,0.0023,0.0023,0.0,2.685342,1.430726,3.400705,1.969979,1.0,2,2,0,2.0,0,2,2,0.0,0,0,0,201.421665,122.60667000000004,262.725,140.11833,0
MEBHAD,3.21305,1.7860999999999998,4.1061,2.32,5.6066495,2.295917,6.754608,4.458691,1.0,2,2,0,3.5,5,6,1,1.0,2,2,0,139.140835,172.47967,225.38067,52.901,0
MEBRER,0.79185,1.5837,1.5837,0.0,4.8622625,0.5858150000000002,5.15517,4.569355,1.5,1,2,1,3.5,3,5,2,1.0,2,2,0,134.036,106.758,187.415,80.657,0
MECHAF,2.6191500000000003,2.0333,3.6358,1.6025,5.8910935,0.481687,6.131937,5.65025,1.0,0,1,1,1.5,1,2,1,1.0,0,1,1,98.355,5.953339999999997,101.33167,95.37833,0
MEFJAI,0.67165,1.3427,1.343,0.0003,4.414293499999999,1.6620029999999997,5.245295,3.583292,2.5,1,3,2,2.0,0,2,2,1.0,2,2,0,163.833165,19.63833,173.65233,154.014,0
MEFLUF,1.4733,2.9458,2.9462,0.0004,5.5651805,0.6973650000000005,5.913863,5.216498,2.5,1,3,2,3.5,3,5,2,2.5,5,5,0,202.59683,93.931,249.56233,155.63133,0
MEFMAM,1.67495,3.3499,3.3499,0.0,5.256598,0.0594999999999998,5.286348,5.226848,2.0,2,3,1,3.5,3,5,2,2.5,5,5,0,154.418665,190.32533,249.58133,59.256,0
MEKWUU,0.00045,0.0009,0.0009,0.0,5.5346215,0.7585549999999994,5.913899,5.155344,1.5,1,2,1,2.0,0,2,2,1.0,2,2,0,118.144835,74.97567,155.63267,80.657,0
MEKXAB,2.0642,4.125,4.1267,0.0017,4.8694775,3.077459,6.408207,3.330748,1.0,2,2,0,6.5,11,12,1,1.0,2,2,0,118.217665,126.40733,181.42133,55.014,0
MEMQII,2.89915,2.2005,3.9994,1.7989,6.6548305,1.949945,7.629803,5.679858,0.5,1,1,0,5.0,6,8,2,2.0,2,3,1,94.749,120.01999999999998,154.759,34.739,0
MENQIJ,2.8896,0.3855999999999997,3.0824,2.6968,5.2361635,0.5155910000000006,5.493959,4.978368,1.0,0,1,1,2.0,0,2,2,1.0,0,1,1,99.571165,12.909669999999991,106.026,93.11633,0
MENQOP,2.648,0.8934000000000002,3.0947,2.2013,5.16707,0.4279840000000003,5.381062,4.953078,1.0,0,1,1,2.0,0,2,2,1.0,0,1,1,103.199,3.252000000000009,104.825,101.573,0
MENQUV,2.40985,1.3461,3.0829,1.7368,5.178956,0.40266,5.380286,4.977626,1.0,0,1,1,2.0,0,2,2,1.0,0,1,1,98.6375,11.032340000000003,104.15367,93.12133,0
MENRAC,2.41595,1.3593000000000002,3.0956,1.7363,5.166215,0.4274979999999999,5.379964,4.952466,1.0,0,1,1,2.0,0,2,2,1.0,0,1,1,102.863165,2.5816700000000026,104.154,101.57233,0
MENREG,2.88755,0.4098999999999999,3.0925,2.6826,5.2236845,0.5406230000000001,5.493996,4.953373,1.0,0,1,1,2.0,0,2,2,1.0,0,1,1,103.793835,4.461669999999998,106.02467,101.563,0
MENXAI,0.8114,1.6214000000000002,1.6221,0.0007,5.510104,0.3791399999999996,5.699674,5.320534,0.5,1,1,0,1.5,1,2,1,0.5,1,1,0,118.298,67.21934,151.90767,84.68833,0
MERWUF,1.9919,0.9962000000000002,2.49,1.4938,4.902031,0.7784980000000008,5.29128,4.512782,1.5,1,2,1,2.0,2,3,1,0.5,1,1,0,113.001335,29.99467,127.99867,98.004,0
MESWAL,5.0683,1.8834,6.01,4.1266,5.0144025,2.787711,6.408258,3.620547,0.5,1,1,0,2.0,2,3,1,1.5,3,3,0,133.6405,157.25234,212.26667,55.01433,0
MEWCUQ,2.5059,2.1146000000000003,3.5632,1.4486,4.624712000000001,0.8897620000000002,5.069593,4.179831,1.5,1,2,1,2.5,1,3,2,1.5,1,2,1,140.87217,127.871,204.80767,76.93667,0
MEWJIK,1.5135500000000002,3.0265,3.0268,0.0003,5.071383000000001,0.543024,5.342895,4.799871,1.5,1,2,1,2.0,0,2,2,0.5,1,1,0,145.07999999999998,24.848660000000024,157.50433,132.65567,0
MEWNUA,1.4866,2.973,2.9731,0.0001,4.9782910000000005,0.3709920000000002,5.163787,4.792795,1.5,1,2,1,2.0,0,2,2,0.5,1,1,0,152.08583,35.005000000000024,169.58833,134.58333,0
MEWTAL,3.33835,1.6810999999999998,4.1789,2.4978,6.709904,1.5876540000000006,7.503731,5.916077,0.5,1,1,0,5.5,3,7,4,1.5,1,2,1,122.777665,140.48333,193.01933,52.536,0
MEXMUB,4.367850000000001,1.4089,5.0723,3.6634,4.50531,0.284694,4.647657,4.362963,1.5,1,2,1,2.0,2,3,1,1.0,0,1,1,166.06933500000002,74.24067,203.18967,128.949,0
MEYPIM,3.2955,6.591,6.591,0.0,6.3917125,0.3919709999999998,6.587698,6.195727,0.5,1,1,0,2.0,4,4,0,0.0,0,0,0,97.100335,55.31667,124.75867,69.442,0
MICGAJ,1.8275,0.4284000000000001,2.0417,1.6133,5.4562585,1.347797,6.130157,4.78236,1.0,0,1,1,5.0,0,5,5,1.5,1,2,1,121.04233,59.73400000000001,150.90933,91.17533,0
MIGGIW,2.54385,5.0861,5.0869,0.0008,4.424458,1.683062,5.265989,3.582927,2.0,2,3,1,2.5,1,3,2,1.5,3,3,0,164.10883,19.09299999999999,173.65533,154.56233,0
MIGVUU,3.01565,2.1791,4.1052,1.9261,5.5885295,2.3319849999999995,6.754522,4.422537,0.5,1,1,0,2.0,2,3,1,0.5,1,1,0,115.68717,125.575,178.47467,52.89967,0
MIHMAU,1.6382,3.276,3.2762,0.0002,5.2165725,0.2521310000000003,5.342638,5.090507,2.0,0,2,2,3.0,2,4,2,0.5,1,1,0,168.1455,70.97899999999998,203.635,132.656,0
MILGAT,1.98835,0.0321,2.0044,1.9723,5.2001115,0.7044129999999997,5.552318,4.847905,1.0,0,1,1,4.5,1,5,4,2.0,0,2,2,105.90233,13.049999999999995,112.42733,99.37733,1
MILKEB,2.889,1.6183999999999998,3.6982,2.0798,6.132455,1.7280920000000002,6.996501,5.268409,0.5,1,1,0,2.0,2,3,1,2.0,0,2,2,67.471,61.90266,98.42233,36.51967,0
MILKIF,2.8218,2.999,4.3213,1.3223,5.8947525,1.925473,6.857489,4.932016,0.5,1,1,0,2.5,3,4,1,2.5,1,3,2,70.7435,68.15034,104.81867,36.66833,0
MILKOL,3.2286,0.9449999999999998,3.7011,2.7561,5.5699545,2.8540149999999995,6.996962,4.142947,0.5,1,1,0,2.5,3,4,1,2.5,1,3,2,69.989665,66.92067,103.45,36.52933,1
MINROS,2.9535,5.907,5.907,0.0,4.335202,1.6403879999999995,5.155396,3.515008,1.5,1,2,1,3.0,2,4,2,1.0,2,2,0,142.71467,124.122,204.77567,80.65367,0
MIPVIQ,1.0026000000000002,2.0004,2.0028,0.0024,5.8485695,0.5918010000000002,6.14447,5.552669,0.5,1,1,0,4.0,0,4,4,1.0,2,2,0,102.987835,18.873670000000004,112.42467,93.551,0
MIPVOW,0.48085,0.9539,0.9578,0.0039,5.849363,0.5886380000000004,6.143682,5.555044,0.5,1,1,0,4.0,0,4,4,1.0,2,2,0,103.003835,18.92233,112.465,93.54267,0
MIQFAU,1.57235,1.3277,2.2362,0.9085,5.4091225000000005,1.9200550000000003,6.36915,4.449095,1.0,2,2,0,1.0,0,1,1,1.0,0,1,1,153.406,177.98865999999998,242.40033,64.41167,0
MIQQEL,1.7582,0.8228,2.1696,1.3468,5.8011895,0.2502509999999995,5.926315,5.676064,0.5,1,1,0,3.0,2,4,2,3.0,2,4,2,107.839,53.95266,134.81533,80.86267,0
MISDIC,3.1868,2.8187999999999995,4.5962,1.7774,5.802738,1.6767139999999996,6.641095,4.964381,0.0,0,0,0,4.0,4,6,2,0.5,1,1,0,124.882335,97.04867,173.40667,76.358,0
MISLIK,3.65445,4.1503,5.7296,1.5793,5.802105,3.551426,7.577818,4.026392,2.0,4,4,0,3.5,5,6,1,0.5,1,1,0,144.672665,221.23067,255.288,34.05733,0
MISNOR,4.998749999999999,1.2542999999999995,5.6259,4.3716,6.5707095,0.6874229999999999,6.914421,6.226998,0.0,0,0,0,1.5,1,2,1,1.0,2,2,0,104.144165,134.72567,171.507,36.78133,0
MISNUX,4.9989,1.2544000000000004,5.6261,4.3717,6.5710315,0.6884829999999997,6.915273,6.22679,0.0,0,0,0,1.5,1,2,1,1.0,2,2,0,104.143665,134.72267,171.505,36.78233,0
MIXTUJ,0.8639000000000001,0.6336,1.1807,0.5471,5.080301,0.8508439999999995,5.505723,4.654879,1.5,1,2,1,2.0,0,2,2,1.0,2,2,0,98.96,23.18466,110.55233,87.36767,0
MIYTOF,7.1478,6.042200000000001,10.1689,4.1267,5.7603845,1.295833,6.408301,5.112468,0.5,1,1,0,3.0,4,5,1,0.5,1,1,0,155.973165,201.92033,256.93333,55.013,0
MOCCUE,3.11895,3.6287,4.9333,1.3046,5.9274765,0.0275110000000005,5.941232,5.913721,1.0,0,1,1,4.0,2,5,3,1.0,0,1,1,113.030165,5.983670000000004,116.022,110.03833,0
MODDIU,0.79105,0.3873,0.9847,0.5974,6.337357,0.6892759999999996,6.681995,5.992719,0.5,1,1,0,4.5,3,6,3,2.5,1,3,2,103.9345,29.58366000000001,118.72633,89.14267,1
MOFDER,2.8605,2.4928000000000003,4.1069,1.6141,6.4426065,0.6242029999999996,6.754708,6.130505,0.5,1,1,0,3.0,4,5,1,1.0,2,2,0,72.03617,38.269,91.17067,52.90167,1
MOFXUB,2.05045,1.8717,2.9863,1.1146,4.027654,0.913388,4.484348,3.57096,3.0,2,4,2,3.0,2,4,2,1.0,2,2,0,208.901335,90.64732999999998,254.225,163.57767,0
MOFYAI,1.5254500000000002,0.8185,1.9347,1.1162,4.058886,0.8535299999999997,4.485651,3.632121,3.5,1,4,3,1.5,1,2,1,1.0,2,2,0,216.04567,76.346,254.21867,177.87267,0
MOGVOV,1.27085,2.5417,2.5417,0.0,6.8219765,1.587897,7.615925,6.028028,0.5,1,1,0,2.5,3,4,1,1.0,2,2,0,83.852,12.365340000000003,90.03467,77.66933,0
MOGVUB,1.3986500000000002,2.7971,2.7972,0.0001,5.6806615,0.971895,6.166609,5.194714,0.5,1,1,0,2.5,3,4,1,1.0,2,2,0,73.349335,8.492670000000004,77.59567,69.103,0
MOGWAI,1.2435,2.486,2.4865,0.0005,5.645941,0.9015620000000002,6.096722,5.19516,0.5,1,1,0,2.5,3,4,1,1.0,2,2,0,73.34649999999999,8.486339999999998,77.58967,69.10333,0
MOGWEM,1.39915,2.7961,2.7972,0.0011,6.891462,1.4489400000000003,7.615932,6.166992,0.5,1,1,0,2.5,3,4,1,1.0,2,2,0,83.81417,12.441000000000004,90.03467,77.59367,1
MOGZEP,2.2258,4.4516,4.4516,0.0,6.032581,2.894596,7.479879,4.585283,1.5,3,3,0,4.0,0,4,4,1.0,2,2,0,175.955165,222.69833,287.30433,64.606,0
MOJCOF,2.5375,1.7501999999999998,3.4126,1.6624,5.752348,2.7886999999999995,7.146698,4.357998,1.5,3,3,0,3.0,4,5,1,1.0,2,2,0,150.72833500000002,195.96333,248.71,52.74667,0
MOQGIJ,4.27965,1.7555,5.1574,3.4019,5.868042,0.9280740000000004,6.332079,5.404005,1.0,2,2,0,2.5,3,4,1,0.5,1,1,0,162.00917,151.301,237.65967,86.35867,0
MOQGOP,4.54785,2.2913,5.6935,3.4022,5.7220775,1.219863,6.332009,5.112146,1.0,2,2,0,2.5,3,4,1,0.5,1,1,0,162.39767,152.076,238.43567,86.35967,0
MORQEP,2.89745,2.9455,4.3702,1.4247,6.788797499999999,0.251957,6.914776,6.662819,0.0,0,0,0,1.0,0,1,1,1.5,1,2,1,75.72749999999999,77.89034,114.67267,36.78233,0
MORVEV01,1.26565,2.5291,2.5302,0.0011,4.710873,2.252766,5.837256,3.58449,2.0,2,3,1,2.5,1,3,2,1.5,3,3,0,130.126165,87.01833,173.63533,86.617,0
MORVEV02,1.2653,2.53,2.5303,0.0003,4.7109865,2.252483,5.837228,3.584745,2.0,2,3,1,2.5,1,3,2,1.5,3,3,0,130.121665,87.01333000000001,173.62833,86.615,0
MORVEV,1.26515,2.5293,2.5298,0.0005,4.7102485000000005,2.254093,5.837295,3.583202,2.0,2,3,1,2.5,1,3,2,1.5,3,3,0,130.13383,87.035,173.65133,86.61633,0
MORVOF,2.23265,0.5960999999999999,2.5307,1.9346,4.7348555,2.2052269999999994,5.837469,3.632242,2.0,2,3,1,2.0,2,3,1,1.5,3,3,0,132.245,91.256,177.873,86.617,1
MOWDOU,4.6594,1.0656,5.1922,4.1266,4.7942585,3.2275210000000003,6.408019,3.180498,1.0,2,2,0,2.5,3,4,1,0.5,1,1,0,130.56767,151.112,206.12367,55.01167,0
MOXVAX,2.9229,1.4798,3.6628,2.183,4.999307999999999,1.272284,5.63545,4.363166,1.5,1,2,1,1.5,1,2,1,1.0,0,1,1,147.021335,112.33667,203.18967,90.853,0
MOXVEB,1.83245,3.6633,3.6641,0.0008,5.836579,2.946308,7.309733,4.363425,1.0,2,2,0,2.5,3,4,1,1.5,1,2,1,147.04267000000002,112.284,203.18467,90.90067,0
MOXVIF01,3.5252,0.2785999999999999,3.6645,3.3859,4.8185175000000005,0.9095470000000008,5.273291,4.363744,1.5,1,2,1,2.0,2,3,1,1.5,1,2,1,150.81016499999998,104.75033,203.18533,98.435,0
MOXVIF03,3.59995,0.4299000000000004,3.8149,3.385,4.820104499999999,0.906351,5.27328,4.366929,1.5,1,2,1,2.0,2,3,1,1.5,1,2,1,150.80883,104.751,203.18433,98.43333,1
MOXVIF,3.52525,0.2792999999999996,3.6649,3.3856,4.818883,0.9085419999999996,5.273154,4.364612,1.5,1,2,1,2.0,2,3,1,1.5,1,2,1,150.80700000000002,104.746,203.18,98.434,0
MOXVOL,2.98165,1.3643,3.6638,2.2995,5.8826925,3.038205,7.401795,4.36359,1.0,2,2,0,2.5,3,4,1,1.5,1,2,1,140.0045,126.35634,203.18267,76.82633,0
MOXWAY,2.93515,1.4579,3.6641,2.2062,4.534771,0.3422599999999995,4.705901,4.363641,1.5,1,2,1,2.0,2,3,1,1.5,1,2,1,150.27683000000002,105.81300000000002,203.18333,97.37033,0
MOXWEC,2.7224,1.8796,3.6622,1.7826,4.2336195,0.2593430000000003,4.363291,4.103948,2.0,0,2,2,2.0,2,3,1,1.5,1,2,1,177.78033,50.81,203.18533,152.37533,0
MOYLIW,1.038,2.0754,2.0757,0.0003,5.560805,0.4370979999999997,5.779354,5.342256,1.5,1,2,1,3.0,2,4,2,2.0,4,4,0,124.899835,15.519670000000003,132.65967,117.14,0
MOYLOC,1.0216500000000002,2.0419,2.0426,0.0007,5.0919895,0.5000349999999996,5.342007,4.841972,1.5,1,2,1,2.5,1,3,2,1.5,3,3,0,119.06733,27.194000000000003,132.66433,105.47033,1
MOYMAP,2.51465,5.028899999999999,5.0291,0.0002,5.1419065,0.4004449999999995,5.342129,4.941684,1.5,1,2,1,2.5,1,3,2,1.0,2,2,0,128.72217,7.8770000000000095,132.66067,124.78367,1
MOYZIL,1.39095,1.5524999999999998,2.1672,0.6147,5.339381,0.1747740000000002,5.426768,5.251994,1.0,0,1,1,2.5,1,3,2,1.0,0,1,1,81.378,20.31,91.533,71.223,0
MOYZUX,2.1569,3.0612,3.6875,0.6263,5.014885,0.4773079999999998,5.253539,4.776231,1.0,0,1,1,3.5,1,4,3,2.0,2,3,1,92.200835,41.96567,113.18367,71.218,0
MOZBAG,1.0104,0.7982,1.4095,0.6113,5.2836575,0.0642190000000004,5.315767,5.251548,1.0,0,1,1,2.5,1,3,2,1.0,0,1,1,89.9165,37.37966,108.60633,71.22667,0
MOZBEK,1.9307,2.634,3.2477,0.6137,5.147641,0.2080520000000003,5.251667,5.043615,1.0,0,1,1,2.5,1,3,2,1.0,0,1,1,92.590665,42.73333,113.95733,71.224,0
MOZBOU,0.63135,0.0383,0.6505,0.6122,5.167691,0.1677340000000002,5.251558,5.083824,1.0,0,1,1,2.5,1,3,2,1.0,0,1,1,93.137335,43.82867,115.05167,71.223,0
MOZCEK,2.7027,2.421,3.9132,1.4922,4.868798,0.3142700000000005,5.025933,4.711663,0.5,1,1,0,4.0,0,4,4,1.5,3,3,0,118.193335,30.652669999999983,133.51967,102.867,0
MOZCOU,3.00015,1.8239,3.9121,2.0882,4.951684,0.1495660000000001,5.026467,4.876901,0.5,1,1,0,3.5,1,4,3,1.0,2,2,0,115.198665,36.63533000000001,133.51633,96.881,0
MOZDAH,3.633,0.4946000000000001,3.8803,3.3857,5.1428460000000005,0.2607340000000002,5.273213,5.012479,0.5,1,1,0,3.5,1,4,3,1.0,2,2,0,115.982665,35.09267,133.529,98.43633,0
MPPZPO,3.3183,4.0974,5.367,1.2696,5.204273499999999,1.1864990000000004,5.797523,4.611024,2.0,2,3,1,1.5,1,2,1,0.5,1,1,0,167.849,185.28466,260.49133,75.20667,0
MUBNED,1.9542,3.908,3.9082,0.0002,5.837952,1.3927839999999998,6.534344,5.14156,0.5,1,1,0,2.5,3,4,1,1.0,2,2,0,89.452835,49.25233,114.079,64.82667,0
MUDSAF,1.4584,0.9524,1.9346,0.9822,4.812766,2.359724,5.992628,3.632904,1.5,3,3,0,2.0,2,3,1,1.0,2,2,0,148.2945,59.137,177.863,118.726,0
MUDSEJ,2.12875,2.2893,3.2734,0.9841,5.370166,1.2454140000000002,5.992873,4.747459,1.5,3,3,0,2.5,1,3,2,1.0,2,2,0,141.258335,45.061329999999984,163.789,118.72767,0
MUDSIN,0.49345,0.9793,0.9831,0.0038,6.06844,0.15104,6.14396,5.99292,0.0,0,0,0,3.5,1,4,3,1.0,2,2,0,106.130665,25.185330000000008,118.72333,93.538,0
MUPMUG,1.9561,3.912,3.9121,0.0001,4.6094615,0.8342910000000003,5.026607,4.192316,1.0,2,2,0,6.0,4,8,4,2.0,4,4,0,172.9275,78.81834,212.33667,133.51833,0
MUPNER,3.193,0.4887999999999999,3.4374,2.9486,4.6958415,1.3476090000000005,5.369646,4.022037,1.0,0,1,1,3.0,2,4,2,1.5,1,2,1,124.48783,70.33299999999998,159.65433,89.32133,0
MUPNIV,3.99805,2.0979,5.047,2.9491,4.714471,1.384862,5.406902,4.02204,1.0,0,1,1,3.0,2,4,2,1.5,1,2,1,124.70233,69.90599999999999,159.65533,89.74933,0
MUPNOB,4.2533,0.6822000000000004,4.5944,3.9122,4.968931,0.1147859999999996,5.026324,4.911538,0.5,1,1,0,4.5,1,5,4,2.0,4,4,0,121.4095,24.214340000000007,133.51667,109.30233,0
MUPNUH,1.8084,3.2608,3.4388,0.178,5.063549500000001,0.6130509999999996,5.370075,4.757024,1.0,0,1,1,3.5,3,5,2,2.5,3,4,1,99.851835,21.061670000000007,110.38267,89.321,0
MUPPAP,2.1085000000000003,0.5032000000000001,2.3601,1.8569,5.1987195,0.6210810000000002,5.50926,4.888179,1.0,0,1,1,3.5,3,5,2,2.5,3,4,1,99.459665,19.57467,109.247,89.67233,0
MUPPES02,1.14235,2.2847,2.2847,0.0,6.07784,1.7451179999999995,6.950399,5.205281,0.5,1,1,0,2.0,0,2,2,1.0,2,2,0,88.092165,60.77833,118.48133,57.703,0
MUPPIW,2.38035,4.7607,4.7607,0.0,5.7066095,1.0114610000000006,6.21234,5.200879,0.5,1,1,0,2.0,0,2,2,1.0,2,2,0,106.794,23.672660000000008,118.63033,94.95767,0
MUPPIX,6.77425,6.6743,10.1114,3.4371,5.1851425,0.3693409999999995,5.369813,5.000472,1.0,0,1,1,3.5,3,5,2,2.0,2,3,1,135.035,91.43134000000002,180.75067,89.31933,0
MUPPUI,2.38025,4.7605,4.7605,0.0,5.7648275,1.1273649999999993,6.32851,5.201145,0.5,1,1,0,2.0,0,2,2,2.0,0,2,2,92.959835,51.33566999999999,118.62767,67.292,0
MUPQET,2.99315,3.5347000000000004,4.7605,1.2258,5.676288,0.9499799999999992,6.151278,5.201298,0.5,1,1,0,2.0,0,2,2,1.5,1,2,1,90.461335,56.32533,118.624,62.29867,0
MUROXA01,1.85665,3.7129,3.7131,0.0002,6.2166275,1.2391429999999994,6.836199,5.597056,0.0,0,0,0,2.5,3,4,1,2.0,0,2,2,44.798165,8.005670000000002,48.801,40.79533,0
MUROXA,2.09855,4.1961,4.1966,0.0005,6.1122700000000005,1.035068,6.629804,5.594736,0.0,0,0,0,2.5,3,4,1,2.0,0,2,2,44.954335,8.31333,49.111,40.79767,0
MUSSUR,3.2091000000000003,1.5884000000000005,4.0033,2.4149,6.611852,4.208831999999999,8.716268,4.507436,1.0,2,2,0,2.5,3,4,1,1.0,0,1,1,131.346,164.97665999999998,213.83433,48.85767,0
MUTROJ,4.20355,4.806900000000001,6.607,1.8001,5.7380165000000005,3.7835290000000006,7.629781,3.846252,0.0,0,0,0,2.5,1,3,2,1.0,0,1,1,101.490835,133.50967,168.24567,34.736,0
MUXSAB,0.7797999999999999,0.756,1.1578,0.4018,5.216442000000001,2.158376,6.29563,4.137254,1.5,1,2,1,2.0,4,4,0,0.5,1,1,0,151.9115,137.57634000000002,220.69967,83.12333,0
MUYSEF,2.9844,2.3712,4.17,1.7988,5.7453385,3.769819,7.630248,3.860429,1.0,2,2,0,3.0,2,4,2,1.5,1,2,1,108.93017,148.385,183.12267,34.73767,0
MUYSIJ,4.2064,0.0727999999999999,4.2428,4.17,5.276286,2.83173,6.692151,3.860421,1.0,2,2,0,2.5,3,4,1,1.0,2,2,0,117.659165,130.92567000000005,183.122,52.19633,0
MUYTAC,1.7442,0.7147999999999999,2.1016,1.3868,4.6922105,0.4962710000000001,4.940346,4.444075,0.5,1,1,0,4.0,2,5,3,2.0,2,3,1,94.0925,8.25434,98.21967,89.96533,0
MUYVOS,3.6506,4.525600000000001,5.9134,1.3878,5.504383,2.119916,6.564341,4.444425,0.0,0,0,0,4.5,1,5,4,2.0,2,3,1,71.615,36.69465999999999,89.96233,53.26767,0
MUZFEU,2.05375,4.0951,4.1013,0.0062,4.676512000000001,0.959962,5.156493,4.196531,1.5,1,2,1,2.0,0,2,2,1.0,2,2,0,154.584665,50.68466999999998,179.927,129.24233,0
MXTTCQ01,0.68535,1.3629,1.3668,0.0039,2.5712965,0.297215,2.719904,2.422689,1.0,2,2,0,5.0,2,6,4,0.0,0,0,0,242.05,48.639339999999976,266.36967,217.73033,0
NABCAV,1.09135,2.1827,2.1827,0.0,5.468921,0.333526,5.635684,5.302158,0.5,1,1,0,3.0,2,4,2,1.5,1,2,1,86.99433,7.707999999999998,90.84833,83.14033,0
NABCEZ,1.70375,3.4075,3.4075,0.0,4.9471125,0.8162950000000002,5.35526,4.538965,0.5,1,1,0,3.0,2,4,2,1.5,1,2,1,106.1035,46.54034,129.37367,82.83333,0
NADKAH,4.7095,9.4166,9.4178,0.0012,4.5031695,1.6334070000000005,5.319873,3.686466,1.0,2,2,0,3.5,3,5,2,0.5,1,1,0,187.154665,204.93667,289.623,84.68633,0
NAJZUW,1.66395,3.3275,3.3277,0.0002,5.675609,3.743244,7.547231,3.803987,0.5,1,1,0,3.0,2,4,2,1.5,1,2,1,114.85917,51.789,140.75367,88.96467,0
NAKBAF,3.1543,0.488,3.3983,2.9103,4.5378445,1.475219,5.275454,3.800235,0.5,1,1,0,3.0,2,4,2,1.5,1,2,1,104.80867,72.16999999999999,140.89367,68.72367,0
NAKYOQ,4.0644,2.6082,5.3685,2.7603,4.511592500000001,0.7385109999999999,4.880848,4.142337,1.0,0,1,1,3.5,1,4,3,2.0,2,3,1,123.9005,40.88434,144.34267,103.45833,0
NAKZIL,3.9689,2.7992,5.3685,2.5693,4.679104000000001,0.4030960000000005,4.880652,4.477556,1.0,0,1,1,3.0,0,3,3,1.5,1,2,1,123.904,40.88066000000002,144.34433,103.46367,0
NANQAV,4.0898,4.1714,6.1755,2.0041,4.9904845,1.123927,5.552448,4.428521,1.5,1,2,1,4.5,1,5,4,1.0,2,2,0,151.07433,77.296,189.72233,112.42633,0
NANQID,3.0877,6.1754,6.1754,0.0,4.7856285,0.7117209999999998,5.141489,4.429768,1.5,1,2,1,4.5,1,5,4,1.0,2,2,0,151.88966499999998,75.62066999999999,189.7,114.07933,0
NANQOJ,2.1948,1.2228,2.8062,1.5834,4.863779,0.5885560000000005,5.158057,4.569501,1.5,1,2,1,4.5,1,5,4,1.0,2,2,0,150.7445,73.32433999999999,187.40667,114.08233,1
NAQMOK,3.03265,2.3443,4.2048,1.8605,6.4296025,2.306065,7.582635,5.27657,0.5,1,1,0,4.0,0,4,4,1.5,1,2,1,103.142,78.09466000000002,142.18933,64.09467,0
NAQNAX,3.66685,1.0745000000000005,4.2041,3.1296,6.3660285000000005,2.1790510000000003,7.455554,5.276503,0.5,1,1,0,4.0,0,4,4,1.5,1,2,1,109.752835,64.86967,142.18767,77.318,0
NAQNOL,3.6613,1.5013999999999998,4.412,2.9106,4.99274,0.5634179999999995,5.274449,4.711031,0.5,1,1,0,3.0,2,4,2,1.0,0,1,1,120.456,43.49134000000001,142.20167,98.71033,0
NAQPAZ,2.2060500000000003,4.4117,4.4119,0.0002,6.444727,2.341208,7.615331,5.274123,0.5,1,1,0,4.0,0,4,4,1.5,1,2,1,129.0085,26.38900000000001,142.203,115.814,1
NAQPED,2.10155,4.2031,4.2031,0.0,6.4517295,2.349639,7.626549,5.27691,0.5,1,1,0,4.0,0,4,4,1.5,1,2,1,141.97616499999998,0.4156700000000057,142.184,141.76833,0
NAQPIH,2.2481,4.322800000000001,4.4095,0.0867,6.442162,2.335088,7.609706,5.274618,0.5,1,1,0,4.0,0,4,4,1.5,1,2,1,134.719665,14.950669999999988,142.195,127.24433,0
NAQPUT,4.5717,0.3182,4.7308,4.4126,5.418998,0.2899659999999997,5.563981,5.274015,1.0,0,1,1,3.0,2,4,2,0.5,1,1,0,122.7125,38.98165999999999,142.20333,103.22167,0
NAXYOC,2.2267,4.4534,4.4534,0.0,4.7126850000000005,0.0266019999999995,4.725986,4.699384,1.5,1,2,1,1.5,3,3,0,0.5,1,1,0,131.392,21.335340000000016,142.05967,120.72433,0
NEBVOH,2.4172,1.8038,3.3191,1.5153,5.5767635,0.747541,5.950534,5.202993,1.0,0,1,1,3.5,3,5,2,1.0,0,1,1,107.979665,3.9073300000000017,109.93333,106.026,0
NEBWUO,1.982,1.3574,2.6607,1.3033,5.634309,0.5586959999999994,5.913657,5.354961,1.0,0,1,1,3.5,3,5,2,1.0,0,1,1,107.43267,5.217999999999989,110.04167,104.82367,0
NEBXAV,1.9975,1.386,2.6905,1.3045,5.214980499999999,1.3971609999999997,5.913561,4.5164,1.0,0,1,1,3.5,3,5,2,1.0,0,1,1,119.501,18.924660000000017,128.96333,110.03867,0
NEBXID,2.0514,1.4933999999999998,2.7981,1.3047,5.543485,0.7403979999999999,5.913684,5.173286,1.0,0,1,1,4.0,2,5,3,1.0,0,1,1,111.637,3.194659999999999,113.23433,110.03967,0
NEBXOJ,1.65445,0.6999,2.0044,1.3045,5.7329105,0.3613250000000008,5.913573,5.552248,1.0,0,1,1,4.5,1,5,4,1.5,1,2,1,111.2355,2.38900000000001,112.43,110.041,0
NEBXUP,1.27925,0.0497,1.3041,1.2544,6.4046605,0.9816890000000004,6.895505,5.913816,0.5,1,1,0,3.5,3,5,2,1.0,0,1,1,79.291335,61.49467,110.03867,48.544,0
NEDJUD,4.5799,0.9055999999999996,5.0327,4.1271,5.026638,2.76304,6.408158,3.645118,1.5,3,3,0,2.5,3,4,1,0.5,1,1,0,163.312,216.59334,271.60867,55.01533,0
NEFFEM,2.62975,2.6137,3.9366,1.3229,4.8755715,0.1123649999999996,4.931754,4.819389,1.0,0,1,1,3.5,1,4,3,2.0,2,3,1,94.968335,19.70133,104.819,85.11767,0
NEFFIQ,1.8633,0.0107999999999999,1.8687,1.8579,4.934329,1.1494,5.509029,4.359629,1.0,0,1,1,3.0,2,4,2,2.0,2,3,1,96.310835,13.273669999999996,102.94767,89.674,0
NEFGEN,2.82085,2.2347,3.9382,1.7035,4.583117,0.4723060000000005,4.81927,4.346964,1.0,0,1,1,3.5,1,4,3,2.0,2,3,1,94.223335,18.19932999999999,103.323,85.12367,0
NEFGIR,2.9031,2.067,3.9366,1.8696,4.589465000000001,0.459276,4.819103,4.359827,1.0,0,1,1,3.5,1,4,3,2.0,2,3,1,94.035665,17.827330000000003,102.94933,85.122,0
NELPOJ01,0.39495,0.7899,0.7899,0.0,5.026449,0.5503240000000007,5.301611,4.751287,1.0,2,2,0,3.0,2,4,2,1.0,2,2,0,112.254,58.22333999999999,141.36567,83.14233,0
NENWEM,0.0003,0.0006,0.0006,0.0,5.220236,0.1590959999999999,5.299784,5.140688,1.0,0,1,1,4.0,0,4,4,1.0,2,2,0,153.283165,78.43233,192.49933,114.067,0
NEQMOO,1.5196,1.1384,2.0888,0.9504,5.067928,0.3511179999999996,5.243487,4.892369,0.5,1,1,0,3.0,0,3,3,1.5,1,2,1,98.979,4.171999999999997,101.065,96.893,0
NEQMUU,2.4996,1.7716000000000005,3.3854,1.6138,5.178599999999999,0.1897159999999997,5.273458,5.083742,0.5,1,1,0,3.0,0,3,3,1.5,1,2,1,107.26817,17.667,116.10167,98.43467,0
NEQNEF,0.94265,1.8853,1.8853,0.0,5.862015,3.2347019999999995,7.479366,4.244664,0.5,1,1,0,3.5,1,4,3,1.5,1,2,1,123.3895,117.56234,182.17067,64.60833,0
NEQNIJ,0.9426,1.8848,1.885,0.0002,5.929765,3.370368,7.614949,4.244581,0.5,1,1,0,3.5,1,4,3,1.5,1,2,1,148.9925,66.35566,182.17033,115.81467,0
NEQNOP,0.94275,1.8855,1.8855,0.0,5.9359425,3.381353,7.626619,4.245266,0.5,1,1,0,3.5,1,4,3,1.5,1,2,1,161.96699999999998,40.397340000000014,182.16567,141.76833,0
NEQNUV,0.94275,1.8851,1.8853,0.0002,5.9352515,3.3816110000000004,7.626057,4.244446,0.5,1,1,0,3.5,1,4,3,1.5,1,2,1,174.999665,14.349330000000007,182.17433,167.825,0
NEQPAD,2.136,0.5008000000000001,2.3864,1.8856,5.878475,3.2670759999999994,7.512013,4.244937,0.5,1,1,0,3.5,1,4,3,1.5,1,2,1,155.0975,54.14566000000002,182.17033,128.02467,1
NERDIB,0.3807,0.761,0.7612,0.0002,5.4092225,0.3018150000000004,5.56013,5.258315,0.5,1,1,0,2.0,4,4,0,0.0,0,0,0,136.30367,31.53,152.06867,120.53867,0
NERNUT,3.03765,2.4761,4.2757,1.7996,6.103541,3.0517959999999995,7.629439,4.577643,0.5,1,1,0,2.5,1,3,2,0.5,1,1,0,89.883,110.28734,145.02667,34.73933,0
NEWRIR,1.24815,2.4939,2.4951,0.0012,5.349148,0.3081079999999998,5.503202,5.195094,0.5,1,1,0,3.0,2,4,2,1.5,1,2,1,87.634,37.06533999999999,106.16667,69.10133,1
NEWROX,2.07685,4.1537,4.1537,0.0,5.5667015,0.742877,5.93814,5.195263,0.5,1,1,0,3.0,2,4,2,1.5,1,2,1,91.514835,44.82567,113.92767,69.102,0
NEWRUD,2.40335,4.8067,4.8067,0.0,6.700033,1.853662,7.626864,5.773202,0.5,1,1,0,3.0,2,4,2,1.5,1,2,1,123.563665,36.42267000000001,141.775,105.35233,0
NIDPUN,1.1427500000000002,2.2841,2.2848,0.0007,5.2628665,0.1151489999999997,5.320441,5.205292,0.5,1,1,0,2.0,0,2,2,1.0,2,2,0,101.584665,33.796670000000006,118.483,84.68633,0
NIGVIK,4.92435,8.0655,8.9571,0.8916,4.0661445,0.4158449999999996,4.274067,3.858222,1.5,1,2,1,4.0,2,5,3,0.5,1,1,0,210.078835,6.309669999999983,213.23367,206.924,0
NIJGIY,0.7784,1.5564,1.5566,0.0002,6.338172500000001,2.283779,7.480062,5.196283,1.0,2,2,0,4.5,1,5,4,2.0,0,2,2,109.991165,90.76767,155.375,64.60733,0
NIJGOE,0.7788999999999999,1.5558,1.5568,0.001,5.454178499999999,0.5153869999999996,5.711872,5.196485,1.0,2,2,0,4.5,1,5,4,2.0,0,2,2,97.611,115.50934,155.36567,39.85633,0
NIJGUK,3.683,4.2544,5.8102,1.5558,4.9321215,0.5282210000000003,5.196232,4.668011,1.0,2,2,0,4.5,1,5,4,2.0,0,2,2,111.402165,87.93232999999998,155.36833,67.436,1
NIJHAR,0.7786,1.5566,1.5569,0.0003,5.1951035,0.0022409999999997,5.196224,5.193983,1.0,2,2,0,4.5,1,5,4,2.0,0,2,2,112.242665,86.26667,155.376,69.10933,0
NIJHEV,0.7776,1.5552,1.5552,0.0,6.406169,2.4200660000000003,7.616202,5.196136,1.0,2,2,0,4.5,1,5,4,2.0,0,2,2,122.704665,65.34467000000001,155.377,90.03233,0
NIKHUN,2.20525,1.2503,2.8304,1.5801,5.6833065000000005,3.789451,7.578032,3.788581,1.0,2,2,0,3.5,5,6,1,1.5,1,2,1,125.34733,182.578,216.63633,34.05833,0
NIKYAK,2.9362,5.8662,5.8693,0.0031,4.535311,1.6143400000000003,5.342481,3.728141,2.0,0,2,2,4.0,4,6,2,2.0,4,4,0,183.541835,101.79367,234.43867,132.645,0
NINFIB,5.222049999999999,2.1909,6.3175,4.1266,4.764665,3.2869139999999994,6.408122,3.121208,1.0,2,2,0,2.0,2,3,1,0.5,1,1,0,129.62467,149.224,204.23667,55.01267,0
NINXOZ,0.6563,1.3126,1.3126,0.0,4.7765615,0.770791,5.161957,4.391166,1.5,1,2,1,2.5,1,3,2,1.0,2,2,0,119.39533,30.433999999999983,134.61233,104.17833,0
NIPTUC,0.9958,1.9878,1.9897,0.0019,5.1499415,1.2105069999999998,5.755195,4.544688,1.5,1,2,1,1.5,1,2,1,1.5,1,2,1,143.571335,131.27866999999998,209.21067,77.932,0
NIQJAB,2.952,1.1586,3.5313,2.3727,6.6592265,2.3562150000000006,7.837334,5.481119,0.5,1,1,0,3.5,1,4,3,2.5,1,3,2,62.880335,47.46332999999999,86.612,39.14867,0
NISLOQ01,1.1896,2.3776,2.3784,0.0008,5.131821,0.3768359999999999,5.320239,4.943403,1.0,2,2,0,2.0,0,2,2,1.0,2,2,0,122.60917,75.84299999999999,160.53067,84.68767,0
NISMAD,0.0,0.0,0.0,0.0,5.7122980000000005,2.225502,6.825049,4.599547,1.0,2,2,0,2.0,0,2,2,2.0,0,2,2,106.010665,116.53333,164.27733,47.744,0
NIWQOC,1.7051999999999998,3.4076,3.409,0.0014,4.3585835,0.4985929999999996,4.60788,4.109287,2.0,2,3,1,2.5,3,4,1,0.0,0,0,0,177.5625,59.257000000000005,207.191,147.934,0
NIXRUJ,3.4534,1.2438000000000002,4.0753,2.8315,5.075844,3.00241,6.577049,3.574639,1.0,2,2,0,1.5,1,2,1,0.5,1,1,0,142.92,142.598,214.219,71.621,0
NOBWIN,2.63695,5.2739,5.2739,0.0,4.9519405,0.7544789999999999,5.32918,4.574701,1.0,2,2,0,3.0,2,4,2,1.0,2,2,0,88.124,39.61334000000001,107.93067,68.31733,0
NOKLAD,2.6577,2.0384,3.6769,1.6385,5.6222695,3.140371,7.192455,4.052084,0.5,1,1,0,3.0,4,5,1,1.0,2,2,0,130.084335,154.66467,207.41667,52.752,0
NOLBEY,5.4327,2.1608,6.5131,4.3523,5.499357,2.34371,6.671212,4.327502,0.5,1,1,0,3.5,5,6,1,2.0,2,3,1,152.289835,138.92233,221.751,82.82867,0
NOLBIC,5.44395,2.1459,6.5169,4.371,5.457708,2.2600100000000003,6.587713,4.327703,0.5,1,1,0,3.5,5,6,1,2.0,2,3,1,146.340835,150.82567,221.75367,70.928,0
NOLCAV,6.875450000000001,5.012300000000001,9.3816,4.3693,5.786739000000001,1.6036960000000002,6.588587,4.984891,0.5,1,1,0,3.0,4,5,1,2.0,2,3,1,125.8745,109.893,180.821,70.928,0
NOLCEZ,7.2336,5.7628,10.115,4.3522,5.8353875,1.6714410000000006,6.671108,4.999667,0.5,1,1,0,3.0,4,5,1,2.0,2,3,1,131.793335,97.92267,180.75467,82.832,0
NONMIM,2.4432,0.1967999999999996,2.5416,2.3448,5.6896325,0.6769110000000005,6.028088,5.351177,1.5,1,2,1,1.5,1,2,1,1.0,2,2,0,148.852665,142.36732999999998,220.03633,77.669,0
NONMOS,2.57155,0.4518999999999997,2.7975,2.3456,5.753599,0.8051020000000007,6.15615,5.351048,1.5,1,2,1,1.5,1,2,1,1.0,2,2,0,148.80866500000002,142.44933,220.03333,77.584,0
NOPDAY,4.87435,5.2179,7.4833,2.2654,4.4986385,1.5721969999999996,5.284737,3.71254,1.5,1,2,1,3.5,1,4,3,0.5,1,1,0,173.851665,103.46267,225.583,122.12033,0
NOQFUV,0.00035,0.0007,0.0007,0.0,2.5639225,0.974419,3.051132,2.076713,0.0,0,0,0,6.0,4,8,4,1.0,2,2,0,213.9635,184.21834,306.07267,121.85433,0
NORTAS,0.6072,1.211,1.2127,0.0017,4.565775,1.96519,5.54837,3.58318,2.0,2,3,1,2.0,0,2,2,1.0,2,2,0,127.412835,92.47167,173.64867,81.177,0
NORTEW,1.0858,2.1686,2.1701,0.0015,4.6295215,2.093157,5.6761,3.582943,2.0,2,3,1,2.0,0,2,2,1.0,2,2,0,127.25367,92.79,173.64867,80.85867,0
NORTIA,0.93225,1.8637,1.8641,0.0004,4.1263445,1.086537,4.669613,3.583076,2.5,1,3,2,2.0,0,2,2,1.0,2,2,0,154.125665,39.05932999999999,173.65533,134.596,0
NORTOG,1.34115,2.6817,2.682,0.0003,4.535146,1.90426,5.487276,3.583016,2.0,2,3,1,2.5,1,3,2,1.5,3,3,0,130.05133,87.21,173.65633,86.44633,0
NOSMIR,4.18455,8.367899999999999,8.3685,0.0006,6.0506505,1.7987329999999997,6.950017,5.151284,0.0,0,0,0,4.0,4,6,2,0.0,0,0,0,118.831835,122.26766999999998,179.96567,57.698,0
NOSTOH,3.67295,2.7533,5.0496,2.2963,5.468213,0.1231119999999998,5.529769,5.406657,1.0,0,1,1,2.5,1,3,2,1.5,1,2,1,106.702335,33.89867,123.65167,89.753,0
NOSTUN,3.73555,0.5954999999999995,4.0333,3.4378,5.4467725,0.1538170000000001,5.523681,5.369864,1.0,0,1,1,2.5,1,3,2,1.5,1,2,1,106.45817,34.27499999999999,123.59567,89.32067,0
NOSVAV,2.0172,4.033799999999999,4.0341,0.0003,4.5538995,1.939861,5.52383,3.583969,2.0,2,3,1,2.5,1,3,2,1.0,2,2,0,148.617835,50.04767000000001,173.64167,123.594,0
NOSVEZ,2.01715,4.033899999999999,4.0341,0.0002,5.4331995,0.1807470000000002,5.523573,5.342826,1.5,1,2,1,2.5,1,3,2,1.0,2,2,0,128.124165,9.057669999999987,132.653,123.59533,0
NOSZAW,3.6242,3.6502,5.4493,1.7991,5.8000225,3.659761,7.629903,3.970142,0.5,1,1,0,3.0,2,4,2,1.0,0,1,1,112.720665,155.96332999999998,190.70233,34.739,0
NOVTAT,1.78625,0.2965000000000002,1.9345,1.638,4.263395,1.2605939999999998,4.893692,3.633098,2.5,1,3,2,1.5,1,2,1,0.5,1,1,0,181.124835,6.53567000000001,184.39267,177.857,0
NOVTEX,1.9195,0.8763999999999998,2.3577,1.4813,4.8067150000000005,0.2097799999999994,4.911605,4.701825,2.5,1,3,2,1.5,1,2,1,0.5,1,1,0,171.112,5.352660000000014,173.78833,168.43567,0
NOWDOU,0.0087999999999999,0.0014,0.0095,0.0081,6.375325500000001,4.358019,8.554335,4.196316,1.0,2,2,0,2.5,1,3,2,1.5,3,3,0,104.232835,151.43367,179.94967,28.516,0
NOZLEW,0.69495,1.3899,1.3899,0.0,5.622843,2.655074,6.95038,4.295306,1.5,3,3,0,2.0,0,2,2,0.5,1,1,0,164.93617,214.47900000000004,272.17567,57.69667,0
NOZLIA,4.35795,0.5648999999999997,4.6404,4.0755,5.6122795,1.929043,6.576801,4.647758,1.5,3,3,0,1.5,1,2,1,0.5,1,1,0,170.773665,198.30533000000003,269.92633,71.621,0
NOZXIJ,0.2104,0.4208,0.4208,0.0,6.3887585,1.2846849999999996,7.031101,5.746416,1.0,2,2,0,4.0,0,4,4,0.5,1,1,0,161.356835,86.94832999999998,204.831,117.88267,0
NUBBAN,2.3531500000000003,1.8401,3.2732,1.4331,4.5937985,0.3080129999999998,4.747805,4.439792,3.5,1,4,3,2.0,0,2,2,1.0,2,2,0,210.033,92.48934,256.27767,163.78833,0
NUGQOW,5e-05,0.0001,0.0001,0.0,4.658894500000001,1.073087,5.195438,4.122351,1.0,2,2,0,3.0,2,4,2,1.0,2,2,0,126.47133,114.74,183.84133,69.10133,0
NUGRAJ,1.86755,3.7327,3.7339,0.0012,4.413677,0.3903999999999996,4.608877,4.218477,2.5,3,4,1,3.0,2,4,2,1.0,2,2,0,231.67783,167.51100000000002,315.43333,147.92233,1
NUGZEV01,2.61855,3.3215000000000003,4.2793,0.9578,5.0699495,0.968325,5.554112,4.585787,1.5,1,2,1,5.0,2,6,4,1.5,1,2,1,157.31116500000002,89.68433000000002,202.15333,112.469,0
NUGZEV,2.61845,3.3223000000000003,4.2796,0.9573,5.0698620000000005,0.9686200000000004,5.554172,4.585552,1.5,1,2,1,5.0,2,6,4,1.5,1,2,1,157.314335,89.68933,202.159,112.46967,0
NUGZOF,3.8089,0.9425999999999995,4.2802,3.3376,4.439992,0.2923460000000002,4.586165,4.293819,1.5,1,2,1,5.5,1,6,5,2.0,2,3,1,163.77516500000002,76.73767000000001,202.144,125.40633,0
NUHYEU,3.93765,0.4693,4.1723,3.703,5.943509000000001,2.105598,6.996308,4.89071,0.5,1,1,0,2.0,2,3,1,2.0,0,2,2,71.62683,70.19900000000001,106.72633,36.52733,0
NUHYIY,5.3751,2.1174,6.4338,4.3164,5.858144,2.003634,6.859961,4.856327,0.5,1,1,0,2.5,3,4,1,2.0,0,2,2,73.75266500000001,74.17133,110.83833,36.667,0
NUHYOE,2.0863,3.2328,3.7027,0.4699,6.052633500000001,1.886321,6.995794,5.109473,0.5,1,1,0,3.5,5,6,1,2.0,0,2,2,68.081665,63.10667000000001,99.635,36.52833,0
NUHYUK,4.6755,1.9490000000000005,5.65,3.701,6.261359499999999,1.4705149999999998,6.996617,5.526102,0.5,1,1,0,3.0,4,5,1,2.0,0,2,2,71.66317000000001,70.267,106.79667,36.52967,0
NUJFEF,0.9505,1.9006,1.9008,0.0002,5.405556499999999,0.1266249999999997,5.468869,5.342244,1.5,1,2,1,3.0,2,4,2,1.0,2,2,0,127.25467,10.810000000000002,132.65967,121.84967,1
NUJWAR,3.22235,0.1911,3.3179,3.1268,4.8116775,1.1488630000000004,5.386109,4.237246,1.0,0,1,1,2.5,1,3,2,0.5,1,1,0,127.440165,38.659670000000006,146.77,108.11033,0
NUJWEV,3.15795,0.0619,3.1889,3.127,4.6625525,0.8510210000000002,5.088063,4.237042,1.5,1,2,1,2.5,1,3,2,0.5,1,1,0,182.27283,71.00099999999998,217.77333,146.77233,0
NUJWIZ,3.1029,0.048,3.1269,3.0789,4.715744,0.9566660000000002,5.194077,4.237411,1.5,1,2,1,2.5,1,3,2,0.5,1,1,0,174.880665,56.219330000000014,202.99033,146.771,0
NUJWOF,2.26405,1.7251,3.1266,1.4015,4.2160735,0.0428369999999995,4.237492,4.194655,1.5,1,2,1,3.0,0,3,3,0.5,1,1,0,186.1265,78.719,225.486,146.767,0
NUJXEW,3.00515,0.3254999999999999,3.1679,2.8424,4.609902,0.4131780000000002,4.816491,4.403313,1.5,1,2,1,3.0,0,3,3,0.5,1,1,0,159.510165,81.19632999999999,200.10833,118.912,0
NUKWEW01,1.39675,1.5715,2.1825,0.611,5.443773,0.3843759999999996,5.635961,5.251585,1.0,0,1,1,2.5,1,3,2,1.0,0,1,1,81.03816499999999,19.62232999999999,90.84933,71.227,0
NUKWEW,1.3945500000000002,1.5763,2.1827,0.6064,5.443092999999999,0.3848919999999998,5.635539,5.250647,1.0,0,1,1,2.5,1,3,2,1.0,0,1,1,81.03833499999999,19.624669999999995,90.85067,71.226,0
NUKWOG,1.3977,1.5698,2.1826,0.6128,5.443457,0.3844800000000008,5.635697,5.251217,1.0,0,1,1,2.5,1,3,2,1.0,0,1,1,81.0385,19.62765999999999,90.85233,71.22467,0
NUKXAT,1.10365,2.2073,2.2073,0.0,4.1448185,1.1219550000000005,4.705796,3.583841,2.0,2,3,1,2.5,1,3,2,1.0,2,2,0,135.492835,76.24633000000001,173.616,97.36967,0
NUKXEX01,1.1038,2.2072,2.2074,0.0002,5.508651,1.6053740000000003,6.311338,4.705964,0.5,1,1,0,2.5,1,3,2,1.0,2,2,0,109.3565,23.98034,121.34667,97.36633,0
NUKXEX,1.103,2.206,2.206,0.0,5.509069,1.604826,6.311482,4.706656,0.5,1,1,0,2.5,1,3,2,1.0,2,2,0,109.356335,23.974670000000003,121.34367,97.369,0
NUKXUN02,3.45265,3.1895,5.0474,1.8579,6.0345345,1.051385000000001,6.560227,5.508842,0.5,1,1,0,3.0,2,4,2,1.5,1,2,1,71.16033,37.02600000000001,89.67333,52.64733,0
NUKXUN,2.91815,4.258900000000001,5.0476,0.7887,6.264632499999999,1.7174190000000005,7.123342,5.405923,0.5,1,1,0,3.0,2,4,2,1.5,1,2,1,71.225835,37.05633,89.754,52.69767,1
NUKYAU,3.98005,2.1392999999999995,5.0497,2.9104,5.341096,0.1316300000000003,5.406911,5.275281,0.5,1,1,0,3.0,2,4,2,1.5,1,2,1,79.23599999999999,21.027339999999995,89.74967,68.72233,0
NUKYEY,2.07495,0.4358999999999999,2.2929,1.857,6.4478605,1.877955,7.386838,5.508883,0.5,1,1,0,3.0,2,4,2,1.5,1,2,1,83.62966499999999,12.084670000000004,89.672,77.58733,0
NUKYIC,2.52515,5.0495,5.0499,0.0004,6.5111205000000005,2.209521,7.615881,5.40636,0.5,1,1,0,3.0,2,4,2,1.5,1,2,1,89.89517000000001,0.2790000000000106,90.03467,89.75567,0
NUKYUO02,3.68285,2.7371000000000003,5.0514,2.3143,6.414285,2.0147780000000006,7.421674,5.406896,0.5,1,1,0,3.0,2,4,2,1.5,1,2,1,96.549835,13.590329999999994,103.345,89.75467,1
NUKYUO,2.08725,0.4557000000000002,2.3151,1.8594,6.4657125,1.912433,7.421929,5.509496,0.5,1,1,0,3.0,2,4,2,1.5,1,2,1,96.508335,13.67067,103.34367,89.673,0
NUKZAV,3.7541,2.5892000000000004,5.0487,2.4595,6.413941,2.015046,7.421464,5.406418,0.5,1,1,0,3.0,2,4,2,1.5,1,2,1,103.028835,26.55167,116.30467,89.753,0
NUKZEZ,2.5243,5.0486,5.0486,0.0,6.5104905,2.208061,7.614521,5.40646,0.5,1,1,0,3.0,2,4,2,1.5,1,2,1,102.7855,26.06434,115.81767,89.75333,0
NUKZID,3.69245,2.7133000000000003,5.0491,2.3358,6.4128775000000005,2.0121030000000006,7.418929,5.406826,0.5,1,1,0,3.0,2,4,2,1.5,1,2,1,109.5215,39.53634,129.28967,89.75333,1
NUKZOJ,2.525,5.0498,5.0499,0.0001,6.5165735,2.220019,7.626583,5.406564,0.5,1,1,0,3.0,2,4,2,1.5,1,2,1,115.763,52.01599999999999,141.771,89.755,0
NUMHAG,4.98315,1.6479,5.8071,4.1592,6.3681085,0.5958670000000001,6.666042,6.070175,0.5,1,1,0,1.5,1,2,1,1.0,0,1,1,100.3055,12.045659999999998,106.32833,94.28267,0
NUMHEK,4.4409,0.1791999999999998,4.5305,4.3513,6.173506,0.996028,6.67152,5.675492,0.5,1,1,0,1.5,1,2,1,1.0,0,1,1,103.426,41.188,124.02,82.832,0
NUMHOU,4.4567,0.2084000000000001,4.5609,4.3525,6.1129115,1.1168870000000002,6.671355,5.554468,0.5,1,1,0,1.5,1,2,1,1.0,0,1,1,107.76533,49.86800000000001,132.69933,82.83133,0
NUMHUA,5.01065,1.2828999999999997,5.6521,4.3692,6.254365999999999,0.668228,6.58848,5.920252,0.5,1,1,0,1.5,1,2,1,1.0,0,1,1,94.881165,47.90633,118.83433,70.928,0
NUMJAI,5.3409,1.977,6.3294,4.3524,6.216039,0.9102240000000004,6.671151,5.760927,0.5,1,1,0,1.5,1,2,1,1.0,0,1,1,101.868165,38.07433,120.90533,82.831,0
NUMJEM,5.07855,1.4543,5.8057,4.3514,6.37102,0.6006960000000001,6.671368,6.070672,0.5,1,1,0,1.5,1,2,1,1.0,0,1,1,94.581,23.492000000000004,106.327,82.835,0
NUMJIQ,4.45125,0.1629000000000005,4.5327,4.3698,6.131853,0.9130159999999998,6.588361,5.675345,0.5,1,1,0,1.5,1,2,1,1.0,0,1,1,97.474165,53.09567000000001,124.022,70.92633,0
NUMJOW,4.4653,0.1920000000000001,4.5613,4.3693,6.071467,1.033856,6.588395,5.554539,0.5,1,1,0,1.5,1,2,1,1.0,0,1,1,101.813665,61.768670000000014,132.698,70.92933,0
NUMJUC,5.3675,1.9968,6.3659,4.3691,6.2422260000000005,0.6924459999999995,6.588449,5.896003,0.5,1,1,0,1.5,1,2,1,1.0,0,1,1,96.10833,50.36200000000001,121.28933,70.92733,0
NUMKAJ,5.01435,1.2886999999999995,5.6587,4.37,6.200706500000001,0.775557,6.588485,5.812928,0.5,1,1,0,1.5,1,2,1,1.0,0,1,1,95.765,49.67666,120.60333,70.92667,0
NUMKEN,5.08805,1.4368999999999996,5.8065,4.3696,6.3295335,0.517671,6.588369,6.070698,0.5,1,1,0,1.5,1,2,1,1.0,0,1,1,88.626,35.39934000000001,106.32567,70.92633,0
NUMYOM,1.5056,0.1974,1.6043,1.4069,4.697043,0.9849639999999996,5.189525,4.204561,1.5,1,2,1,2.0,0,2,2,0.5,1,1,0,149.52783499999998,64.45232999999999,181.754,117.30167,0
NUMYUS,1.8935,0.5789999999999997,2.183,1.604,4.9203075,1.431127,5.635871,4.204744,1.5,1,2,1,2.0,0,2,2,0.5,1,1,0,136.278835,90.85633,181.707,90.85067,0
NUMZED,2.20095,1.1941,2.798,1.6039,4.688738,0.9683220000000006,5.172899,4.204577,1.5,1,2,1,2.5,1,3,2,0.5,1,1,0,147.4755,68.47434,181.71267,113.23833,0
NUMZIH,1.5061,0.1951999999999998,1.6037,1.4085,4.7600815,1.1111749999999994,5.315669,4.204494,1.5,1,2,1,2.0,0,2,2,0.5,1,1,0,145.173835,73.13632999999999,181.742,108.60567,0
NUMZON,3.36855,3.5276999999999994,5.1324,1.6047,4.399982,0.3905479999999999,4.595256,4.204708,1.5,1,2,1,2.5,1,3,2,0.5,1,1,0,159.5095,44.40100000000001,181.71,137.309,0
NUPTEZ,0.8898,1.779,1.7793,0.0003,5.6692085,0.4148449999999997,5.876631,5.461786,1.0,0,1,1,2.0,0,2,2,1.0,2,2,0,104.756165,21.39967,115.456,94.05633,0
NUQHAK,0.8895,1.774,1.7765,0.0025,5.040112499999999,1.6888829999999997,5.884554,4.195671,1.5,1,2,1,2.0,0,2,2,1.0,2,2,0,137.00517,85.927,179.96867,94.04167,0
NUQHEO,0.8883,1.7762,1.7764,0.0002,5.899369500000001,0.0291290000000001,5.913934,5.884805,1.5,1,2,1,2.0,0,2,2,1.0,2,2,0,124.834835,61.595669999999984,155.63267,94.037,0
NUQHIS,0.88995,1.7797,1.7798,0.0001,4.853574500000001,2.042371,5.87476,3.832389,1.5,1,2,1,3.0,2,4,2,1.0,2,2,0,131.744,75.37666,169.43233,94.05567,0
NUQHOY,0.8896499999999999,1.7783,1.7788,0.0005,4.729886,2.291392,5.875582,3.58419,2.0,2,3,1,2.0,0,2,2,1.0,2,2,0,133.844335,79.58133,173.635,94.05367,0
NUQHUE,1.8565,0.1560000000000001,1.9345,1.7785,4.7551075,2.2444150000000005,5.877315,3.6329,2.0,2,3,1,1.5,1,2,1,1.0,2,2,0,135.959335,83.81532999999999,177.867,94.05167,0
NUQJAL,1.32145,2.6425,2.6427,0.0002,5.438663,0.1924279999999996,5.534877,5.342449,1.5,1,2,1,4.0,4,6,2,1.0,2,2,0,140.33683000000002,15.357,148.01533,132.65833,0
NUQKIV,0.8894,1.7782,1.7785,0.0003,5.396981,0.964702,5.879332,4.91463,1.5,1,2,1,2.0,0,2,2,1.0,2,2,0,115.767835,43.429670000000016,137.48267,94.053,0
NUQKOA,1.28575,2.5679000000000003,2.5697,0.0018,5.1956265,1.4366189999999994,5.913936,4.477317,1.5,1,2,1,2.5,1,3,2,1.0,2,2,0,129.5485,52.16900000000001,155.633,103.464,0
NUQKOB,2.3013,1.0442,2.8234,1.7792,5.5723145,0.6098169999999996,5.877223,5.267406,1.5,1,2,1,1.5,1,2,1,1.0,2,2,0,116.701,45.292,139.347,94.055,0
NUQKUH,2.5265,1.4935999999999998,3.2733,1.7797,5.3118915,1.1284770000000002,5.87613,4.747653,2.0,2,3,1,2.0,0,2,2,1.0,2,2,0,128.920835,69.73433000000001,163.788,94.05367,0
NUQLAO,1.73485,0.0882999999999998,1.779,1.6907,5.1985125,1.359845,5.878435,4.51859,2.0,2,3,1,1.5,1,2,1,1.0,2,2,0,131.682665,75.25867000000001,169.312,94.05333,0
NUQLES,2.8707000000000003,2.1826,3.962,1.7794,5.9014775,0.050567,5.926761,5.876194,1.0,0,1,1,2.0,0,2,2,1.5,1,2,1,85.0455,18.015,94.053,76.038,0
NUQLIW,3.29205,3.0279,4.806,1.7781,5.712083,0.3282480000000003,5.876207,5.547959,1.0,0,1,1,2.0,0,2,2,1.0,2,2,0,98.668835,9.23232999999999,103.285,94.05267,0
NUQLOC,1.16355,1.2331,1.7801,0.547,5.2647035,1.2205970000000006,5.875002,4.654405,1.5,1,2,1,2.0,0,2,2,1.0,2,2,0,102.304835,16.495670000000004,110.55267,94.057,1
NUQLUI,1.28485,0.9893,1.7795,0.7902,5.3128875,1.1227150000000004,5.874245,4.75153,1.5,1,2,1,2.0,0,2,2,1.0,2,2,0,117.709,47.30665999999998,141.36233,94.05567,0
NUQMUJ,0.0005,0.0006,0.0008,0.0002,5.5133445000000005,0.7037889999999996,5.865239,5.16145,1.5,1,2,1,3.0,2,4,2,1.0,2,2,0,134.64933000000002,0.1380000000000052,134.71833,134.58033,0
NUQYII,0.27245,0.5449,0.5449,0.0,6.3821785,1.1362230000000002,6.95029,5.814067,0.0,0,0,0,3.5,3,5,2,2.0,4,4,0,69.87633500000001,24.364670000000004,82.05867,57.694,0
NUSHIT,0.11385,0.2277,0.2277,0.0,7.1364895,0.958183,7.615581,6.657398,0.5,1,1,0,5.0,2,6,4,2.5,1,3,2,89.55066500000001,0.9606700000000076,90.031,89.07033,0
NUTPEZ,4.0465,0.2690000000000001,4.181,3.912,4.318565,1.41555,5.02634,3.61079,1.0,2,2,0,5.5,3,7,4,2.5,5,5,0,188.0105,108.991,242.506,133.515,0
NUTSOK,3.83725,0.5785,4.1265,3.548,4.8312575,3.153991,6.408253,3.254262,1.0,2,2,0,3.5,5,6,1,0.5,1,1,0,193.50633,276.986,331.99933,55.01333,0
NUVFIV,3.4541,0.1357999999999997,3.522,3.3862,5.106052,0.3343059999999997,5.273205,4.938899,1.0,0,1,1,3.0,0,3,3,1.5,1,2,1,91.697,13.478000000000009,98.436,84.958,1
NUWGUH,4.3826,0.2959999999999994,4.5306,4.2346,4.0582365,1.6316409999999997,4.874057,3.242416,0.5,1,1,0,3.0,2,4,2,0.0,0,0,0,152.72583500000002,14.050330000000002,159.751,145.70067,1
NUXGES,5.24685,2.2811000000000003,6.3874,4.1063,5.359472,2.78988,6.754412,3.964532,0.5,1,1,0,3.5,5,6,1,1.0,2,2,0,122.8855,139.969,192.87,52.901,0
NUYBUF,2.0142,4.0248,4.0266,0.0018,3.587948,1.0712000000000006,4.123548,3.052348,1.5,3,3,0,3.0,2,4,2,1.0,2,2,0,143.168,42.61666,164.47633,121.85967,0
NUZSOS,1.7036,3.4068,3.407,0.0002,4.850236,0.6223700000000001,5.161421,4.539051,1.5,1,2,1,2.0,0,2,2,0.5,1,1,0,131.991835,5.23966999999999,134.61167,129.372,0
NUZTAF,3.8694,2.3582,5.0485,2.6903,4.9618375,0.8898809999999999,5.406778,4.516897,1.0,0,1,1,2.0,0,2,2,1.0,0,1,1,109.356165,39.20767000000001,128.96,89.75233,0
NUZTIN,3.41625,0.0424999999999999,3.4375,3.395,4.889398,0.9603520000000004,5.369574,4.409222,1.0,0,1,1,2.0,0,2,2,1.0,0,1,1,117.877335,57.11133,146.433,89.32167,0
NUZTOT,1.9649,3.9296,3.9297,0.0001,4.690720499999999,0.9443530000000004,5.162897,4.218544,1.5,1,2,1,2.5,1,3,2,0.5,1,1,0,145.223,21.24733999999998,155.84667,134.59933,0
NUZTUZ,4.3695,1.8694,5.3042,3.4348,4.800906,1.1357679999999997,5.36879,4.233022,1.0,0,1,1,2.5,1,3,2,1.0,0,1,1,122.802,66.96334,156.28367,89.32033,0
NUZVAH,3.7968,0.7182,4.1559,3.4377,4.6513755,1.4368830000000004,5.369817,3.932934,1.0,0,1,1,3.0,2,4,2,1.0,0,1,1,133.113665,87.58467,176.906,89.32133,0
OBAWUM,0.8689,1.735,1.7364,0.0014,5.762745,0.7656939999999999,6.145592,5.379898,0.5,1,1,0,3.0,2,4,2,0.5,1,1,0,98.8455,10.621659999999991,104.15633,93.53467,0
OBOVAF,3.16115,0.5533000000000001,3.4378,2.8845,5.100433,0.53857,5.369718,4.831148,1.0,0,1,1,3.0,2,4,2,2.0,2,3,1,101.21733,23.790000000000006,113.11233,89.32233,0
OBUBOE,2.62265,1.5279,3.3866,1.8587,4.994400000000001,1.029618,5.509209,4.479591,1.0,0,1,1,2.5,1,3,2,1.0,0,1,1,102.45817,25.575000000000003,115.24567,89.67067,0
OCAMUC,2.43895,1.6315000000000002,3.2547,1.6232,4.8917045,0.8182490000000007,5.300829,4.48258,1.5,1,2,1,3.5,1,4,3,1.0,2,2,0,141.362665,74.62067,178.673,104.05233,1
OCATUH,3.1781999999999995,1.9938,4.1751,2.1813,4.6807325,0.4192790000000004,4.890372,4.471093,1.5,1,2,1,3.5,1,4,3,1.5,1,2,1,124.359335,35.25733,141.988,106.73067,0
OCEBUV,2.87805,1.1178999999999997,3.437,2.3191,4.8767505,0.9859150000000004,5.369708,4.383793,1.5,1,2,1,2.0,0,2,2,1.0,0,1,1,117.683165,56.73033,146.04833,89.318,0
OCIJUG,2.72235,2.7661000000000007,4.1054,1.3393,6.890146,0.2715559999999994,7.025924,6.754368,0.0,0,0,0,3.5,5,6,1,1.5,3,3,0,69.597665,33.39533000000001,86.29533,52.9,0
OCIPOG,0.86785,1.7357,1.7357,0.0,5.506074,0.1786720000000006,5.59541,5.416738,0.5,1,1,0,3.5,1,4,3,1.5,1,2,1,99.415165,117.22567,158.028,40.80233,0
OCIPUM,1.3798,2.7596,2.7596,0.0,6.454233,2.04945,7.478958,5.429508,0.5,1,1,0,3.5,1,4,3,1.5,1,2,1,111.261665,93.30867,157.916,64.60733,0
OCIQAT,2.4726,0.5794000000000001,2.7623,2.1829,5.5330755,0.205845,5.635998,5.430153,1.0,0,1,1,2.5,1,3,2,1.0,0,1,1,124.385165,67.06166999999999,157.916,90.85433,0
ODAPIV,5.4041,2.5548,6.6815,4.1267,4.6600795,3.496333,6.408246,2.911913,0.0,0,0,0,2.5,3,4,1,0.5,1,1,0,152.208665,194.38933,249.40333,55.014,0
ODATIX,7.10935,6.0083,10.1135,4.1052,5.877236,1.754614,6.754543,4.999929,0.5,1,1,0,3.0,4,5,1,1.5,3,3,0,116.8235,127.85034,180.74867,52.89833,0
ODEFEJ,6.7543500000000005,5.2549,9.3818,4.1269,5.6966165,1.4233329999999995,6.408283,4.98495,0.5,1,1,0,3.0,4,5,1,1.5,3,3,0,117.916665,125.80267,180.818,55.01533,0
ODIDAJ,4.35145,2.5385000000000004,5.6207,3.0822,5.0097305,0.6200950000000001,5.319778,4.699683,1.0,0,1,1,3.0,2,4,2,2.0,2,3,1,115.4045,25.11233999999999,127.96067,102.84833,0
ODIDEN,3.62325,3.9937,5.6201,1.6264,5.008713,0.6225579999999997,5.319992,4.697434,1.0,0,1,1,3.0,2,4,2,2.0,2,3,1,115.39117,25.139,127.96067,102.82167,0
ODIDIR,4.2704,2.6996,5.6202,2.9206,4.6911625,1.2569750000000006,5.31965,4.062675,1.0,0,1,1,3.0,2,4,2,1.5,1,2,1,143.68083,31.437,159.39933,127.96233,0
ODIHIU,2.1345500000000004,4.2649,4.267,0.0021,4.9053215,3.708439,6.759541,3.051102,0.0,0,0,0,2.5,3,4,1,1.5,1,2,1,90.254335,63.18467,121.84667,58.662,0
ODOBIT,1.038,2.0754,2.0757,0.0003,5.365736,0.1919919999999999,5.461732,5.26974,1.0,0,1,1,2.5,1,3,2,1.0,2,2,0,106.936165,17.041669999999996,115.457,98.41533,1
ODUQIO,2.49755,3.2155,4.1053,0.8898,5.9028465,1.7032509999999998,6.754472,5.051221,1.5,3,3,0,2.0,2,3,1,0.5,1,1,0,152.147,198.492,251.393,52.901,0
OFEGEP,3.857,0.1583999999999998,3.9362,3.7778,5.0527935,0.4668030000000005,5.286195,4.819392,1.0,0,1,1,3.5,1,4,3,1.5,1,2,1,103.830835,37.42433000000001,122.543,85.11867,0
OFEGIT,2.2624,2.8028000000000004,3.6638,0.861,4.39738,0.0674159999999997,4.431088,4.363672,1.5,1,2,1,2.0,2,3,1,1.5,1,2,1,158.3645,89.639,203.184,113.545,0
OFEPIY,2.017,0.6917999999999997,2.3629,1.6711,5.4164705,0.1203050000000001,5.476623,5.356318,1.5,1,2,1,1.5,1,2,1,1.5,1,2,1,163.97233,112.246,220.09533,107.84933,0
OFEPUK,1.93505,0.8535000000000001,2.3618,1.5083,5.42014,0.1269439999999999,5.483612,5.356668,1.5,1,2,1,1.5,1,2,1,1.5,1,2,1,163.86933,112.456,220.09733,107.64133,0
OFEQAR,1.7787000000000002,1.1326000000000005,2.345,1.2124,5.334808499999999,0.0326969999999997,5.351157,5.31846,1.5,1,2,1,1.5,1,2,1,1.5,1,2,1,164.4555,111.161,220.036,108.875,0
OFEQIZ,1.8095,1.0708,2.3449,1.2741,5.3793745,0.0567130000000002,5.407731,5.351018,1.5,1,2,1,1.5,1,2,1,1.5,1,2,1,164.68967,110.692,220.03567,109.34367,0
OFIYOT,3.60125,4.1139,5.6582,1.5443,5.8473915000000005,1.3081810000000005,6.501482,5.193301,0.0,0,0,0,1.5,1,2,1,1.5,1,2,1,67.4065,9.919660000000007,72.36633,62.44667,0
OFOKIE,0.3107499999999999,0.6213,0.6214,0.0001,4.7293295,1.2262329999999997,5.342446,4.116213,2.0,0,2,2,2.0,0,2,2,0.5,1,1,0,150.43849999999998,35.556340000000006,168.21667,132.66033,0
OFOKOK,1.34995,2.6999,2.6999,0.0,5.327304,0.3322659999999997,5.493437,5.161171,1.5,1,2,1,2.0,0,2,2,0.5,1,1,0,120.3195,28.588340000000017,134.61367,106.02533,0
OFUHIG,0.0178,0.0356,0.0356,0.0,5.183244999999999,0.0549419999999996,5.210716,5.155774,1.0,0,1,1,2.5,1,3,2,1.5,1,2,1,76.0035,9.303660000000008,80.65533,71.35167,0
OFUHOM,0.0184,0.036,0.0364,0.0004,5.622844499999999,0.8249149999999998,6.035302,5.210387,1.0,0,1,1,2.5,1,3,2,1.5,1,2,1,89.1465,35.584999999999994,106.939,71.354,0
OFUHUS,0.9713,1.8704,1.9065,0.0361,4.4986675,1.4224829999999995,5.209909,3.787426,1.5,1,2,1,3.5,1,4,3,1.5,1,2,1,118.591665,94.49933,165.84133,71.342,0
OFUYIZ,2.7743,1.8318,3.6902,1.8584,5.142500500000001,0.7330329999999998,5.509017,4.775984,1.0,0,1,1,3.0,2,4,2,2.0,2,3,1,101.429835,23.513670000000005,113.18667,89.673,0
OGEPOG,0.584,1.1668,1.1674,0.0006,4.992449499999999,0.6999810000000002,5.34244,4.642459,2.0,0,2,2,3.5,3,5,2,1.0,2,2,0,166.799165,68.27767,200.938,132.66033,0
OGEZIJ,1.53665,1.7925,2.4329,0.6404,2.8670635,0.2114269999999996,2.972777,2.76135,0.5,1,1,0,2.0,0,2,2,1.5,1,2,1,93.91083,58.447,123.13433,64.68733,0
OHAGEK,3.8358,4.0006,5.8361,1.8355,5.625871500000001,2.586697,6.91922,4.332523,0.5,1,1,0,3.5,5,6,1,2.0,4,4,0,156.03683,206.813,259.44333,52.63033,0
OHAGIO,2.9166000000000003,5.8328,5.833,0.0002,5.641216,2.617858,6.950145,4.332287,0.5,1,1,0,4.0,4,6,2,2.0,4,4,0,158.56967,201.742,259.44067,57.69867,0
OHAGUA,4.19505,3.2783,5.8342,2.5559,5.131778499999999,1.5986029999999998,5.93108,4.332477,1.0,0,1,1,3.0,6,6,0,2.0,4,4,0,179.584335,159.69867,259.43367,99.735,0
OHAHAH,2.91725,5.8343,5.8344,0.0001,5.4598955,2.2550690000000007,6.58743,4.332361,1.0,0,1,1,3.0,6,6,0,2.0,4,4,0,164.434,190.00665999999995,259.43733,69.43067,0
OHIQUS,1.33315,2.6663,2.6663,0.0,5.0315965,0.8478189999999994,5.455506,4.607687,1.0,0,1,1,4.0,0,4,4,0.0,0,0,0,147.3915,1.1270000000000095,147.955,146.828,0
OJENIA,1.6649,3.3298,3.3298,0.0,5.1676555,0.0135689999999994,5.17444,5.160871,2.0,0,2,2,3.0,2,4,2,1.0,2,2,0,158.022835,46.81167000000002,181.42867,134.617,0
OJUBAY,1.70245,3.4049,3.4049,0.0,6.290359499999999,2.651117,7.615918,4.964801,1.0,2,2,0,4.5,1,5,4,2.0,0,2,2,132.6245,85.18433999999999,175.21667,90.03233,0
OJUBOM,1.78225,3.2483,3.4064,0.1581,6.1830935,2.436923,7.401555,4.964632,1.0,2,2,0,4.5,1,5,4,2.0,0,2,2,125.604165,99.23167,175.22,75.98833,0
OJUQAN,1.18365,2.3669,2.3671,0.0002,5.109378,1.608956,5.913856,4.3049,2.0,0,2,2,3.0,2,4,2,0.5,1,1,0,200.788665,90.29467,245.936,155.64133,0
OKEJUK,2.4527,1.6486,3.277,1.6284,6.090608,2.787452,7.484334,4.696882,0.5,1,1,0,2.5,3,4,1,1.5,3,3,0,73.573665,58.50733,102.82733,44.32,0
OKEXIO,2.0463,4.092199999999999,4.0924,0.0002,5.328549000000001,0.2661600000000002,5.461629,5.195469,1.0,0,1,1,2.0,0,2,2,1.0,2,2,0,114.154335,2.6126699999999943,115.46067,112.848,0
OKOKIL,5.5518,2.849,6.9763,4.1273,5.0072335,2.8013170000000005,6.407892,3.606575,0.0,0,0,0,3.0,4,5,1,0.5,1,1,0,87.913665,65.80533,120.81633,55.011,0
OKUROE,2.3526,2.1684,3.4368,1.2684,5.562564500000001,0.3867970000000005,5.755963,5.369166,1.0,0,1,1,1.5,1,2,1,1.0,0,1,1,108.8,38.95865999999998,128.27933,89.32067,0
OKUYOK,3.22655,1.8013000000000003,4.1272,2.3259,4.94772,2.920576,6.408008,3.487432,0.5,1,1,0,2.0,2,3,1,0.5,1,1,0,143.720835,177.41833,232.43,55.01167,0
OLEZAH,2.7746,2.2844,3.9168,1.6324,6.21497,2.56836,7.49915,4.93079,1.0,2,2,0,3.0,4,5,1,2.0,2,3,1,142.89817,193.081,239.43867,46.35767,0
OLOBAS,4.55835,4.5839,6.8503,2.2664,4.765525,1.0373979999999996,5.284224,4.246826,1.0,0,1,1,3.5,1,4,3,0.5,1,1,0,145.383665,46.52132999999999,168.64433,122.123,1
OMELEZ,1.41265,2.8217000000000003,2.8235,0.0018,5.648026,0.7630800000000004,6.029566,5.266486,1.5,1,2,1,2.0,2,3,1,1.5,3,3,0,112.957665,52.79533000000001,139.35533,86.56,0
ONAPOJ,5.67775,7.1657,9.2606,2.0949,6.056784,3.147468,7.630518,4.48305,0.5,1,1,0,3.0,2,4,2,1.0,2,2,0,118.197335,117.21867,176.80667,59.588,0
ONAPUP,1.66005,3.3199,3.32,0.0001,5.6145525,0.8229150000000001,6.02601,5.203095,1.5,1,2,1,2.0,0,2,2,0.5,1,1,0,130.2215,48.38965999999999,154.41633,106.02667,0
ONAQAW,1.3407,2.6812,2.6813,0.0001,5.7602575,0.5319009999999995,6.026208,5.494307,1.5,1,2,1,2.0,0,2,2,0.5,1,1,0,130.221835,48.39233,154.418,106.02567,0
OPEKAW,0.95585,1.9017,1.9067,0.005,3.992164,0.408808,4.196568,3.78776,2.0,0,2,2,3.0,2,4,2,1.0,2,2,0,172.894835,14.114329999999995,179.952,165.83767,0
OQIFAX,1.5723999999999998,3.1412,3.143,0.0018,6.3287585,0.7659269999999996,6.711722,5.945795,1.0,0,1,1,4.0,4,6,2,2.0,2,3,1,103.320665,28.26933,117.45533,89.186,0
OQIFEB,1.4367,2.8692,2.8713,0.0021,6.3041185,0.815995,6.712116,5.896121,1.0,0,1,1,4.0,4,6,2,2.0,2,3,1,103.720665,29.05467,118.248,89.19333,0
OQIWIX,1.9921,3.984,3.9841,0.0001,4.1315565,0.1267249999999995,4.194919,4.068194,2.0,0,2,2,3.0,2,4,2,1.0,2,2,0,195.469335,30.974670000000003,210.95667,179.982,0
OQIWOD,0.7333,1.4542,1.4604,0.0062,4.162993,0.0672019999999999,4.196594,4.129392,2.0,0,2,2,3.5,3,5,2,1.5,3,3,0,196.6475,33.40034,213.34767,179.94733,0
OQIXAQ,4.45525,8.9103,8.9104,0.0001,4.161099,0.0672160000000001,4.194707,4.127491,2.0,0,2,2,4.0,4,6,2,2.0,4,4,0,203.3305,46.69033999999999,226.67567,179.98533,0
OQOMOX,2.9752,2.4376,4.194,1.7564,6.050306,3.1258060000000008,7.613209,4.487403,0.0,0,0,0,3.0,2,4,2,0.5,1,1,0,84.092165,98.65033,133.41733,34.767,0
ORARUV,0.4623,0.9244,0.9245,0.0001,5.3377245,0.008833,5.342141,5.333308,2.0,0,2,2,2.0,0,2,2,1.0,2,2,0,160.6415,55.959660000000014,188.62133,132.66167,0
ORASAC,0.9829,1.9632,1.9645,0.0013,5.079708,0.5258859999999999,5.342651,4.816765,2.0,0,2,2,3.5,3,5,2,1.0,2,2,0,166.47733,67.64600000000002,200.30033,132.65433,0
ORELEE,2.4887,0.1486,2.563,2.4144,6.9979605000000005,3.4370390000000004,8.71648,5.279441,0.5,1,1,0,3.0,4,5,1,1.0,0,1,1,79.664665,61.61733,110.47333,48.856,0
ORIKIL,3.98985,3.2605,5.6201,2.3596,5.104055499999999,0.4304610000000002,5.319286,4.888825,1.0,0,1,1,3.5,3,5,2,2.5,3,4,1,118.603,18.71866,127.96233,109.24367,0
ORILEI,3.90985,3.4219,5.6208,2.1989,5.3504055,0.0623310000000003,5.381571,5.31924,1.0,0,1,1,2.0,0,2,2,1.0,0,1,1,116.39333,23.13600000000001,127.96133,104.82533,0
OROWEY,0.94375,1.8875,1.8875,0.0,4.183797,1.9518000000000004,5.159697,3.207897,1.5,1,2,1,3.5,3,5,2,0.5,1,1,0,168.43516499999998,67.63233,202.25133,134.619,0
OSEXOA,0.007,0.0124,0.0132,0.0008,7.059618,2.98907,8.554153,5.565083,0.0,0,0,0,4.5,3,6,3,1.5,3,3,0,88.301,119.56134,148.08167,28.52033,0
OTAQIK,3.10115,2.6034999999999995,4.4029,1.7994,6.0664085,3.126865,7.629841,4.502976,1.0,2,2,0,2.0,0,2,2,1.0,0,1,1,119.5225,169.56834,204.30667,34.73833,0
OTESAI,3.7429,0.6569999999999996,4.0714,3.4144,5.676235,0.0908540000000002,5.721662,5.630808,1.5,1,2,1,2.0,2,3,1,1.0,0,1,1,156.043335,78.23333,195.16,116.92667,0
OTESEM,4.11995,0.0862999999999996,4.1631,4.0768,5.487119,0.2844499999999996,5.629344,5.344894,1.5,1,2,1,2.0,2,3,1,1.0,0,1,1,154.88533,75.914,192.84233,116.92833,0
OTIYUM,2.1853,4.37,4.3703,0.0003,7.147715,0.4661600000000003,7.380795,6.914635,0.0,0,0,0,1.5,1,2,1,2.0,0,2,2,62.821,52.078,88.86,36.782,0
OTIZAT,2.185,4.37,4.37,0.0,7.1568830000000005,0.4832539999999996,7.39851,6.915256,0.0,0,0,0,1.5,1,2,1,2.0,0,2,2,75.691,77.816,114.599,36.783,0
OTIZEX,2.1852,4.369999999999999,4.3702,0.0002,7.1663385,0.5028189999999997,7.417748,6.914929,0.0,0,0,0,1.5,1,2,1,2.0,0,2,2,88.65266500000001,103.73933,140.52233,36.783,0
OTIZIB,2.1852500000000004,4.3701,4.3703,0.0002,7.1732985,0.5174069999999995,7.432002,6.914595,0.0,0,0,0,1.5,1,2,1,2.0,0,2,2,101.6695,129.77234,166.55567,36.78333,0
OTUCOW01,2.73695,2.3141,3.894,1.5799,5.9471695,3.261483,7.577911,4.316428,0.5,1,1,0,3.0,4,5,1,1.5,1,2,1,89.6595,111.20366,145.26133,34.05767,0
OTUCOW,2.8014,2.1844,3.8936,1.7092,5.9679145,3.302691,7.61926,4.316569,0.5,1,1,0,3.0,4,5,1,1.5,1,2,1,89.64699999999999,111.23,145.262,34.032,0
OTUDUD,2.76335,2.2617000000000003,3.8942,1.6325,5.907872,3.183024,7.499384,4.31636,0.5,1,1,0,3.0,4,5,1,1.5,1,2,1,95.810165,98.90767,145.264,46.35633,0
OTUKUM,2.8737,5.7468,5.7471,0.0003,4.1796825,1.0819669999999997,4.720666,3.638699,1.5,1,2,1,4.0,0,4,4,1.0,2,2,0,178.8865,125.47234,241.62267,116.15033,0
OTURIH,2.515,2.4912,3.7606,1.2694,4.572832,2.449162,5.797413,3.348251,2.0,2,3,1,2.5,3,4,1,0.5,1,1,0,167.20483,183.989,259.19933,75.21033,0
OWOJER,2.83025,5.6605,5.6605,0.0,6.071593,1.7575079999999996,6.950347,5.192839,0.0,0,0,0,1.5,1,2,1,1.0,2,2,0,65.033165,14.67033,72.36833,57.698,0
OWOJIV,3.4755000000000003,3.859,5.405,1.546,5.8339755,1.3295589999999995,6.498755,5.169196,0.0,0,0,0,1.5,1,2,1,1.0,0,1,1,73.402,21.90866,84.35633,62.44767,0
OXANEI,2.3512,4.7024,4.7024,0.0,5.940546,1.292294,6.586693,5.294399,1.0,0,1,1,3.5,7,7,0,1.0,2,2,0,152.194835,165.55167,234.97067,69.419,0
OYEBAX,1.43575,0.9977,1.9346,0.9369,3.7846535,0.3035070000000002,3.936407,3.6329,2.5,1,3,2,2.0,2,3,1,1.0,2,2,0,181.829,7.9326599999999985,185.79533,177.86267,0
OYEVIZ,1.5279,0.5408,1.7983,1.2575,6.125957,3.00903,7.630472,4.621442,0.5,1,1,0,3.0,2,4,2,1.0,0,1,1,106.255,143.034,177.772,34.738,0
OYUXAK,3.5628,0.3560000000000003,3.7408,3.3848,5.555744499999999,0.5649249999999997,5.838207,5.273282,1.0,0,1,1,2.5,1,3,2,1.5,1,2,1,143.127165,89.38633000000002,187.82033,98.434,0
OYUXIS,3.8793,0.5677999999999996,4.1632,3.5954,5.5986635,0.4825569999999999,5.839942,5.357385,1.0,0,1,1,3.5,3,5,2,1.5,1,2,1,159.6495,57.10634000000002,188.20267,131.09633,1
OYUXOY,3.856,1.3160000000000005,4.514,3.198,5.457478,0.9826700000000006,5.948813,4.966143,1.5,1,2,1,2.5,1,3,2,1.0,0,1,1,184.158665,13.14067,190.729,177.58833,1
OYUYEP,2.95525,2.7837000000000005,4.3471,1.5634,5.3267655000000005,1.1482730000000003,5.900902,4.752629,1.0,0,1,1,3.5,3,5,2,2.0,2,3,1,154.42149999999998,71.225,190.034,118.809,0
OYUZAM,1.87105,3.7395,3.7408,0.0013,5.717177,0.2420400000000002,5.838197,5.596157,0.5,1,1,0,3.0,2,4,2,1.5,1,2,1,114.308165,147.02233,187.81933,40.797,1
OZETEU,2.1594,2.4522,3.3855,0.9333,5.2766605,0.006609,5.279965,5.273356,1.0,0,1,1,3.0,0,3,3,1.5,1,2,1,91.795165,13.281670000000004,98.436,85.15433,1
OZOSED,1.80325,0.1329,1.8697,1.7368,4.739533,1.280876,5.379971,4.099095,1.5,1,2,1,2.5,1,3,2,1.0,0,1,1,127.401165,46.49367,150.648,104.15433,0
PADNUH,2.16825,1.4257,2.8811,1.4554,5.6544215,0.5794610000000002,5.944152,5.364691,1.5,1,2,1,2.0,0,2,2,0.5,1,1,0,131.18716999999998,73.06899999999999,167.72167,94.65267,0
PAGCAE,2.3492,2.177,3.4377,1.2607,5.342881,0.0547399999999997,5.370251,5.315511,1.0,0,1,1,2.5,1,3,2,1.0,0,1,1,120.432335,62.22133000000001,151.543,89.32167,0
PAHHAK,3.3033,0.7711999999999999,3.6889,2.9177,5.0814675000000005,0.6108610000000008,5.386898,4.776037,1.0,0,1,1,3.0,2,4,2,2.5,1,3,2,107.9515,10.469000000000008,113.186,102.717,1
PAHHEO,2.56325,0.7103000000000002,2.9184,2.2081,5.0461095,0.6805669999999999,5.386393,4.705826,1.0,0,1,1,2.5,1,3,2,2.0,0,2,2,100.045165,5.3543300000000045,102.72233,97.368,0
PAHNIX,4.89145,6.1855,7.9842,1.7987,6.382552,2.495074,7.630089,5.135015,1.0,2,2,0,3.5,3,5,2,1.5,1,2,1,130.901665,192.32667,227.065,34.73833,0
PAHNOD,3.99125,7.9825,7.9825,0.0,6.042901,1.81555,6.950676,5.135126,1.0,2,2,0,3.5,3,5,2,1.0,2,2,0,142.378665,169.36667,227.062,57.69533,0
PAJFAI,0.8723500000000001,1.7423,1.7435,0.0012,5.5166395,0.391165,5.712222,5.321057,0.5,1,1,0,2.0,0,2,2,1.0,2,2,0,89.712,10.04334,94.73367,84.69033,0
PAKZUZ,5.1568,2.0602,6.1869,4.1267,5.039969,2.7367259999999995,6.408332,3.671606,1.0,2,2,0,2.0,2,3,1,1.0,2,2,0,186.076665,262.12133,317.13733,55.016,0
PAMFIV,3.36665,0.7660999999999998,3.7497,2.9836,4.845227,0.2089620000000005,4.949708,4.740746,0.5,1,1,0,4.0,2,5,3,2.0,2,3,1,102.114665,33.32067000000001,118.775,85.45433,0
PAMXAE,4.4029,1.2924000000000002,5.0491,3.7567,5.3171545,0.1789290000000001,5.406619,5.22769,1.0,0,1,1,3.5,3,5,2,1.5,1,2,1,97.661335,15.816670000000002,105.56967,89.753,0
PANCYQ,2.26955,4.5231,4.5311,0.008,3.950611,1.416106,4.658664,3.242558,1.5,3,3,0,2.0,4,4,0,0.0,0,0,0,160.14749999999998,28.895659999999992,174.59533,145.69967,1
PAPJEZ,2.6117,3.0337999999999994,4.1286,1.0948,5.087104,2.6429980000000004,6.408603,3.765605,0.5,1,1,0,3.5,5,6,1,1.0,2,2,0,131.13017,152.245,207.25267,55.00767,0
PAQMIG,3.7778,0.6796000000000002,4.1176,3.438,5.426715,0.1133540000000001,5.483392,5.370038,1.0,0,1,1,2.5,1,3,2,1.0,0,1,1,87.392,3.855339999999998,89.31967,85.46433,0
PAQNOM,3.7794,0.3153999999999999,3.9371,3.6217,5.036239,0.4338600000000001,5.253169,4.819309,0.5,1,1,0,3.5,1,4,3,1.5,1,2,1,75.32900000000001,19.571340000000006,85.11467,65.54333,0
PAQPIK,3.2561,0.7603999999999997,3.6363,2.8759,6.6675175,2.036137,7.685586,5.649449,0.5,1,1,0,1.5,1,2,1,1.0,0,1,1,71.74133499999999,47.28332999999999,95.383,48.09967,0
PARVOW,5.57335,1.4401000000000002,6.2934,4.8533,3.6230465,0.0897969999999999,3.667945,3.578148,1.5,1,2,1,2.0,0,2,2,0.0,0,0,0,165.45717,86.957,208.93567,121.97867,0
PASLAY,2.1872,3.2218,3.7981,0.5763,5.69463,0.3185079999999995,5.853884,5.535376,0.5,1,1,0,0.5,1,1,0,0.0,0,0,0,123.310665,7.812669999999997,127.217,119.40433,0
PASYEN,3.0405,2.2316,4.1563,1.9247,5.683193,0.770804,6.068595,5.297791,0.5,1,1,0,2.0,2,3,1,0.5,1,1,0,107.72933,28.178,121.81833,93.64033,0
PAVGOK,1.04225,2.0845,2.0845,0.0,5.5288185,0.1376410000000003,5.597639,5.459998,0.5,1,1,0,3.0,2,4,2,1.0,2,2,0,61.2815,40.96966,81.76633,40.79667,0
PAVSOV,2.27455,4.1939,4.3715,0.1776,6.783075500000001,0.2628630000000003,6.914507,6.651644,0.0,0,0,0,1.5,1,2,1,2.0,0,2,2,79.970665,86.38067000000001,123.161,36.78033,1
PAVTAI,2.18545,4.3709,4.3709,0.0,7.165856,0.5028379999999997,7.417275,6.914437,0.0,0,0,0,1.5,1,2,1,2.0,0,2,2,50.15683,26.747,63.53033,36.78333,0
PAVXAN,5e-05,0.0001,0.0001,0.0,5.151453,0.0198879999999999,5.161397,5.141509,1.5,1,2,1,3.0,2,4,2,1.0,2,2,0,124.342665,20.533330000000007,134.60933,114.076,0
PAXFIF,3.89,0.0430000000000001,3.9115,3.8685,4.974182,0.1044540000000004,5.026409,4.921955,0.5,1,1,0,4.0,0,4,4,0.5,1,1,0,143.2345,19.433,152.951,133.518,0
PAXTIS,1.41105,2.8219,2.822,0.0001,5.336508,0.0112839999999998,5.34215,5.330866,1.5,1,2,1,3.0,2,4,2,1.5,3,3,0,124.021835,17.27966999999998,132.66167,115.382,1
PAZSIW,3.85945,5.2697,6.4943,1.2246,5.204359,1.89603,6.152374,4.256344,1.0,2,2,0,2.5,1,3,2,2.0,2,3,1,142.364165,160.12167,222.425,62.30333,0
PEBZII,2.62975,1.6155,3.4375,1.822,4.6505195,1.4388510000000003,5.369945,3.931094,1.5,1,2,1,2.5,1,3,2,2.0,2,3,1,154.46133500000002,130.28133,219.602,89.32067,0
PECREW,3.4874,0.2059999999999999,3.5904,3.3844,5.363295,0.1795939999999998,5.453092,5.273498,1.0,0,1,1,4.0,2,5,3,1.0,2,2,0,117.737165,38.60167000000001,137.038,98.43633,0
PECWEB,2.8922,1.4204,3.6024,2.182,5.581013,0.1112279999999996,5.636627,5.525399,1.0,0,1,1,3.0,2,4,2,1.5,1,2,1,95.433335,9.16467,100.01567,90.851,0
PEFCAG,0.4688,0.9356,0.9366,0.001,4.6390285,1.407007,5.342532,3.935525,2.0,0,2,2,2.5,1,3,2,1.0,2,2,0,159.236835,53.15167,185.81267,132.661,0
PEFGEO01,4.2629,0.6568000000000005,4.5913,3.9345,5.901747,1.98116,6.892327,4.911167,0.5,1,1,0,3.0,4,5,1,2.5,3,4,1,74.596165,69.41032999999999,109.30133,39.891,0
PEFGEO03,4.2578,0.6718000000000002,4.5937,3.9219,5.8962140000000005,1.969316,6.880872,4.911556,0.5,1,1,0,3.0,4,5,1,2.5,3,4,1,74.645165,69.31633,109.30333,39.987,0
PEFGEO,4.2575,0.6714000000000002,4.5932,3.9218,5.896073,1.969538,6.880842,4.911304,0.5,1,1,0,3.0,4,5,1,2.5,3,4,1,74.64566500000001,69.31667,109.304,39.98733,0
PEFGIS,2.0473,3.734,3.9143,0.1803,5.8175765,2.121861,6.878507,4.756646,0.5,1,1,0,3.0,4,5,1,2.5,3,4,1,75.191665,70.38067000000001,110.382,40.00133,0
PEGDAH,0.88815,1.7759,1.7761,0.0002,4.9811440000000005,0.7211819999999998,5.341735,4.620553,2.5,1,3,2,3.0,2,4,2,1.0,2,2,0,197.14,128.94866,261.61433,132.66567,0
PEGDEO,2.22565,0.0867,2.269,2.1823,5.388849499999999,0.4936210000000001,5.63566,5.142039,1.0,0,1,1,2.0,0,2,2,1.0,0,1,1,118.6655,55.62700000000001,146.479,90.852,0
PEGDUE,1.4421,0.0689999999999999,1.4766,1.4076,5.398952,0.1682180000000004,5.483061,5.314843,1.0,0,1,1,2.0,0,2,2,1.0,0,1,1,113.905,10.599999999999994,119.205,108.605,0
PEHFUF,3.38085,2.7187,4.7402,2.0215,4.8454805,1.133763,5.412362,4.278599,1.0,0,1,1,3.0,0,3,3,2.0,0,2,2,119.536335,40.01266999999999,139.54267,99.53,0
PEJBIR,4.6612,5.9048,7.6136,1.7088,6.376074,2.487198,7.619673,5.132475,0.0,0,0,0,2.5,3,4,1,1.5,1,2,1,83.847665,99.62333,133.65933,34.036,1
PEKRUU,2.3073,0.9007999999999998,2.7577,1.8569,4.825651000000001,1.3660579999999998,5.50868,4.142622,1.0,0,1,1,3.0,2,4,2,2.0,2,3,1,96.564,13.784659999999988,103.45633,89.67167,0
PEKTAC,2.12895,0.0893000000000001,2.1736,2.0843,4.7928815,1.3364890000000005,5.461126,4.124637,1.0,0,1,1,3.0,2,4,2,1.5,3,3,0,92.642,21.764660000000006,103.52433,81.75967,1
PELMOL,2.28065,4.560300000000001,4.5608,0.0005,5.369514000000001,0.0552239999999999,5.397126,5.341902,1.5,1,2,1,2.5,1,3,2,1.0,2,2,0,122.51467,20.292000000000016,132.66067,112.36867,0
PELNAY,2.5385500000000003,4.0445,4.5608,0.5163,6.037801,1.2821820000000006,6.678892,5.39671,1.0,0,1,1,4.5,3,6,3,2.5,1,3,2,100.69717,23.34299999999999,112.36867,89.02567,0
PEMBAL,2.6995,5.399,5.399,0.0,5.449242,0.4265759999999998,5.66253,5.235954,0.0,0,0,0,2.5,3,4,1,1.0,2,2,0,62.426335,6.9453299999999984,65.899,58.95367,0
PEQPIL,1.93945,0.2812999999999999,2.0801,1.7988,4.9144055,0.7088809999999999,5.268846,4.559965,1.5,1,2,1,3.5,1,4,3,1.5,1,2,1,128.16033,59.482,157.90133,98.41933,0
PEQPOR,3.0331,4.178,5.1221,0.9441,4.593663,0.004118,4.595722,4.591604,1.5,1,2,1,4.0,2,5,3,1.0,0,1,1,160.25267000000002,45.922,183.21367,137.29167,0
PEQQAE,1.59655,1.3149,2.254,0.9391,5.0350375,0.8868610000000006,5.478468,4.591607,1.5,1,2,1,3.5,3,5,2,1.0,0,1,1,169.36233,27.688000000000017,183.20633,155.51833,0
PEQQOS,3.4117,1.0593999999999997,3.9414,2.882,4.117509,0.0203039999999994,4.127661,4.107357,1.5,1,2,1,4.0,2,5,3,1.0,0,1,1,178.738665,94.08733,225.78233,131.695,0
PESLUX,2.9871,1.4296000000000002,3.7019,2.2723,6.547078,0.8970979999999997,6.995627,6.098529,0.5,1,1,0,1.0,0,1,1,1.0,2,2,0,50.263335,27.46667,63.99667,36.53,0
PESROV01,0.9366,0.0393999999999999,0.9563,0.9169,4.450577,2.207054,5.554104,3.34705,1.5,1,2,1,6.0,4,8,4,2.0,0,2,2,154.591835,84.23767,196.71067,112.473,0
PETNEJ,0.4443,0.8882,0.8884,0.0002,4.2569745,0.8508809999999998,4.682415,3.831534,1.5,1,2,1,3.0,2,4,2,0.5,1,1,0,152.062835,34.66367,169.39467,134.731,0
PETNOT,0.83355,1.6657000000000002,1.6664,0.0007,4.647893,1.631074,5.46343,3.832356,1.5,1,2,1,2.5,3,4,1,0.5,1,1,0,135.266,68.29,169.411,101.121,0
PETPIP,0.4455,0.8904000000000001,0.8907,0.0003,4.3095235,0.746041,4.682544,3.936503,1.5,1,2,1,3.0,2,4,2,0.5,1,1,0,155.0665,40.67766,175.40533,134.72767,0
PETQEM,0.7005,1.401,1.401,0.0,4.5445025,1.215537,5.152271,3.936734,1.5,1,2,1,3.0,2,4,2,0.5,1,1,0,147.29133000000002,56.272000000000006,175.42733,119.15533,0
PEXNAJ,1.84435,3.6887,3.6887,0.0,4.485757,0.5809640000000007,4.776239,4.195275,1.5,1,2,1,3.0,2,4,2,1.5,3,3,0,146.569165,66.77566999999999,179.957,113.18133,0
PEXPIT,1.84405,3.6881,3.6881,0.0,4.9680435,0.384519,5.160303,4.775784,1.5,1,2,1,3.0,2,4,2,1.5,3,3,0,123.893,21.416,134.601,113.185,0
PEXZOK,0.81625,1.6325,1.6325,0.0,5.5990765,3.800413,7.499283,3.69887,1.5,3,3,0,7.5,13,14,1,2.5,3,4,1,158.519335,224.32467,270.68167,46.357,0
PEZQAN,0.4068,0.8121999999999999,0.8129,0.0007,4.1483845,2.192147,5.244458,3.052311,0.5,1,1,0,3.0,2,4,2,1.0,2,2,0,104.58967,34.536,121.85767,87.32167,0
PIJSEJ,1.2241,2.4446000000000003,2.4464,0.0018,5.4027085,1.4835089999999995,6.144463,4.660954,1.0,2,2,0,3.0,2,4,2,1.0,2,2,0,113.778665,40.45733,134.00733,93.55,0
PIJSIN,0.2865999999999999,0.5724,0.5728,0.0004,5.003519,0.6339839999999999,5.320511,4.686527,1.0,2,2,0,2.0,0,2,2,1.0,2,2,0,109.661335,49.94733,134.635,84.68767,0
PIJSOT,2.1726,0.5460000000000003,2.4456,1.8996,5.341472,1.3599559999999995,6.02145,4.661494,1.0,2,2,0,2.0,0,2,2,2.0,0,2,2,100.61849999999998,66.77365999999999,134.00533,67.23167,0
PIJSUZ,1.2708499999999998,2.5377,2.5397,0.002,5.330166,1.63023,6.145281,4.515051,1.0,2,2,0,3.0,2,4,2,1.0,2,2,0,114.55133,42.02999999999999,135.56633,93.53633,0
PILKEB,5.1981,7.283000000000001,8.8396,1.5566,6.385622,2.566758,7.669001,5.102243,0.5,1,1,0,3.5,3,5,2,1.5,1,2,1,100.8235,155.91634,178.78167,22.86533,0
PIRLUZ,6.77825,5.210699999999999,9.3836,4.1729,4.937785,0.0945099999999996,4.98504,4.89053,1.0,0,1,1,4.0,2,5,3,2.5,1,3,2,143.773835,74.09167000000001,180.81967,106.728,0
PIRRAL,2.43125,2.0133,3.4379,1.4246,5.308071,0.1229340000000007,5.369538,5.246604,1.0,0,1,1,2.0,0,2,2,1.0,0,1,1,90.511665,2.380669999999995,91.702,89.32133,1
PIRXUL,7.2151,4.332599999999999,9.3814,5.0488,5.1959385000000005,0.4216830000000007,5.40678,4.985097,1.0,0,1,1,3.5,3,5,2,2.0,2,3,1,135.285835,91.06767,180.81967,89.752,0
PIRYAS,5.3326,8.0982,9.3817,1.2835,5.958883,1.9478740000000003,6.93282,4.984946,0.5,1,1,0,3.5,3,5,2,2.5,1,3,2,127.452665,106.74533,180.82533,74.08,0
PITYAS,0.0,0.0,0.0,0.0,4.9312640000000005,0.4484839999999996,5.155506,4.707022,1.0,0,1,1,2.0,0,2,2,2.0,0,2,2,87.064165,12.817669999999993,93.473,80.65533,0
PITYEW,0.00015,0.0003,0.0003,0.0,4.740095,0.8308580000000001,5.155524,4.324666,1.5,1,2,1,2.0,0,2,2,2.0,0,2,2,131.732,102.15134,182.80767,80.65633,0
PITYIA,0.3981,0.7962,0.7962,0.0,4.825132,0.235678,4.942971,4.707293,1.5,1,2,1,2.0,0,2,2,2.0,0,2,2,127.002335,67.06933000000001,160.537,93.46767,0
PITYOG,0.00015,0.0003,0.0003,0.0,4.4613985,0.2738909999999999,4.598344,4.324453,2.0,0,2,2,2.0,0,2,2,2.0,0,2,2,173.550835,18.52633,182.814,164.28767,0
PITZEX,5e-05,0.0001,0.0001,0.0,4.9051355,0.4989449999999999,5.154608,4.655663,1.0,0,1,1,2.0,0,2,2,1.0,2,2,0,129.625665,97.93267000000002,178.592,80.65933,0
PIYDEG,1.79555,1.6986999999999997,2.6449,0.9462,6.0373985,0.0740929999999995,6.074445,6.000352,0.5,1,1,0,4.5,3,6,3,2.5,1,3,2,155.841835,71.68766999999998,191.68567,119.998,0
PIYDUW,0.8602,0.1814,0.9509,0.7695,6.0487275,0.0508589999999999,6.074157,6.023298,0.5,1,1,0,4.5,3,6,3,2.5,1,3,2,143.792,95.78734,191.68567,95.89833,0
PIYFAE,0.97665,1.0675,1.5104,0.4429,5.586981,0.9524400000000002,6.063201,5.110761,1.5,1,2,1,4.5,3,6,3,2.5,1,3,2,199.90583,16.302999999999997,208.05733,191.75433,0
POBZAK,3.87005,3.4273,5.5837,2.1564,5.2545090000000005,2.451382,6.4802,4.028818,0.5,1,1,0,3.0,2,4,2,0.5,1,1,0,111.295665,100.79067,161.691,60.90033,0
POCBER,3.6051,3.9556,5.5829,1.6273,4.4920875,0.9278069999999996,4.955991,4.028184,1.5,1,2,1,4.0,0,4,4,1.0,2,2,0,180.24333,37.1,198.79333,161.69333,0
POCBUH,4.97695,1.2132999999999994,5.5836,4.3703,5.471716000000001,2.88595,6.914691,4.028741,0.5,1,1,0,2.5,3,4,1,1.0,2,2,0,99.237835,124.91167,161.69367,36.782,1
POCPED,2.61095,1.9517,3.5868,1.6351,5.760769,1.1320499999999996,6.326794,5.194744,1.0,2,2,0,3.5,3,5,2,1.5,1,2,1,114.2425,82.241,155.363,73.122,0
POCPIH,2.17095,2.8325,3.5872,0.7547,5.6826195,1.2865770000000003,6.325908,5.039331,1.0,2,2,0,3.5,3,5,2,1.5,1,2,1,122.733165,99.21633,172.34133,73.125,0
PODLAV,3.3292,1.0298000000000005,3.8441,2.8143,4.835321499999999,0.4508689999999999,5.060756,4.609887,1.5,1,2,1,3.0,0,3,3,1.0,0,1,1,129.06383499999998,29.17767000000001,143.65267,114.475,0
POJFUQ,3.4329,1.3445999999999998,4.1052,2.7606,5.102037,3.304984,6.754529,3.449545,1.0,2,2,0,3.0,4,5,1,1.0,2,2,0,149.664835,193.52833,246.429,52.90067,0
POJQEK,2.8275,2.3488,4.0019,1.6531,5.606344999999999,0.6406999999999998,5.926695,5.285995,1.5,3,3,0,2.0,2,3,1,0.5,1,1,0,163.349335,146.49467,236.59667,90.102,0
POKZAQ,0.74945,1.4979,1.4984,0.0005,5.707349499999999,2.486101000000001,6.9504,4.464299,1.0,2,2,0,2.0,0,2,2,1.5,3,3,0,160.8275,206.26166,263.95833,57.69667,0
PONPAK,2.16115,4.3223,4.3223,0.0,5.2875975,2.6028430000000005,6.589019,3.986176,1.0,0,1,1,1.5,3,3,0,1.0,2,2,0,132.570835,126.30767,195.72467,69.417,0
POVGAK,4.203049999999999,8.4039,8.405,0.0011,5.0757185,0.5325430000000004,5.34199,4.809447,2.0,0,2,2,3.0,2,4,2,0.5,1,1,0,200.060665,134.78867,267.455,132.66633,0
POVXAC,4.6464,1.4684000000000004,5.3806,3.9122,4.663368,0.7251180000000002,5.025927,4.300809,0.5,1,1,0,4.5,1,5,4,1.5,3,3,0,129.428,8.178659999999994,133.51733,125.33867,0
POZCOZ,2.8718000000000004,1.0284,3.386,2.3576,4.8184815,0.9093289999999996,5.273146,4.363817,1.5,1,2,1,3.5,1,4,3,1.5,1,2,1,155.448665,114.02067,212.459,98.43833,0
POZNOK,3.26165,1.8215,4.1724,2.3509,5.4498045,1.1662110000000006,6.03291,4.866699,1.0,0,1,1,5.5,3,7,4,1.5,1,2,1,155.757665,76.28267,193.899,117.61633,0
POZNUQ,3.22595,0.3195000000000001,3.3857,3.0662,5.6708,0.7950219999999995,6.068311,5.273289,1.0,0,1,1,5.0,4,7,3,1.5,1,2,1,145.8215,94.77034,193.20667,98.43633,0
POZPAY,2.86795,1.0347,3.3853,2.3506,5.6533625,0.7594289999999999,6.033077,5.273648,1.0,0,1,1,5.0,4,7,3,1.5,1,2,1,146.167665,95.46467,193.9,98.43533,0
PUCSIS,5.0829,4.447,7.3064,2.8594,4.916919,0.0372020000000006,4.93552,4.898318,1.5,1,2,1,4.0,2,5,3,2.0,0,2,2,153.466,113.06665999999998,209.99933,96.93267,0
PUCSOY,3.88195,4.9539,6.3589,1.405,5.0719455,0.2350609999999999,5.189476,4.954415,1.5,1,2,1,3.5,3,5,2,1.5,1,2,1,163.61516999999998,92.629,209.92967,117.30067,0
PUCTEP,4.99945,4.6161,7.3075,2.6914,4.7260725,0.4186110000000003,4.935378,4.516767,1.5,1,2,1,3.5,3,5,2,1.5,1,2,1,169.48250000000002,81.04299999999998,210.004,128.961,0
PUCTOZ,5.0025,4.6108,7.3079,2.6971,5.2140085,0.5595489999999996,5.493783,4.934234,1.5,1,2,1,3.5,3,5,2,1.5,1,2,1,158.016835,103.97833,210.006,106.02767,1
PUFFUS,0.72785,1.4547,1.4552,0.0005,5.353997,0.0224419999999998,5.365218,5.342776,1.5,1,2,1,2.0,0,2,2,0.5,1,1,0,113.652165,38.007670000000005,132.656,94.64833,0
PUGGAA,0.0,0.0,0.0,0.0,4.776693,0.72905,5.141218,4.412168,1.0,0,1,1,4.0,0,4,4,2.0,0,2,2,150.01999999999998,71.886,185.963,114.077,0
PUHFAA,2.78735,5.5745000000000005,5.5746,0.0001,4.5749855,1.5357410000000002,5.342856,3.807115,2.0,0,2,2,4.5,5,7,2,1.0,2,2,0,164.629835,63.95032999999998,196.605,132.65467,0
PUHGUV,3.3347999999999995,2.1242,4.3969,2.2727,5.052217499999999,2.094637,6.099536,4.004899,1.0,0,1,1,3.5,5,6,1,0.5,1,1,0,166.848665,205.71333,269.70533,63.992,0
PUJBOM,1.1078,0.4193999999999999,1.3175,0.8981,4.8539335,0.9189729999999994,5.31342,4.394447,1.0,0,1,1,3.0,0,3,3,1.5,1,2,1,101.740835,4.863669999999999,104.17267,99.309,0
PUJNIS,2.63345,0.9017,3.0843,2.1826,5.306642999999999,0.6577440000000001,5.635515,4.977771,1.0,0,1,1,2.0,0,2,2,1.0,0,1,1,91.98567,2.2700000000000102,93.12067,90.85067,0
PUKDIJ,2.63875,0.9116999999999996,3.0946,2.1829,5.294557,0.6824139999999996,5.635764,4.95335,1.0,0,1,1,2.0,0,2,2,1.0,0,1,1,96.20917,10.717000000000011,101.56767,90.85067,0
PUKPER,2.13395,0.0976999999999996,2.1828,2.0851,5.547506,0.1760099999999997,5.635511,5.459501,1.0,0,1,1,2.0,0,2,2,0.5,1,1,0,86.30799999999999,9.08466,90.85033,81.76567,0
PUMFOV,3.47005,2.9007,4.9204,2.0197,4.849868000000001,1.124764,5.41225,4.287486,1.0,0,1,1,3.0,0,3,3,2.0,0,2,2,117.659665,36.26532999999999,135.79233,99.527,0
PUMGAI,3.66315,3.2841,5.3052,2.0211,4.88443,1.0555880000000002,5.412224,4.356636,1.0,0,1,1,3.5,1,4,3,2.5,1,3,2,122.15717,45.25899999999999,144.78667,99.52767,0
PUMGOW,3.05145,2.0603,4.0816,2.0213,4.8698125,1.085095,5.41236,4.327265,1.0,0,1,1,3.0,0,3,3,2.0,0,2,2,117.615,36.16600000000001,135.698,99.532,0
PUPGOX,3.2074,1.3560000000000003,3.8854,2.5294,5.426211500000001,0.821841,5.837132,5.015291,0.5,1,1,0,3.5,1,4,3,1.5,3,3,0,110.07567,46.920000000000016,133.53567,86.61567,0
PUPGUD01,2.95865,1.9087,3.913,2.0043,5.2896315000000005,0.5249890000000006,5.552126,5.027137,0.5,1,1,0,4.0,0,4,4,1.0,2,2,0,122.973665,21.090670000000003,133.519,112.42833,0
PUPGUD,2.9586,1.9082,3.9127,2.0045,5.289572,0.5248460000000001,5.551995,5.027149,0.5,1,1,0,4.0,0,4,4,1.0,2,2,0,122.97333,21.08999999999999,133.51833,112.42833,0
PUPHAK,3.98615,0.1450999999999997,4.0587,3.9136,4.881321,0.2911900000000003,5.026916,4.735726,0.5,1,1,0,4.5,1,5,4,1.5,3,3,0,126.115835,14.805669999999992,133.51867,118.713,0
PURHIV,2.79585,2.2241,3.9079,1.6838,6.335694999999999,0.3970519999999995,6.534221,6.137169,0.5,1,1,0,3.0,4,5,1,1.0,2,2,0,77.96567,26.28,91.10567,64.82567,1
PURHUH,1.7654,0.5477999999999998,2.0393,1.4915,5.875977499999999,0.5249969999999999,6.138476,5.613479,1.0,0,1,1,3.0,4,5,1,1.5,1,2,1,98.63167,15.096000000000004,106.17967,91.08367,0
PUTMAU,2.05895,0.2484999999999997,2.1832,1.9347,4.6340765,2.0036090000000004,5.635881,3.632272,2.0,2,3,1,1.5,1,2,1,0.5,1,1,0,134.361,87.018,177.87,90.852,0
PUTMUO,1.29015,1.2925,1.9364,0.6439,4.4143255,1.568413,5.198532,3.630119,2.0,2,3,1,1.5,1,2,1,0.5,1,1,0,142.3415,71.055,177.869,106.814,0
PUTNAV,1.29165,1.2867000000000002,1.935,0.6483,4.358738499999999,1.4527209999999997,5.085099,3.632378,2.0,2,3,1,1.5,1,2,1,0.5,1,1,0,146.45749999999998,62.82365999999999,177.86933,115.04567,0
PUVMIC,1.2649,2.5292,2.5295,0.0003,5.3761985,0.9230230000000006,5.83771,4.914687,1.5,1,2,1,2.5,1,3,2,1.5,3,3,0,112.049835,50.86766999999999,137.48367,86.616,0
PUVNID,1.2109,0.0031999999999998,1.2125,1.2093,5.435226500000001,0.227265,5.548859,5.321594,1.0,0,1,1,2.0,0,2,2,2.0,0,2,2,86.78833,11.228000000000009,92.40233,81.17433,0
PUWFIX,3.21315,1.3912999999999998,3.9088,2.5175,5.848819000000001,1.3715780000000004,6.534608,5.16303,0.5,1,1,0,1.5,1,2,1,1.0,2,2,0,72.7415,15.830340000000009,80.65667,64.82633,0
PUWFOD,2.077,4.150600000000001,4.1523,0.0017,5.9197875,1.5288090000000008,6.684192,5.155383,0.5,1,1,0,1.5,1,2,1,1.0,2,2,0,78.647335,4.02467,80.65967,76.635,0
PUZXIR,4.412050000000001,0.5698999999999996,4.697,4.1271,4.64022,3.5360820000000004,6.408261,2.872179,0.0,0,0,0,4.0,6,7,1,0.0,0,0,0,128.07183500000002,146.11967,201.13167,55.012,0
PUZZIT,1.1657,0.0998000000000001,1.2156,1.1158,4.948503,0.9277540000000002,5.41238,4.484626,2.5,3,4,1,1.5,1,2,1,1.5,1,2,1,181.784835,144.87567,254.22267,109.347,0
PUZZOZ,2.79615,2.7242999999999995,4.1583,1.434,2.95543,2.969514,4.440187,1.470673,2.5,3,4,1,1.5,1,2,1,1.5,1,2,1,185.328335,141.90867,256.28267,114.374,0
PUZZUF,1.4704000000000002,0.0755999999999998,1.5082,1.4326,4.9614775,1.044613,5.483784,4.439171,2.5,3,4,1,1.5,1,2,1,1.5,1,2,1,181.9605,148.63633999999996,256.27867,107.64233,0
PVVAWG01,3.59775,7.193499999999999,7.1945,0.001,5.7567235,2.387599,6.950523,4.562924,1.0,2,2,0,4.0,4,6,2,1.0,2,2,0,130.793835,146.19033000000002,203.889,57.69867,0
QABHIO,1.8333,3.6604,3.6635,0.0031,4.1018345,0.5216150000000002,4.362642,3.841027,1.0,2,2,0,1.5,1,2,1,0.5,1,1,0,140.81267,124.75,203.18767,78.43767,0
QACVAT,1.10315,0.3904999999999999,1.2984,0.9079,6.173859,0.3897979999999998,6.368758,5.97896,0.0,0,0,0,1.5,1,2,1,1.0,0,1,1,88.103335,47.37333000000001,111.79,64.41667,0
QADGEH,0.0013,0.0014,0.002,0.0006,3.2727655,0.157003,3.351267,3.194264,2.0,4,4,0,2.0,0,2,2,1.0,2,2,0,203.364665,63.67867000000001,235.204,171.52533,0
QAFFIM,1.914,0.7164000000000001,2.2722,1.5558,6.8832155,1.5719070000000004,7.669169,6.097262,0.5,1,1,0,1.5,1,2,1,0.5,1,1,0,43.435335,41.13333,64.002,22.86867,0
QAFSAU,5.37855,2.6579,6.7075,4.0496,4.5000025,0.3578609999999997,4.678933,4.321072,1.0,0,1,1,3.0,2,4,2,1.5,3,3,0,118.7725,31.81634,134.68067,102.86433,0
QAFZUT,3.841650000000001,0.7081000000000004,4.1957,3.4876,4.753923,1.2898000000000005,5.398823,4.109023,1.5,1,2,1,2.0,0,2,2,1.0,2,2,0,139.552,85.896,182.5,96.604,0
QAHNOF,1.47055,2.9401,2.9406,0.0005,4.0243625,1.1689029999999998,4.608814,3.439911,2.0,2,3,1,2.5,3,4,1,0.0,0,0,0,178.88767,61.928000000000026,209.85167,147.92367,0
QAKSUS,2.0384,4.0752,4.076,0.0008,5.358129,2.437704,6.576981,4.139277,1.0,2,2,0,2.5,3,4,1,1.0,2,2,0,122.284335,101.32933,172.949,71.61967,1
QALDUE,2.35345,0.8369,2.7719,1.935,4.6192495000000005,1.9736710000000004,5.606085,3.632414,2.0,2,3,1,3.5,5,6,1,1.5,3,3,0,155.980165,43.77233000000001,177.86633,134.094,0
QAMQUR,0.0,0.0,0.0,0.0,5.221161,0.1316980000000001,5.28701,5.155312,1.0,0,1,1,2.0,0,2,2,1.0,2,2,0,69.957,21.394,80.654,59.26,0
QAMRAY,5e-05,0.0001,0.0001,0.0,5.4180790000000005,0.5243340000000005,5.680246,5.155912,0.5,1,1,0,2.0,0,2,2,2.0,0,2,2,73.713335,13.87133,80.649,66.77767,0
QAMREC,0.6129,1.2258,1.2258,0.0,5.6528505,0.9958350000000004,6.150768,5.154933,0.5,1,1,0,2.0,0,2,2,1.5,1,2,1,71.4825,18.36434,80.66467,62.30033,0
QAMRIG,1.1363,2.2726,2.2726,0.0,5.6270805,0.943785,6.098973,5.155188,1.0,0,1,1,1.5,1,2,1,1.0,2,2,0,72.326335,16.66133,80.657,63.99567,0
QAMROM,0.43115,0.8623,0.8623,0.0,5.734175499999999,1.157369,6.31286,5.155491,0.5,1,1,0,1.5,1,2,1,1.5,1,2,1,75.25616500000001,10.802329999999998,80.65733,69.855,0
QAMRUS,0.0003,0.0006,0.0006,0.0,5.249088499999999,0.187221,5.342699,5.155478,1.5,1,2,1,2.0,0,2,2,1.0,2,2,0,106.65817,52.003,132.65967,80.65667,0
QAMSAZ,0.6626,1.3252,1.3252,0.0,5.7420065000000005,1.1730270000000005,6.32852,5.155493,0.5,1,1,0,2.0,0,2,2,1.0,2,2,0,78.399,4.51400000000001,80.656,76.142,0
QAMSED,1.25875,2.5175,2.5175,0.0,5.6833670000000005,1.0408879999999998,6.203811,5.162923,0.5,1,1,0,2.0,0,2,2,1.0,2,2,0,87.82683,14.335000000000008,94.99433,80.65933,0
QANMEY,0.0001,0.0,0.0001,0.0001,6.316853999999999,1.4407319999999997,7.03722,5.596488,0.0,0,0,0,3.0,2,4,2,2.0,0,2,2,55.313665,29.03867,69.833,40.79433,0
QANQUS,3.88415,0.4405000000000001,4.1044,3.6639,5.5587655,2.391139,6.754335,4.363196,1.0,2,2,0,1.0,0,1,1,0.5,1,1,0,128.043665,150.28533,203.18633,52.901,0
QARGUO,3.20825,1.4183000000000003,3.9174,2.4991,7.1917615,0.6236350000000002,7.503579,6.879944,0.0,0,0,0,2.5,3,4,1,1.5,1,2,1,46.2685,12.53566,52.53633,40.00067,0
QASNOR,2.71415,2.7825000000000006,4.1054,1.3229,5.843067,1.822494,6.754314,4.93182,0.5,1,1,0,2.5,3,4,1,1.5,3,3,0,78.8575,51.917,104.816,52.899,0
QASZIX,2.29525,3.6205,4.1055,0.485,5.6778815,2.152883,6.754323,4.60144,0.5,1,1,0,2.5,3,4,1,1.5,3,3,0,90.9085,76.01834,128.91767,52.89933,0
QATBOG,2.5977,3.0178000000000003,4.1066,1.0888,5.666793500000001,2.175387,6.754487,4.5791,0.5,1,1,0,2.5,3,4,1,1.5,3,3,0,102.59083,99.383,152.28233,52.89933,1
QAXYOG,3.68785,7.374499999999999,7.3751,0.0006,4.565849999999999,1.553432,5.342566,3.789134,1.5,1,2,1,3.0,2,4,2,2.0,4,4,0,170.23866500000003,75.16333,207.82033,132.657,0
QAXYUM,3.6876,7.3708,7.373,0.0022,3.9922045,0.4062809999999994,4.195345,3.789064,1.5,1,2,1,3.0,2,4,2,2.0,4,4,0,193.898,27.84534,207.82067,179.97533,0
QAXZAT,3.8985,7.7938,7.7954,0.0016,3.9874265,0.4153470000000001,4.1951,3.779753,2.0,0,2,2,3.0,2,4,2,2.0,4,4,0,228.125665,96.30132999999998,276.27633,179.975,0
QAXZEX,3.94805,7.8953,7.8957,0.0004,4.5465265,1.591765,5.342409,3.750644,1.5,1,2,1,3.0,2,4,2,2.0,4,4,0,163.93116500000002,62.54767000000001,195.205,132.65733,0
QAXZIB,3.94815,7.8963,7.8963,0.0,3.973246000000001,0.4438780000000002,4.195185,3.751307,1.5,1,2,1,3.0,2,4,2,2.0,4,4,0,187.578335,15.218670000000005,195.18767,179.969,0
QAXZOH,3.8981,7.796,7.7961,0.0001,4.561128,1.56283,5.342543,3.779713,2.0,0,2,2,3.0,2,4,2,2.0,4,4,0,204.4665,143.62034000000003,276.27667,132.65633,0
QAXZUN,2.4624,4.9248,4.9248,0.0,4.5134685,1.293521,5.160229,3.866708,1.5,1,2,1,3.0,2,4,2,2.0,4,4,0,170.94933,72.69400000000002,207.29633,134.60233,0
QAYBAW01,2.4628,4.9256,4.9256,0.0,4.031066,0.3286759999999997,4.195404,3.866728,1.5,1,2,1,3.0,2,4,2,2.0,4,4,0,193.628165,27.346329999999995,207.30133,179.955,0
QAYBAW,2.4621,4.9242,4.9242,0.0,4.0307365,0.3281909999999999,4.194832,3.866641,1.5,1,2,1,3.0,2,4,2,2.0,4,4,0,193.639335,27.33133000000001,207.305,179.97367,0
QECYII,1.19545,2.0635,2.2272,0.1637,5.2815725,1.0536209999999997,5.808383,4.754762,1.0,0,1,1,2.5,1,3,2,1.0,2,2,0,101.7095,41.359660000000005,122.38933,81.02967,0
QEDFEK,2.0719,1.1245999999999998,2.6342,1.5096,5.2003635,0.1805989999999999,5.290663,5.110064,1.5,1,2,1,4.0,2,5,3,1.5,1,2,1,165.51133,85.09,208.05633,122.96633,0
QEDNUM,2.19795,4.3959,4.3959,0.0,4.5832585,1.156111,5.161314,4.005203,1.5,1,2,1,4.0,4,6,2,0.5,1,1,0,202.146335,135.09933000000004,269.696,134.59667,0
QEDVUS,2.3819,4.7638,4.7638,0.0,6.171434,1.5582120000000002,6.95054,5.392328,0.5,1,1,0,2.0,0,2,2,1.0,2,2,0,80.19749999999999,45.00699999999999,102.701,57.694,0
QEDZUX,2.5705,3.0716,4.1063,1.0347,4.973349,3.5623920000000004,6.754545,3.192153,0.5,1,1,0,3.0,4,5,1,1.0,2,2,0,163.271335,220.74133,273.642,52.90067,0
QEGKAO,4.19705,1.1209000000000002,4.7575,3.6366,5.7876375,0.2760350000000002,5.925655,5.64962,1.0,0,1,1,1.0,0,1,1,1.5,1,2,1,102.047165,13.33233,108.71333,95.381,0
QEHYAE,3.4273,0.6279999999999997,3.7413,3.1133,4.9021975,0.6504830000000004,5.227439,4.576956,1.0,2,2,0,4.0,4,6,2,1.0,2,2,0,202.593835,134.75233000000003,269.97,135.21767,0
QEKMAX,3.22945,3.1939,4.8264,1.6325,6.001924,2.9950720000000004,7.49946,4.504388,0.5,1,1,0,3.5,5,6,1,1.0,0,1,1,121.3505,149.987,196.344,46.357,1
QELDEU,2.4154,4.8218,4.8263,0.0045,4.017304,0.3561540000000001,4.195381,3.839227,2.0,0,2,2,3.0,2,4,2,1.0,2,2,0,188.491335,17.040670000000006,197.01167,179.971,1
QEMKAV,0.27315,0.5463,0.5463,0.0,4.9053615,0.5001410000000002,5.155432,4.655291,1.5,1,2,1,2.0,0,2,2,1.0,2,2,0,95.60283,29.891000000000005,110.54833,80.65733,0
QETMOS,1.2992,2.5976,2.598,0.0004,5.3923065,0.0994069999999993,5.44201,5.342603,1.5,1,2,1,2.0,0,2,2,1.0,2,2,0,109.92132999999998,45.466,132.65433,87.18833,0
QETMUY,1.2989,2.5978,2.5978,0.0,4.9661385,0.951493,5.441885,4.490392,1.5,1,2,1,2.0,0,2,2,1.0,2,2,0,133.00883,91.641,178.82933,87.18833,0
QETNAF,1.30105,2.5995,2.6008,0.0013,4.8184260000000005,1.2466680000000006,5.44176,4.195092,1.5,1,2,1,2.0,0,2,2,1.0,2,2,0,133.579,92.79,179.974,87.184,0
QEWHEH,1.0394,2.0788,2.0788,0.0,4.7319415,1.0738290000000008,5.268856,4.195027,1.5,1,2,1,2.5,1,3,2,1.0,2,2,0,139.199,81.56066,179.97933,98.41867,0
QEZTAT,2.0532,4.1062,4.1063,0.0001,5.253895,3.0013500000000004,6.75457,3.75322,1.0,2,2,0,2.5,3,4,1,1.0,2,2,0,122.864,139.92734000000002,192.82767,52.90033,0
QIBCEM,4.61415,3.5809,6.4046,2.8237,5.22284,0.0882139999999997,5.266947,5.178733,1.5,1,2,1,3.0,4,5,1,1.0,2,2,0,158.45983,38.215,177.56733,139.35233,0
QIBCIQ,3.20335,6.4061,6.4064,0.0003,5.260797500000001,0.163685,5.34264,5.178955,1.5,1,2,1,3.5,3,5,2,1.0,2,2,0,155.11,44.904000000000025,177.562,132.658,1
QIGQIK,0.0,0.0,0.0,0.0,5.143286,0.0232999999999998,5.154936,5.131636,1.0,0,1,1,2.0,0,2,2,1.0,2,2,0,149.2635,137.221,217.874,80.653,0
QIGVOR,1.16265,0.4668999999999998,1.3961,0.9292,5.561173999999999,0.7378100000000005,5.930079,5.192269,1.0,2,2,0,4.0,2,5,3,1.0,2,2,0,125.874335,58.96066999999999,155.35467,96.394,0
QIJCUH,0.00195,0.0031,0.0035,0.0004,4.467928000000001,1.749154,5.342505,3.593351,1.0,2,2,0,3.0,2,4,2,1.0,2,2,0,111.636835,42.04167,132.65767,90.616,0
QIMFOH,4.40165,0.5493000000000006,4.6763,4.127,5.466029,1.88402,6.408039,4.524019,0.5,1,1,0,4.0,6,7,1,0.5,1,1,0,122.815165,135.60167,190.616,55.01433,0
QINQEN,1.05435,2.0969,2.1028,0.0059,5.064249500000001,1.738651,5.933575,4.194924,1.5,1,2,1,2.0,0,2,2,1.0,2,2,0,136.533835,86.88633,179.977,93.09067,0
QIPMUX,2.1891,4.3782,4.3782,0.0,6.2097750000000005,2.812278,7.615914,4.803636,0.5,1,1,0,3.5,1,4,3,1.5,1,2,1,128.84283499999998,77.61832999999999,167.652,90.03367,0
QIPNAE,2.1891,4.3774,4.3778,0.0004,6.142155000000001,2.675446,7.479878,4.804432,0.5,1,1,0,3.5,1,4,3,1.5,1,2,1,116.131165,103.04567,167.654,64.60833,0
QIPNEI,5.113,3.9666,7.0963,3.1297,6.2492085,2.412719,7.455568,5.042849,0.5,1,1,0,3.5,1,4,3,1.5,1,2,1,119.6285,84.625,161.941,77.316,0
QIRKAD,5.158849999999999,1.5743,5.946,4.3717,6.0302815,1.7678589999999996,6.914211,5.146352,0.0,0,0,0,2.5,3,4,1,2.0,0,2,2,50.99666499999999,28.425329999999995,65.20933,36.784,0
QISMIQ,3.33155,0.8209,3.742,2.9211,5.369286000000001,1.199528,5.96905,4.769522,2.0,0,2,2,3.5,3,5,2,1.0,2,2,0,187.1145,43.09433999999999,208.66167,165.56733,0
QISSUK,3.05805,1.5707,3.8434,2.2727,5.1863205,1.825811,6.099226,4.273415,1.5,1,2,1,2.0,2,3,1,1.0,2,2,0,127.858665,127.72933,191.72333,63.994,0
QIXVUO,2.40855,0.5231000000000003,2.6701,2.147,4.7228405,1.0679689999999995,5.256825,4.188856,1.5,1,2,1,1.5,1,2,1,1.0,0,1,1,121.81733,2.122,122.87833,120.75633,0
QOBVAF,3.5187,3.3248,5.1811,1.8563,2.9315665,0.0683890000000002,2.965761,2.897372,3.0,2,4,2,2.0,0,2,2,1.0,2,2,0,185.941665,105.15533,238.51933,133.364,0
QODNOP,5e-05,0.0001,0.0001,0.0,6.149398,1.1799220000000004,6.739359,5.559437,0.5,1,1,0,1.0,2,2,0,0.0,0,0,0,107.94533,25.194000000000003,120.54233,95.34833,0
QOFSIQ,1.85225,3.7045,3.7045,0.0,6.14146,1.7090900000000009,6.996005,5.286915,0.5,1,1,0,1.5,1,2,1,1.0,2,2,0,47.89633,22.72,59.25633,36.53633,0
QOLMAH,2.47095,0.6041000000000003,2.773,2.1689,5.059791,0.8282819999999997,5.473932,4.64565,2.0,2,3,1,2.0,0,2,2,1.0,2,2,0,168.72033499999998,53.17067,195.30567,142.135,0
QOLMEL,3.54585,0.9366999999999996,4.0142,3.0775,4.896141500000001,0.6230169999999999,5.20765,4.584633,2.0,2,3,1,2.0,0,2,2,1.0,2,2,0,167.1,49.99534,192.09767,142.10233,0
QOLMIP,3.40285,1.2554999999999996,4.0306,2.7751,5.050881,0.8453500000000007,5.473556,4.628206,2.0,2,3,1,2.0,0,2,2,1.0,2,2,0,166.449835,48.616330000000005,190.758,142.14167,0
QOLMOV,2.3444000000000003,0.3515999999999999,2.5202,2.1686,4.7785125,0.2660349999999996,4.91153,4.645495,2.0,2,3,1,2.0,0,2,2,1.0,2,2,0,183.91067,22.798,195.30967,172.51167,0
QOLNAI,2.1678,0.0017999999999998,2.1687,2.1669,5.069058,0.8469720000000001,5.492544,4.645572,2.0,2,3,1,2.0,0,2,2,1.0,2,2,0,153.677665,83.25733,195.30633,112.049,0
QOLNEM,2.6441,0.9506,3.1194,2.1688,5.0625235,0.8337690000000002,5.479408,4.645639,2.0,2,3,1,2.0,0,2,2,1.0,2,2,0,153.231165,84.14833,195.30533,111.157,0
QOLNOW,2.27185,0.2060999999999997,2.3749,2.1688,5.133744,0.9763160000000006,5.621902,4.645586,2.0,2,3,1,2.0,0,2,2,1.0,2,2,0,137.901,114.81000000000002,195.306,80.496,0
QOLQOA,5e-05,0.0001,0.0001,0.0,3.3645925,0.8643990000000001,3.796792,2.932393,2.0,4,4,0,3.0,6,6,0,0.0,0,0,0,241.793,80.73866000000001,282.16233,201.42367,0
QOLRAN,0.0001,0.0,0.0001,0.0001,2.9494645,0.0336790000000002,2.966304,2.932625,2.5,5,5,0,3.0,6,6,0,0.0,0,0,0,285.644,49.24734000000001,310.26767,261.02033,0
QOLRER,5e-05,0.0001,0.0001,0.0,3.3133275,0.967247,3.796951,2.829704,2.0,4,4,0,3.0,6,6,0,0.0,0,0,0,229.286665,55.736669999999975,257.155,201.41833,0
QOLRIV,0.0005,0.0007999999999999,0.0009,0.0001,2.8984455,0.1357089999999998,2.9663,2.830591,2.5,5,5,0,3.0,6,6,0,0.0,0,0,0,259.0745,3.8936599999999535,261.02133,257.12767,0
QOLROB,0.0004,0.0008,0.0008,0.0,3.406497,1.15224,3.982617,2.830377,3.5,7,7,0,3.0,6,6,0,0.0,0,0,0,282.30316500000004,50.33566999999999,307.471,257.13533,0
QOLSAM01,0.0005,0.0,0.0005,0.0005,5.06171,0.1595560000000002,5.141488,4.981932,1.0,0,1,1,4.0,0,4,4,1.0,2,2,0,146.05482999999998,63.95099999999999,178.03033,114.07933,0
QOLSAM,0.0,0.0,0.0,0.0,5.062295000000001,0.1574099999999996,5.141,4.98359,1.0,0,1,1,4.0,0,4,4,1.0,2,2,0,146.03033499999998,63.89932999999999,177.98,114.08067,0
QOPMUF,4.89335,1.5314999999999994,5.6591,4.1276,4.723313,3.3692080000000004,6.407917,3.038709,1.5,3,3,0,1.5,1,2,1,1.0,2,2,0,175.48167,240.93600000000004,295.94967,55.01367,1
QOQJOX,1.75395,0.0435,1.7757,1.7322,4.9474635,0.1338490000000005,5.014388,4.880539,1.5,1,2,1,3.0,2,4,2,2.0,0,2,2,148.7295,62.35166,179.90533,117.55367,0
QOVHOZ,0.59575,1.1915,1.1915,0.0,4.361105,0.3325680000000002,4.527389,4.194821,2.0,0,2,2,1.5,1,2,1,0.5,1,1,0,153.20833,53.554,179.98533,126.43133,0
QOYKOE,1.6936,0.516,1.9516,1.4356,5.284561999999999,1.688522,6.128823,4.440301,2.5,3,4,1,1.5,1,2,1,1.0,2,2,0,167.1165,178.32833999999997,256.28067,77.95233,0
QOYKUK,1.82875,1.4257,2.5416,1.1159,5.256971500000001,1.5423929999999997,6.028168,4.485775,2.5,3,4,1,1.5,1,2,1,1.0,2,2,0,165.944665,176.55333,254.22133,77.668,0
QOYLAR,2.11445,1.3655000000000002,2.7972,1.4317,5.302673,1.7275959999999992,6.166471,4.438875,2.5,3,4,1,1.5,1,2,1,1.0,2,2,0,166.939335,178.68532999999996,256.282,77.59667,0
QUBQAF,3.59595,3.7835,5.4877,1.7042,4.917786,0.3170799999999998,5.076326,4.759246,0.5,1,1,0,2.5,1,3,2,0.5,1,1,0,116.56333,111.596,172.36133,60.76533,0
QUBQOT,3.59965,3.7905000000000006,5.4949,1.7044,4.6966205,0.1250629999999999,4.759152,4.634089,1.0,2,2,0,2.5,1,3,2,0.5,1,1,0,142.29417,163.057,223.82267,60.76567,0
QUCKAB,2.0142,4.0284,4.0284,0.0,4.3782745,2.654147,5.705348,3.051201,0.5,1,1,0,3.0,2,4,2,1.0,2,2,0,101.96583,39.777,121.85433,82.07733,0
QUCKEH,3.1446,0.8361999999999998,3.5627,2.7265,5.0599715,0.668285,5.394114,4.725829,1.0,0,1,1,3.0,2,4,2,1.0,0,1,1,100.72767,22.53400000000001,111.99467,89.46067,0
QUFCEB,3.72115,0.7424999999999997,4.0924,3.3499,4.535161,1.3204459999999996,5.195384,3.874938,1.5,1,2,1,2.5,1,3,2,1.0,2,2,0,146.126165,66.55367,179.403,112.84933,0
QUFKEI,3.16995,1.6664999999999996,4.0032,2.3367,6.12624,0.3981080000000006,6.325294,5.927186,1.5,3,3,0,1.5,1,2,1,0.5,1,1,0,171.80583,129.549,236.58033,107.03133,0
QUFROA,0.8815000000000001,1.7604,1.7617,0.0013,5.303602,0.5827979999999995,5.595001,5.012203,0.5,1,1,0,2.5,3,4,1,0.5,1,1,0,118.772835,3.763669999999992,120.65467,116.891,0
QUHRAO,2.3782,1.041,2.8987,1.8577,4.6799065,1.6580869999999996,5.50895,3.850863,1.0,0,1,1,3.5,3,5,2,1.5,1,2,1,135.2925,91.23833999999998,180.91167,89.67333,0
QUHRES,3.0442,1.9184,4.0034,2.085,4.666533,1.5868699999999998,5.459968,3.873098,1.0,0,1,1,3.5,3,5,2,1.0,2,2,0,131.59716500000002,99.67233000000002,181.43333,81.761,0
QUKKOY,2.64705,0.8738999999999999,3.084,2.2101,5.1782485000000005,0.4008250000000002,5.378661,4.977836,1.0,0,1,1,2.0,0,2,2,1.0,0,1,1,98.977665,11.714669999999998,104.835,93.12033,0
QULLUF02,4.18845,2.8639,5.6204,2.7565,4.731339,1.176824,5.319751,4.142927,1.0,0,1,1,3.0,2,4,2,2.0,2,3,1,115.706335,24.50533,127.959,103.45367,0
QUOLUR,1.85115,3.7023,3.7023,0.0,6.0756695,1.8408130000000007,6.996076,5.155263,0.5,1,1,0,1.5,1,2,1,2.0,0,2,2,58.59433,44.132000000000005,80.66033,36.52833,0
QUQPAV,3.7291,0.7439999999999998,4.1011,3.3571,4.8717880000000005,0.5692980000000007,5.156437,4.587139,1.0,0,1,1,2.5,1,3,2,1.0,2,2,0,133.218665,7.949330000000003,137.19333,129.244,0
QUQPEZ,3.72495,0.7346999999999997,4.0923,3.3576,4.8915120000000005,0.6085640000000003,5.195794,4.58723,1.0,0,1,1,2.5,1,3,2,1.0,2,2,0,125.019,24.346000000000004,137.192,112.846,0
QUTMIC,1.13615,2.2723,2.2723,0.0,5.102093999999999,1.994426,6.099307,4.104881,1.5,1,2,1,4.5,7,8,1,2.0,4,4,0,134.014165,140.04567,204.037,63.99133,0
QUTMOI,1.04245,2.0849,2.0849,0.0,4.4521595000000005,0.6924090000000005,4.798364,4.105955,2.0,0,2,2,4.5,7,8,1,2.0,4,4,0,159.627335,88.79867,204.02667,115.228,0
QUTMUO,1.6086,1.3263999999999998,2.2718,0.9454,5.3638275,1.4681809999999995,6.097918,4.629737,1.5,1,2,1,2.5,3,4,1,0.5,1,1,0,132.476665,136.94733000000002,200.95033,64.003,0
QUVKIE,2.0513000000000003,1.7212,2.9119,1.1907,5.1593875,0.897653,5.608214,4.710561,0.5,1,1,0,3.0,2,4,2,1.0,0,1,1,101.664,5.893339999999995,104.61067,98.71733,0
QUWXAI01,4.0235,4.8206,6.4338,1.6132,5.492467,1.271268,6.128101,4.856833,1.0,0,1,1,4.5,1,5,4,2.0,0,2,2,101.008665,19.66067,110.839,91.17833,0
QUWZEO,0.0,0.0,0.0,0.0,5.338581,0.104254,5.390708,5.286454,1.0,0,1,1,2.0,0,2,2,1.0,2,2,0,70.94283,23.319,82.60233,59.28333,0
QUWZIS,0.2738,0.5468000000000001,0.5472,0.0004,5.022664499999999,0.7356889999999998,5.390509,4.65482,1.5,1,2,1,2.0,0,2,2,1.0,2,2,0,96.577665,27.948670000000007,110.552,82.60333,0
QUWZOY,0.00015,0.0003,0.0003,0.0,4.48692,1.805844,5.389842,3.583998,2.0,2,3,1,2.0,0,2,2,1.0,2,2,0,128.12349999999998,91.035,173.641,82.606,0
QUYJEA,2.086,4.172,4.172,0.0,5.4019725,1.022145,5.913045,4.8909,1.5,1,2,1,2.5,1,3,2,1.0,2,2,0,131.1785,48.90566,155.63133,106.72567,0
RADDOQ,1.77,3.5398,3.5399,0.0001,5.425695,0.5252920000000003,5.688341,5.163049,1.5,1,2,1,2.5,1,3,2,0.5,1,1,0,137.115165,5.041669999999982,139.636,134.59433,0
RADFEI,1.66585,3.2677,3.2997,0.032,5.583799,0.7463979999999992,5.956998,5.2106,1.0,0,1,1,3.0,0,3,3,1.0,0,1,1,104.424665,66.13533000000001,137.49233,71.357,0
RADFOS,1.2897500000000002,2.5781,2.5788,0.0007,5.6509845,0.6153510000000004,5.95866,5.343309,1.5,1,2,1,2.5,1,3,2,0.5,1,1,0,135.124335,4.955330000000004,137.602,132.64667,0
RADGAF,4.542,0.6399999999999997,4.862,4.222,5.474042,0.2674380000000003,5.607761,5.340323,1.0,0,1,1,3.0,0,3,3,1.0,0,1,1,129.7385,19.27700000000001,139.377,120.1,0
RAFDEJ,4.18175,1.3399,4.8517,3.5118,4.909744,0.1496219999999999,4.984555,4.834933,0.5,1,1,0,2.0,0,2,2,0.5,1,1,0,156.38467,72.866,192.81767,119.95167,0
RAHHEN,1.4487,1.8182,2.3578,0.5396,5.0389355,0.6745049999999999,5.376188,4.701683,1.5,3,3,0,2.5,3,4,1,0.5,1,1,0,164.068335,8.723330000000004,168.43,159.70667,0
RAMKOJ,3.94605,0.0184999999999999,3.9553,3.9368,5.0764285000000005,0.5145329999999992,5.333695,4.819162,1.0,0,1,1,3.0,0,3,3,1.0,0,1,1,113.126665,56.010670000000005,141.132,85.12133,0
RAMLOK,2.41725,2.0393,3.4369,1.3976,5.3400515,0.0594709999999993,5.369787,5.310316,1.0,0,1,1,2.5,1,3,2,1.0,0,1,1,114.274,49.90934,139.22867,89.31933,0
RAPHAR,1.38585,2.7715,2.7716,0.0001,5.3846685,0.4456129999999998,5.607475,5.161862,1.5,1,2,1,4.0,4,6,2,1.5,3,3,0,134.349165,0.5196700000000192,134.609,134.08933,0
RAPHEV01,1.13625,2.2701,2.2713,0.0012,5.878405,0.4365220000000001,6.096666,5.660144,1.0,0,1,1,3.5,5,6,1,1.5,3,3,0,99.0395,70.097,134.088,63.991,0
RASBOD,0.96715,1.9315,1.9329,0.0014,5.361348,0.0382539999999993,5.380475,5.342221,2.5,1,3,2,3.0,2,4,2,2.0,4,4,0,188.315335,111.30733,243.969,132.66167,0
RASBUJ,0.9673,1.9336,1.9341,0.0005,5.647118,0.5335900000000002,5.913913,5.380323,2.5,1,3,2,3.0,2,4,2,2.0,4,4,0,199.800835,88.33233000000001,243.967,155.63467,0
RASCAQ,1.06675,2.1335,2.1335,0.0,4.8051285,1.2182110000000002,5.414234,4.196023,2.5,1,3,2,3.0,2,4,2,2.0,4,4,0,211.977,64.03866,243.99633,179.95767,0
RASSUZ,4.02655,4.6675,6.3603,1.6928,5.084361,0.2607360000000005,5.214729,4.953993,2.0,0,2,2,6.0,2,7,5,2.0,0,2,2,217.204165,14.538330000000002,224.47333,209.935,0
RAVLOS,2.1144,0.6093999999999997,2.4191,1.8097,4.597906500000001,0.5433130000000004,4.869563,4.32625,1.0,0,1,1,2.5,1,3,2,1.0,2,2,0,105.49,48.95466,129.96733,81.01267,0
RAVXIY,1.61485,1.6073,2.4185,0.8112,4.9088035,1.165191,5.491399,4.326208,1.0,0,1,1,2.0,2,3,1,1.0,2,2,0,121.50783,16.918999999999997,129.96733,113.04833,0
RAVXOE,1.5899,1.5564,2.3681,0.8117,4.8811745,1.2204370000000004,5.491393,4.270956,1.0,0,1,1,2.0,2,3,1,1.0,2,2,0,129.835165,33.57767,146.624,113.04633,0
RAVXUK,2.13245,0.6458999999999999,2.4554,1.8095,4.819767000000001,0.0993880000000002,4.869461,4.770073,1.0,0,1,1,2.5,1,3,2,1.0,2,2,0,98.25933,34.477999999999994,115.49833,81.02033,1
RAVYAR,1.61995,0.3788999999999998,1.8094,1.4305,4.9671305,0.1942589999999997,5.06426,4.870001,1.0,0,1,1,2.0,0,2,2,0.5,1,1,0,102.163165,42.29233000000001,123.30933,81.017,0
RAWBOG,0.7667,1.5308,1.5321,0.0013,5.3370415,0.0332569999999998,5.35367,5.320413,1.0,2,2,0,2.0,0,2,2,1.0,2,2,0,136.77416499999998,104.17367,188.861,84.68733,0
RAWCOH,1.5852,3.1668000000000003,3.1686,0.0018,5.820205,0.6467179999999999,6.143564,5.496846,1.0,2,2,0,3.5,1,4,3,1.0,2,2,0,135.506165,83.94766999999999,177.48,93.53233,1
RAWDAU,0.7676000000000001,1.533,1.5341,0.0011,5.749814,0.7921019999999999,6.145865,5.353763,1.0,2,2,0,3.0,2,4,2,1.0,2,2,0,141.20333499999998,95.32267,188.86467,93.542,0
RAWDIC,1.26615,2.5269,2.5296,0.0027,5.9907085,0.3069090000000001,6.144163,5.837254,0.5,1,1,0,3.5,1,4,3,1.5,3,3,0,90.0815,6.928340000000006,93.54567,86.61733,0
RAXYAU,1.3935000000000002,2.7868,2.7869,0.0001,4.5178840000000005,0.6460540000000004,4.840911,4.194857,2.0,0,2,2,3.5,3,5,2,1.0,2,2,0,213.101335,66.23067,246.21667,179.986,0
RAXYEX,0.0001,0.0002,0.0002,0.0,5.6521805,0.5237990000000003,5.91408,5.390281,1.5,1,2,1,2.0,0,2,2,1.0,2,2,0,119.117335,73.02667000000001,155.63067,82.604,0
RAXYEY,1.3937000000000002,2.7872,2.7873,0.0001,5.4333835,1.1849490000000005,6.025858,4.840909,2.0,0,2,2,3.5,3,5,2,1.0,2,2,0,200.3195,91.80366,246.22133,154.41767,0
RAXZAV,0.8962,1.2752,1.5338,0.2586,5.721039,0.7344059999999999,6.088242,5.353836,2.0,0,2,2,2.0,0,2,2,1.0,2,2,0,171.9275,33.87700000000001,188.866,154.989,0
RAXZEZ,0.462,0.9238,0.9239,0.0001,4.5827405,1.5016689999999997,5.333575,3.831906,2.0,0,2,2,3.0,2,4,2,1.0,2,2,0,179.01667,19.204000000000008,188.61867,169.41467,0
REBXED,2.8346,2.2044,3.9368,1.7324,4.849826999999999,0.0609600000000005,4.880307,4.819347,1.0,0,1,1,3.5,1,4,3,1.5,1,2,1,101.3405,32.435,117.558,85.123,0
REBXIH,4.26545,0.6560999999999999,4.5935,3.9374,4.8654385,0.0927930000000003,4.911835,4.819042,1.0,0,1,1,4.0,2,5,3,2.5,3,4,1,97.2125,24.17765999999999,109.30133,85.12367,0
REBXON,2.86015,2.1533,3.9368,1.7835,4.461352,0.7154540000000003,4.819079,4.103625,1.5,1,2,1,3.0,0,3,3,1.5,1,2,1,118.752,67.25734000000001,152.38067,85.12333,0
RECQOG,4.852650000000001,1.0697,5.3875,4.3178,6.0959505,1.5272369999999995,6.859569,5.332332,0.5,1,1,0,1.5,1,2,1,1.5,1,2,1,75.6675,77.99966,114.66733,36.66767,0
RECQUM,5.13375,0.5067000000000004,5.3871,4.8804,5.2347295,0.1954349999999998,5.332447,5.137012,0.5,1,1,0,1.5,1,2,1,1.5,1,2,1,86.69167,55.946,114.66467,58.71867,0
REGKOD01,1.3344,1.6438,2.1563,0.5125,6.578973,0.1976020000000007,6.677774,6.480172,0.5,1,1,0,4.0,4,6,2,2.0,2,3,1,74.964,28.126,89.027,60.901,0
REGKOD,1.3332000000000002,1.6456000000000002,2.156,0.5104,6.5796215,0.1983650000000008,6.678804,6.480439,0.5,1,1,0,4.0,4,6,2,2.0,2,3,1,74.963335,28.12533,89.026,60.90067,0
REHNAT01,5e-05,0.0001,0.0001,0.0,4.8823625,0.5460349999999998,5.15538,4.609345,1.0,0,1,1,3.0,2,4,2,1.0,2,2,0,114.28417,67.25300000000001,147.91067,80.65767,0
REHNAT,0.00015,0.0003,0.0003,0.0,4.881797499999999,0.546665,5.15513,4.608465,1.0,0,1,1,3.0,2,4,2,1.0,2,2,0,114.293335,67.26933,147.928,80.65867,0
REHSAA,3.91435,3.4133000000000004,5.621,2.2077,5.012929,0.6130139999999997,5.319436,4.706422,1.0,0,1,1,2.5,1,3,2,1.5,1,2,1,112.66517,30.595,127.96267,97.36767,0
REHSII,4.89705,1.4467,5.6204,4.1737,5.0929085,0.4532690000000006,5.319543,4.866274,1.0,0,1,1,3.0,2,4,2,1.5,1,2,1,122.79067,10.342,127.96167,117.61967,0
REHSOO,4.894399999999999,1.4516,5.6202,4.1686,5.1054005,0.4282350000000008,5.319518,4.891283,1.0,0,1,1,2.5,1,3,2,1.5,1,2,1,117.3405,21.24300000000001,127.962,106.719,0
REHSUU,4.50345,2.2347,5.6208,3.3861,5.2964035,0.0461289999999996,5.319468,5.273339,1.0,0,1,1,2.5,1,3,2,1.5,1,2,1,113.197835,29.52967,127.96267,98.433,0
REHTAB,2.8103,5.6194,5.62,0.0006,5.324556,0.0100280000000001,5.32957,5.319542,0.5,1,1,0,3.0,2,4,2,1.5,1,2,1,98.14017,59.643,127.96167,68.31867,0
REKTAG,1.46315,2.9263,2.9263,0.0,5.4156375,0.4047070000000001,5.617991,5.213284,1.5,1,2,1,3.0,2,4,2,1.5,1,2,1,156.281835,98.94833,205.756,106.80767,0
RESFOL,1.10365,2.2073,2.2073,0.0,5.6711095,0.6832030000000007,6.012711,5.329508,0.5,1,1,0,2.5,3,4,1,1.0,2,2,0,79.7405,22.83166,91.15633,68.32467,0
RESGAY,1.19675,2.3935,2.3935,0.0,6.8004425,1.358855,7.47987,6.121015,0.5,1,1,0,2.5,3,4,1,1.0,2,2,0,78.220835,27.22567,91.83367,64.608,0
RESGIG,1.0515500000000002,2.1029,2.103,0.0001,6.6471985,1.6631429999999998,7.47877,5.815627,0.5,1,1,0,2.5,3,4,1,1.0,2,2,0,78.4085,27.57634,92.19667,64.62033,0
RESGOM,1.15135,0.6771,1.4899,0.8128,6.693574,1.588934,7.488041,5.899107,0.5,1,1,0,2.5,3,4,1,1.0,2,2,0,78.4375,27.29965999999999,92.08733,64.78767,0
RESHAZ,1.50495,3.0089,3.0094,0.0005,6.8171065,1.3264109999999991,7.480312,6.153901,0.5,1,1,0,2.5,3,4,1,1.0,2,2,0,77.5495,25.88566,90.49233,64.60667,0
RESHED,1.35935,2.7187,2.7187,0.0,5.5922395,0.5265389999999996,5.855509,5.32897,0.5,1,1,0,2.5,3,4,1,1.0,2,2,0,79.888,23.13600000000001,91.456,68.32,0
RESHIH,1.3594,2.7184,2.7186,0.0002,6.6675435,1.6241310000000002,7.479609,5.855478,0.5,1,1,0,2.5,3,4,1,1.0,2,2,0,78.03383500000001,26.85033,91.459,64.60867,0
RETZEW,1.10375,2.2071,2.2073,0.0002,6.746148,1.467314,7.479805,6.012491,0.5,1,1,0,2.5,3,4,1,1.0,2,2,0,77.882835,26.55167,91.15867,64.607,0
REXBEF,4.7667,2.7612000000000005,6.1473,3.3861,4.7658635,1.0145490000000006,5.273138,4.258589,0.5,1,1,0,4.0,2,5,3,1.5,1,2,1,115.008335,33.13667000000001,131.57667,98.44,0
REXNAL,0.79165,1.5833,1.5833,0.0,4.6432075,0.1461609999999993,4.716288,4.570127,1.5,1,2,1,4.5,1,5,4,1.0,2,2,0,151.780165,71.22833,187.39433,116.166,0
REXNEP,0.0005,0.0001999999999999,0.0006,0.0004,5.031151,0.6216940000000006,5.341998,4.720304,1.5,1,2,1,3.0,2,4,2,1.0,2,2,0,124.4065,16.521,132.667,116.146,0
RIGTIM,3.5676499999999995,2.4199,4.7776,2.3577,4.6730975,0.0571009999999994,4.701648,4.644547,3.0,0,3,3,3.0,4,5,1,1.0,2,2,0,212.6235,88.36966000000001,256.80833,168.43867,1
RIGTOS,3.98,4.0904,6.0252,1.9348,4.1466995,1.027413,4.660406,3.632993,3.0,0,3,3,3.0,4,5,1,1.0,2,2,0,217.120335,78.50933,256.375,177.86567,0
RIHBUG,4.0002,8.0004,8.0004,0.0,5.063337499999999,0.1643169999999996,5.145496,4.981179,1.0,0,1,1,7.5,1,8,7,2.0,4,4,0,156.075665,5.000669999999985,158.576,153.57533,0
RIKYUF,1.64325,3.2835,3.285,0.0015,4.621888500000001,0.0272610000000002,4.635519,4.608258,1.5,1,2,1,5.0,2,6,4,0.0,0,0,0,208.955835,122.04767,269.97967,147.932,0
RIMCAR,2.3104,4.619599999999999,4.6202,0.0006,6.157994,1.5844700000000005,6.950229,5.365759,0.0,0,0,0,4.0,4,6,2,0.0,0,0,0,102.46417,89.531,147.22967,57.69867,1
RIMWIW,0.43075,0.8615,0.8615,0.0,4.946574999999999,1.0306059999999997,5.461878,4.431272,1.0,0,1,1,2.5,1,3,2,1.0,2,2,0,114.501335,1.912669999999992,115.45767,113.545,0
RIMWOC,1.2097,2.4194,2.4194,0.0,4.8941235,1.1356669999999998,5.461957,4.32629,1.0,0,1,1,2.5,1,3,2,1.0,2,2,0,122.712,14.506659999999997,129.96533,115.45867,0
RIPYAT,2.1245,4.0936,4.1713,0.0777,5.4297915,1.077483,5.968533,4.89105,0.5,1,1,0,3.0,0,3,3,2.0,0,2,2,89.68733,34.072,106.72333,72.65133,0
RIRGUV,0.3381499999999999,0.6753,0.6758,0.0005,5.237495,0.2100539999999995,5.342522,5.132468,2.0,0,2,2,4.0,4,6,2,1.0,2,2,0,182.06983,98.821,231.48033,132.65933,0
RIVMIV,3.518,2.4274,4.7317,2.3043,5.4902315,0.1470869999999999,5.563775,5.416688,1.0,0,1,1,1.5,1,2,1,0.5,1,1,0,101.2185,4.006340000000009,103.22167,99.21533,0
RIWLOY,5.05775,2.6021,6.3588,3.7567,5.117739,0.327674,5.281576,4.953902,2.0,0,2,2,6.0,2,7,5,2.0,0,2,2,217.85,15.840000000000003,225.77,209.93,0
RIWPAS,4.47075,0.7310999999999996,4.8363,4.1052,5.722006,2.064894,6.754453,4.689559,0.0,0,0,0,2.0,2,3,1,0.5,1,1,0,123.8985,142.00034,194.89867,52.89833,1
ROJCEA,1.5264,3.0508,3.0518,0.001,5.868021,3.49503,7.615536,4.120506,0.5,1,1,0,3.0,2,4,2,1.0,2,2,0,136.6415,93.21034,183.24667,90.03633,0
ROJRAM,1.43895,2.8757,2.8768,0.0011,4.4658655,0.2851229999999995,4.608427,4.323304,2.0,2,3,1,2.5,3,4,1,0.0,0,0,0,196.185835,96.51567,244.44367,147.928,0
ROKPAK,2.0705,4.1134,4.1272,0.0138,5.2235155,2.3691249999999995,6.408078,4.038953,0.0,0,0,0,5.5,9,10,1,1.0,2,2,0,93.978665,77.93333000000001,132.94533,55.012,0
ROMZUR,6.37455,0.0311000000000003,6.3901,6.359,5.07052,0.2330319999999996,5.187036,4.954004,1.5,1,2,1,5.0,0,5,5,2.0,0,2,2,157.76767,104.32399999999998,209.92967,105.60567,0
RONBAA,5.26515,2.1857,6.358,4.1723,4.230412,1.4479200000000003,4.954372,3.506452,2.0,0,2,2,5.0,0,5,5,2.0,0,2,2,222.874665,25.87666999999999,235.813,209.93633,0
ROPHIP,1.2642,2.5284,2.5284,0.0,5.016052500000001,1.642397,5.837251,4.194854,1.5,1,2,1,2.5,1,3,2,1.5,3,3,0,133.2995,93.367,179.983,86.616,0
ROQYED,1.4105,2.8208,2.8209,0.0001,6.18577,1.6867640000000002,7.029152,5.342388,1.0,2,2,0,2.5,1,3,2,1.0,2,2,0,101.396665,62.52667,132.66,70.13333,0
RORMIW,1.9988,3.9966,3.9971,0.0005,5.4831475,0.2815250000000002,5.62391,5.342385,1.5,1,2,1,2.0,0,2,2,1.0,2,2,0,121.4715,22.379000000000005,132.661,110.282,0
RORMUI,2.5865,1.767,3.47,1.703,5.211014499999999,0.8978489999999999,5.659939,4.76209,2.0,2,3,1,2.0,0,2,2,1.0,2,2,0,135.99917,53.127,162.56267,109.43567,0
RORNAP,2.0153,4.0306,4.0306,0.0,5.430894,0.1773800000000003,5.519584,5.342204,1.5,1,2,1,2.0,0,2,2,1.0,2,2,0,125.79999999999998,13.723339999999991,132.66167,118.93833,0
RORNIX,2.5885,1.7635999999999998,3.4703,1.7067,5.154819,0.7858799999999997,5.547759,4.761879,2.0,2,3,1,2.0,0,2,2,1.0,2,2,0,140.300165,44.52967,162.565,118.03533,0
RORNOD,0.8525499999999999,1.7031,1.7041,0.001,4.6215665,2.0764630000000004,5.659798,3.583335,2.0,2,3,1,2.0,0,2,2,1.0,2,2,0,141.542665,64.21332999999998,173.64933,109.436,0
RORNUJ,0.85485,1.7077000000000002,1.7087,0.001,4.5610325,1.955453,5.538759,3.583306,2.0,2,3,1,2.0,0,2,2,1.0,2,2,0,145.8655,55.55633999999999,173.64367,118.08733,0
RORPOF,1.81865,0.2314999999999998,1.9344,1.7029,4.6464365,2.027441,5.660157,3.632716,2.0,2,3,1,1.5,1,2,1,1.0,2,2,0,143.65733,68.44400000000002,177.87933,109.43533,0
RORPUL,1.82065,0.2281000000000002,1.9347,1.7066,4.589650499999999,1.915995,5.547648,3.631653,2.0,2,3,1,1.5,1,2,1,1.0,2,2,0,147.9535,59.838999999999984,177.873,118.034,0
ROSTUQ,1.42395,2.8477,2.8478,0.0001,5.918968,3.1215140000000003,7.479725,4.358211,0.5,1,1,0,4.0,0,4,4,2.0,0,2,2,141.76267,154.306,218.91567,64.60967,0
ROVPOJ,4.82345,1.3926999999999996,5.5198,4.1271,5.011178,2.7938340000000004,6.408095,3.614261,2.0,4,4,0,1.0,0,1,1,1.0,2,2,0,178.893335,247.76133,302.774,55.01267,0
RUCFAX,3.8873,0.4489999999999998,4.1118,3.6628,6.7341055,0.6940469999999994,7.081129,6.387082,0.0,0,0,0,4.5,5,7,2,2.5,3,4,1,96.372165,4.442329999999998,98.59333,94.151,0
RUNHUG,4.6907,1.1269999999999998,5.2542,4.1272,5.333389,2.149522,6.40815,4.258628,1.0,2,2,0,3.0,4,5,1,1.5,3,3,0,132.504,154.98066,209.99433,55.01367,0
RURROM01,0.00055,0.0007,0.0009,0.0002,3.372748,0.4218099999999998,3.583653,3.161843,1.5,3,3,0,3.0,2,4,2,1.0,2,2,0,133.29017,80.64500000000001,173.61267,92.96767,0
RURROM,0.0,0.0,0.0,0.0,3.372742,0.4234559999999998,3.58447,3.161014,1.5,3,3,0,3.0,2,4,2,1.0,2,2,0,133.297835,80.65966999999999,173.62767,92.968,0
RUXPUV,0.27365,0.5453,0.5463,0.001,5.126162,0.9418000000000006,5.597062,4.655262,1.0,2,2,0,3.0,2,4,2,1.0,2,2,0,75.670335,69.74867,110.54467,40.796,0
RUXQAC,5e-05,0.0001,0.0001,0.0,5.2115065000000005,0.770651,5.596832,4.826181,1.0,2,2,0,3.0,2,4,2,1.0,2,2,0,75.23483,68.87700000000001,109.67333,40.79633,0
RUXQEG,1.7277,2.3629999999999995,2.9092,0.5462,4.9654405,0.6202030000000001,5.275542,4.655339,1.0,2,2,0,3.0,2,4,2,1.0,2,2,0,89.6335,41.821,110.544,68.723,0
RUYGIC,5.3719,3.9726,7.3582,3.3856,5.3592875,0.1719109999999997,5.445243,5.273332,0.5,1,1,0,4.5,3,6,3,2.0,0,2,2,116.700165,36.52832999999998,134.96433,98.436,0
RUYHEZ,2.6224,1.5268000000000002,3.3858,1.859,5.3910575000000005,0.235767,5.508941,5.273174,1.0,0,1,1,2.5,1,3,2,1.5,1,2,1,94.055,8.763999999999996,98.437,89.673,0
RUYTAI,1.88315,3.7663,3.7663,0.0,4.779901000000001,1.0443860000000005,5.302094,4.257708,0.5,1,1,0,4.0,0,4,4,2.0,0,2,2,128.769835,91.25233,174.396,83.14367,0
RUYXAM,0.19745,0.3941,0.3945,0.0004,6.374325499999999,2.064101,7.406376,5.342275,1.0,2,2,0,3.0,2,4,2,1.0,2,2,0,130.23982999999998,4.840999999999994,132.66033,127.81933,0
RUYYAN,0.3777999999999999,0.7548,0.7552,0.0004,4.676717,1.3318700000000003,5.342652,4.010782,2.0,0,2,2,2.5,1,3,2,1.0,2,2,0,147.631,29.96066000000002,162.61133,132.65067,0
RUYYIV,2.3143,3.1182000000000003,3.8734,0.7552,4.5048455,0.9875690000000006,4.99863,4.011061,1.0,2,2,0,3.5,1,4,3,1.0,2,2,0,148.034,29.14734000000001,162.60767,133.46033,0
RUYZAO,3.83885,5.499700000000001,6.5887,1.089,4.435965,0.8507919999999993,4.861361,4.010569,1.5,1,2,1,3.5,3,5,2,1.0,2,2,0,166.54383,56.44699999999997,194.76733,138.32033,0
SABBAB,0.46675,0.9335,0.9335,0.0,6.3342845,2.562213,7.615391,5.053178,1.0,2,2,0,4.5,1,5,4,2.0,0,2,2,131.16767000000002,82.272,172.30367,90.03167,0
SABBEF,0.37725,0.7545,0.7545,0.0,6.327586500000001,2.576541,7.615857,5.039316,1.0,2,2,0,4.5,1,5,4,2.0,0,2,2,131.188,82.30600000000001,172.341,90.035,0
SABCEF,4.80815,0.1520999999999999,4.8842,4.7321,5.171507,0.7842520000000004,5.563633,4.779381,1.0,0,1,1,2.0,0,2,2,0.5,1,1,0,97.9885,10.468999999999994,103.223,92.754,0
SABDOQ,4.7451,5.1244,7.3073,2.1829,5.285366,0.7010059999999996,5.635869,4.934863,1.5,1,2,1,3.5,3,5,2,1.5,1,2,1,150.427835,119.15433,210.005,90.85067,0
SABVUP,0.8653,1.729,1.7298,0.0008,5.3274425,0.5384690000000001,5.596677,5.058208,1.0,2,2,0,3.0,2,4,2,1.5,1,2,1,102.209835,122.83433,163.627,40.79267,1
SACKOY,0.8995,1.799,1.799,0.0,5.7096575,3.840887,7.630101,3.789214,0.5,1,1,0,5.0,6,8,2,0.5,1,1,0,146.441,223.406,258.144,34.738,0
SADTIC,2.1339,4.2672,4.2675,0.0003,4.905071,3.708456,6.759299,3.050843,0.0,0,0,0,2.5,3,4,1,1.5,1,2,1,90.252165,63.17632999999999,121.84033,58.664,0
SADTOI,2.18465,4.3693,4.3693,0.0,4.819694,3.537448,6.588418,3.05097,0.0,0,0,0,2.5,3,4,1,1.5,1,2,1,96.3915,50.92566000000001,121.85433,70.92867,0
SAFNOE,0.08805,0.1737,0.1749,0.0012,5.4640615,0.3929249999999999,5.660524,5.267599,1.5,1,2,1,4.5,3,6,3,1.5,3,3,0,130.622,6.939339999999987,134.09167,127.15233,0
SAGMUM,2.01335,4.0267,4.0267,0.0,3.9833395,0.2802169999999999,4.123448,3.843231,1.5,3,3,0,2.0,0,2,2,0.0,0,0,0,123.4545,82.03966000000001,164.47433,82.43467,0
SAGNAT,2.0134,4.0268,4.0268,0.0,3.7615925,0.7234049999999996,4.123295,3.39989,1.5,3,3,0,2.0,0,2,2,0.0,0,0,0,152.29967,24.364000000000004,164.48167,140.11767,0
SAHHEQ,0.0001,0.0002,0.0002,0.0,5.2314325,0.1406990000000005,5.301782,5.161083,1.0,2,2,0,3.0,2,4,2,1.0,2,2,0,108.877165,51.46233,134.60833,83.146,0
SALVIK,2.83935,2.2581,3.9684,1.7103,5.4193235,4.401401,7.620024,3.218623,0.5,1,1,0,3.0,4,5,1,1.0,0,1,1,173.613665,279.16133,313.19433,34.033,0
SANAPY,6.72185,2.5525,7.9981,5.4456,5.1511365,0.335045,5.318659,4.983614,1.0,0,1,1,2.5,1,3,2,1.0,2,2,0,137.430665,32.81333000000001,153.83733,121.024,0
SAPDUJ,2.65845,2.0119,3.6644,1.6525,6.373393500000001,4.018521000000001,8.382654,4.364133,1.0,2,2,0,1.0,0,1,1,1.0,0,1,1,119.1105,168.137,203.179,35.042,0
SAPRAC,0.0001,0.0002,0.0002,0.0,4.4015685,0.0238829999999996,4.41351,4.389627,1.5,1,2,1,3.0,2,4,2,0.0,0,0,0,183.113,38.86066,202.54333,163.68267,0
SARDAQ,0.6348,1.2696,1.2696,0.0,5.251978,1.0915879999999998,5.797772,4.706184,1.0,0,1,1,1.5,1,2,1,1.5,1,2,1,84.33500000000001,18.25666,93.46333,75.20667,0
SARDIY,0.6402,1.2802,1.2803,0.0001,4.857782,0.3034759999999998,5.00952,4.706044,1.5,1,2,1,1.5,1,2,1,1.5,1,2,1,123.4015,59.861660000000015,153.33233,93.47067,0
SARDOE,0.0,0.0,0.0,0.0,4.516048,0.3817379999999994,4.706917,4.325179,1.5,1,2,1,2.0,0,2,2,2.0,0,2,2,113.804665,40.67532999999999,134.14233,93.467,0
SARJUQ,0.0,0.0,0.0,0.0,6.14305,2.868112,7.577106,4.708994,0.5,1,1,0,2.0,0,2,2,2.0,0,2,2,91.282335,4.349329999999995,93.457,89.10767,0
SARKII,1.75195,0.6675000000000002,2.0857,1.4182,5.527479,0.1383160000000005,5.596637,5.458321,1.0,0,1,1,2.0,0,2,2,0.5,1,1,0,86.66483,9.807000000000002,91.56833,81.76133,0
SARLEC,1.144,2.288,2.288,0.0,5.081401,0.7511300000000007,5.456966,4.705836,1.0,0,1,1,1.5,1,2,1,1.5,1,2,1,92.22833,2.4799999999999898,93.46833,90.98833,0
SARQOV,6.23625,1.2302999999999995,6.8514,5.6211,4.825573,0.988264,5.319705,4.331441,1.0,0,1,1,4.0,4,6,2,2.0,2,3,1,174.83366999999998,93.744,221.70567,127.96167,0
SAVZOH,6.533100000000001,4.8112,8.9387,4.1275,5.0680325,2.679943,6.408004,3.728061,0.5,1,1,0,3.0,4,5,1,0.5,1,1,0,171.193835,232.36033000000003,287.374,55.01367,0
SAVZUO,0.0895,0.179,0.179,0.0,5.021352,0.5282020000000003,5.285453,4.757251,1.0,0,1,1,3.5,3,5,2,2.0,4,4,0,84.825665,51.10667000000001,110.379,59.27233,0
SAXHIK,3.17715,0.2633000000000001,3.3088,3.0455,4.886798499999999,0.3271129999999997,5.050355,4.723242,1.5,1,2,1,3.5,3,5,2,1.5,1,2,1,145.808165,78.18966999999999,184.903,106.71333,0
SAXPAK,2.731,1.4136000000000002,3.4378,2.0242,4.819502999999999,1.10039,5.369698,4.269308,1.5,1,2,1,2.5,1,3,2,1.5,1,2,1,155.94767,133.252,222.57367,89.32167,0
SAXPEO,1.0126,2.0252,2.0252,0.0,4.714828499999999,0.8917410000000006,5.160699,4.268958,2.0,0,2,2,2.5,1,3,2,1.0,2,2,0,178.58967,87.96599999999998,222.57267,134.60667,0
SAYMUB01,1.3863,2.7722,2.7724,0.0002,5.760241000000001,0.3075660000000004,5.914024,5.606458,1.5,1,2,1,4.0,4,6,2,1.5,3,3,0,144.86533500000002,21.536669999999987,155.63367,134.097,0
SAYMUB,1.5151,2.5136000000000003,2.7719,0.2583,5.847256,0.4812500000000002,6.087881,5.606631,1.5,1,2,1,4.0,4,6,2,1.5,3,3,0,144.544335,20.89533,154.992,134.09667,0
SAYNIQ,0.00065,0.0001,0.0007,0.0006,4.7909485,1.685845,5.633871,3.948026,1.0,2,2,0,4.0,4,6,2,2.0,4,4,0,177.42983,126.433,240.64633,114.21333,0
SAYNUD,3.838,3.5003999999999995,5.5882,2.0878,4.812894,0.1282320000000005,4.87701,4.748778,1.0,0,1,1,3.0,0,3,3,1.5,1,2,1,149.30283500000002,104.84367,201.72467,96.881,0
SAYPIT,3.72765,3.2803,5.3678,2.0875,4.878823499999999,0.0029250000000002,4.880286,4.877361,1.0,0,1,1,3.0,0,3,3,1.5,1,2,1,120.611835,47.46767000000001,144.34567,96.878,0
SAYPOZ,3.71155,3.2489000000000003,5.336,2.0871,4.8709805,0.0115350000000002,4.876748,4.865213,1.0,0,1,1,3.0,0,3,3,1.5,1,2,1,127.3755,60.98634000000001,157.86867,96.88233,0
SAYPUF,3.916,3.6598,5.7459,2.0861,4.8580895,0.0363129999999998,4.876246,4.839933,1.0,0,1,1,3.0,0,3,3,1.5,1,2,1,138.06900000000002,82.36600000000001,179.252,96.886,0
SAYQAM,3.9056,3.6354,5.7233,2.0879,4.8483485,0.0572369999999997,4.876967,4.81973,1.0,0,1,1,3.0,0,3,3,1.5,1,2,1,143.826165,93.89167,190.772,96.88033,0
SAZKEK,0.7921499999999999,1.5827,1.5835,0.0008,4.8629435,0.5854110000000006,5.155649,4.570238,1.5,1,2,1,3.5,3,5,2,1.0,2,2,0,134.024335,106.73733,187.393,80.65567,0
SECYEH,2.6033,0.6619999999999999,2.9343,2.2723,5.7931145,0.6113729999999995,6.098801,5.487428,0.5,1,1,0,1.5,1,2,1,0.0,0,0,0,73.821165,19.65967,83.651,63.99133,0
SECYIL,2.8657000000000004,0.1366,2.934,2.7974,5.822055000000001,0.6691960000000003,6.156653,5.487457,0.5,1,1,0,1.5,1,2,1,0.0,0,0,0,80.61967,6.063999999999993,83.65167,77.58767,1
SECYOR,3.1147,0.3612000000000002,3.2953,2.9341,5.886768,0.7985659999999992,6.286051,5.487485,0.5,1,1,0,2.0,0,2,2,0.0,0,0,0,83.46467,0.3700000000000045,83.64967,83.27967,1
SECYUX,3.83365,1.7989000000000002,4.7331,2.9342,5.5254495,0.076219,5.563559,5.48734,0.5,1,1,0,2.0,0,2,2,0.0,0,0,0,93.43783,19.573,103.22433,83.65133,0
SECZEI,2.71195,0.4441000000000001,2.934,2.4899,5.389162000000001,0.1966159999999996,5.48747,5.290854,0.5,1,1,0,2.5,1,3,2,0.0,0,0,0,90.828835,14.35767,98.00767,83.65,0
SECZIM,3.1585,0.4481999999999999,3.3826,2.9344,5.106251,0.7609659999999998,5.486734,4.725768,1.0,2,2,0,2.0,0,2,2,0.0,0,0,0,118.002835,68.69966999999998,152.35267,83.653,1
SECZOS,2.47635,0.6414999999999997,2.7971,2.1556,6.323309500000001,0.3149509999999997,6.480785,6.165834,0.5,1,1,0,1.5,1,2,1,0.5,1,1,0,69.247,16.691339999999997,77.59267,60.90133,1
SECZUY,3.44355,2.5761000000000003,4.7316,2.1555,6.022196,0.9167819999999997,6.480587,5.563805,0.5,1,1,0,2.0,0,2,2,0.5,1,1,0,82.06133,42.322,103.22233,60.90033,0
SEPLUV,4.5177,0.3717999999999994,4.7036,4.3318,4.157329000000001,0.0392099999999997,4.176934,4.137724,1.0,0,1,1,3.5,1,4,3,1.0,0,1,1,168.79967,74.214,205.90667,131.69267,0
SEPREK,0.0009,0.0006,0.0012,0.0006,5.582789,0.1421580000000002,5.653868,5.51171,1.0,2,2,0,4.0,0,4,4,3.0,2,4,2,157.27383500000002,91.13633000000002,202.842,111.70567,0
SERMOR,1.2371,1.2472,1.8607,0.6135,6.4169385000000005,2.3307010000000004,7.582289,5.251588,0.5,1,1,0,3.5,1,4,3,1.5,1,2,1,67.66017,7.126999999999995,71.22367,64.09667,0
SERNAH,3.2597,1.685,4.1022,2.4172,4.459778,1.3929259999999997,5.156241,3.763315,1.5,1,2,1,2.5,1,3,2,1.0,2,2,0,155.35566999999998,52.22,181.46567,129.24567,0
SESLIM,3.78365,0.7763,4.1718,3.3955,5.1455155,0.5095910000000003,5.400311,4.89072,1.0,0,1,1,3.0,0,3,3,1.5,1,2,1,95.9295,21.601659999999995,106.73033,85.12867,1
SETRIU,2.1021,0.1608,2.1825,2.0217,5.5242985,0.2231709999999998,5.635884,5.412713,1.0,0,1,1,2.5,1,3,2,1.5,1,2,1,95.189,8.673999999999992,99.526,90.852,1
SETROA,1.05135,2.1025,2.1026,0.0001,6.5147075,2.223787,7.626601,5.402814,0.5,1,1,0,3.5,1,4,3,2.0,0,2,2,120.628,42.28666000000001,141.77133,99.48467,0
SETRUG,1.0104000000000002,2.0206,2.0207,0.0001,6.5137350000000005,2.203112,7.615291,5.412179,0.5,1,1,0,3.5,1,4,3,2.0,0,2,2,107.672,16.28734,115.81567,99.52833,0
SETSAN01,2.7144,1.3852000000000002,3.407,2.0218,4.9757585,0.8734130000000002,5.412465,4.539052,1.0,0,1,1,2.5,1,3,2,1.5,1,2,1,114.45017,29.84299999999999,129.37167,99.52867,0
SETSAN,2.7142,1.3862,3.4073,2.0211,4.975502,0.8729659999999999,5.411985,4.539019,1.0,0,1,1,2.5,1,3,2,1.5,1,2,1,114.453165,29.84033000000001,129.37333,99.533,0
SEVJAH,1.6002999999999998,1.4271999999999998,2.3139,0.8867,6.3674825,2.109367,7.422166,5.312799,0.5,1,1,0,3.5,1,4,3,1.5,1,2,1,101.328335,4.025329999999997,103.341,99.31567,0
SEVPOC,7.471,6.6888000000000005,10.8154,4.1266,5.222275,2.3715900000000003,6.40807,4.03648,0.0,0,0,0,6.0,10,11,1,1.0,2,2,0,100.6355,91.24566,146.25833,55.01267,0
SEWHEL,3.5738,2.9584,5.053,2.0946,5.9834715,3.293945,7.630444,4.336499,0.5,1,1,0,4.0,4,6,2,1.5,3,3,0,142.818165,166.46233,226.04933,59.587,0
SEYHEM,0.3159499999999999,0.6309,0.6314,0.0005,4.1581025,2.212363,5.264284,3.051921,0.5,1,1,0,3.0,2,4,2,1.0,2,2,0,97.563665,48.58733000000001,121.85733,73.27,0
SEZDIL,2.85935,2.6076999999999995,4.1632,1.5555,6.5076745,2.325545,7.670447,5.344902,1.0,2,2,0,1.5,1,2,1,1.0,0,1,1,107.856165,169.97167000000002,192.842,22.87033,0
SIBDUC,1.04785,2.0919,2.0938,0.0019,5.015764,5.224209999999999,7.627869,2.403659,0.0,0,0,0,3.0,2,4,2,0.0,0,0,0,150.8415,182.507,242.095,59.588,0
SIBGUF,0.83525,1.6673,1.6689,0.0016,1.4843815,0.471327,1.720045,1.248718,1.0,2,2,0,6.0,4,8,4,0.0,0,0,0,420.649335,401.18267,621.24067,220.058,0
SIBHEQ,0.8342999999999999,1.6668,1.6677,0.0009,1.9210155,1.3452110000000002,2.593621,1.24841,1.0,2,2,0,7.0,2,8,6,0.0,0,0,0,434.6025,373.42366,621.31433,247.89067,0
SIBYOV,4.06445,4.0855,6.1072,2.0217,4.7815665,1.262417,5.412775,4.150358,1.5,1,2,1,3.5,1,4,3,2.5,1,3,2,177.433335,155.81067000000002,255.33867,99.528,0
SIBYUA01,1.0852000000000002,2.1698,2.1701,0.0003,5.338219499999999,0.007905,5.342172,5.334267,1.5,1,2,1,3.0,2,4,2,0.5,1,1,0,127.5085,10.307659999999998,132.66233,122.35467,0
SIBYUA,1.0853000000000002,2.17,2.1703,0.0003,5.247567999999999,0.173006,5.334071,5.161065,1.5,1,2,1,3.0,2,4,2,0.5,1,1,0,128.48149999999998,12.256339999999994,134.60967,122.35333,0
SIBYUB,4.2755,1.6766000000000003,5.1138,3.4372,4.6865095,1.3666270000000005,5.369823,4.003196,1.5,1,2,1,3.0,2,4,2,2.0,2,3,1,173.00866499999998,167.37867,256.698,89.31933,0
SIDHUK,2.44235,4.8847,4.8847,0.0,6.0445455,1.8113650000000003,6.950228,5.138863,0.0,0,0,0,1.5,1,2,1,1.0,2,2,0,58.209,1.0193399999999997,58.71867,57.69933,0
SIDJEW,2.186,4.372,4.372,0.0,6.932066,0.0363319999999998,6.950232,6.9139,0.0,0,0,0,1.5,1,2,1,1.0,2,2,0,47.239335,20.90867,57.69367,36.785,0
SIDJIA,2.799,3.1444,4.3712,1.2268,6.5331915,0.7618369999999999,6.91411,6.152273,0.0,0,0,0,1.5,1,2,1,1.5,1,2,1,49.541335,25.51867,62.30067,36.782,0
SIGPUW,1.46985,2.9397,2.9397,0.0,4.120075,1.3606320000000005,4.800391,3.439759,2.0,2,3,1,1.5,1,2,1,0.0,0,0,0,161.483165,96.74567,209.856,113.11033,0
SIHBIX,2.9823500000000003,2.3797,4.1722,1.7925,5.225637,0.6696860000000004,5.56048,4.890794,1.0,0,1,1,3.0,0,3,3,1.5,1,2,1,110.178,6.900000000000006,113.628,106.728,0
SIHLED,2.2844,1.2262,2.8975,1.6713,5.2582965,0.7165569999999999,5.616575,4.900018,0.5,1,1,0,3.0,0,3,3,1.0,0,1,1,111.657165,3.87633000000001,113.59533,109.719,0
SIHLIH,1.2521,0.8372,1.6707,0.8335,5.219552500000001,0.7951170000000003,5.617111,4.821994,0.5,1,1,0,3.0,0,3,3,1.0,0,1,1,109.04,9.11666000000001,113.59833,104.48167,0
SIHLON,2.08775,0.7833000000000001,2.4794,1.6961,5.3920105,0.3780150000000004,5.581018,5.203003,1.0,0,1,1,2.5,1,3,2,1.0,0,1,1,118.897665,10.636669999999995,124.216,113.57933,0
SIHLUT,1.5032,0.4115999999999999,1.709,1.2974,4.97429,1.2034820000000002,5.576031,4.372549,1.0,0,1,1,3.0,0,3,3,1.5,1,2,1,108.923835,9.305669999999992,113.57667,104.271,0
SIHMAA,2.40925,1.4193,3.1189,1.6996,5.274569,0.6113520000000001,5.580245,4.968893,0.5,1,1,0,3.0,0,3,3,1.0,0,1,1,107.6425,11.871659999999991,113.57833,101.70667,0
SIHMEE,1.948,0.4699999999999997,2.183,1.713,5.6059155,0.0596270000000007,5.635729,5.576102,1.0,0,1,1,2.5,1,3,2,1.0,0,1,1,102.21417,22.727000000000004,113.57767,90.85067,0
SIHQOR,3.6591,0.5548000000000002,3.9365,3.3817,6.063249,2.487864,7.307181,4.819317,0.5,1,1,0,3.5,1,4,3,1.5,1,2,1,81.04232999999999,8.15400000000001,85.11933,76.96533,0
SIHRAE,3.21735,1.4387,3.9367,2.498,6.16146,2.683656,7.503288,4.819632,0.5,1,1,0,3.5,1,4,3,1.5,1,2,1,68.82983,32.58500000000001,85.12233,52.53733,0
SIJZOC,0.7465,1.493,1.493,0.0,5.8744535,2.326790999999999,7.037849,4.711058,0.5,1,1,0,3.0,2,4,2,2.5,1,3,2,86.344,33.05666000000001,102.87233,69.81567,0
SIJZUI,1.6924,3.3848,3.3848,0.0,6.1550695,1.763095,7.036617,5.273522,0.5,1,1,0,2.5,1,3,2,2.0,0,2,2,84.12667,28.617999999999995,98.43567,69.81767,0
SIKKIK,6.120850000000001,2.1421,7.1919,5.0498,4.782315499999999,1.249237,5.406934,4.157697,1.0,0,1,1,3.0,2,4,2,1.5,1,2,1,110.783,42.062,131.814,89.752,0
SILKIH,0.0,0.0,0.0,0.0,1.3797195000000002,0.152401,1.45592,1.303519,0.0,0,0,0,5.0,2,6,4,0.0,0,0,0,253.7285,81.43500000000003,294.446,213.011,0
SIMXUK,3.30665,2.0279,4.3206,2.2927,6.9208490000000005,0.1268319999999994,6.984265,6.857433,0.0,0,0,0,4.0,6,7,1,3.0,2,4,2,67.837665,62.34067,99.008,36.66733,0
SITDIJ,0.9001,1.7974,1.7988,0.0014,6.4863555,2.287725,7.630218,5.342493,1.0,2,2,0,2.0,0,2,2,0.5,1,1,0,83.69800000000001,97.91866,132.65733,34.73867,1
SIYCEJ,0.88925,0.1331,0.9558,0.8227,5.0809795,0.9461969999999996,5.554078,4.607881,1.5,1,2,1,3.5,1,4,3,1.5,1,2,1,138.36967,51.79799999999999,164.26867,112.47067,0
SIZSAW,4.27915,5.398499999999999,6.9784,1.5799,5.869171,3.416306,7.577324,4.161018,1.0,2,2,0,2.0,2,3,1,2.0,2,3,1,153.6445,239.17166,273.23033,34.05867,0
SIZZUZ,7.424749999999999,5.385699999999999,10.1176,4.7319,5.281865,0.5636780000000003,5.563704,5.000026,1.0,0,1,1,3.5,3,5,2,1.5,3,3,0,141.99133,77.536,180.75933,103.22333,0
SLCADC01,2.9532,1.4928000000000003,3.6996,2.2068,5.851162,2.2910999999999992,6.996712,4.705612,0.5,1,1,0,2.0,2,3,1,2.0,0,2,2,66.95117,60.845000000000006,97.37367,36.52867,0
SMZTMP,5.080550000000001,2.6467,6.4039,3.7572,5.2302085,0.1025469999999995,5.281482,5.178935,1.5,1,2,1,6.0,2,7,5,2.0,0,2,2,201.66933,48.20600000000002,225.77233,177.56633,0
SOBBAM,3.2495000000000003,2.1074,4.3032,2.1958,3.9801075,0.5282770000000006,4.244246,3.715969,2.0,4,4,0,2.0,2,3,1,1.0,0,1,1,213.208,187.54866,306.98233,119.43367,0
SOBBAP,4.69115,9.3805,9.3814,0.0009,4.284292000000001,1.4013,4.984942,3.583642,2.0,2,3,1,3.5,3,5,2,1.5,3,3,0,177.230335,7.172669999999982,180.81667,173.644,0
SOBCUI,1.7281,3.4406,3.4484,0.0078,5.3430745,1.0444490000000002,5.865299,4.82085,1.5,1,2,1,3.5,1,4,3,2.0,0,2,2,168.48266999999998,67.53400000000002,202.24967,134.71567,0
SODDOF,2.0321,0.3501999999999998,2.2072,1.857,5.107152,0.8028759999999995,5.50859,4.705714,1.0,0,1,1,2.5,1,3,2,1.5,1,2,1,93.52267,7.691999999999993,97.36867,89.67667,0
SOGSEP,3.2906,0.7469999999999999,3.6641,2.9171,4.87507,1.0231940000000002,5.386667,4.363473,1.5,1,2,1,1.5,1,2,1,1.5,1,2,1,152.952665,100.46467,203.185,102.72033,0
SOGXUH,1.96705,0.5088999999999999,2.2215,1.7126,5.5381350000000005,0.6103259999999997,5.843298,5.232972,1.0,0,1,1,1.0,0,1,1,0.5,1,1,0,131.58950000000002,42.05300000000001,152.616,110.563,0
SOLBEC,3.2979,2.8816,4.7387,1.8571,4.8939435,1.230029,5.508958,4.278929,1.0,0,1,1,2.5,1,3,2,1.5,1,2,1,114.6065,49.86499999999998,139.539,89.674,0
SOLFAC,3.1296,2.089,4.1741,2.0851,5.1751190000000005,0.5692359999999992,5.459737,4.890501,1.0,0,1,1,2.5,1,3,2,1.0,2,2,0,94.246335,24.965329999999994,106.729,81.76367,0
SOLFEG,2.082,0.0058000000000002,2.0849,2.0791,5.364436,0.1908280000000006,5.45985,5.269022,1.0,0,1,1,2.5,1,3,2,1.0,2,2,0,90.090165,16.653670000000005,98.417,81.76333,0
SOLFUW,3.79995,0.7248999999999999,4.1624,3.4375,5.1311495,0.4772949999999998,5.369797,4.892502,1.0,0,1,1,2.5,1,3,2,1.5,1,2,1,98.01717,17.394999999999996,106.71467,89.31967,0
SOLHUY,2.96355,1.7574999999999998,3.8423,2.0848,5.3208615,0.2786350000000004,5.460179,5.181544,1.0,0,1,1,2.5,1,3,2,0.5,1,1,0,97.532165,31.530330000000006,113.29733,81.767,0
SOLJAG,2.05045,3.5841,3.8425,0.2584,5.634957,0.907204,6.088559,5.181355,1.5,1,2,1,2.5,1,3,2,0.5,1,1,0,134.14266500000002,41.69667000000001,154.991,113.29433,0
SORWEB,4.3103,5.9938,7.3072,1.3134,4.6631695,0.5433689999999993,4.934854,4.391485,1.5,1,2,1,4.0,2,5,3,2.0,0,2,2,157.090665,105.82932999999998,210.00533,104.176,0
SORWIF,5.73925,3.1359000000000004,7.3072,4.1713,4.9126475,0.0436969999999998,4.934496,4.890799,1.5,1,2,1,4.0,2,5,3,2.0,0,2,2,158.368,103.28199999999998,210.009,106.727,0
SOSBAD,1.20665,2.4127,2.413,0.0003,5.980535,2.998854000000001,7.479962,4.481108,1.0,2,2,0,4.0,0,4,4,1.0,2,2,0,153.512,177.808,242.416,64.608,0
SOVBOU,0.3949,0.7898,0.7898,0.0,6.1420650000000006,1.95986,7.121995,5.162135,1.0,2,2,0,3.0,2,4,2,1.0,2,2,0,93.645165,81.90633,134.59833,52.692,0
SOVDIQ,1.56485,3.1293,3.1295,0.0002,6.399036499999999,2.113039,7.455556,5.342517,1.0,2,2,0,3.0,2,4,2,1.0,2,2,0,104.987665,55.33933,132.65733,77.318,0
SOVFOY,1.86235,3.7237,3.7242,0.0005,5.596996,0.5089980000000001,5.851495,5.342497,1.0,2,2,0,3.5,3,5,2,1.0,2,2,0,108.9815,47.34765999999999,132.65533,85.30767,0
SOVHEQ,0.4772,0.9542,0.9543,0.0001,5.559559,0.7988239999999998,5.958971,5.160147,1.0,2,2,0,3.5,3,5,2,1.0,2,2,0,123.23033,22.75000000000001,134.60533,111.85533,0
SOVMOF,2.56625,1.6083,3.3704,1.7621,3.151529,5.021478,5.662268,0.64079,0.5,1,1,0,3.5,3,5,2,2.5,1,3,2,118.94483,46.29900000000001,142.09433,95.79533,0
SOVNIA,0.90275,1.8055,1.8055,0.0,6.541751,1.5289739999999998,7.306238,5.777264,0.5,1,1,0,4.5,1,5,4,2.5,1,3,2,92.13233,6.3700000000000045,95.31733,88.94733,0
SOVQAV,2.6659,1.5648000000000002,3.4483,1.8835,4.605529,2.394118,5.802588,3.40847,0.5,1,1,0,4.0,2,5,3,2.5,1,3,2,112.754665,34.86467000000002,130.187,95.32233,0
SOVQEZ,0.9406,1.8792,1.8802,0.001,3.1887325000000004,5.225847,5.801656,0.575809,0.5,1,1,0,3.5,3,5,2,2.5,1,3,2,101.637,12.625339999999994,107.94967,95.32433,0
SOWLOF,0.0501,0.0998,0.1,0.0002,4.8774630000000005,1.4765679999999994,5.615747,4.139179,0.5,1,1,0,3.0,2,4,2,0.0,0,0,0,103.234335,11.318669999999996,108.89367,97.575,0
SOXFUG,0.0014,0.0022,0.0025,0.0003,6.6833015,0.5345709999999997,6.950587,6.416016,0.0,0,0,0,4.0,4,6,2,0.0,0,0,0,92.0635,68.73966,126.43333,57.69367,1
SUCTIV,1.9988,3.9966,3.9971,0.0005,5.863044,1.065022,6.395555,5.330533,0.0,0,0,0,2.5,3,4,1,1.5,1,2,1,64.870665,6.88467,68.313,61.42833,0
SUDDEC,2.0897,4.1786,4.179,0.0004,7.09554,0.7691319999999999,7.480106,6.710974,0.0,0,0,0,2.5,3,4,1,2.0,0,2,2,56.706500000000005,15.801660000000004,64.60733,48.80567,0
SUDFOO,2.0893,4.1782,4.1784,0.0002,6.019952,1.3808559999999996,6.71038,5.329524,0.0,0,0,0,2.5,3,4,1,2.0,0,2,2,58.563,19.51334,68.31967,48.80633,0
SURFOD,2.0287,1.3798,2.7186,1.3388,5.676353499999999,0.358365,5.855536,5.497171,1.0,0,1,1,1.0,0,1,1,0.5,1,1,0,114.72567,46.536000000000016,137.99367,91.45767,1
SUVJEY,0.3038,0.6076,0.6076,0.0,5.196524500000001,0.1090489999999997,5.251049,5.142,1.0,0,1,1,3.5,1,4,3,1.5,1,2,1,92.647835,42.84033,114.068,71.22767,0
SUXVOW,1.5596,3.1192,3.1192,0.0,5.316499,0.3112659999999998,5.472132,5.160866,1.5,1,2,1,3.0,2,4,2,1.0,2,2,0,122.247165,24.74232999999998,134.61833,109.876,0
SUXVUC,1.5579500000000002,3.1149,3.1154,0.0005,4.982325,0.9807879999999995,5.472719,4.491931,1.5,1,2,1,3.0,2,4,2,1.0,2,2,0,144.339835,68.90966999999999,178.79467,109.885,0
SUYZAP,3.35455,6.7075000000000005,6.7083,0.0008,4.9598205,1.2773950000000005,5.598518,4.321123,0.5,1,1,0,3.0,2,4,2,1.0,2,2,0,87.734,93.89334,134.68067,40.78733,0
SUZQIO,1.4358,2.8696,2.8706,0.001,4.990012500000001,1.812905,5.896465,4.08356,1.5,1,2,1,3.0,2,4,2,0.5,1,1,0,166.984835,97.47833,215.724,118.24567,1
SUZQOU,3.12935,6.2587,6.2587,0.0,4.927312000000001,0.8048600000000006,5.329742,4.524882,1.0,2,2,0,3.0,2,4,2,1.0,2,2,0,102.89,69.14200000000001,137.461,68.319,0
TACBAC,0.00015,0.0001,0.0002,0.0001,6.8265835,1.601001,7.627084,6.026083,1.0,2,2,0,3.0,2,4,2,1.0,2,2,0,148.093835,12.651669999999996,154.41967,141.768,0
TACCIL,0.006,0.012,0.012,0.0,6.543578999999999,1.26002,7.173589,5.913569,1.0,2,2,0,3.0,2,4,2,1.0,2,2,0,110.4435,90.35634,155.62167,65.26533,0
TACCUX,0.00025,9.999999999999996e-05,0.0003,0.0002,6.820871,1.589544,7.615643,6.026099,1.0,2,2,0,3.0,2,4,2,1.0,2,2,0,122.225835,64.38233,154.417,90.03467,0
TACDAE,1.56465,3.1285,3.1289,0.0004,6.7709695,1.714303,7.628121,5.913818,1.0,2,2,0,3.0,2,4,2,1.0,2,2,0,129.275665,52.72132999999998,155.63633,102.915,0
TACZII,0.9344,1.8678,1.8683,0.0005,4.185423,0.6135579999999998,4.492202,3.878644,2.0,0,2,2,4.5,5,7,2,0.0,0,0,0,229.586335,101.60267000000002,280.38767,178.785,0
TADROH,3.2839,2.897,4.7324,1.8354,6.24159,1.3554240000000002,6.919302,5.563878,0.5,1,1,0,1.5,1,2,1,0.0,0,0,0,77.927335,50.59133,103.223,52.63167,0
TAFCAI,3.4944,1.2654000000000003,4.1271,2.8617,4.6254935,3.564779,6.407883,2.843104,0.5,1,1,0,2.5,3,4,1,0.5,1,1,0,156.143665,202.26067,257.274,55.01333,0
TAGZAC,0.00105,0.0021,0.0021,0.0,3.304828,0.333202,3.471429,3.138227,0.0,0,0,0,4.0,0,4,4,0.0,0,0,0,158.6465,1.6116600000000003,159.45233,157.84067,0
TAHNAU,2.14325,4.2865,4.2865,0.0,5.1723275,3.5551830000000004,6.949919,3.394736,0.0,0,0,0,3.5,3,5,2,1.0,2,2,0,110.6045,105.80634,163.50767,57.70133,0
TALHIX,3.6343,3.6702,5.4694,1.7992,5.5984485,4.062725,7.629811,3.567086,1.0,2,2,0,4.0,4,6,2,1.0,0,1,1,159.634,249.79134,284.52967,34.73833,0
TAMBUE,0.00155,0.0005,0.0018,0.0013,2.6458195,0.269349,2.780494,2.511145,0.0,0,0,0,5.0,2,6,4,0.0,0,0,0,216.5275,24.46566000000001,228.76033,204.29467,0
TAPBUL,4.2451,4.319599999999999,6.4049,2.0853,5.3193470000000005,0.2811820000000002,5.459938,5.178756,1.0,0,1,1,3.5,3,5,2,1.0,2,2,0,129.662335,95.80667,177.56567,81.759,0
TAPCEW,5.2813,2.5062,6.5344,4.0282,5.4415285,0.5288549999999992,5.705956,5.177101,1.0,0,1,1,3.5,3,5,2,1.0,2,2,0,129.77949999999998,95.40566,177.48233,82.07667,0
TARLAA,2.43995,4.8785,4.8792,0.0007,5.3871655,0.4968590000000006,5.635595,5.138736,0.0,0,0,0,2.5,3,4,1,1.0,2,2,0,75.237835,33.05567,91.76567,58.71,0
TARPIO02,4.308,0.3631999999999999,4.4896,4.1264,5.379591,2.0577879999999995,6.408485,4.350697,0.5,1,1,0,3.5,5,6,1,1.5,3,3,0,138.2685,166.50634,221.52167,55.01533,0
TARPIO,5.3368,2.4204,6.547,4.1266,5.3853565,2.045637,6.408175,4.362538,0.5,1,1,0,3.5,5,6,1,1.5,3,3,0,138.31650000000002,166.61100000000002,221.622,55.011,0
TAVZOI,3.6399,0.4050000000000002,3.8424,3.4374,5.2757545,0.1885370000000001,5.370023,5.181486,1.0,0,1,1,2.5,1,3,2,1.0,0,1,1,101.305835,23.97433000000001,113.293,89.31867,0
TAZJOW,2.1635,2.2192,3.2731,1.0539,5.3300825,1.1645709999999996,5.912368,4.747797,2.0,2,3,1,2.0,0,2,2,1.0,2,2,0,142.802335,41.96733,163.786,121.81867,0
TAZKAJ,2.252,2.0428,3.2734,1.2306,5.438626,1.3819099999999995,6.129581,4.747671,2.0,2,3,1,2.0,0,2,2,1.0,2,2,0,127.82567,71.93200000000002,163.79167,91.85967,0
TAZKIR,2.15615,2.2329,3.2726,1.0397,5.2694205,1.0444390000000006,5.79164,4.747201,2.0,2,3,1,2.0,0,2,2,1.0,2,2,0,150.88049999999998,25.82433999999997,163.79267,137.96833,0
TAZKOX,3.2298,2.088,4.2738,2.1858,5.220280000000001,0.6948879999999997,5.567724,4.872836,1.5,1,2,1,2.0,0,2,2,1.0,2,2,0,121.565335,23.73066999999999,133.43067,109.7,0
TAZLEO,3.6347,0.7244000000000002,3.9969,3.2725,5.1859425,0.8754270000000002,5.623656,4.748229,2.0,2,3,1,2.0,0,2,2,1.0,2,2,0,137.035835,53.50632999999999,163.789,110.28267,0
TAZLOY,3.0111,2.5250000000000004,4.2736,1.7486,5.1561545,0.567933,5.440121,4.872188,1.5,1,2,1,2.5,1,3,2,1.0,2,2,0,112.16583,4.923000000000002,114.62733,109.70433,0
TAZLUE,3.3219,1.903,4.2734,2.3704,4.880586,0.0172500000000006,4.889211,4.871961,1.5,1,2,1,2.5,1,3,2,1.0,2,2,0,122.597665,25.79066999999999,135.493,109.70233,0
TAZMIT,4.31315,2.0807,5.3535,3.2728,5.296651,1.0979340000000004,5.845618,4.747684,2.0,2,3,1,2.0,0,2,2,1.0,2,2,0,129.207,69.174,163.794,94.62,0
TAZMOZ,3.25105,2.0453,4.2737,2.2284,4.6759575,0.3936069999999994,4.872761,4.479154,2.0,0,2,2,2.0,0,2,2,1.0,2,2,0,127.1525,34.899,144.602,109.703,0
TAZMUF,2.13695,4.273499999999999,4.2737,0.0002,5.157902,0.5703659999999999,5.443085,4.872719,1.5,1,2,1,3.0,2,4,2,2.0,4,4,0,114.067,8.729339999999993,118.43167,109.70233,0
TAZNAM,2.35725,3.8331,4.2738,0.4407,4.9787675,0.2127009999999991,5.085118,4.872417,1.0,2,2,0,3.5,3,5,2,2.0,4,4,0,111.948665,4.490670000000009,114.194,109.70333,0
TAZPES,2.0151,4.0302,4.0302,0.0,4.2166825,2.6062029999999994,5.519784,2.913581,2.5,3,4,1,3.0,2,4,2,1.0,2,2,0,178.946065,120.02013,238.95613,118.936,0
TAZPOC,0.87395,1.7479,1.7479,0.0,4.1765035,2.527779,5.440393,2.912614,2.5,3,4,1,3.5,1,4,3,1.0,2,2,0,176.809665,124.36267,238.991,114.62833,0
TAZRAO,2.9174,1.4933999999999998,3.6641,2.1707,4.8493245,0.9710489999999998,5.334849,4.3638,1.5,1,2,1,2.5,3,4,1,1.0,0,1,1,162.768835,80.82567,203.18167,122.356,0
TCQBDX,0.0,0.0,0.0,0.0,3.69699,2.370368,4.882174,2.511806,1.0,2,2,0,3.0,2,4,2,0.0,0,0,0,189.7875,77.89699999999999,228.736,150.839,0
TEBBUY,1.67755,0.0618999999999998,1.7085,1.6466,5.887364,3.463042,7.618885,4.155843,2.0,4,4,0,3.0,4,5,1,1.5,1,2,1,149.61783,231.165,265.20033,34.03533,0
TECCAF,0.00065,0.0013,0.0013,0.0,1.9586445,2.883129,3.400209,0.51708,2.0,4,4,0,2.0,0,2,2,1.0,2,2,0,199.624,119.01466,259.13133,140.11667,0
TEHNAW01,1.44185,1.2867,2.0852,0.7985,5.201148,0.5170560000000002,5.459676,4.94262,1.5,1,2,1,2.0,0,2,2,1.0,2,2,0,121.153335,78.77533,160.541,81.76567,0
TEHNAW,1.0426,2.0852,2.0852,0.0,5.0297485,0.8601089999999996,5.459803,4.599694,1.5,1,2,1,2.0,0,2,2,1.0,2,2,0,123.022,82.51066,164.27733,81.76667,0
TEJNEC,3.9216,0.2225999999999999,4.0329,3.8103,5.31669,0.4842640000000004,5.558822,5.074558,1.5,1,2,1,2.5,1,3,2,3.5,1,4,3,154.0145,78.83766000000001,193.43333,114.59567,0
TEKKID,0.64035,1.2807,1.2807,0.0,5.029867,0.6249599999999997,5.342347,4.717387,2.0,0,2,2,2.5,1,3,2,1.0,2,2,0,154.628165,43.94833,176.60233,132.654,0
TEKKOJ,1.26465,2.5289,2.5291,0.0002,5.5898465,0.494777,5.837235,5.342458,1.5,1,2,1,2.5,1,3,2,1.5,3,3,0,109.638,46.03465999999999,132.65533,86.62067,0
TENNUX,4.7049,1.6453999999999995,5.5276,3.8822,4.983008,0.0624020000000005,5.014209,4.951807,0.5,1,1,0,4.0,0,4,4,0.5,1,1,0,131.98649999999998,3.08766,133.53033,130.44267,0
TENPAF,4.9721,2.12,6.0321,3.9121,4.902138,0.2486540000000001,5.026465,4.777811,0.5,1,1,0,4.0,0,4,4,0.5,1,1,0,129.679665,7.675329999999988,133.51733,125.842,0
TENSOW,1.0892,1.8294,2.0039,0.1745,5.409675,0.2844060000000006,5.551878,5.267472,1.5,1,2,1,3.5,1,4,3,1.0,2,2,0,119.79267,14.722000000000008,127.15367,112.43167,0
TENYAO,3.08885,1.6465,3.9121,2.2656,4.8070355,0.4388770000000006,5.026474,4.587597,1.0,2,2,0,3.5,1,4,3,0.5,1,1,0,146.84483,26.656999999999982,160.17333,133.51633,0
TENYES,3.04615,1.6681,3.8802,2.2121,4.846951000000001,0.3291919999999999,5.011547,4.682355,1.0,2,2,0,3.5,1,4,3,0.5,1,1,0,148.16033,29.25800000000001,162.78933,133.53133,0
TEPLUZ,4.1965,2.8488,5.6209,2.7721,5.463039,0.2866020000000002,5.60634,5.319738,1.0,0,1,1,4.0,4,6,2,2.0,2,3,1,131.028335,6.139330000000015,134.098,127.95867,0
TETYOI,3.5884,1.0772,4.127,3.0498,5.3033280000000005,2.2099160000000007,6.408286,4.19837,0.5,1,1,0,3.5,5,6,1,1.0,2,2,0,126.329,142.632,197.645,55.013,0
TEVLEP,2.81035,5.620299999999999,5.6205,0.0002,5.4580555,0.2766089999999996,5.59636,5.319751,0.5,1,1,0,3.0,2,4,2,1.5,1,2,1,84.378165,87.16433,127.96033,40.796,0
TEWQAR,0.353,0.7034,0.7047,0.0013,3.9044695,0.1296170000000001,3.969278,3.839661,1.5,3,3,0,3.0,2,4,2,0.0,0,0,0,158.22267,151.55200000000002,233.99867,82.44667,0
TEWQEV,0.0106,0.0203999999999999,0.0208,0.0004,3.0381135,1.2695789999999998,3.672903,2.403324,1.5,3,3,0,4.0,0,4,4,0.0,0,0,0,240.58217,3.040999999999997,242.10267,239.06167,0
TEWQOF,1.7752,3.5502,3.5503,0.0001,4.2503265,1.332093,4.916373,3.58428,2.0,2,3,1,3.0,2,4,2,1.5,3,3,0,138.882835,69.50833,173.637,104.12867,0
TEWQUL,2.34155,4.6809,4.682,0.0011,4.2577335000000005,1.3496709999999998,4.932569,3.582898,2.0,2,3,1,3.0,2,4,2,1.5,3,3,0,138.70850000000002,69.88766000000001,173.65233,103.76467,0
TEWRAS,1.77535,3.5495,3.5501,0.0006,4.2497145,1.333355,4.916392,3.583037,2.0,2,3,1,3.0,2,4,2,1.5,3,3,0,138.8885,69.52365999999999,173.65033,104.12667,0
TEXPOB,0.0003,0.0006,0.0006,0.0,3.7427875,0.1074229999999998,3.796499,3.689076,2.5,3,4,1,3.0,6,6,0,1.0,2,2,0,181.45467,39.922,201.41567,161.49367,0
TEZGIR,3.77505,0.2741000000000002,3.9121,3.638,5.133738,0.2148599999999998,5.241168,5.026308,0.5,1,1,0,4.0,0,4,4,0.5,1,1,0,136.40417000000002,5.775000000000006,139.29167,133.51667,0
TEZMOC,0.6979,1.395,1.3954,0.0004,5.166793999999999,0.051044,5.192316,5.141272,1.5,1,2,1,4.5,1,5,4,2.0,0,2,2,134.71617,41.27900000000001,155.35567,114.07667,0
TEZMUI,1.86975,0.6259000000000001,2.1827,1.5568,5.416076,0.4395199999999999,5.635836,5.196316,1.5,1,2,1,3.5,3,5,2,1.5,1,2,1,123.111,64.52066,155.37133,90.85067,1
TEZNET,1.78005,0.4467000000000001,2.0034,1.5567,5.3741805,0.3556529999999993,5.552007,5.196354,1.5,1,2,1,4.5,1,5,4,2.0,0,2,2,133.89867,42.938,155.36767,112.42967,0
TEZNIX,0.698,1.396,1.396,0.0,5.529497,0.6744760000000003,5.866735,5.192259,1.5,1,2,1,4.5,1,5,4,2.0,0,2,2,145.0345,20.639659999999992,155.35433,134.71467,0
TEZNOD,2.261,1.735,3.1285,1.3935,5.555291,0.7259479999999998,5.918265,5.192317,1.5,1,2,1,4.5,1,5,4,2.0,0,2,2,144.55,21.60466,155.35233,133.74767,0
TIBXOV,1.9919,0.7654000000000001,2.3746,1.6092,5.42374,0.3963620000000007,5.621921,5.225559,1.5,1,2,1,4.5,5,7,2,2.0,0,2,2,152.830665,144.66933,225.16533,80.496,0
TICFOA,1.4762,2.9524,2.9524,0.0,5.229834500000001,0.903277,5.681473,4.778196,1.0,2,2,0,2.5,1,3,2,2.0,0,2,2,123.4865,113.39366,180.18333,66.78967,0
TICREE,4.98245,4.370900000000001,7.1679,2.797,5.445184,1.442748,6.166558,4.72381,1.5,1,2,1,3.0,4,5,1,1.0,2,2,0,129.889335,104.58467,182.18167,77.597,0
TICRII,3.58305,7.1661,7.1661,0.0,4.459957,0.5298280000000002,4.724871,4.195043,2.0,0,2,2,3.5,3,5,2,1.0,2,2,0,181.08483,2.2050000000000125,182.18733,179.98233,0
TICROO,3.5834,7.1662,7.1665,0.0003,4.607519,0.2338260000000005,4.724432,4.490606,2.0,0,2,2,3.5,3,5,2,1.0,2,2,0,180.506665,3.361330000000009,182.18733,178.826,0
TICRUU,3.1559500000000003,6.3113,6.3116,0.0003,5.042068,0.5996259999999998,5.341881,4.742255,2.0,0,2,2,3.5,3,5,2,1.0,2,2,0,157.3855,49.46366,182.11733,132.65367,0
TICYIP,2.0679,1.5104000000000002,2.8231,1.3127,4.82955,0.876322,5.267711,4.391389,1.5,1,2,1,2.0,2,3,1,1.0,2,2,0,121.760835,35.16967000000001,139.34567,104.176,0
TICZUC,3.4974000000000003,1.3486000000000002,4.1717,2.8231,5.079177,0.3765799999999997,5.267467,4.890887,1.5,1,2,1,2.0,2,3,1,1.0,2,2,0,123.038,32.62066,139.34833,106.72767,0
TIDFER,1.5932,0.6832,1.9348,1.2516,4.7688765,2.271663,5.904708,3.633045,2.5,1,3,2,1.5,1,2,1,0.5,1,1,0,173.922335,7.85732999999999,177.851,169.99367,0
TIDFUH,1.77335,0.3239000000000001,1.9353,1.6114,4.6965825,2.1268810000000005,5.760023,3.633142,2.5,1,3,2,1.5,1,2,1,0.5,1,1,0,179.58917000000002,3.4890000000000043,181.33367,177.84467,0
TIFSUW,1.31665,1.4941,2.0637,0.5696,5.235688,0.9838139999999996,5.727595,4.743781,1.5,3,3,0,3.5,3,5,2,1.0,2,2,0,124.444835,76.88032999999999,162.885,86.00467,0
TIFTAD,1.5093,1.1096,2.0641,0.9545,5.351471,1.2144940000000002,5.958718,4.744224,1.5,3,3,0,3.5,3,5,2,1.0,2,2,0,137.359,51.002660000000006,162.86033,111.85767,0
TIHFOG,2.72555,5.4511,5.4511,0.0,5.3545385,3.191959,6.950518,3.758559,0.5,1,1,0,2.0,0,2,2,0.5,1,1,0,83.62667,51.85,109.55167,57.70167,0
TIHFUM,4.78925,1.3248999999999995,5.4517,4.1268,5.0834285,2.6495370000000005,6.408197,3.75866,0.5,1,1,0,1.5,1,2,1,0.5,1,1,0,82.280165,54.53433,109.54733,55.013,0
TIHGAT,4.90405,1.5529000000000002,5.6805,4.1276,5.000706,2.815418,6.408415,3.592997,0.5,1,1,0,1.5,1,2,1,0.5,1,1,0,82.164665,54.30933,109.31933,55.01,0
TIHPAC,1.1722,0.6216,1.483,0.8614,5.47952,1.6644179999999995,6.311729,4.647311,1.0,2,2,0,1.5,1,2,1,1.0,0,1,1,110.81283,81.901,151.76333,69.86233,0
TIHSAH,3.41745,1.0383,3.9366,2.8983,4.3349995,0.9685130000000002,4.819256,3.850743,1.0,0,1,1,4.0,2,5,3,1.5,1,2,1,133.01667,95.794,180.91367,85.11967,0
TIJKIG,0.0005,0.001,0.001,0.0,4.868451,0.093026,4.914964,4.821938,1.5,1,2,1,4.0,4,6,2,3.0,6,6,0,118.732165,37.49033,137.47733,99.987,0
TIJKOM,0.0034,0.0062,0.0065,0.0003,3.9289355,2.828063,5.342967,2.514904,1.0,2,2,0,4.0,4,6,2,2.0,4,4,0,118.14,29.02734000000001,132.65367,103.62633,0
TIJMUU,1.5856500000000002,2.4257,2.7985,0.3728,5.658422,0.8431899999999999,6.080017,5.236827,0.0,0,0,0,3.5,1,4,3,2.0,2,3,1,104.091665,69.75533000000001,138.96933,69.214,0
TIKPAF,2.92335,2.1779,4.0123,1.8344,4.9221385,0.5928690000000003,5.218573,4.625704,2.0,0,2,2,1.5,1,2,1,1.0,2,2,0,172.116,11.850659999999976,178.04133,166.19067,0
TIKPEJ,2.28425,3.4289,3.9987,0.5698,5.275342500000001,1.3012930000000005,5.925989,4.624696,2.5,1,3,2,1.5,1,2,1,1.0,2,2,0,207.324165,58.54966999999999,236.599,178.04933,0
TILHIH,3.9814,4.3662,6.1645,1.7983,6.126411,3.008296,7.630559,4.622263,1.0,2,2,0,3.5,3,5,2,0.5,1,1,0,143.160335,216.84333,251.582,34.73867,0
TIPFII,2.9371,0.3635999999999999,3.1189,2.7553,5.6822665,0.4201510000000006,5.892342,5.472191,1.0,0,1,1,4.5,1,5,4,1.5,1,2,1,109.8775,0.0003399999999942,109.87767,109.87733,0
TIPWIY,1.85025,3.7005,3.7005,0.0,6.1629415000000005,1.6672129999999994,6.996548,5.329335,0.0,0,0,0,2.5,3,4,1,2.0,0,2,2,52.421335,31.785329999999995,68.314,36.52867,0
TITHAG,1.35125,2.7025,2.7025,0.0,5.265924,0.6585939999999999,5.595221,4.936627,0.5,1,1,0,3.0,2,4,2,1.0,2,2,0,101.451335,121.31533000000002,162.109,40.79367,0
TITJAI,0.56035,1.1207,1.1207,0.0,5.729759,2.4416900000000004,6.950604,4.508914,1.0,2,2,0,2.5,1,3,2,0.5,1,1,0,120.4725,125.559,183.252,57.693,0
TIVCOS,0.4299,0.8576,0.8587,0.0011,3.9451355,1.567433,4.728852,3.161419,1.5,3,3,0,4.0,0,4,4,1.0,2,2,0,146.18349999999998,106.42499999999998,199.396,92.971,0
TIWPIB,4.37445,2.4893000000000005,5.6191,3.1298,6.3876245,2.135717,7.455483,5.319766,0.5,1,1,0,3.0,2,4,2,1.5,1,2,1,102.6375,50.64234,127.95867,77.31633,0
TIWPOH,3.05995,5.1217,5.6208,0.4991,5.4182625,0.1975730000000002,5.517049,5.319476,0.5,1,1,0,3.0,2,4,2,1.5,1,2,1,97.28367,61.356,127.96167,66.60567,0
TIWZEG,0.8531,0.9001999999999999,1.3032,0.403,5.232516,2.075134,6.270083,4.194949,1.5,1,2,1,2.0,4,4,0,1.0,2,2,0,144.88967,123.56799999999998,206.67367,83.10567,0
TMABCA01,0.0003,0.0004,0.0005,0.0001,3.939893,1.0792759999999997,4.479531,3.400255,0.5,1,1,0,2.0,0,2,2,0.0,0,0,0,145.99433,11.72999999999999,151.85933,140.12933,0
TMABCA02,0.0,0.0,0.0,0.0,3.8608745,0.919199,4.320474,3.401275,0.5,1,1,0,2.0,0,2,2,0.0,0,0,0,146.599335,12.970669999999984,153.08467,140.114,0
TMABCA,0.0,0.0,0.0,0.0,3.859701,0.9204560000000002,4.319929,3.399473,0.5,1,1,0,2.0,0,2,2,0.0,0,0,0,146.615165,12.968330000000009,153.09933,140.131,0
TMBCAN,0.00075,0.0015,0.0015,0.0,2.6852605,1.430605,3.400563,1.969958,1.0,2,2,0,2.0,0,2,2,0.0,0,0,0,201.413335,122.59332999999998,262.71,140.11667,0
TMPASD,0.88435,1.7637,1.7662,0.0025,4.953241,0.9462400000000004,5.426361,4.480121,0.5,1,1,0,2.0,0,2,2,0.0,0,0,0,89.086835,125.53833,151.856,26.31767,0
TODNIM,1.6984,0.9686,2.1827,1.2141,5.4785260000000005,0.3140279999999995,5.63554,5.321512,1.0,0,1,1,2.0,0,2,2,1.5,1,2,1,91.62817,1.551000000000002,92.40367,90.85267,0
TOMWOJ,2.50485,1.6923,3.351,1.6587,6.3394525,2.077001,7.377953,5.300952,0.5,1,1,0,3.0,2,4,2,1.5,1,2,1,83.64916500000001,12.513670000000005,89.906,77.39233,0
TOMXEA,4.50905,3.0459,6.032,2.9861,4.1745365,1.2071829999999997,4.778128,3.570945,1.5,1,2,1,4.0,0,4,4,0.5,1,1,0,144.70499999999998,37.73733999999999,163.57367,125.83633,0
TOMXIE,2.5993500000000003,0.7738999999999998,2.9863,2.2124,4.12675,1.1113039999999996,4.682402,3.571098,2.0,0,2,2,3.5,1,4,3,0.5,1,1,0,163.178835,0.7783300000000111,163.568,162.78967,1
TONGOS,3.41495,0.5707,3.7003,3.1296,7.2262505,0.4584890000000001,7.455495,6.997006,0.0,0,0,0,2.5,3,4,1,2.0,0,2,2,56.92383,40.787,77.31733,36.53033,0
TOQKAN,2.09335,4.1867,4.1867,0.0,4.9405455,0.7769209999999998,5.329006,4.552085,1.0,2,2,0,5.0,2,6,4,2.0,0,2,2,151.19617,165.747,234.06967,68.32267,0
TOQQAU,1.01375,2.0267,2.0271,0.0004,5.5492905,3.860639,7.47961,3.618971,0.5,1,1,0,3.5,1,4,3,2.0,0,2,2,118.933165,108.64833,173.25733,64.609,0
TORXOQ,0.00025,0.0005,0.0005,0.0,6.478801499999999,2.2729089999999994,7.615256,5.342347,1.0,2,2,0,3.0,2,4,2,1.0,2,2,0,124.234835,16.83833,132.654,115.81567,0
TORZAE,2.09055,4.1605,4.1708,0.0103,4.544013,0.6943060000000001,4.891166,4.19686,1.5,1,2,1,2.5,1,3,2,1.0,2,2,0,143.32983000000002,73.21700000000001,179.93833,106.72133,0
TORZOS,1.08565,2.1689000000000003,2.1701,0.0012,5.5093485,0.3337789999999998,5.676238,5.342459,1.5,1,2,1,2.0,0,2,2,1.0,2,2,0,106.759,51.79733999999999,132.65767,80.86033,1
TOSGUF,2.6519,2.0860000000000003,3.6949,1.6089,5.747088,1.0437659999999995,6.268971,5.225205,1.0,2,2,0,4.5,5,7,2,1.5,1,2,1,161.163665,128.01133,225.16933,97.158,0
TOYHOG,1.99745,3.9949,3.9949,0.0,5.2178655,0.1132869999999997,5.274509,5.161222,1.5,1,2,1,2.0,0,2,2,0.5,1,1,0,113.406165,42.410330000000016,134.61133,92.201,0
TOYHUM,0.74685,1.4937,1.4937,0.0,4.8372255,0.6478809999999999,5.161166,4.513285,2.0,0,2,2,1.5,1,2,1,0.5,1,1,0,131.30017,6.620999999999995,134.61067,127.98967,0
TOZHOF01,1.8501,3.6994,3.6998,0.0004,6.594590999999999,0.8032560000000002,6.996219,6.192963,0.0,0,0,0,1.5,1,2,1,1.0,2,2,0,71.521835,69.98433,106.514,36.52967,0
TOZHOF,2.1882,4.3674,4.3719,0.0045,6.553483,0.720478,6.913722,6.193244,0.0,0,0,0,1.5,1,2,1,1.0,2,2,0,71.64833,69.72999999999999,106.51333,36.78333,0
TUFNUF,3.04085,1.7363,3.909,2.1727,4.08608,0.0777979999999995,4.124979,4.047181,1.5,1,2,1,4.5,1,5,4,2.5,1,3,2,180.494,153.93865999999997,257.46333,103.52467,0
TUJKUE,0.00055,0.0011,0.0011,0.0,3.2392985000000003,1.6709850000000004,4.074791,2.403806,1.0,2,2,0,5.0,2,6,4,0.0,0,0,0,260.17100000000005,36.177340000000015,278.25967,242.08233,0
TULPIA,1.66305,0.5431000000000001,1.9346,1.3915,4.331503,1.397512,5.030259,3.632747,3.0,0,3,3,2.0,2,3,1,0.5,1,1,0,214.251665,72.76933,250.63633,177.867,0
TUPRBN01,3.869,3.0628,5.4004,2.3376,5.190386500000001,0.0900109999999996,5.235392,5.145381,0.0,0,0,0,2.0,2,3,1,2.0,0,2,2,59.91567,1.921999999999997,60.87667,58.95467,0
TUQBIR,1.43185,2.8631,2.8634,0.0003,5.494909,0.3052380000000001,5.647528,5.34229,1.5,1,2,1,2.5,1,3,2,1.0,2,2,0,120.1795,24.96165999999998,132.66033,107.69867,0
TUQYEM,3.0531,6.1054,6.1058,0.0004,6.8117090000000005,0.2780420000000001,6.95073,6.672688,0.0,0,0,0,3.0,2,4,2,0.0,0,0,0,100.651665,85.91267,143.608,57.69533,1
TUQYIQ,2.2474,4.494,4.4944,0.0004,6.277118,1.346934,6.950585,5.603651,0.0,0,0,0,3.5,3,5,2,0.0,0,0,0,100.633835,85.87833,143.573,57.69467,0
TUQYUC,2.4392,4.111400000000001,4.4949,0.3835,5.9137855,0.6180729999999999,6.222822,5.604749,0.0,0,0,0,3.5,3,5,2,0.0,0,0,0,108.74117,69.635,143.55867,73.92367,0
TURNOM,3.3972,1.7352000000000003,4.2648,2.5296,5.777518000000001,0.1203519999999995,5.837694,5.717342,1.0,0,1,1,2.5,1,3,2,2.0,2,3,1,140.306335,107.38333,193.998,86.61467,0
TUTFIA,1.1468,2.2926,2.2931,0.0005,5.6737795,0.8984189999999996,6.122989,5.22457,1.5,1,2,1,2.0,0,2,2,1.0,2,2,0,143.70850000000002,37.09966,162.25833,125.15867,0
TUYKUV,2.05305,4.1043,4.1052,0.0009,5.4501255,2.6086409999999995,6.754446,4.145805,1.0,2,2,0,3.5,5,6,1,1.0,2,2,0,134.409,163.01734,215.91767,52.90033,0
UBAJOZ,1.7255,3.451,3.451,0.0,4.6739405000000005,0.9581589999999992,5.15302,4.194861,1.5,1,2,1,2.5,1,3,2,0.5,1,1,0,173.50833,12.94799999999998,179.98233,167.03433,0
UBIKUN,7.49545,13.2689,14.1299,0.861,5.03828,2.5473760000000003,6.311968,3.764592,1.0,2,2,0,2.5,3,4,1,1.0,0,1,1,165.816835,191.92033,261.777,69.85667,0
UBILAW,3.71615,3.0173,5.2248,2.2075,4.790808,0.1695000000000002,4.875558,4.706058,1.0,0,1,1,3.0,0,3,3,1.5,1,2,1,126.9345,59.13166,156.50033,97.36867,0
UBOZAQ,1.95535,3.9065,3.9086,0.0021,5.0243515,3.019987,6.534345,3.514358,1.0,2,2,0,3.5,5,6,1,1.0,2,2,0,141.875,154.09666,218.92333,64.82667,0
UBUHOQ,0.8901,1.779,1.7796,0.0006,5.6087075,0.5327910000000005,5.875103,5.342312,1.5,1,2,1,2.0,0,2,2,1.0,2,2,0,113.356,38.602,132.657,94.055,0
UBUJIM01,0.8732,1.746,1.7462,0.0002,5.528948,0.3737120000000002,5.715804,5.342092,1.5,1,2,1,2.0,0,2,2,1.0,2,2,0,113.709335,37.92067,132.66967,94.749,0
UBUJIM03,0.8734999999999999,1.746,1.7465,0.0005,5.528869,0.3740040000000002,5.715871,5.341867,1.5,1,2,1,2.0,0,2,2,1.0,2,2,0,113.7055,37.91166,132.66133,94.74967,0
UBUJIM,0.8732,1.746,1.7462,0.0002,5.5293925,0.3729930000000001,5.715889,5.342896,1.5,1,2,1,2.0,0,2,2,1.0,2,2,0,113.700335,37.90532999999999,132.653,94.74767,0
UBUPEP,0.00105,0.0021,0.0021,0.0,4.0027485,0.3250869999999999,4.165292,3.840205,1.0,2,2,0,2.0,0,2,2,1.0,2,2,0,113.7195,62.54900000000001,144.994,82.445,0
UBUQIU,0.00015,0.0003,0.0003,0.0,3.679583,0.9720180000000004,4.165592,3.193574,1.0,2,2,0,2.0,0,2,2,1.0,2,2,0,158.258335,26.53867,171.52767,144.989,0
UCESAZ,1.161,2.322,2.322,0.0,4.360738,0.3300220000000005,4.525749,4.195727,2.0,0,2,2,2.5,1,3,2,0.5,1,1,0,198.1135,36.34234000000001,216.28467,179.94233,0
UCOTUC,3.31335,3.4711,5.0489,1.5778,6.5187905,2.224023,7.630802,5.406779,0.5,1,1,0,2.0,0,2,2,1.0,0,1,1,126.0005,72.49566000000002,162.24833,89.75267,0
UFALIZ,4.33265,0.4541000000000004,4.5597,4.1056,5.838566999999999,1.831558,6.754346,4.922788,0.0,0,0,0,3.0,4,5,1,1.0,2,2,0,74.42099999999999,43.044,95.943,52.899,0
UFETOR,5.096349999999999,0.0979000000000001,5.1453,5.0474,5.784113,1.5522180000000008,6.560222,5.008004,0.5,1,1,0,3.0,2,4,2,2.0,0,2,2,81.7175,58.141,110.788,52.647,0
UFEVEJ,5.4791,0.6608,5.8095,5.1487,4.837386,0.339232,5.007002,4.66777,0.5,1,1,0,3.0,2,4,2,2.0,0,2,2,89.116,43.358,110.795,67.437,0
UFEVIN,2.7106000000000003,3.794200000000001,4.6077,0.8135,6.2503645,2.474405,7.487567,5.013162,0.5,1,1,0,3.0,2,4,2,2.0,0,2,2,87.76050000000001,45.943,110.732,64.789,0
UFEVOT,2.30485,4.6097,4.6097,0.0,5.1708275,0.3159029999999996,5.328779,5.012876,0.5,1,1,0,3.0,2,4,2,2.0,0,2,2,89.529165,42.41233000000001,110.73533,68.323,0
UFEVUZ,4.027699999999999,2.2184,5.1369,2.9185,5.965912,1.158944,6.545384,5.38644,0.5,1,1,0,3.0,2,4,2,2.0,0,2,2,77.61367,50.218,102.72267,52.50467,0
UFEWAG,5.0968,0.9730000000000008,5.5833,4.6103,6.144275,2.2627739999999994,7.275662,5.012888,0.5,1,1,0,3.0,2,4,2,2.0,0,2,2,106.750335,7.968669999999989,110.73467,102.766,1
UFIFAQ01,1.3843500000000002,2.7685,2.7686,0.0001,5.073648,3.02719,6.587243,3.560053,2.5,3,4,1,1.5,3,3,0,1.0,2,2,0,165.25433500000003,191.67467,261.09167,69.417,0
UFORAK,3.49665,1.2170999999999998,4.1052,2.8881,5.859789,1.7895260000000004,6.754552,4.965026,0.5,1,1,0,3.0,4,5,1,1.5,3,3,0,143.01066500000002,180.22067,233.121,52.90033,0
UGOHOP,3.48635,0.2014999999999998,3.5871,3.3856,5.799834000000001,1.0534740000000005,6.326571,5.273097,0.5,1,1,0,2.5,1,3,2,1.5,1,2,1,85.7775,25.309,98.432,73.123,1
UGOHUV,2.53995,2.0937,3.5868,1.4931,5.5189475,1.6155270000000002,6.326711,4.711184,0.5,1,1,0,3.0,2,4,2,2.0,2,3,1,87.99799999999999,29.74734,102.87167,73.12433,0
UGOROZ,0.8195,1.6386,1.6388,0.0002,6.5219355,2.1874329999999995,7.615652,5.428219,0.0,0,0,0,3.5,1,4,3,1.5,1,2,1,93.52683,44.575,115.81433,71.23933,0
UGORUF,0.81965,1.6389,1.6391,0.0002,6.527308,2.198332,7.626474,5.428142,0.0,0,0,0,3.5,1,4,3,1.5,1,2,1,106.506835,70.52566999999999,141.76967,71.244,0
UGOSAM,0.6346499999999999,1.2689,1.2691,0.0002,6.4992575,2.231197,7.614856,5.383659,0.0,0,0,0,3.5,1,4,3,1.5,1,2,1,100.52383,30.583,115.81533,85.23233,0
UGOSEQ,0.6344,1.2684,1.2686,0.0002,6.504916,2.243436,7.626634,5.383198,0.0,0,0,0,3.5,1,4,3,1.5,1,2,1,113.498335,56.534670000000006,141.76567,85.231,0
UGOTER,0.78095,1.5619,1.5619,0.0,6.453169,2.3465480000000003,7.626443,5.279895,0.0,0,0,0,3.5,1,4,3,1.5,1,2,1,126.568165,82.51167000000001,167.824,85.31233,0
UGOTUH,2.77055,1.2297000000000002,3.3854,2.1557,5.876765499999999,1.207299,6.480415,5.273116,0.5,1,1,0,2.5,1,3,2,1.5,1,2,1,79.668835,37.53433,98.436,60.90167,0
UGOVET,1.6321,1.0476,2.1559,1.1083,5.70823,1.54446,6.48046,4.936,0.5,1,1,0,3.0,2,4,2,2.0,2,3,1,82.498835,43.19767,104.09767,60.9,0
UGOVIX,1.1682,1.9758,2.1561,0.1803,5.618825,1.7229799999999995,6.480315,4.757335,0.5,1,1,0,3.5,3,5,2,2.5,3,4,1,85.6405,49.47834,110.37967,60.90133,0
UGOWAQ,2.61885,0.9263,3.082,2.1557,5.589896,1.7810379999999997,6.480415,4.699377,0.5,1,1,0,3.0,2,4,2,2.0,2,3,1,81.8755,41.94899999999999,102.85,60.901,0
UGOWEU,2.54495,1.6813000000000002,3.3856,1.7043,5.015988999999999,0.5141,5.273039,4.758939,0.5,1,1,0,2.5,1,3,2,1.5,1,2,1,79.603835,37.66367,98.43567,60.772,0
UGOWIY,1.51315,0.3822999999999998,1.7043,1.322,4.845684500000001,0.1731009999999999,4.932235,4.759134,0.5,1,1,0,3.0,2,4,2,2.0,2,3,1,82.792665,44.05467,104.82,60.76533,0
UGOWOE,1.66275,0.0832999999999999,1.7044,1.6211,4.7285385,0.0608050000000002,4.758941,4.698136,0.5,1,1,0,3.0,2,4,2,2.0,2,3,1,81.791335,42.05067,102.81667,60.766,0
UHACEM,2.13465,4.2691,4.2692,0.0001,7.119578,0.7211379999999998,7.480147,6.759009,0.0,0,0,0,2.5,3,4,1,1.5,1,2,1,61.63517,5.942999999999991,64.60667,58.66367,0
UHACUC,2.13415,4.2683,4.2683,0.0,6.04454,1.4287280000000004,6.758904,5.330176,0.0,0,0,0,2.5,3,4,1,1.5,1,2,1,63.4885,9.64965999999999,68.31333,58.66367,0
UHADEN,2.24205,4.483499999999999,4.4838,0.0003,7.232105000000001,0.4943099999999996,7.47926,6.98495,0.0,0,0,0,2.5,3,4,1,2.0,0,2,2,59.940835,9.33833,64.61,55.27167,0
UHADIR,2.24235,4.4827,4.4837,0.001,7.300435999999999,0.6308999999999996,7.615886,6.984986,0.0,0,0,0,2.5,3,4,1,2.0,0,2,2,72.653,34.766,90.036,55.27,0
UHADOX,3.4545000000000003,2.062,4.4855,2.4235,7.202327,0.43635,7.420502,6.984152,0.0,0,0,0,2.5,3,4,1,2.0,0,2,2,53.94167,2.646000000000001,55.26467,52.61867,0
UHADUD,3.80685,1.3538999999999994,4.4838,3.1299,7.2202135,0.4705569999999994,7.455492,6.984935,0.0,0,0,0,2.5,3,4,1,2.0,0,2,2,66.29383,22.047,77.31733,55.27033,1
UHAFAL,3.9013,1.5426000000000002,4.6726,3.13,7.064731999999999,1.1270680000000004,7.628266,6.501198,0.0,0,0,0,2.5,3,4,1,2.0,0,2,2,79.039335,47.73267,102.90567,55.173,0
UHEVIN,1.59525,1.8235,2.507,0.6835,5.117607,0.3739099999999995,5.304562,4.930652,1.0,0,1,1,2.0,0,2,2,1.0,2,2,0,97.101665,8.869330000000005,101.53633,92.667,0
UHORUF,1.4348,2.869,2.8693,0.0003,4.50006,0.6101660000000004,4.805143,4.194977,1.5,1,2,1,2.0,0,2,2,0.5,1,1,0,162.42683,35.107,179.98033,144.87333,0
UHOSEQ,1.514,3.0278,3.0279,0.0001,4.4973625,0.6050170000000001,4.799871,4.194854,1.5,1,2,1,2.0,0,2,2,0.5,1,1,0,168.74167,22.48599999999999,179.98467,157.49867,0
UHOSOA,1.489,2.9672,2.9726,0.0054,4.4944495,0.5959730000000008,4.792436,4.196463,1.5,1,2,1,2.0,0,2,2,0.5,1,1,0,174.76600000000002,10.347340000000004,179.93967,169.59233,0
UHUFOU,1.16205,0.7911000000000001,1.5576,0.7665,5.2628795,0.1336369999999993,5.329698,5.196061,1.5,1,2,1,4.0,2,5,3,1.5,1,2,1,148.416665,13.900669999999993,155.367,141.46633,1
UHUFUA,2.05665,0.9993,2.5563,1.557,5.224576,0.0564040000000005,5.252778,5.196374,1.5,1,2,1,4.0,2,5,3,1.5,1,2,1,141.37900000000002,27.98600000000002,155.372,127.386,1
UKITEQ,1.92455,0.1673,2.0082,1.8409,4.6092575,1.2037370000000005,5.211126,4.007389,1.0,0,1,1,4.0,2,5,3,1.0,0,1,1,164.167835,57.77767,193.05667,135.279,0
UKITUG,0.9204,1.8406,1.8407,0.0001,6.4187395,2.4151810000000005,7.62633,5.211149,0.5,1,1,0,3.5,1,4,3,1.5,1,2,1,138.522335,6.492669999999976,141.76867,135.276,0
UKOLUE,3.4317,0.9646000000000003,3.914,2.9494,5.169041,0.2840760000000006,5.311079,5.027003,0.5,1,1,0,5.0,2,6,4,1.5,3,3,0,131.9925,3.055000000000007,133.52,130.465,0
UKOSAP,0.4594999999999999,0.9184,0.9187,0.0003,6.601113,2.028852,7.615539,5.586687,0.5,1,1,0,3.5,1,4,3,2.0,0,2,2,94.994,9.919999999999987,99.954,90.034,0
UKOSET,1.8408,3.6812,3.6814,0.0002,6.2718365,2.5527809999999995,7.548227,4.995446,0.5,1,1,0,3.5,1,4,3,1.5,1,2,1,117.019,56.11134,145.07467,88.96333,0
UKOSIX,0.8652,0.1074,0.9189,0.8115,6.537001500000001,1.901407,7.487705,5.586298,0.5,1,1,0,3.5,1,4,3,2.0,0,2,2,82.370835,35.16632999999999,99.954,64.78767,0
UKOSOD,1.84055,3.6793,3.6802,0.0009,6.310699,2.63173,7.626564,4.994834,0.5,1,1,0,3.5,1,4,3,1.5,1,2,1,143.42282999999998,3.311000000000007,145.07833,141.76733,0
UKUJEQ,2.517,1.4382,3.2361,1.7979,6.4633485,0.6112310000000001,6.768964,6.157733,0.5,1,1,0,3.0,4,5,1,2.0,4,4,0,94.445165,83.88166999999999,136.386,52.50433,0
ULABAN,1.0857,2.1704,2.1709,0.0005,5.2954025,0.7615689999999997,5.676187,4.914618,1.5,1,2,1,2.0,0,2,2,1.0,2,2,0,109.17,56.622,137.481,80.859,0
ULAJAV,1.7435,3.4856,3.4863,0.0007,5.1570990000000005,0.4836680000000006,5.398933,4.915265,1.5,1,2,1,2.0,0,2,2,1.0,2,2,0,117.036,40.86934000000001,137.47067,96.60133,1
ULAWAF02,1.7192,3.438,3.4382,0.0002,5.4837175,0.2265309999999996,5.596983,5.370452,0.5,1,1,0,3.0,2,4,2,1.5,1,2,1,65.060335,48.52267,89.32167,40.799,0
ULAWAF,3.21745,0.4405000000000001,3.4377,2.9972,5.686549,0.633616,6.003357,5.369741,0.5,1,1,0,3.0,2,4,2,1.5,1,2,1,65.207665,48.22733,89.32133,41.094,0
ULAWEJ,2.9676,0.9394,3.4373,2.4979,6.4366,2.133548,7.503374,5.369826,0.5,1,1,0,3.0,2,4,2,1.5,1,2,1,70.929,36.78466,89.32133,52.53667,0
ULAWOT,3.2835,0.3064,3.4367,3.1303,6.412614,2.085884,7.455556,5.369672,0.5,1,1,0,3.0,2,4,2,1.5,1,2,1,83.3185,12.004340000000012,89.32067,77.31633,0
ULAWUZ,1.7193,3.4370000000000003,3.4378,0.0008,6.458474,2.176952,7.54695,5.369998,0.5,1,1,0,3.0,2,4,2,1.5,1,2,1,89.142165,0.3563299999999998,89.32033,88.964,0
ULAXAG,3.28345,0.3077000000000001,3.4373,3.1296,6.4125145,2.085947,7.455488,5.369541,0.5,1,1,0,3.0,2,4,2,1.5,1,2,1,83.319,12.002659999999992,89.32033,77.31767,0
ULAXEK,1.71925,3.4373,3.4379,0.0006,6.4927975,2.2460310000000003,7.615813,5.369782,0.5,1,1,0,3.0,2,4,2,1.5,1,2,1,89.6785,0.7136600000000044,90.03533,89.32167,0
ULAZEM,2.7887,0.5179999999999998,3.0477,2.5297,5.319027500000001,1.0367810000000004,5.837418,4.800637,1.0,0,1,1,3.0,0,3,3,2.0,2,3,1,112.09616499999998,50.96967,137.581,86.61133,0
ULAZIQ,2.56015,2.5831,3.8517,1.2686,5.2644765,0.9682589999999998,5.748606,4.780347,1.0,0,1,1,2.5,1,3,2,1.5,1,2,1,109.1305,56.409000000000006,137.335,80.926,0
ULECEU,1.0872,0.9424,1.5584,0.616,5.6641445,0.8241350000000001,6.076212,5.252077,1.0,0,1,1,2.5,1,3,2,1.0,0,1,1,107.992,73.53866,144.76133,71.22267,0
ULEKIG,1.3267,2.6502000000000003,2.6518,0.0016,5.285943,0.1133759999999997,5.342631,5.229255,1.5,1,2,1,3.0,2,4,2,1.0,2,2,0,122.848165,19.62567,132.661,113.03533,0
ULESUB,1.46715,2.9343,2.9343,0.0,5.3246415,0.3255730000000003,5.487428,5.161855,1.0,2,2,0,2.0,0,2,2,0.0,0,0,0,109.1085,50.915000000000006,134.566,83.651,0
ULEWIS,2.09045,4.1793000000000005,4.1801,0.0008,5.385123,1.0577579999999998,5.914002,4.856244,1.5,1,2,1,2.5,1,3,2,1.0,2,2,0,137.72182999999998,35.81699999999999,155.63033,119.81333,0
ULIBUO,2.9947,2.8816,4.4355,1.5539,6.6123045000000005,2.116943,7.670776,5.553833,0.5,1,1,0,3.0,2,4,2,1.0,0,1,1,74.799835,103.87233,126.736,22.86367,0
ULIZUM,1.0021,2.0006000000000004,2.0024,0.0018,4.969885,1.56569,5.75273,4.18704,0.5,1,1,0,3.5,1,4,3,1.0,2,2,0,142.739,84.34666,184.91233,100.56567,0
ULOXIC,1.6692,1.8052,2.5718,0.7666,4.0726125,1.1934710000000002,4.669348,3.475877,0.0,0,0,0,3.0,2,4,2,0.0,0,0,0,192.647,84.99600000000001,235.145,150.149,0
ULUFIQ,4.50625,1.0475000000000003,5.03,3.9825,5.194452500000001,0.0244349999999995,5.20667,5.182235,1.0,0,1,1,4.0,0,4,4,1.0,0,1,1,173.761665,11.825330000000008,179.67433,167.849,1
ULUKOE,4.209949999999999,0.1673,4.2936,4.1263,5.129668000000001,2.5579740000000006,6.408655,3.850681,0.5,1,1,0,3.0,4,5,1,0.5,1,1,0,109.339165,108.66033,163.66933,55.009,1
UMIMOS,5e-05,0.0001,0.0001,0.0,5.729066,3.794628,7.62638,3.831752,1.0,2,2,0,4.0,0,4,4,1.0,2,2,0,155.58417,27.62900000000002,169.39867,141.76967,0
UMIMUY,0.00055,0.0007,0.0009,0.0002,5.7237845,3.783923,7.615746,3.831823,1.0,2,2,0,4.0,0,4,4,1.0,2,2,0,129.71717,79.369,169.40167,90.03267,0
UMINAF,0.00665,0.0129,0.0131,0.0002,4.714517000000001,1.7646480000000002,5.596841,3.832193,1.0,2,2,0,4.0,0,4,4,1.0,2,2,0,105.09317,128.595,169.39067,40.79567,0
UMININ,5e-05,0.0001,0.0001,0.0,4.579708999999999,1.4980079999999996,5.328713,3.830705,1.0,2,2,0,4.0,0,4,4,1.0,2,2,0,118.88433,101.124,169.44633,68.32233,0
UMINOT,5e-05,0.0001,0.0001,0.0,5.837960000000001,3.28456,7.48024,4.19568,1.0,2,2,0,3.0,2,4,2,1.0,2,2,0,122.286335,115.36067,179.96667,64.606,0
UMIPIR,1.1826,2.3558,2.3605,0.0047,5.516572,1.2564539999999995,6.144799,4.888345,0.5,1,1,0,4.5,1,5,4,2.0,4,4,0,101.39317,15.709000000000003,109.24767,93.53867,0
UMIQIR,0.0,0.0,0.0,0.0,4.1443665,2.188317,5.238525,3.050208,0.5,1,1,0,3.0,2,4,2,1.0,2,2,0,104.827335,34.06466999999999,121.85967,87.795,0
UMIWET,2.47515,4.2911,4.6207,0.3296,5.562454499999999,0.8513229999999998,5.988116,5.136793,1.0,0,1,1,2.5,1,3,2,2.0,0,2,2,138.72,98.96334,188.20167,89.23833,0
UMUYUX,3.01835,0.8397000000000001,3.4382,2.5985,5.383533,0.0275979999999993,5.397332,5.369734,1.0,0,1,1,2.5,1,3,2,1.0,0,1,1,118.8015,58.96100000000001,148.282,89.321,0
UMUZOR,2.0636,4.1272,4.1272,0.0,5.0028425,2.809977,6.407831,3.597854,0.0,0,0,0,2.5,3,4,1,2.0,4,4,0,160.004885,209.98577,264.99777,55.012,0
UNEBOE,1.03205,2.0635,2.0638,0.0003,4.820797499999999,0.1531770000000003,4.897386,4.744209,2.0,2,3,1,5.0,6,8,2,2.0,4,4,0,158.1895,9.381659999999982,162.88033,153.49867,0
UNECAR,0.00055,0.0007,0.0009,0.0002,4.283188,1.3978959999999998,4.982136,3.58424,2.0,2,3,1,5.0,6,8,2,2.0,4,4,0,163.60217,20.071000000000023,173.63767,153.56667,0
UNECIB,2.0379500000000004,4.0755,4.0757,0.0002,5.8589985,1.4353689999999997,6.576683,5.141314,0.5,1,1,0,2.5,3,4,1,1.0,2,2,0,92.8515,42.46166,114.08233,71.62067,0
UNEFUO,1.1713,2.3408,2.3417,0.0009,6.4002165,2.159965,7.480199,5.320234,0.0,0,0,0,3.0,2,4,2,1.0,2,2,0,93.453335,17.533329999999992,102.22,84.68667,0
UNEGAV,0.00155,0.0002999999999999,0.0017,0.0014,6.468368,2.29443,7.615583,5.321153,0.0,0,0,0,3.0,2,4,2,1.0,2,2,0,100.2515,31.129000000000005,115.816,84.687,0
UNEGEZ,1.56265,3.1241,3.1247,0.0006,6.4717615,2.3026410000000004,7.623082,5.320441,0.0,0,0,0,3.0,2,4,2,1.0,2,2,0,106.736335,44.09733,128.785,84.68767,0
UNEYOB,1.8321,3.6642,3.6642,0.0,4.102584,0.5224200000000003,4.363794,3.841374,1.0,2,2,0,1.5,1,2,1,0.5,1,1,0,140.810665,124.74533,203.18333,78.438,0
UNEYUH,1.83235,3.6647,3.6647,0.0,4.450998,0.1750699999999998,4.538533,4.363463,1.5,1,2,1,1.5,1,2,1,0.5,1,1,0,155.094,96.178,203.183,107.005,0
UNEZAO01,3.867,0.4065999999999996,4.0703,3.6637,4.997349,1.2677560000000003,5.631227,4.363471,1.5,1,2,1,2.0,2,3,1,1.0,0,1,1,160.057165,86.25567000000001,203.185,116.92933,0
UNEZES,4.3566,1.3856000000000002,5.0494,3.6638,4.8848400000000005,1.0432899999999998,5.406485,4.363195,1.5,1,2,1,1.5,1,2,1,1.0,0,1,1,146.47066999999998,113.434,203.18767,89.75367,0
UNEZIW,2.73275,1.8627,3.6641,1.8014,5.995505,3.26466,7.627835,4.363175,1.0,2,2,0,1.5,1,2,1,1.0,0,1,1,118.967335,168.44267,203.18867,34.746,0
UNEZOC,2.60815,2.1089,3.6626,1.5537,6.017066,3.3069800000000003,7.670556,4.363576,1.0,2,2,0,1.5,1,2,1,1.0,0,1,1,113.0245,180.31966,203.18433,22.86467,0
UNEZUI,2.82715,1.6743,3.6643,1.99,5.872170000000001,3.016438,7.380389,4.363951,1.0,2,2,0,1.5,1,2,1,1.0,0,1,1,130.918,144.518,203.177,58.659,0
UNIBOI,3.81695,0.3077000000000001,3.9708,3.6631,5.810711,2.89426,7.257841,4.363581,1.0,2,2,0,1.0,0,1,1,1.0,0,1,1,115.735165,174.89567,203.183,28.28733,0
UNIRIT,2.1852,4.369999999999999,4.3702,0.0002,7.1975005,0.5656410000000003,7.480321,6.91468,0.0,0,0,0,2.5,3,4,1,2.0,0,2,2,50.69383,27.825000000000003,64.60633,36.78133,0
UNISOA,5.136,2.5090000000000003,6.3905,3.8815,5.1005375,0.1739329999999999,5.187504,5.013571,0.5,1,1,0,4.5,1,5,4,1.0,2,2,0,119.56733,27.930000000000007,133.53233,105.60233,0
UNITAN,4.1622,0.4981999999999997,4.4113,3.9131,5.0101125,0.0333070000000006,5.026766,4.993459,0.5,1,1,0,5.0,2,6,4,1.5,3,3,0,133.3925,0.2403400000000033,133.51267,133.27233,0
UNOZIJ,2.3425,1.8618,3.2734,1.4116,5.9466245,2.397671,7.14546,4.747789,1.5,3,3,0,2.0,0,2,2,0.5,1,1,0,116.0275,95.52566000000002,163.79033,68.26467,0
UNUNID,0.87955,1.7591,1.7591,0.0,4.945669499999999,2.722395,6.306867,3.584472,1.5,3,3,0,2.0,0,2,2,0.5,1,1,0,108.86133,129.556,173.63933,44.08333,0
UNUNOJ,0.70565,1.4113,1.4113,0.0,6.216183,1.8585999999999991,7.145483,5.286883,0.5,1,1,0,2.0,0,2,2,0.5,1,1,0,63.763835,9.001669999999997,68.26467,59.263,0
UPAVUE,0.0,0.0,0.0,0.0,3.2754705,1.7453850000000002,4.148163,2.402778,1.0,2,2,0,4.0,0,4,4,0.0,0,0,0,253.048665,21.86133000000001,263.97933,242.118,0
UPEDUQ,1.787,3.574,3.574,0.0,6.2597045,2.712433,7.615921,4.903488,1.0,2,2,0,4.5,1,5,4,2.0,0,2,2,137.384835,94.70167,184.73567,90.034,0
UPOQEW,1.17425,2.3473,2.3479,0.0006,5.681413,0.7036239999999996,6.033225,5.329601,0.5,1,1,0,5.5,3,7,4,1.5,1,2,1,131.1075,125.57699999999998,193.896,68.319,0
UPOQIA,2.32525,0.0514999999999998,2.351,2.2995,6.7175845,1.3694229999999994,7.402296,6.032873,0.5,1,1,0,5.5,3,7,4,1.5,1,2,1,135.364,117.07666,193.90233,76.82567,0
UQEKAF,3.8864,1.4355999999999995,4.6042,3.1686,6.5029135,2.244009,7.624918,5.380909,0.5,1,1,0,3.0,0,3,3,2.0,0,2,2,69.699,60.02199999999999,99.71,39.688,0
URAKOO,5.08285,1.9551,6.0604,4.1053,5.826733,1.85563,6.754548,4.898918,1.0,2,2,0,2.5,3,4,1,1.0,2,2,0,134.61433499999998,163.42866999999998,216.32867,52.9,0
UREXPO11,2.66015,2.0809,3.7006,1.6197,7.227995,0.4620859999999993,7.459038,6.996952,0.0,0,0,0,1.5,1,2,1,2.0,0,2,2,26.022170000000003,21.015,36.52967,15.51467,0
URIRAR,5.294,2.3346,6.4613,4.1267,5.381901,2.0532380000000003,6.40852,4.355282,1.0,2,2,0,3.0,4,5,1,1.0,2,2,0,149.540165,189.04967,244.065,55.01533,0
URMALN,4.3748000000000005,1.348,5.0488,3.7008,6.777475,0.4361499999999996,6.99555,6.5594,0.0,0,0,0,2.5,3,4,1,2.0,0,2,2,44.589,16.116659999999996,52.64733,36.53067,0
UROHOZ,3.17115,1.9121,4.1272,2.2151,5.695808,1.4249,6.408258,4.983358,0.5,1,1,0,3.5,5,6,1,1.0,2,2,0,113.49783,116.967,171.98133,55.01433,0
UROHUF,2.99675,2.2589,4.1262,1.8673,5.1879605,2.4402410000000003,6.408081,3.96784,1.0,2,2,0,3.5,5,6,1,1.0,2,2,0,138.9615,167.88966,222.90633,55.01667,0
URPRBN10,3.32155,1.9645,4.3038,2.3393,6.005205999999999,1.7234059999999998,6.866909,5.143503,0.0,0,0,0,2.0,2,3,1,2.0,0,2,2,48.774335,24.20733,60.878,36.67067,0
URUDER,2.8544,1.6672000000000002,3.688,2.0208,5.0941905,0.6355729999999999,5.411977,4.776404,1.0,0,1,1,3.5,1,4,3,2.5,1,3,2,106.354335,13.648669999999996,113.17867,99.53,1
URUGIY,3.81225,0.2482999999999999,3.9364,3.6881,4.7976125,0.0431889999999999,4.819207,4.776018,1.0,0,1,1,3.5,1,4,3,2.0,2,3,1,99.1505,28.06366,113.18233,85.11867,0
USAKEF,1.27475,2.5489,2.5492,0.0003,5.4959105,0.3070210000000006,5.649421,5.3424,1.5,1,2,1,2.5,1,3,2,1.5,3,3,0,115.929665,33.46267,132.661,99.19833,0
USAKIJ,3.00955,0.9207,3.4699,2.5492,5.205648500000001,0.887937,5.649617,4.76168,2.0,2,3,1,2.5,1,3,2,1.5,3,3,0,130.88283,63.369,162.56733,99.19833,0
USAKOP,1.2755,2.5484,2.5497,0.0013,4.617014,2.064808,5.649418,3.58461,2.0,2,3,1,2.5,1,3,2,1.5,3,3,0,136.416335,74.43732999999999,173.635,99.19767,0
USOBOU,2.3919,0.6139999999999999,2.6989,2.0849,5.4765875,0.0336789999999993,5.493427,5.459748,1.0,0,1,1,2.0,0,2,2,0.5,1,1,0,93.899,24.26400000000001,106.031,81.767,0
UTAQUE,3.06435,1.3018999999999998,3.7153,2.4134,6.6133285,4.206396999999999,8.716527,4.51013,1.0,2,2,0,2.0,2,3,1,0.5,1,1,0,101.730835,105.74633,154.604,48.85767,0
UTEJAG,1.68935,3.3787,3.3787,0.0,6.325575,0.925122,6.788136,5.863014,0.0,0,0,0,7.0,6,10,4,1.5,1,2,1,73.957,39.58734,93.75067,54.16333,0
UTOBIP,3.72005,0.8132999999999995,4.1267,3.3134,4.9831775,2.850255,6.408305,3.55805,0.5,1,1,0,3.5,5,6,1,1.0,2,2,0,139.732335,169.43932999999998,224.452,55.01267,0
UVIMES,2.87795,1.9629,3.8594,1.8965,5.9260755,1.8868730000000005,6.869512,4.982639,0.0,0,0,0,4.0,0,4,4,1.0,2,2,0,114.18233,38.60999999999999,133.48733,94.87733,0
UVOHOF,2.8211,2.1820000000000004,3.9121,1.7301,4.9785135,0.0959029999999998,5.026465,4.930562,1.0,2,2,0,4.0,0,4,4,1.0,2,2,0,166.85933,66.68400000000003,200.20133,133.51733,0
UWEYON,3.6809,0.7847999999999997,4.0733,3.2885,5.0402635,1.1803550000000005,5.630441,4.450086,1.0,0,1,1,3.5,1,4,3,1.5,1,2,1,104.985165,23.88967000000001,116.93,93.04033,0
UWUHEC,5.8248500000000005,11.6485,11.6491,0.0006,5.3754865,3.148483,6.949728,3.801245,0.5,1,1,0,3.0,2,4,2,1.0,2,2,0,176.607665,237.81733,295.51633,57.699,1
UXACAZ,3.1619,2.7392000000000003,4.5315,1.7923,3.7138355,0.942167,4.184919,3.242752,1.0,2,2,0,3.0,2,4,2,0.0,0,0,0,180.016665,68.65333000000001,214.34333,145.69,0
UXAWAU,3.1506,1.9356000000000004,4.1184,2.1828,5.2183935,0.834765,5.635776,4.801011,1.0,0,1,1,3.5,3,5,2,2.0,2,3,1,121.323165,60.94033,151.79333,90.853,0
UXOBEP,2.08995,0.8535000000000001,2.5167,1.6632,6.738179499999999,1.790439,7.633399,5.84296,0.5,1,1,0,3.0,2,4,2,1.0,0,1,1,94.04733,58.404,123.24933,64.84533,0
UXOBIT,1.963,0.6026,2.2643,1.6617,6.838929,1.593642,7.63575,6.042108,0.5,1,1,0,3.5,3,5,2,1.5,1,2,1,87.28333,20.260000000000005,97.41333,77.15333,1
UYAZEA,0.44755,0.8949,0.895,0.0001,6.3146555,2.624207,7.626759,5.002552,0.5,1,1,0,4.0,0,4,4,1.5,1,2,1,142.899,2.2626599999999826,144.03033,141.76767,0
UZUFON,1.96155,3.9001,3.9116,0.0115,5.3984805,1.486313,6.141637,4.655324,0.5,1,1,0,3.0,2,4,2,0.0,0,0,0,112.866,38.62066,132.17633,93.55567,1
UZUYIZ01,1.2892,1.2102,1.8943,0.6841,5.0111095,2.1108829999999994,6.066551,3.955668,1.5,1,2,1,2.0,2,3,1,1.0,2,2,0,144.56383499999998,133.03432999999998,211.081,78.04667,0
UZUYIZ,1.28955,1.2093000000000005,1.8942,0.6849,5.0106705,2.111209,6.066275,3.955066,1.5,1,2,1,2.0,2,3,1,1.0,2,2,0,144.569665,133.04533,211.09233,78.047,0
UZUYUL,1.99515,1.0933,2.5418,1.4485,5.104377,1.8488440000000008,6.028799,4.179955,1.5,1,2,1,2.0,2,3,1,1.0,2,2,0,141.23933499999998,127.14467,204.81167,77.667,0
UZUZAS,1.7639,0.6303999999999998,2.0791,1.4487,5.017853000000001,1.676374,5.85604,4.179666,1.5,1,2,1,2.0,2,3,1,1.0,2,2,0,142.308,125.008,204.812,79.804,0
UZUZEW,2.12245,1.3493,2.7971,1.4478,5.173034,1.9870259999999995,6.166547,4.179521,1.5,1,2,1,2.0,2,3,1,1.0,2,2,0,141.2045,127.21500000000002,204.812,77.597,0
UZUZIA,2.151,0.5138000000000003,2.4079,1.8941,5.02766,2.077902,6.066611,3.988709,1.5,1,2,1,2.0,2,3,1,1.0,2,2,0,146.19566500000002,136.29533,214.34333,78.048,0
VABVOL,1.0913,2.1826,2.1826,0.0,4.901263999999999,1.4689360000000002,5.635732,4.166796,1.5,1,2,1,3.0,2,4,2,0.5,1,1,0,151.503165,121.30232999999998,212.15433,90.852,0
VACBEJ,3.7041,7.4082,7.4082,0.0,5.1592735,0.0045549999999998,5.161551,5.156996,2.0,0,2,2,4.5,5,7,2,1.0,2,2,0,177.35500000000002,85.48866000000001,220.09933,134.61067,0
VACBIN,3.2862500000000003,6.5721,6.5723,0.0002,5.233888,0.2171240000000001,5.34245,5.125326,2.0,0,2,2,4.5,5,7,2,1.0,2,2,0,176.157835,87.00367,219.65967,132.656,0
VAFWOP,0.18775,0.3708999999999999,0.3732,0.0023,2.9529715000000003,0.8830649999999998,3.394504,2.511439,0.0,0,0,0,6.0,4,8,4,0.0,0,0,0,249.502,41.50799999999998,270.256,228.748,1
VAFWUV,0.1874,0.3738,0.3743,0.0005,2.973061,0.843242,3.394682,2.55144,0.0,0,0,0,7.0,2,8,6,0.0,0,0,0,267.2215,6.0603399999999965,270.25167,264.19133,0
VAGHIY,4.0186,8.0372,8.0372,0.0,6.3276015,1.246131,6.950667,5.704536,0.0,0,0,0,5.0,6,8,2,0.0,0,0,0,111.698665,108.01333,165.70533,57.692,0
VAGSEE,2.2252,4.4504,4.4504,0.0,6.066531,2.962808,7.547935,4.585127,1.5,3,3,0,4.0,0,4,4,1.0,2,2,0,188.13517,198.345,287.30767,88.96267,0
VAJPOO,1.28275,2.5655,2.5655,0.0,4.7780425,0.7662909999999998,5.161188,4.394897,2.0,0,2,2,2.5,1,3,2,1.0,2,2,0,144.780665,20.35667000000001,154.959,134.60233,0
VAKTOR01,3.4119,0.0516,3.4377,3.3861,5.3215255,0.0965950000000006,5.369823,5.273228,1.0,0,1,1,2.5,1,3,2,1.5,1,2,1,93.87917,9.119,98.43867,89.31967,0
VAKTOR,3.41175,0.0514999999999998,3.4375,3.386,5.3211485,0.0971330000000003,5.369715,5.272582,1.0,0,1,1,2.5,1,3,2,1.5,1,2,1,93.878,9.116659999999996,98.43633,89.31967,0
VAKTOS01,3.0663,5.1080000000000005,5.6203,0.5123,6.216564999999999,1.7938520000000002,7.113491,5.319639,0.5,1,1,0,3.0,2,4,2,1.5,1,2,1,102.192665,51.53466999999999,127.96,76.42533,0
VAKTOS,3.92955,3.3823000000000003,5.6207,2.2384,6.297125,1.955508,7.274879,5.319371,0.5,1,1,0,3.0,2,4,2,1.5,1,2,1,102.290835,51.34233,127.962,76.61967,0
VAKTUX,2.83205,1.2115,3.4378,2.2263,5.589332,0.4387720000000001,5.808718,5.369946,1.0,0,1,1,2.0,0,2,2,1.5,1,2,1,85.18,8.281999999999996,89.321,81.039,0
VAKVEJ,2.9837,0.9072,3.4373,2.5301,5.6037555,0.467403,5.837457,5.370054,1.0,0,1,1,2.5,1,3,2,2.0,2,3,1,87.96733499999999,2.7026699999999977,89.31867,86.616,0
VAKVIN,1.71905,3.4381,3.4381,0.0,5.2625385,0.2148450000000004,5.369961,5.155116,1.0,0,1,1,2.0,0,2,2,1.5,1,2,1,84.993165,8.658329999999992,89.32233,80.664,0
VAPFEX,2.2478,0.6454,2.5705,1.9251,4.887193,0.819286,5.296836,4.47755,1.0,0,1,1,3.0,0,3,3,1.5,1,2,1,112.645165,18.35767,121.824,103.46633,0
VATTIV,2.2788500000000003,0.9875000000000004,2.7726,1.7851,5.2288365,0.7549150000000004,5.606294,4.851379,1.5,1,2,1,3.5,5,6,1,1.5,3,3,0,132.480665,3.2313299999999856,134.09633,130.865,0
VATXOF,1.84395,3.6879,3.6879,0.0,5.401087,1.2491340000000006,6.025654,4.77652,1.5,1,2,1,3.0,2,4,2,1.5,3,3,0,133.799835,41.24432999999999,154.422,113.17767,0
VAWKEK,2.7178,2.3246,3.8801,1.5555,6.3406415,2.657077,7.66918,5.012103,0.0,0,0,0,3.0,2,4,2,0.5,1,1,0,78.2,110.66466,133.53233,22.86767,0
VAWKIO,2.8544,2.1100000000000003,3.9094,1.7994,6.330118000000001,2.601264,7.63075,5.029486,0.0,0,0,0,3.0,2,4,2,0.5,1,1,0,84.11183,98.743,133.48333,34.74033,0
VAXHIN,0.5712499999999999,1.1375,1.14,0.0025,5.651163,2.122398,6.712362,4.589964,1.5,1,2,1,5.5,1,6,5,2.5,1,3,2,165.769835,153.15567,242.34767,89.192,0
VAXRAP,2.29485,4.5897,4.5897,0.0,5.053731,1.717594,5.912528,4.194934,1.5,1,2,1,3.0,2,4,2,0.5,1,1,0,148.83382999999998,13.582999999999998,155.62533,142.04233,0
VAXVOH,0.0002,0.0004,0.0004,0.0,5.3076735,0.0442529999999994,5.3298,5.285547,0.5,1,1,0,3.0,2,4,2,1.0,2,2,0,63.79533,9.049999999999995,68.32033,59.27033,0
VAXVUN01,1.6781,3.3562,3.3562,0.0,5.349242,0.1267659999999999,5.412625,5.285859,1.0,0,1,1,3.0,2,4,2,1.0,2,2,0,84.65066999999999,50.776,110.03867,59.26267,0
VAXWAU,0.0,0.0,0.0,0.0,6.382458,2.191694,7.478305,5.286611,0.5,1,1,0,3.0,2,4,2,1.0,2,2,0,61.93583,5.338999999999992,64.60533,59.26633,0
VEBZAH,0.0,0.0,0.0,0.0,4.5842925,0.2105230000000002,4.689554,4.479031,1.0,0,1,1,4.0,4,6,2,0.0,0,0,0,143.36950000000002,17.001000000000005,151.87,134.869,0
VECVEH,3.1536,3.0916,4.6994,1.6078,5.078961,0.6985160000000006,5.428219,4.729703,1.5,1,2,1,4.0,2,5,3,2.0,0,2,2,173.25150000000002,20.41234,183.45767,163.04533,1
VEDLOI,1.4056000000000002,2.8102,2.8107,0.0005,6.8865105,1.457699,7.61536,6.157661,0.0,0,0,0,4.0,0,4,4,1.0,2,2,0,111.695335,8.241330000000005,115.816,107.57467,0
VEFVIM,0.8152,1.6218,1.6261,0.0043,5.305524,1.2164920000000006,5.91377,4.697278,1.5,1,2,1,3.0,2,4,2,1.5,3,3,0,129.228,52.816,155.636,102.82,0
VEFWAF,1.13145,2.2615,2.2622,0.0007,5.057544,0.5688359999999992,5.341962,4.773126,1.5,1,2,1,3.0,2,4,2,1.5,3,3,0,130.73583,3.86099999999999,132.66633,128.80533,0
VEGHOH,2.9081,1.7734,3.7948,2.0214,4.952135,0.9205439999999996,5.412407,4.491863,1.0,0,1,1,5.5,5,8,3,3.0,2,4,2,127.070665,55.08266999999999,154.612,99.52933,0
VEGHUN,4.3406,0.5270000000000001,4.6041,4.0771,4.958159,0.8457039999999996,5.381011,4.535307,1.5,1,2,1,4.5,3,6,3,2.0,0,2,2,141.858835,84.29567000000002,184.00667,99.711,0
VEJQAG,1.01425,0.8072999999999999,1.4179,0.6106,5.424163500000001,0.3449949999999999,5.596661,5.251666,1.0,0,1,1,2.5,1,3,2,1.0,0,1,1,81.39667,20.338,91.56567,71.22767,0
VEJQEK,1.00905,0.7947000000000001,1.4064,0.6117,5.2208755,0.0612049999999992,5.251478,5.190273,1.0,0,1,1,2.5,1,3,2,1.0,0,1,1,94.2645,46.08234,117.30567,71.22333,0
VEJXAJ,2.16225,4.3245,4.3245,0.0,7.168172500000001,0.6223549999999998,7.47935,6.856995,0.0,0,0,0,2.5,3,4,1,2.0,0,2,2,50.638665,27.93667,64.607,36.67033,0
VEJYUH,5.29445,10.5889,10.5889,0.0,5.123669,0.0746600000000006,5.160999,5.086339,1.5,1,2,1,3.5,3,5,2,1.0,2,2,0,156.974,44.726,179.337,134.611,0
VEJZAO,4.428599999999999,1.4798,5.1685,3.6887,5.429928,0.6463659999999996,5.753111,5.106745,1.0,0,1,1,3.0,4,5,1,1.5,1,2,1,137.193835,83.35433,178.871,95.51667,0
VEJZIW,5.88465,5.9293,8.8493,2.92,5.535347,0.8678860000000004,5.96929,5.101404,1.5,1,2,1,3.5,3,5,2,1.0,2,2,0,172.176,13.215339999999998,178.78367,165.56833,0
VEJZOC,4.4229,8.84,8.8429,0.0029,4.6481335,0.905849,5.101058,4.195209,1.5,1,2,1,3.5,3,5,2,1.0,2,2,0,179.384165,1.1843299999999886,179.97633,178.792,0
VEJZUI,6.52115,5.713100000000001,9.3777,3.6646,4.730528,0.733346,5.097201,4.363855,1.5,1,2,1,3.0,4,5,1,1.5,1,2,1,191.0055,24.35033999999999,203.18067,178.83033,1
VEKBAR,5.29885,10.5777,10.5877,0.01,5.614378,1.057964,6.14336,5.085396,0.5,1,1,0,4.5,1,5,4,1.0,2,2,0,136.43867,85.80399999999999,179.34067,93.53667,0
VEKBEV,6.1438500000000005,5.4119,8.8498,3.4379,5.2357075,0.2684429999999995,5.369929,5.101486,1.0,0,1,1,3.5,3,5,2,1.5,1,2,1,134.05283,89.46499999999999,178.78533,89.32033,0
VEKPOR,6.3721,4.4906,8.6174,4.1268,5.831165,1.1543520000000005,6.408341,5.253989,0.0,0,0,0,3.5,5,6,1,0.5,1,1,0,101.083835,92.14567,147.15667,55.011,0
VELVIU,3.6475,0.5282,3.9116,3.3834,4.69065,0.0693580000000002,4.725329,4.655971,1.5,1,2,1,2.0,0,2,2,0.0,0,0,0,142.26583,20.18100000000001,152.35633,132.17533,0
VELVOA,2.90325,2.0181,3.9123,1.8942,5.361155,1.4113860000000005,6.066848,4.655462,1.0,0,1,1,1.5,1,2,1,0.0,0,0,0,105.113835,54.13233000000001,132.18,78.04767,0
VELVUG,2.988,1.8482000000000005,3.9121,2.0639,5.193942,1.076676,5.73228,4.655604,1.0,0,1,1,1.5,1,2,1,0.0,0,0,0,110.052165,44.26033000000001,132.18233,87.922,0
VELWAN,2.13865,3.5469,3.9121,0.3652,5.062452,0.8136300000000007,5.469267,4.655637,1.0,0,1,1,2.5,1,3,2,0.0,0,0,0,115.33583,33.691,132.18133,98.49033,0
VELWER,2.9986,1.8272,3.9122,2.085,4.726397499999999,0.142703,4.797749,4.655046,1.5,1,2,1,1.5,1,2,1,0.0,0,0,0,123.705335,16.948669999999993,132.17967,115.231,0
VELWOB,1.95605,3.9121,3.9121,0.0,4.908287,0.5054480000000003,5.161011,4.655563,1.5,1,2,1,2.0,0,2,2,0.0,0,0,0,133.39666499999998,2.4326700000000017,134.613,132.18033,0
VELWUH,2.9501,1.9234,3.9118,1.9884,5.3027145,1.2943430000000005,5.949886,4.655543,1.0,0,1,1,1.5,1,2,1,0.0,0,0,0,119.11,26.136,132.178,106.042,0
VELXAO,1.95755,3.9101,3.9126,0.0025,4.986702,0.6625820000000004,5.317993,4.655411,0.5,1,1,0,2.0,0,2,2,0.0,0,0,0,108.428665,47.50067,132.179,84.67833,0
VELXES,3.31515,1.1931000000000005,3.9117,2.7186,5.25558,1.1999940000000002,5.855577,4.655583,1.0,0,1,1,1.5,1,2,1,0.0,0,0,0,111.818335,40.71933,132.178,91.45867,0
VELXIW,3.22685,1.3705000000000005,3.9121,2.5416,5.3421135,1.3726950000000002,6.028461,4.655766,1.0,0,1,1,1.5,1,2,1,0.0,0,0,0,104.924,54.51065999999999,132.17933,77.66867,0
VEMKON,2.3031,3.6476,4.1269,0.4793,7.402881499999999,1.9892150000000008,8.397489,6.408274,0.0,0,0,0,2.5,3,4,1,0.5,1,1,0,71.85783,33.687,88.70133,55.01433,0
VEMZIX,2.0623,0.9582,2.5414,1.5832,4.5425465,0.0549229999999996,4.570008,4.515085,2.0,0,2,2,3.5,3,5,2,1.0,2,2,0,161.471,51.85334,187.39767,135.54433,0
VESYUQ,3.12615,0.6219000000000001,3.4371,2.8152,4.9896665,0.759627,5.36948,4.609853,1.0,0,1,1,2.5,1,3,2,1.0,0,1,1,101.89517,25.14700000000001,114.46867,89.32167,0
VESZAX,2.5845,1.7052,3.4371,1.7319,5.125151,0.4895899999999997,5.369946,4.880356,1.0,0,1,1,3.0,2,4,2,1.5,1,2,1,103.439665,28.23532999999999,117.55733,89.322,0
VESZEB,0.86795,1.7305,1.7332,0.0027,5.512759,1.264692,6.145105,4.880413,0.5,1,1,0,4.0,0,4,4,1.0,2,2,0,105.54967,24.010000000000005,117.55467,93.54467,0
VESZIF,0.8659,1.7318,1.7318,0.0,4.2322125,1.296465,4.880445,3.58398,2.0,2,3,1,3.0,2,4,2,1.0,2,2,0,145.601,56.08734,173.64467,117.55733,0
VEVFUZ,1.149,2.298,2.298,0.0,3.4301115,1.835935,4.348079,2.512144,1.0,2,2,0,4.0,0,4,4,0.5,1,1,0,234.862665,12.282669999999996,241.004,228.72133,0
VEVYOM,1.96995,0.3199000000000001,2.1299,1.81,6.1997015,2.430523,7.414963,4.98444,1.0,2,2,0,4.0,4,6,2,1.5,1,2,1,129.981665,38.33067,149.147,110.81633,0
VEVZIH,2.6051,1.8842,3.5472,1.663,6.389593,2.4890820000000007,7.634134,5.145052,1.0,2,2,0,4.0,4,6,2,1.5,1,2,1,136.09633000000002,25.698000000000008,148.94533,123.24733,0
VEVZON,1.6187,0.2471999999999998,1.7423,1.4951,6.288124,2.586612,7.58143,4.994818,1.0,2,2,0,4.0,4,6,2,1.5,1,2,1,135.81717,26.618999999999986,149.12667,122.50767,0
VIBSAE,4.1844,0.1142000000000003,4.2415,4.1273,4.91571,2.984434,6.407927,3.423493,1.0,2,2,0,3.0,4,5,1,1.5,3,3,0,153.106665,196.18733,251.20033,55.013,0
VIBYOX,2.2715,2.004,3.2735,1.2695,5.2726245,1.049621,5.797435,4.747814,2.0,2,3,1,1.5,1,2,1,0.5,1,1,0,119.5005,88.581,163.791,75.21,0
VIDHOG,2.2896,4.5792,4.5792,0.0,5.9984035,0.001665,5.999236,5.997571,0.5,1,1,0,2.5,1,3,2,1.0,2,2,0,106.082335,12.321329999999987,112.243,99.92167,0
VIDNEC,6.485849999999999,4.719499999999999,8.8456,4.1261,5.7548395,1.3071970000000004,6.408438,5.101241,0.5,1,1,0,3.0,4,5,1,1.0,2,2,0,116.90283,123.781,178.79333,55.01233,0
VIDPOO,2.4533,3.304,4.1053,0.8013,5.5981905,2.312659,6.75452,4.441861,0.5,1,1,0,1.5,1,2,1,0.5,1,1,0,112.062665,118.32467,171.225,52.90033,0
VIGDAR01,6.7101,3.3208,8.3705,5.0497,5.1034135,0.6069750000000003,5.406901,4.799926,1.5,1,2,1,3.0,2,4,2,1.0,0,1,1,178.56766499999998,177.63066999999998,267.383,89.75233,0
VIGFAT,0.72865,1.3639,1.4106,0.0467,4.535101,2.866904,5.968553,3.101649,1.0,2,2,0,3.5,1,4,3,2.0,0,2,2,101.520335,57.74666999999998,130.39367,72.647,0
VIGFIB,0.02345,0.0469,0.0469,0.0,4.840102,2.256816,5.96851,3.711694,0.5,1,1,0,3.5,1,4,3,2.0,0,2,2,77.32183,9.349000000000004,81.99633,72.64733,0
VIGFUO01,0.72905,1.4581,1.4581,0.0,5.5909835,0.8706370000000003,6.026302,5.155665,1.0,2,2,0,3.0,2,4,2,1.0,2,2,0,127.7845,53.265,154.417,101.152,0
VIGGIC,1.45885,2.9177,2.9177,0.0,4.548751,1.6762780000000004,5.38689,3.710612,1.0,0,1,1,3.0,2,4,2,2.0,0,2,2,92.35633,20.72399999999999,102.71833,81.99433,0
VIGGOI,2.53735,2.2537000000000003,3.6642,1.4105,3.732926,1.2619980000000002,4.363925,3.101927,2.0,0,2,2,2.5,3,4,1,1.5,1,2,1,166.784165,72.79232999999999,203.18033,130.388,0
VIGNII,4.393549999999999,2.1057,5.4464,3.3407,6.321540000000001,2.6760580000000003,7.659569,4.983511,0.5,1,1,0,3.0,2,4,2,1.5,3,3,0,96.558,114.56466,153.84033,39.27567,0
VIJTIR,0.80145,1.6011000000000002,1.602,0.0009,6.138795,0.0136760000000002,6.145633,6.131957,0.5,1,1,0,3.0,2,4,2,0.5,1,1,0,97.437,7.789999999999992,101.332,93.542,0
VIKSOZ,3.09755,1.7691,3.9821,2.213,4.505425,0.3540039999999997,4.682427,4.328423,1.5,1,2,1,3.5,1,4,3,1.0,0,1,1,170.368165,15.160329999999988,177.94833,162.788,1
VILRUE,2.28635,1.1102999999999998,2.8415,1.7312,4.5863495,0.4606750000000001,4.816687,4.356012,1.5,1,2,1,4.0,2,5,3,1.0,2,2,0,172.06483500000002,56.08567000000002,200.10767,144.022,1
VILSEP,2.47335,0.7883,2.8675,2.0792,5.017126,0.5038900000000002,5.269071,4.765181,1.5,1,2,1,3.0,0,3,3,1.0,2,2,0,149.31717,101.799,200.21667,98.41767,0
VILSIT,2.2807500000000003,1.6919,3.1267,1.4348,4.477502,0.4798939999999998,4.717449,4.237555,1.5,1,2,1,3.0,0,3,3,0.5,1,1,0,173.3055,53.07900000000001,199.845,146.766,0
VIMJAF,2.9377,5.8752,5.8753,0.0001,5.9318125,1.3118570000000007,6.587741,5.275884,1.0,0,1,1,1.5,3,3,0,1.0,2,2,0,108.96533,79.07,148.50033,69.43033,0
VIPXOJ,3.6532,7.304399999999999,7.3054,0.001,5.127865,0.3854620000000004,5.320596,4.935134,1.0,2,2,0,3.5,3,5,2,1.0,2,2,0,147.34967,125.322,210.01067,84.68867,0
VIPXUP,0.6564,1.3128,1.3128,0.0,5.2090125,1.6349590000000005,6.026492,4.391533,1.5,1,2,1,2.5,1,3,2,1.0,2,2,0,129.286335,50.22067,154.39667,104.176,0
VIPYAX,2.2427,4.4848,4.4851,0.0003,5.0182845,3.932791,6.98468,3.051889,0.0,0,0,0,2.5,3,4,1,2.0,0,2,2,88.560165,66.57833,121.84933,55.271,0
VIPYEB,1.3313,2.6526,2.6576,0.005,4.9745205,3.845623,6.897332,3.051709,0.0,0,0,0,3.0,2,4,2,2.0,0,2,2,89.69217,64.335,121.85967,57.52467,0
VIRKIU,2.38335,1.0541,2.9104,1.8563,5.110091000000001,0.7981340000000001,5.509158,4.711024,0.5,1,1,0,2.0,0,2,2,1.0,0,1,1,94.191665,9.037329999999995,98.71033,89.673,0
VITKEP,2.6242,2.4118,3.8301,1.4183,4.6635145,0.4221149999999998,4.874572,4.452457,1.5,1,2,1,2.5,1,3,2,0.5,1,1,0,148.4235,80.70366,188.77533,108.07167,0
VITKIT,2.36045,2.9409,3.8309,0.89,4.567338,0.2302240000000006,4.68245,4.452226,1.5,1,2,1,2.5,1,3,2,0.5,1,1,0,161.75233,54.048,188.77633,134.72833,0
VIVZIJ,1.59725,3.1943,3.1944,0.0001,5.2922255,0.2780629999999995,5.431257,5.153194,1.0,0,1,1,2.0,0,2,2,1.5,1,2,1,115.884165,70.45832999999999,151.11333,80.655,0
VIVZOP,2.9944,0.7822,3.3855,2.6033,5.8077275,1.0688909999999998,6.342173,5.273282,0.5,1,1,0,2.5,1,3,2,1.5,1,2,1,82.36517,32.143,98.43667,66.29367,0
VIVZUV,3.68425,2.1597,4.7641,2.6044,5.86737,0.9486480000000004,6.341694,5.393046,0.5,1,1,0,2.0,0,2,2,1.5,1,2,1,84.49617,36.401,102.69667,66.29567,0
VIWBAE,3.76045,0.4827000000000003,4.0018,3.5191,5.6854255,0.4821989999999996,5.926525,5.444326,2.0,2,3,1,1.5,1,2,1,0.5,1,1,0,180.898165,111.38367,236.59,125.20633,0
VIWBEI,3.64745,0.7121,4.0035,3.2914,5.686143,0.4804819999999994,5.926384,5.445902,2.0,2,3,1,1.5,1,2,1,0.5,1,1,0,187.3615,98.453,236.588,138.135,0
VIWBIM,5.17535,2.3457,6.3482,4.0025,5.4339955,0.983283,5.925637,4.942354,2.5,1,3,2,1.5,1,2,1,0.5,1,1,0,210.751835,51.66233,236.583,184.92067,0
VOCZET,1.5379999999999998,1.2899999999999998,2.183,0.893,5.4746185,0.3225049999999996,5.635871,5.313366,1.0,0,1,1,2.5,1,3,2,1.0,0,1,1,95.082335,8.46333,99.314,90.85067,0
VODTUD,0.6559,1.3118,1.3118,0.0,5.168125,2.8384700000000005,6.58736,3.74889,1.0,0,1,1,1.0,2,2,0,0.0,0,0,0,135.1795,131.52166,200.94033,69.41867,0
VODWIV,2.06395,4.1265,4.1272,0.0007,4.93105,2.954058,6.408079,3.454021,0.0,0,0,0,8.5,15,16,1,2.0,4,4,0,114.581665,119.13933,174.15133,55.012,0
VOHMEL,1.86025,3.7205,3.7205,0.0,5.424418,3.051858,6.950347,3.898489,0.5,1,1,0,2.0,0,2,2,0.5,1,1,0,107.640835,99.88433,157.583,57.69867,0
VOHMIP,2.85775,1.1715,3.4435,2.272,4.9589075,2.277371,6.097593,3.820222,1.0,0,1,1,1.5,1,2,1,0.5,1,1,0,109.06233,90.114,154.11933,64.00533,0
VOJKIR,2.3633,2.1486,3.4376,1.289,5.147618,0.4449080000000007,5.370072,4.925164,1.0,0,1,1,3.5,3,5,2,1.5,1,2,1,110.232665,41.82467000000001,131.145,89.32033,0
VOJKOX,3.79785,0.2290999999999998,3.9124,3.6833,4.923002500000001,0.2075409999999999,5.026773,4.819232,1.0,2,2,0,5.0,2,6,4,1.0,2,2,0,169.42016999999998,71.80699999999999,205.32367,133.51667,0
VORLOE,1.2891,0.6664000000000001,1.6223,0.9559,5.4272655,0.2536529999999999,5.554092,5.300439,1.5,1,2,1,4.0,0,4,4,1.0,2,2,0,145.57583499999998,66.20966999999999,178.68067,112.471,0
VUGMIT,4.739599999999999,5.1362,7.3077,2.1715,5.134661,0.3997140000000003,5.334518,4.934804,1.5,1,2,1,4.5,1,5,4,1.5,1,2,1,166.174835,87.64233000000002,209.996,122.35367,0
VUGMOZ,5.4985,3.6188,7.3079,3.6891,4.8552075,0.1582129999999999,4.934314,4.776101,1.5,1,2,1,4.5,1,5,4,2.5,1,3,2,161.59617,96.821,210.00667,113.18567,0
VUHFIO01,4.8456,1.5488,5.62,4.0712,5.475362,0.31095,5.630837,5.319887,1.0,0,1,1,2.5,1,3,2,1.0,0,1,1,122.442,11.03134,127.95767,116.92633,0
VUHFIO,4.8483,1.5438,5.6202,4.0764,5.474745,0.3102220000000004,5.629856,5.319634,1.0,0,1,1,2.5,1,3,2,1.0,0,1,1,122.447335,11.041330000000002,127.968,116.92667,0
VUHZIK,0.8734,1.7464,1.7466,0.0002,5.8148895,0.1982849999999993,5.914032,5.715747,1.5,1,2,1,2.0,0,2,2,1.0,2,2,0,125.191335,60.88467,155.63367,94.749,0
VUHZOQ,0.8761,1.7408,1.7465,0.0057,4.956219,1.5189079999999997,5.715673,4.196765,1.5,1,2,1,2.0,0,2,2,1.0,2,2,0,137.3475,85.19434,179.94467,94.75033,0
VUKSEC,3.44525,4.3513,5.6209,1.2696,5.558232,0.477538,5.797001,5.319463,1.0,0,1,1,1.5,1,2,1,1.0,0,1,1,101.58617,52.753,127.96267,75.20967,0
VUNRON,0.40745,0.8115,0.8132,0.0017,4.103991,2.280884,5.244433,2.963549,0.5,1,1,0,3.0,2,4,2,1.0,2,2,0,112.524165,50.40233000000002,137.72533,87.323,0
VUTNAB,4.0548,0.2359999999999997,4.1728,3.9368,4.8549655000000005,0.0711690000000002,4.89055,4.819381,1.0,0,1,1,3.0,0,3,3,1.5,1,2,1,95.925,21.61334,106.73167,85.11833,0
VUWQEL,4.0367,0.0767999999999999,4.0751,3.9983,5.5576425,0.739287,5.927286,5.187999,2.5,1,3,2,1.0,0,1,1,1.0,2,2,0,229.668165,13.849670000000003,236.593,222.74333,0
VUXKAA,4.61705,9.2341,9.2341,0.0,5.547086999999999,2.7992040000000005,6.946689,4.147485,0.5,1,1,0,3.5,3,5,2,0.0,0,0,0,129.13,142.86,200.56,57.7,0
VUXRAI,3.06495,6.1283,6.1291,0.0008,4.926888,0.83298,5.343378,4.510398,1.0,2,2,0,4.5,5,7,2,1.0,2,2,0,113.416335,38.481330000000014,132.657,94.17567,0
VUXXAP,1.5616500000000002,3.1231,3.1232,0.0001,5.593391,0.8656739999999994,6.026228,5.160554,1.5,1,2,1,2.5,1,3,2,0.5,1,1,0,140.980665,26.87333,154.41733,127.544,0
VUXXET,1.6432,3.2858,3.2861,0.0003,5.5354415,0.7572130000000001,5.914048,5.156835,1.5,1,2,1,2.5,1,3,2,0.5,1,1,0,148.258665,14.747330000000003,155.63233,140.885,0
VUXXIX,1.6728500000000002,3.3447,3.3452,0.0005,5.534425499999999,0.7592670000000004,5.914059,5.154792,1.5,1,2,1,2.5,1,3,2,0.5,1,1,0,155.029335,1.2093299999999942,155.634,154.42467,0
VUZLIM,4.0912,0.0259999999999998,4.1042,4.0782,5.869730000000001,1.769488,6.754474,4.984986,1.0,2,2,0,2.0,2,3,1,2.0,4,4,0,125.15,144.498,197.399,52.901,0
VUZZEW,1.09125,2.1825,2.1825,0.0,4.860035,1.551908,5.635989,4.084081,1.5,1,2,1,3.0,2,4,2,0.5,1,1,0,153.27349999999998,124.84834,215.69767,90.84933,0
VUZZOF,4.6315,1.0526,5.1578,4.1052,6.079151,1.3506899999999993,6.754496,5.403806,1.0,2,2,0,2.5,3,4,1,0.5,1,1,0,145.280335,184.76133,237.661,52.89967,0
VUZZUL,4.6857500000000005,2.0361,5.7038,3.6677,5.880513499999999,1.543895,6.652461,5.108566,1.0,2,2,0,2.5,3,4,1,1.5,1,2,1,149.8985,177.111,238.454,61.343,0
WADJUI,3.4776,2.4102,4.6827,2.2725,5.515513,1.1668840000000005,6.098955,4.932071,1.0,0,1,1,2.5,3,4,1,1.5,3,3,0,83.881835,39.775670000000005,103.76967,63.994,0
WADTOM,1.7467,0.6765999999999999,2.085,1.4084,5.056212,0.5161799999999994,5.314302,4.798122,1.5,1,2,1,1.5,1,2,1,0.5,1,1,0,111.92017,6.613,115.22667,108.61367,1
WADXUX,0.86915,1.7341,1.7362,0.0021,5.499367,0.2384119999999994,5.618573,5.380161,1.5,1,2,1,3.0,2,4,2,1.5,1,2,1,154.9695,101.63034,205.78467,104.15433,0
WAFFUG,1.69045,3.3799,3.3804,0.0005,4.83844,1.0079520000000004,5.342416,4.334464,1.5,1,2,1,4.0,4,6,2,1.0,2,2,0,137.8125,10.309000000000026,142.967,132.658,0
WAGDER,2.43365,2.3055,3.5864,1.2809,5.6271015,1.3984189999999996,6.326311,4.927892,1.0,2,2,0,3.0,2,4,2,1.5,1,2,1,136.67683499999998,127.10567,200.22967,73.124,0
WANDIZ,3.08845,6.1739,6.1754,0.0015,4.708534,0.5573100000000002,4.987189,4.429879,1.5,1,2,1,6.5,3,8,5,2.0,4,4,0,171.663165,36.06633,189.69633,153.63,0
WANJOM,0.57925,0.8095,0.984,0.1745,5.6301375,0.7250390000000007,5.992657,5.267618,1.0,2,2,0,3.0,0,3,3,1.0,2,2,0,122.93767,8.421999999999997,127.14867,118.72667,0
WARNOV,0.61745,1.2349,1.2349,0.0,5.578797,0.8374139999999999,5.997504,5.16009,1.5,1,2,1,2.0,0,2,2,0.5,1,1,0,117.410335,34.40866999999999,134.61467,100.206,0
WARNUB,0.61755,1.2351,1.2351,0.0,5.0967020000000005,1.802112,5.997758,4.195646,1.5,1,2,1,2.0,0,2,2,0.5,1,1,0,140.07816499999998,79.74367,179.95,100.20633,0
WARPEN,2.44375,1.9877,3.4376,1.4499,5.6793545000000005,0.6192889999999993,5.988999,5.36971,1.0,0,1,1,2.0,0,2,2,1.0,0,1,1,94.591665,10.541330000000002,99.86233,89.321,0
WARPIP,1.3863,2.7702,2.7714,0.0012,4.5345485,2.144441,5.606769,3.462328,2.0,2,3,1,6.0,0,6,6,1.5,3,3,0,172.017335,75.85066999999998,209.94267,134.092,0
WATREP02,0.00025,0.0005,0.0005,0.0,4.256189,2.41107,5.461724,3.050654,0.5,1,1,0,3.0,2,4,2,1.0,2,2,0,118.654665,6.39667,121.853,115.45633,0
WATREP,0.0003,0.0006,0.0006,0.0,4.25686,2.4099479999999995,5.461834,3.051886,0.5,1,1,0,3.0,2,4,2,1.0,2,2,0,118.65567,6.402000000000001,121.85667,115.45467,0
WAWDEE,2.59225,0.4384999999999999,2.8115,2.373,5.586853,0.1487419999999994,5.661224,5.512482,1.0,0,1,1,2.5,1,3,2,1.5,3,3,0,71.98383000000001,27.355000000000004,85.66133,58.30633,0
WAXSOG,0.8631,1.726,1.7261,0.0001,2.9634815000000003,0.9020709999999998,3.414517,2.512446,1.5,3,3,0,3.0,6,6,0,0.0,0,0,0,231.787,51.922,257.748,205.826,0
WEDKUN,2.55255,1.1545,3.1298,1.9753,6.206485499999999,2.497941,7.455456,4.957515,0.5,1,1,0,3.5,1,4,3,1.5,1,2,1,74.76167000000001,5.109999999999999,77.31667,72.20667,0
WEDLAU,2.68055,0.8965000000000001,3.1288,2.2323,6.2537355,2.748027,7.627749,4.879722,0.5,1,1,0,3.5,1,4,3,1.5,1,2,1,87.726,30.375339999999994,102.91367,72.53833,0
WEDLUO,2.2849500000000003,1.6591,3.1145,1.4554,4.927703,0.8759040000000002,5.365655,4.489751,1.0,0,1,1,2.5,1,3,2,1.0,0,1,1,109.077835,28.85233000000001,123.504,94.65167,0
WEDMEZ,3.0528,0.1272000000000002,3.1164,2.9892,4.9901485,1.0015009999999993,5.490899,4.489398,1.0,0,1,1,2.5,1,3,2,1.0,0,1,1,107.57,31.878,123.509,91.631,0
WEDWUA,2.11815,4.2363,4.2363,0.0,5.6490245,0.1776390000000001,5.737844,5.560205,1.0,0,1,1,1.0,2,2,0,0.5,1,1,0,157.291,73.512,194.047,120.535,0
WEDXEL,2.7973,5.5946,5.5946,0.0,5.2824925,0.5567829999999994,5.560884,5.004101,0.5,1,1,0,2.5,5,5,0,0.0,0,0,0,160.05483,79.02900000000001,199.56933,120.54033,0
WEDXOV,1.968,3.936,3.936,0.0,5.189861499999999,0.7411430000000001,5.560433,4.81929,1.0,0,1,1,1.5,3,3,0,0.5,1,1,0,102.831335,35.41733000000001,120.54,85.12267,0
WEFKOJ,2.9812000000000003,0.7128000000000001,3.3376,2.6248,4.517825,0.4481919999999997,4.741921,4.293729,1.5,1,2,1,3.0,4,5,1,1.5,3,3,0,119.81917,11.175000000000011,125.40667,114.23167,0
WEGTOU,1.95575,3.9115,3.9115,0.0,6.090681,1.5765519999999995,6.878957,5.302405,0.0,0,0,0,2.5,3,4,1,1.5,1,2,1,61.570335,43.14333,83.142,39.99867,0
WEGTUA,1.6366,3.2732,3.2732,0.0,5.0247005,0.5533409999999996,5.301371,4.74803,1.5,3,3,0,3.0,2,4,2,1.0,2,2,0,123.469335,80.64467,163.79167,83.147,0
WEGVAI,0.96735,1.9345,1.9346,0.0001,4.466164,1.6681939999999995,5.300261,3.632067,1.5,3,3,0,2.5,3,4,1,1.0,2,2,0,130.51216499999998,94.72367,177.874,83.15033,0
WEJHAV01,6.47825,4.7477,8.8521,4.1044,5.927652500000001,1.6532349999999996,6.75427,5.101035,0.5,1,1,0,3.0,4,5,1,1.0,2,2,0,115.84667,125.892,178.79267,52.90067,0
WEKDID01,3.65015,0.0282999999999997,3.6643,3.636,5.006410000000001,1.286416,5.649618,4.363202,1.5,1,2,1,1.0,0,1,1,1.0,0,1,1,149.28433,107.808,203.18833,95.38033,0
WEKDID,3.64955,0.0272999999999998,3.6632,3.6359,5.0071015,1.286517,5.65036,4.363843,1.5,1,2,1,1.0,0,1,1,1.0,0,1,1,149.27967,107.79800000000002,203.17867,95.38067,0
WEKWOC,1.25735,0.5765000000000001,1.5456,0.9691,7.243078499999999,0.6703830000000002,7.57827,6.907887,0.0,0,0,0,1.0,0,1,1,1.0,0,1,1,66.812165,34.64167,84.133,49.49133,0
WELBAU,1.42275,0.3136999999999998,1.5796,1.2659,7.096868000000001,0.9617259999999996,7.577731,6.616005,0.0,0,0,0,1.0,0,1,1,1.0,0,1,1,42.37683,16.637,50.69533,34.05833,0
WELCAV,1.3832,0.8273999999999999,1.7969,0.9695,7.213758,0.6107959999999997,7.519156,6.90836,0.0,0,0,0,1.0,0,1,1,1.0,0,1,1,60.38017,21.777,71.26867,49.49167,0
WELCID,1.2123499999999998,0.4842999999999999,1.4545,0.9702,7.242158,0.668056,7.576186,6.90813,0.0,0,0,0,1.0,0,1,1,1.0,0,1,1,73.22516999999999,47.461,96.95567,49.49467,0
WELCUP,1.40415,0.2768999999999999,1.5426,1.2657,7.095278,0.95934,7.574948,6.615608,0.0,0,0,0,1.0,0,1,1,1.0,0,1,1,80.266335,59.14733,109.84,50.69267,0
WELDEA,1.35875,0.1856999999999999,1.4516,1.2659,7.0949375,0.9582629999999996,7.574069,6.615806,0.0,0,0,0,1.0,0,1,1,1.0,0,1,1,86.73433,72.078,122.77333,50.69533,0
WELDOK,1.40325,0.2750999999999999,1.5408,1.2657,7.0944235,0.9577429999999998,7.573295,6.615552,0.0,0,0,0,1.0,0,1,1,1.0,0,1,1,93.2185,85.04834,135.74267,50.69433,0
WEPDIF,2.1759000000000004,0.193,2.2724,2.0794,5.684336500000001,0.8305949999999998,6.099634,5.269039,1.0,0,1,1,2.0,2,3,1,1.0,2,2,0,81.205,34.42600000000001,98.418,63.992,0
WEQHIN,1.04255,2.0851,2.0851,0.0,5.300586,0.3178140000000002,5.459493,5.141679,1.0,0,1,1,3.0,2,4,2,1.0,2,2,0,97.913665,32.29867,114.063,81.76433,0
WEQHOT,2.0142,4.0284,4.0284,0.0,6.6603425000000005,1.911023,7.615854,5.704831,0.5,1,1,0,3.0,2,4,2,1.0,2,2,0,86.05866499999999,7.952669999999998,90.035,82.08233,0
WEXKEP,2.3493500000000003,4.6943,4.6965,0.0022,4.474359,0.4292239999999996,4.688971,4.259747,1.5,1,2,1,3.5,5,6,1,0.0,0,0,0,180.251335,90.74867,225.62567,134.877,0
WEXQIA,0.0016,0.0032,0.0032,0.0,5.0845585,0.141845,5.155481,5.013636,0.5,1,1,0,3.0,2,4,2,1.0,2,2,0,100.662165,40.01366999999999,120.669,80.65533,0
WEYFEN,1.83205,3.6641,3.6641,0.0,4.779499,0.8313859999999993,5.195192,4.363806,1.0,2,2,0,2.5,3,4,1,1.5,1,2,1,136.140665,134.07933,203.18033,69.101,0
WEYYUY,1.76255,0.1869,1.856,1.6691,6.0382495,2.897695000000001,7.487097,4.589402,0.0,0,0,0,2.5,1,3,2,0.5,1,1,0,136.0975,92.139,182.167,90.028,0
WICYEQ,4.7348,4.4094,6.9395,2.5301,5.5078505,0.6584430000000001,5.837072,5.178629,1.0,0,1,1,2.5,1,3,2,1.5,3,3,0,131.64249999999998,90.047,176.666,86.619,1
WICZUF,1.3358,0.8022000000000001,1.7369,0.9347,5.3299465,0.0999530000000001,5.379923,5.27997,1.0,0,1,1,2.5,1,3,2,1.0,0,1,1,94.655,19.00399999999999,104.157,85.153,0
WIDNED,1.15275,2.3033,2.3044,0.0011,5.3683975,0.0961430000000005,5.416469,5.320326,0.5,1,1,0,1.5,1,2,1,0.5,1,1,0,91.951165,14.52767,99.215,84.68733,0
WIHGAX,1.59225,0.4158999999999999,1.8002,1.3843,6.1204935,3.0161810000000004,7.628584,4.612403,1.0,2,2,0,2.5,1,3,2,1.0,0,1,1,104.54933,139.616,174.35733,34.74133,0
WIJCIF,3.0984,2.3276,4.2622,1.9346,4.139339,1.0145980000000003,4.646638,3.63204,2.0,2,3,1,1.5,1,2,1,0.5,1,1,0,135.61,84.52534,177.87267,93.34733,0
WIJCOL,2.7287,1.5876,3.5225,1.9349,4.2916995,1.318203,4.950801,3.632598,2.0,2,3,1,1.5,1,2,1,0.5,1,1,0,136.5175,82.69500000000001,177.865,95.17,0
WINMIQ,2.7545,2.3972,3.9531,1.5559,4.9658195,0.4604949999999999,5.196067,4.735572,1.0,2,2,0,3.5,3,5,2,1.5,1,2,1,127.318,56.10866,155.37233,99.26367,0
WITVEC,3.5721,1.0408000000000004,4.0925,3.0517,4.657619,1.074452,5.194845,4.120393,1.0,0,1,1,2.0,0,2,2,1.0,2,2,0,148.047165,70.39367,183.244,112.85033,0
WIVDUA03,0.0,0.0,0.0,0.0,3.2737375,0.6203809999999996,3.583928,2.963547,1.5,3,3,0,3.0,2,4,2,1.0,2,2,0,155.678835,35.91032999999999,173.634,137.72367,0
WIVDUA05,0.00255,0.0006999999999999,0.0029,0.0022,3.274282,0.6207159999999998,3.58464,2.963924,1.5,3,3,0,3.0,2,4,2,1.0,2,2,0,155.68333,35.916,173.64133,137.72533,1
WIVDUA,0.00025,0.0003,0.0004,0.0001,3.2739055,0.6206650000000002,3.584238,2.963573,1.5,3,3,0,3.0,2,4,2,1.0,2,2,0,155.69133499999998,35.92067,173.65167,137.731,0
WIVFAI,0.27335,0.5465,0.5466,0.0001,3.809358,1.6905720000000004,4.654644,2.964072,1.0,2,2,0,3.0,2,4,2,1.0,2,2,0,124.13667,27.17800000000001,137.72567,110.54767,0
WIVFEM,0.0,0.0,0.0,0.0,4.1246755,2.324037,5.286694,2.962657,0.5,1,1,0,3.0,2,4,2,1.0,2,2,0,98.481165,78.46566999999999,137.714,59.24833,0
WIWBOV,0.0003,0.0004,0.0005,0.0001,4.347881,1.8093020000000009,5.252532,3.44323,2.0,2,3,1,5.0,2,6,4,1.0,2,2,0,204.972835,7.366330000000005,208.656,201.28967,0
WIWNAU,2.27525,0.5074999999999998,2.529,2.0215,5.6248755,0.4247449999999997,5.837248,5.412503,1.0,0,1,1,3.0,0,3,3,2.5,1,3,2,93.07083,12.911,99.52633,86.61533,0
WOBBOF,2.56855,1.5389000000000002,3.338,1.7991,6.0482345,3.1638910000000005,7.63018,4.466289,1.0,2,2,0,1.5,1,2,1,1.0,0,1,1,120.1725,170.86834000000002,205.60667,34.73833,0
WOCFAX,4.0294,2.676400000000001,5.3676,2.6912,4.697999,0.3645800000000001,4.880289,4.515709,1.0,0,1,1,2.5,1,3,2,1.0,0,1,1,136.661665,15.37533000000002,144.34933,128.974,0
WOCVIT,5.53195,2.7179,6.8909,4.173,4.983426,0.1853280000000001,5.07609,4.890762,1.0,0,1,1,2.5,1,3,2,1.5,1,2,1,104.688165,4.077669999999998,106.727,102.64933,0
WOHWOI,4.32285,5.4851,7.0654,1.5803,5.989261,3.177712,7.578117,4.400405,1.0,2,2,0,3.5,5,6,1,1.0,0,1,1,156.44133,244.77,278.82633,34.05633,0
WOHXEZ01,5.4704,3.539,7.2399,3.7009,5.696163500000001,2.600435,6.996381,4.395946,1.0,2,2,0,3.5,5,6,1,1.5,1,2,1,157.801335,242.54467,279.07367,36.529,0
WOMGIO,2.18645,4.3729,4.3729,0.0,7.4332835,1.039859,7.953213,6.913354,0.0,0,0,0,0.5,1,1,0,1.0,2,2,0,71.737835,69.90767,106.69167,36.784,0
WOPCOV,3.08555,2.1747000000000005,4.1729,1.9982,5.036538,0.2921480000000001,5.182612,4.890464,1.0,0,1,1,2.5,1,3,2,1.5,1,2,1,91.895665,29.66467,106.728,77.06333,1
WOPCUA,0.5144,1.028,1.0284,0.0004,6.4492205,1.1641030000000008,7.031272,5.867169,1.5,3,3,0,2.5,3,4,1,0.5,1,1,0,173.41117,111.059,228.94067,117.88167,0
WOPPOH,2.0485,4.0866,4.0918,0.0052,4.695848,0.9993220000000004,5.195509,4.196187,1.5,1,2,1,2.0,0,2,2,1.0,2,2,0,146.39916499999998,67.10632999999999,179.95233,112.846,0
WOQBAF,0.4847499999999999,0.9685,0.969,0.0005,4.4549225,1.7430150000000002,5.32643,3.583415,1.5,3,3,0,3.0,2,4,2,1.0,2,2,0,127.16467,92.972,173.65067,80.67867,0
WOQBEJ,1.2256,2.4512,2.4512,0.0,4.6291555,2.092619,5.675465,3.582846,1.5,3,3,0,3.0,2,4,2,1.0,2,2,0,119.72333,107.868,173.65733,65.78933,0
WOQBIN,1.2904,2.5808,2.5808,0.0,4.6988245,2.231387,5.814518,3.583131,1.5,3,3,0,3.0,2,4,2,1.0,2,2,0,126.4835,94.33034,173.64867,79.31833,0
WOQBOT,0.0004,0.0008,0.0008,0.0,5.531746,3.895888,7.47969,3.583802,1.5,3,3,0,3.0,2,4,2,1.0,2,2,0,119.129,109.044,173.651,64.607,0
WOQBUZ,1.56495,3.1297,3.1298,0.0001,5.5196665,3.872355,7.455844,3.583489,1.5,3,3,0,3.0,2,4,2,1.0,2,2,0,125.485335,96.33733,173.654,77.31667,0
WORNID,5.3113,2.2818000000000005,6.4522,4.1704,4.4841565,0.8132850000000005,4.890799,4.077514,1.0,0,1,1,3.5,1,4,3,1.0,2,2,0,137.254335,61.05667,167.78267,106.726,0
WUBYUN,3.7475,4.086200000000001,5.7906,1.7044,4.919754,0.3221959999999999,5.080852,4.758656,0.5,1,1,0,2.5,1,3,2,0.5,1,1,0,123.701165,125.86433,186.63333,60.769,0
WUDHUA,1.4448500000000002,2.8891,2.8894,0.0003,5.457728,0.2309080000000003,5.573182,5.342274,1.5,1,2,1,4.0,4,6,2,1.0,2,2,0,140.6175,15.92034000000001,148.57767,132.65733,0
WUKBUB,1.51535,1.7407,2.3857,0.645,5.1620905,0.0712890000000001,5.197735,5.126446,1.5,1,2,1,3.0,2,4,2,0.5,1,1,0,130.95350000000002,48.284340000000014,155.09567,106.81133,0
WUKRAV,1.73505,3.4701,3.4701,0.0,5.1792135,0.8347810000000004,5.596604,4.761823,1.5,3,3,0,3.0,2,4,2,1.0,2,2,0,101.67967,121.768,162.56367,40.79567,0
WUKREZ,1.73505,3.4701,3.4701,0.0,4.9518450000000005,0.3797140000000008,5.141702,4.761988,2.0,2,3,1,3.0,2,4,2,1.0,2,2,0,138.3135,48.49834,162.56267,114.06433,0
WUKROJ,2.6883,1.5634,3.47,1.9066,4.275051,0.9743800000000004,4.762241,3.787861,2.5,1,3,2,3.0,2,4,2,1.0,2,2,0,164.20216499999998,3.278330000000011,165.84133,162.563,0
WUQDUJ,2.9668,3.9334000000000007,4.9335,1.0001,5.3153115,1.251417,5.94102,4.689603,1.5,1,2,1,2.5,1,3,2,0.5,1,1,0,141.02183,49.99900000000001,166.02133,116.02233,0
WUQQUW,0.00035,0.0007,0.0007,0.0,5.616264,0.1346579999999999,5.683593,5.548935,1.0,2,2,0,2.0,4,4,0,1.0,2,2,0,156.0665,93.46766,202.80033,109.33267,0
WUSMUU,5.20385,2.1967,6.3022,4.1055,5.5786245,2.351713,6.754481,4.402768,0.5,1,1,0,4.0,6,7,1,1.0,2,2,0,158.38016499999998,210.95767,263.859,52.90133,0
WUTDEX01,0.6704,1.3404,1.3406,0.0002,4.626068,2.086464,5.6693,3.582836,2.0,2,3,1,1.5,1,2,1,0.5,1,1,0,150.832335,45.62733,173.646,128.01867,0
WUTDEX,0.6708000000000001,1.3394,1.3405,0.0011,4.6262995,2.0866670000000003,5.669633,3.582966,2.0,2,3,1,1.5,1,2,1,0.5,1,1,0,150.832335,45.62533000000002,173.645,128.01967,0
WUTDOH,1.3485,2.6956,2.6963,0.0007,4.5495405,1.932651,5.515866,3.583215,2.0,2,3,1,2.0,0,2,2,0.5,1,1,0,152.43,42.44,173.65,131.21,0
WUTFAV,0.6355999999999999,1.2654,1.2683,0.0029,5.9509665,0.3902029999999996,6.146068,5.755865,0.5,1,1,0,2.5,3,4,1,0.5,1,1,0,110.911,34.74065999999999,128.28133,93.54067,1
WUTFEZ,1.2285,2.4518,2.4544,0.0026,5.7993855,0.6933250000000006,6.146048,5.452723,0.5,1,1,0,3.0,2,4,2,0.5,1,1,0,113.71067,40.348,133.88467,93.53667,0
WUTFID,0.63415,1.2683,1.2683,0.0,4.6699775,2.172115,5.756035,3.58392,2.0,2,3,1,1.5,1,2,1,0.5,1,1,0,150.96249999999998,45.36434,173.64467,128.28033,0
WUVKEE,2.11855,1.3487,2.7929,1.4442,5.0184765,0.5697929999999998,5.303373,4.73358,1.5,1,2,1,4.0,2,5,3,1.5,1,2,1,148.3855,72.80834,184.78967,111.98133,0
WUVKII,2.5812500000000003,1.4505,3.3065,1.856,5.115895,0.7864299999999993,5.50911,4.72268,1.5,1,2,1,3.5,3,5,2,1.5,1,2,1,137.2905,95.239,184.91,89.671,0
WUVLOP,2.4418,1.723,3.3033,1.5803,6.1503475000000005,2.854689,7.577692,4.723003,1.0,2,2,0,3.0,4,5,1,1.5,1,2,1,109.4835,150.847,184.907,34.06,0
WUVXEQ,2.0633,4.1266,4.1266,0.0,5.1088005,2.5985750000000003,6.408088,3.809513,1.0,2,2,0,2.5,3,4,1,2.0,4,4,0,183.409835,256.79567,311.80767,55.012,0
WUWQAJ,2.0857,4.170999999999999,4.1712,0.0002,5.920596,2.05924,6.950216,4.890976,0.5,1,1,0,2.5,1,3,2,1.0,2,2,0,82.2125,49.02566,106.72533,57.69967,0
WUWQIR,1.9121,3.824,3.8241,0.0001,5.997195,1.90712,6.950755,5.043635,0.5,1,1,0,2.5,1,3,2,1.0,2,2,0,83.09883500000001,50.80367,108.50067,57.697,0
WUZNOX,1.81985,0.3632999999999999,2.0015,1.6382,6.165668999999999,2.053002,7.19217,5.139168,1.0,2,2,0,1.5,1,2,1,1.0,2,2,0,136.02366999999998,166.53799999999998,219.29267,52.75467,0
WUZPAL,2.03605,0.4011000000000002,2.2366,1.8355,6.0587295,1.7209249999999994,6.919192,5.198267,1.0,2,2,0,1.5,1,2,1,1.0,2,2,0,118.55667,131.852,184.48267,52.63067,0
WUZPEP,1.94225,0.2142999999999999,2.0494,1.8351,6.002899,1.832374,6.919086,5.086712,1.0,2,2,0,1.5,1,2,1,1.0,2,2,0,144.736,184.21334,236.84267,52.62933,0
WUZYEX,2.69905,5.3981,5.3981,0.0,5.2367495,0.003279,5.238389,5.23511,0.5,1,1,0,1.5,1,2,1,1.0,2,2,0,73.37367,28.840000000000003,87.79367,58.95367,0
XALVUB,3.9839,0.2861999999999995,4.127,3.8408,5.469957,1.8760080000000008,6.407961,4.531953,0.0,0,0,0,4.5,7,8,1,1.0,2,2,0,150.9735,191.91634,246.93167,55.01533,0
XAPMIK,0.0,0.0,0.0,0.0,4.5896125,2.010721,5.594973,3.584252,1.5,3,3,0,3.0,2,4,2,1.0,2,2,0,107.21733,132.838,173.63633,40.79833,0
XAPSEN,2.05295,4.1053,4.1056,0.0003,5.5128615,2.483365,6.754544,4.271179,0.5,1,1,0,2.5,3,4,1,1.0,2,2,0,112.172665,118.54733,171.44633,52.899,0
XAPWIU,1.9779,3.9552,3.9555,0.0003,5.3380615,0.0086789999999998,5.342401,5.333722,1.5,1,2,1,2.5,1,3,2,0.5,1,1,0,136.89617,8.471000000000004,141.13167,132.66067,0
XAPWUG,1.8086,3.617,3.6171,0.0001,5.219020499999999,0.1169929999999999,5.277517,5.160524,1.5,1,2,1,2.5,1,3,2,0.5,1,1,0,144.938,20.633340000000004,155.25467,134.62133,0
XAPYUL,0.6346499999999999,1.2649,1.2671,0.0022,5.2277315,1.0414189999999994,5.748441,4.707022,1.0,0,1,1,2.0,0,2,2,2.0,0,2,2,87.19550000000001,12.54634,93.46867,80.92233,1
XAPZAS,0.9319,1.8638,1.8638,0.0,4.688932,0.0393080000000001,4.708586,4.669278,1.5,1,2,1,2.0,0,2,2,2.0,0,2,2,114.025,41.134000000000015,134.592,93.458,0
XAPZEW,0.111,0.222,0.222,0.0,5.0817440000000005,0.1469800000000001,5.155234,5.008254,1.5,1,2,1,2.0,0,2,2,2.0,0,2,2,130.33233,99.352,180.00833,80.65633,0
XAPZIA,0.60655,1.2131,1.2131,0.0,5.1266485,0.8435690000000005,5.548433,4.704864,1.0,0,1,1,2.0,0,2,2,2.0,0,2,2,87.32400000000001,12.298659999999998,93.47333,81.17467,0
XAPZOG,1.84305,1.2615000000000005,2.4738,1.2123,5.282679,0.531142,5.54825,5.017108,1.5,1,2,1,2.0,0,2,2,2.0,0,2,2,130.497835,98.64433,179.82,81.17567,0
XAPZUM,2.322,0.3045999999999997,2.4743,2.1697,5.3469155,0.6591649999999998,5.676498,5.017333,1.5,1,2,1,2.0,0,2,2,2.0,0,2,2,130.338335,98.95467,179.81567,80.861,0
XAQQEM,2.8222,1.2316000000000005,3.438,2.2064,5.0382795,0.6641529999999998,5.370356,4.706203,1.0,0,1,1,2.5,1,3,2,1.5,1,2,1,93.3435,8.04834000000001,97.36767,89.31933,0
XAQQIQ,1.40475,0.9079,1.8587,0.9508,5.200832,0.6160359999999994,5.50885,4.892814,1.0,0,1,1,2.5,1,3,2,1.5,1,2,1,93.283,7.220660000000009,96.89333,89.67267,0
XAQQOW,3.34855,1.1775000000000002,3.9373,2.7598,4.4806005,0.6770590000000007,4.81913,4.142071,1.0,0,1,1,3.5,1,4,3,2.0,2,3,1,94.28683,18.333,103.45333,85.12033,0
XAQQUC,1.83235,3.6643,3.6645,0.0002,4.852902,0.97912,5.342462,4.363342,2.0,0,2,2,1.5,1,2,1,0.5,1,1,0,167.921835,70.53166999999999,203.18767,132.656,0
XAQRAJ,3.9931,0.3576000000000001,4.1719,3.8143,4.629975,0.5213359999999998,4.890643,4.369307,1.5,1,2,1,2.0,2,3,1,1.5,1,2,1,154.948665,96.43867,203.168,106.72933,0
XAQREN,3.91895,0.5114999999999998,4.1747,3.6632,4.6270935,0.5260909999999992,4.890139,4.364048,1.5,1,2,1,2.0,2,3,1,1.5,1,2,1,154.9545,96.445,203.177,106.732,0
XAQRIR,3.1747,0.9783999999999996,3.6639,2.6855,4.901315,1.0753320000000004,5.438981,4.363649,1.5,1,2,1,3.0,4,5,1,1.5,1,2,1,153.970165,98.42633,203.18333,104.757,0
XARQAK,3.73585,0.7393000000000001,4.1055,3.3662,5.9694195,1.5702490000000004,6.754544,5.184295,0.5,1,1,0,5.0,8,9,1,0.0,0,0,0,101.22883,96.657,149.55733,52.90033,0
XATQES,2.9081,2.9256,4.3709,1.4453,6.109686,1.6124279999999995,6.9159,5.303472,0.5,1,1,0,2.0,2,3,1,1.5,1,2,1,74.3815,75.20766,111.98533,36.77767,0
XAVPOZ,3.50875,1.4743,4.2459,2.7716,6.1486730000000005,1.0848079999999998,6.691077,5.606269,0.5,1,1,0,3.5,5,6,1,1.5,3,3,0,93.1675,81.85566,134.09533,52.23967,0
XAXPIV02,1.88295,3.7659,3.7659,0.0,4.9629745,0.733911,5.32993,4.596019,0.5,1,1,0,2.5,3,4,1,1.5,1,2,1,101.17767,65.714,134.03467,68.32067,0
XAXPOB,2.59925,2.3543000000000003,3.7764,1.4221,4.815879499999999,0.4295610000000005,5.03066,4.601099,1.0,0,1,1,2.5,3,4,1,1.5,1,2,1,139.130665,10.265330000000006,144.26333,133.998,0
XAXPUH,2.52045,2.5113000000000003,3.7761,1.2648,4.8237925,0.4437769999999998,5.045681,4.601904,1.0,0,1,1,2.5,3,4,1,1.5,1,2,1,153.005,38.02933999999999,172.01967,133.99033,0
XAXZOL,2.05325,4.1059,4.1062,0.0003,4.939469,3.630292,6.754615,3.124323,0.5,1,1,0,2.5,3,4,1,2.0,4,4,0,194.387165,282.97433,335.87433,52.9,0
XAZSID,6.482150000000001,2.1643,7.5643,5.4,6.1718185000000005,1.8728930000000004,7.108265,5.235372,0.0,0,0,0,2.5,3,4,1,2.0,0,2,2,68.06433,18.22,77.17433,58.95433,0
XAZWAX,1.88975,3.7795,3.7795,0.0,5.929216,1.317392,6.587912,5.27052,1.0,0,1,1,1.0,2,2,0,0.5,1,1,0,97.9995,57.18634,126.59267,69.40633,0
XEBZUC,4.27305,0.2932999999999994,4.4197,4.1264,4.9181855,2.981095,6.408733,3.427638,0.5,1,1,0,3.0,4,5,1,0.5,1,1,0,134.724335,159.42533,214.437,55.01167,0
XECXOV,1.5856,3.1708,3.171,0.0002,4.9462565000000005,0.9325649999999994,5.412539,4.479974,0.5,1,1,0,1.5,1,2,1,0.5,1,1,0,127.732835,48.24833,151.857,103.60867,0
XEDQUW,2.90525,2.3933,4.1019,1.7086,4.5583565,1.1962490000000003,5.156481,3.960232,1.0,0,1,1,2.5,1,3,2,1.0,2,2,0,157.79149999999998,57.095,186.339,129.244,0
XEDROR,1.72785,0.5474999999999999,2.0016,1.4541,4.744923999999999,2.015674,5.752761,3.737087,1.5,1,2,1,2.5,1,3,2,1.0,2,2,0,177.15332999999998,153.174,253.74033,100.56633,0
XEDSOS,2.0551,0.3453999999999997,2.2278,1.8824,4.5650645,2.485323,5.807726,3.322403,1.5,1,2,1,2.0,0,2,2,1.0,2,2,0,202.684165,243.29233,324.33033,81.038,1
XEDSUY,2.98735,2.2095,4.0921,1.8826,4.2588195,1.8730230000000003,5.195331,3.322308,1.5,1,2,1,2.0,0,2,2,1.0,2,2,0,218.589665,211.48333,324.33133,112.848,0
XEDTIN,3.0136,2.1764,4.1018,1.9254,4.4769525,1.3594210000000002,5.156663,3.797242,1.5,1,2,1,2.0,0,2,2,1.0,2,2,0,181.383665,104.27867,233.523,129.24433,0
XEDWAI,0.6067,1.2111999999999998,1.2123,0.0011,5.231759,0.6336539999999999,5.548586,4.914932,1.5,1,2,1,2.0,0,2,2,1.0,2,2,0,109.327165,56.30367000000001,137.479,81.17533,0
XEFFAT,3.37735,1.1175000000000002,3.9361,2.8186,4.7328025,0.1734369999999998,4.819521,4.646084,1.0,0,1,1,4.0,2,5,3,1.5,1,2,1,111.672335,53.10933,138.227,85.11767,0
XEPBIF,0.0002,0.0004,0.0004,0.0,5.7777675,3.676281,7.615908,3.939627,1.0,2,2,0,4.0,0,4,4,1.0,2,2,0,132.690335,85.30933,175.345,90.03567,0
XEPBOL,0.00035,0.0003,0.0005,0.0002,5.7760315,3.678655,7.615359,3.936704,1.0,2,2,0,4.0,0,4,4,1.0,2,2,0,145.603835,59.57367000000001,175.39067,115.817,0
XEPBUR,0.00025,0.0003,0.0004,0.0001,5.7812215,3.690521,7.626482,3.935961,1.0,2,2,0,4.0,0,4,4,1.0,2,2,0,158.592665,33.64533,175.41533,141.77,0
XEPCAY,5e-05,0.0001,0.0001,0.0,5.7235345,3.783669,7.615369,3.8317,1.0,2,2,0,4.0,0,4,4,1.0,2,2,0,142.61849999999998,53.607,169.422,115.815,0
XEQCUT,1.17245,1.9953,2.1701,0.1748,5.471617,0.4084539999999999,5.675844,5.26739,1.5,1,2,1,2.5,1,3,2,1.0,2,2,0,104.005,46.292,127.151,80.859,0
XEQDAA,0.08725,0.1745,0.1745,0.0,5.2112015,0.1125009999999999,5.267452,5.154951,1.5,1,2,1,2.5,1,3,2,1.0,2,2,0,103.904335,46.48867,127.14867,80.66,0
XERBUU,1.44175,2.8817,2.8826,0.0009,4.768423,0.3196380000000003,4.928242,4.608604,1.5,1,2,1,2.5,3,4,1,0.0,0,0,0,159.4565,23.059660000000008,170.98633,147.92667,0
XERCAB,1.3299,2.6598,2.6598,0.0,4.735437,0.2533820000000002,4.862128,4.608746,1.5,1,2,1,2.5,3,4,1,0.0,0,0,0,165.792665,35.749329999999986,183.66733,147.918,0
XERCEF,1.9887,3.9774,3.9774,0.0,3.983384,1.2529640000000004,4.609866,3.356902,2.5,3,4,1,2.5,3,4,1,0.0,0,0,0,187.508335,79.14266999999998,227.07967,147.937,0
XERCIJ,1.59925,3.1943,3.1964,0.0021,4.0014365,1.2137629999999997,4.608318,3.394555,2.5,3,4,1,2.5,3,4,1,0.0,0,0,0,194.502835,93.13967,241.07267,147.933,1
XESXOJ,1.49315,2.9859,2.9861,0.0002,4.5190655,1.8961330000000003,5.467132,3.570999,1.0,2,2,0,4.0,0,4,4,2.0,4,4,0,119.673665,87.79933,163.57333,75.774,0
XEYLUI,1.4614,0.0569999999999999,1.4899,1.4329,5.1690215,1.460115,5.899079,4.438964,2.5,3,4,1,1.5,1,2,1,1.0,2,2,0,174.18767,164.19800000000004,256.28667,92.08867,0
XEYMAP,2.07555,1.2863000000000002,2.7187,1.4324,5.147482,1.4161800000000009,5.855572,4.439392,2.5,3,4,1,1.5,1,2,1,1.0,2,2,0,173.86883,164.82299999999998,256.28033,91.45733,0
XEYQIC,1.9342,3.868,3.8682,0.0002,5.6970085,1.7812909999999995,6.587654,4.806363,1.5,1,2,1,2.0,4,4,0,0.5,1,1,0,137.128,135.426,204.841,69.415,0
XEZDIQ,0.00035,0.0001,0.0004,0.0003,5.469519,0.2542100000000005,5.596624,5.342414,1.0,2,2,0,3.0,2,4,2,1.0,2,2,0,86.727335,91.86267,132.65867,40.796,0
XEZJAR,2.26585,4.5309,4.5313,0.0004,4.0305635,1.5759689999999995,4.818548,3.242579,2.0,4,4,0,2.0,4,4,0,0.0,0,0,0,185.444665,79.50066999999999,225.195,145.69433,0
XIBPOO,3.01095,1.9211,3.9715,2.0504,6.0610275,2.392427,7.257241,4.864814,0.5,1,1,0,2.0,2,3,1,1.5,1,2,1,91.873835,127.17567,155.46167,28.286,0
XICQAD,0.86875,1.7373,1.7374,0.0001,5.002509,0.3169839999999997,5.161001,4.844017,2.0,0,2,2,3.5,3,5,2,1.0,2,2,0,191.70833,114.194,248.80533,134.61133,0
XICRAE,4.3696,1.3602,5.0497,3.6895,5.091311,0.6310979999999997,5.40686,4.775762,1.0,0,1,1,3.0,2,4,2,2.0,2,3,1,101.47033,23.436,113.18833,89.75233,0
XIDDAS,1.7094,0.0662,1.7425,1.6763,5.3371295,0.7505790000000001,5.712419,4.96184,1.0,0,1,1,2.5,1,3,2,1.0,2,2,0,126.177,62.90199999999999,157.628,94.726,0
XIFNAC01,5.5343,4.924,7.9963,3.0723,5.888628499999999,1.139539,6.458398,5.318859,0.5,1,1,0,2.5,1,3,2,1.0,2,2,0,104.992165,32.05432999999999,121.01933,88.965,0
XIFQEJ,1.8529,2.6116,3.1587,0.5471,5.757001499999999,2.2051989999999995,6.859601,4.654402,1.0,2,2,0,3.0,2,4,2,1.5,3,3,0,77.39433,66.322,110.55533,44.23333,0
XIJXIB,2.29755,4.5937,4.5944,0.0007,5.1866615,0.5499350000000005,5.461629,4.911694,1.0,0,1,1,3.5,3,5,2,2.0,4,4,0,112.381,6.157340000000005,115.45967,109.30233,0
XIKLUA,4.7483,1.2428,5.3697,4.1269,5.495278,1.8259500000000009,6.408253,4.582303,0.5,1,1,0,2.5,3,4,1,0.5,1,1,0,108.207165,106.38633,161.40033,55.014,0
XIPTOG,1.4262,2.8524,2.8524,0.0,5.0015515,0.5676069999999998,5.285355,4.717748,1.0,0,1,1,3.5,3,5,2,2.0,4,4,0,84.97016500000001,51.35767,110.649,59.29133,0
XIPVAU,3.61815,7.2361,7.2362,0.0001,4.370383,1.5719920000000005,5.156379,3.584387,2.0,2,3,1,3.5,3,5,2,2.0,4,4,0,141.02183000000002,65.227,173.63533,108.40833,0
XIRKUG,2.6057,2.6116,3.9115,1.2999,4.699258,0.6539159999999997,5.026216,4.3723,0.5,1,1,0,3.5,1,4,3,1.0,2,2,0,118.896835,29.23567,133.51467,104.279,0
XIRLUJ,6.8936,5.5768,9.682,4.1052,5.259533,2.989828,6.754447,3.764619,0.5,1,1,0,3.0,4,5,1,1.0,2,2,0,141.015335,176.23267,229.13167,52.899,0
XIRMAQ,6.12785,4.045299999999999,8.1505,4.1052,5.244365500000001,3.020055,6.754393,3.734338,0.5,1,1,0,3.0,4,5,1,1.0,2,2,0,142.05100000000002,178.30066000000002,231.20133,52.90067,0
XISPEX,4.24705,0.9711,4.7326,3.7615,4.947146,1.234108,5.5642,4.330092,1.5,1,2,1,2.0,0,2,2,0.5,1,1,0,128.70166999999998,50.95599999999999,154.17967,103.22367,0
XISPOH,3.7884,1.8886000000000005,4.7327,2.8441,4.9423125,1.2428489999999996,5.563737,4.320888,1.5,1,2,1,2.0,0,2,2,0.5,1,1,0,154.36583,102.281,205.50633,103.22533,0
XITMUM,2.01965,2.8351,3.4372,0.6021,5.474365,0.2089780000000001,5.578854,5.369876,1.0,0,1,1,2.5,1,3,2,1.0,0,1,1,113.21083,47.785,137.10333,89.31833,0
XIXTOQ,1.3652,1.4396,2.085,0.6454,5.3288545,0.2620709999999997,5.45989,5.197819,1.0,0,1,1,2.0,0,2,2,0.5,1,1,0,94.28767,25.048,106.81167,81.76367,0
XIYSAC,3.33535,1.6862999999999997,4.1785,2.4922,6.6681195,1.5043510000000009,7.420295,5.915944,0.5,1,1,0,5.5,3,7,4,1.5,1,2,1,141.72967,102.582,193.02067,90.43867,0
XIYSEG,1.6177,1.5408,2.3881,0.8473,5.699989,0.78301,6.091494,5.308484,1.0,0,1,1,6.0,2,7,5,1.5,1,2,1,149.83233,86.412,193.03833,106.62633,0
XIYSIK,2.63105,0.5587,2.9104,2.3517,5.6542155,0.7577350000000003,6.033083,5.275348,0.5,1,1,0,5.5,3,7,4,1.5,1,2,1,131.310835,125.17367,193.89767,68.724,0
XIYVOS,2.561,5.122,5.122,0.0,6.023725000000001,1.1273600000000004,6.587405,5.460045,1.5,1,2,1,1.5,3,3,0,0.5,1,1,0,126.350665,113.86067,183.281,69.42033,0
XOBCAT01,3.0445,1.6734,3.8812,2.2078,4.8594605,0.3087789999999994,5.01385,4.705071,0.5,1,1,0,3.5,1,4,3,1.0,2,2,0,115.448335,36.15933,133.528,97.36867,0
XOBCAT,3.04505,1.6743,3.8822,2.2079,4.8599440000000005,0.3079519999999993,5.01392,4.705968,0.5,1,1,0,3.5,1,4,3,1.0,2,2,0,115.448835,36.16033,133.529,97.36867,0
XOBCEX,2.22635,2.8745000000000003,3.6636,0.7891,5.7432680000000005,2.759946,7.123241,4.363295,1.0,2,2,0,2.5,3,4,1,1.5,1,2,1,127.943165,150.48433,203.18533,52.701,0
XOBCIB,2.2698,2.7888,3.6642,0.8754,5.8909755,3.0542489999999995,7.4181,4.363851,1.0,2,2,0,2.5,3,4,1,1.5,1,2,1,133.67217,139.01100000000002,203.17767,64.16667,0
XOGDOO,3.01725,6.0341,6.0343,0.0002,5.135588,0.6524159999999997,5.461796,4.80938,1.0,0,1,1,3.0,2,4,2,1.5,3,3,0,108.400665,14.112669999999994,115.457,101.34433,0
XOGDUU,2.82605,5.6519,5.652,0.0001,5.4937385,0.0644629999999999,5.52597,5.461507,1.0,0,1,1,3.5,3,5,2,1.0,2,2,0,111.12933,8.664000000000001,115.46133,106.79733,0
XOGFIK,1.6778,3.3556,3.3556,0.0,5.436971,0.0486000000000004,5.461271,5.412671,1.0,0,1,1,3.0,2,4,2,1.0,2,2,0,112.745665,5.416669999999996,115.454,110.03733,0
XOGFOQ,0.52005,1.0399,1.04,0.0001,5.472652500000001,0.0222170000000003,5.483761,5.461544,1.0,0,1,1,3.0,2,4,2,1.0,2,2,0,112.757835,5.403670000000005,115.45967,110.056,0
XOGTIX,2.4476,1.7817999999999998,3.3385,1.5567,6.067618,3.2027220000000005,7.668979,4.466257,1.0,2,2,0,1.5,1,2,1,1.0,0,1,1,114.239165,182.73767,205.608,22.87033,0
XOHXAU,3.28195,2.1977,4.3808,2.1831,6.1277265,0.9845390000000008,6.619996,5.635457,0.5,1,1,0,1.5,1,2,1,1.0,0,1,1,102.264165,22.82033,113.67433,90.854,0
XOJMUF,2.3673,2.9498,3.8422,0.8924,5.2475435,0.1320510000000005,5.313569,5.181518,1.0,0,1,1,3.0,0,3,3,1.0,0,1,1,106.303835,13.98433,113.296,99.31167,0
XOJNAM,2.44375,3.1019,3.9947,0.8928,5.293861,0.0391279999999998,5.313425,5.274297,1.0,0,1,1,2.5,1,3,2,1.0,0,1,1,95.756665,7.11466999999999,99.314,92.19933,0
XOJNIU,1.5182000000000002,1.2500000000000002,2.1432,0.8932,5.229246,0.1684719999999995,5.313482,5.14501,1.0,0,1,1,2.5,1,3,2,1.0,0,1,1,108.9295,19.232340000000008,118.54567,99.31333,0
XOJNOA,1.4891,2.212,2.5951,0.3831,5.2505335,0.0246769999999996,5.262872,5.238195,1.0,0,1,1,2.5,1,3,2,1.0,0,1,1,109.157,19.35534,118.83467,99.47933,0
XOJNUG,2.0054,2.2254,3.1181,0.8927,5.3291285,0.0310189999999996,5.344638,5.313619,1.0,0,1,1,2.5,1,3,2,1.0,0,1,1,109.27533,19.922,119.23633,99.31433,0
XOJYEC02,2.52715,1.8213,3.4378,1.6165,5.553337,0.3675739999999994,5.737124,5.36955,1.0,0,1,1,1.5,1,2,1,1.0,0,1,1,120.57367,62.49799999999999,151.82267,89.32467,0
XOJYEC,2.5297,1.8168,3.4381,1.6213,5.5349105000000005,0.330495,5.700158,5.369663,1.0,0,1,1,1.5,1,2,1,1.0,0,1,1,120.615,62.585999999999984,151.908,89.322,0
XOKSUN,1.04415,2.0861,2.0872,0.0011,5.511053,1.26846,6.145283,4.876823,0.5,1,1,0,3.5,1,4,3,1.0,2,2,0,95.2105,3.3383400000000023,96.87967,93.54133,0
XOKTIC,1.7772,3.5474,3.5509,0.0035,5.5306565,1.2282270000000004,6.14477,4.916543,0.5,1,1,0,4.0,0,4,4,1.5,3,3,0,98.833,10.590000000000003,104.128,93.538,0
XOKTOI,0.6612,1.3188,1.3206,0.0018,5.4874085,1.3158010000000004,6.145309,4.829508,0.5,1,1,0,4.0,0,4,4,1.5,3,3,0,99.13817,11.191000000000004,104.73367,93.54267,0
XOKVEA,0.09225,0.1790999999999999,0.1818,0.0027,5.4514395,1.388033,6.145456,4.757423,0.5,1,1,0,4.5,1,5,4,2.0,4,4,0,101.958835,16.83233,110.375,93.54267,0
XOKVIE,2.29865,4.5913,4.5943,0.003,5.528547,1.234426,6.14576,4.911334,0.5,1,1,0,4.5,1,5,4,2.0,4,4,0,101.419,15.771339999999997,109.30467,93.53333,0
XOLHUC,1.5646,3.1284,3.1288,0.0004,6.4854695,2.285335,7.628137,5.342802,1.0,2,2,0,3.0,2,4,2,1.0,2,2,0,117.784165,29.738330000000005,132.65333,102.915,0
XOMZEG,1.7255,1.6629999999999998,2.557,0.894,5.071083,0.4841160000000002,5.313141,4.829025,0.5,1,1,0,3.0,0,3,3,1.0,0,1,1,101.665,4.698660000000004,104.01433,99.31567,0
XOMZOQ,1.0801500000000002,0.3741000000000001,1.2672,0.8931,5.0248595,0.576613,5.313166,4.736553,0.5,1,1,0,4.0,2,5,3,1.5,1,2,1,104.9625,11.29634,110.61067,99.31433,0
XONBEJ,1.38355,1.1029,1.935,0.8321,4.2275045,1.190541,4.822775,3.632234,1.5,3,3,0,2.0,2,3,1,0.5,1,1,0,141.17167,73.39,177.86667,104.47667,0
XONBIN,0.41615,0.8323,0.8323,0.0,4.991543999999999,0.3383779999999996,5.160733,4.822355,1.0,2,2,0,2.5,1,3,2,0.5,1,1,0,119.5465,30.12966000000001,134.61133,104.48167,0
XONBOT,1.07695,2.1533,2.1536,0.0003,5.257315,0.1706820000000002,5.342656,5.171974,1.0,2,2,0,2.5,1,3,2,0.5,1,1,0,109.759165,45.79032999999998,132.65433,86.864,0
XONBUZ,2.7194,0.3189999999999999,2.8789,2.5599,5.3872385000000005,1.1139850000000004,5.944231,4.830246,1.0,2,2,0,2.5,1,3,2,0.5,1,1,0,135.865165,63.72567000000001,167.728,104.00233,1
XONPUN,2.9528,1.5396,3.7226,2.183,5.425266,0.42117,5.635851,5.214681,1.0,0,1,1,2.0,0,2,2,1.0,0,1,1,92.042,2.3753399999999942,93.22967,90.85433,0
XONQIC,3.32485,0.7961,3.7229,2.9268,5.2144035,0.0015869999999997,5.215197,5.21361,1.0,0,1,1,2.0,0,2,2,1.0,0,1,1,100.014665,13.578670000000002,106.804,93.22533,0
XOSFOB,5.921799999999999,3.5904,7.717,4.1266,4.851014,3.11497,6.408499,3.293529,0.5,1,1,0,7.5,13,14,1,2.0,4,4,0,121.761,133.49734,188.50967,55.01233,0
XOTYUB01,1.56145,3.1217,3.1223,0.0006,5.2517695,0.182207,5.342873,5.160666,1.5,1,2,1,2.5,1,3,2,0.5,1,1,0,130.099165,5.113669999999999,132.656,127.54233,0
XOTYUB,1.56205,3.1233,3.1237,0.0004,5.2515035,0.1821409999999996,5.342574,5.160433,1.5,1,2,1,2.5,1,3,2,0.5,1,1,0,130.10116499999998,5.113669999999985,132.658,127.54433,1
XOWKEB,0.7246,1.4492,1.4492,0.0,4.670396,0.98111,5.160951,4.179841,2.0,0,2,2,2.5,1,3,2,1.0,2,2,0,169.712165,70.20233000000002,204.81333,134.611,0
XUBKUD,5.34415,2.4910999999999994,6.5897,4.0986,4.812463,0.0975599999999996,4.861243,4.763683,1.5,1,2,1,3.5,3,5,2,2.0,0,2,2,148.4715,92.58899999999998,194.766,102.177,0
XUBVEW,2.90415,2.0885,3.9484,1.8599,6.3842575,2.397373,7.582944,5.185571,1.0,2,2,0,4.0,0,4,4,1.0,2,2,0,122.00966499999998,115.83267,179.926,64.09333,0
XUBYOK,3.93485,0.3407,4.1052,3.7645,5.0523205,3.4044230000000004,6.754532,3.350109,0.5,1,1,0,4.0,6,7,1,0.5,1,1,0,172.0535,238.30900000000003,291.208,52.899,0
XUCKIR,2.03665,4.0733,4.0733,0.0,5.450317,3.0015439999999995,6.951089,3.949545,0.5,1,1,0,2.0,0,2,2,0.5,1,1,0,99.0145,82.65566000000001,140.34233,57.68667,0
XUCKOX,1.7213,3.4426,3.4426,0.0,5.3852095,3.130129,6.950274,3.820145,0.5,1,1,0,2.0,0,2,2,0.5,1,1,0,105.90633,96.42399999999998,154.11833,57.69433,0
XUGNEU,6.2467500000000005,4.2833000000000006,8.3884,4.1051,5.121161,3.2667040000000003,6.754513,3.487809,0.5,1,1,0,2.5,3,4,1,1.0,2,2,0,164.69899999999998,223.59666,276.49733,52.90067,0
XUHYUW,5.6245,11.249,11.249,0.0,3.4631055,4.954333,5.940272,0.985939,0.5,1,1,0,3.0,2,4,2,3.0,2,4,2,171.828,122.75266,233.20433,110.45167,0
XULKOG,1.15325,2.3037,2.3051,0.0014,5.2148755,0.4030009999999997,5.416376,5.013375,0.5,1,1,0,2.5,3,4,1,0.5,1,1,0,109.946,21.460000000000008,120.676,99.216,1
XULMAS,2.064,4.126,4.127,0.001,5.3160235,2.183831,6.407939,4.224108,0.0,0,0,0,4.5,7,8,1,1.0,2,2,0,161.491,212.956,267.969,55.013,0
XUNGIW,0.4790999999999999,0.9572,0.9577,0.0005,5.448566,0.2114479999999998,5.55429,5.342842,1.5,1,2,1,3.0,2,4,2,1.0,2,2,0,122.561335,20.188669999999988,132.65567,112.467,0
XUVQOV,2.40175,0.3903000000000003,2.5969,2.2066,4.90509,0.3986580000000002,5.104419,4.705761,0.5,1,1,0,3.5,1,4,3,1.0,2,2,0,106.1265,17.50966000000001,114.88133,97.37167,0
XUVQUB,1.5556,2.0832,2.5972,0.514,4.9741575000000005,0.2608450000000006,5.10458,4.843735,1.0,2,2,0,3.5,1,4,3,1.0,2,2,0,166.061665,102.36333,217.24333,114.88,0
XUVTOY,3.39985,2.3855,4.5926,2.2071,4.4222075,0.5670549999999999,4.705735,4.13868,1.0,0,1,1,4.0,2,5,3,1.0,2,2,0,155.311665,115.88067,213.252,97.37133,0
XUVTUE,2.6703,0.1474000000000002,2.744,2.5966,5.295878999999999,0.3816420000000002,5.4867,5.105058,0.5,1,1,0,3.0,2,4,2,0.5,1,1,0,117.08283,4.4010000000000105,119.28333,114.88233,0
XUYBIE,0.8731,1.7462,1.7462,0.0,5.5884995,0.2548390000000005,5.715919,5.46108,1.0,0,1,1,2.0,0,2,2,1.0,2,2,0,105.104835,20.714330000000004,115.462,94.74767,0
XUYBOK,0.87325,1.7461,1.7463,0.0002,5.588771,0.2541739999999999,5.715858,5.461684,1.0,0,1,1,2.0,0,2,2,1.0,2,2,0,105.103165,20.70767,115.457,94.74933,0
XUYBUQ,1.26495,2.5299,2.5299,0.0,5.6494465,0.3751049999999996,5.836999,5.461894,1.0,0,1,1,2.5,1,3,2,1.5,3,3,0,101.038165,28.83766999999999,115.457,86.61933,0
XUYKEI,1.4904,2.9796,2.9802,0.0006,5.119220500000001,0.445697,5.342069,4.896372,2.5,1,3,2,2.5,1,3,2,1.5,3,3,0,189.569665,113.81733,246.47833,132.661,0
XUYKIM,1.4898,2.9786,2.9791,0.0005,5.119275,0.4462939999999999,5.342422,4.896128,2.5,1,3,2,2.5,1,3,2,1.5,3,3,0,189.5585,113.80100000000002,246.459,132.658,0
YACDUE,3.67725,2.3499,4.8522,2.5023,5.00375,0.0380700000000002,5.022785,4.984715,1.0,0,1,1,3.0,2,4,2,1.0,2,2,0,168.51683,48.59899999999999,192.81633,144.21733,0
YACFAM,3.4662,2.7712,4.8518,2.0806,5.126806500000001,0.2840189999999998,5.268816,4.984797,1.0,0,1,1,2.5,1,3,2,1.0,2,2,0,145.618835,94.39767,192.81767,98.42,0
YACFEQ,2.42795,4.8499,4.8529,0.003,5.506504,1.0446680000000006,6.028838,4.98417,1.0,0,1,1,2.5,1,3,2,1.5,3,3,0,139.693,106.25266,192.81933,86.56667,0
YACFIU,2.4259000000000004,4.8514,4.8516,0.0002,5.157064,0.3442959999999999,5.329212,4.984916,0.5,1,1,0,3.0,2,4,2,1.0,2,2,0,130.569165,124.49633,192.81733,68.321,0
YACQOL,3.68455,2.3339,4.8515,2.5176,5.0737985,0.1779890000000001,5.162793,4.984804,1.0,0,1,1,2.0,0,2,2,1.0,2,2,0,136.737835,112.15233,192.814,80.66167,0
YACQUR,4.07695,1.5520999999999998,4.853,3.3009,5.145116,0.3212840000000003,5.305758,4.984474,1.0,0,1,1,2.5,1,3,2,0.5,1,1,0,152.39249999999998,80.84700000000001,192.816,111.969,0
YACRAY,3.152,3.3172,4.8106,1.4934,4.836305,0.2493759999999998,4.960993,4.711617,1.0,0,1,1,3.0,2,4,2,1.5,3,3,0,147.877165,90.01566999999999,192.885,102.86933,0
YACXUZ01,2.94575,5.8915,5.8915,0.0,5.6465385,0.1007230000000003,5.6969,5.596177,0.5,1,1,0,3.0,2,4,2,1.0,2,2,0,61.488665,41.38533,82.18133,40.796,0
YACXUZ,2.94585,5.8917,5.8917,0.0,5.646882,0.1000380000000005,5.696901,5.596863,0.5,1,1,0,3.0,2,4,2,1.0,2,2,0,61.4885,41.38566,82.18133,40.79567,0
YACYAG,4.51055,2.7621,5.8916,3.1295,6.5761745000000005,1.758921,7.455635,5.696714,0.5,1,1,0,3.0,2,4,2,1.0,2,2,0,79.750335,4.864670000000004,82.18267,77.318,0
YACYEK,2.9457,5.8914,5.8914,0.0,6.656890499999999,1.917955,7.615868,5.697913,0.5,1,1,0,3.0,2,4,2,1.0,2,2,0,86.105165,7.857670000000013,90.034,82.17633,0
YACYIO,1.04245,2.0847,2.0848,0.0001,6.538395,2.1549380000000005,7.615864,5.460926,0.5,1,1,0,3.0,2,4,2,1.0,2,2,0,85.896165,8.278329999999997,90.03533,81.757,0
YADSAA,4.7895,5.0352,7.3071,2.2719,5.5160865,1.1632730000000002,6.097723,4.93445,1.5,1,2,1,3.0,4,5,1,1.0,2,2,0,137.00383,145.99900000000002,210.00333,64.00433,1
YADSEE,4.422000000000001,3.8714,6.3577,2.4863,5.524943,1.1435679999999993,6.096727,4.953159,1.5,1,2,1,3.0,4,5,1,1.0,2,2,0,143.771165,132.33967,209.941,77.60133,0
YAFFUJ,1.0772499999999998,1.0811,1.6178,0.5367,7.067247500000001,0.7748090000000003,7.454652,6.679843,0.5,1,1,0,4.0,4,6,2,2.5,1,3,2,52.272670000000005,73.512,89.02867,15.51667,0
YAGGAO,1.6307,1.1327999999999998,2.1971,1.0643,1.9266235,0.755727,2.304487,1.54876,0.5,1,1,0,2.0,2,3,1,1.5,1,2,1,91.115165,129.05833,155.64433,26.586,0
YAHFOC,1.7857,3.5714,3.5714,0.0,4.0999005,0.0843769999999999,4.142089,4.057712,0.5,1,1,0,3.5,1,4,3,0.5,1,1,0,130.34883,65.63499999999999,163.16633,97.53133,0
YAHJIC,1.002,2.0036,2.0038,0.0002,4.873652,1.35752,5.552412,4.194892,1.5,1,2,1,3.0,2,4,2,1.0,2,2,0,146.20633500000002,67.55733000000001,179.985,112.42767,0
YAHQEF,0.7093,1.4186,1.4186,0.0,4.9958975,0.3191310000000005,5.155463,4.836332,1.0,0,1,1,3.0,2,4,2,1.0,2,2,0,95.201665,29.09267,109.748,80.65533,0
YAHTUY,2.3162000000000003,0.0879999999999996,2.3602,2.2722,5.4931920000000005,1.2092859999999996,6.097835,4.888549,1.0,0,1,1,3.0,4,5,1,2.0,4,4,0,86.624,45.24134,109.24467,64.00333,0
YAJFIB,3.55215,1.0373,4.0708,3.0335,5.679550000000001,0.0969860000000002,5.728043,5.631057,1.0,0,1,1,2.0,2,3,1,1.0,0,1,1,106.32533,21.208,116.92933,95.72133,0
YAJGEY,3.8322,0.3368000000000002,4.0006,3.6638,4.0336185,0.659281,4.363259,3.703978,1.5,1,2,1,2.0,2,3,1,1.0,0,1,1,173.386165,59.59967,203.186,143.58633,0
YAJGIC,4.0808,0.1647999999999996,4.1632,3.9984,4.5247745,1.640621,5.345085,3.704464,1.5,1,2,1,2.0,2,3,1,1.0,0,1,1,168.209335,49.26333,192.841,143.57767,0
YAJGOI,3.51765,0.9647,4.0,3.0353,4.717124,2.024792,5.72952,3.704728,1.0,0,1,1,2.0,2,3,1,1.0,0,1,1,119.64416500000002,47.87167000000001,143.58,95.70833,0
YAJVAJ,0.7424000000000001,1.4824,1.4836,0.0012,4.2000385,0.6787030000000001,4.53939,3.860687,1.5,1,2,1,2.0,4,4,0,0.5,1,1,0,166.219835,78.19033,205.315,127.12467,0
YAKREK,6.67345,5.0939,9.2204,4.1265,4.87199,3.0726160000000005,6.408298,3.335682,0.5,1,1,0,2.5,3,4,1,1.0,2,2,0,96.588335,83.14933000000002,138.163,55.01367,0
YANBEX,4.0906,8.1706,8.1759,0.0053,4.194668999999999,0.0034099999999996,4.196374,4.192964,1.5,1,2,1,3.0,2,4,2,2.0,4,4,0,194.141,28.381339999999994,208.33167,179.95033,0
YANBIB,3.041,6.0812,6.0816,0.0004,4.7770410000000005,1.1305120000000004,5.342297,4.211785,1.5,1,2,1,3.0,2,4,2,2.0,4,4,0,169.857665,74.39667,207.056,132.65933,0
YANCAU,4.43965,8.8793,8.8793,0.0,4.1759015,0.0379110000000002,4.194857,4.156946,1.5,1,2,1,3.0,2,4,2,2.0,4,4,0,194.009,28.050660000000025,208.03433,179.98367,0
YASGOQ04,4.45255,5.1919,7.0485,1.8566,4.9090815,1.2000449999999994,5.509104,4.309059,1.0,0,1,1,4.0,4,6,2,2.0,2,3,1,158.6985,138.05034,227.72367,89.67333,0
YAWKEQ,3.25,5.696400000000001,6.0982,0.4018,5.505516500000001,1.580215,6.295624,4.715409,1.5,1,2,1,0.5,1,1,0,0.5,1,1,0,153.228,140.21134,223.33367,83.12233,0
YAWQOD,2.2581,4.5128,4.5145,0.0017,3.0647115,1.3215849999999998,3.725504,2.403919,0.0,0,0,0,6.0,4,8,4,2.0,4,4,0,242.3695,0.5763399999999876,242.65767,242.08133,0
YAXRAS,1.4989,2.997,2.9974,0.0004,5.242341,0.2003899999999996,5.342536,5.142146,2.0,0,2,2,3.5,3,5,2,1.5,3,3,0,168.9235,72.52766,205.18733,132.65967,0
YAXSUN,3.05665,3.3008999999999995,4.7071,1.4062,4.761475,0.8559859999999997,5.189468,4.333482,1.0,0,1,1,3.5,3,5,2,0.5,1,1,0,162.21033,89.81599999999999,207.11833,117.30233,0
YAXWOL,0.0003,0.0004,0.0005,0.0001,4.794950500000001,0.7318950000000006,5.160898,4.429003,1.0,2,2,0,3.0,2,4,2,1.0,2,2,0,121.370165,26.49566999999999,134.618,108.12233,0
YECHAQ,3.088,6.176,6.176,0.0,4.8790955,0.9010549999999996,5.329623,4.428568,1.0,2,2,0,4.5,1,5,4,1.0,2,2,0,129.0225,121.40834,189.72667,68.31833,0
YECHIY,3.0879,6.1756,6.1757,0.0001,6.0218415,3.1873450000000005,7.615514,4.428169,1.0,2,2,0,4.5,1,5,4,1.0,2,2,0,152.774,73.92200000000001,189.735,115.813,0
YECHUK,3.08755,6.1751,6.1751,0.0,4.761093,0.6614760000000004,5.091831,4.430355,1.5,1,2,1,5.5,1,6,5,1.0,2,2,0,169.623835,40.12832999999998,189.688,149.55967,0
YECWUC,4.264200000000001,0.9972000000000004,4.7628,3.7656,5.168181000000001,0.4476000000000004,5.391981,4.944381,0.5,1,1,0,4.0,4,6,2,1.5,1,2,1,127.5845,49.760340000000014,152.46467,102.70433,0
YECXIR,3.0721,1.4228,3.7835,2.3607,4.923424,0.0703259999999996,4.958587,4.888261,0.5,1,1,0,5.5,1,6,5,2.5,3,4,1,130.871335,43.249330000000015,152.496,109.24667,0
YECXOX,2.5535,2.4604,3.7837,1.3233,4.9450175,0.026377,4.958206,4.931829,0.5,1,1,0,5.0,2,6,4,2.0,2,3,1,128.656665,47.674670000000006,152.494,104.81933,0
YECXUD,2.6373,2.2922,3.7834,1.4912,4.834795,0.2477140000000002,4.958652,4.710938,0.5,1,1,0,5.0,2,6,4,2.0,2,3,1,127.681335,49.62467000000001,152.49367,102.869,0
YECYIS,3.5847,0.3973999999999997,3.7834,3.386,5.115814500000001,0.3147869999999999,5.273208,4.958421,0.5,1,1,0,4.5,3,6,3,1.5,1,2,1,125.465,54.05665999999998,152.49333,98.43667,0
YEFPEH,2.5808,1.5634,3.3625,1.7991,5.955081,3.350268,7.630215,4.279947,0.5,1,1,0,3.0,2,4,2,1.5,1,2,1,103.731335,137.98532999999998,172.724,34.73867,0
YEJKON,0.0006,0.0008,0.001,0.0002,6.885874,1.48123,7.626489,6.145259,0.0,0,0,0,4.0,0,4,4,1.0,2,2,0,117.655,48.226,141.768,93.542,0
YEKDUR,0.0002,0.0004,0.0004,0.0,5.928630500000001,2.043283,6.950272,4.906989,0.0,0,0,0,3.0,2,4,2,1.0,2,2,0,92.401835,69.41233,127.108,57.69567,0
YEPGOT,2.06345,4.1261,4.1265,0.0004,4.7397925,3.336597,6.408091,3.071494,0.0,0,0,0,5.5,9,10,1,1.0,2,2,0,111.743335,113.45933000000002,168.473,55.01367,0
YEPHOT,3.68145,1.4628999999999994,4.4129,2.95,4.6479595,1.252459,5.274189,4.02173,1.0,0,1,1,4.0,0,4,4,1.5,1,2,1,150.92982999999998,17.453000000000003,159.65633,142.20333,0
YEPKAI,3.55145,1.7209000000000003,4.4119,2.691,4.895537,0.7578659999999999,5.27447,4.516604,1.0,0,1,1,3.0,2,4,2,1.0,0,1,1,135.58100000000002,13.234000000000009,142.198,128.964,0
YEQGOU,3.35435,1.1656999999999995,3.9372,2.7715,5.2132655,0.7878689999999997,5.6072,4.819331,1.0,0,1,1,4.5,3,6,3,2.0,2,3,1,109.605665,48.96732999999999,134.08933,85.122,0
YEQGUA,1.9687,3.9372,3.9373,0.0001,4.9800895,0.3216710000000002,5.140925,4.819254,1.0,0,1,1,3.5,1,4,3,1.5,1,2,1,99.6015,28.96234,114.08267,85.12033,0
YEYDEP,2.24885,4.4961,4.4969,0.0008,5.113614,0.4570419999999995,5.342135,4.885093,1.5,1,2,1,2.5,1,3,2,1.0,2,2,0,126.10067,13.108000000000004,132.65467,119.54667,0
YICCOD,3.1784,2.7588000000000004,4.5578,1.799,6.3001875,2.6598690000000005,7.630122,4.970253,0.0,0,0,0,4.0,4,6,2,0.5,1,1,0,103.8535,138.23034,172.96867,34.73833,1
YICKON,3.698,0.8061999999999996,4.1011,3.2949,4.6174805,1.0781869999999998,5.156574,4.078387,1.5,1,2,1,1.5,1,2,1,1.0,2,2,0,159.013165,59.54166999999998,188.784,129.24233,0
YICLAA,3.6936,0.7957999999999998,4.0915,3.2957,4.6362465,1.1182089999999991,5.195351,4.077142,1.5,1,2,1,1.5,1,2,1,1.0,2,2,0,150.831835,75.97033,188.817,112.84667,0
YIDJIE,3.83685,4.3927,6.0332,1.6405,5.8805415,2.612317,7.1867,4.574383,1.0,2,2,0,3.5,5,6,1,1.0,2,2,0,128.31217,151.125,203.87467,52.74967,0
YIFYUJ,1.35905,0.2697,1.4939,1.2242,5.5953145,1.1153209999999998,6.152975,5.037654,1.5,3,3,0,2.5,1,3,2,1.0,0,1,1,155.94533,187.292,249.59133,62.29933,0
YIHCAX,3.1773,0.9722000000000004,3.6634,2.6912,4.4400795,0.153499,4.516829,4.36333,1.5,1,2,1,1.5,1,2,1,1.0,0,1,1,166.073,74.226,203.186,128.96,0
YIJVIX,1.34895,0.5822999999999998,1.6401,1.0578,5.508079,3.3616459999999995,7.188902,3.827256,2.0,4,4,0,2.5,3,4,1,1.5,3,3,0,175.63217,245.759,298.51167,52.75267,0
YIPQIA,2.1267,0.0831999999999997,2.1683,2.0851,5.442952999999999,0.0329100000000002,5.459408,5.426498,1.0,0,1,1,2.0,0,2,2,0.5,1,1,0,86.647665,9.770669999999996,91.533,81.76233,0
YIRLOB,1.3084,0.0076,1.3122,1.3046,5.1525895,1.5227010000000003,5.91394,4.391239,1.0,0,1,1,4.0,2,5,3,1.5,1,2,1,107.108665,5.86533,110.04133,104.176,0
YIRREZ,2.66625,1.1629,3.2477,2.0848,5.2520615,0.416925,5.460524,5.043599,1.0,0,1,1,2.0,0,2,2,0.5,1,1,0,97.859165,32.19566999999999,113.957,81.76133,0
YISDIN,2.01965,3.0381,3.5387,0.5006,3.4217415,0.2516429999999996,3.547563,3.29592,0.0,0,0,0,3.5,1,4,3,0.0,0,0,0,164.427665,12.85933,170.85733,157.998,0
YIVQUQ,1.17835,2.3565,2.3566,0.0001,5.6569685,2.587301,6.950619,4.363318,1.0,2,2,0,3.0,2,4,2,0.5,1,1,0,135.07983,154.769,212.46433,57.69533,0
YIVZIP,4.135,0.0167999999999999,4.1434,4.1266,5.6634745,1.4896610000000008,6.408305,4.918644,0.5,1,1,0,2.5,3,4,1,1.0,2,2,0,73.285,36.541340000000005,91.55567,55.01433,0
YIZCUG,3.235,1.7832,4.1266,2.3434,4.9394545,2.937767,6.408338,3.470571,0.5,1,1,0,2.0,2,3,1,0.5,1,1,0,149.159335,188.29133,243.305,55.01367,0
YIZQAA,3.8832,4.9518,6.3591,1.4073,5.1344145,0.3604450000000003,5.314637,4.954192,1.5,1,2,1,3.5,3,5,2,1.5,1,2,1,159.27067,101.322,209.93167,108.60967,0
YOCSIT,0.0004,0.0008,0.0008,0.0,6.138942500000001,0.9568149999999996,6.61735,5.660535,0.5,1,1,0,6.0,0,6,6,1.5,3,3,0,122.12083,23.917,134.07933,110.16233,0
YOCZIB,1.7605499999999998,2.0705,2.7958,0.7253,5.0635235,0.6893750000000001,5.408211,4.718836,1.0,0,1,1,3.0,2,4,2,1.0,2,2,0,101.642835,29.03233,116.159,87.12667,0
YODBEA,1.309,0.7098,1.6639,0.9541,5.066784,0.6735420000000003,5.403555,4.730013,1.0,0,1,1,3.0,2,4,2,1.0,2,2,0,101.463335,29.35533000000001,116.141,86.78567,0
YOGCUU,1.3891,1.0708000000000002,1.9245,0.8537,4.931369,0.0885579999999999,4.975648,4.88709,2.0,0,2,2,2.0,0,2,2,0.0,0,0,0,216.8555,5.537000000000006,219.624,214.087,0
YOLQOF,1.41015,2.8095000000000003,2.8149,0.0054,5.377289,1.5351619999999997,6.14487,4.609708,0.5,1,1,0,3.5,1,4,3,0.5,1,1,0,104.0065,20.940339999999992,114.47667,93.53633,1
YONCAI,5.51775,2.3801,6.7078,4.3277,3.9359715,0.7703489999999995,4.321146,3.550797,1.0,0,1,1,3.0,2,4,2,1.0,2,2,0,165.180335,60.997330000000005,195.679,134.68167,0
YONLAO,2.2214,1.6498,3.0463,1.3965,5.1212695,0.1423370000000003,5.192438,5.050101,1.5,1,2,1,3.5,3,5,2,1.5,1,2,1,131.036665,48.64332999999999,155.35833,106.715,1
YORGUH,1.6889,3.3764,3.3771,0.0007,5.755735,2.3879360000000007,6.949703,4.561767,1.0,2,2,0,1.5,1,2,1,0.5,1,1,0,138.472835,161.54766999999998,219.24667,57.699,0
YOVMAA,4.759650000000001,1.3739,5.4466,4.0727,5.3065785,0.646763,5.62996,4.983197,1.0,0,1,1,2.5,1,3,2,0.5,1,1,0,135.38367,36.916,153.84167,116.92567,0
YOVMEE,2.1378,4.2754,4.2755,0.0001,5.1447995,0.3684210000000005,5.32901,4.960589,0.5,1,1,0,3.5,1,4,3,1.0,2,2,0,129.063335,121.48733,189.807,68.31967,0
YOVMUU,2.72345,5.4461,5.4465,0.0004,5.1561325,0.3449989999999996,5.328632,4.983633,0.5,1,1,0,3.0,2,4,2,1.0,2,2,0,111.08083,85.51500000000001,153.83833,68.32333,0
YOZBAT,4.14735,0.8927,4.5937,3.701,5.954052,2.0851939999999995,6.996649,4.911455,0.5,1,1,0,3.0,4,5,1,3.0,2,4,2,72.915165,72.77167,109.301,36.52933,0
YUCPIW,0.2015,0.403,0.403,0.0,5.270754,0.2305239999999999,5.386016,5.155492,1.0,0,1,1,3.0,2,4,2,1.0,2,2,0,115.378835,69.44633,150.102,80.65567,0
YUCQUJ,1.08755,2.1739,2.1745,0.0006,5.3277725,0.0283269999999999,5.341936,5.313609,2.0,0,2,2,2.0,0,2,2,1.0,2,2,0,148.999165,32.67232999999999,165.33533,132.663,0
YUCRAS,2.7655,2.2656,3.8983,1.6327,5.5586215,3.881777,7.49951,3.617733,1.0,2,2,0,2.0,2,3,1,2.0,2,3,1,135.288665,177.85933,224.21833,46.359,0
YUFDUA,2.3743,4.747199999999999,4.7479,0.0007,4.7878555,2.251577,5.913644,3.662067,2.0,0,2,2,4.5,5,7,2,2.5,5,5,0,198.597665,85.92733000000001,241.56133,155.634,0
YUFFIQ,2.51975,5.0389,5.0392,0.0003,3.7590815,0.1463430000000003,3.832253,3.68591,2.0,0,2,2,5.5,3,7,4,2.5,5,5,0,204.929665,71.07866999999999,240.469,169.39033,0
YUGQEZ,5.8952,3.4222,7.6063,4.1841,5.7593,0.0304840000000004,5.774542,5.744058,2.5,1,3,2,2.5,3,4,1,0.5,1,1,0,218.997335,36.19866999999999,237.09667,200.898,0
YUJFOY,2.5273000000000003,1.7864,3.4205,1.6341,5.470468,3.472464,7.2067,3.734236,1.5,3,3,0,3.0,4,5,1,1.0,2,2,0,200.7845,296.057,348.813,52.756,0
YUKVEI,0.9328,1.1,1.4828,0.3828,4.9553840000000005,0.615564,5.263166,4.647602,1.5,1,2,1,2.5,1,3,2,1.0,0,1,1,125.621335,52.28466999999999,151.76367,99.479,0
YUKVIM,1.04805,0.8705,1.4833,0.6128,4.949540000000001,0.6044840000000002,5.251782,4.647298,1.5,1,2,1,2.5,1,3,2,1.0,0,1,1,111.49517,80.541,151.76567,71.22467,0
YUMQOO,0.47835,0.9567,0.9567,0.0,5.8038245,0.4993990000000003,6.053524,5.554125,0.5,1,1,0,4.0,0,4,4,1.0,2,2,0,129.89683,34.852999999999994,147.32333,112.47033,0
YUPPEH,1.293,2.5836,2.5848,0.0012,5.243185,0.0961640000000008,5.291267,5.195103,0.5,1,1,0,4.5,1,5,4,1.5,1,2,1,96.036665,53.87066999999999,122.972,69.10133,0
YUPPUX,2.43705,0.2913000000000001,2.5827,2.2914,6.338516500000001,2.096685,7.386859,5.290174,0.5,1,1,0,4.5,1,5,4,1.5,1,2,1,100.282165,45.39166999999999,122.978,77.58633,0
YUQLOM,1.5684999999999998,1.9916,2.5643,0.5727,4.74926,0.1259620000000003,4.812241,4.686279,1.5,1,2,1,2.5,1,3,2,1.5,1,2,1,166.154835,63.04767000000001,197.67867,134.631,0
YUWNEJ,2.8645,3.3340000000000005,4.5315,1.1975,4.182083,1.878654,5.12141,3.242756,0.5,1,1,0,3.0,2,4,2,0.0,0,0,0,145.93932999999998,0.4860000000000184,146.18233,145.69633,0
YUYQAM,4.0436,1.3106,4.6989,3.3883,4.605176,0.2521680000000001,4.73126,4.479092,1.5,1,2,1,4.0,2,5,3,1.5,1,2,1,149.344835,68.19433000000001,183.442,115.24767,0
ZABWIM,0.0001,0.0002,0.0002,0.0,4.59376,1.1238520000000003,5.155686,4.031834,1.5,1,2,1,2.0,0,2,2,1.0,2,2,0,132.16183,103.013,183.66833,80.65533,0
ZAJHOH,1.9827,2.7462,3.3558,0.6096,5.331574,0.1614839999999997,5.412316,5.250832,1.0,0,1,1,3.5,1,4,3,1.5,1,2,1,90.632665,38.81267,110.039,71.22633,0
ZAJJAV,0.9622,0.702,1.3132,0.6112,4.821953000000001,0.8593020000000005,5.251604,4.392302,1.0,0,1,1,3.0,0,3,3,1.5,1,2,1,87.696835,32.950329999999994,104.172,71.22167,0
ZAJJEZ,1.30145,2.5357000000000003,2.5693,0.0336,4.843920000000001,0.7327219999999999,5.210281,4.477559,1.0,0,1,1,3.0,0,3,3,1.5,1,2,1,87.40799999999999,32.11134,103.46367,71.35233,0
ZAKSAI01,2.04875,4.0975,4.0975,0.0,5.1799545,0.8316409999999994,5.595775,4.764134,0.5,1,1,0,3.0,2,4,2,2.0,0,2,2,71.4825,61.379,102.172,40.793,0
ZAKSAI,2.04925,4.0985,4.0985,0.0,5.1798005,0.8323049999999999,5.595953,4.763648,0.5,1,1,0,3.0,2,4,2,2.0,0,2,2,71.4885,61.379,102.178,40.799,0
ZAKSIQ,2.7023,1.2344,3.3195,2.0851,5.3317485,0.2571430000000001,5.46032,5.203177,1.0,0,1,1,2.0,0,2,2,0.5,1,1,0,93.89333,24.266000000000005,106.02633,81.76033,0
ZAPFAX,0.97825,1.9565,1.9565,0.0,6.106476499999999,1.900667,7.05681,5.156143,0.5,1,1,0,2.0,0,2,2,2.0,0,2,2,51.90817,57.50300000000001,80.65967,23.15667,0
ZAPFEB,1.25605,1.3993,1.9557,0.5564,6.101691000000001,1.906664,7.055023,5.148359,0.5,1,1,0,2.0,0,2,2,1.5,1,2,1,58.933165,71.55167,94.709,23.15733,0
ZAPSUI,2.1343,4.267399999999999,4.268,0.0006,4.960036499999999,3.597663,6.758868,3.161205,0.0,0,0,0,2.5,3,4,1,1.5,1,2,1,75.81767,34.308,92.97167,58.66367,0
ZAPTET,2.13395,4.266699999999999,4.2673,0.0006,4.8611315,3.797091,6.759677,2.962586,0.0,0,0,0,2.5,3,4,1,1.5,1,2,1,98.1955,79.06433999999999,137.72767,58.66333,0
ZAQRES,0.789,1.578,1.578,0.0,6.4881745,2.292581,7.634465,5.341884,1.0,2,2,0,2.0,0,2,2,0.5,1,1,0,121.490335,22.350670000000008,132.66567,110.315,0
ZAQRIW,0.7789,1.5574,1.5576,0.0002,6.291603500000001,2.754055,7.668631,4.914576,1.0,2,2,0,2.0,0,2,2,0.5,1,1,0,80.1755,114.61234,137.48167,22.86933,0
ZAQROC,0.76625,1.5325,1.5325,0.0,6.371722500000001,2.4160510000000004,7.579748,5.163697,1.0,2,2,0,2.0,0,2,2,0.5,1,1,0,102.95666500000002,63.25867000000001,134.586,71.32733,0
ZAQTUG,5.82435,3.6817,7.6652,3.9835,6.170033500000001,1.995587,7.167827,5.17224,0.5,1,1,0,2.0,2,3,1,0.5,1,1,0,109.939665,137.14667,178.513,41.36633,0
ZATFOT,4.65505,4.5611,6.9356,2.3745,5.2665295,0.7113969999999998,5.622228,4.910831,0.5,1,1,0,2.5,1,3,2,1.5,1,2,1,92.375665,23.76133,104.25633,80.495,0
ZATGAG01,4.65525,4.560700000000001,6.9356,2.3749,5.266045,0.7115240000000007,5.621807,4.910283,0.5,1,1,0,2.5,1,3,2,1.5,1,2,1,92.3785,23.76634,104.26167,80.49533,0
ZATGAG,4.65485,4.560700000000001,6.9352,2.3745,5.2662145,0.7120150000000001,5.622222,4.910207,0.5,1,1,0,2.5,1,3,2,1.5,1,2,1,92.377665,23.76532999999999,104.26033,80.495,0
ZATGIO,3.46795,6.9359,6.9359,0.0,5.033007,0.2449760000000003,5.155495,4.910519,0.5,1,1,0,2.5,1,3,2,1.5,1,2,1,92.458835,23.60432999999999,104.261,80.65667,0
ZATGOU,4.581,4.7098,6.9359,2.2261,5.3593385,0.8976769999999998,5.808177,4.9105,0.5,1,1,0,2.5,1,3,2,1.5,1,2,1,92.648,23.22334,104.25967,81.03633,0
ZATHAH,4.73255,4.405900000000001,6.9355,2.5296,5.373759,0.9271279999999996,5.837323,4.910195,0.5,1,1,0,3.0,0,3,3,2.0,2,3,1,95.439,17.644660000000002,104.26133,86.61667,0
ZATHEL,4.7329,4.4056,6.9357,2.5301,5.373903,0.9270880000000004,5.837447,4.910359,0.5,1,1,0,3.0,0,3,3,2.0,2,3,1,95.439165,17.64233,104.26033,86.618,0
ZATHIP01,4.87365,4.1237,6.9355,2.8118,5.2110355,0.6016810000000001,5.511876,4.910195,0.5,1,1,0,3.0,0,3,3,2.0,2,3,1,94.962165,18.598330000000004,104.26133,85.663,1
ZATHIP,4.87365,4.1245,6.9359,2.8114,5.2112575,0.6018569999999999,5.512186,4.910329,0.5,1,1,0,3.0,0,3,3,2.0,2,3,1,94.960665,18.59733,104.25933,85.662,0
ZAZGAK,2.7773,2.6568,4.1057,1.4489,5.466887,2.57494,6.754357,4.179417,1.0,2,2,0,2.0,2,3,1,1.0,2,2,0,128.855,151.91066,204.81033,52.89967,0
ZEFCEU,0.85835,1.7153,1.716,0.0007,6.1714915,1.656993,6.999988,5.342995,1.0,2,2,0,5.5,7,9,2,1.5,3,3,0,164.188835,63.06367,195.72067,132.657,0
ZEFFEX01,1.9978,3.9954,3.9955,0.0001,5.995767,0.7997940000000003,6.395664,5.59587,0.0,0,0,0,2.5,3,4,1,1.5,1,2,1,51.1115,20.63166,61.42733,40.79567,0
ZEFTUB,1.51605,1.1259,2.079,0.9531,5.3362765,0.1339269999999999,5.40324,5.269313,1.0,0,1,1,2.5,1,3,2,1.0,2,2,0,92.6025,11.628339999999994,98.41667,86.78833,0
ZEHDUL,1.78755,1.1490999999999998,2.3621,1.213,5.338633,0.0354219999999996,5.356344,5.320922,1.5,1,2,1,2.0,0,2,2,2.0,0,2,2,156.250835,127.68833,220.095,92.40667,0
ZEHFAT,1.18085,2.3617,2.3617,0.0,5.031993,0.6485660000000006,5.356276,4.70771,1.5,1,2,1,2.0,0,2,2,2.0,0,2,2,156.779,126.63066000000002,220.09433,93.46367,0
ZEJLIM,2.612,0.8586,3.0413,2.1827,5.2177745,0.8354669999999995,5.635508,4.800041,1.5,1,2,1,2.0,0,2,2,1.0,0,1,1,130.077665,78.45533,169.30533,90.85,0
ZELDAY,0.8169,1.6338,1.6338,0.0,5.033995,0.2422719999999998,5.155131,4.912859,1.0,0,1,1,2.0,0,2,2,1.5,1,2,1,90.9525,20.59165999999999,101.24833,80.65667,0
ZENSOA,1.319,2.638,2.638,0.0,6.140969999999999,1.6192599999999997,6.9506,5.33134,0.5,1,1,0,2.5,1,3,2,0.5,1,1,0,119.395,123.372,181.081,57.709,0
ZEQCEG,3.9692,0.1143999999999998,4.0264,3.912,4.88809,0.2767520000000001,5.026466,4.749714,0.5,1,1,0,4.0,0,4,4,1.5,3,3,0,123.589665,19.85266999999999,133.516,113.66333,0
ZESMES,3.0261500000000003,1.3493,3.7008,2.3515,6.870506000000001,0.2528019999999999,6.996907,6.744105,0.0,0,0,0,4.0,6,7,1,3.0,2,4,2,67.452665,61.84667,98.376,36.52933,0
ZEVROL,0.7058,1.4114,1.4115,0.0001,4.446460999999999,0.5027660000000003,4.697844,4.195078,1.5,1,2,1,2.0,0,2,2,1.0,2,2,0,154.4325,51.08834000000002,179.97667,128.88833,0
ZEXGUH,2.327,0.2892000000000001,2.4716,2.1824,4.7372505,1.796785,5.635643,3.838858,1.5,1,2,1,2.5,1,3,2,1.0,0,1,1,151.97833,122.252,213.10433,90.85233,0
ZEXHES,1.93985,1.0649000000000002,2.4723,1.4074,4.576774,1.4750199999999998,5.314284,3.839264,1.5,1,2,1,2.5,1,3,2,1.0,0,1,1,160.854835,104.47967,213.09467,108.615,0
ZEXJOE,1.79215,1.3615000000000002,2.4729,1.1114,4.3872055,1.0958609999999998,4.935136,3.839275,1.5,1,2,1,3.5,1,4,3,2.0,2,3,1,158.602165,108.99167,213.098,104.10633,0
ZEXMOH,1.56245,0.2649000000000001,1.6949,1.43,4.4784995,1.1707250000000005,5.063862,3.893137,1.5,1,2,1,2.5,1,3,2,1.0,0,1,1,167.565335,88.51466999999998,211.82267,123.308,0
ZEXVUV,5.19035,7.845499999999999,9.1131,1.2676,5.0864205,1.3230330000000006,5.747937,4.424904,1.0,0,1,1,3.5,3,5,2,1.5,1,2,1,128.805665,95.75933,176.68533,80.926,0
ZEXWAC,5.96405,6.305499999999999,9.1168,2.8113,4.9703615,1.0841890000000003,5.512456,4.428267,1.0,0,1,1,4.0,2,5,3,2.0,2,3,1,131.172335,91.02267,176.68367,85.661,0
ZEXWEG,4.55665,9.1133,9.1133,0.0,4.7906065,0.7295010000000008,5.155357,4.425856,1.0,0,1,1,3.5,3,5,2,1.5,1,2,1,128.6775,96.037,176.696,80.659,0
ZEXWIK,5.746449999999999,6.7421,9.1175,2.3754,5.0257835,1.1921730000000004,5.62187,4.429697,1.0,0,1,1,3.5,3,5,2,1.5,1,2,1,128.59967,96.214,176.70667,80.49267,0
ZEYNID,1.9974,2.0908,3.0428,0.952,4.8765435,1.0535869999999994,5.403337,4.34975,1.0,0,1,1,3.0,2,4,2,1.5,3,3,0,95.21933,16.872,103.65533,86.78333,0
ZEYNOJ,2.07615,2.2465,3.1994,0.9529,4.8888015,1.029001,5.403302,4.374301,1.5,1,2,1,2.5,1,3,2,1.0,2,2,0,120.779165,67.98366999999999,154.771,86.78733,0
ZEYNUP,1.72765,1.5493,2.5023,0.953,5.213317,0.3799860000000006,5.40331,5.023324,1.0,0,1,1,3.0,2,4,2,1.0,2,2,0,115.502,57.42866,144.21633,86.78767,0
ZIBCEU,1.29215,2.5821,2.5832,0.0011,5.812805,0.0344200000000007,5.830015,5.795595,0.0,0,0,0,7.5,5,10,5,1.5,1,2,1,77.81433,28.854000000000006,92.24133,63.38733,0
ZIMHIO01,5.09925,2.3757,6.2871,3.9114,6.0650295,1.6333650000000004,6.881712,5.248347,0.5,1,1,0,2.5,3,4,1,1.5,1,2,1,94.196335,108.39267,148.39267,40.0,0
ZIMHIO,5.104699999999999,2.374,6.2917,3.9177,6.0636505,1.6308809999999996,6.879091,5.24821,0.5,1,1,0,2.5,3,4,1,1.5,1,2,1,94.1945,108.38366,148.38633,40.00267,0
ZIPGIR,3.0026,0.8702000000000001,3.4377,2.5675,4.923325999999999,0.892836,5.369744,4.476908,1.0,0,1,1,2.5,1,3,2,1.5,1,2,1,96.392665,14.14533,103.46533,89.32,0
ZIPHEO,3.5756,0.2757999999999998,3.7135,3.4377,5.166933,0.40571,5.369788,4.964078,1.0,0,1,1,2.5,1,3,2,1.0,0,1,1,100.233665,21.825330000000008,111.14633,89.321,0
ZIPJEQ,2.92715,1.0215,3.4379,2.4164,4.9517425,0.8364630000000002,5.369974,4.533511,1.0,0,1,1,2.5,1,3,2,1.5,1,2,1,101.403335,24.16467,113.48567,89.321,0
ZIPYIK,2.0138,1.4184,2.723,1.3046,5.32014,1.1872040000000004,5.913742,4.726538,1.0,0,1,1,4.5,1,5,4,1.0,0,1,1,111.01383,1.9509999999999927,111.98933,110.03833,0
ZIPZEH,2.1155,1.6238,2.9274,1.3036,4.973779,1.879924,5.913741,4.033817,1.0,0,1,1,5.0,0,5,5,1.0,0,1,1,151.5795,83.07965999999999,193.11933,110.03967,0
ZITJIX,6.3174,4.4244,8.5296,4.1052,5.8186845,1.871675,6.754522,4.882847,0.0,0,0,0,2.0,2,3,1,1.0,2,2,0,103.964835,102.13033,155.03,52.89967,0
ZIYFOF,3.0066,2.809,4.4111,1.6021,5.0208255,0.5077029999999993,5.274677,4.766974,1.0,0,1,1,4.5,1,5,4,1.0,0,1,1,146.572335,8.746669999999995,150.94567,142.199,1
ZIYRUY,0.6719,1.3412,1.3425,0.0013,5.5061695,0.3268969999999997,5.669618,5.342721,1.5,1,2,1,1.5,1,2,1,0.5,1,1,0,130.33817,4.63900000000001,132.65767,128.01867,0
ZOCRAM,3.65385,7.3073,7.3075,0.0002,5.139115,0.4077919999999997,5.343011,4.935219,2.0,0,2,2,3.5,3,5,2,1.0,2,2,0,171.32717,77.34899999999999,210.00167,132.65267,0
ZODWIY01,3.72675,1.1938999999999995,4.3237,3.1298,7.1567245,0.5970189999999995,7.455234,6.858215,0.0,0,0,0,2.5,3,4,1,2.0,0,2,2,56.99249999999999,40.64766,77.31633,36.66867,0
ZODWIY,3.4152500000000003,0.5733000000000001,3.7019,3.1286,7.2261425,0.4596669999999996,7.455976,6.996309,0.0,0,0,0,2.5,3,4,1,2.0,0,2,2,56.92383,40.787,77.31733,36.53033,0
ZOHTEX,3.2084,0.3927999999999998,3.4048,3.012,5.258364,0.2291819999999997,5.372955,5.143773,1.0,0,1,1,1.0,0,1,1,1.0,0,1,1,109.57017,23.51899999999999,121.32967,97.81067,0
ZOHTIB,2.99135,0.0397000000000002,3.0112,2.9715,5.370604500000001,0.0035850000000001,5.372397,5.368812,1.0,0,1,1,1.0,0,1,1,1.0,0,1,1,109.412835,23.842330000000004,121.334,97.49167,0
ZOHTOH,2.3776,1.2664000000000002,3.0108,1.7444,5.305272,0.1348580000000003,5.372701,5.237843,1.0,0,1,1,1.0,0,1,1,1.0,0,1,1,117.277165,8.103669999999994,121.329,113.22533,1
ZOHTUN,3.1881,0.3544,3.3653,3.0109,5.356581,0.0323339999999996,5.372748,5.340414,1.0,0,1,1,1.0,0,1,1,1.0,0,1,1,117.603835,7.451669999999993,121.32967,113.878,0
ZOHVEZ,3.23435,0.4470999999999998,3.4579,3.0108,5.2487705,0.2476129999999994,5.372577,5.124964,1.0,0,1,1,1.0,0,1,1,1.0,0,1,1,113.8055,15.048999999999992,121.33,106.281,0
ZOHVUP,3.6034,0.3988,3.8028,3.404,5.245312500000001,0.2022669999999999,5.346446,5.144179,1.0,0,1,1,1.0,0,1,1,1.0,0,1,1,109.445165,23.261669999999995,121.076,97.81433,0
ZOHWAW,3.38755,0.8299000000000003,3.8025,2.9726,5.3575075000000005,0.0220709999999995,5.368543,5.346472,1.0,0,1,1,1.0,0,1,1,1.0,0,1,1,109.282165,23.58433000000001,121.07433,97.49,0
ZOHWEA,3.5846,0.4362000000000003,3.8027,3.3665,5.3431435,0.0065189999999999,5.346403,5.339884,1.0,0,1,1,1.0,0,1,1,1.0,0,1,1,117.479,7.193340000000006,121.07567,113.88233,0
ZOHWIE,3.97505,0.3464999999999998,4.1483,3.8018,5.2243200000000005,0.2445820000000003,5.346611,5.102029,1.0,0,1,1,1.0,0,1,1,1.0,0,1,1,116.988165,8.170329999999993,121.07333,112.903,0
ZOHWOK,2.9308,1.7024,3.782,2.0796,4.9874915,0.5620829999999994,5.268533,4.70645,1.0,0,1,1,2.5,1,3,2,2.0,0,2,2,103.271665,9.70133,108.12233,98.421,0
ZOHWUQ,3.0909000000000004,4.279,5.2304,0.9514,4.7965045,0.1927129999999994,4.892861,4.700148,1.0,0,1,1,2.5,1,3,2,2.0,0,2,2,102.32717,10.864999999999997,107.75967,96.89467,0
ZOHXAX,3.84475,1.5256999999999996,4.6076,3.0819,4.856461,0.313148,5.013035,4.699887,1.0,0,1,1,3.0,2,4,2,2.5,1,3,2,106.78867,7.885999999999996,110.73167,102.84567,0
ZOKYUV,2.5288,1.4526,3.2551,1.8025,5.3622875,0.8258790000000005,5.775227,4.949348,0.0,0,0,0,3.0,2,4,2,1.0,0,1,1,103.392,7.053340000000006,106.91867,99.86533,0
ZONQIC,4.5049,1.4133999999999998,5.2116,3.7982,5.7133995,0.2810990000000002,5.853949,5.57285,0.5,1,1,0,2.0,2,3,1,0.5,1,1,0,131.5765,8.716340000000017,135.93467,127.21833,0
ZORVIL,1.1465,0.5684000000000001,1.4307,0.8623,5.5411375,1.5435629999999998,6.312919,4.769356,1.5,3,3,0,1.0,0,1,1,1.0,0,1,1,149.4185,159.12900000000002,228.983,69.854,1
ZORVUX,1.6317,0.1744000000000001,1.7189,1.5445,5.484897999999999,2.0317800000000004,6.500788,4.469008,1.5,3,3,0,1.5,1,2,1,1.0,0,1,1,175.2085,225.50966,287.96333,62.45367,0
ZOXVUF,4.538,3.735,6.4055,2.6705,4.6839135,0.989929,5.178878,4.188949,1.5,1,2,1,3.5,3,5,2,1.5,1,2,1,149.158165,56.80966999999998,177.563,120.75333,0
ZOYBEW,2.8073,2.149,3.8818,1.7328,4.946901,0.1323119999999997,5.013057,4.880745,0.5,1,1,0,4.0,0,4,4,1.0,2,2,0,125.54,15.972660000000005,133.52633,117.55367,0
ZOYCAT,3.05345,2.2369,4.1719,1.935,4.249227,1.234746,4.8666,3.631854,2.0,2,3,1,2.5,3,4,1,1.0,2,2,0,147.74517,60.255,177.87267,117.61767,0
ZOYCEX,1.79495,0.1245,1.8572,1.7327,5.194602,0.628342,5.508773,4.880431,1.0,0,1,1,3.0,2,4,2,1.5,1,2,1,103.614835,27.88033,117.555,89.67467,0
ZOYCIB,2.7056,1.4606,3.4359,1.9753,5.0699445,0.5986229999999999,5.369256,4.770633,1.0,0,1,1,3.0,2,4,2,1.5,1,2,1,103.879165,29.116330000000005,118.43733,89.321,0
ZOYCOH,2.8889,1.6285999999999996,3.7032,2.0746,5.890849,2.2105940000000004,6.996146,4.785552,0.5,1,1,0,2.5,3,4,1,2.0,0,2,2,77.47417,81.88499999999999,118.41667,36.53167,0
ZPHCYQ,4.28015,0.5038999999999998,4.5321,4.0282,3.6827235,0.879937,4.122692,3.242755,1.5,3,3,0,3.0,2,4,2,0.0,0,0,0,155.088165,18.790329999999983,164.48333,145.693,0
ZUDSIC,2.2987,3.555,4.0762,0.5212,6.627951,0.1023699999999996,6.679136,6.576766,0.5,1,1,0,3.5,5,6,1,1.5,3,3,0,80.324,17.407340000000005,89.02767,71.62033,0
ZUFPEX,1.899,3.798,3.798,0.0,6.189318,0.6710419999999999,6.524839,5.853797,0.0,0,0,0,0.5,1,1,0,0.0,0,0,0,101.3445,51.743660000000006,127.21633,75.47267,0
ZUKSON,2.0633,4.1266,4.1266,0.0,6.204217,0.40836,6.408397,6.000037,0.0,0,0,0,2.5,3,4,1,1.0,2,2,0,116.04633,122.068,177.08033,55.01233,0
ZUPLEB,1.24795,2.4959,2.4959,0.0,5.544702,3.91921,7.504307,3.585097,1.5,3,3,0,3.0,2,4,2,1.0,2,2,0,113.08,121.09134000000002,173.62567,52.53433,0
ZUYLAI,4.709899999999999,0.6765999999999996,5.0482,4.3716,6.160532,1.5084619999999995,6.914763,5.406301,0.5,1,1,0,1.5,1,2,1,1.5,1,2,1,63.26817,52.973000000000006,89.75467,36.78167,0
ZZZAKD10,5.26765,0.3581000000000003,5.4467,5.0886,5.1248345,0.2821389999999999,5.265904,4.983765,1.0,0,1,1,2.5,1,3,2,1.5,3,3,0,154.19933500000002,0.7253300000000138,154.562,153.83667,0
CECPUY,3.03935,1.0056999999999996,3.5422,2.5365,4.248918,2.341708,5.419772,3.078064,0.5,1,1,0,2.0,4,4,0,0.5,1,1,0,108.18733,46.378,131.37633,84.99833,0
CECRIO,2.1856,2.7116,3.5414,0.8298,4.322895,2.490108,5.567949,3.077841,0.5,1,1,0,2.0,4,4,0,0.5,1,1,0,152.0595,41.37034000000003,172.74467,131.37433,0
CECXEQ,2.8584,1.367,3.5419,2.1749,4.2840645,2.412605,5.490367,3.077762,0.5,1,1,0,2.0,4,4,0,0.5,1,1,0,107.9025,46.95299999999999,131.379,84.426,0
DOJKIY,2.9988,1.085,3.5413,2.4563,4.816165,3.474438,6.553384,3.078946,0.5,1,1,0,2.0,4,4,0,1.0,0,1,1,100.458665,61.84532999999999,131.38133,69.536,0
EJOMIB,3.92455,0.7673000000000001,4.3082,3.5409,3.8299,1.5043580000000003,4.582079,3.077721,1.0,2,2,0,2.0,4,4,0,1.5,1,2,1,155.56,48.36865999999998,179.74433,131.37567,0
GINKUK,0.276,0.5418000000000001,0.5469,0.0051,3.853708,1.6019620000000003,4.654689,3.052727,1.0,2,2,0,3.0,2,4,2,1.0,2,2,0,116.205,11.309339999999992,121.85967,110.55033,0
HOLPEE,3.6785,0.2744,3.8157,3.5413,4.2146095,2.272441,5.35083,3.078389,0.5,1,1,0,2.5,3,4,1,1.0,0,1,1,105.038665,52.68467,131.381,78.69633,0
HUFZUE,2.27755,4.5531,4.5541,0.001,4.812491,3.520598000000001,6.57279,3.052192,0.0,0,0,0,2.5,3,4,1,1.5,1,2,1,117.77333,8.168000000000006,121.85733,113.68933,0
KOQGEC,3.6736,0.2628000000000003,3.805,3.5422,6.308076499999999,6.460073,9.538113,3.07804,0.0,0,0,0,2.0,4,4,0,1.0,0,1,1,81.92716499999999,98.89433,131.37433,32.48,0
MAKTEB,6.6457,13.288,13.2897,0.0017,4.110564,1.44515,4.833139,3.387989,0.5,1,1,0,2.5,3,4,1,1.0,2,2,0,143.291665,8.048670000000016,147.316,139.26733,0
MAMPUM01,0.0,0.0,0.0,0.0,3.3186565,0.5328710000000001,3.585092,3.052221,1.5,3,3,0,3.0,2,4,2,1.0,2,2,0,147.7245,51.74633999999999,173.59767,121.85133,0
MOGBIV,4.12225,1.1647000000000003,4.7046,3.5399,3.753539,1.3509259999999998,4.429002,3.078076,1.0,2,2,0,2.5,3,4,1,0.5,1,1,0,117.1385,28.477000000000004,131.377,102.9,0
NUYCEQ,2.5056,2.0728,3.542,1.4692,4.366596,2.5770120000000003,5.655102,3.07809,0.5,1,1,0,2.0,4,4,0,0.5,1,1,0,101.337835,60.07233,131.374,71.30167,0
NUYCEQ01,2.50685,2.0755,3.5446,1.4691,4.366630499999999,2.577103,5.655182,3.078079,0.5,1,1,0,2.0,4,4,0,0.5,1,1,0,101.34016499999998,60.07566999999999,131.378,71.30233,0
NUYDER,2.5002500000000003,2.0821,3.5413,1.4592,7.070786,7.984801999999999,11.063187,3.078385,0.0,0,0,0,2.0,4,4,0,0.5,1,1,0,81.543335,99.66933,131.378,31.70867,0
ODIHIU,2.1345500000000004,4.2649,4.267,0.0021,4.905321000000001,3.708438,6.75954,3.051102,0.0,0,0,0,2.5,3,4,1,1.5,1,2,1,90.254335,63.18467,121.84667,58.662,0
OMIXIR,3.70165,0.3239000000000001,3.8636,3.5397,5.914631,5.672498000000001,8.75088,3.078382,0.0,0,0,0,2.0,4,4,0,1.0,0,1,1,96.617665,69.51667,131.376,61.85933,0
PAGXOL,4.26025,1.4365000000000006,4.9785,3.542,4.603228,3.050864,6.12866,3.077796,0.5,1,1,0,2.0,4,4,0,1.0,0,1,1,117.806835,27.14033000000001,131.377,104.23667,0
POVZEG,3.83885,0.5920999999999998,4.1349,3.5428,4.0422665,1.9279230000000005,5.006228,3.078305,0.5,1,1,0,2.5,3,4,1,1.0,0,1,1,107.488,47.77066000000001,131.37333,83.60267,0
SADTIC03,2.1344,4.2658,4.2673,0.0015,4.9057635,3.707647,6.759587,3.05194,0.0,0,0,0,2.5,3,4,1,1.5,1,2,1,90.25983,63.19500000000001,121.85733,58.66233,0
SADTIC09,2.1347500000000004,4.2675,4.2685,0.001,4.9050205,3.707785,6.758913,3.051128,0.0,0,0,0,2.5,3,4,1,1.5,1,2,1,90.2585,63.18966,121.85333,58.66367,0
SADTOI,2.18465,4.3693,4.3693,0.0,4.8196935,3.537447,6.588417,3.05097,0.0,0,0,0,2.5,3,4,1,1.5,1,2,1,96.3915,50.92566000000001,121.85433,70.92867,0
SEYHEM,0.3159499999999999,0.6309,0.6314,0.0005,4.1581025,2.212363,5.264284,3.051921,0.5,1,1,0,3.0,2,4,2,1.0,2,2,0,97.563665,48.58733000000001,121.85733,73.27,0
SEYHOW,3.91955,0.7526999999999995,4.2959,3.5432,4.0023065,1.847777,4.926195,3.078418,0.5,1,1,0,2.5,3,4,1,0.5,1,1,0,113.7665,35.22233999999999,131.37767,96.15533,0
SIYCAF,3.36735,0.3489,3.5418,3.1929,3.547917,0.9401419999999998,4.017988,3.077846,1.5,3,3,0,2.5,3,4,1,0.5,1,1,0,159.75549999999998,56.75634,188.13367,131.37733,0
SOHXIY,7.2335,7.386000000000001,10.9265,3.5405,3.3119475,0.4666749999999999,3.545285,3.07861,1.0,2,2,0,4.0,0,4,4,1.5,1,2,1,194.010335,125.27133,256.646,131.37467,0
SOHXIY01,7.234,7.3824,10.9252,3.5428,3.3116405,0.4677229999999999,3.545502,3.077779,1.0,2,2,0,4.0,0,4,4,1.5,1,2,1,194.0165,125.26965999999996,256.65133,131.38167,0
UMIQIR,0.0,0.0,0.0,0.0,4.1443665,2.188317,5.238525,3.050208,0.5,1,1,0,3.0,2,4,2,1.0,2,2,0,104.827335,34.06466999999999,121.85967,87.795,0
UVUSEK,3.51105,0.0715000000000003,3.5468,3.4753,4.3631405,2.571661,5.648971,3.07731,0.5,1,1,0,2.5,3,4,1,0.5,1,1,0,106.174,50.39533999999999,131.37167,80.97633,0
UWUJOM,4.0275,0.968,4.5115,3.5435,3.7136375,1.2700910000000003,4.348683,3.078592,1.0,2,2,0,2.5,3,4,1,0.5,1,1,0,147.435835,32.13432999999998,163.503,131.36867,0
UWUJUS,4.00445,0.9293,4.4691,3.5398,3.5551725000000003,0.9538350000000002,4.03209,3.078255,1.0,2,2,0,2.5,3,4,1,0.5,1,1,0,150.825335,38.90066999999999,170.27567,131.375,0
UWUJUS01,4.00745,0.9239000000000002,4.4694,3.5455,3.5548305,0.954657,4.032159,3.077502,1.0,2,2,0,2.5,3,4,1,0.5,1,1,0,150.826165,38.904330000000016,170.27833,131.374,0
UWUJUS02,4.00465,0.9292999999999996,4.4693,3.54,3.5548035,0.9546610000000002,4.032134,3.077473,1.0,2,2,0,2.5,3,4,1,0.5,1,1,0,150.829835,38.897670000000005,170.27867,131.381,0
UWUKAZ01,4.4536,2.7766,5.8419,3.0653,3.473569,1.4353319999999998,4.191235,2.755903,1.0,2,2,0,2.5,3,4,1,0.5,1,1,0,147.45,29.68665999999999,162.29333,132.60667,0
UWUKAZ03,4.21375,1.3413000000000004,4.8844,3.5431,3.589067,1.0226659999999996,4.1004,3.077734,1.0,2,2,0,2.5,3,4,1,0.5,1,1,0,147.269165,31.79233000000002,163.16533,131.373,0
VAQHUS,3.99355,0.9026999999999998,4.4449,3.5422,3.7093735,1.263099,4.340923,3.077824,1.0,2,2,0,2.5,3,4,1,0.5,1,1,0,186.152335,109.55267,240.92867,131.376,0
VIPYAX,2.2426500000000003,4.4847,4.485,0.0003,5.0183285,3.932879,6.984768,3.051889,0.0,0,0,0,2.5,3,4,1,2.0,0,2,2,88.56,66.57865999999999,121.84933,55.27067,0
WADVAA,2.1962,2.6928,3.5426,0.8498,6.445282,6.734029999999999,9.812297,3.078267,0.0,0,0,0,2.0,4,4,0,1.0,0,1,1,104.993665,52.771330000000006,131.37933,78.608,0
WATREP,0.0003,0.0006,0.0006,0.0,4.25686,2.4099479999999995,5.461834,3.051886,0.5,1,1,0,3.0,2,4,2,1.0,2,2,0,118.65567,6.402000000000001,121.85667,115.45467,0
WOGWUL,2.90775,1.2645,3.54,2.2755,4.5327865,2.9092290000000003,5.987401,3.078172,0.5,1,1,0,2.5,3,4,1,0.5,1,1,0,92.05533,78.64999999999998,131.38033,52.73033,0
WUXYUJ01,2.8725,1.3415999999999997,3.5433,2.2017,4.4259485000000005,2.6946090000000003,5.773253,3.078644,0.5,1,1,0,2.0,4,4,0,0.5,1,1,0,108.443665,45.86132999999998,131.37433,85.513,0
WUXZAQ,2.69365,1.6932999999999998,3.5403,1.847,4.2176035,2.279151,5.357179,3.078028,0.5,1,1,0,2.0,4,4,0,0.5,1,1,0,108.508835,45.74567000000002,131.38167,85.636,0
WUXZEU,2.3177,2.4504,3.5429,1.0925,4.2593285000000005,2.362915,5.440786,3.077871,0.5,1,1,0,2.0,4,4,0,0.5,1,1,0,108.3605,46.029,131.375,85.346,0
WUXZIY,3.26145,0.5670999999999999,3.545,2.9779,4.3810345,2.605359,5.683714,3.078355,0.5,1,1,0,2.0,4,4,0,0.5,1,1,0,107.83367,47.09600000000002,131.38167,84.28567,0
CADPAB,3.75185,0.4215,3.9626,3.5411,5.395573000000001,4.6337660000000005,7.712456,3.07869,0.0,0,0,0,2.5,3,4,1,1.5,1,2,1,109.29833,44.138000000000005,131.36733,87.22933,1
MAMPUM02,0.00035,0.0004999999999999,0.0006,0.0001,3.3180665,0.5321009999999999,3.584117,3.052016,1.5,3,3,0,3.0,2,4,2,1.0,2,2,0,147.74833,51.77799999999999,173.63733,121.85933,1
PAZHOO,5.2394,3.3954,6.9371,3.5417,3.978625,1.8010520000000003,4.879151,3.078099,0.5,1,1,0,2.5,3,4,1,1.0,0,1,1,104.69633,53.36,131.37633,78.01633,1
POVZIK,5.6293,4.1728000000000005,7.7157,3.5429,3.6423345,1.128529,4.206599,3.07807,0.5,1,1,0,2.5,3,4,1,1.0,0,1,1,107.223165,48.30367,131.375,83.07133,1
TASLUY,2.6575,1.7684,3.5417,1.7733,3.4703285,0.784627,3.862642,3.078015,1.0,2,2,0,2.5,3,4,1,1.0,0,1,1,130.582835,1.5903299999999945,131.378,129.78767,1
TIVDAF,3.3026,0.4748000000000001,3.54,3.0652,3.6684,1.1801020000000002,4.258451,3.078349,1.5,3,3,0,3.5,1,4,3,0.5,1,1,0,165.747,68.74334000000002,200.11867,131.37533,1
UWUKAZ,4.213,1.3432,4.8846,3.5414,3.589205,1.0220859999999998,4.100248,3.078162,1.0,2,2,0,2.5,3,4,1,0.5,1,1,0,147.26833,31.78800000000001,163.16233,131.37433,1
