Original Item,Refcode,Temperature,SMILES,Spacegroup,Polymorph,Temperature_Num,Temperature_Category,coformer1,coformer2
ETIXIR,ETIXIR,295 K,NC(=[NH2+])NC(N)=S.O=C([O-])c1ccccn1,P-1,False,295.0,highT,NC(=[NH2+])NC(N)=S,O=C([O-])c1ccccn1
NAKZOR,NAKZOR,296 K,OC(=O)c1ccccc1C(=O)[O-].NNC(=O)c1cc[nH+]cc1,P-1,False,296.0,highT,OC(=O)c1ccccc1C(=O)[O-],NNC(=O)c1cc[nH+]cc1
NUMZED,NUMZED,298 K,COc1ccc(cc1)C(O)=O.Fc1c(F)c(F)c(N=Cc2ccncc2)c(F)c1F,P-1,False,298.0,highT,COc1ccc(cc1)C(O)=O,Fc1c(F)c(F)c(N=Cc2ccncc2)c(F)c1F
AYIJUP,AYIJUP,296 K,c1ccc2ncccc2c1.OC(=O)CCSC1=CC(=O)C(=O)c2ccccc12,P21/c,False,296.0,highT,c1ccc2ncccc2c1,OC(=O)CCSC1=CC(=O)C(=O)c2ccccc12
ATOLIF,ATOLIF,at 300 K,OC(=O)c1cc(ccc1O)S(=O)(=O)[O-].[NH3+]CCc1ccc(O)c(O)c1,C2/c,False,300.0,highT,OC(=O)c1cc(ccc1O)S(=O)(=O)[O-],[NH3+]CCc1ccc(O)c(O)c1
QAXZIB,QAXZIB,293 K,c1cc(ccn1)C=Cc1ccncc1.NC(=S)NN=Cc1ccc(O)cc1O,P-1,False,293.0,highT,c1cc(ccn1)C=Cc1ccncc1,NC(=S)NN=Cc1ccc(O)cc1O
ECEQIP,ECEQIP,295 K,COc1cc[nH+]cc1.OC(=O)CNc1ccccc1C(=O)[O-],C2/c,False,295.0,highT,COc1cc[nH+]cc1,OC(=O)CNc1ccccc1C(=O)[O-]
TITJAI,TITJAI,at 295 K,C1COCCO1.NC(=O)c1cc(nc(Cl)n1)c1ccccc1,P-1,False,295.0,highT,C1COCCO1,NC(=O)c1cc(nc(Cl)n1)c1ccccc1
TEHNAW01,TEHNAW01,at 298 K,Oc1ccc(cc1)c1ccc(O)cc1.N#Cc1ccncc1,P21/n,False,298.0,highT,Oc1ccc(cc1)c1ccc(O)cc1,N#Cc1ccncc1
VAKKEA,VAKKEA,298 K,[NH3+]C(Cc1ccccc1)C(=O)Nc1cccnc1.Brc1ccc(cc1)C(=O)[O-],P212121,False,298.0,highT,[NH3+]C(Cc1ccccc1)C(=O)Nc1cccnc1,Brc1ccc(cc1)C(=O)[O-]
TEJNEC,TEJNEC,at 293 K,O=C(NNc1ccccc1)NNc1ccccc1.NC(=O)NNc1ccccc1,P21/n,False,293.0,highT,O=C(NNc1ccccc1)NNc1ccccc1,NC(=O)NNc1ccccc1
YECWUC,YECWUC,298 K,NC(=O)c1ccc(O)cc1.CN1C(=O)N(C)C2=C(N(CC(O)=O)C=N2)C1=O,P21/n,False,298.0,highT,NC(=O)c1ccc(O)cc1,CN1C(=O)N(C)C2=C(N(CC(O)=O)C=N2)C1=O
WARPEN,WARPEN,298.1 K,NC(=O)c1ccncc1.OB1OCc2cc(F)ccc12,P21/c,False,298.0,highT,NC(=O)c1ccncc1,OB1OCc2cc(F)ccc12
JOKYIU,JOKYIU,302 K,C1CN2CCN1CC2.Nc1ccc(cc1)S(=O)(=O)Nc1ccc(Cl)nn1,P21/c,False,302.0,highT,C1CN2CCN1CC2,Nc1ccc(cc1)S(=O)(=O)Nc1ccc(Cl)nn1
TEZNIX,TEZNIX,at 298 K,OC(=O)Cc1ccc(CC(O)=O)cc1.Nc1nc(N)nc(n1)c1ccccc1,Pbca,False,298.0,highT,OC(=O)Cc1ccc(CC(O)=O)cc1,Nc1nc(N)nc(n1)c1ccccc1
TIBXEL,TIBXEL,294 K,COc1cc(Cc2c[nH+]c(N)nc2N)cc(OC)c1OC.CN1C(=O)N(C)C2=C(N(CC(=O)[O-])C=N2)C1=O,P-1,False,294.0,highT,COc1cc(Cc2c[nH+]c(N)nc2N)cc(OC)c1OC,CN1C(=O)N(C)C2=C(N(CC(=O)[O-])C=N2)C1=O
MUZFEU,MUZFEU,298 K,c1cc(ccn1)C=Cc1ccncc1.Oc1cc(O)c(Br)cc1Br,P-1,False,298.0,highT,c1cc(ccn1)C=Cc1ccncc1,Oc1cc(O)c(Br)cc1Br
EPAXAX,EPAXAX,293 K,OCS(=O)(=O)[O-].[NH3+]C(CO)(CO)CO,P21/c,False,293.0,highT,OCS(=O)(=O)[O-],[NH3+]C(CO)(CO)CO
MOCCUE,MOCCUE,293 K,Cc1ccc(cc1)S(O)(=O)=O.COc1cc(OC)nc(N)n1,P-1,False,293.0,highT,Cc1ccc(cc1)S(O)(=O)=O,COc1cc(OC)nc(N)n1
ACETAF,ACETAF,at 298 K,OC(=O)c1ccccc1O.CN1N=NC2=C(N=CN2C1=O)C(N)=O,P-1,False,298.0,highT,OC(=O)c1ccccc1O,CN1N=NC2=C(N=CN2C1=O)C(N)=O
YANBEX,YANBEX,293 K,c1cc(ccn1)C=Cc1ccncc1.CNC(=S)NN=C(C)c1ccc(O)cc1O,P21/n,False,293.0,highT,c1cc(ccn1)C=Cc1ccncc1,CNC(=S)NN=C(C)c1ccc(O)cc1O
ACOPOA,ACOPOA,296 K,OC(=O)c1cc(O)cc(O)c1.NC(=O)c1cnccn1,P21/c,False,296.0,highT,OC(=O)c1cc(O)cc(O)c1,NC(=O)c1cnccn1
MIHSIJ,MIHSIJ,295 K,CC(C)=CC(=O)[O-].[NH3+]C(CCCNC(N)=[NH2+])C(=O)[O-],P212121,False,295.0,highT,CC(C)=CC(=O)[O-],[NH3+]C(CCCNC(N)=[NH2+])C(=O)[O-]
NEBWOK,NEBWOK,293 K,CCOc1ccc(cc1)C(=O)[O-].O=N(=O)c1ccc(cc1)N1CC[NH2+]CC1,P-1,False,293.0,highT,CCOc1ccc(cc1)C(=O)[O-],O=N(=O)c1ccc(cc1)N1CC[NH2+]CC1
GUYZOS,GUYZOS,300 K,NC(=O)c1cc[nH+]cc1.OC(=O)c1ccccc1C(=O)[O-],P21/n,False,300.0,highT,NC(=O)c1cc[nH+]cc1,OC(=O)c1ccccc1C(=O)[O-]
CAKYOE,CAKYOE,at 298 K,Oc1c(Cl)cc(Cl)cc1Cl.CC1=NN=C2CN=C(c3ccccc3)c3cc(Cl)ccc3N12,P21/c,False,298.0,highT,Oc1c(Cl)cc(Cl)cc1Cl,CC1=NN=C2CN=C(c3ccccc3)c3cc(Cl)ccc3N12
YECHIY,YECHIY,at 293 K,O1C(=NN=C1c1cccnc1)c1cccnc1.OC(=O)CCCCCCC(O)=O,C2/c,False,293.0,highT,O1C(=NN=C1c1cccnc1)c1cccnc1,OC(=O)CCCCCCC(O)=O
ZAZGEO,ZAZGEO,at 298 K,[NH2+]=C1NC(=O)NC=C1.Cc1cccc(Nc2ccccc2C(=O)[O-])c1C,P-1,False,298.0,highT,[NH2+]=C1NC(=O)NC=C1,Cc1cccc(Nc2ccccc2C(=O)[O-])c1C
GAHHUT,GAHHUT,at 293 K,Oc1cccc2ccc[nH+]c12.O=N(=O)c1cc(c([O-])c(c1)N(=O)=O)N(=O)=O,P21/c,False,293.0,highT,Oc1cccc2ccc[nH+]c12,O=N(=O)c1cc(c([O-])c(c1)N(=O)=O)N(=O)=O
EFUNUP,EFUNUP,at 294 K,O=C([O-])c1ccc(cc1)N(=O)=O.NC1=CC=[NH+]C(=O)N1,P-1,False,294.0,highT,O=C([O-])c1ccc(cc1)N(=O)=O,NC1=CC=[NH+]C(=O)N1
ULEKIG,ULEKIG,at 296 K,c1cc(ccn1)c1ccncc1.OC(=O)c1cc(F)cc(c1)C(O)=O,P21/n,False,296.0,highT,c1cc(ccn1)c1ccncc1,OC(=O)c1cc(F)cc(c1)C(O)=O
AWAYUV,AWAYUV,293 K,C[NH+]1CCOCC1.COc1cc(cc(OC)c1OC)C1CC(=O)NC(=C1C#N)[S-],P-1,False,293.0,highT,C[NH+]1CCOCC1,COc1cc(cc(OC)c1OC)C1CC(=O)NC(=C1C#N)[S-]
LAWBER,LAWBER,at 273 K,OC(=O)c1cccc(c1)C(O)=O.Cc1ccncc1,Cc,False,273.0,highT,OC(=O)c1cccc(c1)C(O)=O,Cc1ccncc1
UDABOU,UDABOU,296 K,Oc1ccc(c(O)c1)C(=O)[O-].Nc1cc(nc(N)[n+]1O)N1CCCCC1,P21/c,False,296.0,highT,Oc1ccc(c(O)c1)C(=O)[O-],Nc1cc(nc(N)[n+]1O)N1CCCCC1
XAQCIC,XAQCIC,at 25 deg.C,Cc1ccc(cc1)S(=O)(=O)[O-].CC([NH2+]C(CF)c1ccccc1)c1ccccc1,P21,False,298.0,highT,Cc1ccc(cc1)S(=O)(=O)[O-],CC([NH2+]C(CF)c1ccccc1)c1ccccc1
VEJZAO,VEJZAO,298.9 K,NC(=O)c1ccccc1.NS(=O)(=O)c1cc2c(NC=NS2(=O)=O)cc1Cl,Pnma,False,298.0,highT,NC(=O)c1ccccc1,NS(=O)(=O)c1cc2c(NC=NS2(=O)=O)cc1Cl
IKANAK,IKANAK,at 293 K,c1cnc2c(c1)ccc1cccnc21.OC(=O)c1ccc2C(=O)OC(=O)c3ccc(C(O)=O)c1c23,P-1,False,293.0,highT,c1cnc2c(c1)ccc1cccnc21,OC(=O)c1ccc2C(=O)OC(=O)c3ccc(C(O)=O)c1c23
RIDVIK,RIDVIK,at 296.1 K,CCOP([O-])(=S)c1ccccc1.[NH3+]C(C)c1ccccc1OC,P21,False,296.0,highT,CCOP([O-])(=S)c1ccccc1,[NH3+]C(C)c1ccccc1OC
XOTPUU,XOTPUU,293.1 K,C[N+]1=C(C)N(CCON(=O)=O)C=C1.O=N(=O)c1cc(c([O-])c(c1)N(=O)=O)N(=O)=O,P21/c,False,293.0,highT,C[N+]1=C(C)N(CCON(=O)=O)C=C1,O=N(=O)c1cc(c([O-])c(c1)N(=O)=O)N(=O)=O
GIMTON,GIMTON,at 293 K,Clc1ccc(cc1)S(=O)(=O)CC(=O)[O-].C[NH+](CCO)CCO,P1,False,293.0,highT,Clc1ccc(cc1)S(=O)(=O)CC(=O)[O-],C[NH+](CCO)CCO
YAWQOD,YAWQOD,at 293 K,FC1=C(F)C(C(=C(F)C1=C(C#N)C#N)F)=C(C#N)C#N.OCC1=C(CO)SC(S1)=C1SC(=C(CO)S1)CO,P-1,False,293.0,highT,FC1=C(F)C(C(=C(F)C1=C(C#N)C#N)F)=C(C#N)C#N,OCC1=C(CO)SC(S1)=C1SC(=C(CO)S1)CO
XIYSIK,XIYSIK,298 K,OC(CN1C=NC=N1)(CN1C=NC=N1)c1ccc(F)cc1F.OC(=O)C=CC(O)=O,P21/n,False,298.0,highT,OC(CN1C=NC=N1)(CN1C=NC=N1)c1ccc(F)cc1F,OC(=O)C=CC(O)=O
QUBQAF,QUBQAF,at 296 K,CC1=CC(=CC(=O)O1)OCc1ccccc1.O=C1NC(=O)C=C1,P-1,False,296.0,highT,CC1=CC(=CC(=O)O1)OCc1ccccc1,O=C1NC(=O)C=C1
EYUROI,EYUROI,296 K,NC(=O)c1nc(F)cnc1O.COc1cc(C=CC(O)=O)ccc1O,P-1,False,296.0,highT,NC(=O)c1nc(F)cnc1O,COc1cc(C=CC(O)=O)ccc1O
CEXNEC,CEXNEC,293 K,OC(=O)c1cc(O)c(Br)c(O)c1.c1cc(ccn1)c1ccncc1,P-1,False,293.0,highT,OC(=O)c1cc(O)c(Br)c(O)c1,c1cc(ccn1)c1ccncc1
QUTMOI,QUTMOI,at 296 K,c1ccc2ncccc2c1.OC(=O)c1ccc(C(O)=O)c2c(ccc(C(O)=O)c12)C(O)=O,P21/n,False,296.0,highT,c1ccc2ncccc2c1,OC(=O)c1ccc(C(O)=O)c2c(ccc(C(O)=O)c12)C(O)=O
KATBAJ,KATBAJ,at 293 K,OC(=O)c1ccc(cc1)C(O)=O.C(Cc1ccncc1)Cc1ccncc1,C2/c,False,293.0,highT,OC(=O)c1ccc(cc1)C(O)=O,C(Cc1ccncc1)Cc1ccncc1
YAGKEY,YAGKEY,at 293 K,OC(=O)C=CC(=O)[O-].CN1CC(=O)[NH+]=C1N,P21/n,False,293.0,highT,OC(=O)C=CC(=O)[O-],CN1CC(=O)[NH+]=C1N
EYIWEO,EYIWEO,at 295 K,OC(=O)c1cc(ccc1O)S(=O)(=O)[O-].Oc1cccc2ccc[nH+]c12,P21/n,False,295.0,highT,OC(=O)c1cc(ccc1O)S(=O)(=O)[O-],Oc1cccc2ccc[nH+]c12
GUHHEX,GUHHEX,at 293 K,O=C([O-])C[n+]1ccc(cc1)C(=O)[O-].OC(=O)C[n+]1ccc(cc1)C(O)=O,P21/n,False,293.0,highT,O=C([O-])C[n+]1ccc(cc1)C(=O)[O-],OC(=O)C[n+]1ccc(cc1)C(O)=O
VEFWAF,VEFWAF,at 298 K,OC(=O)c1cc(O)c(Br)c(O)c1.c1cc(ccn1)c1ccncc1,P21/n,False,298.0,highT,OC(=O)c1cc(O)c(Br)c(O)c1,c1cc(ccn1)c1ccncc1
EXEJOH,EXEJOH,at 293 K,C1N2CN3CN1CN(C2)C3.Oc1c(Br)cc(Cc2cc(Br)c(O)c(Br)c2)cc1Br,P-1,False,293.0,highT,C1N2CN3CN1CN(C2)C3,Oc1c(Br)cc(Cc2cc(Br)c(O)c(Br)c2)cc1Br
JIQFIB,JIQFIB,296 K,Oc1ccc(c(O)c1)C(=O)[O-].[NH3+]CC1CCC(CC1)C(O)=O,P21/n,False,296.0,highT,Oc1ccc(c(O)c1)C(=O)[O-],[NH3+]CC1CCC(CC1)C(O)=O
WUYRIR,WUYRIR,at 293 K,CN1C(=O)N(C)C2=C([N-]C=N2)C1=O.[NH3+]CCO,P-1,False,293.0,highT,CN1C(=O)N(C)C2=C([N-]C=N2)C1=O,[NH3+]CCO
LIQSUC,LIQSUC,295 K,OC(=O)c1cc(C(O)=O)c(cc1C(O)=O)C(O)=O.c1cnccn1,P21/c,False,295.0,highT,OC(=O)c1cc(C(O)=O)c(cc1C(O)=O)C(O)=O,c1cnccn1
WIWNAU,WIWNAU,293 K,Oc1cc(O)cc(O)c1.NNC(=O)c1ccncc1,P21/c,False,293.0,highT,Oc1cc(O)cc(O)c1,NNC(=O)c1ccncc1
GIDGAF,GIDGAF,294 K,O=C([O-])c1cccnc1.[NH3+]CC1CCC(CC1)C(O)=O,P-1,False,294.0,highT,O=C([O-])c1cccnc1,[NH3+]CC1CCC(CC1)C(O)=O
ICOPAV,ICOPAV,298 K,[NH3+]C1=C(C)N(C)N(c2ccccc2)C1=O.O=C([O-])c1cc(cc(c1)N(=O)=O)N(=O)=O,Pna21,False,298.0,highT,[NH3+]C1=C(C)N(C)N(c2ccccc2)C1=O,O=C([O-])c1cc(cc(c1)N(=O)=O)N(=O)=O
VEJKIH,VEJKIH,293 K,C[NH+]=S(=O)(C=CC(C)(C)C)c1ccccc1.CS(=O)(=O)[O-],P-1,False,293.0,highT,C[NH+]=S(=O)(C=CC(C)(C)C)c1ccccc1,CS(=O)(=O)[O-]
SEPTIT,SEPTIT,296 K,COc1ccc(cc1)C=C1CC[NH+]=C1.FC(F)(F)C(=O)[O-],P-1,False,296.0,highT,COc1ccc(cc1)C=C1CC[NH+]=C1,FC(F)(F)C(=O)[O-]
WAKTUY,WAKTUY,at 295 K,ClCC(=O)[O-].NC(CC[NH+]1CCCCC1)=NO,P21/c,False,295.0,highT,ClCC(=O)[O-],NC(CC[NH+]1CCCCC1)=NO
NORTOG,NORTOG,296 K,c1ccc2nc3ccccc3nc2c1.Oc1cccc(O)c1O,P-1,False,296.0,highT,c1ccc2nc3ccccc3nc2c1,Oc1cccc(O)c1O
LODGUH,LODGUH,at 293 K,Oc1c(F)c(F)c(F)c(F)c1F.CN1C(=S)c2ccccc2N(C)C(=S)c2ccccc12,C2/c,False,293.0,highT,Oc1c(F)c(F)c(F)c(F)c1F,CN1C(=S)c2ccccc2N(C)C(=S)c2ccccc12
ZEVROL,ZEVROL,295 K,c1cc(ccn1)C=Cc1ccncc1.OB(O)C=Cc1ccc(F)cc1,P21/c,False,295.0,highT,c1cc(ccn1)C=Cc1ccncc1,OB(O)C=Cc1ccc(F)cc1
UPEDIE,UPEDIE,296 K,OC(=O)C(=O)[O-].Nc1[nH+]c(N)nc(n1)c1ccc(Br)cc1,P41212,False,296.0,highT,OC(=O)C(=O)[O-],Nc1[nH+]c(N)nc(n1)c1ccc(Br)cc1
ZEXWAC,ZEXWAC,at 298 K,CCN1C=C(C(O)=O)C(=O)c2ccc(C)nc12.Oc1cccc(O)c1O,C2/c,False,298.0,highT,CCN1C=C(C(O)=O)C(=O)c2ccc(C)nc12,Oc1cccc(O)c1O
OGEPOG,OGEPOG,at 296 K,c1cc(ccn1)c1ccncc1.OC(=O)c1ccc(cc1)C(=O)c1ccccc1C(O)=O,P21/n,False,296.0,highT,c1cc(ccn1)c1ccncc1,OC(=O)c1ccc(cc1)C(=O)c1ccccc1C(O)=O
YAXRAS,YAXRAS,at 298 K,c1cc(ccn1)c1ccncc1.OC(c1ccc(cc1)C(O)=O)c1ccc(cc1)C(O)=O,P21/n,False,298.0,highT,c1cc(ccn1)c1ccncc1,OC(c1ccc(cc1)C(O)=O)c1ccc(cc1)C(O)=O
ALLCAM,ALLCAM,at -150deg.C,OC(=O)C=C=CC(O)=O.CC(N)=O,C2/c,False,423.0,highT,OC(=O)C=C=CC(O)=O,CC(N)=O
HETFEV,HETFEV,298 K,CN(C)C=O.CN1C(=O)C2=C(OC(=C(C#N)C2(C#N)C#N)N)c2ccccc12,P21/n,False,298.0,highT,CN(C)C=O,CN1C(=O)C2=C(OC(=C(C#N)C2(C#N)C#N)N)c2ccccc12
BALJII,BALJII,at 293 K,C[N+]1(CCOCC1)CC(O)=O.O=N(=O)c1cc(c([O-])c(c1)N(=O)=O)N(=O)=O,P21/c,False,293.0,highT,C[N+]1(CCOCC1)CC(O)=O,O=N(=O)c1cc(c([O-])c(c1)N(=O)=O)N(=O)=O
CAHLUT,CAHLUT,at 296K,OC1=C(Br)C(=O)C(=C(Br)C1=O)O.c1ccc(nc1)C#Cc1ccccn1,P-1,False,296.0,highT,OC1=C(Br)C(=O)C(=C(Br)C1=O)O,c1ccc(nc1)C#Cc1ccccn1
QANKUM,QANKUM,at 295 K,OC(=O)c1cc(ccc1O)S(=O)(=O)[O-].[NH3+]c1ccc(F)cc1,P21,False,295.0,highT,OC(=O)c1cc(ccc1O)S(=O)(=O)[O-],[NH3+]c1ccc(F)cc1
VUKQEZ,VUKQEZ,298 K,OC(=O)C=CC(=O)[O-].[NH3+]C(C(C)CC)C(O)=O,P21,False,298.0,highT,OC(=O)C=CC(=O)[O-],[NH3+]C(C(C)CC)C(O)=O
IKOMEC,IKOMEC,293 K,CN1C(=O)N(C)C(=C(C1=O)c1ccc(cc1N(=O)=O)N(=O)=O)[O-].CN1CC(=O)[NH+]=C1N,P21/n,False,293.0,highT,CN1C(=O)N(C)C(=C(C1=O)c1ccc(cc1N(=O)=O)N(=O)=O)[O-],CN1CC(=O)[NH+]=C1N
KANBUZ,KANBUZ,300 K,c1ccncc1.CCCN(CCC)S(=O)(=O)c1ccc(cc1)C(O)=O,P21/c,False,300.0,highT,c1ccncc1,CCCN(CCC)S(=O)(=O)c1ccc(cc1)C(O)=O
FURYOI,FURYOI,298 K,NS(=O)(=O)c1ccc(cc1)C(O)=O.O=C1CCCCN1,P-1,False,298.0,highT,NS(=O)(=O)c1ccc(cc1)C(O)=O,O=C1CCCCN1
CIKNUI,CIKNUI,296 K,[NH2+]1CCOCC1.OC(=O)C(=O)[O-],P21/n,False,296.0,highT,[NH2+]1CCOCC1,OC(=O)C(=O)[O-]
WIVBEJ,WIVBEJ,at 296 K,Oc1cccc2ccc[nH+]c12.OC(=O)c1ccc2C(=O)N(CC(=O)[O-])C(=O)c2c1,P21/c,False,296.0,highT,Oc1cccc2ccc[nH+]c12,OC(=O)c1ccc2C(=O)N(CC(=O)[O-])C(=O)c2c1
YECVEL,YECVEL,298 K,NC(=O)c1cc[nH+]cc1.CN1C(=O)N(C)C2=C(N(CC(=O)[O-])C=N2)C1=O,P-1,False,298.0,highT,NC(=O)c1cc[nH+]cc1,CN1C(=O)N(C)C2=C(N(CC(=O)[O-])C=N2)C1=O
PAKZUZ,PAKZUZ,293 K,CS(C)=O.CSc1ccc(cc1)C=NNC(=S)Nc1ccccc1,P-1,False,293.0,highT,CS(C)=O,CSc1ccc(cc1)C=NNC(=S)Nc1ccccc1
PEDRIB,PEDRIB,at 295 K,[2H][N+](=C(N([2H])[2H])N([2H])[2H])C(N([2H])[2H])=S.[2H]OC(C(O[2H])C(O[2H])=O)C(=O)[O-],P21,False,295.0,highT,[2H][N+](=C(N([2H])[2H])N([2H])[2H])C(N([2H])[2H])=S,[2H]OC(C(O[2H])C(O[2H])=O)C(=O)[O-]
VURZIU,VURZIU,296 K,Nc1[nH+]cc(Cl)cc1.Cc1ccc(cc1)S(=O)(=O)[O-],P21/n,False,296.0,highT,Nc1[nH+]cc(Cl)cc1,Cc1ccc(cc1)S(=O)(=O)[O-]
DUSYIA,DUSYIA,at 296 K,Nc1[nH+]cc(Cl)cc1.OC(=O)CCCC(=O)[O-],P212121,False,296.0,highT,Nc1[nH+]cc(Cl)cc1,OC(=O)CCCC(=O)[O-]
VIPVOH,VIPVOH,at 295 K,OC(=O)c1cc(ccc1O)S(=O)(=O)[O-].[NH3+]c1ccc(cc1)N(=O)=O,Pbca,False,295.0,highT,OC(=O)c1cc(ccc1O)S(=O)(=O)[O-],[NH3+]c1ccc(cc1)N(=O)=O
UGOSIU,UGOSIU,at 293 K,OC(=O)C=CC(=O)[O-].CC1=C[NH+]=C(N)S1,P21/n,False,293.0,highT,OC(=O)C=CC(=O)[O-],CC1=C[NH+]=C(N)S1
CUDRUR,CUDRUR,293 K,O=C([O-])c1ccc2ccccc2n1.[NH3+]c1ccc(Cl)cc1,P-1,False,293.0,highT,O=C([O-])c1ccc2ccccc2n1,[NH3+]c1ccc(Cl)cc1
WUTFID,WUTFID,296 K,CC(C)c1ccc(C)c(O)c1.c1ccc2nc3ccccc3nc2c1,P-1,False,296.0,highT,CC(C)c1ccc(C)c(O)c1,c1ccc2nc3ccccc3nc2c1
YOVMAA,YOVMAA,293 K,O=C1NS(=O)(=O)c2ccccc12.CN1N(C(=O)C=C1C)c1ccccc1,P21/c,False,293.0,highT,O=C1NS(=O)(=O)c2ccccc12,CN1N(C(=O)C=C1C)c1ccccc1
WENDEC,WENDEC,290 K,[NH3+]CCO.NC(=O)C1=NC(=C[N-]C1=O)F,P21/c,False,290.0,highT,[NH3+]CCO,NC(=O)C1=NC(=C[N-]C1=O)F
MEXSIT,MEXSIT,at 294 K,OC(=O)CCC(=O)[O-].C[NH2+]C1CCC2=C(C1)c1cc(ccc1N2)C(N)=O,P21,False,294.0,highT,OC(=O)CCC(=O)[O-],C[NH2+]C1CCC2=C(C1)c1cc(ccc1N2)C(N)=O
CADPAB,CADPAB,293 K,OC1=C(Cl)C(=O)C(=C(Cl)C1=O)[O-].[NH3+]C(CC(C)C)C(O)=O,P21,False,293.0,highT,OC1=C(Cl)C(=O)C(=C(Cl)C1=O)[O-],[NH3+]C(CC(C)C)C(O)=O
LEVWER,LEVWER,296 K,Oc1ccc(c(O)c1)C(=O)[O-].CCc1[nH+]c(N)nc(N)c1c1ccc(Cl)cc1,P-1,False,296.0,highT,Oc1ccc(c(O)c1)C(=O)[O-],CCc1[nH+]c(N)nc(N)c1c1ccc(Cl)cc1
EYIWOY,EYIWOY,at 295 K,OC(=O)c1cc(ccc1O)S(=O)(=O)[O-].OC(=O)c1[nH+]c2ccccc2cc1,P21/n,False,295.0,highT,OC(=O)c1cc(ccc1O)S(=O)(=O)[O-],OC(=O)c1[nH+]c2ccccc2cc1
CAMWOD,CAMWOD,at 293 K,OC(=O)CC(=O)[O-].[NH3+]C(Cc1c[nH+]c[nH]1)C(=O)[O-],P21/n,False,293.0,highT,OC(=O)CC(=O)[O-],[NH3+]C(Cc1c[nH+]c[nH]1)C(=O)[O-]
LUJCID,LUJCID,at 291 K,Cc1ccc2ccc3ccc(C)nc3c2n1.Oc1ccc2ccccc2c1c1c(O)ccc2ccccc12,C2/c,False,291.0,highT,Cc1ccc2ccc3ccc(C)nc3c2n1,Oc1ccc2ccccc2c1c1c(O)ccc2ccccc12
GUYBUX,GUYBUX,at 298 K,c1cc(ccn1)C=Cc1ccncc1.CCCCCCCCCC(O)=O,P-1,False,298.0,highT,c1cc(ccn1)C=Cc1ccncc1,CCCCCCCCCC(O)=O
TUTFIA,TUTFIA,296 K,Oc1c(F)c(F)c(c(F)c1F)c1c(F)c(F)c(O)c(F)c1F.N#CCc1ccc(CC#N)cc1,C2/c,False,296.0,highT,Oc1c(F)c(F)c(c(F)c1F)c1c(F)c(F)c(O)c(F)c1F,N#CCc1ccc(CC#N)cc1
TIQLIS,TIQLIS,296.1 K,NC(=[NH2+])NC1=NC(=CS1)CSCCC(N)=NS(N)(=O)=O.OC(CC(O)=O)C(=O)[O-],P21/n,False,296.0,highT,NC(=[NH2+])NC1=NC(=CS1)CSCCC(N)=NS(N)(=O)=O,OC(CC(O)=O)C(=O)[O-]
KOVSOF,KOVSOF,at 296 K,NC(=O)c1cnccn1.OC(=O)CC(O)(CC(O)=O)C(O)=O,P-1,False,296.0,highT,NC(=O)c1cnccn1,OC(=O)CC(O)(CC(O)=O)C(O)=O
GALHUZ,GALHUZ,293 K,FC(F)(F)C(=O)[O-].Cc1[nH+]cc2COC(O)c2c1O,P21/n,False,293.0,highT,FC(F)(F)C(=O)[O-],Cc1[nH+]cc2COC(O)c2c1O
OJUBAY,OJUBAY,296.1 K,OC(=O)CCCCC(O)=O.Nc1nc(N)nc(n1)c1ccc(Cl)cc1,P-1,False,296.0,highT,OC(=O)CCCCC(O)=O,Nc1nc(N)nc(n1)c1ccc(Cl)cc1
ABELUP,ABELUP,at 298 K,Oc1c(cc(cc1N(=O)=O)N(=O)=O)C(=O)[O-].NC1=[NH+]C=NC2=C1N=CN2C1OC(CO)C(O)C1O,P21,False,298.0,highT,Oc1c(cc(cc1N(=O)=O)N(=O)=O)C(=O)[O-],NC1=[NH+]C=NC2=C1N=CN2C1OC(CO)C(O)C1O
YEPHOT,YEPHOT,294 K,NC1=Nc2ccc(OC(F)(F)F)cc2S1.COc1cc(C=CC(O)=O)ccc1O,P21/c,False,294.0,highT,NC1=Nc2ccc(OC(F)(F)F)cc2S1,COc1cc(C=CC(O)=O)ccc1O
ELOGOE,ELOGOE,296 K,OC(=O)c1ccc2cc(ccc2c1)C(O)=O.c1cc(ccn1)c1ccncc1,P21/n,False,296.0,highT,OC(=O)c1ccc2cc(ccc2c1)C(O)=O,c1cc(ccn1)c1ccncc1
YECXIR,YECXIR,298 K,OC(=O)c1cc(O)c(O)c(O)c1.CN1C(=O)N(C)C2=C(N(CC(O)=O)C=N2)C1=O,P21/n,False,298.0,highT,OC(=O)c1cc(O)c(O)c(O)c1,CN1C(=O)N(C)C2=C(N(CC(O)=O)C=N2)C1=O
ZUPMUV,ZUPMUV,298 K,OC(=O)C=CC(=O)[O-].[NH3+]Cc1ccc(Cl)cc1,P-1,False,298.0,highT,OC(=O)C=CC(=O)[O-],[NH3+]Cc1ccc(Cl)cc1
NUQJAL,NUQJAL,at 291 K,c1cc(ccn1)c1ccncc1.OC(=O)COc1ccccc1OCC(O)=O,P21/c,False,291.0,highT,c1cc(ccn1)c1ccncc1,OC(=O)COc1ccccc1OCC(O)=O
IPEPEB,IPEPEB,293 K,N#Cc1cc(C#N)c(cc1C#N)C#N.COC(=O)CNC(=O)c1c2ccccc2cc2ccccc12,P-1,False,293.0,highT,N#Cc1cc(C#N)c(cc1C#N)C#N,COC(=O)CNC(=O)c1c2ccccc2cc2ccccc12
QEPQUA,QEPQUA,293 K,[NH3+]CCNc1ccc(cc1OC)N(=O)=O.O=C([O-])COc1ccccc1,P21,False,293.0,highT,[NH3+]CCNc1ccc(cc1OC)N(=O)=O,O=C([O-])COc1ccccc1
GUPXEX,GUPXEX,296 K,O=S(=O)(NN=Cc1cccc2ccccc12)c1ccccc1.O=Cc1cccc2ccccc12,Pc,False,296.0,highT,O=S(=O)(NN=Cc1cccc2ccccc12)c1ccccc1,O=Cc1cccc2ccccc12
RITKEM,RITKEM,at 299 K,[NH3+]Nc1ccc(cc1)N(=O)=O.O=N(=O)c1cc(c([O-])c(c1)N(=O)=O)N(=O)=O,P21/c,False,299.0,highT,[NH3+]Nc1ccc(cc1)N(=O)=O,O=N(=O)c1cc(c([O-])c(c1)N(=O)=O)N(=O)=O
ABORAO,ABORAO,296 K,[NH3+]c1ccc(O)cc1.O=N(=O)c1cc(c([O-])c(c1)N(=O)=O)N(=O)=O,P21/c,False,296.0,highT,[NH3+]c1ccc(O)cc1,O=N(=O)c1cc(c([O-])c(c1)N(=O)=O)N(=O)=O
RIRGUV,RIRGUV,at 296 K,c1cc(ccn1)c1ccncc1.OC(=O)c1ccc(OCCOc2ccc(cc2)C(O)=O)cc1,P-1,False,296.0,highT,c1cc(ccn1)c1ccncc1,OC(=O)c1ccc(OCCOc2ccc(cc2)C(O)=O)cc1
EBEROV,EBEROV,296 K,Nc1ccc(Cl)cc1.OC(=O)CC(O)=O,P21/c,False,296.0,highT,Nc1ccc(Cl)cc1,OC(=O)CC(O)=O
WOPDEM,WOPDEM,at 293 K,Clc1cc(ccc1C(=O)[O-])N(=O)=O.Oc1cccc2ccc[nH+]c12,P21/c,False,293.0,highT,Clc1cc(ccc1C(=O)[O-])N(=O)=O,Oc1cccc2ccc[nH+]c12
MUPPAO,MUPPAO,at 293 K,OC(=O)CC(=O)[O-].[NH3+]C(CCCNC(N)=[NH2+])C(=O)[O-],P1,False,293.0,highT,OC(=O)CC(=O)[O-],[NH3+]C(CCCNC(N)=[NH2+])C(=O)[O-]
GOGCEM,GOGCEM,at 295 K,CC1(C)CN2CC[NH2+]C2C(C)(C)SS1.O=N(=O)c1cc(c([O-])c(c1)N(=O)=O)N(=O)=O,P2/c,False,295.0,highT,CC1(C)CN2CC[NH2+]C2C(C)(C)SS1,O=N(=O)c1cc(c([O-])c(c1)N(=O)=O)N(=O)=O
YAGNIF,YAGNIF,at 298 K,Cc1ccc(cc1)S(=O)(=O)[O-].[NH3+]c1cccc(Cl)c1,P21/c,False,298.0,highT,Cc1ccc(cc1)S(=O)(=O)[O-],[NH3+]c1cccc(Cl)c1
FUHGUL,FUHGUL,at 293 K,OC(=O)CCCCCCC(O)=O.Cc1ccc2N=C(N)Sc2c1,P21/c,False,293.0,highT,OC(=O)CCCCCCC(O)=O,Cc1ccc2N=C(N)Sc2c1
UNUROL,UNUROL,at 298 K,[NH3+]CCO.COC(=O)c1c(Br)c(Br)c(Br)c(Br)c1C(=O)[O-],P21/c,False,298.0,highT,[NH3+]CCO,COC(=O)c1c(Br)c(Br)c(Br)c(Br)c1C(=O)[O-]
FURWOG,FURWOG,298 K,NC(=O)c1ccncc1.NS(=O)(=O)c1ccc(cc1)C(O)=O,C2/c,False,298.0,highT,NC(=O)c1ccncc1,NS(=O)(=O)c1ccc(cc1)C(O)=O
ZURHAY,ZURHAY,293 K,[NH3+]CCCCC([NH3+])C(=O)[O-].OC(C(=O)[O-])c1ccccc1,P1,False,293.0,highT,[NH3+]CCCCC([NH3+])C(=O)[O-],OC(C(=O)[O-])c1ccccc1
LEXKEI,LEXKEI,298 K,O=S(=O)([O-])c1ccccc1.CN1C(=O)NC(=O)C2=C1NC=[N+]2C,P21/n,False,298.0,highT,O=S(=O)([O-])c1ccccc1,CN1C(=O)NC(=O)C2=C1NC=[N+]2C
MUSXEE,MUSXEE,at 295 K,NC(=[NH2+])NC(N)=S.O=N(=O)c1cc(c([O-])c(c1)N(=O)=O)N(=O)=O,C2/c,False,295.0,highT,NC(=[NH2+])NC(N)=S,O=N(=O)c1cc(c([O-])c(c1)N(=O)=O)N(=O)=O
YIFLOP,YIFLOP,at 298 K,[NH3+]CC(O)=O.OC(=O)c1cccc(c1C(=O)[O-])N(=O)=O,P21/c,False,298.0,highT,[NH3+]CC(O)=O,OC(=O)c1cccc(c1C(=O)[O-])N(=O)=O
GADQAE,GADQAE,at 295 K,CP(O)(=O)[O-].N[C+](N)NC(N)=O,P21/c,False,295.0,highT,CP(O)(=O)[O-],N[C+](N)NC(N)=O
EXANEX,EXANEX,at 296 K,Cc1cc(C)nc(NS(=O)(=O)c2ccc(N)cc2)n1.OC(=O)c1ccc(Cl)c(Cl)c1,P21/n,False,296.0,highT,Cc1cc(C)nc(NS(=O)(=O)c2ccc(N)cc2)n1,OC(=O)c1ccc(Cl)c(Cl)c1
LABSEM02,LABSEM02,at 360 K,[2H]P(O[2H])(=O)[O-].[2H][N+]([2H])([2H])CC(O[2H])=O,P21/a,False,360.0,highT,[2H]P(O[2H])(=O)[O-],[2H][N+]([2H])([2H])CC(O[2H])=O
JIRRIO,JIRRIO,293 K,NC(N)=NC(=O)C1=NON=C1NNC1=NON=C1C(=O)N=C(N)N.CN(C)C=O,P212121,False,293.0,highT,NC(N)=NC(=O)C1=NON=C1NNC1=NON=C1C(=O)N=C(N)N,CN(C)C=O
VOHMEL,VOHMEL,at 295 K,NC(=C1c2c(F)c(F)c(F)c(F)c2C(F)(F)C1=O)C(F)(F)F.C1COCCO1,P-1,False,295.0,highT,NC(=C1c2c(F)c(F)c(F)c(F)c2C(F)(F)C1=O)C(F)(F)F,C1COCCO1
YIPQIA,YIPQIA,296 K,N#Cc1ccncc1.OC(=O)c1ccccc1F,P21/n,False,296.0,highT,N#Cc1ccncc1,OC(=O)c1ccccc1F
PUTMUO,PUTMUO,295 K,OC(=O)c1cccc(Cl)c1.c1ccc2nc3ccccc3cc2c1,P-1,False,295.0,highT,OC(=O)c1cccc(Cl)c1,c1ccc2nc3ccccc3cc2c1
KAPKEU,KAPKEU,293 K,Cc1ccc(cc1)S(O)(=O)=O.NC1=NN=C(S1)S(N)(=O)=O,P-1,False,293.0,highT,Cc1ccc(cc1)S(O)(=O)=O,NC1=NN=C(S1)S(N)(=O)=O
UKESEI,UKESEI,at 301 K,OC(=O)c1cccc(n1)C(=O)[O-].CC[N+](CC)(CC)CCl,P212121,False,301.0,highT,OC(=O)c1cccc(n1)C(=O)[O-],CC[N+](CC)(CC)CCl
NOZLEW,NOZLEW,293 K,Clc1ccc(cc1)c1ccccc1NC(=O)c1cccnc1Cl.C1COCCO1,P21/c,False,293.0,highT,Clc1ccc(cc1)c1ccccc1NC(=O)c1cccnc1Cl,C1COCCO1
UTOMUM,UTOMUM,at 301 K,CC1(C)COP(=O)([O-])OC1c1ccccc1Cl.CC(O)(C1CC[NH2+]CC1)c1ccc(F)cc1,P21,False,301.0,highT,CC1(C)COP(=O)([O-])OC1c1ccccc1Cl,CC(O)(C1CC[NH2+]CC1)c1ccc(F)cc1
OXUGIZ,OXUGIZ,295 K,CN(CC(O)=O)C(N)=[NH2+].Cc1ccc(cc1)S(=O)(=O)[O-],Pbca,False,295.0,highT,CN(CC(O)=O)C(N)=[NH2+],Cc1ccc(cc1)S(=O)(=O)[O-]
UKUTOK,UKUTOK,at 295 K,FC(F)(F)S(=O)(=O)[O-].CN1CC(c2ccc(O)c(C)c2O)[N+](C)(C)C1=O,Fdd2,False,295.0,highT,FC(F)(F)S(=O)(=O)[O-],CN1CC(c2ccc(O)c(C)c2O)[N+](C)(C)C1=O
XAPYUL,XAPYUL,293 K,Oc1cccc(O)c1.Nc1ccc(N)cc1,Pca21,False,293.0,highT,Oc1cccc(O)c1,Nc1ccc(N)cc1
KAHRAO,KAHRAO,at 293 K,CN(C)C=O.CSC1=NN2C(=C(C=NC2=N1)C(O)=O)N,P21/c,False,293.0,highT,CN(C)C=O,CSC1=NN2C(=C(C=NC2=N1)C(O)=O)N
OKOVAM,OKOVAM,at 293 K,O=N(=O)C1(C[NH2+]C1)N(=O)=O.O=N(=O)c1cc(c([O-])c(c1)N(=O)=O)N(=O)=O,P212121,False,293.0,highT,O=N(=O)C1(C[NH2+]C1)N(=O)=O,O=N(=O)c1cc(c([O-])c(c1)N(=O)=O)N(=O)=O
KIHZEH,KIHZEH,at 298 K,Oc1cc(O)cc(O)c1.N#Cc1ccncc1,P-1,False,298.0,highT,Oc1cc(O)cc(O)c1,N#Cc1ccncc1
IHIMEU,IHIMEU,293 K,Nc1ccc(cc1)C(=O)[O-].COc1ccc(cc1)N1CC[NH2+]CC1,P-1,False,293.0,highT,Nc1ccc(cc1)C(=O)[O-],COc1ccc(cc1)N1CC[NH2+]CC1
TOJMIR,TOJMIR,295 K,[NH3+]C(C(N)=O)c1ccccc1.CC(CC(=O)[O-])C(O)=O,P212121,False,295.0,highT,[NH3+]C(C(N)=O)c1ccccc1,CC(CC(=O)[O-])C(O)=O
VUXXET,VUXXET,290 K,CCCOc1ccc(cc1)C(O)=O.C(Cc1ccncc1)c1ccncc1,P-1,False,290.0,highT,CCCOc1ccc(cc1)C(O)=O,C(Cc1ccncc1)c1ccncc1
RUXQEG,RUXQEG,at 293 K,c1ccc2nccnc2c1.OC(=O)C=CC(O)=O,P-1,False,293.0,highT,c1ccc2nccnc2c1,OC(=O)C=CC(O)=O
YEYDEP,YEYDEP,293 K,OC(=O)c1cccc(NC=O)c1.c1cc(ccn1)c1ccncc1,P21/n,False,293.0,highT,OC(=O)c1cccc(NC=O)c1,c1cc(ccn1)c1ccncc1
BEBCET,BEBCET,296 K,OC(=O)c1nccnc1C(=O)[O-].[NH3+]C(CC1=CNc2ccccc12)C(O)=O,P21,False,296.0,highT,OC(=O)c1nccnc1C(=O)[O-],[NH3+]C(CC1=CNc2ccccc12)C(O)=O
LOMREM,LOMREM,at 296 K,CCC(=O)Nc1cc(ccc1C(O)=O)C(O)=O.CN(C)C=O,P-1,False,296.0,highT,CCC(=O)Nc1cc(ccc1C(O)=O)C(O)=O,CN(C)C=O
RONBAA,RONBAA,296 K,Oc1ccc(cc1)N=Nc1ccc(cc1)C(O)=O.Cc1cc(C)nc(NS(=O)(=O)c2ccc(N)cc2)n1,P21/c,False,296.0,highT,Oc1ccc(cc1)N=Nc1ccc(cc1)C(O)=O,Cc1cc(C)nc(NS(=O)(=O)c2ccc(N)cc2)n1
OBARUG,OBARUG,at 298 K,FC(F)(F)S(=O)(=O)[O-].Oc1cccc2ccc[nH+]c12,P21/c,False,298.0,highT,FC(F)(F)S(=O)(=O)[O-],Oc1cccc2ccc[nH+]c12
FICVES,FICVES,at -150 deg.C,OC(C(=O)[O-])c1ccccc1.CCOP(=O)(OCC)C(C)(C)[NH2+]C(C)C,P-1,False,423.0,highT,OC(C(=O)[O-])c1ccccc1,CCOP(=O)(OCC)C(C)(C)[NH2+]C(C)C
ELUWIU,ELUWIU,294 K,OC(=O)CCCC#C.C(Cc1ccncc1)c1ccncc1,P21/n,False,294.0,highT,OC(=O)CCCC#C,C(Cc1ccncc1)c1ccncc1
XEDWAI,XEDWAI,298.1 K,c1ccc(nc1)c1ccccn1.Oc1ccccc1O,P-1,False,298.0,highT,c1ccc(nc1)c1ccccn1,Oc1ccccc1O
WOMGIO,WOMGIO,at -174 deg.C,NC(N)=O.ClCCCCCCCl,P21/n,False,447.0,highT,NC(N)=O,ClCCCCCCCl
PARTAH,PARTAH,296 K,FC(F)(F)C(=O)[O-].NC1=NC(=[NH2+])N(O)C(=O)N1O,P-1,False,296.0,highT,FC(F)(F)C(=O)[O-],NC1=NC(=[NH2+])N(O)C(=O)N1O
MADGIK,MADGIK,298 K,CC(=O)NC1=NN=C(S1)S(N)(=O)=O.O=C1CCCCN1,P21/c,False,298.0,highT,CC(=O)NC1=NN=C(S1)S(N)(=O)=O,O=C1CCCCN1
IDUBUF,IDUBUF,at 292 K,OC(=O)c1ccc(O)cc1O.c1cc(ccn1)c1ccncc1,P21/c,False,292.0,highT,OC(=O)c1ccc(O)cc1O,c1cc(ccn1)c1ccncc1
SECZOS,SECZOS,295 K,Cc1ccncc1.O=C1CCC(=O)N1,P21,False,295.0,highT,Cc1ccncc1,O=C1CCC(=O)N1
XAZRAU,XAZRAU,298 K,[NH3+]c1ccc(O)c(c1)C(O)=O.CS(=O)(=O)[O-],P21/c,False,298.0,highT,[NH3+]c1ccc(O)c(c1)C(O)=O,CS(=O)(=O)[O-]
FIWYIW,FIWYIW,295.1 K,OC(=O)c1ccc(F)cc1F.N#Cc1ccncc1,C2/c,False,295.0,highT,OC(=O)c1ccc(F)cc1F,N#Cc1ccncc1
REXNEP,REXNEP,at 296 K,c1cc(ccn1)c1ccncc1.OC(=O)c1c(F)c(F)c(C(O)=O)c(F)c1F,P-1,False,296.0,highT,c1cc(ccn1)c1ccncc1,OC(=O)c1c(F)c(F)c(C(O)=O)c(F)c1F
KAYFUN,KAYFUN,at 296 K,O=C(Nc1ccccn1)c1ccncc1.OC(=O)CCCCCC(O)=O,P21/n,False,296.0,highT,O=C(Nc1ccccn1)c1ccncc1,OC(=O)CCCCCC(O)=O
ANAWOE,ANAWOE,294 K,CC#CC(O)=O.C(Cc1ccncc1)c1ccncc1,P21/n,False,294.0,highT,CC#CC(O)=O,C(Cc1ccncc1)c1ccncc1
FEVKOJ,FEVKOJ,293 K,ClC1=CC(=C(Cl)S1)C(=O)[O-].CCc1[nH+]c(N)nc(N)c1c1ccc(Cl)cc1,P-1,False,293.0,highT,ClC1=CC(=C(Cl)S1)C(=O)[O-],CCc1[nH+]c(N)nc(N)c1c1ccc(Cl)cc1
UXAWAU,UXAWAU,293 K,NS(=O)(=O)c1cc(C(O)=O)c(O)cc1Cl.OC(=O)c1ccccc1,P21/n,False,293.0,highT,NS(=O)(=O)c1cc(C(O)=O)c(O)cc1Cl,OC(=O)c1ccccc1
GEFFEG,GEFFEG,298 K,CC1=CN=C(N)S1.OC(=O)CCCCC(O)=O,P-1,False,298.0,highT,CC1=CN=C(N)S1,OC(=O)CCCCC(O)=O
CIKQIY,CIKQIY,at 293 K,[NH3+]C(CO)(CO)CO.Oc1ccc(cc1)C(=O)[O-],Pbca,False,293.0,highT,[NH3+]C(CO)(CO)CO,Oc1ccc(cc1)C(=O)[O-]
AFUJES,AFUJES,at 298 K,Oc1ccc(cc1C(=O)[O-])N(=O)=O.NC1=[NH+]C(=CS1)c1ccccc1,Pna21,False,298.0,highT,Oc1ccc(cc1C(=O)[O-])N(=O)=O,NC1=[NH+]C(=CS1)c1ccccc1
ISERUW,ISERUW,293 K,COc1c(Cl)ccc(Cl)c1C(=O)[O-].C[N+](C)(C)CC(O)CC(O)=O,P212121,False,293.0,highT,COc1c(Cl)ccc(Cl)c1C(=O)[O-],C[N+](C)(C)CC(O)CC(O)=O
EVORAJ,EVORAJ,at 290 K,[NH2+]1CCOCC1.S=C([S-])N1CCOCC1,P21/c,False,290.0,highT,[NH2+]1CCOCC1,S=C([S-])N1CCOCC1
AXUVAR,AXUVAR,at 295 K,CN1C(=O)N(C)C(=O)C(O)(C1=O)C1(O)C(=O)N(C)C(=O)N(C)C1=O.CS(C)=O,P212121,False,295.0,highT,CN1C(=O)N(C)C(=O)C(O)(C1=O)C1(O)C(=O)N(C)C(=O)N(C)C1=O,CS(C)=O
WOKXOL,WOKXOL,at 294 K,Cc1ccc(cc1)S(=O)(=O)[O-].Nc1[nH+]nc(c(N)n1)c1cccc(Cl)c1Cl,Pbca,False,294.0,highT,Cc1ccc(cc1)S(=O)(=O)[O-],Nc1[nH+]nc(c(N)n1)c1cccc(Cl)c1Cl
OFIWUW,OFIWUW,at 293 K,O=N(=O)c1ccc([O-])cc1.[NH3+]C(CCCNC(N)=[NH2+])C(=O)[O-],P212121,False,293.0,highT,O=N(=O)c1ccc([O-])cc1,[NH3+]C(CCCNC(N)=[NH2+])C(=O)[O-]
SOHMUZ03,SOHMUZ03,298 K,OC(=O)c1cc(ccc1O)S(=O)(=O)[O-].NC(=O)c1cc[nH+]cc1,P21,False,298.0,highT,OC(=O)c1cc(ccc1O)S(=O)(=O)[O-],NC(=O)c1cc[nH+]cc1
WICYEQ,WICYEQ,294 K,CN(C)C(=O)c1ccc(cc1)C(=O)N(C)C.Oc1cc(O)cc(O)c1,P1,False,294.0,highT,CN(C)C(=O)c1ccc(cc1)C(=O)N(C)C,Oc1cc(O)cc(O)c1
TUQBIR,TUQBIR,at 296 K,c1cc(ccn1)c1ccncc1.OC(=O)Cc1ccc(O)cc1,C2/c,False,296.0,highT,c1cc(ccn1)c1ccncc1,OC(=O)Cc1ccc(O)cc1
DAYWAC,DAYWAC,at 293 K,OC(=O)C=Cc1ccccc1.Cc1cc(C)nc(N)n1,Pbcn,False,293.0,highT,OC(=O)C=Cc1ccccc1,Cc1cc(C)nc(N)n1
EPAMAK,EPAMAK,at 295 K,Oc1ccc(cc1)C(=O)[O-].NC1=CC=[NH+]C(=O)N1,P-1,False,295.0,highT,Oc1ccc(cc1)C(=O)[O-],NC1=CC=[NH+]C(=O)N1
REWLAJ,REWLAJ,296 K,C[NH+](C)c1ccc(cc1)C=NO.O=N(=O)c1cc(c([O-])c(c1)N(=O)=O)N(=O)=O,P-1,False,296.0,highT,C[NH+](C)c1ccc(cc1)C=NO,O=N(=O)c1cc(c([O-])c(c1)N(=O)=O)N(=O)=O
SAHHEQ,SAHHEQ,at 298 K,c1cc(ccn1)c1ccncc1.CC(=NO)C(C)=NO,P21/c,False,298.0,highT,c1cc(ccn1)c1ccncc1,CC(=NO)C(C)=NO
HURNEN,HURNEN,at 293 K,Oc1ccccc1C(=O)[O-].Oc1cccc2ccc[nH+]c12,P21,False,293.0,highT,Oc1ccccc1C(=O)[O-],Oc1cccc2ccc[nH+]c12
VABHAI,VABHAI,at 293 K,FC(F)(F)S(=O)(=O)[O-].Cc1cc(C)[n+](F)c(C)c1,Pnma,False,293.0,highT,FC(F)(F)S(=O)(=O)[O-],Cc1cc(C)[n+](F)c(C)c1
KAHFAE,KAHFAE,293 K,O=C([O-])c1ccc(cc1)N(=O)=O.OCC[NH+](CCO)CCO,P-1,False,293.0,highT,O=C([O-])c1ccc(cc1)N(=O)=O,OCC[NH+](CCO)CCO
HEMFAJ,HEMFAJ,293 K,NC(N)=S.CC(=O)N1C=C(C)N(C=C1C)C(C)=O,P212121,False,293.0,highT,NC(N)=S,CC(=O)N1C=C(C)N(C=C1C)C(C)=O
UNISOA,UNISOA,at 296 K,CN1C=NC2=C1C(=O)N(C)C(=O)N2C.OC(=O)c1cccc(n1)C(O)=O,P-1,False,296.0,highT,CN1C=NC2=C1C(=O)N(C)C(=O)N2C,OC(=O)c1cccc(n1)C(O)=O
AFOQIX,AFOQIX,at 293 K,O=C1N[N-]C(=N1)N(=O)=O.NC(=[NH2+])NC(N)=O,P21/n,False,293.0,highT,O=C1N[N-]C(=N1)N(=O)=O,NC(=[NH2+])NC(N)=O
RIBFOZ,RIBFOZ,at 298 K,NC1=[NH+]C(=O)N(C=C1)C1CSC(CO)O1.OC(=O)c1cc(Cl)c(Cl)cc1C(=O)[O-],P1,False,298.0,highT,NC1=[NH+]C(=O)N(C=C1)C1CSC(CO)O1,OC(=O)c1cc(Cl)c(Cl)cc1C(=O)[O-]
ZEYLAS,ZEYLAS,at 298 K,[NH2+]=C1NC(=O)NC=C1.OC(=O)CC(=O)[O-],P-1,False,298.0,highT,[NH2+]=C1NC(=O)NC=C1,OC(=O)CC(=O)[O-]
OYUXOY,OYUXOY,297 K,Cc1cccc(C)c1NC(=O)CN1CCCC1=O.OC(=O)c1ccccc1C(=O)c1ccccc1,Pca21,False,297.0,highT,Cc1cccc(C)c1NC(=O)CN1CCCC1=O,OC(=O)c1ccccc1C(=O)c1ccccc1
RIMWOC,RIMWOC,293 K,Cc1nc(C)c(C)nc1C.OC(=O)c1cc(Cl)cc(Cl)c1O,P-1,False,293.0,highT,Cc1nc(C)c(C)nc1C,OC(=O)c1cc(Cl)cc(Cl)c1O
GATCAG,GATCAG,at 293 K,Oc1c(c(O)c(c([O-])c1N(=O)=O)N(=O)=O)N(=O)=O.[NH3+]NC(N)=O,P-1,False,293.0,highT,Oc1c(c(O)c(c([O-])c1N(=O)=O)N(=O)=O)N(=O)=O,[NH3+]NC(N)=O
MIYLUB,MIYLUB,at 250.0 K,[NH3+]CCc1ccc(OC)c(OC)c1.O=C([O-])c1cc(cc(c1)N(=O)=O)N(=O)=O,P-1,False,250.0,highT,[NH3+]CCc1ccc(OC)c(OC)c1,O=C([O-])c1cc(cc(c1)N(=O)=O)N(=O)=O
LACTAN,LACTAN,298 K,c1cncnc1.Nc1ccc(C(O)=O)c(O)c1,Cc,False,298.0,highT,c1cncnc1,Nc1ccc(C(O)=O)c(O)c1
DARGAH01,DARGAH01,293 K,Cc1cc(C)nc(NS(=O)(=O)c2ccc(N)cc2)n1.C1CNCCN1,P21/c,False,293.0,highT,Cc1cc(C)nc(NS(=O)(=O)c2ccc(N)cc2)n1,C1CNCCN1
OLUTOH,OLUTOH,298 K,[NH2+]=C1NC(=O)N(C=C1F)C1CSC(CO)O1.O=C1[N-]S(=O)(=O)c2ccccc12,P21,False,298.0,highT,[NH2+]=C1NC(=O)N(C=C1F)C1CSC(CO)O1,O=C1[N-]S(=O)(=O)c2ccccc12
WAGFIX,WAGFIX,301 K,OC(C(=O)[O-])c1ccccc1.CCc1[nH+]c(N)nc(N)c1c1ccc(Cl)cc1,P21/c,False,301.0,highT,OC(C(=O)[O-])c1ccccc1,CCc1[nH+]c(N)nc(N)c1c1ccc(Cl)cc1
DOWNEL,DOWNEL,298 K,Clc1cc(Cl)c([O-])c(Cl)c1.NC1=[NH+]C=CS1,P21/n,False,298.0,highT,Clc1cc(Cl)c([O-])c(Cl)c1,NC1=[NH+]C=CS1
YUKFUG,YUKFUG,at 294 K,[NH3+]C(CC(C)C)C(N)=O.OC1=C([O-])C(=O)C1=O,P212121,False,294.0,highT,[NH3+]C(CC(C)C)C(N)=O,OC1=C([O-])C(=O)C1=O
NEBXID,NEBXID,at 293 K,COc1ccc(cc1)C(O)=O.COc1cc(OC)nc(N)n1,P21/c,False,293.0,highT,COc1ccc(cc1)C(O)=O,COc1cc(OC)nc(N)n1
EWIJUR,EWIJUR,293.1 K,c1cc(ccn1)c1ccncc1.CC(C)c1cccc(C(C)C)c1O,P21/c,False,293.0,highT,c1cc(ccn1)c1ccncc1,CC(C)c1cccc(C(C)C)c1O
GEHXEA,GEHXEA,298 K,Cc1ccc(cn1)C(N)=O.OC(=O)CCCCCCCC(O)=O,P-1,False,298.0,highT,Cc1ccc(cn1)C(N)=O,OC(=O)CCCCCCCC(O)=O
NAXZUL,NAXZUL,250 K,O=N(=O)N=C1NN=C2NC(=NN12)[N-]N(=O)=O.[NH3+]NC(N)=O,P-1,False,250.0,highT,O=N(=O)N=C1NN=C2NC(=NN12)[N-]N(=O)=O,[NH3+]NC(N)=O
FIFWOJ,FIFWOJ,296.1 K,Cc1ccc(cc1)S(=O)(=O)[O-].[NH3+]c1ccc(cc1)S(=O)(=O)N=C1NC=CS1,P-1,False,296.0,highT,Cc1ccc(cc1)S(=O)(=O)[O-],[NH3+]c1ccc(cc1)S(=O)(=O)N=C1NC=CS1
QEKMAX,QEKMAX,296 K,ON=C(CCN1C=CN=C1)c1ccc2OCOc2c1.CC(C)O,P21,False,296.0,highT,ON=C(CCN1C=CN=C1)c1ccc2OCOc2c1,CC(C)O
FOVBUO,FOVBUO,at 295 K,Nc1[nH+]cc(Cl)cc1.ClC(Cl)(Cl)C(=O)[O-],Cc,False,295.0,highT,Nc1[nH+]cc(Cl)cc1,ClC(Cl)(Cl)C(=O)[O-]
CEXKAV,CEXKAV,293 K,Oc1ccc2ccc(O)cc2c1.C(Cc1ccncc1)c1ccncc1,P-1,False,293.0,highT,Oc1ccc2ccc(O)cc2c1,C(Cc1ccncc1)c1ccncc1
HABFOG,HABFOG,at 293 K,Nc1nc(N)nc(N)n1.OB(O)O,P21/c,False,293.0,highT,Nc1nc(N)nc(N)n1,OB(O)O
EZAQUU,EZAQUU,293 K,COc1[nH+]c(N)nc(OC)c1.O=C([O-])c1cc(cc(c1)N(=O)=O)N(=O)=O,C2/c,False,293.0,highT,COc1[nH+]c(N)nc(OC)c1,O=C([O-])c1cc(cc(c1)N(=O)=O)N(=O)=O
KIHZAD,KIHZAD,at 298 K,Oc1cccc(O)c1.N#Cc1ccncc1,P-1,False,298.0,highT,Oc1cccc(O)c1,N#Cc1ccncc1
YALWEO,YALWEO,at 298 K,[NH3+]C1C(O)Cc2cc3ccccc3cc12.COc1ccc2cc(ccc2c1)C(C)C(=O)[O-],P212121,False,298.0,highT,[NH3+]C1C(O)Cc2cc3ccccc3cc12,COc1ccc2cc(ccc2c1)C(C)C(=O)[O-]
ULOXIC,ULOXIC,at 296.2 K,CC1=C(C)C(=O)C(=C(Br)C1=O)Br.S=C(SSC(=S)N1CCCC1)N1CCCC1,P-1,False,296.0,highT,CC1=C(C)C(=O)C(=C(Br)C1=O)Br,S=C(SSC(=S)N1CCCC1)N1CCCC1
QUCRUC,QUCRUC,at 293 K,[NH3+]CCc1ccc(OC)cc1.OC(=O)C1=NNC(=C1)C(=O)[O-],P21/n,False,293.0,highT,[NH3+]CCc1ccc(OC)cc1,OC(=O)C1=NNC(=C1)C(=O)[O-]
YANBIB,YANBIB,293 K,c1cc(ccn1)c1ccncc1.CNC(=S)NN=C(C)c1ccc(O)cc1O,P-1,False,293.0,highT,c1cc(ccn1)c1ccncc1,CNC(=S)NN=C(C)c1ccc(O)cc1O
BALJEE,BALJEE,at 293 K,C[N+]1(CCOCC1)CC(O)=O.O=N(=O)c1cc(c([O-])c(c1)N(=O)=O)N(=O)=O,Pbca,False,293.0,highT,C[N+]1(CCOCC1)CC(O)=O,O=N(=O)c1cc(c([O-])c(c1)N(=O)=O)N(=O)=O
IXAVEI,IXAVEI,at 295 K,OC(C(O)C(=O)[O-])C(O)=O.[NH3+]C(CC1=C[NH+]=CN1)C(=O)[O-],P21/c,False,295.0,highT,OC(C(O)C(=O)[O-])C(O)=O,[NH3+]C(CC1=C[NH+]=CN1)C(=O)[O-]
HAGHIJ,HAGHIJ,296 K,c1cc(ccn1)C=Cc1ccncc1.NC(N)=O,P21/c,False,296.0,highT,c1cc(ccn1)C=Cc1ccncc1,NC(N)=O
WOPCOV,WOPCOV,at 293 K,Nc1ccccn1.Nc1ccc(cc1)C(O)=O,Pca21,False,293.0,highT,Nc1ccccn1,Nc1ccc(cc1)C(O)=O
ITAQOM,ITAQOM,298 K,OC(=O)Cc1ccccc1.Cc1cccc2SC(=Nc12)N,C2/c,False,298.0,highT,OC(=O)Cc1ccccc1,Cc1cccc2SC(=Nc12)N
WUTDOH,WUTDOH,296 K,COc1cc(CC=C)ccc1O.c1ccc2nc3ccccc3nc2c1,P21/c,False,296.0,highT,COc1cc(CC=C)ccc1O,c1ccc2nc3ccccc3nc2c1
YOCRIS,YOCRIS,at 298 K,OC(=O)c1cc(ccc1O)S(=O)(=O)[O-].OC(=O)c1cc[nH+]cc1,P212121,False,298.0,highT,OC(=O)c1cc(ccc1O)S(=O)(=O)[O-],OC(=O)c1cc[nH+]cc1
XAGYEN,XAGYEN,296 K,Nc1ccc(cc1)C(=O)[O-].COc1ccccc1N1CC[NH2+]CC1,P21/c,False,296.0,highT,Nc1ccc(cc1)C(=O)[O-],COc1ccccc1N1CC[NH2+]CC1
DOWPEN,DOWPEN,298 K,NC1=[NH+]C=CS1.O=C([O-])c1ccc2OCOc2c1,P-1,False,298.0,highT,NC1=[NH+]C=CS1,O=C([O-])c1ccc2OCOc2c1
CATKEP,CATKEP,at 298 K,Oc1ccc2ccccc2c1c1c(O)ccc2ccccc12.C(CN1C=Nc2ccccc12)CN1C=Nc2ccccc12,P21/c,False,298.0,highT,Oc1ccc2ccccc2c1c1c(O)ccc2ccccc12,C(CN1C=Nc2ccccc12)CN1C=Nc2ccccc12
LUMRUG,LUMRUG,at 296.1 K,OC(C(=O)[O-])c1ccc2ccccc2c1.[NH3+]C(C)c1ccc(Br)cc1,P212121,False,296.0,highT,OC(C(=O)[O-])c1ccc2ccccc2c1,[NH3+]C(C)c1ccc(Br)cc1
MAJPOF,MAJPOF,293 K,FC(F)(F)C(=O)[O-].C[NH2+]CC(O)=O,P21/n,False,293.0,highT,FC(F)(F)C(=O)[O-],C[NH2+]CC(O)=O
IDAFEB,IDAFEB,296.1 K,CC(=O)[O-].CC(=NO)C(C)=NNC1=[NH+]c2ccccc2N1,P21/n,False,296.0,highT,CC(=O)[O-],CC(=NO)C(C)=NNC1=[NH+]c2ccccc2N1
QUZZOC,QUZZOC,296 K,[NH3+]c1ccc(cc1)S(=O)(=O)c1ccc(N)cc1.CS(=O)(=O)[O-],P21/n,False,296.0,highT,[NH3+]c1ccc(cc1)S(=O)(=O)c1ccc(N)cc1,CS(=O)(=O)[O-]
LIGPEZ,LIGPEZ,293 K,NC1=[NH+]c2ccccc2S1.OC(=O)CC(=O)[O-],P-1,False,293.0,highT,NC1=[NH+]c2ccccc2S1,OC(=O)CC(=O)[O-]
IHILUJ,IHILUJ,293 K,COc1ccc(cc1)N1CC[NH2+]CC1.O=C([O-])c1cc(cc(c1)N(=O)=O)N(=O)=O,P-1,False,293.0,highT,COc1ccc(cc1)N1CC[NH2+]CC1,O=C([O-])c1cc(cc(c1)N(=O)=O)N(=O)=O
TIWPIB,TIWPIB,293 K,OC(=O)CCCC(O)=O.CCOc1ccccc1C(N)=O,P21/c,False,293.0,highT,OC(=O)CCCC(O)=O,CCOc1ccccc1C(N)=O
MISDIC,MISDIC,at 293 K,CN1C(=O)N(C)C2=C(N(CC3OCCO3)C=N2)C1=O.OC(=O)C(Cl)(Cl)Cl,P-1,False,293.0,highT,CN1C(=O)N(C)C2=C(N(CC3OCCO3)C=N2)C1=O,OC(=O)C(Cl)(Cl)Cl
BIXBOC,BIXBOC,295 K,Nc1nc(N)nc(n1)c1ccccc1.NC(=O)N1c2ccccc2C=Cc2ccccc12,P-1,False,295.0,highT,Nc1nc(N)nc(n1)c1ccccc1,NC(=O)N1c2ccccc2C=Cc2ccccc12
JEJHAL,JEJHAL,286 K,OC(=O)c1ccc(O)cc1O.CC1=C(C=C(C#N)C(=O)N1)c1ccncc1,P21/c,False,286.0,highT,OC(=O)c1ccc(O)cc1O,CC1=C(C=C(C#N)C(=O)N1)c1ccncc1
HAYLAY,HAYLAY,293 K,Oc1ccc(C=O)c(O)c1.c1cc(ccn1)c1ccncc1,C2/c,False,293.0,highT,Oc1ccc(C=O)c(O)c1,c1cc(ccn1)c1ccncc1
RORPOF,RORPOF,at 301 K,c1ccc2nc3ccccc3cc2c1.OB(O)c1ccc(Cl)cc1,P21/n,False,301.0,highT,c1ccc2nc3ccccc3cc2c1,OB(O)c1ccc(Cl)cc1
JOMHIF,JOMHIF,298.1 K,c1cncc(c1)C=Cc1cccnc1.OCC#CCO,P21/n,False,298.0,highT,c1cncc(c1)C=Cc1cccnc1,OCC#CCO
VAKKAW,VAKKAW,298 K,[NH3+]C(Cc1ccccc1)C(=O)Nc1cccnc1.O=C([O-])c1ccc(cc1)N(=O)=O,P212121,False,298.0,highT,[NH3+]C(Cc1ccccc1)C(=O)Nc1cccnc1,O=C([O-])c1ccc(cc1)N(=O)=O
ULAYAH,ULAYAH,at 293 K,OC(=O)CCC(=O)[O-].CCc1[nH+]c(N)nc(N)c1c1ccc(Cl)cc1,P21/c,False,293.0,highT,OC(=O)CCC(=O)[O-],CCc1[nH+]c(N)nc(N)c1c1ccc(Cl)cc1
JIQGIC,JIQGIC,296 K,OC(C(O)C(=O)[O-])C(O)=O.[NH3+]CC1CCC(CC1)C(O)=O,P21,False,296.0,highT,OC(C(O)C(=O)[O-])C(O)=O,[NH3+]CC1CCC(CC1)C(O)=O
ADAVOQ,ADAVOQ,at 293 K,[NH3+]C(Cc1[nH+]c[nH]c1)C(=O)[O-].OC(=O)CCCC(=O)[O-],P212121,False,293.0,highT,[NH3+]C(Cc1[nH+]c[nH]c1)C(=O)[O-],OC(=O)CCCC(=O)[O-]
KIJTAA,KIJTAA,at 298 K,NC(=O)c1ccncc1.CN1N=NC2=C(N=CN2C1=O)C(N)=O,P-1,False,298.0,highT,NC(=O)c1ccncc1,CN1N=NC2=C(N=CN2C1=O)C(N)=O
DOKRUR,DOKRUR,at 293 K,Cc1ccc(cc1)S(=O)(=O)[O-].CCOc1cc(ccc1O)C=Cc1cc[n+](C)cc1,P21/n,False,293.0,highT,Cc1ccc(cc1)S(=O)(=O)[O-],CCOc1cc(ccc1O)C=Cc1cc[n+](C)cc1
GABYUE,GABYUE,at 296 K,OC(=O)c1cccc(c1)C(O)=O.N(c1cccc(Nc2ccccn2)c1)c1ccccn1,Pbcm,False,296.0,highT,OC(=O)c1cccc(c1)C(O)=O,N(c1cccc(Nc2ccccn2)c1)c1ccccn1
NEFSUP,NEFSUP,296 K,Oc1ccccc1C(=O)[O-].COc1cc(C)[nH+]c(N)n1,P21/c,False,296.0,highT,Oc1ccccc1C(=O)[O-],COc1cc(C)[nH+]c(N)n1
SAZKEK,SAZKEK,at 298 K,O1C(=NN=C1c1ccncc1)c1ccncc1.Oc1ccc(O)cc1,Pbca,False,298.0,highT,O1C(=NN=C1c1ccncc1)c1ccncc1,Oc1ccc(O)cc1
XEMMEK,XEMMEK,293 K,Clc1cc(ccc1C(=O)[O-])N(=O)=O.[NH3+]c1ccc(cc1)C(O)=O,Pbca,False,293.0,highT,Clc1cc(ccc1C(=O)[O-])N(=O)=O,[NH3+]c1ccc(cc1)C(O)=O
IXUCIQ,IXUCIQ,273 K,O=C([O-])CCCCC1CCSS1.Clc1cccc(Cl)c1NC1=[NH+]CCN1,P21,False,273.0,highT,O=C([O-])CCCCC1CCSS1,Clc1cccc(Cl)c1NC1=[NH+]CCN1
RECQOG,RECQOG,at 299.2 K,NC(N)=O.COc1ccccc1C(N)=O,Pbca,False,299.0,highT,NC(N)=O,COc1ccccc1C(N)=O
ZIJZOL,ZIJZOL,288 K,OC1CC(=CC(O)C1O)C(=O)[O-].Nc1[nH+]nc(c(N)n1)c1cccc(Cl)c1Cl,P21,False,288.0,highT,OC1CC(=CC(O)C1O)C(=O)[O-],Nc1[nH+]nc(c(N)n1)c1cccc(Cl)c1Cl
MIFRAU04,MIFRAU04,285 K,[NH3+]CCC(O)=O.OC(=O)C(=O)[O-],I2/a,False,285.0,highT,[NH3+]CCC(O)=O,OC(=O)C(=O)[O-]
VAGSEE,VAGSEE,298 K,Cc1ccc(cn1)c1ncc(Cl)cc1c1ccc(cc1)S(C)(=O)=O.OC(=O)CCCCC(O)=O,P21/n,False,298.0,highT,Cc1ccc(cn1)c1ncc(Cl)cc1c1ccc(cc1)S(C)(=O)=O,OC(=O)CCCCC(O)=O
SIZKUJ,SIZKUJ,at 296 K,C[N+](C)(C)CC(O)=O.OC1=C([O-])C(=O)C1=O,Pca21,False,296.0,highT,C[N+](C)(C)CC(O)=O,OC1=C([O-])C(=O)C1=O
OWIXUO,OWIXUO,at 295 K,Cc1cc[nH+]c(O)c1.O=N(=O)c1cc(c([O-])c(c1)N(=O)=O)N(=O)=O,P-1,False,295.0,highT,Cc1cc[nH+]c(O)c1,O=N(=O)c1cc(c([O-])c(c1)N(=O)=O)N(=O)=O
YEJYIV,YEJYIV,at 293 K,[NH3+]C(C)C(O)=O.OC(=O)C(=O)[O-],P212121,False,293.0,highT,[NH3+]C(C)C(O)=O,OC(=O)C(=O)[O-]
YEHZES,YEHZES,at 298 K,[NH3+]c1ccc(cc1)C(O)=O.COC(=O)c1c(Br)c(Br)c(Br)c(Br)c1C(=O)[O-],P21/c,False,298.0,highT,[NH3+]c1ccc(cc1)C(O)=O,COC(=O)c1c(Br)c(Br)c(Br)c(Br)c1C(=O)[O-]
OJENIA,OJENIA,at 298 K,c1cc(ccn1)c1ccncc1.OC(=O)c1ccccc1c1ccccc1C(O)=O,P-1,False,298.0,highT,c1cc(ccn1)c1ccncc1,OC(=O)c1ccccc1c1ccccc1C(O)=O
KIJSIH,KIJSIH,at 298 K,NC(=O)c1ccc(O)cc1.CN1N=NC2=C(N=CN2C1=O)C(N)=O,P-1,False,298.0,highT,NC(=O)c1ccc(O)cc1,CN1N=NC2=C(N=CN2C1=O)C(N)=O
WAFFUG,WAFFUG,at 296 K,c1cc(ccn1)c1ccncc1.OC(=O)CSc1ncccc1C(O)=O,P21/c,False,296.0,highT,c1cc(ccn1)c1ccncc1,OC(=O)CSc1ncccc1C(O)=O
RISFEH,RISFEH,297 K,Cc1[nH+]c(C)c(c2ccccc2Cl)c(c1Br)c1ccccc1Cl.O=N(=O)c1cc(c([O-])c(c1)N(=O)=O)N(=O)=O,P212121,False,297.0,highT,Cc1[nH+]c(C)c(c2ccccc2Cl)c(c1Br)c1ccccc1Cl,O=N(=O)c1cc(c([O-])c(c1)N(=O)=O)N(=O)=O
JIGKES01,JIGKES01,296.1 K,CCCN(CCC)S(=O)(=O)c1ccc(cc1)C(O)=O.c1cc(ccn1)N=Nc1ccncc1,P21/c,False,296.0,highT,CCCN(CCC)S(=O)(=O)c1ccc(cc1)C(O)=O,c1cc(ccn1)N=Nc1ccncc1
NOWDOU,NOWDOU,at 296 K,c1cc(ccn1)C=Cc1ccncc1.OB(O)O,P21/c,False,296.0,highT,c1cc(ccn1)C=Cc1ccncc1,OB(O)O
KIJTEE,KIJTEE,at 298 K,CN1C=NC2=C1C(=O)N(C)C(=O)N2C.CN1N=NC2=C(N=CN2C1=O)C(N)=O,P-1,False,298.0,highT,CN1C=NC2=C1C(=O)N(C)C(=O)N2C,CN1N=NC2=C(N=CN2C1=O)C(N)=O
ZODJEK,ZODJEK,296 K,Cc1ccc(cc1)S(=O)(=O)[O-].COCCN1C=[NH+]c2ccccc12,P21/n,False,296.0,highT,Cc1ccc(cc1)S(=O)(=O)[O-],COCCN1C=[NH+]c2ccccc12
SEDBAH,SEDBAH,295 K,COc1cc[nH+]cc1.OC(=O)CCC(=O)[O-],P21/n,False,295.0,highT,COc1cc[nH+]cc1,OC(=O)CCC(=O)[O-]
PUNWOL,PUNWOL,at 296.1 K,[NH3+]C(C)c1ccc(Cl)cc1.CCOP([O-])(=S)c1ccc(Cl)cc1,C2,False,296.0,highT,[NH3+]C(C)c1ccc(Cl)cc1,CCOP([O-])(=S)c1ccc(Cl)cc1
ERIWUY,ERIWUY,at 293 K,NC(N)=O.OC(=O)CCCCC(O)=O,P-1,False,293.0,highT,NC(N)=O,OC(=O)CCCCC(O)=O
KEWZUI,KEWZUI,at 298 K,Oc1ccc(cc1)c1ccc(O)cc1.O=C1CCCCCN1,C2/c,False,298.0,highT,Oc1ccc(cc1)c1ccc(O)cc1,O=C1CCCCCN1
FONJAU,FONJAU,at 298 K,[NH3+]C(CCSC)C(O)=O.OC(C(=O)[O-])c1ccccc1,P212121,False,298.0,highT,[NH3+]C(CCSC)C(O)=O,OC(C(=O)[O-])c1ccccc1
RIJCIY,RIJCIY,at 295 K,FC(F)(F)S(=O)(=O)[O-].O=C(C[n+]1ccccc1)OC1CCCCC1,P-1,False,295.0,highT,FC(F)(F)S(=O)(=O)[O-],O=C(C[n+]1ccccc1)OC1CCCCC1
HISMAZ,HISMAZ,at 293 K,[NH3+]C(CO)(CO)CO.Oc1ccccc1C(=O)[O-],P21212,False,293.0,highT,[NH3+]C(CO)(CO)CO,Oc1ccccc1C(=O)[O-]
NUNHAG,NUNHAG,at 293 K,CCOC(=O)C1=N[N-]C(=C1)C(=O)OCC.[NH3+]CCc1ccc(OC)c(OC)c1,P21/n,False,293.0,highT,CCOC(=O)C1=N[N-]C(=C1)C(=O)OCC,[NH3+]CCc1ccc(OC)c(OC)c1
HOWRAN,HOWRAN,at 298 K,[NH3+]C(C)(C)CC(C)=O.O=C([O-])c1cc(cc(c1)N(=O)=O)N(=O)=O,P21/c,False,298.0,highT,[NH3+]C(C)(C)CC(C)=O,O=C([O-])c1cc(cc(c1)N(=O)=O)N(=O)=O
KAGPOB,KAGPOB,296.1 K,OC(=O)c1cc(ccc1O)S(=O)(=O)[O-].NC(=O)c1cc[nH+]cc1,P21/c,False,296.0,highT,OC(=O)c1cc(ccc1O)S(=O)(=O)[O-],NC(=O)c1cc[nH+]cc1
XAGWUB,XAGWUB,296 K,COc1ccccc1N1CC[NH2+]CC1.Brc1ccc(cc1)C(=O)[O-],P-1,False,296.0,highT,COc1ccccc1N1CC[NH2+]CC1,Brc1ccc(cc1)C(=O)[O-]
UNUNID,UNUNID,294 K,c1ccc2nc3ccccc3nc2c1.OC(=O)C#C,P21/c,False,294.0,highT,c1ccc2nc3ccccc3nc2c1,OC(=O)C#C
POXFIU,POXFIU,296 K,Oc1ccc(cc1)C(=O)[O-].CCc1[nH+]c(N)nc(N)c1c1ccc(Cl)cc1,P-1,False,296.0,highT,Oc1ccc(cc1)C(=O)[O-],CCc1[nH+]c(N)nc(N)c1c1ccc(Cl)cc1
DOWPAJ,DOWPAJ,298 K,NC1=[NH+]C=CS1.Clc1ccc(OCC(=O)[O-])cc1,Pca21,False,298.0,highT,NC1=[NH+]C=CS1,Clc1ccc(OCC(=O)[O-])cc1
QAXZEX,QAXZEX,293 K,c1cc(ccn1)c1ccncc1.NC(=S)NN=Cc1ccc(O)cc1O,P-1,False,293.0,highT,c1cc(ccn1)c1ccncc1,NC(=S)NN=Cc1ccc(O)cc1O
SEVJAH,SEVJAH,296 K,Cc1cc(C)nc(N)n1.OC(=O)CCCCCC(O)=O,P21/c,False,296.0,highT,Cc1cc(C)nc(N)n1,OC(=O)CCCCCC(O)=O
CUYXUQ,CUYXUQ,at 293 K,NC(=O)c1cccnc1.OC(=O)CC(O)(CC(O)=O)C(O)=O,P-1,False,293.0,highT,NC(=O)c1cccnc1,OC(=O)CC(O)(CC(O)=O)C(O)=O
NEBVOH,NEBVOH,at 293 K,OC(=O)c1ccccc1Cl.COc1cc(OC)nc(N)n1,P-1,False,293.0,highT,OC(=O)c1ccccc1Cl,COc1cc(OC)nc(N)n1
QIPMIO,QIPMIO,293 K,C[P+](C)(C)CC=C.O=N(=O)c1cc(c([O-])c(c1)N(=O)=O)N(=O)=O,Pcab,False,293.0,highT,C[P+](C)(C)CC=C,O=N(=O)c1cc(c([O-])c(c1)N(=O)=O)N(=O)=O
ESAWON,ESAWON,293 K,c1ccc2nccnc2c1.OC(=O)c1c(Br)c(Br)c(C(O)=O)c(Br)c1Br,Pnma,False,293.0,highT,c1ccc2nccnc2c1,OC(=O)c1c(Br)c(Br)c(C(O)=O)c(Br)c1Br
RIDKIA,RIDKIA,at 293 K,O=S(=O)([O-])c1cccc(c1)P(c1ccccc1)c1ccccc1.CCCC[N+]12CN3CN(CP(C3)C1)C2,P-1,False,293.0,highT,O=S(=O)([O-])c1cccc(c1)P(c1ccccc1)c1ccccc1,CCCC[N+]12CN3CN(CP(C3)C1)C2
ZIMHIO,ZIMHIO,at 298 K,CC(=O)NS(=O)(=O)c1ccc(N)cc1.CC(N)=O,P21/c,False,298.0,highT,CC(=O)NS(=O)(=O)c1ccc(N)cc1,CC(N)=O
EZEGUN,EZEGUN,296 K,CCc1[nH+]ccc(c1)C(N)=S.Oc1cccc(O)c1C(=O)[O-],P-1,False,296.0,highT,CCc1[nH+]ccc(c1)C(N)=S,Oc1cccc(O)c1C(=O)[O-]
NUMJUC,NUMJUC,298 K,Cc1ccc(cc1)S(N)(=O)=O.O=C1CCCCN1,P-1,False,298.0,highT,Cc1ccc(cc1)S(N)(=O)=O,O=C1CCCCN1
ROMZOL,ROMZOL,296 K,OC(=O)c1ccc(cc1)c1ccccc1.Cc1cc(C)nc(NS(=O)(=O)c2ccc(N)cc2)n1,P21/c,False,296.0,highT,OC(=O)c1ccc(cc1)c1ccccc1,Cc1cc(C)nc(NS(=O)(=O)c2ccc(N)cc2)n1
GAPNUI,GAPNUI,at 293 K,OC(C(O)C(=O)[O-])C(O)=O.[NH2+]1CCOCC1,P-1,False,293.0,highT,OC(C(O)C(=O)[O-])C(O)=O,[NH2+]1CCOCC1
QELDEU,QELDEU,298 K,c1cc(ccn1)C=Cc1ccncc1.OC(=O)c1cccnc1Nc1cccc(c1)C(F)(F)F,Cc,False,298.0,highT,c1cc(ccn1)C=Cc1ccncc1,OC(=O)c1cccnc1Nc1cccc(c1)C(F)(F)F
RASMOR,RASMOR,293 K,CC[NH+](CC)CCO.O=C([O-])c1ccc(cc1)N(=O)=O,P-1,False,293.0,highT,CC[NH+](CC)CCO,O=C([O-])c1ccc(cc1)N(=O)=O
EXICEU,EXICEU,at 293 K,OC(=O)c1ccc(Cl)cc1.Cc1cc(C)nc(N)n1,C2/c,False,293.0,highT,OC(=O)c1ccc(Cl)cc1,Cc1cc(C)nc(N)n1
SICQEC,SICQEC,at 296 K,[NH2+]1CCOCC1.Cc1ccc(cc1)C1=C(C#N)C(=O)NC(=C1C#N)[O-],P-1,False,296.0,highT,[NH2+]1CCOCC1,Cc1ccc(cc1)C1=C(C#N)C(=O)NC(=C1C#N)[O-]
QOLRIV,QOLRIV,298 K,CCN1C(=O)SC(C1=S)=C1SC(=O)N(CC)C1=S.c1cc2cccc3c4cccc5cccc(c(c1)c23)c45,P-1,False,298.0,highT,CCN1C(=O)SC(C1=S)=C1SC(=O)N(CC)C1=S,c1cc2cccc3c4cccc5cccc(c(c1)c23)c45
GIDGEJ,GIDGEJ,294 K,OC(C(=O)[O-])c1ccccc1.[NH3+]CC1CCC(CC1)C(O)=O,Pca21,False,294.0,highT,OC(C(=O)[O-])c1ccccc1,[NH3+]CC1CCC(CC1)C(O)=O
NELJEX,NELJEX,295 K,CCOc1ccc2[nH+]c3cc(N)ccc3c(N)c2c1.Clc1cccc(Cl)c1Nc1ccccc1CC(=O)[O-],P-1,False,295.0,highT,CCOc1ccc2[nH+]c3cc(N)ccc3c(N)c2c1,Clc1cccc(Cl)c1Nc1ccccc1CC(=O)[O-]
ZEQCEG,ZEQCEG,293 K,CN1C=NC2=C1C(=O)N(C)C(=O)N2C.Nc1ccc(C(O)=O)c(O)c1,P212121,False,293.0,highT,CN1C=NC2=C1C(=O)N(C)C(=O)N2C,Nc1ccc(C(O)=O)c(O)c1
ZEGFAU,ZEGFAU,at 294 K,Oc1ccc(CC(=O)[O-])cc1.NC1=[NH+]C(=O)NC=C1,Pbcn,False,294.0,highT,Oc1ccc(CC(=O)[O-])cc1,NC1=[NH+]C(=O)NC=C1
GOLZIR,GOLZIR,at 293 K,[NH3+]CC(O)=O.OC(=O)C=CC(=O)[O-],P21/n,False,293.0,highT,[NH3+]CC(O)=O,OC(=O)C=CC(=O)[O-]
TEZNOD,TEZNOD,at 298 K,Nc1nc(N)nc(n1)c1ccccc1.OC(=O)Cc1cccc(CC(O)=O)c1,Pbcn,False,298.0,highT,Nc1nc(N)nc(n1)c1ccccc1,OC(=O)Cc1cccc(CC(O)=O)c1
EPUHEF,EPUHEF,298 K,NC1=[NH+]c2ccccc2S1.ClC(Cl)C(=O)[O-],P-1,False,298.0,highT,NC1=[NH+]c2ccccc2S1,ClC(Cl)C(=O)[O-]
SUXVUC,SUXVUC,at 296 K,OC(=O)c1ccccc1C(O)=O.c1cc(ccn1)C#Cc1ccncc1,C2/c,False,296.0,highT,OC(=O)c1ccccc1C(O)=O,c1cc(ccn1)C#Cc1ccncc1
AFITOA,AFITOA,at 293 K,[NH3+]c1cccc(O)c1.Cc1ccc(cc1)S(=O)(=O)[O-],P-1,False,293.0,highT,[NH3+]c1cccc(O)c1,Cc1ccc(cc1)S(=O)(=O)[O-]
SAYNIQ,SAYNIQ,at 293 K,c1cncc(c1)C#CC#Cc1cccnc1.OC(=O)CNC(=O)C(=O)NCC(O)=O,C2/c,False,293.0,highT,c1cncc(c1)C#CC#Cc1cccnc1,OC(=O)CNC(=O)C(=O)NCC(O)=O
QOCCUI,QOCCUI,at 293 K,Nc1[nH+]cc(cc1)N(=O)=O.OC(=O)C(=O)[O-],P-1,False,293.0,highT,Nc1[nH+]cc(cc1)N(=O)=O,OC(=O)C(=O)[O-]
EKUMOP,EKUMOP,296 K,CC(=O)[O-].[NH3+]CCc1cc(OC)ccc1OC,P212121,False,296.0,highT,CC(=O)[O-],[NH3+]CCc1cc(OC)ccc1OC
CEQDIP,CEQDIP,295 K,OC(CN1C=NC=N1)(CN1C=NC=N1)c1ccc(F)cc1F.OC(=O)c1cc(O)c(O)c(O)c1,P21/c,False,295.0,highT,OC(CN1C=NC=N1)(CN1C=NC=N1)c1ccc(F)cc1F,OC(=O)c1cc(O)c(O)c(O)c1
MIGGIW,MIGGIW,296 K,c1ccc2nc3ccccc3nc2c1.NC(N)=NS(=O)(=O)c1ccc(N)cc1,P21/c,False,296.0,highT,c1ccc2nc3ccccc3nc2c1,NC(N)=NS(=O)(=O)c1ccc(N)cc1
AWUQUF,AWUQUF,at 296 K,OC(=O)COc1ccc(OCC(O)=O)cc1.S(Sc1ccncc1)c1ccncc1,C2/c,False,296.0,highT,OC(=O)COc1ccc(OCC(O)=O)cc1,S(Sc1ccncc1)c1ccncc1
ZEXWEG,ZEXWEG,at 298 K,Oc1ccc(O)cc1.CCN1C=C(C(O)=O)C(=O)c2ccc(C)nc12,P-1,False,298.0,highT,Oc1ccc(O)cc1,CCN1C=C(C(O)=O)C(=O)c2ccc(C)nc12
DIBZAQ02,DIBZAQ02,at 293 K,[2H][N+]12CN3CN(C1)CN(C2)C3.O=C([O-])c1cc(cc(c1)N(=O)=O)N(=O)=O,P-1,False,293.0,highT,[2H][N+]12CN3CN(C1)CN(C2)C3,O=C([O-])c1cc(cc(c1)N(=O)=O)N(=O)=O
BULKOK,BULKOK,295 K,c1cc(ccn1)C=Cc1ccncc1.OC(=O)c1ccccc1O,P21/c,False,295.0,highT,c1cc(ccn1)C=Cc1ccncc1,OC(=O)c1ccccc1O
SUZNEH,SUZNEH,at 296 K,Nc1[nH+]cc(Cl)cc1.O=C([O-])C1=CC=CC(=O)N1,P212121,False,296.0,highT,Nc1[nH+]cc(Cl)cc1,O=C([O-])C1=CC=CC(=O)N1
DOCWIE,DOCWIE,298 K,OC(=O)C=CC(=O)[O-].O=C(CN1C=[NH+]C=C1)c1ccccc1,P21/n,False,298.0,highT,OC(=O)C=CC(=O)[O-],O=C(CN1C=[NH+]C=C1)c1ccccc1
IMAHOT,IMAHOT,at 293 K,[NH3+]C(C)Cc1ccc(OC)cc1.CN1C(=O)Nc2ccc(Cl)cc2C21NC(=O)[N-]C2=O,P21,False,293.0,highT,[NH3+]C(C)Cc1ccc(OC)cc1,CN1C(=O)Nc2ccc(Cl)cc2C21NC(=O)[N-]C2=O
EFAFIC,EFAFIC,at 298 K,COc1ccc(cc1)C(N)=[NH2+].CC(=O)[O-],P21/n,False,298.0,highT,COc1ccc(cc1)C(N)=[NH2+],CC(=O)[O-]
MIHJIA,MIHJIA,298 K,OC(C(O)C(=O)[O-])C(O)=O.C[NH2+]C1CCC(c2ccc(Cl)c(Cl)c2)c2ccccc12,P212121,False,298.0,highT,OC(C(O)C(=O)[O-])C(O)=O,C[NH2+]C1CCC(c2ccc(Cl)c(Cl)c2)c2ccccc12
REZPET,REZPET,297 K,OC(=O)C=CC(=O)[O-].[NH3+]C(CO)C(O)=O,P21,False,297.0,highT,OC(=O)C=CC(=O)[O-],[NH3+]C(CO)C(O)=O
VIZZEL,VIZZEL,296 K,OC(=O)C(=O)[O-].[NH3+]CP(C)(C)=O,P21212,False,296.0,highT,OC(=O)C(=O)[O-],[NH3+]CP(C)(C)=O
QUTMUO,QUTMUO,at 296 K,c1ccncc1.OC(=O)c1ccccc1N1C(=O)c2ccccc2C1=O,P21/c,False,296.0,highT,c1ccncc1,OC(=O)c1ccccc1N1C(=O)c2ccccc2C1=O
JIRXER,JIRXER,293 K,OC(=O)c1ccccc1C(=O)[O-].Oc1cccc2ccc[nH+]c12,P21/n,False,293.0,highT,OC(=O)c1ccccc1C(=O)[O-],Oc1cccc2ccc[nH+]c12
KIDNUH,KIDNUH,at 292 K,OC(=O)c1ccc(cc1)C(O)=O.Cc1cc(CN2C=CN=C2)c(O)c(CN2C=CN=C2)c1,P-1,False,292.0,highT,OC(=O)c1ccc(cc1)C(O)=O,Cc1cc(CN2C=CN=C2)c(O)c(CN2C=CN=C2)c1
SADYII,SADYII,293 K,OC(=O)c1c[nH+]ccc1.ClC(Cl)(Cl)C(=O)[O-],P21/c,False,293.0,highT,OC(=O)c1c[nH+]ccc1,ClC(Cl)(Cl)C(=O)[O-]
LUJCOJ,LUJCOJ,at 295 K,c1cc(ccn1)c1ccncc1.Oc1ccc2ccccc2c1c1c(O)ccc2ccccc12,Pca21,False,295.0,highT,c1cc(ccn1)c1ccncc1,Oc1ccc2ccccc2c1c1c(O)ccc2ccccc12
EPUFON,EPUFON,298 K,NC1=[NH+]C=CS1.OC(=O)c1cc(O)cc(c1)C(=O)[O-],P21/n,False,298.0,highT,NC1=[NH+]C=CS1,OC(=O)c1cc(O)cc(c1)C(=O)[O-]
DOWPOX,DOWPOX,298 K,NC1=[NH+]C=CS1.OC(=O)c1cccc(c1C(=O)[O-])N(=O)=O,P21/c,False,298.0,highT,NC1=[NH+]C=CS1,OC(=O)c1cccc(c1C(=O)[O-])N(=O)=O
DUVGAC01,DUVGAC01,at 293 K,NC(N)=S.O=C1CCCCCCC1,P21/c,False,293.0,highT,NC(N)=S,O=C1CCCCCCC1
KOVSAR,KOVSAR,at 296 K,NC(=O)c1cnccn1.OC(=O)CCCCC(O)=O,P-1,False,296.0,highT,NC(=O)c1cnccn1,OC(=O)CCCCC(O)=O
NAYGOK,NAYGOK,at 295 K,[S-]C#N.NC1=C([N+]2=C(S1)C=CC=C2)C(=O)c1ccc(Br)cc1,P21/c,False,295.0,highT,[S-]C#N,NC1=C([N+]2=C(S1)C=CC=C2)C(=O)c1ccc(Br)cc1
VIGFIB,VIGFIB,at 293 K,O=C1CC(=O)NC(=O)N1.[O]n1ccn([O])cc1,P21/n,False,293.0,highT,O=C1CC(=O)NC(=O)N1,[O]n1ccn([O])cc1
KEGSEV,KEGSEV,at 293 K,FC(F)(F)S(=O)(=O)[O-].ON=C1C2=[NH+]CCCN2CCCc2ccccc12,P21/c,False,293.0,highT,FC(F)(F)S(=O)(=O)[O-],ON=C1C2=[NH+]CCCN2CCCc2ccccc12
ITIWIT,ITIWIT,298 K,O=N(=O)c1cc(c([O-])c(c1)N(=O)=O)N(=O)=O.NC(=NO)C(=[NH2+])NO,P-1,False,298.0,highT,O=N(=O)c1cc(c([O-])c(c1)N(=O)=O)N(=O)=O,NC(=NO)C(=[NH2+])NO
KEWDAV,KEWDAV,295 K,C[N+]1=C2c3ccccc3c3ccccc3C2=NS1.FC(F)(F)S(=O)(=O)[O-],Ia,False,295.0,highT,C[N+]1=C2c3ccccc3c3ccccc3C2=NS1,FC(F)(F)S(=O)(=O)[O-]
HOJKEY,HOJKEY,at 297 K,c1cc(ccn1)c1ccncc1.OC(=O)CCCSSCCCC(O)=O,P-1,False,297.0,highT,c1cc(ccn1)c1ccncc1,OC(=O)CCCSSCCCC(O)=O
FASJIU,FASJIU,at 298 K,O=C(CN1C=[NH+]C=C1)c1ccccc1.O=N(=O)c1cc(c([O-])c(c1)N(=O)=O)N(=O)=O,C2/c,False,298.0,highT,O=C(CN1C=[NH+]C=C1)c1ccccc1,O=N(=O)c1cc(c([O-])c(c1)N(=O)=O)N(=O)=O
REWLIR,REWLIR,296 K,ON=Cc1cc[nH+]c2ccccc12.O=N(=O)c1cc(c([O-])c(c1)N(=O)=O)N(=O)=O,P21/n,False,296.0,highT,ON=Cc1cc[nH+]c2ccccc12,O=N(=O)c1cc(c([O-])c(c1)N(=O)=O)N(=O)=O
EXANIB,EXANIB,at 296 K,Cc1cc(C)nc(NS(=O)(=O)c2ccc(N)cc2)n1.CC=CC=CC(O)=O,P21/c,False,296.0,highT,Cc1cc(C)nc(NS(=O)(=O)c2ccc(N)cc2)n1,CC=CC=CC(O)=O
NUGZEV,NUGZEV,at 294 K,OC(=O)c1cccc(c1)C(O)=O.NN1C(=NN=C1c1ccncc1)c1ccncc1,P21/c,False,294.0,highT,OC(=O)c1cccc(c1)C(O)=O,NN1C(=NN=C1c1ccncc1)c1ccncc1
FECGEC,FECGEC,300 K,NC(=O)c1ccccc1.OC(=O)c1cccc(F)c1,P-1,False,300.0,highT,NC(=O)c1ccccc1,OC(=O)c1cccc(F)c1
NOLBEY,NOLBEY,298.1 K,NS(=O)(=O)c1cc(C(O)=O)c(NCC2=CC=CO2)cc1Cl.O=C1CCCCCN1,P-1,False,298.0,highT,NS(=O)(=O)c1cc(C(O)=O)c(NCC2=CC=CO2)cc1Cl,O=C1CCCCCN1
BEMQOC,BEMQOC,296 K,[NH3+]NC(N)=S.Oc1ccc(cc1)S(=O)(=O)[O-],P21/n,False,296.0,highT,[NH3+]NC(N)=S,Oc1ccc(cc1)S(=O)(=O)[O-]
KAGPIV,KAGPIV,296 K,OC(=O)c1cc(ccc1O)S(=O)(=O)[O-].NC(=O)c1cc[nH+]cc1,P21/n,False,296.0,highT,OC(=O)c1cc(ccc1O)S(=O)(=O)[O-],NC(=O)c1cc[nH+]cc1
LIHBAG,LIHBAG,at 293 K,O=C([O-])c1ccc(cc1)N(=O)=O.OCC[NH2+]CCO,P-1,False,293.0,highT,O=C([O-])c1ccc(cc1)N(=O)=O,OCC[NH2+]CCO
KANBOT,KANBOT,300 K,CCCN(CCC)S(=O)(=O)c1ccc(cc1)C(O)=O.c1ccc2nc3ccccc3cc2c1,P21/c,False,300.0,highT,CCCN(CCC)S(=O)(=O)c1ccc(cc1)C(O)=O,c1ccc2nc3ccccc3cc2c1
WUZDEC,WUZDEC,270 K,Cc1ccc(cc1)S(=O)(=O)[O-].C[N+](C)(C)CC(O)=O,P-1,False,270.0,highT,Cc1ccc(cc1)S(=O)(=O)[O-],C[N+](C)(C)CC(O)=O
IFACUO,IFACUO,at 293 K,Nc1ccc(cc1)C(O)=O.COc1cc(OC)nc(N)n1,P21/c,False,293.0,highT,Nc1ccc(cc1)C(O)=O,COc1cc(OC)nc(N)n1
XOGDOO,XOGDOO,at 293 K,Cc1nc(C)c(C)nc1C.OC(=O)c1c(O)cccc1O,P21/c,False,293.0,highT,Cc1nc(C)c(C)nc1C,OC(=O)c1c(O)cccc1O
KAYGIC,KAYGIC,at 296 K,O=C(Nc1ccccn1)c1ccncc1.OC(=O)CCCCCCC(O)=O,P21/n,False,296.0,highT,O=C(Nc1ccccn1)c1ccncc1,OC(=O)CCCCCCC(O)=O
PAVNOR,PAVNOR,at 293 K,Oc1[nH+]cccc1.Cc1ccc(cc1)S(=O)(=O)[O-],Pbca,False,293.0,highT,Oc1[nH+]cccc1,Cc1ccc(cc1)S(=O)(=O)[O-]
OLUTUN,OLUTUN,298 K,[NH2+]=C1NC(=O)N(C=C1F)C1CSC(CO)O1.OC(=O)CC(=O)[O-],P21,False,298.0,highT,[NH2+]=C1NC(=O)N(C=C1F)C1CSC(CO)O1,OC(=O)CC(=O)[O-]
MARXUC,MARXUC,296 K,OC(=O)c1ccc2C(=O)OC(=O)c2c1.CN(C)C=O,P21/n,False,296.0,highT,OC(=O)c1ccc2C(=O)OC(=O)c2c1,CN(C)C=O
ASULOP,ASULOP,at 293 K,FC(F)(C(=O)[O-])C(F)(F)C(=O)[O-].[NH3+]C(CC1=C[NH+]=CN1)C(O)=O,C2,False,293.0,highT,FC(F)(C(=O)[O-])C(F)(F)C(=O)[O-],[NH3+]C(CC1=C[NH+]=CN1)C(O)=O
XOCMEK,XOCMEK,296 K,OC(=O)c1cccc(n1)C(=O)[O-].[NH3+]c1ccc(OC)cc1,P41,False,296.0,highT,OC(=O)c1cccc(n1)C(=O)[O-],[NH3+]c1ccc(OC)cc1
GIDGIN,GIDGIN,294 K,[NH3+]CC1CCC(CC1)C(O)=O.O=C1[N-]S(=O)(=O)c2ccccc12,P21/n,False,294.0,highT,[NH3+]CC1CCC(CC1)C(O)=O,O=C1[N-]S(=O)(=O)c2ccccc12
XERCAB,XERCAB,293 K,N#Cc1cc(C#N)c(cc1C#N)C#N.CC(=O)N1c2ccccc2c2ccccc12,P21/n,False,293.0,highT,N#Cc1cc(C#N)c(cc1C#N)C#N,CC(=O)N1c2ccccc2c2ccccc12
NUMHUA,NUMHUA,298 K,Cc1ccccc1S(N)(=O)=O.O=C1CCCCN1,P21/n,False,298.0,highT,Cc1ccccc1S(N)(=O)=O,O=C1CCCCN1
VELVIU,VELVIU,295 K,O=C(c1ccccc1)c1ccncc1.BrN1C(=O)c2ccccc2C1=O,P-1,False,295.0,highT,O=C(c1ccccc1)c1ccncc1,BrN1C(=O)c2ccccc2C1=O
ZIJDAZ,ZIJDAZ,at 293 K,Cc1ccc(cc1)S(=O)(=O)[O-].[NH3+]C(CC1=C[NH+]=CN1)C(=O)[O-],P212121,False,293.0,highT,Cc1ccc(cc1)S(=O)(=O)[O-],[NH3+]C(CC1=C[NH+]=CN1)C(=O)[O-]
QUTBUF,QUTBUF,296 K,NN1C(=[NH+]N=C1C1=NON=C1N)N.O=N(=O)c1cc(c([O-])c(c1)N(=O)=O)N(=O)=O,P21/c,False,296.0,highT,NN1C(=[NH+]N=C1C1=NON=C1N)N,O=N(=O)c1cc(c([O-])c(c1)N(=O)=O)N(=O)=O
NENMEA,NENMEA,at 295 K,[NH3+]CCCCC([NH3+])C(=O)[O-].CC1=NC(=NN1)SCC(=O)[O-],P212121,False,295.0,highT,[NH3+]CCCCC([NH3+])C(=O)[O-],CC1=NC(=NN1)SCC(=O)[O-]
QANLAT,QANLAT,at 295 K,OC(=O)c1cc(ccc1O)S(=O)(=O)[O-].[NH3+]c1ccc(Cl)cc1,P21/c,False,295.0,highT,OC(=O)c1cc(ccc1O)S(=O)(=O)[O-],[NH3+]c1ccc(Cl)cc1
XEYMAP,XEYMAP,at 293 K,Oc1ccc2ccccc2c1c1c(O)ccc2ccccc12.Cc1cncc(C)c1,P-1,False,293.0,highT,Oc1ccc2ccccc2c1c1c(O)ccc2ccccc12,Cc1cncc(C)c1
COSDUK,COSDUK,at 294 K,ON=Cc1cc[nH+]cc1.OC(=O)C(=O)[O-],P21/c,False,294.0,highT,ON=Cc1cc[nH+]cc1,OC(=O)C(=O)[O-]
QAXZUN,QAXZUN,293 K,CNC(=S)NN=Cc1ccc(O)cc1O.c1cc(ccn1)c1ccncc1,P-1,False,293.0,highT,CNC(=S)NN=Cc1ccc(O)cc1O,c1cc(ccn1)c1ccncc1
PUKDUW,PUKDUW,296 K,[NH3+]C(CCCNC(N)=NN(=O)=O)C(O)=O.O=N(=O)c1cc(c([O-])c(c1)N(=O)=O)N(=O)=O,P21,False,296.0,highT,[NH3+]C(CCCNC(N)=NN(=O)=O)C(O)=O,O=N(=O)c1cc(c([O-])c(c1)N(=O)=O)N(=O)=O
HEPSAZ09,HEPSAZ09,363 K,[2H]OC(=O)c1ccc(cc1)C(=O)[O-].[2H]C1=[N+]([2H])C(=C([2H])N1[2H])[2H],P21/c,False,363.0,highT,[2H]OC(=O)c1ccc(cc1)C(=O)[O-],[2H]C1=[N+]([2H])C(=C([2H])N1[2H])[2H]
ULABAN,ULABAN,293 K,Oc1cccc(O)c1.c1ccc(nc1)c1ccccn1,P21/n,False,293.0,highT,Oc1cccc(O)c1,c1ccc(nc1)c1ccccn1
HAGHAB,HAGHAB,296 K,NC(N)=O.c1ccc(C=Cc2ccncc2)nc1,P-1,False,296.0,highT,NC(N)=O,c1ccc(C=Cc2ccncc2)nc1
EGUXOU,EGUXOU,at 295 K,FC(F)(F)S(=O)(=O)[O-].CSc1c2ccccc2[nH+]c2ccccc12,P21/c,False,295.0,highT,FC(F)(F)S(=O)(=O)[O-],CSc1c2ccccc2[nH+]c2ccccc12
DASYAB,DASYAB,293 K,NC(N)=S.OC(=O)C1=Cc2ccccc2OC1=O,P21/n,False,293.0,highT,NC(N)=S,OC(=O)C1=Cc2ccccc2OC1=O
SOVBOU,SOVBOU,at 273 K,c1cc(ccn1)c1ccncc1.OC(=O)CC(O)=O,C2/c,False,273.0,highT,c1cc(ccn1)c1ccncc1,OC(=O)CC(O)=O
HUVGOW,HUVGOW,296 K,C1=CN(C=N1)c1ccc(cc1)N1C=CN=C1.Oc1ccc(cc1)c1ccc(O)cc1,P-1,False,296.0,highT,C1=CN(C=N1)c1ccc(cc1)N1C=CN=C1,Oc1ccc(cc1)c1ccc(O)cc1
NUMHOU,NUMHOU,298 K,O=C1CCCCCN1.NS(=O)(=O)c1ccc(Br)cc1,P212121,False,298.0,highT,O=C1CCCCCN1,NS(=O)(=O)c1ccc(Br)cc1
BOQTEG,BOQTEG,at 293 K,OC(=O)C=CC(=O)[O-].[NH3+]C(C)C(O)=O,P212121,False,293.0,highT,OC(=O)C=CC(=O)[O-],[NH3+]C(C)C(O)=O
LISKEH,LISKEH,290 K,CCCc1[nH+]ccc(c1)C(N)=S.O=S(=O)([O-])c1ccccc1,P-1,False,290.0,highT,CCCc1[nH+]ccc(c1)C(N)=S,O=S(=O)([O-])c1ccccc1
XAPZEW,XAPZEW,293 K,Nc1ccc(Cc2ccc(N)cc2)cc1.Oc1ccc(O)cc1,C2/c,False,293.0,highT,Nc1ccc(Cc2ccc(N)cc2)cc1,Oc1ccc(O)cc1
NIJGIY,NIJGIY,296 K,Nc1nc(N)nc(n1)c1ccccc1.OC(=O)CCC(O)=O,P-1,False,296.0,highT,Nc1nc(N)nc(n1)c1ccccc1,OC(=O)CCC(O)=O
FOZZIG,FOZZIG,295 K,[NH3+]C(CS)C(O)=O.O=N(=O)c1cc(c([O-])c(c1)N(=O)=O)N(=O)=O,P21,False,295.0,highT,[NH3+]C(CS)C(O)=O,O=N(=O)c1cc(c([O-])c(c1)N(=O)=O)N(=O)=O
NAJZUW,NAJZUW,298 K,OC(=O)CCCCC(O)=O.CCc1cc(ccn1)C(N)=S,P-1,False,298.0,highT,OC(=O)CCCCC(O)=O,CCc1cc(ccn1)C(N)=S
YAHQEF,YAHQEF,at 298 K,C1=CN(C=N1)c1cncnc1.Oc1ccc(O)cc1,P-1,False,298.0,highT,C1=CN(C=N1)c1cncnc1,Oc1ccc(O)cc1
EDADUI,EDADUI,at 296.2 K,Cc1ccc(cc1)S(=O)(=O)[O-].Nc1[nH+]cc(cc1)N(=O)=O,Pc,False,296.0,highT,Cc1ccc(cc1)S(=O)(=O)[O-],Nc1[nH+]cc(cc1)N(=O)=O
XAGYAJ,XAGYAJ,296 K,Cc1ccccc1C(=O)[O-].COc1ccccc1N1CC[NH2+]CC1,P-1,False,296.0,highT,Cc1ccccc1C(=O)[O-],COc1ccccc1N1CC[NH2+]CC1
ZOCBOL,ZOCBOL,296 K,Oc1c(cc(cc1N(=O)=O)N(=O)=O)C(=O)[O-].CCc1[nH+]c(N)nc(N)c1c1ccc(Cl)cc1,P21/c,False,296.0,highT,Oc1c(cc(cc1N(=O)=O)N(=O)=O)C(=O)[O-],CCc1[nH+]c(N)nc(N)c1c1ccc(Cl)cc1
ECIROB,ECIROB,293 K,Clc1ccc(cc1)C(=O)[O-].Nc1c(Br)cc(Br)cc1C[NH2+]C1CCC(O)CC1,C2/c,False,293.0,highT,Clc1ccc(cc1)C(=O)[O-],Nc1c(Br)cc(Br)cc1C[NH2+]C1CCC(O)CC1
QAYBAW,QAYBAW,293 K,c1cc(ccn1)C=Cc1ccncc1.CNC(=S)NN=Cc1ccc(O)cc1O,P-1,False,293.0,highT,c1cc(ccn1)C=Cc1ccncc1,CNC(=S)NN=Cc1ccc(O)cc1O
BECNUS02,BECNUS02,at -120 deg.C,O=C1OC(=O)c2cc3C(=O)OC(=O)c3cc12.c1ccc2nc3ccccc3nc2c1,P-1,False,393.0,highT,O=C1OC(=O)c2cc3C(=O)OC(=O)c3cc12,c1ccc2nc3ccccc3nc2c1
ETUCII,ETUCII,298 K,FC(F)(F)C(=O)[O-].CCNc1nc(NC(C)C)[nH+]c(SC)n1,P21/c,False,298.0,highT,FC(F)(F)C(=O)[O-],CCNc1nc(NC(C)C)[nH+]c(SC)n1
YADSAA,YADSAA,293 K,c1ccncc1.Cc1cc(C)nc(NS(=O)(=O)c2ccc(N)cc2)n1,Pna21,False,293.0,highT,c1ccncc1,Cc1cc(C)nc(NS(=O)(=O)c2ccc(N)cc2)n1
FUQFEE,FUQFEE,300 K,O=C([O-])c1ccc(cc1)N(=O)=O.[NH3+]C(CC1=C[NH+]=CN1)C(=O)[O-],P212121,False,300.0,highT,O=C([O-])c1ccc(cc1)N(=O)=O,[NH3+]C(CC1=C[NH+]=CN1)C(=O)[O-]
UBOZAQ,UBOZAQ,295 K,CN(C)C(C)=O.ON1C(=O)c2ccc3C(=O)N(O)C(=O)c4ccc(C1=O)c2c34,P-1,False,295.0,highT,CN(C)C(C)=O,ON1C(=O)c2ccc3C(=O)N(O)C(=O)c4ccc(C1=O)c2c34
SOHDOJ,SOHDOJ,at 295 K,N[n+]1ccnc(Cl)c1.Cc1cc(C)c(c(C)c1)S(=O)(=O)[O-],P-1,False,295.0,highT,N[n+]1ccnc(Cl)c1,Cc1cc(C)c(c(C)c1)S(=O)(=O)[O-]
EPUGAA,EPUGAA,298 K,OCC(=O)[O-].NC1=[NH+]C=CS1,C2/c,False,298.0,highT,OCC(=O)[O-],NC1=[NH+]C=CS1
HUZLAP,HUZLAP,at 295 K,[NH3+]CCNC(=O)c1ccccc1O.O=N(=O)c1cc(c([O-])c(c1)N(=O)=O)N(=O)=O,P21/n,False,295.0,highT,[NH3+]CCNC(=O)c1ccccc1O,O=N(=O)c1cc(c([O-])c(c1)N(=O)=O)N(=O)=O
POZNOK,POZNOK,296 K,COc1cc(ccc1O)C(O)=O.OC(CN1C=NC=N1)(CN1C=NC=N1)c1ccc(F)cc1F,P21/c,False,296.0,highT,COc1cc(ccc1O)C(O)=O,OC(CN1C=NC=N1)(CN1C=NC=N1)c1ccc(F)cc1F
WEDXEL,WEDXEL,293 K,CN1C=NC2=C1C(=O)N(CCCCC(C)=O)C(=O)N2C.Fc1c(F)c(Br)c(F)c(F)c1Br,P-1,False,293.0,highT,CN1C=NC2=C1C(=O)N(CCCCC(C)=O)C(=O)N2C,Fc1c(F)c(Br)c(F)c(F)c1Br
XICRIM,XICRIM,at 298 K,Nc1ccc(c(O)c1)C(=O)[O-].NC1=[NH+]C(=O)NC=C1,P21/n,False,298.0,highT,Nc1ccc(c(O)c1)C(=O)[O-],NC1=[NH+]C(=O)NC=C1
KEZFUS,KEZFUS,at 293 K,[NH3+]CCO.Cc1ccc(cc1)C(=O)[O-],Iba2,False,293.0,highT,[NH3+]CCO,Cc1ccc(cc1)C(=O)[O-]
ZUPZAO,ZUPZAO,298 K,Clc1cccc(c1)C(=O)[O-].[NH3+]Cc1ccc(Cl)cc1,P21,False,298.0,highT,Clc1cccc(c1)C(=O)[O-],[NH3+]Cc1ccc(Cl)cc1
ECEREM,ECEREM,295 K,OC(=O)CNc1ccccc1C(O)=O.COC(=O)c1ccncc1,P-1,False,295.0,highT,OC(=O)CNc1ccccc1C(O)=O,COC(=O)c1ccncc1
GIYHUS,GIYHUS,at 291 K,OC(=O)CNS(=O)(=O)c1cccc(c1)C(O)=O.c1cc(ccn1)c1ccncc1,P-1,False,291.0,highT,OC(=O)CNS(=O)(=O)c1cccc(c1)C(O)=O,c1cc(ccn1)c1ccncc1
ZAVMER,ZAVMER,296 K,Oc1ccc(cc1)C(=O)[O-].OCC[NH+]1CCCCC1,P21/c,False,296.0,highT,Oc1ccc(cc1)C(=O)[O-],OCC[NH+]1CCCCC1
CEXJUO,CEXJUO,293 K,Oc1ccc2ccc(O)cc2c1.Cc1nc2ccccc2nc1C,P21/c,False,293.0,highT,Oc1ccc2ccc(O)cc2c1,Cc1nc2ccccc2nc1C
DISGUK,DISGUK,296 K,Oc1cc(cc(O)c1O)C(=O)[O-].CCc1[nH+]c(N)nc(N)c1c1ccc(Cl)cc1,P21/c,False,296.0,highT,Oc1cc(cc(O)c1O)C(=O)[O-],CCc1[nH+]c(N)nc(N)c1c1ccc(Cl)cc1
KOVSEV,KOVSEV,at 296 K,OC(=O)CCCCCCCCC(O)=O.NC(=O)c1cnccn1,P-1,False,296.0,highT,OC(=O)CCCCCCCCC(O)=O,NC(=O)c1cnccn1
JOKYOA,JOKYOA,300 K,c1ccc(cc1)c1ccncc1.Nc1ccc(cc1)S(=O)(=O)Nc1ccc(Cl)nn1,P21/c,False,300.0,highT,c1ccc(cc1)c1ccncc1,Nc1ccc(cc1)S(=O)(=O)Nc1ccc(Cl)nn1
TEHNAW,TEHNAW,at 298 K,Oc1ccc(cc1)c1ccc(O)cc1.N#Cc1ccncc1,C2/c,False,298.0,highT,Oc1ccc(cc1)c1ccc(O)cc1,N#Cc1ccncc1
EJORIG,EJORIG,293 K,CC(=O)NNC(C)=O.Nc1ccccc1Nc1cc(nnc1C(F)(F)F)c1ccccc1,C2/c,False,293.0,highT,CC(=O)NNC(C)=O,Nc1ccccc1Nc1cc(nnc1C(F)(F)F)c1ccccc1
TAZMIT,TAZMIT,293 K,c1cnc2c(c1)ccc1cccnc21.OB(O)c1cc(F)c(F)c(F)c1,P21/c,False,293.0,highT,c1cnc2c(c1)ccc1cccnc21,OB(O)c1cc(F)c(F)c(F)c1
VEBZAH,VEBZAH,293 K,CN(C)c1ccc(cc1)N(C)C.O=C1OC(=O)c2cc3C(=O)OC(=O)c3cc12,P-1,False,293.0,highT,CN(C)c1ccc(cc1)N(C)C,O=C1OC(=O)c2cc3C(=O)OC(=O)c3cc12
AWITOS,AWITOS,298 K,OC(=O)c1cc(cc(c1)C(O)=O)C(O)=O.CC1=CN(C(=O)C=C1)c1ccccc1,P21/c,False,298.0,highT,OC(=O)c1cc(cc(c1)C(O)=O)C(O)=O,CC1=CN(C(=O)C=C1)c1ccccc1
XIJBOK,XIJBOK,298 K,NS(=O)(=O)c1ccc(NC(=O)C(=O)[O-])cc1.[NH3+]c1ccc(cc1)S(N)(=O)=O,Pc,False,298.0,highT,NS(=O)(=O)c1ccc(NC(=O)C(=O)[O-])cc1,[NH3+]c1ccc(cc1)S(N)(=O)=O
PUFFUS,PUFFUS,at 296 K,c1cc(ccn1)c1ccncc1.OC(=O)c1c(F)c(F)c(F)c(F)c1F,C2/c,False,296.0,highT,c1cc(ccn1)c1ccncc1,OC(=O)c1c(F)c(F)c(F)c(F)c1F
QAXYUM,QAXYUM,293 K,c1cc(ccn1)C=Cc1ccncc1.CNC(=S)NN=Cc1ccc(O)cc1O,C2/c,False,293.0,highT,c1cc(ccn1)C=Cc1ccncc1,CNC(=S)NN=Cc1ccc(O)cc1O
ZIPYIK,ZIPYIK,298 K,OC(=O)c1ccc2OCOc2c1.COc1cc(OC)nc(N)n1,P21/c,False,298.0,highT,OC(=O)c1ccc2OCOc2c1,COc1cc(OC)nc(N)n1
SECZIM,SECZIM,295 K,O=C(c1ccccc1)c1ccncc1.BrN1C(=O)CCC1=O,Pna21,False,295.0,highT,O=C(c1ccccc1)c1ccncc1,BrN1C(=O)CCC1=O
WEKDID,WEKDID,293 K,NC(=O)c1ccccc1.NC(=O)N1c2ccccc2C=Cc2ccccc12,P21/c,False,293.0,highT,NC(=O)c1ccccc1,NC(=O)N1c2ccccc2C=Cc2ccccc12
WEDXOV,WEDXOV,293 K,NC(=O)c1cnccn1.Fc1c(F)c(Br)c(F)c(F)c1Br,P-1,False,293.0,highT,NC(=O)c1cnccn1,Fc1c(F)c(Br)c(F)c(F)c1Br
MOFXUB,MOFXUB,at 296 K,Oc1ccc2ccccc2c1c1c(O)ccc2ccccc12.O=C1C(=O)c2cccnc2c2ncccc12,P-421c,False,296.0,highT,Oc1ccc2ccccc2c1c1c(O)ccc2ccccc12,O=C1C(=O)c2cccnc2c2ncccc12
SATLUV,SATLUV,at 293 K,OC(=O)c1c[nH+]ccc1.O=N(=O)c1cc(c([O-])c(c1)N(=O)=O)N(=O)=O,P-1,False,293.0,highT,OC(=O)c1c[nH+]ccc1,O=N(=O)c1cc(c([O-])c(c1)N(=O)=O)N(=O)=O
MADSIW,MADSIW,298 K,CC(=O)NC1=NN=C(S1)S(N)(=O)=O.O=C1CCCCCN1,P-1,False,298.0,highT,CC(=O)NC1=NN=C(S1)S(N)(=O)=O,O=C1CCCCCN1
MUFBOE,MUFBOE,at 295 K,OC(C(O)C(=O)[O-])C(O)=O.C[NH2+]CC(O)c1cccc(O)c1,P212121,False,295.0,highT,OC(C(O)C(=O)[O-])C(O)=O,C[NH2+]CC(O)c1cccc(O)c1
PATYOB,PATYOB,296 K,OC(=O)c1cc(ccc1O)S(=O)(=O)[O-].CN1C=[NH+]C2=C1C(=O)N(C)C(=O)N2C,P21/c,False,296.0,highT,OC(=O)c1cc(ccc1O)S(=O)(=O)[O-],CN1C=[NH+]C2=C1C(=O)N(C)C(=O)N2C
AZULIR,AZULIR,at 296 K,Cc1ccc(cc1)S(=O)(=O)[O-].COc1[nH+]c(N)nc(OC)c1,Pca21,False,296.0,highT,Cc1ccc(cc1)S(=O)(=O)[O-],COc1[nH+]c(N)nc(OC)c1
QOLQOA,QOLQOA,298 K,CCN1C(=O)C(SC1=S)=C1SC(=S)N(CC)C1=O.c1cc2ccc3cccc4ccc(c1)c2c34,P-1,False,298.0,highT,CCN1C(=O)C(SC1=S)=C1SC(=S)N(CC)C1=O,c1cc2ccc3cccc4ccc(c1)c2c34
SIMVET,SIMVET,296 K,CC(Oc1cccc(Cl)c1)C(=O)[O-].[NH3+]c1ccc(OC)cc1,P21/c,False,296.0,highT,CC(Oc1cccc(Cl)c1)C(=O)[O-],[NH3+]c1ccc(OC)cc1
NOPDAY,NOPDAY,at 273 K,CCOC(=O)C1=Cc2c(OC1=O)ccc1ccccc21.NC1=Nc2ccccc2S1,P21/c,False,273.0,highT,CCOC(=O)C1=Cc2c(OC1=O)ccc1ccccc21,NC1=Nc2ccccc2S1
GENMIW,GENMIW,at 296 K,OC(=O)CN1C(=O)c2cc3C(=O)N(CC(O)=O)C(=O)c3cc2C1=O.c1ccc2c(c1)ccc1ccccc21,P-1,False,296.0,highT,OC(=O)CN1C(=O)c2cc3C(=O)N(CC(O)=O)C(=O)c3cc2C1=O,c1ccc2c(c1)ccc1ccccc21
UMINOT,UMINOT,at 293 K,c1cc(ccn1)C=Cc1ccncc1.OC(=O)CCC(O)=O,P-1,False,293.0,highT,c1cc(ccn1)C=Cc1ccncc1,OC(=O)CCC(O)=O
XEQDAA,XEQDAA,at 293 K,c1cc(ccn1)c1cncnc1.Oc1ccc(O)cc1,P-1,False,293.0,highT,c1cc(ccn1)c1cncnc1,Oc1ccc(O)cc1
REXBEF,REXBEF,295 K,OC(=O)c1ccc(O)cc1.CN1N=NC2=C(N=CN2C1=O)C(N)=O,P-1,False,295.0,highT,OC(=O)c1ccc(O)cc1,CN1N=NC2=C(N=CN2C1=O)C(N)=O
MOYKES,MOYKES,at 293 K,OC(C(O)C(=O)[O-])C(O)=O.Nc1[nH+]cc(Cl)cc1,P21,False,293.0,highT,OC(C(O)C(=O)[O-])C(O)=O,Nc1[nH+]cc(Cl)cc1
JOBROK,JOBROK,298 K,Oc1ccc(cc1)c1ccc(O)cc1.COc1cccc(C=Nc2cccnc2)c1O,P21/n,False,298.0,highT,Oc1ccc(cc1)c1ccc(O)cc1,COc1cccc(C=Nc2cccnc2)c1O
LECDOP,LECDOP,293 K,OC(=O)c1ccc(O)c(c1)C(O)=O.Cc1cnccn1,P-1,False,293.0,highT,OC(=O)c1ccc(O)c(c1)C(O)=O,Cc1cnccn1
BAQNUD,BAQNUD,at 296 K,BrC1=CC=CC=C(C1=O)C1(C#N)c2ccccc2C(=O)c2ccccc12.c1ccccc1,P-1,False,296.0,highT,BrC1=CC=CC=C(C1=O)C1(C#N)c2ccccc2C(=O)c2ccccc12,c1ccccc1
CURSAL,CURSAL,293 K,OC(=O)C=CC(=O)[O-].COc1cc(Cc2c[nH+]c(N)nc2N)cc(OC)c1OC,P-1,False,293.0,highT,OC(=O)C=CC(=O)[O-],COc1cc(Cc2c[nH+]c(N)nc2N)cc(OC)c1OC
ITARAZ,ITARAZ,298 K,Cc1cccc2SC(=[NH2+])Nc12.OC(=O)CSCC(=O)[O-],P-1,False,298.0,highT,Cc1cccc2SC(=[NH2+])Nc12,OC(=O)CSCC(=O)[O-]
CEQDAH,CEQDAH,295 K,OC(CN1C=NC=N1)(CN1C=NC=N1)c1ccc(F)cc1F.OC(=O)c1ccc(O)c(O)c1,P21,False,295.0,highT,OC(CN1C=NC=N1)(CN1C=NC=N1)c1ccc(F)cc1F,OC(=O)c1ccc(O)c(O)c1
ETOTIS,ETOTIS,293 K,OCC[NH2+]CCO.O=C([O-])c1ccccc1N(=O)=O,P21/n,False,293.0,highT,OCC[NH2+]CCO,O=C([O-])c1ccccc1N(=O)=O
PAHZAA,PAHZAA,at 298 K,OC(C(O)=O)C(=O)[O-].Oc1c[nH+]ccc1,Pc,False,298.0,highT,OC(C(O)=O)C(=O)[O-],Oc1c[nH+]ccc1
IXOZIG02,IXOZIG02,296 K,Oc1[nH+]cccc1.O=C([O-])c1cc(cc(c1)N(=O)=O)N(=O)=O,P21/n,False,296.0,highT,Oc1[nH+]cccc1,O=C([O-])c1cc(cc(c1)N(=O)=O)N(=O)=O
ITAPUR,ITAPUR,298 K,Clc1ncccc1C(=O)[O-].Cc1cccc2SC(=[NH2+])Nc12,P21/n,False,298.0,highT,Clc1ncccc1C(=O)[O-],Cc1cccc2SC(=[NH2+])Nc12
MICLAM,MICLAM,at 293 K,CC(C)=CC1C(C(=O)[O-])C1(C)C.CSc1ccc(cc1)C(O)C(CO)[NH+](C)C,P212121,False,293.0,highT,CC(C)=CC1C(C(=O)[O-])C1(C)C,CSc1ccc(cc1)C(O)C(CO)[NH+](C)C
PAMXAE,PAMXAE,at 296 K,NC(=O)c1cccnc1.OC(=O)c1cccc(n1)C(O)=O,P21/c,False,296.0,highT,NC(=O)c1cccnc1,OC(=O)c1cccc(n1)C(O)=O
OYUXIS,OYUXIS,297 K,Cc1cccc(C)c1NC(=O)CN1CCCC1=O.OC(=O)c1cc(cc(c1)C(O)=O)C#N,Pc,False,297.0,highT,Cc1cccc(C)c1NC(=O)CN1CCCC1=O,OC(=O)c1cc(cc(c1)C(O)=O)C#N
OWIXOI,OWIXOI,at 295 K,Cc1[nH+]c(O)ccc1.O=N(=O)c1cc(c([O-])c(c1)N(=O)=O)N(=O)=O,P21/a,False,295.0,highT,Cc1[nH+]c(O)ccc1,O=N(=O)c1cc(c([O-])c(c1)N(=O)=O)N(=O)=O
HEGCUT,HEGCUT,at 296.1 K,Brc1ccc(CC(=O)[O-])cc1.CC(C)(C)OC(=O)C1[NH2+]CC2CCCC12,P21,False,296.0,highT,Brc1ccc(CC(=O)[O-])cc1,CC(C)(C)OC(=O)C1[NH2+]CC2CCCC12
SAFXAA,SAFXAA,at 293 K,FC(F)(F)C(=O)[O-].[NH3+]C(CO)(CO)CO,P21/c,False,293.0,highT,FC(F)(F)C(=O)[O-],[NH3+]C(CO)(CO)CO
IYEBIX,IYEBIX,at 293 K,[NH3+]C(C(C)O)C(O)=O.ClC(Cl)(Cl)C(=O)[O-],P21,False,293.0,highT,[NH3+]C(C(C)O)C(O)=O,ClC(Cl)(Cl)C(=O)[O-]
KAXLII,KAXLII,297 K,OC(=O)CCCCCCCC(=O)[O-].CCc1[nH+]c(N)nc(N)c1c1ccc(Cl)cc1,P21/c,False,297.0,highT,OC(=O)CCCCCCCC(=O)[O-],CCc1[nH+]c(N)nc(N)c1c1ccc(Cl)cc1
PEKQUT,PEKQUT,at 295 K,Oc1ccc(O)c(c1)C(=O)[O-].Nc1[nH+]cccc1N(=O)=O,P-1,False,295.0,highT,Oc1ccc(O)c(c1)C(=O)[O-],Nc1[nH+]cccc1N(=O)=O
UBEKAP,UBEKAP,at 295 K,Nc1ccc[nH+]c1Cl.O=N(=O)c1cc(c([O-])c(c1)N(=O)=O)N(=O)=O,P-1,False,295.0,highT,Nc1ccc[nH+]c1Cl,O=N(=O)c1cc(c([O-])c(c1)N(=O)=O)N(=O)=O
TUYKAB,TUYKAB,300 K,COc1cc(OC)cc(c1)C(=O)[O-].[NH3+]C(C)C(O)c1ccccc1,P21,False,300.0,highT,COc1cc(OC)cc(c1)C(=O)[O-],[NH3+]C(C)C(O)c1ccccc1
FEVKAV,FEVKAV,293 K,COc1cc(Cc2c[nH+]c(N)nc2N)cc(OC)c1OC.ClC1=C(SC=C1)C(=O)[O-],P21/c,False,293.0,highT,COc1cc(Cc2c[nH+]c(N)nc2N)cc(OC)c1OC,ClC1=C(SC=C1)C(=O)[O-]
QUBROV,QUBROV,at 292 K,OC(=O)c1ccccc1C(=O)[O-].[NH3+]c1ccc(Cl)cc1,P21/c,False,292.0,highT,OC(=O)c1ccccc1C(=O)[O-],[NH3+]c1ccc(Cl)cc1
VOVYEM,VOVYEM,298 K,[NH2+]=C1Nc2ccccc2S1.Clc1ccc(cc1)S(=O)(=O)[O-],P21/c,False,298.0,highT,[NH2+]=C1Nc2ccccc2S1,Clc1ccc(cc1)S(=O)(=O)[O-]
QANLEX,QANLEX,at 295 K,OC(=O)c1cc(ccc1O)S(=O)(=O)[O-].[NH3+]c1ccc(Br)cc1,Pbca,False,295.0,highT,OC(=O)c1cc(ccc1O)S(=O)(=O)[O-],[NH3+]c1ccc(Br)cc1
BASZAY,BASZAY,at 298 K,NC1=Nc2ccc(Br)cc2S1.OC(=O)C=CC(O)=O,P21/c,False,298.0,highT,NC1=Nc2ccc(Br)cc2S1,OC(=O)C=CC(O)=O
WUVMEG,WUVMEG,at 293 K,Nc1[nH+]c(CF)c(c(N)n1)c1cc(Cl)cc(Cl)c1Cl.CS(=O)(=O)[O-],P21,False,293.0,highT,Nc1[nH+]c(CF)c(c(N)n1)c1cc(Cl)cc(Cl)c1Cl,CS(=O)(=O)[O-]
LIGNEW,LIGNEW,291 K,OC(=O)c1cc(ccc1O)S(=O)(=O)[O-].ClCC[NH+]1CCCC1,P-1,False,291.0,highT,OC(=O)c1cc(ccc1O)S(=O)(=O)[O-],ClCC[NH+]1CCCC1
LIQQAF,LIQQAF,at 298 K,Cc1ccc(cc1)C1=CC(=NN1c1ccc(cc1)S(N)(=O)=O)C(F)(F)F.O=C1CCCCCCN1,P21/c,False,298.0,highT,Cc1ccc(cc1)C1=CC(=NN1c1ccc(cc1)S(N)(=O)=O)C(F)(F)F,O=C1CCCCCCN1
ROJKUY,ROJKUY,at 293 K,Nc1[nH+]nc(c(N)n1)c1cccc(Cl)c1Cl.O=C1[N-]S(=O)(=O)c2ccccc12,C2/c,False,293.0,highT,Nc1[nH+]nc(c(N)n1)c1cccc(Cl)c1Cl,O=C1[N-]S(=O)(=O)c2ccccc12
WEPDIF,WEPDIF,at 298 K,c1ccncc1.OC(=O)c1ccc(O)cc1,P21/c,False,298.0,highT,c1ccncc1,OC(=O)c1ccc(O)cc1
QEPXEP,QEPXEP,at 293 K,[NH3+]C(C(=O)OCc1ccccc1)c1ccccc1.Cc1ccc(cc1)S(=O)(=O)[O-],P21,False,293.0,highT,[NH3+]C(C(=O)OCc1ccccc1)c1ccccc1,Cc1ccc(cc1)S(=O)(=O)[O-]
FOWROZ,FOWROZ,at 296 K,[NH3+]C(C)(C)CC(C)=O.NS(=O)(=O)c1ccccc1C(=O)[O-],Pbca,False,296.0,highT,[NH3+]C(C)(C)CC(C)=O,NS(=O)(=O)c1ccccc1C(=O)[O-]
PUZZOZ,PUZZOZ,at 293 K,Cc1cccc(C)c1N.Oc1ccc2ccccc2c1c1c(O)ccc2ccccc12,C2/c,False,293.0,highT,Cc1cccc(C)c1N,Oc1ccc2ccccc2c1c1c(O)ccc2ccccc12
YIQWUU,YIQWUU,273 K,FC(F)(F)S(=O)(=O)[N-]S(=O)(=O)C(F)(F)F.Cc1[nH+]c2c(O)cccc2cc1,P-1,False,273.0,highT,FC(F)(F)S(=O)(=O)[N-]S(=O)(=O)C(F)(F)F,Cc1[nH+]c2c(O)cccc2cc1
EYURIC,EYURIC,296 K,NC(=O)c1nc(F)cnc1O.OC(=O)c1ccc(O)cc1,P21/c,False,296.0,highT,NC(=O)c1nc(F)cnc1O,OC(=O)c1ccc(O)cc1
XUYKEI,XUYKEI,at 294 K,c1cc(ccn1)c1ccncc1.Oc1ccc2C3c4ccc(O)cc4C(c2c1)c1cc(O)ccc31,C2/c,False,294.0,highT,c1cc(ccn1)c1ccncc1,Oc1ccc2C3c4ccc(O)cc4C(c2c1)c1cc(O)ccc31
FOSFOK,FOSFOK,298 K,Oc1cccc(O)c1.NNC(=O)c1ccncc1,P21/c,False,298.0,highT,Oc1cccc(O)c1,NNC(=O)c1ccncc1
HUWNUL,HUWNUL,295 K,[NH3+]C(CS)C(O)=O.CS(=O)(=O)[O-],P212121,False,295.0,highT,[NH3+]C(CS)C(O)=O,CS(=O)(=O)[O-]
KIRGEB,KIRGEB,296 K,S(Sc1ccncc1)c1ccncc1.Nc1cc(cc(c1)C(O)=O)C(O)=O,P21/c,False,296.0,highT,S(Sc1ccncc1)c1ccncc1,Nc1cc(cc(c1)C(O)=O)C(O)=O
ORILEI,ORILEI,296 K,CCOc1ccccc1C(N)=O.Cc1cccc(c1)C(O)=O,P21/n,False,296.0,highT,CCOc1ccccc1C(N)=O,Cc1cccc(c1)C(O)=O
UPOBIM,UPOBIM,293 K,FC(F)(F)C(=O)[O-].[NH3+]NC1CC(OC1=O)c1ccccc1,P21,False,293.0,highT,FC(F)(F)C(=O)[O-],[NH3+]NC1CC(OC1=O)c1ccccc1
XOTPUT,XOTPUT,at 293 K,Oc1ccc(cc1O)C(=O)[O-].Nc1c(Br)cc(Br)cc1C[NH2+]C1CCC(O)CC1,Cc,False,293.0,highT,Oc1ccc(cc1O)C(=O)[O-],Nc1c(Br)cc(Br)cc1C[NH2+]C1CCC(O)CC1
ORIKIL,ORIKIL,296 K,CCOc1ccccc1C(N)=O.OC(=O)c1cc(O)c(O)c(O)c1,P-1,False,296.0,highT,CCOc1ccccc1C(N)=O,OC(=O)c1cc(O)c(O)c(O)c1
HINJAT,HINJAT,293 K,CC1=C(C=C(C#N)C(=O)N1)c1cc[nH+]cc1.Fc1ccc(cc1)C(=O)[O-],P-1,False,293.0,highT,CC1=C(C=C(C#N)C(=O)N1)c1cc[nH+]cc1,Fc1ccc(cc1)C(=O)[O-]
FABXIT,FABXIT,293 K,FC(F)(F)S(=O)(=O)[N-]S(=O)(=O)C(F)(F)F.OC(=O)CN1C=C[N+](=C1)CC(O)=O,P6522,False,293.0,highT,FC(F)(F)S(=O)(=O)[N-]S(=O)(=O)C(F)(F)F,OC(=O)CN1C=C[N+](=C1)CC(O)=O
PASLOO,PASLOO,296 K,OC(=O)c1cccc(n1)C(=O)[O-].[NH3+]c1ccc(cc1)S(=O)(=O)N=C1NC=CS1,I2/a,False,296.0,highT,OC(=O)c1cccc(n1)C(=O)[O-],[NH3+]c1ccc(cc1)S(=O)(=O)N=C1NC=CS1
WAKKAV,WAKKAV,at 295 K,CC(C(O)c1ccccc1)N(C)C(=S)[S-].C[NH2+]C(C)C(O)c1ccccc1,P21,False,295.0,highT,CC(C(O)c1ccccc1)N(C)C(=S)[S-],C[NH2+]C(C)C(O)c1ccccc1
TACCUX,TACCUX,at 293 K,C(Cc1ccncc1)c1ccncc1.OC(=O)CCCCC(O)=O,P-1,False,293.0,highT,C(Cc1ccncc1)c1ccncc1,OC(=O)CCCCC(O)=O
NUMZON,NUMZON,298 K,CN(C)c1ccc(cc1)C(O)=O.Fc1c(F)c(F)c(N=Cc2ccncc2)c(F)c1F,P-1,False,298.0,highT,CN(C)c1ccc(cc1)C(O)=O,Fc1c(F)c(F)c(N=Cc2ccncc2)c(F)c1F
WADJUI,WADJUI,at 296 K,c1ccncc1.OC(=O)c1ccc(O)c(O)c1,P21/c,False,296.0,highT,c1ccncc1,OC(=O)c1ccc(O)c(O)c1
UBEHOA,UBEHOA,at 295 K,OC(=O)c1cc[nH+]cc1.O=N(=O)c1cc(c([O-])c(c1)N(=O)=O)N(=O)=O,P21/c,False,295.0,highT,OC(=O)c1cc[nH+]cc1,O=N(=O)c1cc(c([O-])c(c1)N(=O)=O)N(=O)=O
RATNIN,RATNIN,296.1 K,O=P([O-])(Oc1ccccc1)Oc1ccccc1.[NH3+]c1ccccc1Cl,P21,False,296.0,highT,O=P([O-])(Oc1ccccc1)Oc1ccccc1,[NH3+]c1ccccc1Cl
CAGQIO,CAGQIO,293 K,c1cc(ccn1)c1ccncc1.Oc1ccc2c(Oc3cc(O)ccc3C32OC(=O)c2ccccc32)c1,P21/a,False,293.0,highT,c1cc(ccn1)c1ccncc1,Oc1ccc2c(Oc3cc(O)ccc3C32OC(=O)c2ccccc32)c1
VAJPII,VAJPII,293 K,Oc1ccc2cc(ccc2c1)C(=O)[O-].CC1=CC(=O)NC(=[NH2+])N1,P21/c,False,293.0,highT,Oc1ccc2cc(ccc2c1)C(=O)[O-],CC1=CC(=O)NC(=[NH2+])N1
PEKSIJ,PEKSIJ,at 295 K,COC(=O)c1cc[nH+]cc1.Oc1ccc(O)c(c1)C(=O)[O-],P-1,False,295.0,highT,COC(=O)c1cc[nH+]cc1,Oc1ccc(O)c(c1)C(=O)[O-]
UBESAV,UBESAV,at 297 K,O=S(=O)([O-])c1ccccc1.NC(=[NH2+])O,C2/c,False,297.0,highT,O=S(=O)([O-])c1ccccc1,NC(=[NH2+])O
IRAGAL,IRAGAL,296 K,OC(=O)CSCC(=O)[O-].Nc1[nH+]c(N)nc(n1)c1ccc(Br)cc1,P-1,False,296.0,highT,OC(=O)CSCC(=O)[O-],Nc1[nH+]c(N)nc(n1)c1ccc(Br)cc1
ULESUB,ULESUB,295 K,c1cc(ccn1)c1ccncc1.BrN1C(=O)CCC1=O,P21/c,False,295.0,highT,c1cc(ccn1)c1ccncc1,BrN1C(=O)CCC1=O
BATDUX,BATDUX,at 298 K,Cc1ccc2ccccc2n1.OC(=O)C=CC(O)=O,P21/n,False,298.0,highT,Cc1ccc2ccccc2n1,OC(=O)C=CC(O)=O
QUYJEA,QUYJEA,at 297 K,Nc1ccc(cc1)C(O)=O.C(Cc1ccncc1)c1ccncc1,P21/c,False,297.0,highT,Nc1ccc(cc1)C(O)=O,C(Cc1ccncc1)c1ccncc1
CAPKEL,CAPKEL,at 296 K,[NH3+]C(C)C(O)=O.O=N(=O)c1cc(c([O-])c(c1)N(=O)=O)N(=O)=O,P21,False,296.0,highT,[NH3+]C(C)C(O)=O,O=N(=O)c1cc(c([O-])c(c1)N(=O)=O)N(=O)=O
VAVYUQ,VAVYUQ,293 K,Oc1ccc(Cl)cc1C(=O)[O-].COc1cc(C)[nH+]c(N)n1,P-1,False,293.0,highT,Oc1ccc(Cl)cc1C(=O)[O-],COc1cc(C)[nH+]c(N)n1
VEVFUZ,VEVFUZ,at 295 K,N#CC(C#N)=C1C=CC(C=C1)=C(C#N)C#N.CC1=NN(c2ccccc2)C(=C1C(=O)c1ccccc1)O,P-1,False,295.0,highT,N#CC(C#N)=C1C=CC(C=C1)=C(C#N)C#N,CC1=NN(c2ccccc2)C(=C1C(=O)c1ccccc1)O
YERXUP,YERXUP,at 298 K,OC1=C(Cl)C(=O)C(=C(Cl)C1=O)[O-].OC(=O)c1cc[nH+]cc1,P21/n,False,298.0,highT,OC1=C(Cl)C(=O)C(=C(Cl)C1=O)[O-],OC(=O)c1cc[nH+]cc1
VEGHOH,VEGHOH,291.8 K,NNC(=O)c1ccncc1.OC(=O)c1cc(C(O)=O)c(cc1C(O)=O)C(O)=O,Ia,False,291.0,highT,NNC(=O)c1ccncc1,OC(=O)c1cc(C(O)=O)c(cc1C(O)=O)C(O)=O
KAXSOT,KAXSOT,at 293 K,NC(=O)c1ccncc1.COc1ccc2cccc(CCNC(C)=O)c2c1,P212121,False,293.0,highT,NC(=O)c1ccncc1,COc1ccc2cccc(CCNC(C)=O)c2c1
RACBED,RACBED,at 298 K,Oc1c[nH+]ccc1.Oc1ccc(O)c(c1)C(=O)[O-],P21/c,False,298.0,highT,Oc1c[nH+]ccc1,Oc1ccc(O)c(c1)C(=O)[O-]
KUQXAY,KUQXAY,299.8 K,BrC1=C(Br)C(=O)C(=C(C#N)C1=O)C#N.S1c2ccccc2c2ccccc12,Pn,False,299.0,highT,BrC1=C(Br)C(=O)C(=C(C#N)C1=O)C#N,S1c2ccccc2c2ccccc12
NORTAS,NORTAS,296 K,c1ccc2nc3ccccc3nc2c1.Oc1ccccc1O,P-1,False,296.0,highT,c1ccc2nc3ccccc3nc2c1,Oc1ccccc1O
HOLWAI,HOLWAI,at 296 K,CN1C=NC2=C1C(=O)N(C)C(=O)N2C.CC(=CC(O)=O)C(O)=O,Pbca,False,296.0,highT,CN1C=NC2=C1C(=O)N(C)C(=O)N2C,CC(=CC(O)=O)C(O)=O
WUVXEQ,WUVXEQ,at 273 K,O=C(NC(=S)NNC(=S)NC(=O)c1ccccc1)c1ccccc1.CS(C)=O,P21/n,False,273.0,highT,O=C(NC(=S)NNC(=S)NC(=O)c1ccccc1)c1ccccc1,CS(C)=O
IRAMEV01,IRAMEV01,293 K,OC(=O)CCC(O)=O.COc1cccc(C=Nc2cccnc2)c1O,I2/a,False,293.0,highT,OC(=O)CCC(O)=O,COc1cccc(C=Nc2cccnc2)c1O
WUXYAQ,WUXYAQ,at 296 K,OC(C(O)C(=O)Nc1c[nH+]ccc1)C(=O)Nc1c[nH+]ccc1.OC(=O)c1cc(C(=O)[O-])c(cc1C(=O)[O-])C(O)=O,P21,False,296.0,highT,OC(C(O)C(=O)Nc1c[nH+]ccc1)C(=O)Nc1c[nH+]ccc1,OC(=O)c1cc(C(=O)[O-])c(cc1C(=O)[O-])C(O)=O
HOGLIB,HOGLIB,298.1 K,c1cc(ccn1)C=Cc1ccncc1.Oc1c(Br)cc(Br)cc1Br,P21/n,False,298.0,highT,c1cc(ccn1)C=Cc1ccncc1,Oc1c(Br)cc(Br)cc1Br
LEWQUB,LEWQUB,298 K,CC1(C)C2CCC1(CS(=O)(=O)[O-])C(=O)C2.[NH3+]C(C(O)c1ccccc1)c1ccccc1,P21,False,298.0,highT,CC1(C)C2CCC1(CS(=O)(=O)[O-])C(=O)C2,[NH3+]C(C(O)c1ccccc1)c1ccccc1
LIPZOA,LIPZOA,at 293 K,[NH2+]1CCOCC1.O=N(=O)c1ccc([O-])c(c1)N(=O)=O,P-1,False,293.0,highT,[NH2+]1CCOCC1,O=N(=O)c1ccc([O-])c(c1)N(=O)=O
OYUHAU,OYUHAU,293 K,OC(C(O)C(=O)[O-])C(O)=O.[NH3+]CCCC(O)=O,P21,False,293.0,highT,OC(C(O)C(=O)[O-])C(O)=O,[NH3+]CCCC(O)=O
AXAKOA,AXAKOA,at 293 K,C[NH+](Cc1cc(Br)cc(Br)c1N)C1CCCCC1.Cc1ccc(cc1)S(=O)(=O)[O-],P21/c,False,293.0,highT,C[NH+](Cc1cc(Br)cc(Br)c1N)C1CCCCC1,Cc1ccc(cc1)S(=O)(=O)[O-]
XUBVEW,XUBVEW,at 293 K,OC(=O)CCC(O)=O.S(Sc1ccccn1)c1ccccn1,C2/c,False,293.0,highT,OC(=O)CCC(O)=O,S(Sc1ccccn1)c1ccccn1
ERELIZ,ERELIZ,293 K,NC(N)=S.COC(=O)C=Cc1ccncc1,P21/c,False,293.0,highT,NC(N)=S,COC(=O)C=Cc1ccncc1
TIKPAF,TIKPAF,at 298 K,Nc1ccc(cc1)c1ccc(N)cc1.O=S(c1ccccc1)c1ccccc1,C2/c,False,298.0,highT,Nc1ccc(cc1)c1ccc(N)cc1,O=S(c1ccccc1)c1ccccc1
GEFDOO,GEFDOO,298 K,CC1=CNC(=[NH2+])S1.Clc1ccc(cc1)S(=O)(=O)[O-],Pbca,False,298.0,highT,CC1=CNC(=[NH2+])S1,Clc1ccc(cc1)S(=O)(=O)[O-]
KADFUR,KADFUR,at 293 K,COc1cc(Cc2c[nH+]c(N)nc2N)cc(OC)c1OC.CC=CC=CC(=O)[O-],P-1,False,293.0,highT,COc1cc(Cc2c[nH+]c(N)nc2N)cc(OC)c1OC,CC=CC=CC(=O)[O-]
NIJHEV,NIJHEV,296 K,Nc1nc(N)nc(n1)c1ccccc1.OC(=O)CCCCC(O)=O,C2/c,False,296.0,highT,Nc1nc(N)nc(n1)c1ccccc1,OC(=O)CCCCC(O)=O
CENLIT,CENLIT,298 K,OC(=O)c1cc(O)cc(O)c1.c1ccc2nc3ccccc3cc2c1,P21/c,False,298.0,highT,OC(=O)c1cc(O)cc(O)c1,c1ccc2nc3ccccc3cc2c1
KICWEA01,KICWEA01,300 K,CCc1[nH+]c(N)nc(N)c1c1ccc(Cl)cc1.O=C1[N-]S(=O)(=O)c2ccccc12,P21/c,False,300.0,highT,CCc1[nH+]c(N)nc(N)c1c1ccc(Cl)cc1,O=C1[N-]S(=O)(=O)c2ccccc12
PEKTAC,PEKTAC,at 295 K,OC(=O)c1cc(O)ccc1O.N#Cc1ccncc1,Cc,False,295.0,highT,OC(=O)c1cc(O)ccc1O,N#Cc1ccncc1
QAFSAU,QAFSAU,298 K,OC(=O)c1cc(O)cc(O)c1.CN(C)c1ccc(C=O)cc1,P-1,False,298.0,highT,OC(=O)c1cc(O)cc(O)c1,CN(C)c1ccc(C=O)cc1
TOJNOY,TOJNOY,295 K,CC1(C)C(CCC1(C)C(O)=O)C(=O)[O-].[NH3+]C(C(N)=O)c1ccccc1,P212121,False,295.0,highT,CC1(C)C(CCC1(C)C(O)=O)C(=O)[O-],[NH3+]C(C(N)=O)c1ccccc1
GEFGEH,GEFGEH,298 K,CC1=CNC(=[NH2+])S1.Clc1ccc(C(=O)[O-])c(c1)N(=O)=O,P-1,False,298.0,highT,CC1=CNC(=[NH2+])S1,Clc1ccc(C(=O)[O-])c(c1)N(=O)=O
EFOMOB,EFOMOB,at 293 K,CNC(O)=[NH+]C.O=N(=O)c1cc(c([O-])c(c1)N(=O)=O)N(=O)=O,P-1,False,293.0,highT,CNC(O)=[NH+]C,O=N(=O)c1cc(c([O-])c(c1)N(=O)=O)N(=O)=O
USAKOP,USAKOP,at 273 K,OB(O)c1ccc(O)cc1.c1ccc2nc3ccccc3nc2c1,P21/n,False,273.0,highT,OB(O)c1ccc(O)cc1,c1ccc2nc3ccccc3nc2c1
YECXEN,YECXEN,298 K,NC1=[NH+]C(=O)NC=C1.CN1C(=O)N(C)C2=C(N(CC(=O)[O-])C=N2)C1=O,P21/c,False,298.0,highT,NC1=[NH+]C(=O)NC=C1,CN1C(=O)N(C)C2=C(N(CC(=O)[O-])C=N2)C1=O
MAHKEN,MAHKEN,at 293 K,COc1cc(C=O)ccc1O.c1ccc2nc3ccccc3cc2c1,Pnma,False,293.0,highT,COc1cc(C=O)ccc1O,c1ccc2nc3ccccc3cc2c1
JEDZOL,JEDZOL,298 K,O=C1CCC(=O)N1.CC1=CC(=NO1)NS(=O)(=O)c1ccc(N)cc1,P21/c,False,298.0,highT,O=C1CCC(=O)N1,CC1=CC(=NO1)NS(=O)(=O)c1ccc(N)cc1
UFIFAQ01,UFIFAQ01,at 295.1 K,c1ccccc1.Oc1cc(O)cc(c1)c1c2ccccc2nc2ccccc12,P21/n,False,295.0,highT,c1ccccc1,Oc1cc(O)cc(c1)c1c2ccccc2nc2ccccc12
ATOLOL,ATOLOL,at 300 K,[NH3+]CC(O)c1ccc(O)cc1.OC1=C([O-])C(=O)C1=O,P21/n,False,300.0,highT,[NH3+]CC(O)c1ccc(O)cc1,OC1=C([O-])C(=O)C1=O
HAYVOT,HAYVOT,at 295 K,Nc1ccc(cc1)C1=Nc2cc3N=C(Oc3cc2O1)c1ccc(N)cc1.CN1CCCC1=O,P-1,False,295.0,highT,Nc1ccc(cc1)C1=Nc2cc3N=C(Oc3cc2O1)c1ccc(N)cc1,CN1CCCC1=O
CEQDEL,CEQDEL,295 K,OC(=O)c1cc(O)cc(O)c1.OC(CN1C=NC=N1)(CN1C=NC=N1)c1ccc(F)cc1F,P21/n,False,295.0,highT,OC(=O)c1cc(O)cc(O)c1,OC(CN1C=NC=N1)(CN1C=NC=N1)c1ccc(F)cc1F
DOTGOJ,DOTGOJ,at 298 K,O=C1NN=C([O-])C=C1.NC1=[NH+]C(=O)NC=C1,P-1,False,298.0,highT,O=C1NN=C([O-])C=C1,NC1=[NH+]C(=O)NC=C1
XAGXIQ,XAGXIQ,296 K,Clc1ccccc1C(=O)[O-].COc1ccccc1N1CC[NH2+]CC1,P21/c,False,296.0,highT,Clc1ccccc1C(=O)[O-],COc1ccccc1N1CC[NH2+]CC1
EMUROU,EMUROU,at 293 K,O=N(=O)c1ccc([O-])cc1.[NH3+]C(CC1=C[NH+]=CN1)C(=O)[O-],P21,False,293.0,highT,O=N(=O)c1ccc([O-])cc1,[NH3+]C(CC1=C[NH+]=CN1)C(=O)[O-]
AKIBOM,AKIBOM,at 300 K,O=P(c1ccccc1)(c1ccccc1)c1ccccc1.NC(=S)c1ccccc1,P-1,False,300.0,highT,O=P(c1ccccc1)(c1ccccc1)c1ccccc1,NC(=S)c1ccccc1
CUXZOM,CUXZOM,298 K,[NH3+]C(C)(CO)CO.Oc1ccc(cc1C(=O)[O-])c1ccc(F)cc1F,P21/c,False,298.0,highT,[NH3+]C(C)(CO)CO,Oc1ccc(cc1C(=O)[O-])c1ccc(F)cc1F
IYUVAA,IYUVAA,at 298 K,c1cc(ccn1)C=Cc1ccncc1.Oc1cc(O)cc(c1)C#N,P-1,False,298.0,highT,c1cc(ccn1)C=Cc1ccncc1,Oc1cc(O)cc(c1)C#N
YEXFUD,YEXFUD,at 273 K,OC(=O)c1ccccc1C(=O)[O-].Nc1[nH+]nc(c(N)n1)c1cccc(Cl)c1Cl,P-1,False,273.0,highT,OC(=O)c1ccccc1C(=O)[O-],Nc1[nH+]nc(c(N)n1)c1cccc(Cl)c1Cl
XIBDUJ,XIBDUJ,at 295 K,NC(=[NH2+])NC(N)=S.Oc1ccc(cc1)C(=O)[O-],P21/c,False,295.0,highT,NC(=[NH2+])NC(N)=S,Oc1ccc(cc1)C(=O)[O-]
YIFXOB,YIFXOB,at 299 K,OC(=O)c1cc(ccc1O)S(=O)(=O)[O-].NNC(=O)c1cc[nH+]cc1,Pbca,False,299.0,highT,OC(=O)c1cc(ccc1O)S(=O)(=O)[O-],NNC(=O)c1cc[nH+]cc1
LIDNUK,LIDNUK,296 K,OC(=O)c1cccc(c1)C#N.NC(=O)c1ccc(O)cc1,P21/c,False,296.0,highT,OC(=O)c1cccc(c1)C#N,NC(=O)c1ccc(O)cc1
CIXMIH,CIXMIH,at 298 K,OC(=O)CC(=O)[O-].[NH2+]=C1Nc2ccc(Br)cc2S1,P21/c,False,298.0,highT,OC(=O)CC(=O)[O-],[NH2+]=C1Nc2ccc(Br)cc2S1
YEFDOE,YEFDOE,at 298 K,CC1(C)[NH2+]C(C)(C)CN(O)C1.O=N(=O)c1cc(c([O-])c(c1)N(=O)=O)N(=O)=O,P21/c,False,298.0,highT,CC1(C)[NH2+]C(C)(C)CN(O)C1,O=N(=O)c1cc(c([O-])c(c1)N(=O)=O)N(=O)=O
ONAPOJ,ONAPOJ,at 293 K,CC1=C(O)C(=O)C=CN1c1ccc(N)cc1.CCOC(C)=O,C2/c,False,293.0,highT,CC1=C(O)C(=O)C=CN1c1ccc(N)cc1,CCOC(C)=O
YOVMEE,YOVMEE,293 K,OC(=O)C=CC(O)=O.CN(C)C1=C(C)N(C)N(c2ccccc2)C1=O,P-1,False,293.0,highT,OC(=O)C=CC(O)=O,CN(C)C1=C(C)N(C)N(c2ccccc2)C1=O
RAMKOJ,RAMKOJ,293 K,OC(=O)COc1ccc(Cl)cc1Cl.NC(=O)c1cnccn1,P21/n,False,293.0,highT,OC(=O)COc1ccc(Cl)cc1Cl,NC(=O)c1cnccn1
ROMLOV,ROMLOV,at 293 K,C[N+](C)=Cc1ccc(O)cc1O.ClP(Cl)(=O)[O-],P-1,False,293.0,highT,C[N+](C)=Cc1ccc(O)cc1O,ClP(Cl)(=O)[O-]
NIWQOC,NIWQOC,293 K,N#Cc1cc(C#N)c(cc1C#N)C#N.CC(=O)c1cc2ccccc2c2ccccc12,P21/n,False,293.0,highT,N#Cc1cc(C#N)c(cc1C#N)C#N,CC(=O)c1cc2ccccc2c2ccccc12
MEBHAD,MEBHAD,at 294 K,CN(C)C=O.COc1ccc(cc1)c1c(C#N)c(N)nc(N)c1C#N,P-1,False,294.0,highT,CN(C)C=O,COc1ccc(cc1)c1c(C#N)c(N)nc(N)c1C#N
SECWEE,SECWEE,at 293 K,Nc1[nH+]cc(Cl)cc1.Nc1ccc(cc1)C(=O)[O-],P21/n,False,293.0,highT,Nc1[nH+]cc(Cl)cc1,Nc1ccc(cc1)C(=O)[O-]
POHFAU,POHFAU,at 293 K,ClCC(=O)[O-].OC(=O)C1CC[NH2+]CC1,Pna21,False,293.0,highT,ClCC(=O)[O-],OC(=O)C1CC[NH2+]CC1
MIJDIU,MIJDIU,at 298 K,CS(=O)(=O)[O-].COC(=O)NC1=[NH+]c2cc(ccc2N1)C(=O)c1ccccc1,P-1,False,298.0,highT,CS(=O)(=O)[O-],COC(=O)NC1=[NH+]c2cc(ccc2N1)C(=O)c1ccccc1
LIGNUN,LIGNUN,293 K,NC1=[NH+]c2ccccc2S1.O=C([O-])C1=CC=CO1,P21/c,False,293.0,highT,NC1=[NH+]c2ccccc2S1,O=C([O-])C1=CC=CO1
ULAJAV,ULAJAV,293 K,c1ccc(nc1)c1ccccn1.Oc1ccc(Cl)c(O)c1,Pna21,False,293.0,highT,c1ccc(nc1)c1ccccn1,Oc1ccc(Cl)c(O)c1
WOKXIF,WOKXIF,294 K,Nc1[nH+]nc(c(N)n1)c1cccc(Cl)c1Cl.Oc1ccc(O)c(c1)C(=O)[O-],P-1,False,294.0,highT,Nc1[nH+]nc(c(N)n1)c1cccc(Cl)c1Cl,Oc1ccc(O)c(c1)C(=O)[O-]
NAWZAQ,NAWZAQ,293 K,[NH3+]Cc1ccccc1O.O=C([O-])c1ccccc1N(=O)=O,P21/c,False,293.0,highT,[NH3+]Cc1ccccc1O,O=C([O-])c1ccccc1N(=O)=O
QIRRAM,QIRRAM,at 295 K,OC(=O)c1cc(ccc1O)S(=O)(=O)[O-].NC(=[NH2+])O,P-1,False,295.0,highT,OC(=O)c1cc(ccc1O)S(=O)(=O)[O-],NC(=[NH2+])O
JUWHUG,JUWHUG,296 K,OC(=O)C=CC(O)=O.ON=Cc1ccnc2ccccc12,P21/n,False,296.0,highT,OC(=O)C=CC(O)=O,ON=Cc1ccnc2ccccc12
CEHBAU,CEHBAU,at 295 K,[NH3+]c1ccc(cc1)N(=O)=O.Cc1ccc(cc1)S(=O)(=O)[O-],P21/n,False,295.0,highT,[NH3+]c1ccc(cc1)N(=O)=O,Cc1ccc(cc1)S(=O)(=O)[O-]
UPEDEA,UPEDEA,296 K,Nc1[nH+]c(nc(N)n1)c1ccc(Br)cc1.OC(=O)CC(=O)[O-],P21/n,False,296.0,highT,Nc1[nH+]c(nc(N)n1)c1ccc(Br)cc1,OC(=O)CC(=O)[O-]
HEGHEJ,HEGHEJ,296 K,OC(=O)CCN1C(=O)c2ccccc2C1=O.c1ccc(nc1)c1ccccn1,P21/n,False,296.0,highT,OC(=O)CCN1C(=O)c2ccccc2C1=O,c1ccc(nc1)c1ccccn1
TAZKAJ,TAZKAJ,293 K,c1cnc2c(c1)ccc1cccnc21.OB(O)c1c(F)cccc1F,P21/n,False,293.0,highT,c1cnc2c(c1)ccc1cccnc21,OB(O)c1c(F)cccc1F
TUPTUU01,TUPTUU01,at 293 K,Nc1[nH+]cc(Cl)cc1.Oc1ccccc1C(=O)[O-],P21/n,False,293.0,highT,Nc1[nH+]cc(Cl)cc1,Oc1ccccc1C(=O)[O-]
XAZSID,XAZSID,293 K,NC(N)=S.OC(=O)CCCC(O)=O,Pc21n,False,293.0,highT,NC(N)=S,OC(=O)CCCC(O)=O
HAGGUU,HAGGUU,296 K,NC(N)=O.c1ccc(C=Cc2ccccn2)nc1,P21/n,False,296.0,highT,NC(N)=O,c1ccc(C=Cc2ccccn2)nc1
HUHDUK01,HUHDUK01,298 K,OC(=O)c1ccc(O)cc1O.c1cc(ccn1)C=Cc1ccncc1,P1,False,298.0,highT,OC(=O)c1ccc(O)cc1O,c1cc(ccn1)C=Cc1ccncc1
ELEGUY01,ELEGUY01,at 293 K,c1cc(ccn1)c1ccncc1.OC(=O)CCC(=O)CCC(O)=O,P21/n,False,293.0,highT,c1cc(ccn1)c1ccncc1,OC(=O)CCC(=O)CCC(O)=O
GAZSOT,GAZSOT,293 K,OC(=O)C1CCCCC1C(=O)[O-].CC1=C[NH+]=C(N)S1,P21/c,False,293.0,highT,OC(=O)C1CCCCC1C(=O)[O-],CC1=C[NH+]=C(N)S1
DATQEV,DATQEV,at 293 K,c1cc(ccn1)c1ccncc1.Oc1ccc(Cl)cc1Sc1cc(Cl)ccc1O,P21/c,False,293.0,highT,c1cc(ccn1)c1ccncc1,Oc1ccc(Cl)cc1Sc1cc(Cl)ccc1O
INEXIJ,INEXIJ,at 298 K,C(CCN1C=CN=C1)CN1C=CN=C1.OC(=O)CCCCCCCCC(O)=O,P-1,False,298.0,highT,C(CCN1C=CN=C1)CN1C=CN=C1,OC(=O)CCCCCCCCC(O)=O
BULLAX,BULLAX,293 K,Oc1cccc(O)c1.c1cc(ccn1)N=Nc1ccncc1,P-1,False,293.0,highT,Oc1cccc(O)c1,c1cc(ccn1)N=Nc1ccncc1
DIRNUP,DIRNUP,at 298 K,O=C1NC(=O)[N-]C(=O)N1.OCC[NH2+]Cc1ccccc1,C2/c,False,298.0,highT,O=C1NC(=O)[N-]C(=O)N1,OCC[NH2+]Cc1ccccc1
XANPOT,XANPOT,at 296 K,O=N(=O)N=C1[N-]N=NN1OCCON1N=N[N-]C1=NN(=O)=O.[NH3+]NC(=O)N[NH3+],P-1,False,296.0,highT,O=N(=O)N=C1[N-]N=NN1OCCON1N=N[N-]C1=NN(=O)=O,[NH3+]NC(=O)N[NH3+]
XEQCUT,XEQCUT,at 298 K,Oc1cccc(O)c1.c1cc(ccn1)c1cncnc1,C2/c,False,298.0,highT,Oc1cccc(O)c1,c1cc(ccn1)c1cncnc1
FOHDIQ,FOHDIQ,at 298 K,OC(=O)CNC(=S)NC(=O)c1ccccc1.CS(C)=O,P21,False,298.0,highT,OC(=O)CNC(=S)NC(=O)c1ccccc1,CS(C)=O
ASAVUL,ASAVUL,at 296.2 K,ClC1=CC(C(=CC1=C(C#N)C#N)Cl)=C(C#N)C#N.C1COC2=C(O1)SC(S2)=C1SC2=C(OCCO2)S1,P21/n,False,296.0,highT,ClC1=CC(C(=CC1=C(C#N)C#N)Cl)=C(C#N)C#N,C1COC2=C(O1)SC(S2)=C1SC2=C(OCCO2)S1
ZARHUX,ZARHUX,at 297 K,[NH3+]c1ccccc1O.O=C([O-])c1cc(cc(c1)N(=O)=O)N(=O)=O,P21,False,297.0,highT,[NH3+]c1ccccc1O,O=C([O-])c1cc(cc(c1)N(=O)=O)N(=O)=O
PARXEM,PARXEM,at 293 K,O=C([O-])c1cccc(c1)N(=O)=O.CCc1[nH+]c(N)nc(N)c1c1ccc(Cl)cc1,P-1,False,293.0,highT,O=C([O-])c1cccc(c1)N(=O)=O,CCc1[nH+]c(N)nc(N)c1c1ccc(Cl)cc1
EHETOD,EHETOD,293 K,CN1C(=O)C(=O)c2ccccc12.NC1=Nc2ccccc2S1,P-1,False,293.0,highT,CN1C(=O)C(=O)c2ccccc12,NC1=Nc2ccccc2S1
OFIDIU,OFIDIU,300.1 K,OC(=O)C(=O)[O-].C[NH2+]CCC1=CNc2ccc(O)cc12,Pn,False,300.0,highT,OC(=O)C(=O)[O-],C[NH2+]CCC1=CNc2ccc(O)cc12
QIPMEK,QIPMEK,293 K,O=N(=O)c1cc(c([O-])c(c1)N(=O)=O)N(=O)=O.CCC[P+](C)(C)C,P21/c,False,293.0,highT,O=N(=O)c1cc(c([O-])c(c1)N(=O)=O)N(=O)=O,CCC[P+](C)(C)C
VEJZOC,VEJZOC,300 K,c1cc(ccn1)C=Cc1ccncc1.NS(=O)(=O)c1cc2c(NC=NS2(=O)=O)cc1Cl,P-1,False,300.0,highT,c1cc(ccn1)C=Cc1ccncc1,NS(=O)(=O)c1cc2c(NC=NS2(=O)=O)cc1Cl
SECYEH,SECYEH,295 K,c1ccncc1.BrN1C(=O)CCC1=O,P21/n,False,295.0,highT,c1ccncc1,BrN1C(=O)CCC1=O
NUMYOM,NUMYOM,304 K,OC(=O)c1ccc(Br)cc1.Fc1c(F)c(F)c(N=Cc2ccncc2)c(F)c1F,P-1,False,304.0,highT,OC(=O)c1ccc(Br)cc1,Fc1c(F)c(F)c(N=Cc2ccncc2)c(F)c1F
AQEJEO,AQEJEO,296 K,OC(=O)c1ccccc1O.NC(=O)c1ccccc1O,Pna21,False,296.0,highT,OC(=O)c1ccccc1O,NC(=O)c1ccccc1O
ZITJIX,ZITJIX,at 293 K,CN(C)C=O.CC1=C(C=O)C(=O)NC2(CCCCC2)N1,P21/c,False,293.0,highT,CN(C)C=O,CC1=C(C=O)C(=O)NC2(CCCCC2)N1
LORNEM,LORNEM,at 295 K,COc1cc(OC)c2[nH+]c3ccccc3c(Cl)c2c1.FC(F)(F)S(=O)(=O)[O-],P21/c,False,295.0,highT,COc1cc(OC)c2[nH+]c3ccccc3c(Cl)c2c1,FC(F)(F)S(=O)(=O)[O-]
ZAQTUG,ZAQTUG,at -100 deg.C,CN(c1ccccc1)C1=NC(=NC1(C)C)C(F)(F)F.NC(=O)C(F)(F)F,P21/n,False,373.0,highT,CN(c1ccccc1)C1=NC(=NC1(C)C)C(F)(F)F,NC(=O)C(F)(F)F
EMIQEZ,EMIQEZ,294 K,OC(=O)CCC#C.C(Cc1ccncc1)c1ccncc1,P-1,False,294.0,highT,OC(=O)CCC#C,C(Cc1ccncc1)c1ccncc1
WANDIZ,WANDIZ,at 293 K,O1C(=NN=C1c1cccnc1)c1cccnc1.OC(=O)c1cc(C(O)=O)c(cc1C(O)=O)C(O)=O,C2/c,False,293.0,highT,O1C(=NN=C1c1cccnc1)c1cccnc1,OC(=O)c1cc(C(O)=O)c(cc1C(O)=O)C(O)=O
JIQFAT,JIQFAT,296 K,Oc1ccccc1C(=O)[O-].[NH3+]CC1CCC(CC1)C(O)=O,P21/n,False,296.0,highT,Oc1ccccc1C(=O)[O-],[NH3+]CC1CCC(CC1)C(O)=O
PEGMOF,PEGMOF,at 294 K,[NH3+]C(CC1=C[NH+]=CN1)C(=O)[O-].O=C([O-])c1ccccc1N(=O)=O,P21,False,294.0,highT,[NH3+]C(CC1=C[NH+]=CN1)C(=O)[O-],O=C([O-])c1ccccc1N(=O)=O
RUKHAH,RUKHAH,at 295 K,NC(=S)NN=Cc1cc[nH+]cc1.FC(F)(F)S(=O)(=O)[O-],P21/c,False,295.0,highT,NC(=S)NN=Cc1cc[nH+]cc1,FC(F)(F)S(=O)(=O)[O-]
FIWWIT,FIWWIT,at 296 K,O=C([O-])c1ccc(cc1)N(=O)=O.[NH3+]C(CCCNC(N)=[NH2+])C(=O)[O-],P21,False,296.0,highT,O=C([O-])c1ccc(cc1)N(=O)=O,[NH3+]C(CCCNC(N)=[NH2+])C(=O)[O-]
XOJNAM,XOJNAM,at 298 K,Cc1cc(C)nc(N)n1.OC(=O)c1cccc(F)c1F,C2/c,False,298.0,highT,Cc1cc(C)nc(N)n1,OC(=O)c1cccc(F)c1F
GANYIE01,GANYIE01,at 293 K,CN1C=NC2=C1C(=O)N(C)C(=O)N2C.OC(=O)C=CC(O)=O,Pc,False,293.0,highT,CN1C=NC2=C1C(=O)N(C)C(=O)N2C,OC(=O)C=CC(O)=O
LOQWUM01,LOQWUM01,293 K,[2H]OC(=O)c1c(F)c(F)c(c(F)c1F)C(=O)[O-].[2H][n+]1ccccc1C,P21/c,False,293.0,highT,[2H]OC(=O)c1c(F)c(F)c(c(F)c1F)C(=O)[O-],[2H][n+]1ccccc1C
OTIGAA,OTIGAA,at 293 K,C[N+](C)(C)CCCl.Cc1cc(Cl)ccc1OCC(=O)[O-],P21/c,False,293.0,highT,C[N+](C)(C)CCCl,Cc1cc(Cl)ccc1OCC(=O)[O-]
VUSMAY,VUSMAY,at 298 K,OC(C(O)C(=O)[O-])C(O)=O.CCOC(=O)C1C[NH2+]CCC1,P212121,False,298.0,highT,OC(C(O)C(=O)[O-])C(O)=O,CCOC(=O)C1C[NH2+]CCC1
KOXWEB,KOXWEB,296 K,Nc1[nH+]cc(Cl)cc1.O=C([O-])c1ccccn1,P21/c,False,296.0,highT,Nc1[nH+]cc(Cl)cc1,O=C([O-])c1ccccn1
JUWHOA,JUWHOA,296 K,OC(=O)CCC(O)=O.ON=Cc1ccnc2ccccc12,P21/n,False,296.0,highT,OC(=O)CCC(O)=O,ON=Cc1ccnc2ccccc12
ODIDEN,ODIDEN,296 K,OC(=O)c1cc(O)cc(O)c1.CCOc1ccccc1C(N)=O,P-1,False,296.0,highT,OC(=O)c1cc(O)cc(O)c1,CCOc1ccccc1C(N)=O
UKIVAO,UKIVAO,298 K,OC(=O)C1CCCCC1C(=O)[O-].Cc1cccc2SC(=[NH+]c12)N,P21/n,False,298.0,highT,OC(=O)C1CCCCC1C(=O)[O-],Cc1cccc2SC(=[NH+]c12)N
SARQOV,SARQOV,298 K,NS(=O)(=O)c1cc(C(O)=O)c(NCC2=CC=CO2)cc1Cl.CCOc1ccccc1C(N)=O,P21/c,False,298.0,highT,NS(=O)(=O)c1cc(C(O)=O)c(NCC2=CC=CO2)cc1Cl,CCOc1ccccc1C(N)=O
EGENOV,EGENOV,at 296 K,NS(=O)(=O)c1cc2c(NCNS2(=O)=O)cc1Cl.c1cc(ccn1)c1ccncc1,P21/n,False,296.0,highT,NS(=O)(=O)c1cc2c(NCNS2(=O)=O)cc1Cl,c1cc(ccn1)c1ccncc1
SAXPAK,SAXPAK,at 298 K,NC(=O)c1ccncc1.Cc1ccc(Cl)c(Nc2ccccc2C(O)=O)c1Cl,P21/c,False,298.0,highT,NC(=O)c1ccncc1,Cc1ccc(Cl)c(Nc2ccccc2C(O)=O)c1Cl
YAWKEQ,YAWKEQ,296 K,Cc1ccc(cc1)C1=CC(F)(F)C(=O)Nc2ccccc12.Cc1ccccc1,P21/n,False,296.0,highT,Cc1ccc(cc1)C1=CC(F)(F)C(=O)Nc2ccccc12,Cc1ccccc1
VELWOB,VELWOB,295 K,c1cc(ccn1)c1ccncc1.BrN1C(=O)c2ccccc2C1=O,P21/c,False,295.0,highT,c1cc(ccn1)c1ccncc1,BrN1C(=O)c2ccccc2C1=O
OFEGIT,OFEGIT,285 K,OC(=O)c1cc(Cl)ccc1O.NC(=O)N1c2ccccc2C=Cc2ccccc12,P21/n,False,285.0,highT,OC(=O)c1cc(Cl)ccc1O,NC(=O)N1c2ccccc2C=Cc2ccccc12
ZEXJOE,ZEXJOE,298 K,OC(=O)c1ccc(O)c(O)c1.Oc1ccc(Br)cc1C=Nc1cccnc1,P-1,False,298.0,highT,OC(=O)c1ccc(O)c(O)c1,Oc1ccc(Br)cc1C=Nc1cccnc1
YEPKAI,YEPKAI,294 K,OC(=O)C=Cc1ccccc1.NC1=Nc2ccc(OC(F)(F)F)cc2S1,P21/c,False,294.0,highT,OC(=O)C=Cc1ccccc1,NC1=Nc2ccc(OC(F)(F)F)cc2S1
LATNAX,LATNAX,at 293 K,C1COCCO1.NS(=O)(=O)Oc1ccc2C3=C(CCCCC3)C(=O)Oc2c1,P-1,False,293.0,highT,C1COCCO1,NS(=O)(=O)Oc1ccc2C3=C(CCCCC3)C(=O)Oc2c1
AFADIU,AFADIU,at 293.2 K,Cc1ccc(cc1)S(=O)(=O)[O-].C[NH2+]C1CNCC1OC,P212121,False,293.0,highT,Cc1ccc(cc1)S(=O)(=O)[O-],C[NH2+]C1CNCC1OC
HIQGAT,HIQGAT,293 K,OB(O)c1ccc(cc1)C#N.c1cnc2ccc3ncccc3c2c1,P21,False,293.0,highT,OB(O)c1ccc(cc1)C#N,c1cnc2ccc3ncccc3c2c1
HIFRUN,HIFRUN,293.1 K,OC(=O)c1ccc(O)cc1.Nc1ccncc1,P-1,False,293.0,highT,OC(=O)c1ccc(O)cc1,Nc1ccncc1
GEHROB,GEHROB,at 293 K,OC(=O)c1cc2ccccc2cc1O.c1cc(ccn1)c1ccncc1,P21/c,False,293.0,highT,OC(=O)c1cc2ccccc2cc1O,c1cc(ccn1)c1ccncc1
GAPMAN,GAPMAN,at 293 K,[NH2+]1CCOCC1.OC(C(O)C(=O)[O-])C(O)=O,P212121,False,293.0,highT,[NH2+]1CCOCC1,OC(C(O)C(=O)[O-])C(O)=O
CASCIJ,CASCIJ,at 293 K,OC(=O)C(=O)[O-].NC1=[NH+]C(=O)NC=C1,P21/c,False,293.0,highT,OC(=O)C(=O)[O-],NC1=[NH+]C(=O)NC=C1
FIFFEG,FIFFEG,at 295 K,[NH2+]1CCOCC1.Oc1ccc(cc1C(=O)[O-])N(=O)=O,Pnma,False,295.0,highT,[NH2+]1CCOCC1,Oc1ccc(cc1C(=O)[O-])N(=O)=O
LOCLOF01,LOCLOF01,at 293 K,OC(=O)C(=O)[O-].[NH3+]C(CS)C(O)=O,C2,False,293.0,highT,OC(=O)C(=O)[O-],[NH3+]C(CS)C(O)=O
XUPKUO,XUPKUO,at 293 K,C[NH+]1CCC(C(CO)C1)c1ccc(F)cc1.COC(C(=O)[O-])(c1ccccc1)C(F)(F)F,P21,False,293.0,highT,C[NH+]1CCC(C(CO)C1)c1ccc(F)cc1,COC(C(=O)[O-])(c1ccccc1)C(F)(F)F
GIDFUY,GIDFUY,294 K,OC(=O)C=CC(=O)[O-].[NH3+]CC1CCC(CC1)C(O)=O,P21/c,False,294.0,highT,OC(=O)C=CC(=O)[O-],[NH3+]CC1CCC(CC1)C(O)=O
REHTII,REHTII,at 293 K,[NH3+]C(CCC[NH+]=C(N)N)C(=O)[O-].OC(=O)C(=O)[O-],P21,False,293.0,highT,[NH3+]C(CCC[NH+]=C(N)N)C(=O)[O-],OC(=O)C(=O)[O-]
BECPOR,BECPOR,293 K,N#Cc1cc(C#N)c(cc1C#N)C#N.COc1cc(ccc1O)C(O)=O,P-1,False,293.0,highT,N#Cc1cc(C#N)c(cc1C#N)C#N,COc1cc(ccc1O)C(O)=O
YOVNAB,YOVNAB,293 K,C[NH+](C)C1=C(C)N(C)N(c2ccccc2)C1=O.O=C1[N-]S(=O)(=O)c2ccccc12,P21/n,False,293.0,highT,C[NH+](C)C1=C(C)N(C)N(c2ccccc2)C1=O,O=C1[N-]S(=O)(=O)c2ccccc12
BUDQEX,BUDQEX,at 293 K,Sc1ccc(CC(=O)[O-])cc1.[NH3+]Cc1ccc(O)cc1,P21/c,False,293.0,highT,Sc1ccc(CC(=O)[O-])cc1,[NH3+]Cc1ccc(O)cc1
TARPIO,TARPIO,295 K,NS(=O)(=O)c1cc(C(O)=O)c(NCC2=CC=CO2)cc1Cl.CS(C)=O,P-1,False,295.0,highT,NS(=O)(=O)c1cc(C(O)=O)c(NCC2=CC=CO2)cc1Cl,CS(C)=O
TEYSIC,TEYSIC,293 K,Cc1ccc(cc1)S(=O)(=O)[O-].[NH3+]c1cc(c(N)cc1Cl)N(=O)=O,P21/c,False,293.0,highT,Cc1ccc(cc1)S(=O)(=O)[O-],[NH3+]c1cc(c(N)cc1Cl)N(=O)=O
WIJNOS01,WIJNOS01,at 293 K,O=C[O-].[NH3+]C(CCCNC(N)=[NH2+])C(=O)[O-],P212121,False,293.0,highT,O=C[O-],[NH3+]C(CCCNC(N)=[NH2+])C(=O)[O-]
YECXUD,YECXUD,298 K,OC(=O)c1cc(O)cc(O)c1.CN1C(=O)N(C)C2=C(N(CC(O)=O)C=N2)C1=O,P21/n,False,298.0,highT,OC(=O)c1cc(O)cc(O)c1,CN1C(=O)N(C)C2=C(N(CC(O)=O)C=N2)C1=O
LAJJUF,LAJJUF,295 K,NC(=[NH2+])NC(N)=S.O=C([O-])c1cccc(c1)N(=O)=O,P-1,False,295.0,highT,NC(=[NH2+])NC(N)=S,O=C([O-])c1cccc(c1)N(=O)=O
RIQWUM,RIQWUM,298 K,O=S(=O)([O-])c1ccccc1.OC(=O)c1ccc[nH+]c1Nc1cccc(c1)C(F)(F)F,P-1,False,298.0,highT,O=S(=O)([O-])c1ccccc1,OC(=O)c1ccc[nH+]c1Nc1cccc(c1)C(F)(F)F
LETBOF,LETBOF,293 K,C[NH2+]C1CCC(c2ccc(Cl)c(Cl)c2)c2ccccc12.CS(=O)(=O)[O-],C2,False,293.0,highT,C[NH2+]C1CCC(c2ccc(Cl)c(Cl)c2)c2ccccc12,CS(=O)(=O)[O-]
HIQHAU,HIQHAU,293 K,COB(O)c1ccc(cc1)C#N.c1cc(ccn1)N=Nc1ccncc1,P21/c,False,293.0,highT,COB(O)c1ccc(cc1)C#N,c1cc(ccn1)N=Nc1ccncc1
OYUXAK,OYUXAK,295 K,Cc1cccc(C)c1NC(=O)CN1CCCC1=O.OC(=O)c1ccc(O)cc1,P21/n,False,295.0,highT,Cc1cccc(C)c1NC(=O)CN1CCCC1=O,OC(=O)c1ccc(O)cc1
ICOVEF,ICOVEF,293 K,OC(=O)c1cc2ccccc2cc1O.NC(N)=O,C2/c,False,293.0,highT,OC(=O)c1cc2ccccc2cc1O,NC(N)=O
YEDCUI,YEDCUI,293 K,O=C([O-])CCN1C(=S)Oc2ccccc12.[NH3+]CCO,P21,False,293.0,highT,O=C([O-])CCN1C(=S)Oc2ccccc12,[NH3+]CCO
FARMEU,FARMEU,293 K,Cc1ccc(N)cc1.Cc1ccc(NC(=NO)C(Nc2ccc(C)cc2)=NO)cc1,Pn,False,293.0,highT,Cc1ccc(N)cc1,Cc1ccc(NC(=NO)C(Nc2ccc(C)cc2)=NO)cc1
DUZNOC,DUZNOC,at 294 K,O=C([O-])c1ccncc1.NC1=[NH+]C(=O)NC=C1,P-1,False,294.0,highT,O=C([O-])c1ccncc1,NC1=[NH+]C(=O)NC=C1
AWIHIY,AWIHIY,at 297 K,[NH3+]CC(O)=O.OC(=O)CC(=O)[O-],P21/c,False,297.0,highT,[NH3+]CC(O)=O,OC(=O)CC(=O)[O-]
LOMHUR,LOMHUR,at 291 K,c1cc(ccn1)c1ccncc1.OC(=O)CNS(=O)(=O)c1ccc(cc1)C(O)=O,Cc,False,291.0,highT,c1cc(ccn1)c1ccncc1,OC(=O)CNS(=O)(=O)c1ccc(cc1)C(O)=O
JEPYIP,JEPYIP,293 K,CN(C)C(C)=O.Cc1cc(C)nc(NS(=O)(=O)c2ccc(N)cc2)n1,Pna21,False,293.0,highT,CN(C)C(C)=O,Cc1cc(C)nc(NS(=O)(=O)c2ccc(N)cc2)n1
FAKJUY,FAKJUY,at 293 K,OC(=O)c1ccc(cc1)C(O)=O.CN1C(=C(O)c2ccccc2S1(=O)=O)C(=O)NC1=NC=C(C)S1,P-1,False,293.0,highT,OC(=O)c1ccc(cc1)C(O)=O,CN1C(=C(O)c2ccccc2S1(=O)=O)C(=O)NC1=NC=C(C)S1
OLOBAS,OLOBAS,at 293 K,CCOC(=O)C1=Cc2ccccc2OC1=O.NC1=Nc2ccccc2S1,Pc,False,293.0,highT,CCOC(=O)C1=Cc2ccccc2OC1=O,NC1=Nc2ccccc2S1
HOCJUH,HOCJUH,296 K,OC(=O)C=CC(=O)[O-].C[NH+](C)CCC1=CNc2cccc(OC(C)=O)c12,P21/c,False,296.0,highT,OC(=O)C=CC(=O)[O-],C[NH+](C)CCC1=CNc2cccc(OC(C)=O)c12
VOJKIR,VOJKIR,296 K,OC(=O)COc1cccc(c1)C(O)=O.NC(=O)c1ccncc1,P-1,False,296.0,highT,OC(=O)COc1cccc(c1)C(O)=O,NC(=O)c1ccncc1
LIDNOE,LIDNOE,296 K,OC(=O)c1cccc(c1)C#N.NC(=O)c1ccc(O)cc1,P21/n,False,296.0,highT,OC(=O)c1cccc(c1)C#N,NC(=O)c1ccc(O)cc1
MIPVOW,MIPVOW,at 293 K,OC(=O)c1cccc(c1)C(O)=O.C1N2CN3CN1CN(C2)C3,P212121,False,293.0,highT,OC(=O)c1cccc(c1)C(O)=O,C1N2CN3CN1CN(C2)C3
BUQQEK,BUQQEK,at 298 K,[S-]C#N.Brc1ccc(cc1)N=NC1=[NH+]C=CN1,P21/c,False,298.0,highT,[S-]C#N,Brc1ccc(cc1)N=NC1=[NH+]C=CN1
XOJNUG,XOJNUG,at 298 K,Cc1ccc(cc1C)C(O)=O.Cc1cc(C)nc(N)n1,P-1,False,298.0,highT,Cc1ccc(cc1C)C(O)=O,Cc1cc(C)nc(N)n1
YOZKUW,YOZKUW,298 K,Oc1cc(cc(O)c1O)C(=O)[O-].CN1CC(=O)NC1=[NH2+],P21/c,False,298.0,highT,Oc1cc(cc(O)c1O)C(=O)[O-],CN1CC(=O)NC1=[NH2+]
WINXAW,WINXAW,293 K,O=C1[N-]S(=O)(=O)c2ccccc12.Nc1[nH+]cccc1O,Cc,False,293.0,highT,O=C1[N-]S(=O)(=O)c2ccccc12,Nc1[nH+]cccc1O
KUQXIG,KUQXIG,299.8 K,S1c2ccccc2c2ccccc12.ClC1=C(Cl)C(=O)C(=C(C#N)C1=O)C#N,Pn,False,299.0,highT,S1c2ccccc2c2ccccc12,ClC1=C(Cl)C(=O)C(=C(C#N)C1=O)C#N
UMININ,UMININ,at 293 K,OC(=O)C=CC(O)=O.c1cc(ccn1)N=Nc1ccncc1,P-1,False,293.0,highT,OC(=O)C=CC(O)=O,c1cc(ccn1)N=Nc1ccncc1
WIVDUA03,WIVDUA03,at 293.1 K,OC1=C(Br)C(=O)C(=C(Br)C1=O)O.c1ccc2nc3ccccc3nc2c1,P21/c,False,293.0,highT,OC1=C(Br)C(=O)C(=C(Br)C1=O)O,c1ccc2nc3ccccc3nc2c1
LAGVAU,LAGVAU,293 K,NC(N)=O.Oc1ccccc1O,P21/c,False,293.0,highT,NC(N)=O,Oc1ccccc1O
GUFDOB,GUFDOB,at 291 K,CCOC(=O)C1=Cc2cccc(OC)c2OC1=O.NC1=Nc2ccccc2S1,P-1,False,291.0,highT,CCOC(=O)C1=Cc2cccc(OC)c2OC1=O,NC1=Nc2ccccc2S1
XERCEF,XERCEF,293 K,O=Cc1ccc2ccc3cccc4ccc1c2c34.N#Cc1cc(C#N)c(cc1C#N)C#N,P21/n,False,293.0,highT,O=Cc1ccc2ccc3cccc4ccc1c2c34,N#Cc1cc(C#N)c(cc1C#N)C#N
KIJFUI,KIJFUI,298 K,Oc1ccc(O)cc1.CCOc1ccccc1C(N)=O,P-1,False,298.0,highT,Oc1ccc(O)cc1,CCOc1ccccc1C(N)=O
ZUPMOP,ZUPMOP,298 K,OC(=O)C(=O)[O-].[NH3+]Cc1ccc(Cl)cc1,C2/c,False,298.0,highT,OC(=O)C(=O)[O-],[NH3+]Cc1ccc(Cl)cc1
KEXZUJ,KEXZUJ,at 293 K,Nc1ccc(N)cc1.OCCCCCCCCCCCCO,P21/c,False,293.0,highT,Nc1ccc(N)cc1,OCCCCCCCCCCCCO
TEYSOI,TEYSOI,293 K,Oc1ccc(cc1)S(=O)(=O)[O-].[NH3+]c1cc(c(N)cc1Cl)N(=O)=O,P-1,False,293.0,highT,Oc1ccc(cc1)S(=O)(=O)[O-],[NH3+]c1cc(c(N)cc1Cl)N(=O)=O
LIGNAT,LIGNAT,293 K,Cc1ccc(cc1)C(O)=O.NC1=Nc2ccccc2S1,P21/c,False,293.0,highT,Cc1ccc(cc1)C(O)=O,NC1=Nc2ccccc2S1
FEVLAW,FEVLAW,293 K,O=C([O-])c1c2ccccc2cc2ccccc12.CCc1[nH+]c(N)nc(N)c1c1ccc(Cl)cc1,P21/n,False,293.0,highT,O=C([O-])c1c2ccccc2cc2ccccc12,CCc1[nH+]c(N)nc(N)c1c1ccc(Cl)cc1
CASYUT,CASYUT,293 K,NN1C(=[NH2+])NC(=O)C=C1N.OC(=O)CC(=O)[O-],P-1,False,293.0,highT,NN1C(=[NH2+])NC(=O)C=C1N,OC(=O)CC(=O)[O-]
IXOXEZ,IXOXEZ,at 293 K,OC(=CC(=O)c1ccccc1)c1ccncc1.OC(=O)c1ccccc1,P21/c,False,293.0,highT,OC(=CC(=O)c1ccccc1)c1ccncc1,OC(=O)c1ccccc1
SECDUB,SECDUB,at 295 K,OC(=O)C=CC(=O)[O-].OC(=O)c1[nH+]cccc1,P21/c,False,295.0,highT,OC(=O)C=CC(=O)[O-],OC(=O)c1[nH+]cccc1
OVEZIB,OVEZIB,296.1 K,O=C(NN=C(c1cc[nH+]cc1)c1ccccc1)C1=CC=CO1.CCOS(=O)(=O)[O-],P-1,False,296.0,highT,O=C(NN=C(c1cc[nH+]cc1)c1ccccc1)C1=CC=CO1,CCOS(=O)(=O)[O-]
JOXBEF,JOXBEF,at 298 K,OC(=O)c1cnccn1.OC(=O)c1cc(O)c(O)c(O)c1,P21/c,False,298.0,highT,OC(=O)c1cnccn1,OC(=O)c1cc(O)c(O)c(O)c1
SIBYUA,SIBYUA,298.1 K,c1cc(ccn1)c1ccncc1.CC(=O)Oc1ccccc1C(O)=O,P21/c,False,298.0,highT,c1cc(ccn1)c1ccncc1,CC(=O)Oc1ccccc1C(O)=O
EFUCEP,EFUCEP,298 K,Cc1ccc2ccccc2n1.Nc1ccccc1C(O)=O,P21/c,False,298.0,highT,Cc1ccc2ccccc2n1,Nc1ccccc1C(O)=O
OPEKAW,OPEKAW,at 293 K,c1cc(ccn1)C=Cc1ccncc1.OC(=O)c1ccc(C(O)=O)c2ccccc12,P21/n,False,293.0,highT,c1cc(ccn1)C=Cc1ccncc1,OC(=O)c1ccc(C(O)=O)c2ccccc12
XEDSOS,XEDSOS,298.1 K,Oc1cccc(O)c1.S1C(=Nc2ccccc12)C=CC=Cc1ccccc1,P21,False,298.0,highT,Oc1cccc(O)c1,S1C(=Nc2ccccc12)C=CC=Cc1ccccc1
BUBXEC,BUBXEC,at 293 K,O=N(=O)c1c[nH+]ccc1.OC1=C([O-])C(=O)C1=O,C2/c,False,293.0,highT,O=N(=O)c1c[nH+]ccc1,OC1=C([O-])C(=O)C1=O
BIDJEE,BIDJEE,at 296.2 K,Nc1[nH+]cc(cc1)N(=O)=O.Clc1ccc(cc1N(=O)=O)S(=O)(=O)[O-],P21/n,False,296.0,highT,Nc1[nH+]cc(cc1)N(=O)=O,Clc1ccc(cc1N(=O)=O)S(=O)(=O)[O-]
SOVDIQ,SOVDIQ,at 273 K,c1cc(ccn1)c1ccncc1.OC(=O)CCCC(O)=O,P21/c,False,273.0,highT,c1cc(ccn1)c1ccncc1,OC(=O)CCCC(O)=O
CEXVAG,CEXVAG,293 K,Oc1cc(O)cc(Cl)c1.c1ccc2nc3ccccc3nc2c1,P-1,False,293.0,highT,Oc1cc(O)cc(Cl)c1,c1ccc2nc3ccccc3nc2c1
HISRIM,HISRIM,at 293 K,c1ccc2nc3ccccc3nc2c1.OC(=O)c1cccc(C(O)=O)c1c1c(cccc1C(O)=O)C(O)=O,C2/c,False,293.0,highT,c1ccc2nc3ccccc3nc2c1,OC(=O)c1cccc(C(O)=O)c1c1c(cccc1C(O)=O)C(O)=O
KAZNAD,KAZNAD,293 K,FC(F)(F)S(=O)(=O)[O-].CC(C#Cc1cccc(Br)c1)[N+](C)(C)C,P21,False,293.0,highT,FC(F)(F)S(=O)(=O)[O-],CC(C#Cc1cccc(Br)c1)[N+](C)(C)C
FAYTAC,FAYTAC,at 296 K,COc1ccc(cc1)C1=[NH+]NC=C1.FC(F)(F)S(=O)(=O)[O-],P-1,False,296.0,highT,COc1ccc(cc1)C1=[NH+]NC=C1,FC(F)(F)S(=O)(=O)[O-]
QOJNAF,QOJNAF,at 291 K,CC1(C)OC2OC3CSC(=[NH+]C3(O)C2O1)N.Cc1ccc(cc1)S(=O)(=O)[O-],P21,False,291.0,highT,CC1(C)OC2OC3CSC(=[NH+]C3(O)C2O1)N,Cc1ccc(cc1)S(=O)(=O)[O-]
UKISUF,UKISUF,293 K,Cc1cccc2SC(=[NH2+])Nc12.OC(=O)c1ccc(cc1C(=O)[O-])N(=O)=O,P-1,False,293.0,highT,Cc1cccc2SC(=[NH2+])Nc12,OC(=O)c1ccc(cc1C(=O)[O-])N(=O)=O
NIZLAK,NIZLAK,at 293 K,CC(C)NC([S-])=C(C#N)C(N)=O.CC(C)NC1=C(C#N)C(=[S+]S1)NC(C)C,P212121,False,293.0,highT,CC(C)NC([S-])=C(C#N)C(N)=O,CC(C)NC1=C(C#N)C(=[S+]S1)NC(C)C
BIHZAU,BIHZAU,at 293 K,c1cc(ccn1)c1ccncc1.OC(=O)C1=CC=C(S1)C(O)=O,P21/c,False,293.0,highT,c1cc(ccn1)c1ccncc1,OC(=O)C1=CC=C(S1)C(O)=O
VATTIV,VATTIV,at 298 K,OC(=O)c1cc(cc(c1)C(O)=O)C(O)=O.Cc1ccc2ccccc2n1,P-1,False,298.0,highT,OC(=O)c1cc(cc(c1)C(O)=O)C(O)=O,Cc1ccc2ccccc2n1
AQUMIL01,AQUMIL01,293.1 K,COC(=O)C=Cc1ccccn1.NC(N)=O,Pnma,False,293.0,highT,COC(=O)C=Cc1ccccn1,NC(N)=O
URAKOO,URAKOO,at 296 K,CN(C)C=O.Cc1ccc(cc1)S(=O)(=O)Nc1ccc(cc1)C(O)=O,P21/n,False,296.0,highT,CN(C)C=O,Cc1ccc(cc1)S(=O)(=O)Nc1ccc(cc1)C(O)=O
QAXYOG,QAXYOG,293 K,CNC(=S)NN=Cc1ccc(O)cc1O.c1cc(ccn1)c1ccncc1,P21/c,False,293.0,highT,CNC(=S)NN=Cc1ccc(O)cc1O,c1cc(ccn1)c1ccncc1
QEDXII,QEDXII,at 293 K,NC(=O)c1cc[nH+]cc1.ClC(Cl)(Cl)C(=O)[O-],Pc,False,293.0,highT,NC(=O)c1cc[nH+]cc1,ClC(Cl)(Cl)C(=O)[O-]
ZELDAY,ZELDAY,293 K,Oc1ccc(O)cc1.COc1ccc(N)cc1,P21/c,False,293.0,highT,Oc1ccc(O)cc1,COc1ccc(N)cc1
AXASOH,AXASOH,at 296 K,COC(=O)c1cc(O)c(O)c(O)c1.CN1SC(=CC1=O)Cl,P21/a,False,296.0,highT,COC(=O)c1cc(O)c(O)c(O)c1,CN1SC(=CC1=O)Cl
JOSLAG,JOSLAG,at 295.6 K,FC(F)(F)C(=O)[O-].CN1C(=O)C2(C=CC(=[NH2+])C=C2)c2ccccc12,P-1,False,295.0,highT,FC(F)(F)C(=O)[O-],CN1C(=O)C2(C=CC(=[NH2+])C=C2)c2ccccc12
WUDHUA,WUDHUA,296 K,c1cc(ccn1)c1ccncc1.OC(=O)COc1cccc(OCC(O)=O)c1,P-1,False,296.0,highT,c1cc(ccn1)c1ccncc1,OC(=O)COc1cccc(OCC(O)=O)c1
EROROT,EROROT,at 298 K,OC(=O)c1ccccc1C(=O)[O-].[NH3+]c1ccc(Br)cc1,C2,False,298.0,highT,OC(=O)c1ccccc1C(=O)[O-],[NH3+]c1ccc(Br)cc1
FOACAM,FOACAM,at -187deg.C,OC=O.NC=O,C2/c,False,460.0,highT,OC=O,NC=O
YADSEE,YADSEE,296 K,Cc1cccnc1.Cc1cc(C)nc(NS(=O)(=O)c2ccc(N)cc2)n1,P212121,False,296.0,highT,Cc1cccnc1,Cc1cc(C)nc(NS(=O)(=O)c2ccc(N)cc2)n1
CUXPET,CUXPET,296 K,CCc1[nH+]c(N)nc(N)c1c1ccc(Cl)cc1.OC(=O)c1cccc(c1)C(=O)[O-],P-1,False,296.0,highT,CCc1[nH+]c(N)nc(N)c1c1ccc(Cl)cc1,OC(=O)c1cccc(c1)C(=O)[O-]
PAHZEE,PAHZEE,at 298 K,OC(C(O)=O)C(=O)[O-].Oc1cc[nH+]cc1,Pn,False,298.0,highT,OC(C(O)=O)C(=O)[O-],Oc1cc[nH+]cc1
EKOZIQ,EKOZIQ,273.1 K,OC(=O)C=Cc1ccc(O)cc1.NC(=O)c1cccnc1,P21/c,False,273.0,highT,OC(=O)C=Cc1ccc(O)cc1,NC(=O)c1cccnc1
RIVMIV,RIVMIV,296 K,CN(C)c1ccncc1.Oc1ccc(Br)cc1,P21/c,False,296.0,highT,CN(C)c1ccncc1,Oc1ccc(Br)cc1
VULDUC,VULDUC,at 298 K,[NH3+]C(C)(P(O)(=O)[O-])P(O)(=O)[O-].NC(=[NH2+])O,P-1,False,298.0,highT,[NH3+]C(C)(P(O)(=O)[O-])P(O)(=O)[O-],NC(=[NH2+])O
MAHKAJ,MAHKAJ,at 293 K,COc1cc(C=O)ccc1O.c1ccc2nc3ccccc3nc2c1,P21/n,False,293.0,highT,COc1cc(C=O)ccc1O,c1ccc2nc3ccccc3nc2c1
CAKZEV,CAKZEV,at 298 K,Oc1ccc(O)cc1.CC1=NN=C2CN=C(c3ccccc3)c3cc(Cl)ccc3N12,P-1,False,298.0,highT,Oc1ccc(O)cc1,CC1=NN=C2CN=C(c3ccccc3)c3cc(Cl)ccc3N12
OJUBEC,OJUBEC,296.1 K,Nc1[nH+]c(nc(N)n1)c1ccc(Cl)cc1.OC(=O)CC(=O)[O-],P21/n,False,296.0,highT,Nc1[nH+]c(nc(N)n1)c1ccc(Cl)cc1,OC(=O)CC(=O)[O-]
BARLAK,BARLAK,295 K,NC(=[NH2+])NC(N)=S.CCC(=O)[O-],C2/c,False,295.0,highT,NC(=[NH2+])NC(N)=S,CCC(=O)[O-]
QEDNUM,QEDNUM,293 K,CC(C)COc1ccc(cc1C#N)C1=NC(=C(S1)C(O)=O)C.c1cc(ccn1)c1ccncc1,P-1,False,293.0,highT,CC(C)COc1ccc(cc1C#N)C1=NC(=C(S1)C(O)=O)C,c1cc(ccn1)c1ccncc1
CELMUC,CELMUC,at 293 K,Cc1[nH+]cc(CO)c(CO)c1O.O=N(=O)c1cc(c([O-])c(c1)N(=O)=O)N(=O)=O,P-1,False,293.0,highT,Cc1[nH+]cc(CO)c(CO)c1O,O=N(=O)c1cc(c([O-])c(c1)N(=O)=O)N(=O)=O
DENXAW,DENXAW,at 293 K,Oc1ccccc1C(=O)[O-].CN1CC(=O)[NH+]=C1N,P21/n,False,293.0,highT,Oc1ccccc1C(=O)[O-],CN1CC(=O)[NH+]=C1N
TMABCA02,TMABCA02,293 K,CN(C)c1ccc(cc1)N(C)C.ClC1=C(Cl)C(=O)C(=C(Cl)C1=O)Cl,I2/m,False,293.0,highT,CN(C)c1ccc(cc1)N(C)C,ClC1=C(Cl)C(=O)C(=C(Cl)C1=O)Cl
MOLGIE01,MOLGIE01,at 293 K,[NH2+]1CCOCC1.CC1=NC(=NN1)SCC(=O)[O-],Pbca,False,293.0,highT,[NH2+]1CCOCC1,CC1=NC(=NN1)SCC(=O)[O-]
POVYAD,POVYAD,296 K,CC1=CNC(=[NH2+])S1.[NH3+]c1cc(cc(c1)C(=O)[O-])C(=O)[O-],P21/c,False,296.0,highT,CC1=CNC(=[NH2+])S1,[NH3+]c1cc(cc(c1)C(=O)[O-])C(=O)[O-]
POWYAE,POWYAE,296 K,FC(F)(F)S(=O)(=O)[O-].Cc1cc2[NH+]=C3C(O)C(O)C(O)CN3c2cc1C,P212121,False,296.0,highT,FC(F)(F)S(=O)(=O)[O-],Cc1cc2[NH+]=C3C(O)C(O)C(O)CN3c2cc1C
QIBCEM,QIBCEM,296 K,c1ccc(cc1)c1ccncc1.CC1=CC(=NO1)NS(=O)(=O)c1ccc(N)cc1,Pbcn,False,296.0,highT,c1ccc(cc1)c1ccncc1,CC1=CC(=NO1)NS(=O)(=O)c1ccc(N)cc1
FEPPUO,FEPPUO,293 K,c1cnc2c(c1)ccc1cccnc21.NC(N)=NS(=O)(=O)c1ccc(N)cc1,P21/n,False,293.0,highT,c1cnc2c(c1)ccc1cccnc21,NC(N)=NS(=O)(=O)c1ccc(N)cc1
AYUYUO,AYUYUO,at 293 K,CC1(C)C2CCC1(CS(=O)(=O)[O-])C(=O)C2.COc1ccc2CCC(N3CC[NH2+]CC3)c2c1,P21,False,293.0,highT,CC1(C)C2CCC1(CS(=O)(=O)[O-])C(=O)C2,COc1ccc2CCC(N3CC[NH2+]CC3)c2c1
DAQYUQ,DAQYUQ,at 298 K,c1ccc(nc1)c1ccccn1.Nc1ccc(cc1)C(O)=O,P21/c,False,298.0,highT,c1ccc(nc1)c1ccccn1,Nc1ccc(cc1)C(O)=O
PEVCOL01,PEVCOL01,295 K,[NH3+]C(CCCNC(N)=[NH2+])C(=O)[O-].CS(=O)(=O)[O-],P21,False,295.0,highT,[NH3+]C(CCCNC(N)=[NH2+])C(=O)[O-],CS(=O)(=O)[O-]
FAKJOS,FAKJOS,at 293 K,CN1C(=C(O)c2ccccc2S1(=O)=O)C(=O)NC1=NC=C(C)S1.OC(=O)CCCCC(O)=O,P-1,False,293.0,highT,CN1C(=C(O)c2ccccc2S1(=O)=O)C(=O)NC1=NC=C(C)S1,OC(=O)CCCCC(O)=O
BOMCAJ,BOMCAJ,at 296 K,OC(=O)c1cccc(O)c1.NNC(=O)c1ccncc1,Pca21,False,296.0,highT,OC(=O)c1cccc(O)c1,NNC(=O)c1ccncc1
EDADOC,EDADOC,at 296.2 K,Nc1[nH+]cc(cc1)N(=O)=O.Cc1ccc(cc1S(=O)(=O)[O-])N(=O)=O,P212121,False,296.0,highT,Nc1[nH+]cc(cc1)N(=O)=O,Cc1ccc(cc1S(=O)(=O)[O-])N(=O)=O
XOJNIU,XOJNIU,at 293 K,Cc1cc(C)nc(N)n1.Cc1ccc(C)c(c1)C(O)=O,C2/c,False,293.0,highT,Cc1cc(C)nc(N)n1,Cc1ccc(C)c(c1)C(O)=O
JOKXUF,JOKXUF,303 K,c1cc(ccn1)c1ccncc1.Nc1ccc(cc1)S(=O)(=O)Nc1ccc(Cl)nn1,P-1,False,303.0,highT,c1cc(ccn1)c1ccncc1,Nc1ccc(cc1)S(=O)(=O)Nc1ccc(Cl)nn1
PUPGOX,PUPGOX,at 296 K,Oc1cc(O)cc(O)c1.CN1C=NC2=C1C(=O)N(C)C(=O)N2C,P21/c,False,296.0,highT,Oc1cc(O)cc(O)c1,CN1C=NC2=C1C(=O)N(C)C(=O)N2C
SERRAL,SERRAL,296 K,[NH2+]=C1NC(=O)NC=C1F.Oc1cccc(C(=O)[O-])c1O,P-1,False,296.0,highT,[NH2+]=C1NC(=O)NC=C1F,Oc1cccc(C(=O)[O-])c1O
FOVCAV,FOVCAV,at 295 K,[NH3+]c1cc(ccc1C)N(=O)=O.ClC(Cl)(Cl)C(=O)[O-],P-1,False,295.0,highT,[NH3+]c1cc(ccc1C)N(=O)=O,ClC(Cl)(Cl)C(=O)[O-]
ROSTUQ,ROSTUQ,at 293 K,OC(=O)CCC(O)=O.CCNC(=O)c1cccc(c1)C(=O)NC1=NC=CS1,P-1,False,293.0,highT,OC(=O)CCC(O)=O,CCNC(=O)c1cccc(c1)C(=O)NC1=NC=CS1
MIPVIQ,MIPVIQ,at 293 K,C1N2CN3CN1CN(C2)C3.OC(=O)c1cccc(c1)C(O)=O,P21/m,False,293.0,highT,C1N2CN3CN1CN(C2)C3,OC(=O)c1cccc(c1)C(O)=O
UHEVIN,UHEVIN,at 293 K,Nc1ccc(CO)cc1.CC(=O)c1ccncc1,P21/c,False,293.0,highT,Nc1ccc(CO)cc1,CC(=O)c1ccncc1
WAGFOD,WAGFOD,301 K,CC=CC=CC(=O)[O-].CCc1[nH+]c(N)nc(N)c1c1ccc(Cl)cc1,P21/n,False,301.0,highT,CC=CC=CC(=O)[O-],CCc1[nH+]c(N)nc(N)c1c1ccc(Cl)cc1
GIJLOD,GIJLOD,293 K,Oc1c[nH+]ccc1.OC(=O)CC(=O)[O-],P-1,False,293.0,highT,Oc1c[nH+]ccc1,OC(=O)CC(=O)[O-]
COQDES,COQDES,at 293 K,C[NH+]1CCCC1C1=CC=CO1.OC(=O)C(OC(=O)c1ccccc1)C(OC(=O)c1ccccc1)C(=O)[O-],P212121,False,293.0,highT,C[NH+]1CCCC1C1=CC=CO1,OC(=O)C(OC(=O)c1ccccc1)C(OC(=O)c1ccccc1)C(=O)[O-]
TEYSUO,TEYSUO,293 K,O=S(=O)([O-])c1ccccc1.[NH3+]c1cc(c(N)cc1Cl)N(=O)=O,Pccn,False,293.0,highT,O=S(=O)([O-])c1ccccc1,[NH3+]c1cc(c(N)cc1Cl)N(=O)=O
WAGDER,WAGDER,297.1 K,CCc1nc(N)nc(N)c1c1ccc(Cl)cc1.O=C1CCCC(=O)N1,P21/c,False,297.0,highT,CCc1nc(N)nc(N)c1c1ccc(Cl)cc1,O=C1CCCC(=O)N1
XUNCAL,XUNCAL,at 298 K,FC(F)(F)C(=O)[O-].O=C(Nc1ccccc1)C1[NH2+]CCCC1,C2,False,298.0,highT,FC(F)(F)C(=O)[O-],O=C(Nc1ccccc1)C1[NH2+]CCCC1
FIYTEP,FIYTEP,296 K,O=C1N(CCCN2C=[NH+]C=C2)C(=O)c2ccccc12.O=N(=O)c1cc(c([O-])c(c1)N(=O)=O)N(=O)=O,P-1,False,296.0,highT,O=C1N(CCCN2C=[NH+]C=C2)C(=O)c2ccccc12,O=N(=O)c1cc(c([O-])c(c1)N(=O)=O)N(=O)=O
CAHLON,CAHLON,at 296K,OC1=CC(=O)C(=CC1=O)O.c1cc(ccn1)C#Cc1ccncc1,P21/n,False,296.0,highT,OC1=CC(=O)C(=CC1=O)O,c1cc(ccn1)C#Cc1ccncc1
GEFFAC,GEFFAC,298 K,OC(C(O)C(=O)[O-])C(O)=O.CC1=CNC(=[NH2+])S1,P21,False,298.0,highT,OC(C(O)C(=O)[O-])C(O)=O,CC1=CNC(=[NH2+])S1
QOLSAM,QOLSAM,at 293 K,C1=CN(C=N1)c1ccc(cc1)N1C=CN=C1.OC(=O)c1ccc(cc1)C(O)=O,P21/n,False,293.0,highT,C1=CN(C=N1)c1ccc(cc1)N1C=CN=C1,OC(=O)c1ccc(cc1)C(O)=O
ELUGUQ,ELUGUQ,293 K,OC1=CC2=Nc3ccccc3OC2=C(F)C1=O.CS(C)=O,P-1,False,293.0,highT,OC1=CC2=Nc3ccccc3OC2=C(F)C1=O,CS(C)=O
FOVQEP,FOVQEP,296 K,Oc1ccccc1C(=O)[O-].COc1ccc(cc1)N1CC[NH2+]CC1,P212121,False,296.0,highT,Oc1ccccc1C(=O)[O-],COc1ccc(cc1)N1CC[NH2+]CC1
SIMTEO,SIMTEO,at 296 K,OC(=O)c1cc(Cl)c(Cl)cc1C(=O)[O-].[NH3+]c1cccc(c1)C(F)(F)F,P21/c,False,296.0,highT,OC(=O)c1cc(Cl)c(Cl)cc1C(=O)[O-],[NH3+]c1cccc(c1)C(F)(F)F
BOMGUH,BOMGUH,at 296 K,c1cc(ccn1)c1ccncc1.OC(=O)c1ccccc1c1ccccc1C(O)=O,I41/acd,False,296.0,highT,c1cc(ccn1)c1ccncc1,OC(=O)c1ccccc1c1ccccc1C(O)=O
TIJCOI,TIJCOI,293 K,C=CCNC(=S)NN=Cc1[nH+]cccc1.ClC(Cl)C(=O)[O-],P-1,False,293.0,highT,C=CCNC(=S)NN=Cc1[nH+]cccc1,ClC(Cl)C(=O)[O-]
PIPLUY,PIPLUY,298 K,[NH3+]C(CO)(CO)CO.Nc1ccc(cc1)C(=O)[O-],P21/c,False,298.0,highT,[NH3+]C(CO)(CO)CO,Nc1ccc(cc1)C(=O)[O-]
MOCXUX,MOCXUX,at 293 K,[NH3+]C(CCSC)C(O)=O.OC(=O)C=CC(=O)[O-],P21/c,False,293.0,highT,[NH3+]C(CCSC)C(O)=O,OC(=O)C=CC(=O)[O-]
GUPCAY,GUPCAY,293 K,Fc1ccc(cc1)N1CC[NH2+]CC1.Fc1ccccc1C(=O)[O-],P-1,False,293.0,highT,Fc1ccc(cc1)N1CC[NH2+]CC1,Fc1ccccc1C(=O)[O-]
YUKVEI,YUKVEI,293 K,Cc1cc(C)nc(N)n1.OC(=O)Cc1cccc2ccccc12,P21/n,False,293.0,highT,Cc1cc(C)nc(N)n1,OC(=O)Cc1cccc2ccccc12
VABGUB,VABGUB,at 293 K,F[n+]1ccccc1.FC(F)(F)S(=O)(=O)[O-],P21/n,False,293.0,highT,F[n+]1ccccc1,FC(F)(F)S(=O)(=O)[O-]
ABEBIT,ABEBIT,at 269 K,O=C1Nc2ccccc2C(=O)Nc2ccccc12.CN(C)C=O,P-1,False,269.0,highT,O=C1Nc2ccccc2C(=O)Nc2ccccc12,CN(C)C=O
ERELOF,ERELOF,293 K,NC(N)=O.COC(=O)C=Cc1ccncc1,P21/c,False,293.0,highT,NC(N)=O,COC(=O)C=Cc1ccncc1
SIZKOD,SIZKOD,at 296 K,C[NH2+]CC(O)=O.OC1=C([O-])C(=O)C1=O,C2/c,False,296.0,highT,C[NH2+]CC(O)=O,OC1=C([O-])C(=O)C1=O
RERPAI,RERPAI,296 K,C[NH+]1CCCCC1CO.Oc1ccc(cc1)C(=O)[O-],P212121,False,296.0,highT,C[NH+]1CCCCC1CO,Oc1ccc(cc1)C(=O)[O-]
FEJXOK,FEJXOK,294.0 K,CN1C2=C(S[S+]=N2)C=C2Sc3nc(Cl)c(Cl)nc3N=C12.FC(F)(F)S(=O)(=O)[O-],P-1,False,294.0,highT,CN1C2=C(S[S+]=N2)C=C2Sc3nc(Cl)c(Cl)nc3N=C12,FC(F)(F)S(=O)(=O)[O-]
AGUTUT,AGUTUT,273 K,Nc1ncnc2N(CCOCP(O)(O)=O)C=Nc12.OC(=O)c1cc(O)cc(O)c1,P21/n,False,273.0,highT,Nc1ncnc2N(CCOCP(O)(O)=O)C=Nc12,OC(=O)c1cc(O)cc(O)c1
PAVTAI,PAVTAI,at 298 K,OCCCCO.NC(N)=O,P21/c,False,298.0,highT,OCCCCO,NC(N)=O
QICJOE,QICJOE,293.0 K,OC(=O)C=CC(=O)[O-].NNC(=O)c1cc[nH+]cc1,P21,False,293.0,highT,OC(=O)C=CC(=O)[O-],NNC(=O)c1cc[nH+]cc1
PIPQUD,PIPQUD,297 K,CCc1[nH+]c(N)nc(N)c1c1ccc(Cl)cc1.Oc1cc(O)cc(c1)C(=O)[O-],C2/c,False,297.0,highT,CCc1[nH+]c(N)nc(N)c1c1ccc(Cl)cc1,Oc1cc(O)cc(c1)C(=O)[O-]
TIDFER,TIDFER,at 293.2 K,OC(=O)C(c1ccccc1)c1ccccc1.c1ccc2nc3ccccc3cc2c1,P212121,False,293.0,highT,OC(=O)C(c1ccccc1)c1ccccc1,c1ccc2nc3ccccc3cc2c1
MESWAL,MESWAL,296 K,NC(=S)NN=Cc1cc(Br)ccc1O.CS(C)=O,P-1,False,296.0,highT,NC(=S)NN=Cc1cc(Br)ccc1O,CS(C)=O
SAFNOE,SAFNOE,at 298 K,OC(=O)c1cc(cc(c1)C(O)=O)C(O)=O.c1cc(ccn1)c1cncnc1,P21/c,False,298.0,highT,OC(=O)c1cc(cc(c1)C(O)=O)C(O)=O,c1cc(ccn1)c1cncnc1
IZAJUO,IZAJUO,at 295 K,OC(C(O)C(=O)[O-])C(O)=O.[NH3+]C(CC1=C[NH+]=CN1)C(=O)[O-],P212121,False,295.0,highT,OC(C(O)C(=O)[O-])C(O)=O,[NH3+]C(CC1=C[NH+]=CN1)C(=O)[O-]
EPUHAB,EPUHAB,298 K,NC1=[NH+]c2ccccc2S1.O=C1[N-]S(=O)(=O)c2ccccc12,P21/n,False,298.0,highT,NC1=[NH+]c2ccccc2S1,O=C1[N-]S(=O)(=O)c2ccccc12
TILYIZ,TILYIZ,298 K,CCCSc1ccc2NC(=[NH+]c2c1)NC(=O)OC.O=S(=O)([O-])c1ccccc1,P-1,False,298.0,highT,CCCSc1ccc2NC(=[NH+]c2c1)NC(=O)OC,O=S(=O)([O-])c1ccccc1
UNECIB,UNECIB,293 K,OC(=O)c1ccc(cc1)C(O)=O.CN1CCCC1=O,P-1,False,293.0,highT,OC(=O)c1ccc(cc1)C(O)=O,CN1CCCC1=O
MADSOC,MADSOC,298 K,CC(=O)NC1=NN=C(S1)S(N)(=O)=O.CS(C)=O,C2/c,False,298.0,highT,CC(=O)NC1=NN=C(S1)S(N)(=O)=O,CS(C)=O
EDAFAQ,EDAFAQ,at 296.2 K,Clc1ccc(cc1)S(=O)(=O)[O-].Nc1[nH+]cc(cc1)N(=O)=O,Pc,False,296.0,highT,Clc1ccc(cc1)S(=O)(=O)[O-],Nc1[nH+]cc(cc1)N(=O)=O
YOPRUT,YOPRUT,273 K,ClC(Cl)(Cl)C(=O)[O-].Nc1[nH+]cccc1N(=O)=O,Pca21,False,273.0,highT,ClC(Cl)(Cl)C(=O)[O-],Nc1[nH+]cccc1N(=O)=O
OZOSED,OZOSED,296 K,Cc1ccccc1C(O)=O.ON=Cc1ccnc2ccccc12,P-1,False,296.0,highT,Cc1ccccc1C(O)=O,ON=Cc1ccnc2ccccc12
PEKRAA,PEKRAA,at 295 K,Nc1[nH+]cccc1O.Oc1ccc(O)c(c1)C(=O)[O-],Pna21,False,295.0,highT,Nc1[nH+]cccc1O,Oc1ccc(O)c(c1)C(=O)[O-]
ZUWCAV,ZUWCAV,at -130 deg.C,FS(=O)(=O)[N-]S(F)(=O)=O.c1ccc(cc1)[PH+](c1ccccc1)c1ccccc1,P21/n,False,403.0,highT,FS(=O)(=O)[N-]S(F)(=O)=O,c1ccc(cc1)[PH+](c1ccccc1)c1ccccc1
PEXZOK,PEXZOK,293 K,CC(C)O.Clc1nc(Cl)nc(NNc2nnc(NNc3nc(Cl)nc(Cl)n3)nn2)n1,P-1,False,293.0,highT,CC(C)O,Clc1nc(Cl)nc(NNc2nnc(NNc3nc(Cl)nc(Cl)n3)nn2)n1
EZAQOO,EZAQOO,293 K,OC(=O)CCC(O)=O.COc1cc(OC)nc(N)n1,P-1,False,293.0,highT,OC(=O)CCC(O)=O,COc1cc(OC)nc(N)n1
ZIMHIO01,ZIMHIO01,at 298 K,CC(=O)NS(=O)(=O)c1ccc(N)cc1.CC(N)=O,C2/c,False,298.0,highT,CC(=O)NS(=O)(=O)c1ccc(N)cc1,CC(N)=O
HIBKEI,HIBKEI,at -10 deg.C,Nc1nc(Cl)nc(Nc2cccc(Br)c2)n1.CCC1(CC)C(=O)NC(=O)NC1=O,P-1,False,283.0,highT,Nc1nc(Cl)nc(Nc2cccc(Br)c2)n1,CCC1(CC)C(=O)NC(=O)NC1=O
JARTII,JARTII,293 K,OC(=O)C=CC(=O)[O-].CC1=NOC(C1)C1(O)CC2[NH2+]C1CC2,Cc,False,293.0,highT,OC(=O)C=CC(=O)[O-],CC1=NOC(C1)C1(O)CC2[NH2+]C1CC2
RIQXOH,RIQXOH,298 K,FC(F)(F)c1cccc(Nc2ncccc2C(=O)[O-])c1.[NH3+]CCc1ccc(O)cc1,P21/c,False,298.0,highT,FC(F)(F)c1cccc(Nc2ncccc2C(=O)[O-])c1,[NH3+]CCc1ccc(O)cc1
JOXBAB,JOXBAB,at 298 K,NC1=[NH+]C(=O)NC=C1.O=C([O-])c1cnccn1,P21/c,False,298.0,highT,NC1=[NH+]C(=O)NC=C1,O=C([O-])c1cnccn1
WEQHOT,WEQHOT,294 K,N#Cc1cccnc1.OC(=O)CCCCC(O)=O,P-1,False,294.0,highT,N#Cc1cccnc1,OC(=O)CCCCC(O)=O
LIGNOH,LIGNOH,293 K,NC1=Nc2ccccc2S1.OC(=O)c1ccccc1,P21/c,False,293.0,highT,NC1=Nc2ccccc2S1,OC(=O)c1ccccc1
FEBSIR,FEBSIR,296 K,NC(=O)c1cccnc1.Nc1ccccc1C(O)=O,P21,False,296.0,highT,NC(=O)c1cccnc1,Nc1ccccc1C(O)=O
IFABUN,IFABUN,at 295 K,c1cc(ccn1)c1ccncc1.OC(=O)CCCCCCCCC(O)=O,P-1,False,295.0,highT,c1cc(ccn1)c1ccncc1,OC(=O)CCCCCCCCC(O)=O
VIGGOI,VIGGOI,at 293 K,[O]n1ccn([O])c2ccccc12.NC(=O)N1c2ccccc2C=Cc2ccccc12,P-1,False,293.0,highT,[O]n1ccn([O])c2ccccc12,NC(=O)N1c2ccccc2C=Cc2ccccc12
QUTCAM,QUTCAM,296 K,O=N(=O)[C-](N(=O)=O)N(=O)=O.NN1C(=[NH+]N=C1C1=NON=C1N)N,P21/n,False,296.0,highT,O=N(=O)[C-](N(=O)=O)N(=O)=O,NN1C(=[NH+]N=C1C1=NON=C1N)N
YOJFEK,YOJFEK,at 293 K,NC(=O)C1CCCN1C(=O)[O-].NC(=O)C1[NH2+]CCC1,P212121,False,293.0,highT,NC(=O)C1CCCN1C(=O)[O-],NC(=O)C1[NH2+]CCC1
LISFAY,LISFAY,295 K,CCCc1[nH+]ccc(c1)C(N)=S.OC(=O)C=CC(=O)[O-],P-1,False,295.0,highT,CCCc1[nH+]ccc(c1)C(N)=S,OC(=O)C=CC(=O)[O-]
SEQGAX,SEQGAX,at 293 K,C[NH+](C)C(CO)C(O)c1ccccc1.CC(C)=CC1C(C(=O)[O-])C1(C)C,P212121,False,293.0,highT,C[NH+](C)C(CO)C(O)c1ccccc1,CC(C)=CC1C(C(=O)[O-])C1(C)C
GANYEA01,GANYEA01,at 293 K,CN1C=NC2=C1C(=O)N(C)C(=O)N2C.OC(=O)C=CC(O)=O,P-1,False,293.0,highT,CN1C=NC2=C1C(=O)N(C)C(=O)N2C,OC(=O)C=CC(O)=O
SAHCAG,SAHCAG,at 293 K,OCC1CC2CC[NH+]1CC2C=C.Cc1ccc(cc1)S(=O)(=O)[O-],P212121,False,293.0,highT,OCC1CC2CC[NH+]1CC2C=C,Cc1ccc(cc1)S(=O)(=O)[O-]
REWKUC,REWKUC,296 K,O[NH+]=CC1=CNc2ccccc12.O=N(=O)c1cc(c([O-])c(c1)N(=O)=O)N(=O)=O,P-1,False,296.0,highT,O[NH+]=CC1=CNc2ccccc12,O=N(=O)c1cc(c([O-])c(c1)N(=O)=O)N(=O)=O
VEYRAT,VEYRAT,at 298 K,[NH2+]1CCOCC1.Clc1ccc(cc1)C1=C(C#N)C(=S)NC(=C1C#N)[S-],C2/c,False,298.0,highT,[NH2+]1CCOCC1,Clc1ccc(cc1)C1=C(C#N)C(=S)NC(=C1C#N)[S-]
IFOFUF,IFOFUF,at 296 K,FC(F)(F)S(=O)(=O)[O-].C[N+]1=C2C=CC=CC2=NS1,P21/c,False,296.0,highT,FC(F)(F)S(=O)(=O)[O-],C[N+]1=C2C=CC=CC2=NS1
LIGPAV,LIGPAV,293 K,OC(=O)C=CC(O)=O.NC1=Nc2ccccc2S1,P21/c,False,293.0,highT,OC(=O)C=CC(O)=O,NC1=Nc2ccccc2S1
TAZLUE,TAZLUE,293 K,c1cnc2ncccc2c1.CSc1ccc(cc1)B(O)O,Pbcn,False,293.0,highT,c1cnc2ncccc2c1,CSc1ccc(cc1)B(O)O
LESBOC,LESBOC,at 293 K,CC(=O)Nc1ccc2c(C)cc(nc2n1)C(Br)Br.O=C1CCC(=O)N1,P21/m,False,293.0,highT,CC(=O)Nc1ccc2c(C)cc(nc2n1)C(Br)Br,O=C1CCC(=O)N1
QEPRAH,QEPRAH,293 K,[NH3+]CCNc1ccc(cc1OC)N(=O)=O.CC(=O)[O-],Fdd2,False,293.0,highT,[NH3+]CCNc1ccc(cc1OC)N(=O)=O,CC(=O)[O-]
ADIZIA,ADIZIA,293 K,O=S(=O)([O-])c1ccccc1.[NH3+]c1ccc(cc1)N(=O)=O,P21/c,False,293.0,highT,O=S(=O)([O-])c1ccccc1,[NH3+]c1ccc(cc1)N(=O)=O
ASOMAW,ASOMAW,at 296.1 K,[NH3+]Cc1ccccc1OC.CC=CC=CC(=O)[O-],P-1,False,296.0,highT,[NH3+]Cc1ccccc1OC,CC=CC=CC(=O)[O-]
UNUNOJ,UNUNOJ,294 K,OC(=O)CCC#C.c1cnccn1,P21/c,False,294.0,highT,OC(=O)CCC#C,c1cnccn1
VABSAU,VABSAU,at 296 K,O=C([O-])c1ccccc1.CC(C)[NH2+]CC(O)c1ccccc1Cl,P21/n,False,296.0,highT,O=C([O-])c1ccccc1,CC(C)[NH2+]CC(O)c1ccccc1Cl
JICWIB10,JICWIB10,at 0 deg.C,Nc1nc(N)nc(N)n1.BrC1(Br)C(=O)NC(=O)NC1=O,Ccm21,False,273.0,highT,Nc1nc(N)nc(N)n1,BrC1(Br)C(=O)NC(=O)NC1=O
CEMPOD,CEMPOD,298.1 K,OB(O)c1ccc(cc1)B(O)O.C(Cc1ccncc1)c1ccncc1,P-1,False,298.0,highT,OB(O)c1ccc(cc1)B(O)O,C(Cc1ccncc1)c1ccncc1
EROHOJ,EROHOJ,at 293 K,O=C([O-])C=Cc1ccccc1.CN1CC(=O)[NH+]=C1N,P21/c,False,293.0,highT,O=C([O-])C=Cc1ccccc1,CN1CC(=O)[NH+]=C1N
NEBWAW,NEBWAW,293 K,O=N(=O)c1ccc(cc1)N1CC[NH2+]CC1.Oc1ccc(cc1)C(=O)[O-],P-1,False,293.0,highT,O=N(=O)c1ccc(cc1)N1CC[NH2+]CC1,Oc1ccc(cc1)C(=O)[O-]
VEKBEV,VEKBEV,297.3 K,NC(=O)c1ccncc1.NS(=O)(=O)c1cc2c(NC=NS2(=O)=O)cc1Cl,P21/n,False,297.0,highT,NC(=O)c1ccncc1,NS(=O)(=O)c1cc2c(NC=NS2(=O)=O)cc1Cl
IPUYEZ,IPUYEZ,298 K,NC(=O)c1cccnc1.COc1cc(cc(OC)c1O)C(O)=O,P21/n,False,298.0,highT,NC(=O)c1cccnc1,COc1cc(cc(OC)c1O)C(O)=O
QIGQIK,QIGQIK,294 K,O=C(N1CCCC1)c1ccc(cc1)C(=O)N1CCCC1.Oc1ccc(O)cc1,P21/c,False,294.0,highT,O=C(N1CCCC1)c1ccc(cc1)C(=O)N1CCCC1,Oc1ccc(O)cc1
XOGFIK,XOGFIK,at 293 K,Cc1nc(C)c(C)nc1C.OC(=O)c1ccccc1C(O)=O,P-1,False,293.0,highT,Cc1nc(C)c(C)nc1C,OC(=O)c1ccccc1C(O)=O
AYUQAN,AYUQAN,at 293 K,CC(=O)Nc1ccccc1C(=O)[O-].CCc1[nH+]c(N)nc(N)c1c1ccc(Cl)cc1,C2/c,False,293.0,highT,CC(=O)Nc1ccccc1C(=O)[O-],CCc1[nH+]c(N)nc(N)c1c1ccc(Cl)cc1
ONAQAW,ONAQAW,at 293 K,C(Cc1ccncc1)c1ccncc1.Cc1ccc(cc1)C(O)=O,P-1,False,293.0,highT,C(Cc1ccncc1)c1ccncc1,Cc1ccc(cc1)C(O)=O
OTURIH,OTURIH,291 K,CCCOc1ccc2ncnc3c4ccccc4Sc1c23.Oc1ccccc1,P-1,False,291.0,highT,CCCOc1ccc2ncnc3c4ccccc4Sc1c23,Oc1ccccc1
WEGTUA,WEGTUA,293 K,c1cnc2c(c1)ccc1cccnc21.CC(=NO)C(C)=NO,I2/a,False,293.0,highT,c1cnc2c(c1)ccc1cccnc21,CC(=NO)C(C)=NO
TITHAG,TITHAG,at 295 K,OC(=O)C(O)=O.O=C1N2CCCCC2=Nc2ccccc12,P-1,False,295.0,highT,OC(=O)C(O)=O,O=C1N2CCCCC2=Nc2ccccc12
AQONIG,AQONIG,295 K,c1cc(ccn1)C=Cc1ccncc1.Oc1ccc(Cc2ccc(O)cc2)cc1,C2/c,False,295.0,highT,c1cc(ccn1)C=Cc1ccncc1,Oc1ccc(Cc2ccc(O)cc2)cc1
LOXCUY,LOXCUY,293 K,NC(=O)c1ccncc1.OB(O)c1ccc(cc1)B(O)O,P21/c,False,293.0,highT,NC(=O)c1ccncc1,OB(O)c1ccc(cc1)B(O)O
NAYCUN,NAYCUN,at 293 K,O=C([O-])c1ccc(cc1)N(=O)=O.Oc1ccc2[nH+]cccc2c1,P-1,False,293.0,highT,O=C([O-])c1ccc(cc1)N(=O)=O,Oc1ccc2[nH+]cccc2c1
GAMCED,GAMCED,at 293 K,OCC([NH2+]C1CC(CO)C(O)C(O)C1O)CO.O=N(=O)c1cc(c([O-])c(c1)N(=O)=O)N(=O)=O,P21,False,293.0,highT,OCC([NH2+]C1CC(CO)C(O)C(O)C1O)CO,O=N(=O)c1cc(c([O-])c(c1)N(=O)=O)N(=O)=O
MOFYAI,MOFYAI,at 291 K,Oc1ccc2ccccc2c1c1c(O)ccc2ccccc12.c1ccc2nc3ccccc3cc2c1,P2/c,False,291.0,highT,Oc1ccc2ccccc2c1c1c(O)ccc2ccccc12,c1ccc2nc3ccccc3cc2c1
ROJRAM,ROJRAM,293 K,N#Cc1cc(C#N)c(cc1C#N)C#N.O=C(N1c2ccccc2c2ccccc12)c1ccccc1,P-1,False,293.0,highT,N#Cc1cc(C#N)c(cc1C#N)C#N,O=C(N1c2ccccc2c2ccccc12)c1ccccc1
TAZQIX,TAZQIX,293 K,OC(C(O)C(=O)[O-])C(O)=O.CN1CC(=O)NC1=[NH2+],P212121,False,293.0,highT,OC(C(O)C(=O)[O-])C(O)=O,CN1CC(=O)NC1=[NH2+]
UFORAK,UFORAK,at 296 K,CN(C)C=O.OC1=C(C(=O)CC1)C1(C(=O)Nc2ccc(F)cc12)C1=C(O)CCC1=O,P-1,False,296.0,highT,CN(C)C=O,OC1=C(C(=O)CC1)C1(C(=O)Nc2ccc(F)cc12)C1=C(O)CCC1=O
ETOYAP,ETOYAP,295 K,BrBr.COc1ccncc1,P-1,False,295.0,highT,BrBr,COc1ccncc1
UBEJOC,UBEJOC,at 295 K,O=C(c1[nH+]cccc1)c1ccccc1.O=N(=O)c1cc(c([O-])c(c1)N(=O)=O)N(=O)=O,P-1,False,295.0,highT,O=C(c1[nH+]cccc1)c1ccccc1,O=N(=O)c1cc(c([O-])c(c1)N(=O)=O)N(=O)=O
NUGQOW,NUGQOW,at 293 K,c1ccc(C=Cc2ccccn2)nc1.OC(=O)C=CC(O)=O,C2/c,False,293.0,highT,c1ccc(C=Cc2ccccn2)nc1,OC(=O)C=CC(O)=O
JAJYUS,JAJYUS,293 K,OC(=O)C=Cc1ccc(O)cc1.NC(=O)c1cnccn1,C2/c,False,293.0,highT,OC(=O)C=Cc1ccc(O)cc1,NC(=O)c1cnccn1
TIFTAD,TIFTAD,at 293 K,OC(=O)CCSCCC(O)=O.c1cnc2c(c1)ccc1ncccc21,C2/c,False,293.0,highT,OC(=O)CCSCCC(O)=O,c1cnc2c(c1)ccc1ncccc21
LACSUG,LACSUG,298 K,Nc1ccc(C(O)=O)c(O)c1.c1cnccn1,P21/c,False,298.0,highT,Nc1ccc(C(O)=O)c(O)c1,c1cnccn1
LIHBEK,LIHBEK,at 293 K,O=C([O-])c1ccc(cc1)N(=O)=O.[NH3+]C(CC)CO,P-1,False,293.0,highT,O=C([O-])c1ccc(cc1)N(=O)=O,[NH3+]C(CC)CO
TEZTIC,TEZTIC,at 293 K,[NH3+]CCCCC([NH3+])C(=O)[O-].ClC(Cl)(Cl)C(=O)[O-],P21,False,293.0,highT,[NH3+]CCCCC([NH3+])C(=O)[O-],ClC(Cl)(Cl)C(=O)[O-]
DEDMAD,DEDMAD,293.1 K,NC(=O)CN1CCCC1=O.Nc1cccc(N)n1,Pbca,False,293.0,highT,NC(=O)CN1CCCC1=O,Nc1cccc(N)n1
LECDUV,LECDUV,293 K,Cc1nccnc1C.OC(=O)c1ccc(O)c(c1)C(O)=O,P-1,False,293.0,highT,Cc1nccnc1C,OC(=O)c1ccc(O)c(c1)C(O)=O
TARPIO02,TARPIO02,295 K,NS(=O)(=O)c1cc(C(O)=O)c(NCC2=CC=CO2)cc1Cl.CS(C)=O,P21/c,False,295.0,highT,NS(=O)(=O)c1cc(C(O)=O)c(NCC2=CC=CO2)cc1Cl,CS(C)=O
PAVYUI,PAVYUI,at 295 K,FC(F)(F)S(=O)(=O)[O-].C[n+]1c2ccccc2c(C(=O)Oc2ccccc2Br)c2ccccc12,P21/c,False,295.0,highT,FC(F)(F)S(=O)(=O)[O-],C[n+]1c2ccccc2c(C(=O)Oc2ccccc2Br)c2ccccc12
VABGUB01,VABGUB01,at 293 K,F[n+]1ccccc1.FC(F)(F)S(=O)(=O)[O-],P21/c,False,293.0,highT,F[n+]1ccccc1,FC(F)(F)S(=O)(=O)[O-]
GAZSEJ,GAZSEJ,293 K,O=C([O-])C(c1ccccc1)c1ccccc1.CC1=C[NH+]=C(N)S1,P21,False,293.0,highT,O=C([O-])C(c1ccccc1)c1ccccc1,CC1=C[NH+]=C(N)S1
KIHXAB,KIHXAB,at 298 K,Oc1cccc(c1)C#N.c1ccc(cc1)c1ccncc1,P21/c,False,298.0,highT,Oc1cccc(c1)C#N,c1ccc(cc1)c1ccncc1
EXEZIR,EXEZIR,at 293 K,Cc1cc(Cl)nc(N)n1.Cc1ccccc1C(O)=O,P21/c,False,293.0,highT,Cc1cc(Cl)nc(N)n1,Cc1ccccc1C(O)=O
FALXAS,FALXAS,at 293 K,OC(C(O)C(=O)[O-])C(O)=O.O=C(N1CC[NH2+]C2CCCCC12)C1=CC=CO1,P21,False,293.0,highT,OC(C(O)C(=O)[O-])C(O)=O,O=C(N1CC[NH2+]C2CCCCC12)C1=CC=CO1
XUVLUV,XUVLUV,at 293 K,CC(C)N1N=C(C(=NC1=[NH2+])N)c1cccc(Cl)c1Cl.CS(=O)(=O)[O-],P-1,False,293.0,highT,CC(C)N1N=C(C(=NC1=[NH2+])N)c1cccc(Cl)c1Cl,CS(=O)(=O)[O-]
EGENIP,EGENIP,296 K,NS(=O)(=O)c1cc2c(NCNS2(=O)=O)cc1Cl.NC(=O)c1cnccn1,P212121,False,296.0,highT,NS(=O)(=O)c1cc2c(NCNS2(=O)=O)cc1Cl,NC(=O)c1cnccn1
ABULEQ,ABULEQ,at 293 K,OC(=O)c1cc2ccccc2cc1O.NC(=O)c1cccnc1,C2/c,False,293.0,highT,OC(=O)c1cc2ccccc2cc1O,NC(=O)c1cccnc1
UPIYUP,UPIYUP,296 K,[NH3+]C(C(=O)OC)C(C)(O)C(F)F.CC1(C)C2CCC1(CS(=O)(=O)[O-])C(=O)C2,P212121,False,296.0,highT,[NH3+]C(C(=O)OC)C(C)(O)C(F)F,CC1(C)C2CCC1(CS(=O)(=O)[O-])C(=O)C2
UFEZUD,UFEZUD,292 K,[NH3+]Cc1cc(OC)cc(OC)c1.CN(C)c1ccc(cc1)C=C(C#N)C(=O)[O-],P21,False,292.0,highT,[NH3+]Cc1cc(OC)cc(OC)c1,CN(C)c1ccc(cc1)C=C(C#N)C(=O)[O-]
XONBEJ,XONBEJ,at 296 K,OC(=O)C1=CC=C(Cl)S1.c1ccc2nc3ccccc3cc2c1,P-1,False,296.0,highT,OC(=O)C1=CC=C(Cl)S1,c1ccc2nc3ccccc3cc2c1
QUWZIS,QUWZIS,at 294 K,c1ccc2nccnc2c1.Oc1c(F)c(F)c(O)c(F)c1F,P212121,False,294.0,highT,c1ccc2nccnc2c1,Oc1c(F)c(F)c(O)c(F)c1F
ZEYNID,ZEYNID,293 K,Cc1nccnc1C.OC(=O)c1cccc(O)c1O,C2/c,False,293.0,highT,Cc1nccnc1C,OC(=O)c1cccc(O)c1O
UKITEQ,UKITEQ,298 K,Cc1cccc2SC(=Nc12)N.COc1cc(C=CC(O)=O)cc(OC)c1OC,P21/c,False,298.0,highT,Cc1cccc2SC(=Nc12)N,COc1cc(C=CC(O)=O)cc(OC)c1OC
AYILEB,AYILEB,296 K,c1ccc2cnccc2c1.OC(=O)c1ccccc1SSc1ccccc1C(O)=O,P-1,False,296.0,highT,c1ccc2cnccc2c1,OC(=O)c1ccccc1SSc1ccccc1C(O)=O
VEMJII,VEMJII,at 293 K,[NH3+]CC(O)COc1ccccc1.OC(C(=O)[O-])c1ccccc1,P212121,False,293.0,highT,[NH3+]CC(O)COc1ccccc1,OC(C(=O)[O-])c1ccccc1
OZOTEE,OZOTEE,296 K,ON=Cc1cc[nH+]c2ccccc12.Oc1cccc(C(=O)[O-])c1O,C2/c,False,296.0,highT,ON=Cc1cc[nH+]c2ccccc12,Oc1cccc(C(=O)[O-])c1O
HEZSOU,HEZSOU,at -60 deg.C,NC(N)=O.N#CCCCC#N,Pmmn,False,333.0,highT,NC(N)=O,N#CCCCC#N
XEDSUY,XEDSUY,298.1 K,Oc1cc(O)c(Cl)cc1Cl.S1C(=Nc2ccccc12)C=CC=Cc1ccccc1,Pbca,False,298.0,highT,Oc1cc(O)c(Cl)cc1Cl,S1C(=Nc2ccccc12)C=CC=Cc1ccccc1
SIJXEQ,SIJXEQ,at 298 K,[NH2+]=C1NC(=O)NC=C1F.O=C1[N-]S(=O)(=O)c2ccccc12,P21/c,False,298.0,highT,[NH2+]=C1NC(=O)NC=C1F,O=C1[N-]S(=O)(=O)c2ccccc12
VACJAM,VACJAM,at 293 K,[NH2+]1CCOCC1.Oc1c(cc(c([O-])c1N(=O)=O)N(=O)=O)N(=O)=O,P-1,False,293.0,highT,[NH2+]1CCOCC1,Oc1c(cc(c([O-])c1N(=O)=O)N(=O)=O)N(=O)=O
XIYSEG,XIYSEG,298 K,OC(=O)c1cccc(n1)C(O)=O.OC(CN1C=NC=N1)(CN1C=NC=N1)c1ccc(F)cc1F,P-1,False,298.0,highT,OC(=O)c1cccc(n1)C(O)=O,OC(CN1C=NC=N1)(CN1C=NC=N1)c1ccc(F)cc1F
HIQQEF,HIQQEF,298 K,CC(C)COc1ccc(cc1C#N)C1=NC(=C(S1)C(O)=O)C.CC(N)=O,P21/c,False,298.0,highT,CC(C)COc1ccc(cc1C#N)C1=NC(=C(S1)C(O)=O)C,CC(N)=O
FOSFUQ,FOSFUQ,298 K,COc1cc(ccc1O)C(O)=O.NNC(=O)c1ccncc1,P-1,False,298.0,highT,COc1cc(ccc1O)C(O)=O,NNC(=O)c1ccncc1
BULJID,BULJID,293 K,OC(=O)c1ccccc1O.c1cc(ccn1)N=Nc1ccncc1,P21/c,False,293.0,highT,OC(=O)c1ccccc1O,c1cc(ccn1)N=Nc1ccncc1
EWINAZ,EWINAZ,at 298 K,[NH3+]C(CCCNC(N)=[NH2+])C(=O)[O-].Oc1ccc(O)c(c1)C(=O)[O-],P21,False,298.0,highT,[NH3+]C(CCCNC(N)=[NH2+])C(=O)[O-],Oc1ccc(O)c(c1)C(=O)[O-]
LIGNIA,LIGNIA,290 K,OC(=O)c1cc(ccc1O)S(=O)(=O)[O-].ClCCC[NH+]1CCCCC1,P212121,False,290.0,highT,OC(=O)c1cc(ccc1O)S(=O)(=O)[O-],ClCCC[NH+]1CCCCC1
UGOSAM,UGOSAM,at 293 K,CC1=CSC(=N1)N.OC(=O)CCCCCCC(O)=O,P21/c,False,293.0,highT,CC1=CSC(=N1)N,OC(=O)CCCCCCC(O)=O
GENTOJ,GENTOJ,at 290 K,OB(O)c1ccccc1.NN1C(=O)NC2(CCCCC2)C1=O,P-1,False,290.0,highT,OB(O)c1ccccc1,NN1C(=O)NC2(CCCCC2)C1=O
DATDUZ,DATDUZ,at 293 K,CC(=O)NC1=NN=C(S1)S(N)(=O)=O.OC(=O)c1cccc(O)c1O,P21/c,False,293.0,highT,CC(=O)NC1=NN=C(S1)S(N)(=O)=O,OC(=O)c1cccc(O)c1O
EZEGOH,EZEGOH,296 K,CCc1[nH+]ccc(c1)C(N)=S.Clc1cc(ccc1C(=O)[O-])N(=O)=O,P21/n,False,296.0,highT,CCc1[nH+]ccc(c1)C(N)=S,Clc1cc(ccc1C(=O)[O-])N(=O)=O
RIMWIW,RIMWIW,293 K,Cc1nc(C)c(C)nc1C.OC(=O)c1cc(Cl)ccc1O,C2/c,False,293.0,highT,Cc1nc(C)c(C)nc1C,OC(=O)c1cc(Cl)ccc1O
VUTNAB,VUTNAB,296 K,Nc1ccc(cc1)C(O)=O.NC(=O)c1cnccn1,P21/n,False,296.0,highT,Nc1ccc(cc1)C(O)=O,NC(=O)c1cnccn1
JOKYAM,JOKYAM,301 K,Cc1ccncc1.Nc1ccc(cc1)S(=O)(=O)Nc1ccc(Cl)nn1,P21/c,False,301.0,highT,Cc1ccncc1,Nc1ccc(cc1)S(=O)(=O)Nc1ccc(Cl)nn1
ODIDIR,ODIDIR,296 K,CCOc1ccccc1C(N)=O.COc1cc(C=CC(O)=O)ccc1O,Pbca,False,296.0,highT,CCOc1ccccc1C(N)=O,COc1cc(C=CC(O)=O)ccc1O
DUHYOV,DUHYOV,at 293 K,[NH3+]C1=C(C)N(C)N(c2ccccc2)C1=O.Oc1ccccc1C(=O)[O-],P21/c,False,293.0,highT,[NH3+]C1=C(C)N(C)N(c2ccccc2)C1=O,Oc1ccccc1C(=O)[O-]
RORNUJ,RORNUJ,at 301 K,OB(O)c1ccc(Br)cc1.c1ccc2nc3ccccc3nc2c1,P-1,False,301.0,highT,OB(O)c1ccc(Br)cc1,c1ccc2nc3ccccc3nc2c1
EFUNOJ,EFUNOJ,at 294 K,OC(=O)CCC(=O)[O-].NC1=CC=[NH+]C(=O)N1,C2/c,False,294.0,highT,OC(=O)CCC(=O)[O-],NC1=CC=[NH+]C(=O)N1
EDAPOQ,EDAPOQ,at 295 K,NC(=O)c1cccnc1.OC(=O)C=CC(O)=O,P21/n,False,295.0,highT,NC(=O)c1cccnc1,OC(=O)C=CC(O)=O
VELVOA,VELVOA,295 K,BrN1C(=O)c2ccccc2C1=O.Cc1ccccn1,Pnna,False,295.0,highT,BrN1C(=O)c2ccccc2C1=O,Cc1ccccn1
NUKXUN02,NUKXUN02,at 293 K,NC(=O)c1cccnc1.OC(=O)CC(O)=O,P21/c,False,293.0,highT,NC(=O)c1cccnc1,OC(=O)CC(O)=O
NUMHAG,NUMHAG,298 K,NS(=O)(=O)c1ccccc1.O=C1CCCCCCN1,P21/n,False,298.0,highT,NS(=O)(=O)c1ccccc1,O=C1CCCCCCN1
MAMPUM01,MAMPUM01,at 298 K,c1ccc2nc3ccccc3nc2c1.OC1=C(Cl)C(=O)C(=C(Cl)C1=O)O,P21/n,False,298.0,highT,c1ccc2nc3ccccc3nc2c1,OC1=C(Cl)C(=O)C(=C(Cl)C1=O)O
SUYZAP,SUYZAP,298 K,OC(=O)C(O)=O.CN(C)c1ccc(C=O)cc1,P-1,False,298.0,highT,OC(=O)C(O)=O,CN(C)c1ccc(C=O)cc1
KALQUM,KALQUM,293 K,NC(=O)c1cc[nH+]cc1.OC(CC(O)=O)C(=O)[O-],P21/n,False,293.0,highT,NC(=O)c1cc[nH+]cc1,OC(CC(O)=O)C(=O)[O-]
ABEHOF,ABEHOF,at 293 K,[NH3+]C(C(C)C)C(O)=O.O=N(=O)c1cc(c([O-])c(c1)N(=O)=O)N(=O)=O,P21,False,293.0,highT,[NH3+]C(C(C)C)C(O)=O,O=N(=O)c1cc(c([O-])c(c1)N(=O)=O)N(=O)=O
TEMVAL,TEMVAL,250 K,FC(F)(F)S(=O)(=O)[O-].[NH3+]CCC(O)=O,P-1,False,250.0,highT,FC(F)(F)S(=O)(=O)[O-],[NH3+]CCC(O)=O
SOVNIA,SOVNIA,at 273 K,OC(=O)CCCCC(O)=O.Nc1cc(N)nc(N)n1,P21/c,False,273.0,highT,OC(=O)CCCCC(O)=O,Nc1cc(N)nc(N)n1
LUWHOA,LUWHOA,at 293 K,OC(=O)c1cc(ccc1O)S(=O)(=O)[O-].COc1cc(Cc2c[nH+]c(N)nc2N)cc(OC)c1OC,P21/c,False,293.0,highT,OC(=O)c1cc(ccc1O)S(=O)(=O)[O-],COc1cc(Cc2c[nH+]c(N)nc2N)cc(OC)c1OC
RAVXOE,RAVXOE,296 K,Brc1cncc(Br)c1.OC(=O)c1cc(Br)cc(Br)c1O,P-1,False,296.0,highT,Brc1cncc(Br)c1,OC(=O)c1cc(Br)cc(Br)c1O
CAKZAR,CAKZAR,at 298 K,OB(O)c1ccc(O)cc1.CC1=NN=C2CN=C(c3ccccc3)c3cc(Cl)ccc3N12,P-1,False,298.0,highT,OB(O)c1ccc(O)cc1,CC1=NN=C2CN=C(c3ccccc3)c3cc(Cl)ccc3N12
NEQHIC,NEQHIC,at 298 K,[NH2+]=C1NC(=O)NC=C1.O=C1NC(=O)C=C(N1)C(=O)[O-],P21/c,False,298.0,highT,[NH2+]=C1NC(=O)NC=C1,O=C1NC(=O)C=C(N1)C(=O)[O-]
NUGZEV01,NUGZEV01,at 294 K,OC(=O)c1cccc(c1)C(O)=O.NN1C(=NN=C1c1ccncc1)c1ccncc1,P-1,False,294.0,highT,OC(=O)c1cccc(c1)C(O)=O,NN1C(=NN=C1c1ccncc1)c1ccncc1
MESTEM,MESTEM,296 K,[NH3+]C(C(C)O)C(O)=O.Cc1ccc(cc1)S(=O)(=O)[O-],P21,False,296.0,highT,[NH3+]C(C(C)O)C(O)=O,Cc1ccc(cc1)S(=O)(=O)[O-]
UFIJEB,UFIJEB,291 K,O=N(=O)c1ccc(C[n+]2ccc3ccccc3c2)cc1.O=N(=O)c1cc(c([O-])c(c1)N(=O)=O)N(=O)=O,Cc,False,291.0,highT,O=N(=O)c1ccc(C[n+]2ccc3ccccc3c2)cc1,O=N(=O)c1cc(c([O-])c(c1)N(=O)=O)N(=O)=O
NUMKAJ,NUMKAJ,298 K,NS(=O)(=O)c1ccccc1Cl.O=C1CCCCN1,P21/c,False,298.0,highT,NS(=O)(=O)c1ccccc1Cl,O=C1CCCCN1
DAMMAF,DAMMAF,at -100 deg.C,CN(C)[S+](N(C)C)N(C)C.FC(F)(F)[O-],Pnma,False,373.0,highT,CN(C)[S+](N(C)C)N(C)C,FC(F)(F)[O-]
XOQRAZ,XOQRAZ,296 K,Oc1c(cc(cc1N(=O)=O)N(=O)=O)C(=O)[O-].[NH2+]=C1NC(=O)NC=C1F,C2,False,296.0,highT,Oc1c(cc(cc1N(=O)=O)N(=O)=O)C(=O)[O-],[NH2+]=C1NC(=O)NC=C1F
MOLGIE,MOLGIE,at 293 K,[NH2+]1CCOCC1.CC1=NC(=NN1)SCC(=O)[O-],P21/c,False,293.0,highT,[NH2+]1CCOCC1,CC1=NC(=NN1)SCC(=O)[O-]
WIHTUG,WIHTUG,296 K,Oc1ccc(c2ccc[nH+]c12)N(=O)=O.Cc1ccc(cc1)S(=O)(=O)[O-],C2/c,False,296.0,highT,Oc1ccc(c2ccc[nH+]c12)N(=O)=O,Cc1ccc(cc1)S(=O)(=O)[O-]
YIZCOA,YIZCOA,at 293 K,O=S(=O)([O-])c1ccccc1.CCc1[nH+]c(N)nc(N)c1c1ccc(Cl)cc1,P-1,False,293.0,highT,O=S(=O)([O-])c1ccccc1,CCc1[nH+]c(N)nc(N)c1c1ccc(Cl)cc1
PAQNOM,PAQNOM,at 296 K,OC1=C(O)C(=O)C1=O.NC(=O)c1cnccn1,P21/c,False,296.0,highT,OC1=C(O)C(=O)C1=O,NC(=O)c1cnccn1
YUCRAS,YUCRAS,293 K,Fc1ccccc1NC(=S)NNC(=O)c1ccncc1.CC(C)O,P21/n,False,293.0,highT,Fc1ccccc1NC(=S)NNC(=O)c1ccncc1,CC(C)O
WARPIP,WARPIP,at 293 K,OC(=O)c1cc(cc(c1)C(O)=O)C(O)=O.c1cncc(c1)c1nnc(nn1)c1cccnc1,C2/c,False,293.0,highT,OC(=O)c1cc(cc(c1)C(O)=O)C(O)=O,c1cncc(c1)c1nnc(nn1)c1cccnc1
QISSUK,QISSUK,282 K,OC(=O)c1ccc(Nc2ccccc2)cc1.c1ccncc1,P21/n,False,282.0,highT,OC(=O)c1ccc(Nc2ccccc2)cc1,c1ccncc1
CEWYIM20,CEWYIM20,at -123deg.C,Oc1cccc2c3cccc(O)c3c12.CN1C(=CC(=O)C=C1C)C,P21/n,False,396.0,highT,Oc1cccc2c3cccc(O)c3c12,CN1C(=CC(=O)C=C1C)C
NORTEW,NORTEW,296 K,Oc1cccc(O)c1.c1ccc2nc3ccccc3nc2c1,C2/c,False,296.0,highT,Oc1cccc(O)c1,c1ccc2nc3ccccc3nc2c1
HUVGIQ,HUVGIQ,273 K,OC(=O)CCC(O)=O.C1=CN(C=N1)c1ccc(cc1)N1C=CN=C1,P-1,False,273.0,highT,OC(=O)CCC(O)=O,C1=CN(C=N1)c1ccc(cc1)N1C=CN=C1
VANDIA,VANDIA,293 K,OC(=O)c1cc(ccc1O)S(=O)(=O)[O-].[NH3+]c1ccc(OC)cc1,Cc,False,293.0,highT,OC(=O)c1cc(ccc1O)S(=O)(=O)[O-],[NH3+]c1ccc(OC)cc1
VEJQAG,VEJQAG,293 K,Nc1ncccn1.OC(=O)c1ccc(F)cc1,Pnma,False,293.0,highT,Nc1ncccn1,OC(=O)c1ccc(F)cc1
NEBVUN,NEBVUN,at 293 K,Oc1cccnc1C(=O)[O-].COc1[nH+]c(N)nc(OC)c1,P-1,False,293.0,highT,Oc1cccnc1C(=O)[O-],COc1[nH+]c(N)nc(OC)c1
NEBXUP,NEBXUP,at 293 K,OC(=O)CCl.COc1cc(OC)nc(N)n1,P21/c,False,293.0,highT,OC(=O)CCl,COc1cc(OC)nc(N)n1
UKISOZ,UKISOZ,298 K,Cc1cccc2SC(=[NH2+])Nc12.Clc1ccc(C(=O)[O-])c(c1)N(=O)=O,P-1,False,298.0,highT,Cc1cccc2SC(=[NH2+])Nc12,Clc1ccc(C(=O)[O-])c(c1)N(=O)=O
FICXIZ,FICXIZ,at 298 K,NC1=[NH+]C(=O)NC=C1.OC(=O)c1cc(cc(c1[O-])N(=O)=O)N(=O)=O,P21/n,False,298.0,highT,NC1=[NH+]C(=O)NC=C1,OC(=O)c1cc(cc(c1[O-])N(=O)=O)N(=O)=O
QOZYOV,QOZYOV,at 293 K,Nc1[nH+]cc(Br)cc1.OC(C(O)C(=O)[O-])C(O)=O,P212121,False,293.0,highT,Nc1[nH+]cc(Br)cc1,OC(C(O)C(=O)[O-])C(O)=O
MUYDIW,MUYDIW,299 K,OC(C(O)C(=O)[O-])C(O)=O.[NH3+]c1ccc(O)cc1,P21,False,299.0,highT,OC(C(O)C(=O)[O-])C(O)=O,[NH3+]c1ccc(O)cc1
ENODIV,ENODIV,at 294 K,NC1=[NH+]C(=O)NC=C1.OC(CN1C=[NH+]C=C1)(P(O)(=O)[O-])P(O)(=O)[O-],P-1,False,294.0,highT,NC1=[NH+]C(=O)NC=C1,OC(CN1C=[NH+]C=C1)(P(O)(=O)[O-])P(O)(=O)[O-]
BIGCEA,BIGCEA,at 298 K,Cc1ccc(cc1)S(=O)(=O)[O-].C[N+](C)(C)CC1OCC2OC(C)(C)OC12,P212121,False,298.0,highT,Cc1ccc(cc1)S(=O)(=O)[O-],C[N+](C)(C)CC1OCC2OC(C)(C)OC12
KEXZIX,KEXZIX,at 293 K,Nc1ccc(N)cc1.OCCCCCCCCO,C2/c,False,293.0,highT,Nc1ccc(N)cc1,OCCCCCCCCO
RURROM01,RURROM01,at 293.1 K,OC1=C(F)C(=O)C(=C(F)C1=O)O.c1ccc2nc3ccccc3nc2c1,P-1,False,293.0,highT,OC1=C(F)C(=O)C(=C(F)C1=O)O,c1ccc2nc3ccccc3nc2c1
PASXIT,PASXIT,296 K,OC(=O)c1ccccc1c1ccccc1C(=O)[O-].CN1CC(=O)NC1=[NH2+],P21/c,False,296.0,highT,OC(=O)c1ccccc1c1ccccc1C(=O)[O-],CN1CC(=O)NC1=[NH2+]
KIQRIN,KIQRIN,at 293 K,CNC([O-])=C(C#N)c1ccc(cc1N(=O)=O)N(=O)=O.C[NH+]1CCOCC1,P21/n,False,293.0,highT,CNC([O-])=C(C#N)c1ccc(cc1N(=O)=O)N(=O)=O,C[NH+]1CCOCC1
JEJNES,JEJNES,at 294 K,O=C([O-])c1ccc(cc1)N(=O)=O.[NH3+]c1ccc(OC)cc1,P21/n,False,294.0,highT,O=C([O-])c1ccc(cc1)N(=O)=O,[NH3+]c1ccc(OC)cc1
MAYGAV,MAYGAV,at 293 K,NC1=NC2=NC(=NC3=NC(=NC(=N1)N23)N)N.OP(O)(O)=O,R3c,False,293.0,highT,NC1=NC2=NC(=NC3=NC(=NC(=N1)N23)N)N,OP(O)(O)=O
CAKZUL,CAKZUL,at 301 K,OC(=O)CCC(O)=O.CC1=NN=C2CN=C(c3ccccc3)c3cc(Cl)ccc3N12,C2/c,False,301.0,highT,OC(=O)CCC(O)=O,CC1=NN=C2CN=C(c3ccccc3)c3cc(Cl)ccc3N12
YEQGUA,YEQGUA,298 K,OC(=O)c1ccc(cc1)C(O)=O.NC(=O)c1cnccn1,P-1,False,298.0,highT,OC(=O)c1ccc(cc1)C(O)=O,NC(=O)c1cnccn1
SIKKIK,SIKKIK,298 K,Oc1cc2OC(=O)C=Cc2cc1O.NC(=O)c1cccnc1,P-1,False,298.0,highT,Oc1cc2OC(=O)C=Cc2cc1O,NC(=O)c1cccnc1
YECVOV01,YECVOV01,298 K,NC(=O)c1cc[nH+]cc1.CN1C(=O)N(C)C2=C(N(CC(=O)[O-])C=N2)C1=O,C2/c,False,298.0,highT,NC(=O)c1cc[nH+]cc1,CN1C(=O)N(C)C2=C(N(CC(=O)[O-])C=N2)C1=O
WIJCOL,WIJCOL,293 K,c1ccc2nc3ccccc3cc2c1.Oc1ccc(C=O)cc1,P21/c,False,293.0,highT,c1ccc2nc3ccccc3cc2c1,Oc1ccc(C=O)cc1
DOGDAH,DOGDAH,301.1 K,CC1=[NH+]C=C(N1CCOC(=O)c1ccccc1)N(=O)=O.Oc1cccc(O)c1C(=O)[O-],P21/n,False,301.0,highT,CC1=[NH+]C=C(N1CCOC(=O)c1ccccc1)N(=O)=O,Oc1cccc(O)c1C(=O)[O-]
FOYTAP,FOYTAP,at 293 K,[NH3+]C(Cc1ccc(O)cc1)C(N)=O.OC1=C([O-])C(=O)C1=O,P21,False,293.0,highT,[NH3+]C(Cc1ccc(O)cc1)C(N)=O,OC1=C([O-])C(=O)C1=O
AZUZIF,AZUZIF,at 296 K,[S-]C#N.Brc1ccc(cc1)[N+]1=Cc2ccccc2CC1,P-1,False,296.0,highT,[S-]C#N,Brc1ccc(cc1)[N+]1=Cc2ccccc2CC1
UPEFAY,UPEFAY,296 K,Nc1[nH+]c(N)nc(n1)c1ccc(Br)cc1.OC(=O)CCCC(=O)[O-],P21,False,296.0,highT,Nc1[nH+]c(N)nc(n1)c1ccc(Br)cc1,OC(=O)CCCC(=O)[O-]
TIRNOY,TIRNOY,at 293 K,Nc1[nH+]cc(c(N)n1)c1cc(Cl)cc(Cl)c1Cl.CS(=O)(=O)[O-],C2/c,False,293.0,highT,Nc1[nH+]cc(c(N)n1)c1cc(Cl)cc(Cl)c1Cl,CS(=O)(=O)[O-]
PATYER,PATYER,293 K,OC(=O)c1cc(ccc1O)S(=O)(=O)[O-].[NH3+]C1=CNC(=O)NC1=O,P-1,False,293.0,highT,OC(=O)c1cc(ccc1O)S(=O)(=O)[O-],[NH3+]C1=CNC(=O)NC1=O
CAJVEP,CAJVEP,at 293 K,c1cc(ccn1)c1ccncc1.NC1=NC(=NC(=N1)N)N,C2/c,False,293.0,highT,c1cc(ccn1)c1ccncc1,NC1=NC(=NC(=N1)N)N
TARLAA,TARLAA,at 293 K,NC(N)=S.CCOC(=O)C(=O)OCC,P-1,False,293.0,highT,NC(N)=S,CCOC(=O)C(=O)OCC
XISWAA,XISWAA,293 K,Nc1ccc(cc1)C(=O)[O-].OCC[NH2+]CCO,P21/c,False,293.0,highT,Nc1ccc(cc1)C(=O)[O-],OCC[NH2+]CCO
KIKLEW,KIKLEW,at 298 K,Oc1[nH+]cccc1.O=N(=O)c1cc(c([O-])c(c1)N(=O)=O)N(=O)=O,P21/c,False,298.0,highT,Oc1[nH+]cccc1,O=N(=O)c1cc(c([O-])c(c1)N(=O)=O)N(=O)=O
PAVGOK,PAVGOK,at 298 K,N#Cc1ccncc1.OC(=O)C(O)=O,P-1,False,298.0,highT,N#Cc1ccncc1,OC(=O)C(O)=O
EZIDEX,EZIDEX,at 298 K,Oc1cccc(O)c1C(=O)[O-].CC1=[NH+]N=C2CN=C(c3ccccc3)c3cc(Cl)ccc3N12,P-1,False,298.0,highT,Oc1cccc(O)c1C(=O)[O-],CC1=[NH+]N=C2CN=C(c3ccccc3)c3cc(Cl)ccc3N12
NAXBEX,NAXBEX,293 K,O=N(=O)c1ccc([O-])cc1.[NH3+]Cc1ccccc1O,P-1,False,293.0,highT,O=N(=O)c1ccc([O-])cc1,[NH3+]Cc1ccccc1O
INEDIO,INEDIO,at 293 K,OCC1=CNC=[NH+]1.O=N(=O)c1cc(c([O-])c(c1)N(=O)=O)N(=O)=O,P21,False,293.0,highT,OCC1=CNC=[NH+]1,O=N(=O)c1cc(c([O-])c(c1)N(=O)=O)N(=O)=O
FOXCUT01,FOXCUT01,299.9 K,BrC1=C(Br)C(=O)C(=C(C#N)C1=O)C#N.Cc1ccc2Sc3c(C)cccc3c2c1,Cmc21,False,299.0,highT,BrC1=C(Br)C(=O)C(=C(C#N)C1=O)C#N,Cc1ccc2Sc3c(C)cccc3c2c1
KULSOA01,KULSOA01,at 294 K,OC1=C([O-])C(=O)C1=O.OC(O)c1cc[nH+]cc1,P-1,False,294.0,highT,OC1=C([O-])C(=O)C1=O,OC(O)c1cc[nH+]cc1
VELWUH,VELWUH,295 K,BrN1C(=O)c2ccccc2C1=O.Cc1cc(C)nc(C)c1,P21/n,False,295.0,highT,BrN1C(=O)c2ccccc2C1=O,Cc1cc(C)nc(C)c1
MUHKEI,MUHKEI,293 K,CC(C)=[NH+]O.ON1N=NN=C1C1=NN=NN1[O-],P-1,False,293.0,highT,CC(C)=[NH+]O,ON1N=NN=C1C1=NN=NN1[O-]
VORLOE,VORLOE,at 295 K,OC(=O)c1cccc(c1)C(O)=O.S(Sc1ccncc1)c1ccncc1,P21/c,False,295.0,highT,OC(=O)c1cccc(c1)C(O)=O,S(Sc1ccncc1)c1ccncc1
HASXUY,HASXUY,296 K,N1C2=NON=C2NC2=NON=C12.CN(C)C=O,C2/c,False,296.0,highT,N1C2=NON=C2NC2=NON=C12,CN(C)C=O
OROWEY,OROWEY,at 296 K,c1cc(ccn1)c1ccncc1.CC1=C(SCC(O)=O)C(=O)c2ccccc2C1=O,P21/n,False,296.0,highT,c1cc(ccn1)c1ccncc1,CC1=C(SCC(O)=O)C(=O)c2ccccc2C1=O
REQCOJ,REQCOJ,293.1 K,N#CC[P+](c1ccccc1)(c1ccccc1)c1ccccc1.O=N(=O)c1ccc(c(c1)N(=O)=O)S(=O)(=O)[O-],P-1,False,293.0,highT,N#CC[P+](c1ccccc1)(c1ccccc1)c1ccccc1,O=N(=O)c1ccc(c(c1)N(=O)=O)S(=O)(=O)[O-]
COZYEW,COZYEW,at 298 K,OC(=O)CCCC(O)=O.C(Cc1ccncc1)c1ccncc1,P21/c,False,298.0,highT,OC(=O)CCCC(O)=O,C(Cc1ccncc1)c1ccncc1
QINQEN,QINQEN,298.1 K,c1cc(ccn1)C=Cc1ccncc1.OB(O)c1ccccc1,P21/c,False,298.0,highT,c1cc(ccn1)C=Cc1ccncc1,OB(O)c1ccccc1
SAZXID,SAZXID,293.1 K,O=N(=O)C1=N[N-]C(=N1)N(=O)=O.C[N+]1=CN(CCO)C=C1,P-1,False,293.0,highT,O=N(=O)C1=N[N-]C(=N1)N(=O)=O,C[N+]1=CN(CCO)C=C1
LACWEU,LACWEU,298 K,N#Cc1ccncc1.Nc1ccc(C(O)=O)c(O)c1,C2/c,False,298.0,highT,N#Cc1ccncc1,Nc1ccc(C(O)=O)c(O)c1
IJOKEX,IJOKEX,at 293 K,O=C1N[N-]C(=O)c2ccccc12.[NH3+]CCN1CCNC(=O)C1,P21/c,False,293.0,highT,O=C1N[N-]C(=O)c2ccccc12,[NH3+]CCN1CCNC(=O)C1
RIRFOQ,RIRFOQ,293 K,CCCC(C(O)=O)[N+]12CCC(CC1)CC2.Clc1cc(cc(Cl)c1[O-])N(=O)=O,Pbca,False,293.0,highT,CCCC(C(O)=O)[N+]12CCC(CC1)CC2,Clc1cc(cc(Cl)c1[O-])N(=O)=O
CERLIY,CERLIY,293 K,FC(F)(F)C(=O)[O-].[NH3+]C(CNC1=CC=CC=CC1=O)C(O)=O,P1,False,293.0,highT,FC(F)(F)C(=O)[O-],[NH3+]C(CNC1=CC=CC=CC1=O)C(O)=O
OQIXAQ,OQIXAQ,273 K,c1cc(ccn1)C=Cc1ccncc1.Oc1cc(O)c2C(=O)C=C(Oc2c1)c1ccc(O)c(O)c1,P-1,False,273.0,highT,c1cc(ccn1)C=Cc1ccncc1,Oc1cc(O)c2C(=O)C=C(Oc2c1)c1ccc(O)c(O)c1
LOQYAU01,LOQYAU01,293 K,[2H][N+]([2H])(C)C.[2H]OC(=O)c1c(F)c(F)c(c(F)c1F)C(=O)[O-],P21/c,False,293.0,highT,[2H][N+]([2H])(C)C,[2H]OC(=O)c1c(F)c(F)c(c(F)c1F)C(=O)[O-]
UPAVUE,UPAVUE,298 K,FC1=C(F)C(C(=C(F)C1=C(C#N)C#N)F)=C(C#N)C#N.COc1ccc2SC3=C(Sc4ccc(OC)cc34)c2c1,P-1,False,298.0,highT,FC1=C(F)C(C(=C(F)C1=C(C#N)C#N)F)=C(C#N)C#N,COc1ccc2SC3=C(Sc4ccc(OC)cc34)c2c1
UMIMOS,UMIMOS,at 293 K,OC(=O)CCCCCCCCC(O)=O.c1cc(ccn1)N=Nc1ccncc1,P-1,False,293.0,highT,OC(=O)CCCCCCCCC(O)=O,c1cc(ccn1)N=Nc1ccncc1
VAJPOO,VAJPOO,293 K,c1cc(ccn1)c1ccncc1.OC(=O)c1ccc2cc(O)ccc2c1,P21/c,False,293.0,highT,c1cc(ccn1)c1ccncc1,OC(=O)c1ccc2cc(O)ccc2c1
NEBYEA,NEBYEA,at 293 K,Oc1ccc(Cl)cc1C(=O)[O-].COc1[nH+]c(N)nc(OC)c1,Pbca,False,293.0,highT,Oc1ccc(Cl)cc1C(=O)[O-],COc1[nH+]c(N)nc(OC)c1
IPUYID,IPUYID,298 K,NC(N)=O.COc1cc(cc(OC)c1O)C(O)=O,Cmce,False,298.0,highT,NC(N)=O,COc1cc(cc(OC)c1O)C(O)=O
SAVZOH,SAVZOH,293 K,CSC1=C(C#N)C(=O)N2CCCNC2=C1C(=O)c1ccc(Cl)cc1.CS(C)=O,P-1,False,293.0,highT,CSC1=C(C#N)C(=O)N2CCCNC2=C1C(=O)c1ccc(Cl)cc1,CS(C)=O
TAZMUF,TAZMUF,293 K,c1cnc2ncccc2c1.OB(O)c1ccc(cc1)B(O)O,P-1,False,293.0,highT,c1cnc2ncccc2c1,OB(O)c1ccc(cc1)B(O)O
NEBWEA,NEBWEA,293 K,O=N(=O)c1ccc(cc1)N1CC[NH2+]CC1.Cc1ccc(cc1)C(=O)[O-],P-1,False,293.0,highT,O=N(=O)c1ccc(cc1)N1CC[NH2+]CC1,Cc1ccc(cc1)C(=O)[O-]
CUFGIW,CUFGIW,296 K,FC(F)(F)S(=O)(=O)[O-].OC1=CC([N+]2=C1NC(=O)c1ccccc21)c1ccccc1,P21,False,296.0,highT,FC(F)(F)S(=O)(=O)[O-],OC1=CC([N+]2=C1NC(=O)c1ccccc21)c1ccccc1
WUXXUJ,WUXXUJ,at 293 K,O=C(CCC(=O)Nc1cc[nH+]cc1)Nc1cc[nH+]cc1.OC(=O)c1cc(cc(c1)C(=O)[O-])C(=O)[O-],P-1,False,293.0,highT,O=C(CCC(=O)Nc1cc[nH+]cc1)Nc1cc[nH+]cc1,OC(=O)c1cc(cc(c1)C(=O)[O-])C(=O)[O-]
ZAKSIQ,ZAKSIQ,296 K,OC(=O)c1ccccc1Cl.N#Cc1ccncc1,P-1,False,296.0,highT,OC(=O)c1ccccc1Cl,N#Cc1ccncc1
HOLHIC,HOLHIC,296 K,NC(N)=NC1=NC(=CS1)CSCCC(N)=NS(N)(=O)=O.OC(=O)CC(O)=O,P21/n,False,296.0,highT,NC(N)=NC1=NC(=CS1)CSCCC(N)=NS(N)(=O)=O,OC(=O)CC(O)=O
TIFSUW,TIFSUW,at 293 K,c1cnc2c(c1)ccc1ncccc21.OC(=O)CSCC(O)=O,C2/c,False,293.0,highT,c1cnc2c(c1)ccc1ncccc21,OC(=O)CSCC(O)=O
MULVUN,MULVUN,296 K,CC1=CC(=O)[N-]S(=O)(=O)O1.Nc1[nH+]cccc1O,P-1,False,296.0,highT,CC1=CC(=O)[N-]S(=O)(=O)O1,Nc1[nH+]cccc1O
ACUDAG,ACUDAG,292.5 K,OC(=O)c1ccc(cc1)C#N.NNC(=O)c1ccncc1,P-1,False,292.0,highT,OC(=O)c1ccc(cc1)C#N,NNC(=O)c1ccncc1
ZIPZEH,ZIPZEH,298 K,COc1cc(OC)nc(N)n1.COc1cc(C=CC(O)=O)cc(OC)c1OC,P-1,False,298.0,highT,COc1cc(OC)nc(N)n1,COc1cc(C=CC(O)=O)cc(OC)c1OC
YEXHOZ,YEXHOZ,at 296 K,CC(C)OS(=O)(=O)[O-].COC(=O)C([NH+]1CCC2=C(C1)C=CS2)c1ccccc1Cl,P212121,False,296.0,highT,CC(C)OS(=O)(=O)[O-],COC(=O)C([NH+]1CCC2=C(C1)C=CS2)c1ccccc1Cl
DUMJUS,DUMJUS,291.1 K,Nc1ccc(Cl)cc1C(=O)[O-].CC([NH+]1CCCC1)C(O)c1ccccc1,P212121,False,291.0,highT,Nc1ccc(Cl)cc1C(=O)[O-],CC([NH+]1CCCC1)C(O)c1ccccc1
JEZFUT,JEZFUT,293 K,OC(=O)C=CC(=O)[O-].NC1=[NH+]c2ccccc2O1,Pbca,False,293.0,highT,OC(=O)C=CC(=O)[O-],NC1=[NH+]c2ccccc2O1
LEPCIW,LEPCIW,270 K,CCCC(O)=O.c1cc(ccn1)N=Nc1ccncc1,P-1,False,270.0,highT,CCCC(O)=O,c1cc(ccn1)N=Nc1ccncc1
BAYQIF,BAYQIF,298 K,Cc1cccc2SC(=Nc12)N.COc1ccc(cc1OC)C(O)=O,P21/n,False,298.0,highT,Cc1cccc2SC(=Nc12)N,COc1ccc(cc1OC)C(O)=O
YIRLUK,YIRLUK,298.1 K,FC(F)(F)S(=O)(=O)[N-]S(=O)(=O)C(F)(F)F.Cc1ccc(O)c2[nH+]cccc12,P21/c,False,298.0,highT,FC(F)(F)S(=O)(=O)[N-]S(=O)(=O)C(F)(F)F,Cc1ccc(O)c2[nH+]cccc12
UKITUG,UKITUG,298 K,Cc1cccc2SC(=Nc12)N.OC(=O)CCCCCCCCC(O)=O,P21/n,False,298.0,highT,Cc1cccc2SC(=Nc12)N,OC(=O)CCCCCCCCC(O)=O
OBIDAF,OBIDAF,at 293 K,O=C1C[N+]2(CCOCC2)CCO1.O=N(=O)c1cc(c([O-])c(c1)N(=O)=O)N(=O)=O,P21/c,False,293.0,highT,O=C1C[N+]2(CCOCC2)CCO1,O=N(=O)c1cc(c([O-])c(c1)N(=O)=O)N(=O)=O
QOPMUF,QOPMUF,at 296 K,CS(C)=O.NC(=S)NN=Cc1c2ccccc2cc2ccccc12,P21,False,296.0,highT,CS(C)=O,NC(=S)NN=Cc1c2ccccc2cc2ccccc12
HARCAI,HARCAI,293.1 K,c1ccc(nc1)c1ccccn1.OC(=O)COc1ccc(Cl)cc1Cl,P21/n,False,293.0,highT,c1ccc(nc1)c1ccccn1,OC(=O)COc1ccc(Cl)cc1Cl
HEMDUB,HEMDUB,293 K,NC(N)=S.CC(=O)N1C=CN(C(C)=O)C(=C1C)C,P21/c,False,293.0,highT,NC(N)=S,CC(=O)N1C=CN(C(C)=O)C(=C1C)C
YEHWIT,YEHWIT,at 298 K,NC1=[NH+]c2ccccc2S1.COC(=O)c1c(Br)c(Br)c(Br)c(Br)c1C(=O)[O-],P21/c,False,298.0,highT,NC1=[NH+]c2ccccc2S1,COC(=O)c1c(Br)c(Br)c(Br)c(Br)c1C(=O)[O-]
TIVCOS,TIVCOS,at 293 K,c1ccc(nc1)c1nccnc1c1ccccn1.OC1=C(F)C(=O)C(=C(F)C1=O)O,C2/c,False,293.0,highT,c1ccc(nc1)c1nccnc1c1ccccn1,OC1=C(F)C(=O)C(=C(F)C1=O)O
FEXHOH,FEXHOH,at 273 K,OC(=O)CCCCCCCCC(O)=O.COc1ccc2N=C(N)Sc2c1,P21/n,False,273.0,highT,OC(=O)CCCCCCCCC(O)=O,COc1ccc2N=C(N)Sc2c1
ALABEU,ALABEU,at 295 K,OC(C(O)C(=O)[O-])C(O)=O.[NH3+]c1ccc(cc1)C(O)=O,P212121,False,295.0,highT,OC(C(O)C(=O)[O-])C(O)=O,[NH3+]c1ccc(cc1)C(O)=O
BIPCIQ,BIPCIQ,296.1 K,CNC(=O)NC.CCCNC(=O)NS(=O)(=O)c1ccc(Cl)cc1,P-1,False,296.0,highT,CNC(=O)NC,CCCNC(=O)NS(=O)(=O)c1ccc(Cl)cc1
FIDKOT,FIDKOT,at 293 K,c1cc(ccn1)c1ccncc1.Oc1ccc2ccccc2c1c1c(O)ccc2ccccc12,P21/n,False,293.0,highT,c1cc(ccn1)c1ccncc1,Oc1ccc2ccccc2c1c1c(O)ccc2ccccc12
SIYCEJ,SIYCEJ,at 293 K,OC(=O)c1cccc(c1)C(O)=O.Cc1cc(nc(N)n1)c1ccccc1,C2/c,False,293.0,highT,OC(=O)c1cccc(c1)C(O)=O,Cc1cc(nc(N)n1)c1ccccc1
XAQPEM,XAQPEM,at 296 K,OC(=O)CCC(=O)[O-].CCc1[nH+]c(C)ccc1O,P21/c,False,296.0,highT,OC(=O)CCC(=O)[O-],CCc1[nH+]c(C)ccc1O
LIQTIP,LIQTIP,at 273 K,c1cc(nc(c1)N1C=NN=C1)N1C=NN=C1.OC(=O)c1cc(cc(c1)C(O)=O)C(O)=O,P21/n,False,273.0,highT,c1cc(nc(c1)N1C=NN=C1)N1C=NN=C1,OC(=O)c1cc(cc(c1)C(O)=O)C(O)=O
LARXIO,LARXIO,293.1 K,O=C([O-])c1ccc(cc1)C(=O)[O-].CCC([NH2+]CC[NH2+]C(CC)CO)CO,P1,False,293.0,highT,O=C([O-])c1ccc(cc1)C(=O)[O-],CCC([NH2+]CC[NH2+]C(CC)CO)CO
QEDRIC,QEDRIC,at 293 K,[NH3+]CCO.Cc1ccc(cc1S(=O)(=O)[O-])N(=O)=O,P21/c,False,293.0,highT,[NH3+]CCO,Cc1ccc(cc1S(=O)(=O)[O-])N(=O)=O
ALIWEZ,ALIWEZ,293 K,S=C1NC(=S)[N-]C(=S)N1.[NH3+]C(CC1=C[NH+]=CN1)C(=O)[O-],P21,False,293.0,highT,S=C1NC(=S)[N-]C(=S)N1,[NH3+]C(CC1=C[NH+]=CN1)C(=O)[O-]
GUQKUA,GUQKUA,295 K,O=S(=O)([O-])c1cccc2c1cccc2S(=O)(=O)[O-].[NH3+]C(CC1=C[NH+]=CN1)C(O)=O,P32,False,295.0,highT,O=S(=O)([O-])c1cccc2c1cccc2S(=O)(=O)[O-],[NH3+]C(CC1=C[NH+]=CN1)C(O)=O
TAZKIR,TAZKIR,293 K,c1cnc2c(c1)ccc1cccnc21.OB(O)c1c(Br)cccc1Br,P21/c,False,293.0,highT,c1cnc2c(c1)ccc1cccnc21,OB(O)c1c(Br)cccc1Br
ULIZUM,ULIZUM,296 K,COc1cc(O)cc(O)c1.C(C=CN1C=CN=C1)=CN1C=CN=C1,P21/c,False,296.0,highT,COc1cc(O)cc(O)c1,C(C=CN1C=CN=C1)=CN1C=CN=C1
ENIKOE,ENIKOE,294 K,c1cc(ccn1)C=Cc1ccncc1.OC(=O)CCC#C,P-1,False,294.0,highT,c1cc(ccn1)C=Cc1ccncc1,OC(=O)CCC#C
HOCCEJ,HOCCEJ,at 298 K,c1cc(ccn1)c1ccncc1.CC(=O)NS(=O)(=O)c1ccc(N)cc1,P21/n,False,298.0,highT,c1cc(ccn1)c1ccncc1,CC(=O)NS(=O)(=O)c1ccc(N)cc1
TAZWUN,TAZWUN,at 298 K,OC(=O)c1ccccc1.NC1=NC(=O)NC=C1,P21/c,False,298.0,highT,OC(=O)c1ccccc1,NC1=NC(=O)NC=C1
YECXOX,YECXOX,298 K,OC(=O)c1ccc(O)cc1O.CN1C(=O)N(C)C2=C(N(CC(O)=O)C=N2)C1=O,P21/n,False,298.0,highT,OC(=O)c1ccc(O)cc1O,CN1C(=O)N(C)C2=C(N(CC(O)=O)C=N2)C1=O
LANLAO,LANLAO,at 293 K,COc1cc(ccc1O)C=Cc1cc[n+](C)cc1.Brc1ccc(cc1)S(=O)(=O)[O-],P-1,False,293.0,highT,COc1cc(ccc1O)C=Cc1cc[n+](C)cc1,Brc1ccc(cc1)S(=O)(=O)[O-]
KIHYIK,KIHYIK,at 293 K,c1cc(ccn1)C=Cc1ccncc1.Oc1ccc(cc1)C#N,P21/c,False,293.0,highT,c1cc(ccn1)C=Cc1ccncc1,Oc1ccc(cc1)C#N
LOQVOF01,LOQVOF01,293 K,[2H]OC(=O)c1c(F)c(F)c(c(F)c1F)C(=O)[O-].[2H][N+](C)(CC)CC,P-1,False,293.0,highT,[2H]OC(=O)c1c(F)c(F)c(c(F)c1F)C(=O)[O-],[2H][N+](C)(CC)CC
SOHDEZ,SOHDEZ,at 295 K,CC(=O)Nc1c[n+](N)ccn1.Cc1cc(C)c(c(C)c1)S(=O)(=O)[O-],Pbcn,False,295.0,highT,CC(=O)Nc1c[n+](N)ccn1,Cc1cc(C)c(c(C)c1)S(=O)(=O)[O-]
PRMESA10,PRMESA10,at -18 deg.C,CCS(=O)(=O)[O-].Cc1[nH+]c(N)nc(N)c1c1ccc(Cl)c(Cl)c1,P-1,False,291.0,highT,CCS(=O)(=O)[O-],Cc1[nH+]c(N)nc(N)c1c1ccc(Cl)c(Cl)c1
PAXTIS,PAXTIS,at 293 K,c1cc(ccn1)c1ccncc1.OB(O)c1ccc(cc1)C(O)=O,P1,False,293.0,highT,c1cc(ccn1)c1ccncc1,OB(O)c1ccc(cc1)C(O)=O
PEJGIY,PEJGIY,293 K,Oc1ccccc1C=NCCN1CC[NH2+]CC1.CC(=O)[O-],P21/c,False,293.0,highT,Oc1ccccc1C=NCCN1CC[NH2+]CC1,CC(=O)[O-]
NAKZIL,NAKZIL,296 K,CC(C)=NNC(=O)c1ccncc1.Nc1cccc(c1)C(O)=O,P21/c,False,296.0,highT,CC(C)=NNC(=O)c1ccncc1,Nc1cccc(c1)C(O)=O
APEGEJ,APEGEJ,293 K,c1ccncc1.Oc1cc(O)c(Cl)cc1Cl,Pbca,False,293.0,highT,c1ccncc1,Oc1cc(O)c(Cl)cc1Cl
ABAMAV,ABAMAV,293 K,OC(CC(O)=O)C(=O)[O-].Fc1ccc(F)c(c1)C1[NH2+]CCC1,P21,False,293.0,highT,OC(CC(O)=O)C(=O)[O-],Fc1ccc(F)c(c1)C1[NH2+]CCC1
RAHHEN,RAHHEN,at 298 K,OC(=O)C(C1=CC=CS1)C1=CC=CS1.c1ccc2c(c1)cnc1ccccc21,P-1,False,298.0,highT,OC(=O)C(C1=CC=CS1)C1=CC=CS1,c1ccc2c(c1)cnc1ccccc21
KESKOM,KESKOM,293 K,Oc1cccc2ccc[nH+]c12.O=C([O-])c1ccccc1N(=O)=O,P21/n,False,293.0,highT,Oc1cccc2ccc[nH+]c12,O=C([O-])c1ccccc1N(=O)=O
HOSMAF,HOSMAF,at 293 K,[NH2+]=C1NC(=O)N(C=C1)C1CSC(CO)O1.OC(C(=O)[O-])c1ccccc1,P212121,False,293.0,highT,[NH2+]=C1NC(=O)N(C=C1)C1CSC(CO)O1,OC(C(=O)[O-])c1ccccc1
MIYLOV,MIYLOV,at 250.0 K,[NH3+]CCc1ccc(O)c(O)c1.O=C([O-])c1cc(cc(c1)N(=O)=O)N(=O)=O,P-1,False,250.0,highT,[NH3+]CCc1ccc(O)c(O)c1,O=C([O-])c1cc(cc(c1)N(=O)=O)N(=O)=O
PEHFUF,PEHFUF,at 293 K,OC(=O)C=Cc1ccc(O)cc1.NNC(=O)c1ccncc1,P21/n,False,293.0,highT,OC(=O)C=Cc1ccc(O)cc1,NNC(=O)c1ccncc1
ACESEI,ACESEI,at 298 K,OC(=O)C(O)=O.CN1N=NC2=C(N=CN2C1=O)C(N)=O,C2/c,False,298.0,highT,OC(=O)C(O)=O,CN1N=NC2=C(N=CN2C1=O)C(N)=O
MUSSUR,MUSSUR,293 K,COc1cc(C#N)c(cc1OC)c1ccc(O)cc1.OC(C(F)(F)F)C(F)(F)F,P-1,False,293.0,highT,COc1cc(C#N)c(cc1OC)c1ccc(O)cc1,OC(C(F)(F)F)C(F)(F)F
KOFFOB,KOFFOB,at 298 K,O=P(c1ccccc1)(c1ccccc1)c1ccccc1.CC1=NN(C(=C1)C)c1ccc(Cl)c(n1)C(O)=O,P21/c,False,298.0,highT,O=P(c1ccccc1)(c1ccccc1)c1ccccc1,CC1=NN(C(=C1)C)c1ccc(Cl)c(n1)C(O)=O
DEQFUD,DEQFUD,296 K,NS(=O)(=O)c1cc2c(NC[NH2+]S2(=O)=O)cc1Cl.O=C([O-])c1cccnc1,P212121,False,296.0,highT,NS(=O)(=O)c1cc2c(NC[NH2+]S2(=O)=O)cc1Cl,O=C([O-])c1cccnc1
SUGFAD,SUGFAD,295 K,OC(=O)c1cccc(c1C(=O)[O-])N(=O)=O.Oc1cccc2ccc[nH+]c12,P21/c,False,295.0,highT,OC(=O)c1cccc(c1C(=O)[O-])N(=O)=O,Oc1cccc2ccc[nH+]c12
KULSOA,KULSOA,at 294 K,OC1=C([O-])C(=O)C1=O.OC(O)c1cc[nH+]cc1,P21/c,False,294.0,highT,OC1=C([O-])C(=O)C1=O,OC(O)c1cc[nH+]cc1
KAXMIJ,KAXMIJ,296.6 K,OC(=O)CCC(=O)C(=O)[O-].COc1cc(Cc2c[nH+]c(N)nc2N)cc(OC)c1OC,P-1,False,296.0,highT,OC(=O)CCC(=O)C(=O)[O-],COc1cc(Cc2c[nH+]c(N)nc2N)cc(OC)c1OC
ZIPCOT,ZIPCOT,294 K,OC1=C([O-])C(=O)C1=O.[NH3+]C(CC(C)C)C(O)=O,P21,False,294.0,highT,OC1=C([O-])C(=O)C1=O,[NH3+]C(CC(C)C)C(O)=O
GAZRUY,GAZRUY,273.1 K,[NH3+]c1ccc(cc1)C(=O)OCC.OC(=O)c1cc(cc(c1[O-])N(=O)=O)N(=O)=O,P21,False,273.0,highT,[NH3+]c1ccc(cc1)C(=O)OCC,OC(=O)c1cc(cc(c1[O-])N(=O)=O)N(=O)=O
HOJLIC,HOJLIC,at 295 K,NC(N)=O.O=C1NCCN1,P-1,False,295.0,highT,NC(N)=O,O=C1NCCN1
PAZFUS,PAZFUS,at 294 K,[NH3+]C(C)C(N)=O.OC1=C([O-])C(=O)C1=O,P21,False,294.0,highT,[NH3+]C(C)C(N)=O,OC1=C([O-])C(=O)C1=O
FIWJIF,FIWJIF,at 295 K,OC(C(O)C(=O)[O-])C(=O)[O-].NC1=[NH+]C(=CS1)C1=CSC(=[NH+]1)N,P3221,False,295.0,highT,OC(C(O)C(=O)[O-])C(=O)[O-],NC1=[NH+]C(=CS1)C1=CSC(=[NH+]1)N
LONDOJ,LONDOJ,at 293 K,Oc1cccc2ccc[nH+]c12.O=C([O-])c1cc(cc(c1)N(=O)=O)N(=O)=O,P21,False,293.0,highT,Oc1cccc2ccc[nH+]c12,O=C([O-])c1cc(cc(c1)N(=O)=O)N(=O)=O
WETZAZ,WETZAZ,296 K,OC(C(O)C(=O)[O-])C(O)=O.NNC(=O)c1cc[nH+]cc1,P212121,False,296.0,highT,OC(C(O)C(=O)[O-])C(O)=O,NNC(=O)c1cc[nH+]cc1
VAHHEU,VAHHEU,295 K,O=C([O-])C1=Cc2ccccc2OC1=O.C[NH2+]C1CCC(c2ccc(Cl)c(Cl)c2)c2ccccc12,P21,False,295.0,highT,O=C([O-])C1=Cc2ccccc2OC1=O,C[NH2+]C1CCC(c2ccc(Cl)c(Cl)c2)c2ccccc12
AFIJOQ,AFIJOQ,295 K,c1cnc2c(c1)ccc1cccnc21.OB(O)O,P-1,False,295.0,highT,c1cnc2c(c1)ccc1cccnc21,OB(O)O
KEXBAR,KEXBAR,at 298 K,Oc1ccc(cc1)c1ccc(O)cc1.Nc1ccccn1,P21/c,False,298.0,highT,Oc1ccc(cc1)c1ccc(O)cc1,Nc1ccccn1
REXNAL,REXNAL,at 293 K,OC(=O)c1c(F)c(F)c(C(O)=O)c(F)c1F.O1C(=NN=C1c1ccncc1)c1ccncc1,P2/c,False,293.0,highT,OC(=O)c1c(F)c(F)c(C(O)=O)c(F)c1F,O1C(=NN=C1c1ccncc1)c1ccncc1
XOTBIT,XOTBIT,at 293 K,[NH3+]c1c(Br)cc(Br)cc1CNC1CCC(O)CC1.Oc1cccc(c1)C(=O)[O-],P21/n,False,293.0,highT,[NH3+]c1c(Br)cc(Br)cc1CNC1CCC(O)CC1,Oc1cccc(c1)C(=O)[O-]
XOMZOQ,XOMZOQ,at 296 K,Cc1cc(C)nc(N)n1.OC(=O)C1=CC=C(S1)C(O)=O,P21/c,False,296.0,highT,Cc1cc(C)nc(N)n1,OC(=O)C1=CC=C(S1)C(O)=O
QOLSAM01,QOLSAM01,293 K,C1=CN(C=N1)c1ccc(cc1)N1C=CN=C1.OC(=O)c1ccc(cc1)C(O)=O,P-1,False,293.0,highT,C1=CN(C=N1)c1ccc(cc1)N1C=CN=C1,OC(=O)c1ccc(cc1)C(O)=O
XIJXIB,XIJXIB,293 K,Cc1nc(C)c(C)nc1C.OC(=O)c1cc(O)c(O)c(O)c1,P-1,False,293.0,highT,Cc1nc(C)c(C)nc1C,OC(=O)c1cc(O)c(O)c(O)c1
LEFZIH,LEFZIH,at 296 K,Clc1ccc(cc1)C(N1CC[NH2+]CC1)c1ccccc1.O=N(=O)c1cc(c([O-])c(c1)N(=O)=O)N(=O)=O,C2/c,False,296.0,highT,Clc1ccc(cc1)C(N1CC[NH2+]CC1)c1ccccc1,O=N(=O)c1cc(c([O-])c(c1)N(=O)=O)N(=O)=O
EFOZAB01,EFOZAB01,at 293 K,NC(N)=O.O=C1CC(=O)NC(=O)N1,Cc,False,293.0,highT,NC(N)=O,O=C1CC(=O)NC(=O)N1
XABMEV,XABMEV,293 K,[NH2+]=C1NC=CS1.Oc1ccc(O)c(c1)C(=O)[O-],I41/a,False,293.0,highT,[NH2+]=C1NC=CS1,Oc1ccc(O)c(c1)C(=O)[O-]
YUGZEI,YUGZEI,293.1 K,CCc1[nH+]c(N)nc(N)c1c1ccc(Cl)cc1.O=C([O-])c1ccccc1,P21/c,False,293.0,highT,CCc1[nH+]c(N)nc(N)c1c1ccc(Cl)cc1,O=C([O-])c1ccccc1
GECZIZ,GECZIZ,at 295 K,FC(F)(F)C(=O)[O-].BrC1=CC=C(S1)C1NC=[NH+]C=C1Br,P21/c,False,295.0,highT,FC(F)(F)C(=O)[O-],BrC1=CC=C(S1)C1NC=[NH+]C=C1Br
FIDCIG,FIDCIG,293 K,OC(=O)CCC(O)=O.NC(=NO)c1ccccn1,P21/c,False,293.0,highT,OC(=O)CCC(O)=O,NC(=NO)c1ccccn1
SALQIG,SALQIG,at 296.2 K,Cc1ccc(cc1)S(=O)(=O)[O-].Nc1[nH+]cccc1N(=O)=O,Pna21,False,296.0,highT,Cc1ccc(cc1)S(=O)(=O)[O-],Nc1[nH+]cccc1N(=O)=O
ADIHOL,ADIHOL,at 295 K,FC(F)(F)C(=O)[O-].[NH3+]C(CCCNC(N)=[NH2+])C(=O)[O-],P21,False,295.0,highT,FC(F)(F)C(=O)[O-],[NH3+]C(CCCNC(N)=[NH2+])C(=O)[O-]
RIGHUO,RIGHUO,293 K,O=N(=O)c1ccc([O-])cc1.C[N+]1=C(N)NC(=O)C1,P-1,False,293.0,highT,O=N(=O)c1ccc([O-])cc1,C[N+]1=C(N)NC(=O)C1
TIJCAU,TIJCAU,293 K,C=CCNC(=S)NN=Cc1[nH+]cccc1.NS(=O)(=O)[O-],P212121,False,293.0,highT,C=CCNC(=S)NN=Cc1[nH+]cccc1,NS(=O)(=O)[O-]
HIBGOP,HIBGOP,at 298 K,OC(=O)c1c(F)c(F)c(F)c(F)c1F.NC(=O)c1c(F)c(F)c(F)c(F)c1F,Pbca,False,298.0,highT,OC(=O)c1c(F)c(F)c(F)c(F)c1F,NC(=O)c1c(F)c(F)c(F)c(F)c1F
AYIKUR,AYIKUR,293 K,CN(C)C(C)=O.Cc1c(Cl)cccc1Nc1ncccc1C(O)=O,P21/c,False,293.0,highT,CN(C)C(C)=O,Cc1c(Cl)cccc1Nc1ncccc1C(O)=O
GEXYAN,GEXYAN,293 K,c1ccc(nc1)c1nnc(nn1)c1ccccn1.Oc1c(Br)cc(Br)cc1Br,P-1,False,293.0,highT,c1ccc(nc1)c1nnc(nn1)c1ccccn1,Oc1c(Br)cc(Br)cc1Br
LOQWAS01,LOQWAS01,293 K,[2H][N+](CCC)(CCC)CCC.[2H]OC(=O)c1c(F)c(F)c(c(F)c1F)C(=O)[O-],P-1,False,293.0,highT,[2H][N+](CCC)(CCC)CCC,[2H]OC(=O)c1c(F)c(F)c(c(F)c1F)C(=O)[O-]
SOVMOF,SOVMOF,at 273 K,OC(=O)CCCC(O)=O.Nc1cc(N)nc(N)n1,C2/c,False,273.0,highT,OC(=O)CCCC(O)=O,Nc1cc(N)nc(N)n1
ORETIP,ORETIP,at 298 K,O=C1[N-]S(=O)(=O)c2ccccc12.NC1=[NH+]C(=CS1)c1ccccc1,P-1,False,298.0,highT,O=C1[N-]S(=O)(=O)c2ccccc12,NC1=[NH+]C(=CS1)c1ccccc1
SEKHIA,SEKHIA,at 298 K,[NH3+]C(C)(C)CC(C)(C)N(=O)=O.O=N(=O)c1cc(c([O-])c(c1)N(=O)=O)N(=O)=O,P-1,False,298.0,highT,[NH3+]C(C)(C)CC(C)(C)N(=O)=O,O=N(=O)c1cc(c([O-])c(c1)N(=O)=O)N(=O)=O
VEKPOR,VEKPOR,at 295 K,CC1=NN=C2N1N=C(N)N(CC=C)C2=O.CS(C)=O,P21/n,False,295.0,highT,CC1=NN=C2N1N=C(N)N(CC=C)C2=O,CS(C)=O
GADGUN09,GADGUN09,293 K,Oc1c(Cl)c(Cl)c(Cl)c(Cl)c1Cl.Cc1ccncc1,Cc,False,293.0,highT,Oc1c(Cl)c(Cl)c(Cl)c(Cl)c1Cl,Cc1ccncc1
YEFXOX,YEFXOX,at 298 K,[NH3+]CCCCC([NH3+])C(=O)[O-].OC(=O)CCCCC(=O)[O-],P21,False,298.0,highT,[NH3+]CCCCC([NH3+])C(=O)[O-],OC(=O)CCCCC(=O)[O-]
USOBOU,USOBOU,at 298 K,N#Cc1ccncc1.Cc1ccc(cc1)C(O)=O,C2/c,False,298.0,highT,N#Cc1ccncc1,Cc1ccc(cc1)C(O)=O
EZEHEY,EZEHEY,296 K,CCc1[nH+]ccc(c1)C(N)=S.O=C([O-])c1ccc(cc1N(=O)=O)N(=O)=O,P-1,False,296.0,highT,CCc1[nH+]ccc(c1)C(N)=S,O=C([O-])c1ccc(cc1N(=O)=O)N(=O)=O
BAHLEC,BAHLEC,at 293 K,OC(=O)C=CC(=O)[O-].C[N+](C)(C)CC(O)=O,Pnma,False,293.0,highT,OC(=O)C=CC(=O)[O-],C[N+](C)(C)CC(O)=O
EZAPUT,EZAPUT,293 K,OC(=O)C=CC(=O)[O-].COc1[nH+]c(N)nc(OC)c1,P-1,False,293.0,highT,OC(=O)C=CC(=O)[O-],COc1[nH+]c(N)nc(OC)c1
KEBLAG,KEBLAG,at 296 K,c1ccncc1.Oc1ccc(N2C(=O)c3ccccc3C2=O)c(c1)C(O)=O,P-1,False,296.0,highT,c1ccncc1,Oc1ccc(N2C(=O)c3ccccc3C2=O)c(c1)C(O)=O
NOLBIC,NOLBIC,298 K,NS(=O)(=O)c1cc(C(O)=O)c(NCC2=CC=CO2)cc1Cl.O=C1CCCCN1,P21/n,False,298.0,highT,NS(=O)(=O)c1cc(C(O)=O)c(NCC2=CC=CO2)cc1Cl,O=C1CCCCN1
BEWMEY,BEWMEY,296 K,FC(F)(F)S(=O)(=O)[O-].C[N+]1=C(C)N(C=C1)S(F)(=O)=O,P21/n,False,296.0,highT,FC(F)(F)S(=O)(=O)[O-],C[N+]1=C(C)N(C=C1)S(F)(=O)=O
JEPYOV,JEPYOV,298 K,CN(C)C=O.Cc1cc(C)nc(NS(=O)(=O)c2ccc(N)cc2)n1,P21/n,False,298.0,highT,CN(C)C=O,Cc1cc(C)nc(NS(=O)(=O)c2ccc(N)cc2)n1
VATXOF,VATXOF,at 293 K,Nc1ccc(C(O)=O)c(O)c1.C(Cc1ccncc1)c1ccncc1,P-1,False,293.0,highT,Nc1ccc(C(O)=O)c(O)c1,C(Cc1ccncc1)c1ccncc1
BAYPOK,BAYPOK,298 K,Cc1ccc(cc1)S(=O)(=O)[O-].Cc1cccc2SC(=[NH2+])Nc12,C2/c,False,298.0,highT,Cc1ccc(cc1)S(=O)(=O)[O-],Cc1cccc2SC(=[NH2+])Nc12
VECJOD,VECJOD,at 296.2 K,[NH3+]CCC1CCc2ccc3OCCc3c12.OC(CC(O)=O)C(=O)[O-],P212121,False,296.0,highT,[NH3+]CCC1CCc2ccc3OCCc3c12,OC(CC(O)=O)C(=O)[O-]
PESROV01,PESROV01,at 294 K,OC(=O)c1cccc(c1)C(O)=O.N1N=C(NN=C1c1cnccn1)c1cnccn1,Pnna,False,294.0,highT,OC(=O)c1cccc(c1)C(O)=O,N1N=C(NN=C1c1cnccn1)c1cnccn1
EFAWUF,EFAWUF,at 293 K,OC(=O)c1ccc(cc1)C(O)=O.c1ccc(C=Cc2ccncc2)nc1,P21/n,False,293.0,highT,OC(=O)c1ccc(cc1)C(O)=O,c1ccc(C=Cc2ccncc2)nc1
EZAREF,EZAREF,293 K,Oc1cc(cc(O)c1O)C(=O)[O-].COc1[nH+]c(N)nc(OC)c1,P-1,False,293.0,highT,Oc1cc(cc(O)c1O)C(=O)[O-],COc1[nH+]c(N)nc(OC)c1
LIDVAW,LIDVAW,at 298 K,c1cc(ccn1)c1ccncc1.Cc1ccc(cc1)S(=O)(=O)NCC(O)=O,P21/c,False,298.0,highT,c1cc(ccn1)c1ccncc1,Cc1ccc(cc1)S(=O)(=O)NCC(O)=O
MENQIJ,MENQIJ,294 K,Nc1ccc(Cl)cn1.Cc1ccc(cc1)C(O)=O,P21/c,False,294.0,highT,Nc1ccc(Cl)cn1,Cc1ccc(cc1)C(O)=O
UHAYIL,UHAYIL,at 293 K,O=C[O-].CCc1[nH+]c(N)nc(N)c1c1ccc(Cl)cc1,P21/n,False,293.0,highT,O=C[O-],CCc1[nH+]c(N)nc(N)c1c1ccc(Cl)cc1
COXGUS01,COXGUS01,298 K,[NH3+]c1ccc(cc1)C(O)=O.OC(=O)c1cccc(c1C(=O)[O-])N(=O)=O,P21/c,False,298.0,highT,[NH3+]c1ccc(cc1)C(O)=O,OC(=O)c1cccc(c1C(=O)[O-])N(=O)=O
ZEFTUB,ZEFTUB,at 293 K,OC(=O)c1ccc(O)cc1.Cc1nccnc1C,P-1,False,293.0,highT,OC(=O)c1ccc(O)cc1,Cc1nccnc1C
QAWTEQ,QAWTEQ,293 K,[NH3+]CC(O)=O.NC(=O)NC(=O)C(=O)[O-],P21/c,False,293.0,highT,[NH3+]CC(O)=O,NC(=O)NC(=O)C(=O)[O-]
VEJZUI,VEJZUI,300 K,NC(=O)N1c2ccccc2C=Cc2ccccc12.NS(=O)(=O)c1cc2c(NC=NS2(=O)=O)cc1Cl,Pca21,False,300.0,highT,NC(=O)N1c2ccccc2C=Cc2ccccc12,NS(=O)(=O)c1cc2c(NC=NS2(=O)=O)cc1Cl
VEKBAR,VEKBAR,298.5 K,C1N2CN3CN1CN(C2)C3.NS(=O)(=O)c1cc2c(NC=NS2(=O)=O)cc1Cl,P21/c,False,298.0,highT,C1N2CN3CN1CN(C2)C3,NS(=O)(=O)c1cc2c(NC=NS2(=O)=O)cc1Cl
REPFEX,REPFEX,at 293 K,[NH3+]C(C(C)O)C(O)=O.OC(=O)C(=O)[O-],P21/n,False,293.0,highT,[NH3+]C(C(C)O)C(O)=O,OC(=O)C(=O)[O-]
SEYWUP,SEYWUP,at 293 K,[NH3+]CC(O)=O.Cc1ccc(cc1)S(=O)(=O)[O-],Pbca,False,293.0,highT,[NH3+]CC(O)=O,Cc1ccc(cc1)S(=O)(=O)[O-]
POXJAQ,POXJAQ,296 K,Cc1ccc(cc1)S(=O)(=O)[O-].C[n+]1ccc(cc1)C=Cc1ccccc1O,P21/n,False,296.0,highT,Cc1ccc(cc1)S(=O)(=O)[O-],C[n+]1ccc(cc1)C=Cc1ccccc1O
DUTTOC,DUTTOC,at 296 K,CCc1[nH+]c(N)nc(N)c1c1ccc(Cl)cc1.O=S(=O)([O-])c1cccnc1,P-1,False,296.0,highT,CCc1[nH+]c(N)nc(N)c1c1ccc(Cl)cc1,O=S(=O)([O-])c1cccnc1
ZAPTET,ZAPTET,298 K,OC1=C(Br)C(=O)C(=C(Br)C1=O)O.O=C1CCCN1,P-1,False,298.0,highT,OC1=C(Br)C(=O)C(=C(Br)C1=O)O,O=C1CCCN1
GUPCEC,GUPCEC,293 K,Brc1ccccc1C(=O)[O-].Fc1ccc(cc1)N1CC[NH2+]CC1,P-1,False,293.0,highT,Brc1ccccc1C(=O)[O-],Fc1ccc(cc1)N1CC[NH2+]CC1
CONVAD,CONVAD,at 293 K,[NH3+]C(CCCCN)C(O)=O.OC1=C([O-])C(=O)C1=O,P1,False,293.0,highT,[NH3+]C(CCCCN)C(O)=O,OC1=C([O-])C(=O)C1=O
CUMNEE,CUMNEE,at 293 K,c1cc(ccn1)C=Cc1ccncc1.OC(=O)c1cccc(C(O)=O)c1c1c(cccc1C(O)=O)C(O)=O,C2/c,False,293.0,highT,c1cc(ccn1)C=Cc1ccncc1,OC(=O)c1cccc(C(O)=O)c1c1c(cccc1C(O)=O)C(O)=O
TAZXAU,TAZXAU,at 298 K,NC1=[NH+]C(=O)NC=C1.OC(=O)c1cccc(c1)C(=O)[O-],P-1,False,298.0,highT,NC1=[NH+]C(=O)NC=C1,OC(=O)c1cccc(c1)C(=O)[O-]
RACFUA,RACFUA,293 K,COS(=O)(=O)[O-].COC(=O)NC1=[NH+]c2cc(ccc2N1)C(=O)c1ccccc1,P-1,False,293.0,highT,COS(=O)(=O)[O-],COC(=O)NC1=[NH+]c2cc(ccc2N1)C(=O)c1ccccc1
SOVHEQ,SOVHEQ,at 273 K,c1cc(ccn1)c1ccncc1.OC(=O)CCSCCC(O)=O,P2/n,False,273.0,highT,c1cc(ccn1)c1ccncc1,OC(=O)CCSCCC(O)=O
LUZQEC,LUZQEC,at 296.2 K,FC(F)(F)S(=O)(=O)[O-].C[n+]1ccc(Sc2ccncc2)cc1,P-1,False,296.0,highT,FC(F)(F)S(=O)(=O)[O-],C[n+]1ccc(Sc2ccncc2)cc1
WIWBOV,WIWBOV,at 293 K,c1ccc(nc1)c1nnc(nn1)c1ccccn1.OC(=O)c1c(Br)c(Br)c(C(O)=O)c(Br)c1Br,P-1,False,293.0,highT,c1ccc(nc1)c1nnc(nn1)c1ccccn1,OC(=O)c1c(Br)c(Br)c(C(O)=O)c(Br)c1Br
AHEROU,AHEROU,at 293 K,Oc1c(cc(cc1N(=O)=O)N(=O)=O)C(=O)[O-].O[NH+]=Cc1ccccc1O,P21/n,False,293.0,highT,Oc1c(cc(cc1N(=O)=O)N(=O)=O)C(=O)[O-],O[NH+]=Cc1ccccc1O
KIHXUV,KIHXUV,at 298 K,Oc1ccc(cc1)C#N.c1ccc(cc1)c1ccncc1,C2/c,False,298.0,highT,Oc1ccc(cc1)C#N,c1ccc(cc1)c1ccncc1
VAYGIM,VAYGIM,at 293 K,CC[N+](C)(CC)OC1CCC(O)CC1.FC(F)(F)S(=O)(=O)[O-],P21/n,False,293.0,highT,CC[N+](C)(CC)OC1CCC(O)CC1,FC(F)(F)S(=O)(=O)[O-]
KUFBIY,KUFBIY,293 K,Oc1cc2C(=O)Oc3c(O)c(O)cc4C(=O)Oc(c1O)c2c34.CNC,P-1,False,293.0,highT,Oc1cc2C(=O)Oc3c(O)c(O)cc4C(=O)Oc(c1O)c2c34,CNC
XOTYUB,XOTYUB,at 295 K,CCOc1ccc(cc1)C(O)=O.c1cc(ccn1)c1ccncc1,P21,False,295.0,highT,CCOc1ccc(cc1)C(O)=O,c1cc(ccn1)c1ccncc1
DATFEL,DATFEL,at 293 K,CC(=O)NC1=NN=C(S1)S(N)(=O)=O.NC(=O)c1ccccc1O,P-1,False,293.0,highT,CC(=O)NC1=NN=C(S1)S(N)(=O)=O,NC(=O)c1ccccc1O
NIKYAK,NIKYAK,293 K,c1cc(ccn1)c1ccncc1.Oc1ccc(cc1)C1=C(O)C(=O)c2c(O)cc(O)cc2O1,P-1,False,293.0,highT,c1cc(ccn1)c1ccncc1,Oc1ccc(cc1)C1=C(O)C(=O)c2c(O)cc(O)cc2O1
PAHCIL,PAHCIL,at 293 K,[NH3+]C(C(C)C)C(O)=O.O=N(=O)c1cc(c([O-])c(c1)N(=O)=O)N(=O)=O,P21/n,False,293.0,highT,[NH3+]C(C(C)C)C(O)=O,O=N(=O)c1cc(c([O-])c(c1)N(=O)=O)N(=O)=O
TUMWOP,TUMWOP,296 K,C[NH+]1C2CCC1CC(=O)C2.O=C([O-])c1ccc(cc1)N(=O)=O,P21/n,False,296.0,highT,C[NH+]1C2CCC1CC(=O)C2,O=C([O-])c1ccc(cc1)N(=O)=O
GAZSIN,GAZSIN,298 K,CC1=C[NH+]=C(N)S1.Clc1ccc(OCC(=O)[O-])cc1,P21/c,False,298.0,highT,CC1=C[NH+]=C(N)S1,Clc1ccc(OCC(=O)[O-])cc1
GESREF,GESREF,295 K,NC1=N[N+]2(CCSCC2)CC1.Cc1ccc(cc1)S(=O)(=O)[O-],P-1,False,295.0,highT,NC1=N[N+]2(CCSCC2)CC1,Cc1ccc(cc1)S(=O)(=O)[O-]
DOCWOK,DOCWOK,298 K,O=C(CN1C=[NH+]C=C1)c1ccccc1.O=C([O-])c1cc(cc(c1)N(=O)=O)N(=O)=O,P212121,False,298.0,highT,O=C(CN1C=[NH+]C=C1)c1ccccc1,O=C([O-])c1cc(cc(c1)N(=O)=O)N(=O)=O
LOQZEZ01,LOQZEZ01,293 K,[2H]OC(=O)c1c(F)c(F)c(c(F)c1F)C(=O)[O-].[2H][N+]([2H])([2H])CCCOC,P21/c,False,293.0,highT,[2H]OC(=O)c1c(F)c(F)c(c(F)c1F)C(=O)[O-],[2H][N+]([2H])([2H])CCCOC
YOCZIB,YOCZIB,at 293 K,OC(=O)c1c(F)c(F)c(C(O)=O)c(F)c1F.Cc1cncc(C)n1,P-1,False,293.0,highT,OC(=O)c1c(F)c(F)c(C(O)=O)c(F)c1F,Cc1cncc(C)n1
CUZLUH,CUZLUH,294 K,CC(=O)NC(=S)NC(C)=O.CC(=O)NC(N)=S,P-1,False,294.0,highT,CC(=O)NC(=S)NC(C)=O,CC(=O)NC(N)=S
ZEYLEW,ZEYLEW,at 298 K,OC(=O)C12CC3CC(C1)CC(C3)(C2)C(=O)[O-].[NH2+]=C1NC(=O)NC=C1,P-1,False,298.0,highT,OC(=O)C12CC3CC(C1)CC(C3)(C2)C(=O)[O-],[NH2+]=C1NC(=O)NC=C1
GALBIF,GALBIF,at 298 K,OC(=O)CCC(O)=O.c1cc(ccn1)N=Nc1ccncc1,P-1,False,298.0,highT,OC(=O)CCC(O)=O,c1cc(ccn1)N=Nc1ccncc1
YIVZIP,YIVZIP,296 K,Oc1cncc(c1)C(O)=O.CS(C)=O,P21/c,False,296.0,highT,Oc1cncc(c1)C(O)=O,CS(C)=O
CEMPAP,CEMPAP,298.1 K,c1cc(ccn1)C=Cc1ccncc1.OB(O)c1cccc(c1)B(O)O,C2/c,False,298.0,highT,c1cc(ccn1)C=Cc1ccncc1,OB(O)c1cccc(c1)B(O)O
LUMYOH,LUMYOH,at 293 K,CC(C)(O)C#Cc1cccc(Br)n1.O=P(c1ccccc1)(c1ccccc1)c1ccccc1,P21/n,False,293.0,highT,CC(C)(O)C#Cc1cccc(Br)n1,O=P(c1ccccc1)(c1ccccc1)c1ccccc1
QISMIQ,QISMIQ,at 293 K,OC(=O)c1ccc(OCc2cccc(c2)C(O)=O)cc1.C(Cc1ccncc1)Cc1ccncc1,P21/c,False,293.0,highT,OC(=O)c1ccc(OCc2cccc(c2)C(O)=O)cc1,C(Cc1ccncc1)Cc1ccncc1
YIFXUH,YIFXUH,at 298 K,[NH3+]NC(N)=S.O=N(=O)c1cc(c([O-])c(c1)N(=O)=O)N(=O)=O,P-1,False,298.0,highT,[NH3+]NC(N)=S,O=N(=O)c1cc(c([O-])c(c1)N(=O)=O)N(=O)=O
SAFNOF,SAFNOF,298 K,OC(=O)C1[NH2+]CSC1.O=N(=O)c1cc(c([O-])c(c1)N(=O)=O)N(=O)=O,P21,False,298.0,highT,OC(=O)C1[NH2+]CSC1,O=N(=O)c1cc(c([O-])c(c1)N(=O)=O)N(=O)=O
HIDVUM,HIDVUM,at 297 K,[NH3+]c1cccc2c(O)cccc12.OC(=O)c1cc(cc(c1[O-])N(=O)=O)N(=O)=O,P21/n,False,297.0,highT,[NH3+]c1cccc2c(O)cccc12,OC(=O)c1cc(cc(c1[O-])N(=O)=O)N(=O)=O
IJAHOR,IJAHOR,at 293 K,Nc1nnc(c(N)n1)c1cccc(Cl)c1Cl.CC(C)O,P21/c,False,293.0,highT,Nc1nnc(c(N)n1)c1cccc(Cl)c1Cl,CC(C)O
WARNUB,WARNUB,298.1 K,c1cc(ccn1)C=Cc1ccncc1.OB1OCc2cc(F)ccc12,P21/c,False,298.0,highT,c1cc(ccn1)C=Cc1ccncc1,OB1OCc2cc(F)ccc12
XUCKOX,XUCKOX,at 253 K,NC1=C(c2c(F)c(F)c(F)c(F)c2C1(F)F)C(=O)C(F)(F)F.C1COCCO1,P-1,False,253.0,highT,NC1=C(c2c(F)c(F)c(F)c(F)c2C1(F)F)C(=O)C(F)(F)F,C1COCCO1
ODEFUZ,ODEFUZ,at 295 K,CCC(SC1=Nc2ccccc2N1)C(=O)[O-].CCC(SC1=[NH+]c2ccccc2N1)C(O)=O,P21/c,False,295.0,highT,CCC(SC1=Nc2ccccc2N1)C(=O)[O-],CCC(SC1=[NH+]c2ccccc2N1)C(O)=O
BIDHUS,BIDHUS,at 296.2 K,O=N(=O)c1ccccc1S(=O)(=O)[O-].Nc1[nH+]cc(cc1)N(=O)=O,Pc,False,296.0,highT,O=N(=O)c1ccccc1S(=O)(=O)[O-],Nc1[nH+]cc(cc1)N(=O)=O
ENIKIY,ENIKIY,294 K,c1cc(ccn1)C=Cc1ccncc1.OC(=O)CCCC#C,P21/c,False,294.0,highT,c1cc(ccn1)C=Cc1ccncc1,OC(=O)CCCC#C
UKISIT,UKISIT,298 K,Nc1cccc(c1)C(=O)[O-].Cc1cccc2SC(=[NH+]c12)N,P-1,False,298.0,highT,Nc1cccc(c1)C(=O)[O-],Cc1cccc2SC(=[NH+]c12)N
YADHIW,YADHIW,at 292 K,[NH3+]c1ccc(OCC)cc1.OC(=O)c1ccccc1C(=O)[O-],P-1,False,292.0,highT,[NH3+]c1ccc(OCC)cc1,OC(=O)c1ccccc1C(=O)[O-]
TACDAE,TACDAE,at 293 K,C(Cc1ccncc1)c1ccncc1.OC(=O)CCCCCC(O)=O,P21/c,False,293.0,highT,C(Cc1ccncc1)c1ccncc1,OC(=O)CCCCCC(O)=O
APAWAR,APAWAR,293 K,CN(C)C=O.OC(=O)c1cccc2c1NC(=O)NS2(=O)=O,P21/c,False,293.0,highT,CN(C)C=O,OC(=O)c1cccc2c1NC(=O)NS2(=O)=O
EDATOS,EDATOS,at 293 K,Oc1ccccc1C(=O)[O-].NC1=[NH+]C(=O)NC=C1F,P21/n,False,293.0,highT,Oc1ccccc1C(=O)[O-],NC1=[NH+]C(=O)NC=C1F
HIHPIY,HIHPIY,at 293 K,Clc1ccc(cc1C(=O)[O-])N(=O)=O.Cc1[nH+]c2c(O)cccc2cc1,P21/c,False,293.0,highT,Clc1ccc(cc1C(=O)[O-])N(=O)=O,Cc1[nH+]c2c(O)cccc2cc1
AJOHEP,AJOHEP,295 K,Oc1ccc2ccccc2c1C=NN1CCOCC1.Fc1c(F)c(Br)c(F)c(F)c1Br,P21/n,False,295.0,highT,Oc1ccc2ccccc2c1C=NN1CCOCC1,Fc1c(F)c(Br)c(F)c(F)c1Br
RIDWEH,RIDWEH,at 296.1 K,CCOP([O-])(=S)c1ccccc1.[NH3+]C(C(O)c1ccccc1)c1ccccc1,P212121,False,296.0,highT,CCOP([O-])(=S)c1ccccc1,[NH3+]C(C(O)c1ccccc1)c1ccccc1
DETGAN,DETGAN,293 K,NC(N)=O.CN(C)c1ccncc1,C2/c,False,293.0,highT,NC(N)=O,CN(C)c1ccncc1
QUWZEO,QUWZEO,at 294 K,Oc1c(F)c(F)c(O)c(F)c1F.c1cnccn1,P-1,False,294.0,highT,Oc1c(F)c(F)c(O)c(F)c1F,c1cnccn1
GEHKEK,GEHKEK,at 293 K,C[NH2+]C(C)C(O)c1ccccc1.OC(CC(O)=O)C(=O)[O-],P21,False,293.0,highT,C[NH2+]C(C)C(O)c1ccccc1,OC(CC(O)=O)C(=O)[O-]
ZINDEI,ZINDEI,300 K,OC1=C([O-])C(=O)C1=O.[NH3+]C(CC(C)C)C(O)=O,P2/n,False,300.0,highT,OC1=C([O-])C(=O)C1=O,[NH3+]C(CC(C)C)C(O)=O
KUQRAQ,KUQRAQ,at 293 K,Oc1cccnc1C(=O)[O-].CCc1[nH+]c(N)nc(N)c1c1ccc(Cl)cc1,P21/c,False,293.0,highT,Oc1cccnc1C(=O)[O-],CCc1[nH+]c(N)nc(N)c1c1ccc(Cl)cc1
YUDDIM,YUDDIM,at 295 K,[NH3+]C(CCSC)C(O)=O.O=N(=O)c1cc(c([O-])c(c1)N(=O)=O)N(=O)=O,P21,False,295.0,highT,[NH3+]C(CCSC)C(O)=O,O=N(=O)c1cc(c([O-])c(c1)N(=O)=O)N(=O)=O
QUBRUB,QUBRUB,at 292 K,OC(=O)c1ccccc1C(=O)[O-].[NH3+]c1ccccc1O,P21/c,False,292.0,highT,OC(=O)c1ccccc1C(=O)[O-],[NH3+]c1ccccc1O
TOJNEO,TOJNEO,295 K,CC1(C)C(CCC1(C)C(O)=O)C(=O)[O-].[NH3+]C(C(N)=O)c1ccccc1,P21,False,295.0,highT,CC1(C)C(CCC1(C)C(O)=O)C(=O)[O-],[NH3+]C(C(N)=O)c1ccccc1
IGERUJ,IGERUJ,298 K,Oc1cc2ccccc2cc1C(=O)[O-].Oc1c[nH+]ccc1,P21/n,False,298.0,highT,Oc1cc2ccccc2cc1C(=O)[O-],Oc1c[nH+]ccc1
OQIHAA,OQIHAA,293 K,O=N(=O)c1cc(c([O-])c(c1)N(=O)=O)N(=O)=O.Clc1cccc(N2CC[NH2+]CC2)c1Cl,P21/n,False,293.0,highT,O=N(=O)c1cc(c([O-])c(c1)N(=O)=O)N(=O)=O,Clc1cccc(N2CC[NH2+]CC2)c1Cl
USAKIJ,USAKIJ,at 293 K,OB(O)c1ccc(O)cc1.c1cnc2ccc3ncccc3c2c1,P21/n,False,293.0,highT,OB(O)c1ccc(O)cc1,c1cnc2ccc3ncccc3c2c1
SIQBEB,SIQBEB,at 296 K,[NH3+]c1cccc(Cl)c1.O=N(=O)c1ccc(c(c1)N(=O)=O)S(=O)(=O)[O-],P21/c,False,296.0,highT,[NH3+]c1cccc(Cl)c1,O=N(=O)c1ccc(c(c1)N(=O)=O)S(=O)(=O)[O-]
SUYNIM,SUYNIM,293 K,CC1=C(C)[N+](=CN1O)O.O=C1NC(=O)C=C([O-])N1,P-1,False,293.0,highT,CC1=C(C)[N+](=CN1O)O,O=C1NC(=O)C=C([O-])N1
ZUPZUI,ZUPZUI,298 K,[NH3+]Cc1ccc(Cl)cc1.ClC(Cl)C(=O)[O-],P21/c,False,298.0,highT,[NH3+]Cc1ccc(Cl)cc1,ClC(Cl)C(=O)[O-]
AMOZAG,AMOZAG,294 K,Nc1[nH+]cc(Br)cc1.O=C([O-])C#Cc1ccccc1,P21/n,False,294.0,highT,Nc1[nH+]cc(Br)cc1,O=C([O-])C#Cc1ccccc1
REGSEF,REGSEF,296 K,CS(=O)(=O)[O-].CC[N+]1=C(C)Sc2ccccc12,Pbca,False,296.0,highT,CS(=O)(=O)[O-],CC[N+]1=C(C)Sc2ccccc12
TOJMAJ,TOJMAJ,295 K,CC(CC(O)=O)C(=O)[O-].[NH3+]C(C(N)=O)c1ccccc1,P21,False,295.0,highT,CC(CC(O)=O)C(=O)[O-],[NH3+]C(C(N)=O)c1ccccc1
GAPYOO,GAPYOO,293 K,[NH3+]C(CC1=C[NH+]=CN1)C(=O)[O-].Fc1cc(ccc1[O-])N(=O)=O,P21,False,293.0,highT,[NH3+]C(CC1=C[NH+]=CN1)C(=O)[O-],Fc1cc(ccc1[O-])N(=O)=O
DUDDIQ,DUDDIQ,at 273 K,C1CN=C(N1)c1ccc(cc1)C1=NCCN1.Nc1ccc(cc1)S(O)(=O)=O,Pbca,False,273.0,highT,C1CN=C(N1)c1ccc(cc1)C1=NCCN1,Nc1ccc(cc1)S(O)(=O)=O
OPITOX,OPITOX,at 295 K,Cc1[nH+]c(CO)c2COC(C)(C)OCc2c1O.Cc1ccc(cc1)S(=O)(=O)[O-],P-1,False,295.0,highT,Cc1[nH+]c(CO)c2COC(C)(C)OCc2c1O,Cc1ccc(cc1)S(=O)(=O)[O-]
OJUBOM,OJUBOM,296.1 K,OC(=O)CCCC(O)=O.Nc1nc(N)nc(n1)c1ccc(Cl)cc1,P-1,False,296.0,highT,OC(=O)CCCC(O)=O,Nc1nc(N)nc(n1)c1ccc(Cl)cc1
ODOBIT,ODOBIT,at 298 K,Cc1nc(C)c(C)nc1C.OC(=O)c1ccc(O)cc1,P21,False,298.0,highT,Cc1nc(C)c(C)nc1C,OC(=O)c1ccc(O)cc1
VELCAT,VELCAT,293 K,OC(C(O)C(=O)[O-])C(O)=O.[NH3+]CCCC(O)=O,P-1,False,293.0,highT,OC(C(O)C(=O)[O-])C(O)=O,[NH3+]CCCC(O)=O
LOCLOF,LOCLOF,at 295 K,OC(=O)C(=O)[O-].[NH3+]C(CS)C(O)=O,P212121,False,295.0,highT,OC(=O)C(=O)[O-],[NH3+]C(CS)C(O)=O
PUPHAK,PUPHAK,at 296 K,CN1C=NC2=C1C(=O)N(C)C(=O)N2C.OC(=O)c1cc(O)cc(c1)C(O)=O,P-1,False,296.0,highT,CN1C=NC2=C1C(=O)N(C)C(=O)N2C,OC(=O)c1cc(O)cc(c1)C(O)=O
OCAKAF,OCAKAF,at 295 K,Oc1c[nH+]ccc1.OC(=O)COc1cccc(OCC(=O)[O-])c1,P21/n,False,295.0,highT,Oc1c[nH+]ccc1,OC(=O)COc1cccc(OCC(=O)[O-])c1
BIDJII,BIDJII,at 296.2 K,O=S(=O)([O-])c1ccccc1.Nc1[nH+]cc(cc1)N(=O)=O,P21/n,False,296.0,highT,O=S(=O)([O-])c1ccccc1,Nc1[nH+]cc(cc1)N(=O)=O
NUMHEK,NUMHEK,297 K,NS(=O)(=O)c1ccc(Cl)cc1.O=C1CCCCCN1,P212121,False,297.0,highT,NS(=O)(=O)c1ccc(Cl)cc1,O=C1CCCCCN1
MOZMIY,MOZMIY,at 293 K,[NH3+]NC(N)=O.OC(=O)c1cccc(n1)C(=O)[O-],P21/c,False,293.0,highT,[NH3+]NC(N)=O,OC(=O)c1cccc(n1)C(=O)[O-]
KUZGOD,KUZGOD,296 K,OC(=O)C1C[NH2+]CCC1.Clc1cc(cc(Cl)c1[O-])N(=O)=O,P-1,False,296.0,highT,OC(=O)C1C[NH2+]CCC1,Clc1cc(cc(Cl)c1[O-])N(=O)=O
DUNVUE,DUNVUE,at 293 K,CN(C)C=O.NC(=S)NN=Cc1cccc(c1)C#N,P21/n,False,293.0,highT,CN(C)C=O,NC(=S)NN=Cc1cccc(c1)C#N
TECMUK,TECMUK,at 294 K,NC(=O)C1[NH2+]CCC1.OC1=C([O-])C(=O)C1=O,C2,False,294.0,highT,NC(=O)C1[NH2+]CCC1,OC1=C([O-])C(=O)C1=O
ERAHAJ,ERAHAJ,298 K,NC(=O)c1ccncc1.OC(=O)Cc1ccccc1CC(O)=O,P-1,False,298.0,highT,NC(=O)c1ccncc1,OC(=O)Cc1ccccc1CC(O)=O
ELEGUY,ELEGUY,at 293 K,c1cc(ccn1)c1ccncc1.OC(=O)CCC(=O)CCC(O)=O,C2/c,False,293.0,highT,c1cc(ccn1)c1ccncc1,OC(=O)CCC(=O)CCC(O)=O
APUYUI,APUYUI,293 K,OC(=O)c1cc(O)cc(O)c1.CC1=NNC(=O)N(C1)N=Cc1cccnc1,P-1,False,293.0,highT,OC(=O)c1cc(O)cc(O)c1,CC1=NNC(=O)N(C1)N=Cc1cccnc1
TUMWIJ,TUMWIJ,296 K,O=C([O-])c1ccc(cc1)N(=O)=O.C[NH+]1C2CCCC1CC(=O)C2,Pbca,False,296.0,highT,O=C([O-])c1ccc(cc1)N(=O)=O,C[NH+]1C2CCCC1CC(=O)C2
EYIYIU,EYIYIU,at 298 K,Oc1cccc2ccc[nH+]c12.Nc1ccccc1S(=O)(=O)[O-],P21/a,False,298.0,highT,Oc1cccc2ccc[nH+]c12,Nc1ccccc1S(=O)(=O)[O-]
LULROC,LULROC,298.1 K,OC(=O)Cc1ccccc1Nc1c(Cl)cccc1Cl.C(Cc1ccncc1)Cc1ccncc1,Pbcn,False,298.0,highT,OC(=O)Cc1ccccc1Nc1c(Cl)cccc1Cl,C(Cc1ccncc1)Cc1ccncc1
TAFCAI,TAFCAI,293 K,CC1=C(N)C(=O)C=C2Oc3cc(Br)ccc3N=C12.CS(C)=O,P-1,False,293.0,highT,CC1=C(N)C(=O)C=C2Oc3cc(Br)ccc3N=C12,CS(C)=O
GABZUF,GABZUF,at 294 K,OC(=O)CCC(O)=O.N(c1cccc(Nc2ccccn2)c1)c1ccccn1,P21/m,False,294.0,highT,OC(=O)CCC(O)=O,N(c1cccc(Nc2ccccn2)c1)c1ccccn1
PIGZEN,PIGZEN,296 K,CC(=O)[O-].CC1=CC(=[NH+]C(N1)c1ccc(O)cc1)C,Pna21,False,296.0,highT,CC(=O)[O-],CC1=CC(=[NH+]C(N1)c1ccc(O)cc1)C
BUWNIS,BUWNIS,293.1 K,Oc1cc(cc(O)c1O)C(=O)[O-].CC1=C[NH+]=C(N1CCO)N(=O)=O,P21/c,False,293.0,highT,Oc1cc(cc(O)c1O)C(=O)[O-],CC1=C[NH+]=C(N1CCO)N(=O)=O
CIDDAV,CIDDAV,at 295 K,Nc1nc(N)nc(N)n1.O=C1NC(=O)c2ccccc12,Pnma,False,295.0,highT,Nc1nc(N)nc(N)n1,O=C1NC(=O)c2ccccc12
DEVYEL,DEVYEL,295 K,Oc1ccc(cc1)C=Cc1cc(O)cc(O)c1.C1CNCCN1,P-1,False,295.0,highT,Oc1ccc(cc1)C=Cc1cc(O)cc(O)c1,C1CNCCN1
TUDPIR01,TUDPIR01,296.1 K,[NH3+]C(CO)(CO)CO.Clc1cccc(Cl)c1Nc1ccccc1CC(=O)[O-],P21/c,False,296.0,highT,[NH3+]C(CO)(CO)CO,Clc1cccc(Cl)c1Nc1ccccc1CC(=O)[O-]
KAXROS,KAXROS,at 293 K,c1cc(ccn1)C=Cc1ccncc1.OC(=O)C=CC=CC(O)=O,P-1,False,293.0,highT,c1cc(ccn1)C=Cc1ccncc1,OC(=O)C=CC=CC(O)=O
JOKYUG,JOKYUG,301 K,Nc1ccncc1.Nc1ccc(cc1)S(=O)(=O)Nc1ccc(Cl)nn1,P21/n,False,301.0,highT,Nc1ccncc1,Nc1ccc(cc1)S(=O)(=O)Nc1ccc(Cl)nn1
IDIXUR,IDIXUR,298 K,Oc1ccccc1C(=O)[O-].CC1=CC(=O)NC(=[NH2+])N1,Pbca,False,298.0,highT,Oc1ccccc1C(=O)[O-],CC1=CC(=O)NC(=[NH2+])N1
HILJAP,HILJAP,296 K,c1cc(ccn1)c1ccncc1.OC(=O)CCl,P21/c,False,296.0,highT,c1cc(ccn1)c1ccncc1,OC(=O)CCl
YEQCED,YEQCED,at 295 K,FC(F)(F)S(=O)(=O)[O-].CN1N2CN3C[N+](C)(C2)N(C)P1(=S)N3C,P21/c,False,295.0,highT,FC(F)(F)S(=O)(=O)[O-],CN1N2CN3C[N+](C)(C2)N(C)P1(=S)N3C
NAYCOH,NAYCOH,at 293 K,Oc1ccc2[nH+]cccc2c1.O=C([O-])c1cc(cc(c1)N(=O)=O)N(=O)=O,P21/c,False,293.0,highT,Oc1ccc2[nH+]cccc2c1,O=C([O-])c1cc(cc(c1)N(=O)=O)N(=O)=O
NEBXAV,NEBXAV,at 293 K,OC(=O)C=Cc1ccccc1.COc1cc(OC)nc(N)n1,P-1,False,293.0,highT,OC(=O)C=Cc1ccccc1,COc1cc(OC)nc(N)n1
OVUMEY,OVUMEY,at 294 K,Nc1nnc(c(N)n1)c1cccc(Cl)c1Cl.OC(=O)c1ccc(F)cc1,P21,False,294.0,highT,Nc1nnc(c(N)n1)c1cccc(Cl)c1Cl,OC(=O)c1ccc(F)cc1
EZAQAA,EZAQAA,293 K,Oc1cccc(O)c1C(=O)[O-].COc1[nH+]c(N)nc(OC)c1,P21/c,False,293.0,highT,Oc1cccc(O)c1C(=O)[O-],COc1[nH+]c(N)nc(OC)c1
WERLEO,WERLEO,298 K,NC1=[NH+]C(=O)NC=C1.Clc1cccc(Cl)c1Nc1ccccc1CC(=O)[O-],Pca21,False,298.0,highT,NC1=[NH+]C(=O)NC=C1,Clc1cccc(Cl)c1Nc1ccccc1CC(=O)[O-]
AWUQEP,AWUQEP,at 298 K,CC1(C)[NH2+]C(C)(C)CC(=O)C1.Clc1ccc(cc1N(=O)=O)C(=O)[O-],P-1,False,298.0,highT,CC1(C)[NH2+]C(C)(C)CC(=O)C1,Clc1ccc(cc1N(=O)=O)C(=O)[O-]
CUFRUT,CUFRUT,296 K,NC1=NC(=NO1)C1=NON=C1[N-]N(=O)=O.[NH3+]NC(=O)NN,P1,False,296.0,highT,NC1=NC(=NO1)C1=NON=C1[N-]N(=O)=O,[NH3+]NC(=O)NN
XIYSII,XIYSII,at 296 K,[NH3+]c1ccccc1F.Fc1ccccc1NC(=O)C(=O)[O-],P-1,False,296.0,highT,[NH3+]c1ccccc1F,Fc1ccccc1NC(=O)C(=O)[O-]
LATNEB,LATNEB,at 293 K,NS(=O)(=O)Oc1ccc2C3=C(CCCCC3)C(=O)Oc2c1.CS(C)=O,P21/c,False,293.0,highT,NS(=O)(=O)Oc1ccc2C3=C(CCCCC3)C(=O)Oc2c1,CS(C)=O
KUVJOB,KUVJOB,at 293 K,OC(=O)C(=O)[O-].[NH3+]c1ccc(Cl)cc1,C2/c,False,293.0,highT,OC(=O)C(=O)[O-],[NH3+]c1ccc(Cl)cc1
WEFNUR,WEFNUR,at 298 K,O=C([O-])c1ccc(cc1)N(=O)=O.OCC[NH+](CCO)C(CO)(CO)CO,P-1,False,298.0,highT,O=C([O-])c1ccc(cc1)N(=O)=O,OCC[NH+](CCO)C(CO)(CO)CO
CINXIH,CINXIH,at 293 K,CC(=O)[O-].NC(N)=[NH+]N=C(c1ccccc1)c1cc(Cl)ccc1N,P21/n,False,293.0,highT,CC(=O)[O-],NC(N)=[NH+]N=C(c1ccccc1)c1cc(Cl)ccc1N
OZOSIH,OZOSIH,296 K,Oc1ccccc1C(=O)[O-].ON=Cc1cc[nH+]c2ccccc12,P21/c,False,296.0,highT,Oc1ccccc1C(=O)[O-],ON=Cc1cc[nH+]c2ccccc12
CAVCUY01,CAVCUY01,at 260 K,OC(C(O)C(=O)[O-])C(O)=O.[NH3+]CCCCC([NH3+])C(=O)[O-],P21,False,260.0,highT,OC(C(O)C(=O)[O-])C(O)=O,[NH3+]CCCCC([NH3+])C(=O)[O-]
CIWMAZ,CIWMAZ,293 K,CC[NH2+]CCO.O=C([O-])c1ccc(cc1)N(=O)=O,P21/c,False,293.0,highT,CC[NH2+]CCO,O=C([O-])c1ccc(cc1)N(=O)=O
EGENUB,EGENUB,at 293 K,NS(=O)(=O)c1cc2c(NCNS2(=O)=O)cc1Cl.C(Cc1ccncc1)c1ccncc1,P21/c,False,293.0,highT,NS(=O)(=O)c1cc2c(NCNS2(=O)=O)cc1Cl,C(Cc1ccncc1)c1ccncc1
QUCNOS,QUCNOS,at 273 K,OC(=O)C=CC(=O)[O-].Oc1cccc2ccc[nH+]c12,P-1,False,273.0,highT,OC(=O)C=CC(=O)[O-],Oc1cccc2ccc[nH+]c12
APUWAM,APUWAM,293 K,OC(=O)C(=O)[O-].CC1=NNC(=O)N(C1)N=Cc1c[nH+]ccc1,P-1,False,293.0,highT,OC(=O)C(=O)[O-],CC1=NNC(=O)N(C1)N=Cc1c[nH+]ccc1
VEJBOC,VEJBOC,at 293 K,CC1(C)[NH2+]C(C)(C)CC(=O)C1.S=C=[N-],C2/c,False,293.0,highT,CC1(C)[NH2+]C(C)(C)CC(=O)C1,S=C=[N-]
PIJSUZ,PIJSUZ,296 K,C1N2CN3CN1CN(C2)C3.Oc1ccc2ccc(O)cc2c1,P21/n,False,296.0,highT,C1N2CN3CN1CN(C2)C3,Oc1ccc2ccc(O)cc2c1
NUMJAI,NUMJAI,298 K,NS(=O)(=O)c1ccccc1Cl.O=C1CCCCCN1,P21/c,False,298.0,highT,NS(=O)(=O)c1ccccc1Cl,O=C1CCCCCN1
FICBIE,FICBIE,at 273 K,Cc1cccc2SC(=Nc12)N.OC(=O)CCCCC(O)=O,P21/n,False,273.0,highT,Cc1cccc2SC(=Nc12)N,OC(=O)CCCCC(O)=O
KIJFOC,KIJFOC,298 K,Oc1cccc(O)c1.CCOc1ccccc1C(N)=O,P21/c,False,298.0,highT,Oc1cccc(O)c1,CCOc1ccccc1C(N)=O
LUWHIU,LUWHIU,at 293 K,O=S(=O)([O-])c1ccccc1.COc1cc(Cc2c[nH+]c(N)nc2N)cc(OC)c1OC,P21/c,False,293.0,highT,O=S(=O)([O-])c1ccccc1,COc1cc(Cc2c[nH+]c(N)nc2N)cc(OC)c1OC
HEPSAZ06,HEPSAZ06,363 K,[2H]OC(=O)c1ccc(cc1)C(=O)[O-].[2H][N+]1=CN([2H])C=C1,P21/c,False,363.0,highT,[2H]OC(=O)c1ccc(cc1)C(=O)[O-],[2H][N+]1=CN([2H])C=C1
YUCQUJ,YUCQUJ,at 294 K,c1cc(ccn1)c1ccncc1.Oc1ccc(Cc2ccc(O)cc2)cc1,P21/c,False,294.0,highT,c1cc(ccn1)c1ccncc1,Oc1ccc(Cc2ccc(O)cc2)cc1
PAFFIP,PAFFIP,296 K,Cc1ccc(cc1)C(=O)[O-].CCc1[nH+]c(N)nc(N)c1c1ccc(Cl)cc1,P21/c,False,296.0,highT,Cc1ccc(cc1)C(=O)[O-],CCc1[nH+]c(N)nc(N)c1c1ccc(Cl)cc1
FOVQIT,FOVQIT,296 K,O=C([O-])c1cccnc1.COc1ccc(cc1)N1CC[NH2+]CC1,Pbca,False,296.0,highT,O=C([O-])c1cccnc1,COc1ccc(cc1)N1CC[NH2+]CC1
JAJYOM,JAJYOM,298 K,OC(=O)C=Cc1ccccc1O.NC(=O)c1cnccn1,P21/n,False,298.0,highT,OC(=O)C=Cc1ccccc1O,NC(=O)c1cnccn1
LUWHAM,LUWHAM,at 293 K,Cc1ccc(cc1)S(=O)(=O)[O-].COc1cc(Cc2c[nH+]c(N)nc2N)cc(OC)c1OC,P21/n,False,293.0,highT,Cc1ccc(cc1)S(=O)(=O)[O-],COc1cc(Cc2c[nH+]c(N)nc2N)cc(OC)c1OC
IDOHAN,IDOHAN,293 K,CN1C(=C(O)c2ccccc2S1(=O)=O)C(=O)NC1=NC=C(C)S1.OC(=O)c1ccccc1,P-1,False,293.0,highT,CN1C(=C(O)c2ccccc2S1(=O)=O)C(=O)NC1=NC=C(C)S1,OC(=O)c1ccccc1
PEDQOG,PEDQOG,at 293 K,OC(=O)C[N+]12CCC(CC1)CC2.OC1=C([O-])C(=O)C1=O,P21/n,False,293.0,highT,OC(=O)C[N+]12CCC(CC1)CC2,OC1=C([O-])C(=O)C1=O
NAWZUK,NAWZUK,293 K,[NH3+]Cc1ccccc1O.Nc1ccc(cc1)C(=O)[O-],P212121,False,293.0,highT,[NH3+]Cc1ccccc1O,Nc1ccc(cc1)C(=O)[O-]
HEPSAZ02,HEPSAZ02,293 K,OC(=O)c1ccc(cc1)C(=O)[O-].[2H]C1=[NH+]C(=C([2H])N1)[2H],P21/c,False,293.0,highT,OC(=O)c1ccc(cc1)C(=O)[O-],[2H]C1=[NH+]C(=C([2H])N1)[2H]
CEXVEK,CEXVEK,293 K,Oc1cc(O)cc(Cl)c1.Cc1nc(C)c(C)nc1C,P-1,False,293.0,highT,Oc1cc(O)cc(Cl)c1,Cc1nc(C)c(C)nc1C
CIKSEV,CIKSEV,at 291 K,Cc1cc[nH+]c2N(C3CC3)c3ncccc3C(=O)Nc12.O=N(=O)c1cc(c([O-])c(c1)N(=O)=O)N(=O)=O,P-1,False,291.0,highT,Cc1cc[nH+]c2N(C3CC3)c3ncccc3C(=O)Nc12,O=N(=O)c1cc(c([O-])c(c1)N(=O)=O)N(=O)=O
UGOROZ,UGOROZ,at 298 K,OC(=O)CCCCCCC(O)=O.NC1=NC=CS1,P21/n,False,298.0,highT,OC(=O)CCCCCCC(O)=O,NC1=NC=CS1
VELXIW,VELXIW,295 K,Cc1cccnc1.BrN1C(=O)c2ccccc2C1=O,P21/c,False,295.0,highT,Cc1cccnc1,BrN1C(=O)c2ccccc2C1=O
HUCXAF,HUCXAF,at 297 K,[NH3+]c1ccc(CCO)cc1.O=C([O-])c1cc(cc(c1)N(=O)=O)N(=O)=O,P21/n,False,297.0,highT,[NH3+]c1ccc(CCO)cc1,O=C([O-])c1cc(cc(c1)N(=O)=O)N(=O)=O
XAPSEN,XAPSEN,at 294 K,CN(C)C=O.ON=C(Cl)c1ccc(cc1)C(Cl)=NO,P-1,False,294.0,highT,CN(C)C=O,ON=C(Cl)c1ccc(cc1)C(Cl)=NO
AYUMEN,AYUMEN,at 296 K,OC(=O)C(O)=O.S1C=Nc2ccccc12,P21/c,False,296.0,highT,OC(=O)C(O)=O,S1C=Nc2ccccc12
CEXLIE,CEXLIE,293 K,OC(=O)c1cc(O)c(Br)c(O)c1.Cc1nc(C)c(C)nc1C,P-1,False,293.0,highT,OC(=O)c1cc(O)c(Br)c(O)c1,Cc1nc(C)c(C)nc1C
FIQYOX,FIQYOX,295 K,c1ccc2nc3ccccc3nc2c1.OC(=O)CC(O)(CC(O)=O)C(O)=O,P-1,False,295.0,highT,c1ccc2nc3ccccc3nc2c1,OC(=O)CC(O)(CC(O)=O)C(O)=O
PAZSIW,PAZSIW,296 K,C1COCCN1.Nc1cccc(NC(=S)Nc2ccccc2)n1,P-1,False,296.0,highT,C1COCCN1,Nc1cccc(NC(=S)Nc2ccccc2)n1
PUGGAA,PUGGAA,at 273 K,OC(=O)c1ccc(cc1)C(O)=O.C1CN=C(N1)c1ccc(cc1)C1=NCCN1,P21/c,False,273.0,highT,OC(=O)c1ccc(cc1)C(O)=O,C1CN=C(N1)c1ccc(cc1)C1=NCCN1
AHERAG,AHERAG,at 293 K,OC(C(O)C(=O)[O-])C(O)=O.[NH3+]C(C)C(O)=O,P21,False,293.0,highT,OC(C(O)C(=O)[O-])C(O)=O,[NH3+]C(C)C(O)=O
VOJKOX,VOJKOX,296 K,OC(=O)COc1ccc2ccc(OCC(O)=O)cc2c1.CN1C=NC2=C1C(=O)N(C)C(=O)N2C,P21/c,False,296.0,highT,OC(=O)COc1ccc2ccc(OCC(O)=O)cc2c1,CN1C=NC2=C1C(=O)N(C)C(=O)N2C
OPITOX01,OPITOX01,at 295 K,Cc1[nH+]c(CO)c2COC(C)(C)OCc2c1O.Cc1ccc(cc1)S(=O)(=O)[O-],P21/c,False,295.0,highT,Cc1[nH+]c(CO)c2COC(C)(C)OCc2c1O,Cc1ccc(cc1)S(=O)(=O)[O-]
HIQFUM,HIQFUM,293 K,c1cnc2c(c1)ccc1ncccc21.OB(O)c1ccc(cc1)C#N,P-1,False,293.0,highT,c1cnc2c(c1)ccc1ncccc21,OB(O)c1ccc(cc1)C#N
SAXPEO,SAXPEO,at 298 K,Cc1ccc(Cl)c(Nc2ccccc2C(O)=O)c1Cl.c1cc(ccn1)c1ccncc1,P21/c,False,298.0,highT,Cc1ccc(Cl)c(Nc2ccccc2C(O)=O)c1Cl,c1cc(ccn1)c1ccncc1
KUXWIM,KUXWIM,293 K,[NH3+]CCC(O)=O.Cc1ccc(cc1)S(=O)(=O)[O-],Pbca,False,293.0,highT,[NH3+]CCC(O)=O,Cc1ccc(cc1)S(=O)(=O)[O-]
TINFAB,TINFAB,293 K,COS(=O)(=O)[O-].[NH3+]c1cccc(c1)B(O)O,P21/n,False,293.0,highT,COS(=O)(=O)[O-],[NH3+]c1cccc(c1)B(O)O
ISICIX,ISICIX,at 298 K,OC(=O)C=CC(=O)[O-].NC1=[NH+]C(=CS1)c1ccccc1,Pbca,False,298.0,highT,OC(=O)C=CC(=O)[O-],NC1=[NH+]C(=CS1)c1ccccc1
VELWER,VELWER,295 K,BrN1C(=O)c2ccccc2C1=O.c1ccc2ncccc2c1,Pbca,False,295.0,highT,BrN1C(=O)c2ccccc2C1=O,c1ccc2ncccc2c1
ZUPZES,ZUPZES,298 K,O=C([O-])c1cccc(c1)N(=O)=O.[NH3+]Cc1ccc(Cl)cc1,P21/n,False,298.0,highT,O=C([O-])c1cccc(c1)N(=O)=O,[NH3+]Cc1ccc(Cl)cc1
REWLEN,REWLEN,296 K,ON=Cc1cc[nH+]cc1.O=N(=O)c1cc(c([O-])c(c1)N(=O)=O)N(=O)=O,P-1,False,296.0,highT,ON=Cc1cc[nH+]cc1,O=N(=O)c1cc(c([O-])c(c1)N(=O)=O)N(=O)=O
YOZBAT,YOZBAT,293 K,NC(N)=O.OC(=O)c1cc(O)c(O)c(O)c1,P21/c,False,293.0,highT,NC(N)=O,OC(=O)c1cc(O)c(O)c(O)c1
GOKBAL,GOKBAL,293 K,OC(=O)CCC(O)=O.c1cc(ccn1)c1ccncc1,P-1,False,293.0,highT,OC(=O)CCC(O)=O,c1cc(ccn1)c1ccncc1
XAPZUM,XAPZUM,293 K,Oc1cccc(O)c1.Nc1ccc(Cc2ccc(N)cc2)cc1,P21/n,False,293.0,highT,Oc1cccc(O)c1,Nc1ccc(Cc2ccc(N)cc2)cc1
KAXSUZ,KAXSUZ,at 293 K,COc1ccc2cccc(CCNC(C)=O)c2c1.COC(=O)c1ccc(O)cc1,P-1,False,293.0,highT,COc1ccc2cccc(CCNC(C)=O)c2c1,COC(=O)c1ccc(O)cc1
HEWFEW,HEWFEW,at 296 K,NC(=[NH2+])O.O=N(=O)c1cc(c([O-])c(c1)N(=O)=O)N(=O)=O,P21/c,False,296.0,highT,NC(=[NH2+])O,O=N(=O)c1cc(c([O-])c(c1)N(=O)=O)N(=O)=O
SAZXEZ,SAZXEZ,293.1 K,C[N+]1=CN(CCON(=O)=O)C=C1.O=N(=O)c1cc(c([O-])c(c1)N(=O)=O)N(=O)=O,P21/n,False,293.0,highT,C[N+]1=CN(CCON(=O)=O)C=C1,O=N(=O)c1cc(c([O-])c(c1)N(=O)=O)N(=O)=O
XATQES,XATQES,296 K,NC(N)=O.COC(=O)c1ccc(O)cc1,C2/c,False,296.0,highT,NC(N)=O,COC(=O)c1ccc(O)cc1
GOWPOA,GOWPOA,295 K,Cc1ccc(cc1)S(=O)(=O)[O-].OC(=O)c1c[nH+]ccc1,Pmn21,False,295.0,highT,Cc1ccc(cc1)S(=O)(=O)[O-],OC(=O)c1c[nH+]ccc1
NUZMIG,NUZMIG,298 K,OC(=O)C=CC(=O)[O-].[NH3+]C(C(C)C)C(O)=O,P21,False,298.0,highT,OC(=O)C=CC(=O)[O-],[NH3+]C(C(C)C)C(O)=O
QOLNAI,QOLNAI,at 293 K,Cc1ccc2ccc3ccc(C)nc3c2n1.Oc1cc(Cl)cc(Cl)c1O,P21/c,False,293.0,highT,Cc1ccc2ccc3ccc(C)nc3c2n1,Oc1cc(Cl)cc(Cl)c1O
LORQIT,LORQIT,at 296 K,[NH3+]CC1(CCCCC1)CC(O)=O.O=N(=O)c1cc(c([O-])c(c1)N(=O)=O)N(=O)=O,P21/n,False,296.0,highT,[NH3+]CC1(CCCCC1)CC(O)=O,O=N(=O)c1cc(c([O-])c(c1)N(=O)=O)N(=O)=O
GARGIT,GARGIT,280.0 K,Cc1ccc(cc1)S(=O)(=O)[O-].COc1ccc(C=CC2=[N+](C)c3ccccc3S2)cc1OC,P21,False,280.0,highT,Cc1ccc(cc1)S(=O)(=O)[O-],COc1ccc(C=CC2=[N+](C)c3ccccc3S2)cc1OC
ZANYOE,ZANYOE,at 294 K,CN1CC(=O)NC1=[NH2+].ClCC(=O)[O-],P21/n,False,294.0,highT,CN1CC(=O)NC1=[NH2+],ClCC(=O)[O-]
YACYEK,YACYEK,293 K,OC(=O)CCCCC(O)=O.N#Cc1ccccn1,P21/c,False,293.0,highT,OC(=O)CCCCC(O)=O,N#Cc1ccccn1
LIGQID,LIGQID,293 K,Nc1nnc(c(N)n1)c1cccc(Cl)c1Cl.CC(N)=O,P-1,False,293.0,highT,Nc1nnc(c(N)n1)c1cccc(Cl)c1Cl,CC(N)=O
VODTUD,VODTUD,at 292 K,c1ccccc1.CC(C)c1cccc(C(C)C)c1N1C(=O)C=CC1=O,P2/c,False,292.0,highT,c1ccccc1,CC(C)c1cccc(C(C)C)c1N1C(=O)C=CC1=O
QACKEO,QACKEO,301 K,[NH2+]=C1Nc2ccccc2S1.Nc1ccc(cc1)S(=O)(=O)[O-],P21/c,False,301.0,highT,[NH2+]=C1Nc2ccccc2S1,Nc1ccc(cc1)S(=O)(=O)[O-]
KETSUY,KETSUY,at 293 K,Cc1ccc(cc1)S(=O)(=O)[O-].[NH3+]NC(=O)NN,Pbca,False,293.0,highT,Cc1ccc(cc1)S(=O)(=O)[O-],[NH3+]NC(=O)NN
GEHWID,GEHWID,298 K,Oc1ccc(c(O)c1)C(=O)[O-].Cc1[nH+]cc(cc1)C(N)=O,Cc,False,298.0,highT,Oc1ccc(c(O)c1)C(=O)[O-],Cc1[nH+]cc(cc1)C(N)=O
ULICAV01,ULICAV01,293 K,O=C([O-])CN1C(=O)Oc2ccccc12.[NH3+]CCO,Fdd2,False,293.0,highT,O=C([O-])CN1C(=O)Oc2ccccc12,[NH3+]CCO
SEMNAA,SEMNAA,at 293 K,OC(=O)c1ccccc1C(=O)[O-].COc1cc(Cc2c[nH+]c(N)nc2N)cc(OC)c1OC,P-1,False,293.0,highT,OC(=O)c1ccccc1C(=O)[O-],COc1cc(Cc2c[nH+]c(N)nc2N)cc(OC)c1OC
OKIQEE,OKIQEE,at 293 K,CC(C(=O)[O-])c1ccccc1.[NH3+]C1Cc2ccccc2C1O,C2,False,293.0,highT,CC(C(=O)[O-])c1ccccc1,[NH3+]C1Cc2ccccc2C1O
OZOSON,OZOSON,296 K,ON=Cc1cc[nH+]c2ccccc12.O=C([O-])c1ccccc1N(=O)=O,P-1,False,296.0,highT,ON=Cc1cc[nH+]c2ccccc12,O=C([O-])c1ccccc1N(=O)=O
DUNSAI,DUNSAI,298 K,C(Cc1ccncc1)c1ccncc1.OC(=O)c1ccc(O)c(O)c1,P-1,False,298.0,highT,C(Cc1ccncc1)c1ccncc1,OC(=O)c1ccc(O)c(O)c1
BANZEX,BANZEX,at 295 K,[NH3+]C(C(=O)OC)c1ccccc1.OC(=O)C1=CC=CN1c1c(cccc1C(F)(F)F)C(=O)[O-],P21,False,295.0,highT,[NH3+]C(C(=O)OC)c1ccccc1,OC(=O)C1=CC=CN1c1c(cccc1C(F)(F)F)C(=O)[O-]
CEDPAF,CEDPAF,296 K,Cc1ccc(cc1)S(=O)(=O)[O-].NC(=[NH2+])NC(N)=O,P-1,False,296.0,highT,Cc1ccc(cc1)S(=O)(=O)[O-],NC(=[NH2+])NC(N)=O
NOLCEZ,NOLCEZ,298.1 K,NS(=O)(=O)c1cc2c(NCNS2(=O)=O)cc1Cl.O=C1CCCCCN1,Pbca,False,298.0,highT,NS(=O)(=O)c1cc2c(NCNS2(=O)=O)cc1Cl,O=C1CCCCCN1
QUTBIT,QUTBIT,296 K,O=N(=O)C1=N[N-]C(=C1)N(=O)=O.NN1C(=[NH+]N=C1C1=NON=C1N)N,P21/c,False,296.0,highT,O=N(=O)C1=N[N-]C(=C1)N(=O)=O,NN1C(=[NH+]N=C1C1=NON=C1N)N
VAKJUP,VAKJUP,298 K,[NH3+]C(Cc1ccccc1)C(=O)Nc1cccnc1.Cc1ccc(cc1)C(=O)[O-],P212121,False,298.0,highT,[NH3+]C(Cc1ccccc1)C(=O)Nc1cccnc1,Cc1ccc(cc1)C(=O)[O-]
FIRQED,FIRQED,at 298 K,OC(C(O)C(=O)[O-])C(O)=O.O=C1C2[NH2+]CCCC2C(=O)N1Cc1ccccc1,P212121,False,298.0,highT,OC(C(O)C(=O)[O-])C(O)=O,O=C1C2[NH2+]CCCC2C(=O)N1Cc1ccccc1
MODXUZ,MODXUZ,at 293 K,OC(C(O)C(=O)[O-])C(O)=O.COC(=O)C1=C(O)CC2CCC1[NH+]2C,P21,False,293.0,highT,OC(C(O)C(=O)[O-])C(O)=O,COC(=O)C1=C(O)CC2CCC1[NH+]2C
EYOHOP,EYOHOP,at 295 K,FC(F)(F)S(=O)(=O)[O-].CC1(C)[NH+]=C(N(O)C1(C)C)c1ccccc1,P21/c,False,295.0,highT,FC(F)(F)S(=O)(=O)[O-],CC1(C)[NH+]=C(N(O)C1(C)C)c1ccccc1
HIQFOG,HIQFOG,293 K,c1cnc2c(c1)ccc1cccnc21.OB(O)c1ccc(cc1)C#N,P212121,False,293.0,highT,c1cnc2c(c1)ccc1cccnc21,OB(O)c1ccc(cc1)C#N
MEWCUQ,MEWCUQ,300.1 K,Cc1cccc(Nc2ccccc2C(O)=O)c1C.Nc1cccnc1,P-1,False,300.0,highT,Cc1cccc(Nc2ccccc2C(O)=O)c1C,Nc1cccnc1
NUJFEF,NUJFEF,293 K,c1cc(ccn1)c1ccncc1.OC(=O)Cc1ccccc1C(O)=O,P21,False,293.0,highT,c1cc(ccn1)c1ccncc1,OC(=O)Cc1ccccc1C(O)=O
SOYVAE,SOYVAE,at 296 K,OC(=O)c1ccc(C(=O)[O-])c(c1)C(O)=O.[NH2+]=C1Nc2ccccc2S1,Pna21,False,296.0,highT,OC(=O)c1ccc(C(=O)[O-])c(c1)C(O)=O,[NH2+]=C1Nc2ccccc2S1
LIWFON,LIWFON,at 293 K,Oc1ccc(cc1)C(=O)[O-].OC(=O)C[NH+]1CCCCC1,C2,False,293.0,highT,Oc1ccc(cc1)C(=O)[O-],OC(=O)C[NH+]1CCCCC1
ZEYNOJ,ZEYNOJ,293 K,OC(=O)c1ccc2cc(O)ccc2c1.Cc1nccnc1C,P-1,False,293.0,highT,OC(=O)c1ccc2cc(O)ccc2c1,Cc1nccnc1C
KUQWOL,KUQWOL,299.9 K,S1c2ccccc2c2ccccc12.O=C1C=CC(=O)C(=C1C#N)C#N,P21/n,False,299.0,highT,S1c2ccccc2c2ccccc12,O=C1C=CC(=O)C(=C1C#N)C#N
RUXPUV,RUXPUV,at 299 K,OC(=O)C(O)=O.c1ccc2nccnc2c1,P-1,False,299.0,highT,OC(=O)C(O)=O,c1ccc2nccnc2c1
TAZKOX,TAZKOX,293 K,c1cnc2ncccc2c1.Cc1cc(C)c(B(O)O)c(C)c1,P21/c,False,293.0,highT,c1cnc2ncccc2c1,Cc1cc(C)c(B(O)O)c(C)c1
KUGKUV,KUGKUV,296.6 K,NC(=O)c1ccncc1.COc1cc(C=CC(O)=O)ccc1O,P-1,False,296.0,highT,NC(=O)c1ccncc1,COc1cc(C=CC(O)=O)ccc1O
TEYXUT,TEYXUT,293 K,[NH3+]c1ccc(N)c(c1)N(=O)=O.Nc1ccccc1S(=O)(=O)[O-],Pbca,False,293.0,highT,[NH3+]c1ccc(N)c(c1)N(=O)=O,Nc1ccccc1S(=O)(=O)[O-]
RASZAQ,RASZAQ,293 K,Cc1ccc(cc1)S(=O)(=O)[O-].[NH3+]C(C(C)CC)C(O)=O,P21,False,293.0,highT,Cc1ccc(cc1)S(=O)(=O)[O-],[NH3+]C(C(C)CC)C(O)=O
XEYQIC,XEYQIC,at 293 K,Nc1ccc(cc1)C(=O)OCc1ccc(Cl)nc1.c1ccccc1,C2/c,False,293.0,highT,Nc1ccc(cc1)C(=O)OCc1ccc(Cl)nc1,c1ccccc1
GESCAK,GESCAK,at 293 K,NC(=O)c1ccc(O)cc1.OC(=O)CCCCCC(O)=O,C2/c,False,293.0,highT,NC(=O)c1ccc(O)cc1,OC(=O)CCCCCC(O)=O
FARPUN,FARPUN,293 K,CN(C)C=O.OC(=O)C(=O)Nc1ccc(NC(=O)C(O)=O)cc1,P21/c,False,293.0,highT,CN(C)C=O,OC(=O)C(=O)Nc1ccc(NC(=O)C(O)=O)cc1
TAXXOI,TAXXOI,293 K,[NH3+]c1ccc(N)c(c1)N(=O)=O.Cc1ccc(cc1)S(=O)(=O)[O-],P212121,False,293.0,highT,[NH3+]c1ccc(N)c(c1)N(=O)=O,Cc1ccc(cc1)S(=O)(=O)[O-]
CUDREY,CUDREY,at -120 deg.C,NC1=[NH+]C=CS1.ClC(Cl)(Cl)C(=O)[O-],P21/c,False,393.0,highT,NC1=[NH+]C=CS1,ClC(Cl)(Cl)C(=O)[O-]
NAXTAJ,NAXTAJ,at 298 K,O=C1[N-]S(=O)(=O)c2ccccc12.[NH2+]=C1Nc2ccc(Br)cc2S1,P-1,False,298.0,highT,O=C1[N-]S(=O)(=O)c2ccccc12,[NH2+]=C1Nc2ccc(Br)cc2S1
ITAQEC,ITAQEC,298 K,Cc1cccc2SC(=Nc12)N.COc1cc(cc(OC)c1OC)C(O)=O,P21/c,False,298.0,highT,Cc1cccc2SC(=Nc12)N,COc1cc(cc(OC)c1OC)C(O)=O
FAFGOL02,FAFGOL02,297.6 K,COc1ccc2cccc(CCNC(C)=O)c2c1.Oc1ccc(O)cc1,P212121,False,297.0,highT,COc1ccc2cccc(CCNC(C)=O)c2c1,Oc1ccc(O)cc1
GAZTUA,GAZTUA,298 K,Oc1c(cc(cc1N(=O)=O)N(=O)=O)C(=O)[O-].CC1=C[NH+]=C(N)S1,C2/c,False,298.0,highT,Oc1c(cc(cc1N(=O)=O)N(=O)=O)C(=O)[O-],CC1=C[NH+]=C(N)S1
XAGXOW,XAGXOW,293 K,Brc1ccccc1C(=O)[O-].COc1ccccc1N1CC[NH2+]CC1,P212121,False,293.0,highT,Brc1ccccc1C(=O)[O-],COc1ccccc1N1CC[NH2+]CC1
QUWXAI01,QUWXAI01,296 K,Cc1nc(N)nc(N)n1.OC(=O)c1ccccc1C(O)=O,P21/c,False,296.0,highT,Cc1nc(N)nc(N)n1,OC(=O)c1ccccc1C(O)=O
QOVLIZ,QOVLIZ,293 K,Nc1ccc[nH+]c1Cl.OC(=O)C([O-])(c1ccccc1)c1ccccc1,P21/c,False,293.0,highT,Nc1ccc[nH+]c1Cl,OC(=O)C([O-])(c1ccccc1)c1ccccc1
EZIFAV,EZIFAV,at 298 K,OC(=O)c1cc(F)cc(F)c1.CC1=NN=C2CN=C(c3ccccc3)c3cc(Cl)ccc3N12,P-1,False,298.0,highT,OC(=O)c1cc(F)cc(F)c1,CC1=NN=C2CN=C(c3ccccc3)c3cc(Cl)ccc3N12
FIWYOC,FIWYOC,296 K,OC(=O)c1cccc(Br)c1.N#Cc1ccncc1,P21/c,False,296.0,highT,OC(=O)c1cccc(Br)c1,N#Cc1ccncc1
MUYVIM,MUYVIM,at 300 K,COc1cc[nH+]cc1.O=C1NC(=O)C=C([O-])N1,P-1,False,300.0,highT,COc1cc[nH+]cc1,O=C1NC(=O)C=C([O-])N1
QEYKOU,QEYKOU,at -83deg.C,FC(F)(F)S(=O)(=O)[O-].C[P+](C)(C)N[Si](C)(C)C,P21/c,False,356.0,highT,FC(F)(F)S(=O)(=O)[O-],C[P+](C)(C)N[Si](C)(C)C
YOKSAU,YOKSAU,at 293 K,Nc1[nH+]cc(Br)cc1.Nc1ccc(cc1)C(=O)[O-],P21/n,False,293.0,highT,Nc1[nH+]cc(Br)cc1,Nc1ccc(cc1)C(=O)[O-]
VIDPOO,VIDPOO,at 294 K,Clc1c(Cl)c(Cl)c2C(=O)NC(=O)c2c1Cl.CN(C)C=O,P-1,False,294.0,highT,Clc1c(Cl)c(Cl)c2C(=O)NC(=O)c2c1Cl,CN(C)C=O
DINRUP01,DINRUP01,at 293 K,OC(=O)c1ccc(O)cc1O.NC(=O)c1cccnc1,P-1,False,293.0,highT,OC(=O)c1ccc(O)cc1O,NC(=O)c1cccnc1
SOVQAV,SOVQAV,at 273 K,OC(=O)CCSCCC(O)=O.Nc1cc(N)nc(N)n1,C2/m,False,273.0,highT,OC(=O)CCSCCC(O)=O,Nc1cc(N)nc(N)n1
VEXZUX,VEXZUX,293 K,O=N(=O)c1ccc(cc1)N1CC[NH2+]CC1.Oc1ccccc1C(=O)[O-],P21/n,False,293.0,highT,O=N(=O)c1ccc(cc1)N1CC[NH2+]CC1,Oc1ccccc1C(=O)[O-]
NABCEZ,NABCEZ,at 293 K,OC(=O)C=Cc1ccccc1.CC(=NO)C(C)=NO,P21/c,False,293.0,highT,OC(=O)C=Cc1ccccc1,CC(=NO)C(C)=NO
PONPAK,PONPAK,at 295 K,c1ccccc1.CC(O)=C(C(C)=O)C(=S)Nc1ccccc1,P21/a,False,295.0,highT,c1ccccc1,CC(O)=C(C(C)=O)C(=S)Nc1ccccc1
OXUVUZ,OXUVUZ,at 293 K,CS(=O)(=O)[O-].NS(=O)(=O)C1=NNC(=[NH2+])S1,Cc,False,293.0,highT,CS(=O)(=O)[O-],NS(=O)(=O)C1=NNC(=[NH2+])S1
FEVJUO,FEVJUO,293 K,COc1cc(Cc2c[nH+]c(N)nc2N)cc(OC)c1OC.BrC1=C(SC=C1)C(=O)[O-],P21/c,False,293.0,highT,COc1cc(Cc2c[nH+]c(N)nc2N)cc(OC)c1OC,BrC1=C(SC=C1)C(=O)[O-]
PEQQOS,PEQQOS,at 293 K,CN(C)c1cccc(c1)C(O)=O.COc1cncc(c1)C#Cc1cc(C)nc(N)n1,P21/c,False,293.0,highT,CN(C)c1cccc(c1)C(O)=O,COc1cncc(c1)C#Cc1cc(C)nc(N)n1
FERNOJ,FERNOJ,298 K,O=N(=O)c1cc(c(c(c1)N(=O)=O)S(=O)(=O)[O-])N(=O)=O.[NH3+]C(CC1=CNc2ccccc12)C(O)=O,P21/c,False,298.0,highT,O=N(=O)c1cc(c(c(c1)N(=O)=O)S(=O)(=O)[O-])N(=O)=O,[NH3+]C(CC1=CNc2ccccc12)C(O)=O
FEPQAV,FEPQAV,293.1 K,O=C1CC(=O)NC(=S)N1.NC(N)=NS(=O)(=O)c1ccc(N)cc1,P-1,False,293.0,highT,O=C1CC(=O)NC(=S)N1,NC(N)=NS(=O)(=O)c1ccc(N)cc1
ZEDTIO,ZEDTIO,293 K,[NH3+]C(C)C(O)=O.Cc1ccc(cc1)S(=O)(=O)[O-],P212121,False,293.0,highT,[NH3+]C(C)C(O)=O,Cc1ccc(cc1)S(=O)(=O)[O-]
TEZREX,TEZREX,at 298 K,[NH3+]c1cc(Cl)ccc1O.O=C([O-])c1cc(cc(c1)N(=O)=O)N(=O)=O,P-1,False,298.0,highT,[NH3+]c1cc(Cl)ccc1O,O=C([O-])c1cc(cc(c1)N(=O)=O)N(=O)=O
VEYBAG,VEYBAG,293 K,O=N(=O)c1ccc(cc1)N1CC[NH2+]CC1.Fc1ccc(cc1)C(=O)[O-],P21/n,False,293.0,highT,O=N(=O)c1ccc(cc1)N1CC[NH2+]CC1,Fc1ccc(cc1)C(=O)[O-]
EYURUO,EYURUO,296 K,NC(=O)c1nc(F)cnc1O.OC(=O)c1cc(O)c(O)c(O)c1,P21/n,False,296.0,highT,NC(=O)c1nc(F)cnc1O,OC(=O)c1cc(O)c(O)c(O)c1
ULEWIS,ULEWIS,at 297 K,C(Cc1ccncc1)c1ccncc1.Cc1cc(ccc1N)C(O)=O,P21/c,False,297.0,highT,C(Cc1ccncc1)c1ccncc1,Cc1cc(ccc1N)C(O)=O
KAXNOQ,KAXNOQ,299.1 K,COc1cc(Cc2cnc(N)nc2N)cc(OC)c1OC.OC(=O)CCCCCC(O)=O,P-1,False,299.0,highT,COc1cc(Cc2cnc(N)nc2N)cc(OC)c1OC,OC(=O)CCCCCC(O)=O
SAHBUZ,SAHBUZ,at 293 K,OC(C(O)C(=O)[O-])C(O)=O.OCC1CC2CC[NH+]1CC2C=C,P21,False,293.0,highT,OC(C(O)C(=O)[O-])C(O)=O,OCC1CC2CC[NH+]1CC2C=C
QEDZUX,QEDZUX,293 K,COc1ccc(cc1)C1=C2N(C(=S)NC2=O)C(=C1C#N)N.CN(C)C=O,P21/n,False,293.0,highT,COc1ccc(cc1)C1=C2N(C(=S)NC2=O)C(=C1C#N)N,CN(C)C=O
KIPKUT,KIPKUT,293 K,c1cc(ccn1)C=Cc1ccncc1.OO,Pna21,False,293.0,highT,c1cc(ccn1)C=Cc1ccncc1,OO
LECFAD,LECFAD,293 K,Cc1nc(C)c(C)nc1C.OC(=O)c1ccc(O)c(c1)C(O)=O,P21/n,False,293.0,highT,Cc1nc(C)c(C)nc1C,OC(=O)c1ccc(O)c(c1)C(O)=O
PIPMEJ,PIPMEJ,298 K,[NH3+]C(CO)(CO)CO.Clc1ccc(OCC(=O)[O-])cc1,P21/n,False,298.0,highT,[NH3+]C(CO)(CO)CO,Clc1ccc(OCC(=O)[O-])cc1
GUPCOM,GUPCOM,293 K,Fc1ccc(cc1)N1CC[NH2+]CC1.O=N(=O)c1cc(c([O-])c(c1)N(=O)=O)N(=O)=O,P21/n,False,293.0,highT,Fc1ccc(cc1)N1CC[NH2+]CC1,O=N(=O)c1cc(c([O-])c(c1)N(=O)=O)N(=O)=O
SECYIL,SECYIL,295 K,Cc1ccncc1.BrN1C(=O)CCC1=O,P21,False,295.0,highT,Cc1ccncc1,BrN1C(=O)CCC1=O
BEHKEF,BEHKEF,at 293.1 K,[NH3+]CCO.CC1=CC(=O)N([O-])C(=C1)C1CCCCC1,I41/a,False,293.0,highT,[NH3+]CCO,CC1=CC(=O)N([O-])C(=C1)C1CCCCC1
FAXYOV,FAXYOV,293 K,OC(=O)C=CC(=O)[O-].[NH3+]C(CC1=C[NH+]=CN1)C(=O)[O-],C2,False,293.0,highT,OC(=O)C=CC(=O)[O-],[NH3+]C(CC1=C[NH+]=CN1)C(=O)[O-]
QOLRAN,QOLRAN,298 K,CCCN1C(=O)C(SC1=S)=C1SC(=S)N(CCC)C1=O.c1cc2cccc3c4cccc5cccc(c(c1)c23)c45,P-1,False,298.0,highT,CCCN1C(=O)C(SC1=S)=C1SC(=S)N(CCC)C1=O,c1cc2cccc3c4cccc5cccc(c(c1)c23)c45
DEJNAK,DEJNAK,295 K,Nc1nc(N)nc(N)n1.OC(=O)Cc1ccc(F)cc1,C2/c,False,295.0,highT,Nc1nc(N)nc(N)n1,OC(=O)Cc1ccc(F)cc1
XAPZAS,XAPZAS,293 K,Nc1ccc(N)cc1.Oc1ccc2ccc(O)cc2c1,P21/c,False,293.0,highT,Nc1ccc(N)cc1,Oc1ccc2ccc(O)cc2c1
QOLMIP,QOLMIP,at 293 K,Oc1c(O)c(Cl)c(Cl)c(Cl)c1Cl.Cc1c(C)c2cccnc2c2ncccc12,Pbcn,False,293.0,highT,Oc1c(O)c(Cl)c(Cl)c(Cl)c1Cl,Cc1c(C)c2cccnc2c2ncccc12
PUZZIT,PUZZIT,at 253 K,Oc1ccc2ccccc2c1c1c(O)ccc2ccccc12.Cc1cc(C)cc(N)c1,P-1,False,253.0,highT,Oc1ccc2ccccc2c1c1c(O)ccc2ccccc12,Cc1cc(C)cc(N)c1
JIQLAZ,JIQLAZ,295 K,Nc1ncccn1.NC(=O)N1c2ccccc2C=Cc2ccccc12,P21/a,False,295.0,highT,Nc1ncccn1,NC(=O)N1c2ccccc2C=Cc2ccccc12
FECGUS,FECGUS,296 K,c1cc(ccn1)c1ccncc1.OC(=O)c1ccccc1F,P21/n,False,296.0,highT,c1cc(ccn1)c1ccncc1,OC(=O)c1ccccc1F
QUQBIQ,QUQBIQ,293 K,Cc1ccc(cc1)S(=O)(=O)[O-].[NH2+]=C1SNc2ccc(cc12)N(=O)=O,P-1,False,293.0,highT,Cc1ccc(cc1)S(=O)(=O)[O-],[NH2+]=C1SNc2ccc(cc12)N(=O)=O
RORNOD,RORNOD,at 301 K,c1ccc2nc3ccccc3nc2c1.OB(O)c1ccc(Cl)cc1,P-1,False,301.0,highT,c1ccc2nc3ccccc3nc2c1,OB(O)c1ccc(Cl)cc1
NUVFIV,NUVFIV,293 K,OC(=O)c1ccc(O)cc1.NC(=O)c1cnccn1,Pca21,False,293.0,highT,OC(=O)c1ccc(O)cc1,NC(=O)c1cnccn1
NANQOJ,NANQOJ,at 293 K,OC(=O)c1ccc(cc1)C(O)=O.O1C(=NN=C1c1ccncc1)c1ccncc1,Cmc21,False,293.0,highT,OC(=O)c1ccc(cc1)C(O)=O,O1C(=NN=C1c1ccncc1)c1ccncc1
POVGAK,POVGAK,at 296 K,Cc1ccc(cc1)C1=CC(=NN1c1ccc(cc1)S(N)(=O)=O)C(F)(F)F.c1cc(ccn1)c1ccncc1,P-1,False,296.0,highT,Cc1ccc(cc1)C1=CC(=NN1c1ccc(cc1)S(N)(=O)=O)C(F)(F)F,c1cc(ccn1)c1ccncc1
FAQKAN,FAQKAN,293 K,O=S(=O)([O-])c1ccccc1.CN1C(=O)N(C)C2=C([NH+]=CN2)C1=O,P21/c,False,293.0,highT,O=S(=O)([O-])c1ccccc1,CN1C(=O)N(C)C2=C([NH+]=CN2)C1=O
XIDDAS,XIDDAS,293 K,Cc1cc(O)cc(O)c1.CCOC(=O)C=C(C)c1ccncc1,P21/c,False,293.0,highT,Cc1cc(O)cc(O)c1,CCOC(=O)C=C(C)c1ccncc1
RELPOR,RELPOR,293 K,Fc1ccc(cc1)N1CC[NH2+]CC1.OC(=O)c1cc(cc(c1[O-])N(=O)=O)N(=O)=O,P21/c,False,293.0,highT,Fc1ccc(cc1)N1CC[NH2+]CC1,OC(=O)c1cc(cc(c1[O-])N(=O)=O)N(=O)=O
UNEBOE,UNEBOE,at 293 K,c1cnc2c(c1)ccc1ncccc21.OC(=O)c1cc(C(O)=O)c(cc1C(O)=O)C(O)=O,P-1,False,293.0,highT,c1cnc2c(c1)ccc1ncccc21,OC(=O)c1cc(C(O)=O)c(cc1C(O)=O)C(O)=O
OMUXOK,OMUXOK,at 297 K,OC(=O)c1cc(ccc1O)S(=O)(=O)[O-].[NH2+]1CCOCC1,P-1,False,297.0,highT,OC(=O)c1cc(ccc1O)S(=O)(=O)[O-],[NH2+]1CCOCC1
ORASAC,ORASAC,at 296 K,OC(=O)c1ccc(Oc2ccc(cc2)C(O)=O)cc1.c1cc(ccn1)c1ccncc1,P21/n,False,296.0,highT,OC(=O)c1ccc(Oc2ccc(cc2)C(O)=O)cc1,c1cc(ccn1)c1ccncc1
APUWOA,APUWOA,293 K,OC(=O)c1ccc(O)cc1.CC1=NNC(=O)N(C1)N=Cc1cccnc1,Pbca,False,293.0,highT,OC(=O)c1ccc(O)cc1,CC1=NNC(=O)N(C1)N=Cc1cccnc1
XOWBUJ,XOWBUJ,293 K,O=C([O-])c1ccc(cc1)N(=O)=O.C[NH+](C)CCO,P21/n,False,293.0,highT,O=C([O-])c1ccc(cc1)N(=O)=O,C[NH+](C)CCO
VUCBAY,VUCBAY,295 K,[NH3+]c1ccc(Br)cc1.Cc1ccc(cc1)S(=O)(=O)[O-],P-1,False,295.0,highT,[NH3+]c1ccc(Br)cc1,Cc1ccc(cc1)S(=O)(=O)[O-]
MANXOQ,MANXOQ,at 297 K,OC(C(O)C(=O)[O-])C(O)=O.OC1CC2[NH2+]C1CCC2,P21,False,297.0,highT,OC(C(O)C(=O)[O-])C(O)=O,OC1CC2[NH2+]C1CCC2
GECZEV,GECZEV,at 295 K,FC(F)(F)C(=O)[O-].BrC1=C[NH+]=CNC1C1=CC=CS1,P21/c,False,295.0,highT,FC(F)(F)C(=O)[O-],BrC1=C[NH+]=CNC1C1=CC=CS1
ZEXWIK,ZEXWIK,at 298 K,CCN1C=C(C(O)=O)C(=O)c2ccc(C)nc12.Oc1ccccc1O,P-1,False,298.0,highT,CCN1C=C(C(O)=O)C(=O)c2ccc(C)nc12,Oc1ccccc1O
XOKTOI,XOKTOI,at 298 K,C1N2CN3CN1CN(C2)C3.OC(=O)c1ccc(O)c(O)c1,C2/c,False,298.0,highT,C1N2CN3CN1CN(C2)C3,OC(=O)c1ccc(O)c(O)c1
NUMZIH,NUMZIH,304 K,OC(=O)c1ccc(Cl)cc1.Fc1c(F)c(F)c(N=Cc2ccncc2)c(F)c1F,P-1,False,304.0,highT,OC(=O)c1ccc(Cl)cc1,Fc1c(F)c(F)c(N=Cc2ccncc2)c(F)c1F
PUZXIR,PUZXIR,at 293 K,CS(C)=O.ClC1=NSSC1=C1N=C(SC1=O)C#N,P-1,False,293.0,highT,CS(C)=O,ClC1=NSSC1=C1N=C(SC1=O)C#N
KIPBIX,KIPBIX,293 K,OC1CCCCC1Oc1cccc2ccc[nH+]c12.OC(C(=O)[O-])c1ccccc1,I2,False,293.0,highT,OC1CCCCC1Oc1cccc2ccc[nH+]c12,OC(C(=O)[O-])c1ccccc1
AXAKUG,AXAKUG,at 296 K,c1cc(ccn1)c1ccncc1.OC(=O)c1cncc(c1)C(O)=O,P21/n,False,296.0,highT,c1cc(ccn1)c1ccncc1,OC(=O)c1cncc(c1)C(O)=O
AMUBAM,AMUBAM,at 296 K,CC(=O)Nc1ccc(O)cc1.OC(=O)CC(O)(CC(O)=O)C(O)=O,C2/c,False,296.0,highT,CC(=O)Nc1ccc(O)cc1,OC(=O)CC(O)(CC(O)=O)C(O)=O
PIPMAF,PIPMAF,298 K,Clc1ccc(c(Cl)c1)C(=O)[O-].[NH3+]C(CO)(CO)CO,P21/n,False,298.0,highT,Clc1ccc(c(Cl)c1)C(=O)[O-],[NH3+]C(CO)(CO)CO
VEJQEK,VEJQEK,293.0 K,OC(=O)c1ccc(Br)cc1.Nc1ncccn1,Pnma,False,293.0,highT,OC(=O)c1ccc(Br)cc1,Nc1ncccn1
TEQCAW,TEQCAW,296.1 K,[NH3+]C(CO)(CO)CO.COc1ccc2cc(ccc2c1)C(C)C(=O)[O-],P212121,False,296.0,highT,[NH3+]C(CO)(CO)CO,COc1ccc2cc(ccc2c1)C(C)C(=O)[O-]
KURBUV03,KURBUV03,293 K,[2H]OC(=O)c1c(F)c(F)c(c(F)c1F)C(=O)[O-].[2H][N+]1=CN([2H])C=C1,Pna21,False,293.0,highT,[2H]OC(=O)c1c(F)c(F)c(c(F)c1F)C(=O)[O-],[2H][N+]1=CN([2H])C=C1
JIFHAK,JIFHAK,296 K,OC(=O)c1ccc(O)cc1O.CCOc1ccccc1C(N)=O,P21/n,False,296.0,highT,OC(=O)c1ccc(O)cc1O,CCOc1ccccc1C(N)=O
XAQCUO,XAQCUO,at 23 deg.C,CC([NH2+]C(c1ccccc1)C(F)(F)F)c1ccccc1.Cc1ccc(cc1)S(=O)(=O)[O-],P21,False,296.0,highT,CC([NH2+]C(c1ccccc1)C(F)(F)F)c1ccccc1,Cc1ccc(cc1)S(=O)(=O)[O-]
DENWUP,DENWUP,at 293 K,CN1CC(=O)[NH+]=C1N.O=C([O-])c1ccccc1,P212121,False,293.0,highT,CN1CC(=O)[NH+]=C1N,O=C([O-])c1ccccc1
LACWIY,LACWIY,298 K,Nc1ccc(C(O)=O)c(O)c1.c1cnccn1,C2/c,False,298.0,highT,Nc1ccc(C(O)=O)c(O)c1,c1cnccn1
FADGIC,FADGIC,at 293 K,OC(=O)CCC(O)=O.NNC(=O)c1ccncc1,P21/n,False,293.0,highT,OC(=O)CCC(O)=O,NNC(=O)c1ccncc1
ABUKUF,ABUKUF,at 298 K,Oc1c(cc(cc1N(=O)=O)N(=O)=O)C(=O)[O-].[NH3+]c1ccc(Cl)cc1,P-1,False,298.0,highT,Oc1c(cc(cc1N(=O)=O)N(=O)=O)C(=O)[O-],[NH3+]c1ccc(Cl)cc1
KAYGEY,KAYGEY,at 296 K,O=C(Nc1ccccn1)c1ccncc1.OC(=O)CCCCC(O)=O,P21/c,False,296.0,highT,O=C(Nc1ccccn1)c1ccncc1,OC(=O)CCCCC(O)=O
ULESAG,ULESAG,at 293 K,[NH2+]1CCOCC1.COc1cc(c(C)cc1N)S(=O)(=O)[O-],P21/c,False,293.0,highT,[NH2+]1CCOCC1,COc1cc(c(C)cc1N)S(=O)(=O)[O-]
WUVKII,WUVKII,at 296 K,Nc1nnc(c(N)n1)c1cccc(Cl)c1Cl.NC(=O)c1cccnc1,P-1,False,296.0,highT,Nc1nnc(c(N)n1)c1cccc(Cl)c1Cl,NC(=O)c1cccnc1
TAZPES,TAZPES,293 K,OB(O)c1ccc(Br)cc1.c1ccc2nc3nc4ccccc4nc3nc2c1,P-1,False,293.0,highT,OB(O)c1ccc(Br)cc1,c1ccc2nc3nc4ccccc4nc3nc2c1
HOGLEX,HOGLEX,298.1 K,c1cc(ccn1)C=Cc1ccncc1.Oc1c(Cl)cc(Cl)cc1Cl,P21/c,False,298.0,highT,c1cc(ccn1)C=Cc1ccncc1,Oc1c(Cl)cc(Cl)cc1Cl
APUVUF,APUVUF,293 K,OC(=O)c1cc(O)ccc1O.CC1=NNC(=O)N(C1)N=Cc1cccnc1,P21/c,False,293.0,highT,OC(=O)c1cc(O)ccc1O,CC1=NNC(=O)N(C1)N=Cc1cccnc1
AZOQAI,AZOQAI,at 293 K,CCc1[nH+]c(N)nc(N)c1c1ccc(Cl)cc1.CCC(=O)Nc1ccccc1C(=O)[O-],C2/c,False,293.0,highT,CCc1[nH+]c(N)nc(N)c1c1ccc(Cl)cc1,CCC(=O)Nc1ccccc1C(=O)[O-]
FOWSAM,FOWSAM,at 298 K,OC(=O)c1cc(F)c(F)c(F)c1F.c1cc(ccn1)c1ccncc1,P21/c,False,298.0,highT,OC(=O)c1cc(F)c(F)c(F)c1F,c1cc(ccn1)c1ccncc1
MAFQIU,MAFQIU,at 296.1 K,CC(C)(c1ccc(O)cc1)c1ccc(O)cc1.c1ccc2ncccc2c1,P21/a,False,296.0,highT,CC(C)(c1ccc(O)cc1)c1ccc(O)cc1,c1ccc2ncccc2c1
NELYOW,NELYOW,296 K,Clc1ccc(CNC(=O)[O-])cc1.[NH3+]Cc1ccc(Cl)cc1,P1,False,296.0,highT,Clc1ccc(CNC(=O)[O-])cc1,[NH3+]Cc1ccc(Cl)cc1
NAVHIC,NAVHIC,at 293 K,CC1(C)C2CCC1(CS(=O)(=O)[O-])C(=O)C2.[NH3+]CCNc1ccc(cc1)N(=O)=O,P21,False,293.0,highT,CC1(C)C2CCC1(CS(=O)(=O)[O-])C(=O)C2,[NH3+]CCNc1ccc(cc1)N(=O)=O
LAGSUK,LAGSUK,296 K,NC(=O)c1ccncc1.OC(=O)c1ccc(O)cc1O,P-1,False,296.0,highT,NC(=O)c1ccncc1,OC(=O)c1ccc(O)cc1O
OFEQIZ,OFEQIZ,at 293 K,Oc1ccc(cc1)C1(CCCCC1)c1ccc(O)cc1.Cc1cc(C)cc(N)c1,P-1,False,293.0,highT,Oc1ccc(cc1)C1(CCCCC1)c1ccc(O)cc1,Cc1cc(C)cc(N)c1
WUFVUP,WUFVUP,at 293 K,OC(C(O)C(=O)[O-])C(O)=O.OC(=O)C[N+]12CCC(CC1)CC2,P21,False,293.0,highT,OC(C(O)C(=O)[O-])C(O)=O,OC(=O)C[N+]12CCC(CC1)CC2
YECYIS,YECYIS,298 K,OC(=O)c1ccc(O)cc1.CN1C(=O)N(C)C2=C(N(CC(O)=O)C=N2)C1=O,P21/n,False,298.0,highT,OC(=O)c1ccc(O)cc1,CN1C(=O)N(C)C2=C(N(CC(O)=O)C=N2)C1=O
CEXGAR,CEXGAR,293 K,Oc1ccc2ccc(O)cc2c1.c1cc(ccn1)N=Nc1ccncc1,C2/c,False,293.0,highT,Oc1ccc2ccc(O)cc2c1,c1cc(ccn1)N=Nc1ccncc1
HAGWET,HAGWET,at 293 K,OC(=O)c1ccc(O)cc1.C1CNCCN1,P21/c,False,293.0,highT,OC(=O)c1ccc(O)cc1,C1CNCCN1
HEWWAI,HEWWAI,at 293 K,OC(=O)C(=O)[O-].OC(=O)c1c[nH+]ccc1,P21/m,False,293.0,highT,OC(=O)C(=O)[O-],OC(=O)c1c[nH+]ccc1
GIHGEK,GIHGEK,at 293 K,OC(=O)C=CC(=O)[O-].[NH3+]C(CCCNC(N)=[NH2+])C(=O)[O-],P1,False,293.0,highT,OC(=O)C=CC(=O)[O-],[NH3+]C(CCCNC(N)=[NH2+])C(=O)[O-]
LAGSOE,LAGSOE,296 K,NC(=O)c1ccncc1.OC(=O)c1cccc(O)c1O,P-1,False,296.0,highT,NC(=O)c1ccncc1,OC(=O)c1cccc(O)c1O
GIDFIM,GIDFIM,294 K,OC(=O)C=CC(=O)[O-].[NH3+]CC1CCC(CC1)C(O)=O,P-1,False,294.0,highT,OC(=O)C=CC(=O)[O-],[NH3+]CC1CCC(CC1)C(O)=O
VESYUQ,VESYUQ,293 K,NC(=O)c1ccncc1.COc1cc(C=O)ccc1O,P-1,False,293.0,highT,NC(=O)c1ccncc1,COc1cc(C=O)ccc1O
RURROM,RURROM,at 293.1 K,OC1=C(F)C(=O)C(=C(F)C1=O)O.c1ccc2nc3ccccc3nc2c1,P21/n,False,293.0,highT,OC1=C(F)C(=O)C(=C(F)C1=O)O,c1ccc2nc3ccccc3nc2c1
EBOLEP,EBOLEP,293 K,OC(=O)C#CC(O)=O.CN1C(=C(O)c2ccccc2S1(=O)=O)C(=O)NC1=NC=C(C)S1,P-1,False,293.0,highT,OC(=O)C#CC(O)=O,CN1C(=C(O)c2ccccc2S1(=O)=O)C(=O)NC1=NC=C(C)S1
EVETAB,EVETAB,at 293 K,NC(N)=O.OC(=O)CCCCCC(O)=O,C2/c,False,293.0,highT,NC(N)=O,OC(=O)CCCCCC(O)=O
TAZMOZ,TAZMOZ,293 K,c1cnc2ncccc2c1.OB(O)c1cccc2ccccc12,P21/n,False,293.0,highT,c1cnc2ncccc2c1,OB(O)c1cccc2ccccc12
SABVUP,SABVUP,296 K,C(Nc1ccccn1)c1ccccc1.OC(=O)C(O)=O,Cc,False,296.0,highT,C(Nc1ccccn1)c1ccccc1,OC(=O)C(O)=O
HAZMAA01,HAZMAA01,293 K,C[NH2+]CCO.Clc1cc(ccc1C(=O)[O-])N(=O)=O,Pna21,False,293.0,highT,C[NH2+]CCO,Clc1cc(ccc1C(=O)[O-])N(=O)=O
LIQFAU,LIQFAU,at 296 K,Cc1cc(C)nc(N)n1.CC=CC=CC(O)=O,P-1,False,296.0,highT,Cc1cc(C)nc(N)n1,CC=CC=CC(O)=O
UGOTER,UGOTER,293 K,CC1=CN=C(N)S1.OC(=O)CCCCCCCCCCC(O)=O,P-1,False,293.0,highT,CC1=CN=C(N)S1,OC(=O)CCCCCCCCCCC(O)=O
TACBAC,TACBAC,at 293 K,OC(=O)CCCCCCCCC(O)=O.C(Cc1ccncc1)c1ccncc1,P-1,False,293.0,highT,OC(=O)CCCCCCCCC(O)=O,C(Cc1ccncc1)c1ccncc1
MOGZEP,MOGZEP,at 293 K,OC(=O)CCC(O)=O.Cc1ccc(cn1)c1ncc(Cl)cc1c1ccc(cc1)S(C)(=O)=O,P21/n,False,293.0,highT,OC(=O)CCC(O)=O,Cc1ccc(cn1)c1ncc(Cl)cc1c1ccc(cc1)S(C)(=O)=O
JAZBES,JAZBES,at 298 K,OC(=O)CCC(O)=O.C(Cc1ccncc1)Cc1ccncc1,C2/c,False,298.0,highT,OC(=O)CCC(O)=O,C(Cc1ccncc1)Cc1ccncc1
XERBUU,XERBUU,293 K,N#Cc1cc(C#N)c(cc1C#N)C#N.O=CN1c2ccccc2c2ccccc12,P21/n,False,293.0,highT,N#Cc1cc(C#N)c(cc1C#N)C#N,O=CN1c2ccccc2c2ccccc12
HEYDOI,HEYDOI,300.0 K,Oc1ccc2cc(ccc2c1)C(=O)[O-].Nc1c(Br)cc(Br)cc1C[NH2+]C1CCC(O)CC1,P21/n,False,300.0,highT,Oc1ccc2cc(ccc2c1)C(=O)[O-],Nc1c(Br)cc(Br)cc1C[NH2+]C1CCC(O)CC1
XIBDOD,XIBDOD,at 295 K,Oc1cc(cc(O)c1O)C(=O)[O-].NC(=[NH2+])NC(N)=S,P21/c,False,295.0,highT,Oc1cc(cc(O)c1O)C(=O)[O-],NC(=[NH2+])NC(N)=S
HEBQUC,HEBQUC,at 293 K,[NH3+]c1cccc(O)c1.Cc1ccc(C)c(c1)S(=O)(=O)[O-],Pna21,False,293.0,highT,[NH3+]c1cccc(O)c1,Cc1ccc(C)c(c1)S(=O)(=O)[O-]
AJACOF,AJACOF,295 K,NC(N)=S.O=C1C(=O)c2ccccc2c2ccccc12,Pbcn,False,295.0,highT,NC(N)=S,O=C1C(=O)c2ccccc2c2ccccc12
SECZEI,SECZEI,295 K,COC(=O)c1ccncc1.BrN1C(=O)CCC1=O,P21/c,False,295.0,highT,COC(=O)c1ccncc1,BrN1C(=O)CCC1=O
AJODOU,AJODOU,294 K,[NH3+]C(CO)C(O)=O.O=N(=O)c1cc(c([O-])c(c1)N(=O)=O)N(=O)=O,P21,False,294.0,highT,[NH3+]C(CO)C(O)=O,O=N(=O)c1cc(c([O-])c(c1)N(=O)=O)N(=O)=O
BAQQIW,BAQQIW,293 K,O=C1NC(=O)C(=C[N-]1)N(=O)=O.[NH3+]C(CC1=C[NH+]=CN1)C(=O)[O-],P21,False,293.0,highT,O=C1NC(=O)C(=C[N-]1)N(=O)=O,[NH3+]C(CC1=C[NH+]=CN1)C(=O)[O-]
DINLAN02,DINLAN02,at 300 K,OC(C(=O)[O-])c1ccccc1.C[NH2+]C(C)C(O)c1ccccc1,C2,False,300.0,highT,OC(C(=O)[O-])c1ccccc1,C[NH2+]C(C)C(O)c1ccccc1
PUTMAU,PUTMAU,295 K,c1ccc2nc3ccccc3cc2c1.OC(=O)c1ccccc1,P21/n,False,295.0,highT,c1ccc2nc3ccccc3cc2c1,OC(=O)c1ccccc1
DAYWAC01,DAYWAC01,at 293 K,OC(=O)C=Cc1ccccc1.Cc1cc(C)nc(N)n1,P-1,False,293.0,highT,OC(=O)C=Cc1ccccc1,Cc1cc(C)nc(N)n1
WASRER,WASRER,293 K,NC(=O)c1c[nH+]ccc1.OC(=O)C(Br)C(Br)C(=O)[O-],P-1,False,293.0,highT,NC(=O)c1c[nH+]ccc1,OC(=O)C(Br)C(Br)C(=O)[O-]
SIPVET,SIPVET,at 291 K,CC1(C)OC2OC3C[NH2+]CC3(O)C2O1.Cc1ccc(cc1)S(=O)(=O)[O-],P21,False,291.0,highT,CC1(C)OC2OC3C[NH2+]CC3(O)C2O1,Cc1ccc(cc1)S(=O)(=O)[O-]
IPAYIK,IPAYIK,273.1 K,Cc1ccnc2N(C3CC3)c3ncccc3C(=O)Nc12.COC(=O)c1cc(ccc1C(O)=O)C(O)=O,P-1,False,273.0,highT,Cc1ccnc2N(C3CC3)c3ncccc3C(=O)Nc12,COC(=O)c1cc(ccc1C(O)=O)C(O)=O
OYUYEP,OYUYEP,297 K,Cc1cccc(C)c1NC(=O)CN1CCCC1=O.OC(=O)c1cc(O)cc(c1)C(O)=O,P21/c,False,297.0,highT,Cc1cccc(C)c1NC(=O)CN1CCCC1=O,OC(=O)c1cc(O)cc(c1)C(O)=O
VEFVIM,VEFVIM,at 298 K,OC(=O)c1cc(O)cc(O)c1.C(Cc1ccncc1)c1ccncc1,P-1,False,298.0,highT,OC(=O)c1cc(O)cc(O)c1,C(Cc1ccncc1)c1ccncc1
KEKGAJ,KEKGAJ,at 296 K,Nc1ncccn1.OC(=O)CN1C(=O)c2ccccc2C1=O,Pbcn,False,296.0,highT,Nc1ncccn1,OC(=O)CN1C(=O)c2ccccc2C1=O
XABLOE,XABLOE,293 K,[NH2+]=C1NC=CS1.O=C([O-])c1ccccc1,C2/c,False,293.0,highT,[NH2+]=C1NC=CS1,O=C([O-])c1ccccc1
HUNWUI,HUNWUI,at 293 K,NC1=NON=C1N.C1COCCOCCOCCOCCO1,P21/c,False,293.0,highT,NC1=NON=C1N,C1COCCOCCOCCOCCO1
BIGHAD,BIGHAD,300 K,CC(=O)N1c2ccccc2N(C(C)=O)c2nc3ccccc3nc12.CC(=O)OC(C)=O,I2/a,False,300.0,highT,CC(=O)N1c2ccccc2N(C(C)=O)c2nc3ccccc3nc12,CC(=O)OC(C)=O
AZUMEO,AZUMEO,at 298 K,CS(C)=O.OC(=O)CNC(=S)NC(=O)C=Cc1ccccc1,P-1,False,298.0,highT,CS(C)=O,OC(=O)CNC(=S)NC(=O)C=Cc1ccccc1
BUTBOJ,BUTBOJ,300 K,[NH3+]C(CO)C(O)=O.OC1=C([O-])C(=O)C1=O,P21/n,False,300.0,highT,[NH3+]C(CO)C(O)=O,OC1=C([O-])C(=O)C1=O
FATQEA,FATQEA,296 K,CC(C)(c1ccc(O)cc1)c1ccc(O)cc1.C1C=NC23N=CCC12CC=N3,Pbcm,False,296.0,highT,CC(C)(c1ccc(O)cc1)c1ccc(O)cc1,C1C=NC23N=CCC12CC=N3
EXIBIX,EXIBIX,at 293 K,OC(=O)c1ccccc1Cl.Cc1cc(C)nc(N)n1,P21/c,False,293.0,highT,OC(=O)c1ccccc1Cl,Cc1cc(C)nc(N)n1
ULICAV,ULICAV,293 K,O=C([O-])CN1C(=O)Oc2ccccc12.[NH3+]CCO,P21/c,False,293.0,highT,O=C([O-])CN1C(=O)Oc2ccccc12,[NH3+]CCO
RALRUS,RALRUS,at 293 K,[NH3+]C(Cc1ccccc1)C(O)=O.OC(=O)CC(=O)[O-],P21,False,293.0,highT,[NH3+]C(Cc1ccccc1)C(O)=O,OC(=O)CC(=O)[O-]
ROGLIJ,ROGLIJ,at 291 K,OC(=O)c1cc(ccc1O)S(=O)(=O)[O-].OC(=O)C1=CSC(=N1)c1cc[nH+]cc1,P-1,False,291.0,highT,OC(=O)c1cc(ccc1O)S(=O)(=O)[O-],OC(=O)C1=CSC(=N1)c1cc[nH+]cc1
COWJUU,COWJUU,at 293 K,Fc1c(F)c(c(F)c(F)c1Br)C(=O)[O-].COc1cncc(c1)C#Cc1cc(C)[nH+]c(N)n1,P-1,False,293.0,highT,Fc1c(F)c(c(F)c(F)c1Br)C(=O)[O-],COc1cncc(c1)C#Cc1cc(C)[nH+]c(N)n1
CIXMAZ,CIXMAZ,at 298 K,Oc1c(cc(cc1N(=O)=O)N(=O)=O)C(=O)[O-].[NH2+]=C1Nc2ccc(Br)cc2S1,C2/c,False,298.0,highT,Oc1c(cc(cc1N(=O)=O)N(=O)=O)C(=O)[O-],[NH2+]=C1Nc2ccc(Br)cc2S1
QOLROB,QOLROB,298 K,CCN1C(=O)SC(C1=S)=C1SC(=O)N(CC)C1=S.c1cc2ccc3ccc4ccc5ccc6ccc1c1c2c3c4c5c61,P-1,False,298.0,highT,CCN1C(=O)SC(C1=S)=C1SC(=O)N(CC)C1=S,c1cc2ccc3ccc4ccc5ccc6ccc1c1c2c3c4c5c61
KEVSAG,KEVSAG,at 293 K,COC(C#N)(C#N)c1c(F)c(F)c(c(F)c1F)[C-](C#N)C#N.NC1=[NH+]C(=O)NC=C1,P-1,False,293.0,highT,COC(C#N)(C#N)c1c(F)c(F)c(c(F)c1F)[C-](C#N)C#N,NC1=[NH+]C(=O)NC=C1
KADHIK,KADHIK,294 K,OC(=O)c1c(Br)c(Br)c(C(O)=O)c(Br)c1Br.Brc1cccnc1,P-1,False,294.0,highT,OC(=O)c1c(Br)c(Br)c(C(O)=O)c(Br)c1Br,Brc1cccnc1
ACIFAT,ACIFAT,at 293 K,[NH3+]c1ccc(cc1)S(N)(=O)=O.OC(=O)c1cc(cc(c1[O-])N(=O)=O)N(=O)=O,P-1,False,293.0,highT,[NH3+]c1ccc(cc1)S(N)(=O)=O,OC(=O)c1cc(cc(c1[O-])N(=O)=O)N(=O)=O
QEPJAX,QEPJAX,at 298 K,O=C[O-].[NH3+]CCNc1ccc(cc1)N(=O)=O,Pbca,False,298.0,highT,O=C[O-],[NH3+]CCNc1ccc(cc1)N(=O)=O
DUCCAI,DUCCAI,296 K,N#Cc1ccncc1.OC(=O)c1ccc(Cl)cc1,P-1,False,296.0,highT,N#Cc1ccncc1,OC(=O)c1ccc(Cl)cc1
XELBEZ,XELBEZ,293 K,CC1=CC2[NH+](CCCC2O)CC1.O=N(=O)c1cc(c([O-])c(c1)N(=O)=O)N(=O)=O,P21/c,False,293.0,highT,CC1=CC2[NH+](CCCC2O)CC1,O=N(=O)c1cc(c([O-])c(c1)N(=O)=O)N(=O)=O
AYEHOB,AYEHOB,at 273 K,CC1(C)OC(=O)C(=C([O-])O1)Br.CC(C)N1C(=C(C)[N+](=C1Br)C(C)C)C,C2/c,False,273.0,highT,CC1(C)OC(=O)C(=C([O-])O1)Br,CC(C)N1C(=C(C)[N+](=C1Br)C(C)C)C
GELSUM,GELSUM,at 293 K,CC(NC(=O)C1[NH2+]CCC1)c1ccccc1.FC(F)(F)C(=O)[O-],P41212,False,293.0,highT,CC(NC(=O)C1[NH2+]CCC1)c1ccccc1,FC(F)(F)C(=O)[O-]
GOLGIZ,GOLGIZ,at 296 K,O[n+]1ccc(cc1)c1ccncc1.COS(=O)(=O)[O-],P-1,False,296.0,highT,O[n+]1ccc(cc1)c1ccncc1,COS(=O)(=O)[O-]
TACCIL,TACCIL,at 293 K,OC(=O)CCC(O)=O.C(Cc1ccncc1)c1ccncc1,C2/c,False,293.0,highT,OC(=O)CCC(O)=O,C(Cc1ccncc1)c1ccncc1
MILGAT,MILGAT,296 K,OC(=O)c1cccc(c1)C(O)=O.Nc1ncnc(N)c1C=O,P21,False,296.0,highT,OC(=O)c1cccc(c1)C(O)=O,Nc1ncnc(N)c1C=O
QEPJEB,QEPJEB,at 298 K,CC(=O)[O-].[NH3+]CCNc1ccc(cc1)N(=O)=O,Pc,False,298.0,highT,CC(=O)[O-],[NH3+]CCNc1ccc(cc1)N(=O)=O
VIWBIM,VIWBIM,at -60 deg.C,O=P(c1ccccc1)(c1ccccc1)c1ccccc1.O=C(NC(=O)c1ccccc1)c1ccccc1,P21/c,False,333.0,highT,O=P(c1ccccc1)(c1ccccc1)c1ccccc1,O=C(NC(=O)c1ccccc1)c1ccccc1
ACOPUG,ACOPUG,296 K,COc1cc(C=CC(O)=O)ccc1O.NC(=O)c1cnccn1,P-1,False,296.0,highT,COc1cc(C=CC(O)=O)ccc1O,NC(=O)c1cnccn1
RORPUL,RORPUL,at 301 K,OB(O)c1ccc(Br)cc1.c1ccc2nc3ccccc3cc2c1,P-1,False,301.0,highT,OB(O)c1ccc(Br)cc1,c1ccc2nc3ccccc3cc2c1
GAXFOC,GAXFOC,at 298 K,OC(=O)c1ccccc1C(=O)[O-].[NH2+]=C1NC(=O)N(C=C1)C1CSC(CO)O1,P212121,False,298.0,highT,OC(=O)c1ccccc1C(=O)[O-],[NH2+]=C1NC(=O)N(C=C1)C1CSC(CO)O1
GETYIO,GETYIO,at 293 K,Oc1ccc(O)cc1.Oc1ccncc1,P21/c,False,293.0,highT,Oc1ccc(O)cc1,Oc1ccncc1
LEWROY,LEWROY,296 K,CNC(N)=O.OC(=O)c1ccccc1,P21/c,False,296.0,highT,CNC(N)=O,OC(=O)c1ccccc1
MILKOL,MILKOL,293 K,OC(=O)c1cc(O)ccc1O.NC(N)=O,P21,False,293.0,highT,OC(=O)c1cc(O)ccc1O,NC(N)=O
OTIZAT,OTIZAT,at 298 K,NC(N)=O.OCCCCCCCCO,P21/c,False,298.0,highT,NC(N)=O,OCCCCCCCCO
XIXTOQ,XIXTOQ,296 K,OC(=O)c1cccc(Cl)c1.N#Cc1ccncc1,P21/c,False,296.0,highT,OC(=O)c1cccc(Cl)c1,N#Cc1ccncc1
LOHNOM,LOHNOM,at 296 K,Oc1ccc2cc(Br)ccc2c1.C1CNCCN1,P21/n,False,296.0,highT,Oc1ccc2cc(Br)ccc2c1,C1CNCCN1
ULAXOU,ULAXOU,at 293 K,OC(=O)C=CC(=O)[O-].CCc1[nH+]c(N)nc(N)c1c1ccc(Cl)cc1,P21/c,False,293.0,highT,OC(=O)C=CC(=O)[O-],CCc1[nH+]c(N)nc(N)c1c1ccc(Cl)cc1
DAMSAM,DAMSAM,at 293 K,BrC1=C(Br)C(=O)NC1=O.Brc1cnc2c(c1)C(=O)c1cc(Br)cnc21,I41md,False,293.0,highT,BrC1=C(Br)C(=O)NC1=O,Brc1cnc2c(c1)C(=O)c1cc(Br)cnc21
FEVKEZ,FEVKEZ,293 K,CC1=CC=C(S1)C(=O)[O-].COc1cc(Cc2c[nH+]c(N)nc2N)cc(OC)c1OC,P-1,False,293.0,highT,CC1=CC=C(S1)C(=O)[O-],COc1cc(Cc2c[nH+]c(N)nc2N)cc(OC)c1OC
TUQHUJ,TUQHUJ,at 293 K,FC(F)(F)C(=O)[O-].[NH3+]C(C)(C)COC,P212121,False,293.0,highT,FC(F)(F)C(=O)[O-],[NH3+]C(C)(C)COC
PUJBOM,PUJBOM,at 293 K,Cc1cc(C)nc(N)n1.Nc1ccccc1C(O)=O,P-1,False,293.0,highT,Cc1cc(C)nc(N)n1,Nc1ccccc1C(O)=O
KELVEE,KELVEE,at 295 K,Clc1ccc(OCC(=O)[O-])cc1.OCC[NH+](CCO)CCO,P21/c,False,295.0,highT,Clc1ccc(OCC(=O)[O-])cc1,OCC[NH+](CCO)CCO
QOVHOZ,QOVHOZ,at 298 K,c1cc(ccn1)C=Cc1ccncc1.Oc1cccc2ccccc12,P21/c,False,298.0,highT,c1cc(ccn1)C=Cc1ccncc1,Oc1cccc2ccccc12
TILYEV,TILYEV,293 K,CCCSc1ccc2[NH+]=C(NC(=O)OC)Nc2c1.Cc1ccc(cc1)S(=O)(=O)[O-],P21/n,False,293.0,highT,CCCSc1ccc2[NH+]=C(NC(=O)OC)Nc2c1,Cc1ccc(cc1)S(=O)(=O)[O-]
AWIDER,AWIDER,296 K,O=N(=O)c1ccc([O-])cc1.[NH3+]CCCCC([NH3+])C(=O)[O-],P212121,False,296.0,highT,O=N(=O)c1ccc([O-])cc1,[NH3+]CCCCC([NH3+])C(=O)[O-]
COGCUZ,COGCUZ,296 K,CCOC(=O)c1ccccn1.OC(=O)C=CC(O)=O,P21/c,False,296.0,highT,CCOC(=O)c1ccccn1,OC(=O)C=CC(O)=O
ZEXHES,ZEXHES,296 K,OC(=O)c1ccc(Cl)cc1.Oc1ccc(Br)cc1C=Nc1cccnc1,C2/c,False,296.0,highT,OC(=O)c1ccc(Cl)cc1,Oc1ccc(Br)cc1C=Nc1cccnc1
BIXBUI,BIXBUI,295 K,[NH2+]=C(O)N1c2ccccc2C=Cc2ccccc12.O=N(=O)c1cc(c([O-])c(c1)N(=O)=O)N(=O)=O,P21/n,False,295.0,highT,[NH2+]=C(O)N1c2ccccc2C=Cc2ccccc12,O=N(=O)c1cc(c([O-])c(c1)N(=O)=O)N(=O)=O
QOLRER,QOLRER,298 K,CCN1C(=O)SC(C1=S)=C1SC(=O)N(CC)C1=S.c1cc2ccc3cccc4ccc(c1)c2c34,P-1,False,298.0,highT,CCN1C(=O)SC(C1=S)=C1SC(=O)N(CC)C1=S,c1cc2ccc3cccc4ccc(c1)c2c34
IFUQAC,IFUQAC,at 291 K,c1cc(ccn1)c1ccncc1.OC(=O)CC#N,P21/n,False,291.0,highT,c1cc(ccn1)c1ccncc1,OC(=O)CC#N
TENVUF,TENVUF,at 296 K,OC(=O)C=CC(=O)[O-].[NH3+]C(CC1=C[NH+]=CN1)C(=O)[O-],P21,False,296.0,highT,OC(=O)C=CC(=O)[O-],[NH3+]C(CC1=C[NH+]=CN1)C(=O)[O-]
RUBZUM,RUBZUM,293.1 K,O=N(=O)N=C1N[N-]C(=N1)C1=NC(N[N-]1)=NN(=O)=O.[NH3+]NC(=O)N[NH3+],P-1,False,293.0,highT,O=N(=O)N=C1N[N-]C(=N1)C1=NC(N[N-]1)=NN(=O)=O,[NH3+]NC(=O)N[NH3+]
LOQZEZ,LOQZEZ,293 K,[NH3+]CCCOC.OC(=O)c1c(F)c(F)c(c(F)c1F)C(=O)[O-],P21/c,False,293.0,highT,[NH3+]CCCOC,OC(=O)c1c(F)c(F)c(c(F)c1F)C(=O)[O-]
LAGTAR,LAGTAR,296 K,NC(=O)c1ccncc1.OC(=O)c1cc(O)ccc1O,P21/c,False,296.0,highT,NC(=O)c1ccncc1,OC(=O)c1cc(O)ccc1O
NIJGUK,NIJGUK,296 K,Nc1nc(N)nc(n1)c1ccccc1.OC(=O)C=CC(O)=O,Pca21,False,296.0,highT,Nc1nc(N)nc(n1)c1ccccc1,OC(=O)C=CC(O)=O
LIGZUX,LIGZUX,at 293 K,O=C([O-])c1ccc(cc1)N(=O)=O.[NH3+]CCO,P21/c,False,293.0,highT,O=C([O-])c1ccc(cc1)N(=O)=O,[NH3+]CCO
LOMZIY,LOMZIY,296 K,ClC(Cl)(Cl)C(=O)[O-].[NH3+]c1cccc(c1)N(=O)=O,P21,False,296.0,highT,ClC(Cl)(Cl)C(=O)[O-],[NH3+]c1cccc(c1)N(=O)=O
EHOZOT,EHOZOT,293 K,c1cc(ccn1)c1ccncc1.CCCCCCCCc1ccc(cc1)C(O)=O,P-1,False,293.0,highT,c1cc(ccn1)c1ccncc1,CCCCCCCCc1ccc(cc1)C(O)=O
JUNDEE,JUNDEE,293 K,CC[NH2+]CCO.Nc1ccc(cc1)C(=O)[O-],P21/c,False,293.0,highT,CC[NH2+]CCO,Nc1ccc(cc1)C(=O)[O-]
MICLEQ,MICLEQ,at 293 K,CC(C)=CC1C(C(=O)[O-])C1(C)C.CSc1ccc(cc1)C(O)C(CO)[NH+](C)C,P21,False,293.0,highT,CC(C)=CC1C(C(=O)[O-])C1(C)C,CSc1ccc(cc1)C(O)C(CO)[NH+](C)C
CIRXIL,CIRXIL,at 293 K,NN1C=NN=C1.OC(=O)CCCCC(O)=O,P21/c,False,293.0,highT,NN1C=NN=C1,OC(=O)CCCCC(O)=O
PELMOL,PELMOL,293 K,c1cc(ccn1)c1ccncc1.OB(O)c1ccc(cc1)C#N,P-1,False,293.0,highT,c1cc(ccn1)c1ccncc1,OB(O)c1ccc(cc1)C#N
QUFSIV,QUFSIV,296 K,OC(=O)c1ccccc1C(=O)[O-].[NH3+]c1ccc(Cl)c(Cl)c1,C2/c,False,296.0,highT,OC(=O)c1ccccc1C(=O)[O-],[NH3+]c1ccc(Cl)c(Cl)c1
FARQIC,FARQIC,293 K,CS(C)=O.OC(=O)C(=O)Nc1ccc(NC(=O)C(O)=O)cc1,P21/c,False,293.0,highT,CS(C)=O,OC(=O)C(=O)Nc1ccc(NC(=O)C(O)=O)cc1
MUFCOF,MUFCOF,at 293 K,OCCC1[NH2+]CCCC1.CC1(C)C2CCC1(CS(=O)(=O)[O-])C(=O)C2,P21,False,293.0,highT,OCCC1[NH2+]CCCC1,CC1(C)C2CCC1(CS(=O)(=O)[O-])C(=O)C2
SIZFUD,SIZFUD,at 298 K,OB1OB(O)O[B-](O)(O)O1.[NH3+]C(C)(C)CO,P-1,False,298.0,highT,OB1OB(O)O[B-](O)(O)O1,[NH3+]C(C)(C)CO
OJEPIC,OJEPIC,at 293 K,Cl.OC(C(O)C(O)=O)C(O)=O,C2,False,293.0,highT,Cl,OC(C(O)C(O)=O)C(O)=O
QALDUE,QALDUE,at 298 K,OC(=O)c1cc(cc(c1)C(O)=O)C(O)=O.c1ccc2nc3ccccc3cc2c1,P-1,False,298.0,highT,OC(=O)c1cc(cc(c1)C(O)=O)C(O)=O,c1ccc2nc3ccccc3cc2c1
KAXSIN,KAXSIN,at 293 K,OCC(O)=O.COc1ccc2cccc(CCNC(C)=O)c2c1,P21/c,False,293.0,highT,OCC(O)=O,COc1ccc2cccc(CCNC(C)=O)c2c1
DINSOK01,DINSOK01,at 293 K,OC(=O)c1cccc(O)c1.c1ccc2nc3ccccc3cc2c1,P21/n,False,293.0,highT,OC(=O)c1cccc(O)c1,c1ccc2nc3ccccc3cc2c1
XITMUM,XITMUM,293 K,NC(=O)c1ccncc1.OC(=O)CSCc1ccccc1,P-1,False,293.0,highT,NC(=O)c1ccncc1,OC(=O)CSCc1ccccc1
GUPXIB,GUPXIB,296 K,O=S(=O)([O-])c1ccccc1.CN1CC(=O)NC1=[NH2+],P21,False,296.0,highT,O=S(=O)([O-])c1ccccc1,CN1CC(=O)NC1=[NH2+]
RUVPEE,RUVPEE,at 293 K,FC(F)(F)C(=O)[O-].Nc1[nH+]cnc2N(CCC(O)=O)C=Nc12,P21,False,293.0,highT,FC(F)(F)C(=O)[O-],Nc1[nH+]cnc2N(CCC(O)=O)C=Nc12
IRUGIM,IRUGIM,at 296 K,Nc1cccc(N)n1.O=C1NC(=O)C=C1,P21/c,False,296.0,highT,Nc1cccc(N)n1,O=C1NC(=O)C=C1
VEGHUN,VEGHUN,293.4 K,NNC(=O)c1ccncc1.OS(=O)(=O)c1cccc2c1cccc2S(O)(=O)=O,P21/c,False,293.0,highT,NNC(=O)c1ccncc1,OS(=O)(=O)c1cccc2c1cccc2S(O)(=O)=O
EXEZOX,EXEZOX,at 293 K,Cc1cc(Cl)nc(N)n1.Cc1cccc(c1)C(O)=O,P21/c,False,293.0,highT,Cc1cc(Cl)nc(N)n1,Cc1cccc(c1)C(O)=O
OTIZIB,OTIZIB,at 296 K,NC(N)=O.OCCCCCCCCCCCCO,P-1,False,296.0,highT,NC(N)=O,OCCCCCCCCCCCCO
EFEBAW,EFEBAW,297 K,[NH3+]CCN1CCOCC1.O=N(=O)c1cc(c([O-])c(c1)N(=O)=O)N(=O)=O,P-1,False,297.0,highT,[NH3+]CCN1CCOCC1,O=N(=O)c1cc(c([O-])c(c1)N(=O)=O)N(=O)=O
ESATUN,ESATUN,at 293 K,OC(=O)c1c(F)c(F)c(F)c(F)c1F.NC(=O)c1ccccc1,P21/n,False,293.0,highT,OC(=O)c1c(F)c(F)c(F)c(F)c1F,NC(=O)c1ccccc1
ZEXPOJ,ZEXPOJ,at 298 K,OC(=O)c1cc(ccc1C(=O)[O-])N(=O)=O.NC(=O)c1c[nH+]ccc1,P21/c,False,298.0,highT,OC(=O)c1cc(ccc1C(=O)[O-])N(=O)=O,NC(=O)c1c[nH+]ccc1
XISLIV,XISLIV,at 294 K,O=N(=O)c1ccc(cc1)S(=O)(=O)Nc1cc[nH+]cc1.ClC(Cl)(Cl)C(=O)[O-],P21/n,False,294.0,highT,O=N(=O)c1ccc(cc1)S(=O)(=O)Nc1cc[nH+]cc1,ClC(Cl)(Cl)C(=O)[O-]
ZEYDOY,ZEYDOY,at 298 K,[NH2+]=C1NC(=O)NC=C1.OC(=O)C=CC(=O)[O-],P21/c,False,298.0,highT,[NH2+]=C1NC(=O)NC=C1,OC(=O)C=CC(=O)[O-]
FEDTIV,FEDTIV,293 K,Oc1ccccc1C=NNC(=O)c1cc[nH+]cc1.Clc1ccc(cc1)C(=O)[O-],P21/c,False,293.0,highT,Oc1ccccc1C=NNC(=O)c1cc[nH+]cc1,Clc1ccc(cc1)C(=O)[O-]
YICLAA,YICLAA,299 K,Oc1cc(O)c(Cl)cc1Cl.c1ccc(cc1)C=Cc1ccncc1,P-1,False,299.0,highT,Oc1cc(O)c(Cl)cc1Cl,c1ccc(cc1)C=Cc1ccncc1
SAXHIK,SAXHIK,at 296 K,Nc1nnc(c(N)n1)c1cccc(Cl)c1Cl.O=C1NC(=O)c2ccccc12,P21/c,False,296.0,highT,Nc1nnc(c(N)n1)c1cccc(Cl)c1Cl,O=C1NC(=O)c2ccccc12
HOWRUH,HOWRUH,at 298 K,[NH3+]c1ccc(Br)cc1.OC(=O)c1cc(cc(c1)C(=O)[O-])C(O)=O,P21/c,False,298.0,highT,[NH3+]c1ccc(Br)cc1,OC(=O)c1cc(cc(c1)C(=O)[O-])C(O)=O
WEJHAV01,WEJHAV01,298.3 K,CN(C)C=O.NS(=O)(=O)c1cc2c(NC=NS2(=O)=O)cc1Cl,P-1,False,298.0,highT,CN(C)C=O,NS(=O)(=O)c1cc2c(NC=NS2(=O)=O)cc1Cl
CAKZOF,CAKZOF,at 301 K,OB(O)O.CC1=NN=C2CN=C(c3ccccc3)c3cc(Cl)ccc3N12,P21/c,False,301.0,highT,OB(O)O,CC1=NN=C2CN=C(c3ccccc3)c3cc(Cl)ccc3N12
AHUYIL,AHUYIL,at 293 K,CC1=NN2C(=[NH+]1)CCCC1=C2C=CS1.O=N(=O)c1cc(c([O-])c(c1)N(=O)=O)N(=O)=O,P-1,False,293.0,highT,CC1=NN2C(=[NH+]1)CCCC1=C2C=CS1,O=N(=O)c1cc(c([O-])c(c1)N(=O)=O)N(=O)=O
JUBBEQ,JUBBEQ,293 K,[NH3+]CC(O)=O.Cc1cc(C)c(c(C)c1)S(=O)(=O)[O-],P21/c,False,293.0,highT,[NH3+]CC(O)=O,Cc1cc(C)c(c(C)c1)S(=O)(=O)[O-]
SECZUY,SECZUY,295 K,O=C1CCC(=O)N1.CN(C)c1ccncc1,P21/c,False,295.0,highT,O=C1CCC(=O)N1,CN(C)c1ccncc1
CATKAL,CATKAL,at 298 K,C(CCN1C=CN=C1)CN1C=CN=C1.Oc1ccc2ccccc2c1c1c(O)ccc2ccccc12,C2/c,False,298.0,highT,C(CCN1C=CN=C1)CN1C=CN=C1,Oc1ccc2ccccc2c1c1c(O)ccc2ccccc12
FUFJEY,FUFJEY,294 K,NC(=S)NN=C1CCCc2nc(ccc12)C1=CC=C(Cl)S1.CS(C)=O,P21/c,False,294.0,highT,NC(=S)NN=C1CCCc2nc(ccc12)C1=CC=C(Cl)S1,CS(C)=O
GALHEJ,GALHEJ,293 K,FC(F)(F)C(=O)[O-].OC(O)(c1[nH+]cccc1)c1ccccn1,P-1,False,293.0,highT,FC(F)(F)C(=O)[O-],OC(O)(c1[nH+]cccc1)c1ccccn1
NINZAN,NINZAN,at 293 K,OCC[NH2+]CCO.O=N(=O)c1cc(c([O-])c(c1)N(=O)=O)N(=O)=O,P21/c,False,293.0,highT,OCC[NH2+]CCO,O=N(=O)c1cc(c([O-])c(c1)N(=O)=O)N(=O)=O
IDODIQ01,IDODIQ01,273 K,C[n+]1ccc(cc1)C=Cc1ccc(Br)cc1.Cc1ccc(cc1)S(=O)(=O)[O-],P21,False,273.0,highT,C[n+]1ccc(cc1)C=Cc1ccc(Br)cc1,Cc1ccc(cc1)S(=O)(=O)[O-]
DIGCOM,DIGCOM,at 298 K,O=C(Nc1c[nH+]ccc1)Nc1cccnc1.OC(=O)C1(CCC1)C(=O)[O-],P21/c,False,298.0,highT,O=C(Nc1c[nH+]ccc1)Nc1cccnc1,OC(=O)C1(CCC1)C(=O)[O-]
KURGOU,KURGOU,at 295 K,Nc1ccc(Cl)cn1.OC(=O)C=CC(O)=O,P21/c,False,295.0,highT,Nc1ccc(Cl)cn1,OC(=O)C=CC(O)=O
FIPLUO,FIPLUO,293 K,Oc1c(c(O)c(c([O-])c1N(=O)=O)N(=O)=O)N(=O)=O.[NH3+]NC(=O)C1=NN=C(N)N1,P-1,False,293.0,highT,Oc1c(c(O)c(c([O-])c1N(=O)=O)N(=O)=O)N(=O)=O,[NH3+]NC(=O)C1=NN=C(N)N1
QOLNEM,QOLNEM,at 293 K,Cc1ccc2ccc3ccc(C)nc3c2n1.Oc1cc(Cl)c(Cl)cc1O,C2/c,False,293.0,highT,Cc1ccc2ccc3ccc(C)nc3c2n1,Oc1cc(Cl)c(Cl)cc1O
WIMCUR,WIMCUR,at 293 K,OC(=O)c1cc(ccc1O)S(=O)(=O)[O-].NC1=CC(=O)NC(=[NH2+])N1,Pna21,False,293.0,highT,OC(=O)c1cc(ccc1O)S(=O)(=O)[O-],NC1=CC(=O)NC(=[NH2+])N1
AFUHAM,AFUHAM,at 298 K,OC(=O)C(=O)[O-].NC1=[NH+]C(=CS1)c1ccccc1,P21/n,False,298.0,highT,OC(=O)C(=O)[O-],NC1=[NH+]C(=CS1)c1ccccc1
EXIBET,EXIBET,at 293 K,Cc1cc(Cl)nc(N)n1.COc1ccc(cc1)C(O)=O,P-1,False,293.0,highT,Cc1cc(Cl)nc(N)n1,COc1ccc(cc1)C(O)=O
SECYUX,SECYUX,295 K,CN(C)c1ccncc1.BrN1C(=O)CCC1=O,P21/c,False,295.0,highT,CN(C)c1ccncc1,BrN1C(=O)CCC1=O
BAYVOQ,BAYVOQ,298 K,Oc1ccc2cc(ccc2c1)C(=O)[O-].Cc1cccc2SC(=[NH2+])Nc12,P21/c,False,298.0,highT,Oc1ccc2cc(ccc2c1)C(=O)[O-],Cc1cccc2SC(=[NH2+])Nc12
MORVEV,MORVEV,at 298 K,Oc1cc(O)cc(O)c1.c1ccc2nc3ccccc3nc2c1,P21/c,False,298.0,highT,Oc1cc(O)cc(O)c1,c1ccc2nc3ccccc3nc2c1
MIQQEL,MIQQEL,296 K,Oc1cccc(O)c1.C1CNCCNCCNCCN1,Pbca,False,296.0,highT,Oc1cccc(O)c1,C1CNCCNCCNCCN1
VELVUG,VELVUG,295 K,BrN1C(=O)c2ccccc2C1=O.Brc1cccnc1,P21/n,False,295.0,highT,BrN1C(=O)c2ccccc2C1=O,Brc1cccnc1
PEMBAL,PEMBAL,at 300 K,NC(N)=S.COC(=O)C(=O)OC,P-1,False,300.0,highT,NC(N)=S,COC(=O)C(=O)OC
FURXEX,FURXEX,298 K,NC(=O)c1cccnc1.NS(=O)(=O)c1ccc(cc1)C(O)=O,P-1,False,298.0,highT,NC(=O)c1cccnc1,NS(=O)(=O)c1ccc(cc1)C(O)=O
HIVYOB,HIVYOB,at 293.1 K,CC(=O)[O-].NC(=[NH2+])NN=Cc1c(Cl)cccc1Cl,Pbca,False,293.0,highT,CC(=O)[O-],NC(=[NH2+])NN=Cc1c(Cl)cccc1Cl
QUTMIC,QUTMIC,at 296 K,c1ccncc1.OC(=O)c1ccc(C(O)=O)c2c(ccc(C(O)=O)c12)C(O)=O,P21/c,False,296.0,highT,c1ccncc1,OC(=O)c1ccc(C(O)=O)c2c(ccc(C(O)=O)c12)C(O)=O
ECEROW,ECEROW,295 K,c1cc(ccn1)c1ccncc1.OC(=O)CNc1ccccc1C(O)=O,P21/c,False,295.0,highT,c1cc(ccn1)c1ccncc1,OC(=O)CNc1ccccc1C(O)=O
MUFBOE01,MUFBOE01,at 295 K,OC(C(O)C(=O)[O-])C(O)=O.C[NH2+]CC(O)c1cccc(O)c1,P1,False,295.0,highT,OC(C(O)C(=O)[O-])C(O)=O,C[NH2+]CC(O)c1cccc(O)c1
MUYTAC,MUYTAC,at 300 K,ON=C1C(=O)NC(=O)NC1=O.ON=Cc1cccnc1,P21/c,False,300.0,highT,ON=C1C(=O)NC(=O)NC1=O,ON=Cc1cccnc1
UBIKUN,UBIKUN,at 293 K,OC(c1ccccc1)=C(C=C(C#N)C(=O)c1ccccc1)C#N.C1CCNCC1,P21/n,False,293.0,highT,OC(c1ccccc1)=C(C=C(C#N)C(=O)c1ccccc1)C#N,C1CCNCC1
NORGEH,NORGEH,at 293 K,OC(=O)C(=O)[O-].Nc1[nH+]cccc1N(=O)=O,Pna21,False,293.0,highT,OC(=O)C(=O)[O-],Nc1[nH+]cccc1N(=O)=O
FEQPOJ,FEQPOJ,293 K,CC(=NO)C(C)=NO.Cc1nc2ccccc2nc1C,Pn,False,293.0,highT,CC(=NO)C(C)=NO,Cc1nc2ccccc2nc1C
TAZLEO,TAZLEO,293 K,c1cnc2c(c1)ccc1cccnc21.OB(O)c1ccc(Cl)cc1,P-1,False,293.0,highT,c1cnc2c(c1)ccc1cccnc21,OB(O)c1ccc(Cl)cc1
MEXHEG,MEXHEG,293 K,O=N(=O)c1ccc([O-])cc1.[NH3+]CCO,P21/c,False,293.0,highT,O=N(=O)c1ccc([O-])cc1,[NH3+]CCO
XAPZOG,XAPZOG,293 K,Nc1ccc(Cc2ccc(N)cc2)cc1.Oc1ccccc1O,P212121,False,293.0,highT,Nc1ccc(Cc2ccc(N)cc2)cc1,Oc1ccccc1O
SOHMUZ01,SOHMUZ01,298 K,OC(=O)c1cc(ccc1O)S(=O)(=O)[O-].NC(=O)c1cc[nH+]cc1,Cc,False,298.0,highT,OC(=O)c1cc(ccc1O)S(=O)(=O)[O-],NC(=O)c1cc[nH+]cc1
XEDQUW,XEDQUW,298.1 K,COC(=O)C=CC=Cc1ccncc1.Oc1cc(O)c(Br)cc1Br,P-1,False,298.0,highT,COC(=O)C=CC=Cc1ccncc1,Oc1cc(O)c(Br)cc1Br
YIZQAA,YIZQAA,at 294 K,OC(=O)c1ccc(Cl)cc1.Cc1cc(C)nc(NS(=O)(=O)c2ccc(N)cc2)n1,P21/c,False,294.0,highT,OC(=O)c1ccc(Cl)cc1,Cc1cc(C)nc(NS(=O)(=O)c2ccc(N)cc2)n1
GIMQEC,GIMQEC,293 K,CN(C)c1ccc(cc1)N(C)C.FC1=C(F)C(=O)C(=C(F)C1=O)F,P-1,False,293.0,highT,CN(C)c1ccc(cc1)N(C)C,FC1=C(F)C(=O)C(=C(F)C1=O)F
QEPRIP,QEPRIP,293 K,[NH3+]CCNc1ccc(cc1OC)N(=O)=O.O=C([O-])C1=CSC=C1,P212121,False,293.0,highT,[NH3+]CCNc1ccc(cc1OC)N(=O)=O,O=C([O-])C1=CSC=C1
YECHAQ,YECHAQ,at 293 K,O1C(=NN=C1c1cccnc1)c1cccnc1.OC(=O)C=CC(O)=O,C2/c,False,293.0,highT,O1C(=NN=C1c1cccnc1)c1cccnc1,OC(=O)C=CC(O)=O
GEPNEW,GEPNEW,at 298 K,[NH3+]CCO.OC(C(=O)[O-])c1cccc(Cl)c1,P212121,False,298.0,highT,[NH3+]CCO,OC(C(=O)[O-])c1cccc(Cl)c1
JIQLED,JIQLED,295 K,COc1cc(ccc1O)C(O)=O.NC(=O)N1c2ccccc2C=Cc2ccccc12,P21/n,False,295.0,highT,COc1cc(ccc1O)C(O)=O,NC(=O)N1c2ccccc2C=Cc2ccccc12
TEYTAU,TEYTAU,293 K,[NH3+]CCO.O=C([O-])c1ccccc1,Pbca,False,293.0,highT,[NH3+]CCO,O=C([O-])c1ccccc1
NEBYAW,NEBYAW,at 293 K,COc1[nH+]c(N)nc(OC)c1.ClC(Cl)(Cl)C(=O)[O-],P21/c,False,293.0,highT,COc1[nH+]c(N)nc(OC)c1,ClC(Cl)(Cl)C(=O)[O-]
EPUSOZ,EPUSOZ,296 K,CC(=O)Nc1ccc(cc1)C(O)=O.NC(=O)c1ccccc1O,Pc,False,296.0,highT,CC(=O)Nc1ccc(cc1)C(O)=O,NC(=O)c1ccccc1O
TIHSAH,TIHSAH,296 K,COc1cc(C=CC(O)=O)cc(OC)c1O.NC(=O)c1cnccn1,P21/c,False,296.0,highT,COc1cc(C=CC(O)=O)cc(OC)c1O,NC(=O)c1cnccn1
HEGZUS,HEGZUS,295 K,Oc1cccc(O)c1.c1cncc(c1)C=NN=Cc1cccnc1,P-1,False,295.0,highT,Oc1cccc(O)c1,c1cncc(c1)C=NN=Cc1cccnc1
DIMXOQ,DIMXOQ,294 K,CC1=CC(=NO1)NC(=O)CC(=O)NC1=NOC(=C1)C.CS(C)=O,Pmn21,False,294.0,highT,CC1=CC(=NO1)NC(=O)CC(=O)NC1=NOC(=C1)C,CS(C)=O
WUTDEX,WUTDEX,296.1 K,c1ccc2nc3ccccc3nc2c1.CC(C)c1ccc(C)cc1O,P21/c,False,296.0,highT,c1ccc2nc3ccccc3nc2c1,CC(C)c1ccc(C)cc1O
NABCAV,NABCAV,at 293 K,CC(=NO)C(C)=NO.OC(=O)c1ccccc1,P21/c,False,293.0,highT,CC(=NO)C(C)=NO,OC(=O)c1ccccc1
GERCUF,GERCUF,296.1 K,NC(=O)c1cnccn1.OC(=O)c1ccc(O)c(O)c1O,P-1,False,296.0,highT,NC(=O)c1cnccn1,OC(=O)c1ccc(O)c(O)c1O
POMKUZ,POMKUZ,at 293 K,Nc1[nH+]cc(Cl)cc1.O=N(=O)c1ccc([O-])c(c1)N(=O)=O,Pbn21,False,293.0,highT,Nc1[nH+]cc(Cl)cc1,O=N(=O)c1ccc([O-])c(c1)N(=O)=O
LATTIL,LATTIL,at 298 K,OC(=O)C=CC(O)=O.NC(=O)c1cnccn1,P21/n,False,298.0,highT,OC(=O)C=CC(O)=O,NC(=O)c1cnccn1
QAFROH,QAFROH,298 K,C[NH+](C)c1ccc(C=O)cc1.Cc1ccc(cc1)S(=O)(=O)[O-],P-1,False,298.0,highT,C[NH+](C)c1ccc(C=O)cc1,Cc1ccc(cc1)S(=O)(=O)[O-]
TEZGIR,TEZGIR,297.3 K,NS(=O)(=O)CC1=NOc2ccccc12.CN1C=NC2=C1C(=O)N(C)C(=O)N2C,P21/n,False,297.0,highT,NS(=O)(=O)CC1=NOc2ccccc12,CN1C=NC2=C1C(=O)N(C)C(=O)N2C
HEVMOO,HEVMOO,273.1 K,OC(=O)CCC(O)=O.Nc1ccncc1,P21/c,False,273.0,highT,OC(=O)CCC(O)=O,Nc1ccncc1
QUFLAH,QUFLAH,296 K,CN1CC(=O)NC1=[NH2+].OB(O)[O-],C2/c,False,296.0,highT,CN1CC(=O)NC1=[NH2+],OB(O)[O-]
LETSAG,LETSAG,at 295 K,OC(=O)c1ccc(F)cc1.c1ccc2nc3ccccc3cc2c1,P-1,False,295.0,highT,OC(=O)c1ccc(F)cc1,c1ccc2nc3ccccc3cc2c1
VUWLIJ,VUWLIJ,at 298 K,C[NH+](C)c1ccc(C=O)cc1.O=N(=O)c1cc(c([O-])c(c1)N(=O)=O)N(=O)=O,P21/c,False,298.0,highT,C[NH+](C)c1ccc(C=O)cc1,O=N(=O)c1cc(c([O-])c(c1)N(=O)=O)N(=O)=O
YICKON,YICKON,290 K,c1ccc(cc1)C=Cc1ccncc1.Oc1cc(O)c(Br)cc1Br,P-1,False,290.0,highT,c1ccc(cc1)C=Cc1ccncc1,Oc1cc(O)c(Br)cc1Br
NIJHAR,NIJHAR,296 K,Nc1nc(N)nc(n1)c1ccccc1.OC(=O)C=CC(O)=O,P21/c,False,296.0,highT,Nc1nc(N)nc(n1)c1ccccc1,OC(=O)C=CC(O)=O
PELNAY,PELNAY,293 K,Nc1nc(N)nc(N)n1.OB(O)c1ccc(cc1)C#N,P21/c,False,293.0,highT,Nc1nc(N)nc(N)n1,OB(O)c1ccc(cc1)C#N
ETABAC,ETABAC,at 273 K,NC(N)=S.OC(=O)c1cc(ccc1O)S(O)(=O)=O,P21/n,False,273.0,highT,NC(N)=S,OC(=O)c1cc(ccc1O)S(O)(=O)=O
XOJNOA,XOJNOA,at 273 K,Cc1cc(C)cc(c1)C(O)=O.Cc1cc(C)nc(N)n1,I2/a,False,273.0,highT,Cc1cc(C)cc(c1)C(O)=O,Cc1cc(C)nc(N)n1
MIGVUU,MIGVUU,at 298 K,ON1C(=O)c2c(Cl)c(Cl)c(Cl)c(Cl)c2C1=O.CN(C)C=O,Pbca,False,298.0,highT,ON1C(=O)c2c(Cl)c(Cl)c(Cl)c(Cl)c2C1=O,CN(C)C=O
GEFDUU,GEFDUU,298 K,CC1=CNC(=[NH2+])S1.OC(C(=O)[O-])(c1ccccc1)c1ccccc1,P-1,False,298.0,highT,CC1=CNC(=[NH2+])S1,OC(C(=O)[O-])(c1ccccc1)c1ccccc1
HODLES,HODLES,at 291 K,C(CCN1C=CN=C1)CN1C=CN=C1.Oc1cc(O)cc(O)c1,P-1,False,291.0,highT,C(CCN1C=CN=C1)CN1C=CN=C1,Oc1cc(O)cc(O)c1
EXISUC,EXISUC,298 K,Oc1cc(O)c2ccccc2c1.c1ccc2nc3ccccc3cc2c1,P212121,False,298.0,highT,Oc1cc(O)c2ccccc2c1,c1ccc2nc3ccccc3cc2c1
QUQVEF,QUQVEF,295 K,FC(F)(F)S(=O)(=O)[O-].C[n+]1c2ccccc2c(CBr)c2ccccc12,P-1,False,295.0,highT,FC(F)(F)S(=O)(=O)[O-],C[n+]1c2ccccc2c(CBr)c2ccccc12
YECHUK,YECHUK,at 293 K,O1C(=NN=C1c1cccnc1)c1cccnc1.OC(=O)COc1ccc(OCC(O)=O)cc1,C2/c,False,293.0,highT,O1C(=NN=C1c1cccnc1)c1cccnc1,OC(=O)COc1ccc(OCC(O)=O)cc1
DATFAH,DATFAH,at 293 K,CC(=O)NC1=NN=C(S1)S(N)(=O)=O.NC(=O)c1ccccc1N,P21/n,False,293.0,highT,CC(=O)NC1=NN=C(S1)S(N)(=O)=O,NC(=O)c1ccccc1N
TEZNET,TEZNET,273 K,Nc1nc(N)nc(n1)c1ccccc1.OC(=O)c1cccc(c1)C(O)=O,P-1,False,273.0,highT,Nc1nc(N)nc(n1)c1ccccc1,OC(=O)c1cccc(c1)C(O)=O
HONFEX,HONFEX,at 293 K,OC(=O)COc1ccc(Cl)cc1.c1ccc2ncccc2c1,P-1,False,293.0,highT,OC(=O)COc1ccc(Cl)cc1,c1ccc2ncccc2c1
MISMAC,MISMAC,at 21deg.C,Nc1[nH+]cc(Br)cc1.O=C([O-])C#C,I2/a,False,294.0,highT,Nc1[nH+]cc(Br)cc1,O=C([O-])C#C
FAFHEC,FAFHEC,302 K,COc1ccc2cccc(CCNC(C)=O)c2c1.OC(=O)C(O)=O,C2,False,302.0,highT,COc1ccc2cccc(CCNC(C)=O)c2c1,OC(=O)C(O)=O
UGOSUG,UGOSUG,at 293 K,OC(=O)CCCCCCCCC(=O)[O-].CC1=C[NH+]=C(N)S1,P21/n,False,293.0,highT,OC(=O)CCCCCCCCC(=O)[O-],CC1=C[NH+]=C(N)S1
KEGCIJ,KEGCIJ,at 298 K,OC(=O)c1ccc(Oc2ccc(cc2)C(O)=O)cc1.c1cc(ccn1)C=Cc1ccncc1,C2/c,False,298.0,highT,OC(=O)c1ccc(Oc2ccc(cc2)C(O)=O)cc1,c1cc(ccn1)C=Cc1ccncc1
PUFFIG,PUFFIG,at 293 K,ClCC[NH+]1CCOCC1.O=N(=O)c1cc(c([O-])c(c1)N(=O)=O)N(=O)=O,P-1,False,293.0,highT,ClCC[NH+]1CCOCC1,O=N(=O)c1cc(c([O-])c(c1)N(=O)=O)N(=O)=O
NUQMUJ,NUQMUJ,296 K,OC(=O)Cc1ccc(CC(O)=O)cc1.c1cc(ccn1)c1ccncc1,P-1,False,296.0,highT,OC(=O)Cc1ccc(CC(O)=O)cc1,c1cc(ccn1)c1ccncc1
MODWIO,MODWIO,301.2 K,NS(=O)(=O)c1cc(C(=O)[O-])c(NCC2=CC=CO2)cc1Cl.OCC[NH+](CCO)CCO,P21/c,False,301.0,highT,NS(=O)(=O)c1cc(C(=O)[O-])c(NCC2=CC=CO2)cc1Cl,OCC[NH+](CCO)CCO
HOCCOT,HOCCOT,at 298 K,NC(=O)c1ccncc1.CC(=O)NS(=O)(=O)c1ccc(N)cc1,P21/n,False,298.0,highT,NC(=O)c1ccncc1,CC(=O)NS(=O)(=O)c1ccc(N)cc1
USAKEF,USAKEF,at 293 K,OB(O)c1ccc(O)cc1.c1cc(ccn1)c1ccncc1,P-1,False,293.0,highT,OB(O)c1ccc(O)cc1,c1cc(ccn1)c1ccncc1
TOKCUS,TOKCUS,at 293 K,OC(C(O)C(=O)[O-])C(O)=O.C[N+]1(CC[N+](C)(CC1)CC(=O)[O-])CC(O)=O,P21,False,293.0,highT,OC(C(O)C(=O)[O-])C(O)=O,C[N+]1(CC[N+](C)(CC1)CC(=O)[O-])CC(O)=O
XAPZIA,XAPZIA,293 K,Nc1ccc(N)cc1.Oc1ccccc1O,P21/c,False,293.0,highT,Nc1ccc(N)cc1,Oc1ccccc1O
XOKSAT,XOKSAT,293 K,[NH3+]CCc1ccc(O)cc1.OC1=C([O-])C(=O)C1=O,P22121,False,293.0,highT,[NH3+]CCc1ccc(O)cc1,OC1=C([O-])C(=O)C1=O
PIJSIN,PIJSIN,296 K,Oc1cc2ccccc2cc1O.C1CN2CCN1CC2,Pbca,False,296.0,highT,Oc1cc2ccccc2cc1O,C1CN2CCN1CC2
DUCXOP,DUCXOP,at 293 K,OC(=O)CCCCCCCCC(O)=O.Cc1ccc2N=C(N)Sc2c1,P21/n,False,293.0,highT,OC(=O)CCCCCCCCC(O)=O,Cc1ccc2N=C(N)Sc2c1
EPUGEE,EPUGEE,298 K,NC1=[NH+]C=CS1.CC(C)(Oc1ccccc1)C(=O)[O-],C2/c,False,298.0,highT,NC1=[NH+]C=CS1,CC(C)(Oc1ccccc1)C(=O)[O-]
OCAHIK,OCAHIK,at 298 K,[NH3+]Cc1ccc(O)c(O)c1.O=C([O-])c1cc(cc(c1)N(=O)=O)N(=O)=O,Pna21,False,298.0,highT,[NH3+]Cc1ccc(O)c(O)c1,O=C([O-])c1cc(cc(c1)N(=O)=O)N(=O)=O
VEJZIW,VEJZIW,298 K,C(Cc1ccncc1)Cc1ccncc1.NS(=O)(=O)c1cc2c(NC=NS2(=O)=O)cc1Cl,P21/c,False,298.0,highT,C(Cc1ccncc1)Cc1ccncc1,NS(=O)(=O)c1cc2c(NC=NS2(=O)=O)cc1Cl
WORQIG,WORQIG,293 K,OC(=O)C=CC(=O)[O-].CCNc1nc(NC(C)C)[nH+]c(SC)n1,P21/c,False,293.0,highT,OC(=O)C=CC(=O)[O-],CCNc1nc(NC(C)C)[nH+]c(SC)n1
VEKMON,VEKMON,at -90 deg.C,CS(=O)(=O)[N-]S(C)(=O)=O.CN(C)c1cc[n+](cc1)C(C)=O,P-1,False,363.0,highT,CS(=O)(=O)[N-]S(C)(=O)=O,CN(C)c1cc[n+](cc1)C(C)=O
BAYQUR,BAYQUR,298 K,Cc1cc(ccc1N(=O)=O)C(=O)[O-].Cc1cccc2SC(=[NH2+])Nc12,P21,False,298.0,highT,Cc1cc(ccc1N(=O)=O)C(=O)[O-],Cc1cccc2SC(=[NH2+])Nc12
GAZSAF,GAZSAF,298 K,OC(C(=O)[O-])c1ccccc1.CC1=C[NH+]=C(N)S1,P-1,False,298.0,highT,OC(C(=O)[O-])c1ccccc1,CC1=C[NH+]=C(N)S1
QUVKIE,QUVKIE,293 K,COc1cc(C)nc(N)n1.CC=CC=CC(O)=O,P21/c,False,293.0,highT,COc1cc(C)nc(N)n1,CC=CC=CC(O)=O
GOLDIW,GOLDIW,at 296 K,Nc1[nH+]c(N)nc(Cl)c1.OC(=O)CCCC(=O)[O-],P21/c,False,296.0,highT,Nc1[nH+]c(N)nc(Cl)c1,OC(=O)CCCC(=O)[O-]
AZOVUH,AZOVUH,at 293 K,c1cc(ccn1)c1ccncc1.OC(=O)C=CC1=CSC=C1,P-1,False,293.0,highT,c1cc(ccn1)c1ccncc1,OC(=O)C=CC1=CSC=C1
JIHQUP,JIHQUP,293 K,OC(=O)c1ccccc1C(O)=O.Nc1cnccn1,P21/n,False,293.0,highT,OC(=O)c1ccccc1C(O)=O,Nc1cnccn1
WITVEC,WITVEC,at 293 K,Oc1cc(O)c(Cl)cc1Cl.S1C=CC(=C1)C=Cc1ccncc1,P-1,False,293.0,highT,Oc1cc(O)c(Cl)cc1Cl,S1C=CC(=C1)C=Cc1ccncc1
HIQGEX,HIQGEX,293 K,c1ccc2nc3ccccc3cc2c1.OB(O)c1ccc(cc1)C#N,P21/n,False,293.0,highT,c1ccc2nc3ccccc3cc2c1,OB(O)c1ccc(cc1)C#N
XOGDUU,XOGDUU,at 293 K,Cc1nc(C)c(C)nc1C.OC(=O)c1cccc(n1)C(O)=O,P21/c,False,293.0,highT,Cc1nc(C)c(C)nc1C,OC(=O)c1cccc(n1)C(O)=O
POVXAC,POVXAC,296 K,CN1C=NC2=C1C(=O)N(C)C(=O)N2C.Nc1cc(cc(c1)C(O)=O)C(O)=O,P21/c,False,296.0,highT,CN1C=NC2=C1C(=O)N(C)C(=O)N2C,Nc1cc(cc(c1)C(O)=O)C(O)=O
XAZROI,XAZROI,298 K,[NH3+]c1ccc(O)c(c1)C(O)=O.ClC(Cl)(Cl)C(=O)[O-],Pbca,False,298.0,highT,[NH3+]c1ccc(O)c(c1)C(O)=O,ClC(Cl)(Cl)C(=O)[O-]
ATUTOY,ATUTOY,at 298 K,Cc1ccc(cc1)S(=O)(=O)[O-].[NH3+]C(CC(O)=O)c1ccc(OC)cc1,P21/c,False,298.0,highT,Cc1ccc(cc1)S(=O)(=O)[O-],[NH3+]C(CC(O)=O)c1ccc(OC)cc1
NUMJEM,NUMJEM,298 K,NS(=O)(=O)c1ccccc1.O=C1CCCCCN1,P212121,False,298.0,highT,NS(=O)(=O)c1ccccc1,O=C1CCCCCN1
DEJDII,DEJDII,298 K,[NH3+]NC(N)=NN(=O)=O.O=N(=O)[N-]C1=NN=NN1C1=NNN=N1,P-1,False,298.0,highT,[NH3+]NC(N)=NN(=O)=O,O=N(=O)[N-]C1=NN=NN1C1=NNN=N1
LACTIV,LACTIV,298 K,c1ccc2nc3ccccc3nc2c1.Nc1ccc(C(O)=O)c(O)c1,P-1,False,298.0,highT,c1ccc2nc3ccccc3nc2c1,Nc1ccc(C(O)=O)c(O)c1
EKAZEY,EKAZEY,296.1 K,N1C2=NON=C2NC2=NON=C12.NNC(N)=O,P21/n,False,296.0,highT,N1C2=NON=C2NC2=NON=C12,NNC(N)=O
CIXMON,CIXMON,at 298 K,NC1=[NH+]c2ccc(Br)cc2S1.O=C([O-])c1cc(cc(c1)N(=O)=O)N(=O)=O,P21/n,False,298.0,highT,NC1=[NH+]c2ccc(Br)cc2S1,O=C([O-])c1cc(cc(c1)N(=O)=O)N(=O)=O
JUWHIU,JUWHIU,296 K,OC(=O)CCCCC(O)=O.ON=Cc1ccnc2ccccc12,P21/n,False,296.0,highT,OC(=O)CCCCC(O)=O,ON=Cc1ccnc2ccccc12
PIJSOT,PIJSOT,296 K,Oc1cc2ccccc2cc1O.C1CNCCN1,Pbca,False,296.0,highT,Oc1cc2ccccc2cc1O,C1CNCCN1
PAJFAI,PAJFAI,at 293 K,C1CN2CCN1CC2.Cc1cc(O)cc(O)c1,P212121,False,293.0,highT,C1CN2CCN1CC2,Cc1cc(O)cc(O)c1
XOGFOQ,XOGFOQ,at 293 K,Cc1nc(C)c(C)nc1C.OC(=O)c1ccccc1C(O)=O,P21/n,False,293.0,highT,Cc1nc(C)c(C)nc1C,OC(=O)c1ccccc1C(O)=O
FETWIL,FETWIL,at 295 K,OC(=O)c1cc(ccc1O)S(=O)(=O)[O-].[NH3+]c1ccc(cc1)C(O)=O,C2/c,False,295.0,highT,OC(=O)c1cc(ccc1O)S(=O)(=O)[O-],[NH3+]c1ccc(cc1)C(O)=O
KEKGIR,KEKGIR,at 296 K,Oc1ccc(cc1)c1ccc(O)cc1.OC(=O)CN1C(=O)c2cc3C(=O)N(CC(O)=O)C(=O)c3cc2C1=O,P-1,False,296.0,highT,Oc1ccc(cc1)c1ccc(O)cc1,OC(=O)CN1C(=O)c2cc3C(=O)N(CC(O)=O)C(=O)c3cc2C1=O
JOCBAH,JOCBAH,293 K,CN1CC(=O)NC1=[NH2+].OC(=O)c1cc(cc(c1)C(=O)[O-])C(O)=O,P-1,False,293.0,highT,CN1CC(=O)NC1=[NH2+],OC(=O)c1cc(cc(c1)C(=O)[O-])C(O)=O
ANAPOX,ANAPOX,293 K,CC(=O)[O-].NC(=[NH2+])NC(N)=O,P21,False,293.0,highT,CC(=O)[O-],NC(=[NH2+])NC(N)=O
XUMKAU,XUMKAU,293 K,Oc1cc(cc(O)c1O)C(=O)[O-].Oc1c[nH+]ccc1,P21/n,False,293.0,highT,Oc1cc(cc(O)c1O)C(=O)[O-],Oc1c[nH+]ccc1
UBEGOZ,UBEGOZ,at 295 K,O=N(=O)c1cc(c([O-])c(c1)N(=O)=O)N(=O)=O.Nc1[nH+]cccc1N(=O)=O,Fdd2,False,295.0,highT,O=N(=O)c1cc(c([O-])c(c1)N(=O)=O)N(=O)=O,Nc1[nH+]cccc1N(=O)=O
EBESAI,EBESAI,296 K,NC(=O)C(=O)[O-].NC(=O)c1c[nH+]ccc1,P21/c,False,296.0,highT,NC(=O)C(=O)[O-],NC(=O)c1c[nH+]ccc1
TEYTAV,TEYTAV,293 K,O=N(=O)c1ccc(cc1)S(=O)(=O)[O-].[NH3+]c1cc(c(N)cc1Cl)N(=O)=O,P-1,False,293.0,highT,O=N(=O)c1ccc(cc1)S(=O)(=O)[O-],[NH3+]c1cc(c(N)cc1Cl)N(=O)=O
TEYYEE,TEYYEE,293 K,[NH3+]c1ccc(N)c(c1)N(=O)=O.Oc1ccc(cc1)S(=O)(=O)[O-],P21/c,False,293.0,highT,[NH3+]c1ccc(N)c(c1)N(=O)=O,Oc1ccc(cc1)S(=O)(=O)[O-]
NUMJIQ,NUMJIQ,297 K,NS(=O)(=O)c1ccc(Cl)cc1.O=C1CCCCN1,C2/c,False,297.0,highT,NS(=O)(=O)c1ccc(Cl)cc1,O=C1CCCCN1
FOSFIE,FOSFIE,298 K,NNC(=O)c1ccncc1.COc1cc(C=CC(O)=O)ccc1O,P-1,False,298.0,highT,NNC(=O)c1ccncc1,COc1cc(C=CC(O)=O)ccc1O
XEMMIO,XEMMIO,296 K,[NH2+]=C1NC=CS1.Clc1cc(ccc1C(=O)[O-])N(=O)=O,P-1,False,296.0,highT,[NH2+]=C1NC=CS1,Clc1cc(ccc1C(=O)[O-])N(=O)=O
QOLMOV,QOLMOV,at 293 K,Cc1ccc2ccc3ccc(C)nc3c2n1.Oc1c(O)c(Br)c(Br)c(Br)c1Br,C2/c,False,293.0,highT,Cc1ccc2ccc3ccc(C)nc3c2n1,Oc1c(O)c(Br)c(Br)c(Br)c1Br
OLUTIB,OLUTIB,298 K,OC(=O)C=CC(=O)[O-].[NH2+]=C1NC(=O)N(C=C1F)C1CSC(CO)O1,P212121,False,298.0,highT,OC(=O)C=CC(=O)[O-],[NH2+]=C1NC(=O)N(C=C1F)C1CSC(CO)O1
KASYEJ,KASYEJ,at 293 K,c1cc(ccn1)c1ccncc1.OC(=O)c1cccc(C(O)=O)c1C(O)=O,C2/c,False,293.0,highT,c1cc(ccn1)c1ccncc1,OC(=O)c1cccc(C(O)=O)c1C(O)=O
AFUJOC,AFUJOC,at 298 K,[NH3+]C1=NC(=CS1)c1ccccc1.OC(=O)c1cc(ccc1O)S(=O)(=O)[O-],P-1,False,298.0,highT,[NH3+]C1=NC(=CS1)c1ccccc1,OC(=O)c1cc(ccc1O)S(=O)(=O)[O-]
ROJCEA,ROJCEA,at 298 K,OC(=O)CCCCC(O)=O.S1C=CC(=C1)C=Cc1ccncc1,P-1,False,298.0,highT,OC(=O)CCCCC(O)=O,S1C=CC(=C1)C=Cc1ccncc1
FURYEY,FURYEY,298 K,NS(=O)(=O)c1ccc(cc1)C(O)=O.NC(=O)c1ccccn1,P21/n,False,298.0,highT,NS(=O)(=O)c1ccc(cc1)C(O)=O,NC(=O)c1ccccn1
YEQGOU,YEQGOU,298 K,OC(=O)c1cc(cc(c1)C(O)=O)C(O)=O.NC(=O)c1cnccn1,P21/n,False,298.0,highT,OC(=O)c1cc(cc(c1)C(O)=O)C(O)=O,NC(=O)c1cnccn1
LOPPUE,LOPPUE,290 K,[NH2+]=C1NC=CS1.OC(C(=O)[O-])(c1ccccc1)c1ccccc1,C2/c,False,290.0,highT,[NH2+]=C1NC=CS1,OC(C(=O)[O-])(c1ccccc1)c1ccccc1
KITLUV,KITLUV,at 296 K,OC(C(=O)[O-])c1c2ccccc2cc2ccccc12.C[NH2+]C(C)C(O)c1ccccc1,P21,False,296.0,highT,OC(C(=O)[O-])c1c2ccccc2cc2ccccc12,C[NH2+]C(C)C(O)c1ccccc1
SABNOA,SABNOA,at 273 K,CC[NH+](O)CC.OC(=O)c1cccc(c1)C(=O)[O-],P21/c,False,273.0,highT,CC[NH+](O)CC,OC(=O)c1cccc(c1)C(=O)[O-]
BIDJAA,BIDJAA,at 296.2 K,O=N(=O)c1cccc(c1)S(=O)(=O)[O-].Nc1[nH+]cc(cc1)N(=O)=O,P212121,False,296.0,highT,O=N(=O)c1cccc(c1)S(=O)(=O)[O-],Nc1[nH+]cc(cc1)N(=O)=O
LOQWIA01,LOQWIA01,293 K,[2H][n+]1ccccc1.[2H]OC(=O)c1c(F)c(F)c(c(F)c1F)C(=O)[O-],P212121,False,293.0,highT,[2H][n+]1ccccc1,[2H]OC(=O)c1c(F)c(F)c(c(F)c1F)C(=O)[O-]
MURHAK,MURHAK,296 K,FC(F)(F)S(=O)(=O)[O-].COC1=N[N+](=CN1Nc1ccccc1)c1ccccc1,C2/c,False,296.0,highT,FC(F)(F)S(=O)(=O)[O-],COC1=N[N+](=CN1Nc1ccccc1)c1ccccc1
TIBXOV,TIBXOV,294 K,COc1cc(Cc2cnc(N)nc2N)cc(OC)c1OC.Oc1ccccc1O,P-1,False,294.0,highT,COc1cc(Cc2cnc(N)nc2N)cc(OC)c1OC,Oc1ccccc1O
RISDAB,RISDAB,293 K,COc1ccccc1c1c(C)[nH+]c(C)c(Br)c1Br.O=N(=O)c1cc(c([O-])c(c1)N(=O)=O)N(=O)=O,P-1,False,293.0,highT,COc1ccccc1c1c(C)[nH+]c(C)c(Br)c1Br,O=N(=O)c1cc(c([O-])c(c1)N(=O)=O)N(=O)=O
RUYYIV,RUYYIV,296 K,CN1C=NC2=C1C(=O)N(C)C(=O)N2C.ON=Cc1c(O)ccc2ccccc12,P21/c,False,296.0,highT,CN1C=NC2=C1C(=O)N(C)C(=O)N2C,ON=Cc1c(O)ccc2ccccc12
NOZLIA,NOZLIA,293 K,Clc1ccc(cc1)c1ccccc1NC(=O)c1cccnc1Cl.CN1CCCC1=O,P-1,False,293.0,highT,Clc1ccc(cc1)c1ccccc1NC(=O)c1cccnc1Cl,CN1CCCC1=O
GIGQIX,GIGQIX,at 293 K,COc1cc(Cc2cnc(N)nc2N)cc(OC)c1OC.O=C1CC(=O)NC(=O)N1,P-1,False,293.0,highT,COc1cc(Cc2cnc(N)nc2N)cc(OC)c1OC,O=C1CC(=O)NC(=O)N1
QUWZOY,QUWZOY,at 294 K,c1ccc2nc3ccccc3nc2c1.Oc1c(F)c(F)c(O)c(F)c1F,P21/n,False,294.0,highT,c1ccc2nc3ccccc3nc2c1,Oc1c(F)c(F)c(O)c(F)c1F
AFESOU,AFESOU,at 293 K,CCc1[nH+]c(N)nc(N)c1c1ccc(Cl)cc1.O=C([O-])c1cc(cc(c1)N(=O)=O)N(=O)=O,P21/c,False,293.0,highT,CCc1[nH+]c(N)nc(N)c1c1ccc(Cl)cc1,O=C([O-])c1cc(cc(c1)N(=O)=O)N(=O)=O
UTEJAG,UTEJAG,298 K,NN1C=CN=N1.ON1N=NN=C1C1=NN=NN1O,C2/c,False,298.0,highT,NN1C=CN=N1,ON1N=NN=C1C1=NN=NN1O
UCESAZ,UCESAZ,295 K,c1cc(ccn1)C=Cc1ccncc1.OC(=O)CCC(=O)c1ccc(cc1)c1ccccc1,P21/c,False,295.0,highT,c1cc(ccn1)C=Cc1ccncc1,OC(=O)CCC(=O)c1ccc(cc1)c1ccccc1
LIDPIA,LIDPIA,296 K,OC(=O)c1ccc(O)cc1.COc1ccc(cc1)C(N)=O,P21/c,False,296.0,highT,OC(=O)c1ccc(O)cc1,COc1ccc(cc1)C(N)=O
NORTIA,NORTIA,296 K,Oc1ccc2ccc(O)cc2c1.c1ccc2nc3ccccc3nc2c1,P21/c,False,296.0,highT,Oc1ccc2ccc(O)cc2c1,c1ccc2nc3ccccc3nc2c1
ULIBUO,ULIBUO,293 K,OC=O.OC(=O)CN1C(=O)Oc2ccccc12,P212121,False,293.0,highT,OC=O,OC(=O)CN1C(=O)Oc2ccccc12
NOQFUV,NOQFUV,at 296 K,CN1C=CC(=C2C=CN(C)C3=NSN=C23)C2=NSN=C12.OC1=C(Cl)C(=O)C(=C(Cl)C1=O)O,P21/c,False,296.0,highT,CN1C=CC(=C2C=CN(C)C3=NSN=C23)C2=NSN=C12,OC1=C(Cl)C(=O)C(=C(Cl)C1=O)O
NUYDOB,NUYDOB,at 293 K,OC1=C(Cl)C(=O)C(=C(Cl)C1=O)[O-].[NH3+]C(CC1=CNc2ccccc12)C(O)=O,C2/c,False,293.0,highT,OC1=C(Cl)C(=O)C(=C(Cl)C1=O)[O-],[NH3+]C(CC1=CNc2ccccc12)C(O)=O
VEMZIX,VEMZIX,at 298 K,Oc1ccc2ccc(O)cc2c1.O1C(=NN=C1c1ccncc1)c1ccncc1,C2/c,False,298.0,highT,Oc1ccc2ccc(O)cc2c1,O1C(=NN=C1c1ccncc1)c1ccncc1
XIPVAU,XIPVAU,at 293 K,c1ccc2nc3ccccc3nc2c1.OC(=O)c1c(O)cc(O)cc1O,P21/c,False,293.0,highT,c1ccc2nc3ccccc3nc2c1,OC(=O)c1c(O)cc(O)cc1O
SOHDID,SOHDID,at 295 K,COc1c[n+](N)ccn1.Cc1cc(C)c(c(C)c1)S(=O)(=O)[O-],P-1,False,295.0,highT,COc1c[n+](N)ccn1,Cc1cc(C)c(c(C)c1)S(=O)(=O)[O-]
DUJMOM,DUJMOM,293 K,Oc1cccc2ccc[nH+]c12.OC(=O)C#CC(=O)[O-],P21/n,False,293.0,highT,Oc1cccc2ccc[nH+]c12,OC(=O)C#CC(=O)[O-]
KIGKOB01,KIGKOB01,250 K,OC(=O)c1cc2ccccc2cc1O.CN1C=NC2=C1C(=O)N(C)C(=O)N2C,P21/n,False,250.0,highT,OC(=O)c1cc2ccccc2cc1O,CN1C=NC2=C1C(=O)N(C)C(=O)N2C
UTOBIP,UTOBIP,at 291 K,CCOC(=O)C1=C(N)c2c(O1)c(Cl)c(Cl)c(O)c2C#N.CS(C)=O,P21/n,False,291.0,highT,CCOC(=O)C1=C(N)c2c(O1)c(Cl)c(Cl)c(O)c2C#N,CS(C)=O
OZOTII,OZOTII,296 K,Oc1ccc(c(O)c1)C(=O)[O-].ON=Cc1cc[nH+]c2ccccc12,P21/n,False,296.0,highT,Oc1ccc(c(O)c1)C(=O)[O-],ON=Cc1cc[nH+]c2ccccc12
NERDIB,NERDIB,295.0 K,C1CN(CCO1)N=C1CCSCC1.Fc1c(F)c(Br)c(F)c(F)c1Br,C2/c,False,295.0,highT,C1CN(CCO1)N=C1CCSCC1,Fc1c(F)c(Br)c(F)c(F)c1Br
OMUXIE,OMUXIE,at 297 K,OC(=O)c1cc(ccc1O)S(=O)(=O)[O-].C[NH+]1CCOCC1,P21/n,False,297.0,highT,OC(=O)c1cc(ccc1O)S(=O)(=O)[O-],C[NH+]1CCOCC1
CATJUE,CATJUE,at 298 K,Oc1ccc2ccccc2c1c1c(O)ccc2ccccc12.NC1=NC(=CS1)c1ccccc1,P-1,False,298.0,highT,Oc1ccc2ccccc2c1c1c(O)ccc2ccccc12,NC1=NC(=CS1)c1ccccc1
XOMZUW,XOMZUW,at 296 K,ClC1=CC=C(S1)C(=O)[O-].[NH2+]=C1NC(=O)NC=C1,P-1,False,296.0,highT,ClC1=CC=C(S1)C(=O)[O-],[NH2+]=C1NC(=O)NC=C1
LABYOG,LABYOG,260 K,COc1ccc(C=Cc2cc[n+](C)cc2)cc1OC.Cc1ccc(cc1)S(=O)(=O)[O-],P21,False,260.0,highT,COc1ccc(C=Cc2cc[n+](C)cc2)cc1OC,Cc1ccc(cc1)S(=O)(=O)[O-]
OMELEZ,OMELEZ,295 K,Oc1cc(O)cc(O)c1.c1ccc(cc1)c1ccncc1,P21/c,False,295.0,highT,Oc1cc(O)cc(O)c1,c1ccc(cc1)c1ccncc1
IHIGIR,IHIGIR,296 K,Clc1cccc(c1)C(=O)[O-].CC[N+]1=C(N)SCC1,P-1,False,296.0,highT,Clc1cccc(c1)C(=O)[O-],CC[N+]1=C(N)SCC1
ENIJUJ,ENIJUJ,294 K,c1cc(ccn1)C=Cc1ccncc1.CC=CC(O)=O,P-1,False,294.0,highT,c1cc(ccn1)C=Cc1ccncc1,CC=CC(O)=O
EPUGII,EPUGII,298 K,NC1=[NH+]C=CS1.Clc1ccc(OCC(=O)[O-])c(Cl)c1,Pc,False,298.0,highT,NC1=[NH+]C=CS1,Clc1ccc(OCC(=O)[O-])c(Cl)c1
ORITAM,ORITAM,293 K,OC(=O)CCC(=O)[O-].[NH3+]c1ccc(OC)cc1,P21/n,False,293.0,highT,OC(=O)CCC(=O)[O-],[NH3+]c1ccc(OC)cc1
KAXRIM,KAXRIM,at 293 K,c1cc(ccn1)C=Cc1ccncc1.OC(=O)CC=CC(O)=O,Pc,False,293.0,highT,c1cc(ccn1)C=Cc1ccncc1,OC(=O)CC=CC(O)=O
FIGNER,FIGNER,293 K,C[NH+]1CCOCC1.O=N(=O)c1cc(c([O-])c(c1)N(=O)=O)N(=O)=O,Pna21,False,293.0,highT,C[NH+]1CCOCC1,O=N(=O)c1cc(c([O-])c(c1)N(=O)=O)N(=O)=O
YODBEA,YODBEA,at 293 K,OC(=O)c1c(F)c(F)c(C(O)=O)c(F)c1F.Cc1nccnc1C,P-1,False,293.0,highT,OC(=O)c1c(F)c(F)c(C(O)=O)c(F)c1F,Cc1nccnc1C
DIHLOZ,DIHLOZ,293.1 K,Oc1c2cc(ccc2c(cc1N(=O)=O)N(=O)=O)S(=O)(=O)[O-].C[P+](c1ccccc1)(c1ccccc1)c1ccccc1,P-1,False,293.0,highT,Oc1c2cc(ccc2c(cc1N(=O)=O)N(=O)=O)S(=O)(=O)[O-],C[P+](c1ccccc1)(c1ccccc1)c1ccccc1
KUQXOM,KUQXOM,298.8 K,O=C1C=CC(=O)C(=C1C#N)C#N.c1ccc2c(c1)ccc1ccccc21,P21/n,False,298.0,highT,O=C1C=CC(=O)C(=C1C#N)C#N,c1ccc2c(c1)ccc1ccccc21
JASJUJ,JASJUJ,at 293 K,[NH3+]C(C)c1ccc(cc1)N(=O)=O.O=C([O-])C1COc2ccccc2O1,P212121,False,293.0,highT,[NH3+]C(C)c1ccc(cc1)N(=O)=O,O=C([O-])C1COc2ccccc2O1
FOYPAM,FOYPAM,at 296 K,COc1[nH+]c(N)nc(OC)c1.O=C1NC(=S)NC(=C1)[O-],P-1,False,296.0,highT,COc1[nH+]c(N)nc(OC)c1,O=C1NC(=S)NC(=C1)[O-]
KAMREW,KAMREW,at 293 K,OC(C(O)C(=O)[O-])C(O)=O.[NH3+]C(CC)CO,P212121,False,293.0,highT,OC(C(O)C(=O)[O-])C(O)=O,[NH3+]C(CC)CO
ZIHQEQ,ZIHQEQ,293 K,OC(=O)CSc1nc(SCC(O)=O)nc(SCC(=O)[O-])n1.COc1[nH+]c(N)nc(OC)c1,P-1,False,293.0,highT,OC(=O)CSc1nc(SCC(O)=O)nc(SCC(=O)[O-])n1,COc1[nH+]c(N)nc(OC)c1
PAJVEE,PAJVEE,297 K,CC(C)OP(=S)([S-])OC(C)C.C1C[NH+](CCO1)Cc1ccccc1,P21/n,False,297.0,highT,CC(C)OP(=S)([S-])OC(C)C,C1C[NH+](CCO1)Cc1ccccc1
XAQZUM,XAQZUM,at 293 K,OC(=O)C1(CCC1)C(=O)[O-].OC(=O)C1CC[NH2+]CC1,P21/c,False,293.0,highT,OC(=O)C1(CCC1)C(=O)[O-],OC(=O)C1CC[NH2+]CC1
BIWNAZ,BIWNAZ,296 K,OC(C(O)C(=O)[O-])C(O)=O.OC(=O)c1[nH+]cccc1,P212121,False,296.0,highT,OC(C(O)C(=O)[O-])C(O)=O,OC(=O)c1[nH+]cccc1
KUZVOR,KUZVOR,at 296 K,Cc1ccc(cc1)C(=O)[O-].CC(C)[NH2+]CC(O)c1ccccc1Cl,P21/n,False,296.0,highT,Cc1ccc(cc1)C(=O)[O-],CC(C)[NH2+]CC(O)c1ccccc1Cl
IYEYIW,IYEYIW,293 K,C=C=CC(C#C)[NH+]1CCOCC1.O=N(=O)c1cc(c([O-])c(c1)N(=O)=O)N(=O)=O,P-1,False,293.0,highT,C=C=CC(C#C)[NH+]1CCOCC1,O=N(=O)c1cc(c([O-])c(c1)N(=O)=O)N(=O)=O
RUPRUR,RUPRUR,293 K,C[NH+]1CCOCC1.O=C1NC(=O)C(=C([O-])N1)c1c(cc(cc1N(=O)=O)N(=O)=O)N(=O)=O,P21/c,False,293.0,highT,C[NH+]1CCOCC1,O=C1NC(=O)C(=C([O-])N1)c1c(cc(cc1N(=O)=O)N(=O)=O)N(=O)=O
GAWLOG,GAWLOG,at 293 K,OC(=O)CCC(O)=O.O1C(=NN=C1c1ccncc1)c1ccncc1,P-1,False,293.0,highT,OC(=O)CCC(O)=O,O1C(=NN=C1c1ccncc1)c1ccncc1
QUHRAO,QUHRAO,300 K,NC(=O)c1cccnc1.COc1cc(C=CC(O)=O)cc(OC)c1O,P-1,False,300.0,highT,NC(=O)c1cccnc1,COc1cc(C=CC(O)=O)cc(OC)c1O
GENMES,GENMES,at 296 K,c1ccc2cc3ccccc3cc2c1.OC(=O)CN1C(=O)c2cc3C(=O)N(CC(O)=O)C(=O)c3cc2C1=O,P21/c,False,296.0,highT,c1ccc2cc3ccccc3cc2c1,OC(=O)CN1C(=O)c2cc3C(=O)N(CC(O)=O)C(=O)c3cc2C1=O
HEDWEU,HEDWEU,at 298 K,CC(=O)[O-].Oc1ccc2ccccc2c1C[NH+]=C1Nc2ccccc2N1,Pbcn,False,298.0,highT,CC(=O)[O-],Oc1ccc2ccccc2c1C[NH+]=C1Nc2ccccc2N1
DINSIE,DINSIE,at 293 K,OC(=O)c1cccc(O)c1.c1ccc2nc3ccccc3cc2c1,P-1,False,293.0,highT,OC(=O)c1cccc(O)c1,c1ccc2nc3ccccc3cc2c1
XEYLUI,XEYLUI,at 293 K,Oc1ccc2ccccc2c1c1c(O)ccc2ccccc12.Cc1cccc(C)n1,C2/c,False,293.0,highT,Oc1ccc2ccccc2c1c1c(O)ccc2ccccc12,Cc1cccc(C)n1
VUMDAJ,VUMDAJ,at 296 K,[NH3+]CCO.CC1=CC(=O)N([O-])C(=C1)C1CCCCC1,P-1,False,296.0,highT,[NH3+]CCO,CC1=CC(=O)N([O-])C(=C1)C1CCCCC1
RIHBUG,RIHBUG,at 273 K,c1cc(nc(c1)N1C=NN=C1)N1C=NN=C1.OC(=O)c1cc(C(O)=O)c(cc1C(O)=O)C(O)=O,P21/c,False,273.0,highT,c1cc(nc(c1)N1C=NN=C1)N1C=NN=C1,OC(=O)c1cc(C(O)=O)c(cc1C(O)=O)C(O)=O
GAVBAI,GAVBAI,at 298 K,Oc1cccc(O)c1.COC(=O)C=Cc1ccncc1,P-1,False,298.0,highT,Oc1cccc(O)c1,COC(=O)C=Cc1ccncc1
YAGKAT,YAGKAT,at 291 K,OC(C(O)C(=O)[O-])C(O)=O.[NH3+]C(CC1=C[NH+]=CN1)C(=O)[O-],P1,False,291.0,highT,OC(C(O)C(=O)[O-])C(O)=O,[NH3+]C(CC1=C[NH+]=CN1)C(=O)[O-]
PUKDOP,PUKDOP,at 296 K,Nc1[nH+]cc(Br)cc1.Nc1cccc(c1)C(=O)[O-],P21/c,False,296.0,highT,Nc1[nH+]cc(Br)cc1,Nc1cccc(c1)C(=O)[O-]
NIYGIN,NIYGIN,296 K,CC(C)C1=C(Cl)[N-]C(=O)NC1=O.COc1ccccc1N1CC[NH2+]CC1,P21/n,False,296.0,highT,CC(C)C1=C(Cl)[N-]C(=O)NC1=O,COc1ccccc1N1CC[NH2+]CC1
ERAGOW,ERAGOW,293 K,NC(=O)c1ccncc1.OC(=O)CCCCCCC(O)=O,P-1,False,293.0,highT,NC(=O)c1ccncc1,OC(=O)CCCCCCC(O)=O
LALVED,LALVED,293 K,N#Cc1ccncc1.OC(=O)c1cc(O)c(O)c(O)c1,P21,False,293.0,highT,N#Cc1ccncc1,OC(=O)c1cc(O)c(O)c(O)c1
KEWKOP,KEWKOP,296 K,Clc1ccc(cc1)C(=O)[O-].COc1cc(C)[nH+]c(N)n1,P21/c,False,296.0,highT,Clc1ccc(cc1)C(=O)[O-],COc1cc(C)[nH+]c(N)n1
DOCWUQ,DOCWUQ,298 K,OC(=O)c1cc(ccc1O)S(=O)(=O)[O-].O=C(CN1C=[NH+]C=C1)c1ccccc1,P21/c,False,298.0,highT,OC(=O)c1cc(ccc1O)S(=O)(=O)[O-],O=C(CN1C=[NH+]C=C1)c1ccccc1
VOVZEN,VOVZEN,at 293 K,OC(=O)CCC(=O)[O-].Oc1cccc2ccc[nH+]c12,P21,False,293.0,highT,OC(=O)CCC(=O)[O-],Oc1cccc2ccc[nH+]c12
TAZDOR,TAZDOR,293 K,[NH3+]CCO.Clc1cccc(Cl)c1Nc1ccccc1CC(=O)[O-],P21/c,False,293.0,highT,[NH3+]CCO,Clc1cccc(Cl)c1Nc1ccccc1CC(=O)[O-]
EXEJUN,EXEJUN,at 293 K,C1N2CN3CN1CN(C2)C3.CC(C)(c1cc(Br)c(O)c(Br)c1)c1cc(Br)c(O)c(Br)c1,P-1,False,293.0,highT,C1N2CN3CN1CN(C2)C3,CC(C)(c1cc(Br)c(O)c(Br)c1)c1cc(Br)c(O)c(Br)c1
YEVTEB,YEVTEB,298 K,OC(=O)c1nccnc1C(=O)[O-].CC1=CC(=O)NC(=[NH+]1)N,P21/n,False,298.0,highT,OC(=O)c1nccnc1C(=O)[O-],CC1=CC(=O)NC(=[NH+]1)N
REWCEE,REWCEE,293 K,Clc1ccc(cn1)C(=O)[O-].NC1=[NH+]C(=O)NC=C1,Pccn,False,293.0,highT,Clc1ccc(cn1)C(=O)[O-],NC1=[NH+]C(=O)NC=C1
UKITIU,UKITIU,298 K,Cc1cccc2SC(=[NH2+])Nc12.OC(=O)CC(=C)C(=O)[O-],P21/n,False,298.0,highT,Cc1cccc2SC(=[NH2+])Nc12,OC(=O)CC(=C)C(=O)[O-]
EFOZAB02,EFOZAB02,at 293 K,NC(N)=O.O=C1CC(=O)NC(=O)N1,P-1,False,293.0,highT,NC(N)=O,O=C1CC(=O)NC(=O)N1
SIJZOC,SIJZOC,at 293 K,OC(=O)c1cc(O)cc(O)c1.O=C1CNC(=O)CN1,P-1,False,293.0,highT,OC(=O)c1cc(O)cc(O)c1,O=C1CNC(=O)CN1
CIRMAT,CIRMAT,at 293 K,O=N(=O)c1ccc(cc1)S(=O)(=O)[O-].COc1cc2ccccc2c[n+]1C,P21/n,False,293.0,highT,O=N(=O)c1ccc(cc1)S(=O)(=O)[O-],COc1cc2ccccc2c[n+]1C
PUKPER,PUKPER,at 298 K,N#Cc1ccncc1.OC(=O)c1ccccc1,P-1,False,298.0,highT,N#Cc1ccncc1,OC(=O)c1ccccc1
CIXBOC,CIXBOC,at 298 K,[NH2+]=C1Nc2ccc(Br)cc2S1.O=N(=O)c1cc(c([O-])c(c1)N(=O)=O)N(=O)=O,C2/c,False,298.0,highT,[NH2+]=C1Nc2ccc(Br)cc2S1,O=N(=O)c1cc(c([O-])c(c1)N(=O)=O)N(=O)=O
QEYZIH,QEYZIH,295 K,Oc1cc(cc(O)c1O)C(=O)[O-].NC1=[NH+]C(=O)NC=C1,P21,False,295.0,highT,Oc1cc(cc(O)c1O)C(=O)[O-],NC1=[NH+]C(=O)NC=C1
COZYUM,COZYUM,at 298 K,OC(=O)c1cccc(c1)C(O)=O.C(Cc1ccncc1)c1ccncc1,P-1,False,298.0,highT,OC(=O)c1cccc(c1)C(O)=O,C(Cc1ccncc1)c1ccncc1
PAZHOO,PAZHOO,at 295 K,OC1=C(Cl)C(=O)C(=C(Cl)C1=O)[O-].OC(=O)c1c[nH+]ccc1,Pc,False,295.0,highT,OC1=C(Cl)C(=O)C(=C(Cl)C1=O)[O-],OC(=O)c1c[nH+]ccc1
TOHHIK,TOHHIK,293 K,Clc1ccc(cc1C(=O)[O-])N(=O)=O.[NH3+]CCO,P-1,False,293.0,highT,Clc1ccc(cc1C(=O)[O-])N(=O)=O,[NH3+]CCO
DENWUP01,DENWUP01,at 293 K,CN1CC(=O)NC1=[NH2+].O=C([O-])c1ccccc1,P21/c,False,293.0,highT,CN1CC(=O)NC1=[NH2+],O=C([O-])c1ccccc1
VUXYOD,VUXYOD,at 297 K,[NH3+]C(C)Cc1c2OC=Cc2c(Br)c2OC=Cc12.OC(=O)c1cc(cc(c1[O-])N(=O)=O)N(=O)=O,P21,False,297.0,highT,[NH3+]C(C)Cc1c2OC=Cc2c(Br)c2OC=Cc12,OC(=O)c1cc(cc(c1[O-])N(=O)=O)N(=O)=O
JAPWIJ,JAPWIJ,293 K,Nc1ccc(cc1)C(=O)[O-].[NH3+]CCO,Pbca,False,293.0,highT,Nc1ccc(cc1)C(=O)[O-],[NH3+]CCO
QOBVAF,QOBVAF,at 291 K,c1ccc(nc1)c1ccccn1.Oc1ccc2ccccc2c1c1c(O)ccc2ccccc12,P-1,False,291.0,highT,c1ccc(nc1)c1ccccn1,Oc1ccc2ccccc2c1c1c(O)ccc2ccccc12
FOVRIU,FOVRIU,296 K,ClC(Cl)(Cl)C(=O)[O-].COc1ccc(cc1)N1CC[NH2+]CC1,Pca21,False,296.0,highT,ClC(Cl)(Cl)C(=O)[O-],COc1ccc(cc1)N1CC[NH2+]CC1
JIQFUN,JIQFUN,296 K,Oc1cccc(O)c1C(=O)[O-].[NH3+]CC1CCC(CC1)C(O)=O,P-1,False,296.0,highT,Oc1cccc(O)c1C(=O)[O-],[NH3+]CC1CCC(CC1)C(O)=O
RAVPIO,RAVPIO,at 297 K,OC(=O)c1cc(ccc1O)S(=O)(=O)[O-].[NH3+]c1cccc(c1)C(O)=O,P21/n,False,297.0,highT,OC(=O)c1cc(ccc1O)S(=O)(=O)[O-],[NH3+]c1cccc(c1)C(O)=O
JEPYEL,JEPYEL,298 K,CS(C)=O.Cc1cc(C)nc(NS(=O)(=O)c2ccc(N)cc2)n1,P21/n,False,298.0,highT,CS(C)=O,Cc1cc(C)nc(NS(=O)(=O)c2ccc(N)cc2)n1
UMINAF,UMINAF,at 293 K,OC(=O)C(O)=O.c1cc(ccn1)N=Nc1ccncc1,P21/c,False,293.0,highT,OC(=O)C(O)=O,c1cc(ccn1)N=Nc1ccncc1
TIWPOH,TIWPOH,293 K,CCOc1ccccc1C(N)=O.OC(=O)C=CC(O)=O,P-1,False,293.0,highT,CCOc1ccccc1C(N)=O,OC(=O)C=CC(O)=O
PUKJIP,PUKJIP,at 296 K,Nc1[nH+]cc(Br)cc1.OC(=O)CCC(=O)[O-],P212121,False,296.0,highT,Nc1[nH+]cc(Br)cc1,OC(=O)CCC(=O)[O-]
NIMXUF,NIMXUF,298 K,O=N(=O)C(=C1N[N-]N=N1)N(=O)=O.[NH3+]NC(N)=O,P21/c,False,298.0,highT,O=N(=O)C(=C1N[N-]N=N1)N(=O)=O,[NH3+]NC(N)=O
XAGYIR,XAGYIR,296 K,O=C([O-])c1ccc(cc1)N(=O)=O.COc1ccccc1N1CC[NH2+]CC1,P21/c,False,296.0,highT,O=C([O-])c1ccc(cc1)N(=O)=O,COc1ccccc1N1CC[NH2+]CC1
XAGWOV,XAGWOV,296 K,Clc1ccc(cc1)C(=O)[O-].COc1ccccc1N1CC[NH2+]CC1,P-1,False,296.0,highT,Clc1ccc(cc1)C(=O)[O-],COc1ccccc1N1CC[NH2+]CC1
BAYRAY,BAYRAY,298 K,Cc1cccc2SC(=[NH2+])Nc12.O=C([O-])c1cnccn1,P-1,False,298.0,highT,Cc1cccc2SC(=[NH2+])Nc12,O=C([O-])c1cnccn1
NAWYOD,NAWYOD,293 K,[NH3+]Cc1ccccc1O.O=C([O-])c1ccc(cc1)N(=O)=O,C2/c,False,293.0,highT,[NH3+]Cc1ccccc1O,O=C([O-])c1ccc(cc1)N(=O)=O
DUJTUX,DUJTUX,at -30 deg.C,O=N(=O)c1ccc(cc1)[N+]#N.COC(=O)C1=C(C(=O)OC)[C-](C(=O)OC)C(=C1C(=O)OC)C(=O)OC,P21/n,False,303.0,highT,O=N(=O)c1ccc(cc1)[N+]#N,COC(=O)C1=C(C(=O)OC)[C-](C(=O)OC)C(=C1C(=O)OC)C(=O)OC
SALQUS,SALQUS,at 296.2 K,Cc1ccc(C)c(c1)S(=O)(=O)[O-].Nc1[nH+]cccc1N(=O)=O,Pn,False,296.0,highT,Cc1ccc(C)c(c1)S(=O)(=O)[O-],Nc1[nH+]cccc1N(=O)=O
KUQQUJ,KUQQUJ,at 293 K,Cc1ccc(cc1)C(=O)[O-].CCc1[nH+]c(N)nc(N)c1c1ccc(Cl)cc1,C2/c,False,293.0,highT,Cc1ccc(cc1)C(=O)[O-],CCc1[nH+]c(N)nc(N)c1c1ccc(Cl)cc1
ROFVEO,ROFVEO,at 293 K,CCOS(=O)(=O)[O-].[NH3+]C(CCCNC(N)=[NH2+])C(=O)[O-],P212121,False,293.0,highT,CCOS(=O)(=O)[O-],[NH3+]C(CCCNC(N)=[NH2+])C(=O)[O-]
XERCIJ,XERCIJ,293 K,N#Cc1cc(C#N)c(cc1C#N)C#N.CC(=O)c1ccc2ccc3cccc4ccc1c2c34,Pna21,False,293.0,highT,N#Cc1cc(C#N)c(cc1C#N)C#N,CC(=O)c1ccc2ccc3cccc4ccc1c2c34
MUYDOC,MUYDOC,304 K,[NH3+]c1ccc(O)cc1.CC1(C)C2CCC1(CS(=O)(=O)[O-])C(=O)C2,C2,False,304.0,highT,[NH3+]c1ccc(O)cc1,CC1(C)C2CCC1(CS(=O)(=O)[O-])C(=O)C2
BOJGEN,BOJGEN,at 293 K,O=C([O-])c1ccccn1.CCc1[nH+]c(N)nc(N)c1c1ccc(Cl)cc1,P21/c,False,293.0,highT,O=C([O-])c1ccccn1,CCc1[nH+]c(N)nc(N)c1c1ccc(Cl)cc1
HOFYUZ,HOFYUZ,300 K,NC(=O)c1ccncc1.OC(=O)CCCCCCCC(O)=O,P-1,False,300.0,highT,NC(=O)c1ccncc1,OC(=O)CCCCCCCC(O)=O
EZIDOH,EZIDOH,at 301 K,Nc1ccc(cc1)C(O)=O.CC1=NN=C2CN=C(c3ccccc3)c3cc(Cl)ccc3N12,P21/c,False,301.0,highT,Nc1ccc(cc1)C(O)=O,CC1=NN=C2CN=C(c3ccccc3)c3cc(Cl)ccc3N12
YUKVIM,YUKVIM,293 K,Nc1ncccn1.OC(=O)Cc1cccc2ccccc12,P21/n,False,293.0,highT,Nc1ncccn1,OC(=O)Cc1cccc2ccccc12
XOJYEC,XOJYEC,273 K,NC(=O)c1ccncc1.CC(C)c1cccc(C(C)C)c1O,P-1,False,273.0,highT,NC(=O)c1ccncc1,CC(C)c1cccc(C(C)C)c1O
METQOS,METQOS,at 296 K,O=Cc1ccccc1C(=O)[O-].OCC[NH+](CCO)CCO,P21/c,False,296.0,highT,O=Cc1ccccc1C(=O)[O-],OCC[NH+](CCO)CCO
MICGAJ,MICGAJ,293 K,Cc1nc(N)nc(N)n1.COc1cc(cc(OC)c1OC)C(O)=O,P21/c,False,293.0,highT,Cc1nc(N)nc(N)n1,COc1cc(cc(OC)c1OC)C(O)=O
HAVFES,HAVFES,293 K,OC(=O)c1cccc(c1C(=O)[O-])N(=O)=O.[NH3+]c1ccc(Cl)cc1,P21/c,False,293.0,highT,OC(=O)c1cccc(c1C(=O)[O-])N(=O)=O,[NH3+]c1ccc(Cl)cc1
TETRIU,TETRIU,at 293 K,O=N(=O)c1cc(c([O-])c(c1)N(=O)=O)N(=O)=O.C[NH+](C)CC1COCC(C)O1,P21/n,False,293.0,highT,O=N(=O)c1cc(c([O-])c(c1)N(=O)=O)N(=O)=O,C[NH+](C)CC1COCC(C)O1
TAZPOC,TAZPOC,293 K,COc1ccc(cc1)B(O)O.c1ccc2nc3nc4ccccc4nc3nc2c1,P21/n,False,293.0,highT,COc1ccc(cc1)B(O)O,c1ccc2nc3nc4ccccc4nc3nc2c1
XAGZAK,XAGZAK,296 K,OC(=O)C=CC(=O)[O-].COc1ccccc1N1CC[NH2+]CC1,P-1,False,296.0,highT,OC(=O)C=CC(=O)[O-],COc1ccccc1N1CC[NH2+]CC1
RAHXUV,RAHXUV,at 290 K,OC(=O)c1ccc(cc1)C(=O)[O-].Oc1c(CN2C=[NH+]C=C2)cc(Cl)cc1CN1C=CN=C1,P-1,False,290.0,highT,OC(=O)c1ccc(cc1)C(=O)[O-],Oc1c(CN2C=[NH+]C=C2)cc(Cl)cc1CN1C=CN=C1
FUYLOB,FUYLOB,at 293 K,O=S1(=O)NS(=O)(=O)c2ccc3ccccc3c2c2c3ccccc3ccc12.CCOC(C)=O,P212121,False,293.0,highT,O=S1(=O)NS(=O)(=O)c2ccc3ccccc3c2c2c3ccccc3ccc12,CCOC(C)=O
XUHYUW,XUHYUW,296 K,NC(N)=NCCN=C(N)N.COCCOc1cc(cc(c1)C(O)=O)C(O)=O,P21/c,False,296.0,highT,NC(N)=NCCN=C(N)N,COCCOc1cc(cc(c1)C(O)=O)C(O)=O
WERLOY,WERLOY,298 K,OC(=O)Cc1ccccc1Nc1c(Cl)cccc1Cl.NC1=NC(=O)C=CN1,P1,False,298.0,highT,OC(=O)Cc1ccccc1Nc1c(Cl)cccc1Cl,NC1=NC(=O)C=CN1
NIJCES,NIJCES,293 K,Oc1cccc(O)c1C(=O)[O-].CCS(=O)(=O)CCN1C(=[NH+]C=C1N(=O)=O)C,Cc,False,293.0,highT,Oc1cccc(O)c1C(=O)[O-],CCS(=O)(=O)CCN1C(=[NH+]C=C1N(=O)=O)C
XOJMUF,XOJMUF,at 273 K,COc1ccc(cc1)C(O)=O.Cc1cc(C)nc(N)n1,P-1,False,273.0,highT,COc1ccc(cc1)C(O)=O,Cc1cc(C)nc(N)n1
JEJHUF,JEJHUF,286 K,CC1=C(C=C(C#N)C(=O)N1)c1cc[nH+]cc1.Oc1ccccc1C(=O)[O-],P-1,False,286.0,highT,CC1=C(C=C(C#N)C(=O)N1)c1cc[nH+]cc1,Oc1ccccc1C(=O)[O-]
SAZXOJ,SAZXOJ,293.1 K,CN1C=C[N+](=C1)CCO.O=N(=O)c1cc(c([O-])c(c1)N(=O)=O)N(=O)=O,P21/n,False,293.0,highT,CN1C=C[N+](=C1)CCO,O=N(=O)c1cc(c([O-])c(c1)N(=O)=O)N(=O)=O
NEBWUO,NEBWUO,at 293 K,COc1cc(OC)nc(N)n1.Cc1cccc(c1)C(O)=O,P-1,False,293.0,highT,COc1cc(OC)nc(N)n1,Cc1cccc(c1)C(O)=O
LEGMUH,LEGMUH,at 293 K,OC(=O)c1cccc(n1)C(=O)[O-].[NH3+]c1cccc(c1)B(O)O,P21/n,False,293.0,highT,OC(=O)c1cccc(n1)C(=O)[O-],[NH3+]c1cccc(c1)B(O)O
ABUKOZ,ABUKOZ,at 298 K,Oc1c(cc(cc1N(=O)=O)N(=O)=O)C(=O)[O-].[NH3+]c1ccc(F)cc1,P21/n,False,298.0,highT,Oc1c(cc(cc1N(=O)=O)N(=O)=O)C(=O)[O-],[NH3+]c1ccc(F)cc1
SABBEF,SABBEF,296 K,Cc1ccc(cc1)c1nc(N)nc(N)n1.OC(=O)CCCCC(O)=O,P-1,False,296.0,highT,Cc1ccc(cc1)c1nc(N)nc(N)n1,OC(=O)CCCCC(O)=O
WARNOV,WARNOV,298.1 K,c1cc(ccn1)c1ccncc1.OB1OCc2cc(F)ccc12,P21/c,False,298.0,highT,c1cc(ccn1)c1ccncc1,OB1OCc2cc(F)ccc12
ITIWAL,ITIWAL,296 K,Oc1c(cc(c([O-])c1N(=O)=O)N(=O)=O)N(=O)=O.NC(=[NH+]O)C(N)=NO,P-1,False,296.0,highT,Oc1c(cc(c([O-])c1N(=O)=O)N(=O)=O)N(=O)=O,NC(=[NH+]O)C(N)=NO
CINXED,CINXED,at 293 K,CC(=O)[O-].NC(N)=[NH+]N=C(c1ccccc1)c1cc(Cl)ccc1N,P21/c,False,293.0,highT,CC(=O)[O-],NC(N)=[NH+]N=C(c1ccccc1)c1cc(Cl)ccc1N
EDAXIQ,EDAXIQ,at 293 K,OC(=O)C=CC(=O)[O-].[NH3+]C(Cc1ccccc1)C(O)=O,P21,False,293.0,highT,OC(=O)C=CC(=O)[O-],[NH3+]C(Cc1ccccc1)C(O)=O
LAPLIY,LAPLIY,at 293 K,c1cc(ccn1)c1ccncc1.Oc1ccc(cc1)C1(CCCCC1)c1ccc(O)cc1,P-1,False,293.0,highT,c1cc(ccn1)c1ccncc1,Oc1ccc(cc1)C1(CCCCC1)c1ccc(O)cc1
ONAPUP,ONAPUP,at 293 K,OC(=O)c1ccccc1Cl.C(Cc1ccncc1)c1ccncc1,P21/c,False,293.0,highT,OC(=O)c1ccccc1Cl,C(Cc1ccncc1)c1ccncc1
FEXSEJ,FEXSEJ,296 K,Nc1ccc(cc1)C(O)=O.CC(=O)c1ccncc1,P212121,False,296.0,highT,Nc1ccc(cc1)C(O)=O,CC(=O)c1ccncc1
MIJWUB,MIJWUB,294 K,[NH2+]=C1NC(=O)NC=C1F.Oc1ccc(O)c(c1)C(=O)[O-],P21/n,False,294.0,highT,[NH2+]=C1NC(=O)NC=C1F,Oc1ccc(O)c(c1)C(=O)[O-]
ENAGEG,ENAGEG,at 300 K,O=S(c1ccccc1)c1ccccc1.NC(=S)C1CCCCC1,P21/c,False,300.0,highT,O=S(c1ccccc1)c1ccccc1,NC(=S)C1CCCCC1
MOFDER,MOFDER,at 298 K,Cc1nc(N)nc(N)n1.CN(C)C=O,Fdd2,False,298.0,highT,Cc1nc(N)nc(N)n1,CN(C)C=O
CIRVUV,CIRVUV,at 298 K,NC1=[NH+]C(=O)NC=C1.OC(=O)c1cc(cc(c1)C(=O)[O-])C(O)=O,P-1,False,298.0,highT,NC1=[NH+]C(=O)NC=C1,OC(=O)c1cc(cc(c1)C(=O)[O-])C(O)=O
JAJZON,JAJZON,298 K,NC(=O)c1cnccn1.OC(=O)C1=CC=C(S1)C(O)=O,C2/c,False,298.0,highT,NC(=O)c1cnccn1,OC(=O)C1=CC=C(S1)C(O)=O
JETJEY,JETJEY,at 295 K,OC(C(O)C(=O)[O-])C(O)=O.[NH3+]C(c1ccccc1)c1c(O)ccc2ccccc12,P21,False,295.0,highT,OC(C(O)C(=O)[O-])C(O)=O,[NH3+]C(c1ccccc1)c1c(O)ccc2ccccc12
GOGYEJ,GOGYEJ,296 K,Nc1cccc(Cl)n1.OC(=O)CCCC(O)=O,P21/c,False,296.0,highT,Nc1cccc(Cl)n1,OC(=O)CCCC(O)=O
ZUWCEZ,ZUWCEZ,at -130 deg.C,c1ccc(cc1)[C+](c1ccccc1)c1ccccc1.FS(=O)(=O)[N-]S(F)(=O)=O,P21/c,False,403.0,highT,c1ccc(cc1)[C+](c1ccccc1)c1ccccc1,FS(=O)(=O)[N-]S(F)(=O)=O
KEBMAH,KEBMAH,at 296 K,Oc1ccc(N2C(=O)c3ccccc3C2=O)c(c1)C(O)=O.c1ccc2ncccc2c1,P-1,False,296.0,highT,Oc1ccc(N2C(=O)c3ccccc3C2=O)c(c1)C(O)=O,c1ccc2ncccc2c1
TUMJES,TUMJES,295 K,NC(=[NH2+])NC(N)=S.Oc1ccc(cc1)S(=O)(=O)[O-],P21/c,False,295.0,highT,NC(=[NH2+])NC(N)=S,Oc1ccc(cc1)S(=O)(=O)[O-]
AFUGER,AFUGER,291 K,[NH3+]C(C)(C)CC(C)=O.OC(=O)C(=O)[O-],P21/n,False,291.0,highT,[NH3+]C(C)(C)CC(C)=O,OC(=O)C(=O)[O-]
KIJSUT,KIJSUT,at 293 K,NC(=O)c1cccnc1.CN1N=NC2=C(N=CN2C1=O)C(N)=O,P21/c,False,293.0,highT,NC(=O)c1cccnc1,CN1N=NC2=C(N=CN2C1=O)C(N)=O
CUPNEJ,CUPNEJ,280 K,Clc1ccc(cc1)S(=O)(=O)[O-].C[n+]1ccc(cc1)C=Cc1ccc(O)cc1,P1,False,280.0,highT,Clc1ccc(cc1)S(=O)(=O)[O-],C[n+]1ccc(cc1)C=Cc1ccc(O)cc1
JIMBAI,JIMBAI,at -70 deg.C,CN(C)[S+](N(C)C)N(C)C.FC(F)(F)C1=C([O-])C(F)(C(=C1C(F)(F)F)C(F)(F)F)C(F)(F)F,P21/c,False,343.0,highT,CN(C)[S+](N(C)C)N(C)C,FC(F)(F)C1=C([O-])C(F)(C(=C1C(F)(F)F)C(F)(F)F)C(F)(F)F
ERIKOF,ERIKOF,at 293 K,OC(=O)C=CC(=O)[O-].[NH3+]C(CO)c1ccccc1,P21/n,False,293.0,highT,OC(=O)C=CC(=O)[O-],[NH3+]C(CO)c1ccccc1
KEKHIS,KEKHIS,at 293 K,OC(=O)c1cccc(O)c1.O1C(=NN=C1c1cccnc1)c1cccnc1,P21/c,False,293.0,highT,OC(=O)c1cccc(O)c1,O1C(=NN=C1c1cccnc1)c1cccnc1
EBONER,EBONER,273 K,OC(=O)c1cc(O)ccc1O.CN1C=CC(=O)C(=C1C)O,P21/c,False,273.0,highT,OC(=O)c1cc(O)ccc1O,CN1C=CC(=O)C(=C1C)O
JEFLEM,JEFLEM,at 298 K,NC1=[NH+]C=CS1.O=C([O-])c1cc(cc(c1)N(=O)=O)N(=O)=O,P21/c,False,298.0,highT,NC1=[NH+]C=CS1,O=C([O-])c1cc(cc(c1)N(=O)=O)N(=O)=O
UCOTUC,UCOTUC,at 298.1 K,CCCCCCCCCCCC(O)=O.NC(=O)c1cccnc1,P-1,False,298.0,highT,CCCCCCCCCCCC(O)=O,NC(=O)c1cccnc1
VOHMIP,VOHMIP,at 295 K,c1ccncc1.NC1=C(c2c(F)c(F)c(F)c(F)c2C1(F)F)C(=O)C(F)(F)F,P21/c,False,295.0,highT,c1ccncc1,NC1=C(c2c(F)c(F)c(F)c(F)c2C1(F)F)C(=O)C(F)(F)F
WEDKUN,WEDKUN,at 296 K,OC(=O)CCCC(O)=O.Nc1cnccn1,P21/c,False,296.0,highT,OC(=O)CCCC(O)=O,Nc1cnccn1
WOPCUA,WOPCUA,at 293 K,C1COCCOCCOCCO1.NC(c1ccccc1)(c1ccccc1)c1ccccc1,P-1,False,293.0,highT,C1COCCOCCOCCO1,NC(c1ccccc1)(c1ccccc1)c1ccccc1
XOMZEG,XOMZEG,at 296 K,OC(=O)C1=CC=C(Cl)S1.Cc1cc(C)nc(N)n1,P21/c,False,296.0,highT,OC(=O)C1=CC=C(Cl)S1,Cc1cc(C)nc(N)n1
ARAMAK,ARAMAK,293 K,NC(N)=S.COC(=O)C=Cc1cccnc1,P21/c,False,293.0,highT,NC(N)=S,COC(=O)C=Cc1cccnc1
SUYXIU,SUYXIU,at 296 K,Nc1[nH+]cc(Br)cc1.O=C([O-])C1=CC=CC(=O)N1,P212121,False,296.0,highT,Nc1[nH+]cc(Br)cc1,O=C([O-])C1=CC=CC(=O)N1
QUDWIX,QUDWIX,298 K,Cc1cc[nH+]c2N(C3CC3)c3ncccc3C(=O)Nc12.Oc1c(cc(cc1N(=O)=O)N(=O)=O)C(=O)[O-],C2/c,False,298.0,highT,Cc1cc[nH+]c2N(C3CC3)c3ncccc3C(=O)Nc12,Oc1c(cc(cc1N(=O)=O)N(=O)=O)C(=O)[O-]
GAQKOA,GAQKOA,at 293 K,CN(CC(O)=O)C(N)=[NH2+].OC(=O)C(=O)[O-],P21/c,False,293.0,highT,CN(CC(O)=O)C(N)=[NH2+],OC(=O)C(=O)[O-]
RUYYAN,RUYYAN,296 K,c1cc(ccn1)c1ccncc1.ON=Cc1c(O)ccc2ccccc12,P21/c,False,296.0,highT,c1cc(ccn1)c1ccncc1,ON=Cc1c(O)ccc2ccccc12
CERXIH,CERXIH,at 298 K,C1N2CN3CN1CN(C2)C3.Oc1ccccc1O,C2/c,False,298.0,highT,C1N2CN3CN1CN(C2)C3,Oc1ccccc1O
YOLKIV,YOLKIV,at 293 K,FC(F)(F)S(=O)(=O)[O-].ON=C1C2=[N+](CCCc3ccccc13)CCC2,C2/c,False,293.0,highT,FC(F)(F)S(=O)(=O)[O-],ON=C1C2=[N+](CCCc3ccccc13)CCC2
EZIDUN,EZIDUN,at 298 K,OC(=O)c1c(F)cccc1F.CC1=NN=C2CN=C(c3ccccc3)c3cc(Cl)ccc3N12,P-1,False,298.0,highT,OC(=O)c1c(F)cccc1F,CC1=NN=C2CN=C(c3ccccc3)c3cc(Cl)ccc3N12
RUDGEE,RUDGEE,at 293 K,COc1ccc(CNS(=O)(=O)[O-])cc1.[NH3+]Cc1ccc(OC)cc1,Pbca,False,293.0,highT,COc1ccc(CNS(=O)(=O)[O-])cc1,[NH3+]Cc1ccc(OC)cc1
NUMJOW,NUMJOW,298 K,NS(=O)(=O)c1ccc(Br)cc1.O=C1CCCCN1,C2/c,False,298.0,highT,NS(=O)(=O)c1ccc(Br)cc1,O=C1CCCCN1
WAHGEV,WAHGEV,296.1 K,OC(=O)C=CC(=O)[O-].O=C(NCCON(=O)=O)c1c[nH+]ccc1,Pca21,False,296.0,highT,OC(=O)C=CC(=O)[O-],O=C(NCCON(=O)=O)c1c[nH+]ccc1
OWIWUN,OWIWUN,at 295 K,CC1=[NH+]C(=CC(=O)N1)C.O=N(=O)c1cc(c([O-])c(c1)N(=O)=O)N(=O)=O,P21/n,False,295.0,highT,CC1=[NH+]C(=CC(=O)N1)C,O=N(=O)c1cc(c([O-])c(c1)N(=O)=O)N(=O)=O
RUNHUG,RUNHUG,296.8 K,CS(C)=O.Cc1cc(N)cc2OC(=O)c3c(O)cc(O)cc3c12,Pn,False,296.0,highT,CS(C)=O,Cc1cc(N)cc2OC(=O)c3c(O)cc(O)cc3c12
AQUMEH,AQUMEH,293 K,NC(N)=S.COC(=O)C=Cc1ccccn1,P21/n,False,293.0,highT,NC(N)=S,COC(=O)C=Cc1ccccn1
SUYNEI,SUYNEI,293 K,O=C1NC(=S)NC(=C1)[O-].CC1=C(C)[N+](=CN1O)O,P-1,False,293.0,highT,O=C1NC(=S)NC(=C1)[O-],CC1=C(C)[N+](=CN1O)O
KEBCON,KEBCON,293.1 K,Nc1cccc(c1)C(O)=O.CC(=O)c1ccncc1,P21/n,False,293.0,highT,Nc1cccc(c1)C(O)=O,CC(=O)c1ccncc1
FASJEQ,FASJEQ,at 298 K,Oc1ccc(cc1C(=O)[O-])N(=O)=O.O=C(CN1C=[NH+]C=C1)c1ccccc1,P212121,False,298.0,highT,Oc1ccc(cc1C(=O)[O-])N(=O)=O,O=C(CN1C=[NH+]C=C1)c1ccccc1
YOVMUS,YOVMUS,at 296 K,[S-]C1=Nc2ccccc2S1.OCC[NH+](CCO)CCO,P21/c,False,296.0,highT,[S-]C1=Nc2ccccc2S1,OCC[NH+](CCO)CCO
FERNEZ,FERNEZ,298 K,O=C([O-])c1c(cc(cc1N(=O)=O)N(=O)=O)N(=O)=O.[NH3+]C(CC1=CNc2ccccc12)C(O)=O,P21/c,False,298.0,highT,O=C([O-])c1c(cc(cc1N(=O)=O)N(=O)=O)N(=O)=O,[NH3+]C(CC1=CNc2ccccc12)C(O)=O
GIYDEZ01,GIYDEZ01,at 293 K,[NH3+]CC(O)=O.CS(=O)(=O)[O-],P21/m,False,293.0,highT,[NH3+]CC(O)=O,CS(=O)(=O)[O-]
TOMWOJ,TOMWOJ,at 293 K,OC(=O)CCCC(O)=O.NC(=O)c1ccccn1,Cmce,False,293.0,highT,OC(=O)CCCC(O)=O,NC(=O)c1ccccn1
CUNVUD,CUNVUD,at 298 K,OC(=O)C=CC(=O)[O-].[NH2+]=C1NC(=O)N(C=C1)C1CSC(CO)O1,P212121,False,298.0,highT,OC(=O)C=CC(=O)[O-],[NH2+]=C1NC(=O)N(C=C1)C1CSC(CO)O1
HEPSAZ05,HEPSAZ05,293 K,[2H]OC(=O)c1ccc(cc1)C(=O)[O-].[2H]N1C=[N+]([2H])C=C1,P21/n,False,293.0,highT,[2H]OC(=O)c1ccc(cc1)C(=O)[O-],[2H]N1C=[N+]([2H])C=C1
XISVUT,XISVUT,293 K,Nc1ccccc1C(=O)[O-].OCC[NH2+]CCO,P21/n,False,293.0,highT,Nc1ccccc1C(=O)[O-],OCC[NH2+]CCO
VEFQEE,VEFQEE,at 292 K,OC(=O)c1[nH+]cccc1.ClC(Cl)(Cl)C(=O)[O-],P21/n,False,292.0,highT,OC(=O)c1[nH+]cccc1,ClC(Cl)(Cl)C(=O)[O-]
MEBZEC,MEBZEC,302.0 K,CC(=O)[O-].Nc1c(Br)cc(Br)cc1C[NH2+]C1CCC(O)CC1,P21/n,False,302.0,highT,CC(=O)[O-],Nc1c(Br)cc(Br)cc1C[NH2+]C1CCC(O)CC1
VEJYUH,VEJYUH,299 K,c1cc(ccn1)c1ccncc1.NS(=O)(=O)c1cc2c(NC=NS2(=O)=O)cc1Cl,P-1,False,299.0,highT,c1cc(ccn1)c1ccncc1,NS(=O)(=O)c1cc2c(NC=NS2(=O)=O)cc1Cl
GALHOT,GALHOT,293 K,FC(F)(F)C(=O)[O-].OC(=O)c1cc[nH+]cc1,Pnma,False,293.0,highT,FC(F)(F)C(=O)[O-],OC(=O)c1cc[nH+]cc1
POCHIA,POCHIA,296 K,NC(=[NH2+])Nc1ccc(F)cc1.CS(=O)(=O)[O-],P21/c,False,296.0,highT,NC(=[NH2+])Nc1ccc(F)cc1,CS(=O)(=O)[O-]
CIXBUI,CIXBUI,at 298 K,NC1=Nc2ccc(Br)cc2S1.OC(=O)CCCCCCCCC(O)=O,P-1,False,298.0,highT,NC1=Nc2ccc(Br)cc2S1,OC(=O)CCCCCCCCC(O)=O
YUYQAM,YUYQAM,298 K,Nc1nnc(c(N)n1)c1cccc(Cl)c1Cl.COc1cc(C=O)ccc1O,P21/c,False,298.0,highT,Nc1nnc(c(N)n1)c1cccc(Cl)c1Cl,COc1cc(C=O)ccc1O
XOKSAR,XOKSAR,at 295 K,OC(=O)C=CC(=O)[O-].CC1(C)C(C1c1cccc2OCCc12)C(=O)NC(N)=[NH2+],P212121,False,295.0,highT,OC(=O)C=CC(=O)[O-],CC1(C)C(C1c1cccc2OCCc12)C(=O)NC(N)=[NH2+]
KUNTUK,KUNTUK,275 K,c1ccncc1.CC(=O)Nc1ccc(O)cc1,P21/c,False,275.0,highT,c1ccncc1,CC(=O)Nc1ccc(O)cc1
FICNEN,FICNEN,293 K,CC1=C([NH+]=CN1)C=O.FC(F)(F)C(=O)[O-],P21/n,False,293.0,highT,CC1=C([NH+]=CN1)C=O,FC(F)(F)C(=O)[O-]
EDASUX,EDASUX,at 293 K,OC(=O)C=CC(=O)[O-].[NH3+]CCC(O)=O,P21/n,False,293.0,highT,OC(=O)C=CC(=O)[O-],[NH3+]CCC(O)=O
GEHLUD,GEHLUD,296 K,OC1=C2SSN=C2C(=O)C2=C1S[S+]=N2.FC(F)(F)S(=O)(=O)[O-],P21/c,False,296.0,highT,OC1=C2SSN=C2C(=O)C2=C1S[S+]=N2,FC(F)(F)S(=O)(=O)[O-]
DILCAE,DILCAE,at 293 K,CC1(C)OC2OC3C(O)C[NH2+]CC3C2O1.Cc1ccc(cc1)S(=O)(=O)[O-],C2,False,293.0,highT,CC1(C)OC2OC3C(O)C[NH2+]CC3C2O1,Cc1ccc(cc1)S(=O)(=O)[O-]
YIRLOE,YIRLOE,294 K,FC(F)(F)S(=O)(=O)[N-]S(=O)(=O)C(F)(F)F.Oc1cccc2ccc[nH+]c12,Pna21,False,294.0,highT,FC(F)(F)S(=O)(=O)[N-]S(=O)(=O)C(F)(F)F,Oc1cccc2ccc[nH+]c12
KEWGAY,KEWGAY,295 K,C[NH+]=C1C[N+](=C(c2ccccc2)c2cc(Cl)ccc2N1)[O-].O=C1[N-]S(=O)(=O)c2ccccc12,Pbca,False,295.0,highT,C[NH+]=C1C[N+](=C(c2ccccc2)c2cc(Cl)ccc2N1)[O-],O=C1[N-]S(=O)(=O)c2ccccc12
AYIKAW,AYIKAW,296 K,c1ccc2cnccc2c1.OC(=O)CCSC1=CC(=O)C(=O)c2ccccc12,P-1,False,296.0,highT,c1ccc2cnccc2c1,OC(=O)CCSC1=CC(=O)C(=O)c2ccccc12
AFUJIW,AFUJIW,at 293 K,O=C([O-])c1ccc(cc1)N(=O)=O.NC1=[NH+]C(=CS1)c1ccccc1,P21,False,293.0,highT,O=C([O-])c1ccc(cc1)N(=O)=O,NC1=[NH+]C(=CS1)c1ccccc1
ORARUV,ORARUV,at 296 K,c1cc(ccn1)c1ccncc1.CC(C)(c1ccc(O)cc1)c1ccc(O)cc1,P21/n,False,296.0,highT,c1cc(ccn1)c1ccncc1,CC(C)(c1ccc(O)cc1)c1ccc(O)cc1
OWIFUW,OWIFUW,at 298 K,OC(=O)CN1C(=O)c2cc3C(=O)N(CC(=O)[O-])C(=O)c3cc2C1=O.C[NH+]1CCN(CC1)CC1=CC(=O)Nc2ccccc12,P21/c,False,298.0,highT,OC(=O)CN1C(=O)c2cc3C(=O)N(CC(=O)[O-])C(=O)c3cc2C1=O,C[NH+]1CCN(CC1)CC1=CC(=O)Nc2ccccc12
VUZLIM,VUZLIM,at 296 K,O=C(NNc1ccccc1)NNc1ccccc1.CN(C)C=O,P21/c,False,296.0,highT,O=C(NNc1ccccc1)NNc1ccccc1,CN(C)C=O
SIHQOR,SIHQOR,at 293 K,OC(=O)CCCC(O)=O.NC(=O)c1cnccn1,P21/n,False,293.0,highT,OC(=O)CCCC(O)=O,NC(=O)c1cnccn1
DOGDIP,DOGDIP,302.3 K,CC1=[NH+]C=C(N1CCOC(=O)c1ccccc1)N(=O)=O.OC(=O)C=CC(=O)[O-],C2/c,False,302.0,highT,CC1=[NH+]C=C(N1CCOC(=O)c1ccccc1)N(=O)=O,OC(=O)C=CC(=O)[O-]
YAXSUN,YAXSUN,at 293 K,OC(=O)c1ccc(Br)cc1.CC1=NN=C2SC(=NN12)c1ccc(Br)cc1,P-1,False,293.0,highT,OC(=O)c1ccc(Br)cc1,CC1=NN=C2SC(=NN12)c1ccc(Br)cc1
CEDQOV,CEDQOV,293 K,CN1CC(=O)NC1=[NH2+].O=C([O-])c1cc(cc(c1)N(=O)=O)N(=O)=O,P21/c,False,293.0,highT,CN1CC(=O)NC1=[NH2+],O=C([O-])c1cc(cc(c1)N(=O)=O)N(=O)=O
UMIMUY,UMIMUY,at 293 K,OC(=O)CCCCC(O)=O.c1cc(ccn1)N=Nc1ccncc1,P-1,False,293.0,highT,OC(=O)CCCCC(O)=O,c1cc(ccn1)N=Nc1ccncc1
ROJKOS,ROJKOS,at 300 K,Nc1[nH+]nc(c(N)n1)c1cccc(Cl)c1Cl.O=C1[N-]S(=O)(=O)c2ccccc12,P-1,False,300.0,highT,Nc1[nH+]nc(c(N)n1)c1cccc(Cl)c1Cl,O=C1[N-]S(=O)(=O)c2ccccc12
SESLIM,SESLIM,at 303 K,Nc1ccc(cc1)C(O)=O.OC(=O)c1cccnc1,Cc,False,303.0,highT,Nc1ccc(cc1)C(O)=O,OC(=O)c1cccnc1
APEGIN,APEGIN,293 K,c1ccc(nc1)c1ccccn1.Oc1cc(O)c(Cl)cc1Cl,C2/c,False,293.0,highT,c1ccc(nc1)c1ccccn1,Oc1cc(O)c(Cl)cc1Cl
HINJUN,HINJUN,293 K,CC1=C(C=C(C#N)C(=O)N1)c1cc[nH+]cc1.Oc1ccc(F)cc1C(=O)[O-],P-1,False,293.0,highT,CC1=C(C=C(C#N)C(=O)N1)c1cc[nH+]cc1,Oc1ccc(F)cc1C(=O)[O-]
ENAYEZ,ENAYEZ,296 K,CC(C)Cc1ccc(cc1)C(C)C(=O)[O-].[NH3+]CCc1ccc(O)cc1,P21/c,False,296.0,highT,CC(C)Cc1ccc(cc1)C(C)C(=O)[O-],[NH3+]CCc1ccc(O)cc1
PEKRUU,PEKRUU,at 295 K,OC(=O)c1cc(O)ccc1O.NC(=O)c1cccnc1,P212121,False,295.0,highT,OC(=O)c1cc(O)ccc1O,NC(=O)c1cccnc1
YOVMUU,YOVMUU,293 K,CN1N(C(=O)C=C1C)c1ccccc1.OC(=O)C=CC(O)=O,P-1,False,293.0,highT,CN1N(C(=O)C=C1C)c1ccccc1,OC(=O)C=CC(O)=O
ARAMEO,ARAMEO,293 K,NC(N)=O.COC(=O)C=Cc1cccnc1,I2/a,False,293.0,highT,NC(N)=O,COC(=O)C=Cc1cccnc1
HUTRAS,HUTRAS,293 K,CCc1[nH+]ccc(c1)C(N)=S.OC(=O)CC(=O)[O-],P-1,False,293.0,highT,CCc1[nH+]ccc(c1)C(N)=S,OC(=O)CC(=O)[O-]
QEPJIF,QEPJIF,at 298 K,CCC(=O)[O-].[NH3+]CCNc1ccc(cc1)N(=O)=O,Pn,False,298.0,highT,CCC(=O)[O-],[NH3+]CCNc1ccc(cc1)N(=O)=O
ANIKEQ,ANIKEQ,293 K,Nc1ccc(cc1)S(=O)(=O)Nc1ncccn1.CN1CCCC1=O,P-1,False,293.0,highT,Nc1ccc(cc1)S(=O)(=O)Nc1ncccn1,CN1CCCC1=O
VELXES,VELXES,295 K,BrN1C(=O)c2ccccc2C1=O.Cc1cncc(C)c1,P21/a,False,295.0,highT,BrN1C(=O)c2ccccc2C1=O,Cc1cncc(C)c1
AFICID,AFICID,at 293 K,OC(=O)c1ccc2ccccc2c1c1c(ccc2ccccc12)C(O)=O.Cc1ccccn1,C2/c,False,293.0,highT,OC(=O)c1ccc2ccccc2c1c1c(ccc2ccccc12)C(O)=O,Cc1ccccn1
UBEGUF,UBEGUF,at 295 K,Nc1[nH+]cccc1O.O=N(=O)c1cc(c([O-])c(c1)N(=O)=O)N(=O)=O,Cc,False,295.0,highT,Nc1[nH+]cccc1O,O=N(=O)c1cc(c([O-])c(c1)N(=O)=O)N(=O)=O
XIBDIX,XIBDIX,at 295 K,NC(=[NH2+])NC(N)=S.Oc1ccc(cc1O)C(=O)[O-],P21/c,False,295.0,highT,NC(=[NH2+])NC(N)=S,Oc1ccc(cc1O)C(=O)[O-]
DIMCOV,DIMCOV,293 K,c1cc(ccn1)c1ccncc1.OC(=O)c1ccc(Cl)nc1,P-1,False,293.0,highT,c1cc(ccn1)c1ccncc1,OC(=O)c1ccc(Cl)nc1
ISEROQ,ISEROQ,273 K,COc1c(Cl)ccc(Cl)c1C(=O)[O-].C[N+](C)(C)CC(O)=O,Pca21,False,273.0,highT,COc1c(Cl)ccc(Cl)c1C(=O)[O-],C[N+](C)(C)CC(O)=O
XABMIZ,XABMIZ,293 K,[NH2+]=C1NC=CS1.Oc1ccc(c(O)c1)C(=O)[O-],P21/c,False,293.0,highT,[NH2+]=C1NC=CS1,Oc1ccc(c(O)c1)C(=O)[O-]
GOKCEQ,GOKCEQ,at 296 K,OC=O.c1cc(ccn1)c1ccncc1,P21,False,296.0,highT,OC=O,c1cc(ccn1)c1ccncc1
POZPAY,POZPAY,296 K,OC(=O)c1ccc(O)cc1.OC(CN1C=NC=N1)(CN1C=NC=N1)c1ccc(F)cc1F,P-1,False,296.0,highT,OC(=O)c1ccc(O)cc1,OC(CN1C=NC=N1)(CN1C=NC=N1)c1ccc(F)cc1F
AFUHUG,AFUHUG,296 K,NNC(=O)C1=C(O)c2ccccc2S(=O)(=O)N1.NNC(=O)C(=O)NN,P-1,False,296.0,highT,NNC(=O)C1=C(O)c2ccccc2S(=O)(=O)N1,NNC(=O)C(=O)NN
JAQZEK,JAQZEK,296 K,COc1cccc(c1)N1CC[NH2+]CC1.COc1cccc(c1)N1CCN(CC1)C(=O)[O-],P-1,False,296.0,highT,COc1cccc(c1)N1CC[NH2+]CC1,COc1cccc(c1)N1CCN(CC1)C(=O)[O-]
QOVLEV,QOVLEV,293 K,Nc1[nH+]cc(Br)cc1.OC(C(=O)[O-])(c1ccccc1)c1ccccc1,P21/c,False,293.0,highT,Nc1[nH+]cc(Br)cc1,OC(C(=O)[O-])(c1ccccc1)c1ccccc1
FOVQOZ,FOVQOZ,296 K,OC(=O)c1cc(cc(c1[O-])N(=O)=O)N(=O)=O.COc1ccc(cc1)N1CC[NH2+]CC1,P21/c,False,296.0,highT,OC(=O)c1cc(cc(c1[O-])N(=O)=O)N(=O)=O,COc1ccc(cc1)N1CC[NH2+]CC1
KUCGIA,KUCGIA,at 293 K,Cc1ccccc1O.Nc1ccccc1F,P21/c,False,293.0,highT,Cc1ccccc1O,Nc1ccccc1F
LIGNIB,LIGNIB,293 K,OC(=O)CCCCC(O)=O.NC1=Nc2ccccc2S1,P21/c,False,293.0,highT,OC(=O)CCCCC(O)=O,NC1=Nc2ccccc2S1
LACTER,LACTER,298 K,Nc1ccc(C(O)=O)c(O)c1.c1ccnnc1,Pnma,False,298.0,highT,Nc1ccc(C(O)=O)c(O)c1,c1ccnnc1
FAQVAV,FAQVAV,at 293 K,Oc1ccc(cc1C(=O)[O-])N(=O)=O.[NH3+]CCO,P21/c,False,293.0,highT,Oc1ccc(cc1C(=O)[O-])N(=O)=O,[NH3+]CCO
KOVSIZ,KOVSIZ,at 296 K,OC(=O)CC(=CC(O)=O)C(O)=O.NC(=O)c1cnccn1,P-1,False,296.0,highT,OC(=O)CC(=CC(O)=O)C(O)=O,NC(=O)c1cnccn1
ROFPAE,ROFPAE,at 295 K,CC(=O)[O-].CC1=C(C)[NH+]=C(N1)c1ccccc1O,P21/n,False,295.0,highT,CC(=O)[O-],CC1=C(C)[NH+]=C(N1)c1ccccc1O
NAWYIX,NAWYIX,293 K,[NH3+]Cc1ccccc1O.Oc1ccc(cc1O)C(=O)[O-],P21/c,False,293.0,highT,[NH3+]Cc1ccccc1O,Oc1ccc(cc1O)C(=O)[O-]
QUQPEZ,QUQPEZ,293 K,Oc1cc(O)c(Cl)cc1Cl.COC(=O)C=Cc1cccnc1,P21/c,False,293.0,highT,Oc1cc(O)c(Cl)cc1Cl,COC(=O)C=Cc1cccnc1
YOTMUQ,YOTMUQ,at 293 K,[NH3+]C(CO)(CO)CO.ClC(Cl)C(=O)[O-],P21,False,293.0,highT,[NH3+]C(CO)(CO)CO,ClC(Cl)C(=O)[O-]
VORLAQ,VORLAQ,at 296 K,CC1=[NH+]c2ccccc2C(=O)N1N.Cc1ccc(cc1)S(=O)(=O)[O-],Cc,False,296.0,highT,CC1=[NH+]c2ccccc2C(=O)N1N,Cc1ccc(cc1)S(=O)(=O)[O-]
IXUCEM,IXUCEM,298 K,CN1C=NC2=C1C(=O)N(CCCCC(C)=O)C(=O)N2C.OC(=O)c1ccc(O)c(O)c1,P21,False,298.0,highT,CN1C=NC2=C1C(=O)N(CCCCC(C)=O)C(=O)N2C,OC(=O)c1ccc(O)c(O)c1
SICQOM,SICQOM,at 296 K,[NH2+]1CCOCC1.Clc1ccc(cc1)C1=C(C#N)C(=O)NC(=C1C#N)[O-],P-1,False,296.0,highT,[NH2+]1CCOCC1,Clc1ccc(cc1)C1=C(C#N)C(=O)NC(=C1C#N)[O-]
NANQID,NANQID,at 293 K,O1C(=NN=C1c1cccnc1)c1cccnc1.OC(=O)c1ccc(cc1)C(O)=O,P-1,False,293.0,highT,O1C(=NN=C1c1cccnc1)c1cccnc1,OC(=O)c1ccc(cc1)C(O)=O
VIGFUO01,VIGFUO01,293 K,ON=C1CCCCC1=NO.C(Cc1ccncc1)c1ccncc1,P-1,False,293.0,highT,ON=C1CCCCC1=NO,C(Cc1ccncc1)c1ccncc1
UWUHEC,UWUHEC,293 K,ClC(Cl)=C(NC(=O)Cc1ccccc1CC(=O)NC(C#N)=C(Cl)Cl)C#N.C1COCCO1,P1,False,293.0,highT,ClC(Cl)=C(NC(=O)Cc1ccccc1CC(=O)NC(C#N)=C(Cl)Cl)C#N,C1COCCO1
RIBXAC,RIBXAC,at 291 K,OC(=O)c1cccc(c1)C(=O)[O-].Oc1c[nH+]ccc1,P21/n,False,291.0,highT,OC(=O)c1cccc(c1)C(=O)[O-],Oc1c[nH+]ccc1
TEZMUI,TEZMUI,at 298 K,Nc1nc(N)nc(n1)c1ccccc1.OC(=O)c1ccccc1,Pc,False,298.0,highT,Nc1nc(N)nc(n1)c1ccccc1,OC(=O)c1ccccc1
RERNUA,RERNUA,296.1 K,NC1=[NH+]C(=O)NC=C1F.CS(=O)(=O)[O-],P21/c,False,296.0,highT,NC1=[NH+]C(=O)NC=C1F,CS(=O)(=O)[O-]
EBONAN,EBONAN,296 K,CN1C=CC(=O)C(=C1C)O.OC(=O)c1ccc(O)cc1,P-1,False,296.0,highT,CN1C=CC(=O)C(=C1C)O,OC(=O)c1ccc(O)cc1
UREWAQ,UREWAQ,at 296 K,[NH3+]C(CO)(CO)CO.O=C[O-],Pbca,False,296.0,highT,[NH3+]C(CO)(CO)CO,O=C[O-]
RIFTUY,RIFTUY,296 K,ClCP(=O)([O-])CCl.CCOC1OCc2c[nH+]c(C)c(O)c12,C2/c,False,296.0,highT,ClCP(=O)([O-])CCl,CCOC1OCc2c[nH+]c(C)c(O)c12
DATFIP,DATFIP,at 293 K,CC(=O)NC1=NN=C(S1)S(N)(=O)=O.NC(=O)c1ccccn1,P-1,False,293.0,highT,CC(=O)NC1=NN=C(S1)S(N)(=O)=O,NC(=O)c1ccccn1
LAPFAL,LAPFAL,at 296 K,Nc1[nH+]cccc1CO.O=C([O-])c1ccccc1C(=O)c1ccccc1,C2/c,False,296.0,highT,Nc1[nH+]cccc1CO,O=C([O-])c1ccccc1C(=O)c1ccccc1
BEVZIP,BEVZIP,293 K,OC(=O)CCC(O)=O.Nc1nc(N)nc(N)n1,P-1,False,293.0,highT,OC(=O)CCC(O)=O,Nc1nc(N)nc(N)n1
ZARBOM,ZARBOM,295 K,[NH3+]C(CCC(O)=O)C(O)=O.Cc1ccc(cc1)S(=O)(=O)[O-],P21,False,295.0,highT,[NH3+]C(CCC(O)=O)C(O)=O,Cc1ccc(cc1)S(=O)(=O)[O-]
WOYPIJ,WOYPIJ,at 293 K,FC(F)(F)C(=O)[O-].COc1cc(Cc2c[nH+]c(N)nc2N)cc(OC)c1OC,P21/a,False,293.0,highT,FC(F)(F)C(=O)[O-],COc1cc(Cc2c[nH+]c(N)nc2N)cc(OC)c1OC
LOYRIC,LOYRIC,296 K,OC(=O)c1cccc(c1)C(O)=O.c1cc(ccn1)c1ccncc1,P-1,False,296.0,highT,OC(=O)c1cccc(c1)C(O)=O,c1cc(ccn1)c1ccncc1
SUXVOW,SUXVOW,at 296 K,c1cc(ccn1)c1ccncc1.OC(=O)c1ccccc1C(O)=O,C2/c,False,296.0,highT,c1cc(ccn1)c1ccncc1,OC(=O)c1ccccc1C(O)=O
APAMEK,APAMEK,at 293 K,Oc1cc(O)cc(O)c1.O=C(C=Cc1ccncc1)C=Cc1ccncc1,P21/c,False,293.0,highT,Oc1cc(O)cc(O)c1,O=C(C=Cc1ccncc1)C=Cc1ccncc1
UNITAN,UNITAN,at 296 K,OC(=O)c1ccc(C(O)=O)c(c1)C(O)=O.CN1C=NC2=C1C(=O)N(C)C(=O)N2C,P-1,False,296.0,highT,OC(=O)c1ccc(C(O)=O)c(c1)C(O)=O,CN1C=NC2=C1C(=O)N(C)C(=O)N2C
KAGPUH,KAGPUH,296.1 K,OC(=O)c1cc(ccc1O)S(=O)(=O)[O-].NC(=O)c1cc[nH+]cc1,C2/c,False,296.0,highT,OC(=O)c1cc(ccc1O)S(=O)(=O)[O-],NC(=O)c1cc[nH+]cc1
EPUHIJ,EPUHIJ,298 K,NC1=[NH+]c2ccccc2S1.ClC(Cl)(Cl)C(=O)[O-],P-1,False,298.0,highT,NC1=[NH+]c2ccccc2S1,ClC(Cl)(Cl)C(=O)[O-]
HUTRIA,HUTRIA,293 K,CCc1[nH+]ccc(c1)C(N)=S.OC(C(O)C(=O)[O-])C(O)=O,P21,False,293.0,highT,CCc1[nH+]ccc(c1)C(N)=S,OC(C(O)C(=O)[O-])C(O)=O
OTIZEX,OTIZEX,at 298 K,OCCCCCCCCCCO.NC(N)=O,P-1,False,298.0,highT,OCCCCCCCCCCO,NC(N)=O
MEXMUB,MEXMUB,293 K,NC(=O)N1c2ccccc2C=Cc2ccccc12.COc1ccc(C(C)=O)c(O)c1,P-1,False,293.0,highT,NC(=O)N1c2ccccc2C=Cc2ccccc12,COc1ccc(C(C)=O)c(O)c1
JUNDAA,JUNDAA,293 K,CC[NH+](CC)CCO.Nc1ccc(cc1)C(=O)[O-],Pna21,False,293.0,highT,CC[NH+](CC)CCO,Nc1ccc(cc1)C(=O)[O-]
ABEQUU,ABEQUU,at 293 K,[NH3+]CCC(O)=O.O=N(=O)c1cc(c([O-])c(c1)N(=O)=O)N(=O)=O,P-1,False,293.0,highT,[NH3+]CCC(O)=O,O=N(=O)c1cc(c([O-])c(c1)N(=O)=O)N(=O)=O
KEXZOD,KEXZOD,at 293 K,OCCCCCCCCCCO.Nc1ccc(N)cc1,P21/c,False,293.0,highT,OCCCCCCCCCCO,Nc1ccc(N)cc1
NUMYUS,NUMYUS,304 K,Fc1c(F)c(F)c(N=Cc2ccncc2)c(F)c1F.OC(=O)c1ccccc1,P-1,False,304.0,highT,Fc1c(F)c(F)c(N=Cc2ccncc2)c(F)c1F,OC(=O)c1ccccc1
COSKUT,COSKUT,296.1 K,NNC(=O)c1ccncc1.COc1cc(cc(OC)c1O)C(O)=O,P-1,False,296.0,highT,NNC(=O)c1ccncc1,COc1cc(cc(OC)c1O)C(O)=O
WOPPOH,WOPPOH,at 290 K,c1cc(ccn1)C=Cc1ccncc1.Oc1cc(O)c(Cl)cc1Cl,P21/n,False,290.0,highT,c1cc(ccn1)C=Cc1ccncc1,Oc1cc(O)c(Cl)cc1Cl
GUQLAH,GUQLAH,295 K,O=S(=O)([O-])c1cccc2c1cccc2S(=O)(=O)[O-].[NH3+]C(CC1=C[NH+]=CN1)C(O)=O,P21,False,295.0,highT,O=S(=O)([O-])c1cccc2c1cccc2S(=O)(=O)[O-],[NH3+]C(CC1=C[NH+]=CN1)C(O)=O
YOYYAP01,YOYYAP01,296 K,Oc1ccccc1C(=O)[O-].Oc1c[nH+]ccc1,P212121,False,296.0,highT,Oc1ccccc1C(=O)[O-],Oc1c[nH+]ccc1
KIJGAP,KIJGAP,298 K,Oc1cc(O)cc(O)c1.CCOc1ccccc1C(N)=O,Pn,False,298.0,highT,Oc1cc(O)cc(O)c1,CCOc1ccccc1C(N)=O
APAWOF,APAWOF,293 K,COc1cc2NC(=NS(=O)(=O)c2c(OC)c1)C(Cl)(Cl)Cl.CS(C)=O,P-1,False,293.0,highT,COc1cc2NC(=NS(=O)(=O)c2c(OC)c1)C(Cl)(Cl)Cl,CS(C)=O
URANAD,URANAD,at 293 K,Clc1ccc(cc1)S(=O)(=O)[O-].[NH3+]c1ccc(Cl)cc1Cl,P-1,False,293.0,highT,Clc1ccc(cc1)S(=O)(=O)[O-],[NH3+]c1ccc(Cl)cc1Cl
PIPLOS,PIPLOS,298 K,[NH3+]C(CO)(CO)CO.O=C([O-])c1ccncc1,P212121,False,298.0,highT,[NH3+]C(CO)(CO)CO,O=C([O-])c1ccncc1
OQIYIX,OQIYIX,at 296 K,OC(C(O)C(=O)[O-])C(O)=O.Oc1ccc2ccccc2c1C1[NH2+]CCC1,C2,False,296.0,highT,OC(C(O)C(=O)[O-])C(O)=O,Oc1ccc2ccccc2c1C1[NH2+]CCC1
GULQOV,GULQOV,293 K,[NH3+]c1ccc(cc1)S(=O)(=O)N=C1NN=C(C)S1.OC(=O)C(=O)[O-],P21/c,False,293.0,highT,[NH3+]c1ccc(cc1)S(=O)(=O)N=C1NN=C(C)S1,OC(=O)C(=O)[O-]
LUTPIC,LUTPIC,273 K,CCCc1cc(ccn1)C(N)=S.OC(=O)c1ccccc1O,P21/c,False,273.0,highT,CCCc1cc(ccn1)C(N)=S,OC(=O)c1ccccc1O
BASYUR,BASYUR,at 298 K,NC1=Nc2ccc(Br)cc2S1.OC(=O)c1ccc(cc1)C(O)=O,P21/c,False,298.0,highT,NC1=Nc2ccc(Br)cc2S1,OC(=O)c1ccc(cc1)C(O)=O
KEZFIG,KEZFIG,at 293 K,[NH3+]CCO.Oc1ccc(cc1)C(=O)[O-],Cc,False,293.0,highT,[NH3+]CCO,Oc1ccc(cc1)C(=O)[O-]
FEBSOX,FEBSOX,300 K,NC(=O)c1ccncc1.OC(=O)c1ccccc1N(=O)=O,P21/c,False,300.0,highT,NC(=O)c1ccncc1,OC(=O)c1ccccc1N(=O)=O
IMEGIR,IMEGIR,at 300 K,[NH3+]C(C)C(O)=O.OC(=O)C(=O)[O-],P21/c,False,300.0,highT,[NH3+]C(C)C(O)=O,OC(=O)C(=O)[O-]
MORQEP,MORQEP,at 296 K,NC(N)=O.CCCCCCCCN,C2/c,False,296.0,highT,NC(N)=O,CCCCCCCCN
HEZXAM,HEZXAM,at 296 K,[NH3+]CCO.OC(C(=O)[O-])c1ccccc1,P212121,False,296.0,highT,[NH3+]CCO,OC(C(=O)[O-])c1ccccc1
ROMZUR,ROMZUR,296 K,OC(=O)c1cccc(n1)C(O)=O.Cc1cc(C)nc(NS(=O)(=O)c2ccc(N)cc2)n1,P21/n,False,296.0,highT,OC(=O)c1cccc(n1)C(O)=O,Cc1cc(C)nc(NS(=O)(=O)c2ccc(N)cc2)n1
OFOKOK,OFOKOK,at 298 K,c1cc(ccn1)c1ccncc1.Cc1ccc(cc1)C(O)=O,P21/c,False,298.0,highT,c1cc(ccn1)c1ccncc1,Cc1ccc(cc1)C(O)=O
KADGAY,KADGAY,at 293 K,COc1cc(Cc2c[nH+]c(N)nc2N)cc(OC)c1OC.O=C([O-])c1ccccc1N(=O)=O,Pbca,False,293.0,highT,COc1cc(Cc2c[nH+]c(N)nc2N)cc(OC)c1OC,O=C([O-])c1ccccc1N(=O)=O
CAMWUJ,CAMWUJ,at 293 K,OC(=O)CC(=O)[O-].[NH3+]C(Cc1c[nH+]c[nH]1)C(=O)[O-],P21,False,293.0,highT,OC(=O)CC(=O)[O-],[NH3+]C(Cc1c[nH+]c[nH]1)C(=O)[O-]
HILPOI,HILPOI,at 293 K,Oc1c(cc(cc1N(=O)=O)N(=O)=O)C(=O)[O-].COc1cc(Cc2c[nH+]c(N)nc2N)cc(OC)c1OC,Pca21,False,293.0,highT,Oc1c(cc(cc1N(=O)=O)N(=O)=O)C(=O)[O-],COc1cc(Cc2c[nH+]c(N)nc2N)cc(OC)c1OC
EZAQII,EZAQII,293 K,COc1cc(OC)nc(N)n1.OC(=O)C=CC(O)=O,P-1,False,293.0,highT,COc1cc(OC)nc(N)n1,OC(=O)C=CC(O)=O
ZEYDAK,ZEYDAK,at 298 K,NC1=[NH+]C(=O)NC=C1.O=N(=O)c1cccc(c1[O-])N(=O)=O,P-1,False,298.0,highT,NC1=[NH+]C(=O)NC=C1,O=N(=O)c1cccc(c1[O-])N(=O)=O
XONBUZ,XONBUZ,at 296 K,OC(=O)C1=CC=C(Cl)S1.C(Cc1ccncc1)Cc1ccncc1,C2,False,296.0,highT,OC(=O)C1=CC=C(Cl)S1,C(Cc1ccncc1)Cc1ccncc1
JODKOD,JODKOD,at 299 K,[NH2+]1CCOCC1.CC(CC(=O)c1ccccc1)C(=O)[O-],P21/n,False,299.0,highT,[NH2+]1CCOCC1,CC(CC(=O)c1ccccc1)C(=O)[O-]
XABMAR,XABMAR,293 K,[NH2+]=C1NC=CS1.Oc1cccc(O)c1C(=O)[O-],C2/c,False,293.0,highT,[NH2+]=C1NC=CS1,Oc1cccc(O)c1C(=O)[O-]
REZPAP,REZPAP,297 K,OC(=O)C=CC(=O)[O-].[NH3+]C(CO)C(O)=O,P-1,False,297.0,highT,OC(=O)C=CC(=O)[O-],[NH3+]C(CO)C(O)=O
JOJXIS,JOJXIS,293 K,OC(=O)c1cc(Cl)cc(Cl)c1O.Cc1cnc(C)c(C)n1,P21/n,False,293.0,highT,OC(=O)c1cc(Cl)cc(Cl)c1O,Cc1cnc(C)c(C)n1
ETECUE,ETECUE,298 K,OC(=O)C(=O)[O-].NC1=[NH+]C(=O)NC=C1Br,P21/c,False,298.0,highT,OC(=O)C(=O)[O-],NC1=[NH+]C(=O)NC=C1Br
HAGZUL,HAGZUL,at 293 K,OC(=O)C(=O)[O-].[NH3+]C(CC(C)C)C(O)=O,P1,False,293.0,highT,OC(=O)C(=O)[O-],[NH3+]C(CC(C)C)C(O)=O
EZIDIB,EZIDIB,at 298 K,OC(=O)C(O)=O.CC1=NN=C2CN=C(c3ccccc3)c3cc(Cl)ccc3N12,C2/c,False,298.0,highT,OC(=O)C(O)=O,CC1=NN=C2CN=C(c3ccccc3)c3cc(Cl)ccc3N12
DUJCAN,DUJCAN,at 298 K,OC(=O)C=CC(=O)[O-].NC1=[NH+]C(=O)NC=C1,C2/c,False,298.0,highT,OC(=O)C=CC(=O)[O-],NC1=[NH+]C(=O)NC=C1
FIVNEF,FIVNEF,273 K,NC(N)=O.COc1cc(C=O)ccc1O,Pnma,False,273.0,highT,NC(N)=O,COc1cc(C=O)ccc1O
JIGKES,JIGKES,293 K,CCCN(CCC)S(=O)(=O)c1ccc(cc1)C(O)=O.c1cc(ccn1)N=Nc1ccncc1,P-1,False,293.0,highT,CCCN(CCC)S(=O)(=O)c1ccc(cc1)C(O)=O,c1cc(ccn1)N=Nc1ccncc1
QUVSAE,QUVSAE,293 K,N#CC(C#N)=C(C#N)[C-](C#N)C#N.CN(C)N=NC1=C([NH+]=CN1)C(N)=O,P-1,False,293.0,highT,N#CC(C#N)=C(C#N)[C-](C#N)C#N,CN(C)N=NC1=C([NH+]=CN1)C(N)=O
HOWLAH,HOWLAH,at 250 K,N#Cc1cc(C#N)c(cc1C#N)C#N.COc1c(O)cc(C)c(O)c1OC,P21/n,False,250.0,highT,N#Cc1cc(C#N)c(cc1C#N)C#N,COc1c(O)cc(C)c(O)c1OC
IYEYES,IYEYES,293 K,C#CCC(C#C)[NH+]1CCOCC1.O=N(=O)c1cc(c([O-])c(c1)N(=O)=O)N(=O)=O,P21/n,False,293.0,highT,C#CCC(C#C)[NH+]1CCOCC1,O=N(=O)c1cc(c([O-])c(c1)N(=O)=O)N(=O)=O
ICIMOX,ICIMOX,at 293 K,[NH3+]CCO.O=C([O-])c1cc(cc(c1)N(=O)=O)N(=O)=O,P212121,False,293.0,highT,[NH3+]CCO,O=C([O-])c1cc(cc(c1)N(=O)=O)N(=O)=O
GAZTIO,GAZTIO,298 K,COc1ccc(cc1OC)C(=O)[O-].CC1=C[NH+]=C(N)S1,P21/n,False,298.0,highT,COc1ccc(cc1OC)C(=O)[O-],CC1=C[NH+]=C(N)S1
WEFKOJ,WEFKOJ,at 293 K,c1ccc2cnccc2c1.Nc1cc(cc(c1)C(O)=O)C(O)=O,P-1,False,293.0,highT,c1ccc2cnccc2c1,Nc1cc(cc(c1)C(O)=O)C(O)=O
ITARIH,ITARIH,298 K,Cc1cccc2SC(=Nc12)N.OC(=O)CCCCCCCCCCC(O)=O,P21/n,False,298.0,highT,Cc1cccc2SC(=Nc12)N,OC(=O)CCCCCCCCCCC(O)=O
KEKNUN,KEKNUN,293 K,OC(=O)c1ccc(F)cc1.NC1=Nc2ccccc2S1,P21/c,False,293.0,highT,OC(=O)c1ccc(F)cc1,NC1=Nc2ccccc2S1
OTIYUM,OTIYUM,at 296 K,OCCCCCCO.NC(N)=O,P-1,False,296.0,highT,OCCCCCCO,NC(N)=O
XONBOT,XONBOT,at 296 K,OC(=O)C1=CC=CS1.c1cc(ccn1)c1ccncc1,Pbcn,False,296.0,highT,OC(=O)C1=CC=CS1,c1cc(ccn1)c1ccncc1
WUKRUP,WUKRUP,at 296.2 K,FC(F)(F)S(=O)(=O)[O-].O=C(Oc1ccccc1)[n+]1cccc2ccccc12,P21/n,False,296.0,highT,FC(F)(F)S(=O)(=O)[O-],O=C(Oc1ccccc1)[n+]1cccc2ccccc12
MILKIF,MILKIF,296 K,OC(=O)c1ccc(O)cc1O.NC(N)=O,Pnma,False,296.0,highT,OC(=O)c1ccc(O)cc1O,NC(N)=O
TADRUM,TADRUM,at 298 K,NC1=[NH+]C(=CS1)C1=CSC(=[NH+]1)N.O=C([O-])C=CC(=O)[O-],P21/c,False,298.0,highT,NC1=[NH+]C(=CS1)C1=CSC(=[NH+]1)N,O=C([O-])C=CC(=O)[O-]
CIBZAQ,CIBZAQ,at 296 K,OC(C(O)C(=O)[O-])C(O)=O.C[NH2+]CC(O)=O,P212121,False,296.0,highT,OC(C(O)C(=O)[O-])C(O)=O,C[NH2+]CC(O)=O
DOWNIP,DOWNIP,293 K,NC1=[NH+]C=CS1.O=C1[N-]S(=O)(=O)c2ccccc12,P-1,False,293.0,highT,NC1=[NH+]C=CS1,O=C1[N-]S(=O)(=O)c2ccccc12
BAYQOL,BAYQOL,298 K,Clc1cccc(Cl)c1C(=O)[O-].Cc1cccc2SC(=[NH2+])Nc12,P21/c,False,298.0,highT,Clc1cccc(Cl)c1C(=O)[O-],Cc1cccc2SC(=[NH2+])Nc12
KIDNIV,KIDNIV,at 292 K,Cc1cc(CN2C=[NH+]C=C2)c(O)c(CN2C=CN=C2)c1.OC(=O)c1cccc(c1)C(=O)[O-],P-1,False,292.0,highT,Cc1cc(CN2C=[NH+]C=C2)c(O)c(CN2C=CN=C2)c1,OC(=O)c1cccc(c1)C(=O)[O-]
LEXKOS,LEXKOS,298 K,CN1C(=O)NC(=O)C2=C1NC=[N+]2C.CS(=O)(=O)[O-],C2/c,False,298.0,highT,CN1C(=O)NC(=O)C2=C1NC=[N+]2C,CS(=O)(=O)[O-]
BAVYEC,BAVYEC,at -80 deg.C,CN(C)C(=O)C1(C#N)C(C#N)(C#N)C1(C#N)C#N.C1COCCO1,P21/c,False,353.0,highT,CN(C)C(=O)C1(C#N)C(C#N)(C#N)C1(C#N)C#N,C1COCCO1
NANQAV,NANQAV,at 293 K,OC(=O)c1cccc(c1)C(O)=O.O1C(=NN=C1c1cccnc1)c1cccnc1,P-1,False,293.0,highT,OC(=O)c1cccc(c1)C(O)=O,O1C(=NN=C1c1cccnc1)c1cccnc1
UPEDUQ,UPEDUQ,296 K,OC(=O)CCCCC(O)=O.Nc1nc(N)nc(n1)c1ccc(Br)cc1,P-1,False,296.0,highT,OC(=O)CCCCC(O)=O,Nc1nc(N)nc(n1)c1ccc(Br)cc1
MADTAP,MADTAP,298 K,CC(=O)NC1=NN=C(S1)S(N)(=O)=O.NC(=O)c1cccnc1,P-1,False,298.0,highT,CC(=O)NC1=NN=C(S1)S(N)(=O)=O,NC(=O)c1cccnc1
YUPPEH,YUPPEH,293 K,CCN1C=Nc2c(N)ncnc12.OC(=O)C=CC(O)=O,P21/n,False,293.0,highT,CCN1C=Nc2c(N)ncnc12,OC(=O)C=CC(O)=O
HETRAD,HETRAD,293 K,NS(=O)(=O)[O-].[NH3+]C(CC1=C[NH+]=CN1)C(=O)[O-],P212121,False,293.0,highT,NS(=O)(=O)[O-],[NH3+]C(CC1=C[NH+]=CN1)C(=O)[O-]
NEKNUQ,NEKNUQ,295 K,CCOc1ccc2[nH+]c3cc(N)ccc3c(N)c2c1.Brc1cccc(c1)C(=O)[O-],P21/c,False,295.0,highT,CCOc1ccc2[nH+]c3cc(N)ccc3c(N)c2c1,Brc1cccc(c1)C(=O)[O-]
NAXBAT,NAXBAT,293 K,[NH3+]Cc1ccccc1O.Cc1ccc(cc1)C(=O)[O-],P-1,False,293.0,highT,[NH3+]Cc1ccccc1O,Cc1ccc(cc1)C(=O)[O-]
UKITAM,UKITAM,298 K,Cc1cccc2SC(=[NH2+])Nc12.ClC(Cl)(Cl)C(=O)[O-],P-1,False,298.0,highT,Cc1cccc2SC(=[NH2+])Nc12,ClC(Cl)(Cl)C(=O)[O-]
PEFCAG,PEFCAG,at 293 K,c1cc(ccn1)c1ccncc1.OC(=O)c1ccccc1Nc1ccccc1,P-1,False,293.0,highT,c1cc(ccn1)c1ccncc1,OC(=O)c1ccccc1Nc1ccccc1
EXEYIQ,EXEYIQ,at 293 K,OC(=O)C=Cc1ccccc1.Cc1cc(Cl)nc(N)n1,P21/c,False,293.0,highT,OC(=O)C=Cc1ccccc1,Cc1cc(Cl)nc(N)n1
KUVXIL,KUVXIL,293 K,O=C([O-])c1ccc(cc1N(=O)=O)N(=O)=O.[NH3+]c1ccc(Br)cc1,P21/c,False,293.0,highT,O=C([O-])c1ccc(cc1N(=O)=O)N(=O)=O,[NH3+]c1ccc(Br)cc1
QEDTIE,QEDTIE,at 293 K,NC(=O)c1cc[nH+]cc1.ClC(Cl)(Cl)C(=O)[O-],Pna21,False,293.0,highT,NC(=O)c1cc[nH+]cc1,ClC(Cl)(Cl)C(=O)[O-]
ZINYAA,ZINYAA,295 K,CC1CC23C=CC(=O)CC2Nc2ccccc2C3=[NH+]1.Oc1ccccc1C(=O)[O-],P21/n,False,295.0,highT,CC1CC23C=CC(=O)CC2Nc2ccccc2C3=[NH+]1,Oc1ccccc1C(=O)[O-]
IWUHEN,IWUHEN,at 295 K,CC(=O)NC1=NN(C(=O)C1)c1c(Cl)cc(Cl)cc1Cl.C1COCCO1,P21/a,False,295.0,highT,CC(=O)NC1=NN(C(=O)C1)c1c(Cl)cc(Cl)cc1Cl,C1COCCO1
HUNXAP,HUNXAP,at 293 K,C1COCCOc2ccccc2OCCOCCO1.NC1=NON=C1N,P212121,False,293.0,highT,C1COCCOc2ccccc2OCCOCCO1,NC1=NON=C1N
EYIXAL,EYIXAL,at 293 K,OC1=C([O-])C(=O)C1=O.NC(=O)c1[nH+]cccc1,Ima2,False,293.0,highT,OC1=C([O-])C(=O)C1=O,NC(=O)c1[nH+]cccc1
EGIQAO,EGIQAO,at 293 K,OC(=O)c1ccc(O)cc1.NC(=O)c1ccccc1O,P21,False,293.0,highT,OC(=O)c1ccc(O)cc1,NC(=O)c1ccccc1O
LISJOQ,LISJOQ,296 K,CCCc1[nH+]ccc(c1)C(N)=S.Cc1ccc(cc1)S(=O)(=O)[O-],P-1,False,296.0,highT,CCCc1[nH+]ccc(c1)C(N)=S,Cc1ccc(cc1)S(=O)(=O)[O-]
HAZMAA,HAZMAA,293 K,C[NH2+]CCO.Clc1cc(ccc1C(=O)[O-])N(=O)=O,P-1,False,293.0,highT,C[NH2+]CCO,Clc1cc(ccc1C(=O)[O-])N(=O)=O
ECEQEL,ECEQEL,295 K,OC(=O)CNc1ccccc1C(O)=O.N#Cc1ccncc1,P-1,False,295.0,highT,OC(=O)CNc1ccccc1C(O)=O,N#Cc1ccncc1
LIJZEM,LIJZEM,298 K,[NH3+]c1ccc(cc1)C(O)=O.ClC(Cl)(Cl)C(=O)[O-],P21/c,False,298.0,highT,[NH3+]c1ccc(cc1)C(O)=O,ClC(Cl)(Cl)C(=O)[O-]
BASYIF,BASYIF,at 298 K,OC(C(O)C(=O)[O-])C(O)=O.[NH2+]=C1Nc2ccc(Br)cc2S1,C2,False,298.0,highT,OC(C(O)C(=O)[O-])C(O)=O,[NH2+]=C1Nc2ccc(Br)cc2S1
IXONEO,IXONEO,at 298 K,CC(O)(C(N)=[NH2+])c1ccccc1.OC(C(=O)[O-])c1ccccc1,P212121,False,298.0,highT,CC(O)(C(N)=[NH2+])c1ccccc1,OC(C(=O)[O-])c1ccccc1
ZAPSUI,ZAPSUI,298 K,OC1=C(F)C(=O)C(=C(F)C1=O)O.O=C1CCCN1,P-1,False,298.0,highT,OC1=C(F)C(=O)C(=C(F)C1=O)O,O=C1CCCN1
HAMQEU,HAMQEU,293 K,FC(F)(F)C(=O)[O-].[NH3+]c1ccc(OC)cc1,P21/c,False,293.0,highT,FC(F)(F)C(=O)[O-],[NH3+]c1ccc(OC)cc1
DEYQUW,DEYQUW,296 K,CCOc1ccccc1C(N)=O.COc1cc(C=CC(O)=O)cc(OC)c1O,P21/c,False,296.0,highT,CCOc1ccccc1C(N)=O,COc1cc(C=CC(O)=O)cc(OC)c1O
LOFDER01,LOFDER01,at 295 K,OC(=O)c1cc(ccc1O)S(=O)(=O)[O-].[NH3+]CC(O)=O,P21/c,False,295.0,highT,OC(=O)c1cc(ccc1O)S(=O)(=O)[O-],[NH3+]CC(O)=O
JIFMAQ,JIFMAQ,296 K,OC(=O)C(=O)[O-].Oc1cccc2ccc[nH+]c12,P21/n,False,296.0,highT,OC(=O)C(=O)[O-],Oc1cccc2ccc[nH+]c12
NUSHIT,NUSHIT,at 293 K,Nc1nc(N)nc(N)n1.OC(=O)CCCCC(O)=O,P-1,False,293.0,highT,Nc1nc(N)nc(N)n1,OC(=O)CCCCC(O)=O
LEBVIB,LEBVIB,298 K,Cc1ccc(cn1)C(N)=O.OC(=O)c1ccccc1c1ccccc1C(O)=O,C2/c,False,298.0,highT,Cc1ccc(cn1)C(N)=O,OC(=O)c1ccccc1c1ccccc1C(O)=O
KIDXEC,KIDXEC,300 K,OC(=O)C(O)=O.CNC(=O)NC,P21/n,False,300.0,highT,OC(=O)C(O)=O,CNC(=O)NC
AJUYIN,AJUYIN,at 293 K,C1COCCOCCOCCO1.NC(=S)NNC(N)=S,P21/c,False,293.0,highT,C1COCCOCCOCCO1,NC(=S)NNC(N)=S
ODUKUW,ODUKUW,294 K,Oc1c(cc(cc1N(=O)=O)N(=O)=O)C(=O)[O-].Nc1[nH+]nc(c(N)n1)c1cccc(Cl)c1Cl,P-1,False,294.0,highT,Oc1c(cc(cc1N(=O)=O)N(=O)=O)C(=O)[O-],Nc1[nH+]nc(c(N)n1)c1cccc(Cl)c1Cl
ABULIU,ABULIU,at 293 K,NC(=O)c1cccnc1.Nc1ccc(cc1)C(O)=O,P-1,False,293.0,highT,NC(=O)c1cccnc1,Nc1ccc(cc1)C(O)=O
SAGGUE,SAGGUE,at 296 K,OC(=O)C=CC(=O)[O-].Nc1[nH+]cc(Cl)cn1,P21/c,False,296.0,highT,OC(=O)C=CC(=O)[O-],Nc1[nH+]cc(Cl)cn1
NIJGOE,NIJGOE,296 K,Nc1nc(N)nc(n1)c1ccccc1.OC(=O)C(O)=O,P21/c,False,296.0,highT,Nc1nc(N)nc(n1)c1ccccc1,OC(=O)C(O)=O
MOXVIF03,MOXVIF03,298 K,OC(=O)c1ccc(O)cc1.NC(=O)N1c2ccccc2C=Cc2ccccc12,P21,False,298.0,highT,OC(=O)c1ccc(O)cc1,NC(=O)N1c2ccccc2C=Cc2ccccc12
LISKIL,LISKIL,296 K,CCCc1[nH+]ccc(c1)C(N)=S.OC(=O)c1ccccc1C(=O)[O-],P21/c,False,296.0,highT,CCCc1[nH+]ccc(c1)C(N)=S,OC(=O)c1ccccc1C(=O)[O-]
SEYWOJ,SEYWOJ,at 293 K,[NH3+]CC(O)=O.CS(=O)(=O)[O-],P21/n,False,293.0,highT,[NH3+]CC(O)=O,CS(=O)(=O)[O-]
DAYZOT,DAYZOT,at 293 K,O1C(=NN=C1c1ccncc1)c1ccncc1.OC(=O)CC(O)=O,P-1,False,293.0,highT,O1C(=NN=C1c1ccncc1)c1ccncc1,OC(=O)CC(O)=O
BOWKOO,BOWKOO,at 295 K,OC(=O)C(=O)[O-].[NH3+]C(CS)C(O)=O,P-1,False,295.0,highT,OC(=O)C(=O)[O-],[NH3+]C(CS)C(O)=O
TAZNAM,TAZNAM,293 K,c1cnc2ncccc2c1.OB(O)C1=CC=C(S1)B(O)O,P21/c,False,293.0,highT,c1cnc2ncccc2c1,OB(O)C1=CC=C(S1)B(O)O
QAYBAW01,QAYBAW01,293 K,c1cc(ccn1)C=Cc1ccncc1.CNC(=S)NN=Cc1ccc(O)cc1O,P21/c,False,293.0,highT,c1cc(ccn1)C=Cc1ccncc1,CNC(=S)NN=Cc1ccc(O)cc1O
QAXZAT,QAXZAT,293 K,c1cc(ccn1)C=Cc1ccncc1.Oc1ccc(C=NNC(=S)Nc2ccccc2)c(O)c1,P21/c,False,293.0,highT,c1cc(ccn1)C=Cc1ccncc1,Oc1ccc(C=NNC(=S)Nc2ccccc2)c(O)c1
KIJFIW,KIJFIW,298 K,CCOc1ccccc1C(N)=O.Oc1ccccc1O,P-1,False,298.0,highT,CCOc1ccccc1C(N)=O,Oc1ccccc1O
FUSGUX,FUSGUX,298 K,NS(=O)(=O)c1ccc(cc1)C(O)=O.O=C1CCCCCN1,P212121,False,298.0,highT,NS(=O)(=O)c1ccc(cc1)C(O)=O,O=C1CCCCCN1
ZEYDEO,ZEYDEO,298 K,[NH2+]=C1NC(=O)NC=C1.Cc1c(cc(cc1N(=O)=O)C(=O)[O-])N(=O)=O,Pbca,False,298.0,highT,[NH2+]=C1NC(=O)NC=C1,Cc1c(cc(cc1N(=O)=O)C(=O)[O-])N(=O)=O
XOLHUC,XOLHUC,at 293 K,c1cc(ccn1)c1ccncc1.OC(=O)CCCCCC(O)=O,P21/c,False,293.0,highT,c1cc(ccn1)c1ccncc1,OC(=O)CCCCCC(O)=O
RELQAE,RELQAE,293 K,OC(C(O)C(=O)[O-])C(O)=O.Fc1ccc(cc1)N1CC[NH2+]CC1,P212121,False,293.0,highT,OC(C(O)C(=O)[O-])C(O)=O,Fc1ccc(cc1)N1CC[NH2+]CC1
FASJOA,FASJOA,at 298 K,O=C(CN1C=CN=C1)c1ccccc1.OC(=O)c1ccc(cc1)N(=O)=O,P-1,False,298.0,highT,O=C(CN1C=CN=C1)c1ccccc1,OC(=O)c1ccc(cc1)N(=O)=O
FOVREQ,FOVREQ,293 K,OC(=O)C=CC(=O)[O-].COc1ccc(cc1)N1CC[NH2+]CC1,P21/c,False,293.0,highT,OC(=O)C=CC(=O)[O-],COc1ccc(cc1)N1CC[NH2+]CC1
TENSOW,TENSOW,at 298 K,OC(=O)c1cccc(c1)C(O)=O.c1cc(ccn1)c1cncnc1,P-1,False,298.0,highT,OC(=O)c1cccc(c1)C(O)=O,c1cc(ccn1)c1cncnc1
BESZEH,BESZEH,293 K,Cc1nc(C)c(C)nc1C.Oc1cccc(O)c1Cl,Pca21,False,293.0,highT,Cc1nc(C)c(C)nc1C,Oc1cccc(O)c1Cl
FAHQUB,FAHQUB,at 298 K,OC(=O)C(=O)[O-].COC(=O)C1CC[NH2+]C1c1ccccc1,P21,False,298.0,highT,OC(=O)C(=O)[O-],COC(=O)C1CC[NH2+]C1c1ccccc1
HAXYAJ,HAXYAJ,293 K,OC(=O)CCCCCCCC(=O)[O-].[NH3+]CCC(=O)NC(CC1=C[NH+]=CN1)C(=O)[O-],P21,False,293.0,highT,OC(=O)CCCCCCCC(=O)[O-],[NH3+]CCC(=O)NC(CC1=C[NH+]=CN1)C(=O)[O-]
ACOSUH,ACOSUH,at 296.1 K,[NH3+]C(C)c1ccc(F)cc1.CCP(=O)([S-])Oc1ccccc1,P21,False,296.0,highT,[NH3+]C(C)c1ccc(F)cc1,CCP(=O)([S-])Oc1ccccc1
SAQKON,SAQKON,296 K,CC[n+]1cccc(O)c1.OC1=C([O-])C(=O)C1=O,P21/c,False,296.0,highT,CC[n+]1cccc(O)c1,OC1=C([O-])C(=O)C1=O
UBEHIU,UBEHIU,at 295 K,OC(=O)c1[nH+]cccc1.O=N(=O)c1cc(c([O-])c(c1)N(=O)=O)N(=O)=O,P21/n,False,295.0,highT,OC(=O)c1[nH+]cccc1,O=N(=O)c1cc(c([O-])c(c1)N(=O)=O)N(=O)=O
XONBIN,XONBIN,at 296 K,c1cc(ccn1)c1ccncc1.OC(=O)C1=CC=C(Cl)S1,P21/c,False,296.0,highT,c1cc(ccn1)c1ccncc1,OC(=O)C1=CC=C(Cl)S1
LEJSEB,LEJSEB,296.1 K,CN1C=CN(C)C1=C1C(=O)c2ccccc2c2ccccc12.C1CCOC1,P-1,False,296.0,highT,CN1C=CN(C)C1=C1C(=O)c2ccccc2c2ccccc12,C1CCOC1
VELXAO,VELXAO,295 K,C1CN2CCN1CC2.BrN1C(=O)c2ccccc2C1=O,C2/c,False,295.0,highT,C1CN2CCN1CC2,BrN1C(=O)c2ccccc2C1=O
POZCOZ,POZCOZ,300.1 K,Cc1ccnc2N(C3CC3)c3ncccc3C(=O)Nc12.OC(=O)c1ccc(O)cc1,C2/c,False,300.0,highT,Cc1ccnc2N(C3CC3)c3ncccc3C(=O)Nc12,OC(=O)c1ccc(O)cc1
OQIFEB,OQIFEB,295 K,Nc1nc(N)nc(N)n1.OC(=O)Cc1ccc(Cl)cc1,C2/c,False,295.0,highT,Nc1nc(N)nc(N)n1,OC(=O)Cc1ccc(Cl)cc1
VEDLOI,VEDLOI,293 K,C(N1C=CN=C1)N1C=CN=C1.OC(=O)CCCCCCC(O)=O,P21/c,False,293.0,highT,C(N1C=CN=C1)N1C=CN=C1,OC(=O)CCCCCCC(O)=O
KAXMAB,KAXMAB,298.2 K,CCc1nc(N)nc(N)c1c1ccc(Cl)cc1.OC(=O)CCCCCCCCC(O)=O,P-1,False,298.0,highT,CCc1nc(N)nc(N)c1c1ccc(Cl)cc1,OC(=O)CCCCCCCCC(O)=O
ZIHZUP01,ZIHZUP01,295 K,OC1C[NH+]2CCC1CC2.CS(=O)(=O)[O-],P212121,False,295.0,highT,OC1C[NH+]2CCC1CC2,CS(=O)(=O)[O-]
OKIQAA,OKIQAA,at 293 K,[NH3+]C1C(O)Cc2ccccc12.COc1ccc2cc(ccc2c1)C(C)C(=O)[O-],P21,False,293.0,highT,[NH3+]C1C(O)Cc2ccccc12,COc1ccc2cc(ccc2c1)C(C)C(=O)[O-]
ZIPYEG,ZIPYEG,298 K,COc1[nH+]c(N)nc(OC)c1.O=C([O-])c1cnccn1,P-1,False,298.0,highT,COc1[nH+]c(N)nc(OC)c1,O=C([O-])c1cnccn1
QIPRAL,QIPRAL,293 K,C[P+](C)(C)CCO.O=N(=O)c1cc(c([O-])c(c1)N(=O)=O)N(=O)=O,P1,False,293.0,highT,C[P+](C)(C)CCO,O=N(=O)c1cc(c([O-])c(c1)N(=O)=O)N(=O)=O
CONWOT,CONWOT,at 298 K,Cc1c(C)c(N)c(C)c(C)c1N.BrC1=C(Br)C(=O)C(=C(Br)C1=O)Br,P-1,False,298.0,highT,Cc1c(C)c(N)c(C)c(C)c1N,BrC1=C(Br)C(=O)C(=C(Br)C1=O)Br
PAZCUO01,PAZCUO01,293 K,[NH3+]C(CO)C(O)=O.OC1=C([O-])C(=O)C1=O,C2,False,293.0,highT,[NH3+]C(CO)C(O)=O,OC1=C([O-])C(=O)C1=O
KITGEC,KITGEC,293 K,O=C1CC(=O)NC(=O)N1.NC1=NC(=O)NC=C1,P-1,False,293.0,highT,O=C1CC(=O)NC(=O)N1,NC1=NC(=O)NC=C1
SECYOR,SECYOR,295 K,COc1ccncc1.BrN1C(=O)CCC1=O,P21,False,295.0,highT,COc1ccncc1,BrN1C(=O)CCC1=O
BAYQEB,BAYQEB,298 K,Cc1cccc2SC(=[NH2+])Nc12.Brc1ccc(cc1)C(=O)[O-],P21/n,False,298.0,highT,Cc1cccc2SC(=[NH2+])Nc12,Brc1ccc(cc1)C(=O)[O-]
DUZNIW,DUZNIW,at 294 K,O=C([O-])c1cccnc1.NC1=[NH+]C(=O)NC=C1,P21/n,False,294.0,highT,O=C([O-])c1cccnc1,NC1=[NH+]C(=O)NC=C1
IFUVOY,IFUVOY,295 K,OC(=O)C=CC(=O)[O-].CC(c1ncncc1F)C(O)(CN1C=[NH+]C=N1)c1ccc(F)cc1F,P21,False,295.0,highT,OC(=O)C=CC(=O)[O-],CC(c1ncncc1F)C(O)(CN1C=[NH+]C=N1)c1ccc(F)cc1F
UVOHOF,UVOHOF,293 K,CCc1nc(N)nc(N)c1c1ccc(Cl)cc1.CN1C=NC2=C1C(=O)N(C)C(=O)N2C,P-1,False,293.0,highT,CCc1nc(N)nc(N)c1c1ccc(Cl)cc1,CN1C=NC2=C1C(=O)N(C)C(=O)N2C
TOJLEM,TOJLEM,295 K,OC(CC(=O)[O-])C(O)=O.[NH3+]C(C(N)=O)c1ccccc1,P212121,False,295.0,highT,OC(CC(=O)[O-])C(O)=O,[NH3+]C(C(N)=O)c1ccccc1
GABZEP,GABZEP,at 296 K,N(c1cccc(Nc2ccccn2)c1)c1ccccn1.OC(=O)C(O)=O,Pnma,False,296.0,highT,N(c1cccc(Nc2ccccn2)c1)c1ccccn1,OC(=O)C(O)=O
YIRREZ,YIRREZ,296 K,N#Cc1ccncc1.OC(=O)c1ccccc1Br,P-1,False,296.0,highT,N#Cc1ccncc1,OC(=O)c1ccccc1Br
YUMQOO,YUMQOO,298 K,OC(=O)c1cccc(c1)C(O)=O.C(CCN1C=CN=C1)CN1C=CN=C1,P-1,False,298.0,highT,OC(=O)c1cccc(c1)C(O)=O,C(CCN1C=CN=C1)CN1C=CN=C1
VIGFAT,VIGFAT,at 293 K,O=C1CC(=O)NC(=O)N1.[O]n1ccn([O])c2ccccc12,P21/n,False,293.0,highT,O=C1CC(=O)NC(=O)N1,[O]n1ccn([O])c2ccccc12
BOPHOG,BOPHOG,296 K,OC(C(O)C(=O)[O-])C(O)=O.[NH3+]NC(=O)c1ccncc1,P21/n,False,296.0,highT,OC(C(O)C(=O)[O-])C(O)=O,[NH3+]NC(=O)c1ccncc1
MAZZUJ,MAZZUJ,at 293 K,[NH2+]1CCOCCOCCOCC1.Nc1ccc(cc1)C(=O)[O-],P21,False,293.0,highT,[NH2+]1CCOCCOCCOCC1,Nc1ccc(cc1)C(=O)[O-]
IDODIQ02,IDODIQ02,296 K,C[n+]1ccc(cc1)C=Cc1ccc(Br)cc1.Cc1ccc(cc1)S(=O)(=O)[O-],P21/c,False,296.0,highT,C[n+]1ccc(cc1)C=Cc1ccc(Br)cc1,Cc1ccc(cc1)S(=O)(=O)[O-]
XAXPIV02,XAXPIV02,at 299 K,OC(=O)C=CC(O)=O.NC(=O)C=Cc1ccccc1,P21/n,False,299.0,highT,OC(=O)C=CC(O)=O,NC(=O)C=Cc1ccccc1
DUHSEF,DUHSEF,at 295 K,NS(=O)(=O)C(F)(F)F.C1OCC2(CO1)COCOC2,Ama2,False,295.0,highT,NS(=O)(=O)C(F)(F)F,C1OCC2(CO1)COCOC2
VELWAN,VELWAN,295 K,BrN1C(=O)c2ccccc2C1=O.COC(=O)c1cccnc1,P21/n,False,295.0,highT,BrN1C(=O)c2ccccc2C1=O,COC(=O)c1cccnc1
ZEGWAN01,ZEGWAN01,297.1 K,[NH2+]1CCOCC1.CC1=CC(=NO1)[N-]S(=O)(=O)c1ccc(N)cc1,Pna21,False,297.0,highT,[NH2+]1CCOCC1,CC1=CC(=NO1)[N-]S(=O)(=O)c1ccc(N)cc1
MUSJUG,MUSJUG,at 294 K,C[n+]1ccc(cc1)C=Cc1ccc(O)cc1.OC1=C([O-])C(=O)C1=O,P21/c,False,294.0,highT,C[n+]1ccc(cc1)C=Cc1ccc(O)cc1,OC1=C([O-])C(=O)C1=O
EVEZOV,EVEZOV,at 293 K,C(N1c2ccccc2N=C1c1ccccc1)c1ccccc1.Oc1ccc(cc1)C1(CCCCC1)c1ccc(O)cc1,P-1,False,293.0,highT,C(N1c2ccccc2N=C1c1ccccc1)c1ccccc1,Oc1ccc(cc1)C1(CCCCC1)c1ccc(O)cc1
AGOKUC,AGOKUC,at 298 K,O=N(=O)c1ccc(cc1)S(=O)(=O)[O-].[NH3+]CC(O)CNS(=O)(=O)c1ccc(cc1)N(=O)=O,P21/c,False,298.0,highT,O=N(=O)c1ccc(cc1)S(=O)(=O)[O-],[NH3+]CC(O)CNS(=O)(=O)c1ccc(cc1)N(=O)=O
SOVQEZ,SOVQEZ,at 273 K,OC(=O)CCC(O)=O.Nc1cc(N)nc(N)n1,P-1,False,273.0,highT,OC(=O)CCC(O)=O,Nc1cc(N)nc(N)n1
XOBFIE,XOBFIE,at 293 K,O=C([O-])CS(=O)C(c1ccccc1)c1ccccc1.OCC[NH+](CCO)CCO,P212121,False,293.0,highT,O=C([O-])CS(=O)C(c1ccccc1)c1ccccc1,OCC[NH+](CCO)CCO
SOVFOY,SOVFOY,at 273 K,c1cc(ccn1)c1ccncc1.OC(=O)CSCC(O)=O,P-1,False,273.0,highT,c1cc(ccn1)c1ccncc1,OC(=O)CSCC(O)=O
TASLUY,TASLUY,293 K,OC1=C(Cl)C(=O)C(=C(Cl)C1=O)[O-].Cc1[nH+]c2c(O)cccc2cc1,Pna21,False,293.0,highT,OC1=C(Cl)C(=O)C(=C(Cl)C1=O)[O-],Cc1[nH+]c2c(O)cccc2cc1
NIGVIK,NIGVIK,at 295 K,COC(=O)COc1ccc2C(=C(Cl)C(=O)Oc2c1)C.Nc1ccccc1C1=Nc2ccccc2S1,P21/n,False,295.0,highT,COC(=O)COc1ccc2C(=C(Cl)C(=O)Oc2c1)C,Nc1ccccc1C1=Nc2ccccc2S1
FECGIG,FECGIG,300 K,NC(=O)c1c[nH+]ccc1.O=C([O-])c1ccccc1N(=O)=O,C2/c,False,300.0,highT,NC(=O)c1c[nH+]ccc1,O=C([O-])c1ccccc1N(=O)=O
EBOSIX01,EBOSIX01,at 298 K,OC(=O)c1ccccc1C(O)=O.NC(=O)C=Cc1ccccc1,P-1,False,298.0,highT,OC(=O)c1ccccc1C(O)=O,NC(=O)C=Cc1ccccc1
JUWNUM,JUWNUM,296 K,OC(=O)C=CC(=O)[O-].ON=Cc1cc[nH+]c2ccccc12,P-1,False,296.0,highT,OC(=O)C=CC(=O)[O-],ON=Cc1cc[nH+]c2ccccc12
LEGPIY,LEGPIY,at 296 K,c1cc(ccn1)c1ccncc1.Nc1cccc(c1)C(O)=O,P-1,False,296.0,highT,c1cc(ccn1)c1ccncc1,Nc1cccc(c1)C(O)=O
OYERIU,OYERIU,at 296 K,NC1=[NH+]C(=O)NC=C1.OC(=O)CC(O)(CC(O)=O)C(=O)[O-],P-1,False,296.0,highT,NC1=[NH+]C(=O)NC=C1,OC(=O)CC(O)(CC(O)=O)C(=O)[O-]
PIJSEJ,PIJSEJ,296 K,Oc1cc2ccccc2cc1O.C1N2CN3CN1CN(C2)C3,C2/c,False,296.0,highT,Oc1cc2ccccc2cc1O,C1N2CN3CN1CN(C2)C3
UNECAR,UNECAR,at 293 K,OC(=O)c1cc(C(O)=O)c(cc1C(O)=O)C(O)=O.c1ccc2nc3ccccc3nc2c1,P-1,False,293.0,highT,OC(=O)c1cc(C(O)=O)c(cc1C(O)=O)C(O)=O,c1ccc2nc3ccccc3nc2c1
PUTNAV,PUTNAV,295 K,OC(=O)c1cccc(Br)c1.c1ccc2nc3ccccc3cc2c1,P-1,False,295.0,highT,OC(=O)c1cccc(Br)c1,c1ccc2nc3ccccc3cc2c1
OZOSUT,OZOSUT,296 K,O=C([O-])c1cccc(c1)N(=O)=O.ON=Cc1cc[nH+]c2ccccc12,P21/c,False,296.0,highT,O=C([O-])c1cccc(c1)N(=O)=O,ON=Cc1cc[nH+]c2ccccc12
WERLAH,WERLAH,at 297 K,[NH3+]CCCC(O)=O.O=C([O-])c1ccccc1,P21/n,False,297.0,highT,[NH3+]CCCC(O)=O,O=C([O-])c1ccccc1
DIMLEU,DIMLEU,298 K,c1cc(ccn1)c1ccncc1.Cc1cc(C)cc(c1)C(O)=O,P212121,False,298.0,highT,c1cc(ccn1)c1ccncc1,Cc1cc(C)cc(c1)C(O)=O
YIZCUG,YIZCUG,at 297 K,Brc1ccc(cc1)C=C1SC(=S)NC1=O.CS(C)=O,P-1,False,297.0,highT,Brc1ccc(cc1)C=C1SC(=S)NC1=O,CS(C)=O
TAZJOW,TAZJOW,293 K,c1cnc2c(c1)ccc1cccnc21.OB(O)c1c(Cl)cccc1Cl,P21/c,False,293.0,highT,c1cnc2c(c1)ccc1cccnc21,OB(O)c1c(Cl)cccc1Cl
KIHYOQ,KIHYOQ,at 298 K,c1cc(ccn1)C=Cc1ccncc1.Oc1ccc(cc1)C#N,P-1,False,298.0,highT,c1cc(ccn1)C=Cc1ccncc1,Oc1ccc(cc1)C#N
FOSQEL,FOSQEL,at 296 K,O=N(=O)c1cc(c([O-])c(c1)N(=O)=O)N(=O)=O.OCC[NH+](CCO)CCO,P21/c,False,296.0,highT,O=N(=O)c1cc(c([O-])c(c1)N(=O)=O)N(=O)=O,OCC[NH+](CCO)CCO
KUQXUS,KUQXUS,299.1 K,BrC1=C(Br)C(=O)C(=C(C#N)C1=O)C#N.c1ccc2c(c1)ccc1ccccc21,Pca21,False,299.0,highT,BrC1=C(Br)C(=O)C(=C(C#N)C1=O)C#N,c1ccc2c(c1)ccc1ccccc21
WEXQIA,WEXQIA,at 298 K,C1CN2CN3CCN(CN1C3)C2.Oc1ccc(O)cc1,C2/c,False,298.0,highT,C1CN2CN3CCN(CN1C3)C2,Oc1ccc(O)cc1
MEBRER,MEBRER,at 293 K,O1C(=NN=C1c1ccncc1)c1ccncc1.Oc1ccc(O)cc1,P-1,False,293.0,highT,O1C(=NN=C1c1ccncc1)c1ccncc1,Oc1ccc(O)cc1
JICSIB,JICSIB,293 K,O=N(=O)c1ccc(cc1)N1CC[NH2+]CC1.Brc1ccccc1C(=O)[O-],P-1,False,293.0,highT,O=N(=O)c1ccc(cc1)N1CC[NH2+]CC1,Brc1ccccc1C(=O)[O-]
WUVXUI,WUVXUI,293 K,CCc1[nH+]ccc(c1)C(N)=S.OC(=O)C=CC(=O)[O-],P-1,False,293.0,highT,CCc1[nH+]ccc(c1)C(N)=S,OC(=O)C=CC(=O)[O-]
EPUDIE,EPUDIE,253 K,CCC1(C(=O)NC(=O)NC1=O)c1ccccc1.C1COCCO1,P21/n,False,253.0,highT,CCC1(C(=O)NC(=O)NC1=O)c1ccccc1,C1COCCO1
ZAZGAK,ZAZGAK,at 298 K,Cc1cccc(Nc2ccccc2C(O)=O)c1C.CN(C)C=O,P-1,False,298.0,highT,Cc1cccc(Nc2ccccc2C(O)=O)c1C,CN(C)C=O
OFOKIE,OFOKIE,at 298 K,OC(=O)c1ccc(Br)c2ccccc12.c1cc(ccn1)c1ccncc1,C2/c,False,298.0,highT,OC(=O)c1ccc(Br)c2ccccc12,c1cc(ccn1)c1ccncc1
BAYQAX,BAYQAX,298 K,Cc1cccc2SC(=[NH2+])Nc12.O=C([O-])c1ccc(cc1)C#N,P21,False,298.0,highT,Cc1cccc2SC(=[NH2+])Nc12,O=C([O-])c1ccc(cc1)C#N
FOYPEQ,FOYPEQ,at 293 K,COc1cc(Cc2c[nH+]c(N)nc2N)cc(OC)c1OC.O=C1NC(=S)NC(=C1)[O-],P21/c,False,293.0,highT,COc1cc(Cc2c[nH+]c(N)nc2N)cc(OC)c1OC,O=C1NC(=S)NC(=C1)[O-]
LATTAD,LATTAD,at 298 K,NNC(=O)c1ccncc1.OC(=O)C=CC(O)=O,P21/n,False,298.0,highT,NNC(=O)c1ccncc1,OC(=O)C=CC(O)=O
PIJSEK,PIJSEK,296 K,Nc1[nH+]cc(Cl)cc1.O=P([O-])(c1ccccc1)c1ccccc1,P-1,False,296.0,highT,Nc1[nH+]cc(Cl)cc1,O=P([O-])(c1ccccc1)c1ccccc1
DEYHAT,DEYHAT,293 K,O=C1N(CCCN2C=[NH+]C=C2)C(=O)c2cccc3cccc1c23.O=N(=O)c1ccc([O-])c(c1)N(=O)=O,P-1,False,293.0,highT,O=C1N(CCCN2C=[NH+]C=C2)C(=O)c2cccc3cccc1c23,O=N(=O)c1ccc([O-])c(c1)N(=O)=O
WEGVAI,WEGVAI,293 K,CC(=NO)C(C)=NO.c1ccc2nc3ccccc3cc2c1,P21/c,False,293.0,highT,CC(=NO)C(C)=NO,c1ccc2nc3ccccc3cc2c1
TIKPEJ,TIKPEJ,at 295 K,Nc1ccc(cc1)c1ccc(N)cc1.O=P(c1ccccc1)(c1ccccc1)c1ccccc1,P21/c,False,295.0,highT,Nc1ccc(cc1)c1ccc(N)cc1,O=P(c1ccccc1)(c1ccccc1)c1ccccc1
AWITIM,AWITIM,298 K,CC1=CN(C(=O)C=C1)c1ccccc1.OC(=O)C=CC(O)=O,P21/n,False,298.0,highT,CC1=CN(C(=O)C=C1)c1ccccc1,OC(=O)C=CC(O)=O
UGORUF,UGORUF,at 293 K,OC(=O)CCCCCCCCC(O)=O.NC1=NC=CS1,P21/c,False,293.0,highT,OC(=O)CCCCCCCCC(O)=O,NC1=NC=CS1
WEDWUA,WEDWUA,293 K,CCN(CC)CC(=O)Nc1c(C)cccc1C.Fc1c(F)c(Br)c(F)c(F)c1Br,P21/n,False,293.0,highT,CCN(CC)CC(=O)Nc1c(C)cccc1C,Fc1c(F)c(Br)c(F)c(F)c1Br
HICTOD,HICTOD,at 293 K,C1CN2CN3CN1CN(C2)C3.Oc1ccc(O)cc1,Pnma,False,293.0,highT,C1CN2CN3CN1CN(C2)C3,Oc1ccc(O)cc1
BUQTEP,BUQTEP,298 K,NS(=O)(=O)c1cc(C(O)=O)c(NCC2=CC=CO2)cc1Cl.NNC(=O)c1ccncc1,C2/c,False,298.0,highT,NS(=O)(=O)c1cc(C(O)=O)c(NCC2=CC=CO2)cc1Cl,NNC(=O)c1ccncc1
BAJXAP,BAJXAP,296 K,OC(=O)c1cccc(c1)C(O)=O.NNC(=O)c1ccncc1,Pmn21,False,296.0,highT,OC(=O)c1cccc(c1)C(O)=O,NNC(=O)c1ccncc1
ANUVIP,ANUVIP,at 296 K,ON1S(=O)(=O)c2cccc3cccc(c23)S1(=O)=O.CCOC(C)=O,P21/n,False,296.0,highT,ON1S(=O)(=O)c2cccc3cccc(c23)S1(=O)=O,CCOC(C)=O
TAZLOY,TAZLOY,293 K,c1cnc2ncccc2c1.COc1ccc(cc1)B(O)O,P21/n,False,293.0,highT,c1cnc2ncccc2c1,COc1ccc(cc1)B(O)O
USODOW,USODOW,at 293 K,CC[NH+](CC)CCO.O=C1NC(=O)C(C(=O)N1)=C1C(=C[C-](C=C1N(=O)=O)N(=O)=O)N(=O)=O,P21/n,False,293.0,highT,CC[NH+](CC)CCO,O=C1NC(=O)C(C(=O)N1)=C1C(=C[C-](C=C1N(=O)=O)N(=O)=O)N(=O)=O
SAGMUM,SAGMUM,296 K,FC1=C(F)C(=O)C(=C(F)C1=O)F.c1ccc2c(c1)nnc1ccccc21,P-1,False,296.0,highT,FC1=C(F)C(=O)C(=C(F)C1=O)F,c1ccc2c(c1)nnc1ccccc21
DITKIB,DITKIB,at 296 K,OC(=O)CN1C(=O)c2ccc3C(=O)N(CC(O)=O)C(=O)c4ccc(C1=O)c2c34.CN(C)C=O,P21/c,False,296.0,highT,OC(=O)CN1C(=O)c2ccc3C(=O)N(CC(O)=O)C(=O)c4ccc(C1=O)c2c34,CN(C)C=O
COZXUL,COZXUL,at 298 K,c1cc(ccn1)c1ccncc1.OC(=O)c1ccccc1,P-1,False,298.0,highT,c1cc(ccn1)c1ccncc1,OC(=O)c1ccccc1
NUMKEN,NUMKEN,298 K,NS(=O)(=O)c1ccccc1.O=C1CCCCN1,P212121,False,298.0,highT,NS(=O)(=O)c1ccccc1,O=C1CCCCN1
PIPLIM,PIPLIM,298 K,[NH3+]C(CO)(CO)CO.O=C([O-])C1=CC=CO1,P-1,False,298.0,highT,[NH3+]C(CO)(CO)CO,O=C([O-])C1=CC=CO1
YIHCAX,YIHCAX,296 K,OC(=O)C=Cc1ccccc1.NC(=O)N1c2ccccc2C=Cc2ccccc12,P21/c,False,296.0,highT,OC(=O)C=Cc1ccccc1,NC(=O)N1c2ccccc2C=Cc2ccccc12
ENICAG,ENICAG,at 298 K,CN1C(=C(O)c2ccccc2S1(=O)=O)C(=O)NC1=[NH+]C=C(C)S1.OC(CC(=O)[O-])C(O)=O,P1,False,298.0,highT,CN1C(=C(O)c2ccccc2S1(=O)=O)C(=O)NC1=[NH+]C=C(C)S1,OC(CC(=O)[O-])C(O)=O
OLUTEX,OLUTEX,298 K,Oc1cccc(O)c1C(=O)[O-].[NH2+]=C1NC(=O)N(C=C1F)C1CSC(CO)O1,P21,False,298.0,highT,Oc1cccc(O)c1C(=O)[O-],[NH2+]=C1NC(=O)N(C=C1F)C1CSC(CO)O1
ECUTAB,ECUTAB,293 K,OC(=O)c1cc(ccc1O)S(=O)(=O)[O-].Nc1c(Br)cc(Br)cc1C[NH2+]C1CCC(O)CC1,P21/c,False,293.0,highT,OC(=O)c1cc(ccc1O)S(=O)(=O)[O-],Nc1c(Br)cc(Br)cc1C[NH2+]C1CCC(O)CC1
NAWYUJ,NAWYUJ,293 K,[NH3+]Cc1ccccc1O.OC(=O)c1cc(O)cc(c1)C(=O)[O-],P-1,False,293.0,highT,[NH3+]Cc1ccccc1O,OC(=O)c1cc(O)cc(c1)C(=O)[O-]
FOSFUQ01,FOSFUQ01,298 K,COc1cc(ccc1O)C(O)=O.NNC(=O)c1ccncc1,C2/c,False,298.0,highT,COc1cc(ccc1O)C(O)=O,NNC(=O)c1ccncc1
SIHRAE,SIHRAE,293 K,OC(=O)CC(O)=O.NC(=O)c1cnccn1,C2/c,False,293.0,highT,OC(=O)CC(O)=O,NC(=O)c1cnccn1
WUTDEX01,WUTDEX01,293.1 K,c1ccc2nc3ccccc3nc2c1.CC(C)c1ccc(C)cc1O,P-1,False,293.0,highT,c1ccc2nc3ccccc3nc2c1,CC(C)c1ccc(C)cc1O
TIBHAO,TIBHAO,at 298 K,OC(=O)c1cc(ccc1O)S(=O)(=O)[O-].[NH3+]NC(N)=S,P21/c,False,298.0,highT,OC(=O)c1cc(ccc1O)S(=O)(=O)[O-],[NH3+]NC(N)=S
DIGCEC,DIGCEC,at 298 K,O=C(Nc1cc[nH+]cc1)Nc1cc[nH+]cc1.O=C([O-])C1(CCC1)C(=O)[O-],P21/c,False,298.0,highT,O=C(Nc1cc[nH+]cc1)Nc1cc[nH+]cc1,O=C([O-])C1(CCC1)C(=O)[O-]
MILKEB,MILKEB,296 K,NC(N)=O.OC(=O)c1ccc(O)cc1,P2/n,False,296.0,highT,NC(N)=O,OC(=O)c1ccc(O)cc1
MESXIU,MESXIU,293 K,Oc1cccc2ccc[nH+]c12.OC1=C([O-])C(=O)C1=O,P212121,False,293.0,highT,Oc1cccc2ccc[nH+]c12,OC1=C([O-])C(=O)C1=O
LACTOB,LACTOB,298 K,Nc1ccc(C(O)=O)c(O)c1.S(Sc1ccncc1)c1ccncc1,C2/c,False,298.0,highT,Nc1ccc(C(O)=O)c(O)c1,S(Sc1ccncc1)c1ccncc1
GEDDAY,GEDDAY,293 K,OC(=O)COc1ccc(Cl)cc1Cl.CCOc1ccccc1C(N)=O,C2/c,False,293.0,highT,OC(=O)COc1ccc(Cl)cc1Cl,CCOc1ccccc1C(N)=O
EBONIV,EBONIV,273 K,CN1C=CC(=O)C(=C1C)O.OC(=O)C=CC(O)=O,P-1,False,273.0,highT,CN1C=CC(=O)C(=C1C)O,OC(=O)C=CC(O)=O
ETOPAG,ETOPAG,296 K,Clc1cc(cc(Cl)c1[O-])N(=O)=O.OC(=O)C1[NH2+]CCCC1,P21/n,False,296.0,highT,Clc1cc(cc(Cl)c1[O-])N(=O)=O,OC(=O)C1[NH2+]CCCC1
ZEYNUP,ZEYNUP,293 K,Cc1nccnc1C.OC(=O)c1cc(Cl)c(Cl)cc1C(O)=O,P-1,False,293.0,highT,Cc1nccnc1C,OC(=O)c1cc(Cl)c(Cl)cc1C(O)=O
EFOZAB,EFOZAB,at 293 K,NC(N)=O.O=C1CC(=O)NC(=O)N1,P21/c,False,293.0,highT,NC(N)=O,O=C1CC(=O)NC(=O)N1
TEZRAT,TEZRAT,at 298 K,[NH3+]c1cc(Cl)ccc1O.OC(=O)c1cc(cc(c1[O-])N(=O)=O)N(=O)=O,P21/n,False,298.0,highT,[NH3+]c1cc(Cl)ccc1O,OC(=O)c1cc(cc(c1[O-])N(=O)=O)N(=O)=O
ASOMEA,ASOMEA,at 296.1 K,CC=CC=CC(=O)[O-].[NH3+]Cc1cccc(OC)c1,P21/c,False,296.0,highT,CC=CC=CC(=O)[O-],[NH3+]Cc1cccc(OC)c1
LEXQAJ,LEXQAJ,296.1 K,NC(=O)N1c2ccccc2C=Cc2ccccc12.OC(=O)c1cccc(O)c1O,P21/n,False,296.0,highT,NC(=O)N1c2ccccc2C=Cc2ccccc12,OC(=O)c1cccc(O)c1O
CEMGOT,CEMGOT,298.1 K,NC(N)=O.OB(O)c1cc(F)c(F)c(F)c1,P21/c,False,298.0,highT,NC(N)=O,OB(O)c1cc(F)c(F)c(F)c1
DEVYUB,DEVYUB,293 K,Oc1ccc(cc1)C=Cc1cc(O)cc(O)c1.c1ccc2nc3ccccc3nc2c1,P21/c,False,293.0,highT,Oc1ccc(cc1)C=Cc1cc(O)cc(O)c1,c1ccc2nc3ccccc3nc2c1
COGCEJ,COGCEJ,296 K,OC(=O)C=CC(=O)[O-].OCc1cc[nH+]cc1,P1,False,296.0,highT,OC(=O)C=CC(=O)[O-],OCc1cc[nH+]cc1
ZEXMOH,ZEXMOH,293 K,OC(=O)c1cc(Cl)cc(Cl)c1.Oc1ccc(Br)cc1C=Nc1cccnc1,C2/c,False,293.0,highT,OC(=O)c1cc(Cl)cc(Cl)c1,Oc1ccc(Br)cc1C=Nc1cccnc1
RAJTOP,RAJTOP,296.1 K,[NH2+]1CCOCC1.OC(C(=O)[O-])(c1ccccc1)c1ccccc1,C2/c,False,296.0,highT,[NH2+]1CCOCC1,OC(C(=O)[O-])(c1ccccc1)c1ccccc1
HEPKAR,HEPKAR,313 K,[2H]OC(=O)c1ccc(cc1)C(=O)[O-].[2H]C1=[N+]([2H])C(=C([2H])N1[2H])[2H],P21/n,False,313.0,highT,[2H]OC(=O)c1ccc(cc1)C(=O)[O-],[2H]C1=[N+]([2H])C(=C([2H])N1[2H])[2H]
YANCAU,YANCAU,293 K,c1cc(ccn1)C=Cc1ccncc1.CNC(=S)NN=C(C)c1ccc(O)cc1O,P-1,False,293.0,highT,c1cc(ccn1)C=Cc1ccncc1,CNC(=S)NN=C(C)c1ccc(O)cc1O
JUZCEP,JUZCEP,293 K,N1C(=[NH+]c2ccccc12)C1=CSC=N1.O=C[O-],P21/c,False,293.0,highT,N1C(=[NH+]c2ccccc12)C1=CSC=N1,O=C[O-]
ORAYOX,ORAYOX,295 K,Cc1ccc(cc1)S(=O)(=O)[O-].CN1CC(=O)[NH+]=C1N,P212121,False,295.0,highT,Cc1ccc(cc1)S(=O)(=O)[O-],CN1CC(=O)[NH+]=C1N
SEPTOZ,SEPTOZ,296 K,FC(F)(F)C(=O)[O-].Fc1cccc(c1)C=C1CC[NH+]=C1,Pna21,False,296.0,highT,FC(F)(F)C(=O)[O-],Fc1cccc(c1)C=C1CC[NH+]=C1
AYIWEM,AYIWEM,296 K,Nc1cccc2cccnc12.OC(=O)c1cc(O)c(O)c(O)c1,P21/c,False,296.0,highT,Nc1cccc2cccnc12,OC(=O)c1cc(O)c(O)c(O)c1
FEVKID,FEVKID,293 K,O=C([O-])c1c2ccccc2cc2ccccc12.COc1cc(Cc2c[nH+]c(N)nc2N)cc(OC)c1OC,P-1,False,293.0,highT,O=C([O-])c1c2ccccc2cc2ccccc12,COc1cc(Cc2c[nH+]c(N)nc2N)cc(OC)c1OC
TERLIO,TERLIO,296.1 K,Cc1c(Cl)cccc1Nc1ccccc1C(=O)[O-].[NH3+]C(CO)(CO)CO,P-1,False,296.0,highT,Cc1c(Cl)cccc1Nc1ccccc1C(=O)[O-],[NH3+]C(CO)(CO)CO
NELPUP,NELPUP,at 293 K,[NH3+]C(C)C(O)=O.OC(=O)C(=O)[O-],P21/n,False,293.0,highT,[NH3+]C(C)C(O)=O,OC(=O)C(=O)[O-]
VIKWIX,VIKWIX,at 298 K,[NH3+]CCC1=CNc2ccc(O)cc12.OC(=O)CCCCC(=O)[O-],P-1,False,298.0,highT,[NH3+]CCC1=CNc2ccc(O)cc12,OC(=O)CCCCC(=O)[O-]
WITZUV,WITZUV,at 296 K,OC(=O)CN1C(=O)c2cc3C(=O)N(CC(=O)[O-])C(=O)c3cc2C1=O.Oc1cccc2ccc[nH+]c12,P-1,False,296.0,highT,OC(=O)CN1C(=O)c2cc3C(=O)N(CC(=O)[O-])C(=O)c3cc2C1=O,Oc1cccc2ccc[nH+]c12
KUQREU,KUQREU,at 293 K,Clc1ccc(c(Cl)c1)C(=O)[O-].CCc1[nH+]c(N)nc(N)c1c1ccc(Cl)cc1,Pbca,False,293.0,highT,Clc1ccc(c(Cl)c1)C(=O)[O-],CCc1[nH+]c(N)nc(N)c1c1ccc(Cl)cc1
FEKTOH,FEKTOH,295 K,Cc1[nH+]cc(CO)c(CO)c1O.COc1cc(C=CC(=O)[O-])ccc1O,P21,False,295.0,highT,Cc1[nH+]cc(CO)c(CO)c1O,COc1cc(C=CC(=O)[O-])ccc1O
EYUSEZ,EYUSEZ,296 K,NC(=O)c1nc(F)cnc1O.Nc1ccc(cc1)C(O)=O,P21/c,False,296.0,highT,NC(=O)c1nc(F)cnc1O,Nc1ccc(cc1)C(O)=O
TEYSOH,TEYSOH,at 293 K,[NH3+]CCO.Brc1ccc(cc1)C(=O)[O-],Pna21,False,293.0,highT,[NH3+]CCO,Brc1ccc(cc1)C(=O)[O-]
FETNEY,FETNEY,at 273 K,ClC(Cl)(Cl)C(=O)[O-].[NH3+]C(Cc1ccccc1)C(O)=O,C2/c,False,273.0,highT,ClC(Cl)(Cl)C(=O)[O-],[NH3+]C(Cc1ccccc1)C(O)=O
PAQPAA,PAQPAA,at 296 K,O=C(OCc1ccccc1)c1c[nH+]ccc1.OC1=C([O-])C(=O)C1=O,P-1,False,296.0,highT,O=C(OCc1ccccc1)c1c[nH+]ccc1,OC1=C([O-])C(=O)C1=O
JARDOY,JARDOY,300 K,O=C(c1cc[nH+]cc1)c1ccccc1.OC1=C([O-])C(=O)C1=O,P21/c,False,300.0,highT,O=C(c1cc[nH+]cc1)c1ccccc1,OC1=C([O-])C(=O)C1=O
MAKXED01,MAKXED01,at 293 K,[NH3+]C(C)(C)CO.CC(C)(CO)NC(=O)[O-],P21/c,False,293.0,highT,[NH3+]C(C)(C)CO,CC(C)(CO)NC(=O)[O-]
TEYSUN,TEYSUN,at 293 K,[NH3+]CCO.Clc1ccc(cc1)C(=O)[O-],Pna21,False,293.0,highT,[NH3+]CCO,Clc1ccc(cc1)C(=O)[O-]
XEFTUA,XEFTUA,257 K,O=C([O-])c1[nH+]ccc(c1)C(=O)[O-].NC(=[NH2+])NC(=O)c1nc(Cl)c(N)nc1N,P-1,False,257.0,highT,O=C([O-])c1[nH+]ccc(c1)C(=O)[O-],NC(=[NH2+])NC(=O)c1nc(Cl)c(N)nc1N
PAVSOV,PAVSOV,at 296 K,NC(N)=O.NCCCCCCCCN,Pna21,False,296.0,highT,NC(N)=O,NCCCCCCCCN
QEPJOL,QEPJOL,at 298 K,CCCC(=O)[O-].[NH3+]CCNc1ccc(cc1)N(=O)=O,Pc,False,298.0,highT,CCCC(=O)[O-],[NH3+]CCNc1ccc(cc1)N(=O)=O
QIBCIQ,QIBCIQ,296 K,c1cc(ccn1)c1ccncc1.CC1=CC(=NO1)NS(=O)(=O)c1ccc(N)cc1,P1,False,296.0,highT,c1cc(ccn1)c1ccncc1,CC1=CC(=NO1)NS(=O)(=O)c1ccc(N)cc1
EXIMOO,EXIMOO,at 296 K,c1cc(ccn1)c1ccncc1.Cc1ccc(cc1)S(=O)(=O)Nc1ccc(cc1)C(O)=O,P21/n,False,296.0,highT,c1cc(ccn1)c1ccncc1,Cc1ccc(cc1)S(=O)(=O)Nc1ccc(cc1)C(O)=O
EGUVAE,EGUVAE,at 296 K,C[NH+]1CCN(CC1)Cc1ccc(cc1)C(O)=O.O=N(=O)c1cc(c([O-])c(c1)N(=O)=O)N(=O)=O,P-1,False,296.0,highT,C[NH+]1CCN(CC1)Cc1ccc(cc1)C(O)=O,O=N(=O)c1cc(c([O-])c(c1)N(=O)=O)N(=O)=O
LIQQEJ,LIQQEJ,at 298 K,Cc1ccc(cc1)C1=CC(=NN1c1ccc(cc1)S(N)(=O)=O)C(F)(F)F.O=C1CCCCCN1,P21,False,298.0,highT,Cc1ccc(cc1)C1=CC(=NN1c1ccc(cc1)S(N)(=O)=O)C(F)(F)F,O=C1CCCCCN1
DUSQAK,DUSQAK,at 296 K,Nc1[nH+]cc(Br)cc1.OC(=O)CCCC(=O)[O-],P212121,False,296.0,highT,Nc1[nH+]cc(Br)cc1,OC(=O)CCCC(=O)[O-]
QAKQIE,QAKQIE,at 296 K,Oc1ccc(cc1)C(=O)[O-].CC(C)[NH2+]CC(O)c1ccccc1Cl,P21/n,False,296.0,highT,Oc1ccc(cc1)C(=O)[O-],CC(C)[NH2+]CC(O)c1ccccc1Cl
XIYSAC,XIYSAC,293 K,OC(CN1C=NC=N1)(CN1C=NC=N1)c1ccc(F)cc1F.OC(=O)CCCCC(O)=O,C2/c,False,293.0,highT,OC(CN1C=NC=N1)(CN1C=NC=N1)c1ccc(F)cc1F,OC(=O)CCCCC(O)=O
ROVPOJ,ROVPOJ,at 296 K,S=C(Nc1cccc2ccccc12)Nc1cccc2ccccc12.CS(C)=O,P-1,False,296.0,highT,S=C(Nc1cccc2ccccc12)Nc1cccc2ccccc12,CS(C)=O
YACYIO,YACYIO,293 K,N#Cc1ccncc1.OC(=O)CCCCC(O)=O,P-1,False,293.0,highT,N#Cc1ccncc1,OC(=O)CCCCC(O)=O
BOKHIU,BOKHIU,at 293 K,NS(=O)(=O)c1cc(C(O)=O)c(NCC2=CC=CO2)cc1Cl.c1cc(ccn1)c1ccncc1,P-1,False,293.0,highT,NS(=O)(=O)c1cc(C(O)=O)c(NCC2=CC=CO2)cc1Cl,c1cc(ccn1)c1ccncc1
GENMUI,GENMUI,at 296 K,OC(=O)CN1C(=O)c2cc3C(=O)N(CC(O)=O)C(=O)c3cc2C1=O.S1C=CSC1=C1SC=CS1,P-1,False,296.0,highT,OC(=O)CN1C(=O)c2cc3C(=O)N(CC(O)=O)C(=O)c3cc2C1=O,S1C=CSC1=C1SC=CS1
LODLUN,LODLUN,at 293 K,FC(F)(F)S(=O)(=O)[N-]S(=O)(=O)C(F)(F)F.CN1C=C[N+](=C1)CCC(O)=O,P21/c,False,293.0,highT,FC(F)(F)S(=O)(=O)[N-]S(=O)(=O)C(F)(F)F,CN1C=C[N+](=C1)CCC(O)=O
IDUTUX,IDUTUX,at 293 K,CC1(C)C(C(O)=O)C1(C)C.C1N2CN3CN1CN(C2)C3,C2/c,False,293.0,highT,CC1(C)C(C(O)=O)C1(C)C,C1N2CN3CN1CN(C2)C3
DOCXIF,DOCXIF,298 K,OC(=O)c1cc(ccc1C(=O)[O-])N(=O)=O.O=C(CN1C=[NH+]C=C1)c1ccccc1,P21/c,False,298.0,highT,OC(=O)c1cc(ccc1C(=O)[O-])N(=O)=O,O=C(CN1C=[NH+]C=C1)c1ccccc1
QQQBTG02,QQQBTG02,at 296 K,[NH3+]CC(O)=O.O=N(=O)c1cc(c([O-])c(c1)N(=O)=O)N(=O)=O,P21/c,False,296.0,highT,[NH3+]CC(O)=O,O=N(=O)c1cc(c([O-])c(c1)N(=O)=O)N(=O)=O
LAQQUR,LAQQUR,at 293 K,OC(=O)c1cc(C(O)=O)c(cc1C(O)=O)C(=O)[O-].Fc1cc2C(=O)C=CN(C3CC3)c2cc1N1CC[NH2+]CC1,P-1,False,293.0,highT,OC(=O)c1cc(C(O)=O)c(cc1C(O)=O)C(=O)[O-],Fc1cc2C(=O)C=CN(C3CC3)c2cc1N1CC[NH2+]CC1
VUKQAV,VUKQAV,298 K,OC(=O)C=CC(=O)[O-].[NH3+]C(CC(C)C)C(O)=O,C2,False,298.0,highT,OC(=O)C=CC(=O)[O-],[NH3+]C(CC(C)C)C(O)=O
HOSSOA,HOSSOA,296 K,C1N2CN3CN1CN(C2)C3.Oc1cccc(O)c1O,P21/n,False,296.0,highT,C1N2CN3CN1CN(C2)C3,Oc1cccc(O)c1O
HOVLEJ,HOVLEJ,at 273.2 K,O=C1NC(=O)C=C1.COC1=CC(=O)OC(=C1)C,P21/n,False,273.0,highT,O=C1NC(=O)C=C1,COC1=CC(=O)OC(=C1)C
WIJCIF,WIJCIF,293 K,c1ccc2nc3ccccc3cc2c1.Oc1cccc(C=O)c1,P-1,False,293.0,highT,c1ccc2nc3ccccc3cc2c1,Oc1cccc(C=O)c1
LEPVIM,LEPVIM,at 298 K,CN1N=CC(=C1S(N)(=O)=O)C(=O)[O-].COc1[nH+]c(N)nc(OC)c1,C2/c,False,298.0,highT,CN1N=CC(=C1S(N)(=O)=O)C(=O)[O-],COc1[nH+]c(N)nc(OC)c1
MEXSOZ,MEXSOZ,at 294 K,CC(=O)[O-].C[NH2+]C1CCC2=C(C1)c1cc(ccc1N2)C(N)=O,P21/c,False,294.0,highT,CC(=O)[O-],C[NH2+]C1CCC2=C(C1)c1cc(ccc1N2)C(N)=O
RELPUX,RELPUX,293 K,Fc1ccc(cc1)N1CC[NH2+]CC1.OC(=O)C(=O)[O-],P21/c,False,293.0,highT,Fc1ccc(cc1)N1CC[NH2+]CC1,OC(=O)C(=O)[O-]
TUZJIJ,TUZJIJ,293 K,Cc1ccc(cc1)S(=O)(=O)[O-].[NH3+]C(C(C)C)C(O)=O,P21,False,293.0,highT,Cc1ccc(cc1)S(=O)(=O)[O-],[NH3+]C(C(C)C)C(O)=O
VUXRAI,VUXRAI,at 296 K,c1cc(ccn1)c1ccncc1.OC(=O)C1=NSN=C1C(O)=O,C2/c,False,296.0,highT,c1cc(ccn1)c1ccncc1,OC(=O)C1=NSN=C1C(O)=O
EZARAB,EZARAB,293 K,COc1[nH+]c(N)nc(OC)c1.Oc1cc(O)cc(c1)C(=O)[O-],P21/n,False,293.0,highT,COc1[nH+]c(N)nc(OC)c1,Oc1cc(O)cc(c1)C(=O)[O-]
LUJDAW,LUJDAW,at 296 K,Oc1ccc2ccccc2c1c1c(O)ccc2ccccc12.O=C1c2cccnc2c2ncccc12,C2/c,False,296.0,highT,Oc1ccc2ccccc2c1c1c(O)ccc2ccccc12,O=C1c2cccnc2c2ncccc12
LIGZIL,LIGZIL,at 293 K,O=C([O-])c1ccc(cc1)N(=O)=O.[NH3+]CCCO,P21/c,False,293.0,highT,O=C([O-])c1ccc(cc1)N(=O)=O,[NH3+]CCCO
ERIWUY01,ERIWUY01,296 K,NC(N)=O.OC(=O)CCCCC(O)=O,P21/c,False,296.0,highT,NC(N)=O,OC(=O)CCCCC(O)=O
LORBAY01,LORBAY01,293 K,[2H][N+]1=CC=CN1[2H].[2H]OC(=O)c1c(F)c(F)c(c(F)c1F)C(=O)[O-],P21/c,False,293.0,highT,[2H][N+]1=CC=CN1[2H],[2H]OC(=O)c1c(F)c(F)c(c(F)c1F)C(=O)[O-]
RAGMOC,RAGMOC,at 293 K,OC(=O)C[NH+]1CCCCC1.O=N(=O)c1cc(c([O-])c(c1)N(=O)=O)N(=O)=O,P21/c,False,293.0,highT,OC(=O)C[NH+]1CCCCC1,O=N(=O)c1cc(c([O-])c(c1)N(=O)=O)N(=O)=O
GEFFIK,GEFFIK,298 K,CC1=CNC(=[NH2+])S1.OC(=O)CCCCCCCC(=O)[O-],P21/c,False,298.0,highT,CC1=CNC(=[NH2+])S1,OC(=O)CCCCCCCC(=O)[O-]
FECFOL,FECFOL,296 K,NC(=O)c1ccncc1.COc1cccc(c1)C(O)=O,P-1,False,296.0,highT,NC(=O)c1ccncc1,COc1cccc(c1)C(O)=O
TOHHEG,TOHHEG,293 K,Clc1cc(ccc1C(=O)[O-])N(=O)=O.[NH3+]CCO,P21/c,False,293.0,highT,Clc1cc(ccc1C(=O)[O-])N(=O)=O,[NH3+]CCO
AQUMIL,AQUMIL,293 K,COC(=O)C=Cc1ccccn1.NC(N)=O,P-1,False,293.0,highT,COC(=O)C=Cc1ccccn1,NC(N)=O
LUMSAN,LUMSAN,at 298.0 K,OC(C(=O)[O-])c1ccc2ccccc2c1.[NH3+]C(C)c1ccc(OC)cc1,P-1,False,298.0,highT,OC(C(=O)[O-])c1ccc2ccccc2c1,[NH3+]C(C)c1ccc(OC)cc1
APUWIU,APUWIU,293.1 K,CC1=NNC(=O)N(C1)N=Cc1c[nH+]ccc1.Oc1cccc(C(=O)[O-])c1O,C2/c,False,293.0,highT,CC1=NNC(=O)N(C1)N=Cc1c[nH+]ccc1,Oc1cccc(C(=O)[O-])c1O
LUJCUP,LUJCUP,at 296 K,Oc1ccc2ccccc2c1c1c(O)ccc2ccccc12.Cc1ccnc(c1)c1cc(C)ccn1,P21/c,False,296.0,highT,Oc1ccc2ccccc2c1c1c(O)ccc2ccccc12,Cc1ccnc(c1)c1cc(C)ccn1
SAVWEU,SAVWEU,294 K,Nc1[nH+]nc(c(N)n1)c1cccc(Cl)c1Cl.Oc1ccccc1C(=O)[O-],P-1,False,294.0,highT,Nc1[nH+]nc(c(N)n1)c1cccc(Cl)c1Cl,Oc1ccccc1C(=O)[O-]
CACBOY,CACBOY,at 290 K,COc1cc(Cc2c[nH+]c(N)nc2N)cc(OC)c1OC.OC(=O)CCCC(=O)[O-],P-1,False,290.0,highT,COc1cc(Cc2c[nH+]c(N)nc2N)cc(OC)c1OC,OC(=O)CCCC(=O)[O-]
BUTVAP,BUTVAP,298 K,[NH2+]=C1NC2(COC(CF)CC2CS1)c1ccc(F)cc1F.CS(=O)(=O)[O-],P212121,False,298.0,highT,[NH2+]=C1NC2(COC(CF)CC2CS1)c1ccc(F)cc1F,CS(=O)(=O)[O-]
ACEREH,ACEREH,at 298 K,Nc1ccccc1C(O)=O.CN1N=NC2=C(N=CN2C1=O)C(N)=O,P-1,False,298.0,highT,Nc1ccccc1C(O)=O,CN1N=NC2=C(N=CN2C1=O)C(N)=O
KUDXIS,KUDXIS,at 296 K,Cc1ccc(cc1)S(=O)(=O)[O-].NC1=[NH+]C(=O)C=C(N)N1,C2/c,False,296.0,highT,Cc1ccc(cc1)S(=O)(=O)[O-],NC1=[NH+]C(=O)C=C(N)N1
VESJUZ,VESJUZ,at 296 K,CC(=O)Nc1[nH+]ccc(C)c1.OC1=C([O-])C(=O)C1=O,P21/c,False,296.0,highT,CC(=O)Nc1[nH+]ccc(C)c1,OC1=C([O-])C(=O)C1=O
NIQRUB,NIQRUB,at 298 K,Cc1ccc(cc1)S(=O)(=O)[O-].NC1=[NH+]c2ccccc2S1,P21/c,False,298.0,highT,Cc1ccc(cc1)S(=O)(=O)[O-],NC1=[NH+]c2ccccc2S1
IPOZAO01,IPOZAO01,at 295 K,NC(=O)c1c[nH+]ccc1.O=N(=O)c1cc(c([O-])c(c1)N(=O)=O)N(=O)=O,Pbca,False,295.0,highT,NC(=O)c1c[nH+]ccc1,O=N(=O)c1cc(c([O-])c(c1)N(=O)=O)N(=O)=O
SABBAB,SABBAB,296 K,OC(=O)CCCCC(O)=O.Cc1ccc(cc1)c1nc(N)nc(N)n1,P2/c,False,296.0,highT,OC(=O)CCCCC(O)=O,Cc1ccc(cc1)c1nc(N)nc(N)n1
TIWZEG,TIWZEG,293 K,NC1=Nc2ccc(O)cc2N1c1ccc(Cl)cc1.Cc1ccccc1,Pbca,False,293.0,highT,NC1=Nc2ccc(O)cc2N1c1ccc(Cl)cc1,Cc1ccccc1
FENQEX,FENQEX,296 K,OC(=O)c1cc(O)ccc1O.CCOc1ccccc1C(N)=O,P-1,False,296.0,highT,OC(=O)c1cc(O)ccc1O,CCOc1ccccc1C(N)=O
CUWZAW,CUWZAW,at 293 K,C1CN2CCN1CC2.OC(=O)c1cccc(c1)C(O)=O,Pbcn,False,293.0,highT,C1CN2CCN1CC2,OC(=O)c1cccc(c1)C(O)=O
OPOZOK,OPOZOK,273 K,O=N(=O)c1ccc([O-])c(c1)N(=O)=O.CN(C)c1cc[n+](O)cc1,P212121,False,273.0,highT,O=N(=O)c1ccc([O-])c(c1)N(=O)=O,CN(C)c1cc[n+](O)cc1
JADGED,JADGED,296 K,[NH3+]CCCC([NH3+])C(=O)[O-].OC(=O)CCC(=O)C(=O)[O-],P21,False,296.0,highT,[NH3+]CCCC([NH3+])C(=O)[O-],OC(=O)CCC(=O)C(=O)[O-]
NUYBUF,NUYBUF,at 293 K,c1ccc2c(c1)nnc1ccccc21.OC1=C(Cl)C(=O)C(=C(Cl)C1=O)O,P21/n,False,293.0,highT,c1ccc2c(c1)nnc1ccccc21,OC1=C(Cl)C(=O)C(=C(Cl)C1=O)O
QUQPAV,QUQPAV,293 K,Oc1cc(O)c(Br)cc1Br.COC(=O)C=Cc1cccnc1,P21/c,False,293.0,highT,Oc1cc(O)c(Br)cc1Br,COC(=O)C=Cc1cccnc1
VAVYOK,VAVYOK,293 K,Nc1ccc(c(O)c1)C(=O)[O-].COc1cc(C)[nH+]c(N)n1,P21/n,False,293.0,highT,Nc1ccc(c(O)c1)C(=O)[O-],COc1cc(C)[nH+]c(N)n1
RIDKOG,RIDKOG,at 293 K,C1N2CP3CN1C[N+](C2)(C3)Cc1ccccc1.O=S(=O)([O-])c1cccc(c1)P(c1ccccc1)c1ccccc1,P21/n,False,293.0,highT,C1N2CP3CN1C[N+](C2)(C3)Cc1ccccc1,O=S(=O)([O-])c1cccc(c1)P(c1ccccc1)c1ccccc1
TIBXIP,TIBXIP,294 K,FC1=C[N-]C(=O)NC1=O.COc1cc(Cc2c[nH+]c(N)nc2N)cc(OC)c1OC,P-1,False,294.0,highT,FC1=C[N-]C(=O)NC1=O,COc1cc(Cc2c[nH+]c(N)nc2N)cc(OC)c1OC
YORZUD,YORZUD,293 K,C[n+]1ccccc1Cl.FC(F)(F)S(=O)(=O)[O-],P21/n,False,293.0,highT,C[n+]1ccccc1Cl,FC(F)(F)S(=O)(=O)[O-]
QOQJOX,QOQJOX,at 293 K,Nc1ccc(Cc2ccc(N)cc2)cc1.COc1cc(ccc1O)C(O)=O,P21/n,False,293.0,highT,Nc1ccc(Cc2ccc(N)cc2)cc1,COc1cc(ccc1O)C(O)=O
HUBPUR,HUBPUR,at 293 K,OC(C(O)C(=O)[O-])C(O)=O.Oc1c[nH+]ccc1,P212121,False,293.0,highT,OC(C(O)C(=O)[O-])C(O)=O,Oc1c[nH+]ccc1
LEBVOH,LEBVOH,298 K,Cc1ccc(cn1)C(N)=O.OC(=O)CCCCC(O)=O,P-1,False,298.0,highT,Cc1ccc(cn1)C(N)=O,OC(=O)CCCCC(O)=O
DOTGID,DOTGID,at 298 K,O=C1NC=C(C(=O)[O-])C(=O)N1.NC1=[NH+]C(=O)NC=C1,Pbnb,False,298.0,highT,O=C1NC=C(C(=O)[O-])C(=O)N1,NC1=[NH+]C(=O)NC=C1
INACOQ,INACOQ,at 296 K,OC(=O)c1cc(cc(c1)C(O)=O)C(O)=O.NN1C(=NN=C1c1cnccn1)c1cnccn1,P21/c,False,296.0,highT,OC(=O)c1cc(cc(c1)C(O)=O)C(O)=O,NN1C(=NN=C1c1cnccn1)c1cnccn1
AZEKIA,AZEKIA,at 295 K,FC(F)(F)C(=O)[O-].Cc1ccccc1C1=NC2=C(O1)N=CN1CC[NH+]=C21,P21/c,False,295.0,highT,FC(F)(F)C(=O)[O-],Cc1ccccc1C1=NC2=C(O1)N=CN1CC[NH+]=C21
VIGGIC,VIGGIC,at 293 K,NC(=O)c1ccc(O)cc1.[O]n1ccn([O])cc1,P-1,False,293.0,highT,NC(=O)c1ccc(O)cc1,[O]n1ccn([O])cc1
NEBXOJ,NEBXOJ,at 293 K,OC(=O)c1cccc(c1)C(O)=O.COc1cc(OC)nc(N)n1,P-1,False,293.0,highT,OC(=O)c1cccc(c1)C(O)=O,COc1cc(OC)nc(N)n1
HONFIB,HONFIB,293 K,OC(=O)c1ccc(O)cc1.c1ccc2ncccc2c1,Pna21,False,293.0,highT,OC(=O)c1ccc(O)cc1,c1ccc2ncccc2c1
EXANAT,EXANAT,at 296 K,OC(=O)c1ccc(O)cc1O.Cc1cc(C)nc(NS(=O)(=O)c2ccc(N)cc2)n1,P-1,False,296.0,highT,OC(=O)c1ccc(O)cc1O,Cc1cc(C)nc(NS(=O)(=O)c2ccc(N)cc2)n1
GAZTOU,GAZTOU,298 K,Clc1cccc(C(=O)[O-])c1N(=O)=O.CC1=C[NH+]=C(N)S1,P21/n,False,298.0,highT,Clc1cccc(C(=O)[O-])c1N(=O)=O,CC1=C[NH+]=C(N)S1
XIFNAC01,XIFNAC01,at 293 K,Nc1ccc(cc1)S(N)(=O)=O.CC(=O)N1CCOCC1,P21/c,False,293.0,highT,Nc1ccc(cc1)S(N)(=O)=O,CC(=O)N1CCOCC1
ERAHEN,ERAHEN,298 K,OC(=O)c1cc(ccc1C(=O)[O-])N(=O)=O.NC(=O)c1cc[nH+]cc1,P-1,False,298.0,highT,OC(=O)c1cc(ccc1C(=O)[O-])N(=O)=O,NC(=O)c1cc[nH+]cc1
DIKSUM,DIKSUM,at 293 K,OC(C(O)C(=O)[O-])C(O)=O.[NH3+]c1ccc(cc1)C(O)=O,P21,False,293.0,highT,OC(C(O)C(=O)[O-])C(O)=O,[NH3+]c1ccc(cc1)C(O)=O
XISVUU,XISVUU,273.1 K,[NH3+]CCc1ccc(O)cc1.COc1ccc2cc(ccc2c1)C(C)C(=O)[O-],P21,False,273.0,highT,[NH3+]CCc1ccc(O)cc1,COc1ccc2cc(ccc2c1)C(C)C(=O)[O-]
LEQMON,LEQMON,296 K,Nc1nc(N)nc(N)n1.O=C1NC(=O)c2ccccc12,P21/c,False,296.0,highT,Nc1nc(N)nc(N)n1,O=C1NC(=O)c2ccccc12
NAKBAF,NAKBAF,298 K,OC(=O)C=CC(O)=O.CCc1cc(ccn1)C(N)=S,P-1,False,298.0,highT,OC(=O)C=CC(O)=O,CCc1cc(ccn1)C(N)=S
QOVRID,QOVRID,at 273 K,OC(=O)C=CC(=O)[O-].Oc1cccc2ccc[nH+]c12,P212121,False,273.0,highT,OC(=O)C=CC(=O)[O-],Oc1cccc2ccc[nH+]c12
LEPCES,LEPCES,296.1 K,c1cc(ccn1)C=Cc1ccncc1.CCCC(O)=O,P-1,False,296.0,highT,c1cc(ccn1)C=Cc1ccncc1,CCCC(O)=O
HOZBOO,HOZBOO,at 294 K,OC(=O)C=CC(O)=O.CC(=O)c1ccncc1,P-1,False,294.0,highT,OC(=O)C=CC(O)=O,CC(=O)c1ccncc1
UNOZIJ,UNOZIJ,294 K,c1cnc2c(c1)ccc1cccnc21.OC(=O)CCC#C,P212121,False,294.0,highT,c1cnc2c(c1)ccc1cccnc21,OC(=O)CCC#C
GABSUB,GABSUB,293 K,C[NH2+]CCO.O=C([O-])c1ccc(cc1)N(=O)=O,P-1,False,293.0,highT,C[NH2+]CCO,O=C([O-])c1ccc(cc1)N(=O)=O
HOMZAM,HOMZAM,at 296 K,Nc1nc(N)nc(n1)c1ccccc1.CN(C)C=O,P-1,False,296.0,highT,Nc1nc(N)nc(n1)c1ccccc1,CN(C)C=O
COGCEJ01,COGCEJ01,296 K,OC(=O)C=CC(=O)[O-].OCc1cc[nH+]cc1,P21/c,False,296.0,highT,OC(=O)C=CC(=O)[O-],OCc1cc[nH+]cc1
TEJWEL,TEJWEL,at 297 K,OC(=O)c1cc(ccc1O)S(=O)(=O)[O-].[NH3+]c1cccc(OC)c1,Pna21,False,297.0,highT,OC(=O)c1cc(ccc1O)S(=O)(=O)[O-],[NH3+]c1cccc(OC)c1
LIGPOJ,LIGPOJ,293 K,NC1=Nc2ccccc2S1.CC(C)(C)C(O)=O,P21/c,False,293.0,highT,NC1=Nc2ccccc2S1,CC(C)(C)C(O)=O
MUYDUI,MUYDUI,299 K,[NH3+]c1ccc(O)cc1.Oc1ccccc1C(=O)[O-],P-1,False,299.0,highT,[NH3+]c1ccc(O)cc1,Oc1ccccc1C(=O)[O-]
GEMLOD,GEMLOD,296 K,Clc1ccc(c(Cl)c1)C(=O)[O-].CN1CC(=O)NC1=[NH2+],P-1,False,296.0,highT,Clc1ccc(c(Cl)c1)C(=O)[O-],CN1CC(=O)NC1=[NH2+]
WAWVID,WAWVID,296 K,CN1CC[N+]2(C)Cc3cnc(C)c(O)c3C12.O=P([O-])(c1ccccc1)c1ccccc1,P21212,False,296.0,highT,CN1CC[N+]2(C)Cc3cnc(C)c(O)c3C12,O=P([O-])(c1ccccc1)c1ccccc1
GAMFAC,GAMFAC,at 273 K,OC(=O)c1cc(ccc1O)S(=O)(=O)[O-].CCc1[nH+]c(N)nc(N)c1c1ccc(Cl)cc1,P21/n,False,273.0,highT,OC(=O)c1cc(ccc1O)S(=O)(=O)[O-],CCc1[nH+]c(N)nc(N)c1c1ccc(Cl)cc1
XOQQUS,XOQQUS,293 K,[NH2+]=C1NC(=O)NC=C1F.O=N(=O)c1cc(c([O-])c(c1)N(=O)=O)N(=O)=O,P-1,False,293.0,highT,[NH2+]=C1NC(=O)NC=C1F,O=N(=O)c1cc(c([O-])c(c1)N(=O)=O)N(=O)=O
BOQXEK,BOQXEK,at 297 K,NC(=O)Nc1cccc2ccc[nH+]c12.OC(=O)c1cc(cc(c1[O-])N(=O)=O)N(=O)=O,P-1,False,297.0,highT,NC(=O)Nc1cccc2ccc[nH+]c12,OC(=O)c1cc(cc(c1[O-])N(=O)=O)N(=O)=O
TUJPEV,TUJPEV,296 K,Oc1c(cc(cc1N(=O)=O)N(=O)=O)C(=O)[O-].[NH3+]c1ccc(cc1)S(=O)(=O)NC1=NOC(=C1)C,P-1,False,296.0,highT,Oc1c(cc(cc1N(=O)=O)N(=O)=O)C(=O)[O-],[NH3+]c1ccc(cc1)S(=O)(=O)NC1=NOC(=C1)C
AYOROW,AYOROW,at 296 K,OC(=O)CN1C(=O)c2ccccc2C1=O.CN1C=NC2=C1C(=O)N(C)C(=O)N2C,P21/n,False,296.0,highT,OC(=O)CN1C(=O)c2ccccc2C1=O,CN1C=NC2=C1C(=O)N(C)C(=O)N2C
ZEXVUV,ZEXVUV,at 298 K,Oc1cccc(O)c1.CCN1C=C(C(O)=O)C(=O)c2ccc(C)nc12,P212121,False,298.0,highT,Oc1cccc(O)c1,CCN1C=C(C(O)=O)C(=O)c2ccc(C)nc12
RATNIN01,RATNIN01,298 K,O=P([O-])(Oc1ccccc1)Oc1ccccc1.[NH3+]c1ccccc1Cl,P-1,False,298.0,highT,O=P([O-])(Oc1ccccc1)Oc1ccccc1,[NH3+]c1ccccc1Cl
TIHPAC,TIHPAC,at 295 K,OC(=O)Cc1cccc2ccccc12.C1CCNCC1,P21/n,False,295.0,highT,OC(=O)Cc1cccc2ccccc12,C1CCNCC1
SIZZUZ,SIZZUZ,291.9 K,NS(=O)(=O)c1cc2c(NCNS2(=O)=O)cc1Cl.CN(C)c1ccncc1,P21/c,False,291.0,highT,NS(=O)(=O)c1cc2c(NCNS2(=O)=O)cc1Cl,CN(C)c1ccncc1
SABCEF,SABCEF,at 296 K,Oc1ccccc1C=O.CN(C)c1ccncc1,P-1,False,296.0,highT,Oc1ccccc1C=O,CN(C)c1ccncc1
XAQCOI,XAQCOI,at 23 deg.C,CC([NH2+]C(C(F)F)c1ccccc1)c1ccccc1.OC(=O)c1ccccc1C(=O)[O-],P1,False,296.0,highT,CC([NH2+]C(C(F)F)c1ccccc1)c1ccccc1,OC(=O)c1ccccc1C(=O)[O-]
KARGIW,KARGIW,296.1 K,OC=O.Cc1cccc(C)n1,Pca21,False,296.0,highT,OC=O,Cc1cccc(C)n1
XUGNEU,XUGNEU,at 298.1 K,CC1=C(C#N)C(=O)NC(=O)C1=CNc1ccc(Br)cc1.CN(C)C=O,P21/n,False,298.0,highT,CC1=C(C#N)C(=O)NC(=O)C1=CNc1ccc(Br)cc1,CN(C)C=O
SIJZUI,SIJZUI,at 293 K,OC(=O)c1ccc(O)cc1.O=C1CNC(=O)CN1,P21/c,False,293.0,highT,OC(=O)c1ccc(O)cc1,O=C1CNC(=O)CN1
UYEYEE,UYEYEE,296 K,OC(C(O)C(=O)[O-])C(O)=O.NC1=[NH+]C(=O)N(C=C1)C1CSC(CO)O1,P21,False,296.0,highT,OC(C(O)C(=O)[O-])C(O)=O,NC1=[NH+]C(=O)N(C=C1)C1CSC(CO)O1
NEKRII,NEKRII,295 K,CCOc1ccc2[nH+]c3cc(N)ccc3c(N)c2c1.Clc1cccc(c1)C(=O)[O-],P21/c,False,295.0,highT,CCOc1ccc2[nH+]c3cc(N)ccc3c(N)c2c1,Clc1cccc(c1)C(=O)[O-]
WUKBUB,WUKBUB,296 K,OC(=O)c1cccc(Cl)c1.O=S(=O)(c1ccncc1)c1ccncc1,C2/c,False,296.0,highT,OC(=O)c1cccc(Cl)c1,O=S(=O)(c1ccncc1)c1ccncc1
UMIPIR,UMIPIR,298 K,C1N2CN3CN1CN(C2)C3.OC(=O)c1cc(O)c(O)c(O)c1,P-1,False,298.0,highT,C1N2CN3CN1CN(C2)C3,OC(=O)c1cc(O)c(O)c(O)c1
RAYPOY,RAYPOY,at 293 K,OC(=O)C[N+]12CC[N+](CC1)(CC2)CC(=O)[O-].OC1=C([O-])C(=O)C1=O,P21/c,False,293.0,highT,OC(=O)C[N+]12CC[N+](CC1)(CC2)CC(=O)[O-],OC1=C([O-])C(=O)C1=O
GEHWOJ,GEHWOJ,298 K,Clc1ccc(c(c1)C(=O)[O-])N(=O)=O.Cc1[nH+]cc(cc1)C(N)=O,P21/n,False,298.0,highT,Clc1ccc(c(c1)C(=O)[O-])N(=O)=O,Cc1[nH+]cc(cc1)C(N)=O
ITAQUS,ITAQUS,298 K,CC(C)(Oc1ccc(Cl)cc1)C(=O)[O-].Cc1cccc2SC(=[NH2+])Nc12,P21/c,False,298.0,highT,CC(C)(Oc1ccc(Cl)cc1)C(=O)[O-],Cc1cccc2SC(=[NH2+])Nc12
EZIFID,EZIFID,at 298 K,CC1=NN=C2CN=C(c3ccccc3)c3cc(Cl)ccc3N12.OC(=O)c1ccccc1,P-1,False,298.0,highT,CC1=NN=C2CN=C(c3ccccc3)c3cc(Cl)ccc3N12,OC(=O)c1ccccc1
SIBYUA01,SIBYUA01,298.1 K,c1cc(ccn1)c1ccncc1.CC(=O)Oc1ccccc1C(O)=O,P-1,False,298.0,highT,c1cc(ccn1)c1ccncc1,CC(=O)Oc1ccccc1C(O)=O
LEXCEA,LEXCEA,298 K,CN1C(=O)NC(=O)C2=C1NC=[N+]2C.Cc1ccc(cc1)S(=O)(=O)[O-],P-1,False,298.0,highT,CN1C(=O)NC(=O)C2=C1NC=[N+]2C,Cc1ccc(cc1)S(=O)(=O)[O-]
GISWUB,GISWUB,at 294 K,OC(C(O)C(=O)[O-])C(O)=O.[NH3+]C(C)CO,P212121,False,294.0,highT,OC(C(O)C(=O)[O-])C(O)=O,[NH3+]C(C)CO
ITIGEY,ITIGEY,at 293 K,OB(O)c1ccc(O)cc1.c1cnc2c(c1)ccc1cccnc21,P21/c,False,293.0,highT,OB(O)c1ccc(O)cc1,c1cnc2c(c1)ccc1cccnc21
OQIFAX,OQIFAX,295 K,Nc1nc(N)nc(N)n1.OC(=O)Cc1cccc(Cl)c1,Pbcn,False,295.0,highT,Nc1nc(N)nc(N)n1,OC(=O)Cc1cccc(Cl)c1
YAHTUY,YAHTUY,at 293 K,c1ccncc1.OC(=O)c1cc(O)c(O)c(O)c1,P21/n,False,293.0,highT,c1ccncc1,OC(=O)c1cc(O)c(O)c(O)c1
EVEMOI,EVEMOI,at 298 K,[NH2+]1CCOCC1.COc1ccc(cc1)C(=O)[O-],P21/c,False,298.0,highT,[NH2+]1CCOCC1,COc1ccc(cc1)C(=O)[O-]
UGOREP,UGOREP,at 293 K,NC1=[NH+]C=CS1.OC(=O)CC(=O)[O-],P21,False,293.0,highT,NC1=[NH+]C=CS1,OC(=O)CC(=O)[O-]
HAMYIE,HAMYIE,at 293 K,COc1cc(Cc2c[nH+]c(N)nc2N)cc(OC)c1OC.OC(=O)CC(=O)[O-],P-1,False,293.0,highT,COc1cc(Cc2c[nH+]c(N)nc2N)cc(OC)c1OC,OC(=O)CC(=O)[O-]
ODIDAJ,ODIDAJ,296 K,OC(=O)c1cc(O)cc(O)c1.CCOc1ccccc1C(N)=O,Ibca,False,296.0,highT,OC(=O)c1cc(O)cc(O)c1,CCOc1ccccc1C(N)=O
NAKYOQ,NAKYOQ,298 K,OC(=O)c1cc(O)ccc1O.CC(C)=NNC(=O)c1ccncc1,P21/c,False,298.0,highT,OC(=O)c1cc(O)ccc1O,CC(C)=NNC(=O)c1ccncc1
KIJSED,KIJSED,at 298 K,NC(=O)c1cnccn1.CN1N=NC2=C(N=CN2C1=O)C(N)=O,P-1,False,298.0,highT,NC(=O)c1cnccn1,CN1N=NC2=C(N=CN2C1=O)C(N)=O
TEZMAP,TEZMAP,293 K,O=S(=O)([O-])c1ccccc1.[NH3+]c1ccc(N)c(c1)N(=O)=O,P21/n,False,293.0,highT,O=S(=O)([O-])c1ccccc1,[NH3+]c1ccc(N)c(c1)N(=O)=O
NUQLOD,NUQLOD,296 K,Oc1ccccc1C(=O)[O-].Cc1cccc2SC(=[NH+]c12)N,P212121,False,296.0,highT,Oc1ccccc1C(=O)[O-],Cc1cccc2SC(=[NH+]c12)N
MUPNUG,MUPNUG,at 293 K,OC(=O)CC(=O)[O-].[NH3+]C(CCCNC(N)=[NH2+])C(=O)[O-],C2/c,False,293.0,highT,OC(=O)CC(=O)[O-],[NH3+]C(CCCNC(N)=[NH2+])C(=O)[O-]
FOQNUX,FOQNUX,298 K,CCOP(=O)(Nc1[nH+]c(C)ccc1)OCC.ClC(Cl)(Cl)C(=O)[O-],P21/c,False,298.0,highT,CCOP(=O)(Nc1[nH+]c(C)ccc1)OCC,ClC(Cl)(Cl)C(=O)[O-]
PUHGUV,PUHGUV,at 296.1 K,CC(C)COc1ccc(cc1C#N)C1=NC(=C(S1)C(O)=O)C.c1ccncc1,P-1,False,296.0,highT,CC(C)COc1ccc(cc1C#N)C1=NC(=C(S1)C(O)=O)C,c1ccncc1
HINRUU,HINRUU,296 K,Oc1cc[nH+]cc1.OC(=O)CC(=O)[O-],P21/c,False,296.0,highT,Oc1cc[nH+]cc1,OC(=O)CC(=O)[O-]
UGOSEQ,UGOSEQ,at 293 K,CC1=CSC(=N1)N.OC(=O)CCCCCCCCC(O)=O,P21/c,False,293.0,highT,CC1=CSC(=N1)N,OC(=O)CCCCCCCCC(O)=O
UHAYEH,UHAYEH,at 293 K,CCc1[nH+]c(N)nc(N)c1c1ccc(Cl)cc1.OC(=O)CCCC(=O)[O-],P21/c,False,293.0,highT,CCc1[nH+]c(N)nc(N)c1c1ccc(Cl)cc1,OC(=O)CCCC(=O)[O-]
JIQFEX,JIQFEX,296 K,Oc1cccc(c1)C(=O)[O-].[NH3+]CC1CCC(CC1)C(O)=O,P-1,False,296.0,highT,Oc1cccc(c1)C(=O)[O-],[NH3+]CC1CCC(CC1)C(O)=O
PARXAI,PARXAI,at 293 K,CCc1[nH+]c(N)nc(N)c1c1ccc(Cl)cc1.O=C([O-])c1ccccc1N(=O)=O,C2/c,False,293.0,highT,CCc1[nH+]c(N)nc(N)c1c1ccc(Cl)cc1,O=C([O-])c1ccccc1N(=O)=O
XIYCUH,XIYCUH,296 K,Nc1c(Cl)c[nH+]cc1Cl.Oc1cccnc1C(=O)[O-],P21/c,False,296.0,highT,Nc1c(Cl)c[nH+]cc1Cl,Oc1cccnc1C(=O)[O-]
WEGTOU,WEGTOU,293 K,CC(=NO)C(C)=NO.CC(N)=O,P21/c,False,293.0,highT,CC(=NO)C(C)=NO,CC(N)=O
IJELUE,IJELUE,at 298 K,[NH2+]1CCOCC1.OC(=O)CC(O)(CC(=O)[O-])C(O)=O,Pbca,False,298.0,highT,[NH2+]1CCOCC1,OC(=O)CC(O)(CC(=O)[O-])C(O)=O
LOQXIB,LOQXIB,293 K,[2H][n+]1cccc(C)c1.[2H]OC(=O)c1c(F)c(F)c(c(F)c1F)C(=O)[O-],P212121,False,293.0,highT,[2H][n+]1cccc(C)c1,[2H]OC(=O)c1c(F)c(F)c(c(F)c1F)C(=O)[O-]
KIHXIJ,KIHXIJ,at 298 K,c1cc(ccn1)C=Cc1ccncc1.Oc1cccc(c1)C#N,P21/n,False,298.0,highT,c1cc(ccn1)C=Cc1ccncc1,Oc1cccc(c1)C#N
GINMOG,GINMOG,at 293 K,NC1=[NH+]C(=C(CC2=C(N)N=C(N)NC2=O)C(=O)N1)N.O=C([O-])c1cc(cc(c1)N(=O)=O)N(=O)=O,P21/n,False,293.0,highT,NC1=[NH+]C(=C(CC2=C(N)N=C(N)NC2=O)C(=O)N1)N,O=C([O-])c1cc(cc(c1)N(=O)=O)N(=O)=O
YITKOD,YITKOD,at 293 K,OC1C[NH+]2CCC1CC2.O=C([O-])CN1C(=O)c2cccc3cccc(C1=O)c23,P-1,False,293.0,highT,OC1C[NH+]2CCC1CC2,O=C([O-])CN1C(=O)c2cccc3cccc(C1=O)c23
POZNUQ,POZNUQ,296 K,OC(=O)c1ccc(O)cc1.OC(CN1C=NC=N1)(CN1C=NC=N1)c1ccc(F)cc1F,C2/c,False,296.0,highT,OC(=O)c1ccc(O)cc1,OC(CN1C=NC=N1)(CN1C=NC=N1)c1ccc(F)cc1F
FEVJOI,FEVJOI,293 K,ClC1=CC(=C(Cl)S1)C(=O)[O-].COc1cc(Cc2c[nH+]c(N)nc2N)cc(OC)c1OC,P21/n,False,293.0,highT,ClC1=CC(=C(Cl)S1)C(=O)[O-],COc1cc(Cc2c[nH+]c(N)nc2N)cc(OC)c1OC
KORHAD,KORHAD,296.1 K,CC1=NN(Cc2ccc(cc2)C#N)C(=C1)C.OC(=O)C(O)=O,P21/c,False,296.0,highT,CC1=NN(Cc2ccc(cc2)C#N)C(=C1)C,OC(=O)C(O)=O
MOYMAP,MOYMAP,at 293 K,c1cc(ccn1)c1ccncc1.CC(=O)c1ccc(cc1)B(O)O,Cc,False,293.0,highT,c1cc(ccn1)c1ccncc1,CC(=O)c1ccc(cc1)B(O)O
NUGZOF,NUGZOF,at 294 K,NN1C(=NN=C1c1ccncc1)c1ccncc1.Nc1cc(cc(c1)C(O)=O)C(O)=O,P21/c,False,294.0,highT,NN1C(=NN=C1c1ccncc1)c1ccncc1,Nc1cc(cc(c1)C(O)=O)C(O)=O
KOBGIV,KOBGIV,295 K,NC1=N[N+]2(CCSCC2)CC1.O=N(=O)c1ccc(cc1)S(=O)(=O)[O-],C2/c,False,295.0,highT,NC1=N[N+]2(CCSCC2)CC1,O=N(=O)c1ccc(cc1)S(=O)(=O)[O-]
XUYKIM,XUYKIM,at 294 K,c1cc(ccn1)c1ccncc1.Oc1ccc2C3c4ccc(O)cc4C(c2c1)c1cc(O)ccc31,P21/n,False,294.0,highT,c1cc(ccn1)c1ccncc1,Oc1ccc2C3c4ccc(O)cc4C(c2c1)c1cc(O)ccc31
DIGCUS,DIGCUS,at 298 K,O=C(Nc1c[nH+]ccc1)Nc1cccnc1.O=C([O-])C=CC(=O)[O-],P21/n,False,298.0,highT,O=C(Nc1c[nH+]ccc1)Nc1cccnc1,O=C([O-])C=CC(=O)[O-]
TENVOZ,TENVOZ,at 296 K,OC(=O)C=CC(=O)[O-].[NH3+]C(CC1=C[NH+]=CN1)C(O)=O,P1,False,296.0,highT,OC(=O)C=CC(=O)[O-],[NH3+]C(CC1=C[NH+]=CN1)C(O)=O
WEJCEU,WEJCEU,at 294 K,[NH3+]C(CCCNC(N)=[NH2+])C(N)=O.OC1=C([O-])C(=O)C1=O,P21,False,294.0,highT,[NH3+]C(CCCNC(N)=[NH2+])C(N)=O,OC1=C([O-])C(=O)C1=O
OXUMEA,OXUMEA,at 293 K,C[n+]1ccc(NC(=O)Nc2cc[n+](C)cc2)cc1.FC(F)(F)S(=O)(=O)[O-],P-1,False,293.0,highT,C[n+]1ccc(NC(=O)Nc2cc[n+](C)cc2)cc1,FC(F)(F)S(=O)(=O)[O-]
MOHDIX,MOHDIX,at 293 K,[NH3+]CCCCC([NH3+])C(O)=O.OC(=O)C(=O)[O-],P212121,False,293.0,highT,[NH3+]CCCCC([NH3+])C(O)=O,OC(=O)C(=O)[O-]
HEFVIY,HEFVIY,at 296 K,[NH3+]CCOCCOCC[NH3+].ClC(Cl)(Cl)C(=O)[O-],C2/c,False,296.0,highT,[NH3+]CCOCCOCC[NH3+],ClC(Cl)(Cl)C(=O)[O-]
WIHZUJ,WIHZUJ,at 293 K,FC(F)(F)S(=O)(=O)[O-].C[N+]12CN3CP(C1)C[N+](C)(C3)C2,Pnma,False,293.0,highT,FC(F)(F)S(=O)(=O)[O-],C[N+]12CN3CP(C1)C[N+](C)(C3)C2
JARTEE,JARTEE,293 K,CC1=NOC(C1)C1(O)CC2[NH2+]C1CC2.O=C([O-])C=CC(=O)[O-],P2/c,False,293.0,highT,CC1=NOC(C1)C1(O)CC2[NH2+]C1CC2,O=C([O-])C=CC(=O)[O-]
PUKPUI,PUKPUI,295 K,FC(F)(F)S(=O)(=O)[O-].C1OC2C(OCC2[n+]2ccccc2)C1[n+]1ccccc1,P212121,False,295.0,highT,FC(F)(F)S(=O)(=O)[O-],C1OC2C(OCC2[n+]2ccccc2)C1[n+]1ccccc1
LARXEK,LARXEK,298 K,OC(=O)C=CC(=O)[O-].CCC([NH2+]CC[NH2+]C(CC)CO)CO,P212121,False,298.0,highT,OC(=O)C=CC(=O)[O-],CCC([NH2+]CC[NH2+]C(CC)CO)CO
INIHUL,INIHUL,295 K,[NH3+]c1cc(ccc1O)C1=[NH+]CCCCN1.CS(=O)(=O)[O-],P-1,False,295.0,highT,[NH3+]c1cc(ccc1O)C1=[NH+]CCCCN1,CS(=O)(=O)[O-]
JOBZUY,JOBZUY,293 K,CN1CC(=O)NC1=[NH2+].OC(=O)C=CC(O)=O.O=C([O-])C=CC(=O)[O-],P21/c,False,293.0,highT,CN1CC(=O)NC1=[NH2+],OC(=O)C=CC(O)=O
LARXAG,LARXAG,293.4 K,OC(=O)C(=O)[O-].CCC([NH2+]CC[NH2+]C(CC)CO)CO,P21212,False,293.0,highT,OC(=O)C(=O)[O-],CCC([NH2+]CC[NH2+]C(CC)CO)CO
TEKREK,TEKREK,273.1 K,CN(C)c1cc[n+](cc1)S(=O)[n+]1ccc(cc1)N(C)C.FC(F)(F)S(=O)(=O)[O-],P-1,False,273.0,highT,CN(C)c1cc[n+](cc1)S(=O)[n+]1ccc(cc1)N(C)C,FC(F)(F)S(=O)(=O)[O-]
DUJKOK,DUJKOK,293 K,OC(=O)C(=O)[O-].OCC[NH+]1CC[NH2+]CC1,P1,False,293.0,highT,OC(=O)C(=O)[O-],OCC[NH+]1CC[NH2+]CC1
LICMUH,LICMUH,at 298 K,[NH3+]c1cc(Cl)ccc1O.O=C([O-])C=CC(=O)[O-],P21/c,False,298.0,highT,[NH3+]c1cc(Cl)ccc1O,O=C([O-])C=CC(=O)[O-]
EHOVIG,EHOVIG,at 293 K,COC(=O)c1cc(cc[n+]1C)c1cc[n+](C)c(c1)C(=O)OC.FC(F)(F)S(=O)(=O)[O-],P21,False,293.0,highT,COC(=O)c1cc(cc[n+]1C)c1cc[n+](C)c(c1)C(=O)OC,FC(F)(F)S(=O)(=O)[O-]
OJUHAE,OJUHAE,296 K,FC(F)(F)S(=O)(=O)[O-].C1C[N+]2(CCO1)CC[N+]1(CCOCC1)CC2,P21/n,False,296.0,highT,FC(F)(F)S(=O)(=O)[O-],C1C[N+]2(CCO1)CC[N+]1(CCOCC1)CC2
WEWCOT,WEWCOT,298 K,FC(F)(F)C(=O)[O-].[NH3+]c1ccccc1SSc1ccccc1[NH3+],C2/c,False,298.0,highT,FC(F)(F)C(=O)[O-],[NH3+]c1ccccc1SSc1ccccc1[NH3+]
QICJUK,QICJUK,293.0 K,[NH3+]NC(=O)c1cc[nH+]cc1.CS(=O)(=O)[O-],P-1,False,293.0,highT,[NH3+]NC(=O)c1cc[nH+]cc1,CS(=O)(=O)[O-]
QEYTOF,QEYTOF,at 293 K,C[NH+]1CC[N+](C)(CC1)CC(O)=O.OC1=C([O-])C(=O)C1=O,P21/c,False,293.0,highT,C[NH+]1CC[N+](C)(CC1)CC(O)=O,OC1=C([O-])C(=O)C1=O
ULUFIQ,ULUFIQ,at 293 K,OC(=O)c1ccc(OCCCCCC#N)cc1.OC(=O)c1ccc(OCCCCC#N)cc1,Pc,False,293.0,highT,OC(=O)c1ccc(OCCCCCC#N)cc1,OC(=O)c1ccc(OCCCCC#N)cc1
ROYDAN,ROYDAN,296 K,FC(F)(F)S(=O)(=O)[O-].CC(C)(C)c1cc2S[S+][N]c2c2S[S+][N]c12,P-1,False,296.0,highT,FC(F)(F)S(=O)(=O)[O-],CC(C)(C)c1cc2S[S+][N]c2c2S[S+][N]c12
