Drug_ID,Drug,Y
CECPUY,OC1=C(Cl)C(=O)C(=C(Cl)C1=O)[O-].Cc1c[nH+]cc(C)c1,0
CECRIO,OC1=C(Cl)C(=O)C(=C(Cl)C1=O)[O-].Cc1cc([nH+]c(c1)C(C)(C)C)C(C)(C)C,0
CECXEQ,OC1=C(Cl)C(=O)C(=C(Cl)C1=O)[O-].Cc1[nH+]cccc1C,0
DOJKIY,OC1=C(Cl)C(=O)C(=C(Cl)C1=O)[O-].CC1=CC(=[NH+]N1)C,0
EJOMIB,OC1=C(Cl)C(=O)C(=C(Cl)C1=O)[O-].C[NH+](C)c1cccc2cccc(N(C)C)c12,0
GINKUK,OC1=C(Cl)C(=O)C(=C(Cl)C1=O)O.c1ccc2nccnc2c1,0
HOLPEE,OC1=C(Cl)C(=O)C(=C(Cl)C1=O)[O-].OC(=O)c1[nH+]cccc1,0
HUFZUE,OC1=C(Cl)C(=O)C(=C(Cl)C1=O)O.O=C1CC2(CCCCC2)CN1,0
KOQGEC,OC1=C(Cl)C(=O)C(=C(Cl)C1=O)[O-].[NH3+]CC,0
MAKTEB,ClC1=C([O-])C(=O)C(=C([O-])C1=O)Cl.COc1ccccc1[NH+]1CC[NH2+]CC1,0
MAMPUM01,OC1=C(Cl)C(=O)C(=C(Cl)C1=O)O.c1ccc2nc3ccccc3nc2c1,0
MOGBIV,OC1=C(Cl)C(=O)C(=C(Cl)C1=O)[O-].[nH+]1cccc2ncccc12,0
NUYCEQ,Cc1[nH+]cccc1.OC1=C(Cl)C(=O)C(=C(Cl)C1=O)[O-],0
NUYCEQ01,Cc1[nH+]cccc1.OC1=C(Cl)C(=O)C(=C(Cl)C1=O)[O-],0
NUYDER,OC1=C(Cl)C(=O)C(=C(Cl)C1=O)[O-].C[NH2+]C,0
ODIHIU,OC1=C(Cl)C(=O)C(=C(Cl)C1=O)O.O=C1CCCN1,0
OMIXIR,OC1=C(Cl)C(=O)C(=C(Cl)C1=O)[O-].[NH2+]1CCCCC1,0
PAGXOL,OC1=C(Cl)C(=O)C(=C(Cl)C1=O)[O-].[NH2+]1CCCc2ccccc12,0
POVZEG,OC1=C(Cl)C(=O)C(=C(Cl)C1=O)[O-].NC(=O)c1[nH+]cccc1,0
SADTIC03,OC1=C(Cl)C(=O)C(=C(Cl)C1=O)O.O=C1CCCN1,0
SADTIC09,OC1=C(Cl)C(=O)C(=C(Cl)C1=O)O.O=C1CCCN1,0
SADTOI,OC1=C(Cl)C(=O)C(=C(Cl)C1=O)O.O=C1CCCCN1,0
SEYHEM,Cc1cnccn1.OC1=C(Cl)C(=O)C(=C(Cl)C1=O)O,0
SEYHOW,OC1=C(Cl)C(=O)C(=C(Cl)C1=O)[O-].Cc1[nH+]cc(C)nc1C,0
SIYCAF,Cc1[nH+]c2c(cc1)ccc1ccc(C)nc21.OC1=C(Cl)C(=O)C(=C(Cl)C1=O)[O-],0
SOHXIY,CN1C(=C(O)c2ccccc2S1(=O)=O)C(=O)Nc1[nH+]cccc1.OC1=C(Cl)C(=O)C(=C(Cl)C1=O)[O-],0
SOHXIY01,CN1C(=C(O)c2ccccc2S1(=O)=O)C(=O)Nc1[nH+]cccc1.OC1=C(Cl)C(=O)C(=C(Cl)C1=O)[O-],0
UMIQIR,OC1=C(Cl)C(=O)C(=C(Cl)C1=O)O.Cc1cnc(C)cn1,0
UVUSEK,OC1=C(Cl)C(=O)C(=C(Cl)C1=O)[O-].Cc1[nH+]cnc(C)c1,0
UWUJOM,OC1=C(Cl)C(=O)C(=C(Cl)C1=O)[O-].Cc1cc[nH+]c(c1)c1cc(C)ccn1,0
UWUJUS,OC1=C(Cl)C(=O)C(=C(Cl)C1=O)[O-].Cc1c[nH+]c(cc1)c1ccc(C)cn1,0
UWUJUS01,OC1=C(Cl)C(=O)C(=C(Cl)C1=O)[O-].Cc1c[nH+]c(cc1)c1ccc(C)cn1,0
UWUJUS02,OC1=C(Cl)C(=O)C(=C(Cl)C1=O)[O-].Cc1c[nH+]c(cc1)c1ccc(C)cn1,0
UWUKAZ01,OC1=C(Cl)C(=O)C(=C(Cl)C1=O)[O-].Cc1[nH+]c(ccc1)c1cccc(C)n1,0
UWUKAZ03,OC1=C(Cl)C(=O)C(=C(Cl)C1=O)[O-].Cc1[nH+]c(ccc1)c1cccc(C)n1,0
VAQHUS,OC1=C(Cl)C(=O)C(=C(Cl)C1=O)[O-].CC(C)(C)c1cc[nH+]c(c1)c1cc(ccn1)C(C)(C)C,0
VIPYAX,OC1=C(Cl)C(=O)C(=C(Cl)C1=O)O.O=C1NCCN1,0
WADVAA,OC1=C(Cl)C(=O)C(=C(Cl)C1=O)[O-].CC[NH+](CC)CC,0
WATREP,OC1=C(Cl)C(=O)C(=C(Cl)C1=O)O.Cc1nc(C)c(C)nc1C,0
WOGWUL,OC1=C(Cl)C(=O)C(=C(Cl)C1=O)[O-].[nH+]1ccccn1,0
WUXYUJ01,OC1=C(Cl)C(=O)C(=C(Cl)C1=O)[O-].Cc1[nH+]ccc(C)c1,0
WUXZAQ,OC1=C(Cl)C(=O)C(=C(Cl)C1=O)[O-].Cc1[nH+]cc(C)cc1,0
WUXZEU,OC1=C(Cl)C(=O)C(=C(Cl)C1=O)[O-].Cc1[nH+]c(C)ccc1,0
WUXZIY,OC1=C(Cl)C(=O)C(=C(Cl)C1=O)[O-].Cc1c[nH+]ccc1C,0
CADPAB,[NH3+]C(CC(C)C)C(O)=O.OC1=C(Cl)C(=O)C(=C(Cl)C1=O)[O-],1
MAMPUM02,OC1=C(Cl)C(=O)C(=C(Cl)C1=O)O.c1ccc2nc3ccccc3nc2c1,1
PAZHOO,OC1=C(Cl)C(=O)C(=C(Cl)C1=O)[O-].OC(=O)c1c[nH+]ccc1,1
POVZIK,OC1=C(Cl)C(=O)C(=C(Cl)C1=O)[O-].NC(=O)c1c[nH+]ccc1,1
TASLUY,OC1=C(Cl)C(=O)C(=C(Cl)C1=O)[O-].Cc1[nH+]c2c(O)cccc2cc1,1
TIVDAF,OC1=C(Cl)C(=O)C(=C(Cl)C1=O)[O-].[nH+]1ccccc1c1nccnc1c1ccccn1,1
UWUKAZ,OC1=C(Cl)C(=O)C(=C(Cl)C1=O)[O-].Cc1[nH+]c(ccc1)c1cccc(C)n1,1
SOMDOO,OC1=C(Cl)C(=O)C(=C(Cl)C1=O)[O-].[nH+]1ccccc1c1nc(c2[nH+]cccc2)c(nc1c1ccccn1)c1ccccn1,1
ACEWIP,ClC1=C([O-])C(=O)C(=C([O-])C1=O)Cl.Cc1[nH+]c(C)cc(C)c1,0
ACOJIO,OC1=C(Cl)C(=O)C(=C(Cl)C1=O)O.O=C1NC=CC=C1,0
ACOJOU,ClC1=C([O-])C(=O)C(=C([O-])C1=O)Cl.Oc1c[nH+]ccc1,0
AZUBUT,ClC1=C([O-])C(=O)C(=C([O-])C1=O)Cl.N[C+](N)N,0
BANQIU,ClC1=C([O-])C(=O)C(=C([O-])C1=O)Cl.Oc1ccccc1C1=[NH+]c2ccccc2N1,0
CAHKUS,ClC1=C([O-])C(=O)C(=C([O-])C1=O)Cl.[nH+]1ccc(cc1)c1ccccn1,0
CAHLIH,ClC1=C([O-])C(=O)C(=C([O-])C1=O)Cl.[nH+]1ccc(cc1)C=Cc1cc[nH+]cc1,0
CAVYED,OC1=C(Cl)C(=O)C(=C(Cl)C1=O)O.c1cncnc1,0
CECXIU,ClC1=C([O-])C(=O)C(=C([O-])C1=O)Cl.Cc1[nH+]cccc1C,0
CECXIU01,ClC1=C([O-])C(=O)C(=C([O-])C1=O)Cl.Cc1[nH+]cccc1C,0
CECYIV,ClC1=C([O-])C(=O)C(=C([O-])C1=O)Cl.Cc1[nH+]ccc(C)c1,0
CECZIW,ClC1=C([O-])C(=O)C(=C([O-])C1=O)Cl.Cc1[nH+]cc(C)cc1,0
CEDBIZ,ClC1=C([O-])C(=O)C(=C([O-])C1=O)Cl.Cc1[nH+]c(C)ccc1,0
CIPSUQ,OC1=C(Cl)C(=O)C(=C(Cl)C1=O)[O-].OC1=C(Cl)C(=O)C(=C(Cl)C1=O)[O-].[NH2+]1CCC(CC1)C1CC[NH2+]CC1,0
CUWPAO,OC1=C(Cl)C(=O)C(=C(Cl)C1=O)O.O=C1Nc2ccccc2NC1=O,0
CUWPOC,OC1=C(Cl)C(=O)C(=C(Cl)C1=O)O.O=C1Nc2ccccc2N1,0
FIBCIC,ClC1=C([O-])C(=O)C(=C([O-])C1=O)Cl.[nH+]1ccc(cc1)c1cc[nH+]cc1,0
FIBDEZ,ClC1=C([O-])C(=O)C(=C([O-])C1=O)Cl.[nH+]1ccccc1C=Cc1[nH+]cccc1,0
IQIGUL,ClC1=C([O-])C(=O)C(=C([O-])C1=O)Cl.C1CSC2=C(S1)SC(S2)=C1SC=C(S1)C1=[NH+]C=CN1,0
IYESUA,ClC1=C([O-])C(=O)C(=C([O-])C1=O)Cl.[NH3+]c1ccccc1C,0
IYETAH,ClC1=C([O-])C(=O)C(=C([O-])C1=O)Cl.[NH3+]c1cccc(C)c1,0
IZIVUK,OC1=C(Cl)C(=O)C(=C(Cl)C1=O)O.O=C([O-])c1[nH+]c2ccccc2cc1,0
JAXMEB,ClC1=C([O-])C(=O)C(=C([O-])C1=O)Cl.CC1=CNC=[NH+]1,0
MEJYIM,ClC1=C([O-])C(=O)C(=C([O-])C1=O)Cl.Cc1c[nH+]c(cc1)c1[nH+]cc(C)cc1,0
NAMZOT,Nc1ccc(cc1)N(=O)=O.OC1=C(Cl)C(=O)C(=C(Cl)C1=O)O,0
NINTIP,ClC1=C([O-])C(=O)C(=C([O-])C1=O)Cl.CC[NH+](CC)CC,0
NUYBOZ,ClC1=C([O-])C(=O)C(=C([O-])C1=O)Cl.Cc1[nH+]cccc1,0
NUYBUF,c1ccc2c(c1)nnc1ccccc21.OC1=C(Cl)C(=O)C(=C(Cl)C1=O)O,0
NUYCAM,ClC1=C([O-])C(=O)C(=C([O-])C1=O)Cl.C[NH2+]C,0
ODAVUL,ClC1=C([O-])C(=O)C(=C([O-])C1=O)Cl.[NH2+]1CCCCC1,0
QIKGAS,ClC1=C([O-])C(=O)C(=C([O-])C1=O)Cl.N1[NH+]=CC=C1,0
SADTIC,OC1=C(Cl)C(=O)C(=C(Cl)C1=O)O.O=C1CCCN1,0
TANFAS,OC1=C(Cl)C(=O)C(=C(Cl)C1=O)O.O=P(c1ccccc1)(c1ccccc1)c1ccccc1,0
TIVDOT,ClC1=C([O-])C(=O)C(=C([O-])C1=O)Cl.[nH+]1ccccc1c1nccnc1c1[nH+]cccc1,0
UWUKAZ02,ClC1=C([O-])C(=O)C(=C([O-])C1=O)Cl.Cc1[nH+]c(ccc1)c1[nH+]c(C)ccc1,0
VIPYEB,OC1=C(Cl)C(=O)C(=C(Cl)C1=O)O.O=C1CNC(=O)N1,0
VURSUX01,ClC1=C([O-])C(=O)C(=C([O-])C1=O)Cl.Cc1cc[nH+]cc1,0
VURWAH,ClC1=C([O-])C(=O)C(=C([O-])C1=O)Cl.Cc1c[nH+]ccc1,0
WAKHAS,ClC1=C([O-])C(=O)C(=C([O-])C1=O)Cl.CC1=CC=[NH+]N1,0
XOJZIH,[NH3+]CCO.O=S(=O)([O-])c1ccc2ccccc2c1,0
SESLIM,Nc1ccc(cc1)C(O)=O.OC(=O)c1cccnc1,1
APEGIN,c1ccc(nc1)c1ccccn1.Oc1cc(O)c(Cl)cc1Cl,0
HINJUN,CC1=C(C=C(C#N)C(=O)N1)c1cc[nH+]cc1.Oc1ccc(F)cc1C(=O)[O-],0
ENAYEZ,CC(C)Cc1ccc(cc1)C(C)C(=O)[O-].[NH3+]CCc1ccc(O)cc1,0
DIGCAY,O=C(Nc1cc[nH+]cc1)Nc1cc[nH+]cc1.O=C([O-])CCCCC(=O)[O-],0
UNEZUI,CCCC(O)=O.NC(=O)N1c2ccccc2C=Cc2ccccc12,0
PEKRUU,OC(=O)c1cc(O)ccc1O.NC(=O)c1cccnc1,0
YOVMUU,CN1N(C(=O)C=C1C)c1ccccc1.OC(=O)C=CC(O)=O,0
LOFQIJ,OC(=O)c1nccnc1C(=O)[O-].NC(=O)NN=Cc1cc[nH+]cc1,0
NAFKAJ,FC(F)(F)C(=O)[O-].[NH3+]C1CC(N(C1)C(C)=O)C(=O)OC,1
ARAMEO,NC(N)=O.COC(=O)C=Cc1cccnc1,0
VAVKAH,C[NH+](C)C(C)C(O)c1ccccc1.OC(C(=O)[O-])c1ccccc1,1
HUTRAS,CCc1[nH+]ccc(c1)C(N)=S.OC(=O)CC(=O)[O-],0
GAXCIU,[NH3+]C(CCO)CCCCC.Brc1ccc(cc1)C(=O)[O-],0
MXTTCQ01,COc1cc2Sc3cc(OC)c(OC)cc3Sc2cc1OC.N#CC(C#N)=C1C=CC(C=C1)=C(C#N)C#N,0
NUPBEH,[2H]OC(=O)C(=O)[O-].[2H]N([2H])C(=O)c1ccncc1.[2H][n+]1ccc(cc1)C(N([2H])[2H])=O,0
TAPBUL,N#Cc1ccncc1.CC1=CC(=NO1)NS(=O)(=O)c1ccc(N)cc1,0
QEPJIF,CCC(=O)[O-].[NH3+]CCNc1ccc(cc1)N(=O)=O,0
VAXWAU,OC(=O)CCC(O)=O.c1cnccn1,0
ANIKEQ,Nc1ccc(cc1)S(=O)(=O)Nc1ncccn1.CN1CCCC1=O,0
TIXGEM,[NH3+]C(C)C(O)=O.O=N(=O)c1ccc(c(c1)N(=O)=O)S(=O)(=O)[O-],1
GESJOF,OB(O)c1ccc(cc1)C(O)=O.CC1=NN=C2CN=C(c3ccccc3)c3cc(Cl)ccc3N12,0
VELXES,BrN1C(=O)c2ccccc2C1=O.Cc1cncc(C)c1,0
AFICID,OC(=O)c1ccc2ccccc2c1c1c(ccc2ccccc12)C(O)=O.Cc1ccccn1,0
UBEGUF,Nc1[nH+]cccc1O.O=N(=O)c1cc(c([O-])c(c1)N(=O)=O)N(=O)=O,1
TIHFUM,Fc1cccc2C(=O)C(=O)Nc12.CS(C)=O,0
MEDBOO,Clc1ccccc1C(=O)[O-].[NH3+]CCc1ccc(O)cc1,0
WOQBOT,OC(=O)CCC(O)=O.c1ccc2nc3ccccc3nc2c1,0
AMEBUS,FC(F)(F)S(=O)(=O)[O-].FC(F)(F)C([N+]#N)=S1c2ccccc2c2ccccc12,0
QAGJUD,NC1=[NH+]c2ccccc2S1.O=C([O-])C1=CC=CS1,0
OVIGEG,OC(C(O)C(=O)[O-])C(O)=O.OC(=O)C1C[NH2+]CCC1,1
MENRAC,Nc1ccc(Br)cn1.Cc1ccccc1C(O)=O,0
WOBQIQ,OC(=O)C=CC1=CNC=[NH+]1.Oc1cc(O)cc(c1)C(=O)[O-],0
VAQSUC,OC(=O)CC(=C)C(=O)[O-].COc1cc(C)[nH+]c(N)n1,0
GUMHAZ,FC(F)(F)S(=O)(=O)[N-]S(=O)(=O)C(F)(F)F.O=C1CC[NH2+]CC1,0
XIBDIX,NC(=[NH2+])NC(N)=S.Oc1ccc(cc1O)C(=O)[O-],0
OSEGOL,NC(=O)c1ccc[n+](c1)C1OC(CO)C(O)C1O.OC(CC(O)=O)C(=O)[O-],1
IDAPUZ,CCCCCCCCCCC(O)=O.c1cnccn1,0
DIMCOV,c1cc(ccn1)c1ccncc1.OC(=O)c1ccc(Cl)nc1,0
ISEROQ,COc1c(Cl)ccc(Cl)c1C(=O)[O-].C[N+](C)(C)CC(O)=O.COc1c(Cl)ccc(Cl)c1C(O)=O,1
BOVWUG,OC(=O)c1ccc(F)c(F)c1F.C(Cc1ccncc1)c1ccncc1,0
XABMIZ,[NH2+]=C1NC=CS1.Oc1ccc(c(O)c1)C(=O)[O-],0
LATQOO,O=C1NS(=O)(=O)c2ccccc12.Cc1ccnc2N(C3CC3)c3ncccc3C(=O)Nc12,0
GOKCEQ,OC=O.c1cc(ccn1)c1ccncc1,1
POZPAY,OC(=O)c1ccc(O)cc1.OC(CN1C=NC=N1)(CN1C=NC=N1)c1ccc(F)cc1F,0
AFUHUG,NNC(=O)C1=C(O)c2ccccc2S(=O)(=O)N1.NNC(=O)C(=O)NN,0
JAQZEK,COc1cccc(c1)N1CC[NH2+]CC1.COc1cccc(c1)N1CCN(CC1)C(=O)[O-],0
GONQIL,Nc1nc(N)nc(N)n1.CS(C)=O,0
MOXVIF,OC(=O)c1ccc(O)cc1.NC(=O)N1c2ccccc2C=Cc2ccccc12,0
QOVLEV,Nc1[nH+]cc(Br)cc1.OC(C(=O)[O-])(c1ccccc1)c1ccccc1,0
FOVQOZ,OC(=O)c1cc(cc(c1[O-])N(=O)=O)N(=O)=O.COc1ccc(cc1)N1CC[NH2+]CC1,0
KUCGIA,Cc1ccccc1O.Nc1ccccc1F,0
LIGNIB,OC(=O)CCCCC(O)=O.NC1=Nc2ccccc2S1,0
LACTER,Nc1ccc(C(O)=O)c(O)c1.c1ccnnc1,0
JIYQEQ,Fc1cc(F)c([n+]2ccccc2)c(F)c1C#N.FC(F)(F)S(=O)(=O)[O-],0
DUSMAF,[NH3+]C(CCC(=O)[O-])C(=O)[O-].[NH3+]C(CCCNC(N)=[NH2+])C(=O)[O-],1
AXUFUV,c1ccc2c(c1)cnc1ccccc21.OC(=O)C=CC(O)=O,0
AWIJUM,NC(=[NH2+])NN=Cc1c(Cl)cc(O)cc1Cl.CC(=O)[O-],0
FAQVAV,Oc1ccc(cc1C(=O)[O-])N(=O)=O.[NH3+]CCO,0
KOVSIZ,OC(=O)CC(=CC(O)=O)C(O)=O.NC(=O)c1cnccn1,0
LUTDUR01,NC(N)=O.Cc1cccc(C)n1,0
MOXVIF01,OC(=O)c1ccc(O)cc1.NC(=O)N1c2ccccc2C=Cc2ccccc12,0
EWANEW,C1N2CN3CN1CN(C2)C3.Cc1cc(O)cc(O)c1,0
ATOMAY,[NH3+]CCc1ccc(O)c(O)c1.OC1=C([O-])C(=O)C1=O,0
JIYQIU,FC(F)(F)S(=O)(=O)[O-].Clc1cnc([n+]2ccccc2)c(Cl)n1,0
CAVYIH,OC1=C(Cl)C(=O)C(=C(Cl)C1=O)O.c1cnccn1,0
ROFPAE,CC(=O)[O-].CC1=C(C)[NH+]=C(N1)c1ccccc1O,0
NAWYIX,[NH3+]Cc1ccccc1O.Oc1ccc(cc1O)C(=O)[O-],0
VAVHUY,C[NH+](C)C(C)C(O)c1ccccc1.Oc1ccccc1C(=O)[O-],0
YIKMEM,[NH2+]=C(O)N1c2ccccc2CCc2ccccc12.CS(=O)(=O)[O-],0
QUQPEZ,Oc1cc(O)c(Cl)cc1Cl.COC(=O)C=Cc1cccnc1,0
AVIYAI,CC1=Nc2ccccc2OC(C)(C)C1.Nc1ccccc1O,0
YOTMUQ,[NH3+]C(CO)(CO)CO.ClC(Cl)C(=O)[O-],1
ASAVAU,C[N+]1=C(SCC1)SC[Si](C)(C)C.FC(F)(F)S(=O)(=O)[O-],0
YAJFIB,O=C1NS(=O)(=O)c2ccccc12.NC(=O)c1ccccc1F,0
RIVVEA,[NH3+]c1ccc(cc1)C(O)=O.O=C([O-])c1cnccn1,1
VORLAQ,CC1=[NH+]c2ccccc2C(=O)N1N.Cc1ccc(cc1)S(=O)(=O)[O-],1
IXUCEM,CN1C=NC2=C1C(=O)N(CCCCC(C)=O)C(=O)N2C.OC(=O)c1ccc(O)c(O)c1,1
SICQOM,[NH2+]1CCOCC1.Clc1ccc(cc1)C1=C(C#N)C(=O)NC(=C1C#N)[O-],0
NUQHUE,Cc1c(O)cccc1O.c1ccc2nc3ccccc3cc2c1,0
NANQID,O1C(=NN=C1c1cccnc1)c1cccnc1.OC(=O)c1ccc(cc1)C(O)=O,0
EVOWER,CN(C)C=O.OC(=O)c1cccc(C(O)=O)c1C(O)=O,0
PIRNUB,NC(=O)c1cc[nH+]cc1.Fc1c(F)c(F)c(c(F)c1F)C(=O)[O-],0
ENEPAQ,c1cc(ccn1)c1ccncc1.OC(=O)c1cc(Cl)cc(Cl)c1O,0
VIGFUO01,ON=C1CCCCC1=NO.C(Cc1ccncc1)c1ccncc1,0
UWUHEC,ClC(Cl)=C(NC(=O)Cc1ccccc1CC(=O)NC(C#N)=C(Cl)Cl)C#N.C1COCCO1,1
ADARIH,ON=C1CCCCC1.C1CCC(CC1)NC1CCCCC1,1
ABUHIO,c1ccc(nc1)C#Cc1ccccn1.OC1=C(Cl)C(=O)C(=C(Cl)C1=O)O,0
FOZLIQ,NC(NC1=N[N-]N=N1)=NN(=O)=O.[NH2+]=C1NC2NC(NC2N1)=NN(=O)=O,0
OTUVOQ,CC(=O)Nc1ccc(cc1)C(=O)[O-].C[NH+](C)CC(C)O.CC(=O)Nc1ccc(cc1)C(O)=O,0
DUJCER,OC1=C(Cl)C(=O)C(=C(Cl)C1=O)[O-].Oc1c[nH+]ccc1,0
YORGUH,CC(=O)NC1c2ccccc2C=Cc2ccccc12.C1COCCO1,0
RIBXAC,OC(=O)c1cccc(c1)C(=O)[O-].Oc1c[nH+]ccc1,0
XOXGUM,[NH3+]CCCCC([NH3+])C(=O)[O-].OC(=O)C(=O)[O-],0
TEZMUI,Nc1nc(N)nc(n1)c1ccccc1.OC(=O)c1ccccc1,1
RERNUA,NC1=[NH+]C(=O)NC=C1F.CS(=O)(=O)[O-],0
SAVMEK,OB(O)c1c[nH+]ccc1.OC(=O)c1cc(cc(c1)C(=O)[O-])C(O)=O,0
EBONAN,CN1C=CC(=O)C(=C1C)O.OC(=O)c1ccc(O)cc1,0
KICWEA,CCc1[nH+]c(N)nc(N)c1c1ccc(Cl)cc1.O=C1[N-]S(=O)(=O)c2ccccc12,0
XEDTIN,Oc1cc(O)c(Br)cc1Br.O1C(=Nc2ccccc12)C=Cc1ccccc1,0
UREWAQ,[NH3+]C(CO)(CO)CO.O=C[O-],0
DIVTAD,Nc1ccc(cc1)C(O)=O.CN1CCN(C)C1=O,0
RIFTUY,ClCP(=O)([O-])CCl.CCOC1OCc2c[nH+]c(C)c(O)c12,0
GUXVON,CC(=O)NC1=NN=C(S1)S(N)(=O)=O.c1cc(ccn1)N=Nc1ccncc1,0
DATFIP,CC(=O)NC1=NN=C(S1)S(N)(=O)=O.NC(=O)c1ccccn1,0
LAPFAL,Nc1[nH+]cccc1CO.O=C([O-])c1ccccc1C(=O)c1ccccc1,0
BEVZIP,OC(=O)CCC(O)=O.Nc1nc(N)nc(N)n1,0
TEPLUZ,OC(=O)c1cc(cc(c1)C(O)=O)C(O)=O.CCOc1ccccc1C(N)=O,0
GEHLOV,Cc1ccc(cc1)S(=O)(=O)[O-].C[NH2+]C(C)C(O)c1ccccc1,0
ZARBOM,[NH3+]C(CCC(O)=O)C(O)=O.Cc1ccc(cc1)S(=O)(=O)[O-],1
WUKRAV,OC(=O)C(O)=O.c1cnc2ccc3ncccc3c2c1,0
XARQAK,CN(C)C=O.c1cc(nc(c1)N1C=NN=N1)N1C=NN=N1,0
PAGLAM,CC(C)N[C+](NC(C)C)Nc1ccc(F)cc1.FC(F)(F)S(=O)(=O)[O-],0
REFFEO,NC(=O)c1cc[nH+]cc1.O=P1([O-])Oc2ccc3ccccc3c2c2c(O1)ccc1ccccc21,0
FATFUF,Cc1ccc(cc1)S(=O)(=O)[O-].NN1N=NN(OCc2ccccc2)C1=[NH2+],0
WOYPIJ,FC(F)(F)C(=O)[O-].COc1cc(Cc2c[nH+]c(N)nc2N)cc(OC)c1OC,0
UKUJEQ,OC(O)(c1cccc(n1)C(O)(O)C(F)(F)F)C(F)(F)F.C1CCOC1,0
UGOWAQ,OC(=O)c1cc(O)cc(O)c1.O=C1CCC(=O)N1,0
LOYRIC,OC(=O)c1cccc(c1)C(O)=O.c1cc(ccn1)c1ccncc1,0
SUXVOW,c1cc(ccn1)c1ccncc1.OC(=O)c1ccccc1C(O)=O,0
ZAPFEE,NC1=[NH+]C(=O)NC=C1F.O=N(=O)c1cc(c([O-])c(c1)N(=O)=O)N(=O)=O,0
EWAQUP,Cc1cc(O)cc(O)c1.c1cnccn1,0
APAMEK,Oc1cc(O)cc(O)c1.O=C(C=Cc1ccncc1)C=Cc1ccncc1,0
UNITAN,OC(=O)c1ccc(C(O)=O)c(c1)C(O)=O.CN1C=NC2=C1C(=O)N(C)C(=O)N2C,0
KAGPUH,OC(=O)c1cc(ccc1O)S(=O)(=O)[O-].NC(=O)c1cc[nH+]cc1.NC(=O)c1ccncc1,0
EPUHIJ,NC1=[NH+]c2ccccc2S1.ClC(Cl)(Cl)C(=O)[O-],0
PETNEJ,ON=Cc1c(F)c(F)c(Br)c(F)c1F.c1cc(ccn1)N=Nc1ccncc1,0
PIXVEZ,Cc1ccc(cc1)S(=O)(=O)[O-].[NH3+]c1ccc(cc1)S(=O)(=O)c1ccc(N)cc1,0
HUTRIA,CCc1[nH+]ccc(c1)C(N)=S.OC(C(O)C(O)=O)C(O)=O.OC(C(O)C(=O)[O-])C(O)=O.CCc1cc(ccn1)C(N)=S,1
OTIZEX,OCCCCCCCCCCO.NC(N)=O,0
MEXMUB,NC(=O)N1c2ccccc2C=Cc2ccccc12.COc1ccc(C(C)=O)c(O)c1,0
HABNON,CC1OC(CC1O)C[N+](C)(C)C.O=N(=O)c1cc(c([O-])c(c1)N(=O)=O)N(=O)=O,0
QUBQOT,CC1=CC(=CC(=O)O1)OCc1cccc2ccccc12.O=C1NC(=O)C=C1,0
JUNDAA,CC[NH+](CC)CCO.Nc1ccc(cc1)C(=O)[O-],1
FEFYEW,NS(=O)(=O)c1cc(C(O)=O)c(NCC2=CC=CO2)cc1Cl.CN1C=NC2=C1C(=O)N(CCCCC(C)=O)C(=O)N2C,0
SEPREK,O=C(NCc1ccncc1)C(=O)NCc1ccncc1.OCCNC(=O)C(=O)NCCO,0
ABEQUU,[NH3+]CCC(=O)[O-].[NH3+]CCC(O)=O.O=N(=O)c1cc(c([O-])c(c1)N(=O)=O)N(=O)=O,0
KEXZOD,OCCCCCCCCCCO.Nc1ccc(N)cc1,0
KAZCUK,c1ccccc1.ON=C(c1ccccc1)c1cc(Br)ccc1NC(=O)C=C,0
ULAZEM,Oc1cc(O)cc(O)c1.OCCN1C(=O)c2ccccc2C1=O,0
TOQPEX,NC(=S)NN=Cc1cc[nH+]cc1.CN(C)C=O.OC(=O)c1cc(cc(c1)C(=O)[O-])C(O)=O,0
OTUDUD,CC(C)O.ON=C1C(=O)c2ccccc2C1=NO,0
MOZCEK,OC(=O)c1cc(O)cc(O)c1.CN1C=NC2=C1C(=O)N(C)C(=O)N2C,0
JUFVAJ,OCC1[NH2+]CCC1.OB1OB(O)O[B-]2(O1)OB(O)OB(O)O2,1
EPUPUB01,c1cc(ccn1)c1ccncc1.OC(=O)c1ccc(O)cc1,0
NUMYUS,Fc1c(F)c(F)c(N=Cc2ccncc2)c(F)c1F.OC(=O)c1ccccc1,0
COSKUT,NNC(=O)c1ccncc1.COc1cc(cc(OC)c1O)C(O)=O,0
WOPPOH,c1cc(ccn1)C=Cc1ccncc1.Oc1cc(O)c(Cl)cc1Cl,0
KIHYAC,c1cc(ccn1)c1ccncc1.Oc1ccc(cc1)C#N,0
XOMTUP02,Cc1ccc(cc1)S(=O)(=O)[O-].C[NH2+]CC(O)=O,0
GUQLAH,O=S(=O)([O-])c1cccc2c1cccc2S(=O)(=O)[O-].[NH3+]C(CC1=C[NH+]=CN1)C(O)=O,1
DUNWIU,c1cc(ccn1)C=Cc1ccncc1.OC(=O)c1cccc(O)c1O,0
TICREE,Cc1ccncc1.Nc1ccc(cc1)S(=O)(=O)Nc1ncccn1,0
YOYYAP01,Oc1ccccc1C(=O)[O-].Oc1c[nH+]ccc1,0
KEKFOW,OC(=O)CN1C(=O)c2cc3C(=O)N(CC(O)=O)C(=O)c3cc2C1=O.CS(C)=O,0
NEBGIK,COc1ccccc1N1CC[NH2+]CC1.O=N(=O)c1cc(c([O-])c(c1)N(=O)=O)N(=O)=O,0
DAVPAS,OC(=O)c1cc(O)ccc1O.NC(=O)CN1CCCC1=O,0
KIJGAP,Oc1cc(O)cc(O)c1.CCOc1ccccc1C(N)=O,0
APAWOF,COc1cc2NC(=NS(=O)(=O)c2c(OC)c1)C(Cl)(Cl)Cl.CS(C)=O,0
FOBNIV,FC(F)(F)S(=O)(=O)[O-].[BH2-]1[N+]2=CC=CN2P(N2C=CC=[N+]12)c1ccccc1,1
LACBAS,OC(=O)CCC(=O)[O-].[NH3+]CC(=O)NC(CC1=C[NH+]=CN1)C(=O)[O-],1
MUPNOB,CN1C=NC2=C1C(=O)N(C)C(=O)N2C.OC(=O)c1cc(O)c(O)c(O)c1,0
RERCOK,NC(=[NH2+])NC1=NC(=CS1)CSCCC(N)=NS(N)(=O)=O.Oc1cccc(c1)C(=O)[O-],0
URANAD,Clc1ccc(cc1)S(=O)(=O)[O-].[NH3+]c1ccc(Cl)cc1Cl,0
PIPLOS,[NH3+]C(CO)(CO)CO.O=C([O-])c1ccncc1,0
WIVDUA05,OC1=C(Br)C(=O)C(=C(Br)C1=O)O.c1ccc2nc3ccccc3nc2c1,1
RAHZEH,C[Si](C)(C)N1C=C[N+](=C1)[Si](C)(C)C.FC(F)(F)S(=O)(=O)[O-],0
OQIYIX,OC(C(O)C(=O)[O-])C(O)=O.Oc1ccc2ccccc2c1C1[NH2+]CCC1,1
GULQOV,[NH3+]c1ccc(cc1)S(=O)(=O)N=C1NN=C(C)S1.OC(=O)C(=O)[O-],0
LUTPIC,CCCc1cc(ccn1)C(N)=S.OC(=O)c1ccccc1O,0
BASYUR,NC1=Nc2ccc(Br)cc2S1.OC(=O)c1ccc(cc1)C(O)=O,0
FEZXIT,c1ccccc1.COc1ccc(NS(=O)(=O)c2ccc3ccccc3c2)cc1,0
PAXDID,[NH3+]c1ccc(O)cc1.ClCC(=O)[O-],0
KEZFIG,[NH3+]CCO.Oc1ccc(cc1)C(=O)[O-],1
FEBSOX,NC(=O)c1ccncc1.NC(=O)c1cc[nH+]cc1.OC(=O)c1ccccc1N(=O)=O.O=C([O-])c1ccccc1N(=O)=O,0
GAVWOR,FC(F)(F)C(=O)[O-].COC(=O)C1=C(O)CC[NH2+]C1c1ccc(C)cc1,0
GULSIR,FC(F)(F)S(=O)(=O)[O-].O=C1CC[NH2+]CC1,0
NUHYEU,NC(N)=O.Nc1ccc(cc1)C(O)=O,0
ILIZOV,O=C1NC(=O)C=C(N1)C(=O)[O-].[NH3+]CCCC(O)=O,0
IMEGIR,[NH3+]C(C)C(O)=O.OC(=O)C(=O)[O-],0
ZAKSAI,OC(=O)C(O)=O.NC(=O)c1ccccc1O,0
NUJWIZ,Brc1ccc(CN2C=Nc3ccccc23)cc1.ON=C(C#N)c1ccc(Br)cc1,0
ZATHEL,Oc1cc(O)cc(O)c1.CN1C=CC(=O)C(=C1C)O,0
MORQEP,NC(N)=O.CCCCCCCCN,0
AJALEC,OC(=O)C=CC(O)=O.NC(=O)c1ccc(Cl)cc1,0
HEZXAM,[NH3+]CCO.OC(C(=O)[O-])c1ccccc1,0
SOBBAP,NS(=O)(=O)c1cc2c(NCNS2(=O)=O)cc1Cl.c1ccc2nc3ccccc3nc2c1,0
YETLUE,Oc1c[nH+]ccc1.OC(CC(O)=O)C(=O)[O-],0
LEKRUO,CC(=O)NC(Cc1ccccc1)C(=O)[O-].C[N+](C)(C)CCO,0
VUHZOQ,c1cc(ccn1)C=Cc1ccncc1.Cc1cc(O)cc(O)c1,0
ZOYCIB,NC(=O)c1ccncc1.COc1cc(ccc1O)C(O)=O,0
JOYJAK,Nc1ncccn1.OC(=O)CCCC(O)=O,0
LATLEY,OC(=O)CCC(O)=O.C(N1C=CN=C1)c1ccc(CN2C=CN=C2)cc1,0
ROMZUR,OC(=O)c1cccc(n1)C(O)=O.Cc1cc(C)nc(NS(=O)(=O)c2ccc(N)cc2)n1,0
CIHDOP,[NH2+]=C1NC(=O)N(C=C1)C1CSC(CO)O1.CC1=CC(=O)[N-]S(=O)(=O)O1,0
OFOKOK,c1cc(ccn1)c1ccncc1.Cc1ccc(cc1)C(O)=O,0
FEZWOA,[NH3+]CCN1CCOCC1.Cc1ccc(cc1)S(=O)(=O)[O-],0
PEFGEO03,OC(=O)c1cc(O)c(O)c(O)c1.CC(N)=O,0
CUSJAB,OC1CNC(=[NH+]C1)CCC1=[NH+]CC(O)CN1.O=C([O-])c1ccc(cc1)C(=O)[O-],0
KADGAY,COc1cc(Cc2c[nH+]c(N)nc2N)cc(OC)c1OC.O=C([O-])c1ccccc1N(=O)=O,0
DOHSID,Brc1ccc(cc1)S(=O)(=O)[N-]S(=O)(=O)c1ccc(Br)cc1.[NH3+]c1cccc(Br)c1,0
TAPJIF,FC(F)(F)S(=O)(=O)[O-].CCOC(=O)c1ccc[n+](CC(N)=O)c1,0
CAMWUJ,OC(=O)CC(=O)[O-].[NH3+]C(Cc1c[nH+]c[nH]1)C(=O)[O-],1
FADGEY,NNC(=O)c1ccncc1.OC(=O)CC(O)=O,0
HILPOI,Oc1c(cc(cc1N(=O)=O)N(=O)=O)C(=O)[O-].COc1cc(Cc2c[nH+]c(N)nc2N)cc(OC)c1OC,1
EZAQII,COc1cc(OC)nc(N)n1.OC(=O)C=CC(O)=O,0
XULCIT,FC(F)(F)S(=O)(=O)[O-].CC(C)[N+](=NNC(=O)C(=O)c1ccccc1)C(C)C,0
HUQXEY,OC(=O)c1cc(ccc1O)S(=O)(=O)[O-].[NH2+]=C(O)N1c2ccccc2C=Cc2ccccc12,0
ZEYDAK,NC1=[NH+]C(=O)NC=C1.O=N(=O)c1cccc(c1[O-])N(=O)=O,0
XONBUZ,OC(=O)C1=CC=C(Cl)S1.C(Cc1ccncc1)Cc1ccncc1,1
JODKOD,[NH2+]1CCOCC1.CC(CC(=O)c1ccccc1)C(=O)[O-],0
MODDIU,Nc1nc(N)nc(N)n1.CCC1(CC)C(=O)NC(=O)NC1=O,1
XABMAR,[NH2+]=C1NC=CS1.Oc1cccc(O)c1C(=O)[O-],0
RESHED,OC(=O)C=CC(O)=O.Cc1cncc(C)c1,0
REZPAP,OC(=O)C=CC(=O)[O-].[NH3+]C(CO)C(O)=O,0
EQAYOM,Cc1[nH+]c(C)c(Cl)c(N)n1.OC(=O)C1=CC=C(S1)C(=O)[O-],0
JOJXIS,OC(=O)c1cc(Cl)cc(Cl)c1O.Cc1cnc(C)c(C)n1,0
GESCEO,NC(=O)c1ccc(O)cc1.OC(=O)CCCCCCCCC(O)=O,0
ETECUE,OC(=O)C(=O)[O-].NC1=[NH+]C(=O)NC=C1Br,0
HAGZUL,OC(=O)C(=O)[O-].[NH3+]C(CC(C)C)C(O)=O,1
EZIDIB,OC(=O)C(O)=O.CC1=NN=C2CN=C(c3ccccc3)c3cc(Cl)ccc3N12,0
DUJCAN,OC(=O)C=CC(=O)[O-].NC1=NC(=O)NC=C1.NC1=[NH+]C(=O)NC=C1,0
FIVNEF,NC(N)=O.COc1cc(C=O)ccc1O,0
WOQBAF,c1ccc2nc3ccccc3nc2c1.CC(=CC(O)=O)C(O)=O,0
JIGKES,CCCN(CCC)S(=O)(=O)c1ccc(cc1)C(O)=O.c1cc(ccn1)N=Nc1ccncc1,0
QUVSAE,N#CC(C#N)=C(C#N)[C-](C#N)C#N.CN(C)N=NC1=C([NH+]=CN1)C(N)=O,0
LEXPIQ,NC(=O)N1c2ccccc2C=Cc2ccccc12.OC(=O)c1c2ccccc2cc2ccccc12,0
HOWLAH,N#Cc1cc(C#N)c(cc1C#N)C#N.COc1c(O)cc(C)c(O)c1OC,0
MOQGOP,CN(C)C(=O)N(C)C.Brc1ccc(cc1)S(=O)(=O)NS(=O)(=O)c1ccc(Br)cc1,0
IYEYES,C#CCC(C#C)[NH+]1CCOCC1.O=N(=O)c1cc(c([O-])c(c1)N(=O)=O)N(=O)=O,0
ICIMOX,[NH3+]CCO.O=C([O-])c1cc(cc(c1)N(=O)=O)N(=O)=O,0
RAXZEZ,CC(C)(c1ccc(O)cc1)c1ccc(O)cc1.c1cc(ccn1)N=Nc1ccncc1,0
VAVLUC,C[NH+](C)C(C)C(O)c1ccccc1.Cc1cccc(c1)C(=O)[O-],0
GAZTIO,COc1ccc(cc1OC)C(=O)[O-].CC1=C[NH+]=C(N)S1,0
NUWGUH,CC1(C)N(N=O)C(C)(C)c2ccccc12.ClC1=C(Cl)C(=O)C(=C(C#N)C1=O)C#N,1
WEFKOJ,c1ccc2cnccc2c1.Nc1cc(cc(c1)C(O)=O)C(O)=O,0
OTESAI,O=C1NS(=O)(=O)c2ccccc12.NC(=O)C1c2ccccc2CCc2ccccc12,0
ITARIH,Cc1cccc2SC(=Nc12)N.OC(=O)CCCCCCCCCCC(O)=O,0
PEQPOR,COc1ccc(cn1)c1cc(C)nc(N)n1.CN(C)c1ccc(cc1)C(O)=O,0
TUFPER,FC(F)(F)S(=O)(=O)[N-]S(=O)(=O)C(F)(F)F.CC1(C)CCCC(C)(C)[N+]1=O,0
ZIRWEG,[NH3+]CCc1ccc(O)c(O)c1.O=C([O-])c1ccccc1,0
VUGMOZ,Nc1ccc(C(O)=O)c(O)c1.Cc1cc(C)nc(NS(=O)(=O)c2ccc(N)cc2)n1,0
KEKNUN,OC(=O)c1ccc(F)cc1.NC1=Nc2ccccc2S1,0
VAVKOV,C[NH+](C)C(C)C(O)c1ccccc1.O=C([O-])c1cccc(c1)N(=O)=O,0
LATHOF,CN1N(C(=O)C=C1C)c1ccccc1.Nc1ccc(cc1)C(O)=O,1
OTIYUM,OCCCCCCO.NC(N)=O,0
PAMFIV,CC1=C(O)C(=O)C=CO1.OC(=O)c1cc(O)cc(c1)C(O)=O,0
VITXUR,OC(C(O)C(=O)[O-])C(O)=O.Oc1c[nH+]ccc1,1
ZIYFEV,NC1=[NH+]c2ccc(OC(F)(F)F)cc2S1.Oc1ccccc1C(=O)[O-],0
AMAYIZ,FC(F)(F)S(=O)(=O)[O-].CCOC(=O)C([N+]#N)=S1c2ccccc2c2ccccc12,0
XONBOT,OC(=O)C1=CC=CS1.c1cc(ccn1)c1ccncc1,0
EBIXEW,FC(F)(F)S(=O)(=O)[O-].Fc1c(F)c(F)c(c(F)c1F)[P+](F)(c1ccccn1)c1c(F)c(F)c(F)c(F)c1F,0
WUKRUP,FC(F)(F)S(=O)(=O)[O-].O=C(Oc1ccccc1)[n+]1cccc2ccccc12,0
MILKIF,OC(=O)c1ccc(O)cc1O.NC(N)=O,0
SOLFEG,OC(=O)c1ccc(O)cc1.N#Cc1ccncc1,0
FEYZAM,COc1ccc(NS(=O)(=O)c2ccc3ccccc3c2)cc1.Cc1ccc(C)cc1,0
RAPHAR,OC(=O)c1cc(cc(c1)C(O)=O)C(O)=O.c1cc(ccn1)c1ccncc1,0
OJUQER,O=C([O-])CCC1=NC(=C(O1)c1ccccc1)c1ccccc1.CC(C)(C)[NH2+]CC(O)c1ccc(O)c(CO)c1,0
EWAPIC,Cc1cc(O)cc(O)c1.CN(C)c1ccncc1,0
WEPLEJ,COC(=O)NC1=[NH+]c2ccccc2N1.O=S(=O)([O-])c1ccccc1,0
TETYOI,COC(=O)C(=O)Nc1ccccc1NC(=O)C(=O)OC.CS(C)=O,0
IWARUT,Oc1ccc2ccccc2c1c1c(O)ccc2ccccc12.Cc1ccc2ccccc2n1,1
TADRUM,NC1=[NH+]C(=CS1)C1=CSC(=[NH+]1)N.O=C([O-])C=CC(=O)[O-],0
NUQHAK,Cc1c(O)cccc1O.c1cc(ccn1)C=Cc1ccncc1,0
QADGEH,Nc1ccc2ccc3c(N)ccc4ccc1c2c34.BrC1=C(Br)C(=O)C(=C(Br)C1=O)Br,0
WAPQOV,O=C([O-])C=Cc1ccccc1.[NH3+]C(C(C)C)C(=O)OC,0
RIBZIP,[NH3+]Cc1ccccc1O.CCCC(=O)[O-],0
GOWBUP,CC(c1ccccc1)S(=O)(=O)[O-].[NH3+]C(CC(C)C)C(O)=O,1
WASPOV,[NH3+]C(CC(=O)[O-])C(=O)NC(Cc1ccccc1)C(=O)[O-].[NH3+]C(CC1=C[NH+]=CN1)C(=O)NCC(=O)[O-],1
CIBZAQ,OC(C(O)C(=O)[O-])C(O)=O.C[NH2+]CC(=O)[O-].C[NH2+]CC(O)=O,0
NUTVUT,OC(C(=O)[O-])c1ccccc1.CCC(O)(C(N)=[NH2+])c1ccccc1,1
DOWNIP,NC1=[NH+]C=CS1.O=C1[N-]S(=O)(=O)c2ccccc12,0
PAQNOO,[NH3+]c1ccc(O)cc1.CS(=O)(=O)[O-],0
LILFEU,CC1=CC(=O)N=C(N)N1.CC1=CC(=O)NC(=[NH+]1)N.OC(=O)CC(=O)[O-],0
BAYQOL,Clc1cccc(Cl)c1C(=O)[O-].Cc1cccc2SC(=[NH2+])Nc12,0
OWOJIV,CN(C)C(N)=S.C1COCCN1,0
KIDNIV,Cc1cc(CN2C=[NH+]C=C2)c(O)c(CN2C=CN=C2)c1.OC(=O)c1cccc(c1)C(=O)[O-],0
LEXKOS,CN1C(=O)NC(=O)C2=C1NC=[N+]2C.CS(=O)(=O)[O-],0
IVUPOF,C[NH+](C)C(C)C(O)c1ccccc1.OC(=O)CC(=O)[O-],0
BAVYEC,CN(C)C(=O)C1(C#N)C(C#N)(C#N)C1(C#N)C#N.C1COCCO1,0
NANQAV,OC(=O)c1cccc(c1)C(O)=O.O1C(=NN=C1c1cccnc1)c1cccnc1,0
UPEDUQ,OC(=O)CCCCC(O)=O.Nc1nc(N)nc(n1)c1ccc(Br)cc1,0
MADTAP,CC(=O)NC1=NN=C(S1)S(N)(=O)=O.NC(=O)c1cccnc1,0
YUPPEH,CCN1C=Nc2c(N)ncnc12.OC(=O)C=CC(O)=O,0
HETRAD,NS(=O)(=O)[O-].[NH3+]C(CC1=C[NH+]=CN1)C(=O)[O-],0
NEKNUQ,CCOc1ccc2[nH+]c3cc(N)ccc3c(N)c2c1.Brc1cccc(c1)C(=O)[O-],0
LEBWAR,C[NH+](C)CC(=C)Sc1ccccc1.OC(=O)C(=O)[O-],1
NAXBAT,[NH3+]Cc1ccccc1O.Cc1ccc(cc1)C(=O)[O-],0
OSEGUR,NC(=O)c1ccc[n+](c1)C1OC(CO)C(O)C1O.OC(CC(O)=O)C(=O)[O-],0
SOSBAD,OC(=O)CCC(O)=O.N#Cc1ccc(cc1)C(N1C=CN=C1)c1ccc(cc1)C#N,0
UKITAM,Cc1cccc2SC(=[NH2+])Nc12.ClC(Cl)(Cl)C(=O)[O-],0
QAJXUV,C1CCC2(C1)COC1=C3OCC4(CCCC4)[N+]3=CN21.FC(F)(F)S(=O)(=O)[O-],0
QEJHUI,NC1=NC(=C(N=[NH+]1)c1cccc(Cl)c1Cl)N.OCCS(=O)(=O)[O-],0
AGEJIF,CC1=NN(C)(C)[Si+]2(C)(O1)OC(=NN2(C)C)C.FC(F)(F)S(=O)(=O)[O-],0
UFEVIN,OC(=O)CCC(O)=O.NC(=O)c1ccc(N)cc1,0
VUXXAP,CCOc1ccc(cc1)C(O)=O.C(Cc1ccncc1)c1ccncc1,0
CATHOW,[NH3+]C(C(O)c1ccccc1)c1ccccc1.O=C([O-])C1=CC=CS1,0
PEFCAG,c1cc(ccn1)c1ccncc1.OC(=O)c1ccccc1Nc1ccccc1,0
EXEYIQ,OC(=O)C=Cc1ccccc1.Cc1cc(Cl)nc(N)n1,0
ADETOT,OC(=O)c1ccc(O)cc1.Cc1cc(C)nc(N)n1,1
TAKJUN,CC1(C)C2CCC1(CS(=O)(=O)[O-])C(=O)C2.[NH3+]C(CC1=CNc2ccccc12)C(O)=O,1
SMZTMP,COc1cc(Cc2cnc(N)nc2N)cc(OC)c1OC.CC1=CC(=NO1)NS(=O)(=O)c1ccc(N)cc1,0
JUKJII,CC(=NO)c1ccccc1.OC(=O)c1ccccc1,0
IPABOR,N#CC1=NN=N[N-]1.[NH3+]NC(N)=O,0
GIYDEZ,[NH3+]CC(=O)[O-].[NH3+]CC(O)=O.CS(=O)(=O)[O-],0
PORVAW,Cc1c(Cl)cccc1Nc1ccccc1C(=O)[O-].COc1cc(Cc2c[nH+]c(N)nc2N)cc(OC)c1OC,0
KUVXIL,O=C([O-])c1ccc(cc1N(=O)=O)N(=O)=O.[NH3+]c1ccc(Br)cc1,0
TOJQOZ,FC(F)(F)S(=O)(=O)[N-]S(=O)(=O)C(F)(F)F.CCOC(=O)C[N+]1(C)CCOCC1,0
AXUGOQ,OC(=O)c1cccc(c1)C(O)=O.c1ccc2c(c1)cnc1ccccc21,1
UZADOQ,C[N+]1=C(C)N(CCCS(O)(=O)=O)C=C1.FC(F)(F)S(=O)(=O)[O-],0
BAVJIT,C[N+](C)(N)CCl.O=N(=O)c1cc(c([O-])c(c1)N(=O)=O)N(=O)=O,0
FOBNOB,FC(F)(F)S(=O)(=O)[O-].C1[N+]2=CC=CN2P(N2C=CC=[N+]12)c1ccccc1,0
HUHQUZ,OC(=O)c1cc(cc(c1)C(O)=O)C(O)=O.CN1C=NC2=C1C(=O)N(C)C(=O)N2C,0
QEDTIE,NC(=O)c1ccncc1.NC(=O)c1cc[nH+]cc1.ClC(Cl)(Cl)C(=O)[O-],1
ZINYAA,CC1CC23C=CC(=O)CC2Nc2ccccc2C3=[NH+]1.Oc1ccccc1C(=O)[O-],0
LORWOF,COC(=O)c1cc(Cl)c(Cl)cc1C(O)=O.NC(=O)c1cc[nH+]cc1.OC(=O)c1cc(Cl)c(Cl)cc1C(=O)[O-],1
IWUHEN,CC(=O)NC1=NN(C(=O)C1)c1c(Cl)cc(Cl)cc1Cl.C1COCCO1,0
HUNXAP,C1COCCOc2ccccc2OCCOCCO1.NC1=NON=C1N,0
MEDHOU01,OC(C(=O)[O-])c1ccccc1.[NH3+]CCc1ccc(O)cc1,0
EYIXAL,OC1=C([O-])C(=O)C1=O.NC(=O)c1[nH+]cccc1,1
EGIQAO,OC(=O)c1ccc(O)cc1.NC(=O)c1ccccc1O,1
LISJOQ,CCCc1[nH+]ccc(c1)C(N)=S.Cc1ccc(cc1)S(=O)(=O)[O-],0
HAZMAA,C[NH2+]CCO.Clc1cc(ccc1C(=O)[O-])N(=O)=O,0
BUNHOJ,c1cc(ccn1)c1ccncc1.Oc1c(F)c(F)c(Br)c(F)c1F,0
WOBTIT,Oc1ccc(cc1O)C(=O)[O-].[NH3+]C(CC1=C[NH+]=CN1)C(=O)[O-],0
HIQZIS,O=N(=O)C1=N[N-]NN1.NC1=NC(=[NH2+])NC(=O)N1,1
ECEQEL,OC(=O)CNc1ccccc1C(O)=O.N#Cc1ccncc1,0
NUHYUK,NC(N)=O.OC(=O)c1cccc(n1)C(O)=O,0
LIJZEM,[NH3+]c1ccc(cc1)C(O)=O.ClC(Cl)(Cl)C(=O)[O-],0
COGJOZ,O1C(=CN=C1c1ccccc1)c1ccccc1.Oc1c(F)c(F)c(F)c(F)c1F,1
BASYIF,OC(C(O)C(=O)[O-])C(O)=O.[NH2+]=C1Nc2ccc(Br)cc2S1,1
NOJWIS,[NH3+]Cc1ccc(Cl)cc1.OC(CC(O)=O)C(=O)[O-],1
IXONEO,CC(O)(C(N)=[NH2+])c1ccccc1.OC(C(=O)[O-])c1ccccc1,0
KENCAK,OB(O)O.O=C1CCCN1CCOCCN1CCCC1=O,0
IPOPAF,FC(F)(F)S(=O)(=O)[O-].CCN1C=CC=CB1O[n+]1ccccc1,0
ZAPSUI,OC1=C(F)C(=O)C(=C(F)C1=O)O.O=C1CCCN1,0
HAMQEU,FC(F)(F)C(=O)[O-].[NH3+]c1ccc(OC)cc1,0
WUCDEG,FC(F)(F)S(=O)(=O)[O-].[NH3+]C(C(O)=O)c1ccccc1,0
DEYQUW,CCOc1ccccc1C(N)=O.COc1cc(C=CC(O)=O)cc(OC)c1O,0
IVUMAO,Cc1ccccc1C(=O)[O-].C[NH+](C)C(C)C(O)c1ccccc1,1
NUKXEX,CC(=O)N1CCN(CC1)C(C)=O.OC(=O)c1ccccc1O,0
LOFDER01,OC(=O)c1cc(ccc1O)S(=O)(=O)[O-].[NH3+]CC(O)=O,0
GOHHUG,Cc1[nH+]c(O)ccc1.CS(=O)(=O)[N-]S(C)(=O)=O.Cc1[nH+]c([O-])ccc1,0
JIFMAQ,OC(=O)C(=O)[O-].Oc1cccc2ccc[nH+]c12,0
UKOSET,CC(C)=NNC(=O)c1cccnc1.OC(=O)CCCCC(O)=O,0
DAHRAF,FC(F)(F)S(=O)(=O)[O-].CNC(=[OH+])N(C)CN(C)C(=O)NC,0
XUGBOT01,OC(C(=O)[O-])C(F)(F)F.[NH3+]C(CO)C(O)c1ccccc1,0
GEXTEK,O=C([O-])c1ccc2ccccc2c1.[NH3+]Cc1cccc(F)c1.OC(=O)c1ccc2ccccc2c1,0
NUSHIT,Nc1nc(N)nc(N)n1.OC(=O)CCCCC(O)=O,0
LEBVIB,Cc1ccc(cn1)C(N)=O.OC(=O)c1ccccc1c1ccccc1C(O)=O,0
XOKVIE,C1N2CN3CN1CN(C2)C3.OC(=O)c1cc(O)c(O)c(O)c1,0
ZEHFAT,Nc1ccc(N)cc1.Oc1ccc(cc1)C1(CCCCC1)c1ccc(O)cc1,0
LADBUP,Nc1[nH+]cc(Br)cc1.O=C([O-])c1ccc(cc1)N(=O)=O,0
OSEVOY,O=C([O-])c1ccc2ccccc2c1.[NH3+]C(C)c1ccc(OC)cc1,0
VAWPIT,NC1=[NH+]C(=O)N(C=C1)C1CSC(CO)O1.O=C1[N-]S(=O)(=O)c2ccccc12,0
KIDXEC,OC(=O)C(O)=O.CNC(=O)NC,0
AJUYIN,C1COCCOCCOCCO1.NC(=S)NNC(N)=S,0
ODUKUW,Oc1c(cc(cc1N(=O)=O)N(=O)=O)C(=O)[O-].CN(C)C=O.Nc1[nH+]nc(c(N)n1)c1cccc(Cl)c1Cl,0
REBXED,COc1cc(ccc1O)C(O)=O.NC(=O)c1cnccn1,0
ABULIU,NC(=O)c1cccnc1.Nc1ccc(cc1)C(O)=O,0
KOPJUW01,c1cc(ccn1)c1ccncc1.NC(N)=O,0
HIYREN,OC(C(=O)[O-])c1ccccc1.[NH3+]C(C)c1cccc(OC)c1,1
SAGGUE,OC(=O)C=CC(=O)[O-].Nc1[nH+]cc(Cl)cn1,0
MEGVID,OC(C(=O)[O-])c1ccc2ccccc2c1.[NH3+]C(C)c1cccc(OC)c1,0
NIJGOE,Nc1nc(N)nc(n1)c1ccccc1.OC(=O)C(O)=O,0
MOXVIF03,OC(=O)c1ccc(O)cc1.NC(=O)N1c2ccccc2C=Cc2ccccc12,1
LISKIL,CCCc1[nH+]ccc(c1)C(N)=S.OC(=O)c1ccccc1C(=O)[O-],0
AFEVEN,NC(=O)N1c2ccccc2CCc2ccccc12.NC=O,0
SEYWOJ,[NH3+]CC(O)=O.CS(=O)(=O)[O-],0
YESSUL,FC(F)(F)S(=O)(=O)[N-]S(=O)(=O)C(F)(F)F.C[N+](C)(C)CC(O)=O,0
DAYZOT,O1C(=NN=C1c1ccncc1)c1ccncc1.OC(=O)CC(O)=O,0
BOWKOO,OC(=O)C(=O)[O-].[NH3+]C(CS)C(O)=O,0
VAKTOS01,CCC(C(O)=O)C(O)=O.CCOc1ccccc1C(N)=O,0
TUPRBN01,NC(N)=S.O=C1NC(=O)C(=O)N1,0
TUQKEW,Nc1[nH+]cc(Cl)cc1.OC(=O)CC(=O)[O-],0
MIPNUY,FC(F)(F)S(=O)(=O)[O-].C[N+]1=NN(OCF)c2ccc(C)cc12,0
LATLIC,OC(=O)c1cccc(c1)C(O)=O.C(N1C=CN=C1)c1ccc(CN2C=CN=C2)cc1,0
XADTIF,OC(=O)C=CC(=O)[O-].[NH3+]C(CC1=C[NH+]=CN1)C(=O)[O-],1
OFUHOM,Nc1ncccn1.OCc1ccc(CO)cc1,0
UFUHAF,C[NH+]1CCC23CCCC1C2Oc1ccc(cc31)N(=O)=O.CC1(CS(=O)(=O)[O-])C2CCC1(C)C(=O)C2Br,0
RASBUJ,Oc1cc(O)cc(c1)C(c1ccccc1O)c1ccccc1O.C(Cc1ccncc1)c1ccncc1,0
TAZNAM,c1cnc2ncccc2c1.OB(O)C1=CC=C(S1)B(O)O,0
ZURFOJ,ClP(Cl)(=O)[O-].CC(C)c1[nH+]c(O)cc(Cl)n1,0
EVOWAN,OC(=O)c1cc(C(O)=O)c(cc1C(O)=O)C(O)=O.CN(C)C=O,0
ZIRWIK,O=C([O-])c1ccc(cc1)N(=O)=O.[NH3+]CCc1ccc(O)c(O)c1,0
BOQHOE,OC1=C(Cl)C(=O)C(=C(Cl)C1=O)O.c1cnccn1,0
CAFSAL,OC(=O)c1cc(Cl)ccc1O.CN1C=NC2=C1C(=O)N(C)C(=O)N2C,0
QAYBAW01,c1cc(ccn1)C=Cc1ccncc1.CNC(=S)NN=Cc1ccc(O)cc1O,0
QAXZAT,c1cc(ccn1)C=Cc1ccncc1.Oc1ccc(C=NNC(=S)Nc2ccccc2)c(O)c1,0
KIJFIW,CCOc1ccccc1C(N)=O.Oc1ccccc1O,0
RIGTOS,Oc1ccc2c(Oc3cc(O)ccc3C32OC(=O)c2ccccc32)c1.c1ccc2nc3ccccc3cc2c1,0
TOYLOI,NC(=O)C(=O)[O-].Nc1ccc(cn1)N(=O)=O.Nc1[nH+]cc(cc1)N(=O)=O,0
OQIWIX,c1cc(ccn1)C=Cc1ccncc1.Oc1cc(O)c2C(=O)C=C(Oc2c1)c1ccccc1,0
LATZOV,FC(F)(F)S(=O)(=O)[O-].F[N+]12CCC(CC1)CC2,0
FUSGUX,NS(=O)(=O)c1ccc(cc1)C(O)=O.O=C1CCCCCN1,0
HUJQIP,c1ccc2nc3ccccc3cc2c1.CC(C)c1ccc(C)cc1O,0
ZIBDOF,[O-]N1N=NN=C1C1=NN=NN1[O-].[NH3+]NC(=O)N[NH3+],0
ZEYDEO,[NH2+]=C1NC(=O)NC=C1.Cc1c(cc(cc1N(=O)=O)C(=O)[O-])N(=O)=O,0
QOYKAQ,[NH3+]CCCCC([NH3+])C(=O)[O-].OC(=O)CCCC(=O)[O-],1
QUWYEN,[NH3+]c1cc(Cl)ccc1Cl.O=N(=O)c1cc(c([O-])c(c1)N(=O)=O)N(=O)=O,1
XOLHUC,c1cc(ccn1)c1ccncc1.OC(=O)CCCCCC(O)=O,0
WIJNOS,O=C[O-].[NH3+]C(CCCNC(N)=[NH2+])C(=O)[O-],1
RELQAE,OC(C(O)C(=O)[O-])C(O)=O.Fc1ccc(cc1)N1CC[NH2+]CC1,0
NEWROX,CC(=O)NCc1ccncc1.OC(=O)C=CC(O)=O,0
FASJOA,O=C(CN1C=CN=C1)c1ccccc1.O=C([O-])c1ccc(cc1)N(=O)=O.O=C(CN1C=[NH+]C=C1)c1ccccc1.OC(=O)c1ccc(cc1)N(=O)=O,0
FOVREQ,OC(=O)C=CC(=O)[O-].COc1ccc(cc1)N1CC[NH2+]CC1,0
WOMQOE,CS(=O)(=O)OCC1CC2CC[NH+]1CC2C=C.CS(=O)(=O)[O-],1
TENSOW,OC(=O)c1cccc(c1)C(O)=O.c1cc(ccn1)c1cncnc1,0
LOWNUJ,Clc1ccc(cc1)C1=CSC(=N1)NC=O.NC1=NC(=CS1)c1ccc(Cl)cc1,0
BESZEH,Cc1nc(C)c(C)nc1C.Oc1cccc(O)c1Cl,1
FAHQUB,OC(=O)C(=O)[O-].COC(=O)C1CC[NH2+]C1c1ccccc1,1
SOLJAG,COc1ccc(cc1)C(O)=O.C(Cc1ccncc1)c1ccncc1,0
OREBIZ,Clc1ccc2Oc3ccccc3N=C(N3CC[NH2+]CC3)c2c1.OC(=O)C=CC(=O)[O-],0
HIDBUV,OC(=O)C=CC(=O)[O-].[NH3+]CC1(CCCCC1)CC(O)=O,0
ZUDSIC,Nc1nc(N)nc(N)n1.CN1CCCC1=O,0
LEWRAG,Nc1ncccn1.OC(=O)COc1ccccc1,1
JAKBAC,O=S(=O)(Nc1ccc(Oc2ccccc2)cc1)c1ccccc1.c1cc(ccn1)c1ccncc1,0
HAXYAJ,OC(=O)CCCCCCCC(=O)[O-].[NH3+]CCC(=O)NC(CC1=C[NH+]=CN1)C(=O)[O-],1
ACOSUH,[NH3+]C(C)c1ccc(F)cc1.CCP(=O)([S-])Oc1ccccc1,1
COZZUN,Oc1cccc(O)c1.Cc1nc(C)c(C)nc1C,0
VOHCEC,[NH3+]NC(=O)N[NH3+].[O-]N1N=NC(=N1)C1=NN=N[N-]1,0
KERQUV,OC(=O)C(Cl)(Cl)Cl.ClC(Cl)(Cl)C(=O)[O-].[NH3+]c1ccc(cc1C)N(=O)=O,0
XAVPOZ,OC(=O)c1cc(cc(c1)C(O)=O)C(O)=O.CN(C)C=O,0
IRUGEI,O=C1NC(=O)C=C1.Nc1nc(N)c(Cl)cc1Cl,0
YEKDUR,ON=C(CBr)C(CBr)=NO.C1COCCO1,0
UQEKAF,OCC(O)=O.NNC(=O)c1ccncc1,0
HIGFUZ,[O]n1ccc(cc1)C(=O)[O-].Nc1[nH+]cccc1O,0
KEFBED,OC(=O)CCC(O)=O.CC(=O)Nc1ccccn1,0
SAQKON,CC[n+]1cccc(O)c1.OC1=C([O-])C(=O)C1=O,0
UBEHIU,OC(=O)c1[nH+]cccc1.O=N(=O)c1cc(c([O-])c(c1)N(=O)=O)N(=O)=O,0
KEQPEC,OC1=C(Cl)C(=O)C(=C(Cl)C1=O)[O-].NC1=[NH+]C(=O)NC=C1,0
XONBIN,c1cc(ccn1)c1ccncc1.OC(=O)C1=CC=C(Cl)S1,0
VAVJOU,OC(C(O)C(=O)[O-])C(O)=O.C[NH+](C)C(C)C(O)c1ccccc1,1
XAXPUH,OC(=O)c1c(Cl)c(Cl)c(Cl)c(Cl)c1C(O)=O.NC(=O)C=Cc1ccccc1,0
QIJJIF,CS(C)=O.[NH3+]CCNC(=O)C(=O)NCC[NH3+].OC(=O)c1cc(cc(c1)C(=O)[O-])C(=O)[O-],0
ZAMNAG,C[N+]1=C(Sc2ccccc12)C1CCCO1.FC(F)(F)S(=O)(=O)[O-],0
LEJSEB,CN1C=CN(C)C1=C1C(=O)c2ccccc2c2ccccc12.C1CCOC1,0
LATQUU02,OC(=O)c1ccccc1O.Cc1ccnc2N(C3CC3)c3ncccc3C(=O)Nc12,0
QAMREC,Oc1ccc(O)cc1.C1COCCN1,0
FICYEX,Cc1ccc(cc1)c1nc(N)nc(N)n1.OC(=O)c1ccccc1,0
TIXGOW,[NH3+]C(CO)C(O)=O.Oc1ccc(cc1)S(=O)(=O)[O-],1
LAHHEL,OC(=O)Cc1ccc(O)c(O)c1.NC(=O)c1ccncc1,0
VELXAO,C1CN2CCN1CC2.BrN1C(=O)c2ccccc2C1=O,0
BULVAH,N#Cc1ccncc1.Oc1c(F)c(F)c(Br)c(F)c1F,0
BOPDAO,C1Cc2cc3cccnc3c3c4ncccc4cc1c23.Oc1ccccc1,0
UTAQUE,COC(=O)c1ccc2ccccc2n1.OC(C(F)(F)F)C(F)(F)F,0
VIWBAE,CC(=O)NC(=O)c1ccccc1.O=P(c1ccccc1)(c1ccccc1)c1ccccc1,0
XAQQUC,c1cc(ccn1)c1ccncc1.NC(=O)N1c2ccccc2C=Cc2ccccc12,0
GUNPIC10,NC1=NC2=C([NH+]=CN2)C(=O)N1.O=N(=O)c1cc(c([O-])c(c1)N(=O)=O)N(=O)=O,0
POZCOZ,Cc1ccnc2N(C3CC3)c3ncccc3C(=O)Nc12.OC(=O)c1ccc(O)cc1,0
OQIFEB,Nc1nc(N)nc(N)n1.OC(=O)Cc1ccc(Cl)cc1,0
XONQIC,Nc1cccc(Cl)n1.OC(=O)c1cccc(Cl)c1,0
HIDCAC,OC(=O)C=CC(=O)[O-].[NH3+]CC(CC(C)C)CC(O)=O,1
MOXXUV,[NH3+]C(C(O)c1ccccc1)c1ccccc1.OC(C(=O)[O-])c1cccc(Cl)c1,1
QILNAE,C[N+](C)(CCO)CCF.Cc1ccc(cc1)S(=O)(=O)[O-],0
EFUXOT,O=N(=O)c1ccccc1[N+]#N.Cc1ccc(cc1)S(=O)(=O)[O-],0
VEDLOI,C(N1C=CN=C1)N1C=CN=C1.OC(=O)CCCCCCC(O)=O,0
KAXMAB,CCc1nc(N)nc(N)c1c1ccc(Cl)cc1.OC(=O)CCCCCCCCC(O)=O,0
XAQQIQ,OC(=O)c1cccc(O)c1.NC(=O)c1cccnc1,0
SEWHEL,ON=C(Cc1ccc(O)c(Br)c1)C(=O)NCCSC#N.CCOC(C)=O,0
ZIHZUP01,OC1C[NH+]2CCC1CC2.CS(=O)(=O)[O-],0
OKIQAA,[NH3+]C1C(O)Cc2ccccc12.COc1ccc2cc(ccc2c1)C(C)C(=O)[O-],1
JAMQOG,FC(F)(F)S(=O)(=O)[O-].CN(C)C(=[NH2+])ON=C(N)c1ccccc1,0
WAWDEE,c1cncnc1.Oc1cccc(O)c1O,0
UBILAW,CCC(C)=NNC(=O)c1ccncc1.OC(=O)c1ccccc1O,0
PIQPAK,OC1=[NH+]CCCCC1.CS(=O)(=O)[O-],0
JIYPOZ,FC(F)(F)S(=O)(=O)O[n+]1ccccc1.FC(F)(F)S(=O)(=O)[O-],0
ZIPYEG,COc1[nH+]c(N)nc(OC)c1.O=C([O-])c1cnccn1,0
DEKXIC,OC(=O)c1cccc(n1)C(=O)[O-].NC(=O)C1CC[NH2+]CC1,0
QIPRAL,C[P+](C)(C)CCO.O=N(=O)c1cc(c([O-])c(c1)N(=O)=O)N(=O)=O,1
PUNWUR,[NH3+]C(C)c1ccc(Br)cc1.CCOP([O-])(=S)c1ccc(Cl)cc1,1
SARLEC,Nc1ccc(N)cc1.Oc1ccc(Cl)cc1,0
CONWOT,Cc1c(C)c(N)c(C)c(C)c1N.BrC1=C(Br)C(=O)C(=C(Br)C1=O)Br,0
VUHFIO01,O=C1NS(=O)(=O)c2ccccc12.CCOc1ccccc1C(N)=O,0
PAZCUO01,[NH3+]C(CO)C(O)=O.OC1=C([O-])C(=O)C1=O,1
ATALOZ,OC(=O)c1cc(O)cc(O)c1.c1ccc2nc3ccccc3nc2c1,0
NUJXEW,Cc1cc2N=CN(Cc3ccncc3)c2cc1C.ON=C(C#N)c1ccc(F)cc1,0
KITGEC,O=C1CC(=O)NC(=O)N1.O=C1NC(=O)C=C([O-])N1.NC1=NC(=O)NC=C1.NC1=[NH+]C(=O)NC=C1,0
SECYOR,COc1ccncc1.BrN1C(=O)CCC1=O,1
VIHNUZ,Fc1c(F)c(F)c(c(F)c1F)C(=O)[O-].COc1ccc(cc1)N1CC[NH2+]CC1,0
BAYQEB,Cc1cccc2SC(=[NH2+])Nc12.Brc1ccc(cc1)C(=O)[O-],0
WAKKAV01,CC(C(O)c1ccccc1)N(C)C(=S)[S-].C[NH2+]C(C)C(O)c1ccccc1,0
GABZIT,OC(=O)CCCCCCCCC(O)=O.N(c1cccc(Nc2ccccn2)c1)c1ccccn1,0
DUZNIW,O=C([O-])c1cccnc1.NC1=[NH+]C(=O)NC=C1,0
QASNOR,OC(=O)c1ccc(O)cc1O.CN(C)C=O,0
LABYOC,Cc1ccc(cc1)S(=O)(=O)[O-].COC(=O)C1C2OC(C3[NH2+]C23)C1C(=O)OC,0
KABYAQ,CC1(C)C2CCC1(CS(=O)(=O)[O-])C(=O)C2.[NH3+]C(C1NS(=O)(=O)c2ccccc12)c1ccccc1,1
HOLWAI01,CN1C=NC2=C1C(=O)N(C)C(=O)N2C.CC(=CC(O)=O)C(O)=O,0
ETEFIV,Cc1c(Cl)cccc1Nc1ccccc1C(O)=O.c1ccc2nc3ccccc3cc2c1,0
CIDCIC,Oc1ccc(cc1)C(=O)[O-].COc1[nH+]c(N)nc(OC)c1,0
LEXQUC,OC(=O)CC(=O)[O-].COc1ccc2[NH+]=C(N)Sc2c1,0
WIRNEU,CCOC(=C)[n+]1ccccc1N(C)c1ccccc1.FC(F)(F)S(=O)(=O)[O-],0
IFUVOY,OC(=O)C=CC(=O)[O-].CC(c1ncncc1F)C(O)(CN1C=[NH+]C=N1)c1ccc(F)cc1F,1
UVOHOF,CCc1nc(N)nc(N)c1c1ccc(Cl)cc1.CN1C=NC2=C1C(=O)N(C)C(=O)N2C,0
XOLLIT,O=C([O-])CCC1CCCCC1.C[N+](C)(C)CCO,1
TOJLEM,OC(CC(=O)[O-])C(O)=O.[NH3+]C(C(N)=O)c1ccccc1,0
GABZEP,N(c1cccc(Nc2ccccn2)c1)c1ccccn1.OC(=O)C(O)=O,0
YESCEI,O=C([O-])c1cccnc1.NC(=[NH2+])NC(N)=S,0
XEFFAT,NC(=O)c1cnccn1.COc1cc(cc(OC)c1O)C(O)=O,0
YIRREZ,N#Cc1ccncc1.OC(=O)c1ccccc1Br,0
ENEPIY,OC(=O)c1cc(Cl)cc(Cl)c1O.c1cnccn1,0
YUMQOO,OC(=O)c1cccc(c1)C(O)=O.C(CCN1C=CN=C1)CN1C=CN=C1,0
REHNAT,N#Cc1cc(C#N)c(cc1C#N)C#N.Oc1ccc(O)cc1,0
HEKRUK,COc1cc(Cc2c[nH+]c(N)nc2N)cc(OC)c1OC.COC1=NSN=C1[N-]S(=O)(=O)c1ccc(N)cc1,0
VIGFAT,O=C1CC(=O)NC(=O)N1.[O]n1ccn([O])c2ccccc12,0
BOPHOG,OC(C(O)C(=O)[O-])C(O)=O.[NH3+]NC(=O)c1ccncc1,0
DITBEO,FC(F)(F)S(=O)(=O)[O-].CN(C)c1cc[n+](cc1)[P+](C)(C)C,0
MAZZUJ,[NH2+]1CCOCCOCCOCC1.Nc1ccc(cc1)C(=O)[O-],1
IDODIQ02,C[n+]1ccc(cc1)C=Cc1ccc(Br)cc1.Cc1ccc(cc1)S(=O)(=O)[O-],0
JAKCIL,c1cc(ccn1)c1ccncc1.CCc1cccc(NS(=O)(=O)c2ccc(F)cc2)c1,0
KECKOV,O=C(NN=Cc1cccnc1)c1cccnc1.OC(=O)CCCCCCCCCCC(O)=O,0
HOLJAU03,CC(=O)c1ccncc1.OC(=O)c1cccc(F)c1,0
XAXPIV02,OC(=O)C=CC(O)=O.NC(=O)C=Cc1ccccc1,0
ZELSAK,OC(C(O)C(=O)[O-])C(O)=O.Oc1ccc(cc1)N1C=[NH+]C=C1,0
DUHSEF,NS(=O)(=O)C(F)(F)F.C1OCC2(CO1)COCOC2,1
VELWAN,BrN1C(=O)c2ccccc2C1=O.COC(=O)c1cccnc1,0
ZEGWAN01,[NH2+]1CCOCC1.CC1=CC(=NO1)[N-]S(=O)(=O)c1ccc(N)cc1,1
DADGEX,Nc1[nH+]cc(Br)cc1.O=C([O-])COc1ccccc1,0
MECZAX,[NH3+]CCc1ccc(O)cc1.CS(=O)(=O)[O-],0
VAQSEM,O=C([O-])c1cccc(c1)N(=O)=O.COc1cc(C)[nH+]c(N)n1,0
MUSJUG,C[n+]1ccc(cc1)C=Cc1ccc(O)cc1.OC1=C([O-])C(=O)C1=O,0
NUKXUN,NC(=O)c1cccnc1.OC(=O)CC(O)=O,1
WUZPEP,C1CCOC1.Brc1ccc2NC(=O)c3cc(Br)ccc3NC(=O)c2c1,0
EVEZOV,C(N1c2ccccc2N=C1c1ccccc1)c1ccccc1.Oc1ccc(cc1)C1(CCCCC1)c1ccc(O)cc1,0
NUYFUI,[NH3+]C(CC(N)=O)C(O)=O.OC1=C([O-])C(=O)C1=O,0
ULUFIQ,OC(=O)c1ccc(OCCCCCC#N)cc1.OC(=O)c1ccc(OCCCCC#N)cc1,1
AGOKUC,O=N(=O)c1ccc(cc1)S(=O)(=O)[O-].[NH3+]CC(O)CNS(=O)(=O)c1ccc(cc1)N(=O)=O,0
SOVQEZ,OC(=O)CCC(O)=O.Nc1cc(N)nc(N)n1,0
VAXVUN01,OC(=O)c1ccccc1C(O)=O.c1cnccn1,0
XOBFIE,O=C([O-])CS(=O)C(c1ccccc1)c1ccccc1.OCC[NH+](CCO)CCO,0
SOVFOY,c1cc(ccn1)c1ccncc1.OC(=O)CSCC(O)=O,0
MEDDAC,O=C([O-])c1cccc(c1)N(=O)=O.[NH3+]CCc1ccc(O)cc1,0
YACFAM,OC(=O)c1ccc(O)cc1.CC(C)C1=C(C)N(C)N(c2ccccc2)C1=O,0
WANKOL,O=C([O-])c1cc2CCc3ccc(CCc1cc2)cc3.C[NH2+]C(C)C(O)c1ccccc1.OC(=O)c1cc2CCc3ccc(CCc1cc2)cc3,1
WOJYAX,[NH2+]=C1NC(=O)NC=C1F.CC1=CC(=O)[N-]S(=O)(=O)O1.NC1=NC(=O)NC=C1F,0
WOQBIN,c1ccc2nc3ccccc3nc2c1.CC(=CC(O)=O)C(O)=O,0
EFOXAY,O=N(=O)c1cc(c([O-])c(c1)N(=O)=O)N(=O)=O.C1CC[P+]2(C1)CCCC2,0
WIVFEM,OC1=C(Br)C(=O)C(=C(Br)C1=O)O.c1cnccn1,0
NIGVIK,COC(=O)COc1ccc2C(=C(Cl)C(=O)Oc2c1)C.Nc1ccccc1C1=Nc2ccccc2S1,0
FECGIG,OC(=O)c1ccccc1N(=O)=O.NC(=O)c1c[nH+]ccc1.O=C([O-])c1ccccc1N(=O)=O,0
VEPGIJ,FC(F)(F)C(=O)[O-].[NH3+]CCCNC(=O)C(=O)Nc1ccccc1,0
SUYNUW,Nc1[nH+]cc(Br)cc1.OC(=O)C=CC(=O)[O-],0
YEMZID,Cc1c(Cl)cccc1Nc1ccccc1C(=O)[O-].Nc1[nH+]nc(c(N)n1)c1cccc(Cl)c1Cl,0
SOGWOA,O=N(=O)c1cc(c([O-])c(c1)N(=O)=O)N(=O)=O.COc1ccc(CC[N+](C)(C)C)cc1O,0
UGOHOP,OC(=O)c1ccc(O)cc1.O=C1CCCC(=O)N1,1
SUDFOO,CNC(N)=O.OC(=O)C=CC(O)=O,0
EBOSIX01,OC(=O)c1ccccc1C(O)=O.NC(=O)C=Cc1ccccc1,0
JUWNUM,OC(=O)C=CC(=O)[O-].ON=Cc1cc[nH+]c2ccccc12,0
UXIXAB04,FC(F)(F)S(=O)(=O)[N-]S(=O)(=O)C(F)(F)F.[2H][N+]12CCN(CC1)CC2,1
KIDMAO,O=N(=O)c1cccc(c1)S(=O)(=O)[O-].O=N(=O)c1cccc(c1)S(=O)(=O)NNC1=[NH+]c2ccccc2S1,0
VAPLIH,Nc1ccccc1C(=O)[O-].NC1=[NH+]CCS1,0
YADBOU,OC(C(=O)[O-])c1ccccc1.COc1ccc2CC3[NH2+]CCC3c2c1,0
HOFZAG,NC(=O)c1ccncc1.OC(=O)CCCCCCCCC(O)=O,0
MENQOP,Nc1ccc(Br)cn1.Cc1cccc(c1)C(O)=O,0
CUYBIJ,[NH3+]C(CO)(CO)CO.Oc1ccc(cc1C(=O)[O-])c1ccc(F)cc1F,0
LEGPIY,c1cc(ccn1)c1ccncc1.Nc1cccc(c1)C(O)=O,0
QIPNEI,OC(=O)CCCC(O)=O.O=C1CCCC(=C1)NCc1ccncc1,0
OYERIU,NC1=NC(=O)NC=C1.NC1=[NH+]C(=O)NC=C1.OC(=O)CC(O)(CC(O)=O)C(=O)[O-],0
VILSIT,Cc1cc2N=CN(Cc3cccnc3)c2cc1C.ON=C(C#N)c1ccc(Br)cc1,0
RESGOM,OC(=O)CCC(O)=O.Cc1cccc(C)n1,0
AFIROA,CC(=O)Nc1cccc(c1)C(O)=O.NC(=O)N1c2ccccc2C=Cc2ccccc12,0
XUGBOT,OC(C(=O)[O-])C(F)(F)F.[NH3+]C(CO)C(O)c1ccccc1,1
ECIREQ,[NH3+]NC(=O)NNC(=O)NN.O=N(=O)c1cc(c([O-])c(c1)N(=O)=O)N(=O)=O,0
LUTPOI,CCCc1[nH+]ccc(c1)C(N)=S.OC(=O)C(=O)[O-],0
PIJSEJ,Oc1cc2ccccc2cc1O.C1N2CN3CN1CN(C2)C3,0
BACREF,Fc1c(F)c(c(F)c(F)c1Br)c1c(F)c(F)c(Br)c(F)c1F.O1C(=CN=C1c1ccccc1)c1ccccc1,0
KEXYAN,C[NH+](C)C(C)c1ccc2CCN(C)C(=O)Oc2c1.O=C([O-])C=CC(=O)[O-],0
UNECAR,OC(=O)c1cc(C(O)=O)c(cc1C(O)=O)C(O)=O.c1ccc2nc3ccccc3nc2c1,0
MOGZEN,CS(=O)(=O)[N-]S(C)(=O)=O.C[N+](C)(C)CC(O)=O,0
PUTNAV,OC(=O)c1cccc(Br)c1.c1ccc2nc3ccccc3cc2c1,0
QANQUS,CN(C)C=O.NC(=O)N1c2ccccc2C=Cc2ccccc12,0
OZOSUT,O=C([O-])c1cccc(c1)N(=O)=O.ON=Cc1cc[nH+]c2ccccc12,0
WUVMIK,Nc1[nH+]c(CF)c(c(N)n1)c1cc(Cl)cc(Cl)c1Cl.CS(=O)(=O)[O-],1
COZYIA,c1cc(ccn1)C=Cc1ccncc1.OC(=O)CCCC(O)=O,0
WERLAH,[NH3+]CCCC(O)=O.O=C([O-])c1ccccc1,0
WOCFAX,OC(=O)C=Cc1ccccc1.CC(C)=NNC(=O)c1ccncc1,0
KERMUP,O=S(=O)([O-])c1ccccc1.[NH3+]C(CC(C)C)C(O)=O,0
DIMLEU,c1cc(ccn1)c1ccncc1.Cc1cc(C)cc(c1)C(O)=O,0
HUYXUU,CC1(C)[NH2+]C(C)(C)CC(=O)C1.FC(F)(F)C(=O)[O-],0
RADFOS,c1cc(ccn1)c1ccncc1.OC(=O)COc1c(Cl)cccc1Cl,0
YIZCUG,Brc1ccc(cc1)C=C1SC(=S)NC1=O.CS(C)=O,0
TAZJOW,c1cnc2c(c1)ccc1cccnc21.OB(O)c1c(Cl)cccc1Cl,0
KIHYOQ,c1cc(ccn1)C=Cc1ccncc1.Oc1ccc(cc1)C#N,0
FOSQEL,O=N(=O)c1cc(c([O-])c(c1)N(=O)=O)N(=O)=O.OCC[NH+](CCO)CCO,0
QETMOS,c1cc(ccn1)c1ccncc1.Nc1cccc(O)c1,0
KUVQAW,c1ccc2c(c1)[S+](C1=CN=C3C=CC=NN13)c1ccccc21.FC(F)(F)C(=O)[O-],0
JATMEW,CN(C)NC1=NC(=CS1)CSCCC(N)=NS(N)(=O)=O.OC(=O)C=CC(O)=O,0
HIDQUI,Cc1cc2N=CN(Cc3cccnc3)c2cc1C.ON=C(C#N)c1ccc(O)cc1,0
ODATIX,NS(=O)(=O)c1cc2c(NCNS2(=O)=O)cc1Cl.CN(C)C=O,0
KUQXUS,BrC1=C(Br)C(=O)C(=C(C#N)C1=O)C#N.c1ccc2c(c1)ccc1ccccc21,1
WEXQIA,C1CN2CN3CCN(CN1C3)C2.Oc1ccc(O)cc1,0
MEBRER,O1C(=NN=C1c1ccncc1)c1ccncc1.Oc1ccc(O)cc1,0
GISDUI,O=N(=O)c1cc(c(c(c1)N(=O)=O)S(=O)(=O)[O-])N(=O)=O.O=C([O-])c1[nH+]c2ccccc2cc1.OC(=O)c1[nH+]c2ccccc2cc1,0
JICSIB,O=N(=O)c1ccc(cc1)N1CC[NH2+]CC1.Brc1ccccc1C(=O)[O-],0
VAQRUB,Fc1ccccc1C(=O)[O-].COc1cc(C)[nH+]c(N)n1,0
BOVYES,c1cc(ccn1)C=Cc1ccncc1.OC(=O)c1cc(F)ccc1F,0
DINJUH,NC1=[NH+]C(=O)NC=C1F.O=C([O-])C=CC(=O)[O-],0
WUVXUI,CCc1[nH+]ccc(c1)C(N)=S.OC(=O)C=CC(=O)[O-],0
EPUDIE,CCC1(C(=O)NC(=O)NC1=O)c1ccccc1.C1COCCO1,0
ZAZGAK,Cc1cccc(Nc2ccccc2C(O)=O)c1C.CN(C)C=O,0
DIHKAH,O=N(=O)c1cc(c([O-])c(c1)N(=O)=O)N(=O)=O.C[Si](C)(C)C(c1cc[nH+]cc1)[Si](C)(C)C,0
JEHXOJ,O=S(=O)([O-])c1ccccc1.[NH3+]NS(=O)(=O)c1ccccc1,0
OFOKIE,OC(=O)c1ccc(Br)c2ccccc12.c1cc(ccn1)c1ccncc1,0
BAYQAX,Cc1cccc2SC(=[NH2+])Nc12.O=C([O-])c1ccc(cc1)C#N,1
OSEGEB,OC(C(O)C(=O)[O-])C(O)=O.NC(=O)c1ccc[n+](c1)C1OC(CO)C(O)C1O,1
QAGJIR,NC1=[NH+]c2ccccc2S1.O=C([O-])C1=Cc2ccccc2N1,0
LILGEV01,O=C1[N-]S(=O)(=O)c2ccccc12.CC1=CC(=O)NC(=[NH+]1)N,0
FOYPEQ,COc1cc(Cc2c[nH+]c(N)nc2N)cc(OC)c1OC.O=C1NC(=S)NC(=C1)[O-],0
LATTAD,NNC(=O)c1ccncc1.OC(=O)C=CC(O)=O,0
CARWEZ,O=C([O-])c1ccc2ccccc2c1.[NH3+]C(C)c1ccc(OC)cc1,1
PIJSEK,Nc1[nH+]cc(Cl)cc1.O=P([O-])(c1ccccc1)c1ccccc1,0
KEMCEL,OC(=O)c1c(F)c(F)c(F)c(F)c1F.NC(=O)c1ccccc1,0
LOFQOO,FC(F)(F)S(=O)(=O)[O-].C[N+]1(C)c2cccc3cccc(c23)C1(O)C(F)(F)F,0
DEYHAT,O=C1N(CCCN2C=[NH+]C=C2)C(=O)c2cccc3cccc1c23.O=N(=O)c1ccc([O-])c(c1)N(=O)=O,0
SEPLUV,CN(C)c1cccc(c1)C(O)=O.CN(C)c1cccc(c1)C(=O)NC1=NCCS1,0
WAFRIH,O=N(=O)c1cc(c(c(c1)N(=O)=O)S(=O)(=O)[O-])N(=O)=O.CCOC(=O)C1[NH2+]C(C)C=CC1,1
WEGVAI,CC(=NO)C(C)=NO.c1ccc2nc3ccccc3cc2c1,0
HONWEN,Oc1c[nH+]ccc1.O=C([O-])c1ccccc1,1
PIVBAX,OC(C(=O)[O-])c1ccccc1.[NH3+]C(CO)c1ccccc1,1
USUWOW,S=C1SCCN1C1=[NH+]CCS1.O=S1(=O)[N-]S(=O)(=O)c2ccccc12,0
TIKPEJ,Nc1ccc(cc1)c1ccc(N)cc1.O=P(c1ccccc1)(c1ccccc1)c1ccccc1,0
AWITIM,CC1=CN(C(=O)C=C1)c1ccccc1.OC(=O)C=CC(O)=O,0
YIZFUI,OC(C(O)C(=O)[O-])C(O)=O.[NH3+]c1cccc(OC)c1,0
EXISIQ,OCC[NH2+]CCO.O=C([O-])c1ccccc1,0
QIMFOH,COC(=O)Cc1nc2C(=O)N(C)C(=O)N(C)c2nc1O.CS(C)=O,0
TOCSUC,[NH3+]c1ccc(Br)cc1.O=C([O-])c1cc(cc(c1)N(=O)=O)N(=O)=O,0
CEKKIO,c1cc(ccn1)c1ccncc1.Oc1cccc(O)c1O,0
UGORUF,OC(=O)CCCCCCCCC(O)=O.NC1=NC=CS1,0
CEKKEK,c1ccc2nc3ccccc3cc2c1.Oc1cccc(O)c1O,0
WEDWUA,CCN(CC)CC(=O)Nc1c(C)cccc1C.Fc1c(F)c(Br)c(F)c(F)c1Br,0
KOSYIA,CC1(C)COP(=O)([O-])OC1c1c(Cl)cccc1Cl.C[NH2+]C(C)C(O)c1ccccc1,1
HICTOD,C1CN2CN3CN1CN(C2)C3.Oc1ccc(O)cc1,0
DOJMOF,CN1C=C[N+](=C1C)O.Cc1ccc(cc1)S(=O)(=O)[O-],0
NUZTIN,NC(=O)c1ccncc1.Cc1ccc(cc1)C=CC(O)=O,0
XIPTOG,OC(=O)c1c(O)cc(O)cc1O.c1cnccn1,0
FOPXAK,CN(C)C(C)=O.Cc1ccc(cc1)C1(O)c2ccccc2Oc2ccccc12,0
BUQTEP,NS(=O)(=O)c1cc(C(O)=O)c(NCC2=CC=CO2)cc1Cl.NNC(=O)c1ccncc1,0
GEYLIF,[NH3+]C(C)Cc1cccc(c1)C(F)(F)F.ClC(Cl)C(=O)[O-],1
BAJXAP,OC(=O)c1cccc(c1)C(O)=O.NNC(=O)c1ccncc1,1
ANUVIP,ON1S(=O)(=O)c2cccc3cccc(c23)S1(=O)=O.CCOC(C)=O,0
TAZLOY,c1cnc2ncccc2c1.COc1ccc(cc1)B(O)O,0
YAXROG,OC(=O)c1ccccc1O.Oc1ccccc1C(=O)[O-].Fc1ccc(cc1)C(N1CC[NH2+]CC1)c1ccc(F)cc1,0
CPHMAL10,OC(=O)C=CC(=O)[O-].C[NH+](C)CCC(c1ccc(Cl)cc1)c1ccccn1,1
PAKROM,Cc1cccc(C(=O)[O-])c1O.CCc1[nH+]c(N)nc(N)c1c1ccc(Cl)cc1,0
USODOW,CC[NH+](CC)CCO.O=C1NC(=O)C(C(=O)N1)=C1C(=C[C-](C=C1N(=O)=O)N(=O)=O)N(=O)=O,0
ENEPEU,c1cc(ccn1)c1ccncc1.Oc1cc(Br)cc(Br)c1,0
SAGMUM,FC1=C(F)C(=O)C(=C(F)C1=O)F.c1ccc2c(c1)nnc1ccccc21,0
DITKIB,OC(=O)CN1C(=O)c2ccc3C(=O)N(CC(O)=O)C(=O)c4ccc(C1=O)c2c34.CN(C)C=O,0
EXAQOK01,Cc1cccc(Nc2ccccc2C(O)=O)c1C.NC(=O)c1cccnc1,0
COZXUL,c1cc(ccn1)c1ccncc1.OC(=O)c1ccccc1,0
URPRBN10,NC(N)=O.O=C1NC(=O)C(=O)N1,0
NUMKEN,NS(=O)(=O)c1ccccc1.O=C1CCCCN1,0
RUYHEZ,NC(=O)c1cccnc1.OC(=O)c1ccc(O)cc1,0
PIPLIM,[NH3+]C(CO)(CO)CO.O=C([O-])C1=CC=CO1,0
YIHCAX,OC(=O)C=Cc1ccccc1.NC(=O)N1c2ccccc2C=Cc2ccccc12,0
ENICAG,CN1C(=C(O)c2ccccc2S1(=O)=O)C(=O)NC1=[NH+]C=C(C)S1.OC(CC(=O)[O-])C(O)=O.CN1C(=C(O)c2ccccc2S1(=O)=O)C(=O)NC1=NC=C(C)S1,1
VAKTOS,CCC(C(O)=O)C(O)=O.CCOc1ccccc1C(N)=O,0
NONMOS,Cc1ccncc1.Oc1ccc(cc1)C1(CCCCC1)c1ccc(O)cc1,0
POCBUH,NC(N)=O.COc1cc2OC(=O)C=Cc2cc1OC,1
KUFBOC,Clc1ccc(OCC(=O)[O-])c(Cl)c1.Oc1c[nH+]ccc1,0
DAFMAC,CC(=O)c1ccc(O)cc1.C1CNCCN1,0
OLUTEX,Oc1cccc(O)c1C(=O)[O-].[NH2+]=C1NC(=O)N(C=C1F)C1CSC(CO)O1,1
MIQFAU,CCNCC.OC1(C#C)c2cc(Br)ccc2c2ccc(Br)cc12,0
ECUTAB,OC(=O)c1cc(ccc1O)S(=O)(=O)[O-].Nc1c(Br)cc(Br)cc1C[NH2+]C1CCC(O)CC1,0
AMUSIN,CN(C)C=O.O=P(Nc1ccccn1)(Nc1ccccn1)Nc1ccccn1,0
GUYXEE,NC1=C(C#N)c2c(O1)c(C#C)c1c(OC(=C1C#N)N)c2C#C.CN(C)C=O,0
VECKEU,[NH2+]1CCOCC1.FC(F)(F)C(=O)C=C([O-])C(F)(F)F,0
NETTEP,OC(=O)C(=O)[O-].OCC[NH+](CCO)C(CO)(CO)CO,0
VAVJUA,C[NH+](C)C(C)C(O)c1ccccc1.OC(C(=O)[O-])c1ccccc1,0
NAWYUJ,[NH3+]Cc1ccccc1O.OC(=O)c1cc(O)cc(c1)C(=O)[O-],0
FOSFUQ01,COc1cc(ccc1O)C(O)=O.NNC(=O)c1ccncc1,0
CIMKES,Cc1ccc(cc1)S(=O)(=O)[O-].C[N+](C)(C)CCO,0
XOGTIX,OC=O.NC(=O)C1c2ccccc2C=Cc2ccccc12,0
VIPXOK,Nc1cc(ccc1C(=O)[O-])N(=O)=O.CC(C)(C)[NH2+]CCO,0
SIHRAE,OC(=O)CC(O)=O.NC(=O)c1cnccn1,0
WUTDEX01,c1ccc2nc3ccccc3nc2c1.CC(C)c1ccc(C)cc1O,0
VIPMAK,COCCN1C(=C(C)[N+](=C1C(C)C)C)C.CS(=O)(=O)[O-],0
LUNYUO,CCCCC(O)=O.c1cnccn1,0
PETNOT,Oc1c(F)c(F)c(Br)c(F)c1F.c1cc(ccn1)N=Nc1ccncc1,0
ACOYOG01,Oc1cccc(O)c1.C(Cc1ccncc1)c1ccncc1,0
TIBHAO,OC(=O)c1cc(ccc1O)S(=O)(=O)[O-].[NH3+]NC(N)=S,0
PESLUX,c1ccncc1.NC(N)=O,0
DIGCEC,O=C(Nc1cc[nH+]cc1)Nc1cc[nH+]cc1.O=C([O-])C1(CCC1)C(=O)[O-],0
MILKEB,NC(N)=O.OC(=O)c1ccc(O)cc1,0
MESXIU,Oc1cccc2ccc[nH+]c12.OC1=C([O-])C(=O)C1=O,0
EJEZIF,CN1C=CN=C1.CC(=O)NO,0
UDAPUM,FC(F)(F)S(=O)(=O)[O-].CC(C)(C)OC(=O)C1[NH2+]C(CC1)C=C,0
VITTAV,[NH2+]1CCN(CC1)Cc1ccc2OCOc2c1.Clc1ccc(cc1)C(=O)[O-],0
LACTOB,Nc1ccc(C(O)=O)c(O)c1.S(Sc1ccncc1)c1ccncc1,0
GEDDAY,OC(=O)COc1ccc(Cl)cc1Cl.CCOc1ccccc1C(N)=O,0
NUTPEZ,CN1C=NC2=C1C(=O)N(C)C(=O)N2C.Oc1cc(O)c2C(=O)C(=C(Oc2c1)c1ccc(O)c(O)c1)O,0
EBONIV,CN1C=CC(=O)C(=C1C)O.OC(=O)C=CC(O)=O,0
ETOPAG,Clc1cc(cc(Cl)c1[O-])N(=O)=O.O=C([O-])C1[NH2+]CCCC1.OC(=O)C1[NH2+]CCCC1.Oc1c(Cl)cc(cc1Cl)N(=O)=O,0
ZEYNUP,Cc1nccnc1C.OC(=O)c1cc(Cl)c(Cl)cc1C(O)=O,0
SECHAJ,CC12CCC(C(Br)C1O)C2(C)CS(=O)(=O)[O-].C[NH2+]CC(O)c1ccc(O)cc1,0
EFOZAB,NC(N)=O.O=C1CC(=O)NC(=O)N1,0
TEZRAT,[NH3+]c1cc(Cl)ccc1O.OC(=O)c1cc(cc(c1[O-])N(=O)=O)N(=O)=O,0
QOGPUX,O=N(=O)Nc1cc[nH+]cc1.CS(=O)(=O)[O-],0
LADCAW,OC(=O)c1ccc(Cl)c(Cl)c1.CCC(=O)Nc1ccc(Br)cn1,0
ASOMEA,CC=CC=CC(=O)[O-].[NH3+]Cc1cccc(OC)c1,0
LEXQAJ,NC(=O)N1c2ccccc2C=Cc2ccccc12.OC(=O)c1cccc(O)c1O,0
CEMGOT,NC(N)=O.OB(O)c1cc(F)c(F)c(F)c1,0
VAVLAI,Fc1ccc(cc1)C(=O)[O-].C[NH+](C)C(C)C(O)c1ccccc1,0
JEGBON,ON=C(C#N)c1cccc(Cl)c1.C(N1C=CN=C1)c1ccc(CN2C=CN=C2)cc1,0
IXUMOD,O=[P+](=O)(n1ccccc1)n1ccccc1.FC(F)(F)S(=O)(=O)[O-],0
ACESIL,c1ccncc1.Oc1ccc(O)cc1,0
MEFYUU,FC(F)(F)S(=O)(=O)[O-].CN1C=C([N+](=N1)C)C1=Nc2ccccc2O1,0
QAKSUS,OC(=O)c1ccc2cc(ccc2c1)C(O)=O.CN1CCCC1=O,1
YUFFIQ,c1cc(ccn1)N=Nc1ccncc1.Oc1cc(O)c2C(=O)C(=C(Oc2c1)c1ccc(O)c(O)c1)O,0
DEVYUB,Oc1ccc(cc1)C=Cc1cc(O)cc(O)c1.c1ccc2nc3ccccc3nc2c1,0
PAMZOS,[NH2+]1CCOCC1.Oc1ccc([O-])c(C#N)c1C#N,0
COGCEJ,OC(=O)C=CC(=O)[O-].OCc1cc[nH+]cc1,1
HAXKUQ,CN1C(=O)N(C)C2=C([NH+]=CN2)C1=O.OC1=C([O-])C(=O)C1=O,0
ZEXMOH,OC(=O)c1cc(Cl)cc(Cl)c1.Oc1ccc(Br)cc1C=Nc1cccnc1,0
RAJTOP,[NH2+]1CCOCC1.OC(C(=O)[O-])(c1ccccc1)c1ccccc1,0
MUPPIW,CN1CCN(C)CC1.CC(=O)Nc1ccc(O)cc1,0
BOTQAF,COc1ccc2C3[NH2+]N(C)C(=O)C43CCCC4c2c1.FC(F)(F)S(=O)(=O)[O-],0
HEPKAR,[2H]OC(=O)c1ccc(cc1)C(=O)[O-].[2H]C1=[N+]([2H])C(=C([2H])N1[2H])[2H],0
GOWCAW,CC(c1ccccc1)S(=O)(=O)[O-].[NH3+]C(CC(C)C)C(O)=O,0
YANCAU,c1cc(ccn1)C=Cc1ccncc1.CNC(=S)NN=C(C)c1ccc(O)cc1O,0
JUZCEP,OC=O.N1C(=[NH+]c2ccccc12)C1=CSC=N1.O=C[O-],0
PUHFAA,c1cc(ccn1)c1ccncc1.OC(=O)c1ccc2C(=O)OC(=O)c3ccc(C(O)=O)c1c23,0
ORAYOX,Cc1ccc(cc1)S(=O)(=O)[O-].CN1CC(=O)[NH+]=C1N,0
GAVMEZ,FC(F)(F)S(=O)(=O)[O-].Cl[P-]1(Cl)[n+]2ccccc2[n+]2ccccc12,0
SEPTOZ,FC(F)(F)C(=O)[O-].Fc1cccc(c1)C=C1CC[NH+]=C1,1
FIDMAH,Nc1ccc(Sc2ccc(N)cc2)cc1.Oc1ccc(Sc2ccc(O)cc2)cc1,0
GUXTAX,CC(=O)NC1=NN=C(S1)S(N)(=O)=O.c1cc(ccn1)N=Nc1ccncc1,0
AYIWEM,Nc1cccc2cccnc12.OC(=O)c1cc(O)c(O)c(O)c1,0
FAYXOV,Nc1ccc(C(O)=O)c(O)c1.NC(=O)N1c2ccccc2C=Cc2ccccc12,0
UHADUD,OC(=O)CCCC(O)=O.O=C1NCCN1,1
NUQKUH,Cc1c(O)cccc1O.c1cnc2c(c1)ccc1cccnc21,0
BOQDOA,c1cc(ccn1)c1ccncc1.Oc1ccc(Sc2ccc(O)cc2)cc1,0
FEVKID,O=C([O-])c1c2ccccc2cc2ccccc12.COc1cc(Cc2c[nH+]c(N)nc2N)cc(OC)c1OC,0
TERLIO,Cc1c(Cl)cccc1Nc1ccccc1C(=O)[O-].[NH3+]C(CO)(CO)CO,0
NELPUP,[NH3+]C(C)C(O)=O.OC(=O)C(=O)[O-],0
POCPIH,O=C1CCCC(=O)N1.Cc1ccc(cc1)c1nc(N)nc(N)n1,0
GODNAO,Cc1cc(C)nc(C)c1.OC(=O)c1ccccc1,0
ZOHTUN,Nc1cc(Cl)cc(Cl)c1.Oc1cc(Cl)c(Cl)c(Cl)c1,0
VAXVOH,OC(=O)C=CC(O)=O.c1cnccn1,0
FALSIW,Cc1ccnc(NS(=O)(=O)c2ccc(N)cc2)n1.C1COCCO1,0
MUKVUM,FC(F)(F)S(=O)(=O)[O-].CC[S+]1CCN(CC1)c1ccccc1,0
VIKWIX,[NH3+]CCC1=CNc2ccc(O)cc12.OC(=O)CCCCC(=O)[O-],0
WITZUV,OC(=O)CN1C(=O)c2cc3C(=O)N(CC(=O)[O-])C(=O)c3cc2C1=O.Oc1cccc2ccc[nH+]c12,0
KUQREU,Clc1ccc(c(Cl)c1)C(=O)[O-].CCc1[nH+]c(N)nc(N)c1c1ccc(Cl)cc1,0
FEKTOH,Cc1[nH+]cc(CO)c(CO)c1O.COc1cc(C=CC(=O)[O-])ccc1O,1
XEGLAW,NC1=[NH+]c2cc(Cl)ccc2O1.Clc1ccc(OCC(=O)[O-])cc1Cl,0
KEWNOQ,CC(N)=O.CC(=O)Oc1ccccc1C(O)=O,0
EYUSEZ,NC(=O)c1nc(F)cnc1O.Nc1ccc(cc1)C(O)=O,0
TEYSOH,[NH3+]CCO.Brc1ccc(cc1)C(=O)[O-],1
FETNEY,ClC(Cl)(Cl)C(=O)[O-].[NH3+]C(Cc1ccccc1)C(O)=O,0
KECTOB,CCC[NH2+]C1COc2ccc(OC)cc2C1O.OC(C(=O)[O-])c1ccccc1,1
CIWVIP,O=N(=O)[N-]C1=NON=C1N=NC1=NON=C1[N-]N(=O)=O.[NH3+]NC(=O)N[NH3+],0
ECOQEV,Clc1ccc(cc1)S(=O)(=O)[O-].CC(O)=[NH+]c1ccc(O)cc1,0
FERZAE,CCCCCC(=O)c1c(O)cc(O)cc1O.c1cc(ccn1)C=Cc1ccncc1,0
QOLMAH,Cc1ccc2ccc3ccc(C)nc3c2n1.Oc1c(O)c(Cl)c(Cl)c(Cl)c1Cl,0
NIPTUC,O=C(Nc1ccccc1)C(=O)Nc1ccccc1.Oc1c(F)c(F)c(F)c(F)c1F,0
IVUSAU,C[NH+](C)C(C)C(O)c1ccccc1.Oc1ccc(cc1)S(=O)(=O)[O-],0
SEVPOC,NC1=NC(=NO1)C1=NN2N=NN=C2N=C1N.CS(C)=O,0
HARHIV,OC(=O)COc1ccc(Cl)cc1Cl.C(Cc1ccncc1)c1ccncc1,0
PAQPAA,O=C(OCc1ccccc1)c1c[nH+]ccc1.OC1=C([O-])C(=O)C1=O,0
GIFPER,FC(F)(F)S(=O)(=O)[O-].COC(=O)C1Cc2ccccc2C(N1)=[NH+]C(C)(C)C,1
JARDOY,O=C(c1cc[nH+]cc1)c1ccccc1.OC1=C([O-])C(=O)C1=O,0
MAKXED01,[NH3+]C(C)(C)CO.CC(C)(CO)NC(=O)[O-],0
IGAYEX,[NH3+]c1ccc(cc1)C1(CC)CCC(=O)NC1=O.CC1(C)C2CCC1(CS(=O)(=O)[O-])C(=O)C2,1
IJEZUT,OC(=O)C=Cc1ccc(O)cc1.CN1C=NC2=C1C(=O)N(C)C(=O)N2C,0
MOZBOU,Nc1ncccn1.OC(=O)c1cccc(Br)c1,0
TEYSUN,[NH3+]CCO.Clc1ccc(cc1)C(=O)[O-],1
CARVEY,Oc1c(cc(cc1N(=O)=O)N(=O)=O)C(=O)[O-].CN(C)C=O.CSC1=[NH+]c2cc(Oc3cccc(Cl)c3Cl)c(Cl)cc2N1,0
VUZZUL,Brc1ccc(cc1)S(=O)(=O)NS(=O)(=O)c1ccc(Br)cc1.CNC(=O)NC,0
XIQLEQ,NC(=[NH2+])NCC1234[BH]567[BH]89%10[BH]%11%12%13[BH]%1458[BH]58%11[BH]%11%15%12[BH]%129%13[BH]16%10[BH]2%11%12[CH]35%15[BH]47%148.FC(F)(F)C(=O)[O-],0
XEFTUA,O=C([O-])c1[nH+]ccc(c1)C(=O)[O-].NC(=[NH2+])NC(=O)c1nc(Cl)c(N)nc1N,0
PAVSOV,NC(N)=O.NCCCCCCCCN,1
QEPJOL,CCCC(=O)[O-].[NH3+]CCNc1ccc(cc1)N(=O)=O,1
QIBCIQ,c1cc(ccn1)c1ccncc1.CC1=CC(=NO1)NS(=O)(=O)c1ccc(N)cc1,1
MOXVOL,OC(=O)CCCC(O)=O.NC(=O)N1c2ccccc2C=Cc2ccccc12,0
MUPPIX,NS(=O)(=O)c1cc2c(NCNS2(=O)=O)cc1Cl.NC(=O)c1ccncc1,0
EXIMOO,c1cc(ccn1)c1ccncc1.Cc1ccc(cc1)S(=O)(=O)Nc1ccc(cc1)C(O)=O,0
UWAMIQ,Oc1ccccc1C(=O)[O-].NC1=[NH+]C(=O)NC=C1,0
EGUVAE,C[NH+]1CCN(CC1)Cc1ccc(cc1)C(O)=O.O=N(=O)c1cc(c([O-])c(c1)N(=O)=O)N(=O)=O,0
ACEROR,OC=O.CN1N=NC2=C(N=CN2C1=O)C(N)=O,0
JUPBII,COC(=O)NC1=[NH+]c2ccccc2N1.OC(=O)C=CC(=O)[O-],0
LIQQEJ,Cc1ccc(cc1)C1=CC(=NN1c1ccc(cc1)S(N)(=O)=O)C(F)(F)F.O=C1CCCCCN1,1
HUCXEJ,[NH3+]c1ccc(Cl)cc1.OC(=O)c1cc(Cl)c(Cl)cc1C(=O)[O-],1
DUSQAK,Nc1[nH+]cc(Br)cc1.OC(=O)CCCC(=O)[O-],0
DIDNAI,Oc1ccc2ccccc2c1c1c(O)ccc2ccccc12.c1ccc2nc3ccccc3nc2c1,1
JUGWOZ,Nc1[nH+]cc(Br)cc1.Clc1cc(ccc1C(=O)[O-])N(=O)=O,0
RIWPAS,CC1(C)NC(=NC(=N1)C(Cl)(Cl)Cl)C(Cl)(Cl)Cl.CN(C)C=O,1
TOCYEP,FC(F)(F)S(=O)(=O)[O-].CN(C)C1=[NH+]C(C)(C)[NH+]=C(O1)N(C)C,0
JEGWUN,OC(=O)C=CC(=O)[O-].C[NH+](C)CCC(c1ccc(Cl)cc1)c1ccccn1,0
WUZNOX,C1CCOC1.Clc1ccc2NC(=O)c3cc(Cl)ccc3NC(=O)c2c1,0
QAKQIE,Oc1ccc(cc1)C(=O)[O-].CC(C)[NH2+]CC(O)c1ccccc1Cl,0
XIYSAC,OC(CN1C=NC=N1)(CN1C=NC=N1)c1ccc(F)cc1F.OC(=O)CCCCC(O)=O,0
WUBYUN,CC1=CC(=CC(=O)O1)OCc1cccc(C)c1.O=C1NC(=O)C=C1,0
ROVPOJ,S=C(Nc1cccc2ccccc12)Nc1cccc2ccccc12.CS(C)=O,0
NAGLYB10,[NH3+]C(CC(=O)[O-])C(=O)[O-].[NH3+]C(CCCNC(N)=[NH2+])C(=O)[O-],1
MEWYIW,FC(F)(F)S(=O)(=O)[O-].CN(C)c1cc[n+]2c(c1)C(=O)c1ccccc21,1
IVULUH,O=C([O-])c1ccc(cc1)N(=O)=O.C[NH+](C)C(C)C(O)c1ccccc1,0
YACYIO,N#Cc1ccncc1.OC(=O)CCCCC(O)=O,0
COZXOF,c1cc(ccn1)C=Cc1ccncc1.OC(=O)c1ccccc1,0
CASCAB,NS(=O)(=O)c1cc2c(NCNS2(=O)=O)cc1Cl.C1COCCO1,0
BOKHIU,NS(=O)(=O)c1cc(C(O)=O)c(NCC2=CC=CO2)cc1Cl.c1cc(ccn1)c1ccncc1,0
GENMUI,OC(=O)CN1C(=O)c2cc3C(=O)N(CC(O)=O)C(=O)c3cc2C1=O.S1C=CSC1=C1SC=CS1,0
NELPOJ01,CC(=NO)C(C)=NO.Cc1nc2ccccc2nc1C,0
LODLUN,FC(F)(F)S(=O)(=O)[N-]S(=O)(=O)C(F)(F)F.CN1C=C[N+](=C1)CCC(O)=O,0
ZAQROC,c1cc(ccn1)c1ccncc1.CCCCC(O)=O,0
IDUTUX,CC1(C)C(C(O)=O)C1(C)C.C1N2CN3CN1CN(C2)C3,0
DOCXIF,OC(=O)c1cc(ccc1C(=O)[O-])N(=O)=O.O=C(CN1C=[NH+]C=C1)c1ccccc1,0
LATHUL,Nc1ccc(cc1)C(O)=O.c1ccc2nc3ccccc3nc2c1,0
QQQBTG02,[NH3+]CC(=O)[O-].[NH3+]CC(O)=O.O=N(=O)c1cc(c([O-])c(c1)N(=O)=O)N(=O)=O,0
PUHBUQ,FC(F)C(=O)[O-].NC(=O)c1c[nH+]ccc1,0
WIRROE,OCC[NH+]1CCNCC1.Clc1cccc(Cl)c1Nc1ccccc1CC(=O)[O-],0
RIWLOY,COc1cc(Cc2cnc(N)nc2N)cc(OC)c1OC.Cc1cc(C)nc(NS(=O)(=O)c2ccc(N)cc2)n1,0
LAQQUR,OC(=O)c1cc(C(O)=O)c(cc1C(O)=O)C(=O)[O-].Fc1cc2C(=O)C=CN(C3CC3)c2cc1N1CC[NH2+]CC1,0
CUYLAM,OCC(O)=O.CN1C=NC2=C1C(=O)N(C)C(=O)N2C,0
VUKQAV,OC(=O)C=CC(=O)[O-].[NH3+]C(CC(C)C)C(O)=O,1
AXUGAC,c1ccc2c(c1)cnc1ccccc21.OC(=O)C=CC(O)=O,0
RAXYAU,c1cc(ccn1)C=Cc1ccncc1.OC(=O)COC(=O)Cc1ccccc1Nc1c(Cl)cccc1Cl,0
MECZUR,[NH3+]CCc1ccc(O)cc1.Oc1ccc(cc1)S(=O)(=O)[O-],0
HOSSOA,C1N2CN3CN1CN(C2)C3.Oc1cccc(O)c1O,0
HIBFED,Oc1ccccc1.C1CNCCN1,0
FEHQIV,OC(=O)[O-].CC(C)(C)[NH2+]CCO,0
HOVLEJ,O=C1NC(=O)C=C1.COC1=CC(=O)OC(=C1)C,0
XUGCAG,OC(C(=O)[O-])C(F)(F)F.[NH3+]C(CO)c1ccccc1,1
POPVAR,O=S(=O)(c1ccccc1)C12CCCNC1=[NH+]CCC2.COc1ccc2cc(ccc2c1)C(C)C(=O)[O-],0
WIJCIF,c1ccc2nc3ccccc3cc2c1.Oc1cccc(C=O)c1,0
TEKKOJ,c1cc(ccn1)c1ccncc1.Oc1cc(O)cc(O)c1,0
LEPVIM,CN1N=CC(=C1S(N)(=O)=O)C(=O)[O-].COc1[nH+]c(N)nc(OC)c1,0
MOXYOQ,CC(C)O.[NH3+]C(C(O)c1ccccc1)c1ccccc1.OC(C(=O)[O-])c1cccc(Cl)c1,1
PITZUN,OC(C(=O)[O-])c1ccccc1.[NH3+]C(CO)c1ccccc1,1
CAJQOU,OC(=O)CNC(=O)NCC(O)=O.O=C(NCc1cccnc1)NCc1cccnc1,0
MEXSOZ,CC(=O)[O-].C[NH2+]C1CCC2=C(C1)c1cc(ccc1N2)C(N)=O,0
BOQHOE01,OC1=C(Cl)C(=O)C(=C(Cl)C1=O)O.c1cnccn1,0
YAWCOQ,[H]1OC(=O)C=CC(=O)[O-]1.[NH3+]c1ccc(Cl)cc1,0
BOWKEF,c1cc(ccn1)C=Cc1ccncc1.OC(=O)c1ccccc1F,0
FICBEA,Cc1cccc2SC(=Nc12)N.OC(=O)CCCCCCC(O)=O,0
ROYDAN,FC(F)(F)S(=O)(=O)[O-].CC(C)(C)c1cc2S[S+][N]c2c2S[S+][N]c12,0
RELPUX,Fc1ccc(cc1)N1CC[NH2+]CC1.OC(=O)C(=O)[O-],0
TUZJIJ,Cc1ccc(cc1)S(=O)(=O)[O-].[NH3+]C(C(C)C)C(O)=O,1
JIWNIM,CN(C)C=O.OC(=O)c1cc2ccccc2c(Cl)c1O,0
QABHIO,O=C1C=CC(=O)C=C1.NC(=O)N1c2ccccc2C=Cc2ccccc12,0
GAPLAK,C1CN2CC[NH+]3CCN4CC[NH+]1P234.FC(F)(F)C(=O)[O-],0
VUXRAI,c1cc(ccn1)c1ccncc1.OC(=O)C1=NSN=C1C(O)=O,0
MECZOL,O=S(=O)([O-])c1ccccc1.[NH3+]CCc1ccc(O)cc1,0
MOXVAX,NC(=O)N1c2ccccc2C=Cc2ccccc12.OC(=O)c1ccccc1,0
EZARAB,COc1[nH+]c(N)nc(OC)c1.Oc1cc(O)cc(c1)C(=O)[O-],0
ZEXGUH,OC(=O)c1ccccc1.Oc1ccc(Br)cc1C=Nc1cccnc1,0
IZUCEO,ONC(=O)C=Cc1cccc(c1)S(=O)(=O)Nc1ccccc1.CS(C)=O,0
LUJDAW,Oc1ccc2ccccc2c1c1c(O)ccc2ccccc12.O=C1c2cccnc2c2ncccc12,0
CELCEB,NC(=[NH+]O)C(N)=[NH+]O.OC1=C([O-])C(=O)C1=O,0
RIMXAP,CC(C)(C)[NH+]=Cc1ccccc1Br.FC(F)(F)S(=O)(=O)[O-],0
XEPBUR,OC(=O)CCCCCCCCC(O)=O.c1cncc(c1)N=Nc1cccnc1,0
LIGZIL,O=C([O-])c1ccc(cc1)N(=O)=O.[NH3+]CCCO,0
ERIWUY01,NC(N)=O.OC(=O)CCCCC(O)=O,0
LORBAY01,[2H][N+]1=CC=CN1[2H].[2H]OC(=O)c1c(F)c(F)c(c(F)c1F)C(=O)[O-],0
CEJPIU,CN(C)P(=O)(N(C)C)N(C)C.NS(N)(=O)=O,0
RAGMOC,O=C([O-])C[NH+]1CCCCC1.OC(=O)C[NH+]1CCCCC1.O=N(=O)c1cc(c([O-])c(c1)N(=O)=O)N(=O)=O,0
NONMIM,Cc1cccnc1.Oc1ccc(cc1)C1(CCCCC1)c1ccc(O)cc1,0
GIJTAY,COc1cc(Cc2c[nH+]c(N)nc2N)cc(OC)c1OC.Oc1ccc(O)c(c1)C(=O)[O-],0
MUXSAB,Cc1ccccc1.CCCCN(c1ccccc1)c1ncccc1C(O)=O,0
COQYOX,FC(F)(F)S(=O)(=O)[O-].N1P=[NH+]c2ccccc12,0
IPEVEF,OC(=O)C1CCCCC1.C1N2CN3CN1CN(C2)C3,0
BEFGOM,O=N(=O)c1ccc(cc1)N1CC[NH2+]CC1.OC(=O)c1cc(cc(c1[O-])N(=O)=O)N(=O)=O,0
MOZBAG,Nc1ncccn1.OC(=O)c1ccc(Cl)cc1,0
XALCUI,[NH3+]C(C(O)=O)c1ccccc1.CC1(C)C2CCC1(CS(=O)(=O)[O-])C(=O)C2,1
GEFFIK,CC1=CNC(=[NH2+])S1.OC(=O)CCCCCCCC(=O)[O-],0
ZOXCIA,NC(=[NH2+])NN=Cc1c(cc(cc1N(=O)=O)N(=O)=O)N(=O)=O.O=N(=O)C1=N[N-]N=N1,0
CYTRES10,[NH2+]=C1NC(=O)NC=C1.Oc1cccc(O)c1C(=O)[O-],0
FECFOL,NC(=O)c1ccncc1.COc1cccc(c1)C(O)=O,0
GANYAW,CN1C=NC2=C1C(=O)N(C)C(=O)N2C.OC(=O)CC(O)=O,1
YICMAY,CC1(C)C2CCC1(CS(=O)(=O)[O-])C(=O)C2.[NH3+]CC(C(O)=O)c1ccccc1,1
TOHHEG,Clc1cc(ccc1C(=O)[O-])N(=O)=O.[NH3+]CCO,0
OZETEU,OC(=O)c1ccc(O)cc1.Cc1ccnc(N)n1,1
AQUMIL,COC(=O)C=Cc1ccccn1.NC(N)=O,0
VAKVEJ,NC(=O)c1ccncc1.Oc1cc(O)cc(O)c1,0
SEYBED,Clc1c(Cl)c(Cl)c([O-])c(Cl)c1Cl.[2H][N+]1(C)CCOCC1.[2H]Oc1c(Cl)c(Cl)c(Cl)c(Cl)c1Cl,0
LUMSAN,OC(C(=O)[O-])c1ccc2ccccc2c1.[NH3+]C(C)c1ccc(OC)cc1,0
XEPCAY,OC(=O)CCCCCCC(O)=O.c1cc(ccn1)N=Nc1ccncc1,0
LILFAQ,CC1=CC(=O)N=C(N)N1.CC1=CC(=O)NC(=[NH+]1)N.OC(=O)CC(=O)[O-],0
GEDLAD,CN1C=[N+](C)C(=C1)N(=O)=O.COS(=O)(=O)[O-],0
FOXPEO,Oc1c(ccc2ccccc12)C(=O)[O-].[NH3+]CC1(CCCCC1)CC(O)=O,0
APUWIU,CC1=NNC(=O)N(C1)N=Cc1c[nH+]ccc1.Oc1cccc(C(=O)[O-])c1O,0
LUJCUP,Oc1ccc2ccccc2c1c1c(O)ccc2ccccc12.Cc1ccnc(c1)c1cc(C)ccn1,0
ASAPIV,CC(C(=O)[O-])C(F)(F)F.[NH3+]C(CO)C(C)O,1
SAVWEU,Nc1[nH+]nc(c(N)n1)c1cccc(Cl)c1Cl.Oc1ccccc1C(=O)[O-],0
CACBOY,COc1cc(Cc2c[nH+]c(N)nc2N)cc(OC)c1OC.OC(=O)CCCC(=O)[O-],0
UHOSEQ,c1cc(ccn1)C=Cc1ccncc1.CCOC(=S)Nc1ccccc1,0
BUTVAP,[NH2+]=C1NC2(COC(CF)CC2CS1)c1ccc(F)cc1F.CS(=O)(=O)[O-],0
ACEREH,Nc1ccccc1C(O)=O.CN1N=NC2=C(N=CN2C1=O)C(N)=O,0
NOKLAD,ClC1=NSN=C(Cl)C21NC(=O)c1ccccc1N2.C1CCOC1,0
KUDXIS,Cc1ccc(cc1)S(=O)(=O)[O-].NC1=[NH+]C(=O)C=C(N)N1,0
NASQED,OC(=O)C=CC(=O)[O-].C[N+](C)(C)CC(O)=O,0
REBXIH,OC(=O)c1cc(O)c(O)c(O)c1.NC(=O)c1cnccn1,0
VESJUZ,CC(=O)Nc1[nH+]ccc(C)c1.OC1=C([O-])C(=O)C1=O,0
EWOJIM,O1C(=Nc2ccccc12)C=Cc1ccncc1.N#Cc1cc(C#N)c(cc1C#N)C#N,0
OCIPUM,OC(=O)CCC(O)=O.NC(=O)c1ccc(CN2C=CC=N2)cc1,0
NIQRUB,Cc1ccc(cc1)S(=O)(=O)[O-].NC1=[NH+]c2ccccc2S1,0
KUCGAS,Nc1ccccc1.Cc1ccccc1O,1
BOWJII,c1cc(ccn1)C=Cc1ccncc1.OC(=O)c1cc(F)c(F)c(F)c1,0
FAKKUA,OC(=O)Cc1ccccc1.CN1C=NC2=C1C(=O)N(C)C(=O)N2C,0
WIRRIY,OCC[NH+]1CCOCC1.Clc1cccc(Cl)c1Nc1ccccc1CC(=O)[O-],0
VAQSOW,CN(C)c1cccc(c1)C(=O)[O-].COc1cc(C)[nH+]c(N)n1,0
DINYEE10,C[NH2+]C(C)C(O)c1ccccc1.CC(C)CC(NC(=O)OCc1ccccc1)C(=O)[O-],0
IPOZAO01,NC(=O)c1c[nH+]ccc1.O=N(=O)c1cc(c([O-])c(c1)N(=O)=O)N(=O)=O,0
SABBAB,OC(=O)CCCCC(O)=O.Cc1ccc(cc1)c1nc(N)nc(N)n1,0
TIWZEG,NC1=Nc2ccc(O)cc2N1c1ccc(Cl)cc1.Cc1ccccc1,0
AJAKAX,NC(=O)c1ccncc1.CCCC=CC(O)=O,0
FENQEX,OC(=O)c1cc(O)ccc1O.CCOc1ccccc1C(N)=O,0
WIVDUA,OC1=C(Br)C(=O)C(=C(Br)C1=O)O.c1ccc2nc3ccccc3nc2c1,0
CUWZAW,C1CN2CCN1CC2.OC(=O)c1cccc(c1)C(O)=O,0
OPOZOK,O=N(=O)c1ccc([O-])c(c1)N(=O)=O.CN(C)c1cc[n+](O)cc1,0
JADGED,[NH3+]CCCC([NH3+])C(=O)[O-].OC(=O)CCC(=O)C(=O)[O-],1
NUYBUF,c1ccc2c(c1)nnc1ccccc21.OC1=C(Cl)C(=O)C(=C(Cl)C1=O)O,0
BENWUO,O=C1NC(=O)C=C([O-])N1.CC[NH+](CC)CC(=O)Nc1c(C)cccc1C,1
KOTNOY,[NH3+]C(C(O)c1ccccc1)c1ccccc1.OC(C(=O)[O-])c1ccccc1,1
ZEFFEX01,OC(=O)C(O)=O.CN(C)C(N)=O,0
SOHMUZ,OC(=O)c1cc(ccc1O)S(=O)(=O)[O-].NC(=O)c1cc[nH+]cc1,0
YUJFOY,ClP1(=NP(=NP2(=N1)Nc1c(N2)c2ccccc2c2ccccc12)(Cl)Cl)Cl.C1CCOC1,0
HABJUS,CC(=O)Oc1cc(ccc1C(O)=O)C(F)(F)F.NC(N)=O,0
QUQPAV,Oc1cc(O)c(Br)cc1Br.COC(=O)C=Cc1cccnc1,0
VAVYOK,Nc1ccc(c(O)c1)C(=O)[O-].COc1cc(C)[nH+]c(N)n1,0
BEFGIC,CCOC1=C(OCC)C(=O)C(C1=O)=C(C#N)C#N.c1cc2ccc3cccc4ccc(c1)c2c34,0
BODVOH,c1ccccc1.CC[n+]1ccc(cc1)C=Cc1ccc(OC)c(OC)c1.O=N(=O)c1cc(c([O-])c(c1)N(=O)=O)N(=O)=O,0
BZASUC,OC(=O)CCC(O)=O.NC(=O)c1ccccc1,0
KALZUT,FC(F)(F)C(=O)[O-].CC1(O)C[NH2+]CC1C=C,0
RIDKOG,C1N2CP3CN1C[N+](C2)(C3)Cc1ccccc1.O=S(=O)([O-])c1cccc(c1)P(c1ccccc1)c1ccccc1,0
TIBXIP,FC1=C[N-]C(=O)NC1=O.COc1cc(Cc2c[nH+]c(N)nc2N)cc(OC)c1OC,0
YORZUD,C[n+]1ccccc1Cl.FC(F)(F)S(=O)(=O)[O-],0
QOQJOX,Nc1ccc(Cc2ccc(N)cc2)cc1.COc1cc(ccc1O)C(O)=O,0
ZODWIY,NC(N)=O.OC(=O)CCCC(O)=O,0
HUBPUR,OC(C(O)C(=O)[O-])C(O)=O.Oc1c[nH+]ccc1,0
YACXUZ,OC(=O)C(O)=O.N#Cc1ccccn1,0
IVUMES,Cc1ccccc1C(=O)[O-].C[NH+](C)C(C)C(O)c1ccccc1,0
FIFDAD,O=N(=O)c1ccc(cc1)N1CC[NH2+]CC1.Clc1ccc(CC(=O)[O-])cc1,0
LEBVOH,Cc1ccc(cn1)C(N)=O.OC(=O)CCCCC(O)=O,0
DOTGID,O=C1NC=C(C(=O)[O-])C(=O)N1.NC1=[NH+]C(=O)NC=C1,0
INACOQ,OC(=O)c1cc(cc(c1)C(O)=O)C(O)=O.NN1C(=NN=C1c1cnccn1)c1cnccn1,0
CUDPAS,[nH+]1ccc2C=COc2c1.Oc1cnccc1C(=N[O-])N(=O)=O,0
AZEKIA,FC(F)(F)C(=O)[O-].Cc1ccccc1C1=NC2=C(O1)N=CN1CC[NH+]=C21,0
VIGGIC,NC(=O)c1ccc(O)cc1.[O]n1ccn([O])cc1,0
NEBXOJ,OC(=O)c1cccc(c1)C(O)=O.COc1cc(OC)nc(N)n1,0
HONFIB,OC(=O)c1ccc(O)cc1.c1ccc2ncccc2c1,1
WATREP02,Cc1nc(C)c(C)nc1C.OC1=C(Cl)C(=O)C(=C(Cl)C1=O)O,0
YEPGOT,NC1=NN=C(O1)N=NC1=NN=C(N)O1.CS(C)=O,0
DKPSAL10,OC(=O)c1ccccc1O.O=C1CNC(=O)CN1,0
EXANAT,OC(=O)c1ccc(O)cc1O.Cc1cc(C)nc(NS(=O)(=O)c2ccc(N)cc2)n1,0
GUXVIH,CC(=O)NC1=NN=C(S1)S(N)(=O)=O.c1cnccn1,0
GAZTOU,Clc1cccc(C(=O)[O-])c1N(=O)=O.CC1=C[NH+]=C(N)S1,0
CAGQEK,Oc1ccc2c(Oc3cc(O)ccc3C32OC(=O)c2ccccc32)c1.C(Cc1ccncc1)c1ccncc1,0
XIFNAC01,Nc1ccc(cc1)S(N)(=O)=O.CC(=O)N1CCOCC1,0
ERAHEN,OC(=O)c1cc(ccc1C(=O)[O-])N(=O)=O.NC(=O)c1cc[nH+]cc1,0
FAFGOL,COc1ccc2cccc(CCNC(C)=O)c2c1.Oc1ccc(O)cc1,1
TIGTOU,CC1(C)C2CCC1(CS(=O)(=O)[O-])C(=O)C2.Brc1ccc(cc1)[N+]#N,1
TAJWOT,CS(=O)(=O)[N-]S(C)(=O)=O.[NH3+]c1ccc(Br)cc1.C1COCCOCCOCCOCCOCCO1,1
DIKSUM,OC(C(O)C(=O)[O-])C(O)=O.[NH3+]c1ccc(cc1)C(O)=O,1
AMILEN,NC(N)=O.c1ccc(nc1)c1ccccn1,0
ORELEE,OC(C(F)(F)F)C(F)(F)F.CN1C=Nc2c(N)ncnc12,0
MPPZPO,Oc1ccccc1.CN1c2ccccc2P(=O)(c2ccccc2)c2ccccc12,0
XISVUU,[NH3+]CCc1ccc(O)cc1.COc1ccc2cc(ccc2c1)C(C)C(=O)[O-],1
XISLIV01,O=N(=O)c1ccc(cc1)S(=O)(=O)Nc1cc[nH+]cc1.ClC(Cl)(Cl)C(=O)[O-],0
LIPXUD,c1cnc2c(c1)ccc1cccnc21.Oc1ccc(cc1)c1ccc(O)cc1,0
KOSHUV,CS(C)=O.O=C(NC1=NC=CC=N1)c1ccc(cc1)C(=O)NC1=NC=CC=N1,0
LEQMON,Nc1nc(N)nc(N)n1.O=C1NC(=O)c2ccccc12,0
KIGMIX,OC(=O)C=CC(=O)[O-].OC(=O)c1ccc[nH+]c1Nc1cccc(c1)C(F)(F)F,0
NAKBAF,OC(=O)C=CC(O)=O.CCc1cc(ccn1)C(N)=S,0
QOVRID,OC(=O)C=CC(=O)[O-].Oc1cccc2ccc[nH+]c12,0
LEPCES,c1cc(ccn1)C=Cc1ccncc1.CCCC(O)=O,0
OBAWUM,Cc1ccccc1C(O)=O.C1N2CN3CN1CN(C2)C3,0
HOZBOO,OC(=O)C=CC(O)=O.CC(=O)c1ccncc1,0
UNOZIJ,c1cnc2c(c1)ccc1cccnc21.OC(=O)CCC#C,0
CAJTEP,Oc1cccc(O)c1C(=O)[O-].OC(=O)c1c[nH+]ccc1,1
CIDCOI,OC(=O)c1cccc(n1)C(=O)[O-].COc1[nH+]c(N)nc(OC)c1,0
GABSUB,C[NH2+]CCO.O=C([O-])c1ccc(cc1)N(=O)=O,0
HOMZAM,Nc1nc(N)nc(n1)c1ccccc1.CN(C)C=O,0
SIHLON,OC(=O)c1ccc(Cl)cc1Cl.Cc1nc(C)c(Cl)c(N)n1,0
HONWAJ,c1cc(ccn1)C=Cc1ccncc1.OC(=O)c1cccc(O)c1,0
COGCEJ01,OC(=O)C=CC(=O)[O-].OCc1cc[nH+]cc1,0
TEJWEL,OC(=O)c1cc(ccc1O)S(=O)(=O)[O-].[NH3+]c1cccc(OC)c1,1
NOVTEX,c1ccc2c(c1)cnc1ccccc21.OC(=O)C1c2ccccc2c2ccccc12,0
LIGPOJ,NC1=Nc2ccccc2S1.CC(C)(C)C(O)=O,0
MUYDUI,[NH3+]c1ccc(O)cc1.Oc1ccccc1C(=O)[O-],0
GEMLOD,Clc1ccc(c(Cl)c1)C(=O)[O-].CN1CC(=O)NC1=[NH2+],0
RESGIG,OC(=O)CCC(O)=O.Cc1ccc(C)nc1,0
VEZPEY,CCc1[nH+]c(C)ccc1O.OC(=O)CC(=O)[O-],0
WAWVID,CN1CC[N+]2(C)Cc3cnc(C)c(O)c3C12.O=P([O-])(c1ccccc1)c1ccccc1,0
PUCSOY,OC(=O)c1ccc(Br)cc1.Cc1cc(C)nc(NS(=O)(=O)c2ccc(N)cc2)n1,0
GAMFAC,OC(=O)c1cc(ccc1O)S(=O)(=O)[O-].CCc1[nH+]c(N)nc(N)c1c1ccc(Cl)cc1,0
XOQQUS,[NH2+]=C1NC(=O)NC=C1F.NC1=NC(=O)NC=C1F.O=N(=O)c1cc(c([O-])c(c1)N(=O)=O)N(=O)=O,0
BOQXEK,NC(=O)Nc1cccc2ccc[nH+]c12.OC(=O)c1cc(cc(c1[O-])N(=O)=O)N(=O)=O,0
BEFGIG,O=N(=O)c1ccc(cc1)N1CC[NH2+]CC1.O=C([O-])c1ccccc1,0
TUJPEV,Oc1c(cc(cc1N(=O)=O)N(=O)=O)C(=O)[O-].[NH3+]c1ccc(cc1)S(=O)(=O)NC1=NOC(=C1)C,0
SAYPOZ,OC(=O)c1cccc(O)c1.CCC(C)=NNC(=O)c1ccncc1,0
LIQSIQ,OC(=O)c1cccc(C(O)=O)c1C(O)=O.c1cnccn1,0
AYOROW,OC(=O)CN1C(=O)c2ccccc2C1=O.CN1C=NC2=C1C(=O)N(C)C(=O)N2C,0
ZEXVUV,Oc1cccc(O)c1.CCN1C=C(C(O)=O)C(=O)c2ccc(C)nc12,0
RATNIN01,O=P([O-])(Oc1ccccc1)Oc1ccccc1.[NH3+]c1ccccc1Cl,0
TIHPAC,OC(=O)Cc1cccc2ccccc12.C1CCNCC1,0
GULQAH,c1cc(ccn1)C=NN=Cc1ccncc1.OC(=O)CCCCC(O)=O,0
SIZZUZ,NS(=O)(=O)c1cc2c(NCNS2(=O)=O)cc1Cl.CN(C)c1ccncc1,0
SABCEF,Oc1ccccc1C=O.CN(C)c1ccncc1,0
UFOTOY,C[NH+]1C2CCC1C(O)(O)C(F)C2.CC1(CS(=O)(=O)[O-])C2CCC1(C)C(=O)C2Br,1
AXOVIU,OCC[NH2+]CCO.OCCN(CCO)C(=O)[O-],0
XAQCOI,CC([NH2+]C(C(F)F)c1ccccc1)c1ccccc1.OC(=O)c1ccccc1C(=O)[O-],1
COZXIZ,C(Cc1ccncc1)c1ccncc1.OC(=O)c1ccccc1,0
HOWLIR,CN1C(=O)NC(=O)C2=C1NC=[N+]2C.Oc1cccc(O)c1C(=O)[O-],0
VUZZOF,CN(C)C=O.Clc1ccc(cc1)S(=O)(=O)NS(=O)(=O)c1ccc(Cl)cc1,0
VUXXIX,C(Cc1ccncc1)c1ccncc1.CCCCOc1ccc(cc1)C(O)=O,0
KARGIW,OC=O.Cc1cccc(C)n1,1
NEGTIC,Cc1cc(N2C=CC=C2)c(cc1C(=O)NC(N)=[NH2+])S(C)(=O)=O.CS(=O)(=O)[O-],0
MUPPUI,CC(=O)Nc1ccc(O)cc1.C1CNCCN1,0
AKENAG,CN(C)C=O.CC(=O)Nc1cccc(NC(C)=O)n1,0
XUGNEU,CC1=C(C#N)C(=O)NC(=O)C1=CNc1ccc(Br)cc1.CN(C)C=O,0
PEVCOL,CS(=O)(=O)[O-].[NH3+]C(CCCNC(N)=[NH2+])C(=O)[O-],0
SIJZUI,OC(=O)c1ccc(O)cc1.O=C1CNC(=O)CN1,0
VAXJAJ,CCOc1ccc2[nH+]c3cc(N)ccc3c(N)c2c1.Cc1cccc(Nc2ccccc2C(=O)[O-])c1C,0
CEQBAE,c1ccc2nc3ccccc3cc2c1.Oc1ccc(Cl)cc1,1
BAZTIJ01,OC(=O)CCCC(O)=O.N#Cc1cccnc1,0
QOVQAU,CCc1[nH+]c(N)nc(N)c1c1ccc(Cl)cc1.CS(C)=O.O=N(=O)c1cc(c([O-])c(c1)N(=O)=O)N(=O)=O,0
FIFCUW,O=N(=O)c1ccc(cc1)N1CC[NH2+]CC1.Nc1ccc(cc1)C(=O)[O-],0
KOVDUU,CC1CCC(CC1)=CC(=O)[O-].[NH3+]C(CO)Cc1ccccc1,0
UJOHEH,NC(=O)C1CC[NH2+]CC1.O=C([O-])c1ccccc1N(=O)=O,0
UYEYEE,OC(C(O)C(=O)[O-])C(O)=O.NC1=[NH+]C(=O)N(C=C1)C1CSC(CO)O1,1
HAVYEL,[NH3+]C(C)C(F)(F)F.FC(F)(F)S(=O)(=O)[O-],0
NEKRII,CCOc1ccc2[nH+]c3cc(N)ccc3c(N)c2c1.Clc1cccc(c1)C(=O)[O-],0
LHLASP01,[NH3+]C(CC(=O)[O-])C(=O)[O-].[NH3+]C(CC1=C[NH+]=CN1)C(=O)[O-],1
LEXQOW,OC(=O)CCCCCCCC(O)=O.NC1=Nc2ccccc2S1,0
YOXMEG,Clc1cccc(c1)C(=O)[O-].C[N+](C)(O)c1ccc(cc1)N(=O)=O,0
NUQHEO,Cc1c(O)cccc1O.C(Cc1ccncc1)c1ccncc1,0
EKOCAL,FC(F)(F)S(=O)(=O)[N-]S(=O)(=O)C(F)(F)F.C[N+]1=CN(CCS(F)(=O)=O)C=C1N(=O)=O,0
REHTAB,CCOc1ccccc1C(N)=O.OC(=O)C=CC(O)=O,0
MOXXIJ,OC(C(=O)[O-])c1ccc(Br)cc1.[NH3+]C(C(O)c1ccccc1)c1ccccc1,1
WUKBUB,OC(=O)c1cccc(Cl)c1.O=S(=O)(c1ccncc1)c1ccncc1,0
UMIPIR,C1N2CN3CN1CN(C2)C3.OC(=O)c1cc(O)c(O)c(O)c1,0
TICRII,c1cc(ccn1)C=Cc1ccncc1.Nc1ccc(cc1)S(=O)(=O)Nc1ncccn1,0
CUBBAD,Cc1nc(C)c(C)nc1C.Oc1ccc2ccc(O)cc2c1,0
SARDAQ,Nc1ccc(N)cc1.Oc1ccccc1,0
RAYPOY,OC(=O)C[N+]12CC[N+](CC1)(CC2)CC(=O)[O-].OC1=C([O-])C(=O)C1=O,0
GEHWOJ,Clc1ccc(c(c1)C(=O)[O-])N(=O)=O.Cc1[nH+]cc(cc1)C(N)=O,0
HONTUA,OC(=O)c1cccc(O)c1.C(Cc1ccncc1)c1ccncc1,0
ITAQUS,CC(C)(Oc1ccc(Cl)cc1)C(=O)[O-].Cc1cccc2SC(=[NH2+])Nc12,0
HIDBOP,OC(=O)C=CC(=O)[O-].[NH3+]CCCC(O)=O,0
EZIFID,CC1=NN=C2CN=C(c3ccccc3)c3cc(Cl)ccc3N12.OC(=O)c1ccccc1,0
LUNNOX,NC(=O)c1ccncc1.OC(=O)C=CC(O)=O,0
YENVOG,O=C([O-])c1ccc2ccccc2n1.[NH3+]C(CC)CO,0
ORUXEF,[NH3+]C(CCCNC(N)=[NH2+])C(=O)[O-].O=C1CN(N=CC2=CC=C(O2)N(=O)=O)C(=O)[N-]1,0
SIBYUA01,c1cc(ccn1)c1ccncc1.CC(=O)Oc1ccccc1C(O)=O,0
LEXCEA,CN1C(=O)NC(=O)C2=C1NC=[N+]2C.Cc1ccc(cc1)S(=O)(=O)[O-],0
GISWUB,OC(C(O)C(=O)[O-])C(O)=O.[NH3+]C(C)CO,0
ITIGEY,OB(O)c1ccc(O)cc1.c1cnc2c(c1)ccc1cccnc21,0
OQIFAX,Nc1nc(N)nc(N)n1.OC(=O)Cc1cccc(Cl)c1,0
PEJTOQ,O=C[O-].C[N+]1=CN(CCO)C=C1,1
ODUSUE,FC(F)(F)S(=O)(=O)[O-].Cc1cc[n+](O[Si](C)(C)C)cc1,0
IVUKOA,C[NH+](C)C(C)C(O)c1ccccc1.Clc1ccccc1C(=O)[O-],1
YAHTUY,c1ccncc1.OC(=O)c1cc(O)c(O)c(O)c1,0
TIMQIT,Cc1ccc(cc1)S(=O)(=O)[O-].O=C1N[NH2+]C21CCCCC2,1
ACOYOG,Oc1cccc(O)c1.C(Cc1ccncc1)c1ccncc1,0
VELBEV,[NH3+]C(C(O)c1ccccc1)c1ccccc1.O=C([O-])C1=Cc2ccccc2N1,1
HEPQIG,OC(=O)c1ccccc1Cl.CN1N(C(=O)C=C1C)c1ccccc1,0
EVEMOI,[NH2+]1CCOCC1.COc1ccc(cc1)C(O)=O.COc1ccc(cc1)C(=O)[O-],0
CIHDEF,NC(=O)c1c[nH+]ccc1.CC1=CC(=O)[N-]S(=O)(=O)O1,0
UGOREP,NC1=[NH+]C=CS1.OC(=O)CC(=O)[O-],1
COSLIG,FC(F)(F)C(=O)[O-].[NH3+]C1CSC=C(NC1=O)C(=O)OC,1
GIFFEJ,NC(N)=O.Cc1cnc(C)cn1,0
HAMYIE,COc1cc(Cc2c[nH+]c(N)nc2N)cc(OC)c1OC.OC(=O)CC(=O)[O-],0
ODIDAJ,OC(=O)c1cc(O)cc(O)c1.CCOc1ccccc1C(N)=O,0
NAKYOQ,OC(=O)c1cc(O)ccc1O.CC(C)=NNC(=O)c1ccncc1,0
KIJSED,NC(=O)c1cnccn1.CN1N=NC2=C(N=CN2C1=O)C(N)=O,0
WIBVEM,CC(=O)[O-].[NH3+]C(C)C(=O)NC(C)C(=O)OC(C)(C)C,1
TEZMAP,O=S(=O)([O-])c1ccccc1.[NH3+]c1ccc(N)c(c1)N(=O)=O,0
TAKDOB,CS(=O)(=O)[N-]S(C)(=O)=O.C1COCCOCCOCCOCCOCCO1.[NH3+]c1ccc(F)cc1,1
CAMHIJ,FC(F)(F)S(=O)(=O)[O-].C[NH+](C)c1cccc2cccc(F)c12,0
NUQLOD,Oc1ccccc1C(=O)[O-].Cc1cccc2SC(=[NH+]c12)N,0
OXANEI,Oc1c(CC(=O)NCC2=CC=CO2)c2OC(=O)Cc2c2OC(=O)Cc12.c1ccccc1,0
MUPNUG,OC(=O)CC(=O)[O-].[NH3+]C(CCCNC(N)=[NH2+])C(=O)[O-],0
FOQNUX,CCOP(=O)(Nc1[nH+]c(C)ccc1)OCC.ClC(Cl)(Cl)C(=O)[O-],0
PUHGUV,CC(C)COc1ccc(cc1C#N)C1=NC(=C(S1)C(O)=O)C.c1ccncc1,0
HINRUU,Oc1cc[nH+]cc1.OC(=O)CC(=O)[O-],0
ZORVIL,C1CCNCC1.OC1(c2ccccc2)c2ccccc2c2ccccc12,1
UGOSEQ,CC1=CSC(=N1)N.OC(=O)CCCCCCCCC(O)=O,0
HIFCOQ,FC(F)(F)C(=O)[O-].CC1CC2C3CCC[NH+]4CCC(=C(O)C2=O)C34C1,1
UHAYEH,CCc1[nH+]c(N)nc(N)c1c1ccc(Cl)cc1.OC(=O)CCCC(=O)[O-],0
UWANEN,OC(=O)c1cc(ccc1O)S(=O)(=O)[O-].[NH2+]=C1NC(=O)NC=C1F.NC1=NC(=O)NC=C1F,0
PEGDUE,CCC(=O)Nc1ccccn1.OC(=O)c1ccc(Cl)cc1,0
SUCTIV,OC(=O)C=CC(O)=O.CN(C)C(N)=O,0
NENWEM,C(N1C=CN=C1)c1ccc(CN2C=CN=C2)cc1.OC(=O)c1ccc(cc1)C(O)=O,0
SOLHUY,COc1ccc(cc1)C(O)=O.N#Cc1ccncc1,0
JIQFEX,Oc1cccc(c1)C(=O)[O-].[NH3+]CC1CCC(CC1)C(O)=O,0
DUZPAQ,OC(=O)CCC(O)=O.NC(=O)c1cccnc1,0
LOGDIW,Cc1cc(N)[nH+]cc1N(=O)=O.FC(F)(F)C(=O)[O-],0
PARXAI,CCc1[nH+]c(N)nc(N)c1c1ccc(Cl)cc1.O=C([O-])c1ccccc1N(=O)=O,0
SIHBIX,Nc1ccc(cc1)C(O)=O.Cc1nc(C)c(Cl)c(N)n1,0
GAXFUI,[NH2+]=C1NC(=O)N(C=C1)C1CSC(CO)O1.Oc1ccccc1C(=O)[O-],1
XIYCUH,Nc1c(Cl)c[nH+]cc1Cl.Oc1cccnc1C(=O)[O-],0
WEGTOU,CC(=NO)C(C)=NO.CC(N)=O,0
UNIHUU,CC1=CC(=[NH+]c2c(O)cccc2N1)C.O=N(=O)c1cc(c([O-])c(c1)N(=O)=O)N(=O)=O,0
IJELUE,[NH2+]1CCOCC1.OC(=O)CC(O)(CC(=O)[O-])C(O)=O,0
LOQXIB,[2H][n+]1cccc(C)c1.[2H]OC(=O)c1c(F)c(F)c(c(F)c1F)C(=O)[O-],0
KIHXIJ,c1cc(ccn1)C=Cc1ccncc1.Oc1cccc(c1)C#N,0
MUZTUY,FC(F)(F)S(=O)(=O)[O-].CN1C=CN(C)C1=[P+]=C1N(C)C=CN1C,0
ZIPGOX,NC(=O)c1cc[nH+]cc1.OC(=O)c1ccccc1C(=O)[O-],0
REKTAG,O=C(NCc1ccncc1)C(=O)NCc1ccncc1.OC(=O)c1cccc(Cl)c1,0
ABELIC,Oc1cccc(O)c1.c1ccc(C=Cc2ccccn2)nc1,0
NETWUE,OC(C(O)C(=O)[O-])C(O)=O.C[NH2+]C(C)Cc1ccc(F)cc1,1
QEMFIX,OC(=O)CC1(CC(O)=O)O[B-]2(OC1=O)OC(=O)C(CC(O)=O)(CC(O)=O)O2.Oc1cccc2ccc[nH+]c12,0
YIWCOW,[NH3+]CC1CCC=CO1.OC(C(=O)[O-])c1ccccc1,1
XAPXAN,NC1=[NH+]CCS1.Clc1cc(Cl)c(OCC(=O)[O-])cc1Cl,0
GINMOG,NC1=[NH+]C(=C(CC2=C(N)N=C(N)NC2=O)C(=O)N1)N.O=C([O-])c1cc(cc(c1)N(=O)=O)N(=O)=O,0
RATRUC,FC(F)(F)C(=O)[O-].CC1(C)C2COc3ccccc3C2[NH+]=C2C=NC=CN12,0
CEHJEF,C[N+](C)(C)S(=O)(=O)[N-]S(=O)(=O)[N+](C)(C)C.ClS(=O)(=O)[N-]S(Cl)(=O)=O,0
DUJYEP,CC1(C)C(C#N)(C#N)C1(C#N)C#N.C1CCOC1,0
RUXQAC,OC(=O)C(O)=O.c1cnc2cccnc2c1,0
YITKOD,OC1C[NH+]2CCC1CC2.O=C([O-])CN1C(=O)c2cccc3cccc(C1=O)c23,0
POZNUQ,OC(=O)c1ccc(O)cc1.OC(CN1C=NC=N1)(CN1C=NC=N1)c1ccc(F)cc1F,0
YUGQEZ,O=P(c1ccccc1)(c1ccccc1)c1ccccc1.O=S(=O)(NS(=O)(=O)c1ccccc1)c1ccccc1,0
YAJHIE,FC(F)(F)C(=O)[O-].COc1c(O)c(nc(c2[nH+]cccc2)c1OC)C(N)=O,0
ANILIV,Nc1ccc(cc1)S(=O)(=O)Nc1ncccn1.C1CCOC1,0
CBCPIC,C[N+](C)(C)CCOC(N)=O.Oc1c(cc(cc1N(=O)=O)N(=O)=O)N(=O)=O.O=N(=O)c1cc(c([O-])c(c1)N(=O)=O)N(=O)=O,0
FEVJOI,ClC1=CC(=C(Cl)S1)C(=O)[O-].COc1cc(Cc2c[nH+]c(N)nc2N)cc(OC)c1OC,0
UNIQIU,O=N(=O)c1cc(c(c(c1)N(=O)=O)S(=O)(=O)[O-])N(=O)=O.C[N+](C)=COCF,0
YICNEH,Oc1ccc(cc1O)C(=O)[O-].NC1=[NH+]C(=O)NC=C1F,1
JAXSOR,c1ncncn1.Oc1cccc(O)c1O,0
LATDER,OC(=O)CCCCCCCCC(O)=O.O=C(NN=Cc1ccccn1)c1ccncc1,0
EWIKAY,c1ccc2nc3ccccc3nc2c1.CC(C)c1cccc(C(C)C)c1O,0
LUNZID,CCCCCCCC(O)=O.c1cnccn1,0
MEDHAG,[NH3+]CCc1ccc(O)cc1.OC(CC(O)=O)C(=O)[O-],1
LISZES,CC(=O)[O-].NC(=[NH2+])NC(=O)C1=CC=CN1,0
KOBNIB01,O=NC1=C([O-])NC(=O)NC1=O.[NH3+]CCc1ccc(O)cc1,0
KORHAD,CC1=NN(Cc2ccc(cc2)C#N)C(=C1)C.OC(=O)C(O)=O,0
MOYMAP,c1cc(ccn1)c1ccncc1.CC(=O)c1ccc(cc1)B(O)O,1
DEZDAO,FC(F)(F)C(=O)[O-].FC1=CNC(=C1F)C1=CC(=[NH+]N1)C1=C(F)C(=CN1)F,0
JIYQAM,FC(F)(F)S(=O)(=O)[O-].COC(=O)c1ccc(C(=O)OC)c(c1)[n+]1ccccc1,0
NUGZOF,NN1C(=NN=C1c1ccncc1)c1ccncc1.Nc1cc(cc(c1)C(O)=O)C(O)=O,0
KOBGIV,NC1=N[N+]2(CCSCC2)CC1.O=N(=O)c1ccc(cc1)S(=O)(=O)[O-],0
XUYKIM,c1cc(ccn1)c1ccncc1.Oc1ccc2C3c4ccc(O)cc4C(c2c1)c1cc(O)ccc31,0
YOCRUE,O=N(=O)c1cccc(c1)S(=O)(=O)[O-].NC(=[NH2+])SCc1ccccc1,1
ETIXIR,NC(=[NH2+])NC(N)=S.O=C([O-])c1ccccn1,0
NAKZOR,OC(=O)c1ccccc1C(=O)[O-].NNC(=O)c1cc[nH+]cc1,0
NOJWOY,[NH3+]Cc1cccc(Cl)c1.OC(CC(O)=O)C(=O)[O-],1
GUYYIL,O=C([O-])c1ccc(cc1N(=O)=O)N(=O)=O.C[N+](C)=C(N)O,0
FAYYAI,Nc1ccc(C(O)=O)c(O)c1.NC(=O)N1c2ccccc2C=Cc2ccccc12,0
NUQHIS,Cc1c(O)cccc1O.c1cc(ccn1)N=Nc1ccncc1,0
NUMZED,COc1ccc(cc1)C(O)=O.Fc1c(F)c(F)c(N=Cc2ccncc2)c(F)c1F,0
AYIJUP,c1ccc2ncccc2c1.OC(=O)CCSC1=CC(=O)C(=O)c2ccccc12,0
HAYLEC,Oc1ccc(C=O)c(O)c1O.c1cc(ccn1)c1ccncc1,0
BARMIM,CN1C=CN=C1.CCC1(CC)C(=O)NC(=O)NC1=O,0
IJUPEI,CC1=CC2[NH+](CC1)CC1CCCCC21O.O=N(=O)c1cc(c([O-])c(c1)N(=O)=O)N(=O)=O,1
QIYJEQ,Nc1cc(ccc1C(=O)[O-])N(=O)=O.CC(=O)c1ccc(cc1)N1CC[NH2+]CC1,0
ATOLIF,OC(=O)c1cc(ccc1O)S(=O)(=O)[O-].[NH3+]CCc1ccc(O)c(O)c1,0
QAXZIB,c1cc(ccn1)C=Cc1ccncc1.NC(=S)NN=Cc1ccc(O)cc1O,0
FEPFOX,c1ccc2nc3ccccc3nc2c1.CC(=CC(O)=O)C(O)=O,1
ECEQIP,COc1cc[nH+]cc1.OC(=O)CNc1ccccc1C(=O)[O-],0
QOFKEC,O=C1C(=O)c2cccnc2c2[nH+]cccc12.FC(F)(F)S(=O)(=O)[O-],1
TITJAI,C1COCCO1.NC(=O)c1cc(nc(Cl)n1)c1ccccc1,0
TEHNAW01,Oc1ccc(cc1)c1ccc(O)cc1.N#Cc1ccncc1,0
MUPDOR,[NH3+]c1ccccc1Oc1ccccc1.OC(=O)C1=NNC(=C1)C(=O)[O-],0
FEPFEN,ON=C(C#N)c1ccc(cc1)C(=NO)C#N.CS(C)=O,0
VAKKEA,[NH3+]C(Cc1ccccc1)C(=O)Nc1cccnc1.Brc1ccc(cc1)C(=O)[O-],0
YAJGIC,O=S1(=O)NC(=S)c2ccccc12.NC(=O)N1c2ccccc2CCc2ccccc12,0
HOLKUQ,FC(F)(F)S(=O)(=O)[O-].C[N+]1=CN(CC[NH2+][BH3-])C=C1,0
MEDHIO,OC(C(O)C(=O)[O-])C(O)=O.[NH3+]CCc1ccc(O)cc1,0
TEJNEC,O=C(NNc1ccccc1)NNc1ccccc1.NC(=O)NNc1ccccc1,0
ZUYLAI,NC(N)=O.NC(=O)c1cccnc1,0
XUVRAI,OC(=O)C1=CC=C(O1)N(=O)=O.CC1=CN2N=C(C)SC2=[NH+]1.O=C([O-])C1=CC=C(O1)N(=O)=O,0
YECWUC,NC(=O)c1ccc(O)cc1.CN1C(=O)N(C)C2=C(N(CC(O)=O)C=N2)C1=O,0
WARPEN,NC(=O)c1ccncc1.OB1OCc2cc(F)ccc12,0
JOKYIU,C1CN2CCN1CC2.Nc1ccc(cc1)S(=O)(=O)Nc1ccc(Cl)nn1,0
TEZNIX,OC(=O)Cc1ccc(CC(O)=O)cc1.Nc1nc(N)nc(n1)c1ccccc1,0
MEDBEE,Nc1ccccc1C(=O)[O-].[NH3+]CCc1ccc(O)cc1,0
NOBYAE,OC(=O)C1=C(NC=N1)C(=O)[O-].[NH3+]C(CC1=CNC=[NH+]1)C(=O)[O-],1
TIBXEL,COc1cc(Cc2c[nH+]c(N)nc2N)cc(OC)c1OC.CN1C(=O)N(C)C2=C(N(CC(=O)[O-])C=N2)C1=O,0
MUZFEU,c1cc(ccn1)C=Cc1ccncc1.Oc1cc(O)c(Br)cc1Br,0
EPAXAX,OCS(=O)(=O)[O-].[NH3+]C(CO)(CO)CO,0
HOTGOP,CN(C)c1ccc(cc1)C=NNC(N)=S.CN(C)c1ccc(C=O)cc1,0
MOCCUE,Cc1ccc(cc1)S(O)(=O)=O.COc1cc(OC)nc(N)n1,0
ACETAF,OC(=O)c1ccccc1O.CN1N=NC2=C(N=CN2C1=O)C(N)=O,0
YACFIU,CC(C)C1=C(C)N(C)N(c2ccccc2)C1=O.OC(=O)C=CC(O)=O,0
YANBEX,c1cc(ccn1)C=Cc1ccncc1.CNC(=S)NN=C(C)c1ccc(O)cc1O,0
VOSWOS,OC(C(=O)[O-])c1ccc(Br)cc1.[NH3+]C(CO)C(O)c1ccc(cc1)N(=O)=O,1
ACOPOA,OC(=O)c1cc(O)cc(O)c1.NC(=O)c1cnccn1,0
MIPBIZ,FC(F)(F)S(=O)(=O)[N-]S(=O)(=O)C(F)(F)F.FC(F)(F)O[n+]1ccc(cc1)c1ccccc1,0
MIHSIJ,CC(C)=CC(=O)[O-].[NH3+]C(CCCNC(N)=[NH2+])C(=O)[O-],0
NEBWOK,CCOc1ccc(cc1)C(=O)[O-].O=N(=O)c1ccc(cc1)N1CC[NH2+]CC1,0
UXOBIT,CCCCCCC(O)=O.Nc1ncnc(N)n1,1
SIBYUB,NC(=O)c1ccncc1.ONC(=O)C=Cc1cccc(c1)S(=O)(=O)Nc1ccccc1,0
GUYZOS,NC(=O)c1ccncc1.NC(=O)c1cc[nH+]cc1.OC(=O)c1ccccc1C(=O)[O-],0
HUCRON,CC(=NO)C(=O)NCC[NH2+]CCO.CC(=NO)C(=O)[O-],0
QOLMEL,Cc1ccnc2c1ccc1c(C)ccnc21.Oc1c(O)c(Cl)c(Cl)c(Cl)c1Cl,0
CAKYOE,Oc1c(Cl)cc(Cl)cc1Cl.CC1=NN=C2CN=C(c3ccccc3)c3cc(Cl)ccc3N12,0
BOVZAP,C(Cc1ccncc1)c1ccncc1.OC(=O)c1ccc(F)c(F)c1,0
YECHIY,O1C(=NN=C1c1cccnc1)c1cccnc1.OC(=O)CCCCCCC(O)=O,0
ZAZGEO,[NH2+]=C1NC(=O)NC=C1.NC1=NC(=O)NC=C1.Cc1cccc(Nc2ccccc2C(=O)[O-])c1C,0
GAHHUT,Oc1cccc2ccc[nH+]c12.O=N(=O)c1cc(c([O-])c(c1)N(=O)=O)N(=O)=O,0
EFUNUP,O=C([O-])c1ccc(cc1)N(=O)=O.NC1=NC(=O)NC=C1.NC1=CC=[NH+]C(=O)N1,0
ULEKIG,c1cc(ccn1)c1ccncc1.OC(=O)c1cc(F)cc(c1)C(O)=O,0
AWAYUV,C[NH+]1CCOCC1.COc1cc(cc(OC)c1OC)C1CC(=O)NC(=C1C#N)[S-],0
LAWBER,OC(=O)c1cccc(c1)C(O)=O.Cc1ccncc1,1
UDABOU,Oc1ccc(c(O)c1)C(=O)[O-].Nc1cc(nc(N)[n+]1O)N1CCCCC1,0
XAQCIC,Cc1ccc(cc1)S(=O)(=O)[O-].CC([NH2+]C(CF)c1ccccc1)c1ccccc1,1
GESRAB,NC1=N[N+]2(CCOCC2)CC1.Cc1ccc(cc1)S(=O)(=O)[O-],0
VEJZAO,NC(=O)c1ccccc1.NS(=O)(=O)c1cc2c(NC=NS2(=O)=O)cc1Cl,0
IKANAK,c1cnc2c(c1)ccc1cccnc21.OC(=O)c1ccc2C(=O)OC(=O)c3ccc(C(O)=O)c1c23,0
RIDVIK,CCOP([O-])(=S)c1ccccc1.[NH3+]C(C)c1ccccc1OC,1
KIZYEZ01,CC(=O)Nc1ccccn1.OC(=O)c1ccccc1,0
RAVLOS,OC(=O)c1cc(Cl)cc(Cl)c1O.O=Cc1ccncc1,0
XOTPUU,C[N+]1=C(C)N(CCON(=O)=O)C=C1.O=N(=O)c1cc(c([O-])c(c1)N(=O)=O)N(=O)=O,0
GIMTON,Clc1ccc(cc1)S(=O)(=O)CC(=O)[O-].C[NH+](CCO)CCO,1
TORZAE,c1cc(ccn1)C=Cc1ccncc1.Nc1ccc(cc1)C(O)=O,0
TEYVUP,[NH3+]C(C(O)c1ccccc1)c1ccccc1.CC(O)c1ccccc1C.O=C([O-])c1ccccc1,1
WIPQOE01,OC(=O)C(=O)[O-].[NH3+]C(CC(C)C)C(O)=O,0
YAWQOD,FC1=C(F)C(C(=C(F)C1=C(C#N)C#N)F)=C(C#N)C#N.OCC1=C(CO)SC(S1)=C1SC(=C(CO)S1)CO,0
XIYSIK,OC(CN1C=NC=N1)(CN1C=NC=N1)c1ccc(F)cc1F.OC(=O)C=CC(O)=O,0
DAQYEC,NC(=O)c1ccccc1.OC(=O)C1=NN(Cc2ccc(Cl)cc2Cl)c2ccccc12,0
QUBQAF,CC1=CC(=CC(=O)O1)OCc1ccccc1.O=C1NC(=O)C=C1,0
EYUROI,NC(=O)c1nc(F)cnc1O.COc1cc(C=CC(O)=O)ccc1O,0
CEXNEC,OC(=O)c1cc(O)c(Br)c(O)c1.c1cc(ccn1)c1ccncc1,0
PAVXAN,c1cc(ccn1)c1ccncc1.OC(=O)c1ccc(cc1)C(O)=O,0
QUTMOI,c1ccc2ncccc2c1.OC(=O)c1ccc(C(O)=O)c2c(ccc(C(O)=O)c12)C(O)=O,0
KATBAJ,OC(=O)c1ccc(cc1)C(O)=O.C(Cc1ccncc1)Cc1ccncc1,0
BALRAH,CC(C(=O)[O-])c1ccccc1.[NH3+]C(C(O)c1ccccc1)c1ccccc1,0
YAGKEY,OC(=O)C=CC(=O)[O-].CN1CC(=O)[NH+]=C1N,0
QASZIX,CN(C)C=O.OC(=O)c1cc(Br)c(O)cc1O,0
HOGJAR,O=C(NN=Cc1[nH+]cccc1)c1ccccc1.OC(=O)CC(=O)[O-],0
EYIWEO,OC(=O)c1cc(ccc1O)S(=O)(=O)[O-].Oc1cccc2ccc[nH+]c12,0
MEDFUY,OC(=O)CC(=O)[O-].[NH3+]CCc1ccc(O)cc1,0
HEMDOV,NC(N)=S.CC(=O)N1C=CN(C=C1)C(C)=O,0
HIQMAX,OC(=O)CCC(O)=O.NC(=O)c1ccc(Br)cc1,0
GUHHEX,O=C([O-])C[n+]1ccc(cc1)C(=O)[O-].OC(=O)C[n+]1ccc(cc1)C(O)=O,0
UNIBOI,NC=O.NC(=O)N1c2ccccc2C=Cc2ccccc12,0
VIBSAE,OC(=O)c1ccccc1NC1=C(C(=O)NC1=O)c1ccccc1.CS(C)=O,0
VEFWAF,OC(=O)c1cc(O)c(Br)c(O)c1.c1cc(ccn1)c1ccncc1,0
GUZVEF,CN(C)C(N)=O.OC(=O)c1ccccc1C(O)=O,0
IVUMIW,O=S(=O)([O-])c1ccccc1.C[NH+](C)C(C)C(O)c1ccccc1,1
CIMNAQ,CC1(C)C2CCC1(CS(=O)(=O)[O-])C(=O)C2.COc1ccc(cc1)C(O)C[N+]1=CC=CN1,0
EXEJOH,C1N2CN3CN1CN(C2)C3.Oc1c(Br)cc(Cc2cc(Br)c(O)c(Br)c2)cc1Br,0
WIVPUM,Clc1ccc(c(Cl)c1)C(=O)[O-].[NH3+]Cc1ccc(Cl)cc1,0
JIQFIB,Oc1ccc(c(O)c1)C(=O)[O-].[NH3+]CC1CCC(CC1)C(O)=O,0
GAGPIR,[NH3+]C(C(O)c1ccccc1)c1ccccc1.OC(CCc1ccccc1)C(=O)[O-],1
WUYRIR,CN1C(=O)N(C)C2=C([N-]C=N2)C1=O.[NH3+]CCO,0
CEPMOC,c1ccc2nc3ccccc3cc2c1.Oc1ccc(Br)cc1,1
MAYTIT,Cc1ccc(cc1)S(=O)(=O)[O-].O=C(C[NH+]1CCCCC1)c1ccccc1,0
VAKVIN,NC(=O)c1ccncc1.Oc1ccc(O)cc1,0
VUKSEC,CCOc1ccccc1C(N)=O.Oc1ccccc1,0
LIQSUC,OC(=O)c1cc(C(O)=O)c(cc1C(O)=O)C(O)=O.c1cnccn1,0
TUVXEQ,CCCC(=O)[O-].[NH2+]1CCOCC1,0
WIWNAU,Oc1cc(O)cc(O)c1.NNC(=O)c1ccncc1,0
DIGCUS,O=C(Nc1c[nH+]ccc1)Nc1cccnc1.O=C([O-])C=CC(=O)[O-],0
KUFWIT,O=C([O-])c1ccc(cc1N(=O)=O)N(=O)=O.OC(=O)c1ccc(cc1N(=O)=O)N(=O)=O.[NH3+]c1ccc(cc1)S(=O)(=O)N=C1NC=CS1,0
TIJMUU,CC(=NO)C1(C)NCC(C)(C)CN1.CC(=O)C(C)=NO,0
GIDGAF,O=C([O-])c1cccnc1.[NH3+]CC1CCC(CC1)C(O)=O,0
ICOPAV,[NH3+]C1=C(C)N(C)N(c2ccccc2)C1=O.O=C([O-])c1cc(cc(c1)N(=O)=O)N(=O)=O,1
VEJKIH,C[NH+]=S(=O)(C=CC(C)(C)C)c1ccccc1.CS(=O)(=O)[O-],0
LUNZOJ,CCCCCCCCC(O)=O.c1cnccn1,0
SEPTIT,COc1ccc(cc1)C=C1CC[NH+]=C1.FC(F)(F)C(=O)[O-],0
KAPVAY,CC(C(=O)[O-])c1ccccc1.[NH3+]C1C(O)Cc2ccccc12,1
GIYWIU,O=P([O-])(Oc1ccccc1)Oc1ccccc1.O[N+]1=NNc2ccccc12,0
WAKTUY,ClCC(=O)[O-].NC(CC[NH+]1CCCCC1)=NO,0
RASCAQ,c1cc(ccn1)C=Cc1ccncc1.Oc1cc(O)cc(c1)C(c1ccccc1O)c1ccccc1O,0
RASBOD,c1cc(ccn1)c1ccncc1.Oc1cc(O)cc(c1)C(c1ccccc1O)c1ccccc1O,0
XEZJAR,c1ccc2c(c1)c1ccccc1c1ccccc21.ClC1=C(Cl)C(=O)C(=C(C#N)C1=O)C#N,0
ZIKQOB,OC(=O)c1c[nH+]ccc1.O=C([O-])c1cc(cc(c1)N(=O)=O)N(=O)=O,0
NORTOG,c1ccc2nc3ccccc3nc2c1.Oc1cccc(O)c1O,0
LATLAV,CC(C)=NNC(=O)c1ccncc1.OC(=O)c1ccccc1O,0
LODGUH,Oc1c(F)c(F)c(F)c(F)c1F.CN1C(=S)c2ccccc2N(C)C(=S)c2ccccc12,0
ZEVROL,c1cc(ccn1)C=Cc1ccncc1.OB(O)C=Cc1ccc(F)cc1,0
TAKJOH,Cc1ccc(cc1)S(=O)(=O)[O-].[NH3+]C(CC1=CNc2ccccc12)C(O)=O,0
EJEZAX,S=C([S-])N1CCOCC1.C[N+](C)(C)CCO,0
UPEDIE,OC(=O)C(=O)[O-].Nc1[nH+]c(N)nc(n1)c1ccc(Br)cc1,0
ZEXWAC,CCN1C=C(C(O)=O)C(=O)c2ccc(C)nc12.Oc1cccc(O)c1O,0
IDOYOS,FC(F)(F)S(=O)(=O)[O-].c1ccc(cc1)P1[n+]2ccccc2c2cccc[n+]12,0
BEPTOH,[NH2+]1CCOCC1.OC(=O)C=CC(=O)[O-],0
AJAGEX,OC(=O)C#C.O=C1CNC(=O)CN1,0
OGEPOG,c1cc(ccn1)c1ccncc1.OC(=O)c1ccc(cc1)C(=O)c1ccccc1C(O)=O,0
GEHJEJ,C[NH2+]C(C)C(O)c1ccccc1.OC(=O)CCCCC(=O)[O-],0
YAXRAS,c1cc(ccn1)c1ccncc1.OC(c1ccc(cc1)C(O)=O)c1ccc(cc1)C(O)=O,0
ALLCAM,OC(=O)C=C=CC(O)=O.CC(N)=O,0
HETFEV,CN(C)C=O.CN1C(=O)C2=C(OC(=C(C#N)C2(C#N)C#N)N)c2ccccc12,0
BALJII,C[N+]1(CCOCC1)CC(O)=O.C[N+]1(CCOCC1)CC(=O)[O-].O=N(=O)c1cc(c([O-])c(c1)N(=O)=O)N(=O)=O,0
TOJRAM,FC(F)(F)S(=O)(=O)[N-]S(=O)(=O)C(F)(F)F.OC(=O)C[n+]1ccccc1,1
SARDIY,Nc1ccc(N)cc1.Oc1ccc(cc1)c1ccccc1,0
CAHLUT,OC1=C(Br)C(=O)C(=C(Br)C1=O)O.c1ccc(nc1)C#Cc1ccccn1,0
QANKUM,OC(=O)c1cc(ccc1O)S(=O)(=O)[O-].[NH3+]c1ccc(F)cc1,1
WIZBEN,OC(=O)C(=O)[O-].CSC=C(C[NH+](C)C)SC,0
VUKQEZ,OC(=O)C=CC(=O)[O-].[NH3+]C(C(C)CC)C(O)=O,1
IKOMEC,CN1C(=O)N(C)C(=C(C1=O)c1ccc(cc1N(=O)=O)N(=O)=O)[O-].CN1CC(=O)[NH+]=C1N,0
WAPQEL,[NH3+]C(C(C)CC)C(=O)OC.Cc1ccc(cc1)C=CC(=O)[O-],0
KANBUZ,c1ccncc1.CCCN(CCC)S(=O)(=O)c1ccc(cc1)C(O)=O,0
FURYOI,NS(=O)(=O)c1ccc(cc1)C(O)=O.O=C1CCCCN1,0
YASGOQ04,NS(=O)(=O)c1cc(C(O)=O)c(NCC2=CC=CO2)cc1Cl.NC(=O)c1cccnc1,0
BEMLUB,COc1cc(O)cc(O)c1.C(=CC=Cc1ccncc1)C=Cc1ccncc1,0
TEFLUL,[NH3+]C(CCCNC(N)=[NH2+])C(=O)[O-].O=N(=O)c1cc(c([O-])c(c1)N(=O)=O)N(=O)=O,0
PEXKAE,CC12[NH2+]C(Cc3ccc(cc13)N(=O)=O)c1ccccc21.OC(=O)C(=O)[O-],0
TUYKUV,CN(C)C=O.OC(=O)c1cccc2C(=O)c3c(cccc3C(=O)c12)C(O)=O,0
CIKNUI,[NH2+]1CCOCC1.OC(=O)C(=O)[O-],0
RAWDIC,C1N2CN3CN1CN(C2)C3.Oc1cc(O)cc(O)c1,0
RIMCAR,C1COCCO1.CC(=O)C1(C(C)=O)C(C#N)(C#N)C1(C#N)C#N,1
QUDPIQ,[O-]N1N=NN=C1C1=NN=N[N-]1.[NH3+]NC(=O)N[NH3+],1
WIVBEJ,Oc1cccc2ccc[nH+]c12.OC(=O)c1ccc2C(=O)N(CC(=O)[O-])C(=O)c2c1,0
YECVEL,NC(=O)c1cc[nH+]cc1.OC(=O)c1cc(O)cc(O)c1.CN1C(=O)N(C)C2=C(N(CC(=O)[O-])C=N2)C1=O,0
WIVQIB,Fc1c(F)c(F)c(c(F)c1F)C(=O)[O-].[NH3+]Cc1ccc(Cl)cc1,0
PAFFEL,FC(F)(F)S(=O)(=O)[O-].C[S+](C)C(Cc1ccc(Br)cc1)C(=O)N(C)C,0
PAKZUZ,CS(C)=O.CSc1ccc(cc1)C=NNC(=S)Nc1ccccc1,0
PEDRIB,[2H][N+](=C(N([2H])[2H])N([2H])[2H])C(N([2H])[2H])=S.[2H]OC(C(O[2H])C(O[2H])=O)C(=O)[O-],1
VURZIU,Nc1[nH+]cc(Cl)cc1.Cc1ccc(cc1)S(=O)(=O)[O-],0
MUPPAP,NC(=O)c1cccnc1.OC(=O)c1cc(O)c(O)c(O)c1,0
ACERUX,OC(=O)C=CC(O)=O.CN1N=NC2=C(N=CN2C1=O)C(N)=O,0
BOWJUU,OC(=O)c1cc(F)c(F)c(F)c1.C(Cc1ccncc1)c1ccncc1,0
AZUSET,Cc1ccc(cc1)S(=O)(=O)[O-].[NH3+]CC1CCC2COc3c(Br)cc(OC)c1c23,0
DUSYIA,Nc1[nH+]cc(Cl)cc1.OC(=O)CCCC(=O)[O-],0
GUZFAJ,FC(F)(F)S(=O)(=O)[O-].CCN1C=CC=CB1[n+]1ccc(cc1)N(C)C,0
VIPVOH,OC(=O)c1cc(ccc1O)S(=O)(=O)[O-].[NH3+]c1ccc(cc1)N(=O)=O,0
TAJSUV,CC1(C)C2CCC1(CS(=O)(=O)[O-])C(=O)C2.[NH3+]C(CC1=CNc2ccccc12)C(O)=O,0
CANFAC,Cc1[nH+]cc(CO)c(CO)c1O.OC1=C([O-])C(=O)C1=O,0
FOYSAO,[NH3+]CCOCCOCC[NH3+].OC(C(O)C(O)C(=O)[O-])C(O)C(=O)[O-],0
SODDOF,OC(=O)c1ccccc1O.NC(=O)c1cccnc1,0
WIDDES,OC(=O)C=CC(=O)[O-].Nc1c2ccccc2[nH+]c2CCCC(O)c12,0
WIJNIM,O=C[O-].[NH3+]C(CCCNC(N)=[NH2+])C(=O)[O-],0
UGOSIU,OC(=O)C=CC(=O)[O-].CC1=C[NH+]=C(N)S1,0
ABELEY,COc1cc(O)cc(O)c1.c1cc(ccn1)C=Cc1ccncc1,0
CUDRUR,O=C([O-])c1ccc2ccccc2n1.[NH3+]c1ccc(Cl)cc1,0
LEMHIU,NC(N)=O.N#CCCCCCCCCC#N,0
VEJXAJ,OC(=O)CCC(O)=O.NC(N)=O,0
ACERAC,CN(C)C=O.OC(=O)c1ccc(Cl)cc1,0
WUTFID,CC(C)c1ccc(C)c(O)c1.c1ccc2nc3ccccc3nc2c1,0
EYOLOU,OC(CC=C)(C(F)(F)F)C(F)(F)F.C1CNCCN1,0
YOVMAA,O=C1NS(=O)(=O)c2ccccc12.CN1N(C(=O)C=C1C)c1ccccc1,0
WENDEC,[NH3+]CCO.NC(=O)C1=NC(=C[N-]C1=O)F,0
REHSOO,Nc1ccc(cc1)C(O)=O.CCOc1ccccc1C(N)=O,0
HURMOX,O=C([O-])CC1=CC=CS1.[NH3+]C(C(O)c1ccccc1)c1ccccc1,1
OFEQAR,Cc1ccc(N)cc1C.Oc1ccc(cc1)C1(CCCCC1)c1ccc(O)cc1,0
RINQOW,Cc1ccc(C)c(c1)S(=O)(=O)[O-].CN(C)C1=CC=C(S1)C=Cc1cc[n+](C)cc1,0
GAGPUD,[NH3+]C(C(O)c1ccccc1)c1ccccc1.OC(CCc1ccccc1)C(=O)[O-],0
MEXSIT,OC(=O)CCC(=O)[O-].C[NH2+]C1CCC2=C(C1)c1cc(ccc1N2)C(N)=O,1
ZEYRII,CCc1[nH+]ccc(c1)C(N)=S.O=C1NC(=S)NC(=C1)[O-],0
VAPDIZ,NC1=[NH+]c2ccccc2S1.O=C([O-])c1cc(cc(c1)N(=O)=O)N(=O)=O,0
WADMIA,[NH3+]Cc1ccc(Br)cc1.CCCCCCCCCCCCC(=O)[O-],0
VIGJEA,CCOC(=O)c1cccc2cccc([NH+](C)C)c12.O=N(=O)c1cc(c([O-])c(c1)N(=O)=O)N(=O)=O,0
REGKOD,Nc1nc(N)nc(N)n1.O=C1CCC(=O)N1,0
ABEBUF,c1ccncc1.O=C1Nc2ccccc2C(=O)Nc2ccccc12,0
TAHNAU,CC=CC1=C(O)C(=O)C2=C(O1)C(=O)NC2=O.C1COCCO1,0
PEBZII,NC(=O)c1ccncc1.Oc1ccc(cc1)C=Cc1cc(O)cc(O)c1,0
IJOCOZ,O[B-](c1c(F)c(F)c(F)c(F)c1F)(c1c(F)c(F)c(F)c(F)c1F)c1c(F)c(F)c(F)c(F)c1F.OC1CCCCC1[NH2+]Cc1ccccc1,0
LEVWER,Oc1ccc(c(O)c1)C(=O)[O-].CCc1[nH+]c(N)nc(N)c1c1ccc(Cl)cc1,0
GUXYEF,c1cc(ccn1)c1ccncc1.CSC1=C(SC)SC(S1)=C1SC=C(S1)C(O)=O,0
EYIWOY,OC(=O)c1cc(ccc1O)S(=O)(=O)[O-].OC(=O)c1[nH+]c2ccccc2cc1.O=C([O-])c1[nH+]c2ccccc2cc1,0
MOXWAY,OC(=O)c1ccccc1O.NC(=O)N1c2ccccc2C=Cc2ccccc12,0
PORNER,FC(F)(F)S(=O)(=O)[O-].CC1=[NH+]N(C(=C1)C)c1ncccc1N(=O)=O,0
LILFOE,CC1=CC(=O)N=C(N)N1.CC1=CC(=O)NC(=[NH+]1)N.O=C1[N-]S(=O)(=O)c2ccccc12,0
CAMWOD,OC(=O)CC(=O)[O-].[NH3+]C(Cc1c[nH+]c[nH]1)C(=O)[O-],0
LUJCID,Cc1ccc2ccc3ccc(C)nc3c2n1.Oc1ccc2ccccc2c1c1c(O)ccc2ccccc12,0
GUYBUX,c1cc(ccn1)C=Cc1ccncc1.CCCCCCCCCC(O)=O,0
SOVFOA,FC(F)(Cl)C(=O)[O-].C[N+](C)(C)CC(O)=O,0
VAQSIQ,O=C([O-])c1ccccc1.COc1cc(C)[nH+]c(N)n1,0
EQANAN,N#CC(C#N)=C1C=CC(C=C1)=C1NCCN1.CN(C)C=O,0
LUNYIC,CCC(O)=O.c1cnccn1,0
GIDVEU,CCC([NH2+]Cc1ccccc1)CO.CC1(C)C(C=C(Cl)Cl)C1C(=O)[O-],1
FITVAF,OC(C(O)C(=O)[O-])C(O)=O.[NH3+]C(C(O)c1ccc(OC)cc1)c1ccc(OC)cc1,0
MEDCIJ,Clc1cccc(c1)C(=O)[O-].[NH3+]CCc1ccc(O)cc1,0
ADAGUL,O=C1CCC(=O)N1P1C(=O)c2ccccc2C1=O.Cc1ccccc1,0
UPOQEW,OC(CN1C=NC=N1)(CN1C=NC=N1)c1ccc(F)cc1F.OC(=O)C=CC(O)=O,0
CTSGLM,NC1=[NH+]C(=O)NC=C1.OC(=O)CCC(N1C(=O)c2ccccc2C1=O)C(=O)[O-],0
TEWQOF,c1ccc2nc3ccccc3nc2c1.OC(=O)c1ccc(O)c(O)c1,0
WUZYEX,NC(N)=S.Cc1cnc(C)cn1,0
TENVOZ,OC(=O)C=CC(=O)[O-].[NH3+]C(CC1=C[NH+]=CN1)C(O)=O,1
CEHKEG,C[N+](C)(C)S(=O)(=O)[N-]S(=O)(=O)[N+](C)(C)C.COS(=O)(=O)[O-],0
NUHYOE,NC(N)=O.OC(=O)c1nccnc1C(O)=O,0
PAMCAH,OC(C(O)C(=O)[O-])C(O)=O.OC(=O)C1[NH2+]CCCC1,0
APUVOZ,Oc1cccc(O)c1C(=O)[O-].CC1=NNC(=O)N(C1)N=Cc1c[nH+]ccc1,0
TUTFIA,Oc1c(F)c(F)c(c(F)c1F)c1c(F)c(F)c(O)c(F)c1F.N#CCc1ccc(CC#N)cc1,0
TIQLIS,NC(=[NH2+])NC1=NC(=CS1)CSCCC(N)=NS(N)(=O)=O.OC(CC(O)=O)C(=O)[O-],0
CEGGUS,COc1ccc(cc1)c1nc(N)nc(N)n1.OC(=O)CCCCC(O)=O,0
KOVSOF,NC(=O)c1cnccn1.OC(=O)CC(O)(CC(O)=O)C(O)=O,0
KIPGUO,NC(=O)c1cccnc1.Cc1cc(O)c2C(=O)c3c(O)cc(O)cc3C(=O)c2c1,0
GALHUZ,FC(F)(F)C(=O)[O-].Cc1[nH+]cc2COC(O)c2c1O,0
OJUBAY,OC(=O)CCCCC(O)=O.Nc1nc(N)nc(n1)c1ccc(Cl)cc1,0
YUWNEJ,ClC1=C(Cl)C(=O)C(=C(C#N)C1=O)C#N.CSc1ccccc1SC,0
GAHFAX,c1ccc2nc3ccccc3cc2c1.OC(=O)C=CC(O)=O,0
XALWEM,Clc1ccc(cc1)C1CC[NH+]2CC1C(=O)C2.CC1(C)C2CCC1(CS(=O)(=O)[O-])C(=O)C2,1
QAMQUR,Oc1ccc(O)cc1.c1cnccn1,0
VAXRAP,C(Cc1ccncc1)c1ccncc1.OC(=O)C1=Cc2ccccc2OC1=O,0
QEMKAV,Oc1ccc(O)cc1.c1ccc2nccnc2c1,0
ABELUP,Oc1c(cc(cc1N(=O)=O)N(=O)=O)C(=O)[O-].NC1=[NH+]C=NC2=C1N=CN2C1OC(CO)C(O)C1O,1
YEPHOT,NC1=Nc2ccc(OC(F)(F)F)cc2S1.COc1cc(C=CC(O)=O)ccc1O,0
ZOHVUP,Oc1ccc(Cl)c(Cl)c1Cl.Nc1ccc(Cl)cc1,0
QEDFEK,CCN1C=Nc2c(N)ncnc12.O=C1NC(=O)C(C(=O)N1)(c1ccccc1)c1ccccc1,0
WAXSOG,O=C1N(C2CCC2)C(=O)C2=C1SC1=C(S2)C(=O)N(C2CCC2)C1=O.Brc1c2ccccc2cc2ccccc12,0
QIXVUO,Oc1cccc2cccnc12.Oc1cc(Cl)c(Cl)cc1Cl,0
ELOGOE,OC(=O)c1ccc2cc(ccc2c1)C(O)=O.c1cc(ccn1)c1ccncc1,0
MOYZUX,Nc1ncccn1.Nc1ccc(C(O)=O)c(O)c1,0
NEQMOO,CC(=O)NC1=NC=CS1.OC(=O)c1cccc(O)c1,0
LODGAO,NS(=O)(=O)c1cc(C(O)=O)c(NCC2=CC=CO2)cc1Cl.CN(C)C=O,0
YECXIR,OC(=O)c1cc(O)c(O)c(O)c1.CN1C(=O)N(C)C2=C(N(CC(O)=O)C=N2)C1=O,0
ZATGIO,CN1C=CC(=O)C(=C1C)O.Oc1ccc(O)cc1,0
LASGUJ,Cc1ccc2ncccc2c1.OC(=O)C=CC(O)=O,0
CIWNON,[NH3+]NC(=O)N[NH3+].O=N(=O)[N-]C1=NON=C1C1=NON=C1[N-]N(=O)=O,0
PERCAU,Nc1[nH+]cc(Cl)cc1.O=C([O-])c1c2ccccc2cc2ccccc12.O=N(=O)c1cc(cc(c1)N(=O)=O)N(=O)=O,0
ZUPMUV,OC(=O)C=CC(=O)[O-].[NH3+]Cc1ccc(Cl)cc1,0
LASHEW,[NH3+]CCCC(O)=O.OC(CC(O)=O)C(=O)[O-],1
NUQJAL,c1cc(ccn1)c1ccncc1.OC(=O)COc1ccccc1OCC(O)=O,0
JOCMOD,OC(=O)COc1ccccc1C(O)=O.Nc1ccc(cc1)C(O)=O,0
IPEPEB,N#Cc1cc(C#N)c(cc1C#N)C#N.COC(=O)CNC(=O)c1c2ccccc2cc2ccccc12,0
ZABWIM,c1cncc(c1)C=Cc1cccnc1.Oc1ccc(O)cc1,0
WELCID,NCC=C.CCCCCCCO,0
EKEYEB,[N-]=[N+]=NC1=NN=N[N-]1.C[N+]1=NOC(=C1)N,0
CAKNUA,FC(F)(F)S(=O)(=O)[O-].C[Si](C)(C)N1C=Cc2c[nH+]ccc12,0
QEPQUA,[NH3+]CCNc1ccc(cc1OC)N(=O)=O.O=C([O-])COc1ccccc1,1
GUPXEX,O=S(=O)(NN=Cc1cccc2ccccc12)c1ccccc1.O=Cc1cccc2ccccc12,1
XULCEP,CC(C)[N+](=NNC(=O)C(C)=C(C)C)C(C)C.FC(F)(F)S(=O)(=O)[O-],0
ESAXAA24,[2H]OC(=O)c1c(F)c(F)c(c(F)c1F)C(=O)[O-].[2H][N+]([2H])=CN([2H])[2H],0
RAMLOK,NC(=O)c1ccncc1.OC(=O)COc1ccc(Cl)cc1Cl,0
RITKEM,[NH3+]Nc1ccc(cc1)N(=O)=O.O=N(=O)c1cc(c([O-])c(c1)N(=O)=O)N(=O)=O,0
SAGNAT,c1ccc2c(c1)nnc1ccccc21.ClC1=C(Cl)C(=O)C(=C(Cl)C1=O)Cl,0
ABORAO,[NH3+]c1ccc(O)cc1.O=N(=O)c1cc(c([O-])c(c1)N(=O)=O)N(=O)=O,0
IDUNOK,O=C([O-])c1ccc(cc1N(=O)=O)N(=O)=O.Oc1c[nH+]ccc1,0
KUMRER,OO.CN1C=NC2=C1C(=O)N(C)C(=O)N2C,0
RIRGUV,c1cc(ccn1)c1ccncc1.OC(=O)c1ccc(OCCOc2ccc(cc2)C(O)=O)cc1,0
PUCSIS,OC(=O)c1cccc(O)c1.Cc1cc(C)nc(NS(=O)(=O)c2ccc(N)cc2)n1,0
EBEROV,Nc1ccc(Cl)cc1.OC(=O)CC(O)=O,0
WEYYUY,OC(=O)C1CCCCC1.ClC1=NN2C=CN=C2C(=C1)C1CCCCC1,0
BOYMEH,C[NH+](Cc1cc(Br)cc(Br)c1N)C1CCCCC1.O=C1[N-]S(=O)(=O)c2ccccc12,0
AFONIV,c1cc(ccn1)C=Cc1ccncc1.Cc1cccc(Nc2ccccc2C(O)=O)c1C,0
SARJUQ,OCCCCCCO.Nc1ccc(N)cc1,0
CAKLUV,C1CC2CC[NH+]1CC2C1Cc2ccccc2O1.OC(C(O)C(=O)[O-])C(O)=O,0
WOCSUC,CSc1c[nH+]c2ccccc2c1SCC#C.ClC(Cl)(Cl)C(=O)[O-],0
QEWHEH,c1cc(ccn1)C=Cc1ccncc1.OC(=O)c1ccc(O)cc1,0
ZOHXAX,OC(=O)c1cc(O)cc(O)c1.NC(=O)c1ccc(N)cc1,0
FIXQIM,OC(C(O)C(=O)[O-])C(O)=O.[NH3+]C(CO)C(C)C,0
WIDNED,C1CN2CCN1CC2.Oc1ccc(Br)cc1,0
KICVOJ,Oc1ccc(cc1)C=CC(=O)[O-].CCc1[nH+]c(N)nc(N)c1c1ccc(Cl)cc1,0
WOPDEM,Clc1cc(ccc1C(=O)[O-])N(=O)=O.Oc1cccc2ccc[nH+]c12,0
TIRZEB,[NH3+]CCc1ccc(O)cc1.NCCc1ccc([O-])cc1,0
SABDOQ,Cc1cc(C)nc(NS(=O)(=O)c2ccc(N)cc2)n1.OC(=O)c1ccccc1,0
NOFWUA,Cc1ccc(cc1C)S(=O)(=O)[O-].[NH3+]C(CC(C)C)C(O)=O,0
SABKEN,Nc1[nH+]cc(Cl)cc1.OC(=O)C=CC(=O)[O-],1
MUPPAO,OC(=O)CC(=O)[O-].[NH3+]C(CCCNC(N)=[NH2+])C(=O)[O-],1
UHAFAL,OC(=O)CCCCCC(O)=O.O=C1NCCN1,0
CIHQUJ,O=C1c2ccccc2c2nc(C#N)c(nc12)C#N.c1cc2ccc3cccc4ccc(c1)c2c34,0
HOGGER,OC(=O)CCCC(O)=O.NC(=O)c1ccccn1,0
NOZXIJ,C1COCCOCCOCCO1.O=S(=O)(NS(=O)(=O)c1ccccc1)c1ccccc1,0
ESEDAK22,[2H][N+]([2H])([2H])C1CCCCC1C.[2H]OC(=O)c1c(F)c(F)c(c(F)c1F)C(=O)[O-],0
VOCZET,Cc1cc(C)nc(N)n1.OC(=O)c1ccccc1,0
GOGCEM,CC1(C)CN2CC[NH2+]C2C(C)(C)SS1.O=N(=O)c1cc(c([O-])c(c1)N(=O)=O)N(=O)=O,0
NUKWEW01,Nc1ncccn1.OC(=O)c1ccccc1,0
YAGNIF,Cc1ccc(cc1)S(=O)(=O)[O-].[NH3+]c1cccc(Cl)c1,0
NUQLAO,Cc1c(O)cccc1O.c1ccc2c(c1)ccc1cccnc21,0
FUHGUL,OC(=O)CCCCCCC(O)=O.Cc1ccc2N=C(N)Sc2c1,0
ZOLXAC,OC(=O)c1cc(ccc1O)S(=O)(=O)[O-].Nc1[nH+]c(Cl)ccc1,0
UNUROL,[NH3+]CCO.COC(=O)c1c(Br)c(Br)c(Br)c(Br)c1C(=O)[O-],0
DEMTEV,O=C1NC2=NC(=O)NC3=NC(=O)NC(=N1)N23.CS(C)=O,1
DEBJEA,c1cc(ccn1)C=Cc1ccncc1.Oc1ccc(cc1)C(c1ccccc1O)c1ccccc1O,0
FURWOG,NC(=O)c1ccncc1.NS(=O)(=O)c1ccc(cc1)C(O)=O,0
LIGLIY,[NH3+]c1ccccc1OCC.OC(=O)C1=NNC(=C1)C(=O)[O-],0
ZURHAY,[NH3+]CCCCC([NH3+])C(=O)[O-].OC(C(=O)[O-])c1ccccc1,1
VAVMIR,OC(C(O)C(=O)[O-])C(O)=O.C[NH+](C)C(C)C(O)c1ccccc1,0
CIKNUI01,[NH2+]1CCOCC1.OC(=O)C(=O)[O-],0
RAWCOH,C1N2CN3CN1CN(C2)C3.Oc1ccc(Sc2ccc(O)cc2)cc1,1
PUKDIJ,Nc1ccc(Br)cn1.OC(=O)c1ccccc1,0
NAQPUT,NC1=Nc2ccc(OC(F)(F)F)cc2S1.CN(C)c1ccncc1,0
LEXKEI,O=S(=O)([O-])c1ccccc1.CN1C(=O)NC(=O)C2=C1NC=[N+]2C,0
MUSXEE,NC(=[NH2+])NC(N)=S.O=N(=O)c1cc(c([O-])c(c1)N(=O)=O)N(=O)=O,0
EGUXAG,c1cc(ccn1)c1ccncc1.OC(=O)CC(O)(CC(O)=O)C(O)=O,0
YIFLOP,[NH3+]CC(O)=O.OC(=O)c1cccc(c1C(=O)[O-])N(=O)=O,0
GADQAE,CP(O)(=O)[O-].N[C+](N)NC(N)=O,0
KPIPFA10,OC=O.O=C1CNC(=O)CN1,0
UZUZAS,Cc1cccc(Nc2ccccc2C(O)=O)c1C.Clc1cccnc1,0
GASMOD,[NH2+]1CCOCC1.CC1(C)CC(C)(c2ccc(O)cc2)c2ccccc2O1.CC1(C)CC(C)(c2ccc([O-])cc2)c2ccccc2O1,0
EXANEX,Cc1cc(C)nc(NS(=O)(=O)c2ccc(N)cc2)n1.OC(=O)c1ccc(Cl)c(Cl)c1,0
LABSEM02,[2H]P(O[2H])(=O)[O-].[2H][N+]([2H])([2H])CC(O[2H])=O,0
BUJWIN,OC(=O)c1cccc(n1)C(O)=O.O=C1C(=O)c2cccnc2c2ncccc12,0
XESXOJ,NC(=NO)C(N)=NO.O=C1C(=O)c2cccnc2c2ncccc12,0
QATBOG,OC(=O)c1cc(Br)c(O)c(Br)c1O.CN(C)C=O,1
JIRRIO,NC(N)=NC(=O)C1=NON=C1NNC1=NON=C1C(=O)N=C(N)N.CN(C)C=O,0
UGOVIX,O=C1CCC(=O)N1.OC(=O)c1cc(O)c(O)c(O)c1,0
XOKVEA,C1N2CN3CN1CN(C2)C3.OC(=O)c1cc(O)c(O)c(O)c1,0
VOHMEL,NC(=C1c2c(F)c(F)c(F)c(F)c2C(F)(F)C1=O)C(F)(F)F.C1COCCO1,0
YIPQIA,N#Cc1ccncc1.OC(=O)c1ccccc1F,0
BOVXOB,c1cc(ccn1)C=Cc1ccncc1.OC(=O)c1cc(F)c(F)cc1F,0
PUTMUO,OC(=O)c1cccc(Cl)c1.c1ccc2nc3ccccc3cc2c1,0
GAGMIK,C[N+]1=P(N=[S]N=[S]1)(c1ccccc1)c1ccccc1.FC(F)(F)S(=O)(=O)[O-],0
ACAXAD,[NH3+]c1ccccc1O.CCP(=O)[O-],0
KAPKEU,Cc1ccc(cc1)S(O)(=O)=O.NC1=NN=C(S1)S(N)(=O)=O,0
UKESEI,OC(=O)c1cccc(n1)C(=O)[O-].CC[N+](CC)(CC)CCl,0
NIMDIW,OC(=O)c1ccccc1O.Oc1ccccc1C(=O)[O-].Oc1cccc2ccc[nH+]c12,0
WADPEZ,[NH3+]Cc1ccc(Br)cc1.BrCCCCCCCCCCCC(=O)[O-],1
NOZLEW,Clc1ccc(cc1)c1ccccc1NC(=O)c1cccnc1Cl.C1COCCO1,0
LUNMAI,NC(=O)c1ccncc1.OC(=O)C=Cc1ccccc1,0
UTOMUM,CC1(C)COP(=O)([O-])OC1c1ccccc1Cl.CC(O)(C1CC[NH2+]CC1)c1ccc(F)cc1,1
CIDCUO,OC(C(O)C(=O)[O-])C(O)=O.COc1cc(OC)nc(N)n1.COc1[nH+]c(N)nc(OC)c1,1
OGEZIJ,C1CNCCN1.Oc1nc(Cl)c(Cl)cc1Cl,0
FEYSIO,Fc1c(F)c(F)c(F)c(F)c1F.Clc1cccc(c1)C(=O)Nc1cccc(c1)C#C,0
VITKEP,CN1c2ccccc2N=C1c1ccncc1.ON=Cc1c(F)c(F)c(F)c(F)c1F,0
JEBRAM,Nc1[nH+]c(N)nc(Cl)c1.OC(=O)c1c(cccc1N(=O)=O)C(=O)[O-],0
TUQYIQ,C1COCCO1.N#CC1(C#N)C2(CCOCC2)C1(C#N)C#N,0
GOGCAJ,NC(=S)NN=Cc1cc[nH+]cc1.OC(=O)c1cccc(n1)C(=O)[O-],0
VAJKUM,CN(C)[S+](N(C)C)N(C)C.FS(F)(F)(F)(F)[O-],1
DINSAU10,OC(C(O)C(=O)[O-])C(O)=O.COc1ccc(cc1)C(C)(O)c1[nH+]cccc1,1
GEHHOR,O=C([O-])c1ccc(cc1)N(=O)=O.C[NH+]=Cc1c([O-])c(C)[nH+]cc1CO,0
OXUGIZ,CN(CC(O)=O)C(N)=[NH2+].Cc1ccc(cc1)S(=O)(=O)[O-],0
QETMUY,Nc1cccc(O)c1.c1cc(ccn1)C#Cc1ccncc1,0
PYOTCA01,O[n+]1ccccc1.ClC(Cl)(Cl)C(=O)[O-],0
UKUTOK,FC(F)(F)S(=O)(=O)[O-].CN1CC(c2ccc(O)c(C)c2O)[N+](C)(C)C1=O,1
QIQLUX,[NH3+]c1ccc(cc1)C(=O)OCC.O=N(=O)c1cc(c([O-])c(c1)N(=O)=O)N(=O)=O,1
HURCON,[NH2+]1CCOCC1.OB1OB(O)O[B-]2(O1)OB(O)OB(O)O2,0
XAPYUL,Oc1cccc(O)c1.Nc1ccc(N)cc1,1
KAHRAO,CN(C)C=O.CSC1=NN2C(=C(C=NC2=N1)C(O)=O)N,0
MISNUX,NC(N)=O.CC(=O)CCCCCCCCCC(C)=O,0
HOGFIU,OC(=O)CCC(O)=O.NC(=O)c1ccccn1,0
OKOVAM,O=N(=O)C1(C[NH2+]C1)N(=O)=O.O=N(=O)c1cc(c([O-])c(c1)N(=O)=O)N(=O)=O,0
KIHZEH,Oc1cc(O)cc(O)c1.N#Cc1ccncc1,0
IHIMEU,Nc1ccc(cc1)C(=O)[O-].COc1ccc(cc1)N1CC[NH2+]CC1,0
TOJMIR,[NH3+]C(C(N)=O)c1ccccc1.CC(CC(=O)[O-])C(O)=O,0
AJALAY,CN(C)c1cccc(c1)C(O)=O.NC(=O)c1ccc(Cl)cc1,0
VUXXET,CCCOc1ccc(cc1)C(O)=O.C(Cc1ccncc1)c1ccncc1,0
YONKUJ,[NH3+]c1ccc(cc1)S(=O)(=O)Nc1ncccn1.CCS(=O)(=O)[O-],0
TEHYUA,[NH3+]C(C(O)=O)c1ccccc1.OC1=C([O-])C(=O)C1=O,0
RUXQEG,c1ccc2nccnc2c1.OC(=O)C=CC(O)=O,0
DUKJUR,CN1C=NC2=C1C(=O)N(CCCCC(C)=O)C(=O)N2C.OC(=O)c1ccc(O)cc1,0
YEYDEP,OC(=O)c1cccc(NC=O)c1.c1cc(ccn1)c1ccncc1,0
QALXAE,O=N(=O)N=C1NN=N[N-]1.[NH3+]NC(=O)NN,0
BEBCET,OC(=O)c1nccnc1C(=O)[O-].[NH3+]C(CC1=CNc2ccccc12)C(O)=O,1
LOMREM,CCC(=O)Nc1cc(ccc1C(O)=O)C(O)=O.CN(C)C=O,0
RONBAA,Oc1ccc(cc1)N=Nc1ccc(cc1)C(O)=O.Cc1cc(C)nc(NS(=O)(=O)c2ccc(N)cc2)n1,0
OHAGEK,C1CCOC1.COC(=O)NC(=S)Nc1ccccc1NC(=S)NC(=O)OC,0
KOBHES,NC1=N[N+]2(CCOCC2)CC1.O=N(=O)c1ccccc1S(=O)(=O)[O-],0
OBARUG,FC(F)(F)S(=O)(=O)[O-].Oc1cccc2ccc[nH+]c12,0
WORNID,Nc1ccc(cc1)C(O)=O.COc1c2OC=Cc2cc2C=CC(=O)Oc12,0
FICVES,OC(C(=O)[O-])c1ccccc1.CCOP(=O)(OCC)C(C)(C)[NH2+]C(C)C,0
IVURUN,C[NH+](C)C(C)C(O)c1ccccc1.Oc1ccc(cc1)S(=O)(=O)[O-],1
WADMEW,CCCCCCCC(=O)[O-].[NH3+]Cc1ccc(Br)cc1,0
ELUWIU,OC(=O)CCCC#C.C(Cc1ccncc1)c1ccncc1,0
XEDWAI,c1ccc(nc1)c1ccccn1.Oc1ccccc1O,0
XAYKAN,CN(=O)=O.FC(F)(F)S(=O)(=O)[O-].O=P([O-])([n+]1ccccc1)[n+]1ccccc1,0
VAGVEF,[NH3+]CCC(O)=O.ClC(Cl)(Cl)C(=O)[O-],0
RERCUQ,Oc1ccc(cc1)C(=O)[O-].NC(N)=[NH+]C1=NC(=CS1)CSCCC(N)=NS(N)(=O)=O,0
WOMGIO,NC(N)=O.ClCCCCCCCl,0
WEJCEU,[NH3+]C(CCCNC(N)=[NH2+])C(N)=O.OC1=C([O-])C(=O)C1=O,1
PARTAH,FC(F)(F)C(=O)[O-].NC1=NC(=[NH2+])N(O)C(=O)N1O,0
MADGIK,CC(=O)NC1=NN=C(S1)S(N)(=O)=O.O=C1CCCCN1,0
IDUBUF,OC(=O)c1ccc(O)cc1O.c1cc(ccn1)c1ccncc1,0
CEWQUU,[NH3+]CC(CC(C)C)CC(O)=O.OC(CC(O)=O)C(=O)[O-],0
SECZOS,Cc1ccncc1.O=C1CCC(=O)N1,1
GESCIS,NC(=O)c1ccc(O)cc1.OC(=O)C=CC(O)=O,0
TOQPOH,NC(=S)NN=Cc1cc[nH+]cc1.OC(=O)CCCC(=O)[O-],0
AMAYUL,CCOC(=O)C([N+]#N)=S1c2ccccc2Sc2ccccc12.FC(F)(F)S(=O)(=O)[O-],0
XAZRAU,[NH3+]c1ccc(O)c(c1)C(O)=O.CS(=O)(=O)[O-],0
VABZIJ,CC(C)C1=[NH+]C(=CC(=O)N1)C.OC(=O)c1cc(cc(c1[O-])N(=O)=O)N(=O)=O,0
ZENSOA,CCCCCN1C(=Nc2ccccc12)CO.C1COCCO1,0
FIWYIW,OC(=O)c1ccc(F)cc1F.N#Cc1ccncc1,0
IFESAN,[S-]C#N.C(Oc1ccc(OCc2cc[nH+]cc2)cc1)c1cc[nH+]cc1,0
ZEFFEX,CN(C)C(=[NH2+])O.OC(=O)C(=O)[O-].CN(C)C(N)=O,0
ZUHFIR,OC(=O)C=CC(=O)[O-].C[NH+](C)CCC(c1ccc(Br)cc1)c1ccccn1,1
REXNEP,c1cc(ccn1)c1ccncc1.OC(=O)c1c(F)c(F)c(C(O)=O)c(F)c1F,0
PEXPIT,c1cc(ccn1)c1ccncc1.Nc1ccc(C(O)=O)c(O)c1,0
HOGJIZ,OC(=O)CCCC(O)=O.O=C(NN=Cc1ccccn1)c1ccccc1,0
BUKGUM,Cc1ccc(cn1)c1ncc(Cl)cc1c1ccc(cc1)S(C)(=O)=O.NC=O,0
PEJVAE,O=C[O-].C[N+](C)(C)CCO,0
EHENIO,ClP(Cl)(=O)[O-].CC(C)N1C(=C(C)[N+](=C1Cl)C(C)C)C,0
QAFZUT,c1ccc(C=Cc2ccncc2)nc1.Oc1ccc(Cl)c(O)c1,0
OXUMEA,C[n+]1ccc(NC(=O)Nc2cc[n+](C)cc2)cc1.FC(F)(F)S(=O)(=O)[O-],0
HIBFON,NCCN.Oc1ccccc1,0
TIHGAT,Fc1ccc2NC(=O)C(=O)c2c1.CS(C)=O,0
KAYFUN,O=C(Nc1ccccn1)c1ccncc1.OC(=O)CCCCCC(O)=O,0
IVURAT,C[NH+](C)C(C)C(O)c1ccccc1.O=C([O-])c1ccccc1,0
WUZDIG,C[N+](C)(C)CC(=O)[O-].Cc1ccc(cc1)S(=O)(=O)[O-].C[N+](C)(C)CC(O)=O,0
ANAWOE,CC#CC(O)=O.C(Cc1ccncc1)c1ccncc1,0
FEVKOJ,ClC1=CC(=C(Cl)S1)C(=O)[O-].CCc1[nH+]c(N)nc(N)c1c1ccc(Cl)cc1,0
FUHPAA,OCc1ccccc1O.c1cnc2c(c1)ccc1cccnc21,0
UXAWAU,NS(=O)(=O)c1cc(C(O)=O)c(O)cc1Cl.OC(=O)c1ccccc1,0
GEFFEG,CC1=CN=C(N)S1.OC(=O)CCCCC(O)=O,0
IWARON,Oc1ccc2ccccc2c1c1c(O)ccc2ccccc12.c1ccc2ncccc2c1,0
NAQPED,NC1=Nc2ccc(OC(F)(F)F)cc2S1.OC(=O)CCCCCCCCC(O)=O,0
RUYXAM,c1cc(ccn1)c1ccncc1.OC(=O)CCCCCCCC(O)=O,0
CUYKOZ,OCC(O)=O.NC(=O)c1cccnc1,0
CIKQIY,[NH3+]C(CO)(CO)CO.Oc1ccc(cc1)C(=O)[O-],0
AFUJES,Oc1ccc(cc1C(=O)[O-])N(=O)=O.NC1=[NH+]C(=CS1)c1ccccc1,1
ISERUW,COc1c(Cl)ccc(Cl)c1C(=O)[O-].C[N+](C)(C)CC(O)CC(O)=O,0
VAKTUX,Oc1cccc(O)c1.NC(=O)c1ccncc1,0
IVUMOC,O=S(=O)([O-])c1ccccc1.C[NH+](C)C(C)C(O)c1ccccc1,0
SOHNAG,OC(=O)c1cc(ccc1O)S(=O)(=O)[O-].NC(=O)c1c[nH+]ccc1,1
EVORAJ,[NH2+]1CCOCC1.S=C([S-])N1CCOCC1,0
NISLOQ01,C1CN2CCN1CC2.Oc1ccc(cc1)c1ccc(O)cc1,0
AXUVAR,CN1C(=O)N(C)C(=O)C(O)(C1=O)C1(O)C(=O)N(C)C(=O)N(C)C1=O.CS(C)=O,0
MUDSAF,c1ccc2nc3ccccc3cc2c1.CCC1(CC)C(=O)NC(=O)NC1=O,0
WOKXOL,Cc1ccc(cc1)S(=O)(=O)[O-].Nc1[nH+]nc(c(N)n1)c1cccc(Cl)c1Cl,0
OFIWUW,O=N(=O)c1ccc([O-])cc1.[NH3+]C(CCCNC(N)=[NH2+])C(=O)[O-],0
EMAVUM,OC(=O)C=CC(=O)[O-].C[NH+](Cc1cc(Br)cc(Br)c1N)C1CCCCC1,0
EVUMOY,COC1=NS(=O)(=O)c2cnccc2N1.CS(C)=O,0
SOHMUZ03,OC(=O)c1cc(ccc1O)S(=O)(=O)[O-].NC(=O)c1cc[nH+]cc1,1
XEZDIQ,c1cc(ccn1)c1ccncc1.OC(=O)C(O)=O,0
WICYEQ,CN(C)C(=O)c1ccc(cc1)C(=O)N(C)C.Oc1cc(O)cc(O)c1,1
HEZSIO,NC(N)=O.N#CCCCCCC#N,0
GEHKAG,OCC(=O)[O-].C[NH2+]C(C)C(O)c1ccccc1,1
TUQBIR,c1cc(ccn1)c1ccncc1.OC(=O)Cc1ccc(O)cc1,0
DAYWAC,OC(=O)C=Cc1ccccc1.Cc1cc(C)nc(N)n1,0
EPAMAK,Oc1ccc(cc1)C(=O)[O-].NC1=CC=[NH+]C(=O)N1.OC(=O)c1ccc(O)cc1.NC1=NC(=O)NC=C1,0
VIJQOY,FC(F)(F)S(=O)(=O)[O-].CN1C=C[N+](=C1C(=O)c1ccccc1C)C,0
KIPWEO,NC(N)=S.O=C1CC(=O)NC(=O)N1,0
EPIWAC,Nc1cnc(Br)cn1.OC(=O)c1c(F)c(F)c(Br)c(F)c1F,0
HIDCIK,OC(=O)C=CC(=O)[O-].[NH3+]CC(CC(O)=O)c1ccccc1,0
REWLAJ,C[NH+](C)c1ccc(cc1)C=NO.O=N(=O)c1cc(c([O-])c(c1)N(=O)=O)N(=O)=O,0
SAHHEQ,c1cc(ccn1)c1ccncc1.CC(=NO)C(C)=NO,0
GEBMOP01,CCOC(=O)OCC[N+](C)(C)C.O=N(=O)c1cc(c([O-])c(c1)N(=O)=O)N(=O)=O,0
MOXWEC,OC(=O)c1ccc2ccccc2c1O.NC(=O)N1c2ccccc2C=Cc2ccccc12,0
BIFYOE,CN1C=Nc2c(N)ncnc12.O=C1CNC(=S)N1,0
LIHHAM,OC(=O)C(=O)[O-].C[NH+](C)CC(=C)SC1CCCCC1,0
VAQSAI,Clc1cccc(c1)C(=O)[O-].COc1cc(C)[nH+]c(N)n1,0
NUQRAT,O=N(=O)c1ccc(Cc2cc[nH+]cc2)cc1.Oc1ccc(cc1C(=O)[O-])N(=O)=O,0
HURNEN,Oc1ccccc1C(=O)[O-].Oc1cccc2ccc[nH+]c12,1
VABHAI,FC(F)(F)S(=O)(=O)[O-].Cc1cc(C)[n+](F)c(C)c1,0
KAHFAE,O=C([O-])c1ccc(cc1)N(=O)=O.OCC[NH+](CCO)CCO,0
ODEFEJ,NS(=O)(=O)c1cc2c(NCNS2(=O)=O)cc1Cl.CS(C)=O,0
HALHOT,NC1=Nc2ccccc2S1.Oc1ccccc1C=NC1=Nc2ccccc2S1,0
JAMPEV,FC(F)(F)S(=O)(=O)[O-].C[N+](C)=C(N)ON=C(N)C(C)(C)C,0
WOBNEH,C[n+]1ccc(cc1)C=Cc1ccc(O)cc1.O=N(=O)c1cccc([O-])c1,0
KASXAF,OCC[NH+]1CCCC1.O=C([O-])c1ccccc1,0
NEWRIR,CC(=O)Nc1cccnc1.OC(=O)C=CC(O)=O,1
JONSAG,CS(=O)(=O)[N-]S(C)(=O)=O.C[N+](C)=C1C=CN(SC(Cl)(Cl)Cl)C=C1,0
HEMFAJ,NC(N)=S.CC(=O)N1C=C(C)N(C=C1C)C(C)=O,0
XOJYEC02,NC(=O)c1ccncc1.CC(C)c1cccc(C(C)C)c1O,0
EYEGIA,c1cc(ccn1)C=Cc1ccncc1.COc1ccc(cc1)C(O)=O,0
UNISOA,CN1C=NC2=C1C(=O)N(C)C(=O)N2C.OC(=O)c1cccc(n1)C(O)=O,0
AFOQIX,O=C1N[N-]C(=N1)N(=O)=O.NC(=[NH2+])NC(N)=O,0
VARVAP,[H]1OC(=O)CC(=O)[O-]1.NC(=O)c1c[nH+]ccc1,0
DUSKUY,Nc1ccc(Br)cn1.OC(=O)c1ccc(O)cc1,1
RIBFOZ,NC1=[NH+]C(=O)N(C=C1)C1CSC(CO)O1.OC(=O)c1cc(Cl)c(Cl)cc1C(=O)[O-],1
POJQEK,O=P(c1ccccc1)(c1ccccc1)c1ccccc1.CN1C=CC=C1C(O)=O,0
KIDLOB,CC(C)=NNC1=[NH+]c2ccccc2S1.O=N(=O)c1cccc(c1)S(=O)(=O)[O-],0
ZEYLAS,[NH2+]=C1NC(=O)NC=C1.OC(=O)CC(=O)[O-],0
SURFOD,Oc1c(Cl)c(Cl)cc(Cl)c1Cl.Cc1cncc(C)c1,1
IMIGAO,Fc1ccc(cc1)C=C1SC(=S)NC1=O.CS(C)=O,0
OYUXOY,Cc1cccc(C)c1NC(=O)CN1CCCC1=O.OC(=O)c1ccccc1C(=O)c1ccccc1,1
KECJEK,CN(C)c1cc[nH+]cc1Br.O=C1[N-]S(=O)(=O)c2ccccc12,0
RIMWOC,Cc1nc(C)c(C)nc1C.OC(=O)c1cc(Cl)cc(Cl)c1O,0
GATCAG,Oc1c(c(O)c(c([O-])c1N(=O)=O)N(=O)=O)N(=O)=O.[NH3+]NC(N)=O,0
VAKTOR,NC(=O)c1ccncc1.OC(=O)c1ccc(O)cc1,0
DUNCUM,O=C1CCC(=O)N1.OC(=O)c1cc(O)c(O)c(O)c1,0
MIYLUB,[NH3+]CCc1ccc(OC)c(OC)c1.O=C([O-])c1cc(cc(c1)N(=O)=O)N(=O)=O,0
LACTAN,c1cncnc1.Nc1ccc(C(O)=O)c(O)c1,1
ULOJOX,CN(=O)=O.O=C([O-])c1ccncc1.COc1cc(Cc2c[nH+]c(N)nc2N)cc(OC)c1OC,0
DARGAH01,Cc1cc(C)nc(NS(=O)(=O)c2ccc(N)cc2)n1.C1CNCCN1,0
OLUTOH,[NH2+]=C1NC(=O)N(C=C1F)C1CSC(CO)O1.O=C1[N-]S(=O)(=O)c2ccccc12,1
EKUMAY,CN1CC[N+]23CCN(C)P12(N=[N+]=[N-])N(C)CC3.Cc1ccc(cc1)S(=O)(=O)[O-],0
ZATFOT,CN1C=CC(=O)C(=C1C)O.Oc1ccccc1O,0
QARMEF,[NH3+]C(C(N)=O)c1ccccc1.CC(=O)NC(CC1=CNc2ccccc12)C(=O)[O-],1
RAVYAR,OC(=O)c1cc(Cl)cc(Cl)c1.O=Cc1ccncc1,0
WAGFIX,OC(C(=O)[O-])c1ccccc1.CCc1[nH+]c(N)nc(N)c1c1ccc(Cl)cc1,0
DOWNEL,Clc1cc(Cl)c([O-])c(Cl)c1.NC1=[NH+]C=CS1,0
YUKFUG,[NH3+]C(CC(C)C)C(N)=O.OC1=C([O-])C(=O)C1=O,0
NEBXID,COc1ccc(cc1)C(O)=O.COc1cc(OC)nc(N)n1,0
POBZAK,COc1cc2OC(=O)C=Cc2cc1OC.O=C1CCC(=O)N1,0
EWIJUR,c1cc(ccn1)c1ccncc1.CC(C)c1cccc(C(C)C)c1O,0
GEHXEA,Cc1ccc(cn1)C(N)=O.OC(=O)CCCCCCCC(O)=O,0
XOBCEX,OC(=O)CC(O)=O.NC(=O)N1c2ccccc2C=Cc2ccccc12,0
RUCFAX,NC(=O)CN1CCCC1=O.OC(=O)CC(O)(CC(O)=O)C(O)=O,0
PEGDAH,c1cc(ccn1)c1ccncc1.OC(=O)c1cc(c2ccccc2)c(C(O)=O)c(c1)c1ccccc1,0
NAXZUL,O=N(=O)N=C1NN=C2NC(=NN12)[N-]N(=O)=O.[NH3+]NC(N)=O,0
XALVUB,CC(C)(C)OC(=O)NCC1=NC(=CS1)C1=NC(=CS1)C(O)=O.CS(C)=O,0
XAFTAC,[NH2+]1CCOCC1.O=C([O-])c1cc(cc(c1)N(=O)=O)N(=O)=O,0
XITREZ,O=C([O-])c1ccc2ccccc2c1.[NH3+]Cc1ccccc1Cl,0
AGUFUH,FC(F)(F)C(=O)[O-].[NH3+]C1C(Cl)Cc2ccccc12,0
FIFWOJ,Cc1ccc(cc1)S(=O)(=O)[O-].[NH3+]c1ccc(cc1)S(=O)(=O)N=C1NC=CS1,0
KASWEI,OCC[NH+]1CCCC1.Oc1ccc(O)c(c1)C(=O)[O-],0
CEBZUE10,O=C([O-])CC1=CNc2ccccc12.CCN1C=[N+](C)C2=C1N=C(N)NC2=O,1
KIXCUQ,OC(=O)c1cc(Cl)c(Cl)cc1C(=O)[O-].O=C([O-])c1[nH+]c2ccccc2cc1.OC(=O)c1[nH+]c2ccccc2cc1,0
PUZZUF,Cc1cccc(N)c1C.Oc1ccc2ccccc2c1c1c(O)ccc2ccccc12,0
BINFAI,FC(F)(F)S(=O)(=O)[O-].CC(C)(C)[NH+]=C1NCCC2=C1Sc1ccccc21,0
WAGCUG,O=C([O-])c1cccnc1.CCc1[nH+]c(N)nc(N)c1c1ccc(Cl)cc1,0
TAMBUE,N#CC(C#N)=C1C=CC(C=C1)=C(C#N)C#N.CC1(C)COC(=O)C2=CN3C(=CN12)C(=O)OCC3(C)C,0
QEKMAX,ON=C(CCN1C=CN=C1)c1ccc2OCOc2c1.CC(C)O,1
BURXIX,[NH3+]C(CC)(CO)CO.CC(=O)[O-],0
XOKTIC,C1N2CN3CN1CN(C2)C3.OC(=O)c1ccc(O)c(O)c1,0
FOVBUO,Nc1[nH+]cc(Cl)cc1.ClC(Cl)(Cl)C(=O)[O-],1
CEXKAV,Oc1ccc2ccc(O)cc2c1.C(Cc1ccncc1)c1ccncc1,0
HABFOG,Nc1nc(N)nc(N)n1.OB(O)O,0
XAQYOF,NC(N)=[NH+]C(N)=O.OP(F)(=O)[O-],1
XARVUJ,[NH3+]c1c(C)c(C)c2OC(C)(C)CCc2c1C.Cc1ccc(cc1)S(=O)(=O)[O-],0
KECMAJ,O=C(NN=Cc1cccnc1)c1ccccn1.OC(=O)CCCCCC(O)=O,0
EZAQUU,COc1[nH+]c(N)nc(OC)c1.O=C([O-])c1cc(cc(c1)N(=O)=O)N(=O)=O,0
QIQLIL01,[NH3+]c1ccc(cc1)C(=O)OCC.O=N(=O)c1cc(c([O-])c(c1)N(=O)=O)N(=O)=O,0
QUFKEI,O=P(c1ccccc1)(c1ccccc1)c1ccccc1.CC1(C)C(=O)NC(=O)C1(C)C,0
QUBRAH,NC(=[NH2+])NC(N)=S.O=C[O-],0
KIHZAD,Oc1cccc(O)c1.N#Cc1ccncc1,0
YALWEO,[NH3+]C1C(O)Cc2cc3ccccc3cc12.COc1ccc2cc(ccc2c1)C(C)C(=O)[O-],0
ULOXIC,CC1=C(C)C(=O)C(=C(Br)C1=O)Br.S=C(SSC(=S)N1CCCC1)N1CCCC1,0
QUCRUC,[NH3+]CCc1ccc(OC)cc1.OC(=O)C1=NNC(=C1)C(=O)[O-],0
YANBIB,c1cc(ccn1)c1ccncc1.CNC(=S)NN=C(C)c1ccc(O)cc1O,0
BALJEE,C[N+]1(CCOCC1)CC(O)=O.O=N(=O)c1cc(c([O-])c(c1)N(=O)=O)N(=O)=O,0
DIJVOH,COC(=O)c1cc(O)c(O)c(O)c1.CN1C=NC2=C1C(=O)N(C)C(=O)N2C,0
IXAVEI,OC(C(O)C(=O)[O-])C(O)=O.[NH3+]C(CC1=C[NH+]=CN1)C(=O)[O-],0
KAKXAY,OC(CC(=O)[O-])c1ccccc1.[NH3+]C(C(O)c1ccccc1)c1ccccc1,1
LOFMAW,OC(=O)C(=O)[O-].[NH3+]c1ccc(cc1)S(=O)(=O)N=C1NC=CS1,0
VITKIT,ON=Cc1c(F)c(F)c(Br)c(F)c1F.CN1c2ccccc2N=C1c1ccncc1,0
JAZQIN,NC(N)=O.Cc1cccc(O)c1,0
XUYBUQ,Cc1nc(C)c(C)nc1C.Oc1cc(O)cc(O)c1,0
HAGHIJ,c1cc(ccn1)C=Cc1ccncc1.NC(N)=O,0
WOPCOV,Nc1ccccn1.Nc1ccc(cc1)C(O)=O,1
BOPGIY,c1ccc2nccnc2c1.CC(=NO)C(C)=NNC(N)=S,0
ITAQOM,OC(=O)Cc1ccccc1.Cc1cccc2SC(=Nc12)N,0
WUTDOH,COc1cc(CC=C)ccc1O.c1ccc2nc3ccccc3nc2c1,0
YOCRIS,OC(=O)c1cc(ccc1O)S(=O)(=O)[O-].OC(=O)c1cc[nH+]cc1,0
XAGYEN,Nc1ccc(cc1)C(=O)[O-].COc1ccccc1N1CC[NH2+]CC1,0
TADROJ,FC(F)(F)c1c2nccnc2cc2C3C[NH2+]CC(C3)c12.FC(F)(F)C(=O)[O-],0
QUOLUR,NC(N)=O.Oc1ccc(O)cc1,0
OKUYOK,Clc1ccc(cc1)C=C1SC(=S)NC1=O.CS(C)=O,0
DOWPEN,NC1=[NH+]C=CS1.O=C([O-])c1ccc2OCOc2c1,0
GEPDAK,FC(F)(F)C(=O)[O-].O=C([O-])c1[nH+]cccc1.OC(=O)c1[nH+]cccc1,0
VIDNEC,CS(C)=O.NS(=O)(=O)c1cc2c(NC=NS2(=O)=O)cc1Cl,0
TOZHOF01,NC(N)=O.CC(=O)CCCCC(C)=O,0
MEFLUF,Oc1ccccc1C(c1cc(O)c(O)c(O)c1)c1ccccc1O.C(Cc1ccncc1)c1ccncc1,0
CATKEP,Oc1ccc2ccccc2c1c1c(O)ccc2ccccc12.C(CN1C=Nc2ccccc12)CN1C=Nc2ccccc12,0
LUMRUG,OC(C(=O)[O-])c1ccc2ccccc2c1.[NH3+]C(C)c1ccc(Br)cc1,0
EADPBA,CCN1C=Nc2c(N)ncnc12.O=C1NC(=O)C(=O)N1,0
MAJPOF,FC(F)(F)C(=O)[O-].C[NH2+]CC(=O)[O-].C[NH2+]CC(O)=O,0
LUNYOI,CCCC(O)=O.c1cnccn1,0
BIZXEO,c1ccncc1.NS(=O)(=O)c1cc2c(NC=NS2(=O)=O)cc1Cl,0
IDAFEB,CC(=O)[O-].CC(=NO)C(C)=NNC1=[NH+]c2ccccc2N1,0
QUZZOC,[NH3+]c1ccc(cc1)S(=O)(=O)c1ccc(N)cc1.CS(=O)(=O)[O-],0
LIGPEZ,NC1=[NH+]c2ccccc2S1.OC(=O)CC(=O)[O-],0
MUPNUH,NC(=O)c1ccncc1.OC(=O)c1cc(O)c(O)c(O)c1,0
IHILUJ,COc1ccc(cc1)N1CC[NH2+]CC1.O=C([O-])c1cc(cc(c1)N(=O)=O)N(=O)=O,0
TMPASD,O=S=O.CN(C)c1ccc(cc1)N(C)C,0
FALSES,Cc1ccnc(NS(=O)(=O)c2ccc(N)cc2)n1.C1COCCO1,0
BOMRUS,NC1=[NH+]N=C(S1)c1ccc(Br)cc1.OC(=O)c1cc(cc(c1[O-])N(=O)=O)N(=O)=O,0
TIWPIB,OC(=O)CCCC(O)=O.CCOc1ccccc1C(N)=O,0
MISDIC,CN1C(=O)N(C)C2=C(N(CC3OCCO3)C=N2)C1=O.OC(=O)C(Cl)(Cl)Cl,0
BIXBOC,Nc1nc(N)nc(n1)c1ccccc1.NC(=O)N1c2ccccc2C=Cc2ccccc12,0
JEJHAL,OC(=O)c1ccc(O)cc1O.CC1=C(C=C(C#N)C(=O)N1)c1cc[nH+]cc1.CC1=C(C=C(C#N)C(=O)N1)c1ccncc1.Oc1ccc(c(O)c1)C(=O)[O-],0
ZIPMIW,COS(=O)(=O)[O-].CO[N+]1(C)CCOCC1,0
VIVZOP,OC(=O)c1ccc(O)cc1.CC(=O)NC(C)=O,0
VUZZEW,c1ccc(C=NN=Cc2ccccn2)nc1.OC(=O)c1ccccc1,0
ROBFAS,C=CC(=O)[O-].OC(=O)C=C.CCc1[nH+]c(N)nc(N)c1c1ccc(Cl)cc1,0
HAYLAY,Oc1ccc(C=O)c(O)c1.c1cc(ccn1)c1ccncc1,0
WIZLEX,[NH2+]1CCOCC1.NC1=C(N=O)C(=O)[N-]C(=N1)N1CCOCC1,0
LARASC20,OCC(O)C1OC(=O)C(=C1[O-])O.[NH3+]C(CCCNC(N)=[NH2+])C(=O)[O-],1
RORPOF,c1ccc2nc3ccccc3cc2c1.OB(O)c1ccc(Cl)cc1,0
LATBIT,OC(=O)c1ccc(O)cc1.CN1C=NC2=C1C(=O)N(C)C(=O)N2C,0
JOMHIF,c1cncc(c1)C=Cc1cccnc1.OCC#CCO,0
VAKKAW,[NH3+]C(Cc1ccccc1)C(=O)Nc1cccnc1.O=C([O-])c1ccc(cc1)N(=O)=O,0
GEDLEH,CCN1C=[N+](C)C(=C1)N(=O)=O.FC(F)(F)S(=O)(=O)[O-],0
MIPCUN,CC(C)(C)OC(=O)NC(Cc1ccccc1)C(=O)[O-].[NH3+]Cc1ccc(cc1)S(N)(=O)=O,1
JISRUZ,FC(F)(F)S(=O)(=O)[O-].CC(C)(C)N1C=C[N+](=P1)C(C)(C)C,0
BAZTIJ,OC(=O)CCCC(O)=O.N#Cc1cccnc1,0
UKOSOD,OC(=O)CCCCCCCCC(O)=O.CC(C)=NNC(=O)c1cccnc1,0
TODNIM,Nc1ccccc1N.OC(=O)c1ccccc1,0
ULAYAH,OC(=O)CCC(=O)[O-].CCc1[nH+]c(N)nc(N)c1c1ccc(Cl)cc1,0
JIQGIC,OC(C(O)C(=O)[O-])C(O)=O.[NH3+]CC1CCC(CC1)C(O)=O,1
XAZZEH,ON1N=C(N=C1C1=NN=NN1[O-])N(=O)=O.CC(C)=[NH+]O,0
DETGEP,CC(C)N(C(C)C)C(=O)Nc1ccccc1.CC(C)=NOC(=O)Nc1ccccc1,0
ADAVOQ,[NH3+]C(Cc1[nH+]c[nH]c1)C(=O)[O-].OC(=O)CCCC(=O)[O-],0
KIJTAA,NC(=O)c1ccncc1.CN1N=NC2=C(N=CN2C1=O)C(N)=O,0
WEKWOC,CCCCCCO.NCC=C,0
XITRUP,O=C([O-])c1ccc2ccccc2c1.[NH3+]Cc1cccc(Br)c1,0
CETSOJ,[NH3+]CCCCC([NH3+])C(=O)[O-].CC(=O)[O-],1
YACQOL,Oc1ccc(O)cc1.CC(C)C1=C(C)N(C)N(c2ccccc2)C1=O,0
DOKRUR,Cc1ccc(cc1)S(=O)(=O)[O-].CCOc1cc(ccc1O)C=Cc1cc[n+](C)cc1,0
GABYUE,OC(=O)c1cccc(c1)C(O)=O.N(c1cccc(Nc2ccccn2)c1)c1ccccn1,0
NEFSUP,Oc1ccccc1C(=O)[O-].COc1cc(C)[nH+]c(N)n1,0
SAZKEK,O1C(=NN=C1c1ccncc1)c1ccncc1.Oc1ccc(O)cc1,0
SOLFAC,N#Cc1ccncc1.Nc1ccc(cc1)C(O)=O,0
NIPHUR,CC(C)(C)C(=O)Nc1[nH+]c(N)ccc1.O=C([O-])c1ccccc1,0
XEMMEK,Clc1cc(ccc1C(=O)[O-])N(=O)=O.[NH3+]c1ccc(cc1)C(O)=O,0
INEFIQ01,[NH3+]C(CCCNC(N)=[NH2+])C(O)=O.FC(F)(F)C(=O)[O-],1
EVUMOX,O=C1CC(=O)NC(=O)N1.C1COCCO1,0
YONLAQ,[NH3+]c1ccc(cc1)S(=O)(=O)Nc1ncccn1.Oc1ccc(cc1)S(=O)(=O)[O-],0
HIRWOV,NC(N)=O.CN(C)C=O,0
IXUCIQ,O=C([O-])CCCCC1CCSS1.Clc1cccc(Cl)c1NC1=[NH+]CCN1,1
RECQOG,NC(N)=O.COc1ccccc1C(N)=O,0
ZIJZOL,OC1CC(=CC(O)C1O)C(=O)[O-].Nc1[nH+]nc(c(N)n1)c1cccc(Cl)c1Cl,1
DUCZUX,CC1=C(CCCl)C(=O)N2C=CC=CC2=[NH+]1.O=N(=O)c1cc(c([O-])c(c1)N(=O)=O)N(=O)=O,0
POCPED,Nc1nc(N)nc(n1)c1ccccc1.O=C1CCCC(=O)N1,0
FINHIX,N#Cc1cc(C#N)c(cc1C#N)C#N.O1c2ccccc2c2c1ccc1ccccc21,1
MIFRAU04,[NH3+]CCC(O)=O.OC(=O)C(=O)[O-],0
VAGSEE,Cc1ccc(cn1)c1ncc(Cl)cc1c1ccc(cc1)S(C)(=O)=O.OC(=O)CCCCC(O)=O,0
SIZKUJ,C[N+](C)(C)CC(O)=O.OC1=C([O-])C(=O)C1=O,1
OWIXUO,Cc1cc[nH+]c(O)c1.O=N(=O)c1cc(c([O-])c(c1)N(=O)=O)N(=O)=O,0
YEJYIV,[NH3+]C(C)C(O)=O.OC(=O)C(=O)[O-],0
SIHLIH,OC(=O)C1=CC=C(Cl)S1.Cc1nc(C)c(Cl)c(N)n1,0
ZATMIU,[NH3+]C(CCC)C(O)=O.OC(=O)C(=O)[O-],0
MOWDOU,Fc1c(F)c(C#N)c2Oc3ccccc3Nc2c1C#N.CS(C)=O,0
TECCAF,Nc1ccc2ccc3c(N)ccc4ccc1c2c34.ClC1=C(Cl)C(=O)C(=C(Cl)C1=O)Cl,0
YEHZES,[NH3+]c1ccc(cc1)C(O)=O.COC(=O)c1c(Br)c(Br)c(Br)c(Br)c1C(=O)[O-],0
FAYXUB,Nc1ccc(C(O)=O)c(O)c1.NC(=O)N1c2ccccc2C=Cc2ccccc12,0
ZIBBIX,[O-]N1N=NN=C1C1=NN=NN1[O-].[NH3+]NC(=O)C(=O)N[NH3+],0
TEZMOC,Nc1nc(N)nc(n1)c1ccccc1.OC(=O)c1ccc(cc1)C(O)=O,0
WAKROS,CC(=O)[O-].C[N+]1=CN(CCO)C=C1,1
TUQYEM,CCC1(CC)C(C#N)(C#N)C1(C#N)C#N.C1COCCO1,1
FIFCOQ,O=N(=O)c1ccc(cc1)N1CC[NH2+]CC1.OC(=O)CCC(=O)[O-],0
CISDAL,FC(F)(F)S(=O)(=O)[O-].CN1C=[N+](N=C1N(=O)=O)c1ccc(cc1N(=O)=O)N(=O)=O,0
OJENIA,c1cc(ccn1)c1ccncc1.OC(=O)c1ccccc1c1ccccc1C(O)=O,0
KIJSIH,NC(=O)c1ccc(O)cc1.CN1N=NC2=C(N=CN2C1=O)C(N)=O,0
WAFFUG,c1cc(ccn1)c1ccncc1.OC(=O)CSc1ncccc1C(O)=O,0
UVOKOG,OC(=O)c1cc(ccc1C(=O)[O-])N(=O)=O.NC(=O)C1CC[NH2+]CC1,0
RISFEH,Cc1[nH+]c(C)c(c2ccccc2Cl)c(c1Br)c1ccccc1Cl.O=N(=O)c1cc(c([O-])c(c1)N(=O)=O)N(=O)=O,0
LADCUQ,OC(=O)CCCCCCCCC(O)=O.CCC(=O)Nc1ccc(Br)cn1,0
YACDUE,CC(C)C1=C(C)N(C)N(c2ccccc2)C1=O.OC(=O)c1cc(Cl)c(Cl)cc1C(O)=O,0
TICPOK,[NH3+]C1CCc2c(C1)ccc(OC)c2OC.OC(C(=O)[O-])c1ccccc1,0
JIGKES01,CCCN(CCC)S(=O)(=O)c1ccc(cc1)C(O)=O.c1cc(ccn1)N=Nc1ccncc1,0
NOWDOU,c1cc(ccn1)C=Cc1ccncc1.OB(O)O,0
XUBKUD,Cc1ccnc(NS(=O)(=O)c2ccc(N)cc2)n1.NC(=O)c1ccccc1O,0
KIJTEE,CN1C=NC2=C1C(=O)N(C)C(=O)N2C.CN1N=NC2=C(N=CN2C1=O)C(N)=O,0
URUGIY,Nc1ccc(C(O)=O)c(O)c1.NC(=O)c1cnccn1,0
ZODJEK,Cc1ccc(cc1)S(=O)(=O)[O-].COCCN1C=[NH+]c2ccccc12,0
SEDBAH,COc1cc[nH+]cc1.OC(=O)CCC(=O)[O-],0
PUNWOL,[NH3+]C(C)c1ccc(Cl)cc1.CCOP([O-])(=S)c1ccc(Cl)cc1,1
ERIWUY,NC(N)=O.OC(=O)CCCCC(O)=O,0
QAMRAY,Oc1ccc(O)cc1.C1CNCCN1,0
OBUYER,Cc1ccc(cc1)S(=O)(=O)[O-].[NH3+]c1ccc(Cl)cc1,0
IVUNET,C[NH+](C)C(C)C(O)c1ccccc1.CS(=O)(=O)[O-],0
KEWZUI,Oc1ccc(cc1)c1ccc(O)cc1.O=C1CCCCCN1,0
NIDSOK,OC(C1[NH2+]CCC1)(c1ccccc1)c1ccccc1.O=C([O-])c1ccccc1,1
FONJAU,[NH3+]C(CCSC)C(O)=O.OC(C(=O)[O-])c1ccccc1.OC(C(O)=O)c1ccccc1,0
RIJCIY,FC(F)(F)S(=O)(=O)[O-].O=C(C[n+]1ccccc1)OC1CCCCC1,0
HISMAZ,[NH3+]C(CO)(CO)CO.Oc1ccccc1C(=O)[O-],0
SOBBAM,CCCCNCCCC.NP1(=S)Oc2ccc3ccccc3c2c2c(O1)ccc1ccccc21,0
LIPYAK,c1cnc2c(c1)ccc1cccnc21.Oc1ccc(Sc2ccc(O)cc2)cc1,0
NUNHAG,CCOC(=O)C1=N[N-]C(=C1)C(=O)OCC.[NH3+]CCc1ccc(OC)c(OC)c1,0
YIDJIE,COc1cnc(NS(=O)(=O)c2ccc(N)cc2)nc1.C1CCOC1,0
XITGOZ,CC1(C)CCC(C)(C)C2=C1[NH+]=C(N)S2.O=C([O-])c1cc(cc(c1)N(=O)=O)N(=O)=O,0
IVEKEC,CC[NH+](CC)CC(=O)Nc1c(C)cccc1C.OC(=O)CCCC(=O)[O-],0
SAYPUF,OC(=O)c1cccc(O)c1.O=C(NN=C1CCCCC1)c1ccncc1,0
HOWRAN,[NH3+]C(C)(C)CC(C)=O.O=C([O-])c1cc(cc(c1)N(=O)=O)N(=O)=O,0
PEXNUD,Nc1ccc(c(O)c1)C(=O)[O-].Oc1c[nH+]ccc1,1
KAGPOB,OC(=O)c1cc(ccc1O)S(=O)(=O)[O-].NC(=O)c1cc[nH+]cc1,0
GESCIQ,O=N(=O)c1cc(c([O-])c(c1)N(=O)=O)N(=O)=O.Cc1ncc(C[N+]2=CSC(=C2C)CCO)c(N)n1,0
XAGWUB,COc1ccccc1N1CC[NH2+]CC1.Brc1ccc(cc1)C(=O)[O-],0
UNUNID,c1ccc2nc3ccccc3nc2c1.OC(=O)C#C,0
POXFIU,Oc1ccc(cc1)C(=O)[O-].CCc1[nH+]c(N)nc(N)c1c1ccc(Cl)cc1,0
CEKKOU,c1cnc2c(c1)ccc1cccnc21.Oc1cccc(O)c1O,0
OBUBOE,NC(=O)c1cccnc1.COc1cc(C=O)ccc1O,0
DOWPAJ,NC1=[NH+]C=CS1.Clc1ccc(OCC(=O)[O-])cc1,1
TOJREQ,FC(F)(F)S(=O)(=O)[N-]S(=O)(=O)C(F)(F)F.C[N+]1(CCCC1)CC(O)=O,0
QAXZEX,c1cc(ccn1)c1ccncc1.NC(=S)NN=Cc1ccc(O)cc1O,0
SEVJAH,Cc1cc(C)nc(N)n1.OC(=O)CCCCCC(O)=O,0
YEJKON,C1N2CN3CN1CN(C2)C3.OC(=O)CCCCCCCCC(O)=O,0
CUYXUQ,NC(=O)c1cccnc1.OC(=O)CC(O)(CC(O)=O)C(O)=O,0
QAMROM,Oc1ccc(O)cc1.C1CCNCC1,0
NEBVOH,OC(=O)c1ccccc1Cl.COc1cc(OC)nc(N)n1,0
DEYPOQ,OC(=O)c1cccc(O)c1.CC(CC(C)(C)O)=NNC(=O)c1ccncc1,0
WELDEA,CCCCCCCCCO.NCC=C,0
UFAKUH,CNC(N)=[OH+].CS(=O)(=O)[N-]S(C)(=O)=O,0
TIJKIG,c1ccc(nc1)c1ccccn1.Oc1c(O)c(O)c(O)c(O)c1O,0
XEBZUC,CN1C(=NC(=Cc2ccc3OCOc3c2)C1=O)N.CS(C)=O,0
MINROS,O=S1(=O)N=C2c3cccnc3c3ncccc3C2=N1.Oc1ccc(O)cc1,0
QIPMIO,C[P+](C)(C)CC=C.O=N(=O)c1cc(c([O-])c(c1)N(=O)=O)N(=O)=O,0
ESAWON,c1ccc2nccnc2c1.OC(=O)c1c(Br)c(Br)c(C(O)=O)c(Br)c1Br,0
RIDKIA,O=S(=O)([O-])c1cccc(c1)P(c1ccccc1)c1ccccc1.CCCC[N+]12CN3CN(CP(C3)C1)C2,0
ZIMHIO,CC(=O)NS(=O)(=O)c1ccc(N)cc1.CC(N)=O,0
BOVVEP,c1cc(ccn1)C=Cc1ccncc1.OC(=O)c1cccc(F)c1,0
MOHDIX,[NH3+]CCCCC([NH3+])C(O)=O.OC(=O)C(=O)[O-],0
LEDYEY,CC(C)=CC1C(C(=O)[O-])C1(C)C.C[NH+](C)C(CO)C(O)c1ccc(cc1)N(=O)=O,0
FILGAI,CC1(C)COP(=O)([O-])OC1c1ccccc1.C[NH2+]C(C)C(O)c1ccccc1,1
EZEGUN,CCc1[nH+]ccc(c1)C(N)=S.Oc1cccc(O)c1C(=O)[O-],0
MAKJUG,CC=CC(=O)[O-].[NH2+]1CCSCC1,1
NUMJUC,Cc1ccc(cc1)S(N)(=O)=O.O=C1CCCCN1,0
TECCOW,COS(=O)(=O)[O-].CO[n+]1ccc(C)cc1,0
ROMZOL,OC(=O)c1ccc(cc1)c1ccccc1.CC1=[NH+]C(=NC(=C1)C)NS(=O)(=O)c1ccc(N)cc1.O=C([O-])c1ccc(cc1)c1ccccc1.Cc1cc(C)nc(NS(=O)(=O)c2ccc(N)cc2)n1,0
FERYEH,c1cc(ccn1)C=Cc1ccncc1.CC(=O)c1c(O)cc(O)cc1O,0
GAPNUI,OC(C(O)C(=O)[O-])C(O)=O.[NH2+]1CCOCC1,0
QELDEU,c1cc(ccn1)C=Cc1ccncc1.OC(=O)c1cccnc1Nc1cccc(c1)C(F)(F)F,1
RASMOR,CC[NH+](CC)CCO.O=C([O-])c1ccc(cc1)N(=O)=O,0
ROKPAK,NC1=NC(=NO1)N=NC1=NOC(=N1)N.CS(C)=O,0
GIPQAX,c1cc(ccn1)c1ccncc1.OC(=O)C=CC(O)=O,0
EXICEU,OC(=O)c1ccc(Cl)cc1.Cc1cc(C)nc(N)n1,0
PEFGEO01,OC(=O)c1cc(O)c(O)c(O)c1.CC(N)=O,0
PORVEA,COc1cc(Cc2c[nH+]c(N)nc2N)cc(OC)c1OC.Cc1cccc(Nc2ccccc2C(=O)[O-])c1C,0
BOVYAO,OC(=O)c1cc(F)c(F)cc1F.C(Cc1ccncc1)c1ccncc1,0
TIJKOM,c1cc(ccn1)c1ccncc1.OC1=C(O)C(=O)C(=C(O)C1=O)O,0
FEJWUP,FC(F)(F)S(=O)(=O)[O-].C[n+]1c(N)cccc1NC1=NC=CNC1=S,0
XAQQEM,NC(=O)c1ccncc1.OC(=O)c1ccccc1O,0
VIPSOF,FC(F)(F)S(=O)(=O)[O-].COC1(N(C)C=[N+](C)c2ccccc12)c1ccccc1,0
BALDUR,NC1=N[N+]2(CCOCC2)CC1.Brc1ccc(cc1)C(=O)[O-],1
SICQEC,[NH2+]1CCOCC1.Cc1ccc(cc1)C1=C(C#N)C(=O)NC(=C1C#N)[O-],0
ZOHWIE,Oc1ccc(Cl)c(Cl)c1Cl.Nc1ccc(Cl)c(Cl)c1,0
GESCUE,NC(=O)c1ccc(O)cc1.OC(=O)C=CC(O)=O,0
PEZQAN,Cc1cncc(C)n1.OC1=C(Cl)C(=O)C(=C(Cl)C1=O)O,0
QOLRIV,CCN1C(=O)SC(C1=S)=C1SC(=O)N(CC)C1=S.c1cc2cccc3c4cccc5cccc(c(c1)c23)c45,0
BAQQIW01,O=C1NC(=O)C(=C[N-]1)N(=O)=O.[NH3+]C(CC1=C[NH+]=CN1)C(=O)[O-],1
GIDGEJ,OC(C(=O)[O-])c1ccccc1.[NH3+]CC1CCC(CC1)C(O)=O,1
FIDLIO,Nc1ccc(Cc2ccc(N)cc2)cc1.Oc1ccc(Cc2ccc(O)cc2)cc1,0
COZYOG,Cc1nc(C)c(C)nc1C.OC(=O)C(O)=O,0
NELJEX,CCOc1ccc2[nH+]c3cc(N)ccc3c(N)c2c1.Clc1cccc(Cl)c1Nc1ccccc1CC(=O)[O-],0
CEPJOA,CC1=NNC(=S)NCCC(=NNC(=S)NCC1)C.CS(C)=O,0
ZEQCEG,CN1C=NC2=C1C(=O)N(C)C(=O)N2C.Nc1ccc(C(O)=O)c(O)c1,0
ZEGFAU,Oc1ccc(CC(=O)[O-])cc1.NC1=NC(=O)NC=C1.NC1=[NH+]C(=O)NC=C1,0
YAXWOL,c1cc(ccn1)c1ccncc1.OC(=O)C=CC=CC(O)=O,0
EXUQUJ01,OC(=O)CCCC(O)=O.CN1C=NC2=C1C(=O)N(C)C(=O)N2C,0
REHSUU,OC(=O)c1ccc(O)cc1.CCOc1ccccc1C(N)=O,0
JIMVUX,FC(F)(F)S(=O)(=O)[O-].C[n+]1ccn(CC2CCCCO2)c1,0
XUVQEL,OC(=O)Cc1ccccc1Nc1c(Cl)cccc1Cl.CC1=CN=C(N)S1.Clc1cccc(Cl)c1Nc1ccccc1CC(=O)[O-].CC1=C[NH+]=C(N)S1,0
OYUZAM,Cc1cccc(C)c1NC(=O)CN1CCCC1=O.OC(=O)C(O)=O,1
NEFGIR,NC(=O)c1cnccn1.OC(=O)c1cccc(O)c1O,0
MUHKEI01,CC(C)=[NH+]O.ON1N=NN=C1C1=NN=NN1[O-],0
GOLZIR,[NH3+]CC(=O)[O-].[NH3+]CC(O)=O.OC(=O)C=CC(=O)[O-],0
FULLUV,FC(F)(F)S(=O)(=O)[O-].[NH3+]N=C(N)C(N(=O)=O)N(=O)=O,0
DOGWIF10,C[NH+]1C2CCCC2C(=O)N2C(C)CCCC12.O=N(=O)c1cc(c([O-])c(c1)N(=O)=O)N(=O)=O,0
IBUHEW,[NH3+]CC(=O)[O-].[NH3+]CC(O)=O.NS(=O)(=O)[O-],0
FEJXIE,CN1C2=C(S[S+]=N2)C=C2Sc3cc(Cl)ccc3N=C12.FC(F)(F)S(=O)(=O)[O-],0
HOGFUG,OC(=O)CCCCC(O)=O.NC(=O)c1ccccn1,0
TEZNOD,Nc1nc(N)nc(n1)c1ccccc1.OC(=O)Cc1cccc(CC(O)=O)c1,0
EPUHEF,NC1=[NH+]c2ccccc2S1.ClC(Cl)C(=O)[O-],0
LADBOJ,Nc1[nH+]cc(Br)cc1.O=C([O-])c1ccc(cc1)C#N,1
IXOHAE,c1ccncc1.CCC1=C(SC(=N1)C1=NC(=C(S1)C(O)=O)CC)C(O)=O,0
ULAZIQ,Oc1cccc(O)c1.OCCN1C(=O)c2ccccc2C1=O,0
SUXVUC,OC(=O)c1ccccc1C(O)=O.c1cc(ccn1)C#Cc1ccncc1,0
AFITOA,[NH3+]c1cccc(O)c1.Cc1ccc(cc1)S(=O)(=O)[O-],0
SIDHUK,NC(N)=S.C1COCCO1,0
UHADOX,OC(=O)CC(O)=O.O=C1NCCN1,0
IDEVOG,OC(=O)C=CC(=O)[O-].Nc1[nH+]cccc1O,0
SAYNIQ,c1cncc(c1)C#CC#Cc1cccnc1.OC(=O)CNC(=O)C(=O)NCC(O)=O,0
ZUKSON,ON=C1CCC(CC1)=C1CCC(CC1)=NO.CS(C)=O,0
QOCCUI,Nc1[nH+]cc(cc1)N(=O)=O.OC(=O)C(=O)[O-],0
EKUMOP,CC(=O)[O-].[NH3+]CCc1cc(OC)ccc1OC,0
NOSTOH,OC(=O)Cc1ccc(O)c(Cl)c1.NC(=O)c1cccnc1,0
CEQDIP,OC(CN1C=NC=N1)(CN1C=NC=N1)c1ccc(F)cc1F.OC(=O)c1cc(O)c(O)c(O)c1,0
ZZZAKD10,CN1N(C(=O)C=C1C)c1ccccc1.NC(N)=NS(=O)(=O)c1ccc(N)cc1,0
RAXZAV,CC(C)(c1ccc(O)cc1)c1ccc(O)cc1.C(Cc1ccncc1)c1ccncc1,0
MIGGIW,c1ccc2nc3ccccc3nc2c1.NC(N)=NS(=O)(=O)c1ccc(N)cc1,0
AWUQUF,OC(=O)COc1ccc(OCC(O)=O)cc1.S(Sc1ccncc1)c1ccncc1,0
EQUSEQ,Cc1ccc(SCc2[nH+]cccc2)cc1.O=N(=O)c1cc(c([O-])c(c1)N(=O)=O)N(=O)=O,0
NAQMUQ,NC1=[NH+]c2ccc(OC(F)(F)F)cc2S1.OC(=O)CC(=O)[O-],0
ZEXWEG,Oc1ccc(O)cc1.CCN1C=C(C(O)=O)C(=O)c2ccc(C)nc12,0
GEHJAF,CC(=O)[O-].C[NH2+]C(C)C(O)c1ccccc1,1
KEFBON,CC(=O)Nc1ccccn1.OC(=O)CCCCCC(O)=O,0
NEBGOQ,OC(=O)C=CC(=O)[O-].C[NH+]1CCN(CC1)c1cccc(c1)C(F)(F)F,0
DIBZAQ02,[2H][N+]12CN3CN(C1)CN(C2)C3.[2H]O[2H].O=C([O-])c1cc(cc(c1)N(=O)=O)N(=O)=O,0
BULKOK,c1cc(ccn1)C=Cc1ccncc1.OC(=O)c1ccccc1O,0
SUZNEH,Nc1[nH+]cc(Cl)cc1.O=C([O-])C1=CC=CC(=O)N1,0
DOCWIE,OC(=O)C=CC(=O)[O-].O=C(CN1C=[NH+]C=C1)c1ccccc1,0
DEXTOQ,OC(=O)c1c(O)cccc1O.c1ccc2nc3ccccc3nc2c1,0
VILRUE,Cc1cc2N=CN(Cc3ccncc3)c2cc1C.ON=C(C#N)c1ccc(cc1)C(O)=O,1
IMAHOT,[NH3+]C(C)Cc1ccc(OC)cc1.CN1C(=O)Nc2ccc(Cl)cc2C21NC(=O)[N-]C2=O,1
EFAFIC,COc1ccc(cc1)C(N)=[NH2+].CC(=O)[O-],0
MIHJIA,OC(C(O)C(=O)[O-])C(O)=O.C[NH2+]C1CCC(c2ccc(Cl)c(Cl)c2)c2ccccc12,0
REZPET,OC(=O)C=CC(=O)[O-].[NH3+]C(CO)C(O)=O,1
VIZZEL,OC(=O)C(O)=O.OC(=O)C(=O)[O-].[NH3+]CP(C)(C)=O,0
GEYSAE,OC(=O)c1ccccc1O.Cc1cc(C)nc(NS(=O)(=O)c2ccc(N)cc2)n1,0
PUWFOD,Oc1ccc(O)cc1.CCN(CC)C=O,0
QUTMUO,c1ccncc1.OC(=O)c1ccccc1N1C(=O)c2ccccc2C1=O,0
JIRXER,OC(=O)c1ccccc1C(=O)[O-].Oc1cccc2ccc[nH+]c12,0
KIDNUH,OC(=O)c1ccc(cc1)C(O)=O.Cc1cc(CN2C=CN=C2)c(O)c(CN2C=CN=C2)c1,0
QIJYAJ,FC(F)(F)C(=O)[O-].C[NH+](C)CC(O)=O,0
ROFLAZ,OC(=O)C=CC(=O)[O-].NC1=[NH+]C(=O)NC=C1,0
SADYII,OC(=O)c1c[nH+]ccc1.ClC(Cl)(Cl)C(=O)[O-],0
VAXHIN,Nc1nc(N)nc(N)n1.CN(c1ccc(cc1)C(O)=O)C(=O)N(C)c1ccc(cc1)C(O)=O,0
MNICPC,C[n+]1cccc(c1)C(N)=O.O=N(=O)c1cc(c([O-])c(c1)N(=O)=O)N(=O)=O,0
TEWQUL,c1ccc2nc3ccccc3nc2c1.OC(=O)c1ccc(O)c(O)c1,0
XUMLUP,[NH3+]C(CO)(CO)CO.Cc1ccccc1OCC(=O)[O-],0
LENKEV,Clc1cccc(c1)C(=O)[O-].CCc1[nH+]c(N)nc(N)c1c1ccc(Cl)cc1,0
KAYFOH,O=C(Nc1ccccn1)c1ccncc1.OC(=O)CCCC(O)=O,0
LUJCOJ,c1cc(ccn1)c1ccncc1.Oc1ccc2ccccc2c1c1c(O)ccc2ccccc12,1
EPUFON,NC1=[NH+]C=CS1.OC(=O)c1cc(O)cc(c1)C(=O)[O-],0
DOWPOX,NC1=[NH+]C=CS1.OC(=O)c1cccc(c1C(=O)[O-])N(=O)=O,0
DOJMIZ,OO.CN1C=CN=C1C,0
DITHUK,Oc1c(Cl)c(Cl)c(Cl)c(Cl)c1Cl.Cc1ccncc1C,0
YETLIS,OC(CC(O)=O)C(=O)[O-].Cc1[nH+]cc(O)cc1,0
GERZUA,NC(=O)c1ccc(O)cc1.OC(=O)C(O)=O,0
DUVGAC01,NC(N)=S.O=C1CCCCCCC1,0
KOVSAR,NC(=O)c1cnccn1.OC(=O)CCCCC(O)=O,0
GESKAS,COc1ccc(cc1)B(O)O.CC1=NN=C2CN=C(c3ccccc3)c3cc(Cl)ccc3N12,0
RICBIP,[NH3+]CC(C)O.[S-]c1ccccc1,0
QUFCEB,Oc1cc(O)c(Cl)cc1Cl.c1ccc(cc1)N=Nc1ccncc1,0
NAYGOK,[S-]C#N.NC1=C([N+]2=C(S1)C=CC=C2)C(=O)c1ccc(Br)cc1,0
VIGFIB,O=C1CC(=O)NC(=O)N1.[O]n1ccn([O])cc1,0
ALACAT,c1ccc2cnccc2c1.Oc1ccc2ccccc2c1c1c(O)ccc2ccccc12,0
NIGKEW,Clc1ccc(cn1)C1CC2[NH2+]C1CC2.OC(C(O)C(=O)[O-])C(O)=O,0
VUHZIK,Cc1cc(O)cc(O)c1.C(Cc1ccncc1)c1ccncc1,0
KEGSEV,FC(F)(F)S(=O)(=O)[O-].ON=C1C2=[NH+]CCCN2CCCc2ccccc12,0
SORYEF,O=C1C=Cc2cccc3ccc([n+]4ccccc4)c1c23.FC(F)(F)S(=O)(=O)[O-],0
ITIWIT,O=N(=O)c1cc(c([O-])c(c1)N(=O)=O)N(=O)=O.NC(=NO)C(=[NH2+])NO,0
UROHUF,Nc1nc(N)c2N=C3N(CCc4ccccc34)c2n1.CS(C)=O,0
VUGMIT,Cc1cc(C)nc(NS(=O)(=O)c2ccc(N)cc2)n1.CC(=O)Oc1ccccc1C(O)=O,0
KEWDAV,C[N+]1=C2c3ccccc3c3ccccc3C2=NS1.FC(F)(F)S(=O)(=O)[O-],0
OGAJAL,Cc1ccc(C)c(c1)S(=O)(=O)[O-].[NH3+]C(Cc1ccccc1)C(O)=O,1
ULIMEI,OC(C(O)C(=O)[O-])C(O)=O.[NH3+]C1(CCCCC1=O)c1ccccc1Cl,0
HOJKEY,c1cc(ccn1)c1ccncc1.OC(=O)CCCSSCCCC(O)=O,0
KEFCAA,CC(=O)Nc1ccccn1.OC(=O)CCCCCCCC(O)=O,0
FASJIU,O=C(CN1C=[NH+]C=C1)c1ccccc1.O=N(=O)c1cc(c([O-])c(c1)N(=O)=O)N(=O)=O,0
REWLIR,ON=Cc1cc[nH+]c2ccccc12.O=N(=O)c1cc(c([O-])c(c1)N(=O)=O)N(=O)=O,0
EXANIB,Cc1cc(C)nc(NS(=O)(=O)c2ccc(N)cc2)n1.CC=CC=CC(O)=O,0
NUGZEV,OC(=O)c1cccc(c1)C(O)=O.NN1C(=NN=C1c1ccncc1)c1ccncc1,0
RUYGIC,CC(=O)NC1=NN=C(S1)S(N)(=O)=O.OC(=O)c1ccc(O)cc1,0
FECGEC,NC(=O)c1ccccc1.OC(=O)c1cccc(F)c1,0
NOLBEY,NS(=O)(=O)c1cc(C(O)=O)c(NCC2=CC=CO2)cc1Cl.O=C1CCCCCN1,0
EXUQUJ,OC(=O)CCCC(O)=O.CN1C=NC2=C1C(=O)N(C)C(=O)N2C,0
BEMQOC,[NH3+]NC(N)=S.Oc1ccc(cc1)S(=O)(=O)[O-],0
FESCUF,[NH3+]CC(CC(O)=O)c1ccc(Cl)cc1.OC(C(O)C(=O)[O-])C(O)=O,1
IVUSEY,C[NH+](C)C(C)C(O)c1ccccc1.Oc1ccc(cc1)C(=O)[O-],1
XEJKUS,C[NH2+]C(C)C(O)c1ccccc1.OC(C(=O)[O-])c1ccccc1F,0
AJAHUO,OC(=O)c1cc(Cl)c(cc1Cl)C(O)=O.O=C1CNC(=O)CN1,0
NUGKAE,CCC([NH2+]CC[NH2+]C(CC)CO)CO.CS(=O)(=O)[O-],0
HIMGAL,Cc1ccncc1.Oc1cc(O)cc(O)c1,0
KAGPIV,OC(=O)c1cc(ccc1O)S(=O)(=O)[O-].NC(=O)c1cc[nH+]cc1,0
LIHBAG,O=C([O-])c1ccc(cc1)N(=O)=O.OCC[NH2+]CCO,0
ZIKREQ,[H]1OC(=O)c2nccnc2C(=O)[O-]1.[NH3+]c1cccc(c1)C(O)=O,0
PECREW,COc1cc(OC)nc(SC)n1.OC(=O)c1ccc(O)cc1,0
GUDVEI,OC(=O)CCCCCC(O)=O.c1cnccn1,0
KIWRIV,CN(C)C=O.COC(=O)C=C1SC(=NC1=O)N=C(N)N,0
KANBOT,CCCN(CCC)S(=O)(=O)c1ccc(cc1)C(O)=O.c1ccc2nc3ccccc3cc2c1,0
WUZDEC,Cc1ccc(cc1)S(=O)(=O)[O-].C[N+](C)(C)CC(=O)[O-].C[N+](C)(C)CC(O)=O,0
IFACUO,Nc1ccc(cc1)C(O)=O.COc1cc(OC)nc(N)n1,0
TAPNED,CC1(C)COP(=O)([O-])OC1c1ccccc1F.C[NH2+]C(C)C(O)c1ccccc1,1
XOGDOO,Cc1nc(C)c(C)nc1C.OC(=O)c1c(O)cccc1O,0
KAYGIC,O=C(Nc1ccccn1)c1ccncc1.OC(=O)CCCCCCC(O)=O,0
MUNSUM,CCCC(C=C)c1[nH+]cc(Br)c2ccccc12.FC(F)(F)S(=O)(=O)[O-],1
PAVNOR,Oc1[nH+]cccc1.Cc1ccc(cc1)S(=O)(=O)[O-],0
PETPIP,ON=Cc1c(F)c(F)c(Br)c(F)c1F.c1cncc(c1)N=Nc1cccnc1,0
OLUTUN,[NH2+]=C1NC(=O)N(C=C1F)C1CSC(CO)O1.OC(=O)CC(=O)[O-],1
HOGFOA,OC(=O)C=CC(O)=O.NC(=O)c1ccccn1,0
MARXUC,OC(=O)c1ccc2C(=O)OC(=O)c2c1.CN(C)C=O,0
AJAHEY,OC(=O)c1cc(Cl)ccc1O.O=C1CNC(=O)CN1,0
KERMOJ,Clc1ccc(cc1)S(=O)(=O)[O-].[NH3+]C(C)C(O)=O,0
VULVOP,Cc1[nH+]cc(CO)c(CO)c1O.O=C([O-])c1ccc(cc1)C#N,0
GAXRUU,O=C1CC2(CCCCC2)CN1.Nc1ccc(cc1)C(O)=O,0
XEGHAU,CCc1[nH+]c(N)nc(N)c1c1ccc(Cl)cc1.OC(=O)CC(=O)[O-],0
ASULOP,FC(F)(C(=O)[O-])C(F)(F)C(=O)[O-].[NH3+]C(CC1=C[NH+]=CN1)C(O)=O,1
XOCMEK,OC(=O)c1cccc(n1)C(=O)[O-].[NH3+]c1ccc(OC)cc1,1
GIDGIN,[NH3+]CC1CCC(CC1)C(O)=O.O=C1[N-]S(=O)(=O)c2ccccc12,0
XERCAB,N#Cc1cc(C#N)c(cc1C#N)C#N.CC(=O)N1c2ccccc2c2ccccc12,0
PUVZIR,C[n+]1ccccc1P(F)(F)(c1ccccc1)c1ccccc1.FC(F)(F)S(=O)(=O)[O-],0
PIGSOO,CC1=[NH+]C=C2CN=C(c3ccccc3F)c3cc(Cl)ccc3N12.O=C1[N-]S(=O)(=O)c2ccccc12,0
UFETOR,OC(=O)CC(O)=O.NC(=O)c1ccc(N)cc1,0
KETZAM,c1cc(ccn1)C=Cc1ccncc1.CC(=O)Nc1ccc(O)cc1,0
NUMHUA,Cc1ccccc1S(N)(=O)=O.O=C1CCCCN1,0
VELVIU,O=C(c1ccccc1)c1ccncc1.BrN1C(=O)c2ccccc2C1=O,0
TENYAO,OC(=O)COc1cccc2ccccc12.CN1C=NC2=C1C(=O)N(C)C(=O)N2C,0
ZIJDAZ,Cc1ccc(cc1)S(=O)(=O)[O-].[NH3+]C(CC1=C[NH+]=CN1)C(=O)[O-],0
EPUQEM,c1cc(ccn1)c1ccncc1.OC(=O)c1ccc(O)cc1,1
LEDXOJ,CN1C(=O)N(C)c2nc3N(C)C(=O)N(C)C(=O)c3nc2C1=O.CSc1ccccc1C=NC1=C(N)N(C)C(=O)N(C)C1=O,0
QUTBUF,NN1C(=[NH+]N=C1C1=NON=C1N)N.O=N(=O)c1cc(c([O-])c(c1)N(=O)=O)N(=O)=O,0
NENMEA,[NH3+]CCCCC([NH3+])C(=O)[O-].CC1=NC(=NN1)SCC(=O)[O-],0
TILYUL,CCCSc1ccc2[NH+]=C(NC(=O)OC)Nc2c1.Cc1ccc(cc1)S(=O)(=O)[O-],0
QANLAT,OC(=O)c1cc(ccc1O)S(=O)(=O)[O-].[NH3+]c1ccc(Cl)cc1,0
UJOGUW,NC(=O)C1CC[NH2+]CC1.OC(=O)c1cc(cc(c1[O-])N(=O)=O)N(=O)=O,0
XEYMAP,Oc1ccc2ccccc2c1c1c(O)ccc2ccccc12.Cc1cncc(C)c1,0
COSDUK,ON=Cc1cc[nH+]cc1.OC(=O)C(=O)[O-],0
QAXZUN,CNC(=S)NN=Cc1ccc(O)cc1O.c1cc(ccn1)c1ccncc1,0
PUKDUW,[NH3+]C(CCCNC(N)=NN(=O)=O)C(O)=O.O=N(=O)c1cc(c([O-])c(c1)N(=O)=O)N(=O)=O,1
ROJJEG,C[NH+](C)CCCN1C(=O)c2ccccc2C1=O.CC(=O)[O-],0
TOMXEA,OC(=O)COc1ccccc1C=O.O=C1C(=O)c2cccnc2c2ncccc12,0
PUPGUD01,OC(=O)c1cccc(c1)C(O)=O.CN1C=NC2=C1C(=O)N(C)C(=O)N2C,0
IROMAF,c1cc(ccn1)c1ccncc1.OC(=O)c1cccc(Oc2cccc(C(O)=O)c2C(O)=O)c1,0
ITIQIL,c1cc(ccn1)c1ccncc1.OB(O)c1ccccc1,1
HEPSAZ09,[2H]OC(=O)c1ccc(cc1)C(=O)[O-].[2H]C1=[N+]([2H])C(=C([2H])N1[2H])[2H],0
ULABAN,Oc1cccc(O)c1.c1ccc(nc1)c1ccccn1,0
GUXTOL,c1cc(ccn1)C=Cc1ccncc1.CC(=O)NC1=NN=C(S1)S(N)(=O)=O,0
GUZXUW,Cc1ccc(cc1)S(=O)(=O)[O-].CN(C)C(=[NH2+])ON=C(N)c1ccc(Br)cc1,0
HAGHAB,NC(N)=O.c1ccc(C=Cc2ccncc2)nc1,0
EGUXOU,FC(F)(F)S(=O)(=O)[O-].CSc1c2ccccc2[nH+]c2ccccc12,0
DASYAB,NC(N)=S.OC(=O)C1=Cc2ccccc2OC1=O,0
SOVBOU,c1cc(ccn1)c1ccncc1.OC(=O)CC(O)=O,0
HUVGOW,C1=CN(C=N1)c1ccc(cc1)N1C=CN=C1.Oc1ccc(cc1)c1ccc(O)cc1,0
BUNHUP,Oc1c(F)c(F)c(Br)c(F)c1F.C(Cc1ccncc1)c1ccncc1,0
NUMHOU,O=C1CCCCCN1.NS(=O)(=O)c1ccc(Br)cc1,0
SUZBEV,Nc1[nH+]cc(Br)cc1.OC(=O)c1ccccc1C(=O)[O-],0
DOSPOS,C(N1C=CN=C1C1=NC=CN1Cc1ccccn1)c1ccccn1.OC(=O)CCCCCCCCC(O)=O,0
QUCSEN,[NH3+]CCc1ccc(F)cc1.OC(=O)C1=NNC(=C1)C(=O)[O-],1
BOQTEG,OC(=O)C=CC(=O)[O-].[NH3+]C(C)C(O)=O,0
HONTAG,OC(=O)c1ccc(O)cc1.c1ccc(cc1)c1ccncc1,0
LISKEH,CCCc1[nH+]ccc(c1)C(N)=S.O=S(=O)([O-])c1ccccc1,0
XAPZEW,Nc1ccc(Cc2ccc(N)cc2)cc1.Oc1ccc(O)cc1,0
NIJGIY,Nc1nc(N)nc(n1)c1ccccc1.OC(=O)CCC(O)=O,0
FOZZIG,[NH3+]C(CS)C(O)=O.O=N(=O)c1cc(c([O-])c(c1)N(=O)=O)N(=O)=O,1
CATJAK,[NH3+]C(C(O)c1ccccc1)c1ccccc1.O=C([O-])C1=CC=CO1,0
TIMMIP,[O-][P+]([O-])([n+]1ccccc1)[N+]12CCC(CC1)CC2.FC(F)(F)S(=O)(=O)[O-],0
IQUNUE,O=C(CS(=O)(=O)C1=Nc2ccccc2S1)c1ccccc1.C1COCCO1,0
NAJZUW,OC(=O)CCCCC(O)=O.CCc1cc(ccn1)C(N)=S,0
PEZKEM,Nc1nnc(c(N)n1)c1cccc(Cl)c1Cl.Nc1[nH+]nc(c(N)n1)c1cccc(Cl)c1Cl.CC=CC=CC(=O)[O-].CC=CC=CC(O)=O,0
YAHQEF,C1=CN(C=N1)c1cncnc1.Oc1ccc(O)cc1,0
EWUTAT,O=C1C(=C(C#N)C(=O)C(=C1C#N)C#N)C#N.Cc1ccccc1,0
REHSII,COc1cc(ccc1O)C(O)=O.CCOc1ccccc1C(N)=O,0
EDADUI,Cc1ccc(cc1)S(=O)(=O)[O-].Nc1[nH+]cc(cc1)N(=O)=O,1
NABMEL,[NH3+]C(c1ccccc1)c1ccccc1O.OC(=O)C(OC(=O)c1ccccc1)C(OC(=O)c1ccccc1)C(=O)[O-],1
OCASAM,FC(F)(F)S(=O)(=O)[O-].C[N+]1=C(CCC1)C(=NO)c1ccccc1,0
XAGYAJ,Cc1ccccc1C(=O)[O-].COc1ccccc1N1CC[NH2+]CC1,0
AZIHUM,[NH3+]C(CCS(C)=O)C(O)=O.O=N(=O)c1cc(c([O-])c(c1)N(=O)=O)N(=O)=O,0
ZOCBOL,Oc1c(cc(cc1N(=O)=O)N(=O)=O)C(=O)[O-].CCc1[nH+]c(N)nc(N)c1c1ccc(Cl)cc1,0
SAXCOK,Nc1[nH+]cc(Cl)cc1.O=S(=O)([O-])c1ccc(cc1)C#N,1
XOWKEB,Cc1cccc(Nc2ccccc2C(O)=O)c1C.c1cc(ccn1)c1ccncc1,0
EVEREE04,Oc1cc(O)c(Cl)cc1Cl.c1cc(ccn1)N=Nc1ccncc1,0
GINSAA,OC(C(O)C(=O)[O-])C(O)=O.NC(=O)C1([NH2+]CCC1)C(F)(F)F,1
ECIROB,Clc1ccc(cc1)C(=O)[O-].Nc1c(Br)cc(Br)cc1C[NH2+]C1CCC(O)CC1,0
VEKZIY,[NH3+]C(CC(C)C)C(F)P(=O)(OCC)OCC.[2H]O[2H].OC(=O)C(=O)[O-],0
ESEDAK11,[2H][N+]([2H])([2H])C1CCCCC1C.[2H]OC(=O)c1c(F)c(F)c(c(F)c1F)C(=O)[O-],1
QAYBAW,c1cc(ccn1)C=Cc1ccncc1.CNC(=S)NN=Cc1ccc(O)cc1O,0
FEVKUO,OC(=O)c1cc(C(O)=O)c(cc1C(O)=O)C(O)=O.Cc1cc(C)nc(NS(=O)(=O)c2ccc(N)cc2)n1,0
BECNUS02,O=C1OC(=O)c2cc3C(=O)OC(=O)c3cc12.c1ccc2nc3ccccc3nc2c1,0
VEZPAU,OC(=O)C=CC(=O)[O-].CCc1[nH+]c(C)ccc1O,0
ETUCII,FC(F)(F)C(=O)[O-].CCNc1nc(NC(C)C)[nH+]c(SC)n1,0
YADSAA,c1ccncc1.Cc1cc(C)nc(NS(=O)(=O)c2ccc(N)cc2)n1,1
FUQFEE,O=C([O-])c1ccc(cc1)N(=O)=O.[NH3+]C(CC1=C[NH+]=CN1)C(=O)[O-],0
UBOZAQ,CN(C)C(C)=O.ON1C(=O)c2ccc3C(=O)N(O)C(=O)c4ccc(C1=O)c2c34,0
SOHDOJ,N[n+]1ccnc(Cl)c1.Cc1cc(C)c(c(C)c1)S(=O)(=O)[O-],0
EPUGAA,OCC(=O)[O-].NC1=[NH+]C=CS1,0
COGREV,OC(=O)C(O)=O.CC1=NN(C(=C1)C)c1ccccc1,0
EBUCOV,c1cc(ccn1)c1ccncc1.COC(=O)NC(=S)Nc1ccccc1NC(=S)NC(=O)OC,0
ASOCIW,S1[S+]=NC(=N1)c1ccccc1.F[S-](F)(F)(=O)=O,0
QQQBTG01,[NH3+]CC(=O)[O-].[NH3+]CC(O)=O.O=N(=O)c1cc(c([O-])c(c1)N(=O)=O)N(=O)=O,0
HUZLAP,[NH3+]CCNC(=O)c1ccccc1O.O=N(=O)c1cc(c([O-])c(c1)N(=O)=O)N(=O)=O,0
POZNOK,COc1cc(ccc1O)C(O)=O.OC(CN1C=NC=N1)(CN1C=NC=N1)c1ccc(F)cc1F,0
WEDXEL,CN1C=NC2=C1C(=O)N(CCCCC(C)=O)C(=O)N2C.Fc1c(F)c(Br)c(F)c(F)c1Br,0
BEKTET,FC(F)(F)C(=O)[O-].[NH3+]CC1=C(C(=NO1)OC(C)C)C(F)(F)F,0
LATQEE,OC(=O)CCCC(O)=O.Cc1ccnc2N(C3CC3)c3ncccc3C(=O)Nc12,0
MEFJAI,Oc1ccccc1c1ccccc1O.c1ccc2nc3ccccc3nc2c1,0
XICRIM,Nc1ccc(c(O)c1)C(=O)[O-].NC1=NC(=O)NC=C1.NC1=[NH+]C(=O)NC=C1,0
ULAWUZ,NC(=O)c1ccncc1.OC(=O)CCCCC(O)=O,0
KEZFUS,[NH3+]CCO.Cc1ccc(cc1)C(=O)[O-],1
HALJAH,NC(=O)C1CC[NH2+]CC1.O=C([O-])C1=CNc2ccccc12,0
ZUPZAO,Clc1cccc(c1)C(=O)[O-].[NH3+]Cc1ccc(Cl)cc1,1
ECEREM,OC(=O)CNc1ccccc1C(O)=O.COC(=O)c1ccncc1,0
EYOHEF,FC(F)(F)S(=O)(=O)[O-].CC1(C)[N+](=O)C(=[N+]([O-])C1(C)C)c1ccccc1,0
GIYHUS,OC(=O)CNS(=O)(=O)c1cccc(c1)C(O)=O.c1cc(ccn1)c1ccncc1,0
FICYIB,Cc1ccc(cc1)C(O)=O.Cc1ccc(cc1)c1nc(N)nc(N)n1,1
DEFHUV,FC(F)(F)S(=O)(=O)[N-]S(=O)(=O)C(F)(F)F.C[N+]12CC([BH]3N4C=CC=N4[BH]1N1C=CC=N31)c1ccccc21,0
GOJJEU,Clc1ccccc1C1OP(=O)([O-])OCC21CCCCC2.C[NH2+]C(C)C(O)c1ccccc1,0
IPEVIJ,C1N2CN3CN1CN(C2)C3.OC(=O)c1ccc(F)cc1,0
PUNWIF,[NH3+]C(C)c1ccc(F)cc1.CCOP([O-])(=S)c1ccc(Cl)cc1,1
QAMBAK,FC(F)(F)S(=O)(=O)[O-].CN1C2C(N(C)C1=O)N(C)C(=[NH+]CC=C)N2C,0
ZAVMER,Oc1ccc(cc1)C(=O)[O-].OCC[NH+]1CCCCC1,0
OYEBAX,c1ccc2nc3ccccc3cc2c1.OC(=O)c1ccccc1Nc1ccccc1,0
VIPYEB,O=C1CNC(=O)N1.OC1=C(Cl)C(=O)C(=C(Cl)C1=O)O,0
VUXCAU,OC(C(=O)[O-])c1ccccc1.[NH3+]C1C2CC3CC(C2)CC1(CO)C3,1
NAXYOC,OC(=O)c1cc(Cl)c(C#N)c(Cl)c1.c1ccc2ccccc2c1,0
CEXJUO,Oc1ccc2ccc(O)cc2c1.Cc1nc2ccccc2nc1C,0
DISGUK,Oc1cc(cc(O)c1O)C(=O)[O-].CCc1[nH+]c(N)nc(N)c1c1ccc(Cl)cc1,0
KOVSEV,OC(=O)CCCCCCCCC(O)=O.NC(=O)c1cnccn1,0
JOKYOA,c1ccc(cc1)c1ccncc1.Nc1ccc(cc1)S(=O)(=O)Nc1ccc(Cl)nn1,0
ALOWUW,FC(F)(F)C(=O)[O-].[NH3+]C(Cc1ccccc1)C(=O)OCN1N=Nc2ccccc12,0
TEHNAW,Oc1ccc(cc1)c1ccc(O)cc1.N#Cc1ccncc1,0
QILVUF,CCCN1C=NC(=C1C(=O)[O-])C(O)=O.OCC[NH+](CCO)CCO,0
DEKXOI,O=C([O-])c1ccncc1.NC(=O)C1CC[NH2+]CC1,0
JENKUM,FC(F)(F)C(=O)[O-].COC12CCCCCC(=[NH+]c3ccccc13)N2,0
JOFJUK,O=C1CCC(=O)N1.Cc1c(N)ccc(Cl)c1F,0
EJORIG,CC(=O)NNC(C)=O.Nc1ccccc1Nc1cc(nnc1C(F)(F)F)c1ccccc1,0
LUSXEE,[NH3+]CC(CC(O)=O)c1ccc(Cl)cc1.Oc1c(ccc2ccccc12)C(=O)[O-],0
KOZKIT,N#CC(C#N)=C1C2=NSN=C2C(=C(C#N)C#N)C2=NSN=C12.COc1ccccc1C,0
TAZMIT,c1cnc2c(c1)ccc1cccnc21.OB(O)c1cc(F)c(F)c(F)c1,0
UXACAZ,ClC1=C(Cl)C(=O)C(=C(C#N)C1=O)C#N.COc1ccc(cc1)C1=Cc2ccccc2O1,0
VEBZAH,CN(C)c1ccc(cc1)N(C)C.O=C1OC(=O)c2cc3C(=O)OC(=O)c3cc12,0
AWITOS,OC(=O)c1cc(cc(c1)C(O)=O)C(O)=O.CC1=CN(C(=O)C=C1)c1ccccc1,0
LEJRIB,OC(=O)c1nccnc1C(=O)[O-].[NH3+]c1ccc(cc1)C(O)=O,0
MOGZAJ,CS(=O)(=O)[N-]S(C)(=O)=O.C[N+](C)(C)CCO,0
EFAPUY,OC(=O)CCC(O)=O.COc1cc(Cl)nc(N)n1,0
XIJBOK,NS(=O)(=O)c1ccc(NC(=O)C(=O)[O-])cc1.[NH3+]c1ccc(cc1)S(N)(=O)=O,1
ZIPHEO,NC(=O)c1ccncc1.COc1ccccc1C(O)=O,0
PUFFUS,c1cc(ccn1)c1ccncc1.OC(=O)c1c(F)c(F)c(F)c(F)c1F,0
JESDIY,CN(C)C(=O)CCC(=O)N(C)C.O=C1CCC(=O)O1,1
QAXYUM,c1cc(ccn1)C=Cc1ccncc1.CNC(=S)NN=Cc1ccc(O)cc1O,0
ZIPYIK,OC(=O)c1ccc2OCOc2c1.COc1cc(OC)nc(N)n1,0
SECZIM,O=C(c1ccccc1)c1ccncc1.BrN1C(=O)CCC1=O,1
FAVBUC,C[n+]1cc(cc2ccccc12)B(O)O.CS(=O)(=O)[O-],0
GIFDOR,NC(N)=O.Cc1nccnc1C,0
WEKDID,NC(=O)c1ccccc1.NC(=O)N1c2ccccc2C=Cc2ccccc12,0
COZZIB,c1cc(ccn1)C=Cc1ccncc1.Oc1ccc(O)cc1,0
WEDXOV,NC(=O)c1cnccn1.Fc1c(F)c(Br)c(F)c(F)c1Br,0
EMUDAS,[NH2+]1CC2(C1)COC2.OC(=O)C(=O)[O-],0
MOFXUB,Oc1ccc2ccccc2c1c1c(O)ccc2ccccc12.O=C1C(=O)c2cccnc2c2ncccc12,0
REGKOD01,Nc1nc(N)nc(N)n1.O=C1CCC(=O)N1,0
SATLUV,OC(=O)c1c[nH+]ccc1.O=N(=O)c1cc(c([O-])c(c1)N(=O)=O)N(=O)=O,0
AQUFID,CCCC[NH+](CCO)CCO.O=N(=O)c1cc(c([O-])c(c1)N(=O)=O)N(=O)=O,0
MADSIW,CC(=O)NC1=NN=C(S1)S(N)(=O)=O.O=C1CCCCCN1,0
ZOKYUV,CC(C)N=NC(C)(C)OO.CC(C)NN=C(C)C,0
MUFBOE,OC(C(O)C(=O)[O-])C(O)=O.C[NH2+]CC(O)c1cccc(O)c1,0
XEGHIC,CCc1[nH+]c(N)nc(N)c1c1ccc(Cl)cc1.OC(=O)CCCCC(=O)[O-],0
OZARAK,CN(C)C1=[NH+]B2345[BH]678[BH]9%10%11[BH]%12%13%14[BH]%1569[BH]627[BH-]2%12%15[BH]79%13[BH]%12%10%14[BH]37([BH-]48%11%12)B5629O1.C[P+](c1ccccc1)(c1ccccc1)c1ccccc1,0
ZIBCEU,CN1N=NC(=N1)N.ON1N=NN=C1C1=NN=NN1O,0
PATYOB,OC(=O)c1cc(ccc1O)S(=O)(=O)[O-].CN1C=[NH+]C2=C1C(=O)N(C)C(=O)N2C,0
CEJTAM,CN1C(=O)C2=C(SC3=C(S2)C(=O)N(C)C3=O)C1=O.c1ccc2nc3ccccc3cc2c1,0
AZULIR,Cc1ccc(cc1)S(=O)(=O)[O-].COc1[nH+]c(N)nc(OC)c1,1
IPEVOP01,C1N2CN3CN1CN(C2)C3.Cc1ccc(cc1)C(O)=O,0
DOTRAF,O=C([O-])C1C2Cc3ccccc3C12.C[NH+](C)C(C)C(O)c1ccccc1,0
QOLQOA,CCN1C(=O)C(SC1=S)=C1SC(=S)N(CC)C1=O.c1cc2ccc3cccc4ccc(c1)c2c34,0
SETSAN,OC(=O)C=Cc1ccccc1.NNC(=O)c1ccncc1,0
SIMVET,CC(Oc1cccc(Cl)c1)C(=O)[O-].[NH3+]c1ccc(OC)cc1,0
NOPDAY,CCOC(=O)C1=Cc2c(OC1=O)ccc1ccccc21.NC1=Nc2ccccc2S1,0
GENMIW,OC(=O)CN1C(=O)c2cc3C(=O)N(CC(O)=O)C(=O)c3cc2C1=O.c1ccc2c(c1)ccc1ccccc21,0
KOPKEH02,c1cc(ccn1)c1ccncc1.OC(=O)c1ccccc1O,0
UMINOT,c1cc(ccn1)C=Cc1ccncc1.OC(=O)CCC(O)=O,0
XEQDAA,c1cc(ccn1)c1cncnc1.Oc1ccc(O)cc1,0
VUXKAA,CN(C)C1=NC(=C(C#N)C(=O)O1)c1ccccc1.C1COCCO1,0
REXBEF,OC(=O)c1ccc(O)cc1.CN1N=NC2=C(N=CN2C1=O)C(N)=O,0
GAGPOX,[NH3+]C(C(O)c1ccccc1)c1ccccc1.OC(CCc1ccccc1)C(=O)[O-],1
GEXTIO,[NH3+]Cc1ccccc1F.O=C([O-])c1ccc2ccccc2c1,1
SAPDUJ,OCC(F)(F)F.NC(=O)N1c2ccccc2C=Cc2ccccc12,0
MOYKES,OC(C(O)C(=O)[O-])C(O)=O.Nc1[nH+]cc(Cl)cc1,1
XUYBIE,Cc1nc(C)c(C)nc1C.Cc1cc(O)cc(O)c1,0
TAFGAM,OC(=O)C[NH+](CC[NH+](CC(O)=O)CC(O)=O)CC(O)=O.CS(=O)(=O)[O-],0
NIVKAF,CSC(C#Cc1ccccc1)[N+](C)(C)C.FC(F)(F)S(=O)(=O)[O-],1
JOBROK,Oc1ccc(cc1)c1ccc(O)cc1.COc1cccc(C=Nc2cccnc2)c1O,0
LECDOP,OC(=O)c1ccc(O)c(c1)C(O)=O.Cc1cnccn1,0
BAQNUD,BrC1=CC=CC=C(C1=O)C1(C#N)c2ccccc2C(=O)c2ccccc12.c1ccccc1,0
CURSAL,OC(=O)C=CC(=O)[O-].COc1cc(Cc2c[nH+]c(N)nc2N)cc(OC)c1OC,0
DAWDAH,N#C[N-]C#N.NC(=[NH2+])NC(N)=O,0
ITARAZ,Cc1cccc2SC(=[NH2+])Nc12.OC(=O)CSCC(=O)[O-],0
CEQDAH,OC(CN1C=NC=N1)(CN1C=NC=N1)c1ccc(F)cc1F.OC(=O)c1ccc(O)c(O)c1,1
ZOHWUQ,NC(=O)c1cccc(N)c1.OC(=O)c1cccc(O)c1,0
ETOTIS,OCC[NH2+]CCO.O=C([O-])c1ccccc1N(=O)=O,0
XOTYUB01,CCOc1ccc(cc1)C(O)=O.c1cc(ccn1)c1ccncc1,0
PAHZAA,OC(C(O)=O)C(=O)[O-].Oc1c[nH+]ccc1,1
TIPFII,COc1cc(OC)nc(N)n1.OC(=O)c1ccccc1C(O)=O,0
VIJPAF,Cc1ccc(cc1)S(=O)(=O)[O-].C[n+]1ccc(cc1)C=Cc1ccc(O)cc1,1
IXOZIG02,Oc1[nH+]cccc1.O=C([O-])c1cc(cc(c1)N(=O)=O)N(=O)=O,0
PUVZEN,FC(F)(F)S(=O)(=O)[O-].C[n+]1ccccc1[P+](F)(c1ccccc1)c1ccccc1,0
ITAPUR,Clc1ncccc1C(=O)[O-].Cc1cccc2SC(=[NH2+])Nc12,0
MICLAM,CC(C)=CC1C(C(=O)[O-])C1(C)C.CSc1ccc(cc1)C(O)C(CO)[NH+](C)C,0
EKEYOL,[O-]C1=N[N+](=NO1)C1=NN=N[N-]1.C[N+]1=NOC(=C1)N,0
PAMXAE,NC(=O)c1cccnc1.OC(=O)c1cccc(n1)C(O)=O,0
SIJXAM,[NH2+]=C1NC(=O)NC=C1F.NC1=NC(=O)NC=C1F.O=C1[N-]S(=O)(=O)c2ccccc12,0
EXIZEQ,CN(C)[S+](N(C)C)N(C)C.FC1=NC(=O)N=C(F)[N-]1,0
EVEROO04,Oc1cc(O)c(Br)cc1Br.c1cc(ccn1)N=Nc1ccncc1,0
OYUXIS,Cc1cccc(C)c1NC(=O)CN1CCCC1=O.OC(=O)c1cc(cc(c1)C(O)=O)C#N,1
OWIXOI,Cc1[nH+]c(O)ccc1.O=N(=O)c1cc(c([O-])c(c1)N(=O)=O)N(=O)=O,0
XULXIN,FC(F)(F)S(=O)(=O)[O-].CN1C=CN2C[N+]3=C(P=C12)N(C)C=C3,0
HEGCUT,Brc1ccc(CC(=O)[O-])cc1.CC(C)(C)OC(=O)C1[NH2+]CC2CCCC12,1
LUNYAU,OC=O.c1cnccn1,0
ACOYUM,Oc1ccc(Cl)c(O)c1.C(Cc1ccncc1)c1ccncc1,0
VUXNOT,[NH2+]1CCOCC1.Clc1ccc(OCC(=O)[O-])c(Cl)c1,0
SAFXAA,FC(F)(F)C(=O)[O-].[NH3+]C(CO)(CO)CO,0
DZITUB20,Nc1[n+](ccc2NC=Cc12)C1OC(CO)C(O)C1O.O=N(=O)c1cc(c([O-])c(c1)N(=O)=O)N(=O)=O,1
IYEBIX,[NH3+]C(C(C)O)C(O)=O.ClC(Cl)(Cl)C(=O)[O-],1
PIRLUZ,NS(=O)(=O)c1cc2c(NCNS2(=O)=O)cc1Cl.Nc1ccc(cc1)C(O)=O,0
QURWOQ02,CCN(CC)C(=O)N1CC[NH+](C)CC1.OC(=O)CC(O)(CC(=O)[O-])C(O)=O,0
KAXLII,OC(=O)CCCCCCCC(=O)[O-].CCc1[nH+]c(N)nc(N)c1c1ccc(Cl)cc1,0
PITPOB,Cc1ccc(cc1)S(=O)(=O)[O-].OC1=[NH+]CCCC1,0
YUTSIR,CCOC(C)=[N+](C)C.CCOS(=O)(=O)[O-],0
PEKQUT,Oc1ccc(O)c(c1)C(=O)[O-].Nc1[nH+]cccc1N(=O)=O,0
KEXXUG,OC(=O)C=CC(=O)[O-].C[NH+](C)C(C)c1cccc2OC(=O)N(C)CCc12,0
HOQGUR,OC(=O)CCCCC(O)=O.NC1=NN=CS1,0
SARKII,N#Cc1ccncc1.OC(=O)c1ccc(F)cc1,0
VUXNEJ,[NH2+]1CCOCC1.Fc1ccc(OCC(=O)[O-])cc1,0
UBEKAP,Nc1ccc[nH+]c1Cl.O=N(=O)c1cc(c([O-])c(c1)N(=O)=O)N(=O)=O,0
CEMFIM,Oc1ccc(Cl)cc1C(=O)[O-].Cc1[nH+]c(N)c(Cl)c(C)n1,0
GADXOC,OC(=O)CCN1C(=S)SC(=CC=Cc2ccc(Cl)cc2)C1=O.CS(C)=O,0
TUYKAB,COc1cc(OC)cc(c1)C(=O)[O-].[NH3+]C(C)C(O)c1ccccc1,1
YAKREK,COc1cc2NC(=O)C(=O)c2cc1O.CS(C)=O,0
GUKSIO,OC(C(O)C(=O)[O-])C(O)=O.C[NH2+]CC(O)=O,1
FEVKAV,COc1cc(Cc2c[nH+]c(N)nc2N)cc(OC)c1OC.ClC1=C(SC=C1)C(=O)[O-],0
ZELROX,OC(C(O)C(=O)[O-])C(O)=O.CC(=O)c1ccc(cc1)N1C=[NH+]C=C1,1
REBXON,OC(=O)c1ccc2ccccc2c1O.NC(=O)c1cnccn1,0
QUBROV,OC(=O)c1ccccc1C(=O)[O-].[NH3+]c1ccc(Cl)cc1,0
LUNMOW,NC(=O)c1ccncc1.OC(=O)c1cc(cc(c1)C(F)(F)F)C(F)(F)F,0
KECLOW,O=C(NN=Cc1cccnc1)c1ccccn1.OC(=O)CCCC(O)=O,0
VOVYEM,[NH2+]=C1Nc2ccccc2S1.Clc1ccc(cc1)S(=O)(=O)[O-],0
QANLEX,OC(=O)c1cc(ccc1O)S(=O)(=O)[O-].[NH3+]c1ccc(Br)cc1,0
VELBAR,O=C([O-])C1=Cc2ccccc2O1.[NH3+]C(C(O)c1ccccc1)c1ccccc1,1
AMAZAS,CCOC(=O)C([N+]#N)=S1c2ccccc2Oc2ccccc12.FC(F)(F)S(=O)(=O)[O-],0
CIFZID,NC(=O)C(Br)(Br)Br.C1CN2CCN1CC2,0
BASZAY,NC1=Nc2ccc(Br)cc2S1.OC(=O)C=CC(O)=O,0
WUVMEG,Nc1[nH+]c(CF)c(c(N)n1)c1cc(Cl)cc(Cl)c1Cl.CS(=O)(=O)[O-],1
LIGNEW,OC(=O)c1cc(ccc1O)S(=O)(=O)[O-].ClCC[NH+]1CCCC1,0
LIQQAF,Cc1ccc(cc1)C1=CC(=NN1c1ccc(cc1)S(N)(=O)=O)C(F)(F)F.O=C1CCCCCCN1,0
SIBHEQ,COC1=CC(C(=CC1=C(C#N)C#N)OC)=C(C#N)C#N.C1COc2cc3SC(Sc3cc2O1)=C1Sc2cc3OCCOc3cc2S1,0
RITBUT,[NH3+]c1cc(OC)cc(OC)c1.Cc1ccc(cc1)S(=O)(=O)[O-],0
TOQPUN,NC(=S)NN=Cc1cc[nH+]cc1.OC(=O)CC(=O)[O-],0
TUJKUE,COc1cc2Sc3cc(OC)c(OC)cc3Sc2cc1OC.FC1=C(F)C(C(=C(F)C1=C(C#N)C#N)F)=C(C#N)C#N,0
YICMAY01,CC1(C)C2CCC1(CS(=O)(=O)[O-])C(=O)C2.[NH3+]CC(C(O)=O)c1ccccc1,0
ROJKUY,Nc1[nH+]nc(c(N)n1)c1cccc(Cl)c1Cl.C1CCOC1.O=C1[N-]S(=O)(=O)c2ccccc12,0
WEPDIF,c1ccncc1.OC(=O)c1ccc(O)cc1,0
SIDJEW,NC(N)=O.C1COCCO1,0
FERZEI,c1cc(ccn1)C=Cc1ccncc1.CCCCCCC(=O)c1c(O)cc(O)cc1O,0
QEPXEP,[NH3+]C(C(=O)OCc1ccccc1)c1ccccc1.Cc1ccc(cc1)S(=O)(=O)[O-],1
UHADEN,OC(=O)CCC(O)=O.O=C1NCCN1,0
KIGKIV,OC(=O)c1ccc2ccccc2c1O.CN1C=NC2=C1C(=O)N(C)C(=O)N2C,0
QUZZIW,O=S(=O)([O-])c1ccccc1.[NH3+]c1ccc(cc1)S(=O)(=O)c1ccc(N)cc1,0
FOWROZ,[NH3+]C(C)(C)CC(C)=O.NS(=O)(=O)c1ccccc1C(=O)[O-],0
PUZZOZ,Cc1cccc(C)c1N.Oc1ccc2ccccc2c1c1c(O)ccc2ccccc12,0
MOXBUW,[NH3+]NC(N)=O.O=N(=O)c1cc(c([O-])c(c1)N(=O)=O)N(=O)=O,0
YIQWUU,FC(F)(F)S(=O)(=O)[N-]S(=O)(=O)C(F)(F)F.Cc1[nH+]c2c(O)cccc2cc1,0
EYURIC,NC(=O)c1nc(F)cnc1O.OC(=O)c1ccc(O)cc1,0
MAKWAA,C1CN2CCN1CC2.CC(C)c1cc(Br)ccc1O,0
XUYKEI,c1cc(ccn1)c1ccncc1.Oc1ccc2C3c4ccc(O)cc4C(c2c1)c1cc(O)ccc31,0
FOSFOK,Oc1cccc(O)c1.NNC(=O)c1ccncc1,0
HUWNUL,[NH3+]C(CS)C(O)=O.CS(=O)(=O)[O-],0
YUTTIS,FC(F)(F)S(=O)(=O)[O-].CC1(C)CCCC(C)(C)[NH+]1O,0
KIRGEB,S(Sc1ccncc1)c1ccncc1.Nc1cc(cc(c1)C(O)=O)C(O)=O,0
HAGBOG,[NH3+]C(CC1=CNc2ccccc12)C(=O)[O-].[NH3+]C(CC1=CNc2ccccc12)C(O)=O.Oc1c(cc(cc1N(=O)=O)N(=O)=O)N(=O)=O.O=N(=O)c1cc(c([O-])c(c1)N(=O)=O)N(=O)=O,0
MIHMAU,c1cc(ccn1)c1ccncc1.OB1OCc2cc(Oc3ccc(cc3)C#N)ccc12,0
POVZOQ,OC1=C(Cl)C(=O)C(=O)C(=C1[O-])Cl.NC(=O)c1cc[nH+]cc1,1
ZATGAG01,CN1C=CC(=O)C(=C1C)O.Oc1ccccc1O,0
ORILEI,CCOc1ccccc1C(N)=O.Cc1cccc(c1)C(O)=O,0
UPOBIM,FC(F)(F)C(=O)[O-].[NH3+]NC1CC(OC1=O)c1ccccc1,1
NUGRAJ,N#Cc1cc(C#N)c(cc1C#N)C#N.Oc1ccc2cc(Br)ccc2c1c1c(O)ccc2cc(Br)ccc12,1
TUFDIH,NC1=C(C#N)C2(CCCCC2)C(=C([S-])N1)C#N.C[NH+]1CCOCC1,0
SOGXUH,Oc1c(Cl)c(Cl)c(Cl)c(Cl)c1Cl.C1CCc2ncccc2C1,0
UDEPIG,CCCC(=O)[O-].[NH3+]Cc1ccc(cc1)S(N)(=O)=O,0
VAFWUV,COC1=CC(C(=CC1=C(C#N)C#N)OC)=C(C#N)C#N.C1COC2=C(O1)SC(S2)=C1SC2=C(SCCS2)S1,0
YUFMAN,[NH3+]C(CO)(CO)CO.CN(C)C(=S)SCC(=O)[O-],0
WACNIA,CC1[NH2+]CCOC1c1cccc(F)c1.O=C([O-])C=CC(=O)[O-],0
FUBJAO,FC(F)(F)S(=O)(=O)[O-].COc1ccc2CCC3=[NH+]CCCN3c2c1,0
KUVYOR,c1ccncc1.NC(=O)NN=C1C(=O)c2ccccc2c2ccccc12,1
XOTPUT,Oc1ccc(cc1O)C(=O)[O-].Nc1c(Br)cc(Br)cc1C[NH2+]C1CCC(O)CC1,1
ULAXEK,NC(=O)c1ccncc1.OC(=O)CCCCC(O)=O,0
ORIKIL,CCOc1ccccc1C(N)=O.OC(=O)c1cc(O)c(O)c(O)c1,0
PAQPEG,Clc1ccc(cc1)S(=O)(=O)[O-].[NH2+]=C(O)c1ccccc1,0
EKOCIT,FS(=O)(=O)CC[n+]1ccccc1.FC(F)(F)S(=O)(=O)[N-]S(=O)(=O)C(F)(F)F,0
VEVYOM,Nc1nc(N)nc(n1)c1ccccn1.CCCCCCCC(O)=O,0
GUKWOZ,c1ccncc1.OC(=O)C=CC(O)=O,0
HALHUZ,NC(=O)C1CC[NH2+]CC1.O=C([O-])C1=Cc2ccccc2N1,0
HINJAT,CC1=C(C=C(C#N)C(=O)N1)c1cc[nH+]cc1.Fc1ccc(cc1)C(=O)[O-].OC(=O)c1ccc(F)cc1,0
FABXIT,FC(F)(F)S(=O)(=O)[N-]S(=O)(=O)C(F)(F)F.OC(=O)CN1C=C[N+](=C1)CC(O)=O,0
PASLOO,OC(=O)c1cccc(n1)C(=O)[O-].[NH3+]c1ccc(cc1)S(=O)(=O)N=C1NC=CS1,0
SODJOK,[S-]c1ccccc1.C[N+](C)(C)CC(N)=O,0
WAKKAV,CC(C(O)c1ccccc1)N(C)C(=S)[S-].C[NH2+]C(C)C(O)c1ccccc1,1
TACCUX,C(Cc1ccncc1)c1ccncc1.OC(=O)CCCCC(O)=O,0
FETDIS,OB(O)c1ccc(cc1)C(=O)[O-].CC(=NO)c1cc[nH+]cc1,1
LEWPUY,Nc1ncccn1.Nc1ccc(cc1)C(O)=O,0
NUMZON,CN(C)c1ccc(cc1)C(O)=O.Fc1c(F)c(F)c(N=Cc2ccncc2)c(F)c1F,0
BUFHAN,CC(C)O.[NH3+]C(C(O)c1ccccc1)c1ccccc1.OCC(C(=O)[O-])c1ccccc1,0
WADJUI,c1ccncc1.OC(=O)c1ccc(O)c(O)c1,0
ZAJJEZ,Nc1ncccn1.Nc1cccc(c1)C(O)=O,0
VESZAX,NC(=O)c1ccncc1.COc1cc(ccc1O)C(O)=O,0
XOVVEJ,[NH3+]Cc1ccc(Cl)cc1.OC(=O)C1=NNC(=C1)C(=O)[O-],0
NUKWUL,OC(=O)C=CC(=O)[O-].C1CC2CC[NH+]1C=C2C1=CC=C(O1)c1ccccc1,0
GESQUU,NC1=N[N+]2(CCOCC2)CC1.Cc1ccc(cc1)S(=O)(=O)[O-],0
PUWFIX,CN(C)C(C)=O.Oc1ccc(O)cc1,0
YUFDUA,C(Cc1ccncc1)c1ccncc1.Oc1cc(O)c2C(=O)C(=C(Oc2c1)c1ccc(O)c(O)c1)O,0
GEDLIL,CN1C=C([N+](=C1C)C)N(=O)=O.FC(F)(F)S(=O)(=O)[N-]S(=O)(=O)C(F)(F)F,0
EZEDAP,c1ccc2nc3ccccc3nc2c1.Oc1c(F)c(F)c(F)c(F)c1F,0
TEFMAS,[NH3+]C(CCCNC(N)=[NH2+])C(=O)[O-].O=N(=O)c1cc(c([O-])c(c1)N(=O)=O)N(=O)=O,1
CACPAZ,OC(=O)c1cc(ccc1O)S(=O)(=O)[O-].[NH3+]CC(N)=O,0
XUVTUE,CC1=NN2C=C(C)N=C2S1.CCc1ccc(cc1)C(O)=O,0
CAVYED,c1cncnc1.OC1=C(Cl)C(=O)C(=C(Cl)C1=O)O,0
GIBSUJ,FC(F)(F)C(=O)[O-].CCOC(=O)c1ccc(cc1)[N+]1=NOC(=C1)N,1
VAXRUJ,CC#CC(=O)[O-].[NH3+]NC(=O)c1cc[nH+]cc1,0
GIFDUX,NC(N)=O.Cc1cnccn1,0
HEYVAM,CCc1ccc(NC(=O)NC2=CC(=O)OC2)cc1Cl.CS(C)=O,0
UBEHOA,OC(=O)c1cc[nH+]cc1.O=N(=O)c1cc(c([O-])c(c1)N(=O)=O)N(=O)=O,0
RATNIN,O=P([O-])(Oc1ccccc1)Oc1ccccc1.[NH3+]c1ccccc1Cl,1
CAGQIO,c1cc(ccn1)c1ccncc1.Oc1ccc2c(Oc3cc(O)ccc3C32OC(=O)c2ccccc32)c1,0
QIQKOS,NC(=O)C1CC[NH2+]CC1.OC(=O)C(=O)[O-],0
TEHFAR,C[NH+](C)CC(=O)[O-].NS(=O)(=O)[O-].C[NH+](C)CC(O)=O,0
CEKKOU01,c1cnc2c(c1)ccc1cccnc21.Oc1cccc(O)c1O,0
VAJPII,Oc1ccc2cc(ccc2c1)C(=O)[O-].CC1=CC(=O)N=C(N)N1.CC1=CC(=O)NC(=[NH2+])N1,0
PEKSIJ,COC(=O)c1cc[nH+]cc1.Oc1ccc(O)c(c1)C(=O)[O-],0
LEXQEM,Cc1ccc2N=C(N)Sc2c1.OC(=O)CCCCC(O)=O,0
FUDDOX,CN1C=[NH+]C=CC1=O.O=N(=O)c1cc(c([O-])c(c1)N(=O)=O)N(=O)=O,0
UBESAV,O=S(=O)([O-])c1ccccc1.NC(=[NH2+])O,0
KUQVOI,NC(=O)C(=O)[O-].NC(=O)C(O)=O.[NH3+]CCNC(=O)C(N)=O,0
MULPUH,COc1cc[n+](O)cc1.O=C1[N-]S(=O)(=O)c2ccccc12,0
ESAVIF,NS(=O)(=O)c1cc(C(O)=O)c(NCC2=CC=CO2)cc1Cl.NC(=O)c1ccccc1N,0
COXYUK,O=C1NC(C(=O)[N-]1)(c1ccccc1)c1ccccc1.C[N+](C)(C)CCO,0
BOVWIU,c1cc(ccn1)C=Cc1ccncc1.OC(=O)c1cc(F)cc(F)c1,0
NUQYII,OC1(O)C(=O)NC(=O)NC1=O.C1COCCO1,0
IRAGAL,OC(=O)CSCC(=O)[O-].Nc1[nH+]c(N)nc(n1)c1ccc(Br)cc1,0
ULESUB,c1cc(ccn1)c1ccncc1.BrN1C(=O)CCC1=O,0
UZUFON,C1N2CN3CN1CN(C2)C3.BrN1C(=O)c2ccccc2C1=O,1
OFUYIZ,NC(=O)c1cccnc1.Nc1ccc(C(O)=O)c(O)c1,0
BATDUX,Cc1ccc2ccccc2n1.OC(=O)C=CC(O)=O,0
PUMFOV,OC(=O)C=Cc1ccccc1O.NNC(=O)c1ccncc1,0
SETSAN01,OC(=O)C=Cc1ccccc1.NNC(=O)c1ccncc1,0
AGIVAR,COc1cc(cc(OC)c1OC)C=C1N=C(C)N(C)C1=O.Fc1c(F)c(F)c2c(F)c(F)c(F)c(F)c2c1F,0
OCOQIK,O=N(=O)c1cc(c(c(c1)N(=O)=O)S(=O)(=O)[O-])N(=O)=O.FC[S+]=P(c1ccccc1)(c1ccccc1)c1ccccc1,0
QUYJEA,Nc1ccc(cc1)C(O)=O.C(Cc1ccncc1)c1ccncc1,0
VEMKON,CS(=O)(=O)NS(C)(=O)=O.CS(C)=O,0
PODYEM,[S-]C#N.C[NH2+]C(C)C(O)c1ccccc1,0
CAPKEL,[NH3+]C(C)C(O)=O.O=N(=O)c1cc(c([O-])c(c1)N(=O)=O)N(=O)=O,1
QUFROA,C1CN2CN3CCN(CN1C3)C2.Cc1cc(O)cc(C)c1Cl,0
GEWSUW,CC(C)(C)[N+]1=CC=C(O)C1.O=N(=O)c1cc(c([O-])c(c1)N(=O)=O)N(=O)=O,0
QOYLAR,Cc1ccncc1.Oc1ccc2ccccc2c1c1c(O)ccc2ccccc12,0
EYEJAW,O=C1NS(=O)(=O)c2ccccc12.NC(=O)N1c2ccccc2C=Cc2ccccc12,0
NUJWOF,Cc1cc2N=CN(Cc3cccc(c3)C#N)c2cc1C.ON=C(C#N)c1ccc(Br)cc1,0
VAVYUQ,Oc1ccc(Cl)cc1C(=O)[O-].COc1cc(C)[nH+]c(N)n1,0
VEVFUZ,N#CC(C#N)=C1C=CC(C=C1)=C(C#N)C#N.CC1=NN(c2ccccc2)C(=C1C(=O)c1ccccc1)O,0
YERXUP,OC1=C(Cl)C(=O)C(=C(Cl)C1=O)[O-].OC(=O)c1cc[nH+]cc1,0
JOJJOH,O=C([O-])c1c(cc(cc1N(=O)=O)N(=O)=O)N(=O)=O.[NH3+]c1ccc(cc1)C(O)=O,0
AKOBUZ,Cc1ccnc(NS(=O)(=O)c2ccc(N)cc2)n1.C1CCOC1,0
MENQUV,Nc1ccc(Cl)cn1.Cc1ccccc1C(O)=O,0
VEGHOH,NNC(=O)c1ccncc1.OC(=O)c1cc(C(O)=O)c(cc1C(O)=O)C(O)=O,0
WOBQEM,Oc1cc(cc(O)c1O)C(=O)[O-].[NH3+]C(CC1=C[NH+]=CN1)C(=O)[O-],1
ZAQRIW,OC=O.c1ccc(nc1)c1ccccn1,0
KAXSOT,NC(=O)c1ccncc1.COc1ccc2cccc(CCNC(C)=O)c2c1,0
RACBED,Oc1c[nH+]ccc1.Oc1ccc(O)c(c1)C(=O)[O-],0
KUQXAY,BrC1=C(Br)C(=O)C(=C(C#N)C1=O)C#N.S1c2ccccc2c2ccccc12,0
NORTAS,c1ccc2nc3ccccc3nc2c1.Oc1ccccc1O,0
HOLWAI,CN1C=NC2=C1C(=O)N(C)C(=O)N2C.CC(=CC(O)=O)C(O)=O,0
WUVXEQ,O=C(NC(=S)NNC(=S)NC(=O)c1ccccc1)c1ccccc1.CS(C)=O,0
IRAMEV01,OC(=O)CCC(O)=O.COc1cccc(C=Nc2cccnc2)c1O,0
IFEFOR,CN1N(C(=O)C(=C1C)NC(C)=O)c1ccccc1.OC(=O)c1ccccc1O,0
KENCIS,OB(O)O.O=C1CCCCCN1,0
QADCAB,Fc1ccc(cc1)S(=O)(=O)[N-]S(=O)(=O)c1ccc(F)cc1.C[N+](C)=C(N)O,0
BACQOO,O1C(=CN=C1c1ccccc1)c1ccccc1.OC1=C(Cl)C(=O)C(=C(Cl)C1=O)O,0
WUXYAQ,OC(C(O)C(=O)Nc1c[nH+]ccc1)C(=O)Nc1c[nH+]ccc1.OC(=O)c1cc(C(=O)[O-])c(cc1C(=O)[O-])C(O)=O,1
HOGLIB,c1cc(ccn1)C=Cc1ccncc1.Oc1c(Br)cc(Br)cc1Br,0
GUNWIX,OC1=CC(=O)c2ccccc2C1=O.c1cc(ccn1)c1ccncc1,0
LEWQUB,CC1(C)C2CCC1(CS(=O)(=O)[O-])C(=O)C2.[NH3+]C(C(O)c1ccccc1)c1ccccc1,1
JUVNUM,CC([NH2+]CCOc1c(C)cccc1C)CO.O=C([O-])c1ccccn1,0
LONRIP,CS(=O)(=O)[N-]S(C)(=O)=O.NC1=[NH+]C=CS1,0
REJZUC,[NH3+]C(CC1=CNC=[NH+]1)C(=O)[O-].OC(CC(O)=O)C(=O)[O-],0
LIPZOA,[NH2+]1CCOCC1.O=N(=O)c1ccc([O-])c(c1)N(=O)=O,0
BILKEO,[NH3+]CCSSCC[NH3+].OC(C(O)C(=O)[O-])C(=O)[O-],0
PEZKIQ01,CC(=O)[O-].Nc1[nH+]nc(c(N)n1)c1cccc(Cl)c1Cl,0
FANFOT,[NH3+]c1ccc(Cl)cc1.O=N(=O)c1cc(c([O-])c(c1)N(=O)=O)N(=O)=O,0
OYUHAU,OC(C(O)C(=O)[O-])C(O)=O.[NH3+]CCCC(O)=O,1
SIDJIA,NC(N)=O.C1COCCN1,0
LATJAT,OC(=O)CCC(O)=O.c1ccc(nc1)c1ccccn1,0
OHEHIV,FC(F)(F)C(=O)[O-].Oc1c[nH+]ccc1,0
AXAKOA,C[NH+](Cc1cc(Br)cc(Br)c1N)C1CCCCC1.Cc1ccc(cc1)S(=O)(=O)[O-],0
UPEMAE,FC(F)(F)S(=O)(=O)[O-].CC(C)N1C(=C(C)[N+](=C1P(N=[N+]=[N-])N=[N+]=[N-])C(C)C)C,0
UFIRAG,OCC(CO)(CO)CNC(=O)[O-].[NH3+]CC(CO)(CO)CO,0
JISZAM,COc1cccc2C(C)[N+](C)(C)C(O)c12.O=C([O-])c1cc(cc(c1)N(=O)=O)N(=O)=O,0
XUBVEW,OC(=O)CCC(O)=O.S(Sc1ccccn1)c1ccccn1,0
ERELIZ,NC(N)=S.COC(=O)C=Cc1ccncc1,0
TIKPAF,Nc1ccc(cc1)c1ccc(N)cc1.O=S(c1ccccc1)c1ccccc1,0
RASSUZ,COc1cc(Cc2cnc(N)nc2N)cc(OC)c1OC.Cc1cc(C)nc(NS(=O)(=O)c2ccc(N)cc2)n1,0
CAYZAE,FC(F)(F)S(=O)(=O)[O-].CC(C)(C)C(=O)CN1[P+]OC(=C1)C(C)(C)C,0
GEFDOO,CC1=CNC(=[NH2+])S1.Clc1ccc(cc1)S(=O)(=O)[O-],0
KADFUR,COc1cc(Cc2c[nH+]c(N)nc2N)cc(OC)c1OC.CC=CC=CC(=O)[O-],0
RESHAZ,OC(=O)CCC(O)=O.Cc1ccncc1C,0
XAFTEG,[NH2+]1CCOCC1.Nc1cc(ccc1C(=O)[O-])N(=O)=O,0
BPAMAL,OC(=O)C=CC(=O)[O-].C[NH+](C)CCC(c1ccc(Br)cc1)c1ccccn1,0
NIJHEV,Nc1nc(N)nc(n1)c1ccccc1.OC(=O)CCCCC(O)=O,0
SAYQAM,OC(=O)c1cccc(O)c1.O=C(NN=C1CCCCCC1)c1ccncc1,0
XOBCAT,OC(=O)c1ccccc1O.CN1C=NC2=C1C(=O)N(C)C(=O)N2C,0
MAMCAF,c1ccccc1.CCOC1=CC(=O)C(N1)=C(Br)c1ccccc1,0
NUQKOB,Cc1c(O)cccc1O.c1ccc(cc1)c1ccncc1,0
CENLIT,OC(=O)c1cc(O)cc(O)c1.c1ccc2nc3ccccc3cc2c1,0
KICWEA01,CCc1[nH+]c(N)nc(N)c1c1ccc(Cl)cc1.O=C1[N-]S(=O)(=O)c2ccccc12,0
IFEGAE,CN1N(c2ccccc2)C(=O)C(=C1C)N.Nc1ccccc1C(O)=O,0
PEKTAC,OC(=O)c1cc(O)ccc1O.N#Cc1ccncc1,1
WOVYOV,[NH3+]CC(O)=O.OC(=O)C(=O)[O-],0
HOVFEF,CC(c1ncncc1F)C(O)(C[N+]1=CNC=N1)c1ccc(F)cc1F.OC(=O)C(=O)[O-],1
LEZNAG,OC(C(O)C(=O)[O-])C(O)=O.C[NH+](C)C1CCCC1COC(=O)N(C)C,0
TEJWAG,OCC(=O)[O-].[NH3+]C(CC1=C[NH+]=CN1)C(=O)[O-],0
QAFSAU,OC(=O)c1cc(O)cc(O)c1.CN(C)c1ccc(C=O)cc1,0
GAVHER,NC(=O)c1ccncc1.NC=O,0
CALWEV,CC(=O)NC(CC1=CNc2ccccc12)C(=O)[O-].[NH3+]C(C(N)=O)c1ccccc1,0
DICKIJ,C(N1C=[NH+]C=C1)c1cc2ccccc2c2SC=Cc12.CS(=O)(=O)[O-],0
PUMGAI,NNC(=O)c1ccncc1.OC(=O)C=Cc1ccc(O)cc1O,0
OCIPOG,OC(=O)C(O)=O.NC(=O)c1ccc(CN2C=CC=N2)cc1,0
TOJNOY,CC1(C)C(CCC1(C)C(O)=O)C(=O)[O-].[NH3+]C(C(N)=O)c1ccccc1,0
JILXOU,OC(=O)c1cccc(O)c1.O=C(NN=C(c1ccccc1)c1ccccc1)c1ccncc1,0
XEDROR,COc1cc(O)cc(O)c1.S1C(=Nc2ccccc12)C=Cc1ccccc1,0
NEZCAY,CN(C)C=C1c2ccccc2C(=C(C=[N+](C)C)S1(=O)=O)Cl.ClP(Cl)(=O)[O-],0
BEQWAV,c1cc(ccn1)c1ccncc1.OC(=O)c1cc(O)cc(O)c1,0
NOLCAV,NS(=O)(=O)c1cc2c(NCNS2(=O)=O)cc1Cl.O=C1CCCCN1,0
NUKZOJ,OC(=O)CCCCCCCCC(O)=O.NC(=O)c1cccnc1,0
GUHMAX,[NH2+]1CCOCC1.S=P([S-])(N1CCOCC1)N1CCOCC1,0
GUDTOQ,OC(=O)CCCC(O)=O.c1cnccn1,0
GEFGEH,CC1=CNC(=[NH2+])S1.Clc1ccc(C(=O)[O-])c(c1)N(=O)=O,0
EFOMOB,CNC(O)=[NH+]C.O=N(=O)c1cc(c([O-])c(c1)N(=O)=O)N(=O)=O,0
KECJAG,Cc1ccncc1.BrN1C(=O)c2ccccc2S1(=O)=O,0
SEFCIT,FC(F)(F)C(=O)[O-].COC(=O)C1=C(ON=C1)C1[NH2+]CCCC1,1
EBONUG,Nc1ccccc1C(O)=O.NC(=O)c1cnccn1,0
USAKOP,OB(O)c1ccc(O)cc1.c1ccc2nc3ccccc3nc2c1,0
VAGVIJ,OC(=O)C=CC(=O)[O-].[NH3+]C(Cc1ccccc1)C(O)=O,0
OHIQUS,N#Cc1cc(C#N)c(cc1C#N)C#N.COc1cc(OC)c(OC)c(OC)c1,0
LUNZUP,CCCCCCCCCC(O)=O.c1cnccn1,0
BUBWIF,Nc1ccc[nH+]c1Cl.OC1=C([O-])C(=O)C1=O,0
YECXEN,NC1=[NH+]C(=O)NC=C1.CN1C(=O)N(C)C2=C(N(CC(=O)[O-])C=N2)C1=O,0
JELVAA,c1ccc2cc3ccccc3cc2c1.OC(=O)c1cc(Br)c(C#N)c(Br)c1,0
CAFBAR20,CN1C=NC2=C1C(=O)N(C)C(=O)N2C.CCC1(CC)C(=O)NC(=O)NC1=O,0
MAHKEN,COc1cc(C=O)ccc1O.c1ccc2nc3ccccc3cc2c1,0
JEDZOL,O=C1CCC(=O)N1.CC1=CC(=NO1)NS(=O)(=O)c1ccc(N)cc1,0
UFIFAQ01,c1ccccc1.Oc1cc(O)cc(c1)c1c2ccccc2nc2ccccc12,0
IYUNOF,c1ccncc1.OC(=O)c1ccc(cc1)C(O)=O,0
QARGUO,OC(=O)CC(O)=O.CC(N)=O,0
XUVXER,[NH3+]Cc1ccc(F)cc1.O=C[O-],0
HUQWUN,[NH2+]=C(O)N1c2ccccc2C=Cc2ccccc12.O=S(=O)([O-])c1ccccc1,0
XUVTOY,OC(=O)c1ccccc1O.COc1ccc(cc1)C1=NN2C=C(C)N=C2S1,0
ATOLOL,[NH3+]CC(O)c1ccc(O)cc1.OC1=C([O-])C(=O)C1=O,0
MOYLIW,c1cc(ccn1)c1ccncc1.OB(O)c1cccc(c1)B(O)O,0
XAZWAX,Oc1c(Cl)cc(cc1Cl)C#N.c1ccccc1,0
HAYVOT,Nc1ccc(cc1)C1=Nc2cc3N=C(Oc3cc2O1)c1ccc(N)cc1.CN1CCCC1=O,0
CEQDEL,OC(=O)c1cc(O)cc(O)c1.OC(CN1C=NC=N1)(CN1C=NC=N1)c1ccc(F)cc1F,0
DOTGOJ,O=C1NN=C([O-])C=C1.NC1=NC(=O)NC=C1.OC1=NNC(=O)C=C1.NC1=[NH+]C(=O)NC=C1,0
LANXOP,OC(=O)C1CCCCC1C(=O)[O-].NC(=O)C1CC[NH2+]CC1,0
XAGXIQ,Clc1ccccc1C(=O)[O-].COc1ccccc1N1CC[NH2+]CC1,0
IFEFIL,[NH3+]C1=C(C)N(C)N(c2ccccc2)C1=O.OC(=O)c1cccc(c1C(=O)[O-])N(=O)=O,0
EMUROU,O=N(=O)c1ccc([O-])cc1.Oc1ccc(cc1)N(=O)=O.[NH3+]C(CC1=C[NH+]=CN1)C(=O)[O-],1
FUSCIH01,Brc1c2ccccc2cc2ccccc12.C=CCN1C(=O)C2=C(SC3=C(S2)C(=O)N(CC=C)C3=O)C1=O,0
HEFVIY,[NH3+]CCOCCOCC[NH3+].ClC(Cl)(Cl)C(=O)[O-],0
SAVZUO,OC(=O)c1cc(O)c(O)c(O)c1.c1cnccn1,0
BUNHID,c1cc(ccn1)C=Cc1ccncc1.ON=Cc1c(F)c(F)c(Br)c(F)c1F,0
FARJAM,Cc1ccccc1.CCOB12N3=C4N=C5c6cc(Oc7c(cccc7C(C)C)C(C)C)c(Oc7c(cccc7C(C)C)C(C)C)cc6C(=N15)N=C1c5cc(Oc6c(cccc6C(C)C)C(C)C)c(Oc6c(cccc6C(C)C)C(C)C)cc5C(=N21)N=C3c1cc(Oc2c(cccc2C(C)C)C(C)C)c(Oc2c(cccc2C(C)C)C(C)C)cc41,1
POHZAN,CN1Cc2ccccc2c2[n+](C)cccc2C1=O.CC1(C)C2CCC1(CS(=O)(=O)[O-])C(=O)C2,1
HOGFEQ,OC(=O)c1ccccc1O.NC(=O)c1ccccn1,0
KAQBAF,COC(C(=O)[O-])(c1ccccc1)C(F)(F)F.[NH3+]C1C(O)Cc2ccccc12,1
LEKRIC,CC(=O)NC(CO)C(=O)[O-].C[N+](C)(C)CCO,0
DUSCOK,Oc1c(cc(cc1N(=O)=O)N(=O)=O)C(=O)[O-].O=N(=O)c1ccc(Cc2[nH+]cccc2)c(c1)N(=O)=O,0
AKIBOM,O=P(c1ccccc1)(c1ccccc1)c1ccccc1.NC(=S)c1ccccc1,0
CUXZOM,[NH3+]C(C)(CO)CO.Oc1ccc(cc1C(=O)[O-])c1ccc(F)cc1F,0
SMZTMP01,COc1cc(Cc2c[nH+]c(N)nc2N)cc(OC)c1OC.CC1=CC(=NO1)[N-]S(=O)(=O)c1ccc(N)cc1,0
KOKHAV,CS(=O)(=O)N1CCN(CC1)c1[nH+]cccn1.CS(=O)(=O)[O-],0
IYUVAA,c1cc(ccn1)C=Cc1ccncc1.Oc1cc(O)cc(c1)C#N,0
EDUYUZ,CCOC(=O)[O-].NC(=[NH2+])N1CCOCC1,0
YEXFUD,CN(C)C=O.OC(=O)c1ccccc1C(=O)[O-].Nc1[nH+]nc(c(N)n1)c1cccc(Cl)c1Cl,0
PYMCBZ01,[2H][N+]1([2H])CCCC1.Clc1ccc(cc1)C(=O)[O-],0
DOKKIX,Cc1cc2CCC[n+]2cc1c1ccc(O)cc1.O=N(=O)c1cc(c([O-])c(c1)N(=O)=O)N(=O)=O,0
TECCIQ,CO[n+]1c(C)cccc1C.COS(=O)(=O)[O-],0
XIBDUJ,NC(=[NH2+])NC(N)=S.Oc1ccc(cc1)C(=O)[O-],0
YIFXOB,OC(=O)c1cc(ccc1O)S(=O)(=O)[O-].NNC(=O)c1cc[nH+]cc1,0
KOMTUC,[NH2+]1CCOCC1.O=N(=O)c1cc(c([O-])c(c1)N(=O)=O)N(=O)=O,0
QOYKOE,Oc1ccc2ccccc2c1c1c(O)ccc2ccccc12.Cc1ccccn1,0
UYIKUK,COC(=O)c1cccc2cccc([NH+](C)C)c12.FC(F)(F)S(=O)(=O)[O-],0
YAJGOI,O=S1(=O)NC(=S)c2ccccc12.NC(=O)c1ccccc1F,0
LIDNUK,OC(=O)c1cccc(c1)C#N.NC(=O)c1ccc(O)cc1,0
GEDLOR,FC(F)(F)S(=O)(=O)[O-].CN1C=C[N+](=C1N(=O)=O)C,0
BIFFED,c1cc(ccn1)c1ccncc1.CN(c1cccc(c1)C(O)=O)C(=O)N(C)c1cccc(c1)C(O)=O,0
CIXMIH,OC(=O)CC(=O)[O-].[NH2+]=C1Nc2ccc(Br)cc2S1,0
YEFDOE,CC1(C)[NH2+]C(C)(C)CN(O)C1.O=N(=O)c1cc(c([O-])c(c1)N(=O)=O)N(=O)=O,0
PUNXOM,[NH3+]C(C)c1ccc(Br)cc1.CCOP([O-])(=S)c1ccc(Cl)cc1,0
IVULER,C[NH+](C)C(C)C(O)c1ccccc1.Fc1cccc(c1)C(=O)[O-],1
ONAPOJ,CC1=C(O)C(=O)C=CN1c1ccc(N)cc1.CCOC(C)=O,0
YOVMEE,OC(=O)C=CC(O)=O.CN(C)C1=C(C)N(C)N(c2ccccc2)C1=O,0
RAMKOJ,OC(=O)COc1ccc(Cl)cc1Cl.NC(=O)c1cnccn1,0
GANYEA,CN1C=NC2=C1C(=O)N(C)C(=O)N2C.OC(=O)C=CC(O)=O,0
HONTOU,OC(=O)c1cccc(O)c1.c1ccc(cc1)c1ccncc1,0
ROMLOV,C[N+](C)=Cc1ccc(O)cc1O.ClP(Cl)(=O)[O-],0
NIWQOC,N#Cc1cc(C#N)c(cc1C#N)C#N.CC(=O)c1cc2ccccc2c2ccccc12,0
EXANUN,OC(=O)c1ccc2ccccc2c1O.Cc1cc(C)nc(NS(=O)(=O)c2ccc(N)cc2)n1,0
OFEPUK,Cc1cccc(N)c1C.Oc1ccc(cc1)C1(CCCCC1)c1ccc(O)cc1,0
WUVKEE,Nc1nnc(c(N)n1)c1cccc(Cl)c1Cl.COC(=O)c1ccc(O)cc1,0
MEBHAD,CN(C)C=O.COc1ccc(cc1)c1c(C#N)c(N)nc(N)c1C#N,0
EPUPUB,c1cc(ccn1)c1ccncc1.OC(=O)c1ccc(O)cc1,0
SECWEE,Nc1[nH+]cc(Cl)cc1.Nc1ccc(cc1)C(=O)[O-],0
UQEJAE,OC(C(=O)[O-])c1ccccc1.[NH3+]NC(=O)c1ccncc1.OC(C(O)=O)c1ccccc1,0
EWAMUL,N#Cc1cc(C#N)c(cc1C#N)C#N.Cc1cc(O)cc(O)c1,0
PEVDEC,CS(=O)(=O)[O-].[NH3+]C(CC1=C[NH+]=CN1)C(O)=O,1
POHFAU,ClCC(=O)[O-].OC(=O)C1CC[NH2+]CC1,1
MIJDIU,CS(=O)(=O)[O-].COC(=O)NC1=[NH+]c2cc(ccc2N1)C(=O)c1ccccc1,0
LIGNUN,NC1=[NH+]c2ccccc2S1.O=C([O-])C1=CC=CO1,0
ROQYED,c1cc(ccn1)c1ccncc1.NC(=O)CCC(O)=O,0
NUTSOK,CS(C)=O.COc1c(ccc2ccccc12)C=C1SC(=S)N(CC(O)=O)C1=O,0
MUPPES02,CC(=O)Nc1ccc(O)cc1.C1COCCO1,0
TEKKID,c1cc(ccn1)c1ccncc1.Oc1ccc(cc1)C(=O)c1ccc(O)cc1,0
VILSEP,OC(=O)c1ccc(O)cc1.C(N1C=CN=C1c1ccccc1)c1ccncc1,0
ULAJAV,c1ccc(nc1)c1ccccn1.Oc1ccc(Cl)c(O)c1,1
EYOMAH,C1CN2CCN1CC2.CCCC(O)(C(F)(F)F)C(F)(F)F,0
FECZES,OC(C(O)C(=O)[O-])C(=O)[O-].[NH3+]C1CCC2=C(C1)SC(=[NH+]2)N,0
WOKXIF,Nc1[nH+]nc(c(N)n1)c1cccc(Cl)c1Cl.Oc1ccc(O)c(c1)C(=O)[O-],0
NAWZAQ,[NH3+]Cc1ccccc1O.O=C([O-])c1ccccc1N(=O)=O,0
QIRRAM,OC(=O)c1cc(ccc1O)S(=O)(=O)[O-].NC(=[NH2+])O,0
JUWHUG,OC(=O)C=CC(O)=O.ON=Cc1ccnc2ccccc12,0
HOQGIF,OC(=O)CCC(O)=O.NC1=NN=CS1,0
TORZOS,Oc1cccc(O)c1.c1cc(ccn1)c1ccncc1,1
CEHBAU,[NH3+]c1ccc(cc1)N(=O)=O.Cc1ccc(cc1)S(=O)(=O)[O-],0
BURWAP,FC(F)(F)S(=O)(=O)[O-].C[N+](C)=CO,1
UPEDEA,Nc1[nH+]c(nc(N)n1)c1ccc(Br)cc1.OC(=O)CC(=O)[O-],0
FEYTOV,Fc1c(F)c(F)c(F)c(F)c1F.O=C(Nc1cccc(c1)C#C)c1ccccc1,0
HEGHEJ,OC(=O)CCN1C(=O)c2ccccc2C1=O.c1ccc(nc1)c1ccccn1,0
JOXFOU,NC1=C(SC(=NN=C(C#N)C#N)N1c1ccccc1)C#N.C1COCCO1,0
ZOCRAM,c1cc(ccn1)c1ccncc1.Cc1cc(C)nc(NS(=O)(=O)c2ccc(N)cc2)n1,0
QAKDIR,Oc1ccc(cc1C(=O)[O-])N(=O)=O.NC(=O)C1CC[NH2+]CC1,0
TAZKAJ,c1cnc2c(c1)ccc1cccnc21.OB(O)c1c(F)cccc1F,0
HIVPIL,Nc1cc(N)c2SSSc3cc(SSSc1c2)c(N)cc3N.CN(C)C=O,0
LOTGOQ,OC(=O)c1ccc2ccccc2c1c1c(ccc2ccccc12)C(O)=O.CN(C)C=O,0
MEDFOS,OC(=O)C=CC(=O)[O-].[NH3+]CCc1ccc(O)cc1,0
TUPTUU01,Nc1[nH+]cc(Cl)cc1.Oc1ccccc1C(=O)[O-],0
XAZSID,NC(N)=S.OC(=O)CCCC(O)=O,0
HAGGUU,NC(N)=O.c1ccc(C=Cc2ccccn2)nc1,0
TIDFUH,CC(C(O)=O)(c1ccccc1)c1ccccc1.c1ccc2nc3ccccc3cc2c1,0
CIZYIU,[NH3+]C(C(O)c1ccccc1)c1ccccc1.O=C([O-])C#Cc1ccccc1,0
HUHDUK01,OC(=O)c1ccc(O)cc1O.c1cc(ccn1)C=Cc1ccncc1,1
QURWOQ03,CCN(CC)C(=O)N1CC[NH+](C)CC1.OC(=O)CC(O)(CC(=O)[O-])C(O)=O,0
UFEVOT,OC(=O)C=CC(O)=O.NC(=O)c1ccc(N)cc1,0
ELEGUY01,c1cc(ccn1)c1ccncc1.OC(=O)CCC(=O)CCC(O)=O,0
GAZSOT,OC(=O)C1CCCCC1C(=O)[O-].CC1=C[NH+]=C(N)S1,0
FIRHOG,O=S(=O)([O-])c1ccccc1.C[NH2+]C(C)C(O)c1ccccc1,1
WUTFAV,C1N2CN3CN1CN(C2)C3.CC(C)c1ccc(C)c(O)c1,1
SILYIY,COC(=O)c1ccc(cc1)[N+](C)(C)O.Clc1cccc(c1)C(=O)[O-],0
UREXPO11,NC(N)=O.OO,0
DATQEV,c1cc(ccn1)c1ccncc1.Oc1ccc(Cl)cc1Sc1cc(Cl)ccc1O,0
INEXIJ,C(CCN1C=CN=C1)CN1C=CN=C1.OC(=O)CCCCCCCCC(O)=O,0
EYIFAW,NC(=O)c1cccnc1.NC=O,0
UHADIR,OC(=O)CCCCC(O)=O.O=C1NCCN1,0
UFEVEJ,OC(=O)C=CC(O)=O.NC(=O)c1ccc(N)cc1,0
YAFFUJ,Nc1nc(N)nc(N)n1.OO,0
OKEXIO,Cc1nc(C)c(C)nc1C.Oc1cc(O)c(Cl)cc1Cl,0
NINXOZ,c1cc(ccn1)c1ccncc1.Nc1ccccc1C(O)=O,0
NUKYIC,NC(=O)c1cccnc1.OC(=O)CCCCC(O)=O,0
LUTXOP,c1cc(ccn1)c1ccncc1.CCCOc1ccc(cc1)C(O)=O,0
BULLAX,Oc1cccc(O)c1.c1cc(ccn1)N=Nc1ccncc1,0
UMUXIJ,CC1=CC(=[NH+]c2cc(ccc2N1)C(O)=O)C.O=N(=O)c1cc(c([O-])c(c1)N(=O)=O)N(=O)=O,0
DIRNUP,O=C1NC(=O)[N-]C(=O)N1.OCC[NH2+]Cc1ccccc1,0
LOLSUA,Oc1c(Cl)c(Cl)c(Cl)c(Cl)c1Cl.Cc1ccccn1,0
KUQYEB,c1cc(ccn1)c1ccncc1.OB(O)c1ccc(cc1)B(O)O,0
XANPOT,O=N(=O)N=C1[N-]N=NN1OCCON1N=N[N-]C1=NN(=O)=O.[NH3+]NC(=O)N[NH3+],0
PIYFAE,CC(C)(C)Nc1nc(N)nc(NC(C)(C)C)n1.O=C1NC(=O)C(C(=O)N1)(c1ccccc1)c1ccccc1,0
YIJVIX,ON=Cc1cc2ccccc2c(c1O)c1c(O)ccc2ccccc12.C1CCOC1,0
XEQCUT,Oc1cccc(O)c1.c1cc(ccn1)c1cncnc1,0
FOHDIQ,OC(=O)CNC(=S)NC(=O)c1ccccc1.CS(C)=O,1
PORNOB,FC(F)(F)S(=O)(=O)[O-].CC1=[NH+]N(C(=C1)C)c1ccc(Br)cn1,0
ASAVUL,ClC1=CC(C(=CC1=C(C#N)C#N)Cl)=C(C#N)C#N.C1COC2=C(O1)SC(S2)=C1SC2=C(OCCO2)S1,0
FACXUD,[NH3+]C(C(C)C)C(O)=O.ClC(Cl)(Cl)C(=O)[O-],0
ZARHUX,[NH3+]c1ccccc1O.O=C([O-])c1cc(cc(c1)N(=O)=O)N(=O)=O,1
IVUQOG,Clc1cccc(c1)C(=O)[O-].C[NH+](C)C(C)C(O)c1ccccc1,0
PARXEM,O=C([O-])c1cccc(c1)N(=O)=O.CCc1[nH+]c(N)nc(N)c1c1ccc(Cl)cc1,0
MOXYUW,OC(C(=O)[O-])c1cccc(Br)c1.CC(C)O.[NH3+]C(C(O)c1ccccc1)c1ccccc1,1
VIGDAR01,Cc1ccc(cc1)C1=CC(=NN1c1ccc(cc1)S(N)(=O)=O)C(F)(F)F.NC(=O)c1cccnc1,0
EHETOD,CN1C(=O)C(=O)c2ccccc12.NC1=Nc2ccccc2S1,0
LEPDAP,CCCCC(O)=O.c1cc(ccn1)N=Nc1ccncc1,0
SLCADC01,NC(N)=O.OC(=O)c1ccccc1O,0
MIYBAX,OC(=O)C=CC(=O)[O-].C[NH2+]CC(O)=O,0
OFIDIU,OC(=O)C(=O)[O-].C[NH2+]CCC1=CNc2ccc(O)cc12,0
GUDTAC,OC(=O)CC(O)=O.c1cnccn1,0
QIPMEK,O=N(=O)c1cc(c([O-])c(c1)N(=O)=O)N(=O)=O.CCC[P+](C)(C)C,0
XOBVOC,OC(CC(c1ccccc1Br)S(=O)(=O)[O-])c1ccccc1.CC[N+](CC)(CC)Cc1ccccc1Br,0
WOTDOB,C[n+]1cccc2C=C3N(c4ccccc4C3=O)c12.FC(F)(F)S(=O)(=O)[O-],0
ZONQIC,CN(C)P(=O)(N(C)C)N(C)C.NC(=O)CS(=O)(=O)c1ccccc1,0
ACOMOW,NC(=O)c1ccncc1.OC(=O)C1CC1,0
VEJZOC,c1cc(ccn1)C=Cc1ccncc1.NS(=O)(=O)c1cc2c(NC=NS2(=O)=O)cc1Cl,0
SECYEH,c1ccncc1.BrN1C(=O)CCC1=O,0
TAVZOI,NC(=O)c1ccncc1.COc1ccc(cc1)C(O)=O,0
RERCIE,Oc1ccccc1C(=O)[O-].NC(N)=[NH+]C1=NC(=CS1)CSCCC(N)=NS(N)(=O)=O,0
NUMYOM,OC(=O)c1ccc(Br)cc1.Fc1c(F)c(F)c(N=Cc2ccncc2)c(F)c1F,0
AQEJEO,OC(=O)c1ccccc1O.NC(=O)c1ccccc1O,1
ZITJIX,CN(C)C=O.CC1=C(C=O)C(=O)NC2(CCCCC2)N1,0
ULEFIB,OC(=O)c1ccccc1C(=O)[O-].NC(=O)C1CC[NH2+]CC1.OC(=O)c1ccccc1C(O)=O,0
LORNEM,COc1cc(OC)c2[nH+]c3ccccc3c(Cl)c2c1.FC(F)(F)S(=O)(=O)[O-],0
KIHYUW,Oc1ccc(cc1)c1ccc(O)cc1.N#Cc1cccnc1,0
XULMAS,CS(C)=O.CC(=NO)C(C)=NN=C(C)C(C)=NN=C(C)C(C)=NO,0
ZAQTUG,CN(c1ccccc1)C1=NC(=NC1(C)C)C(F)(F)F.NC(=O)C(F)(F)F,0
EMIQEZ,OC(=O)CCC#C.C(Cc1ccncc1)c1ccncc1,0
NIMGOI,FC(F)(F)C(=O)[O-].Cc1cccc2C[NH2+]C(C(O)=O)c3cccc(C)c3c12,0
UMIWET,Nc1cccc(N)n1.CN1B(NC(=O)NC1=O)c1c(C)cc(C)cc1C,0
QOYJUJ,[NH3+]CCCCC([NH3+])C(=O)[O-].OC(=O)CCCC(=O)[O-],0
CEWCUC10,O=P(c1ccccc1)(c1ccccc1)c1ccccc1.CC1=C(OS(=O)(=O)N=C1O)c1ccccc1,0
NUQLOC,Cc1c(O)cccc1O.c1ccc2nccnc2c1,1
CIMVED,CCOc1ccccc1C(N)=O.OC(=O)CC(O)=O,0
HIYCAT,c1cnc2c(c1)ccc1cccnc21.Oc1ccccc1c1ccccc1O,0
ODUSEO,FC(F)(F)S(=O)(=O)[O-].CN(C)c1cc[n+](cc1)[Si](C)(C)C,0
WANDIZ,O1C(=NN=C1c1cccnc1)c1cccnc1.OC(=O)c1cc(C(O)=O)c(cc1C(O)=O)C(O)=O,0
FOMFET,OC(=O)c1cc(ccc1C(=O)[O-])N(=O)=O.[NH3+]c1ccc(Cl)cc1,0
JIQFAT,Oc1ccccc1C(=O)[O-].[NH3+]CC1CCC(CC1)C(O)=O,0
PEGMOF,[NH3+]C(CC1=C[NH+]=CN1)C(=O)[O-].O=C([O-])c1ccccc1N(=O)=O,1
ODIHOZ,CC1=CC(=O)[N-]S(=O)(=O)O1.C[N+](C)(C)CCO,0
MULPAN,O[n+]1ccc(cc1)c1ccccc1.O=C1[N-]S(=O)(=O)c2ccccc12,0
VEVZON,Nc1nc(N)nc(n1)c1ccccn1.CCCCCCCCC(O)=O,0
KOYWAW,O=N(=O)c1cc(c([O-])c(c1)N(=O)=O)N(=O)=O.C[N+](C)(C)CCO,0
WIVQUN,[NH3+]Cc1ccc(Cl)cc1.O=C([O-])c1ccccc1,0
LEWREK,Nc1ncccn1.OC(=O)COc1ccc(Cl)cc1Cl,0
RUKHAH,NC(=S)NN=Cc1cc[nH+]cc1.FC(F)(F)S(=O)(=O)[O-],0
XELJUT,[NH3+]CCOCC[NH3+].O=C([O-])COCC(=O)[O-],0
FIWWIT,O=C([O-])c1ccc(cc1)N(=O)=O.[NH3+]C(CCCNC(N)=[NH2+])C(=O)[O-],1
AVALIS,FC(F)(F)S(=O)(=O)[O-].CN(C)c1ccn(cc1)P(Cl)(Cl)#[N+][Si](C)(C)C,0
XUJNOH,[NH3+]C(CO)C(O)C(O)CO.OC(=O)C(=O)[O-],0
DIDZEX,Nc1ccccc1C(O)=O.O=C(NCc1ccccn1)C(=O)NCc1ccccn1,0
XOJNAM,Cc1cc(C)nc(N)n1.OC(=O)c1cccc(F)c1F,0
GANYIE01,CN1C=NC2=C1C(=O)N(C)C(=O)N2C.OC(=O)C=CC(O)=O,1
LONRUB,NC1=[NH+]N=CS1.CS(=O)(=O)[N-]S(C)(=O)=O,0
LOQWUM01,[2H]OC(=O)c1c(F)c(F)c(c(F)c1F)C(=O)[O-].[2H][n+]1ccccc1C,0
OTIGAA,C[N+](C)(C)CCCl.Cc1cc(Cl)ccc1OCC(=O)[O-],0
FEYZEQ,Cc1ccccc1C.COc1ccc(NS(=O)(=O)c2ccc3ccccc3c2)cc1,0
XALCOC,[NH3+]C(C(O)=O)c1ccccc1.CC1(C)C2CCC1(CS(=O)(=O)[O-])C(=O)C2,0
VUSMAY,OC(C(O)C(=O)[O-])C(O)=O.CCOC(=O)C1C[NH2+]CCC1,0
KOXWEB,Nc1[nH+]cc(Cl)cc1.O=C([O-])c1ccccn1,0
TOMXIE,OC(=O)COc1ccc2ccccc2c1.O=C1C(=O)c2cccnc2c2ncccc12,1
KEKHAK,O=C([O-])CN1C(=O)c2ccccc2C1=O.OC(=O)CN1C(=O)c2ccccc2C1=O.Oc1cccc2ccc[nH+]c12,0
PEFGEO,OC(=O)c1cc(O)c(O)c(O)c1.CC(N)=O,0
EDIXUM,CN(C)C=O.Cc1cc2NC(=O)c3ccccc3C(=O)Nc2cc1C,0
LEFYAY,CN(C)C=O.Nc1cc(ccc1C(O)=O)C(O)=O,0
JUWHOA,OC(=O)CCC(O)=O.ON=Cc1ccnc2ccccc12,0
ODIDEN,OC(=O)c1cc(O)cc(O)c1.CCOc1ccccc1C(N)=O,0
YUPPUX,CCN1C=Nc2c(N)ncnc12.OC(=O)CCCC(O)=O,0
UKIVAO,OC(=O)C1CCCCC1C(=O)[O-].Cc1cccc2SC(=[NH+]c12)N,0
UJOGOQ,NC(=O)C1CC[NH2+]CC1.O=N(=O)c1cc(c([O-])c(c1)N(=O)=O)N(=O)=O,0
GESJIZ,COc1cccc(c1)B(O)O.CC1=NN=C2CN=C(c3ccccc3)c3cc(Cl)ccc3N12,0
XOLLAL,O=C([O-])c1ccc2ccccc2c1.C[N+](C)(C)CCO,0
XUNGIW,OC(=O)c1cccc(c1)C(O)=O.c1cc(ccn1)c1ccncc1,0
PAXNIN,[NH3+]c1ccc(O)cc1.OC(=O)CC(=O)[O-],0
SARQOV,NS(=O)(=O)c1cc(C(O)=O)c(NCC2=CC=CO2)cc1Cl.CCOc1ccccc1C(N)=O,0
EGENOV,NS(=O)(=O)c1cc2c(NCNS2(=O)=O)cc1Cl.c1cc(ccn1)c1ccncc1,0
YACYAG,OC(=O)CCCC(O)=O.N#Cc1ccccn1,0
SAXPAK,NC(=O)c1ccncc1.Cc1ccc(Cl)c(Nc2ccccc2C(O)=O)c1Cl,0
GUMVIU,O=C([O-])c1ccc2ccccc2c1.[NH3+]C1C(O)Cc2ccccc12,0
ANILER01,Nc1ccc(cc1)S(=O)(=O)Nc1ncccn1.C1COCCO1,0
YAWKEQ,Cc1ccc(cc1)C1=CC(F)(F)C(=O)Nc2ccccc12.Cc1ccccc1,0
ZEJLIM,O=C(Nc1cccnc1)c1ccccc1.OC(=O)c1ccccc1,0
VUHFIO,O=C1NS(=O)(=O)c2ccccc12.CCOc1ccccc1C(N)=O,0
GALRIU,C1CN2CCN1CC2.Cc1ccc(O)cc1,0
VELWOB,c1cc(ccn1)c1ccncc1.BrN1C(=O)c2ccccc2C1=O,0
HESYAF,O=C([O-])c1cc(cc(c1)N(=O)=O)N(=O)=O.[NH3+]c1cccc(c1)C(O)=O,0
OFEGIT,OC(=O)c1cc(Cl)ccc1O.NC(=O)N1c2ccccc2C=Cc2ccccc12,0
ZEXJOE,OC(=O)c1ccc(O)c(O)c1.Oc1ccc(Br)cc1C=Nc1cccnc1,0
TUFNUF,OC(=O)c1cc(O)ccc1O.CN1C(=C(O)c2ccccc2S1(=O)=O)C(=O)Nc1ccccn1,0
KUZJIZ,Nc1[nH+]cc(Cl)cc1.OC(=O)c1ccccc1C(=O)[O-].OC(=O)c1ccccc1C(O)=O,0
POCBER,CCc1nc(N)nc(N)c1c1ccc(Cl)cc1.COc1cc2OC(=O)C=Cc2cc1OC,0
FOMDUI,CC1=[N+]([O-])ON=C1C=NNC(N)=[NH2+].O=N(=O)C1=NN([O-])N=N1,0
YEPKAI,OC(=O)C=Cc1ccccc1.NC1=Nc2ccc(OC(F)(F)F)cc2S1,0
HANBOO,NC(=O)c1ccncc1.CCC(O)=O,0
XAQRAJ,Nc1ccc(cc1)C(O)=O.NC(=O)N1c2ccccc2C=Cc2ccccc12,0
LATNAX,C1COCCO1.NS(=O)(=O)Oc1ccc2C3=C(CCCCC3)C(=O)Oc2c1,0
PVVAWG01,COc1cnc(NS(=O)(=O)c2ccc(N)cc2)nc1.C1COCCO1,0
AFADIU,Cc1ccc(cc1)S(O)(=O)=O.Cc1ccc(cc1)S(=O)(=O)[O-].C[NH2+]C1CNCC1OC,0
MIPPEK,FC(F)(F)S(=O)(=O)[O-].C[N+]1=NN(OCF)c2ccccc12,0
MECHAF,OC(=O)Cc1ccccc1.NC(=O)c1ccccc1,0
FEQXIJ,C1N2CN3CN1CN(C2)C3.OC(=O)c1ccc(O)cc1,0
WEDLUO,OC(=O)c1c(F)c(F)c(F)c(F)c1F.Nc1ncc(Br)nc1Br,0
HIQGAT,OB(O)c1ccc(cc1)C#N.c1cnc2ccc3ncccc3c2c1,1
TOJQUF,FC(F)(F)S(=O)(=O)[N-]S(=O)(=O)C(F)(F)F.CN1C=C[N+](=C1)CC(O)=O,0
YETFOV,CC(C)(C)N1[P+]N(c2ccccc12)C(C)(C)C.FC(F)(F)S(=O)(=O)[O-],1
KAYGOI,O=C(Nc1ccccn1)c1ccncc1.OC(=O)CCCCCCCC(O)=O,0
BALVOZ,CCC(C(=O)[O-])c1ccccc1.[NH3+]C(C(O)c1ccccc1)c1ccccc1,0
ESODUO,NC(=[NH2+])SCCOC(F)(F)F.FC(F)(F)S(=O)(=O)[O-],0
HIFRUN,OC(=O)c1ccc(O)cc1.Nc1ccncc1,0
GEHROB,OC(=O)c1cc2ccccc2cc1O.c1cc(ccn1)c1ccncc1,0
GAPMAN,[NH2+]1CCOCC1.OC(C(O)C(=O)[O-])C(O)=O,0
CASCIJ,OC(=O)C(=O)[O-].NC1=[NH+]C(=O)NC=C1,0
FIFFEG,[NH2+]1CCOCC1.Oc1ccc(cc1C(=O)[O-])N(=O)=O,0
LOCLOF01,OC(=O)C(=O)[O-].[NH3+]C(CS)C(O)=O,1
XUPKUO,C[NH+]1CCC(C(CO)C1)c1ccc(F)cc1.COC(C(=O)[O-])(c1ccccc1)C(F)(F)F,1
GARQIC,CC(=O)[O-].CC1(C)CC(O)CC2CCC[NH+]12,0
GIDFUY,OC(=O)C=CC(=O)[O-].[NH3+]CC1CCC(CC1)C(O)=O,0
TURNOM,Oc1cc(O)cc(O)c1.CCN(CC)CC(=O)Nc1c(C)cccc1C,0
VUKPAU,Cc1[nH+]cc(CO)c(CO)c1O.O=C([O-])c1ccc(cc1)N(=O)=O.OC(=O)c1ccc(cc1)N(=O)=O,0
DEYPUW,OC(=O)C=Cc1ccccc1.CC(CC(C)(C)O)=NNC(=O)c1ccncc1,0
CIYPUX,[NH2+]1CCOCC1.O=N(=O)c1cc(c([O-])c(c1)N(=O)=O)N(=O)=O,0
REHTII,OC(=O)C(O)=O.[NH3+]C(CCC[NH+]=C(N)N)C(=O)[O-].OC(=O)C(=O)[O-],1
WUSMUU,CN(C)C=O.CSC1=C(C#N)C(=O)N(NS(=O)(=O)c2ccc(Br)cc2)C(=N1)N,0
BECPOR,N#Cc1cc(C#N)c(cc1C#N)C#N.COc1cc(ccc1O)C(O)=O,0
CUKVEK,Nc1ccc(C(O)=O)c(O)c1.C1COCCO1,0
YOVNAB,C[NH+](C)C1=C(C)N(C)N(c2ccccc2)C1=O.O=C1[N-]S(=O)(=O)c2ccccc12,0
BUDQEX,Sc1ccc(CC(=O)[O-])cc1.[NH3+]Cc1ccc(O)cc1,0
TARPIO,NS(=O)(=O)c1cc(C(O)=O)c(NCC2=CC=CO2)cc1Cl.CS(C)=O,0
FOXPOY,OC(C(=O)[O-])c1ccccc1.[NH3+]CC1(CCCCC1)CC(O)=O,0
TEYSIC,Cc1ccc(cc1)S(=O)(=O)[O-].[NH3+]c1cc(c(N)cc1Cl)N(=O)=O,0
WIJNOS01,O=C[O-].[NH3+]C(CCCNC(N)=[NH2+])C(=O)[O-],0
ULAWAF02,NC(=O)c1ccncc1.OC(=O)C(O)=O,0
CIPTUU,FC(F)(F)S(=O)(=O)[O-].C[N+]1=C(SC(F)(F)F)N(C=C1)c1ccccc1,0
YECXUD,OC(=O)c1cc(O)cc(O)c1.CN1C(=O)N(C)C2=C(N(CC(O)=O)C=N2)C1=O,0
RUYZAO,Cc1ccnc(NS(=O)(=O)c2ccc(N)cc2)n1.CC1=CC(=O)c2ccccc2C1=O,0
LAJJUF,NC(=[NH2+])NC(N)=S.O=C([O-])c1cccc(c1)N(=O)=O,0
MAVYUF,[NH3+]C(C)c1ccc(Cl)cc1.O=C([O-])C1COC2OC(=O)CC12,0
FOVROX,O=C1CCC(=NN1)c1ccc(cc1)N1C=[NH+]C=C1.OC(=O)C=CC(=O)[O-],0
RIQWUM,O=S(=O)([O-])c1ccccc1.OC(=O)c1ccc[nH+]c1Nc1cccc(c1)C(F)(F)F,0
LETBOF,C[NH2+]C1CCC(c2ccc(Cl)c(Cl)c2)c2ccccc12.CS(=O)(=O)[O-],1
HIQHAU,COB(O)c1ccc(cc1)C#N.c1cc(ccn1)N=Nc1ccncc1,0
OYUXAK,Cc1cccc(C)c1NC(=O)CN1CCCC1=O.OC(=O)c1ccc(O)cc1,0
ZAJHAT,Oc1c(cc(cc1N(=O)=O)N(=O)=O)C(=O)[O-].[NH3+]c1ccccc1C(O)=O,0
ICOVEF,OC(=O)c1cc2ccccc2cc1O.NC(N)=O,0
YEDCUI,O=C([O-])CCN1C(=S)Oc2ccccc12.[NH3+]CCO,1
FARMEU,Cc1ccc(N)cc1.Cc1ccc(NC(=NO)C(Nc2ccc(C)cc2)=NO)cc1,0
DUZNOC,O=C([O-])c1ccncc1.NC1=[NH+]C(=O)NC=C1,0
AWIHIY,[NH3+]CC(O)=O.OC(=O)CC(=O)[O-],0
LOMHUR,c1cc(ccn1)c1ccncc1.OC(=O)CNS(=O)(=O)c1ccc(cc1)C(O)=O,1
YOYLEG,OC(Cc1ccccc1)C(=O)[O-].[NH3+]CC(C)c1cccc(Cl)c1,1
FALTET,Cc1ccnc(NS(=O)(=O)c2ccc(N)cc2)n1.Cc1cccnc1,0
QUVPUT,Cc1ccc(cc1)S(=O)(=O)[O-].[NH3+]C[Si]1(CO)CCCC1,0
XICROS,Nc1ccc(c(O)c1)C(=O)[O-].NC1=[NH+]C(=O)NC=C1,0
JEPYIP,CN(C)C(C)=O.Cc1cc(C)nc(NS(=O)(=O)c2ccc(N)cc2)n1,1
TRYPTB,OC(=O)C(=O)[O-].[NH3+]C(CC1=CNc2ccccc12)C(O)=O,0
UKAYIR,CN1C=C([N+](=C1C)C)N(=O)=O.O=N(=O)c1cc(c([O-])c(c1)N(=O)=O)N(=O)=O,0
VEDMAT,[NH3+]C(C)c1ccc(Cl)cc1.O=C1CC2C(OC(C2c2ccccc2)C(=O)[O-])O1,1
LUNNAJ,NC(=O)c1ccncc1.OC(=O)CCl,0
XOMPUK,CNC(O)=[NH+]C.OP(F)(=O)[O-],0
VIPXOJ,C1CN2CCN1CC2.Cc1cc(C)nc(NS(=O)(=O)c2ccc(N)cc2)n1,0
YIRLOB,COc1cc(OC)nc(N)n1.Nc1ccccc1C(O)=O,0
PIGHAP,CN(C)c1cc[n+](CCF)cc1.Cc1ccc(cc1)S(=O)(=O)[O-],0
CEWQEE,[NH3+]CC(CC(C)C)CC(O)=O.OC(C(=O)[O-])c1ccccc1,1
RORMIW,c1cc(ccn1)c1ccncc1.OB(O)c1ccc(Cl)cc1,0
FAKJUY,OC(=O)c1ccc(cc1)C(O)=O.CN1C(=C(O)c2ccccc2S1(=O)=O)C(=O)NC1=NC=C(C)S1,0
OLOBAS,CCOC(=O)C1=Cc2ccccc2OC1=O.NC1=Nc2ccccc2S1,1
QUSLUL,CS(=O)(=O)[N-]S(C)(=O)=O.O[n+]1ccccc1,0
EKAWOC,CCOC12CCC3=[NH+]CCCN3C1CC(=O)C=C2.FC(F)(F)S(=O)(=O)[O-],0
HOCJUH,OC(=O)C=CC(=O)[O-].C[NH+](C)CCC1=CNc2cccc(OC(C)=O)c12,0
KECTAQ,OC(=O)CCC(O)=O.O=C(NN=Cc1ccncc1)c1cccnc1,0
VOJKIR,OC(=O)COc1cccc(c1)C(O)=O.NC(=O)c1ccncc1,0
LIDNOE,OC(=O)c1cccc(c1)C#N.NC(=O)c1ccc(O)cc1,0
KIPHOJ,c1cc(ccn1)c1ccncc1.Cc1cc(O)c2C(=O)c3c(O)cc(O)cc3C(=O)c2c1,0
MIPVOW,OC(=O)c1cccc(c1)C(O)=O.C1N2CN3CN1CN(C2)C3,0
UHUFOU,Nc1nc(N)nc(n1)c1ccccc1.OC(=O)CCSc1ccccc1,1
XAQREN,Nc1ccc(cc1)C(O)=O.NC(=O)N1c2ccccc2C=Cc2ccccc12,0
BUQQEK,[S-]C#N.Brc1ccc(cc1)N=NC1=[NH+]C=CN1.Brc1ccc(cc1)N=NC1=NC=CN1,0
LOMTIQ,NC1=[NH+]c2cc(Cl)ccc2O1.O=C([O-])c1cc(cc(c1)N(=O)=O)N(=O)=O,0
GADYUI,OC(=O)c1cc(ccc1O)S(=O)(=O)[O-].[NH3+]C(CO)(CO)CO,0
XOJNUG,Cc1ccc(cc1C)C(O)=O.Cc1cc(C)nc(N)n1,0
ISIJAW,NC(=O)c1ccncc1.OC(=O)CCCCCCCC(O)=O,0
MOGVUB,Cc1ccncc1.OC(=O)C=CC(O)=O,0
EZIFEZ,OC(=O)c1cc(O)cc(O)c1.CC1=NN=C2CN=C(c3ccccc3)c3cc(Cl)ccc3N12,0
FIMTAW,NC(N)=S.CN(C)CCOC(c1ccccc1)c1ccccc1,1
CAQLAJ,FC(F)(F)S(=O)(=O)[O-].CN1C=C[N+](=C1SSC1=[N+](C)C=CN1C)C,0
LIGNOG,OC(=O)c1cc(ccc1O)S(=O)(=O)[O-].ClCC[NH+]1CCCCC1,0
LOFJOH,[NH3+]C(C(O)c1ccccc1)c1ccccc1.ClC1=C(Sc2ccccc12)C(=O)[O-],1
GOGFOA,OC(=O)Cc1ccccc1Nc1c(Cl)cccc1Cl.C(Cc1ccncc1)c1ccncc1,0
LABJUX,[NH3+]CC(CC(O)=O)c1ccc(Cl)cc1.O=C([O-])COc1ccccc1,0
GADGUN,Oc1c(Cl)c(Cl)c(Cl)c(Cl)c1Cl.Cc1ccncc1,0
YOZKUW,Oc1cc(cc(O)c1O)C(=O)[O-].CN1CC(=O)NC1=[NH2+],0
KEBLUC,Oc1ccc2ccc(O)cc2c1.NNC(=O)c1ccncc1,0
WADMOG,[NH3+]Cc1ccc(Cl)cc1.BrCCCCCCC(=O)[O-],0
WINXAW,O=C1[N-]S(=O)(=O)c2ccccc12.Nc1[nH+]cccc1O,1
KUQXIG,S1c2ccccc2c2ccccc12.ClC1=C(Cl)C(=O)C(=C(C#N)C1=O)C#N,0
MEDCOP,Oc1cccc(c1)C(=O)[O-].[NH3+]CCc1ccc(O)cc1,0
DIFNUC,c1cc2cccc(c3ccncc3)c2c(c1)c1ccncc1.OC(=O)C=CC(O)=O,0
UMININ,OC(=O)C=CC(O)=O.c1cc(ccn1)N=Nc1ccncc1,0
HURMUC,Clc1cccc(c1)C(=O)[O-].COc1cc(Cc2c[nH+]c(N)nc2N)cc(OC)c1OC,0
WIVDUA03,OC1=C(Br)C(=O)C(=C(Br)C1=O)O.c1ccc2nc3ccccc3nc2c1,0
QECYII,Oc1cccc(O)c1.CC(=O)c1cccc(n1)C(C)=O,0
HOGGUH,OC(=O)CC(O)=O.NC(=O)c1ccccn1,0
UNEZOC,OC=O.NC(=O)N1c2ccccc2C=Cc2ccccc12,0
VICPOM,C([NH+]=C1N=CNC2=C1NC=N2)C1=CC=CO1.O=N(=O)c1cc(c([O-])c(c1)N(=O)=O)N(=O)=O,0
LAGVAU,NC(N)=O.Oc1ccccc1O,0
NOBWIN,c1ccc2cnncc2c1.OC(=O)C=CC(O)=O,0
TOQQAU,OC(=O)CCC(O)=O.NC(=S)NN=Cc1ccncc1,0
GUFDOB,CCOC(=O)C1=Cc2cccc(OC)c2OC1=O.NC1=Nc2ccccc2S1,0
NAQPIH,NC1=Nc2ccc(OC(F)(F)F)cc2S1.OC(=O)CCCCCCCC(O)=O,0
XERCEF,O=Cc1ccc2ccc3cccc4ccc1c2c34.N#Cc1cc(C#N)c(cc1C#N)C#N,0
AMAYOF,FC(F)(F)S(=O)(=O)[O-].O=C(c1ccccc1)C([N+]#N)=S1c2ccccc2c2ccccc12,0
KIJFUI,Oc1ccc(O)cc1.CCOc1ccccc1C(N)=O,0
ZUPMOP,OC(=O)C(=O)[O-].[NH3+]Cc1ccc(Cl)cc1,0
AJAGUN,OC(=O)c1cc(O)ccc1O.O=C1CNC(=O)CN1,1
KEXZUJ,Nc1ccc(N)cc1.OCCCCCCCCCCCCO,0
ROHDIB,C[Si](C)(C)C12CCCC[NH+]1CCCC2.O=N(=O)c1cc(c([O-])c(c1)N(=O)=O)N(=O)=O,0
OBOVAF,NC(=O)c1ccncc1.Nc1ccc(C(O)=O)c(O)c1,0
IPEVUV,OC(=O)C=Cc1ccccc1.C1N2CN3CN1CN(C2)C3,1
WOQBEJ,c1ccc2nc3ccccc3nc2c1.OC(=O)C=CC(O)=O,0
TEYSOI,Oc1ccc(cc1)S(=O)(=O)[O-].[NH3+]c1cc(c(N)cc1Cl)N(=O)=O,0
SERHOX,OC(=O)C(=O)[O-].[NH3+]CCC1=CNc2ccc(O)cc12,0
BEPDOT,NN1N=C(C(=[NH2+])N=C1N)N(=O)=O.O=N(=O)C1=N[N-]N=N1,0
QAMSAZ,CN1CCOCC1.Oc1ccc(O)cc1,0
YUCPIW,Oc1ccc(O)cc1.C1N2CN3CN1CN(C2)c1ccccc31,0
NIQJAB,Nc1ccncc1N.OP(O)(O)=O,0
LIGNAT,Cc1ccc(cc1)C(O)=O.NC1=Nc2ccccc2S1,0
VAVKIP,Oc1cccc(c1)C(=O)[O-].C[NH+](C)C(C)C(O)c1ccccc1,0
FEVLAW,O=C([O-])c1c2ccccc2cc2ccccc12.CCc1[nH+]c(N)nc(N)c1c1ccc(Cl)cc1,0
OCATUH,Nc1ccc(cc1)C(O)=O.Nc1nccc(n1)c1ccncc1,0
CUKKUR,C1N2CN3CN1CN(C2)C3.COc1cc(cc(OC)c1O)C(O)=O,0
PETYUJ,OC(C(O)C(=O)[O-])C(O)=O.OC12CCC(CC3[NH2+]CCC13)C2,0
CASYUT,NN1C(=[NH2+])NC(=O)C=C1N.OC(=O)CC(=O)[O-],0
IXOXEZ,OC(=CC(=O)c1ccccc1)c1ccncc1.OC(=O)c1ccccc1,0
SECDUB,OC(=O)C=CC(=O)[O-].OC(=O)c1[nH+]cccc1,0
AGIJAF,COc1cc(cc(OC)c1OC)C=C1N=C(C)N(C)C1=O.Fc1c(F)c(Br)c(F)c(F)c1Br,0
SAQJUP,[O]N([O-])=C1C=C(Cl)C(=O)C(=C1)Cl.OC(O)c1cc[nH+]cc1,0
UGOHUV,OC(=O)c1cc(O)cc(O)c1.O=C1CCCC(=O)N1,0
OVEZIB,O=C(NN=C(c1cc[nH+]cc1)c1ccccc1)C1=CC=CO1.CCOS(=O)(=O)[O-],0
BZPCBQ,c1ccc2c(c1)ccc1ccc3ccccc3c21.ClC1=C(Cl)C(=O)C(=C(C#N)C1=O)C#N,0
NEQNOP,CC1=CN=C(NC(=O)c2ccccc2)S1.OC(=O)CCCCCCCCC(O)=O,0
UYAZEA,OC(=O)CCCCCCCCC(O)=O.COc1ccc2N=C(N)Sc2c1,0
JOXBEF,OC(=O)c1cnccn1.OC(=O)c1cc(O)c(O)c(O)c1,0
WIHZUJ,FC(F)(F)S(=O)(=O)[O-].C[N+]12CN3CP(C1)C[N+](C)(C3)C2,0
AFONOB,Cc1cccc(Nc2ccccc2C(O)=O)c1C.C(Cc1ccncc1)c1ccncc1,0
LIBTUN,CCC(=O)[O-].Nc1[nH+]nc(c(N)n1)c1cccc(Cl)c1Cl,0
SIHMAA,Cc1nc(C)c(Cl)c(N)n1.CC1=CC=C(S1)C(O)=O,0
RAWBOG,C1CN2CCN1CC2.CC(C)(c1ccc(O)cc1)c1ccc(O)cc1,0
KIZYEZ,CC(=O)Nc1ccccn1.OC(=O)c1ccccc1,0
SIBYUA,c1cc(ccn1)c1ccncc1.CC(=O)Oc1ccccc1C(O)=O,0
BAYWAC,c1ccncc1.OC(C(F)(F)F)C(F)(F)F,0
VOBMOO,S=C=[N-].C[S+](C)(C)=O,1
MUYSIJ,CN(C)C=O.OC(=O)c1cccnc1Nc1cccc(F)c1F,0
TAPMEC,CC1OC(CC1=O)C[N+](C)(C)C.O=N(=O)c1cc(c([O-])c(c1)N(=O)=O)N(=O)=O,0
NUKZID,NC(=O)c1cccnc1.OC(=O)CCCCCCCC(O)=O,1
SEMRUY,CC[N+](CC(=O)OC)(CC(=O)OC)CC(=O)OC.FC(F)(F)S(=O)(=O)[O-],0
EFUCEP,Cc1ccc2ccccc2n1.Nc1ccccc1C(O)=O,0
MUPNER,NC(=O)c1ccncc1.COc1cc(C=CC(O)=O)ccc1O,0
OPEKAW,c1cc(ccn1)C=Cc1ccncc1.OC(=O)c1ccc(C(O)=O)c2ccccc12,0
XEDSOS,Oc1cccc(O)c1.S1C(=Nc2ccccc12)C=CC=Cc1ccccc1,1
BEPTUN,[NH2+]1CCOCC1.CC(=O)[O-],0
BUBXEC,O=N(=O)c1c[nH+]ccc1.OC1=C([O-])C(=O)C1=O,0
ZAJHOH,Nc1ncccn1.OC(=O)c1ccccc1C(O)=O,0
KOSYOG,CC1(C)COP(=O)([O-])OC1c1c(Cl)cccc1Cl.C[NH2+]C(C)C(O)c1ccccc1,0
BARBUR,NC(N)=O.CCC1(CC)C(=O)NC(=O)NC1=O,0
AWOQUY,[NH3+]C1(CCc2cc(Br)ccc2C1)C(=O)OC.OC(C(=O)[O-])c1ccccc1,0
TOSGUF,CC1(C)CC(=O)NC(=O)C1.COc1cc(Cc2cnc(N)nc2N)cc(OC)c1OC,0
DIDZAT,O=C(NCc1cccnc1)C(=O)NCc1cccnc1.Nc1ccccc1C(O)=O,0
XUVQOV,OC(=O)c1ccccc1O.CC1=NN2C=C(C)N=C2S1,0
BIDJEE,Nc1[nH+]cc(cc1)N(=O)=O.Clc1ccc(cc1N(=O)=O)S(=O)(=O)[O-],0
XAQQOW,OC(=O)c1cc(O)ccc1O.NC(=O)c1cnccn1,0
SOVDIQ,c1cc(ccn1)c1ccncc1.OC(=O)CCCC(O)=O,0
CEXVAG,Oc1cc(O)cc(Cl)c1.c1ccc2nc3ccccc3nc2c1,0
HISRIM,c1ccc2nc3ccccc3nc2c1.OC(=O)c1cccc(C(O)=O)c1c1c(cccc1C(O)=O)C(O)=O,0
CIVQEH,OC(=O)c1cccc2ccccc12.CC(C)=NNC(=O)c1ccncc1,1
OSEXOA,OB(O)O.C1=CN2C(=N1)N1C=CN=C1N1C=CN=C21,0
PEZJAH,O=S(=O)([O-])c1ccccc1.CC1[NH2+]C(CC=C)C=C(C1)S(=O)(=O)c1ccccc1,0
KAZNAD,FC(F)(F)S(=O)(=O)[O-].CC(C#Cc1cccc(Br)c1)[N+](C)(C)C,1
KUWMEW,NC(=O)NN=C1C(=O)c2ccccc2c2ccccc12.CS(C)=O,0
FALSUI,Cc1ccnc(NS(=O)(=O)c2ccc(N)cc2)n1.CN(C)C(C)=O,0
ADAFOD01,FC(F)(F)S(=O)(=O)[O-].CN(C)c1cc[n+](cc1)S(=O)(=O)C(F)(F)F,0
EZASEG,COc1[nH+]c(N)nc(OC)c1.Oc1cccc(C(=O)[O-])c1O,0
CIJTEU,C1CCC2[NH+](COCC2C1)Cc1ccccc1.O=N(=O)c1cc(c([O-])c(c1)N(=O)=O)N(=O)=O,0
FERYIL,CCC(=O)c1c(O)cc(O)cc1O.c1cc(ccn1)C=Cc1ccncc1,0
FAYTAC,COc1ccc(cc1)C1=[NH+]NC=C1.FC(F)(F)S(=O)(=O)[O-],0
PIRRAL,NC(=O)c1ccncc1.OC(=O)c1cc(F)cc(F)c1,1
JOKYEQ,C1CCOC1.Nc1ccc(cc1)S(=O)(=O)Nc1ccc(Cl)nn1,1
XISPEX,CC(=O)c1cccc2cccc(O)c12.CN(C)c1ccncc1,0
QOJNAF,CC1(C)OC2OC3CSC(=[NH+]C3(O)C2O1)N.Cc1ccc(cc1)S(=O)(=O)[O-],1
UKISUF,Cc1cccc2SC(=[NH2+])Nc12.OC(=O)c1ccc(cc1C(=O)[O-])N(=O)=O,0
OHAGIO,C1COCCO1.COC(=O)NC(=S)Nc1ccccc1NC(=S)NC(=O)OC,0
EYEHAT,c1cc(ccn1)C=Cc1ccncc1.CCCCOc1ccc(cc1)C(O)=O,0
NETTOZ,Oc1ccccc1C(=O)[O-].OCC[NH+](CCO)C(CO)(CO)CO,0
GUDVIM,OC(=O)CCCCCC(O)=O.c1cnccn1,0
NIZLAK,CC(C)NC([S-])=C(C#N)C(N)=O.CC(C)NC1=C(C#N)C(=[S+]S1)NC(C)C,0
BIHZAU,c1cc(ccn1)c1ccncc1.OC(=O)C1=CC=C(S1)C(O)=O,0
EKEXOK,O=N(=O)C1=NN=N[N-]1.C[N+]1=NOC(=C1)N,0
FIMTUQ,C[NH2+]C(C)C(O)c1ccccc1.CC1(C)CO[P-](=O)(=O)OC1c1ccccc1Cl,1
HECROZ,C1N2CN3CN1CN(C2)C3.OC(=O)c1ccccc1,0
VATTIV,OC(=O)c1cc(cc(c1)C(O)=O)C(O)=O.Cc1ccc2ccccc2n1,0
KIZYAV,Nc1ccc(cc1)C(O)=O.CC(=O)Nc1ccccn1,1
AQUMIL01,COC(=O)C=Cc1ccccn1.NC(N)=O,0
KIBQOC,Nc1c(F)c(F)c(F)c(F)c1F.Oc1c(F)c(F)c(F)c(F)c1F,1
WODDEZ,O=C([O-])c1cccc2c1Cc1ccccc21.[NH3+]C(C(O)c1ccccc1)c1ccccc1,1
URAKOO,CN(C)C=O.Cc1ccc(cc1)S(=O)(=O)Nc1ccc(cc1)C(O)=O,0
IHAXEW,FC(F)(F)S(=O)(=O)[N-]S(=O)(=O)C(F)(F)F.CCO[N+]1(C)CCOCC1,0
QAXYOG,CNC(=S)NN=Cc1ccc(O)cc1O.c1cc(ccn1)c1ccncc1,0
QEDXII,NC(=O)c1cc[nH+]cc1.ClC(Cl)(Cl)C(=O)[O-],1
PUCTOZ,Cc1ccc(cc1)C(O)=O.Cc1cc(C)nc(NS(=O)(=O)c2ccc(N)cc2)n1,1
ZELDAY,Oc1ccc(O)cc1.COc1ccc(N)cc1,0
ZUVXAR,COc1cccc(C=NNC(=O)c2cc[nH+]cc2)c1O.O=C1[N-]S(=O)(=O)c2ccccc12,0
MEWNUA,CC(C)OC(=S)Nc1ccccc1.c1cc(ccn1)c1ccncc1,0
XIQFOS,CCNC(=[NH+]CC)c1ccc(Br)cc1.O=C([O-])c1ccccc1,0
AXASOH,COC(=O)c1cc(O)c(O)c(O)c1.CN1SC(=CC1=O)Cl,0
JOSLAG,FC(F)(F)C(=O)[O-].CN1C(=O)C2(C=CC(=[NH2+])C=C2)c2ccccc12,0
WUDHUA,c1cc(ccn1)c1ccncc1.OC(=O)COc1cccc(OCC(O)=O)c1,0
NUZSOS,OC(=O)C=Cc1ccccc1.c1cc(ccn1)c1ccncc1,0
HEVJAT,OCC[NH+]1CCCC1.Clc1cccc(Cl)c1Nc1ccccc1CC(=O)[O-],0
EROROT,OC(=O)c1ccccc1C(=O)[O-].[NH3+]c1ccc(Br)cc1,1
COLHIX,Nc1ncccn1.OB(O)O,0
FOACAM,OC=O.NC=O,0
YADSEE,Cc1cccnc1.Cc1cc(C)nc(NS(=O)(=O)c2ccc(N)cc2)n1,0
BIZTOV,NC(=O)c1cc[nH+]cc1.Oc1cc(O)c(c(O)c1)C(=O)[O-],1
CUXPET,CCc1[nH+]c(N)nc(N)c1c1ccc(Cl)cc1.OC(=O)c1cccc(c1)C(=O)[O-],0
WEGMOM,FC(F)(F)S(=O)(=O)[O-].NC(=O)C[n+]1ccc(cc1)C(N)=O,0
CUYKUF,NC(=O)c1ccncc1.OCC(O)=O,0
QORROE,CC(=O)NC(C)(C(=O)[O-])c1ccccc1F.OCC1[NH2+]CCC1,0
TEHDOD,NS(=O)(=O)[O-].C[NH2+]CC(=O)[O-].C[NH2+]CC(O)=O,1
PAHZEE,OC(C(O)=O)C(=O)[O-].Oc1cc[nH+]cc1,0
LADDIF,OC(=O)CCC(O)=O.CC(=O)Nc1ccc(Br)cn1,0
EKOZIQ,OC(=O)C=Cc1ccc(O)cc1.NC(=O)c1cccnc1,0
ZELFEE,ON=Cc1[nH+]cccc1.OC1=C([O-])C(=O)C1=O,0
URUDER,NNC(=O)c1ccncc1.Nc1ccc(C(O)=O)c(O)c1,1
RIVMIV,CN(C)c1ccncc1.Oc1ccc(Br)cc1,0
CILRUK,FC(F)(F)S(=O)(=O)[O-].CN1CCN(C)B1[n+]1cc2ccccc2c2ccccc12,0
QANPEB,[NH3+]C(CCCNC(N)=[NH2+])C(=O)[O-].COc1ccc2cc(ccc2c1)C(C)C(=O)[O-],0
SIMKUV,Cc1ccc(cc1)S(=O)(=O)[O-].COc1ccc(C[n+]2ccccc2)cc1,0
OHAGUA,Clc1ccccc1Cl.COC(=O)NC(=S)Nc1ccccc1NC(=S)NC(=O)OC,0
VUWQEL,Clc1cccc(NC(=O)Nc2cccc(Cl)c2)c1.O=P(c1ccccc1)(c1ccccc1)c1ccccc1,0
VULDUC,[NH3+]C(C)(P(O)(=O)[O-])P(O)(=O)[O-].NC(=[NH2+])O,0
ZPHCYQ,ClC1=C(Cl)C(=O)C(=C(C#N)C1=O)C#N.c1ccc2c(c1)nnc1ccccc21,0
MAHKAJ,COc1cc(C=O)ccc1O.c1ccc2nc3ccccc3nc2c1,0
CAKZEV,Oc1ccc(O)cc1.CC1=NN=C2CN=C(c3ccccc3)c3cc(Cl)ccc3N12,0
OJUBEC,Nc1[nH+]c(nc(N)n1)c1ccc(Cl)cc1.OC(=O)CC(=O)[O-],0
BARLAK,NC(=[NH2+])NC(N)=S.CCC(=O)[O-],0
QEDNUM,CC(C)COc1ccc(cc1C#N)C1=NC(=C(S1)C(O)=O)C.c1cc(ccn1)c1ccncc1,0
GUXSUQ,CC(=O)NC1=NN=C(S1)S(N)(=O)=O.Nc1ccccn1,0
QECHOX,Brc1ccccc1[O-].OCC[NH2+]CCO,1
CELMUC,Cc1[nH+]cc(CO)c(CO)c1O.O=N(=O)c1cc(c([O-])c(c1)N(=O)=O)N(=O)=O,0
DENXAW,Oc1ccccc1C(=O)[O-].CN1CC(=O)[NH+]=C1N,0
TMABCA02,CN(C)c1ccc(cc1)N(C)C.ClC1=C(Cl)C(=O)C(=C(Cl)C1=O)Cl,0
LAHHAH,NC(=O)c1ccncc1.OC(=O)Cc1ccc(O)cc1,0
VUYHII,[NH3+]CCCC([NH3+])C(=O)[O-].[NH3+]C(CC(=O)[O-])C(=O)[O-],1
RULYAA,[NH2+]1CCOCC1.COc1ccc(cc1)P(=S)([S-])N1CCOCC1,0
MOLGIE01,[NH2+]1CCOCC1.CC1=NC(=NN1)SCC(=O)[O-],0
POVYAD,CC1=CNC(=[NH2+])S1.[NH3+]c1cc(cc(c1)C(=O)[O-])C(=O)[O-],0
HOGJOF,CC(=CC(O)=O)C(O)=O.O=C(NN=Cc1ccccn1)c1ccccc1,0
FERLOH,OC(=O)C=Cc1ccccc1.CC1=NN=C(c2ccccc2)C(=O)N1N,0
VABVOL,c1cc(ccn1)C=NN=Cc1ccncc1.OC(=O)c1ccccc1,0
POWYAE,FC(F)(F)S(=O)(=O)[O-].Cc1cc2[NH+]=C3C(O)C(O)C(O)CN3c2cc1C,0
JUGQEH,FC(F)(F)C(=O)[O-].CC(=O)CC1=CC(C)(C)[NH2+]C(C)(C)C1,0
ETEFAN,Cc1cccc(Nc2ccccc2C(O)=O)c1C.c1ccc2nc3ccccc3cc2c1,0
SARDOE,Nc1ccc(N)cc1.Oc1ccc2cc(O)ccc2c1,0
XULKOG,C1CN2CN3CCN(CN1C3)C2.Oc1ccc(Br)cc1,1
QEDVUS,NC(=O)c1ccc(O)cc1.C1COCCO1,0
IBUBAM,BrN1C(=O)CCC1=O.C1CN2CCC1CC2,0
WELCAV,CCCCCO.NCC=C,0
BARHMP,CN(C)P(=O)(N(C)C)N(C)C.CCC1(CC)C(=O)NC(=O)NC1=O,0
QIBCEM,c1ccc(cc1)c1ccncc1.CC1=CC(=NO1)NS(=O)(=O)c1ccc(N)cc1,0
FEPPUO,c1cnc2c(c1)ccc1cccnc21.NC(N)=NS(=O)(=O)c1ccc(N)cc1,0
AYUYUO,CC1(C)C2CCC1(CS(=O)(=O)[O-])C(=O)C2.COc1ccc2CCC(N3CC[NH2+]CC3)c2c1,1
WUVKOO,Nc1[nH+]nc(c(N)n1)c1cccc(Cl)c1Cl.O=C1[N-]S(=O)(=O)c2ccccc12,0
DAQYUQ,c1ccc(nc1)c1ccccn1.Nc1ccc(cc1)C(O)=O,0
ATUVEQ,[NH3+]C1CCC(O)CC1.OC1CCC(CC1)NC(=O)[O-],0
PEVCOL01,[NH3+]C(CCCNC(N)=[NH2+])C(=O)[O-].CS(=O)(=O)[O-],1
KABPOU,OC(CN1C=[NH+]C=N1)(CN1=CNC=N1)c1ccc(F)cc1F.O=N(=O)c1cc(c([O-])c(c1)N(=O)=O)N(=O)=O,0
FAKJOS,CN1C(=C(O)c2ccccc2S1(=O)=O)C(=O)NC1=NC=C(C)S1.OC(=O)CCCCC(O)=O,0
GAGPEN,CC(C)(C)O.[NH3+]C(C(O)c1ccccc1)c1ccccc1.OC(CCc1ccccc1)C(=O)[O-],1
BOMCAJ,OC(=O)c1cccc(O)c1.NNC(=O)c1ccncc1,1
WELYUH,OC(C(O)C(=O)[O-])C(O)=O.CC(C)[NH2+]CC(O)c1ccc(O)c(O)c1,0
EDADOC,Nc1[nH+]cc(cc1)N(=O)=O.Cc1ccc(cc1S(=O)(=O)[O-])N(=O)=O,0
XOJNIU,Cc1cc(C)nc(N)n1.Cc1ccc(C)c(c1)C(O)=O,0
JAHJOV,CN1C(=O)NC(=O)C2=C1NC=[N+]2C.Oc1cccc(O)c1C(=O)[O-],0
JOKXUF,c1cc(ccn1)c1ccncc1.Nc1ccc(cc1)S(=O)(=O)Nc1ccc(Cl)nn1,0
MORVOF,Oc1cc(O)cc(O)c1.c1ccc2nc3ccccc3cc2c1,1
RERDEB,Nc1ccc(cc1)C(=O)[O-].NC(N)=[NH+]C1=NC(=CS1)CSCCC(N)=NS(N)(=O)=O,0
NARLOJ,O=C([O-])c1cccn2c1C(=O)OB2(c1ccccc1)c1ccccc1.[NH3+]CCO,0
LABKEI,[NH3+]CC(CC(O)=O)c1ccc(Cl)cc1.OC(=O)COc1ccc(Cl)cc1Cl.Clc1ccc(OCC(=O)[O-])c(Cl)c1,0
XAYGUA,NC(=[NH2+])SC#Cc1ccccc1.CS(=O)(=O)[O-],0
PUPGOX,Oc1cc(O)cc(O)c1.CN1C=NC2=C1C(=O)N(C)C(=O)N2C,0
SERRAL,[NH2+]=C1NC(=O)NC=C1F.NC1=NC(=O)NC=C1F.Oc1cccc(C(=O)[O-])c1O,0
SOWLOF,COc1ccccc1OC.N#CC(C#N)=C(C#N)C#N,0
ZILMIQ,[NH3+]CCC1=CNc2ccc(OC)cc12.O=N(=O)c1cc(c([O-])c(c1)N(=O)=O)N(=O)=O,0
JAZROU,OC(=O)C(=O)[O-].OCC[NH+](CCO)CCO,1
FOVCAV,[NH3+]c1cc(ccc1C)N(=O)=O.ClC(Cl)(Cl)C(=O)[O-],0
DOMQOL01,COC1(O)C[NH+]2CCC1CC2.Clc1c(Cl)c(Cl)c([O-])c(Cl)c1Cl,0
AZOTOZ,Fc1ccc(cc1)C(N1CC[NH2+]CC1)c1ccc(F)cc1.O=N(=O)c1cc(c([O-])c(c1)N(=O)=O)N(=O)=O,0
LUNZEZ,CCCCCCC(O)=O.c1cnccn1,0
ROSTUQ,OC(=O)CCC(O)=O.CCNC(=O)c1cccc(c1)C(=O)NC1=NC=CS1,0
XUKJOD,O=N(=O)c1cc(c([O-])c(c1)N(=O)=O)N(=O)=O.[NH3+]C(CCl)c1c(C)cc(C)cc1C,1
VIMJAF,c1ccccc1.Oc1cccc(CN2CCCC2=O)c1O,0
MIPVIQ,C1N2CN3CN1CN(C2)C3.OC(=O)c1cccc(c1)C(O)=O,0
WABSIB,FC(F)(F)S(=O)(=O)[O-].ClC[N+]12CCN(CC1)CC2,0
UHUFUA,Nc1nc(N)nc(n1)c1ccccc1.OC(=O)CSc1ccccc1,1
UHEVIN,Nc1ccc(CO)cc1.CC(=O)c1ccncc1,0
IVUPAR,OC(=O)C=CC(=O)[O-].C[NH+](C)C(C)C(O)c1ccccc1,0
KEFBAZ,CC(=O)Nc1ccccn1.OC(=O)C=CC(O)=O,0
WAGFOD,CC=CC=CC(=O)[O-].CCc1[nH+]c(N)nc(N)c1c1ccc(Cl)cc1,0
GIJLOD,Oc1c[nH+]ccc1.OC(=O)CC(=O)[O-],0
GAYQUS,C[N+](C)(C)C1CCCC2OC12.Clc1ccc(cc1)S(=O)(=O)[O-],0
XEPBOL,OC(=O)CCCCCCC(O)=O.c1cncc(c1)N=Nc1cccnc1,0
XIPLUF,C[Si](C)(C)CCCc1[nH+]cccc1.O=N(=O)c1cc(c([O-])c(c1)N(=O)=O)N(=O)=O,0
EWARIE,c1ccc2nc3ccccc3nc2c1.Cc1cc(O)cc(O)c1,0
UZUZIA,Cc1c(Cl)cccc1Nc1ccccc1C(O)=O.Cc1ccccn1,0
YACXUZ01,OC(=O)C(O)=O.N#Cc1ccccn1,0
MEYPIM,c1ccccc1.CC1=C(C)OP(=O)(O1)N1C=CN=C1,0
COQDES,C[NH+]1CCCC1C1=CC=CO1.OC(=O)C(OC(=O)c1ccccc1)C(OC(=O)c1ccccc1)C(=O)[O-],0
TEYSUO,O=S(=O)([O-])c1ccccc1.[NH3+]c1cc(c(N)cc1Cl)N(=O)=O,0
QESBOG,COC(=O)NC1=[NH+]c2ccccc2N1.O=S(=O)([O-])c1ccc2ccccc2c1,0
HAXFER01,[2H]OC(=O)c1cc(cc(c1)N(=O)=O)N(=O)=O.[2H][n+]1cc(C)cc(C)c1.O=C([O-])c1cc(cc(c1)N(=O)=O)N(=O)=O,0
QIRKAD,NC(N)=O.OC1=C(O)C(=O)C1=O,0
FEFJOR,OC(=O)c1nc(c2ccccn2)c(nc1c1ccccn1)C(O)=O.CS(C)=O,0
WAGDER,CCc1nc(N)nc(N)c1c1ccc(Cl)cc1.O=C1CCCC(=O)N1,0
XUNCAL,FC(F)(F)C(=O)[O-].O=C(Nc1ccccc1)C1[NH2+]CCCC1,1
FAFGUR,COc1ccc2cccc(CCNC(C)=O)c2c1.CC(=O)C(O)=O,0
YOGCUU,Clc1ccc2N3CN(Cc2c1)c1ccc(Cl)cc1C3.Cc1ccc2N3CN(Cc2c1)c1ccc(C)cc1C3,0
JAWVUZ,OC(C(O)C(=O)[O-])C(O)=O.NC(=O)c1cc[nH+]cc1.NC(=O)c1ccncc1,0
FIYTEP,O=C1N(CCCN2C=[NH+]C=C2)C(=O)c2ccccc12.O=N(=O)c1cc(c([O-])c(c1)N(=O)=O)N(=O)=O,0
CAHLON,OC1=CC(=O)C(=CC1=O)O.c1cc(ccn1)C#Cc1ccncc1,0
CESKAN,CN1C=NC2=C1C(=O)N(C)C(=O)N2C.OC(=O)CCCCC(O)=O,0
HEDSAM,c1ccc2ncccc2c1.Oc1cccc(O)c1O,0
JILWUW,O=N(=O)c1ccc2[N-]N=C(c2c1)N(=O)=O.[NH2+]1CCSCC1,0
NUQHOY,Cc1c(O)cccc1O.c1ccc2nc3ccccc3nc2c1,0
BACRAB,O1C(=CN=C1c1ccccc1)c1ccccc1.Oc1ccc(O)cc1,1
LATKOI,CC(C)=NNC(=O)c1ccncc1.OC(=O)c1ccc(O)cc1,0
GEFFAC,OC(C(O)C(=O)[O-])C(O)=O.CC1=CNC(=[NH2+])S1,1
QOLSAM,C1=CN(C=N1)c1ccc(cc1)N1C=CN=C1.OC(=O)c1ccc(cc1)C(O)=O,0
GEKGIP,Fc1c(F)c(F)c(F)c(F)c1F.Fc1ccc(cc1)C(=O)Nc1cccc(c1)C#C,0
KIPWIS,NC(N)=S.O=C1CC(=O)NC(=S)N1,0
PASLAY,CN(C)P(=O)(N(C)C)N(C)C.Fc1c(F)c(Br)c(F)c(Br)c1F,0
ELUGUQ,OC1=CC2=Nc3ccccc3OC2=C(F)C1=O.CS(C)=O,0
LOGDOC,Cc1cc(N)[nH+]cc1N(=O)=O.Oc1ccc(cc1)S(=O)(=O)[O-],0
KICWOK,CCc1nc(N)nc(N)c1c1ccc(Cl)cc1.NC(=O)N1c2ccccc2C=Cc2ccccc12,0
MUPMUG,Oc1cc2C(=O)Oc3c(O)c(O)cc4C(=O)Oc(c1O)c2c34.CN1C=NC2=C1C(=O)N(C)C(=O)N2C,0
FOVQEP,Oc1ccccc1C(=O)[O-].COc1ccc(cc1)N1CC[NH2+]CC1,0
VIPDEH,Clc1ccc(cc1)C=C1C[NH2+]CC1.FC(F)(F)C(=O)[O-],0
SEZZIK,COc1ccc(cc1)N1CC[NH2+]CC1.COc1ccc(cc1)C(=O)[O-],0
SIMTEO,OC(=O)c1cc(Cl)c(Cl)cc1C(=O)[O-].[NH3+]c1cccc(c1)C(F)(F)F,0
IVEKIG,CC[NH+](CC)CC(=O)Nc1c(C)cccc1C.OC(=O)CCCCC(=O)[O-],0
BIXDIZ,FC(F)(F)S(=O)(=O)[O-].C[N+](C)(C)c1ccc2C(=O)OC(=O)N(CC#C)c2n1,1
BOMGUH,c1cc(ccn1)c1ccncc1.OC(=O)c1ccccc1c1ccccc1C(O)=O,0
GIKBEL,Oc1cc(cc(O)c1O)C(=O)[O-].COc1cc(Cc2c[nH+]c(N)nc2N)cc(OC)c1OC,0
IVORUI,Cc1ccncc1.NC(=O)Nc1ccc(O)c(c1)C(O)=O,0
HEGHIL,COc1cc(Cc2c[nH+]c(N)nc2N)cc(OC)c1OC.O=C([O-])c1ccccn1,0
KIXCIE,Oc1cccc2ccc[nH+]c12.OC(=O)c1cc(Cl)c(Cl)cc1C(=O)[O-],0
ZOBRUF,C[Si+]1(C)(OS(=O)(=O)C(F)(F)F)n2ccccc2c2ccccn12.FC(F)(F)S(=O)(=O)[O-],1
TIJCOI,C=CCNC(=S)NN=Cc1[nH+]cccc1.ClC(Cl)C(=O)[O-],0
PIPLUY,[NH3+]C(CO)(CO)CO.Nc1ccc(cc1)C(=O)[O-],0
MOCXUX,[NH3+]C(CCSC)C(O)=O.OC(=O)C=CC(=O)[O-],0
GUPCAY,Fc1ccc(cc1)N1CC[NH2+]CC1.Fc1ccccc1C(=O)[O-],0
YUKVEI,Cc1cc(C)nc(N)n1.OC(=O)Cc1cccc2ccccc12,0
NUKYUO02,NC(=O)c1cccnc1.OC(=O)CCCCCC(O)=O,1
UHACUC,O=C1CCCN1.OC(=O)C=CC(O)=O,0
VABGUB,F[n+]1ccccc1.FC(F)(F)S(=O)(=O)[O-],0
FANFUZ,[NH3+]c1cccc(Cl)c1.O=N(=O)c1cc(c([O-])c(c1)N(=O)=O)N(=O)=O,0
ABEBIT,O=C1Nc2ccccc2C(=O)Nc2ccccc12.CN(C)C=O,0
ERELOF,NC(N)=O.COC(=O)C=Cc1ccncc1,0
RILQOU,Cc1[nH+]c(NS(=O)(=O)c2ccc(N)cc2)nc(C)c1.O=N(=O)c1cc(c([O-])c(c1)N(=O)=O)N(=O)=O,0
SIZKOD,C[NH2+]CC(O)=O.OC1=C([O-])C(=O)C1=O,0
JEYTUG,FC(F)(F)S(=O)(=O)[O-].COc1ccc(cc1)[N+]#CC(C)(C)C,0
YACFEQ,Oc1cc(O)cc(O)c1.CC(C)C1=C(C)N(C)N(c2ccccc2)C1=O,0
RERPAI,C[NH+]1CCCCC1CO.Oc1ccc(cc1)C(=O)[O-],0
FEJXOK,CN1C2=C(S[S+]=N2)C=C2Sc3nc(Cl)c(Cl)nc3N=C12.FC(F)(F)S(=O)(=O)[O-],0
QEZTAT,CN(C)C=O.Oc1ccc2C(=O)c3cc(O)ccc3C(=O)c2c1,0
VIRKIU,NC(=O)c1cccnc1.CC=CC=CC(O)=O,0
AGUTUT,Nc1ncnc2N(CCOCP(O)(O)=O)C=Nc12.OC(=O)c1cc(O)cc(O)c1,0
MIDRUN,CC(O)c1ccc(C)cc1.[NH3+]C(C(O)c1ccccc1)c1ccccc1.Cc1ccc(cc1)C(=O)[O-],0
WOLCUW,O=N[C-](C#N)C1=Nc2ccccc2O1.ON=C(C#N)C1=[NH+]c2ccccc2O1,0
MOYLOC,c1cc(ccn1)c1ccncc1.Nc1cccc(c1)B(O)O,1
UVOLAT,OC(=O)c1cc(cc(c1)N(=O)=O)C(=O)[O-].NC(=O)C1CC[NH2+]CC1,0
LATKUN,C(N1C=CN=C1)c1ccc(CN2C=CN=C2)cc1.OC(=O)CC=CCC(O)=O,0
IVEMOO,c1cc(ccn1)c1ccncc1.COc1cc(C=CC(O)=O)ccc1O,0
PAVTAI,OCCCCO.NC(N)=O,0
QICJOE,OC(=O)C=CC(=O)[O-].NNC(=O)c1cc[nH+]cc1,1
PIPQUD,CCc1[nH+]c(N)nc(N)c1c1ccc(Cl)cc1.Oc1cc(O)cc(c1)C(=O)[O-],0
TIDFER,OC(=O)C(c1ccccc1)c1ccccc1.c1ccc2nc3ccccc3cc2c1,0
QOFSIQ,NC(N)=O.c1cnccn1,0
DOHSOJ,Brc1ccc(cc1)S(=O)(=O)[N-]S(=O)(=O)c1ccc(Br)cc1.[NH3+]c1ccc(Br)cc1,0
QOVQEY,COc1[nH+]c(N)nc(OC)c1.O=N(=O)c1cc(c([O-])c(c1)N(=O)=O)N(=O)=O,0
OHAHAH,c1ccccc1.COC(=O)NC(=S)Nc1ccccc1NC(=S)NC(=O)OC,0
MESWAL,NC(=S)NN=Cc1cc(Br)ccc1O.CS(C)=O,0
SAFNOE,OC(=O)c1cc(cc(c1)C(O)=O)C(O)=O.c1cc(ccn1)c1cncnc1,0
IZAJUO,OC(C(O)C(=O)[O-])C(O)=O.[NH3+]C(CC1=C[NH+]=CN1)C(=O)[O-],0
ZATJUD,[NH3+]C(CCSC)C(O)=O.OC(=O)C(=O)[O-],0
EPUHAB,NC1=[NH+]c2ccccc2S1.O=C1[N-]S(=O)(=O)c2ccccc12,0
TILYIZ,CCCSc1ccc2NC(=[NH+]c2c1)NC(=O)OC.O=S(=O)([O-])c1ccccc1,0
EPUDOK01,CCC1(C(=O)NC(=O)NC1=O)c1ccccc1.C1COCCO1,0
QANMEY,OC(=O)C(O)=O.O=C1CNC(=O)CN1,0
UNECIB,OC(=O)c1ccc(cc1)C(O)=O.CN1CCCC1=O,0
MADSOC,CC(=O)NC1=NN=C(S1)S(N)(=O)=O.CS(C)=O,0
UROHOZ,CS(C)=O.Nc1nc(N)c2N=C3CCCCCN3c2n1,0
BEVZOV,Nc1nc(N)nc(N)n1.OC(=O)CCCC(O)=O,1
WADXUX,O=C(NCc1ccncc1)C(=O)NCc1ccncc1.Cc1ccccc1C(O)=O,0
WOLZUS,Clc1c(Cl)c(Cl)c([O-])c(Cl)c1Cl.C[N+](C)(C)O,0
NAQNOL,NC1=Nc2ccc(OC(F)(F)F)cc2S1.CC=CC=CC(O)=O,0
KABLEG,OC(=O)Cc1ccccc1.c1cncc(c1)C=NN=Cc1cccnc1,0
EDAFAQ,Clc1ccc(cc1)S(=O)(=O)[O-].Nc1[nH+]cc(cc1)N(=O)=O,1
DEYQEH,OC(=O)CCC(O)=O.CC(CC(C)(C)O)=NNC(=O)c1ccncc1,0
TACZII,O=C1SC2=C(S1)SC(=C(S2)c1ccncc1)c1ccncc1.c1cc(ccn1)C#Cc1ccncc1,0
YOPRUT,ClC(Cl)(Cl)C(=O)[O-].Nc1[nH+]cccc1N(=O)=O,1
NADKAH,C1CN2CCN1CC2.NC1=C(SC(=CC(=O)c2ccc(F)cc2)N1c1ccccc1)C#N,0
XIRKUG,CN1C=NC2=C1C(=O)N(C)C(=O)N2C.Nc1ccccc1C(O)=O,0
ZUNREF,FC(F)(F)S(=O)(=O)[O-].C[NH2+]C(C(=O)N(C)C)C(C)(C)C,0
UDEPOM,CCCCC(=O)[O-].[NH3+]Cc1ccc(cc1)S(N)(=O)=O,0
OZOSED,Cc1ccccc1C(O)=O.ON=Cc1ccnc2ccccc12,0
HONVAI,OC(=O)c1cccc(O)c1.c1cc(ccn1)c1ccncc1,0
TUMWEF,C[NH+]1C2CCC1C(Cc1ccccc1)C(=O)C2.O=C([O-])c1cc(cc(c1)N(=O)=O)N(=O)=O,0
WADMAS,CCCCCCC(=O)[O-].[NH3+]Cc1ccc(Cl)cc1,0
PEKRAA,Nc1[nH+]cccc1O.Oc1ccc(O)c(c1)C(=O)[O-],1
ZUWCAV,FS(=O)(=O)[N-]S(F)(=O)=O.c1ccc(cc1)[PH+](c1ccccc1)c1ccccc1,0
NOFQOR,OC(C(=O)[O-])c1ccccc1.CC(=O)CC1[NH2+]CCCC1,1
HONVUC,c1cc(ccn1)C=Cc1ccncc1.OC(=O)c1ccc(O)cc1,0
XOWWEO,Clc1cccc(C(=O)[O-])c1N(=O)=O.Oc1cccc2ccc[nH+]c12,0
PEXZOK,CC(C)O.Clc1nc(Cl)nc(NNc2nnc(NNc3nc(Cl)nc(Cl)n3)nn2)n1,0
EZAQOO,OC(=O)CCC(O)=O.COc1cc(OC)nc(N)n1,0
ZATHAH,Oc1cc(O)cc(O)c1.CN1C=CC(=O)C(=C1C)O,0
JARHIW,OC1C[NH+]2CCC1CC2.OC1=C([O-])C(=O)C1=O,0
ZIMHIO01,CC(=O)NS(=O)(=O)c1ccc(N)cc1.CC(N)=O,0
OKOKIL,CS(C)=O.CN1C(=C(N=O)C(=O)N(C)C1=O)N,0
XETSEU,OC(=O)C1SC(Cc2cc[nH+]cc2)(SC1c1cc[nH+]cc1)C(O)=O.S=C=[N-],0
HIBKEI,Nc1nc(Cl)nc(Nc2cccc(Br)c2)n1.CCC1(CC)C(=O)NC(=O)NC1=O,0
BODSAO,Oc1cccc(O)c1.NC(N)=O,0
PAGCAE,NC(=O)c1ccncc1.CCCCOC(=O)c1ccc(O)cc1,0
YAHJIC,c1cc(ccn1)C=Cc1ccncc1.OC(=O)c1cccc(c1)C(O)=O,0
VURBEP,OC(C(=O)[O-])c1ccccc1.CN1C([NH2+]CC1=O)C(C)(C)C,1
QAXZOH,c1cc(ccn1)c1ccncc1.Oc1ccc(C=NNC(=S)Nc2ccccc2)c(O)c1,0
WUWQAJ,Nc1ccc(cc1)C(O)=O.C1COCCO1,0
RIGFAQ,CCOC(=O)C(=N=[N])[N+](CC)(CC)CC.FC(F)(F)S(=O)(=O)[O-],0
JARTII,OC(=O)C=CC(=O)[O-].CC1=NOC(C1)C1(O)CC2[NH2+]C1CC2,1
GODTUO,c1cc(ccn1)c1ccncc1.Oc1ccccc1c1ccccc1O,0
LAVMED,FC(F)(F)C(=O)[O-].OC(=O)C=Cc1[nH+]cccc1,0
ENICIO,CN1C(=C(O)c2ccccc2S1(=O)=O)C(=O)NC1=NC=C(C)S1.OC(=O)C=CC(O)=O,0
RIQXOH,FC(F)(F)c1cccc(Nc2ncccc2C(=O)[O-])c1.[NH3+]CCc1ccc(O)cc1,0
DIPDUF,CN(C)C(OS(=O)(=O)C(F)(F)F)=[N+](C)C.FC(F)(F)S(=O)(=O)[O-],0
JOXBAB,NC1=[NH+]C(=O)NC=C1.O=C([O-])c1cnccn1,0
VECTUV,Nc1[nH+]nc(c(N)n1)c1cccc(Cl)c1Cl.C1CCOC1.OC(=O)CC(=O)[O-],0
IZEDAS,NC1=[NH+]CCS1.O=C([O-])COc1ccc2ccccc2c1,0
BANPUC,[NH3+]C(CCSC)C(O)=O.ClC(Cl)(Cl)C(=O)[O-],0
CAJQAG,O=C(NCc1cccnc1)C(=O)NCc1cccnc1.OC(=O)CNC(=O)C(=O)NCC(O)=O,0
WEQHOT,N#Cc1cccnc1.OC(=O)CCCCC(O)=O,0
MAYXAP,Cc1ccc(cc1)S(=O)(=O)[O-].O=C(C[NH+]1CCOCC1)c1ccccc1,1
LIGNOH,NC1=Nc2ccccc2S1.OC(=O)c1ccccc1,0
FEBSIR,NC(=O)c1cccnc1.Nc1ccccc1C(O)=O,1
IFABUN,c1cc(ccn1)c1ccncc1.OC(=O)CCCCCCCCC(O)=O,0
VIGGOI,[O]n1ccn([O])c2ccccc12.NC(=O)N1c2ccccc2C=Cc2ccccc12,0
IXEJIE,CC1(C)COP(=O)([O-])OC1c1ccccc1.[NH3+]C(CCC)c1cccc(c1)N(=O)=O,0
QEGKAO,NC(=O)c1ccccc1.NC(=O)Nc1c(F)c(F)c(F)c(F)c1F,0
EMUZOE01,[2H]N(C(N([2H])[2H])=[N+]([2H])[2H])C(N([2H])[2H])=S.[2H]N([2H])c1ccc(cc1)C(=O)[O-],0
QUTCAM,O=N(=O)[C-](N(=O)=O)N(=O)=O.NN1C(=[NH+]N=C1C1=NON=C1N)N,0
HURMEN,O=C([O-])CC1=CC=CS1.[NH3+]C(C(O)c1ccccc1)c1ccccc1,1
YOJFEK,NC(=O)C1CCCN1C(=O)[O-].NC(=O)C1[NH2+]CCC1,0
SAQJID,Clc1cc(cc(Cl)c1[O-])N(=O)=O.OC(=O)C[n+]1ccccc1,0
LISFAY,CCCc1[nH+]ccc(c1)C(N)=S.OC(=O)C=CC(=O)[O-],0
LEKROI,OC(C(O)C(=O)[O-])C(O)=O.C[N+](C)(C)CCO,1
GEJMOY,OC(C(O)C(=O)[O-])C(O)=O.C[NH2+]C(C)C(O)c1ccccc1,0
FAJWIY,[NH3+]CCC[Si]123OCCN1(CCO2)CCO3.O=C([O-])NCCC[Si]123OCCN1(CCO2)CCO3,0
EMEVID,FC(F)(F)S(=O)(=O)[O-].O=C1C(=O)c2ccccc2C2=C1S[S+]=N2,0
SEQGAX,C[NH+](C)C(CO)C(O)c1ccccc1.CC(C)=CC1C(C(=O)[O-])C1(C)C,0
VUMTAB,NC1=N[N+]2(CCOCC2)CC1.COc1ccc(cc1)S(=O)(=O)[O-],0
SOLBEC,OC(=O)C=Cc1ccc(O)cc1.NC(=O)c1cccnc1,0
EBAWAG,OC1=C(Cl)C(=O)C(=C(Cl)C1=O)O.c1cnc(nc1)c1ncccn1,0
GANYEA01,CN1C=NC2=C1C(=O)N(C)C(=O)N2C.OC(=O)C=CC(O)=O,0
SAHCAG,OCC1CC2CC[NH+]1CC2C=C.Cc1ccc(cc1)S(=O)(=O)[O-],0
YUHGEN,[NH3+]CCCCC([NH3+])C(=O)[O-].O=C[O-],0
REWKUC,O[NH+]=CC1=CNc2ccccc12.O=N(=O)c1cc(c([O-])c(c1)N(=O)=O)N(=O)=O,0
VEYRAT,[NH2+]1CCOCC1.Clc1ccc(cc1)C1=C(C#N)C(=S)NC(=C1C#N)[S-],0
WUTFEZ,C1N2CN3CN1CN(C2)C3.COc1cc(CC=C)ccc1O,0
LIDPOG,Cc1ccc(cc1)C(N)=O.OC(=O)c1ccc(O)cc1,0
IFOFUF,FC(F)(F)S(=O)(=O)[O-].C[N+]1=C2C=CC=CC2=NS1,0
SEZDIL,OC=O.NC(=O)N1c2ccccc2CCc2ccccc12,0
LIGPAV,OC(=O)C=CC(O)=O.NC1=Nc2ccccc2S1,0
TAZLUE,c1cnc2ncccc2c1.CSc1ccc(cc1)B(O)O,0
LESBOC,CC(=O)Nc1ccc2c(C)cc(nc2n1)C(Br)Br.O=C1CCC(=O)N1,0
IRUDOP,BrC1=C(Br)C(=O)NC1=O.Nc1nc(N)c(Cl)cc1Cl,0
AGAQOQ,OC(=O)c1cc[nH+]cc1.OC(=O)c1cc(C(O)=O)c(cc1C(O)=O)C(=O)[O-],0
QEPRAH,[NH3+]CCNc1ccc(cc1OC)N(=O)=O.CC(=O)[O-],1
ADIZIA,O=S(=O)([O-])c1ccccc1.[NH3+]c1ccc(cc1)N(=O)=O,0
ASOMAW,[NH3+]Cc1ccccc1OC.CC=CC=CC(=O)[O-],0
PADNUH,OC(=O)c1c(F)c(F)c(F)c(F)c1F.C(Cc1ccncc1)Cc1ccncc1,0
PITPIV,Cc1ccc(cc1)S(=O)(=O)[O-].[NH3+]CCCC(=O)OCC,0
PUNXEC,[NH3+]C(C)c1ccc(F)cc1.CCOP([O-])(=S)c1ccc(Cl)cc1,1
FICTAO,O=Cc1ccncc1.OC(=O)C=CC(O)=O,0
BARBAM,CCC1(CC)C(=O)NC(=O)NC1=O.CC(N)=O,0
GEQXEH,OC(=O)c1c(O)cccc1O.CCOc1ccccc1C(N)=O,0
UNUNOJ,OC(=O)CCC#C.c1cnccn1,0
LOSCOL,CS(=O)(=O)[N-]S(C)(=O)=O.NC1=CC(=[NH+]C(=S)N1)N,0
UWANAJ,OC(=O)c1cc(ccc1O)S(=O)(=O)[O-].NC1=NC(=O)NC=C1.NC1=[NH+]C(=O)NC=C1,0
VABSAU,O=C([O-])c1ccccc1.CC(C)[NH2+]CC(O)c1ccccc1Cl,0
ZATGOU,Oc1cccc(O)c1.CN1C=CC(=O)C(=C1C)O,0
EBALEB,C(Cc1ccncc1)c1ccncc1.Nc1cc(cc(c1)C(O)=O)C(O)=O,0
JICWIB10,Nc1nc(N)nc(N)n1.BrC1(Br)C(=O)NC(=O)NC1=O,0
CEMPOD,OB(O)c1ccc(cc1)B(O)O.C(Cc1ccncc1)c1ccncc1,0
SAVSUD,OP(=O)([O-])C[NH2+]CC(=O)[O-].C[S+](C)C,0
EROHOJ,O=C([O-])C=Cc1ccccc1.CN1CC(=O)[NH+]=C1N,0
KOTMAJ,[NH3+]C(C(O)c1ccccc1)c1ccccc1.OC(C(=O)[O-])c1ccccc1,0
LUJSOZ,CC(=O)Nc1ccc(O)cc1.c1ccc2nc3ccccc3nc2c1,0
COHWIF01,C1CN2CCN1CC2.Oc1ccc(O)cc1,0
TUVZIU,OC1C(O)C(OC1COP(O)(=O)[O-])N1C=NC2=C1N=CNC2=O.[NH3+]C(CC1=C[NH+]=CN1)C(=O)[O-],1
NEBWAW,O=N(=O)c1ccc(cc1)N1CC[NH2+]CC1.Oc1ccc(cc1)C(=O)[O-],0
OSEGIF,OC(C(O)C(=O)[O-])C(O)=O.NC(=O)c1ccc[n+](c1)C1OC(CO)C(O)C1O,0
WUVLEF,O=C([O-])c1cccnc1.Nc1[nH+]nc(c(N)n1)c1cccc(Cl)c1Cl,0
MAKXED,[NH3+]C(C)(C)CO.CC(C)(CO)NC(=O)[O-],0
VEKBEV,NC(=O)c1ccncc1.NS(=O)(=O)c1cc2c(NC=NS2(=O)=O)cc1Cl,0
IPUYEZ,NC(=O)c1cccnc1.COc1cc(cc(OC)c1O)C(O)=O,0
NEFFIQ,NC(=O)c1cccnc1.OC(=O)c1cccc(O)c1O,0
SIMXUK,NC(N)=O.OC(=O)CC(O)(CC(O)=O)C(O)=O,0
ROPHIP,c1cc(ccn1)C=Cc1ccncc1.Oc1cc(O)cc(O)c1,0
FAVRID,FC(F)(F)C(=O)[O-].BrC1=CC2(CCNC3=C2C2=[NH+]CCC4=CNC(=C24)C3=O)C=C(Br)C1=O,0
SIHMEE,Cc1nc(C)c(Cl)c(N)n1.OC(=O)c1ccccc1,0
QIGQIK,O=C(N1CCCC1)c1ccc(cc1)C(=O)N1CCCC1.Oc1ccc(O)cc1,0
BEDTAF,FC(F)(F)S(=O)(=O)[O-].ClC[N+]12CCC(CC1)CC2,0
PURHIV,CN(C)C(C)=O.Cc1nc(N)nc(N)n1,1
ITOXUL,OC(=O)C=Cc1ccccc1.c1cc2cccc(c3ccncc3)c2c(c1)c1ccncc1,0
BEKTAP,FC(F)(F)C(=O)[O-].[NH3+]CC1=C(F)C(=NO1)OC(C)C,0
NUJWEV,CC1=Nc2ccccc2N1Cc1ccc(Br)cc1.ON=C(C#N)c1ccc(Br)cc1,0
XOGFIK,Cc1nc(C)c(C)nc1C.OC(=O)c1ccccc1C(O)=O,0
AYUQAN,CC(=O)Nc1ccccc1C(=O)[O-].CCc1[nH+]c(N)nc(N)c1c1ccc(Cl)cc1,0
ONAQAW,C(Cc1ccncc1)c1ccncc1.Cc1ccc(cc1)C(O)=O,0
OCEBUV,NC(=O)c1ccncc1.OC(=O)c1ccc2ccccc2c1,0
KECKUB,O=C(NN=Cc1ccncc1)c1cccnc1.OC(=O)CCCC(O)=O,0
WUQDUJ,COc1ccc2c(C)cc(C)nc2c1.Cc1ccc(cc1)S(O)(=O)=O,0
IBOSEZ,FC(F)(F)S(=O)(=O)[O-].C[Si](C)(C)OP(C)(C)=[N+]=P(C)(C)C,0
OTURIH,CCCOc1ccc2ncnc3c4ccccc4Sc1c23.Oc1ccccc1,0
VECTOP,Nc1[nH+]nc(c(N)n1)c1cccc(Cl)c1Cl.OC(=O)C(=O)[O-],0
LEDZOJ,CC(C)=CC1C(C(=O)[O-])C1(C)C.C[NH+](C)C(CO)C(O)c1ccc(cc1)N(=O)=O,1
WEGTUA,c1cnc2c(c1)ccc1cccnc21.CC(=NO)C(C)=NO,0
FADHUP,OC(=O)c1cccc(O)c1.CC(C)=NNC(=O)c1ccncc1,0
TITHAG,OC(=O)C(O)=O.O=C1N2CCCCC2=Nc2ccccc12,0
NUGJUX,CCC([NH2+]CC[NH2+]C(CC)CO)CO.O=C([O-])C=CC(=O)[O-],1
MUROXA01,CNC(N)=O.OC(=O)C(O)=O,0
AQONIG,c1cc(ccn1)C=Cc1ccncc1.Oc1ccc(Cc2ccc(O)cc2)cc1,0
UXOBEP,Nc1ncncn1.CCCCCCCCC(O)=O,0
LOXCUY,NC(=O)c1ccncc1.OB(O)c1ccc(cc1)B(O)O,0
DUNCOG,O=C1CCC(=O)N1.OC(=O)c1cc(O)c(O)c(O)c1,0
DEBJAW,c1cc(ccn1)c1ccncc1.Oc1ccc(cc1)C(c1ccccc1O)c1ccccc1O,0
NAYCUN,O=C([O-])c1ccc(cc1)N(=O)=O.Oc1ccc2[nH+]cccc2c1,0
GAMCED,OCC([NH2+]C1CC(CO)C(O)C(O)C1O)CO.O=N(=O)c1cc(c([O-])c(c1)N(=O)=O)N(=O)=O,1
EVACAG,O=P(c1ccccc1)(c1ccccc1)c1ccccc1.COC(=O)NNC(=O)OC,0
TMABCA01,CN(C)c1ccc(cc1)N(C)C.ClC1=C(Cl)C(=O)C(=C(Cl)C1=O)Cl,0
MOFYAI,Oc1ccc2ccccc2c1c1c(O)ccc2ccccc12.c1ccc2nc3ccccc3cc2c1,0
VESZEB,C1N2CN3CN1CN(C2)C3.COc1cc(ccc1O)C(O)=O,0
HIQMUT,Fc1c(F)c(F)c(c(F)c1F)C(=O)[O-].COc1ccccc1N1CC[NH2+]CC1,0
XEHZEP,C[NH+]1C2CCC1C(O)C2.OC(=O)C(O)=O.OC(=O)C(=O)[O-],0
ROJRAM,N#Cc1cc(C#N)c(cc1C#N)C#N.O=C(N1c2ccccc2c2ccccc12)c1ccccc1,0
ZATHIP01,CN1C=CC(=O)C(=C1C)O.Oc1cccc(O)c1O,1
JARTEE,CC1=NOC(C1)C1(O)CC2[NH2+]C1CC2.O=C([O-])C=CC(=O)[O-],0
TAZQIX,OC(C(O)C(=O)[O-])C(O)=O.CN1CC(=O)NC1=[NH2+],0
DEJWAT,CC(=O)[O-].[NH3+]CCO,0
UFORAK,CN(C)C=O.OC1=C(C(=O)CC1)C1(C(=O)Nc2ccc(F)cc12)C1=C(O)CCC1=O,0
NEFGEN,OC(=O)c1c(O)cccc1O.NC(=O)c1cnccn1,0
ETOYAP,BrBr.COc1ccncc1,0
UMUZAG,CC(C)=NNC(=O)c1cc[nH+]cc1.FC(F)(F)c1ccc(NC(=O)NCS(=O)(=O)[O-])cc1,1
MORVEV01,Oc1cc(O)cc(O)c1.c1ccc2nc3ccccc3nc2c1,0
PECWEB,Nc1cc(Cl)nc(N)n1.OC(=O)c1ccccc1,0
KIHXEF,Oc1cccc(c1)C#N.C(Cc1ccncc1)c1ccncc1,0
UBEJOC,O=C(c1[nH+]cccc1)c1ccccc1.O=N(=O)c1cc(c([O-])c(c1)N(=O)=O)N(=O)=O,0
REHNAT01,N#Cc1cc(C#N)c(cc1C#N)C#N.Oc1ccc(O)cc1,0
NUGQOW,c1ccc(C=Cc2ccccn2)nc1.OC(=O)C=CC(O)=O,0
PEVCUR,[NH3+]C(CCCNC(N)=[NH2+])C(O)=O.CS(=O)(=O)[O-],1
ROPTIB,OC(C(O)C(=O)[O-])C(O)=O.[NH3+]c1ccc(Cl)cc1,1
TAZRAO,NC(=O)N1c2ccccc2C=Cc2ccccc12.CC(=O)Oc1ccccc1C(O)=O,0
OQIWOD,c1cc(ccn1)C=Cc1ccncc1.Oc1ccc(cc1)C1=COc2cc(O)cc(O)c2C1=O,0
JAJYUS,OC(=O)C=Cc1ccc(O)cc1.NC(=O)c1cnccn1,0
HOWZIF,OC(=O)c1ccc(cc1)C(O)=O.C(Cc1ccncc1)c1ccncc1,0
GAXSAB,OC(=O)c1cc(O)ccc1O.O=C1CC2(CCCCC2)CN1,0
TIFTAD,OC(=O)CCSCCC(O)=O.c1cnc2c(c1)ccc1ncccc21,0
LACSUG,Nc1ccc(C(O)=O)c(O)c1.c1cnccn1,0
YIFYUJ,COc1cccc(c1)C1(O)c2ccccc2Oc2ccccc12.C1COCCN1,0
LIHBEK,O=C([O-])c1ccc(cc1)N(=O)=O.[NH3+]C(CC)CO,0
YAJGAU,O=S1(=O)[N-]C(=S)c2ccccc12.[NH3+]c1ccccc1C(N)=O,0
TEZTIC,[NH3+]CCCCC([NH3+])C(=O)[O-].ClC(Cl)(Cl)C(=O)[O-],1
DEDMAD,NC(=O)CN1CCCC1=O.Nc1cccc(N)n1,0
LECDUV,Cc1nccnc1C.OC(=O)c1ccc(O)c(c1)C(O)=O,0
LOFJEX,[NH3+]C(C(O)c1ccccc1)c1ccccc1.ClC1=C(Sc2ccccc12)C(=O)[O-],1
RANDAP,CS(=O)(=O)O[n+]1ccccc1.CS(=O)(=O)[O-],0
TARPIO02,NS(=O)(=O)c1cc(C(O)=O)c(NCC2=CC=CO2)cc1Cl.CS(C)=O,0
YISDIN,CC1=CC(C=C(C)C1=O)=C(C#N)C#N.S1C=CSC1=C1SC=CS1,0
KUPBAB,FC(F)(F)C(=O)[O-].CCc1[nH+]ccc2c3ccccc3N(OC)c12,0
PEVCAX,NS(=O)(=O)[O-].[NH3+]C(CCC[NH+]=C(N)N)C(=O)[O-],1
PAVYUI,FC(F)(F)S(=O)(=O)[O-].C[n+]1c2ccccc2c(C(=O)Oc2ccccc2Br)c2ccccc12,0
VABGUB01,F[n+]1ccccc1.FC(F)(F)S(=O)(=O)[O-],0
GAZSEJ,O=C([O-])C(c1ccccc1)c1ccccc1.OC(=O)C(c1ccccc1)c1ccccc1.CC1=C[NH+]=C(N)S1,1
ZATLOZ,OC(=O)C(=O)[O-].[NH3+]C(C(C)CC)C(O)=O,0
IVUKIU,C[NH+](C)C(C)C(O)c1ccccc1.Clc1ccccc1C(=O)[O-],1
NEWRUD,OC(=O)CCCCCCCCC(O)=O.CC(=O)Nc1ccncc1,0
ATALEP,Cc1nc(C)c(C)nc1C.OC(=O)c1cc(O)cc(O)c1,0
KIHXAB,Oc1cccc(c1)C#N.c1ccc(cc1)c1ccncc1,0
EXEZIR,Cc1cc(Cl)nc(N)n1.Cc1ccccc1C(O)=O,0
FALXAS,OC(C(O)C(=O)[O-])C(O)=O.O=C(N1CC[NH2+]C2CCCCC12)C1=CC=CO1,1
DIYYOB,CC(C)(C)c1cc(O)ccc1O.CCN1C=C(C(O)=O)C(=O)c2ccc(C)nc12,0
YARQAJ,FC(F)(F)C(=O)[O-].C[N+]1(C)c2cccc3cccc(c23)C1(C)O,0
EWUTEX,O=C1C(=C(C#N)C(=O)C(=C1C#N)C#N)C#N.c1ccc2ccccc2c1,0
UPELUX,FC(F)(F)S(=O)(=O)[O-].CC(C)N1C(=C(C)[N+](=C1P(C#N)C#N)C(C)C)C,0
BENSUK,FC(F)(F)S(=O)(=O)[O-].CN1C=C[N+](=C1C(=O)c1ccccc1)C,0
MEDCEF,Fc1cccc(c1)C(=O)[O-].[NH3+]CCc1ccc(O)cc1,0
KAHCUV01,Oc1ccccc1C(=O)[O-].CC(O)C[NH+](CC(C)O)CC(C)O,0
XUVLUV,CC(C)N1N=C(C(=NC1=[NH2+])N)c1cccc(Cl)c1Cl.CS(=O)(=O)[O-],0
YENVIA,O=C([O-])c1ccc2ccccc2n1.[NH3+]CCCO,0
HOXBOO,c1cc(ccn1)C=Cc1ccncc1.OC(=O)c1ccc(cc1)C(O)=O,0
AGOTAT,[NH3+]c1ccc(OC)cc1.OC(=O)c1cc(Cl)c(Cl)cc1C(=O)[O-],0
EGENIP,NS(=O)(=O)c1cc2c(NCNS2(=O)=O)cc1Cl.NC(=O)c1cnccn1,0
KEKGUD,Nc1ncccn1.OC(=O)CN1C(=O)c2cc3C(=O)N(CC(O)=O)C(=O)c3cc2C1=O,0
ABULEQ,OC(=O)c1cc2ccccc2cc1O.NC(=O)c1cccnc1,0
UPIYUP,[NH3+]C(C(=O)OC)C(C)(O)C(F)F.CC1(C)C2CCC1(CS(=O)(=O)[O-])C(=O)C2,0
ZOHWEA,Oc1ccc(Cl)c(Cl)c1Cl.Nc1cc(Cl)cc(Cl)c1,0
BICQUB01,NNC(=O)c1ccncc1.OC(=O)c1ccc(O)cc1,0
ZOHTEX,Nc1ccc(Cl)cc1.Oc1cc(Cl)c(Cl)c(Cl)c1,0
MEWTAL,OC(CN1C=NC=N1)(CN1C=NC=N1)c1ccc(F)cc1F.OC(=O)CC(O)=O,0
UFEZUD,[NH3+]Cc1cc(OC)cc(OC)c1.CN(C)c1ccc(cc1)C=C(C#N)C(=O)[O-],1
XONBEJ,OC(=O)C1=CC=C(Cl)S1.c1ccc2nc3ccccc3cc2c1,0
QUWZIS,c1ccc2nccnc2c1.Oc1c(F)c(F)c(O)c(F)c1F,0
ZEYNID,Cc1nccnc1C.OC(=O)c1cccc(O)c1O,0
UKITEQ,Cc1cccc2SC(=Nc12)N.COc1cc(C=CC(O)=O)cc(OC)c1OC,0
AYILEB,c1ccc2cnccc2c1.OC(=O)c1ccccc1SSc1ccccc1C(O)=O,0
VEMJII,[NH3+]CC(O)COc1ccccc1.OC(C(=O)[O-])c1ccccc1,0
HIBBID,[NH3+]CC(=O)NCC(O)=O.O=N(=O)c1ccc(c(c1)N(=O)=O)S(=O)(=O)[O-],0
OZOTEE,ON=Cc1cc[nH+]c2ccccc12.Oc1cccc(C(=O)[O-])c1O,0
XUVBEX,OC(=O)C1CC[NH2+]CC1.OC1=C([O-])C(=O)C1=O,0
HEZSOU,NC(N)=O.N#CCCCC#N,0
JECZAS,OC(=O)C=Cc1ccccc1.NC(=O)C=Cc1ccccc1,0
WIHJAA,OC(=O)c1cc(cc(c1[O-])N(=O)=O)N(=O)=O.Cc1[nH+]c(NS(=O)(=O)c2ccc(N)cc2)nc(C)c1,0
NUNPUJ,OC1CC[NH2+]CC1.OC1CCN(CC1)C(=O)[O-],0
XEDSUY,Oc1cc(O)c(Cl)cc1Cl.S1C(=Nc2ccccc12)C=CC=Cc1ccccc1,0
KAYHUP,O=C(Nc1ccccn1)c1cccnc1.OC(=O)CCCCCC(O)=O,0
KUWNAT,NC(=O)NN=C1C(=O)c2ccccc2c2ccccc12.c1ccccc1,0
SIJXEQ,[NH2+]=C1NC(=O)NC=C1F.O=C1[N-]S(=O)(=O)c2ccccc12,0
YAJGEY,O=S1(=O)NC(=S)c2ccccc12.NC(=O)N1c2ccccc2C=Cc2ccccc12,0
DEBXAL,FC(F)(F)S(=O)(=O)[O-].CN1C=C[N+](=C1C(=O)C=Cc1ccccc1)C,1
VACJAM,[NH2+]1CCOCC1.Oc1c(cc(c([O-])c1N(=O)=O)N(=O)=O)N(=O)=O,0
KUVYUX,NC(=O)NN=C1C(=O)c2ccccc2c2ccccc12.C1COCCO1,0
DEBHUO,Oc1ccc(cc1)C(c1ccccc1O)c1ccccc1O.c1cnccn1,0
TATWUI,CC(=O)[O-].COC(N)=NC(N)=[NH2+],0
XIYSEG,OC(=O)c1cccc(n1)C(O)=O.OC(CN1C=NC=N1)(CN1C=NC=N1)c1ccc(F)cc1F,0
ITIRIP,O=N(=O)C1=NN=C([N-]1)N1N=C(N=[N+]=[N-])N=[N+]1C1=NN=C([N-]1)N(=O)=O.C[N+]1=NOC(=C1)N,0
TUJKIV01,[NH3+]c1cc(ccc1OC)N(=O)=O.FC(F)(F)S(=O)(=O)[O-].C1COCCOCCOCCOCCOCCO1,0
HIQQEF,CC(C)COc1ccc(cc1C#N)C1=NC(=C(S1)C(O)=O)C.CC(N)=O,0
WIZBIR,C[NH+](C)CC(SC(C)C)=CSC(C)C.OC(=O)C(=O)[O-],0
ABIGIB,Nc1ncc(cn1)c1c2ccccc2cc2ccccc12.CCOC(C)=O,0
NICVEB,FC(F)(F)S(=O)(=O)[O-].C[n+]1ccc(C[Si](C)(C)C(C)(C)C)cc1,0
PIVZAZ,OC1=[NH+]CCCCC1.FC(F)(F)S(=O)(=O)[O-],0
UVIMAO,OC(=O)C(F)(F)C(F)(F)C(=O)[O-].CN1C(=O)N(C)C2=C([N+](=CN2)C)C1=O,0
FOSFUQ,COc1cc(ccc1O)C(O)=O.NNC(=O)c1ccncc1,0
ZUPLEB,c1ccc2nc3ccccc3nc2c1.OC(=O)CC(O)=O,0
BULJID,OC(=O)c1ccccc1O.c1cc(ccn1)N=Nc1ccncc1,0
EWINAZ,[NH3+]C(CCCNC(N)=[NH2+])C(=O)[O-].Oc1ccc(O)c(c1)C(=O)[O-],1
LIGNIA,OC(=O)c1cc(ccc1O)S(=O)(=O)[O-].ClCCC[NH+]1CCCCC1,0
XUVPOU,O=C([O-])c1ccc(cc1)N(=O)=O.CC1=C[NH+]=C(N)S1,1
UGOSAM,CC1=CSC(=N1)N.OC(=O)CCCCCCC(O)=O,0
GENTOJ,OB(O)c1ccccc1.NN1C(=O)NC2(CCCCC2)C1=O,0
DEWYOU,CCN1C=[NH+]C2=C1N=C(N)NC2=O.O=C[O-],0
SOMHOU,[NH3+]CC(=O)[O-].[NH3+]CC(O)=O.[O]n1c(cccc1C(=O)[O-])C(O)=O,1
UROLAQ,CC(C)(C)OC(=O)N1CC2CC2C1C(=O)[O-].[NH3+]C(CO)c1ccccc1,0
VATVAP,O=C1C=C([O-])C(=O)c2ccccc12.[NH3+]C(CO)(CO)CO,0
YOLQOF,C1N2CN3CN1CN(C2)C3.COc1cc(C=O)ccc1O,1
QUCKAB,N#Cc1cccnc1.OC1=C(Cl)C(=O)C(=C(Cl)C1=O)O,0
BILXEA,O=C(Nc1ccccc1)C1=CC=C(S1)C(=O)Nc1ccccc1.CS(C)=O,0
DATDUZ,CC(=O)NC1=NN=C(S1)S(N)(=O)=O.OC(=O)c1cccc(O)c1O,0
VEZWOM,CCOP([O-])(=S)OCC.C[NH2+]C(C)C(O)c1ccccc1,1
EZEGOH,CCc1[nH+]ccc(c1)C(N)=S.Clc1cc(ccc1C(=O)[O-])N(=O)=O.OC(=O)c1ccc(cc1Cl)N(=O)=O.CCc1cc(ccn1)C(N)=S,0
RIMWIW,Cc1nc(C)c(C)nc1C.OC(=O)c1cc(Cl)ccc1O,0
GIPQEB,c1cc(ccn1)c1ccncc1.OC(=O)C=CC(O)=O,0
LIDNPP,O=N(=O)c1ccc(OP(=O)([O-])Oc2ccc(cc2)N(=O)=O)cc1.CC[NH+](CC)CC(=O)Nc1c(C)cccc1C,0
KAPSON,CN(C)C(C)=O.NC1=NC(=NO1)N=NC1=NOC(=N1)N,0
EWUTOH,COc1ccc(OC)cc1.O=C1C(=C(C#N)C(=O)C(=C1C#N)C#N)C#N,0
VUTNAB,Nc1ccc(cc1)C(O)=O.NC(=O)c1cnccn1,0
PODLAV,COc1cc(C=O)ccc1O.Nc1ncncc1c1ccccc1,0
FOQHEY,Oc1ccc(O)cc1.c1ccc2nc3ccccc3nc2c1,0
RAPHEV01,OC(=O)c1cc(cc(c1)C(O)=O)C(O)=O.c1ccncc1,0
FOSMIL,OC(=O)C=Cc1ccc(O)c(O)c1.NNC(=O)c1ccncc1,0
JOKYAM,Cc1ccncc1.Nc1ccc(cc1)S(=O)(=O)Nc1ccc(Cl)nn1,0
ODIDIR,CCOc1ccccc1C(N)=O.COc1cc(C=CC(O)=O)ccc1O,0
YIPLAN,[NH3+]CC(CC(O)=O)c1ccc(Cl)cc1.OC(CC(=O)[O-])C(O)=O,1
DUHYOV,[NH3+]C1=C(C)N(C)N(c2ccccc2)C1=O.Oc1ccccc1C(=O)[O-],0
GAHJOO,OCC[NH+](CCO)CCO.O=C([O-])c1cc(cc(c1)N(=O)=O)N(=O)=O,0
COPHAR,C[P+](c1ccccc1)(c1ccccc1)c1ccccc1.CC1(C)OC(=O)C(=C([O-])O1)C#N,0
RORNUJ,OB(O)c1ccc(Br)cc1.c1ccc2nc3ccccc3nc2c1,0
EWAQAV,NC(=O)c1cccnc1.Cc1cc(O)cc(O)c1,0
KENCOY,OB(O)c1ccc(O)cc1.O=C1CCCCCN1,0
VULYOR,Cc1ccc(cc1)S(=O)(=O)[O-].CC1CC[N+]2=C(C1)Oc1ccccc21,1
ZIXZAK,C[NH+](CC(C)(C)O)C(C)(C)CO.O=C[O-],1
TICYIP,c1ccc(cc1)c1ccncc1.Nc1ccccc1C(O)=O,0
BUNFUN,Cc1nc(C)c(C)nc1C.Oc1c(F)c(F)c(Br)c(F)c1F,0
EFUNOJ,OC(=O)CCC(=O)[O-].NC1=CC=[NH+]C(=O)N1,0
EDAPOQ,NC(=O)c1cccnc1.OC(=O)C=CC(O)=O,0
GUDTUW,OC(=O)CCCC(O)=O.c1cnccn1,0
VELVOA,BrN1C(=O)c2ccccc2C1=O.Cc1ccccn1,0
EDOROE,NCc1ccccc1.Oc1ccc2cc(O)ccc2c1,0
NUKXUN02,NC(=O)c1cccnc1.OC(=O)CC(O)=O,0
VIBBUG,Oc1ccc(cc1)C(=O)[O-].[NH3+]C(Cc1ccccc1)C(=O)NNc1ccccc1.CCOC(C)=O,1
NUMHAG,NS(=O)(=O)c1ccccc1.O=C1CCCCCCN1,0
PUKPUI,FC(F)(F)S(=O)(=O)[O-].C1OC2C(OCC2[n+]2ccccc2)C1[n+]1ccccc1,0
VIDHOG,ONS(=O)(=O)c1ccccc1.CN(C)CCN(C)C,0
SUYZAP,OC(=O)C(O)=O.CN(C)c1ccc(C=O)cc1,0
EZIBIA,N#Cc1ccncc1.CC1(C)N(Br)C(=O)N(Br)C1=O,0
QIPNAE,OC(=O)CCC(O)=O.O=C1CCCC(=C1)NCc1ccncc1,0
FIKJIW,CN(C)c1cc[n+](cc1)c1nc(F)nc(F)n1.FC(F)(F)S(=O)(=O)[O-],0
KALQUM,NC(=O)c1ccncc1.NC(=O)c1cc[nH+]cc1.OC(CC(O)=O)C(=O)[O-],0
ZIBDEX,[NH3+]C1CN(CC1F)C(=O)OC(C)(C)C.OC(=O)CC(C(=O)[O-])c1ccccc1,1
HEZDAU,FC(F)(F)S(=O)(=O)[O-].C[Si](C)(C)[n+]1ccccc1,0
GIDVIY,CCC([NH2+]Cc1ccccc1)CO.CC1(C)C(C=C(Cl)Cl)C1C(=O)[O-],1
ABEHOF,[NH3+]C(C(C)C)C(O)=O.O=N(=O)c1cc(c([O-])c(c1)N(=O)=O)N(=O)=O,1
TEMVAL,FC(F)(F)S(=O)(=O)[O-].[NH3+]CCC(O)=O,0
SOVNIA,OC(=O)CCCCC(O)=O.Nc1cc(N)nc(N)n1,0
HUCYUB,CN(C)C(=[NH2+])ON=C(N)c1ccccc1.Cc1ccc(cc1)S(=O)(=O)[O-],0
FIYXEQ,C1COCCOc2ccccc2OCCOCCO1.CC(N)=S,1
PIRXUL,NS(=O)(=O)c1cc2c(NCNS2(=O)=O)cc1Cl.NC(=O)c1cccnc1,0
EYENAZ,Nc1[nH+]c(nc(N)n1)c1cc(Cl)ccc1Cl.OC(=O)C=CC(=O)[O-],0
HEMHAM,FC(F)(F)S(=O)(=O)[O-].CC1(O)[n+]2ccccc2c2ccccc12,0
IDAQAG,CCCCCCCCCCCC(O)=O.c1cnccn1,0
LUWHOA,OC(=O)c1cc(ccc1O)S(=O)(=O)[O-].COc1cc(Cc2c[nH+]c(N)nc2N)cc(OC)c1OC,0
RAVXOE,Brc1cncc(Br)c1.OC(=O)c1cc(Br)cc(Br)c1O,0
BOVVIT,c1cc(ccn1)C=Cc1ccncc1.OC(=O)c1ccc(F)cc1,0
AKUZUD,Oc1ccc2ccccc2c1c1c(O)ccc2ccccc12.c1ccc2ncccc2c1,0
CAKZAR,OB(O)c1ccc(O)cc1.CC1=NN=C2CN=C(c3ccccc3)c3cc(Cl)ccc3N12,0
NEQHIC,[NH2+]=C1NC(=O)NC=C1.O=C1NC(=O)C=C(N1)C(=O)[O-],0
ZIYFOF,NC1=Nc2ccc(OC(F)(F)F)cc2S1.COc1cc(cc(OC)c1OC)C(O)=O,1
DAKBAS,[NH2+]1CCOCC1.CC(=O)C1=C(C)NC(=C(C#N)C1c1ccccc1N(=O)=O)[S-],0
NUGZEV01,OC(=O)c1cccc(c1)C(O)=O.NN1C(=NN=C1c1ccncc1)c1ccncc1,0
RIGTIM,Oc1ccc2c(Oc3cc(O)ccc3C32OC(=O)c2ccccc32)c1.c1ccc2c(c1)cnc1ccccc21,1
MESTEM,[NH3+]C(C(C)O)C(O)=O.Cc1ccc(cc1)S(=O)(=O)[O-],1
UFIJEB,O=N(=O)c1ccc(C[n+]2ccc3ccccc3c2)cc1.O=N(=O)c1cc(c([O-])c(c1)N(=O)=O)N(=O)=O,1
QIQLIL,[NH3+]c1ccc(cc1)C(=O)OCC.O=N(=O)c1cc(c([O-])c(c1)N(=O)=O)N(=O)=O,0
NUMKAJ,NS(=O)(=O)c1ccccc1Cl.O=C1CCCCN1,0
UDEPUS,CCC(=O)[O-].[NH3+]Cc1ccc(cc1)S(N)(=O)=O,0
GUZFEN,CCN1C=CC=CB1[n+]1ccc(cc1)C(F)(F)F.FC(F)(F)S(=O)(=O)[O-],0
DAMMAF,CN(C)[S+](N(C)C)N(C)C.FC(F)(F)[O-],0
XOQRAZ,Oc1c(cc(cc1N(=O)=O)N(=O)=O)C(=O)[O-].[NH2+]=C1NC(=O)NC=C1F,1
MOLGIE,[NH2+]1CCOCC1.CC1=NC(=NN1)SCC(=O)[O-],0
CEWZAJ,Cc1nc(C)c(C)nc1C.OCc1cc(O)cc(O)c1,0
WIHTUG,Oc1ccc(c2ccc[nH+]c12)N(=O)=O.Cc1ccc(cc1)S(=O)(=O)[O-],0
YIZCOA,O=S(=O)([O-])c1ccccc1.CCc1[nH+]c(N)nc(N)c1c1ccc(Cl)cc1,0
PAQNOM,OC1=C(O)C(=O)C1=O.NC(=O)c1cnccn1,0
MERWUF,Oc1ccc2ccccc2c1.COC(=O)c1ccncc1,0
NIYJIR,FC(F)(F)C(=O)[O-].O=S1(=O)CC(C1)C1C[NH2+]C1,0
YUCRAS,Fc1ccccc1NC(=S)NNC(=O)c1ccncc1.CC(C)O,0
TICRUU,c1cc(ccn1)c1ccncc1.Nc1ccc(cc1)S(=O)(=O)Nc1ncccn1,0
WARPIP,OC(=O)c1cc(cc(c1)C(O)=O)C(O)=O.c1cncc(c1)c1nnc(nn1)c1cccnc1,0
GIWWUI,Cc1ccc(cc1)S(=O)(=O)[O-].C[N+](C)=C(C)O,0
QISSUK,OC(=O)c1ccc(Nc2ccccc2)cc1.c1ccncc1,0
CEWYIM20,Oc1cccc2c3cccc(O)c3c12.CN1C(=CC(=O)C=C1C)C,0
NORTEW,Oc1cccc(O)c1.c1ccc2nc3ccccc3nc2c1,0
HUVGIQ,OC(=O)CCC(O)=O.C1=CN(C=N1)c1ccc(cc1)N1C=CN=C1,0
VANDIA,OC(=O)c1cc(ccc1O)S(=O)(=O)[O-].[NH3+]c1ccc(OC)cc1,1
NETXAL,OC(C(O)C(=O)[O-])C(O)=O.C[NH2+]C(C)Cc1ccc(F)cc1,0
WUWQIR,C1COCCO1.Nc1c(F)c(F)c(C(O)=O)c(F)c1F,0
VEJQAG,Nc1ncccn1.OC(=O)c1ccc(F)cc1,0
NEBVUN,Oc1cccnc1C(=O)[O-].COc1[nH+]c(N)nc(OC)c1,0
UFEVUZ,NC(=O)c1ccc(O)cc1.OC(=O)CC(O)=O,0
NEBXUP,OC(=O)CCl.COc1cc(OC)nc(N)n1,0
DPHPZL,CN(C)C1=C(C)N(C)N(c2ccc(Br)cc2)C1=O.O=C1NC(=O)C(N1)(c1ccccc1)c1ccccc1,0
UKISOZ,Cc1cccc2SC(=[NH2+])Nc12.Clc1ccc(C(=O)[O-])c(c1)N(=O)=O,0
FICXIZ,NC1=[NH+]C(=O)NC=C1.OC(=O)c1cc(cc(c1[O-])N(=O)=O)N(=O)=O,0
JALSOE,O=S([S-])C12CC3CC(CC(C3)C1)C2.NC(=[NH2+])SCc1ccccc1,0
RADFIM,NC1=[NH+]CCS1.Clc1cccc(Cl)c1OCC(=O)[O-].OC(=O)COc1c(Cl)cccc1Cl,1
GAXSUV,CN(C)C=NN=CN(C)C.CCOC(=O)c1ccccc1N,0
VULVUV,Cc1[nH+]cc(CO)c(CO)c1O.O=C1[N-]S(=O)(=O)c2ccccc12,0
UNEGAV,C1CN2CCN1CC2.OC(=O)CCCCCCC(O)=O,0
QOZYOV,Nc1[nH+]cc(Br)cc1.OC(C(O)C(=O)[O-])C(O)=O,0
MUYDIW,OC(C(O)C(=O)[O-])C(O)=O.[NH3+]c1ccc(O)cc1,1
ENODIV,NC1=[NH+]C(=O)NC=C1.OC(CN1C=[NH+]C=C1)(P(O)(=O)[O-])P(O)(=O)[O-],0
BIGCEA,Cc1ccc(cc1)S(=O)(=O)[O-].C[N+](C)(C)CC1OCC2OC(C)(C)OC12,0
KEXZIX,Nc1ccc(N)cc1.OCCCCCCCCO,0
TANZUH,[NH3+]F.FC(F)(F)S(=O)(=O)[O-],0
LOTGIK,OC(=O)c1ccc2ccccc2c1c1c(ccc2ccccc12)C(O)=O.CN(C)C=O,0
UKOSIX,OC(=O)CCC(O)=O.NNC(=O)c1cccnc1,0
RURROM01,OC1=C(F)C(=O)C(=C(F)C1=O)O.c1ccc2nc3ccccc3nc2c1,0
AHULIA,FC(F)(F)S(=O)(=O)[O-].CN1C(=C(C)[N+](=C1[Si](C)(C)C)C)C,0
RUDDEC01,[NH3+]CC(CC(C)C)CC(O)=O.Oc1ccccc1C(=O)[O-],0
PASXIT,OC(=O)c1ccccc1c1ccccc1C(=O)[O-].CN1CC(=O)NC1=[NH2+],0
MEDHOU,OC(C(=O)[O-])c1ccccc1.[NH3+]CCc1ccc(O)cc1,1
DEJWEX,CC(=O)[O-].C[N+](C)(C)CCO,1
KIQRIN,CNC([O-])=C(C#N)c1ccc(cc1N(=O)=O)N(=O)=O.C[NH+]1CCOCC1,0
TEWQAR,FC1=C(F)C(=O)C(=C(F)C1=O)F.O1c2cccc3Oc4cccc5Oc6cccc1c6N(c23)c45,0
DASFIM,[O-]C(C#N)=C(C#N)C#N.Cc1ccc[n+](CC(N)=O)c1,0
TEVLEP,OC(=O)C(O)=O.CCOc1ccccc1C(N)=O,0
JEJNES,O=C([O-])c1ccc(cc1)N(=O)=O.[NH3+]c1ccc(OC)cc1,0
MAYGAV,NC1=NC2=NC(=NC3=NC(=NC(=N1)N23)N)N.OP(O)(O)=O,1
MORPLN01,[NH2+]1CCOCC1.O=C([O-])N1CCOCC1,0
CAKZUL,OC(=O)CCC(O)=O.CC1=NN=C2CN=C(c3ccccc3)c3cc(Cl)ccc3N12,0
YEQGUA,OC(=O)c1ccc(cc1)C(O)=O.NC(=O)c1cnccn1,0
NOSROF,O=N(=O)c1cc(c([O-])c(c1)N(=O)=O)N(=O)=O.O=C(OC1C[NH2+]CCC1)c1ccccc1N(=O)=O,0
SOGFUS,OB(O)c1c[nH+]c2ccccc2c1.OP(=O)([O-])Oc1cccc2ccccc12,0
XAFSUV01,[NH2+]1CCOCC1.OC(=O)c1cc(cc(c1[O-])N(=O)=O)N(=O)=O,0
SIKKIK,Oc1cc2OC(=O)C=Cc2cc1O.NC(=O)c1cccnc1,0
YECVOV01,OC(=O)c1cc(O)c(O)c(O)c1.NC(=O)c1cc[nH+]cc1.CN1C(=O)N(C)C2=C(N(CC(=O)[O-])C=N2)C1=O,0
WIJCOL,c1ccc2nc3ccccc3cc2c1.Oc1ccc(C=O)cc1,0
ILIZUB,O=C1NC(=O)C=C(N1)C(=O)[O-].[NH3+]CCCCC(O)=O,0
DOGDAH,CC1=[NH+]C=C(N1CCOC(=O)c1ccccc1)N(=O)=O.Oc1cccc(O)c1C(=O)[O-],0
QENGUL,[NH3+]C1CCCc2nc(OCc3ccccc3)ccc12.OC(C(=O)[O-])c1ccccc1,1
LEWRIO,Nc1ncccn1.OC(=O)COc1ccc(Cl)c(Cl)c1,0
FOYTAP,[NH3+]C(Cc1ccc(O)cc1)C(N)=O.OC1=C([O-])C(=O)C1=O,1
AMIHAH,NC(=O)NC(N)=O.OC(=O)CCCC(O)=O,0
NEVLEI,[NH2+]1CCOCC1.OC(C(F)(F)F)C(F)(F)F.FC(F)(F)C([O-])C(F)(F)F,0
AZUZIF,[S-]C#N.Brc1ccc(cc1)[N+]1=Cc2ccccc2CC1,0
UPEFAY,Nc1nc(N)nc(n1)c1ccc(Br)cc1.Nc1[nH+]c(N)nc(n1)c1ccc(Br)cc1.OC(=O)CCCC(=O)[O-],1
TIRNOY,Nc1[nH+]cc(c(N)n1)c1cc(Cl)cc(Cl)c1Cl.CS(=O)(=O)[O-],0
UMUZOR,CNC(=S)NN=C(C)C(C)=NNC(=S)NC.CS(C)=O,0
PATYER,OC(=O)c1cc(ccc1O)S(=O)(=O)[O-].[NH3+]C1=CNC(=O)NC1=O,0
CAJVEP,c1cc(ccn1)c1ccncc1.NC1=NC(=NC(=N1)N)N,0
TARLAA,NC(N)=S.CCOC(=O)C(=O)OCC,0
XISWAA,Nc1ccc(cc1)C(=O)[O-].OCC[NH2+]CCO,0
UTIMOC,Oc1c(cccc1N(=O)=O)C(=O)[O-].NC(=O)c1c[nH+]ccc1,0
XUKDEM,CC(C)C1COc2c3OCC(C(C)C)n3[cH+]n12.FC(F)(F)S(=O)(=O)[O-],0
KIKLEW,Oc1[nH+]cccc1.O=N(=O)c1cc(c([O-])c(c1)N(=O)=O)N(=O)=O,0
EWAQID,NC(=O)c1ccncc1.Cc1cc(O)cc(O)c1,0
YIPMOA,[NH3+]CC(CC(C)(C)C)c1ccc(F)cc1.OC(C(=O)[O-])c1ccccc1,0
PAVGOK,N#Cc1ccncc1.OC(=O)C(O)=O,0
EZIDEX,Oc1cccc(O)c1C(=O)[O-].CC1=[NH+]N=C2CN=C(c3ccccc3)c3cc(Cl)ccc3N12,0
NAXBEX,O=N(=O)c1ccc([O-])cc1.[NH3+]Cc1ccccc1O,0
MEDMUF,CC(=O)[O-].[NH2+]1C2CCC1C=C(C2)C1=Cc2ccccc2S1,1
UNIZAV,O=N(=O)c1cc(c(c(c1)N(=O)=O)S(=O)(=O)[O-])N(=O)=O.C[N+](C)=C(C)OCF,0
INEDIO,OCC1=CNC=[NH+]1.O=N(=O)c1cc(c([O-])c(c1)N(=O)=O)N(=O)=O,1
GUDSUV,OC(=O)C(O)=O.c1cnccn1,1
XOSFOB,NC1=NON=C1Nc1nnc(NC2=NON=C2N)nn1.CS(C)=O,0
FOXCUT01,BrC1=C(Br)C(=O)C(=C(C#N)C1=O)C#N.Cc1ccc2Sc3c(C)cccc3c2c1,1
GIFFAF,NC(N)=O.Cc1cncc(C)n1,0
IPONOR,FC(F)(F)S(=O)(=O)[O-].CCN1C=CC=CB1[P+](C)(C)C,0
VAFWOP,N#CC(C#N)=C1C=CC(C=C1)=C(C#N)C#N.C1COC2=C(O1)SC(S2)=C1SC2=C(SCCS2)S1,1
KULSOA01,OC1=C([O-])C(=O)C1=O.OC(O)c1cc[nH+]cc1,0
TETXIZ,Nc1[nH+]cc(cc1)N(=O)=O.ClC(Cl)(Cl)C(=O)[O-],0
CAGQUA,c1cc(ccn1)c1ccncc1.Oc1ccc2c(Oc3cc(O)ccc3C32OC(=O)c2ccccc32)c1,0
TULPIA,COc1ccc(cc1)C1(O)c2ccccc2Oc2ccccc12.c1ccc2nc3ccccc3cc2c1,0
VELWUH,BrN1C(=O)c2ccccc2C1=O.Cc1cc(C)nc(C)c1,0
FIFDEH,O=N(=O)c1ccc(cc1)N1CC[NH2+]CC1.Fc1c(F)c(F)c(c(F)c1F)C(=O)[O-],0
MUHKEI,CC(C)=[NH+]O.ON1N=NN=C1C1=NN=NN1[O-],0
WANJOM,c1cc(ccn1)c1cncnc1.CCC1(CC)C(=O)NC(=O)NC1=O,0
VORLOE,OC(=O)c1cccc(c1)C(O)=O.S(Sc1ccncc1)c1ccncc1,0
HASXUY,N1C2=NON=C2NC2=NON=C12.CN(C)C=O,0
OROWEY,c1cc(ccn1)c1ccncc1.CC1=C(SCC(O)=O)C(=O)c2ccccc2C1=O,0
REQCOJ,N#CC[P+](c1ccccc1)(c1ccccc1)c1ccccc1.O=N(=O)c1ccc(c(c1)N(=O)=O)S(=O)(=O)[O-],0
NOFXEL,Cc1ccc(cc1)S(=O)(=O)[O-].[NH3+]C(CC(C)C)C(O)=O,0
GISJUP,[NH2+]1CCN(CC1)Cc1ccc2OCOc2c1.O=N(=O)c1cc(c([O-])c(c1)N(=O)=O)N(=O)=O,0
COPSOS,FC(F)(F)C(=O)[O-].COC(=O)C1[NH2+]CC(C1)OC(=O)c1ccc(cc1)N(=O)=O,0
WELDOK,NCC=C.CCCCCCCCCCO,0
YIDLUW,[NH2+]=C1NN=C(N1)C1=NNC=C1N(=O)=O.O=C1NC(=O)C(=C([O-])N1)N(=O)=O,0
EWARAW,Cc1cc(O)cc(O)c1.c1ccc2nccnc2c1,0
COZYEW,OC(=O)CCCC(O)=O.C(Cc1ccncc1)c1ccncc1,0
TIYPEX,[NH3+]C(C(O)c1ccccc1)c1ccccc1.O=C([O-])c1ccc2ccc3cccc4ccc1c2c34,1
QINQEN,c1cc(ccn1)C=Cc1ccncc1.OB(O)c1ccccc1,0
WODDID,O=C([O-])c1cccc2c1Cc1ccccc21.[NH3+]C(C(O)c1ccccc1)c1ccccc1,0
TAGZAC,N#CN=C1C=CC(C=C1)=NC#N.S1C=CSC1=C1SC=CS1,0
SAZXID,O=N(=O)C1=N[N-]C(=N1)N(=O)=O.C[N+]1=CN(CCO)C=C1,0
LACWEU,N#Cc1ccncc1.Nc1ccc(C(O)=O)c(O)c1,0
IJOKEX,O=C1N[N-]C(=O)c2ccccc12.[NH3+]CCN1CCNC(=O)C1,0
RIRFOQ,CCCC(C(O)=O)[N+]12CCC(CC1)CC2.Clc1cc(cc(Cl)c1[O-])N(=O)=O,0
KIZYOJ,c1cc(ccn1)c1ccncc1.COc1ccc(cc1)C(O)=O,0
DOMQOL,Clc1c(Cl)c(Cl)c([O-])c(Cl)c1Cl.[2H][N+]12CCC(CC1)C(O[2H])(C2)OC,0
CERLIY,FC(F)(F)C(=O)[O-].[NH3+]C(CNC1=CC=CC=CC1=O)C(O)=O,1
OQIXAQ,c1cc(ccn1)C=Cc1ccncc1.Oc1cc(O)c2C(=O)C=C(Oc2c1)c1ccc(O)c(O)c1,0
LOQYAU01,[2H][N+]([2H])(C)C.[2H]OC(=O)c1c(F)c(F)c(c(F)c1F)C(=O)[O-],0
DUSKUZ,CN12CCN3(C)CCN(C)(CC1)[Si+]23(Cl)(Cl)Cl.FC(F)(F)S(=O)(=O)[O-],0
IVEPIL,N#C[B-](C#N)(C#N)C#N.[NH3+]C(C)C(=O)OCC,1
PASYEN,CN1CCCN(C)C1=O.NC1=Nc2ccccc2S1,0
KOPKEH,c1cc(ccn1)c1ccncc1.OC(=O)c1ccccc1O,0
FOMFAQ,NC1=NON=C1C1=NN=N[N-]1.CC1=[N+]([O-])ON=C1C=NNC(N)=[NH2+],0
UPAVUE,FC1=C(F)C(C(=C(F)C1=C(C#N)C#N)F)=C(C#N)C#N.COc1ccc2SC3=C(Sc4ccc(OC)cc34)c2c1,0
EHIMOZ,CN(C)C=O.OOC(=O)c1ccc(cc1)C(=O)OO,0
UMIMOS,OC(=O)CCCCCCCCC(O)=O.c1cc(ccn1)N=Nc1ccncc1,0
BIFFIH,c1cc(ccn1)C=Cc1ccncc1.CN(c1cccc(c1)C(O)=O)C(=O)N(C)c1cccc(c1)C(O)=O,0
JIQHAT,OC1=C(Cl)C(=O)C(=C(Cl)C1=O)[O-].N1C=C[NH+]=C1C1=CSC(S1)=C1SC=CS1,1
TADROH,CN(C)c1ccncc1.C1CCOC1.CC(C)c1cccc(C(C)C)c1N1C(=CC(=N(c2c(cccc2C(C)C)C(C)C)[Si]1(O)=S)C)C,0
VAJPOO,c1cc(ccn1)c1ccncc1.OC(=O)c1ccc2cc(O)ccc2c1,0
RACZED,[NH2+]1CCOCC1.OC(=O)CCCCCCCC(=O)[O-],0
LUNZAV,CCCCCC(O)=O.c1cnccn1,0
JUDWOU,CN(C)C(=O)c1ccc(cc1)C(=O)N(C)C.Oc1ccc(O)cc1,0
NEBYEA,Oc1ccc(Cl)cc1C(=O)[O-].COc1[nH+]c(N)nc(OC)c1,0
IPUYID,NC(N)=O.COc1cc(cc(OC)c1O)C(O)=O,0
GAVFUG,[NH3+]C1CCC(CC1NS(=O)(=O)C(F)(F)F)C(=O)OCC.Fc1c(F)c(F)c(c(F)c1F)C(=O)[O-],1
XEPBIF,c1cncc(c1)N=Nc1cccnc1.OC(=O)CCCCC(O)=O,0
VAWKEK,OC=O.CN1C=NC2=C1C(=O)N(C)C(=O)N2C,0
YOHYAY,[BH]1234[BH]567[BH]891[BH]1%102[BH]2%113[BH]345[BH]456[BH]678[BH]784[BH]12([CH]9%1067)[BH-]%11358.CC[N+](C)(CC)CCOC,0
SAVZOH,CSC1=C(C#N)C(=O)N2CCCNC2=C1C(=O)c1ccc(Cl)cc1.CS(C)=O,0
TAZMUF,c1cnc2ncccc2c1.OB(O)c1ccc(cc1)B(O)O,0
NEBWEA,O=N(=O)c1ccc(cc1)N1CC[NH2+]CC1.Cc1ccc(cc1)C(=O)[O-],0
FALTAP,Cc1ccnc(NS(=O)(=O)c2ccc(N)cc2)n1.O=C1CCCC1,0
GUYVUU01,O=C([O-])c1ccc(cc1N(=O)=O)N(=O)=O.NC(=O)c1cc[nH+]cc1,0
CUFGIW,FC(F)(F)S(=O)(=O)[O-].OC1=CC([N+]2=C1NC(=O)c1ccccc21)c1ccccc1,1
AFONUH,Cc1cccc(Nc2ccccc2C(O)=O)c1C.c1cc(ccn1)N=Nc1ccncc1,0
GIKZOS,[NH3+]CCC(=O)OO.CS(=O)(=O)[O-],0
WADBUA,CC(=O)[O-].NC(=O)C1CC[NH2+]CC1,0
VECYAF,CC1(C)C2CCC1(CS(=O)(=O)[O-])C(=O)C2.[NH3+]CC(C(O)CCC)c1ccccc1,1
WUXXUJ,O=C(CCC(=O)Nc1cc[nH+]cc1)Nc1cc[nH+]cc1.OC(=O)c1cc(cc(c1)C(=O)[O-])C(=O)[O-],0
BAZRAV,ON=Cc1cccc[n+]1Cc1ccccc1.CS(=O)(=O)[O-],0
ZAKSIQ,OC(=O)c1ccccc1Cl.N#Cc1ccncc1,0
FOMXAH,O=CC1=CC=CO1.NC(=O)N1c2ccccc2C=Cc2ccccc12,0
HOLHIC,NC(N)=NC1=NC(=CS1)CSCCC(N)=NS(N)(=O)=O.OC(=O)CC(O)=O,0
AZUQAP,NC(N)=O.BrCCCCCCBr,0
TIFSUW,c1cnc2c(c1)ccc1ncccc21.OC(=O)CSCC(O)=O,0
EROSIO,OC1(CC[NH2+]CC1)c1ccc(Cl)cc1.O=C([O-])c1ccccc1,0
MULVUN,CC1=CC(=O)[N-]S(=O)(=O)O1.Nc1[nH+]cccc1O,0
CEQBEI,c1ccc2nc3ccccc3cc2c1.Oc1ccc(Br)cc1,0
VIKSUF,NC1=[NH+]N=C(S1)c1ccc(Br)cc1.O=C([O-])c1cc(cc(c1)N(=O)=O)N(=O)=O,0
ACUDAG,OC(=O)c1ccc(cc1)C#N.NNC(=O)c1ccncc1,0
ZIPZEH,COc1cc(OC)nc(N)n1.COc1cc(C=CC(O)=O)cc(OC)c1OC,0
LABYIW,Cc1ccc(cc1)S(=O)(=O)[O-].COC(=O)C1C2OC(C3[NH2+]C23)C1C(=O)OC,0
JAPCOS,O=S(=O)([O-])c1ccccc1.Oc1ccccc1[NH+](c1ccccc1O)c1ccccc1O,0
YEXHOZ,CC(C)OS(=O)(=O)[O-].COC(=O)C([NH+]1CCC2=C(C1)C=CS2)c1ccccc1Cl,0
OJAHOY,Oc1cc[nH+]cc1.OC(=O)c1cc(cc(c1)C(=O)[O-])C(O)=O,1
YOCSIT,OC(=O)c1cc(cc(c1)C(O)=O)C(O)=O.C(CN1C=NN=C1)N1C=NN=C1,0
BAJXET,NNC(=O)c1cc[nH+]cc1.OC(=O)c1cc(cc(c1)C(=O)[O-])C(O)=O,1
QOLNOW,Cc1ccc2ccc3ccc(C)nc3c2n1.Oc1ccccc1O,0
DUMJUS,Nc1ccc(Cl)cc1C(=O)[O-].CC([NH+]1CCCC1)C(O)c1ccccc1,0
JEZFUT,OC(=O)C=CC(=O)[O-].NC1=[NH+]c2ccccc2O1,0
LEPCIW,CCCC(O)=O.c1cc(ccn1)N=Nc1ccncc1,0
KODVAB,CCCC(O)=O.NC(=O)C1c2ccccc2C=Cc2ccccc12,0
VEHZEN,[SH-].OCC[NH+](CCO)CCO,1
BAYQIF,Cc1cccc2SC(=Nc12)N.COc1ccc(cc1OC)C(O)=O,0
YIRLUK,FC(F)(F)S(=O)(=O)[N-]S(=O)(=O)C(F)(F)F.Cc1ccc(O)c2[nH+]cccc12,0
FISJAT,NC(=S)NN=C1C(=O)C=C(N2CCCC2)c2ccccc12.CN(C)C=O,0
DAFLUV,C1N2CN3CN1CN(C2)C3.CC(=O)c1ccc(O)cc1,0
IFEGEI,[NH3+]C1=C(C)N(C)N(c2ccccc2)C1=O.Oc1c(ccc2ccccc12)C(=O)[O-],0
BOVXOB01,c1cc(ccn1)C=Cc1ccncc1.OC(=O)c1cc(F)c(F)cc1F,0
UKITUG,Cc1cccc2SC(=Nc12)N.OC(=O)CCCCCCCCC(O)=O,0
OBIDAF,O=C1C[N+]2(CCOCC2)CCO1.O=N(=O)c1cc(c([O-])c(c1)N(=O)=O)N(=O)=O,0
ZIPGIR,NC(=O)c1ccncc1.Nc1cccc(c1)C(O)=O,0
MOGVOV,Cc1cccnc1.OC(=O)CCCCC(O)=O,0
WADTOM,OC(=O)c1ccc(Cl)cc1.c1ccc2ncccc2c1,1
XAXZOL,CN(C)C=O.NC(=S)NN=Cc1ccc(cc1)C=NNC(N)=S,0
QOPMUF,CS(C)=O.NC(=S)NN=Cc1c2ccccc2cc2ccccc12,1
LUNNUD,NC(=O)c1ccncc1.OC(=O)CCC(O)=O,0
CEQKOC,NC(=[NH2+])Sc1ccc2cc(Br)ccc2n1.FC(F)(F)S(=O)(=O)[O-],0
OFEPIY,Cc1cccc(C)c1N.Oc1ccc(cc1)C1(CCCCC1)c1ccc(O)cc1,0
HARCAI,c1ccc(nc1)c1ccccn1.OC(=O)COc1ccc(Cl)cc1Cl,0
BIWVUY,c1ccc2nc3ccccc3cc2c1.O=C1OC(=O)c2cc3C(=O)OC(=O)c3cc12,0
EWANIA,Nc1ncccn1.Cc1cc(O)cc(O)c1,0
HEMDUB,NC(N)=S.CC(=O)N1C=CN(C(C)=O)C(=C1C)C,0
HONTEK,OC(=O)c1ccc(O)cc1.c1cnccn1,0
FEPYUW,COC(=O)C1[NH2+]CC(F)CC1.O=N(=O)c1cc(c([O-])c(c1)N(=O)=O)N(=O)=O,0
YEHWIT,NC1=[NH+]c2ccccc2S1.COC(=O)c1c(Br)c(Br)c(Br)c(Br)c1C(=O)[O-],0
TIVCOS,c1ccc(nc1)c1nccnc1c1ccccn1.OC1=C(F)C(=O)C(=C(F)C1=O)O,0
UFEROO,FC(F)(F)C(=O)[O-].[NH2+]=C1NC2=C(N1)C(CCC2)N1NC(=O)N(C1=O)c1ccccc1,0
VADLIX,CCCCN1[P+]N(C)c2ccccc12.FC(F)(F)S(=O)(=O)[O-],0
XARVIX,Cc1ccc(cc1)S(=O)(=O)[O-].[NH3+]c1cc2CCC(C)(C)Oc2c(C)c1C,0
HOTMEL,CN1C=C[N+](=C1Br)C.COS(=O)(=O)[O-],0
FEXHOH,OC(=O)CCCCCCCCC(O)=O.COc1ccc2N=C(N)Sc2c1,0
ALABEU,OC(C(O)C(=O)[O-])C(O)=O.[NH3+]c1ccc(cc1)C(O)=O,0
BIPCIQ,CNC(=O)NC.CCCNC(=O)NS(=O)(=O)c1ccc(Cl)cc1,0
FIDKOT,c1cc(ccn1)c1ccncc1.Oc1ccc2ccccc2c1c1c(O)ccc2ccccc12,0
PASWEO,O=N(=O)c1cc(c([O-])c(c1)N(=O)=O)N(=O)=O.CS(=O)(=O)N1CC[NH2+]CC1,0
LILDOC,OC(=O)C(=O)[O-].CC1=CC(=O)NC(=[NH+]1)N,0
SIYCEJ,OC(=O)c1cccc(c1)C(O)=O.Cc1cc(nc(N)n1)c1ccccc1,0
MOZCOU,OC(=O)c1cccc(O)c1.CN1C=NC2=C1C(=O)N(C)C(=O)N2C,0
DEYQOR,OC(=O)c1cc(O)ccc1O.CC(CC(C)(C)O)=NNC(=O)c1ccncc1,0
XAQPEM,OC(=O)CCC(=O)[O-].CCc1[nH+]c(C)ccc1O,0
YONCAI,CN(C)c1ccc(C=O)cc1.CN(C)c1ccc(cc1)C=C(O)C(O)=O,0
WEQHIN,OC(=O)c1ccc(cc1)C(O)=O.N#Cc1ccncc1,0
LIQTIP,c1cc(nc(c1)N1C=NN=C1)N1C=NN=C1.OC(=O)c1cc(cc(c1)C(O)=O)C(O)=O,0
NUQXIH,OC1(CC[NH2+]CC1)c1ccc(Cl)cc1.CS(C)=O.O=N(=O)c1cc(c([O-])c(c1)N(=O)=O)N(=O)=O,1
LADCEA,OC(=O)CCCCCCC(O)=O.CCC(=O)Nc1ccc(Br)cn1,0
LARXIO,O=C([O-])c1ccc(cc1)C(=O)[O-].CCC([NH2+]CC[NH2+]C(CC)CO)CO,1
IVEKUS,OC(=O)CCCCCCC(=O)[O-].CC[NH+](CC)CC(=O)Nc1c(C)cccc1C,0
QEDRIC,[NH3+]CCO.Cc1ccc(cc1S(=O)(=O)[O-])N(=O)=O,0
PUJNIS,Nc1ccc(Cl)cn1.OC(=O)c1ccccc1,0
UPIQIW,[NH3+]CC(O)=O.OP(=O)([O-])c1c(F)c(F)c(F)c(F)c1F,1
XICQAD,c1cc(ccn1)c1ccncc1.OC(=O)COC(=O)Cc1ccccc1Nc1c(Cl)cccc1Cl,0
MOCBAI,FC(F)(F)S(=O)(=O)[O-].COC(=O)C([N+]1=CN(C)C=C1)=C(C(=O)OC)C(=O)OC,0
ALIWEZ,S=C1NC(=S)NC(=S)N1.S=C1NC(=S)[N-]C(=S)N1.[NH3+]C(CC1=C[NH+]=CN1)C(=O)[O-],1
GUQKUA,O=S(=O)([O-])c1cccc2c1cccc2S(=O)(=O)[O-].[NH3+]C(CC1=C[NH+]=CN1)C(O)=O,1
JOKXOY,CC(=O)C1=C(C)NC(=C(C#N)C#N)C(=C1c1ccccc1)C#N.C1COCCO1,0
ESAQOE,CS(=O)(=O)[N-]S(C)(=O)=O.NC1=[NH+]C(=CC(=O)N1)N,0
OFEGEP,OC(=O)Cc1ccccc1C(O)=O.NC(=O)c1cnccn1,0
TAZKIR,c1cnc2c(c1)ccc1cccnc21.OB(O)c1c(Br)cccc1Br,0
ROPTEX,OC(C(O)C(=O)[O-])C(O)=O.[NH3+]c1ccc(Br)cc1,1
YEPQAP,FC(F)(F)S(=O)(=O)[O-].COC1(C=C([NH+]=C2C=CC=CN12)c1ccccc1)C(F)(F)F,0
MOHNUT,Cc1cc(C)c(N2C=[N+]3C(=CSC3=C2)C)c(C)c1.FC(F)(F)S(=O)(=O)[O-],0
NUKYAU,NC(=O)c1cccnc1.OC(=O)C=CC(O)=O,0
TUQVIN,Clc1cc(ccc1C(=O)[O-])N(=O)=O.OC(=O)C1[NH2+]CCCC1,0
ULIZUM,COc1cc(O)cc(O)c1.C(C=CN1C=CN=C1)=CN1C=CN=C1,0
ENIKOE,c1cc(ccn1)C=Cc1ccncc1.OC(=O)CCC#C,0
CASMAL,NS(=O)(=O)c1cc2c(NCNS2(=O)=O)cc1Cl.Nc1ccccc1,0
ZEFCEU,c1cc(ccn1)c1ccncc1.OC(=O)CCN1C(=O)N(CCC(O)=O)C(=O)N(CCC(O)=O)C1=O,0
HOCCEJ,c1cc(ccn1)c1ccncc1.CC(=O)NS(=O)(=O)c1ccc(N)cc1,0
TAZWUN,OC(=O)c1ccccc1.NC1=NC(=O)NC=C1.NC1=[NH+]C(=O)NC=C1.O=C([O-])c1ccccc1,0
YECXOX,OC(=O)c1ccc(O)cc1O.CN1C(=O)N(C)C2=C(N(CC(O)=O)C=N2)C1=O,0
LANLAO,COc1cc(ccc1O)C=Cc1cc[n+](C)cc1.Brc1ccc(cc1)S(=O)(=O)[O-],0
KIHYIK,c1cc(ccn1)C=Cc1ccncc1.Oc1ccc(cc1)C#N,0
DUBWEF,OC(=O)Cc1ccccc1Nc1c(Cl)cccc1Cl.CCOC(=O)Cc1ccccc1Nc1c(Cl)cccc1Cl,0
QIQSAO,FC(F)(F)S(=O)(=O)[O-].CC(C)(C)N1C=[N+](C(=C1Cl)Cl)C(C)(C)C,0
TUQYUC,C1CSCCO1.N#CC1(C#N)C2(CCOCC2)C1(C#N)C#N,0
BIMJUC,CCOc1ccc2[nH+]c3cc(N)ccc3c(N)c2c1.CC(O)C(=O)[O-],0
LOQVOF01,[2H]OC(=O)c1c(F)c(F)c(c(F)c1F)C(=O)[O-].[2H][N+](C)(CC)CC,0
SOHDEZ,CC(=O)Nc1c[n+](N)ccn1.Cc1cc(C)c(c(C)c1)S(=O)(=O)[O-],0
PRMESA10,CCS(=O)(=O)[O-].Cc1[nH+]c(N)nc(N)c1c1ccc(Cl)c(Cl)c1,0
PAXTIS,c1cc(ccn1)c1ccncc1.OB(O)c1ccc(cc1)C(O)=O,1
POVHEN01,[2H]1OC(=O)C=CC(=O)[O-]1.[2H][N+]([2H])([2H])C,0
MEDBUU,Cc1ccccc1C(=O)[O-].[NH3+]CCc1ccc(O)cc1,0
PEJGIY,Oc1ccccc1C=NCCN1CC[NH2+]CC1.CC(=O)[O-],0
GUKYEQ,OC(=O)C(=O)[O-].C[N+](C)(C)CC(=O)[O-].C[N+](C)(C)CC(O)=O,0
OJUQAN,OC(=O)CCC1=NC(=C(O1)c1ccccc1)c1ccccc1.C(Cc1ccncc1)c1ccncc1,0
NAKZIL,CC(C)=NNC(=O)c1ccncc1.Nc1cccc(c1)C(O)=O,0
APEGEJ,c1ccncc1.Oc1cc(O)c(Cl)cc1Cl,0
SIGPUW,CC(=O)c1c2ccccc2cc2ccccc12.Fc1c(F)c(C#N)c(F)c(F)c1C#N,0
ABAMAV,OC(CC(O)=O)C(=O)[O-].Fc1ccc(F)c(c1)C1[NH2+]CCC1,1
SUYPIN,OC(=O)C=CC(=O)[O-].Brc1ccc(OC(=O)N2CC[NH+]3CCC2CC3)cc1,0
WOMBAB,Clc1c(Cl)c(Cl)c([O-])c(Cl)c1Cl.C[N+](C)(C)O,0
LARXEK,OC(=O)C=CC(=O)[O-].CCC([NH2+]CC[NH2+]C(CC)CO)CO,0
RAHHEN,OC(=O)C(C1=CC=CS1)C1=CC=CS1.c1ccc2c(c1)cnc1ccccc21,0
KESKOM,Oc1cccc2ccc[nH+]c12.O=C([O-])c1ccccc1N(=O)=O,0
BICQUB,NNC(=O)c1ccncc1.OC(=O)c1ccc(O)cc1,1
VIBNUQ,FC(F)(F)S(=O)(=O)[N-]S(=O)(=O)C(F)(F)F.CON1C=C[N+](=C1Br)OC,0
ACERAD,COC(=O)N1C=NC(=C1N)C(N)=O.CN1N=NC2=C(N=CN2C1=O)C(N)=O,0
HOSMAF,[NH2+]=C1NC(=O)N(C=C1)C1CSC(CO)O1.OC(C(=O)[O-])c1ccccc1,0
MIYLOV,[NH3+]CCc1ccc(O)c(O)c1.O=C([O-])c1cc(cc(c1)N(=O)=O)N(=O)=O,0
ULAWEJ,NC(=O)c1ccncc1.OC(=O)CC(O)=O,0
DEFJEH,FC(F)(F)S(=O)(=O)[N-]S(=O)(=O)C(F)(F)F.C1Cc2cccc3[BH]4N5C=CC=N5[BH]([NH+]1c23)N1C=CC=N41,0
NUKWEW,Nc1ncccn1.OC(=O)c1ccccc1,0
PEHFUF,OC(=O)C=Cc1ccc(O)cc1.NNC(=O)c1ccncc1,0
ACESEI,OC(=O)C(O)=O.CN1N=NC2=C(N=CN2C1=O)C(N)=O,0
MUSSUR,COc1cc(C#N)c(cc1OC)c1ccc(O)cc1.OC(C(F)(F)F)C(F)(F)F,0
UBUHOQ,Cc1c(O)cccc1O.c1cc(ccn1)c1ccncc1,0
KOFFOB,O=P(c1ccccc1)(c1ccccc1)c1ccccc1.CC1=NN(C(=C1)C)c1ccc(Cl)c(n1)C(O)=O,0
MOKNAC,O=C1N(C[n+]2ccccc2)C(=O)c2ccccc12.Cc1ccc(cc1)S(=O)(=O)[O-],0
BOQBEO,C1N2CN3CN1CN(C2)C3.Oc1ccccc1c1ccccc1O,1
DEQFUD,NS(=O)(=O)c1cc2c(NC[NH2+]S2(=O)=O)cc1Cl.O=C([O-])c1cccnc1,0
SUGFAD,OC(=O)c1cccc(c1C(=O)[O-])N(=O)=O.Oc1cccc2ccc[nH+]c12,0
PEFGIS,OC(=O)c1cc(O)c(O)c(O)c1.CC(N)=O,0
KULSOA,OC1=C([O-])C(=O)C1=O.OC(O)c1cc[nH+]cc1,0
KAXMIJ,OC(=O)CCC(=O)C(=O)[O-].COc1cc(Cc2c[nH+]c(N)nc2N)cc(OC)c1OC,0
ZIPCOT,OC1=C([O-])C(=O)C1=O.[NH3+]C(CC(C)C)C(O)=O,1
GAZRUY,[NH3+]c1ccc(cc1)C(=O)OCC.OC(=O)c1cc(cc(c1[O-])N(=O)=O)N(=O)=O,1
HOJLIC,NC(N)=O.O=C1NCCN1,0
PAZFUS,[NH3+]C(C)C(N)=O.OC1=C([O-])C(=O)C1=O,1
FIWJIF,OC(C(O)C(=O)[O-])C(=O)[O-].NC1=[NH+]C(=CS1)C1=CSC(=[NH+]1)N,0
EYOJOR,CC(C)(C)c1ccc(O)c(c1)C(C)(C)C.C1CCC(CC1)NC1CCCCC1,0
XAQRIR,OC(=O)c1cccc(n1)C(O)=O.NC(=O)N1c2ccccc2C=Cc2ccccc12,0
NUQKOA,Nc1cccc(c1)C(O)=O.C(Cc1ccncc1)c1ccncc1,0
EQUSAM,Cc1ccc(SCc2cc[nH+]cc2)cc1.O=N(=O)c1cc(c([O-])c(c1)N(=O)=O)N(=O)=O,0
HIQSIL,OC(=O)CCC(O)=O.NC(=O)c1ccc(Br)cc1,0
MEDNUG,OC1C2OP(=O)([O-])OCC2OC1N1C=NC2=C1N=CNC2=O.[NH3+]C(CC1=C[NH+]=CN1)C(=O)[O-],0
LUNMPO10,Oc1cc2ccccc2cc1O.CN1c2cc(C)c(C)cc2N=C2C(=NC(=O)N=C12)O,0
LONDOJ,Oc1cccc2ccc[nH+]c12.O=C([O-])c1cc(cc(c1)N(=O)=O)N(=O)=O,1
HAPQUN,O=C1NC(=C2C(=O)NC(=C12)C1=CC=CO1)C1=CC=CO1.CCCCCCCCC(O)=O,0
COHWIF,C1CN2CCN1CC2.Oc1ccc(O)cc1,0
IZUCIS,O=C1CCCC1.ONC(=O)C=Cc1cccc(c1)S(=O)(=O)Nc1ccccc1,0
NUZTOT,COc1ccc(C=CC(O)=O)cc1.c1cc(ccn1)c1ccncc1,0
RIGDIW,OC(=O)C=CC(=O)[O-].NC1=NC2=C([NH+]=CN2COCCO)C(=O)N1,0
FAKLEL,OC(=O)Cc1ccccc1.NC(=O)c1ccncc1,0
PEXNAJ,c1cc(ccn1)C=Cc1ccncc1.Nc1ccc(C(O)=O)c(O)c1,0
WETZAZ,OC(C(O)C(=O)[O-])C(O)=O.NNC(=O)c1cc[nH+]cc1,0
VAHHEU,O=C([O-])C1=Cc2ccccc2OC1=O.C[NH2+]C1CCC(c2ccc(Cl)c(Cl)c2)c2ccccc12,1
AFIJOQ,c1cnc2c(c1)ccc1cccnc21.OB(O)O,0
KEXBAR,Oc1ccc(cc1)c1ccc(O)cc1.Nc1ccccn1,0
IFILAM,CP(C)(C)=[NH+]N(c1ccccc1)c1ccccc1.FC(F)(F)S(=O)(=O)[O-],0
FIRGUL,O=C([O-])C1CCC(=O)N1.C[NH2+]C(C)C(O)c1ccccc1,1
REXNAL,OC(=O)c1c(F)c(F)c(C(O)=O)c(F)c1F.O1C(=NN=C1c1ccncc1)c1ccncc1,0
XOTBIT,[NH3+]c1c(Br)cc(Br)cc1CNC1CCC(O)CC1.Oc1cccc(c1)C(=O)[O-],0
UJIVAN,COc1ccccc1c1[nH+]cccc1C=O.CS(=O)(=O)[O-],0
XOMZOQ,Cc1cc(C)nc(N)n1.OC(=O)C1=CC=C(S1)C(O)=O,0
GIYMOT,CC(C)(C)c1ccc(cc1)C(O)=O.CC(CC(C)(C)O)=NNC(=O)c1ccncc1,0
XAPXER,NC1=[NH+]c2ccccc2S1.Clc1cc(Cl)c(OCC(=O)[O-])cc1Cl,0
UNEZES,NC(=O)c1cccnc1.NC(=O)N1c2ccccc2C=Cc2ccccc12,0
QOLSAM01,C1=CN(C=N1)c1ccc(cc1)N1C=CN=C1.OC(=O)c1ccc(cc1)C(O)=O,0
XIJXIB,Cc1nc(C)c(C)nc1C.OC(=O)c1cc(O)c(O)c(O)c1,0
LEFZIH,Clc1ccc(cc1)C(N1CC[NH2+]CC1)c1ccccc1.O=N(=O)c1cc(c([O-])c(c1)N(=O)=O)N(=O)=O,0
SUYYER,Oc1cccc2ccc[nH+]c12.OC(=O)CC(=O)[O-],0
EFOZAB01,NC(N)=O.O=C1CC(=O)NC(=O)N1,1
XABMEV,[NH2+]=C1NC=CS1.Oc1ccc(O)c(c1)C(=O)[O-],0
SORWEB,Nc1ccccc1C(O)=O.Cc1cc(C)nc(NS(=O)(=O)c2ccc(N)cc2)n1,0
LASGOD,c1ccc2ncccc2c1.OC(=O)C=CC(O)=O,0
YUGZEI,CCc1[nH+]c(N)nc(N)c1c1ccc(Cl)cc1.O=C([O-])c1ccccc1,0
GECZIZ,FC(F)(F)C(=O)[O-].BrC1=CC=C(S1)C1NC=[NH+]C=C1Br,0
VIKSOZ,NC1=NN=C(S1)c1ccc(Br)cc1.OC(=O)COc1ccc2ccccc2c1,1
PUCTEP,OC(=O)C=Cc1ccccc1.Cc1cc(C)nc(NS(=O)(=O)c2ccc(N)cc2)n1,0
KIGKOB,OC(=O)c1cc2ccccc2cc1O.CN1C=NC2=C1C(=O)N(C)C(=O)N2C,0
NUHYIY,NC(N)=O.OC(=O)c1ccccc1C(O)=O,0
LUNMEM,NC(=O)c1ccncc1.OC(=O)c1cccc(O)c1,0
HONTIO,Cc1nc(C)c(C)nc1C.OC(=O)c1ccc(O)cc1,0
KIGDOU,CN1C=CN=C1C(O)(C1=NC=CN1C)C1=NC=CN1C.c1ccccc1,0
TORDUC,C1=CN2C(=P[n+]3ccccc23)C=C1.FC(F)(F)S(=O)(=O)[O-],0
FIDCIG,OC(=O)CCC(O)=O.NC(=NO)c1ccccn1,0
NITTAO,Clc1cc(cc(Cl)c1[O-])N(=O)=O.Oc1c(Cl)cc(cc1Cl)N(=O)=O.OCC[NH+]1CCCCC1,0
SALQIG,Cc1ccc(cc1)S(=O)(=O)[O-].Nc1[nH+]cccc1N(=O)=O,1
KICVUP,CCc1[nH+]c(N)nc(N)c1c1ccc(Cl)cc1.CC(=O)Oc1ccccc1C(=O)[O-],0
IVUREX,C[NH+](C)C(C)C(O)c1ccccc1.O=C([O-])c1ccccc1,0
ADIHOL,FC(F)(F)C(=O)[O-].[NH3+]C(CCCNC(N)=[NH2+])C(=O)[O-],1
FALSOC,Cc1ccnc(NS(=O)(=O)c2ccc(N)cc2)n1.CN(C)C=O,0
RIGHUO,O=N(=O)c1ccc([O-])cc1.C[N+]1=C(N)NC(=O)C1,0
TIJCAU,C=CCNC(=S)NN=Cc1[nH+]cccc1.NS(=O)(=O)[O-],0
XOMTUP01,Cc1ccc(cc1)S(=O)(=O)[O-].C[NH2+]CC(O)=O,0
HIBGOP,OC(=O)c1c(F)c(F)c(F)c(F)c1F.NC(=O)c1c(F)c(F)c(F)c(F)c1F,0
BIRFIV,OC1=[NH+]CCCCC1.Cc1ccc(cc1)S(=O)(=O)[O-],0
AYIKUR,CN(C)C(C)=O.Cc1c(Cl)cccc1Nc1ncccc1C(O)=O,0
GEXYAN,c1ccc(nc1)c1nnc(nn1)c1ccccn1.Oc1c(Br)cc(Br)cc1Br,0
LOQWAS01,[2H][N+](CCC)(CCC)CCC.[2H]OC(=O)c1c(F)c(F)c(c(F)c1F)C(=O)[O-],0
SOVMOF,OC(=O)CCCC(O)=O.Nc1cc(N)nc(N)n1,0
DUPFUQ,Nc1[nH+]cc(Cl)cc1.OC(=O)CCC(=O)[O-],0
ORETIP,O=C1[N-]S(=O)(=O)c2ccccc12.NC1=[NH+]C(=CS1)c1ccccc1,0
MEKXAB,Nc1nnc(nn1)N=Nc1nnc(N)nn1.CS(C)=O,0
SAYPIT,OC(=O)c1cccc(O)c1.CC(C)=NNC(=O)c1ccncc1,0
UNEYOB,O=C1C=CC(=O)C=C1.NC(=O)N1c2ccccc2C=Cc2ccccc12,0
SEKHIA,[NH3+]C(C)(C)CC(C)(C)N(=O)=O.O=N(=O)c1cc(c([O-])c(c1)N(=O)=O)N(=O)=O,0
GENLIV,OC(=O)C(O)=O.NC(=O)c1ccc(Cl)cc1,0
VEKPOR,CC1=NN=C2N1N=C(N)N(CC=C)C2=O.CS(C)=O,0
PAXFIF,OC(=O)CCN1C(=O)c2ccccc2C1=O.CN1C=NC2=C1C(=O)N(C)C(=O)N2C,0
JICTUK01,Nc1nc(Nc2ccc(Br)cc2)nc(Nc2ccc(Br)cc2)n1.CCC1(CC)C(=O)NC(=O)NC1=O,0
FIJXIF,CC(=O)[O-].[NH3+]C(C1CCCC(O)C1)C(=O)OC(C)(C)C,0
RIDSOQ,CCN1C=C(C(O)=O)C(=O)c2cnc(nc12)N1CC[NH2+]CC1.Oc1ccc(cc1O)C(=O)[O-],0
GADGUN09,Oc1c(Cl)c(Cl)c(Cl)c(Cl)c1Cl.Cc1ccncc1,1
LIBYAY,Oc1ccc(cc1)C(=O)[O-].Nc1[nH+]nc(c(N)n1)c1cccc(Cl)c1Cl,0
LODGAO02,NS(=O)(=O)c1cc(C(O)=O)c(NCC2=CC=CO2)cc1Cl.CN(C)C=O,0
MOQGIJ,CN(C)C(=O)N(C)C.Clc1ccc(cc1)S(=O)(=O)NS(=O)(=O)c1ccc(Cl)cc1,0
BALWAM,[NH3+]C(C(O)c1ccccc1)c1ccccc1.CCC(C(=O)[O-])c1ccccc1C,0
RAXYEY,OC(=O)COC(=O)Cc1ccccc1Nc1c(Cl)cccc1Cl.C(Cc1ccncc1)c1ccncc1,0
ESOZIX,Nc1ccnc(N)n1.CN1CCCC1=O,0
ULECEU,Nc1ncccn1.OC(=O)C1(CCCC1)c1ccccc1,0
EMUNAD,FC(F)(F)S(=O)(=O)[N-]S(=O)(=O)C(F)(F)F.CON1C=C[N+](=C1C)OC,1
YEFXOX,[NH3+]CCCCC([NH3+])C(=O)[O-].OC(=O)CCCCC(=O)[O-],1
OKEJUK,OC(=O)c1cc(O)cc(O)c1.ClCC#N,0
USOBOU,N#Cc1ccncc1.Cc1ccc(cc1)C(O)=O,0
HUSVIA,c1ccc(nc1)c1ccccn1.OC(=O)C=CC(O)=O,1
MORVEV02,Oc1cc(O)cc(O)c1.c1ccc2nc3ccccc3nc2c1,0
UGOWEU,OC(=O)c1ccc(O)cc1.O=C1NC(=O)C=C1,0
GEHKOU,O=C([O-])CC(=O)[O-].C[NH2+]C(C)C(O)c1ccccc1,1
EZEHEY,CCc1[nH+]ccc(c1)C(N)=S.O=C([O-])c1ccc(cc1N(=O)=O)N(=O)=O,0
BAHLEC,OC(=O)C=CC(=O)[O-].C[N+](C)(C)CC(O)=O,0
EZAPUT,OC(=O)C=CC(=O)[O-].COc1[nH+]c(N)nc(OC)c1,0
DITJAS,Oc1c(Cl)c(Cl)c(Cl)c(Cl)c1Cl.Cc1cccnc1C,0
LUNMUC,NC(=O)c1ccncc1.OC(=O)CCCCCCCCCCCBr,0
DADMED,NS(=O)(=O)c1cc2c(NCNS2(=O)=O)cc1Cl.NC(=O)c1ccccn1,0
KEBLAG,c1ccncc1.Oc1ccc(N2C(=O)c3ccccc3C2=O)c(c1)C(O)=O,0
HEYGEX,C[NH+]1CCOC(C1C)c1ccccc1.OC(C(O)C(=O)[O-])C(O)=O,0
NOLBIC,NS(=O)(=O)c1cc(C(O)=O)c(NCC2=CC=CO2)cc1Cl.O=C1CCCCN1,0
BEWMEY,FC(F)(F)S(=O)(=O)[O-].C[N+]1=C(C)N(C=C1)S(F)(=O)=O,0
JEPYOV,CN(C)C=O.Cc1cc(C)nc(NS(=O)(=O)c2ccc(N)cc2)n1,0
QULLUF02,OC(=O)c1cc(O)ccc1O.CCOc1ccccc1C(N)=O,0
VATXOF,Nc1ccc(C(O)=O)c(O)c1.C(Cc1ccncc1)c1ccncc1,0
TEXPOB,Oc1c(C#N)c(C#N)c(O)c(C#N)c1C#N.c1cc2ccc3cccc4ccc(c1)c2c34,0
HIQRIK,NC(=O)c1ccc(Br)cc1.OC(=O)C=CC(O)=O,0
TOYMAV,NC(=O)C(=O)[O-].[NH3+]Cc1ccc(Cl)cc1,0
UMUYUX,NC(=O)c1ccncc1.CC(C)(Oc1ccc(Cl)cc1)C(O)=O,0
DUVHAE,Oc1cccc(O)c1.C1CN2CCN1CC2,0
UNEGEZ,C1CN2CCN1CC2.OC(=O)CCCCCCCC(O)=O,0
FADHEZ,NNC(=O)c1ccncc1.OC(=O)c1ccc(O)cc1,0
ZATGAG,CN1C=CC(=O)C(=C1C)O.Oc1ccccc1O,0
BAYPOK,Cc1ccc(cc1)S(=O)(=O)[O-].Cc1cccc2SC(=[NH2+])Nc12,0
VECJOD,[NH3+]CCC1CCc2ccc3OCCc3c12.OC(CC(O)=O)C(=O)[O-],0
GAXCEQ,[NH3+]C(C)CCO.Brc1ccc(cc1)C(=O)[O-],1
LUWHEQ,COc1cc(Cc2c[nH+]c(N)nc2N)cc(OC)c1OC.Nc1ccc(cc1)S(=O)(=O)[O-],0
PESROV01,OC(=O)c1cccc(c1)C(O)=O.N1N=C(NN=C1c1cnccn1)c1cnccn1,0
FORLAB,c1ccc(C=Cc2ccccn2)nc1.Oc1ccccc1O,0
FAKLAH,OC(=O)Cc1ccccc1.NC(=O)c1cccnc1,0
GIKZUY,OOC(=O)CC[NH+]1CCCCC1.CS(=O)(=O)[O-],1
EFAWUF,OC(=O)c1ccc(cc1)C(O)=O.c1ccc(C=Cc2ccncc2)nc1,0
CEMNUH,c1cc(ccn1)C=Cc1ccncc1.OB(O)c1ccc(cc1)c1ccc(cc1)B(O)O,0
HONSOT,OC(=O)c1cccc(O)c1.c1cnccn1,0
ZIYVAH,CC12C[NH2+]CCN1C(=NO2)c1ccccc1.CC1(C)C2CCC1(CS(=O)(=O)[O-])C(=O)C2,0
GANXUP01,OC(=O)C(O)=O.CN1C=NC2=C1C(=O)N(C)C(=O)N2C,0
EZAREF,Oc1cc(cc(O)c1O)C(=O)[O-].COc1[nH+]c(N)nc(OC)c1,0
LIDVAW,c1cc(ccn1)c1ccncc1.Cc1ccc(cc1)S(=O)(=O)NCC(O)=O,0
MENQIJ,Nc1ccc(Cl)cn1.Cc1ccc(cc1)C(O)=O,0
UHAYIL,O=C[O-].CCc1[nH+]c(N)nc(N)c1c1ccc(Cl)cc1,0
GIQHUM,FC(F)(F)C(=O)[O-].O=C(Nc1ccccc1)Nc1[nH+]cccc1c1ccccc1.OC(=O)C(F)(F)F,0
COXGUS01,[NH3+]c1ccc(cc1)C(O)=O.OC(=O)c1cccc(c1C(=O)[O-])N(=O)=O,0
WOJNEO,CC(C)(C)N1[P+]N(C(=C1)Cl)C(C)(C)C.FC(F)(F)S(=O)(=O)[O-],0
ZEFTUB,OC(=O)c1ccc(O)cc1.Cc1nccnc1C,0
ZIYFAR,NC1=[NH+]c2ccc(OC(F)(F)F)cc2S1.O=C([O-])c1ccc(cc1)N(=O)=O,0
HOLWAI02,CN1C=NC2=C1C(=O)N(C)C(=O)N2C.CC(=CC(O)=O)C(O)=O,0
LIJGAN,OC(C(O)C(=O)[O-])C(O)=O.[NH3+]c1ccc(Cl)cc1,1
IVEKOM,OC(=O)CCCCCC(=O)[O-].CC[NH+](CC)CC(=O)Nc1c(C)cccc1C,0
QAWTEQ,[NH3+]CC(O)=O.NC(=O)NC(=O)C(=O)[O-],0
VEJZUI,NC(=O)N1c2ccccc2C=Cc2ccccc12.NS(=O)(=O)c1cc2c(NC=NS2(=O)=O)cc1Cl,1
VEKBAR,C1N2CN3CN1CN(C2)C3.NS(=O)(=O)c1cc2c(NC=NS2(=O)=O)cc1Cl,0
HISRAC,C1CCOC1.Oc1ccc(cc1)N1C(=CC=C1C(O)=O)C(O)=O,0
REPFEX,[NH3+]C(C(C)O)C(O)=O.OC(=O)C(=O)[O-],0
SEYWUP,[NH3+]CC(O)=O.Cc1ccc(cc1)S(=O)(=O)[O-],0
GEQXIL,OC(=O)c1cc(Cl)cc(Cl)c1.CCOc1ccccc1C(N)=O,0
MEWJIK,c1cc(ccn1)c1ccncc1.CCOC(=S)Nc1ccccc1,0
NOSVAV,OC(=O)Cc1ccc(O)c(Cl)c1.c1ccc2nc3ccccc3nc2c1,0
POXJAQ,Cc1ccc(cc1)S(=O)(=O)[O-].C[n+]1ccc(cc1)C=Cc1ccccc1O,0
DUTTOC,CCc1[nH+]c(N)nc(N)c1c1ccc(Cl)cc1.O=S(=O)([O-])c1cccnc1,0
ZAPTET,OC1=C(Br)C(=O)C(=C(Br)C1=O)O.O=C1CCCN1,0
GUPCEC,Brc1ccccc1C(=O)[O-].Fc1ccc(cc1)N1CC[NH2+]CC1,0
PEBFIL,OC(C(O)C(=O)[O-])C(O)=O.Nc1[nH+]cc(cc1)N(=O)=O,1
AHUDAK,FC(F)(F)S(=O)(=O)[O-].CN1C(=C(C)[N+](=C1P(C#N)C#N)C)C,0
HONVOW,c1cc(ccn1)C=Cc1ccncc1.OC(=O)c1ccc2cc(O)ccc2c1,0
TICROO,Nc1ccc(cc1)S(=O)(=O)Nc1ncccn1.c1cc(ccn1)C#Cc1ccncc1,0
RIGDUI,CCOC(=O)C(=N=[N])[S+](C)C.FC(F)(F)S(=O)(=O)[O-],0
TPTPCM,[NH3+]C(CC1=CNc2ccccc12)C(O)=O.O=N(=O)c1cc(c([O-])c(c1)N(=O)=O)N(=O)=O,0
MOGWAI,Cc1cccnc1.OC(=O)C=CC(O)=O,0
PUCLEH,Cc1ccc(cc1)S(=O)(=O)[O-].CC(O)=[NH+]c1ccc(O)cc1,0
CONVAD,[NH3+]C(CCCCN)C(O)=O.OC1=C([O-])C(=O)C1=O,1
PUVMIC,c1ccc(nc1)c1ccccn1.Oc1cc(O)cc(O)c1,0
CIVPUW,OC(=O)c1cccc2ccccc12.CCC(C)=NNC(=O)c1ccncc1,0
WADNUN,CCCCC(=O)[O-].[NH3+]Cc1ccc(Br)cc1,0
GENLOB,OC(=O)CCCCCCCCC(O)=O.NC(=O)c1ccc(Cl)cc1,0
IXAJIC,NC(=O)C1=NON=C1N=NC1=NON=C1C(N)=O.CS(C)=O,0
CUMNEE,c1cc(ccn1)C=Cc1ccncc1.OC(=O)c1cccc(C(O)=O)c1c1c(cccc1C(O)=O)C(O)=O,0
NEWSOY,CC(=O)Nc1cc[nH+]cc1.OC(=O)CCCC(=O)[O-],0
TAZXAU,NC1=[NH+]C(=O)NC=C1.OC(=O)c1cccc(c1)C(=O)[O-],0
RUQSOM,OC(=O)c1cc(ccc1C(=O)[O-])N(=O)=O.[NH3+]CCc1ccc(O)cc1,0
RACFUA,COS(=O)(=O)[O-].COC(=O)NC1=[NH+]c2cc(ccc2N1)C(=O)c1ccccc1,0
GEBMEF,CC(=O)OCC[N+](C)(C)C.O=N(=O)c1cc(c([O-])c(c1)N(=O)=O)N(=O)=O,0
RADFEI,Nc1ncccn1.OC(=O)COc1c(Cl)cccc1Cl,0
MOZDAH,OC(=O)c1ccc(O)cc1.CN1C=NC2=C1C(=O)N(C)C(=O)N2C,0
KOTMEN,CC(C)O.[NH3+]C(C(O)c1ccccc1)c1ccccc1.OC(C(=O)[O-])c1ccccc1,1
SOVHEQ,c1cc(ccn1)c1ccncc1.OC(=O)CCSCCC(O)=O,0
LUZQEC,FC(F)(F)S(=O)(=O)[O-].C[n+]1ccc(Sc2ccncc2)cc1,0
WIWBOV,c1ccc(nc1)c1nnc(nn1)c1ccccn1.OC(=O)c1c(Br)c(Br)c(C(O)=O)c(Br)c1Br,0
QAMRUS,c1cc(ccn1)c1ccncc1.Oc1ccc(O)cc1,0
INIHUL,[NH3+]c1cc(ccc1O)C1=[NH+]CCCCN1.CS(=O)(=O)[O-],0
AHEROU,Oc1c(cc(cc1N(=O)=O)N(=O)=O)C(=O)[O-].O[NH+]=Cc1ccccc1O,0
KIHXUV,Oc1ccc(cc1)C#N.c1ccc(cc1)c1ccncc1,0
VAYGIM,CC[N+](C)(CC)OC1CCC(O)CC1.FC(F)(F)S(=O)(=O)[O-],0
BULTUZ,OC(=O)c1ccc(Br)cc1.N#Cc1ccncc1,0
JAKPOB,Oc1ccc(cc1)c1ccc(O)cc1.Nc1ccc(Oc2ccc(N)cc2)cc1,0
KUFBIY,Oc1cc2C(=O)Oc3c(O)c(O)cc4C(=O)Oc(c1O)c2c34.CNC,0
COBLAG,Oc1ccc(cc1)c1ccc(O)cc1.c1cc(ccn1)c1ccncc1,0
XOTYUB,CCOc1ccc(cc1)C(O)=O.c1cc(ccn1)c1ccncc1,1
DATFEL,CC(=O)NC1=NN=C(S1)S(N)(=O)=O.NC(=O)c1ccccc1O,0
NIKYAK,c1cc(ccn1)c1ccncc1.Oc1ccc(cc1)C1=C(O)C(=O)c2c(O)cc(O)cc2O1,0
ENICOU,OC(=O)CCC(O)=O.CN1C(=C(O)c2ccccc2S1(=O)=O)C(=O)NC1=NC=C(C)S1,0
ZEYJAQ,NC1=[NH+]C(=O)NC=C1.OC(=O)CC(=O)[O-],0
JIGJOB,CS(C)=O.O=C1NC(=S)NC1(c1ccccc1)c1ccccc1,0
RADDUW,NC1=[NH+]CCS1.Clc1ccc(Cl)c(OCC(=O)[O-])c1,0
ZAQRES,c1cc(ccn1)c1ccncc1.CCCCCCCC(O)=O,0
PAHCIL,[NH3+]C(C(C)C)C(O)=O.[NH3+]C(C(C)C)C(=O)[O-].O=N(=O)c1cc(c([O-])c(c1)N(=O)=O)N(=O)=O,0
TUMWOP,C[NH+]1C2CCC1CC(=O)C2.O=C([O-])c1ccc(cc1)N(=O)=O.OC(=O)c1ccc(cc1)N(=O)=O,0
TEFMEW,[NH3+]CCCCC([NH3+])C(=O)[O-].O=N(=O)c1cc(c([O-])c(c1)N(=O)=O)N(=O)=O,1
LUSXII,[NH3+]CC(CC(O)=O)c1ccc(Cl)cc1.OC(=O)C=CC(=O)[O-],1
EWAROK,c1cnc2c(c1)ccc1cccnc21.Cc1cc(O)cc(O)c1,0
GAZSIN,CC1=C[NH+]=C(N)S1.Clc1ccc(OCC(=O)[O-])cc1,0
UVIMES,CN1C=NC2=C1C(=O)N(C)C(=O)N2C.OC(=O)C(F)(F)C(F)(F)C(F)(F)C(F)(F)C(O)=O,0
GESREF,NC1=N[N+]2(CCSCC2)CC1.Cc1ccc(cc1)S(=O)(=O)[O-],0
DOCWOK,O=C(CN1C=[NH+]C=C1)c1ccccc1.O=C([O-])c1cc(cc(c1)N(=O)=O)N(=O)=O,0
NABMAH,[NH3+]C(c1ccccc1)c1ccccc1O.COc1ccc2cc(ccc2c1)C(C)C(=O)[O-],1
TOWPIH,OC12CC[NH+](CC1)CC2.O=C([O-])c1cc(cc(c1)N(=O)=O)N(=O)=O,0
PARWOV,O=C([O-])c1cccc(c1)N(=O)=O.COc1cc(Cc2c[nH+]c(N)nc2N)cc(OC)c1OC,1
UFEWAG,OC(=O)CCCCCC(O)=O.NC(=O)c1ccc(N)cc1,1
NAQNAX,NC1=Nc2ccc(OC(F)(F)F)cc2S1.OC(=O)CCCC(O)=O,0
LOQZEZ01,[2H]OC(=O)c1c(F)c(F)c(c(F)c1F)C(=O)[O-].[2H][N+]([2H])([2H])CCCOC,0
NIJLIE,O=C([O-])C12CC3CC(CC(C3)C1)C2.NC(=O)C1[NH2+]CCC1,1
YOCZIB,OC(=O)c1c(F)c(F)c(C(O)=O)c(F)c1F.Cc1cncc(C)n1,0
KAYHID,O=C(Nc1ccccn1)c1cccnc1.OC(=O)CC(O)=O,0
JIHNAS,Nc1c(Cl)cc(cc1Cl)S(N)(=O)=O.c1cnc2c(c1)ccc1cccnc21,0
IWOQES01,c1ccc2ncccc2c1.OP(O)(O)=O,0
CUZLUH,CC(=O)NC(=S)NC(C)=O.CC(=O)NC(N)=S,0
ZEYLEW,OC(=O)C12CC3CC(C1)CC(C3)(C2)C(=O)[O-].[NH2+]=C1NC(=O)NC=C1,0
DINKAO,OC(=O)C=CC(=O)[O-].NC1=[NH+]C(=O)NC=C1F,0
GALBIF,OC(=O)CCC(O)=O.c1cc(ccn1)N=Nc1ccncc1,0
YIVZIP,Oc1cncc(c1)C(O)=O.CS(C)=O,0
FIVXIU,FC(F)(F)S(=O)(=O)[O-].[NH3+]OS(C)(=O)=O,1
CATHUC,O=C([O-])C1=CC=CN1.[NH3+]C(C(O)c1ccccc1)c1ccccc1,0
CEMPAP,c1cc(ccn1)C=Cc1ccncc1.OB(O)c1cccc(c1)B(O)O,0
LUMYOH,CC(C)(O)C#Cc1cccc(Br)n1.O=P(c1ccccc1)(c1ccccc1)c1ccccc1,0
GOGQID,NC(=O)c1cccnc1.CCOC(=O)c1ccc(O)cc1,0
XUBYOK,CN(C)C=O.COC(=O)C=C1SC(NC1=O)=NN=Cc1ccccc1OC,0
ZAJJAV,Nc1ncccn1.Nc1ccccc1C(O)=O,0
QISMIQ,OC(=O)c1ccc(OCc2cccc(c2)C(O)=O)cc1.C(Cc1ccncc1)Cc1ccncc1,0
SORWIF,Nc1ccc(cc1)C(O)=O.Cc1cc(C)nc(NS(=O)(=O)c2ccc(N)cc2)n1,0
YIFXUH,[NH3+]NC(N)=S.O=N(=O)c1cc(c([O-])c(c1)N(=O)=O)N(=O)=O,0
MEANBC10,CCN(C)(=[OH+])c1ccccc1.CC1(CS(=O)(=O)[O-])C2CCC1(C)C(=O)C2Br,1
LABKAE,[NH3+]CC(CC(O)=O)c1ccc(Cl)cc1.Clc1ccc(OCC(=O)[O-])c(Cl)c1,0
IVUNIX,C[NH+](C)C(C)C(O)c1ccccc1.CS(=O)(=O)[O-],1
KIHXOP,Oc1cccc(c1)C#N.c1cc(ccn1)C=Cc1ccncc1,0
DARWOJ,FC(F)(F)C(=O)[O-].COC(=O)C1[NH2+]C2C=C(Cl)CCC2(CCC#C)C1,1
ZOHWOK,NC(=O)c1cccc(N)c1.OC(=O)c1ccc(O)cc1,0
HOFYOT,NC(=O)c1ccncc1.OC(=O)CCCCCC(O)=O,0
SAFNOF,OC(=O)C1[NH2+]CSC1.O=N(=O)c1cc(c([O-])c(c1)N(=O)=O)N(=O)=O,1
HIDVUM,[NH3+]c1cccc2c(O)cccc12.OC(=O)c1cc(cc(c1[O-])N(=O)=O)N(=O)=O,0
IJAHOR,Nc1nnc(c(N)n1)c1cccc(Cl)c1Cl.CC(C)O,0
PITYEW,Nc1ccc(cc1)c1ccc(N)cc1.Oc1ccc(O)cc1,0
WARNUB,c1cc(ccn1)C=Cc1ccncc1.OB1OCc2cc(F)ccc12,0
NEWNIP,OC(=O)c1c2ccccc2cc2ccccc12.Nc1[nH+]cccc1Br.O=C([O-])c1cc(cc(c1)N(=O)=O)N(=O)=O,0
PEVCIF,NS(=O)(=O)[O-].[NH3+]C(CC1=C[NH+]=CN1)C(O)=O,1
ZAPFAX,Oc1ccc(O)cc1.NN,0
COZZOH,Cc1nc(C)c(C)nc1C.Oc1ccc(O)cc1,0
IVUPIZ,C[NH+](C)C(C)C(O)c1ccccc1.OC(=O)CC(=O)[O-],1
HIDCEG,OC(=O)C=CC(=O)[O-].[NH3+]CC(CC(C)C)CC(O)=O,0
XISPOH,CN(C)c1ccncc1.CC(=O)c1c(ccc2cccc(O)c12)C(C)(C)C,0
TEKSAH,FC(F)(F)S(=O)(=O)[O-].O=S1[n+]2ccccc2c2cccc[n+]12,0
VESZIF,COc1cc(ccc1O)C(O)=O.c1ccc2nc3ccccc3nc2c1,0
PAMPIF,[NH3+]C(C)c1ccccc1O.COc1ccc2cc(ccc2c1)C(C)C(=O)[O-],1
NUKYEY,OC(=O)CCCC(O)=O.NC(=O)c1cccnc1,0
LUJJAC,CC(=O)[O-].[NH3+]CC1(O)OCC(O)C(O)C1O,0
BAGFAS,C[n+]1cccc(c1)B(O)O.CS(=O)(=O)[O-],0
XUCKOX,NC1=C(c2c(F)c(F)c(F)c(F)c2C1(F)F)C(=O)C(F)(F)F.C1COCCO1,0
ODEFUZ,CCC(SC1=Nc2ccccc2N1)C(=O)[O-].CCC(SC1=[NH+]c2ccccc2N1)C(O)=O,0
CILLOA,Cc1cccc(NC(=O)C(C)(C)C)n1.OC(=O)c1ccccc1,0
LUNMIQ,NC(=O)c1ccncc1.CN(C)c1cccc(c1)C(O)=O,0
TEJVUZ,OCC(=O)[O-].[NH3+]C(CC1=C[NH+]=CN1)C(=O)[O-],0
GAWHET,CN1C(=O)N(C)C(=C(C1=O)N(=O)=O)[O-].CC(C)N1C(=C(C)[N+](=C1Cl)C(C)C)C,0
BIDHUS,O=N(=O)c1ccccc1S(=O)(=O)[O-].Nc1[nH+]cc(cc1)N(=O)=O,1
ENIKIY,c1cc(ccn1)C=Cc1ccncc1.OC(=O)CCCC#C,0
EPUJUW,OC(=O)CN1CSCCSC1.CS(C)=O,0
UKISIT,Cc1cccc2SC(=Nc12)N.Nc1cccc(c1)C(=O)[O-].Cc1cccc2SC(=[NH+]c12)N,0
DADNAA,NS(=O)(=O)c1cc2c(NCNS2(=O)=O)cc1Cl.OC(=O)c1ccncc1,1
ISIJEA,NC(=O)c1ccncc1.OC(=O)CCCCCC(O)=O,0
LODHIX,Oc1cc(cc(O)c1O)C(=O)[O-].NNC(=O)c1cc[nH+]cc1,1
YADHIW,[NH3+]c1ccc(OCC)cc1.OC(=O)c1ccccc1C(=O)[O-],0
XOKSUN,OC(=O)c1cccc(O)c1.C1N2CN3CN1CN(C2)C3,0
TACDAE,C(Cc1ccncc1)c1ccncc1.OC(=O)CCCCCC(O)=O,0
APAWAR,CN(C)C=O.OC(=O)c1cccc2c1NC(=O)NS2(=O)=O,0
EDATOS,Oc1ccccc1C(=O)[O-].NC1=[NH+]C(=O)NC=C1F,0
HIHPIY,Clc1ccc(cc1C(=O)[O-])N(=O)=O.Cc1[nH+]c2c(O)cccc2cc1,0
MBZDCN,CN(C)c1ccc(cc1)c1ccc(cc1)N(C)C.ClC1=C(Cl)C(=O)C(=C(Cl)C1=O)Cl,0
AJOHEP,Oc1ccc2ccccc2c1C=NN1CCOCC1.Fc1c(F)c(Br)c(F)c(F)c1Br,0
RIDWEH,CCOP([O-])(=S)c1ccccc1.[NH3+]C(C(O)c1ccccc1)c1ccccc1,0
FEQXEF,C1N2CN3CN1CN(C2)C3.COC(=O)c1cc(O)cc(O)c1,1
DETGAN,NC(N)=O.CN(C)c1ccncc1,0
NOVTAT,OC(=O)CC1c2ccccc2c2ccccc12.c1ccc2nc3ccccc3cc2c1,0
QUWZEO,Oc1c(F)c(F)c(O)c(F)c1F.c1cnccn1,0
GEHKEK,C[NH2+]C(C)C(O)c1ccccc1.OC(CC(O)=O)C(=O)[O-],1
LEDYUQ,C1CN2CCN1CC2.OC(=O)C=CC=CC(O)=O,0
VUKPEY,Cc1[nH+]cc(CO)c(CO)c1O.Oc1ccc(cc1)C(=O)[O-],0
IAAMTA,O=C([O-])CC1=CNc2ccccc12.[NH3+]CCC1=CNc2ccc(OC)cc12,0
ZINDEI,OC1=C([O-])C(=O)C1=O.[NH3+]C(CC(C)C)C(O)=O,0
KUQRAQ,Oc1cccnc1C(=O)[O-].CCc1[nH+]c(N)nc(N)c1c1ccc(Cl)cc1,0
NUKZEZ,NC(=O)c1cccnc1.OC(=O)CCCCCCC(O)=O,0
YUDDIM,[NH3+]C(CCSC)C(O)=O.O=N(=O)c1cc(c([O-])c(c1)N(=O)=O)N(=O)=O,1
QUBRUB,OC(=O)c1ccccc1C(=O)[O-].[NH3+]c1ccccc1O,0
TOJNEO,CC1(C)C(CCC1(C)C(O)=O)C(=O)[O-].[NH3+]C(C(N)=O)c1ccccc1,1
TUQYIN,C[NH+]=P(N(C)C)(N(C)C)N(C)C.CC(=O)[O-],0
IGERUJ,Oc1cc2ccccc2cc1C(=O)[O-].Oc1c[nH+]ccc1,0
OQIHAA,O=N(=O)c1cc(c([O-])c(c1)N(=O)=O)N(=O)=O.Clc1cccc(N2CC[NH2+]CC2)c1Cl,0
USAKIJ,OB(O)c1ccc(O)cc1.c1cnc2ccc3ncccc3c2c1,0
FOQHOI,Oc1ccc(cc1)c1ccc(O)cc1.c1ccc2nc3ccccc3nc2c1,0
SIQBEB,[NH3+]c1cccc(Cl)c1.O=N(=O)c1ccc(c(c1)N(=O)=O)S(=O)(=O)[O-],0
ZIKPOY,OCC[NH2+]CCO.Clc1cccc(Cl)c1Nc1ccccc1CC(=O)[O-],0
AFIRIU,CC(=O)Nc1ccc(cc1)C(O)=O.NC(=O)N1c2ccccc2C=Cc2ccccc12,0
SUYNIM,CC1=C(C)[N+](=CN1O)O.O=C1NC(=O)C=C([O-])N1,0
ZUPZUI,[NH3+]Cc1ccc(Cl)cc1.ClC(Cl)C(=O)[O-],0
RAVXUK,O=Cc1ccncc1.OC(=O)c1ccc(Cl)cc1O,1
XEGJAW,OC(=O)CCCCCCCC(=O)[O-].CCc1[nH+]c(N)nc(N)c1c1ccc(Cl)cc1,0
VIXDAK,COC(=O)C1[NH2+]CC(C1)N=[N+]=[N-].FC(F)(F)C(=O)[O-],1
AMOZAG,Nc1[nH+]cc(Br)cc1.O=C([O-])C#Cc1ccccc1,0
BIYGAT,Fc1c(F)c([O-])c(F)c(F)c1Br.[NH2+]1CCSCC1,0
CEZCUH,FC(F)(F)S(=O)(=O)[O-].FCCN1C=C[N+](=C1)c1ccccc1,0
REGSEF,CS(=O)(=O)[O-].CC[N+]1=C(C)Sc2ccccc12,0
CETTIE,[NH3+]CC1=CC=CS1.COC(=O)C1=C([O-])N(CC2=CC=CS2)N=N1,0
FIPREB,CN(C)C=O.NC1=NN=CN1C(=NNc1ccccc1)C(=O)c1ccc(Cl)cc1Cl,0
TOJMAJ,CC(CC(O)=O)C(=O)[O-].[NH3+]C(C(N)=O)c1ccccc1,1
KEFCEE,OC(=O)CCCCCCCCC(O)=O.CC(=O)Nc1ccccn1,0
TENHAY,FC(F)(F)C(=O)[O-].NC1=[NH+]N=C(N)C2=N([O])ON=C12,0
GAPYOO,Oc1ccc(cc1F)N(=O)=O.[NH3+]C(CC1=C[NH+]=CN1)C(=O)[O-].Fc1cc(ccc1[O-])N(=O)=O,1
JEGBAZ,C(N1C=CN=C1)c1ccc(CN2C=CN=C2)cc1.ON=C(C#N)c1ccc(Br)cc1,0
UZUYUL,Cc1cccc(Nc2ccccc2C(O)=O)c1C.Cc1cccnc1,0
DUDDIQ,C1CN=C(N1)c1ccc(cc1)C1=NCCN1.Nc1ccc(cc1)S(O)(=O)=O,0
OPITOX,Cc1[nH+]c(CO)c2COC(C)(C)OCc2c1O.Cc1ccc(cc1)S(=O)(=O)[O-],0
NUXFIV,CC(=O)[O-].Oc1ccc(O)c2SC(Sc12)=[N+]1CCCC1,0
MUPNIV,NC(=O)c1cccnc1.COc1cc(C=CC(O)=O)ccc1O,0
OJUBOM,OC(=O)CCCC(O)=O.Nc1nc(N)nc(n1)c1ccc(Cl)cc1,0
ODOBIT,Cc1nc(C)c(C)nc1C.OC(=O)c1ccc(O)cc1,1
VELCAT,OC(C(O)C(=O)[O-])C(O)=O.[NH3+]CCCC(O)=O,0
SOGSEP,NC(=O)c1ccc(O)cc1.NC(=O)N1c2ccccc2C=Cc2ccccc12,0
LOCLOF,OC(=O)C(=O)[O-].[NH3+]C(CS)C(O)=O,0
JAHJIP,Oc1cccc(O)c1C(=O)[O-].CN1C=[NH+]C2=C1C(=O)N(C)C(=O)N2C,0
PUPHAK,CN1C=NC2=C1C(=O)N(C)C(=O)N2C.OC(=O)c1cc(O)cc(c1)C(O)=O,0
EJEDUU,Cc1ccc(cc1)S(=O)(=O)[O-].COc1ccc2C3[NH+](CCc2c1)CC1CCC3C1,0
EXISOW,OCC[NH2+]CCO.Oc1c(ccc2ccccc12)C(=O)[O-],0
RADDOQ,c1cc(ccn1)c1ccncc1.OC(=O)COc1cc(Cl)cc(Cl)c1,0
TAPCEW,N#Cc1cccnc1.CC1=CC(=NO1)NS(=O)(=O)c1ccc(N)cc1,0
TICFOA,C1CNCCN1.Oc1ccc(Sc2ccc(O)cc2)cc1,0
PORNIV,FC(F)(F)S(=O)(=O)[O-].CC1=[NH+]N(C(=C1)C)c1ccc(cn1)N(=O)=O,0
CISDEP,FC(F)(F)S(=O)(=O)[O-].C[N+]1=CN(N=C1)c1ccc(cc1N(=O)=O)N(=O)=O,0
FOMFIX,OC(=O)c1cc(ccc1C(=O)[O-])N(=O)=O.[NH3+]c1ccc(Br)cc1,0
HAJCAY,C[S+](C)(C)=O.O=C1[N-]C(=O)c2ccccc12,0
OCAKAF,Oc1c[nH+]ccc1.OC(=O)COc1cccc(OCC(=O)[O-])c1,0
JUNXAU,Cc1c(O)cccc1O.Cc1nc(C)c(C)nc1C,0
BIDJII,O=S(=O)([O-])c1ccccc1.Nc1[nH+]cc(cc1)N(=O)=O,0
QUKKOY,Nc1ccc(Cl)cn1.Cc1cccc(c1)C(O)=O,0
LIYBUT,CN(C)C=O.Clc1ccc(NC(=S)N2CCOCC2)cc1,0
NUMHEK,NS(=O)(=O)c1ccc(Cl)cc1.O=C1CCCCCN1,0
DIGCIG,O=C(Nc1cccnc1)Nc1cccnc1.O=C(Nc1c[nH+]ccc1)Nc1cccnc1.OC(=O)CCCCC(=O)[O-],0
ULAWOT,NC(=O)c1ccncc1.OC(=O)CCCC(O)=O,0
MOZMIY,[NH3+]NC(N)=O.OC(=O)c1cccc(n1)C(=O)[O-],0
VECVAC,COCC12C[NH2+]CCC1(C2)c1ccc(Cl)c(Cl)c1.OC(C(O)C(=O)[O-])C(O)=O,0
JOFHOC,NC(=O)C1c2ccccc2C=Cc2ccccc12.C1COCCO1,0
KUZGOD,OC(=O)C1C[NH2+]CCC1.Clc1cc(cc(Cl)c1[O-])N(=O)=O,0
HICZIF,NC(=O)c1ccncc1.OC(=O)CC(O)(CC(O)=O)C(O)=O,1
WEXKEP,CN1c2ccc(Br)cc2c2cc(Br)ccc12.O=C1OC(=O)c2cc3C(=O)OC(=O)c3cc12,0
DUVCIH,Nc1[nH+]cc(Br)cc1.Oc1ccccc1C(=O)[O-],0
DUNVUE,CN(C)C=O.NC(=S)NN=Cc1cccc(c1)C#N,0
TECMUK,NC(=O)C1[NH2+]CCC1.OC1=C([O-])C(=O)C1=O,1
LATSEG,OC(=O)c1ccc(O)cc1O.O=C1CCC(=O)N1,0
XETHEN,OC(=O)C(=O)[O-].C[NH+]1CC(O)c2cc(O)ccc2C1c1cccc(O)c1,0
XUYVAO,OC(=O)C1[NH2+]CCC1.ClC(Cl)(Cl)C(=O)[O-],1
WEKDID01,NC(=O)c1ccccc1.NC(=O)N1c2ccccc2C=Cc2ccccc12,0
XIBCAP,[NH3+]N(C)C(N)=O.O=N(=O)c1cc(c([O-])c(c1)N(=O)=O)N(=O)=O,0
ERAHAJ,NC(=O)c1ccncc1.OC(=O)Cc1ccccc1CC(O)=O,0
DEVGOA,[NH2+]1CCOCC1.CS(=O)(=O)[N-]S(C)(=O)=O,0
ELEGUY,c1cc(ccn1)c1ccncc1.OC(=O)CCC(=O)CCC(O)=O,0
APUYUI,OC(=O)c1cc(O)cc(O)c1.CC1=NNC(=O)N(C1)N=Cc1cccnc1,0
CURFOM,C[NH2+]C(C)C(O)c1ccccc1.CC(C)CC(CN(=O)=O)C(=O)[O-],1
TUMWIJ,O=C([O-])c1ccc(cc1)N(=O)=O.C[NH+]1C2CCCC1CC(=O)C2,0
EYIYIU,Oc1cccc2ccc[nH+]c12.Nc1ccccc1S(=O)(=O)[O-],0
BOZFUT,CC(=O)[O-].CC12C[NH2+]CC(C)(CNC1)C2=O,1
LULROC,OC(=O)Cc1ccccc1Nc1c(Cl)cccc1Cl.C(Cc1ccncc1)Cc1ccncc1,0
TAFCAI,CC1=C(N)C(=O)C=C2Oc3cc(Br)ccc3N=C12.CS(C)=O,0
GABZUF,OC(=O)CCC(O)=O.N(c1cccc(Nc2ccccn2)c1)c1ccccn1,0
PIGZEN,CC(=O)[O-].CC1=CC(=[NH+]C(N1)c1ccc(O)cc1)C,1
BUWNIS,Oc1cc(cc(O)c1O)C(=O)[O-].CC1=C[NH+]=C(N1CCO)N(=O)=O,0
CIDDAV,Nc1nc(N)nc(N)n1.O=C1NC(=O)c2ccccc12,0
DEVYEL,Oc1ccc(cc1)C=Cc1cc(O)cc(O)c1.C1CNCCN1,0
VEMPOV,[O-]N=C(C#N)C#N.CSC(N)=[NH2+],0
TUDPIR01,[NH3+]C(CO)(CO)CO.Clc1cccc(Cl)c1Nc1ccccc1CC(=O)[O-],0
KAXROS,c1cc(ccn1)C=Cc1ccncc1.OC(=O)C=CC=CC(O)=O,0
JOKYUG,Nc1ccncc1.Nc1ccc(cc1)S(=O)(=O)Nc1ccc(Cl)nn1,0
IDIXUR,Oc1ccccc1C(=O)[O-].CC1=CC(=O)NC(=[NH2+])N1,0
HILJAP,c1cc(ccn1)c1ccncc1.OC(=O)CCl,0
IPEKUM,NC=S.CCOC(C)=O,0
YEQCED,FC(F)(F)S(=O)(=O)[O-].CN1N2CN3C[N+](C)(C2)N(C)P1(=S)N3C,0
ZOXVUF,Oc1cccc2cccnc12.CC1=CC(=NO1)NS(=O)(=O)c1ccc(N)cc1,0
NAYCOH,Oc1ccc2[nH+]cccc2c1.O=C([O-])c1cc(cc(c1)N(=O)=O)N(=O)=O,0
NEBXAV,OC(=O)C=Cc1ccccc1.COc1cc(OC)nc(N)n1,0
OVUMEY,Nc1nnc(c(N)n1)c1cccc(Cl)c1Cl.OC(=O)c1ccc(F)cc1.Nc1[nH+]nc(c(N)n1)c1cccc(Cl)c1Cl.Fc1ccc(cc1)C(=O)[O-],1
EYEGOG,c1cc(ccn1)C=Cc1ccncc1.CCOc1ccc(cc1)C(O)=O,0
EZAQAA,Oc1cccc(O)c1C(=O)[O-].COc1[nH+]c(N)nc(OC)c1,0
SOYQED,CS(=O)(=O)[O-].CC(=[OH+])NC12CC3CC(CC(C3)C1)C2,0
KOBHIW,NC1=N[N+]2(CCSCC2)CC1.O=N(=O)c1ccccc1S(=O)(=O)[O-],0
JUGWUF,Nc1[nH+]cc(Cl)cc1.Clc1cc(ccc1C(=O)[O-])N(=O)=O,0
CUJMUP,CC1[NH2+]C(C)c2cc(Br)ccc2C1.OC(C(=O)[O-])c1ccccc1,0
HOFZIM,OC(=O)c1cc(Cl)c(Cl)cc1C(=O)[O-].[NH3+]c1cccc(c1)C(O)=O,0
YOWZEP,O=N(=O)c1ccc2[N-]N=C(c2c1)N(=O)=O.O=N(=O)c1ccc2NN=C(N3CC[NH2+]CC3)c2c1,1
ZUPGEZ,[H]1[BH]234[CH]56[CH]78[BH-]9%10[BH]%1112[BH]129[BH]97%10[BH]758[BH]536[BH]4%111[BH]2975.COc1cc[n+](C)cc1,0
EWANAS,N#Cc1ccncc1.Cc1cc(O)cc(O)c1,0
UNEYUH,O=Cc1ccc(C=O)cc1.NC(=O)N1c2ccccc2C=Cc2ccccc12,0
HXSUCB,O=C1CCC(=O)N1[O-].[NH3+]Cc1ccc(Cl)cc1,1
WERLEO,NC1=[NH+]C(=O)NC=C1.Clc1cccc(Cl)c1Nc1ccccc1CC(=O)[O-],1
IFOSUT,C[N+]1=CN(C=C1)C1=Cc2ccccc2OC1=O.O=N(=O)c1cc(c([O-])c(c1)N(=O)=O)N(=O)=O,1
AWUQEP,CC1(C)[NH2+]C(C)(C)CC(=O)C1.Clc1ccc(cc1N(=O)=O)C(=O)[O-],0
ZOHTIB,Nc1cccc(Cl)c1.Oc1cc(Cl)c(Cl)c(Cl)c1,0
BURXUJ,FC(F)(F)S(=O)(=O)[O-].C[NH2+]CCN(C)C(=O)Nc1cccc2cccnc12,0
FIJSOG,COC(=O)C(C)C1[NH2+]CCCC1.O=N(=O)c1cc(c([O-])c(c1)N(=O)=O)N(=O)=O,0
CUFRUT,NC1=NC(=NO1)C1=NON=C1[N-]N(=O)=O.[NH3+]NC(=O)NN,1
XIYSII,[NH3+]c1ccccc1F.Fc1ccccc1NC(=O)C(=O)[O-],0
XUMMAW,[NH3+]C(CO)(CO)CO.OC(=O)CC(=O)[O-],0
LATNEB,NS(=O)(=O)Oc1ccc2C3=C(CCCCC3)C(=O)Oc2c1.CS(C)=O,0
KUVJOB,OC(=O)C(=O)[O-].[NH3+]c1ccc(Cl)cc1,0
WEFNUR,O=C([O-])c1ccc(cc1)N(=O)=O.OCC[NH+](CCO)C(CO)(CO)CO,0
EQOSEL,FC(F)COCc1cc[nH+]cc1.O=C1[N-]S(=O)(=O)c2ccccc12,0
CINXIH,CC(=O)[O-].NC(N)=[NH+]N=C(c1ccccc1)c1cc(Cl)ccc1N,0
NUBBAN,c1cnc2c(c1)ccc1cccnc21.Oc1ccc2ccccc2c1c1c(O)ccc2ccccc12,0
ROQPEU,[NH2+]=C1NC(=O)N(C=C1)C1CSC(CO)O1.OC(=O)C(=O)[O-],1
YUHVUS,NC(N)=[S+]Cc1ccccc1.OC(=O)CCC(=O)C(=O)[O-],0
UKEXIU,Cc1[nH+]cc(CO)c(CO)c1O.O=C([O-])c1cc(cc(c1)N(=O)=O)N(=O)=O,0
LABRAK,CS(=O)(=O)[N-]S(C)(=O)=O.[NH3+]c1ccc(Cl)cc1.C1COCCOCCOCCOCCOCCO1,1
OZOSIH,Oc1ccccc1C(=O)[O-].ON=Cc1cc[nH+]c2ccccc12,0
CAVCUY01,OC(C(O)C(=O)[O-])C(O)=O.[NH3+]CCCCC([NH3+])C(=O)[O-],1
CIWMAZ,CC[NH2+]CCO.O=C([O-])c1ccc(cc1)N(=O)=O,0
EGENUB,NS(=O)(=O)c1cc2c(NCNS2(=O)=O)cc1Cl.C(Cc1ccncc1)c1ccncc1,0
QUCNOS,OC(=O)C=CC(=O)[O-].Oc1cccc2ccc[nH+]c12,0
BIKYOJ,C1COCCOCCOCCOCCOCCO1.NC(=[NH2+])O.O=N(=O)c1cc(c([O-])c(c1)N(=O)=O)N(=O)=O,0
APUWAM,OC(=O)C(=O)[O-].CC1=NNC(=O)N(C1)N=Cc1c[nH+]ccc1,0
JOBZUY,CN1CC(=O)NC1=[NH2+].OC(=O)C=CC(O)=O.O=C([O-])C=CC(=O)[O-],0
JEDVIB,c1cnc2c(c1)ccc1cccnc21.OC(C(F)(F)F)C(F)(F)F,0
QIJCUH,c1cc(ccn1)c1ccncc1.OC1=CC(=O)C(=CC1=O)O,0
VEJBOC,CC1(C)[NH2+]C(C)(C)CC(=O)C1.S=C=[N-],0
EHIQAQ,S=C([S-])N1CCCCC1.C[N+](C)(C)CCO,0
YARPAL,FC(F)(F)S(=O)(=O)[O-].Fc1c(F)c(F)c2c3ccccc3c3cccc[n+]3c2c1F,0
PIJSUZ,C1N2CN3CN1CN(C2)C3.Oc1ccc2ccc(O)cc2c1,0
NUZTUZ,COc1ccc(C=CC(O)=O)cc1.NC(=O)c1ccncc1,0
NUMJAI,NS(=O)(=O)c1ccccc1Cl.O=C1CCCCCN1,0
HEXYIT,FC(F)(F)C(=O)[O-].CC(NC(=S)C1[NH2+]CCC1)c1ccccc1,1
FICBIE,Cc1cccc2SC(=Nc12)N.OC(=O)CCCCC(O)=O,0
KIJFOC,Oc1cccc(O)c1.CCOc1ccccc1C(N)=O,0
LUWHIU,O=S(=O)([O-])c1ccccc1.COc1cc(Cc2c[nH+]c(N)nc2N)cc(OC)c1OC,0
PEXTUK,[NH3+]Cc1cccc(Cl)c1.O=C[O-],0
SUVJEY,Nc1ncccn1.OC(=O)c1ccc(cc1)C(O)=O,0
HEPSAZ06,[2H]OC(=O)c1ccc(cc1)C(=O)[O-].[2H][N+]1=CN([2H])C=C1,0
CIRXAD,OC(=O)CCC(O)=O.NN1C=NN=C1,0
DOPCUG,CCC1(C)CC(=O)NC(=O)C1.CCCC(=O)Nc1cccc(NC(=O)CCC)n1,0
YUCQUJ,c1cc(ccn1)c1ccncc1.Oc1ccc(Cc2ccc(O)cc2)cc1,0
FUHMUT,FC(F)(F)S(=O)(=O)[N-]S(=O)(=O)C(F)(F)F.Cc1ccc(cc1)C(F)(F)[n+]1ccccc1,0
LUVQEZ,FC(F)(F)S(=O)(=O)[O-].C[NH+](C)CCC[n+]1ccccc1O,0
ULUKOE,COc1ccc(cc1OC)C(=NO)C#N.CS(C)=O,1
PAFFIP,Cc1ccc(cc1)C(=O)[O-].CCc1[nH+]c(N)nc(N)c1c1ccc(Cl)cc1,0
FOVQIT,O=C([O-])c1cccnc1.COc1ccc(cc1)N1CC[NH2+]CC1,0
JAJYOM,OC(=O)C=Cc1ccccc1O.NC(=O)c1cnccn1,0
MAJTOH,BrC(Br)(Br)C(=O)[O-].Brc1c[nH+]ccc1,0
VOJLUD,FC(F)(F)S(=O)(=O)[N-]S(=O)(=O)C(F)(F)F.C[N+](C)(C)c1ccc(C=O)cc1,0
LUWHAM,Cc1ccc(cc1)S(=O)(=O)[O-].COc1cc(Cc2c[nH+]c(N)nc2N)cc(OC)c1OC,0
IDOHAN,CN1C(=C(O)c2ccccc2S1(=O)=O)C(=O)NC1=NC=C(C)S1.OC(=O)c1ccccc1,0
SIBGUF,CC1=CC(C(=CC1=C(C#N)C#N)C)=C(C#N)C#N.C1COc2cc3SC(Sc3cc2O1)=C1Sc2cc3OCCOc3cc2S1,0
MUDSIN,C1N2CN3CN1CN(C2)C3.CCC1(CC)C(=O)NC(=O)NC1=O,0
YAJHUO,CC(=O)[O-].NC(=[NH2+])NC1=Nc2ccccc2S1,1
PEDQOG,OC(=O)C[N+]12CCC(CC1)CC2.OC1=C([O-])C(=O)C1=O,0
NAWZUK,[NH3+]Cc1ccccc1O.Nc1ccc(cc1)C(=O)[O-],0
UYOCAN,FC(F)(F)S(=O)(=O)[O-].C[n+]1ccc(Nc2ccccc2)cc1Cl,0
HEPSAZ02,OC(=O)c1ccc(cc1)C(=O)[O-].[2H]C1=[NH+]C(=C([2H])N1)[2H],0
TCQBDX,N#CC(C#N)=C1C=CC(C=C1)=C(C#N)C#N.O1c2ccccc2Oc2ccccc12,0
CEXVEK,Oc1cc(O)cc(Cl)c1.Cc1nc(C)c(C)nc1C,0
SUZZIX,Nc1[nH+]cc(Br)cc1.OC(=O)c1cc(ccc1O)S(=O)(=O)[O-],0
CIKSEV,Cc1cc[nH+]c2N(C3CC3)c3ncccc3C(=O)Nc12.O=N(=O)c1cc(c([O-])c(c1)N(=O)=O)N(=O)=O,0
UKEREI,FC(F)(F)S(=O)(=O)[O-].CCCCC#CC1=[N+](CCC#C)c2ccccc2S1,1
UGOROZ,OC(=O)CCCCCCC(O)=O.NC1=NC=CS1,0
CEZCOB,FC(F)(F)S(=O)(=O)[O-].FCCN1C=N[N+](=C1)c1ccccc1,0
DADNEE,NS(=O)(=O)c1cc2c(NCNS2(=O)=O)cc1Cl.C1CNCCN1,0
VELXIW,Cc1cccnc1.BrN1C(=O)c2ccccc2C1=O,0
TIDCAK,[NH3+]C(CCCNC(N)=[NH2+])C(=O)[O-].OC1=C([O-])C(=O)C1=O,1
HUCXAF,[NH3+]c1ccc(CCO)cc1.O=C([O-])c1cc(cc(c1)N(=O)=O)N(=O)=O,0
XAPSEN,CN(C)C=O.ON=C(Cl)c1ccc(cc1)C(Cl)=NO,0
ATAYIG,c1cc(ccn1)c1ccncc1.CCCNC(=O)NS(=O)(=O)c1ccc(Cl)cc1,0
TENNUX,CN1C=NC2=C1C(=O)N(C)C(=O)N2C.OC(=O)COc1ccc(C=O)cc1,0
XEGHOI,OC(=O)CCCCCC(=O)[O-].CCc1[nH+]c(N)nc(N)c1c1ccc(Cl)cc1,0
PUMGOW,NNC(=O)c1ccncc1.OC(=O)C=Cc1cccc(O)c1,0
AYUMEN,OC(=O)C(O)=O.S1C=Nc2ccccc12,0
CEXLIE,OC(=O)c1cc(O)c(Br)c(O)c1.Cc1nc(C)c(C)nc1C,0
FIQYOX,c1ccc2nc3ccccc3nc2c1.OC(=O)CC(O)(CC(O)=O)C(O)=O,0
PAZSIW,C1COCCN1.Nc1cccc(NC(=S)Nc2ccccc2)n1,0
PUGGAA,OC(=O)c1ccc(cc1)C(O)=O.C1CN=C(N1)c1ccc(cc1)C1=NCCN1,0
AHERAG,OC(C(O)C(=O)[O-])C(O)=O.[NH3+]C(C)C(O)=O,1
PETQEM,c1cncc(c1)N=Nc1cccnc1.OC(=O)c1c(F)c(F)c(Br)c(F)c1F,0
VOJKOX,OC(=O)COc1ccc2ccc(OCC(O)=O)cc2c1.CN1C=NC2=C1C(=O)N(C)C(=O)N2C,0
EGUHOE,CS(=[NH2+])(=O)c1ccccc1.CC1(C)C2CCC1(CS(=O)(=O)[O-])C(=O)C2,0
WINMIQ,Nc1nc(N)nc(n1)c1ccccc1.CC=CC=CC(O)=O,0
OPITOX01,Cc1[nH+]c(CO)c2COC(C)(C)OCc2c1O.Cc1ccc(cc1)S(=O)(=O)[O-],0
XIPCOP,FC(F)(F)S(=O)(=O)[O-].CN(C)c1cc[n+](cc1)P(C)(C)=S,0
XITGIT,CC1(C)CCC(C)(C)C2=C1[NH+]=C(N)S2.Brc1ccc(cc1)C(=O)[O-],1
HIQFUM,c1cnc2c(c1)ccc1ncccc21.OB(O)c1ccc(cc1)C#N,0
DIHSAS,CCOP(=O)([O-])OCC.CCOP(=O)(Nc1[nH+]c(N)ccc1)OCC,0
SAXPEO,Cc1ccc(Cl)c(Nc2ccccc2C(O)=O)c1Cl.c1cc(ccn1)c1ccncc1,0
YAHFOC,CC(=O)C(C)=NNc1ccccc1.N#CC(C#N)=C(C#N)C#N,0
KUXWIM,[NH3+]CCC(O)=O.Cc1ccc(cc1)S(=O)(=O)[O-],0
TINFAB,COS(=O)(=O)[O-].[NH3+]c1cccc(c1)B(O)O,0
EZEGIA,OC(=O)c1ccccc1O.OC(CN1C=NC=N1)(CN1C=NC=N1)c1ccc(F)cc1F,0
ISICIX,OC(=O)C=CC(=O)[O-].NC1=[NH+]C(=CS1)c1ccccc1,0
VELWER,BrN1C(=O)c2ccccc2C1=O.c1ccc2ncccc2c1,0
XOBCAT01,OC(=O)c1ccccc1O.CN1C=NC2=C1C(=O)N(C)C(=O)N2C,0
ZUPZES,O=C([O-])c1cccc(c1)N(=O)=O.[NH3+]Cc1ccc(Cl)cc1,0
REWLEN,ON=Cc1cc[nH+]cc1.O=N(=O)c1cc(c([O-])c(c1)N(=O)=O)N(=O)=O,0
YOZBAT,NC(N)=O.OC(=O)c1cc(O)c(O)c(O)c1,0
LORWIZ,NC(=O)c1c[nH+]ccc1.OC(=O)c1cc(Cl)c(Cl)cc1C(=O)[O-],0
GOKBAL,OC(=O)CCC(O)=O.c1cc(ccn1)c1ccncc1,0
NIGMIB,FC(F)(F)S(=O)(=O)[O-].CC1=[NH+]N(P(c2ccccc2)c2ccccc2)C(=C1)C,0
XAPZUM,Oc1cccc(O)c1.Nc1ccc(Cc2ccc(N)cc2)cc1,0
KAXSUZ,COc1ccc2cccc(CCNC(C)=O)c2c1.COC(=O)c1ccc(O)cc1,0
HIDRAP,Cc1cc2N=CN(Cc3ccncc3)c2cc1C.ON=C(C#N)c1ccc(O)cc1,0
SOYGAP,CC(=O)c1[nH+]cccc1.OC1=C(Br)C(=O)C(=C(Br)C1=O)[O-],0
OPUVIH,OC(=O)C=CC(=O)[O-].Nc1[nH+]cccc1C(O)=O,0
HEWFEW,NC(=[NH2+])O.O=N(=O)c1cc(c([O-])c(c1)N(=O)=O)N(=O)=O,0
UGOTUH,OC(=O)c1ccc(O)cc1.O=C1CCC(=O)N1,0
SAZXEZ,C[N+]1=CN(CCON(=O)=O)C=C1.O=N(=O)c1cc(c([O-])c(c1)N(=O)=O)N(=O)=O,0
ZIYRUY,c1cc(ccn1)c1ccncc1.CC(C)c1ccc(C)cc1O,0
KAYGUO,O=C(Nc1ccccn1)c1ccncc1.OC(=O)CCC(O)=O,0
IVUQUM,Clc1cccc(c1)C(=O)[O-].C[NH+](C)C(C)C(O)c1ccccc1,0
XATQES,NC(N)=O.COC(=O)c1ccc(O)cc1,0
VEVPUJ,OC(=O)C=CC(=O)[O-].COC(=O)NC1=[NH+]c2cc(ccc2N1)C(=O)c1ccccc1,1
GANXUP,OC(=O)C(O)=O.CN1C=NC2=C1C(=O)N(C)C(=O)N2C,0
GOWPOA,Cc1ccc(cc1)S(=O)(=O)[O-].OC(=O)c1c[nH+]ccc1,1
WAPQIP,[NH3+]C(C(C)C)C(=O)OC.Cc1ccc(cc1)C=CC(=O)[O-],0
FERYOR,c1cc(ccn1)C=Cc1ccncc1.CCCC(=O)c1c(O)cc(O)cc1O,0
VAXROD,CC#CC(=O)[O-].NNC(=O)c1cc[nH+]cc1,1
UGOWIY,OC(=O)c1ccc(O)cc1O.O=C1NC(=O)C=C1,0
UKOSAP,NNC(=O)c1cccnc1.OC(=O)CCCCC(O)=O,0
FAKKOU,OC(=O)Cc1ccccc1.c1ccc2nc3ccccc3cc2c1,0
JUDPEG,Cc1c(Cl)cccc1Nc1ccccc1C(O)=O.CN(C)C=O,0
QOSWOM,[NH3+]C(C(O)c1ccccc1)c1ccccc1.O=C([O-])CC1=CSc2ccccc12,1
HAHKOT,CC(C)(C)C(=O)[O-].[NH3+]CCO,0
XIRMAQ,CN(C)C=O.CN(C)C=C1SC(=O)N=C1Nc1ccc(O)cc1,0
NUZMIG,OC(=O)C=CC(=O)[O-].[NH3+]C(C(C)C)C(O)=O,1
JOWZIG,NC(=O)c1ccncc1.OC(=O)c1cnccn1,0
RUJRAQ,[NH3+]c1ccc(CCO)cc1.OC(=O)c1cc(ccc1O)S(=O)(=O)[O-],0
LATKUO,OC(=O)c1ccccc1O.NNC(=O)c1ccncc1,0
IFUSOS,C[n+]1ccc(cc1)C=CC1=CC=CS1.Cc1ccc(cc1)S(=O)(=O)[O-],0
QOLNAI,Cc1ccc2ccc3ccc(C)nc3c2n1.Oc1cc(Cl)cc(Cl)c1O,0
LORQIT,[NH3+]CC1(CCCCC1)CC(O)=O.O=N(=O)c1cc(c([O-])c(c1)N(=O)=O)N(=O)=O,0
GARGIT,Cc1ccc(cc1)S(=O)(=O)[O-].COc1ccc(C=CC2=[N+](C)c3ccccc3S2)cc1OC,1
ZILPET,FC(F)(F)C(=O)[O-].O=C1COCC2(CC[NH2+]CC2)N1Cc1ccccc1,0
ZANYOE,CN1CC(=O)NC1=[NH2+].ClCC(=O)[O-],0
YACYEK,OC(=O)CCCCC(O)=O.N#Cc1ccccn1,0
YAXPEW,CC(=O)[O-].[NH3+]c1ccccc1O,0
HOLWOW,CN1C=NC2=C1C(=O)N(C)C(=O)N2C.CC(=CC(O)=O)C(O)=O,1
UBUJIM03,c1cc(ccn1)c1ccncc1.Cc1cc(O)cc(O)c1,0
LIGQID,Nc1nnc(c(N)n1)c1cccc(Cl)c1Cl.CC(N)=O,0
SUZQOU,N#Cc1ccc2ccccc2n1.OC(=O)C=CC(O)=O,0
XUCKIR,NC1=C(C#N)c2c(F)c(F)c(F)c(F)c2C1(F)F.C1COCCO1,0
VIPXUP,C(Cc1ccncc1)c1ccncc1.Nc1ccccc1C(O)=O,0
FUHDAO,Cc1ccc(cc1NC(N)=[NH2+])N(=O)=O.O=N(=O)c1cc(c([O-])c(c1)N(=O)=O)N(=O)=O,0
OCAMUC,Nc1ccccc1C(O)=O.S(Sc1ccncc1)c1ccncc1,1
WIGWUG,Nc1[nH+]cc(Br)cc1.Oc1ccc(Cl)cc1C(=O)[O-],1
XOBCIB,OC(=O)CCC(O)=O.NC(=O)N1c2ccccc2C=Cc2ccccc12,0
VODTUD,c1ccccc1.CC(C)c1cccc(C(C)C)c1N1C(=O)C=CC1=O,0
GAQFAH,O=C1C(=O)C(=C1NCc1cccnc1)NCc1cccnc1.OC(=O)c1ccccc1,0
DUTSOB,Cc1ccc2ccc3ccc(C)nc3c2n1.OC(=O)c1ccccc1,0
QACKEO,[NH2+]=C1Nc2ccccc2S1.Nc1ccc(cc1)S(=O)(=O)[O-],0
SEMLOO,O=N(=O)C1=N[N-]C(=C1N(=O)=O)N(=O)=O.[NH3+]CCBr,0
KETSUY,Cc1ccc(cc1)S(=O)(=O)[O-].[NH3+]NC(=O)NN,0
GIWTEN,OC(C(O)C(=O)[O-])C(O)=O.Fc1ccc(cn1)C1CC2[NH2+]C1CCC2,0
GEHWID,Oc1ccc(c(O)c1)C(=O)[O-].Cc1[nH+]cc(cc1)C(N)=O,1
VUXVOB,[NH2+]1CCOCC1.O=C([O-])C=Cc1ccccc1,0
ULICAV01,O=C([O-])CN1C(=O)Oc2ccccc12.[NH3+]CCO,1
SEMNAA,OC(=O)c1ccccc1C(=O)[O-].COc1cc(Cc2c[nH+]c(N)nc2N)cc(OC)c1OC,0
OKIQEE,CC(C(=O)[O-])c1ccccc1.[NH3+]C1Cc2ccccc2C1O,1
OZOSON,OC(=O)c1ccccc1N(=O)=O.ON=Cc1cc[nH+]c2ccccc12.O=C([O-])c1ccccc1N(=O)=O,0
UKOLUE,CN1C=NC2=C1C(=O)N(C)C(=O)N2C.OC(=O)c1cccc(C(O)=O)c1C(O)=O,0
DUNSAI,C(Cc1ccncc1)c1ccncc1.OC(=O)c1ccc(O)c(O)c1,0
BANZEX,[NH3+]C(C(=O)OC)c1ccccc1.OC(=O)C1=CC=CN1c1c(cccc1C(F)(F)F)C(=O)[O-],1
CEDPAF,Cc1ccc(cc1)S(=O)(=O)[O-].NC(=[NH2+])NC(N)=O,0
XITROJ,[NH3+]Cc1ccccc1Br.O=C([O-])c1ccc2ccccc2c1,0
VEKZUI,[NH3+]C(C(O)c1ccccc1)c1ccccc1.O=C([O-])C1=Cc2ccccc2S1,1
QAMBEO,C[NH+]=C1N(C)C2C(N(C)C(=O)N2C)N1C.FC(F)(F)S(=O)(=O)[O-],0
NOLCEZ,NS(=O)(=O)c1cc2c(NCNS2(=O)=O)cc1Cl.O=C1CCCCCN1,0
FADHAV,NNC(=O)c1ccncc1.OC(=O)CCCCCC(O)=O,0
QEPXEQ,FC(F)(F)C(=O)[O-].CN1C(=C(O)c2ccccc2S1(=O)=O)C(=O)NC1=[NH+]C=C(C)S1,0
QUTBIT,O=N(=O)C1=N[N-]C(=C1)N(=O)=O.NN1C(=[NH+]N=C1C1=NON=C1N)N,0
EBUDAI,C(Cc1ccncc1)c1ccncc1.COC(=O)NC(=S)Nc1ccccc1NC(=S)NC(=O)OC,0
CIZPEH,OB(O)O.COc1ccc(OC)nn1,0
VAKJUP,[NH3+]C(Cc1ccccc1)C(=O)Nc1cccnc1.Cc1ccc(cc1)C(=O)[O-],0
FIRQED,OC(C(O)C(=O)[O-])C(O)=O.O=C1C2[NH2+]CCCC2C(=O)N1Cc1ccccc1,0
GOPGEX,Oc1ccc(O)cc1.Cc1cnc2cccc(O)c2n1,0
MODXUZ,OC(C(O)C(=O)[O-])C(O)=O.COC(=O)C1=C(O)CC2CCC1[NH+]2C,1
EYOHOP,FC(F)(F)S(=O)(=O)[O-].CC1(C)[NH+]=C(N(O)C1(C)C)c1ccccc1,0
XUYBOK,Cc1nc(C)c(C)nc1C.Cc1cc(O)cc(O)c1,0
QEHYAE,CC1=C(C=C(S1)C(O)=O)C1=C(C2=C(C)SC(=C2)C(O)=O)C(F)(F)C(F)(F)C1(F)F.c1ccc(nc1)c1ccccn1,0
FOVRAJ,OC(=O)C=CC(=O)[O-].CC1=C(N)N2C=CN=C(OCc3ccccc3)C2=[NH+]1,0
JAKDIM,c1cc(ccn1)c1ccncc1.Brc1ccc(cc1)S(=O)(=O)Nc1cccc(Br)c1,0
HIQFOG,c1cnc2c(c1)ccc1cccnc21.OB(O)c1ccc(cc1)C#N,0
MEWCUQ,Cc1cccc(Nc2ccccc2C(O)=O)c1C.Nc1cccnc1,0
NUJFEF,c1cc(ccn1)c1ccncc1.OC(=O)Cc1ccccc1C(O)=O,1
CEWZIR,OCc1cc(O)cc(O)c1.C(Cc1ccncc1)c1ccncc1,0
HIMGEP,Oc1cc(O)cc(O)c1.Cc1ccnc(C)c1,0
XIBPOO,Clc1ccc(NC2=NCCN2)cc1.NC=O,0
YENWAT01,[NH3+]C(C)(C)CO.O=C([O-])c1ccc2ccccc2n1,0
UBUJIM01,c1cc(ccn1)c1ccncc1.Cc1cc(O)cc(O)c1,0
ENIBUZ,OC(=O)CCCC(O)=O.CN1C(=C(O)c2ccccc2S1(=O)=O)C(=O)NC1=NC=C(C)S1,0
HEQWOR,OC(=O)[O-].NC(=[NH2+])NC(N)=O,0
SOYVAE,OC(=O)c1ccc(C(=O)[O-])c(c1)C(O)=O.[NH2+]=C1Nc2ccccc2S1,1
SAYMUB01,OC(=O)c1cc(cc(c1)C(O)=O)C(O)=O.C(Cc1ccncc1)c1ccncc1,0
LIWFON,O=C([O-])C[NH+]1CCCCC1.Oc1ccc(cc1)C(=O)[O-].OC(=O)C[NH+]1CCCCC1,1
ZEYNOJ,OC(=O)c1ccc2cc(O)ccc2c1.Cc1nccnc1C,0
KUQWOL,S1c2ccccc2c2ccccc12.O=C1C=CC(=O)C(=C1C#N)C#N,0
FOQHIC,c1ccc2nc3ccccc3nc2c1.Oc1cccc2c(O)cccc12,0
EWOTUG,OC(=O)CCCCCCCCC(=O)[O-].COc1ccc2[NH+]=C(N)Sc2c1,1
RUXPUV,OC(=O)C(O)=O.c1ccc2nccnc2c1,0
XAPWIU,c1cc(ccn1)c1ccncc1.OC(=O)COc1ccc(Cl)cc1Cl,0
TAZKOX,c1cnc2ncccc2c1.Cc1cc(C)c(B(O)O)c(C)c1,0
MEDBAA,[NH3+]CCc1ccc(O)cc1.O=C([O-])c1ccccc1,1
QOMTER,FC(F)(F)S(=O)(=O)[O-].C[Si]1(C)C[N+](C[Si](C)(C)O1)=C(O)CCl,0
NUKXEX01,CC(=O)N1CCN(CC1)C(C)=O.OC(=O)c1ccccc1O,0
KUGKUV,NC(=O)c1ccncc1.COc1cc(C=CC(O)=O)ccc1O,0
TEYXUT,[NH3+]c1ccc(N)c(c1)N(=O)=O.[NH3+]c1ccccc1S(=O)(=O)[O-].Nc1ccccc1S(=O)(=O)[O-],0
RASZAQ,Cc1ccc(cc1)S(=O)(=O)[O-].[NH3+]C(C(C)CC)C(O)=O,1
XEYQIC,Nc1ccc(cc1)C(=O)OCc1ccc(Cl)nc1.c1ccccc1,0
GESCAK,NC(=O)c1ccc(O)cc1.OC(=O)CCCCCC(O)=O,0
FARPUN,CN(C)C=O.OC(=O)C(=O)Nc1ccc(NC(=O)C(O)=O)cc1,0
GESBAJ,OC(=O)CCC(O)=O.NC(=O)c1ccc(O)cc1,0
TAXXOI,[NH3+]c1ccc(N)c(c1)N(=O)=O.Cc1ccc(cc1)S(=O)(=O)[O-],0
OVIMAJ,FC(F)(F)C(=O)[O-].CCCC(=O)CC1[NH2+]C(CC1)C(=O)OC,0
CUDREY,NC1=[NH+]C=CS1.ClC(Cl)(Cl)C(=O)[O-],0
LARXAG,OC(=O)C(=O)[O-].CCC([NH2+]CC[NH2+]C(CC)CO)CO,0
NAXTAJ,O=C1[N-]S(=O)(=O)c2ccccc12.[NH2+]=C1Nc2ccc(Br)cc2S1,0
HOFSAX,Cc1ccc(cc1)S(=O)(=O)[O-].OC(=O)C[NH2+]CC(O)=O,0
ITAQEC,Cc1cccc2SC(=Nc12)N.COc1cc(cc(OC)c1OC)C(O)=O,0
FAFGOL02,COc1ccc2cccc(CCNC(C)=O)c2c1.Oc1ccc(O)cc1,0
GAZTUA,Oc1c(cc(cc1N(=O)=O)N(=O)=O)C(=O)[O-].CC1=C[NH+]=C(N)S1,0
BALNEK,[NH3+]C(C(O)=O)c1ccccc1.CS(=O)(=O)[O-],0
XAGXOW,Brc1ccccc1C(=O)[O-].COc1ccccc1N1CC[NH2+]CC1,0
VODWIV,NC1=NN=NN1NC1=NN=C(NN2N=NN=C2N)N=N1.CS(C)=O,0
EYEGUM,c1cc(ccn1)C=Cc1ccncc1.CCCOc1ccc(cc1)C(O)=O,1
QUWXAI01,Cc1nc(N)nc(N)n1.OC(=O)c1ccccc1C(O)=O,0
QOVLIZ,Nc1ccc[nH+]c1Cl.OC(=O)C([O-])(c1ccccc1)c1ccccc1,0
ZOYCEX,COc1cc(ccc1O)C(O)=O.NC(=O)c1cccnc1,0
EZIFAV,OC(=O)c1cc(F)cc(F)c1.CC1=NN=C2CN=C(c3ccccc3)c3cc(Cl)ccc3N12,0
FIWYOC,OC(=O)c1cccc(Br)c1.N#Cc1ccncc1,0
MUYVIM,COc1cc[nH+]cc1.O=C1NC(=O)C=C([O-])N1,0
QEYKOU,FC(F)(F)S(=O)(=O)[O-].C[P+](C)(C)N[Si](C)(C)C,0
YOKSAU,Nc1[nH+]cc(Br)cc1.Nc1ccc(cc1)C(=O)[O-],0
VIDPOO,Clc1c(Cl)c(Cl)c2C(=O)NC(=O)c2c1Cl.CN(C)C=O,0
SILKIH,N#CC(C#N)=C1OC(C=C1)=C1OC(C=C1)=C(C#N)C#N.S1C=CSC1=C1SC=CS1,0
NUKWOG,Nc1ncccn1.OC(=O)c1ccccc1,0
PEFJEQ,O=C[O-].[NH2+]1C2COCC1COC2,0
LEZTET,OC(=O)c1c(F)c(F)c(F)c(F)c1F.O=C1Nc2cccc3cccc1c23,0
DINRUP01,OC(=O)c1ccc(O)cc1O.NC(=O)c1cccnc1,0
SOVQAV,OC(=O)CCSCCC(O)=O.Nc1cc(N)nc(N)n1,0
VEXZUX,O=N(=O)c1ccc(cc1)N1CC[NH2+]CC1.Oc1ccccc1C(=O)[O-],0
NABCEZ,OC(=O)C=Cc1ccccc1.CC(=NO)C(C)=NO,0
UJOGUW01,NC(=O)C1CC[NH2+]CC1.OC(=O)c1cc(cc(c1[O-])N(=O)=O)N(=O)=O,0
BALFAZ,Clc1cccc(c1)C(=O)[O-].NC1=N[N+]2(CCOCC2)CC1,0
PONPAK,c1ccccc1.CC(O)=C(C(C)=O)C(=S)Nc1ccccc1,0
OXUVUZ,CS(=O)(=O)[O-].NS(=O)(=O)C1=NNC(=[NH2+])S1,1
ETEYOR,OC(=O)C=CC(=O)[O-].[NH3+]C(C(C)O)C(O)=O,0
WOQBUZ,OC(=O)CCCC(O)=O.c1ccc2nc3ccccc3nc2c1,0
FEVJUO,COc1cc(Cc2c[nH+]c(N)nc2N)cc(OC)c1OC.BrC1=C(SC=C1)C(=O)[O-],0
RIKYUF,COc1cc2Sc3cc(OC)c(OC)cc3Sc2cc1OC.N#Cc1cc(C#N)c(cc1C#N)C#N,0
PEQQOS,CN(C)c1cccc(c1)C(O)=O.COc1cncc(c1)C#Cc1cc(C)nc(N)n1,0
FERNOJ,O=N(=O)c1cc(c(c(c1)N(=O)=O)S(=O)(=O)[O-])N(=O)=O.[NH3+]C(CC1=CNc2ccccc12)C(O)=O,0
CIHDIJ,OC(=O)c1c[nH+]ccc1.CC1=CC(=O)[N-]S(=O)(=O)O1,0
FEPQAV,O=C1CC(=O)NC(=S)N1.NC(N)=NS(=O)(=O)c1ccc(N)cc1,0
UNEZAO01,O=C1NS(=O)(=O)c2ccccc12.NC(=O)N1c2ccccc2C=Cc2ccccc12,0
ZEDTIO,[NH3+]C(C)C(O)=O.Cc1ccc(cc1)S(=O)(=O)[O-],0
PEXTAQ,[NH3+]Cc1ccc(OC)cc1.O=C[O-],1
TEZREX,[NH3+]c1cc(Cl)ccc1O.O=C([O-])c1cc(cc(c1)N(=O)=O)N(=O)=O,0
DUNFUQ,OC(C(O)C(=O)[O-])C(O)=O.[NH3+]C1CN(CC1C1CC1)C(=O)OC(C)(C)C,1
VEYBAG,O=N(=O)c1ccc(cc1)N1CC[NH2+]CC1.Fc1ccc(cc1)C(=O)[O-],0
JIPZEO,[NH3+]c1ccccc1OC(=O)SC.FC(F)(F)S(=O)(=O)[O-],1
GESKIA,c1cnc2c(c1)ccc1cccnc21.COc1cccc(c1)B(O)O,0
EYURUO,NC(=O)c1nc(F)cnc1O.OC(=O)c1cc(O)c(O)c(O)c1,0
ULEWIS,C(Cc1ccncc1)c1ccncc1.Cc1cc(ccc1N)C(O)=O,0
KAXNOQ,COc1cc(Cc2cnc(N)nc2N)cc(OC)c1OC.OC(=O)CCCCCC(O)=O,0
DEBJIE,Oc1ccc(cc1)C(c1ccccc1O)c1ccccc1O.C(Cc1ccncc1)c1ccncc1,0
SAPRAC,CCN1C(=O)c2cc3C(=O)N(CC)C(=O)c3cc2C1=O.COc1ccc2cc(OC)ccc2c1,0
SAHBUZ,OC(C(O)C(=O)[O-])C(O)=O.OCC1CC2CC[NH+]1CC2C=C,1
QEDZUX,COc1ccc(cc1)C1=C2N(C(=S)NC2=O)C(=C1C#N)N.CN(C)C=O,0
LEXPOW,OC(=O)c1cccc2ccccc12.NC(=O)N1c2ccccc2C=Cc2ccccc12,0
PAKRIG,Oc1cccc(c1)C(=O)[O-].CCc1[nH+]c(N)nc(N)c1c1ccc(Cl)cc1,0
WEYFEN,OC(=O)C=CC(O)=O.NC(=O)N1c2ccccc2C=Cc2ccccc12,0
MOZBEK,Nc1ncccn1.OC(=O)c1ccccc1Br,0
KIPKUT,c1cc(ccn1)C=Cc1ccncc1.OO,1
LECFAD,Cc1nc(C)c(C)nc1C.OC(=O)c1ccc(O)c(c1)C(O)=O,0
PIPMEJ,[NH3+]C(CO)(CO)CO.Clc1ccc(OCC(=O)[O-])cc1,0
CIVWIQ,FC(F)(F)S(=O)(=O)[O-].O[N+]1=C(OC2C=CCCC12)c1ccccc1,0
IBIYUP,C1N2CN3CN1CN(C2)C3.BrN1C(=O)CCC1=O,0
GUPCOM,Fc1ccc(cc1)N1CC[NH2+]CC1.O=N(=O)c1cc(c([O-])c(c1)N(=O)=O)N(=O)=O,0
COKXUY,[NH3+]NC(N)=O.O=C([O-])c1cc(cc(c1)N(=O)=O)N(=O)=O,0
UHACEM,OC(=O)CCC(O)=O.O=C1CCCN1,0
SECYIL,Cc1ccncc1.BrN1C(=O)CCC1=O,1
SAYMUB,OC(=O)c1cc(cc(c1)C(O)=O)C(O)=O.C(Cc1ccncc1)c1ccncc1,0
XAXPOB,NC(=O)C=Cc1ccccc1.OC(=O)c1cc(Cl)c(Cl)cc1C(O)=O,0
BEHKEF,CC1=CC(=O)N(O)C(=C1)C1CCCCC1.[NH3+]CCO.CC1=CC(=O)N([O-])C(=C1)C1CCCCC1,0
FAXYOV,OC(=O)C=CC(=O)[O-].[NH3+]C(CC1=C[NH+]=CN1)C(=O)[O-].OC(=O)C=CC(O)=O,1
BILXUP,COC(=O)C(C#N)=C(C#N)C(=O)OC.S1C=CSC1=C1SC=CS1,0
QOLRAN,CCCN1C(=O)C(SC1=S)=C1SC(=S)N(CCC)C1=O.c1cc2cccc3c4cccc5cccc(c(c1)c23)c45,0
LINFIX,OC(=O)C=Cc1c(F)c(F)c(F)c(F)c1F.CN(C)c1ccc(C=CC(O)=O)cc1,0
LARGPH03,[2H][N+]([2H])([2H])C(CCCN([2H])C(N([2H])[2H])=N([2H])[2H])C([O])=O.[2H]O[2H].[2H]OP(O[2H])(=O)[O-],1
DEJNAK,Nc1nc(N)nc(N)n1.OC(=O)Cc1ccc(F)cc1,0
XAPZAS,Nc1ccc(N)cc1.Oc1ccc2ccc(O)cc2c1,0
HAXHIB,OO.OC(=O)C=CC(=O)[O-].Nc1[nH+]cccc1C(O)=O,0
MUPQET,CC(=O)Nc1ccc(O)cc1.C1COCCN1,0
PEVDAY,[NH3+]C(CC1=C[NH+]=CN1)C(=O)[O-].CS(=O)(=O)[O-],1
WIVFAI,OC1=C(Br)C(=O)C(=C(Br)C1=O)O.c1ccc2nccnc2c1,0
BAVYAY,C1COCCO1.NC(=O)C1(C#N)C(C#N)(C#N)C1(C#N)C#N,0
XEJLON,OC(C(=O)[O-])c1ccc(F)cc1.C[NH2+]C(C)C(O)c1ccccc1,1
JOXZOL,CC(=O)C1=C(O)CCC2[NH2+]C1CC2.FC(F)(F)C(=O)[O-],0
QOLMIP,Oc1c(O)c(Cl)c(Cl)c(Cl)c1Cl.Cc1c(C)c2cccnc2c2ncccc12,0
QOYKUK,Cc1cccnc1.Oc1ccc2ccccc2c1c1c(O)ccc2ccccc12,0
PUZZIT,Oc1ccc2ccccc2c1c1c(O)ccc2ccccc12.Cc1cc(C)cc(N)c1,0
QAKBOU,[NH3+]C(C)c1ccc(Cl)cc1.CCOP([O-])(=S)c1ccccc1,0
NUPTEZ,Cc1c(O)cccc1O.Cc1nc(C)c(C)nc1C,0
QUHRES,N#Cc1ccncc1.COc1cc(C=CC(O)=O)cc(OC)c1O,0
JIQLAZ,Nc1ncccn1.NC(=O)N1c2ccccc2C=Cc2ccccc12,0
XELJED,[NH3+]CCOCC[NH3+].O=C([O-])C=CC(=O)[O-],0
TOQNAR,NC(=S)NN=Cc1cc[nH+]cc1.OC(=O)c1ccccc1C(=O)[O-].CN(C)C=O,0
FECGUS,c1cc(ccn1)c1ccncc1.OC(=O)c1ccccc1F,0
WICZUF,Cc1ccccc1C(O)=O.Cc1ccnc(N)n1,0
UNEFUO,C1CN2CCN1CC2.OC(=O)CCCCCC(O)=O,0
QUQBIQ,Cc1ccc(cc1)S(=O)(=O)[O-].[NH2+]=C1SNc2ccc(cc12)N(=O)=O,0
AJAHOI,OC(=O)c1cc(O)c(cc1O)C(O)=O.O=C1CNC(=O)CN1,0
RORNOD,c1ccc2nc3ccccc3nc2c1.OB(O)c1ccc(Cl)cc1,0
MUMXEA,Clc1ccc(cc1)N=Cc1cc[nH+]cc1.O=C([O-])c1cc(cc(c1)N(=O)=O)N(=O)=O,0
EZIBOG,CC1(C)N(Br)C(=O)N(Br)C1=O.c1cnccn1,0
NUVFIV,OC(=O)c1ccc(O)cc1.NC(=O)c1cnccn1,1
SIBDUC,COc1ccc(cc1)C1=NN(CN(=N1)c1ccccc1)c1ccccc1.FC1=C(F)C(C(=C(F)C1=C(C#N)C#N)F)=C(C#N)C#N.CCOC(C)=O,0
TONGOS,NC(N)=O.OC(=O)CCCC(O)=O,0
JAKDAE,COc1ccc(NS(=O)(=O)c2cccc(Cl)c2)cc1OC.c1cc(ccn1)c1ccncc1,0
ACESUY,OC(=O)CCC(O)=O.CN1N=NC2=C(N=CN2C1=O)C(N)=O,0
JEMTEE,CC(=O)Nc1ccc(O)cc1.OC(=O)C=CC(O)=O,0
NANQOJ,OC(=O)c1ccc(cc1)C(O)=O.O1C(=NN=C1c1ccncc1)c1ccncc1,1
KIGKER,CN1C=NC2=C1C(=O)N(C)C(=O)N2C.OC(=O)CC(O)(CC(O)=O)C(O)=O,0
FIQNAV,COc1ccc(cc1)C=C1SC(=O)NC1=O.CS(C)=O,0
POVGAK,Cc1ccc(cc1)C1=CC(=NN1c1ccc(cc1)S(N)(=O)=O)C(F)(F)F.c1cc(ccn1)c1ccncc1,0
PURHUH,Cc1nc(N)nc(N)n1.Oc1c(Cl)cccc1Cl,0
FAQKAN,O=S(=O)([O-])c1ccccc1.CN1C(=O)N(C)C2=C([NH+]=CN2)C1=O,0
SEGZUZ,NC1=[NH+]C(=O)NC=C1.ClC(Cl)(Cl)C(=O)[O-],0
YUBTEW,OC(C(=O)[O-])c1ccccc1.[NH2+]=C1NC(=O)N(C=C1)C1CSC(CO)O1.OC(C(O)=O)c1ccccc1,1
FOBNUH,FC(F)(F)S(=O)(=O)[O-].C1=CN(N=C1)[B-]12[N+]3=CC=CN3P(N3C=CC=[N+]13)N1C=CC=[N+]21,0
BANYOH,FC(F)(F)S(=O)(=O)[N-]S(=O)(=O)C(F)(F)F.c1ccc(cc1)[S+](c1ccccc1)c1ccccc1,0
XIDDAS,Cc1cc(O)cc(O)c1.CCOC(=O)C=C(C)c1ccncc1,0
RELPOR,Fc1ccc(cc1)N1CC[NH2+]CC1.OC(=O)c1cc(cc(c1[O-])N(=O)=O)N(=O)=O,0
LIMCET,[NH3+]C(C(O)=O)c1cccc2ccccc12.CC1(C)C2CCC1(CS(=O)(=O)[O-])C(=O)C2,0
BUVZIC,NC1=CC2=Nc3ccccc3OC2=CC1=O.Oc1c(Cl)c(Cl)c(O)c(Cl)c1Cl,0
UNEBOE,c1cnc2c(c1)ccc1ncccc21.OC(=O)c1cc(C(O)=O)c(cc1C(O)=O)C(O)=O,0
GUDVAE,OC(=O)CCCCC(O)=O.c1cnccn1,0
TALBAL,Nc1[nH+]c2c(O)cccc2cc1.OC(C(=O)[O-])c1ccccc1,0
WAYVEZ,C[n+]1ccc(cc1)B(O)O.CS(=O)(=O)[O-],0
OMUXOK,OC(=O)c1cc(ccc1O)S(=O)(=O)[O-].[NH2+]1CCOCC1,0
ORASAC,OC(=O)c1ccc(Oc2ccc(cc2)C(O)=O)cc1.c1cc(ccn1)c1ccncc1,0
APUWOA,OC(=O)c1ccc(O)cc1.CC1=NNC(=O)N(C1)N=Cc1cccnc1,0
MEPTAR10,OC(C(O)C(=O)[O-])C(O)=O.CCC1(CCC[NH+](C)C1)C(=O)c1ccccc1,1
XOWBUJ,O=C([O-])c1ccc(cc1)N(=O)=O.C[NH+](C)CCO,0
VUCBAY,[NH3+]c1ccc(Br)cc1.Cc1ccc(cc1)S(=O)(=O)[O-],0
EWAPUO,c1ccc2nc3ccccc3cc2c1.Cc1cc(O)cc(O)c1,1
AXOPEJ,CC(=CC=C(C)C(O)=O)C(O)=O.c1cc2cccc(c3ccncc3)c2c(c1)c1ccncc1,0
TOQKAN,O=C1C(=O)C(=C1NCc1ccccn1)NCc1ccccn1.OC(=O)C=CC(O)=O,0
SAYNUD,OC(=O)c1cccc(O)c1.O=C(NN=C1CCCCCCC1)c1ccncc1,0
HUJQEL,CC(C)c1ccc(C)c(O)c1.c1ccc2nc3ccccc3cc2c1,0
UVOKUM,NC(=O)C1CC[NH2+]CC1.OC(=O)c1cc(Cl)c(Cl)cc1C(=O)[O-],0
LESRIM,[NH3+]c1ccc(F)c(Cl)c1.O=N(=O)c1cc(c([O-])c(c1)N(=O)=O)N(=O)=O,0
MANXOQ,OC(C(O)C(=O)[O-])C(O)=O.OC1CC2[NH2+]C1CCC2,1
GECZEV,FC(F)(F)C(=O)[O-].BrC1=C[NH+]=CNC1C1=CC=CS1,0
UGOVET,O=C1CCC(=O)N1.OC(=O)c1ccc(O)c(O)c1,0
VACBEJ,c1cc(ccn1)c1ccncc1.COc1cc(NS(=O)(=O)c2ccc(N)cc2)nc(OC)n1,0
VUNRON,OC1=C(Br)C(=O)C(=C(Br)C1=O)O.Cc1cncc(C)n1,0
ZEXWIK,CCN1C=C(C(O)=O)C(=O)c2ccc(C)nc12.Oc1ccccc1O,0
XOKTOI,C1N2CN3CN1CN(C2)C3.OC(=O)c1ccc(O)c(O)c1,0
MOXVEB,OC(=O)CCCCC(O)=O.NC(=O)N1c2ccccc2C=Cc2ccccc12,0
ICUTAD,CCP(CC)(CC)=[N+]1N=C(C)C=C1C.FC(F)(F)S(=O)(=O)[O-],0
NUMZIH,OC(=O)c1ccc(Cl)cc1.Fc1c(F)c(F)c(N=Cc2ccncc2)c(F)c1F,0
UBUPEP,FC1=C(F)C(=O)C(=C(F)C1=O)F.Nc1cccc2c(N)cccc12,0
YIKQIU,Cc1cc[nH+]cc1Br.OC1=C(Br)C(=O)C(=C(Br)C1=O)[O-],0
NEQNEF,OC(=O)CCC(O)=O.CC1=CN=C(NC(=O)c2ccccc2)S1,0
PUZXIR,CS(C)=O.ClC1=NSSC1=C1N=C(SC1=O)C#N,0
VAPFEX,Nc1cccc(c1)C(O)=O.NC1=Nc2ccccc2S1,0
KIPBIX,OC1CCCCC1Oc1cccc2ccc[nH+]c12.OC(C(=O)[O-])c1ccccc1,0
AXAKUG,c1cc(ccn1)c1ccncc1.OC(=O)c1cncc(c1)C(O)=O,0
WUZPAL,Fc1ccc2NC(=O)c3cc(F)ccc3NC(=O)c2c1.C1CCOC1,0
AMUBAM,CC(=O)Nc1ccc(O)cc1.OC(=O)CC(O)(CC(O)=O)C(O)=O,0
PIPMAF,Clc1ccc(c(Cl)c1)C(=O)[O-].[NH3+]C(CO)(CO)CO,0
LAKXUS,OC(=O)c1c(O)ccc2ccccc12.CN1C=NC2=C1C(=O)N(C)C(=O)N2C,0
ASODOD,Clc1ccc(cc1)C1=NS[S+]=N1.FS(=O)(=O)[O-],0
BUPQAF,OCC[NH+]=Cc1cc(ccc1[O-])S(=O)(=O)[O-].[NH3+]CCO,0
ZOHTOH,Nc1cc(Cl)ccc1Cl.Oc1cc(Cl)c(Cl)c(Cl)c1,1
JAKBEG,COc1ccc(NS(=O)(=O)c2cccc(C)c2)cc1.c1cc(ccn1)c1ccncc1,0
VEJQEK,OC(=O)c1ccc(Br)cc1.Nc1ncccn1,0
TEQCAW,[NH3+]C(CO)(CO)CO.COc1ccc2cc(ccc2c1)C(C)C(=O)[O-],0
BARAAD,CCN1C(=Nc2c(N)ncnc12)Br.CCC1(C(=O)NC(=O)NC1=O)c1ccccc1,0
KURBUV03,[2H]OC(=O)c1c(F)c(F)c(c(F)c1F)C(=O)[O-].[2H][N+]1=CN([2H])C=C1,1
POKZAQ,ClC(Cl)(Cl)C(=O)NP(=O)(Nc1ccccc1)Nc1ccccc1.C1COCCO1,0
GOMDET,CN1C=NC2=C1C(=O)N(C)C(=O)N2C.OC(=O)CCSc1ccccc1,0
LOFLAV,NS(=O)(=O)c1cc(C(O)=O)c(NCC2=CC=CO2)cc1Cl.Nc1ccc(cc1)C(O)=O,0
YOQSIH,FC(F)(F)C(=O)[O-].CC1=[NH+]C=CN1c1ccc(c(C)c1)C1=NC(=CS1)C,0
JIFHAK,OC(=O)c1ccc(O)cc1O.CCOc1ccccc1C(N)=O,0
XAQCUO,CC([NH2+]C(c1ccccc1)C(F)(F)F)c1ccccc1.Cc1ccc(cc1)S(=O)(=O)[O-],1
NUXGES,CN(C)C=O.Oc1ccc(O)c2SC(Sc12)=C(C#N)C#N,0
DENWUP,CN1CC(=O)[NH+]=C1N.O=C([O-])c1ccccc1,0
SETROA,OC(=O)CCCCCCCCC(O)=O.NNC(=O)c1ccncc1,0
NAJMUK,OC(=O)CC(=O)[O-].CC(O)C[NH+](CC(C)O)CC(C)O,0
LACWIY,Nc1ccc(C(O)=O)c(O)c1.c1cnccn1,0
NISMAD,Oc1ccc(cc1)c1ccc(O)cc1.NCCN,0
FADGIC,OC(=O)CCC(O)=O.NNC(=O)c1ccncc1,0
ABUKUF,Oc1c(cc(cc1N(=O)=O)N(=O)=O)C(=O)[O-].[NH3+]c1ccc(Cl)cc1,0
HACBAO,CC1(C)CCC(=[N+]1O)N.O=N(=O)c1cc(c([O-])c(c1)N(=O)=O)N(=O)=O,0
KAYGEY,O=C(Nc1ccccn1)c1ccncc1.OC(=O)CCCCC(O)=O,0
RUPVED,[NH3+]C(c1ccccc1Br)C(C)(C)C.OC(CC(O)=O)C(=O)[O-],1
OLEZAH,CC(C)O.COc1cc2c(CN(CCc3cc(O)c(O)cc23)C=O)cc1O,0
OFUHUS,Nc1ncccn1.OC(=O)c1ccc(C(O)=O)c2ccccc12,0
ULESAG,[NH2+]1CCOCC1.COc1cc(c(C)cc1N)S(=O)(=O)[O-],0
FOBPAP,FC(F)(F)S(=O)(=O)[O-].CCN(CC)P1N2C=CC=[N+]2CN2C=CC=[N+]12,0
FAWBUE,O=N(=O)C1=NN=C([N-]1)N(=O)=O.NC1=NC(=[NH2+])NC(=O)N1,0
NERZET,[NH3+]CCCO.CS(=O)(=O)[O-],1
CAFBAM,CN1CC[N+](=C1OC1=[N+](C)CCN1C)C.FC(F)(F)S(=O)(=O)[O-],0
WUVKII,Nc1nnc(c(N)n1)c1cccc(Cl)c1Cl.NC(=O)c1cccnc1,0
TAZPES,OB(O)c1ccc(Br)cc1.c1ccc2nc3nc4ccccc4nc3nc2c1,0
HIQSAD,NC(=O)c1ccc(Br)cc1.OC(=O)CCCCCC(O)=O,0
WELCUP,CCCCCCCCO.NCC=C,0
AJEZAR,Nc1cccc2c(N)cccc12.c1ccc2nc3ccccc3nc2c1,0
RORNAP,OB(O)c1ccc(Br)cc1.c1cc(ccn1)c1ccncc1,0
HOGLEX,c1cc(ccn1)C=Cc1ccncc1.Oc1c(Cl)cc(Cl)cc1Cl,0
APUVUF,OC(=O)c1cc(O)ccc1O.CC1=NNC(=O)N(C1)N=Cc1cccnc1,0
ZATHIP,CN1C=CC(=O)C(=C1C)O.Oc1cccc(O)c1O,0
WOBPUB,[NH3+]C(CC1=CNC=[NH+]1)C(=O)[O-].Oc1cc(O)cc(c1)C(=O)[O-],1
AZOQAI,CCc1[nH+]c(N)nc(N)c1c1ccc(Cl)cc1.CCC(=O)Nc1ccccc1C(=O)[O-],0
FOWSAM,OC(=O)c1cc(F)c(F)c(F)c1F.c1cc(ccn1)c1ccncc1,0
MAFQIU,CC(C)(c1ccc(O)cc1)c1ccc(O)cc1.c1ccc2ncccc2c1,0
NELYOW,Clc1ccc(CNC(=O)[O-])cc1.[NH3+]Cc1ccc(Cl)cc1,1
NAVHIC,CC1(C)C2CCC1(CS(=O)(=O)[O-])C(=O)C2.[NH3+]CCNc1ccc(cc1)N(=O)=O,1
TUDPIR,[NH3+]C(CO)(CO)CO.Clc1cccc(Cl)c1Nc1ccccc1CC(=O)[O-],0
RETZEW,OC(=O)CCC(O)=O.Cc1cccnc1C,0
LAGSUK,NC(=O)c1ccncc1.OC(=O)c1ccc(O)cc1O,0
PAQMIG,NC(=O)c1ccncc1.OC(=O)c1ccccn1,0
YOPXAC,CC1[NH+](CC1O)C(c1ccccc1)c1ccccc1.CC1(C)C2CCC1(CS(=O)(=O)[O-])C(=O)C2,1
OFEQIZ,Oc1ccc(cc1)C1(CCCCC1)c1ccc(O)cc1.Cc1cc(C)cc(N)c1,0
WUFVUP,OC(C(O)C(=O)[O-])C(O)=O.OC(=O)C[N+]12CCC(CC1)CC2,1
YECYIS,OC(=O)c1ccc(O)cc1.CN1C(=O)N(C)C2=C(N(CC(O)=O)C=N2)C1=O,0
HMTHQU,C1N2CN3CN1CN(C2)C3.Oc1ccc(O)cc1,0
CEXGAR,Oc1ccc2ccc(O)cc2c1.c1cc(ccn1)N=Nc1ccncc1,0
HAGWET,OC(=O)c1ccc(O)cc1.C1CNCCN1,0
HEWWAI,OC(=O)C(=O)[O-].OC(=O)c1c[nH+]ccc1,0
RINQUC,O=N(=O)c1cccc(c1)S(=O)(=O)[O-].CN(C)C1=CC=C(S1)C=Cc1cc[n+](C)cc1,1
GIHGEK,OC(=O)C=CC(=O)[O-].[NH3+]C(CCCNC(N)=[NH2+])C(=O)[O-],1
LAGSOE,NC(=O)c1ccncc1.OC(=O)c1cccc(O)c1O,0
GIDFIM,OC(=O)C=CC(=O)[O-].[NH3+]CC1CCC(CC1)C(O)=O,0
GOWBOJ,CC(c1ccccc1)S(=O)(=O)[O-].[NH3+]C(CC(C)C)C(O)=O,1
VESYUQ,NC(=O)c1ccncc1.COc1cc(C=O)ccc1O,0
NUZVAH,NC(=O)c1ccncc1.COc1ccc(C=CC(O)=O)cc1OC,0
QAJZEH,CC1(C)COC2=C3OCC(C)(C)[N+]3=CN12.FC(F)(F)S(=O)(=O)[O-],0
JOLJID,CN(C)P(=O)(N(C)C)N(C)C.NC1=Nc2ccccc2S1,0
RURROM,OC1=C(F)C(=O)C(=C(F)C1=O)O.c1ccc2nc3ccccc3nc2c1,0
SUZQIO,c1ccc(C=NN=Cc2ccccn2)nc1.OC(=O)Cc1ccc(Cl)cc1,1
NOSRIZ,FC(F)(F)C(=O)[O-].O=C(OC1C[NH2+]CCC1)c1ccc(cc1N(=O)=O)N(=O)=O,0
RESHIH,OC(=O)CCC(O)=O.Cc1cncc(C)c1,0
UZUYIZ01,Cc1cccc(Nc2ccccc2C(O)=O)c1C.Cc1ccccn1,0
QEHCUD,[NH3+]NC(N)=NN(=O)=O.O=N(=O)N=C1NN=N[N-]1,0
TEBMAO,Nc1ccc(cc1[O-])N(=O)=O.C[n+]1ccc(cc1)C=Cc1ccc(O)cc1,0
URMALN,NC(N)=O.OC(=O)CC(O)=O,0
EBOLEP,OC(=O)C#CC(O)=O.CN1C(=C(O)c2ccccc2S1(=O)=O)C(=O)NC1=NC=C(C)S1,0
EVETAB,NC(N)=O.OC(=O)CCCCCC(O)=O,0
TAZMOZ,c1cnc2ncccc2c1.OB(O)c1cccc2ccccc12,0
SABVUP,C(Nc1ccccn1)c1ccccc1.OC(=O)C(O)=O,1
HAZMAA01,C[NH2+]CCO.Clc1cc(ccc1C(=O)[O-])N(=O)=O,1
KAMQOH,CN1C=NC2=C1C(=O)N(C)C(=O)N2C.Oc1cc2OC(=CC(=O)c2c(O)c1O)c1ccccc1,0
LIQFAU,Cc1cc(C)nc(N)n1.CC=CC=CC(O)=O,0
UGOTER,CC1=CN=C(N)S1.OC(=O)CCCCCCCCCCC(O)=O,0
MENXAI,C1CN2CCN1CC2.CC(C)c1cccc(C(C)C)c1O,0
TACBAC,OC(=O)CCCCCCCCC(O)=O.C(Cc1ccncc1)c1ccncc1,0
SUDDEC,OC(=O)CCC(O)=O.CNC(N)=O,0
HIPVAH,FC(F)(F)C(=O)[O-].OC1=[NH+]C=CN1,0
MOGZEP,OC(=O)CCC(O)=O.Cc1ccc(cn1)c1ncc(Cl)cc1c1ccc(cc1)S(C)(=O)=O,0
JAZBES,OC(=O)CCC(O)=O.C(Cc1ccncc1)Cc1ccncc1,0
KANBIN01,CCCN(CCC)S(=O)(=O)c1ccc(cc1)C(O)=O.c1cc(ccn1)c1ccncc1,0
PIXZEF,Cc1ccc(cc1)S(=O)(=O)[O-].OC1=[NH+]CCCCCCC1,1
XERBUU,N#Cc1cc(C#N)c(cc1C#N)C#N.O=CN1c2ccccc2c2ccccc12,0
UZUZEW,Cc1cccc(Nc2ccccc2C(O)=O)c1C.Cc1ccncc1,0
HEYDOI,Oc1ccc2cc(ccc2c1)C(=O)[O-].Nc1c(Br)cc(Br)cc1C[NH2+]C1CCC(O)CC1,0
PAKPEY,C[n+]1cccc(c1)C(=O)[O-].OC1=C(O)C(=O)C1=O.C[n+]1cccc(c1)C(O)=O.OC1=C([O-])C(=O)C1=O,0
XIBDOD,Oc1cc(cc(O)c1O)C(=O)[O-].NC(=[NH2+])NC(N)=S,0
HIQMOL,NC(=O)c1ccc(Br)cc1.OC(=O)CC(O)=O,0
TEWRAS,c1ccc2nc3ccccc3nc2c1.OC(=O)c1ccc(O)c(O)c1,0
HEBQUC,[NH3+]c1cccc(O)c1.Cc1ccc(C)c(c1)S(=O)(=O)[O-],1
GESKUM,OB(O)c1ccc(Br)cc1.c1cnc2c(c1)ccc1cccnc21,1
HUQXAU,[NH2+]=C(O)N1c2ccccc2C=Cc2ccccc12.Oc1ccc(cc1)S(=O)(=O)[O-],0
AJACOF,NC(N)=S.O=C1C(=O)c2ccccc2c2ccccc12,0
SECZEI,COC(=O)c1ccncc1.BrN1C(=O)CCC1=O,0
AJODOU,[NH3+]C(CO)C(O)=O.O=N(=O)c1cc(c([O-])c(c1)N(=O)=O)N(=O)=O,1
TOQGUD,OC(=O)C(=O)[O-].Cc1cc[nH+]c(N)c1N(=O)=O,1
RESFOL,OC(=O)C=CC(O)=O.Cc1cccnc1C,0
BAKMOP,O=C([O-])CC1=CNc2ccccc12.[NH3+]CCc1ccc(O)cc1,0
BAQQIW,O=C1NC(=O)C(=C[N-]1)N(=O)=O.[NH3+]C(CC1=C[NH+]=CN1)C(=O)[O-],1
DINLAN02,OC(C(=O)[O-])c1ccccc1.C[NH2+]C(C)C(O)c1ccccc1,1
IVUKUG,C[NH+](C)C(C)C(O)c1ccccc1.O=C([O-])c1ccccc1N(=O)=O,1
CEWZEN,c1cc(ccn1)c1ccncc1.OCc1cc(O)cc(O)c1,0
TENYES,CN1C=NC2=C1C(=O)N(C)C(=O)N2C.OC(=O)COc1ccc2ccccc2c1,0
XEQXEX,CC1CC(C)(C)C[NH+]1O.O=N(=O)c1cc(c([O-])c(c1)N(=O)=O)N(=O)=O,0
PUTMAU,c1ccc2nc3ccccc3cc2c1.OC(=O)c1ccccc1,0
DAYWAC01,OC(=O)C=Cc1ccccc1.Cc1cc(C)nc(N)n1,0
IWASEE,Cc1cccc2cccnc12.Oc1ccc2ccccc2c1c1c(O)ccc2ccccc12,0
WASRER,NC(=O)c1c[nH+]ccc1.OC(=O)C(Br)C(Br)C(=O)[O-],0
QERLUV,OC(=O)c1nccnc1C(=O)[O-].Oc1cccc2ccc[nH+]c12,0
BEJGUT,O=C1NC(=O)C=C1.CC1=CC(=CC(=O)O1)OCc1cccc(Cl)c1,0
SIPVET,CC1(C)OC2OC3C[NH2+]CC3(O)C2O1.Cc1ccc(cc1)S(=O)(=O)[O-],1
VUXNIN,Clc1cc(Cl)cc(OCC(=O)[O-])c1.[NH2+]1CCOCC1,0
IPAYIK,Cc1ccnc2N(C3CC3)c3ncccc3C(=O)Nc12.COC(=O)c1cc(ccc1C(O)=O)C(O)=O,0
SICQEE,OC(CC(=O)[O-])Cc1ccc(Cl)cc1.[NH3+]C(C(O)c1ccccc1)c1ccccc1.C1CCOC1,1
PAHNOD,CC(=O)Nc1ccc(cc1)S(=O)(=O)Nc1nccc(C)n1.C1COCCO1,0
OYUYEP,Cc1cccc(C)c1NC(=O)CN1CCCC1=O.OC(=O)c1cc(O)cc(c1)C(O)=O,0
QIGVOR,Nc1nc(N)nc(n1)c1ccccc1.CN1C(=O)CC(=O)N(C)C1=O,0
OVILUC,FC(F)(F)C(=O)[O-].COC(=O)C1[NH2+]C(CC1)CC(C)=O,1
RIJTUZ,C[NH+]1CCOCC1.Clc1ccccc1C1CC(=O)NC(=C1C#N)[S-],0
VEFVIM,OC(=O)c1cc(O)cc(O)c1.C(Cc1ccncc1)c1ccncc1,0
KEKGAJ,Nc1ncccn1.OC(=O)CN1C(=O)c2ccccc2C1=O,0
VEZPIC,CCc1[nH+]c(C)ccc1O.OC(=O)CCCCC(=O)[O-],0
XABLOE,[NH2+]=C1NC=CS1.O=C([O-])c1ccccc1,0
EXUCUX,O=C([O-])CSC1=CNc2ccccc12.OCC[NH+](CCO)CCO,0
HUNWUI,NC1=NON=C1N.C1COCCOCCOCCOCCO1,0
BIGHAD,CC(=O)N1c2ccccc2N(C(C)=O)c2nc3ccccc3nc12.CC(=O)OC(C)=O,0
VAWPEP,C[NH2+]C(C)C(O)c1ccccc1.O=C1[N-]S(=O)(=O)c2ccccc12,1
AZUMEO,CS(C)=O.OC(=O)CNC(=S)NC(=O)C=Cc1ccccc1,0
BUTBOJ,[NH3+]C(CO)C(O)=O.OC1=C([O-])C(=O)C1=O,0
LADCIE,OC(=O)C=CC(O)=O.CCC(=O)Nc1ccc(Br)cn1,0
QURSUR,OC(=O)C=CC(=O)[O-].[NH3+]C(C(C)C)C(O)=O,0
PIXZIJ,OC1=[NH+]CCC1.Cc1ccc(cc1)S(=O)(=O)[O-],0
KIZYID,Nc1ccc(cc1)C(O)=O.CC(=O)Nc1cccc(C)n1,0
RAXYEX,C(Cc1ccncc1)c1ccncc1.Oc1c(F)c(F)c(O)c(F)c1F,0
XAPMIK,OC(=O)C(O)=O.c1ccc2nc3ccccc3nc2c1,0
FULLIJ,NC(=[NH2+])C(N(=O)=O)N(=O)=O.FC(F)(F)S(=O)(=O)[O-],0
XIRLUJ,CN(C)C=C1SC(=O)N=C1Nc1cccc(O)c1.CN(C)C=O,0
FATQEA,CC(C)(c1ccc(O)cc1)c1ccc(O)cc1.C1C=NC23N=CCC12CC=N3,0
SULSUO,O[n+]1cccc(c1)N1C(=O)C2=C(CCCC2)S1(=O)=O.FC(F)(F)S(=O)(=O)[O-],0
EXIBIX,OC(=O)c1ccccc1Cl.Cc1cc(C)nc(N)n1,0
ULICAV,O=C([O-])CN1C(=O)Oc2ccccc12.[NH3+]CCO,0
VECVAD,Nc1[nH+]nc(c(N)n1)c1cccc(Cl)c1Cl.OC(=O)CCCCCCCCC(=O)[O-],1
INEDIP,OC(=O)CCCCCC(=O)[O-].C[NH2+]C(C)C(O)c1ccccc1,1
LUTNUM,CCCc1[nH+]ccc(c1)C(N)=S.Oc1cccc(O)c1C(=O)[O-],0
DEKXUO,OC(=O)c1nccnc1C(=O)[O-].NC(=O)C1CC[NH2+]CC1,0
DALJIN,CCN(CC)CC(=O)Nc1c(C)cccc1C.OC(=O)CCCCCCCC(O)=O,1
VOWTEG,[NH3+]C(CC)CO.OC(NC(=O)c1ccccc1)C(=O)[O-],1
PAKPAU,C[n+]1cccc(c1)C(O)=O.OC1=C([O-])C(=O)C1=O,0
XICPUW,[NH2+]=C1NC(=O)NC=C1.Clc1cccc(Cl)c1Nc1ccccc1CC(=O)OCC(=O)[O-],0
RALRUS,[NH3+]C(Cc1ccccc1)C(O)=O.[NH3+]C(Cc1ccccc1)C(=O)[O-].OC(=O)CC(=O)[O-],1
TIPWIY,NC(N)=O.OC(=O)C=CC(O)=O,0
ROGLIJ,OC(=O)c1cc(ccc1O)S(=O)(=O)[O-].OC(=O)C1=CSC(=N1)c1cc[nH+]cc1,0
COWJUU,Fc1c(F)c(c(F)c(F)c1Br)C(=O)[O-].COc1cncc(c1)C#Cc1cc(C)[nH+]c(N)n1,0
CIXMAZ,Oc1c(cc(cc1N(=O)=O)N(=O)=O)C(=O)[O-].[NH2+]=C1Nc2ccc(Br)cc2S1,0
QOLROB,CCN1C(=O)SC(C1=S)=C1SC(=O)N(CC)C1=S.c1cc2ccc3ccc4ccc5ccc6ccc1c1c2c3c4c5c61,0
KEVSAG,COC(C#N)(C#N)c1c(F)c(F)c(c(F)c1F)[C-](C#N)C#N.NC1=[NH+]C(=O)NC=C1.NC1=NC(=O)NC=C1,0
KADHIK,OC(=O)c1c(Br)c(Br)c(C(O)=O)c(Br)c1Br.Brc1cccnc1,0
JETTOU,FC(F)(F)S(=O)(=O)[O-].CCOC(=C)[n+]1ccccc1Cl,0
ACIFAT,[NH3+]c1ccc(cc1)S(N)(=O)=O.OC(=O)c1cc(cc(c1[O-])N(=O)=O)N(=O)=O,0
FURAOX,OC(=O)C(O)=O.NC(=O)C1=CC=CO1,0
QEPJAX,O=C[O-].[NH3+]CCNc1ccc(cc1)N(=O)=O,0
QAGJOX,NC1=[NH+]c2ccccc2S1.CN1C=CC=C1C(=O)[O-],0
DUCCAI,N#Cc1ccncc1.OC(=O)c1ccc(Cl)cc1,0
BOVWEQ,OC(=O)c1ccc(F)cc1F.C(Cc1ccncc1)c1ccncc1,0
XELBEZ,CC1=CC2[NH+](CCCC2O)CC1.O=N(=O)c1cc(c([O-])c(c1)N(=O)=O)N(=O)=O,0
AYEHOB,CC1(C)OC(=O)C(=C([O-])O1)Br.CC(C)N1C(=C(C)[N+](=C1Br)C(C)C)C,0
GELSUM,CC(NC(=O)C1[NH2+]CCC1)c1ccccc1.c1ccccc1.FC(F)(F)C(=O)[O-],0
GOLGIZ,O[n+]1ccc(cc1)c1ccncc1.COS(=O)(=O)[O-],0
LATKEY,OC(=O)CCC(O)=O.CC(C)=NNC(=O)c1ccncc1,0
DINPIC01,CC[P+](C)(C)C.O=N(=O)c1cc(c([O-])c(c1)N(=O)=O)N(=O)=O,0
ZOYBEW,COc1cc(ccc1O)C(O)=O.CN1C=NC2=C1C(=O)N(C)C(=O)N2C,0
CEKBOJ,Oc1cccc(O)c1.Cc1ccc2ccc3ccc(C)nc3c2n1,0
TACCIL,OC(=O)CCC(O)=O.C(Cc1ccncc1)c1ccncc1,0
CIHFEH,NC1=[NH+]C(=O)NC=C1.NC1=NC(=O)NC=C1.CC1=CC(=O)[N-]S(=O)(=O)O1,0
NARDAL,CC1(O)CCC2CCC(C)(O)[N+]3=C2N1CC3.O=C([O-])c1ccccc1,0
GUXVAZ,CC(=O)NC1=NN=C(S1)S(N)(=O)=O.C(Cc1ccncc1)Cc1ccncc1,0
IBIYOJ,C1CN2CCN1CC2.BrN1C(=O)CCC1=O,0
IMZMAL13,[2H][N+]1=CN([2H])C=C1.[2H]OC(=O)C=CC(=O)[O-],0
MILGAT,OC(=O)c1cccc(c1)C(O)=O.Nc1ncnc(N)c1C=O,1
YAJVAJ,Cc1ccc(O)c(c1)N1N=C2C=CC=CC2=N1.Fc1c(F)c(F)c2c(F)c(F)c(F)c(F)c2c1F,0
QAYTEQ,FC(F)(F)C(=O)[O-].[NH3+]C(CC1=CNC=[NH]1)C([O])=O,1
QEPJEB,CC(=O)[O-].[NH3+]CCNc1ccc(cc1)N(=O)=O,1
VIWBIM,O=P(c1ccccc1)(c1ccccc1)c1ccccc1.O=C(NC(=O)c1ccccc1)c1ccccc1,0
ACOPUG,COc1cc(C=CC(O)=O)ccc1O.NC(=O)c1cnccn1,0
RORPUL,OB(O)c1ccc(Br)cc1.c1ccc2nc3ccccc3cc2c1,0
PEQPIL,OC(=O)c1ccc(O)cc1.Cc1cc(nc(N)n1)c1cccnc1,0
ECUSUU,Cc1ccc(cc1)S(=O)(=O)[O-].Nc1c(Br)cc(Br)cc1C[NH2+]C1CCC(O)CC1,0
TOHGUS,OC(=O)CC1=CNC=[NH+]1.O=N(=O)c1cc(c([O-])c(c1)N(=O)=O)N(=O)=O,0
GATZOS,Oc1cc(O)cc(F)c1.COC(=O)C=Cc1ccncc1,0
MOYZIL,Nc1ncccn1.OC(=O)c1ccccc1F,0
HABJIG,CC(=O)Oc1cc(ccc1C(O)=O)C(F)(F)F.NC(=O)c1ccccn1,0
HICZIF01,NC(=O)c1ccncc1.OC(=O)CC(O)(CC(O)=O)C(O)=O,0
HOWXAV,OC(=O)c1ccc(cc1)C(O)=O.c1cc(ccn1)N=Nc1ccncc1,0
ZOYCOH,NC(N)=O.COc1cc(ccc1O)C(O)=O,0
GAXFOC,OC(=O)c1ccccc1C(=O)[O-].[NH2+]=C1NC(=O)N(C=C1)C1CSC(CO)O1,0
GETYIO,Oc1ccc(O)cc1.Oc1ccncc1,0
XAFSOP,[NH2+]1CCOCC1.Oc1ccccc1C(=O)[O-],1
CEVVUU,C[NH2+]C(C)C(O)c1ccccc1.COC(=O)C1CC=CCC1C(=O)[O-],0
LEWROY,CNC(N)=O.OC(=O)c1ccccc1,0
TMABCA,CN(C)c1ccc(cc1)N(C)C.ClC1=C(Cl)C(=O)C(=C(Cl)C1=O)Cl,0
PIRYAS,NS(=O)(=O)c1cc2c(NCNS2(=O)=O)cc1Cl.NC(=O)CCC(N)=O,0
MILKOL,OC(=O)c1cc(O)ccc1O.NC(N)=O,1
PANCYQ,ClC1=C(Cl)C(=O)C(=C(C#N)C1=O)C#N.c1ccc2c(c1)ccc1ccccc21,1
OTIZAT,NC(N)=O.OCCCCCCCCO,0
POYXOQ,CN1C=C[N+]2=C1CC1(OCC(C2)O1)c1ccc(Cl)cc1.CS(=O)(=O)[O-],0
TEKREK,CN(C)c1cc[n+](cc1)S(=O)[n+]1ccc(cc1)N(C)C.FC(F)(F)S(=O)(=O)[O-],0
XIXTOQ,OC(=O)c1cccc(Cl)c1.N#Cc1ccncc1,0
COHWOL,C1CN2CCN1CC2.Oc1ccccc1,0
LOHNOM,Oc1ccc2cc(Br)ccc2c1.C1CNCCN1,0
ABUQAR,FC(F)(F)C(=O)[O-].Clc1ccc(cc1)C1[NH2+]CCN2C=CC=C12,1
ULAXOU,OC(=O)C=CC(=O)[O-].CCc1[nH+]c(N)nc(N)c1c1ccc(Cl)cc1,0
DAMSAM,BrC1=C(Br)C(=O)NC1=O.Brc1cnc2c(c1)C(=O)c1cc(Br)cnc21,1
FEVKEZ,CC1=CC=C(S1)C(=O)[O-].COc1cc(Cc2c[nH+]c(N)nc2N)cc(OC)c1OC,0
TUQHUJ,FC(F)(F)C(=O)[O-].[NH3+]C(C)(C)COC,0
JIQCER,Nc1ncccn1.CN1C=CC=C1C(O)=O,0
PUJBOM,Cc1cc(C)nc(N)n1.Nc1ccccc1C(O)=O,0
XAZQIA,[NH3+]c1ccc(Cl)cc1.OC(=O)CC(=O)[O-],0
KELVEE,Clc1ccc(OCC(=O)[O-])cc1.OCC[NH+](CCO)CCO,0
SOKZUQ,N#C[S+]1c2ccccc2c2ccccc12.FC(F)(F)S(=O)(=O)[O-],0
QOVHOZ,c1cc(ccn1)C=Cc1ccncc1.Oc1cccc2ccccc12,0
TILYEV,CCCSc1ccc2[NH+]=C(NC(=O)OC)Nc2c1.Cc1ccc(cc1)S(=O)(=O)[O-],0
PUJKOV,Nc1[nH+]cc(Cl)cc1.Oc1ccc(cc1)C(=O)[O-],0
AWIDER,O=N(=O)c1ccc([O-])cc1.[NH3+]CCCCC([NH3+])C(=O)[O-],0
QIDKOF,C[N+]1=CN(C=C1)c1ccc(cc1N(=O)=O)N(=O)=O.FC(F)(F)S(=O)(=O)[O-],0
COGCUZ,CCOC(=O)c1ccccn1.OC(=O)C=CC(O)=O,0
HOXHAE,c1cc(ccn1)c1ccncc1.O=C1CC(=O)NC(=O)N1,0
RILQUA,Oc1ccc(cc1C(=O)[O-])N(=O)=O.Cc1[nH+]c(NS(=O)(=O)c2ccc(N)cc2)nc(C)c1,0
WOVZOZ,Oc1cc[nH+]c2ccccc12.Clc1ccc(C(=O)[O-])c(c1)N(=O)=O,0
ZEXHES,OC(=O)c1ccc(Cl)cc1.Oc1ccc(Br)cc1C=Nc1cccnc1,0
WEDMEZ,OC(=O)c1c(F)cccc1F.Nc1ncc(Br)nc1Br,0
BIXBUI,[NH2+]=C(O)N1c2ccccc2C=Cc2ccccc12.O=N(=O)c1cc(c([O-])c(c1)N(=O)=O)N(=O)=O,0
MISNOR,NC(N)=O.CC(=O)CCCCCCCCCC(C)=O,0
QOLRER,CCN1C(=O)SC(C1=S)=C1SC(=O)N(CC)C1=S.c1cc2ccc3cccc4ccc(c1)c2c34,0
ROBZOX,NC1=[NH+]c2ccc(Cl)cc2C2=NC(=NN12)C1=CC=CO1.CS(=O)(=O)[O-],0
VEVZIH,Nc1nc(N)nc(n1)c1cccnc1.CCCCCCCCC(O)=O,0
IFUQAC,c1cc(ccn1)c1ccncc1.OC(=O)CC#N,0
ZECQUW,FC(F)(F)C(F)(F)COCc1c[nH+]ccc1.O=C1[N-]S(=O)(=O)c2ccccc12,0
TENVUF,OC(=O)C=CC(=O)[O-].[NH3+]C(CC1=C[NH+]=CN1)C(=O)[O-],1
LODHOD,NNC(=O)c1ccncc1.OC(=O)c1cc(O)c(O)c(O)c1,0
RUBZUM,O=N(=O)N=C1N[N-]C(=N1)C1=NC(N[N-]1)=NN(=O)=O.[NH3+]NC(=O)N[NH3+],0
LOQZEZ,[NH3+]CCCOC.OC(=O)c1c(F)c(F)c(c(F)c1F)C(=O)[O-],0
LAGTAR,NC(=O)c1ccncc1.OC(=O)c1cc(O)ccc1O,0
HIQSEH,NC(=O)c1ccc(Br)cc1.OC(=O)CCCCC(O)=O,0
CUYKIT,OCC(O)=O.NC(=O)c1ccccn1,0
NIJGUK,Nc1nc(N)nc(n1)c1ccccc1.OC(=O)C=CC(O)=O,1
QEYMIU,CCNC1=NC(NC(=O)N1)=[NH+]C(C)C.CS(=O)(=O)[O-],0
ZAKSAI01,OC(=O)C(O)=O.NC(=O)c1ccccc1O,0
RAWDAU,C1N2CN3CN1CN(C2)C3.CC(C)(c1ccc(O)cc1)c1ccc(O)cc1,0
SADTIC,O=C1CCCN1.OC1=C(Cl)C(=O)C(=C(Cl)C1=O)O,0
LIGZUX,O=C([O-])c1ccc(cc1)N(=O)=O.[NH3+]CCO,0
RIPYIB,Nc1ccc(cc1)C(=O)[O-].CCc1[nH+]c(C)ccc1O,1
WUKROJ,OC(=O)c1ccc(C(O)=O)c2ccccc12.c1cnc2ccc3ncccc3c2c1,0
AGIGEE,OC(=O)C=Cc1ccccc1.CN1C=NC2=C1C(=O)N(C)C(=O)N2C,0
UFALIZ,CN(C)C=O.OC(=O)C1=CC=C(O1)C(O)=O,0
HURCIH,[NH3+]C(C)(C)CO.OB1OB(O)O[B-]2(O1)OB(O)OB(O)O2,1
LOMZIY,ClC(Cl)(Cl)C(=O)[O-].[NH3+]c1cccc(c1)N(=O)=O,1
YUQLOM,Oc1cc2ccccc2cc1O.CN1N(C(=O)C(=C1C)NC(C)=O)c1ccccc1,0
EHOZOT,c1cc(ccn1)c1ccncc1.CCCCCCCCc1ccc(cc1)C(O)=O,0
SILPUA,[BH]1234[BH]567[BH]891[BH]1%102[BH]2%113[BH]345[BH]456[BH]678[BH]791[BH]1%102[BH]%1134[CH-]5671.C[N+]1=C(C)O[Si](C)(C)C1,0
DIYYUH,CCCOC(=O)c1cc(O)c(O)c(O)c1.CCN1C=C(C(O)=O)C(=O)c2ccc(C)nc12,0
JUNDEE,CC[NH2+]CCO.Nc1ccc(cc1)C(=O)[O-],0
EBAWEK,OC1=C(Br)C(=O)C(=C(Br)C1=O)O.c1cnc(nc1)c1ncccn1,0
VUXNAF,[NH2+]1CCOCC1.O=C([O-])COc1ccccc1,0
QUYVEO,[NH2+]1CCOCC1.ClCCN1N=NC2=C(N=CN2C1=O)C(=O)[N-]N(=O)=O,0
MICLEQ,CC(C)=CC1C(C(=O)[O-])C1(C)C.CSc1ccc(cc1)C(O)C(CO)[NH+](C)C,1
GESBUD,NC(=O)c1ccc(O)cc1.OC(=O)CCCCC(O)=O,0
LATLAU,C(N1C=CN=C1)c1ccc(CN2C=CN=C2)cc1.OC(=O)C=CC(O)=O,0
QETNAF,c1cc(ccn1)C=Cc1ccncc1.Nc1cccc(O)c1,0
CIRXIL,NN1C=NN=C1.OC(=O)CCCCC(O)=O,0
CEKMEM,OC(=O)c1ccc(F)cc1.CN1C(=C(O)c2ccccc2S1(=O)=O)C(=O)Nc1ccccn1,0
PELMOL,c1cc(ccn1)c1ccncc1.OB(O)c1ccc(cc1)C#N,0
VIHNOT,FC(F)(F)C(=O)[O-].COc1ccc(cc1)N1CC[NH2+]CC1,0
WOHXEZ01,NC(N)=O.OC(=O)CSC1=NN=C(Br)N1c1ccc(C2CC2)c2ccccc12,0
FULTIQ,OC(C(=O)[O-])c1ccccc1.[NH3+]C(C)(C)COC(=O)c1ccccc1,0
TCYPIC,NC1=[NH+]C(=S)NC=C1.O=N(=O)c1cc(c([O-])c(c1)N(=O)=O)N(=O)=O,0
VUKPIC,Cc1[nH+]cc(CO)c(CO)c1O.Nc1ccc(cc1)C(=O)[O-],0
QUFSIV,OC(=O)c1ccccc1C(=O)[O-].[NH3+]c1ccc(Cl)c(Cl)c1,0
QACVAT,CCN(CC)C1(O)CCC1.CCNCC,0
NICVAX,FC(F)(F)S(=O)(=O)[O-].C[n+]1ccccc1C[Si](C)(C)C(C)(C)C,0
CURBEX,FC(F)(F)S(=O)(=O)[O-].C[N+]1(C)C2c3ccccc3C3C(P13)c1ccccc21,0
UJOHUX,NC(=O)C1CC[NH2+]CC1.O=C([O-])c1cc(cc(c1)N(=O)=O)N(=O)=O,0
SOVKAS,Cc1cc(cc(C)c1O)[N+](C)(C)C.FC(F)(F)S(=O)(=O)[O-],0
VICKEX,OP(=O)([O-])Oc1ccccc1.[NH3+]CC(O)=O,0
FARQIC,CS(C)=O.OC(=O)C(=O)Nc1ccc(NC(=O)C(O)=O)cc1,0
MUFCOF,OCCC1[NH2+]CCCC1.CC1(C)C2CCC1(CS(=O)(=O)[O-])C(=O)C2,1
LAJKEQ,[2H]N(C(N([2H])[2H])=[N+]([2H])[2H])C(N([2H])[2H])=S.O=C([O-])c1cccc(c1)N(=O)=O,0
SIZFUD,OB1OB(O)O[B-](O)(O)O1.[NH3+]C(C)(C)CO,0
LOBNUO,OC1CC2[NH+]3CC(O)C2(C=C1)c1cc2OCOc2cc1C3.O=N(=O)c1cc(c([O-])c(c1)N(=O)=O)N(=O)=O,0
OJEPIC,Cl.[NH3+]C(CC1=C[NH+]=CN1)C(=O)[O-].OC(C(O)C(O)=O)C(O)=O.OC(C(O)C(=O)[O-])C(O)=O,1
LUNNEN,NC(=O)c1ccncc1.CCOC(=O)C=CC(O)=O,0
QALDUE,OC(=O)c1cc(cc(c1)C(O)=O)C(O)=O.c1ccc2nc3ccccc3cc2c1,0
KAXSIN,OCC(O)=O.COc1ccc2cccc(CCNC(C)=O)c2c1,0
DINSOK01,OC(=O)c1cccc(O)c1.c1ccc2nc3ccccc3cc2c1,0
XITMUM,NC(=O)c1ccncc1.OC(=O)CSCc1ccccc1,0
PIYDUW,CC1(C)C(=O)NC(=O)NC1=O.CC(C)(C)Nc1nc(N)nc(NC(C)(C)C)n1,0
SARPAG,Cc1ccc(cc1)S(=O)(=O)[O-].[NH3+]C(C(O)=O)c1ccc(O)cc1,0
XIFQEJ,OC(O)C(O)=O.c1ccc2nccnc2c1,0
VAVKEL,C[NH+](C)C(C)C(O)c1ccccc1.OC(=O)CCC(=O)[O-],0
LUJSIT,CC(=O)Nc1ccc(O)cc1.c1ccc2ccccc2c1,0
TENPAF,CN1C=NC2=C1C(=O)N(C)C(=O)N2C.OC(=O)COc1ccccc1C=O,0
GUPXIB,O=S(=O)([O-])c1ccccc1.CN1CC(=O)NC1=[NH2+],1
PITYOG,Oc1ccc(cc1)c1ccc(O)cc1.Nc1ccc(cc1)c1ccc(N)cc1,0
JAKBOQ,c1cc(ccn1)c1ccncc1.Cc1cccc(c1)S(=O)(=O)Nc1cccc(F)c1,0
JAZSAH,OC(=O)CC(=O)[O-].OCC[NH+](CCO)CCO,0
RUVPEE,FC(F)(F)C(=O)[O-].Nc1[nH+]cnc2N(CCC(O)=O)C=Nc12.OC(=O)C(F)(F)F,1
IRUGIM,Nc1cccc(N)n1.O=C1NC(=O)C=C1,0
VEGHUN,NNC(=O)c1ccncc1.OS(=O)(=O)c1cccc2c1cccc2S(O)(=O)=O,0
EXEZOX,Cc1cc(Cl)nc(N)n1.Cc1cccc(c1)C(O)=O,0
OTIZIB,NC(N)=O.OCCCCCCCCCCCCO,0
VURKUP,CCCCN1C=[N+](C)C(=C1Br)Br.FC(F)(F)S(=O)(=O)[O-],0
EFEBAW,[NH3+]CCN1CCOCC1.O=N(=O)c1cc(c([O-])c(c1)N(=O)=O)N(=O)=O,0
PITZEX,CC(C)=Nc1ccc(cc1)N=C(C)C.Oc1ccc(O)cc1,0
ESATUN,OC(=O)c1c(F)c(F)c(F)c(F)c1F.NC(=O)c1ccccc1,0
ZEXPOJ,OC(=O)c1cc(ccc1C(=O)[O-])N(=O)=O.NC(=O)c1c[nH+]ccc1,0
GONLIG,[NH2+]=C1NC(=O)NC=C1F.CC1=CC(=O)[N-]S(=O)(=O)O1,0
XISLIV,O=N(=O)c1ccc(cc1)S(=O)(=O)Nc1cc[nH+]cc1.ClC(Cl)(Cl)C(=O)[O-],0
ZEYDOY,[NH2+]=C1NC(=O)NC=C1.OC(=O)C=CC(=O)[O-],0
GARVAW,ClC(Cl)(Cl)C(=O)[O-].[NH3+]c1ccc(Cl)cc1,0
FEDTIV,Oc1ccccc1C=NNC(=O)c1cc[nH+]cc1.Clc1ccc(cc1)C(=O)[O-],0
YICLAA,Oc1cc(O)c(Cl)cc1Cl.c1ccc(cc1)C=Cc1ccncc1,0
GICXEZ,CC1(C)N2C(=Nc3ccc(Cl)c(Cl)c3C2=O)NC1=O.CS(C)=O,0
BOQNUS,OC(=O)CSCc1ccc(CSCC(O)=O)cc1.Cc1cc(C)nc(N)n1,0
XAGDAK,OC(C(O)C(=O)[O-])C(O)=O.[NH3+]CCO,1
NORKOX,OC12CC[NH+](CC1)CC2.O=N(=O)c1cc(c([O-])c(c1)N(=O)=O)N(=O)=O,0
GIJTEC,O=C1NC(=O)C=C(N1)C(=O)[O-].COc1cc(Cc2c[nH+]c(N)nc2N)cc(OC)c1OC,0
SAXHIK,Nc1nnc(c(N)n1)c1cccc(Cl)c1Cl.O=C1NC(=O)c2ccccc12,0
TOQNOF,NC(=S)NN=Cc1cc[nH+]cc1.OC(=O)c1cccc(n1)C(=O)[O-].NC(=S)NN=Cc1ccncc1,0
HOWRUH,[NH3+]c1ccc(Br)cc1.OC(=O)c1cc(cc(c1)C(=O)[O-])C(O)=O,0
JOYJAK01,Nc1ncccn1.OC(=O)CCCC(O)=O,0
UQOCOT,FC(F)(F)S(=O)(=O)[N-]S(=O)(=O)C(F)(F)F.C[N+](C)(C)CCO,1
DUJKOK,OC(=O)C(=O)[O-].OCC[NH+]1CC[NH2+]CC1,1
HOQSEO,CN1CC(=O)N(C)CC1=O.OO,0
SAMLAU,[NH2+]1CCOCC1.CC(C)OCC(OC(C)C(=O)[O-])c1ccccc1,1
WEJHAV01,CN(C)C=O.NS(=O)(=O)c1cc2c(NC=NS2(=O)=O)cc1Cl,0
CERVIG,OC(=O)c1cc(ccc1O)S(=O)(=O)[O-].O=N(=O)c1ccc(Cc2cc[nH+]cc2)cc1,0
VAGHIY,CC1(C)OC(=O)C2(C(=O)O1)C(C#N)(C#N)C2(C#N)C#N.C1COCCO1,0
OFAZII,FC(F)(F)S(=O)(=O)[O-].Fc1cc(F)c2c(CC[N+]3=C2c2c(F)cc(F)cc2CC3)c1,1
CAKZOF,OB(O)O.CC1=NN=C2CN=C(c3ccccc3)c3cc(Cl)ccc3N12,0
ULEFEW,FC(F)(F)S(=O)(=O)[O-].O=C1CCN2C(c3ccccc3)C(=CN12)c1[nH+]cccc1,0
AHUYIL,CC1=NN2C(=[NH+]1)CCCC1=C2C=CS1.O=N(=O)c1cc(c([O-])c(c1)N(=O)=O)N(=O)=O,0
JUBBEQ,[NH3+]CC(O)=O.Cc1cc(C)c(c(C)c1)S(=O)(=O)[O-],0
SECZUY,O=C1CCC(=O)N1.CN(C)c1ccncc1,0
MOGZOX,CS(=O)(=O)[N-]S(C)(=O)=O.Oc1cccc2ccc[nH+]c12,0
COZZEX,Oc1ccc(cc1)c1ccc(O)cc1.C(Cc1ccncc1)c1ccncc1,0
UBUQIU,Nc1cccc2c(N)cccc12.BrC1=C(Br)C(=O)C(=C(Br)C1=O)Br,0
NIRMIN,Brc1ccc(OCC2=CNN=[NH+]2)cc1.Cc1ccc(cc1)S(=O)(=O)[O-],0
CATKAL,C(CCN1C=CN=C1)CN1C=CN=C1.Oc1ccc2ccccc2c1c1c(O)ccc2ccccc12,0
BOVWOA,c1cc(ccn1)C=Cc1ccncc1.OC(=O)c1ccc(F)c(F)c1F,0
NUJWAR,COc1cncc(Br)c1.ON=C(C#N)c1ccc(Br)cc1,0
MOGWEM,Cc1ccncc1.OC(=O)CCCCC(O)=O,1
TOZHOF,NC(N)=O.CC(=O)CCCCC(C)=O,0
SANAPY,Nc1ccc(cc1)S(N)(=O)=O.CN1N(C(=O)C=C1C)c1ccccc1,0
FUFJEY,NC(=S)NN=C1CCCc2nc(ccc12)C1=CC=C(Cl)S1.CS(C)=O,0
CYTFGL,O=CNCC(=O)[O-].NC1=[NH+]C(=O)NC=C1,1
GALHEJ,FC(F)(F)C(=O)[O-].OC(O)(c1[nH+]cccc1)c1ccccn1,0
HURDEE,OCC[NH+]1CCCC1.OB1OB(O)O[B-]2(O1)OB(O)OB(O)O2,0
ZIYDAP,NC1=[NH+]c2ccc(OC(F)(F)F)cc2S1.Oc1ccc(O)c(c1)C(=O)[O-],1
TUDKIO,Cc1cc(Br)cc2CN3C[NH+](Cc4cc(Br)cc(C)c34)c12.CC1(C)C2CCC1(CS(O)(=O)=O)C(=O)C2.CC1(C)C2CCC1(CS(=O)(=O)[O-])C(=O)C2,1
SOBCUI,OC(=O)Cc1ccc(CC(O)=O)cc1.Cc1cccc(NC(=O)Nc2cccc(C)n2)n1,0
KODKIX,[O][P-]1([O])Oc2ccc3ccccc3c2c2c(O1)ccc1ccccc21.CCCC(=O)Nc1[nH+]c(NC(=O)CCC)ccc1,0
FUWVAU,CC(=O)[O-].COc1cc(Cc2c[nH+]c(N)nc2N)cc(OC)c1OC,0
NINZAN,OCC[NH2+]CCO.O=N(=O)c1cc(c([O-])c(c1)N(=O)=O)N(=O)=O,0
IDODIQ01,C[n+]1ccc(cc1)C=Cc1ccc(Br)cc1.Cc1ccc(cc1)S(=O)(=O)[O-],1
BERMOA,CC(C)=NNC(N)=S.C1COCCOCCOCCO1,0
AJADEX,FC(F)(F)C(=O)[O-].COC(=O)C1(C[NH2+]C(COC(F)(F)F)C1)C(=O)OC,1
DIGCOM,O=C(Nc1c[nH+]ccc1)Nc1cccnc1.OC(=O)C1(CCC1)C(=O)[O-],0
SOGGED,O=P([O-])(Oc1ccccc1)Oc1ccccc1.OB(O)c1c[nH+]c2ccccc2c1,0
KURGOU,Nc1ccc(Cl)cn1.OC(=O)C=CC(O)=O,0
NIXRUJ,O=C1NC(=O)C(=C1c1ccccc1)c1ccccc1.CN1CCCC1=O,0
HONVIQ,OC(=O)c1cccc(O)c1.Cc1nc(C)c(C)nc1C,0
FIPLUO,Oc1c(c(O)c(c([O-])c1N(=O)=O)N(=O)=O)N(=O)=O.[NH3+]NC(=O)C1=NN=C(N)N1,0
QOLNEM,Cc1ccc2ccc3ccc(C)nc3c2n1.Oc1cc(Cl)c(Cl)cc1O,0
AKISEU,NC(=O)CN1CCCC1=O.OC(=O)c1cc(O)c(O)c(O)c1,0
LIGXEE,OC(C(O)C(=O)[O-])C(O)=O.[NH3+]CCNC(=O)Cc1cccc2ccccc12,0
WIMCUR,OC(=O)c1cc(ccc1O)S(=O)(=O)[O-].NC1=CC(=O)NC(=[NH2+])N1,1
ZAPFEB,NN.COc1ccc(O)cc1,0
AFUHAM,OC(=O)C(=O)[O-].NC1=[NH+]C(=CS1)c1ccccc1,0
EXIBET,Cc1cc(Cl)nc(N)n1.COc1ccc(cc1)C(O)=O,0
SECYUX,CN(C)c1ccncc1.BrN1C(=O)CCC1=O,0
BAYVOQ,Oc1ccc2cc(ccc2c1)C(=O)[O-].Cc1cccc2SC(=[NH2+])Nc12,0
UFEZOY,CN1C=C[N+](=C1)[B-](Cl)(N1C=C[N+](=C1)C)c1ccccc1.FC(F)(F)S(=O)(=O)[O-],0
EMUREJ,C[N+]1(CCOCC1)CC(O)=O.Oc1ccccc1C(=O)[O-],0
MORVEV,Oc1cc(O)cc(O)c1.c1ccc2nc3ccccc3nc2c1,0
QUCKEH,OC(=O)c1ccc2OCOc2c1.NC(=O)c1ccncc1,0
MIQQEL,Oc1cccc(O)c1.C1CNCCNCCNCCN1,0
VELVUG,BrN1C(=O)c2ccccc2C1=O.Brc1cccnc1,0
PEMBAL,NC(N)=S.COC(=O)C(=O)OC,0
QAGJAJ,NC1=[NH+]CCS1.O=C([O-])C1=Cc2ccccc2N1,0
FURXEX,NC(=O)c1cccnc1.NS(=O)(=O)c1ccc(cc1)C(O)=O,0
NOQWIC,FC(F)(F)S(=O)(=O)[O-].C[n+]1ccccc1CC[Si](C)(C)C,0
HIVYOB,CC(=O)[O-].NC(=[NH2+])NN=Cc1c(Cl)cccc1Cl,0
QUTMIC,c1ccncc1.OC(=O)c1ccc(C(O)=O)c2c(ccc(C(O)=O)c12)C(O)=O,0
ECEROW,c1cc(ccn1)c1ccncc1.OC(=O)CNc1ccccc1C(O)=O,0
MUFBOE01,OC(C(O)C(=O)[O-])C(O)=O.C[NH2+]CC(O)c1cccc(O)c1,1
KETZEQ,c1cc(ccn1)C=Cc1ccncc1.CC(=O)Nc1ccc(O)cc1,0
DERXEH,FC(F)(F)S(=O)(=O)[N-]S(=O)(=O)C(F)(F)F.OC(=O)CC[n+]1ccccc1,0
AMILUD,c1cnc2c(c1)ccc1cccnc21.NC(N)=O,0
EWANOG,Cc1cc(O)cc(O)c1.Cc1cc(C)nc(N)n1,0
MUYTAC,ON=C1C(=O)NC(=O)NC1=O.ON=Cc1cccnc1,0
DOWSAK,OC(=O)C(=O)[O-].C[NH+](C)CC1=CSCCCCS1,0
UYILEV,C[NH+](C)c1cccc2cccc(C(O)=O)c12.FC(F)(F)S(=O)(=O)[O-],0
UBIKUN,OC(c1ccccc1)=C(C=C(C#N)C(=O)c1ccccc1)C#N.C1CCNCC1,0
JIYGUW,ClCC[NH+]1CCCC1.OC1=C(O)C(=O)C1=O.OC1=C([O-])C(=O)C1=O,0
HIDRET,C(N1C=CN=C1c1ccccc1)c1cccnc1.ON=C(C#N)c1ccc(O)cc1,0
ONIDEX,FC(F)(F)S(=O)(=O)[O-].CS(=O)(=N[S+]1c2ccccc2c2ccccc12)c1ccccc1,0
NORGEH,OC(=O)C(=O)[O-].Nc1[nH+]cccc1N(=O)=O,1
QIWFEJ,O=N(=O)c1ccc(cc1)S(=O)(=O)[O-].[NH3+]CCOS(=O)(=O)c1ccc(cc1)N(=O)=O,0
FEQPOJ,CC(=NO)C(C)=NO.Cc1nc2ccccc2nc1C,0
ISANIB,FC(F)(F)S(=O)(=O)[N-]S(=O)(=O)C(F)(F)F.C[N+](C)=CO,0
NEQMUU,CC(=O)NC1=NC=C(C)S1.OC(=O)c1ccc(O)cc1,0
TAZLEO,c1cnc2c(c1)ccc1cccnc21.OB(O)c1ccc(Cl)cc1,0
RIPYAT,O=C1CC(=O)NC(=O)N1.Nc1ccc(cc1)C(O)=O,0
IDELIO,NC(N)=O.Cc1ccc2ccc(C)nc2n1,0
PAHHEO,OC(=O)c1ccccc1O.NC(=O)c1ccc(O)cc1,0
MEXHEG,O=N(=O)c1ccc([O-])cc1.[NH3+]CCO,0
JOKPUW,CCOS(=O)(=O)[O-].CCOC1=CC(CCC1)=[NH+]CCCOC,0
NAQMOK,OC(=O)CCC(O)=O.NC1=Nc2ccc(OC(F)(F)F)cc2S1,0
XAPZOG,Nc1ccc(Cc2ccc(N)cc2)cc1.Oc1ccccc1O,0
ZEHDUL,Oc1ccc(cc1)C1(CCCCC1)c1ccc(O)cc1.Nc1ccccc1N,0
SOHMUZ01,OC(=O)c1cc(ccc1O)S(=O)(=O)[O-].NC(=O)c1cc[nH+]cc1,1
DIKCOQ,OC(=O)c1ccc2ccccc2c1O.CN1C(=C(O)c2ccccc2S1(=O)=O)C(=O)Nc1ccccn1,0
RECQUM,NC(N)=S.COc1ccccc1C(N)=O,0
XEDQUW,COC(=O)C=CC=Cc1ccncc1.Oc1cc(O)c(Br)cc1Br,0
SIBYOV,ONC(=O)C=Cc1cccc(c1)S(=O)(=O)Nc1ccccc1.NNC(=O)c1ccncc1,0
UHORUF,c1cc(ccn1)C=Cc1ccncc1.COC(=S)Nc1ccccc1,0
NIDPUN,C1CN2CCN1CC2.CC(=O)Nc1ccc(O)cc1,0
TANXEL,CC1(C)COP(=O)([O-])OC1c1ccccc1Br.C[NH2+]C(C)C(O)c1ccccc1,1
NAGLYA10,CC(=O)[O-].[NH3+]CCCCC(NC(=O)CNC(C)=O)C(=O)OC,0
YIZQAA,OC(=O)c1ccc(Cl)cc1.Cc1cc(C)nc(NS(=O)(=O)c2ccc(N)cc2)n1,0
GIMQEC,CN(C)c1ccc(cc1)N(C)C.FC1=C(F)C(=O)C(=C(F)C1=O)F,0
SARJOL,OC(=O)c1cccc(n1)C(=O)[O-].OC(=O)c1cccc(n1)C(O)=O.CCN(CC)C1=[NH+]C(=CC(=O)N1)C,0
QEPRIP,[NH3+]CCNc1ccc(cc1OC)N(=O)=O.O=C([O-])C1=CSC=C1,0
OTESEM,O=C1NS(=O)(=O)c2ccccc12.NC(=O)N1c2ccccc2CCc2ccccc12,0
XIJBIE,NS(=O)(=O)[O-].[NH3+]c1ccc(cc1)S(N)(=O)=O,1
IVULIV,C[NH+](C)C(C)C(O)c1ccccc1.Fc1cccc(c1)C(=O)[O-],0
UZUYIZ,Cc1cccc(Nc2ccccc2C(O)=O)c1C.Cc1ccccn1,0
BUNHEZ,c1cc(ccn1)c1ccncc1.OC(=O)c1ccc(Br)cc1,0
YECHAQ,O1C(=NN=C1c1cccnc1)c1cccnc1.OC(=O)C=CC(O)=O,0
GEPNEW,[NH3+]CCO.OC(C(=O)[O-])c1cccc(Cl)c1,0
JIQLED,COc1cc(ccc1O)C(O)=O.NC(=O)N1c2ccccc2C=Cc2ccccc12,0
TEYTAU,[NH3+]CCO.O=C([O-])c1ccccc1,0
KAYHEZ,OC(=O)CCCCCCCCC(O)=O.O=C(Nc1ccccn1)c1cccnc1,0
REHSAA,OC(=O)c1ccccc1O.CCOc1ccccc1C(N)=O,0
GUZDUB,FC(F)(F)S(=O)(=O)[O-].CCN1C=CC=CB1[n+]1ccc(C)cc1,0
NEBYAW,COc1[nH+]c(N)nc(OC)c1.ClC(Cl)(Cl)C(=O)[O-],0
EPUSOZ,CC(=O)Nc1ccc(cc1)C(O)=O.NC(=O)c1ccccc1O,1
TIHSAH,COc1cc(C=CC(O)=O)cc(OC)c1O.NC(=O)c1cnccn1,0
HEGZUS,Oc1cccc(O)c1.c1cncc(c1)C=NN=Cc1cccnc1,0
DIMXOQ,CC1=CC(=NO1)NC(=O)CC(=O)NC1=NOC(=C1)C.CS(C)=O,1
WUTDEX,c1ccc2nc3ccccc3nc2c1.CC(C)c1ccc(C)cc1O,0
NABCAV,CC(=NO)C(C)=NO.OC(=O)c1ccccc1,0
GERCUF,NC(=O)c1cnccn1.OC(=O)c1ccc(O)c(O)c1O,0
VAVHIM,Nc1ccccc1C(=O)[O-].C[NH+](C)C(C)C(O)c1ccccc1,1
POMKUZ,Nc1[nH+]cc(Cl)cc1.O=N(=O)c1ccc([O-])c(c1)N(=O)=O,0
NOSMIR,C1COCCO1.CC1(C)CC(=O)C2(C(=O)C1)C(C#N)(C#N)C2(C#N)C#N,0
UPOQAS,OC(=O)C=CC(O)=O.OC(=O)C=CC(=O)[O-].OC(CN1C=[NH+]C=N1)(CN1C=[NH+]C=N1)c1ccc(F)cc1F,0
QAKWAA,FC([O-])=NS(F)(F)C(F)(F)F.CN(C)[S+](N(C)C)N(C)C,1
LATTIL,OC(=O)C=CC(O)=O.NC(=O)c1cnccn1,0
QAFROH,C[NH+](C)c1ccc(C=O)cc1.Cc1ccc(cc1)S(=O)(=O)[O-],0
PITYAS,Nc1ccc(N)cc1.Oc1ccc(O)cc1,0
TEZGIR,NS(=O)(=O)CC1=NOc2ccccc12.CN1C=NC2=C1C(=O)N(C)C(=O)N2C,0
LICMUH,[NH3+]c1cc(Cl)ccc1O.O=C([O-])C=CC(=O)[O-],0
XUMMEA,[NH3+]C(CO)(CO)CO.OC(=O)CCC(=O)[O-],0
COXGUS,OC(=O)c1cccc(c1C(=O)[O-])N(=O)=O.[NH3+]c1ccc(cc1)C(O)=O,0
HEVMOO,OC(=O)CCC(O)=O.Nc1ccncc1,0
WADWAB,O=C([O-])Cc1ccccc1.NC(=O)C1CC[NH2+]CC1,0
HIQRUW,NC(=O)c1ccc(Br)cc1.OC(=O)CCCCCCC(O)=O,0
GENLUH,Cc1ccc(cc1)C(N)=O.OC(=O)C(O)=O,0
SOLFUW,NC(=O)c1ccncc1.Nc1ccc(cc1)C(O)=O,0
QUFLAH,CN1CC(=O)NC1=[NH2+].OB(O)[O-],0
LETSAG,OC(=O)c1ccc(F)cc1.c1ccc2nc3ccccc3cc2c1,0
VUWLIJ,C[NH+](C)c1ccc(C=O)cc1.O=N(=O)c1cc(c([O-])c(c1)N(=O)=O)N(=O)=O,0
YICKON,c1ccc(cc1)C=Cc1ccncc1.Oc1cc(O)c(Br)cc1Br,0
FICNAI,CN(C)C=C1SC2=NC(=O)c3ccccc3N2C1=O.CS(C)=O,0
HUNJEH,CN1C=NC2=C1C(=O)N(CCCCC(C)=O)C(=O)N2C.CC(=O)Oc1ccccc1C(O)=O,0
NIJHAR,Nc1nc(N)nc(n1)c1ccccc1.OC(=O)C=CC(O)=O,0
BOVWAM,c1cc(ccn1)C=Cc1ccncc1.OC(=O)c1ccc(F)cc1F,0
PELNAY,Nc1nc(N)nc(N)n1.OB(O)c1ccc(cc1)C#N,0
MIYTOF,O=S1(=O)N=C(NC2=CC(=NN12)c1ccccc1)N1CCCCC1.CS(C)=O,0
YACRAY,OC(=O)c1cc(O)cc(O)c1.CC(C)C1=C(C)N(C)N(c2ccccc2)C1=O,0
ETABAC,NC(N)=S.OC(=O)c1cc(ccc1O)S(O)(=O)=O,0
XOJNOA,Cc1cc(C)cc(c1)C(O)=O.Cc1cc(C)nc(N)n1,0
MIGVUU,ON1C(=O)c2c(Cl)c(Cl)c(Cl)c(Cl)c2C1=O.CN(C)C=O,0
GEFDUU,CC1=CNC(=[NH2+])S1.OC(C(=O)[O-])(c1ccccc1)c1ccccc1,0
HODLES,C(CCN1C=CN=C1)CN1C=CN=C1.Oc1cc(O)cc(O)c1,0
LOFKIB,NC(=O)c1ccncc1.NC(=O)N1c2ccccc2C=Cc2ccccc12,0
NOSXAU,OC(=O)C(=O)[O-].[NH3+]C(CCCNC(N)=[NH2+])C(=O)[O-],0
EXISUC,Oc1cc(O)c2ccccc2c1.c1ccc2nc3ccccc3cc2c1,0
UGOWOE,OC(=O)c1cc(O)cc(O)c1.O=C1NC(=O)C=C1,0
QUQVEF,FC(F)(F)S(=O)(=O)[O-].C[n+]1c2ccccc2c(CBr)c2ccccc12,0
SIHLED,Cc1nc(C)c(Cl)c(N)n1.OC(=O)C1=C(Br)C=CS1,0
YECHUK,O1C(=NN=C1c1cccnc1)c1cccnc1.OC(=O)COc1ccc(OCC(O)=O)cc1,0
GEHKUA,C[NH2+]C(C)C(O)c1ccccc1.CS(=O)(=O)[O-],1
DATFAH,CC(=O)NC1=NN=C(S1)S(N)(=O)=O.NC(=O)c1ccccc1N,0
TEZNET,Nc1nc(N)nc(n1)c1ccccc1.OC(=O)c1cccc(c1)C(O)=O,0
BIVSIJ02,c1cc(ccn1)C=Cc1ccncc1.Oc1ccc(cc1)C(=O)c1ccc(O)cc1,0
HONFEX,OC(=O)COc1ccc(Cl)cc1.c1ccc2ncccc2c1,0
LATBOZ,NC(=O)CN1CCCC1=O.OC(=O)c1ccc(O)cc1,0
MISMAC,Nc1[nH+]cc(Br)cc1.O=C([O-])C#C,0
FAFHEC,COc1ccc2cccc(CCNC(C)=O)c2c1.OC(=O)C(O)=O,1
UGOSUG,OC(=O)CCCCCCCCC(=O)[O-].CC1=C[NH+]=C(N)S1,0
GODQIZ,OC(=O)Cc1ccc(CC(O)=O)cc1.Nc1ncccn1,0
KEGCIJ,OC(=O)c1ccc(Oc2ccc(cc2)C(O)=O)cc1.c1cc(ccn1)C=Cc1ccncc1,0
WADNAT,[NH3+]Cc1ccc(Cl)cc1.BrCCCCCCCCCCCC(=O)[O-],1
PUFFIG,ClCC[NH+]1CCOCC1.O=N(=O)c1cc(c([O-])c(c1)N(=O)=O)N(=O)=O,0
IVUPEV,OC(=O)C=CC(=O)[O-].C[NH+](C)C(C)C(O)c1ccccc1,0
NUQMUJ,OC(=O)Cc1ccc(CC(O)=O)cc1.c1cc(ccn1)c1ccncc1,0
MODWIO,NS(=O)(=O)c1cc(C(=O)[O-])c(NCC2=CC=CO2)cc1Cl.OCC[NH+](CCO)CCO,0
EBUCEL,c1ccc(nc1)c1ccccn1.COC(=O)NC(=S)Nc1ccccc1NC(=S)NC(=O)OC,0
VUXTAJ,O=N(=O)c1ccc2NN=C(c2c1)N(=O)=O.O=N(=O)c1ccc2[N-]N=C(c2c1)N(=O)=O.[NH2+]1CCOCC1,0
HOCCOT,NC(=O)c1ccncc1.CC(=O)NS(=O)(=O)c1ccc(N)cc1,0
SERMOR,OC(=O)CCC(O)=O.Nc1ncccn1,0
MUYVOS,ON=C1C(=O)NC(=O)NC1=O.NN1C=NN=C1,0
USAKEF,OB(O)c1ccc(O)cc1.c1cc(ccn1)c1ccncc1,0
XITRID,O=C([O-])c1ccc2ccccc2c1.[NH3+]Cc1cccc(Cl)c1,0
AWAZUV,CN(C)C=O.CNC(=S)NN=Cc1cccc(c1O)C(C)(C)C,0
VUMTEF,NC1=N[N+]2(CCOCC2)CC1.O=N(=O)c1ccc(cc1)S(=O)(=O)[O-],0
IVEPAD,OC(=O)C=Cc1ccc(O)cc1.c1ccncc1,0
TOKCUS,OC(C(O)C(=O)[O-])C(O)=O.C[N+]1(CC[N+](C)(CC1)CC(=O)[O-])CC(O)=O,1
XAPZIA,Nc1ccc(N)cc1.Oc1ccccc1O,0
XOKSAT,[NH3+]CCc1ccc(O)cc1.OC1=C([O-])C(=O)C1=O,0
QAMRIG,c1ccncc1.Oc1ccc(O)cc1,0
OTUKUM,OC(=O)c1c(F)c(F)c(C(O)=O)c(F)c1F.CCCOc1ccc(cc1)N=Nc1ccncc1,0
GENMAO,Cc1ccc(cc1)C(N)=O.OC(=O)CCCCCCCCC(O)=O,0
JEKGEL,[S-]C#N.Cc1ncc(C[N+]2=CSC(=C2C)CCO)c(N)n1,0
FOMDOC,CC1=[N+]([O-])ON=C1C=NNC(N)=[NH2+].O=N(=O)C1=NN=N[N-]1,0
PIJSIN,Oc1cc2ccccc2cc1O.C1CN2CCN1CC2,0
NEFFEM,OC(=O)c1ccc(O)cc1O.NC(=O)c1cnccn1,0
DUCXOP,OC(=O)CCCCCCCCC(O)=O.Cc1ccc2N=C(N)Sc2c1,0
EPUGEE,NC1=[NH+]C=CS1.CC(C)(Oc1ccccc1)C(=O)[O-],0
FIJSIA,COC(=O)C(C)C1[NH2+]CCC1.O=N(=O)c1cc(c([O-])c(c1)N(=O)=O)N(=O)=O,0
MEGWAW,OC(C(=O)[O-])c1ccc2ccccc2c1.[NH3+]C(C)c1ccc(Cl)cc1,0
NOSXEY,OC(=O)C(=O)[O-].[NH3+]C(CCCNC(N)=[NH2+])C(=O)[O-],1
OCAHIK,[NH3+]Cc1ccc(O)c(O)c1.O=C([O-])c1cc(cc(c1)N(=O)=O)N(=O)=O,1
EHOVIG,COC(=O)c1cc(cc[n+]1C)c1cc[n+](C)c(c1)C(=O)OC.FC(F)(F)S(=O)(=O)[O-],1
QIPMUX,O=C1CCCC(=C1)NCc1ccncc1.OC(=O)CCCCC(O)=O,0
LABQIR,Brc1ccc(cc1)S(=O)(=O)[N-]S(=O)(=O)c1ccc(Br)cc1.Brc1c[nH+]ccc1,0
VEJZIW,C(Cc1ccncc1)Cc1ccncc1.NS(=O)(=O)c1cc2c(NC=NS2(=O)=O)cc1Cl,0
TAPDIB,O=C([O-])c1cc(cc(c1)N(=O)=O)N(=O)=O.[NH3+]c1ccc(cc1)S(=O)(=O)N=C1NC=CS1,0
YEXPOK,FC(F)(F)S(=O)(=O)[O-].C[NH+]=P(c1ccccc1)(c1ccccc1)c1ccccc1,0
WORQIG,OC(=O)C=CC(=O)[O-].CCNc1nc(NC(C)C)[nH+]c(SC)n1,0
XADTOL,[NH3+]CCCCC([NH3+])C(=O)[O-].OC(=O)C=CC(=O)[O-],1
VEKMON,CS(=O)(=O)[N-]S(C)(=O)=O.CN(C)c1cc[n+](cc1)C(C)=O,0
SEPVES,OC(=O)[O-].CC(C)NC(NCC1=CC=CO1)=[NH+]C(C)C,0
BOWJEE,c1cc(ccn1)C=Cc1ccncc1.OC(=O)c1c(F)cc(F)cc1F,0
BAYQUR,Cc1cc(ccc1N(=O)=O)C(=O)[O-].Cc1cccc2SC(=[NH2+])Nc12,1
DAVPEW,NC(=O)CN1CCCC1=O.OC(=O)c1ccc(O)cc1,0
SETYEY,[NH3+]CCO.Nc1ccc(cc1)S(=O)(=O)[N-]c1ncccn1,0
GAZSAF,OC(C(=O)[O-])c1ccccc1.CC1=C[NH+]=C(N)S1,0
QUVKIE,COc1cc(C)nc(N)n1.CC=CC=CC(O)=O,0
YEPBEB,CC(C)NC(NC(C)C)=[NH+]c1c(F)c(F)c(F)c(F)c1F.C1CCOC1.OC(=O)C(=O)[O-],1
GOLDIW,Nc1[nH+]c(N)nc(Cl)c1.OC(=O)CCCC(=O)[O-],0
LADDEB,Nc1ncc(Br)cc1Br.OC(=O)C=CC(O)=O,0
TOQNIZ,NC(=S)NN=Cc1cc[nH+]cc1.OC(=O)c1ccncc1C(=O)[O-],1
AZOVUH,c1cc(ccn1)c1ccncc1.OC(=O)C=CC1=CSC=C1,0
JIHQUP,OC(=O)c1ccccc1C(O)=O.Nc1cnccn1,0
WITVEC,Oc1cc(O)c(Cl)cc1Cl.S1C=CC(=C1)C=Cc1ccncc1,0
SUYYAN,Nc1[nH+]cc(Br)cc1.O=C([O-])C=CC(=O)[O-],0
TEBREA,[NH3+]c1ccc(OC)cc1C1(O)N(C)C(=O)N(C)C1=O.Cc1ccc(cc1)S(=O)(=O)[O-],0
BOKHAM01,NS(=O)(=O)c1cc(C(O)=O)c(NCC2=CC=CO2)cc1Cl.c1cc(ccn1)c1ccncc1,0
CEPFEJ,FC(F)(F)C(F)(F)C(F)(F)C(F)(F)S(=O)(=O)[C-](Br)S(=O)(=O)C(F)(F)C(F)(F)C(F)(F)C(F)(F)F.FC(F)(F)c1ccc(cc1)[n+]1ccccc1,0
HIQGEX,c1ccc2nc3ccccc3cc2c1.OB(O)c1ccc(cc1)C#N,0
XOGDUU,Cc1nc(C)c(C)nc1C.OC(=O)c1cccc(n1)C(O)=O,0
POVXAC,CN1C=NC2=C1C(=O)N(C)C(=O)N2C.Nc1cc(cc(c1)C(O)=O)C(O)=O,0
XAZROI,[NH3+]c1ccc(O)c(c1)C(O)=O.ClC(Cl)(Cl)C(=O)[O-],0
ATUTOY,Cc1ccc(cc1)S(=O)(=O)[O-].[NH3+]C(CC(O)=O)c1ccc(OC)cc1,0
COLHOD,Nc1ncccn1.OB(O)O,0
TICZUC,c1ccc(cc1)c1ccncc1.Nc1ccc(cc1)C(O)=O,0
QEJKUP,FC(F)(F)C(=O)[O-].Fc1ccccc1N1CC[NH2+]CC1,0
NUMJEM,NS(=O)(=O)c1ccccc1.O=C1CCCCCN1,0
KUCQEG,Nc1ccc(F)cc1.Cc1cccc(O)c1,0
DEJDII,[NH3+]NC(N)=NN(=O)=O.O=N(=O)[N-]C1=NN=NN1C1=NNN=N1,0
LACTIV,c1ccc2nc3ccccc3nc2c1.Nc1ccc(C(O)=O)c(O)c1,0
PUQGOY,[NH3+]c1ccc(cc1OC)C(O)=O.COc1cc(ccc1N)C(O)=O.OC(=O)c1cccc(c1C(=O)[O-])N(=O)=O,0
EKAZEY,N1C2=NON=C2NC2=NON=C12.NNC(N)=O,0
AYEPUR,C1CN2CN3CN1CN(C2)C3.Oc1ccc(Cl)cc1,0
VIPXUQ,Nc1cc(ccc1C(=O)[O-])N(=O)=O.[NH3+]C(CO)(CO)CO,0
CIXMON,NC1=[NH+]c2ccc(Br)cc2S1.O=C([O-])c1cc(cc(c1)N(=O)=O)N(=O)=O,0
FUSCIH,Brc1c2ccccc2cc2ccccc12.C=CCN1C(=O)C2=C(SC3=C(S2)C(=O)N(CC=C)C3=O)C1=O,0
LUSWEB,c1cc2cncc3ccc4cncc1c4c23.OC(=O)c1ccc(C(O)=O)c(c1)c1cc(ccc1C(O)=O)C(O)=O,0
JUWHIU,OC(=O)CCCCC(O)=O.ON=Cc1ccnc2ccccc12,0
BELDEB,ON=C(C1=CC=CO1)C(=NO)C1=CC=CO1.c1ccccc1,0
PIJSOT,Oc1cc2ccccc2cc1O.C1CNCCN1,0
WOCVIT,Nc1ccc(cc1)C(O)=O.Nc1ccc(cc1)C#N,0
PAJFAI,C1CN2CCN1CC2.Cc1cc(O)cc(O)c1,0
TMBCAN,CN(C)c1ccc(cc1)c1ccc(cc1)N(C)C.ClC1=C(Cl)C(=O)C(=C(Cl)C1=O)Cl,0
VIWBEI,O=P(c1ccccc1)(c1ccccc1)c1ccccc1.CCC(=O)NC(=O)c1ccccc1,0
XOGFOQ,Cc1nc(C)c(C)nc1C.OC(=O)c1ccccc1C(O)=O,0
FETWIL,OC(=O)c1cc(ccc1O)S(=O)(=O)[O-].[NH3+]c1ccc(cc1)C(O)=O,0
OKOROY,CC1=CC(=O)[N-]S(=O)(=O)O1.Cc1[nH+]c(NS(=O)(=O)c2ccc(N)cc2)nc(C)c1,0
GEHKIO,OC(=O)C=CC(=O)[O-].C[NH2+]C(C)C(O)c1ccccc1,0
TINQOZ,FC(F)(F)S(=O)(=O)[O-].C[n+]1cccc(c1)C1=NS[S+]=N1,0
PITYIA,Oc1ccc(cc1)c1ccc(O)cc1.Nc1ccc(N)cc1,0
KEKGIR,Oc1ccc(cc1)c1ccc(O)cc1.OC(=O)CN1C(=O)c2cc3C(=O)N(CC(O)=O)C(=O)c3cc2C1=O,0
JOCBAH,CN1CC(=O)NC1=[NH2+].OC(=O)c1cc(cc(c1)C(=O)[O-])C(O)=O,0
ANAPOX,CC(=O)[O-].NC(=[NH2+])NC(N)=O,1
XUMKAU,Oc1cc(cc(O)c1O)C(=O)[O-].Oc1c[nH+]ccc1,0
FEPZAD,COC(=O)C1[NH2+]CC(F)CC1.O=N(=O)c1cc(c([O-])c(c1)N(=O)=O)N(=O)=O,0
AJAHIC,OC(=O)C=CC(O)=O.O=C1CNC(=O)CN1,0
UBAJOZ,c1cc(ccn1)C=Cc1ccncc1.CCCCCOc1ccc(cc1)C(O)=O,0
UBEGOZ,O=N(=O)c1cc(c([O-])c(c1)N(=O)=O)N(=O)=O.Nc1[nH+]cccc1N(=O)=O,1
DEKYAV,NC(=O)C1CC[NH2+]CC1.O=C([O-])c1ccccn1,0
OWOJER,CNC(N)=S.C1COCCO1,0
VEQKIN,Oc1cc2ccccc2cc1C(=O)[O-].[NH2+]=C1Nc2ccccc2S1,0
FADHOJ,OC(=O)c1cccc(O)c1.CCC(C)=NNC(=O)c1ccncc1,0
EBESAI,NC(=O)C(=O)[O-].NC(=O)c1c[nH+]ccc1,0
TEYTAV,O=N(=O)c1ccc(cc1)S(=O)(=O)[O-].[NH3+]c1cc(c(N)cc1Cl)N(=O)=O,0
EMUMAC,OC(=O)c1ccccc1C(=O)[O-].COc1cc(C)[nH+]c(N)n1,0
JAZSOV,OC(=O)CCC(=O)[O-].OCC[NH+](CCO)CCO,0
XIYVOS,Oc1ccccc1CN1C=Nc2ccccc12.c1ccccc1,0
TEYYEE,[NH3+]c1ccc(N)c(c1)N(=O)=O.Oc1ccc(cc1)S(=O)(=O)[O-],0
KEMXEF,COc1cc(cc(Br)c1OC)C(O)C[NH2+]C(C)C.CS(=O)(=O)[O-],0
NUMJIQ,NS(=O)(=O)c1ccc(Cl)cc1.O=C1CCCCN1,0
BOVVUF,C(Cc1ccncc1)c1ccncc1.OC(=O)c1cccc(F)c1F,0
AYEQAY,C1CN2CN3CN1CN(C2)C3.Cc1cc(O)cc(C)c1Cl,0
FOSFIE,NNC(=O)c1ccncc1.COc1cc(C=CC(O)=O)ccc1O,0
TAFWEC,O=C1C[NH+]2CCC1CC2.Clc1c(Cl)c(Cl)c([O-])c(Cl)c1Cl,0
AMUZUE,CCN(CC)CC.COc1ccc(cc1)C(=O)C(=NO)c1ccc(OC)cc1,0
EGOSEB,C[N+](C)(C)NCCC(O)=O.OC(=O)C=CC(=O)[O-],0
NUKYUO,NC(=O)c1cccnc1.OC(=O)CCCCCC(O)=O,0
TOYHUM,c1cc(ccn1)c1ccncc1.Oc1ccc2ccccc2c1,0
XEMMIO,[NH2+]=C1NC=CS1.Clc1cc(ccc1C(=O)[O-])N(=O)=O,0
GESBEN,NC(=O)c1ccc(O)cc1.OC(=O)C=CC(O)=O,0
GOGBUC,NC(=S)NN=Cc1cc[nH+]cc1.NC(=O)C(=O)[O-],1
PIYDEG,CCC1(CC(F)(F)F)C(=O)NC(=O)NC1=O.CC(C)(C)Nc1nc(N)nc(NC(C)(C)C)n1,0
EWUTIB,O=C1C(=C(C#N)C(=O)C(=C1C#N)C#N)C#N.Cc1cc(C)cc(C)c1,0
QOLMOV,Cc1ccc2ccc3ccc(C)nc3c2n1.Oc1c(O)c(Br)c(Br)c(Br)c1Br,0
OLUTIB,OC(=O)C=CC(=O)[O-].[NH2+]=C1NC(=O)N(C=C1F)C1CSC(CO)O1,0
KASYEJ,c1cc(ccn1)c1ccncc1.OC(=O)c1cccc(C(O)=O)c1C(O)=O,0
UNIRIT,OC(=O)CCC(O)=O.NC(N)=O,0
UWEYON,O=C1NS(=O)(=O)c2ccccc12.NC(=O)c1nc(F)cnc1O,0
BOVZAO,C[n+]1ccccc1C=Cc1ccc(Cl)cc1.COc1ccc(cc1)S(=O)(=O)[O-],0
JIZZIB,Clc1cc(cc(Cl)c1[O-])N(=O)=O.COc1cc(C)[n+](O)c(C)c1,0
AFUJOC,[NH3+]C1=NC(=CS1)c1ccccc1.OC(=O)c1cc(ccc1O)S(=O)(=O)[O-],0
BISHIY05,c1cc(ccn1)N=Nc1ccncc1.OC(=O)c1ccccc1,0
WUKREZ,OC(=O)c1ccc(cc1)C(O)=O.c1cnc2ccc3ncccc3c2c1,0
WANKIF,O=C([O-])c1cc2CCc3ccc(CCc1cc2)cc3.C[NH2+]C(C)C(O)c1ccccc1,0
QOTLIW,[NH3+]C(C(O)c1ccccc1)c1ccccc1.O=C([O-])CC1=CSc2ccccc12,0
VECVEH,Nc1nnc(c(N)n1)c1cccc(Cl)c1Cl.CCC1(C(=O)NC(=O)NC1=O)c1ccccc1,1
VIGNII,CN1N(C(=O)C=C1C)c1ccccc1.OP(O)(O)=O,0
CEPZUV,c1ccc2nc3ccccc3cc2c1.Oc1ccc(Cl)cc1,0
ROJCEA,OC(=O)CCCCC(O)=O.S1C=CC(=C1)C=Cc1ccncc1,0
FURYEY,NS(=O)(=O)c1ccc(cc1)C(O)=O.NC(=O)c1ccccn1,0
YEQGOU,OC(=O)c1cc(cc(c1)C(O)=O)C(O)=O.NC(=O)c1cnccn1,0
PUVNID,Nc1ccccc1N.Oc1ccccc1O,0
BACREE,O=N(=O)[C-](C#N)N(=O)=O.[NH2+]=C1NC2NC(NC2N1)=NN(=O)=O,0
QIKDIX,OC(=O)C=CC(=O)[O-].COc1cc(Cc2c[nH+]c(N)nc2N)cc(OC)c1OC,0
SOXFUG,C1COCCO1.N#CC1(C#N)C(C#N)(C#N)C1(C#N)C#N,1
DUSLUY,[NH3+]C(CC(=O)[O-])C(=O)[O-].[NH3+]C(CCCNC(N)=[NH2+])C(=O)[O-],1
GUYVUU,O=C([O-])c1ccc(cc1N(=O)=O)N(=O)=O.NC(=O)c1cc[nH+]cc1,0
LOPPUE,[NH2+]=C1NC=CS1.OC(C(=O)[O-])(c1ccccc1)c1ccccc1,0
KAXSEJ,NC(N)=O.COc1ccc2cccc(CCNC(C)=O)c2c1,0
KITLUV,OC(C(=O)[O-])c1c2ccccc2cc2ccccc12.C[NH2+]C(C)C(O)c1ccccc1,1
QADLOY,CCC12CC[NH2+]CC1Oc1ccc(OC)cc21.OC(C(=O)[O-])c1ccccc1,1
SABNOA,CC[NH+](O)CC.OC(=O)c1cccc(c1)C(=O)[O-],0
XOHXAU,O=C1CC2(CCCCC2)CN1.OC(=O)c1ccccc1,0
BIDJAA,O=N(=O)c1cccc(c1)S(=O)(=O)[O-].Nc1[nH+]cc(cc1)N(=O)=O,0
QUYKUS01,O[n+]1ccc(cc1)c1cc[n+](O)cc1.ClC(Cl)(Cl)C(=O)[O-],0
RAFDEJ,CCC1(CC)C(=O)NC=CC1=O.CC(C)C1=C(C)N(C)N(c2ccccc2)C1=O,0
LOQWIA01,[2H][n+]1ccccc1.[2H]OC(=O)c1c(F)c(F)c(c(F)c1F)C(=O)[O-],0
MURHAK,FC(F)(F)S(=O)(=O)[O-].COC1=N[N+](=CN1Nc1ccccc1)c1ccccc1,0
TIBXOV,COc1cc(Cc2cnc(N)nc2N)cc(OC)c1OC.Oc1ccccc1O,0
RISDAB,COc1ccccc1c1c(C)[nH+]c(C)c(Br)c1Br.O=N(=O)c1cc(c([O-])c(c1)N(=O)=O)N(=O)=O,0
ULAXAG,NC(=O)c1ccncc1.OC(=O)CCCC(O)=O,0
RUYYIV,CN1C=NC2=C1C(=O)N(C)C(=O)N2C.ON=Cc1c(O)ccc2ccccc12,0
NUQLIW,Cc1c(O)cccc1O.CN(C)c1ccncc1,0
NOZLIA,Clc1ccc(cc1)c1ccccc1NC(=O)c1cccnc1Cl.CN1CCCC1=O,0
GIGQIX,COc1cc(Cc2cnc(N)nc2N)cc(OC)c1OC.O=C1CC(=O)NC(=O)N1,0
SUYPIN01,OC(=O)C=CC(=O)[O-].Brc1ccc(OC(=O)N2CC[NH+]3CCC2CC3)cc1,0
RESGAY,OC(=O)CCC(O)=O.Cc1ccnc(C)c1,0
NUZTAF,OC(=O)C=Cc1ccccc1.NC(=O)c1cccnc1,0
YEPPUI,FC(F)(F)S(=O)(=O)[O-].FC(F)(F)c1cc(nc2cccc[n+]12)c1ccccc1,0
QUWZOY,c1ccc2nc3ccccc3nc2c1.Oc1c(F)c(F)c(O)c(F)c1F,0
NOSTUN,NC(=O)c1ccncc1.OC(=O)Cc1ccc(O)c(Cl)c1,0
AFESOU,CCc1[nH+]c(N)nc(N)c1c1ccc(Cl)cc1.O=C([O-])c1cc(cc(c1)N(=O)=O)N(=O)=O,0
UTEJAG,NN1C=CN=N1.ON1N=NN=C1C1=NN=NN1O,0
PODRAC,CCN1c2ccccc2C=C2C(=O)NC(=[NH2+])N=C12.Cc1ccc(cc1)S(=O)(=O)[O-],0
UCESAZ,c1cc(ccn1)C=Cc1ccncc1.OC(=O)CCC(=O)c1ccc(cc1)c1ccccc1,0
OCIJUG,CN(C)C=O.ON1C(=O)N(O)C(=O)N(O)C1=O,0
LIDPIA,OC(=O)c1ccc(O)cc1.COc1ccc(cc1)C(N)=O,0
NORTIA,Oc1ccc2ccc(O)cc2c1.c1ccc2nc3ccccc3nc2c1,0
TOYHOG,c1cc(ccn1)c1ccncc1.OC(=O)c1cccc(F)c1F,0
ULIBUO,OC=O.OC(=O)CN1C(=O)Oc2ccccc12,0
ESUXEV,COC12[NH2+]C(CC1)C1C=CCCC21.O=N(=O)c1cc(c([O-])c(c1)N(=O)=O)N(=O)=O,0
NOQFUV,CN1C=CC(=C2C=CN(C)C3=NSN=C23)C2=NSN=C12.OC1=C(Cl)C(=O)C(=C(Cl)C1=O)O,0
OFUHIG,Nc1ncccn1.Oc1ccc(O)cc1,0
XONPUN,Nc1cccc(Cl)n1.OC(=O)c1ccccc1,0
NUYDOB,OC1=C(Cl)C(=O)C(=C(Cl)C1=O)[O-].[NH3+]C(CC1=CNc2ccccc12)C(O)=O,0
MULPER,O=C1[N-]S(=O)(=O)c2ccccc12.COc1cc[n+](O)c(OC)c1,1
NUQLES,Cc1c(O)cccc1O.Nc1ccncc1,0
JASHOB,[NH3+]C(CCCNC(N)=[NH2+])C(=O)[O-].COc1ccc2cc(ccc2c1)C(C)C(=O)[O-],1
VEMZIX,Oc1ccc2ccc(O)cc2c1.O1C(=NN=C1c1ccncc1)c1ccncc1,0
XIPVAU,c1ccc2nc3ccccc3nc2c1.OC(=O)c1c(O)cc(O)cc1O,0
MOJCOF,Nc1nc(N)c(C#N)c(c2cccc3ccccc23)c1C#N.C1CCOC1,0
TIDMUO,CN(C)c1cc[n+](cc1)S(C)(=O)=O.CS(=O)(=O)[N-]S(C)(=O)=O,0
MOXYEG,[NH3+]C(C(O)c1ccccc1)c1ccccc1.OC(C(=O)[O-])c1cccc(Cl)c1,0
LOSHUZ,OC(=O)C(=O)[O-].CCOP(=S)(OCC)OCC[NH+](C)C,0
GEVLOM,COc1nc(N)nc(OC)c1N=Nc1ccc(N)cc1.C1CCOC1,1
LUNNIR,NC(=O)c1ccncc1.OC(=O)CCC(=O)CCC(O)=O,0
NERLIJ,OC(=O)C(=O)[O-].[NH3+]CCCO,0
SOHDID,COc1c[n+](N)ccn1.Cc1cc(C)c(c(C)c1)S(=O)(=O)[O-],0
KERMID,Cc1ccc(cc1)S(=O)(=O)[O-].[NH3+]C(CO)C(O)=O,0
DUJMOM,Oc1cccc2ccc[nH+]c12.OC(=O)C#CC(=O)[O-],0
CIHHIM,FC(F)(F)S(=O)(=O)[N-]S(=O)(=O)C(F)(F)F.C[N+]1=C(Br)N(CC#C)C(=C1Br)Br,0
DOWSEO,OC(=O)C(=O)[O-].C[NH+](C)CC1=CSCC(C)(C)CS1,0
KIGKOB01,OC(=O)c1cc2ccccc2cc1O.CN1C=NC2=C1C(=O)N(C)C(=O)N2C,0
WAPQAH,O=C([O-])C=Cc1ccccc1.[NH3+]C(C)C(=O)OC,0
GEBMIJ,O=N(=O)c1cc(c([O-])c(c1)N(=O)=O)N(=O)=O.COC(=O)OCC[N+](C)(C)C,0
MENREG,Nc1ccc(Br)cn1.Cc1ccc(cc1)C(O)=O,0
UTOBIP,CCOC(=O)C1=C(N)c2c(O1)c(Cl)c(Cl)c(O)c2C#N.CS(C)=O,0
EBOJAK,COc1cc(O)cc(OC)c1O.N#Cc1cc(C#N)c(cc1C#N)C#N,0
TEWQEV,FC1=C(F)C(C(=C(F)C1=C(C#N)C#N)F)=C(C#N)C#N.O1c2cccc3Oc4cccc5Oc6cccc1c6N(c23)c45,0
OZOTII,Oc1ccc(c(O)c1)C(=O)[O-].ON=Cc1cc[nH+]c2ccccc12,0
NERDIB,C1CN(CCO1)N=C1CCSCC1.Fc1c(F)c(Br)c(F)c(F)c1Br,0
SIRGEF,O=S1(=O)[N-]S(=O)(=O)c2ccccc12.Clc1cccc(Cl)c1[N+]#N,0
OMUXIE,OC(=O)c1cc(ccc1O)S(=O)(=O)[O-].C[NH+]1CCOCC1,0
CATJUE,Oc1ccc2ccccc2c1c1c(O)ccc2ccccc12.NC1=NC(=CS1)c1ccccc1,0
VAVKUB,Nc1ccc(cc1)C(=O)[O-].C[NH+](C)C(C)C(O)c1ccccc1,0
MBAZMS,CS(=O)(=O)[O-].C[N+]1(CC(O)C1)C(C)(C)C,0
XOMZUW,ClC1=CC=C(S1)C(=O)[O-].[NH2+]=C1NC(=O)NC=C1.NC1=NC(=O)NC=C1,0
LABYOG,COc1ccc(C=Cc2cc[n+](C)cc2)cc1OC.Cc1ccc(cc1)S(=O)(=O)[O-],1
LOYCUZ,Clc1ccc2Oc3ccccc3N=C(N3CC[NH2+]CC3)c2c1.CC(=O)[O-],0
OMELEZ,Oc1cc(O)cc(O)c1.c1ccc(cc1)c1ccncc1,0
VAVMAJ,C[NH+](C)C(C)C(O)c1ccccc1.OC(C(=O)[O-])c1ccccc1,0
RADGAF,NC1=Nc2cc(Cl)ccc2O1.OC(=O)COc1cccc(Cl)c1Cl,0
IHIGIR,Clc1cccc(c1)C(=O)[O-].CC[N+]1=C(N)SCC1,0
ENIJUJ,c1cc(ccn1)C=Cc1ccncc1.CC=CC(O)=O,0
UHOSOA,c1cc(ccn1)C=Cc1ccncc1.CC(C)OC(=S)Nc1ccccc1,0
EPUGII,NC1=[NH+]C=CS1.Clc1ccc(OCC(=O)[O-])c(Cl)c1,1
ORITAM,OC(=O)CCC(=O)[O-].[NH3+]c1ccc(OC)cc1,0
RIBFIT,OC(=O)c1ccccc1C(=O)[O-].NC1=[NH+]C(=O)N(C=C1)C1CSC(CO)O1,1
KAXRIM,c1cc(ccn1)C=Cc1ccncc1.OC(=O)CC=CC(O)=O,1
FIGNER,C[NH+]1CCOCC1.O=N(=O)c1cc(c([O-])c(c1)N(=O)=O)N(=O)=O,1
TIPGIK,OC(=O)c1cc(C(=O)[O-])c(cc1C(=O)[O-])C(O)=O.[nH+]1ccc(SSc2cc[nH+]cc2)cc1,0
ADRTAR,OC(C(O)C(=O)[O-])C(O)=O.C[NH2+]CC(O)c1ccc(O)c(O)c1,0
TOQGUD01,[2H]OC(=O)C(=O)[O-].[2H][n+]1ccc(C)c(c1N([2H])[2H])N(=O)=O,1
ASOMIE,CC=CC=CC(=O)[O-].[NH3+]Cc1ccc(Cl)cc1,0
FOSMIL01,OC(=O)C=Cc1ccc(O)c(O)c1.NNC(=O)c1ccncc1,0
YODBEA,OC(=O)c1c(F)c(F)c(C(O)=O)c(F)c1F.Cc1nccnc1C,0
DIHLOZ,Oc1c2cc(ccc2c(cc1N(=O)=O)N(=O)=O)S(=O)(=O)[O-].C[P+](c1ccccc1)(c1ccccc1)c1ccccc1,0
DUDNIA,[NH2+]1OCC2COc3ccccc3C12.CC1(C)C2CCC1(CS(=O)(=O)[O-])C(=O)C2,0
KUQXOM,O=C1C=CC(=O)C(=C1C#N)C#N.c1ccc2c(c1)ccc1ccccc21,0
TALBIT,[NH3+]C(Cc1ccccc1)C(N)=O.OC(C(=O)[O-])c1ccccc1,1
IRUFIL,ClC1=C(Cl)C(=O)NC1=O.Nc1nc(N)c(Cl)cc1Cl,0
JASJUJ,[NH3+]C(C)c1ccc(cc1)N(=O)=O.O=C([O-])C1COc2ccccc2O1,0
DEGTIW,C#Cc1cncc(c1)C#C.BrN1C(=O)CCC1=O,0
FOYPAM,COc1[nH+]c(N)nc(OC)c1.O=C1NC(=S)NC(=C1)[O-],0
KAMREW,OC(C(O)C(=O)[O-])C(O)=O.[NH3+]C(CC)CO,0
GUZXOQ,Cc1ccc(cc1)S(=O)(=O)[O-].CN(C)C(=[NH2+])ON=C(N)Cc1ccccc1,0
HEBHOM,Nc1ccc(N)cc1.COc1ccc(cc1)C1(O)c2ccccc2Oc2ccccc12,0
NIFFOX,CN1C(=O)N(C)C2=C(N(CC(=O)[O-])C=N2)C1=O.Nc1c(Br)cc(Br)cc1C[NH2+]C1CCC(O)CC1,0
CYTBGL01,[NH2+]=C1NC(=O)NC=C1.O=C([O-])CNC(=O)c1ccccc1,0
GAKPAJ,C[NH+]1C2CCC1CC(C2)OC(=O)c1cc(Cl)cc(Cl)c1.CS(=O)(=O)[O-],0
OJUHAE,FC(F)(F)S(=O)(=O)[O-].C1C[N+]2(CCO1)CC[N+]1(CCOCC1)CC2,0
LAXQAC,NP(N)(N)=[N+]=P(N)(N)N.Cc1ccc(cc1)S(=O)(=O)[O-],0
ZIHQEQ,OC(=O)CSc1nc(SCC(O)=O)nc(SCC(=O)[O-])n1.COc1cc(OC)nc(N)n1.COc1[nH+]c(N)nc(OC)c1,0
BARAPY10,Nc1ccccn1.CCC1(CC)C(=O)NC(=O)NC1=O,0
WEDLAU,OC(=O)CCCCCC(O)=O.Nc1cnccn1,0
YAGNEB,[NH3+]c1cccc(F)c1.Cc1ccc(cc1)S(=O)(=O)[O-],0
PAJVEE,CC(C)OP(=S)([S-])OC(C)C.C1C[NH+](CCO1)Cc1ccccc1,0
XAQZUM,OC(=O)C1(CCC1)C(=O)[O-].OC(=O)C1CC[NH2+]CC1,0
POJFUQ,OC(=O)c1cccc2C(=O)C(=C(Sc12)c1ccccc1)O.CN(C)C=O,0
BIWNAZ,OC(C(O)C(=O)[O-])C(O)=O.OC(=O)c1[nH+]cccc1,0
ZESMES,NC(N)=O.OC(=O)CC(O)(CC(O)=O)C(O)=O,0
KUZVOR,Cc1ccc(cc1)C(=O)[O-].CC(C)[NH2+]CC(O)c1ccccc1Cl,0
TORXOQ,c1cc(ccn1)c1ccncc1.OC(=O)CCCCCCC(O)=O,0
IYEYIW,C=C=CC(C#C)[NH+]1CCOCC1.O=N(=O)c1cc(c([O-])c(c1)N(=O)=O)N(=O)=O,0
RUPRUR,C[NH+]1CCOCC1.O=C1NC(=O)C(=C([O-])N1)c1c(cc(cc1N(=O)=O)N(=O)=O)N(=O)=O,0
EBIFOK,NC(=[NH2+])SCc1ccccc1.O=S(=O)([O-])C1CCCCC1,0
GAWLOG,OC(=O)CCC(O)=O.O1C(=NN=C1c1ccncc1)c1ccncc1,0
VAKTOR01,NC(=O)c1ccncc1.OC(=O)c1ccc(O)cc1,0
QUHRAO,NC(=O)c1cccnc1.COc1cc(C=CC(O)=O)cc(OC)c1O,0
APYSAL,OC(=O)c1ccccc1O.CN1N(C(=O)C=C1C)c1ccccc1,0
ENAGIK,O=S(c1ccccc1)c1ccccc1.Nc1ccc(cc1)C(O)=O,0
NUQKIV,Cc1c(O)cccc1O.c1ccc(nc1)c1ccccn1,0
GUMVOA,O=C([O-])c1ccc2cc3ccccc3cc2c1.[NH3+]C1C(O)Cc2ccccc12,0
MUDSEJ,c1cnc2c(c1)ccc1cccnc21.CCC1(CC)C(=O)NC(=O)NC1=O,0
PEQQAE,Cc1c(C)c(C)c(c(C)c1C)C(O)=O.COc1ccc(cn1)c1cc(C)nc(N)n1,0
RADFUY,NC1=[NH+]CCS1.Clc1cccc(OCC(=O)[O-])c1Cl,0
GENMES,c1ccc2cc3ccccc3cc2c1.OC(=O)CN1C(=O)c2cc3C(=O)N(CC(O)=O)C(=O)c3cc2C1=O,0
HEDWEU,CC(=O)[O-].Oc1ccc2ccccc2c1C[NH+]=C1Nc2ccccc2N1,0
DINSIE,OC(=O)c1cccc(O)c1.c1ccc2nc3ccccc3cc2c1,0
XEYLUI,Oc1ccc2ccccc2c1c1c(O)ccc2ccccc12.Cc1cccc(C)n1,0
HAPCOU,Cc1nc(C)c(C)nc1C.CC(=O)Oc1ccccc1C(O)=O,0
VUMDAJ,[NH3+]CCO.CC1=CC(=O)N([O-])C(=C1)C1CCCCC1,0
TETXOF,Nc1[nH+]cc(cc1)N(=O)=O.ClC(Cl)C(=O)[O-],0
RIHBUG,c1cc(nc(c1)N1C=NN=C1)N1C=NN=C1.OC(=O)c1cc(C(O)=O)c(cc1C(O)=O)C(O)=O,0
GAVBAI,Oc1cccc(O)c1.COC(=O)C=Cc1ccncc1,0
YAGKAT,OC(C(O)C(=O)[O-])C(O)=O.[NH3+]C(CC1=C[NH+]=CN1)C(=O)[O-],1
PUKDOP,Nc1[nH+]cc(Br)cc1.Nc1cccc(c1)C(=O)[O-],0
NIYGIN,CC(C)C1=C(Cl)[N-]C(=O)NC1=O.COc1ccccc1N1CC[NH2+]CC1,0
JOLCOE,NC(N)=O.Cc1cncc(C)c1,1
ERAGOW,NC(=O)c1ccncc1.OC(=O)CCCCCCC(O)=O,0
RERCEA,Nc1ccccc1C(=O)[O-].NC(N)=[NH+]C1=NC(=CS1)CSCCC(N)=NS(N)(=O)=O,0
NEQPAD,CC1=CN=C(NC(=O)c2ccccc2)S1.OC(=O)CCCCCCCC(O)=O,1
LETJUT,ON1CCN(O)CC1.Nc1ccc(cc1)C(O)=O,0
UMEXIU,OC(=O)c1cc(ccc1O)S(=O)(=O)[O-].CN1C(=O)N(C)C2=C([NH+]=CN2)C1=O,0
LALVED,N#Cc1ccncc1.OC(=O)c1cc(O)c(O)c(O)c1,1
KEWKOP,Clc1ccc(cc1)C(=O)[O-].COc1cc(C)[nH+]c(N)n1,0
JICVUM10,CC(C)(C)Nc1nc(N)nc(NC(C)(C)C)n1.CCC1(CC)C(=O)NC(=O)NC1=O,1
DOCWUQ,OC(=O)c1cc(ccc1O)S(=O)(=O)[O-].O=C(CN1C=[NH+]C=C1)c1ccccc1,0
XICRAE,NC(=O)c1cccnc1.Nc1ccc(C(O)=O)c(O)c1,0
DITJEW,Oc1c(Cl)c(Cl)c(Cl)c(Cl)c1Cl.Cc1cccc(C)n1,0
LATQII,Cc1ccnc2N(C3CC3)c3ncccc3C(=O)Nc12.OC(=O)C=CC(O)=O,0
PAPJEZ,CC(=O)C(=NNc1cccc(c1)C(O)=O)C(C)=O.CS(C)=O,0
FUZLES,OB(O)c1cccc(C=C2NC(=O)NC2=O)c1.CS(C)=O,0
VIBYOX,c1cnc2c(c1)ccc1cccnc21.Oc1ccccc1,0
VOVZEN,OC(=O)CCC(=O)[O-].Oc1cccc2ccc[nH+]c12,1
TAZDOR,[NH3+]CCO.Clc1cccc(Cl)c1Nc1ccccc1CC(=O)[O-],0
EXEJUN,C1N2CN3CN1CN(C2)C3.CC(C)(c1cc(Br)c(O)c(Br)c1)c1cc(Br)c(O)c(Br)c1,0
YEVTEB,OC(=O)c1nccnc1C(=O)[O-].CC1=CC(=O)NC(=[NH+]1)N,0
HOFZOS,[NH3+]c1ccc(cc1)C(O)=O.OC(=O)c1cc(Cl)c(Cl)cc1C(=O)[O-],0
YONLAO,Nc1nc(N)nc(n1)c1ccccc1.O=C1NC(=O)c2ccccc12,1
BIWMAZ,CCc1[nH+]c(C)ccc1O.OC(=O)CC(ON(=O)=O)C(=O)[O-],0
REWCEE,Clc1ccc(cn1)C(=O)[O-].NC1=[NH+]C(=O)NC=C1,0
FEJWID,FC(F)(F)S(=O)(=O)[O-].C[n+]1c(N)cccc1Sc1nccnc1N,0
KUJYOD,CC(C)[P+](Cl)(C(C)C)C(C)C.CS(=O)(=O)[N-]S(C)(=O)=O,0
OFUBEA,O=N(=O)c1ccc([O-])c(c1)N(=O)=O.Oc1c[nH+]ccc1,0
MEGBUY,CC(C)N1[P+]N(C(C)C)c2ccccc12.FC(F)(F)S(=O)(=O)[O-],0
UKITIU,Cc1cccc2SC(=[NH2+])Nc12.OC(=O)CC(=C)C(=O)[O-],0
WOBQUC,OC(=O)C=CC1=CNC=[NH+]1.Oc1cccc(C(=O)[O-])c1O,0
EFOZAB02,NC(N)=O.O=C1CC(=O)NC(=O)N1,0
SIJZOC,OC(=O)c1cc(O)cc(O)c1.O=C1CNC(=O)CN1,0
RUYTAI,CC(=NO)C(C)=NO.C1CN=C(N1)c1ccccc1C1=NCCN1,0
OFIYOT,CNC(N)=S.C1COCCN1,0
PUPGUD,OC(=O)c1cccc(c1)C(O)=O.CN1C=NC2=C1C(=O)N(C)C(=O)N2C,0
SIHLUT,Cc1nc(C)c(Cl)c(N)n1.Nc1ccccc1C(O)=O,0
WOKGEI,OC1C[N+]2(CCOCC2)C1.O=N(=O)c1cc(c([O-])c(c1)N(=O)=O)N(=O)=O,1
CIRMAT,O=N(=O)c1ccc(cc1)S(=O)(=O)[O-].COc1cc2ccccc2c[n+]1C,0
PUKPER,N#Cc1ccncc1.OC(=O)c1ccccc1,0
CIXBOC,[NH2+]=C1Nc2ccc(Br)cc2S1.O=N(=O)c1cc(c([O-])c(c1)N(=O)=O)N(=O)=O,0
SERPIC,[NH3+]CCC1=CNc2ccc(O)cc12.O=N(=O)c1cc(c([O-])c(c1)N(=O)=O)N(=O)=O,0
QEYZIH,Oc1cc(cc(O)c1O)C(=O)[O-].NC1=[NH+]C(=O)NC=C1,1
AXOPIO,FC(F)(F)S(=O)(=O)[N-]S(=O)(=O)C(F)(F)F.CCON1C=C[N+](=C1)OCC,0
COZYUM,OC(=O)c1cccc(c1)C(O)=O.C(Cc1ccncc1)c1ccncc1,0
TOHHIK,Clc1ccc(cc1C(=O)[O-])N(=O)=O.[NH3+]CCO,0
DENWUP01,CN1CC(=O)NC1=[NH2+].O=C([O-])c1ccccc1,0
NEDJUD,Clc1nc2Nc3ccccc3N(c3ccccc3)c2nc1Cl.CS(C)=O,0
VUXYOD,[NH3+]C(C)Cc1c2OC=Cc2c(Br)c2OC=Cc12.OC(=O)c1cc(cc(c1[O-])N(=O)=O)N(=O)=O,1
ULAWAF,NC(=O)c1ccncc1.OC(=O)C(O)=O,0
JAPWIJ,Nc1ccc(cc1)C(=O)[O-].[NH3+]CCO,0
SETRUG,NNC(=O)c1ccncc1.OC(=O)CCCCCCC(O)=O,0
QOBVAF,c1ccc(nc1)c1ccccn1.Oc1ccc2ccccc2c1c1c(O)ccc2ccccc12,0
ZOHWAW,Oc1ccc(Cl)c(Cl)c1Cl.Nc1cccc(Cl)c1,0
VACBIN,c1cc(ccn1)c1ccncc1.COc1cc(NS(=O)(=O)c2ccc(N)cc2)nc(OC)n1,0
ZOYCAT,COc1cc(ccc1O)C(O)=O.c1ccc2nc3ccccc3cc2c1,0
FOVRIU,ClC(Cl)(Cl)C(=O)[O-].COc1ccc(cc1)N1CC[NH2+]CC1,1
HITQUA,OC(=O)c1ccc2OCOc2c1.CC(=O)c1ccncc1,0
JIQFUN,Oc1cccc(O)c1C(=O)[O-].[NH3+]CC1CCC(CC1)C(O)=O,0
RAVPIO,OC(=O)c1cc(ccc1O)S(=O)(=O)[O-].[NH3+]c1cccc(c1)C(O)=O,0
QAFFIM,OC=O.c1ccncc1,0
DACBIW,CC(=O)NC1=NN=C(S1)S(N)(=O)=O.Nc1ccc(cc1)C(O)=O,0
JOYJEO,Nc1ncccn1.OC(=O)CCCC(O)=O,0
SETRIU,NNC(=O)c1ccncc1.OC(=O)c1ccccc1,1
ICEBOK,CN1C=NC2=C1C(=O)N(C)C(=O)N2C.Nc1ccc(C(O)=O)c(O)c1,0
SERNAH,Oc1cc(O)c(Br)cc1Br.c1ccc(cc1)N=Nc1cccnc1,0
QODNOP,CN1CC(=O)N(C)CC1=O.Fc1c(F)c(Br)c(F)c(F)c1Br,0
XAPWUG,c1cc(ccn1)c1ccncc1.OC(=O)COc1cc(Cl)c(Cl)cc1Cl,0
YIKMAI,[NH2+]=C(O)N1c2ccccc2C=Cc2ccccc12.CS(=O)(=O)[O-],0
XECXOV,NC(=O)C(Br)(Br)Br.CN(C)c1ccc(cc1)N(C)C,0
LUTXUV,c1cc(ccn1)c1ccncc1.CCCCOc1ccc(cc1)C(O)=O,0
JEPYEL,CS(C)=O.Cc1cc(C)nc(NS(=O)(=O)c2ccc(N)cc2)n1,0
ZOHVEZ,Oc1cc(Cl)c(Cl)c(Cl)c1.Nc1ccc(Br)cc1,0
QAHNOF,N#Cc1cc(C#N)c(cc1C#N)C#N.CC(=O)c1c2ccccc2cc2ccccc12,0
UMINAF,OC(=O)C(O)=O.c1cc(ccn1)N=Nc1ccncc1,0
TIWPOH,CCOc1ccccc1C(N)=O.OC(=O)C=CC(O)=O,0
ETUBUT,CCNc1nc(Cl)nc(NC(C)C)n1.OC(=O)C=CC(O)=O,0
PUKJIP,Nc1[nH+]cc(Br)cc1.OC(=O)CCC(=O)[O-],0
NEQNIJ,CC1=CN=C(NC(=O)c2ccccc2)S1.OC(=O)CCCCCCC(O)=O,0
KAPYIJ,CCC(C(=O)[O-])c1ccc(C)cc1.[NH3+]C1C(O)Cc2ccccc12,1
JUMVEU,c1cc(ccn1)c1ccncc1.Oc1ccccc1O,0
CIRNAU,OC(=O)c1ccc(O)cc1.C(N1C=Nc2ccccc12)c1cccnc1,0
CAPRAM,[NH3+]CCCC([NH3+])C(=O)[O-].[NH3+]C(CC(=O)[O-])C(=O)[O-],1
NIMXUF,O=N(=O)C(=C1N[N-]N=N1)N(=O)=O.[NH3+]NC(N)=O,0
XAGYIR,O=C([O-])c1ccc(cc1)N(=O)=O.COc1ccccc1N1CC[NH2+]CC1,0
DAQZIH,Nc1ncccn1.OC(=O)C1=NN(Cc2ccc(Cl)cc2Cl)c2ccccc12,0
XAGWOV,Clc1ccc(cc1)C(=O)[O-].COc1ccccc1N1CC[NH2+]CC1,0
BAYRAY,Cc1cccc2SC(=[NH2+])Nc12.O=C([O-])c1cnccn1,0
NAWYOD,[NH3+]Cc1ccccc1O.O=C([O-])c1ccc(cc1)N(=O)=O,0
EQAVOJ,FC(F)(F)C(=O)[O-].COc1cc(C)[nH+]c(N)n1,0
DUJTUX,O=N(=O)c1ccc(cc1)[N+]#N.COC(=O)C1=C(C(=O)OC)[C-](C(=O)OC)C(=C1C(=O)OC)C(=O)OC,0
SALQUS,Cc1ccc(C)c(c1)S(=O)(=O)[O-].Nc1[nH+]cccc1N(=O)=O,0
KUQQUJ,Cc1ccc(cc1)C(=O)[O-].CCc1[nH+]c(N)nc(N)c1c1ccc(Cl)cc1,0
UNIZID,O=N(=O)c1cc(c(c(c1)N(=O)=O)S(=O)(=O)[O-])N(=O)=O.NC(=[NH2+])OCF,0
ROFVEO,CCOS(=O)(=O)[O-].[NH3+]C(CCCNC(N)=[NH2+])C(=O)[O-],0
QAMSED,CN1CCN(C)CC1.Oc1ccc(O)cc1,0
TIHFOG,Fc1cccc2C(=O)C(=O)Nc12.C1COCCO1,0
XERCIJ,N#Cc1cc(C#N)c(cc1C#N)C#N.CC(=O)c1ccc2ccc3cccc4ccc1c2c34,1
JOTKIM,O=C[O-].[NH3+]C(Cc1ccccc1)C(=O)[O-].[NH3+]C(Cc1ccccc1)C(O)=O,1
MUYDOC,[NH3+]c1ccc(O)cc1.CC1(C)C2CCC1(CS(=O)(=O)[O-])C(=O)C2,1
BOJGEN,O=C([O-])c1ccccn1.CCc1[nH+]c(N)nc(N)c1c1ccc(Cl)cc1,0
EKECOM01,C1N2CN3CN1CN(C2)C3.OC(=O)CCCCCCCCCC(O)=O,0
KOPJUW,NC(N)=O.c1cc(ccn1)c1ccncc1,0
DUMWEO,Brc1ccc(cc1)S(=O)(=O)[O-].CCOc1ccc(cc1)C=Cc1cccc[n+]1C,0
LEPFOF,OC(C(O)C(=O)[O-])C(O)=O.[NH3+]CC(CC(O)=O)c1ccccc1,1
QAGJEN,NC1=[NH+]CCS1.CN1C=CC=C1C(=O)[O-],0
ODAPIV,CCC1=C(C)C2=CC3=CC=C(C=NO)N3C(=O)N2C1=O.CS(C)=O,0
XUVQUB,OC(=O)Cc1ccccc1Nc1c(Cl)cccc1Cl.CC1=NN2C=C(C)N=C2S1,0
HOFYUZ,NC(=O)c1ccncc1.OC(=O)CCCCCCCC(O)=O,0
EZIDOH,Nc1ccc(cc1)C(O)=O.CC1=NN=C2CN=C(c3ccccc3)c3cc(Cl)ccc3N12,0
YUKVIM,Nc1ncccn1.OC(=O)Cc1cccc2ccccc12,0
SEFVOO,CC1(C)[NH2+]C(C)(C)CC(O)C1.CCCCCC(=O)[O-],0
HURMOW,Clc1cccc(c1)C(=O)[O-].COc1cc(Cc2c[nH+]c(N)nc2N)cc(OC)c1OC,0
XOJYEC,NC(=O)c1ccncc1.CC(C)c1cccc(C(C)C)c1O,0
BOBXAU,CN(C)C=O.COc1cccc(CNc2ccc(cc2)C(O)=O)c1O,0
TYRTHM,[NH3+]CCc1ccc(O)cc1.CC1=CN(CC(=O)[O-])C(=O)NC1=O,0
HIQROQ,OC(=O)CCCCCCCCC(O)=O.NC(=O)c1ccc(Br)cc1,0
MEFMAM,Oc1ccccc1C(c1cc(O)c(O)c(O)c1)c1ccccc1O.c1cnccn1,0
KUWMUM,NC(=O)NN=C1C(=O)c2ccccc2c2ccccc12.CN(C)C=O,0
METQOS,O=Cc1ccccc1C(=O)[O-].OCC[NH+](CCO)CCO,0
EZOPEP,C1CN2CCN1CC2.O=S=O,0
MICGAJ,Cc1nc(N)nc(N)n1.COc1cc(cc(OC)c1OC)C(O)=O,0
HAVFES,OC(=O)c1cccc(c1C(=O)[O-])N(=O)=O.[NH3+]c1ccc(Cl)cc1,0
TETRIU,O=N(=O)c1cc(c([O-])c(c1)N(=O)=O)N(=O)=O.C[NH+](C)CC1COCC(C)O1,0
VIVZUV,NC(=O)c1ccc(O)cc1.CC(=O)NC(C)=O,0
TAZPOC,COc1ccc(cc1)B(O)O.c1ccc2nc3nc4ccccc4nc3nc2c1,0
XAGZAK,OC(=O)C=CC(=O)[O-].COc1ccccc1N1CC[NH2+]CC1,0
TUCLIM,CC(=O)[O-].CC(C)=CC[NH+]1CCN2C(=S)NC=C2CC1,0
DUVHOR10,CC(=O)NC(C)=O.CC(N)=O,0
PUQGIS,[NH3+]c1cc(N)cc(c1)C(O)=O.O=C([O-])c1cc(cc(c1)N(=O)=O)N(=O)=O,0
ACESOS,OC(=O)c1ccc(O)cc1.CN1N=NC2=C(N=CN2C1=O)C(N)=O,0
RAHXUV,OC(=O)c1ccc(cc1)C(=O)[O-].Oc1c(CN2C=[NH+]C=C2)cc(Cl)cc1CN1C=CN=C1,0
CIJXOI,CC1CC2CC(=O)C1C(=[NH+]2)C.O=N(=O)c1cc(c([O-])c(c1)N(=O)=O)N(=O)=O,0
FUYLOB,O=S1(=O)NS(=O)(=O)c2ccc3ccccc3c2c2c3ccccc3ccc12.CCOC(C)=O,0
XUHYUW,NC(N)=NCCN=C(N)N.COCCOc1cc(cc(c1)C(O)=O)C(O)=O,0
WERLOY,OC(=O)Cc1ccccc1Nc1c(Cl)cccc1Cl.[NH2+]=C1NC=CC(=O)N1.NC1=NC(=O)C=CN1.Clc1cccc(Cl)c1Nc1ccccc1CC(=O)[O-],1
NIJCES,Oc1cccc(O)c1C(=O)[O-].CCS(=O)(=O)CCN1C(=[NH+]C=C1N(=O)=O)C,1
NIDBEL,FC(F)(F)S(=O)(=O)[N-]S(=O)(=O)C(F)(F)F.C1COCCOCCOCCOCCOCCO1.[NH3+]c1ccc(cc1)C(F)(F)F,1
MCPATR,C[n+]1cccc(c1)C(N)=O.CC(=O)NC(CC1=CNc2ccccc12)C(=O)[O-],0
XOJMUF,COc1ccc(cc1)C(O)=O.Cc1cc(C)nc(N)n1,0
ZIPJEQ,NC(=O)c1ccncc1.OC(=O)c1cc(Cl)ccc1O,0
IVULAN,C[NH+](C)C(C)C(O)c1ccccc1.O=C([O-])c1ccccc1N(=O)=O,0
CABPOK,C[NH2+]C(C)C(O)c1ccccc1.Clc1ccc(cc1Cl)C(CCC(=O)[O-])c1ccccn1,1
JEJHUF,CC1=C(C=C(C#N)C(=O)N1)c1cc[nH+]cc1.OC(=O)c1ccccc1O.Oc1ccccc1C(=O)[O-],0
KEZXAR,Fc1ccc(c(F)c1)B1(Oc2ccccc2O1)n1ccc(cc1)c1ccn(cc1)B1(Oc2ccccc2O1)c1ccc(F)cc1F.Cc1cc(C)cc(C)c1.S1C=CSC1=C1SC=CS1,0
SAZXOJ,CN1C=C[N+](=C1)CCO.O=N(=O)c1cc(c([O-])c(c1)N(=O)=O)N(=O)=O,0
NEBWUO,COc1cc(OC)nc(N)n1.Cc1cccc(c1)C(O)=O,0
GAVMAV,F[P-]1(F)(F)(F)[n+]2ccccc2[n+]2ccccc12.FC(F)(F)S(=O)(=O)[O-],0
EPUQIQ,OC(=O)c1ccc(O)cc1.c1ccc(cc1)c1ccncc1,0
LEGMUH,OC(=O)c1cccc(n1)C(=O)[O-].[NH3+]c1cccc(c1)B(O)O,0
WEWCOT,FC(F)(F)C(=O)[O-].[NH3+]c1ccccc1SSc1ccccc1[NH3+],0
ABUKOZ,Oc1c(cc(cc1N(=O)=O)N(=O)=O)C(=O)[O-].[NH3+]c1ccc(F)cc1,0
NEQNUV,CC1=CN=C(NC(=O)c2ccccc2)S1.OC(=O)CCCCCCCCCCC(O)=O,0
SABBEF,Cc1ccc(cc1)c1nc(N)nc(N)n1.OC(=O)CCCCC(O)=O,0
AXUFIJ,OC(=O)CCC(O)=O.c1ccc2c(c1)cnc1ccccc21,0
OKUROE,NC(=O)c1ccncc1.CC(C)c1ccc(C)c(O)c1,0
WARNOV,c1cc(ccn1)c1ccncc1.OB1OCc2cc(F)ccc12,0
ITIWAL,Oc1c(cc(c([O-])c1N(=O)=O)N(=O)=O)N(=O)=O.NC(=[NH+]O)C(N)=NO,0
ODUQIO,COc1ccc(cc1)C1(O)c2ccccc2Oc2ccccc12.CN(C)C=O,0
ZODWIY01,NC(N)=O.OC(=O)CCCC(O)=O,0
BOVYUI,c1cc(ccn1)C=Cc1ccncc1.OC(=O)c1ccc(F)c(F)c1,0
CIWFOF,OC(=O)CCCCCCC(O)=O.O=C(NCCCCNC(=O)c1ccncc1)c1ccncc1,0
CINXED,CC(=O)[O-].NC(N)=[NH+]N=C(c1ccccc1)c1cc(Cl)ccc1N,0
EDAXIQ,OC(=O)C=CC(=O)[O-].[NH3+]C(Cc1ccccc1)C(O)=O,1
GINNIB,O=C([O-])c1cccnc1.CCc1[nH+]c(N)nc(N)c1c1ccc(Cl)cc1,1
LAPLIY,c1cc(ccn1)c1ccncc1.Oc1ccc(cc1)C1(CCCCC1)c1ccc(O)cc1,0
GOHHOA,[O-]c1[nH+]cccc1.Oc1[nH+]cccc1.C[S](=O)([O-])[N]S(C)(=O)=O,0
ABOQUF,Oc1ccc(O)cc1.NC(=O)N1c2ccccc2C=Cc2ccccc12,0
ONAPUP,OC(=O)c1ccccc1Cl.C(Cc1ccncc1)c1ccncc1,0
CACWEK,C[NH2+]C(C)C(O)c1ccccc1.CC(C)(C)OC(=O)NC1CC1CC(=O)[O-],0
PAQPIK,NC(=O)c1ccccc1.OC(=O)CCl,0
XIKLUA,CC(N)=C1C(=O)Oc2c(F)c(F)c(F)c(F)c2C1=O.CS(C)=O,0
PEGDEO,OC(=O)c1ccccc1.CCC(=O)Nc1ccc(Br)cn1,0
FEXSEJ,Nc1ccc(cc1)C(O)=O.CC(=O)c1ccncc1,0
MIJWUB,[NH2+]=C1NC(=O)NC=C1F.Oc1ccc(O)c(c1)C(=O)[O-],0
ENAGEG,O=S(c1ccccc1)c1ccccc1.NC(=S)C1CCCCC1,0
FIDLOU,Nc1ccc(Cc2ccc(N)cc2)cc1.Oc1ccc(Sc2ccc(O)cc2)cc1,0
KEFBIH,OC(=O)CCCC(O)=O.CC(=O)Nc1ccccn1,0
VIJTIR,OC(=O)Cc1ccccc1.C1N2CN3CN1CN(C2)C3,0
ROPTAT,OC(C(O)C(=O)[O-])C(O)=O.[NH3+]c1ccccc1F,1
BEMLOV,COc1cc(O)cc(O)c1.C(C=Cc1ccncc1)=Cc1ccncc1,0
RORMUI,c1cnc2ccc3ncccc3c2c1.OB(O)c1ccc(Cl)cc1,0
WUQQUW,BrC#CC#CBr.O=C(NCc1cccnc1)C(=O)NCc1cccnc1,0
BARMPN,CCC1(CC)C(=O)NC(=O)NC1=O.CN1C=CC=CC1=O,0
MUBNED,CN(C)C(C)=O.OC(=O)c1ccc(cc1)C(O)=O,0
MOFDER,Cc1nc(N)nc(N)n1.CN(C)C=O,1
CIRVUV,NC1=[NH+]C(=O)NC=C1.OC(=O)c1cc(cc(c1)C(=O)[O-])C(O)=O,0
JAJZON,NC(=O)c1cnccn1.OC(=O)C1=CC=C(S1)C(O)=O,0
KASXIN,OCC[NH+]1CCCC1.Oc1ccccc1C(=O)[O-],0
KAYGAU,O=C(Nc1ccccn1)c1ccncc1.OC(=O)CCCCCCCCC(O)=O,0
NOSVEZ,c1cc(ccn1)c1ccncc1.OC(=O)Cc1ccc(O)c(Cl)c1,0
NINFIB,O=C1NC(=O)C2=C1C(=O)c1cccc3cccc2c13.CS(C)=O,0
NAQXAE,CC1(C)[NH2+]C(C)(C)CC(=O)C1.Fc1c(F)c(F)c(c(F)c1F)P(=O)([O-])c1c(F)c(F)c(F)c(F)c1F,0
PEPGLF,FC(F)(F)S(=O)(=O)[O-].[NH3+]C(C(=O)OCC)c1ccccc1.O=P(c1ccccc1)(c1ccccc1)c1ccccc1OCCOCCOc1ccccc1P(=O)(c1ccccc1)c1ccccc1,0
JETJEY,OC(C(O)C(=O)[O-])C(O)=O.[NH3+]C(c1ccccc1)c1c(O)ccc2ccccc12,1
LIBXUR,CC(=O)[O-].Nc1[nH+]nc(c(N)n1)c1cccc(Cl)c1Cl,0
GOGYEJ,Nc1cccc(Cl)n1.OC(=O)CCCC(O)=O,0
MANXOS,OCC(C(=O)[O-])c1ccccc1Cl.[NH3+]C(C(O)c1ccccc1)c1ccccc1,0
ZUWCEZ,c1ccc(cc1)[C+](c1ccccc1)c1ccccc1.FS(=O)(=O)[N-]S(F)(=O)=O,0
KEBMAH,Oc1ccc(N2C(=O)c3ccccc3C2=O)c(c1)C(O)=O.c1ccc2ncccc2c1,0
ACONIR,NC(=O)c1ccncc1.OC(=O)C1CCCCC1,0
TUMJES,NC(=[NH2+])NC(N)=S.Oc1ccc(cc1)S(=O)(=O)[O-],0
AFUGER,[NH3+]C(C)(C)CC(C)=O.OC(=O)C(=O)[O-],0
KIJSUT,NC(=O)c1cccnc1.CN1N=NC2=C(N=CN2C1=O)C(N)=O,0
CUPNEJ,Clc1ccc(cc1)S(=O)(=O)[O-].C[n+]1ccc(cc1)C=Cc1ccc(O)cc1,1
OCIQAT,NC(=O)c1ccc(CN2C=CC=N2)cc1.OC(=O)c1ccccc1,0
URIRAR,O=C1NCCNc2ccc(cc2S(=O)(=O)c2ccccc12)C#N.CS(C)=O,0
JIMBAI,CN(C)[S+](N(C)C)N(C)C.FC(F)(F)C1=C([O-])C(F)(C(=C1C(F)(F)F)C(F)(F)F)C(F)(F)F,0
ERIKOF,OC(=O)C=CC(=O)[O-].[NH3+]C(CO)c1ccccc1,0
EYOLIO,OC(C(F)(F)F)C(F)(F)F.C1CNCCN1,0
ZIYDUJ,NC1=[NH+]c2ccc(OC(F)(F)F)cc2S1.CS(=O)(=O)[O-],0
BILKIS,OC(C(O)C(=O)[O-])C(O)=O.[NH3+]CCS,0
VISMUI,CCC1(CC)C(=O)NC(=O)[N-]C1=O.[NH3+]CCc1ccc(O)cc1,0
NAQPAZ,NC1=Nc2ccc(OC(F)(F)F)cc2S1.OC(=O)CCCCCCC(O)=O,1
VEFMOL,O=S(=O)([O-])c1ccccc1.COc1ccc2cccc(CC[NH+]=C(C)O)c2c1,0
AREJUF,FC(F)(F)S(=O)(=O)[O-].CN(C)c1cc[nH+]cc1Cl,0
XAFSUV,[NH2+]1CCOCC1.OC(=O)c1cc(cc(c1[O-])N(=O)=O)N(=O)=O,0
YIVQUQ,Cc1ccnc2N(C3CC3)c3ncccc3C(=O)Nc12.C1COCCO1,0
KEKHIS,OC(=O)c1cccc(O)c1.O1C(=NN=C1c1cccnc1)c1cccnc1,0
WAPPUA,[NH3+]C(C)C(=O)OC.Cc1ccc(cc1)C=CC(=O)[O-],1
FIJDUX,NC(=S)c1c[nH+]ccc1.Cc1c(cc(cc1N(=O)=O)C(=O)[O-])N(=O)=O.Cc1c(cc(cc1N(=O)=O)C(O)=O)N(=O)=O,0
EBONER,OC(=O)c1cc(O)ccc1O.CN1C=CC(=O)C(=C1C)O,0
SEZZOQ,Oc1ccc(cc1)C(=O)[O-].COc1ccc(cc1)N1CC[NH2+]CC1,0
HIBKAE,Nc1nc(Nc2ccccc2)nc(Nc2ccccc2)n1.CC1(C)C(=O)NC(=O)NC1=O,0
JEFLEM,NC1=[NH+]C=CS1.O=C([O-])c1cc(cc(c1)N(=O)=O)N(=O)=O,0
UCOTUC,CCCCCCCCCCCC(O)=O.NC(=O)c1cccnc1,0
ICOWAB,[O-]N1N=NN=C1C1=NN=NN1[O-].NC(=[NH2+])O,0
MIXTUJ,Nc1cccc(O)c1.c1ccc2nccnc2c1,0
VOHMIP,c1ccncc1.NC1=C(c2c(F)c(F)c(F)c(F)c2C1(F)F)C(=O)C(F)(F)F,0
KODLAT,OC(=O)CCCNc1nc[nH+]c2N=CNc12.O=C([O-])CCCNc1ncnc2NC=Nc12,0
QICJUK,[NH3+]NC(=O)c1cc[nH+]cc1.CS(=O)(=O)[O-],0
WEDKUN,OC(=O)CCCC(O)=O.Nc1cnccn1,0
WOPCUA,C1COCCOCCOCCO1.NC(c1ccccc1)(c1ccccc1)c1ccccc1,0
OSABIV,FC(F)(F)S(=O)(=O)[O-].CCC1=N[N+](=C2C=CC=CN12)c1ccc(Cl)cc1Cl,0
QEYTOF,C[NH+]1CC[N+](C)(CC1)CC(O)=O.OC1=C([O-])C(=O)C1=O,0
XOMZEG,OC(=O)C1=CC=C(Cl)S1.Cc1cc(C)nc(N)n1,0
AGOCOQ,FC(F)(F)S(=O)(=O)[N-]S(=O)(=O)C(F)(F)F.CCN1C=[N+](C)C(=C1Br)Br,0
ARAMAK,NC(N)=S.COC(=O)C=Cc1cccnc1,0
SUYXIU,Nc1[nH+]cc(Br)cc1.O=C([O-])C1=CC=CC(=O)N1,0
QUDWIX,Cc1cc[nH+]c2N(C3CC3)c3ncccc3C(=O)Nc12.Oc1c(cc(cc1N(=O)=O)N(=O)=O)C(=O)[O-],0
GAQKOA,CN(CC(O)=O)C(N)=[NH2+].OC(=O)C(=O)[O-],0
NUKXAT,OC(=O)c1ccccc1O.c1ccc2nc3ccccc3nc2c1,0
RUYYAN,c1cc(ccn1)c1ccncc1.ON=Cc1c(O)ccc2ccccc12,0
ROSYIK,CCCC(CCC)C(O)=O.Nc1nnc(c(N)n1)c1cccc(Cl)c1Cl.Nc1[nH+]nc(c(N)n1)c1cccc(Cl)c1Cl.CCCC(CCC)C(=O)[O-],0
DADMUT,NS(=O)(=O)c1cc2c(NCNS2(=O)=O)cc1Cl.Cc1nc(C)c(C)nc1C,1
HOQGEB,NC1=[NH+]N=CS1.OC(=O)C(=O)[O-],0
QEYCAY,[NH3+]C(c1ccccc1OC)C(C)(C)C.OC(C(=O)[O-])c1ccccc1,0
ZORVUX,C1COCCN1.OC1(c2ccccc2)c2cc(Br)ccc2c2ccc(Br)cc12,0
DITBAK,FC(F)(F)S(=O)(=O)[O-].CN(C)c1cc[n+](cc1)P(C)C,0
VIVZIJ,Oc1ccc(O)cc1.CCCC(=O)NC(=O)c1ccccc1,0
CERXIH,C1N2CN3CN1CN(C2)C3.Oc1ccccc1O,0
YOLKIV,FC(F)(F)S(=O)(=O)[O-].ON=C1C2=[N+](CCCc3ccccc13)CCC2,0
EZIDUN,OC(=O)c1c(F)cccc1F.CC1=NN=C2CN=C(c3ccccc3)c3cc(Cl)ccc3N12,0
PAHHAK,NC(=O)c1ccc(O)cc1.Nc1ccc(C(O)=O)c(O)c1,1
RUDGEE,COc1ccc(CNS(=O)(=O)[O-])cc1.[NH3+]Cc1ccc(OC)cc1,0
FUBHUG,FC(F)(F)S(=O)(=O)[O-].COC12CCC3=[NH+]CCCN3C1CC(=O)C=C2,0
NUMJOW,NS(=O)(=O)c1ccc(Br)cc1.O=C1CCCCN1,0
BOQNIG,OC(=O)CSCc1ccc(CSCC(O)=O)cc1.Cc1cc(C)nc(N)n1,0
YUHGAJ,[NH3+]CCCCC([NH3+])C(=O)[O-].O=C[O-],1
WAHGEV,OC(=O)C=CC(=O)[O-].O=C(NCCON(=O)=O)c1c[nH+]ccc1,1
OWIWUN,CC1=[NH+]C(=CC(=O)N1)C.O=N(=O)c1cc(c([O-])c(c1)N(=O)=O)N(=O)=O,0
BALDOL,NC1=N[N+]2(CCOCC2)CC1.O=C([O-])c1ccccc1,0
CESRUN,COc1cc(Cc2c[nH+]c(N)nc2N)cc(OC)c1OC.O=C([O-])c1ccccc1,0
MOXYIK,OC(C(=O)[O-])c1cccc(Br)c1.[NH3+]C(C(O)c1ccccc1)c1ccccc1,0
MANYEJ,OCC(C(=O)[O-])c1ccccc1Cl.[NH3+]C(C(O)c1ccccc1)c1ccccc1,1
UBUJIM,c1cc(ccn1)c1ccncc1.Cc1cc(O)cc(O)c1,0
RUNHUG,CS(C)=O.Cc1cc(N)cc2OC(=O)c3c(O)cc(O)cc3c12,0
AQUMEH,NC(N)=S.COC(=O)C=Cc1ccccn1,0
MUROXA,CNC(N)=O.OC(=O)C(O)=O,0
SUYNEI,O=C1NC(=S)NC(=C1)[O-].CC1=C(C)[N+](=CN1O)O,0
JUYVIL,N#Cc1cc(C#N)c(cc1C#N)C#N.OC(=O)c1c(O)ccc2ccccc12,0
KEBCON,Nc1cccc(c1)C(O)=O.CC(=O)c1ccncc1,0
AMECUT,FC(F)(F)S(=O)(=O)[O-].C[N+]1=NN(N2CCOCC2)C(=C1)c1ccc(Br)cc1,0
MEKWUU,Oc1ccc(O)cc1.C(Cc1ccncc1)c1ccncc1,0
FASJEQ,Oc1ccc(cc1C(=O)[O-])N(=O)=O.O=C(CN1C=[NH+]C=C1)c1ccccc1,0
YOVMUS,[S-]C1=Nc2ccccc2S1.OCC[NH+](CCO)CCO,0
PARVOW,CN1C(=O)C(=O)c2ccccc12.CN1C(=O)C(=Nc2ccccc2)c2ccccc12,0
KAPVUS,COc1ccc(cc1)C(C)C(=O)[O-].[NH3+]C1C(O)Cc2ccccc12,1
FERNEZ,O=C([O-])c1c(cc(cc1N(=O)=O)N(=O)=O)N(=O)=O.[NH3+]C(CC1=CNc2ccccc12)C(O)=O,0
RORNIX,OB(O)c1ccc(Br)cc1.c1cnc2ccc3ncccc3c2c1,0
GIYDEZ01,[NH3+]CC(=O)[O-].[NH3+]CC(O)=O.CS(=O)(=O)[O-],0
ABEKUN,Oc1cccc(O)c1.c1cc(ccn1)C=Cc1ccncc1,0
TOMWOJ,OC(=O)CCCC(O)=O.NC(=O)c1ccccn1,0
CUNVUD,OC(=O)C=CC(=O)[O-].[NH2+]=C1NC(=O)N(C=C1)C1CSC(CO)O1,0
HEPSAZ05,[2H]OC(=O)c1ccc(cc1)C(=O)[O-].[2H]N1C=[N+]([2H])C=C1,0
BIXMUS,OC(=O)c1cc[nH+]cc1.OC(=O)C#CC(=O)[O-],0
VEWZOM,CC(C)NC1=[NH+]c2ccc(F)cc2N2C=NN=C12.CS(=O)(=O)[O-],0
XISVUT,Nc1ccccc1C(=O)[O-].OCC[NH2+]CCO,0
NUKWOF,C1CC2CC[NH+]1C=C2C1=C(C=CO1)c1ccccc1.OC(=O)C(=O)[O-],0
IVORAO,C1CCOC1.NC(=O)Nc1ccc(O)c(c1)C(O)=O,0
VEFQEE,OC(=O)c1[nH+]cccc1.ClC(Cl)(Cl)C(=O)[O-],0
MEBZEC,CC(=O)[O-].Nc1c(Br)cc(Br)cc1C[NH2+]C1CCC(O)CC1,0
RAVXIY,Brc1cncc(Br)c1.OC(=O)c1cc(Cl)cc(Cl)c1O,0
VEJYUH,c1cc(ccn1)c1ccncc1.NS(=O)(=O)c1cc2c(NC=NS2(=O)=O)cc1Cl,0
GALHOT,FC(F)(F)C(=O)[O-].OC(=O)c1cc[nH+]cc1,0
XELKAA,[NH3+]CCOCC[NH3+].O=C([O-])COCC(=O)[O-],0
FOFBEK,Cc1[nH+]c2c(O)cccc2cc1.O=N(=O)c1cc(c([O-])c(c1)N(=O)=O)N(=O)=O,0
POCHIA,NC(=[NH2+])Nc1ccc(F)cc1.CS(=O)(=O)[O-],0
CIXBUI,NC1=Nc2ccc(Br)cc2S1.OC(=O)CCCCCCCCC(O)=O,0
GIMPIF,CN(C)c1ccc(cc1)N(C)C.BrC1=C(Br)C(=O)C(=C(Br)C1=O)Br,0
YUYQAM,Nc1nnc(c(N)n1)c1cccc(Cl)c1Cl.COc1cc(C=O)ccc1O,0
XOKSAR,OC(=O)C=CC(=O)[O-].CC1(C)C(C1c1cccc2OCCc12)C(=O)NC(N)=[NH2+],0
HEDRAL,NC(=O)c1cnccn1.Oc1cccc(O)c1O,0
KUNTUK,c1ccncc1.CC(=O)Nc1ccc(O)cc1,0
FICNEN,CC1=C([NH+]=CN1)C=O.FC(F)(F)C(=O)[O-],0
YACQUR,COC(=O)c1ccc(O)cc1.CC(C)C1=C(C)N(C)N(c2ccccc2)C1=O,0
EDASUX,OC(=O)C=CC(=O)[O-].[NH3+]CCC(O)=O,0
GEHLUD,OC1=C2SSN=C2C(=O)C2=C1S[S+]=N2.FC(F)(F)S(=O)(=O)[O-],0
HIQNAA,OC(C(O)C(=O)[O-])C(O)=O.COc1ccccc1N1CC[NH2+]CC1,1
DILCAE,CC1(C)OC2OC3C(O)C[NH2+]CC3C2O1.Cc1ccc(cc1)S(=O)(=O)[O-],1
GAHDUP,c1ccc2nc3ccccc3cc2c1.OC(=O)C=CC=CC(O)=O,0
GAHFIF,OC(=O)c1ccc(cc1)C(O)=O.c1ccc2nc3ccccc3cc2c1,0
YIRLOE,FC(F)(F)S(=O)(=O)[N-]S(=O)(=O)C(F)(F)F.Oc1cccc2ccc[nH+]c12,1
CUVMUB,O=P([O-])(Oc1ccccc1)Oc1ccccc1.[NH3+]CC(O)=O,0
PILKEB,OC=O.NS(=O)(=O)c1cc2c(NC=NS2(=O)=O)cc1Cl,0
ABORAM,NC(=O)CN1CCCC1=O.Oc1ccc(O)cc1,0
KEWGAY,C[NH+]=C1C[N+](=C(c2ccccc2)c2cc(Cl)ccc2N1)[O-].O=C1[N-]S(=O)(=O)c2ccccc12,0
AYIKAW,c1ccc2cnccc2c1.OC(=O)CCSC1=CC(=O)C(=O)c2ccccc12,0
AFUJIW,O=C([O-])c1ccc(cc1)N(=O)=O.NC1=[NH+]C(=CS1)c1ccccc1,1
ORARUV,c1cc(ccn1)c1ccncc1.CC(C)(c1ccc(O)cc1)c1ccc(O)cc1,0
OWIFUW,OC(=O)CN1C(=O)c2cc3C(=O)N(CC(=O)[O-])C(=O)c3cc2C1=O.C[NH+]1CCN(CC1)CC1=CC(=O)Nc2ccccc12,0
UPOQIA,OC(=O)CCCC(O)=O.OC(CN1C=NC=N1)(CN1C=NC=N1)c1ccc(F)cc1F,0
OFUBIE,O=N(=O)c1ccc([O-])c(c1)N(=O)=O.Oc1cc[nH+]cc1,0
YAJFEX,O=C1[N-]S(=O)(=O)c2ccccc12.[NH3+]c1ccccc1C(N)=O,0
NUQLUI,Cc1c(O)cccc1O.Cc1nc2ccccc2nc1C,0
KICMAL,FC(F)(F)S(=O)(=O)[O-].C[n+]1ccccc1CC1234[BH]567[BH]89%10[BH]%11%12%13[BH]%1458[BH]58%11[BH]%11%15%12[BH]%129%13[BH]16%10[BH]2%11%12[CH]35%15[BH]47%148,1
VUZLIM,O=C(NNc1ccccc1)NNc1ccccc1.CN(C)C=O,0
ZUFPEX,CN(C)P(=O)(N(C)C)N(C)C.FC(F)(Br)C(F)(F)Br,0
LEXQIQ,Cc1ccc2N=C(N)Sc2c1.OC(=O)CCCCCCCC(O)=O,0
QUWGOH,Cc1cc(CSC(N)=[NH2+])c(C)cc1CSC(N)=[NH2+].CC(=O)[O-],0
SIHQOR,OC(=O)CCCC(O)=O.NC(=O)c1cnccn1,0
LODFUH,NS(=O)(=O)c1cc(C(O)=O)c(NCC2=CC=CO2)cc1Cl.C1COCCO1,0
JIRQUZ,CN(C)C=O.NC1=NOC(=N1)C1=NON=C1N=NC1=NON=C1C1=NC(=NO1)N,0
NUKZAV,NC(=O)c1cccnc1.OC(=O)CCCCCCC(O)=O,0
DOGDIP,CC1=[NH+]C=C(N1CCOC(=O)c1ccccc1)N(=O)=O.OC(=O)C=CC(=O)[O-],0
YAXSUN,OC(=O)c1ccc(Br)cc1.CC1=NN=C2SC(=NN12)c1ccc(Br)cc1,0
PARWUB,O=C([O-])c1ccc(cc1)N(=O)=O.COc1cc(Cc2c[nH+]c(N)nc2N)cc(OC)c1OC,0
HEBHUS,Nc1ccccc1.COc1cccc(c1)C1(O)c2ccccc2Oc2ccccc12,0
GUXTUR,CC(=O)NC1=NN=C(S1)S(N)(=O)=O.C(Cc1ccncc1)c1ccncc1,0
WANHUO,[S-]C#N.Cc1[nH+]cc(C[N+]2=CSC(=C2C)CCO)c(N)n1,0
EHEVAQ,Nc1c(N)c(C#N)c(C#N)c(C#N)c1C#N.C1CCOC1,0
YOKPEW,[NH3+]CCC(O)=O.Oc1ccc(cc1)S(=O)(=O)[O-],0
CEDQOV,CN1CC(=O)NC1=[NH2+].O=C([O-])c1cc(cc(c1)N(=O)=O)N(=O)=O,0
UMIMUY,OC(=O)CCCCC(O)=O.c1cc(ccn1)N=Nc1ccncc1,0
ROJKOS,Nc1[nH+]nc(c(N)n1)c1cccc(Cl)c1Cl.C1COCCO1.O=C1[N-]S(=O)(=O)c2ccccc12,0
AXUSUJ,OC(=O)CCCC(O)=O.c1ccc2N3N=NC=C3C=Cc2c1,1
IPUCAA,O=C1CCC(=O)N1.Nc1ccc(cc1Br)S(N)(=O)=O,0
