drug_id,TSNE1,TSNE2
CECPUY,7.81331205368042,-29.990768432617188
CECRIO,2.6505768299102783,-21.79033088684082
CECXEQ,6.672283172607422,-30.408153533935547
DOJKIY,6.616113185882568,-27.419958114624023
EJOMIB,-47.329917907714844,-1.8967846632003784
GINKUK,-100.1452865600586,18.42920684814453
HOLPEE,5.6259613037109375,-32.88903045654297
HUFZUE,-13.219023704528809,47.15675735473633
KOQGEC,101.56207275390625,-14.199396133422852
MAKTEB,-10.996487617492676,36.30607223510742
MAMPUM01,-109.53987884521484,35.573951721191406
MOGBIV,-77.32646942138672,39.272525787353516
NUYCEQ,5.814253330230713,-30.51849365234375
NUYCEQ01,5.814253330230713,-30.51849365234375
NUYDER,101.34542083740234,-15.049485206604004
ODIHIU,-0.22334878146648407,-22.366973876953125
OMIXIR,7.264793872833252,11.465164184570312
PAGXOL,-14.486227035522461,39.35479736328125
POVZEG,4.539353370666504,-33.19640350341797
SADTIC03,-0.5930300354957581,-22.163415908813477
SADTIC09,-0.5930300354957581,-22.163415908813477
SADTOI,-0.07914353162050247,-21.519840240478516
SEYHEM,-44.36962127685547,-74.8076171875
SEYHOW,2.24092435836792,-35.01047897338867
SIYCAF,-75.44882202148438,39.22932434082031
SOHXIY,-40.06923294067383,82.48149108886719
SOHXIY01,-40.06923294067383,82.48149108886719
UMIQIR,-43.180572509765625,-74.58035278320312
UVUSEK,2.3756203651428223,-34.891807556152344
UWUJOM,-54.74860382080078,7.181206226348877
UWUJUS,-54.477943420410156,6.149593353271484
UWUJUS01,-54.477943420410156,6.149593353271484
UWUJUS02,-54.477943420410156,6.149593353271484
UWUKAZ01,-55.283172607421875,7.867630958557129
UWUKAZ03,-55.283172607421875,7.867630958557129
VAQHUS,-34.58401870727539,-5.0721001625061035
VIPYAX,-2.4872324466705322,-23.657224655151367
WADVAA,64.01380157470703,-14.52273941040039
WATREP,-27.282533645629883,-85.33154296875
WOGWUL,4.332951068878174,-31.74359703063965
WUXYUJ01,6.609448432922363,-29.42133903503418
WUXZAQ,6.663454532623291,-28.023958206176758
WUXZEU,5.633813381195068,-28.733667373657227
WUXZIY,7.5597100257873535,-30.711971282958984
CADPAB,70.6904296875,56.47219467163086
MAMPUM02,-109.53987884521484,35.573951721191406
PAZHOO,6.83285665512085,-32.87644958496094
POVZIK,5.4624128341674805,-32.22761535644531
TASLUY,-54.4001350402832,7.4998674392700195
TIVDAF,-109.78484344482422,34.96342849731445
UWUKAZ,-55.283172607421875,7.867630958557129
SOMDOO,-114.28179931640625,42.040428161621094
ACEWIP,5.7412428855896,-27.620742797851562
ACOJIO,5.08543586730957,-31.40264129638672
ACOJOU,7.59116792678833,-31.672443389892578
AZUBUT,101.18791198730469,-14.33530330657959
BANQIU,-75.62226104736328,40.974266052246094
CAHKUS,-50.97305679321289,8.51456356048584
CAHLIH,-32.75767517089844,12.646162986755371
CAVYED,-45.01884841918945,-74.64873504638672
CECXIU,7.436290740966797,-29.405536651611328
CECXIU01,7.436293125152588,-29.40559196472168
CECYIV,7.449145317077637,-28.498605728149414
CECZIW,7.218973636627197,-27.342266082763672
CEDBIZ,6.184652805328369,-28.019750595092773
CIPSUQ,-16.34381866455078,41.8387451171875
CUWPAO,-75.77061462402344,39.51482391357422
CUWPOC,-75.79606628417969,39.730247497558594
FIBCIC,-32.68986129760742,12.193946838378906
FIBDEZ,-32.97348403930664,13.59343433380127
IQIGUL,-97.43147277832031,60.02915573120117
IYESUA,43.11014938354492,-37.464874267578125
IYETAH,43.148162841796875,-37.39510726928711
IZIVUK,-53.81845474243164,8.093048095703125
JAXMEB,10.521140098571777,-29.1202335357666
MEJYIM,-35.134769439697266,-5.2997002601623535
NAMZOT,3.1022942066192627,-34.41133499145508
NINTIP,64.13851928710938,-14.502720832824707
NUYBOZ,8.811710357666016,-29.634960174560547
NUYBUF,-108.19921112060547,36.16355895996094
NUYCAM,101.3151626586914,-14.634943008422852
ODAVUL,7.3196330070495605,11.481614112854004
QIKGAS,12.425483703613281,-30.34105682373047
SADTIC,-0.5930300354957581,-22.163415908813477
TANFAS,-40.16719055175781,67.40904235839844
TIVDOT,-107.13030242919922,36.64170837402344
UWUKAZ02,-53.2912483215332,5.70045804977417
VIPYEB,-2.9917352199554443,-24.122013092041016
VURSUX01,10.790797233581543,-30.011343002319336
VURWAH,10.580273628234863,-29.994823455810547
WAKHAS,10.834239959716797,-29.2266788482666
XOJZIH,34.23905944824219,-42.324886322021484
SESLIM,9.297895431518555,-73.84318542480469
APEGIN,-94.73005676269531,0.8679297566413879
HINJUN,-54.11298751831055,-9.055459022521973
ENAYEZ,28.324811935424805,16.824546813964844
DIGCAY,6.060417652130127,5.101081371307373
UNEZUI,-60.15789031982422,67.33988952636719
PEKRUU,-24.88489532470703,-92.14404296875
YOVMUU,-18.82172203063965,-63.54843521118164
LOFQIJ,-24.899288177490234,-64.41432189941406
NAFKAJ,66.72588348388672,53.283878326416016
ARAMEO,93.71460723876953,-30.190946578979492
VAVKAH,73.63141632080078,53.960330963134766
HUTRAS,76.99797821044922,-37.33637237548828
GAXCIU,51.190608978271484,33.703285217285156
MXTTCQ01,-87.90804290771484,36.16547393798828
NUPBEH,92.63549041748047,-35.587669372558594
TAPBUL,-72.31665802001953,18.703773498535156
QEPJIF,88.39765167236328,-6.562526702880859
VAXWAU,99.98008728027344,-46.83793640136719
ANIKEQ,-47.41792678833008,33.33407974243164
TIXGEM,75.73731994628906,59.21260452270508
GESJOF,-54.06052780151367,78.62159729003906
VELXES,-55.963985443115234,42.900962829589844
AFICID,-99.91787719726562,40.04741287231445
UBEGUF,9.035078048706055,-77.3800048828125
TIHFUM,6.17136287689209,-66.72593688964844
MEDBOO,37.017433166503906,-36.458717346191406
WOQBOT,-85.07141876220703,-4.477471828460693
AMEBUS,-50.30134963989258,14.025505065917969
QAGJUD,-60.30614471435547,-12.961104393005371
OVIGEG,68.1037368774414,69.72257232666016
MENRAC,19.72086524963379,-66.88872528076172
WOBQIQ,4.997316360473633,-71.73965454101562
VAQSUC,93.82600402832031,-27.58674430847168
GUMHAZ,111.4227294921875,22.200557708740234
XIBDIX,93.74178314208984,-42.679805755615234
OSEGOL,84.96871185302734,86.95951080322266
IDAPUZ,50.484920501708984,-18.452110290527344
DIMCOV,-93.77986145019531,3.3236098289489746
ISEROQ,78.99711608886719,-23.886743545532227
BOVWUG,-51.920597076416016,28.56122398376465
XABMIZ,11.807963371276855,-90.3894271850586
LATQOO,-34.558921813964844,86.77445983886719
GOKCEQ,-24.319942474365234,-90.89330291748047
POZPAY,-62.815975189208984,42.91850662231445
AFUHUG,-39.96923828125,43.960899353027344
JAQZEK,-23.75032615661621,62.325782775878906
GONQIL,112.4774169921875,-9.481162071228027
MOXVIF,-55.535545349121094,73.81722259521484
QOVLEV,-32.35518264770508,8.636423110961914
FOVQOZ,-35.141868591308594,30.424304962158203
KUCGIA,27.21561622619629,-40.09517288208008
LIGNIB,8.998983383178711,-61.214813232421875
LACTER,-19.732851028442383,-92.3563003540039
JIYQEQ,36.4532585144043,-80.66887664794922
DUSMAF,78.57257843017578,82.1902847290039
AXUFUV,-84.01118469238281,-6.5154266357421875
AWIJUM,93.0064697265625,-25.184093475341797
FAQVAV,109.42680358886719,-10.432782173156738
KOVSIZ,98.46927642822266,-49.02268600463867
LUTDUR01,100.03004455566406,-25.401336669921875
MOXVIF01,-55.64092254638672,73.87843322753906
EWANEW,9.525117874145508,59.590538024902344
ATOMAY,40.00537109375,-58.24140930175781
JIYQIU,36.872039794921875,-84.03878784179688
CAVYIH,-45.67424011230469,-75.2376937866211
ROFPAE,9.47096061706543,-64.90552520751953
NAWYIX,42.40129852294922,-56.91165542602539
VAVHUY,79.67113494873047,43.7244987487793
YIKMEM,-56.302242279052734,64.14608001708984
QUQPEZ,-12.355732917785645,-63.837158203125
AVIYAI,-39.489463806152344,40.354923248291016
YOTMUQ,119.40177917480469,3.969426393508911
ASAVAU,14.410250663757324,-21.644155502319336
YAJFIB,-54.397979736328125,66.21314239501953
RIVVEA,8.351449966430664,-88.55073547363281
VORLAQ,-37.13018035888672,3.324389934539795
IXUCEM,-71.06281280517578,-6.471957206726074
SICQOM,-25.57082748413086,34.731605529785156
NUQHUE,-96.39563751220703,38.942996978759766
NANQID,-107.67578887939453,10.806825637817383
EVOWER,111.2857666015625,-33.50825119018555
PIRNUB,3.274914264678955,-55.09990692138672
ENEPAQ,-91.68478393554688,-0.08896690607070923
VIGFUO01,-29.63328742980957,67.76467895507812
UWUHEC,19.841699600219727,1.3537369966506958
ADARIH,-9.353184700012207,42.66608428955078
ABUHIO,-78.6831283569336,39.03366470336914
FOZLIQ,-22.250015258789062,42.76355743408203
OTUVOQ,72.99078369140625,-22.99152183532715
DUJCER,6.280429840087891,-32.221622467041016
YORGUH,-10.266190528869629,31.128934860229492
RIBXAC,20.459041595458984,-72.1775894165039
XOXGUM,82.88699340820312,71.59114837646484
TEZMUI,-62.36396408081055,-20.006343841552734
RERNUA,105.74151611328125,-3.818876028060913
SAVMEK,13.340768814086914,-90.96879577636719
EBONAN,0.07919062674045563,-82.0238265991211
KICWEA,-43.65301513671875,67.42845916748047
XEDTIN,-99.27604675292969,38.74118423461914
UREWAQ,127.11193084716797,6.905153751373291
DIVTAD,-8.726198196411133,-13.84299087524414
RIFTUY,10.40068244934082,-9.80492115020752
GUXVON,-73.05111694335938,70.94527435302734
DATFIP,-39.443084716796875,-54.100467681884766
LAPFAL,-31.809995651245117,5.885313034057617
BEVZIP,102.38670349121094,-21.66907501220703
TEPLUZ,-4.960146903991699,-88.25777435302734
GEHLOV,57.14952087402344,54.75127029418945
ZARBOM,68.87631225585938,55.23059844970703
WUKRAV,-99.60492706298828,-6.498929500579834
XARQAK,-104.89989471435547,-13.000792503356934
PAGLAM,66.10665130615234,-14.806008338928223
REFFEO,-40.26473617553711,60.92382049560547
FATFUF,-35.13726043701172,8.887163162231445
WOYPIJ,20.524816513061523,-57.54945373535156
UKUJEQ,3.437296152114868,6.101428508758545
UGOWAQ,-11.52229118347168,-63.69810104370117
LOYRIC,-88.62063598632812,-0.2284337878227234
SUXVOW,-91.83836364746094,5.447477340698242
ZAPFEE,2.1034791469573975,-56.80854797363281
EWAQUP,-33.375633239746094,-89.85186767578125
APAMEK,-79.81920623779297,14.441352844238281
UNITAN,-91.48434448242188,-18.807374954223633
KAGPUH,-7.957540512084961,-75.38713836669922
EPUHIJ,45.902862548828125,-60.41082000732422
PETNEJ,-74.4462890625,68.88583374023438
PIXVEZ,-30.71147346496582,3.1852850914001465
HUTRIA,74.99425506591797,58.79822540283203
OTIZEX,65.29530334472656,-4.981090545654297
MEXMUB,-58.180145263671875,71.6134262084961
HABNON,55.10963821411133,36.91922378540039
QUBQOT,-57.70122146606445,45.265586853027344
JUNDAA,65.36550903320312,-10.230687141418457
FEFYEW,-56.093833923339844,29.59848976135254
SEPREK,-15.861573219299316,-9.962932586669922
ABEQUU,108.31881713867188,-5.207264423370361
KEXZOD,21.70319175720215,10.973118782043457
KAZCUK,-54.86764907836914,62.80759048461914
ULAZEM,-62.322025299072266,68.89962768554688
TOQPEX,78.3165512084961,-44.82924270629883
OTUDUD,-30.124982833862305,-57.431434631347656
MOZCEK,-90.00347900390625,-16.7049560546875
JUFVAJ,-6.660027027130127,41.117401123046875
EPUPUB01,-86.44673919677734,5.748031139373779
NUMYUS,-72.89994812011719,58.471858978271484
COSKUT,-10.240692138671875,-91.60067749023438
WOPPOH,-80.49345397949219,14.82742691040039
KIHYAC,-80.5181884765625,18.852813720703125
XOMTUP02,86.6039047241211,-11.05345344543457
GUQLAH,50.02794647216797,49.47941970825195
DUNWIU,-93.04039764404297,0.5769160985946655
TICREE,-65.44126892089844,29.828001022338867
YOYYAP01,23.371604919433594,-66.24784088134766
KEKFOW,-84.72400665283203,-21.732481002807617
NEBGIK,-35.47482681274414,31.158191680908203
DAVPAS,-10.546149253845215,-46.5110969543457
KIJGAP,-5.24043083190918,-84.5121078491211
APAWOF,-21.327560424804688,-27.13886070251465
FOBNIV,-38.03899002075195,60.72427749633789
LACBAS,62.853515625,44.538211822509766
MUPNOB,-93.69597625732422,-17.577476501464844
RERCOK,-18.971935272216797,-17.056739807128906
URANAD,41.37668991088867,-34.107906341552734
PIPLOS,82.50816345214844,-15.465417861938477
WIVDUA05,-108.61870574951172,36.8886833190918
RAHZEH,15.034473419189453,-21.754459381103516
OQIYIX,59.87175750732422,70.4690933227539
GULQOV,-28.453401565551758,-48.9077262878418
LUTPIC,-28.625749588012695,-56.18858337402344
BASYUR,-80.0357894897461,-22.201921463012695
FEZXIT,-40.716209411621094,55.997406005859375
PAXDID,110.15827941894531,-1.9240671396255493
KEZFIG,105.37710571289062,-7.220160007476807
FEBSOX,-6.79341459274292,-74.21529388427734
GAVWOR,46.401763916015625,26.541748046875
GULSIR,95.5232162475586,2.2827489376068115
NUHYEU,106.78569793701172,-11.659024238586426
ILIZOV,89.7974853515625,-6.486043453216553
IMEGIR,89.61190795898438,80.18791961669922
ZAKSAI,114.18875122070312,-34.97503662109375
NUJWIZ,-44.832984924316406,68.98294067382812
ZATHEL,-16.758792877197266,-85.73876190185547
MORQEP,78.86260986328125,-2.181450128555298
AJALEC,103.15705871582031,-38.006832122802734
HEZXAM,65.9837417602539,46.9162712097168
SOBBAP,-48.45336151123047,71.42019653320312
YETLUE,65.96871185302734,45.10893249511719
LEKRUO,52.738189697265625,34.36335372924805
VUHZOQ,-78.74907684326172,13.569509506225586
ZOYCIB,-21.420209884643555,-83.25525665283203
JOYJAK,90.87557983398438,-32.69496536254883
LATLEY,-47.87202453613281,29.220806121826172
ROMZUR,-77.33169555664062,-8.98983097076416
CIHDOP,41.828460693359375,32.46588897705078
OFOKOK,-75.31009674072266,2.803208827972412
FEZWOA,21.033201217651367,3.675976276397705
PEFGEO03,115.82953643798828,-35.206642150878906
CUSJAB,-16.876792907714844,39.08437728881836
KADGAY,-56.841732025146484,-24.482942581176758
DOHSID,-46.833030700683594,55.20256423950195
TAPJIF,113.86627960205078,-17.373546600341797
CAMWUJ,75.84999084472656,80.76343536376953
FADGEY,99.7136459350586,-29.39400291442871
HILPOI,-66.61786651611328,-25.976253509521484
EZAQII,104.60121154785156,-41.66386032104492
XULCIT,74.0587387084961,-8.813859939575195
HUQXEY,-59.379234313964844,73.88848114013672
ZEYDAK,26.602733612060547,-32.58396911621094
XONBUZ,-53.78114318847656,28.55244255065918
JODKOD,19.0985164642334,6.435047149658203
MODDIU,4.219799041748047,-8.865784645080566
XABMAR,13.557293891906738,-92.59829711914062
RESHED,101.2750473022461,-39.33823776245117
REZPAP,88.56375885009766,79.74823760986328
EQAYOM,1.6872608661651611,-90.59954833984375
JOJXIS,-18.196043014526367,-99.3244400024414
GESCEO,56.3112907409668,-15.914889335632324
ETECUE,105.96046447753906,-6.087271690368652
HAGZUL,84.4002456665039,72.55729675292969
EZIDIB,-60.65795135498047,76.38558959960938
DUJCAN,88.88446044921875,-17.97979736328125
FIVNEF,108.15225982666016,-25.806884765625
WOQBAF,-96.98861694335938,-6.587669372558594
JIGKES,-69.08167266845703,56.396846771240234
QUVSAE,-16.652122497558594,-19.0607852935791
LEXPIQ,-42.06052780151367,80.3401870727539
HOWLAH,-28.75396156311035,-71.74542999267578
MOQGOP,-21.607452392578125,-23.85143280029297
IYEYES,49.54922866821289,-0.12742720544338226
ICIMOX,107.9991455078125,-9.828752517700195
RAXZEZ,-62.42073440551758,57.19924545288086
VAVLUC,79.19293212890625,43.20960998535156
GAZTIO,15.347461700439453,-76.51483917236328
NUWGUH,-26.869953155517578,48.173744201660156
WEFKOJ,-71.59466552734375,-16.66842269897461
OTESAI,-28.76081085205078,73.3223876953125
ITARIH,19.10502052307129,-8.499675750732422
PEQPOR,-87.65049743652344,-18.291536331176758
TUFPER,106.39954376220703,21.248363494873047
ZIRWEG,38.873321533203125,-43.34651565551758
VUGMOZ,-72.63397979736328,-8.272809982299805
KEKNUN,-62.93745803833008,-15.747552871704102
VAVKOV,80.77476501464844,43.296104431152344
LATHOF,-47.57270050048828,0.33244019746780396
OTIYUM,124.69093322753906,-4.902292251586914
PAMFIV,-3.8005566596984863,-97.12265014648438
VITXUR,83.30027770996094,82.10902404785156
ZIYFEV,-67.81338500976562,-18.25933074951172
AMAYIZ,-50.5355110168457,56.84851837158203
XONBOT,-93.43621826171875,8.515885353088379
EBIXEW,-75.25309753417969,55.810821533203125
WUKRUP,-75.44013977050781,-34.99641799926758
MILKIF,114.5687255859375,-32.521148681640625
SOLFEG,-23.17013168334961,-73.74352264404297
FEYZAM,-48.91413116455078,40.27378845214844
RAPHAR,-94.4801025390625,-3.71036958694458
OJUQER,-32.343257904052734,4.070008754730225
EWAPIC,-31.796293258666992,-69.2010269165039
WEPLEJ,-38.56767654418945,8.229991912841797
TETYOI,87.28822326660156,-25.706520080566406
IWARUT,-110.0433349609375,44.107383728027344
TADRUM,8.71715259552002,-83.76632690429688
NUQHAK,-85.03311157226562,8.882281303405762
QADGEH,-89.05125427246094,51.80878829956055
WAPQOV,71.37366485595703,58.34778594970703
RIBZIP,95.81694030761719,-4.164485454559326
GOWBUP,67.40164947509766,56.544559478759766
WASPOV,58.00825119018555,68.69142150878906
CIBZAQ,85.68968200683594,72.81927490234375
NUTVUT,44.55286407470703,27.287498474121094
DOWNIP,-42.442832946777344,81.83482360839844
PAQNOO,111.18836975097656,-2.3219947814941406
LILFEU,88.63214874267578,-18.521629333496094
BAYQOL,-55.871543884277344,-9.242819786071777
OWOJIV,-9.416231155395508,-17.572708129882812
KIDNIV,-55.6812629699707,41.30659103393555
LEXKOS,13.411084175109863,-61.5311393737793
IVUPOF,79.43636322021484,51.285491943359375
BAVYEC,28.52631187438965,50.235050201416016
NANQAV,-107.72886657714844,10.752893447875977
UPEDUQ,9.941487312316895,-60.77867126464844
MADTAP,-39.24679946899414,-54.15730285644531
YUPPEH,-38.77936553955078,-94.58765411376953
HETRAD,78.06258392333984,83.09573364257812
NEKNUQ,-46.67132568359375,7.994992256164551
LEBWAR,82.0884780883789,-14.840461730957031
NAXBAT,39.24283981323242,-39.67024230957031
OSEGUR,84.96874237060547,86.95980834960938
SOSBAD,32.80272674560547,10.967327117919922
UKITAM,45.8299674987793,-60.44008255004883
QAJXUV,-27.15020179748535,77.19845581054688
QEJHUI,44.19795227050781,-55.76118087768555
AGEJIF,92.20234680175781,-24.47649383544922
UFEVIN,-51.88069534301758,23.169416427612305
VUXXAP,61.19035339355469,81.10637664794922
CATHOW,-88.62203216552734,39.03759002685547
PEFCAG,-2.1517539024353027,-65.28512573242188
EXEYIQ,0.5476680397987366,-83.60517883300781
ADETOT,38.82463836669922,58.117774963378906
TAKJUN,-65.01141357421875,0.6519418954849243
SMZTMP,-30.006587982177734,-50.56548309326172
JUKJII,118.31201171875,-32.42817687988281
IPABOR,132.05381774902344,14.832021713256836
GIYDEZ,-50.21785354614258,-5.762923717498779
PORVAW,35.94565963745117,-52.68519973754883
KUVXIL,106.25311279296875,20.812973022460938
TOJQOZ,-95.77930450439453,37.26008224487305
AXUGOQ,89.7953872680664,3.2106809616088867
UZADOQ,95.7416000366211,-16.369792938232422
BAVJIT,-38.20249557495117,60.925743103027344
FOBNOB,-91.4548568725586,-18.218738555908203
HUHQUZ,91.68052673339844,-16.038549423217773
QEDTIE,-15.333555221557617,48.37044143676758
ZINYAA,13.126073837280273,-74.93154907226562
LORWOF,-24.681472778320312,65.13858795166016
IWUHEN,-37.85338592529297,1.7981081008911133
HUNXAP,49.422550201416016,34.99492645263672
MEDHOU01,-6.926217079162598,-73.1923828125
EYIXAL,-5.590424060821533,-87.798095703125
EGIQAO,-18.299549102783203,-23.222190856933594
LISJOQ,87.4020004272461,-15.11091423034668
HAZMAA,-79.58139038085938,21.28130340576172
BUNHOJ,60.9037971496582,67.44043731689453
WOBTIT,27.266807556152344,19.43099021911621
HIQZIS,-21.244020462036133,-62.48320007324219
ECEQEL,114.34313201904297,-33.896461486816406
NUHYUK,112.9701919555664,1.275083303451538
LIJZEM,-91.12934875488281,34.844818115234375
COGJOZ,69.7664566040039,75.54666137695312
BASYIF,64.56224822998047,46.04501724243164
NOJWIS,44.5493049621582,27.581403732299805
IXONEO,-11.672872543334961,-6.536025524139404
KENCAK,-19.077444076538086,-32.484073638916016
IPOPAF,-45.04385757446289,21.857580184936523
ZAPSUI,106.74756622314453,-3.0309324264526367
HAMQEU,84.98543548583984,84.03152465820312
WUCDEG,-4.872626781463623,-83.74601745605469
DEYQUW,78.64474487304688,42.27849197387695
IVUMAO,-23.117019653320312,-36.08045196533203
NUKXEX,111.5416259765625,-10.610709190368652
LOFDER01,86.99617767333984,-23.7724552154541
GOHHUG,13.995655059814453,-92.20792388916016
JIFMAQ,68.1294174194336,-36.05527877807617
UKOSET,115.58428192138672,-14.695743560791016
DAHRAF,85.14373016357422,84.97335815429688
XUGBOT01,-32.751708984375,4.706572532653809
GEXTEK,90.66532135009766,-19.63359832763672
NUSHIT,-80.02021026611328,-19.549352645874023
LEBVIB,12.241789817810059,62.092132568359375
XOKVIE,-16.985483169555664,46.21105194091797
ZEHFAT,29.43752098083496,-35.71042251586914
LADBUP,47.87335968017578,41.372493743896484
OSEVOY,24.730588912963867,24.780372619628906
VAWPIT,133.49615478515625,6.14585018157959
KIDXEC,48.139564514160156,-12.33580207824707
AJUYIN,4.829532146453857,-93.70439147949219
ODUKUW,-34.52406311035156,-92.09004211425781
REBXED,-3.9473817348480225,-66.78307342529297
ABULIU,-24.225616455078125,-63.51042938232422
KOPJUW01,58.8502082824707,66.53424835205078
HIYREN,103.30924987792969,-23.588054656982422
SAGGUE,50.250736236572266,52.26880645751953
MEGVID,5.165741920471191,-97.71858978271484
NIJGOE,-55.652950286865234,73.87023162841797
MOXVIF03,-25.183837890625,-55.644432067871094
LISKIL,-56.147369384765625,61.05986022949219
AFEVEN,131.27490234375,14.689908981323242
SEYWOJ,114.20246124267578,22.190807342529297
YESSUL,-96.18238067626953,-16.512451171875
DAYZOT,94.45643615722656,87.07681274414062
BOWKOO,81.15845489501953,-17.961498260498047
VAKTOS01,85.20716094970703,-48.32283401489258
TUPRBN01,105.7071762084961,-2.0530529022216797
TUQKEW,38.39082336425781,-80.81343841552734
MIPNUY,-62.36804962158203,45.132442474365234
LATLIC,74.70198822021484,78.5112075805664
XADTIF,1.3292129039764404,-44.64542007446289
OFUHOM,29.9664249420166,54.71451950073242
UFUHAF,-51.562679290771484,44.3804931640625
RASBUJ,-98.28287506103516,-3.1316685676574707
TAZNAM,98.81706237792969,-18.84132957458496
ZURFOJ,112.99525451660156,-34.985782623291016
EVOWAN,33.538719177246094,-54.58643341064453
ZIRWIK,-45.7723388671875,-75.09280395507812
BOQHOE,-87.81800079345703,-15.89931583404541
CAFSAL,-76.51880645751953,59.49137878417969
QAYBAW01,-65.25130462646484,62.82548522949219
QAXZAT,17.704710006713867,-68.20169830322266
KIJFIW,-37.47214126586914,81.4923324584961
RIGTOS,91.07235717773438,-20.485315322875977
TOYLOI,-105.13646697998047,44.15802764892578
OQIWIX,-8.524652481079102,44.66439437866211
LATZOV,3.02189040184021,-2.2803955078125
FUSGUX,-51.19358444213867,40.53129196166992
HUJQIP,1.548984408378601,-102.92880249023438
ZIBDOF,12.673393249511719,-57.688987731933594
ZEYDEO,76.29611206054688,64.2684326171875
QOYKAQ,33.019142150878906,-62.571964263916016
QUWYEN,-11.073320388793945,-36.16398239135742
XOLHUC,82.18317413330078,70.36065673828125
WIJNOS,56.67007064819336,52.299007415771484
RELQAE,89.7245864868164,-40.346622467041016
NEWROX,-46.02251434326172,3.1683847904205322
FASJOA,-8.519430160522461,-10.828057289123535
FOVREQ,83.5379638671875,41.612342834472656
WOMQOE,-94.3387451171875,-2.7642834186553955
TENSOW,-102.29954528808594,6.279999732971191
LOWNUJ,-16.169694900512695,-98.23236083984375
BESZEH,74.07330322265625,54.96797561645508
FAHQUB,-53.085487365722656,23.249431610107422
SOLJAG,-34.038875579833984,79.56695556640625
OREBIZ,59.3056526184082,-4.6063737869262695
HIDBUV,5.132704257965088,-50.67509841918945
ZUDSIC,0.43547093868255615,-45.108375549316406
LEWRAG,-45.07398986816406,63.83594512939453
JAKBAC,49.290260314941406,31.97412872314453
HAXYAJ,46.441951751708984,47.7000846862793
ACOSUH,-14.74592399597168,-98.28280639648438
COZZUN,-0.3183085322380066,-103.28145599365234
VOHCEC,114.00762176513672,1.047622561454773
KERQUV,112.52454376220703,-32.76116943359375
XAVPOZ,-7.022453308105469,-55.946231842041016
IRUGEI,68.44889068603516,-38.83913803100586
YEKDUR,100.53064727783203,-29.149507522583008
UQEKAF,89.27381896972656,-39.1709098815918
HIGFUZ,-26.49066925048828,-68.09207916259766
KEFBED,-6.090291976928711,-68.0392837524414
SAQKON,10.489533424377441,-28.936885833740234
UBEHIU,-93.98566436767578,3.743480682373047
KEQPEC,83.07398986816406,84.75312042236328
XONBIN,7.134808540344238,-72.65097045898438
VAVJOU,104.61668395996094,-9.380383491516113
XAXPUH,-29.181760787963867,-2.098568916320801
QIJJIF,-33.95268630981445,85.59561920166016
ZAMNAG,-52.31993865966797,84.1781005859375
LEJSEB,-3.8611621856689453,-8.634778022766113
LATQUU02,-64.86676025390625,-23.274845123291016
QAMREC,76.93890380859375,74.84264373779297
FICYEX,-21.42369842529297,-72.97966766357422
TIXGOW,-31.574434280395508,82.42191314697266
LAHHEL,-23.05400276184082,-45.43221664428711
VELXAO,-114.94569396972656,48.906883239746094
BULVAH,4.6255059242248535,-62.0242805480957
BOPDAO,-40.19750213623047,66.20577239990234
UTAQUE,-41.76221466064453,86.05791473388672
VIWBAE,-72.8248062133789,14.633139610290527
XAQQUC,-52.83549499511719,84.07575988769531
GUNPIC10,26.73626708984375,-58.42514419555664
POZCOZ,13.211666107177734,-68.15071105957031
OQIFEB,84.88151550292969,2.6096699237823486
XONQIC,61.089027404785156,82.01229095458984
HIDCAC,71.73680877685547,-9.779295921325684
MOXXUV,-0.44025447964668274,-42.051849365234375
QILNAE,-5.617414951324463,0.7621317505836487
EFUXOT,17.599355697631836,-9.350924491882324
VEDLOI,-18.78390884399414,-75.56163024902344
KAXMAB,68.32058715820312,-37.10824966430664
XAQQIQ,53.77851867675781,6.730130195617676
SEWHEL,53.503929138183594,59.852020263671875
ZIHZUP01,74.55363464355469,-46.81932830810547
OKIQAA,-31.746667861938477,-97.58061981201172
JAMQOG,-26.711641311645508,-54.7610969543457
WAWDEE,68.95252990722656,-19.060752868652344
UBILAW,113.30494689941406,18.34954071044922
PIQPAK,-27.609907150268555,-81.43737030029297
JIYPOZ,12.958988189697266,3.517918109893799
ZIPYEG,75.57756805419922,-32.1444091796875
DEKXIC,46.53998565673828,46.933265686035156
QIPRAL,29.03032112121582,-48.65219497680664
PUNWUR,47.22215270996094,-60.48151779174805
SARLEC,-54.959781646728516,60.879608154296875
CONWOT,85.13055419921875,81.86029052734375
VUHFIO01,-107.16768646240234,18.658689498901367
PAZCUO01,-62.435386657714844,62.10252380371094
ATALOZ,17.335506439208984,-1.9031147956848145
NUJXEW,4.997692584991455,-39.777984619140625
KITGEC,-32.2275276184082,33.24897766113281
SECYOR,-57.46967315673828,-11.486166954040527
VIHNUZ,56.39473342895508,54.166893005371094
BAYQEB,-40.998016357421875,32.93028259277344
WAKKAV01,27.312437057495117,-34.06404495239258
GABZIT,112.41324615478516,-32.30675506591797
DUZNIW,94.65408325195312,90.61697387695312
QASNOR,40.239410400390625,61.27621841430664
LABYOC,-26.486618041992188,-81.9560546875
KABYAQ,-91.76968383789062,44.16169357299805
HOLWAI01,11.26224422454834,-80.33271789550781
ETEFIV,14.28116512298584,-83.0164566040039
CIDCIC,-32.506683349609375,-52.60432815551758
LEXQUC,-37.98892593383789,-6.065743923187256
WIRNEU,-66.77600860595703,1.7347513437271118
IFUVOY,15.95850944519043,13.47154712677002
UVOHOF,68.00587463378906,70.40449523925781
XOLLIT,-82.46833038330078,10.782702445983887
TOJLEM,78.17960357666016,-41.02261734008789
GABZEP,-33.10586166381836,-93.6606216430664
YESCEI,-24.367053985595703,-59.54448318481445
XEFFAT,-33.53205871582031,-94.433837890625
YIRREZ,-70.1920394897461,52.04606628417969
ENEPIY,-20.808574676513672,-44.09271240234375
YUMQOO,-69.63802337646484,27.305654525756836
REHNAT,-32.78860855102539,74.26041412353516
HEKRUK,80.24676513671875,77.0016860961914
VIGFAT,78.70301055908203,-50.02330017089844
BOPHOG,18.246734619140625,5.55564022064209
DITBEO,-39.57905197143555,4.679098129272461
MAZZUJ,-54.8821907043457,48.39268112182617
IDODIQ02,-5.092212677001953,2.2669789791107178
JAKCIL,1.9968810081481934,-69.2353744506836
KECKOV,94.05522155761719,-31.029882431030273
HOLJAU03,63.15383529663086,65.50271606445312
XAXPIV02,29.658443450927734,18.350357055664062
ZELSAK,-84.1803970336914,36.03752899169922
DUHSEF,-32.526554107666016,41.1336784362793
VELWAN,32.29729080200195,-31.817020416259766
ZEGWAN01,103.58761596679688,-3.684953212738037
DADGEX,11.675522804260254,-59.27122116088867
MECZAX,-64.08686828613281,5.945732593536377
VAQSEM,100.17919921875,-40.978702545166016
MUSJUG,-31.197904586791992,65.88679504394531
NUKXUN,-28.274856567382812,72.56588745117188
WUZPEP,79.49961853027344,76.0836181640625
EVEZOV,16.714679718017578,-8.898423194885254
NUYFUI,39.149539947509766,-35.693912506103516
ULUFIQ,100.91407775878906,-21.863319396972656
AGOKUC,-31.30531120300293,-96.91002655029297
SOVQEZ,32.54535675048828,16.91136360168457
VAXVUN01,2.2088775634765625,-70.68608093261719
XOBFIE,33.173728942871094,-47.21461868286133
SOVFOY,-45.77549743652344,0.7991227507591248
MEDDAC,25.535398483276367,22.598377227783203
YACFAM,-19.724376678466797,-23.495399475097656
WANKOL,-96.98861694335938,-6.587669372558594
WOJYAX,-23.030624389648438,53.394710540771484
WOQBIN,-44.88224411010742,-73.8424301147461
EFOXAY,-94.86656188964844,37.951255798339844
WIVFEM,19.598539352416992,-68.42124938964844
NIGVIK,70.58584594726562,-18.266826629638672
FECGIG,91.34719848632812,-12.063201904296875
VEPGIJ,-62.97761917114258,-3.447176218032837
SUYNUW,3.864535093307495,-53.99530029296875
YEMZID,-10.43748950958252,-39.339263916015625
SOGWOA,133.0716094970703,5.357784271240234
UGOHOP,19.201845169067383,-68.7117691040039
SUDFOO,-6.966985702514648,-81.70121765136719
EBOSIX01,105.42152404785156,20.62250518798828
JUWNUM,-54.57255172729492,43.629234313964844
UXIXAB04,-17.773008346557617,-18.246143341064453
KIDMAO,50.5655632019043,47.75956726074219
VAPLIH,53.92394256591797,-17.81736946105957
YADBOU,17.931550979614258,-65.07154846191406
HOFZAG,19.488466262817383,-51.049617767333984
MENQOP,-74.98126983642578,0.5208001732826233
CUYBIJ,2.944319725036621,0.30783912539482117
LEGPIY,82.0042953491211,-6.468244552612305
QIPNEI,-62.088294982910156,62.278953552246094
OYERIU,92.11783599853516,-29.422748565673828
VILSIT,-55.87347412109375,72.31087493896484
RESGOM,85.14373016357422,84.97335815429688
AFIROA,95.22645568847656,-14.359195709228516
XUGBOT,76.11627960205078,-36.93803787231445
ECIREQ,6.730766296386719,61.21097946166992
LUTPOI,-102.57929229736328,48.24695587158203
PIJSEJ,57.04020309448242,8.164072036743164
BACREF,-100.93697357177734,-6.070501804351807
KEXYAN,113.01820373535156,14.103754997253418
UNECAR,-93.52462768554688,44.3166389465332
MOGZEN,-61.60558319091797,68.05238342285156
PUTNAV,-62.107322692871094,-8.979531288146973
QANQUS,42.247657775878906,-60.82701873779297
OZOSUT,-15.507230758666992,-42.72904968261719
WUVMIK,96.23380279541016,-3.963343858718872
COZYIA,-24.958290100097656,-51.47459411621094
WERLAH,67.92108917236328,56.94904708862305
WOCFAX,-76.32444763183594,2.2857770919799805
KERMUP,58.11642837524414,-2.6391172409057617
DIMLEU,-74.50079345703125,3.0484209060668945
HUYXUU,-66.22008514404297,78.22604370117188
RADFOS,-99.78425598144531,28.656381607055664
YIZCUG,-76.63017272949219,19.65220069885254
TAZJOW,72.23190307617188,-22.570404052734375
KIHYOQ,-73.4531478881836,1.0812238454818726
FOSQEL,-114.94799041748047,43.33659744262695
QETMOS,70.81407165527344,-41.087867736816406
KUVQAW,-64.60353088378906,62.14443588256836
JATMEW,-4.877036094665527,-40.12522506713867
HIDQUI,-91.74492645263672,52.61948776245117
ODATIX,5.359860897064209,58.322731018066406
KUQXUS,-108.90187072753906,12.997544288635254
WEXQIA,-67.31570434570312,-0.3925880491733551
MEBRER,-32.374385833740234,38.970115661621094
GISDUI,17.952484130859375,-58.09254837036133
JICSIB,-78.82152557373047,18.555805206298828
VAQRUB,96.71660614013672,-9.872031211853027
BOVYES,74.44187927246094,-37.226924896240234
DINJUH,-19.488265991210938,51.69375228881836
WUVXUI,8.632303237915039,-66.60414123535156
EPUDIE,-26.717817306518555,30.038820266723633
ZAZGAK,32.479270935058594,-41.213714599609375
DIHKAH,-102.93800354003906,40.47605895996094
JEHXOJ,-56.2917366027832,-6.773197174072266
OFOKIE,91.868408203125,88.93732452392578
BAYQAX,-90.15616607666016,43.68635940551758
OSEGEB,-38.09621810913086,71.73409271240234
QAGJIR,-50.807708740234375,-20.05583381652832
LILGEV01,99.2457046508789,-40.341758728027344
FOYPEQ,47.87335968017578,41.372493743896484
LATTAD,-16.160627365112305,31.961002349853516
CARWEZ,-5.655893802642822,-62.688777923583984
PIJSEK,-29.19228744506836,-2.1645567417144775
KEMCEL,-32.425079345703125,67.38980102539062
LOFQOO,-68.06005859375,67.50745391845703
DEYHAT,57.66067123413086,51.02460861206055
SEPLUV,-64.12469482421875,71.34234619140625
WAFRIH,29.193408966064453,-41.0573616027832
WEGVAI,60.64678955078125,76.50611877441406
HONWEN,-33.46316146850586,91.34658813476562
PIVBAX,-38.83962631225586,64.01325988769531
USUWOW,-10.226334571838379,-68.92365264892578
TIKPEJ,80.54075622558594,77.8835220336914
AWITIM,80.92261505126953,-11.73880672454834
YIZFUI,0.8537532687187195,-95.22015380859375
EXISIQ,35.12852096557617,-53.618377685546875
QIMFOH,-96.83543395996094,-1.3089038133621216
TOCSUC,56.00606918334961,-16.28455352783203
CEKKIO,-97.89356994628906,37.49317932128906
UGORUF,-5.064035892486572,-13.188065528869629
CEKKEK,45.61470413208008,49.428016662597656
WEDWUA,6.683238983154297,58.65379333496094
KOSYIA,-2.8095641136169434,-44.28683090209961
HICTOD,-10.378767967224121,-59.385311126708984
DOJMOF,-34.81331253051758,-98.6498794555664
NUZTIN,-56.366939544677734,18.053823471069336
XIPTOG,-69.86558532714844,3.0306804180145264
FOPXAK,65.5124282836914,54.07994842529297
BUQTEP,-8.43144416809082,-85.0941162109375
GEYLIF,-49.924625396728516,57.24961471557617
BAJXAP,-85.48267364501953,4.5136332511901855
ANUVIP,-33.57228088378906,9.953509330749512
TAZLOY,16.27341079711914,1.3167706727981567
YAXROG,-55.59551239013672,-23.491893768310547
CPHMAL10,-35.51951217651367,77.0372314453125
PAKROM,-88.89362335205078,15.195591926574707
USODOW,-108.4933090209961,47.97874069213867
ENEPEU,-48.112117767333984,87.04277801513672
SAGMUM,-75.38195037841797,-1.9446830749511719
DITKIB,-90.35692596435547,13.23699951171875
EXAQOK01,84.7928695678711,-45.71577453613281
COZXUL,4.528711795806885,5.238292694091797
URPRBN10,-20.95340347290039,-75.64500427246094
NUMKEN,83.23284149169922,-12.583621978759766
RUYHEZ,-53.44015884399414,73.52885437011719
PIPLIM,-44.35356521606445,81.54613494873047
YIHCAX,81.15880584716797,-17.961715698242188
ENICAG,-18.582290649414062,48.0528450012207
VAKTOS,13.708154678344727,-86.11048889160156
NONMOS,25.775943756103516,-46.55811309814453
POCBUH,-5.035593509674072,-9.112200736999512
KUFBOC,46.913536071777344,39.855682373046875
DAFMAC,-37.37671661376953,38.93772506713867
OLUTEX,28.12845230102539,11.665016174316406
MIQFAU,-31.116907119750977,41.75577163696289
ECUTAB,-99.9023208618164,-21.763399124145508
AMUSIN,64.79620361328125,-8.085138320922852
GUYXEE,82.23929595947266,0.7433317303657532
VECKEU,73.63142395019531,53.960330963134766
NETTEP,42.26092529296875,-57.2935791015625
VAVJUA,-8.99642276763916,-85.72666931152344
NAWYUJ,72.84326171875,-9.331381797790527
FOSFUQ01,-39.976654052734375,6.470088481903076
CIMKES,71.28789520263672,-19.16263771057129
XOGTIX,100.29296875,-48.60784149169922
VIPXOK,-85.74381256103516,40.780948638916016
SIHRAE,74.70501708984375,-20.852134704589844
WUTDEX01,73.14286041259766,-36.51827621459961
VIPMAK,-74.134521484375,68.77715301513672
LUNYUO,-53.89678955078125,27.468015670776367
PETNOT,110.2222671508789,-22.540559768676758
ACOYOG01,107.90924835205078,-22.538028717041016
TIBHAO,-14.956560134887695,43.91250991821289
PESLUX,109.05233764648438,-25.85233497619629
DIGCEC,-64.1090316772461,-11.348191261291504
MILKEB,100.74800109863281,-44.17766189575195
MESXIU,72.73307037353516,63.948177337646484
EJEZIF,-20.29900360107422,50.9353141784668
UDAPUM,-95.3352279663086,8.207159996032715
VITTAV,8.19371509552002,-53.10744094848633
LACTOB,-107.5263671875,12.400382995605469
GEDDAY,101.95531463623047,-40.40288543701172
NUTPEZ,51.79430389404297,36.27675247192383
EBONIV,-20.555753707885742,-97.6893081665039
ETOPAG,37.379417419433594,55.905303955078125
ZEYNUP,84.66529846191406,-35.31514358520508
SECHAJ,35.67043685913086,-62.88639450073242
EFOZAB,99.58537292480469,-6.346017837524414
TEZRAT,-9.055505752563477,-59.691673278808594
QOGPUX,92.43534088134766,-8.343931198120117
LADCAW,-58.98063278198242,74.08415222167969
ASOMEA,102.90142822265625,-24.339468002319336
LEXQAJ,78.56547546386719,44.11487579345703
CEMGOT,-30.880714416503906,68.65595245361328
VAVLAI,-22.199848175048828,-59.954532623291016
JEGBON,-74.8830337524414,-30.781003952026367
IXUMOD,-61.656917572021484,8.131465911865234
ACESIL,-113.8853759765625,21.690767288208008
MEFYUU,-102.20362091064453,30.102352142333984
QAKSUS,3.281975030899048,3.3009300231933594
YUFFIQ,90.60430145263672,-11.956936836242676
DEVYUB,-66.45388793945312,0.19278159737586975
PAMZOS,-78.18965148925781,60.35770034790039
COGCEJ,-16.54654312133789,32.787925720214844
HAXKUQ,-6.954853057861328,-14.170557975769043
ZEXMOH,23.944660186767578,53.08430099487305
RAJTOP,35.40599822998047,-42.15428161621094
MUPPIW,67.40298461914062,56.54349899291992
BOTQAF,-75.12034606933594,60.48835372924805
HEPKAR,-16.787019729614258,-102.35252380371094
GOWCAW,-111.7712173461914,25.76360511779785
YANCAU,-16.728069305419922,-20.94721221923828
JUZCEP,-53.297611236572266,15.412471771240234
PUHFAA,5.1439900398254395,-7.703845024108887
ORAYOX,-66.11941528320312,-2.193451404571533
GAVMEZ,-73.05099487304688,70.94530487060547
SEPTOZ,-81.05236053466797,-22.60584831237793
FIDMAH,-57.36215591430664,72.64986419677734
GUXTAX,63.97023391723633,-20.39553451538086
AYIWEM,-104.80384826660156,21.497451782226562
FAYXOV,-98.43230438232422,25.47749137878418
UHADUD,-86.83087921142578,45.325138092041016
NUQKUH,20.837148666381836,-26.91638946533203
BOQDOA,89.43380737304688,80.55901336669922
FEVKID,-51.454586029052734,-0.6254396438598633
TERLIO,16.244274139404297,-66.2584228515625
NELPUP,28.558595657348633,-52.692237854003906
POCPIH,102.02098846435547,-49.15354537963867
GODNAO,-43.266082763671875,32.93821334838867
ZOHTUN,37.336151123046875,-27.134702682495117
VAXVOH,27.44590950012207,-29.12559700012207
FALSIW,-102.54008483886719,47.0685920715332
MUKVUM,-50.27493667602539,-23.786592483520508
VIKWIX,7.328439712524414,-73.53076171875
WITZUV,-46.2808723449707,-23.611574172973633
KUQREU,109.289794921875,-22.037818908691406
FEKTOH,-33.6585807800293,-92.18193054199219
XEGLAW,100.87618255615234,-3.538451671600342
KEWNOQ,76.7884750366211,81.29051208496094
EYUSEZ,55.00693130493164,58.62567138671875
TEYSOH,-31.012924194335938,-92.3659439086914
FETNEY,-7.116718769073486,-49.084739685058594
KECTOB,-67.6875,11.576496124267578
CIWVIP,-102.51378631591797,7.128118991851807
ECOQEV,-48.70540237426758,31.855806350708008
FERZAE,79.39322662353516,42.714168548583984
QOLMAH,-38.917972564697266,-100.6079330444336
NIPTUC,-49.07851791381836,23.813709259033203
IVUSAU,-34.10759735107422,7.543437957763672
SEVPOC,48.47458267211914,5.932747840881348
HARHIV,-48.51816177368164,-10.795059204101562
PAQPAA,85.10897064208984,0.2576512098312378
GIFPER,27.2919921875,53.88492202758789
JARDOY,-88.08576202392578,-12.815909385681152
MAKXED01,-9.085050582885742,-77.0828857421875
IGAYEX,104.57630157470703,-4.537465572357178
IJEZUT,-20.109987258911133,-70.82740020751953
MOZBOU,-20.73468780517578,-23.597068786621094
TEYSUN,-6.366683483123779,-64.94416046142578
CARVEY,78.86883544921875,-2.7922184467315674
VUZZUL,86.89353942871094,-6.363277435302734
XIQLEQ,-64.57347869873047,46.53074264526367
XEFTUA,-60.39243698120117,66.71985626220703
PAVSOV,-62.20120620727539,37.08168029785156
QEPJOL,-60.4300422668457,44.23429489135742
QIBCIQ,32.32673263549805,-34.678714752197266
MOXVOL,-8.93685245513916,1.803265929222107
MUPPIX,-38.09699630737305,-96.81631469726562
EXIMOO,-8.016530990600586,-55.04970932006836
UWAMIQ,-43.9407844543457,38.02620315551758
EGUVAE,36.40398025512695,-57.41200637817383
ACEROR,82.78797912597656,-7.48557710647583
JUPBII,-114.36185455322266,45.63157653808594
LIQQEJ,29.98114013671875,-36.79880142211914
HUCXEJ,50.97392654418945,26.110015869140625
DUSQAK,72.59520721435547,-45.90813064575195
DIDNAI,16.27349853515625,1.316953420639038
JUGWOZ,-29.55967903137207,64.54894256591797
RIWPAS,50.31252670288086,34.23332214355469
TOCYEP,-43.82316207885742,30.798961639404297
JEGWUN,-47.29195785522461,24.53196907043457
WUZNOX,-86.82273864746094,38.21434783935547
QAKQIE,88.13717651367188,85.47061920166016
XIYSAC,-77.57247161865234,-29.947431564331055
WUBYUN,80.98577880859375,43.9239387512207
ROVPOJ,70.67925262451172,-31.514230728149414
NAGLYB10,-68.55279541015625,21.948871612548828
MEWYIW,-24.863554000854492,44.58196258544922
IVULUH,-85.54877471923828,31.64482307434082
YACYIO,-98.36631774902344,56.117549896240234
COZXOF,-40.227230072021484,-54.91099166870117
CASCAB,110.95005798339844,19.727458953857422
BOKHIU,-13.273012161254883,-43.5464973449707
GENMUI,29.11370277404785,55.21119689941406
NELPOJ01,-48.860897064208984,-5.652036666870117
LODLUN,-97.3828353881836,33.81454086303711
ZAQROC,113.90354919433594,-2.252317190170288
IDUTUX,104.744873046875,-15.733451843261719
DOCXIF,-15.465524673461914,36.916969299316406
LATHUL,-64.79031372070312,0.9990036487579346
QQQBTG02,-28.48589515686035,62.44458770751953
PUHBUQ,-25.390377044677734,-81.11756134033203
WIRROE,80.8381576538086,65.81814575195312
RIWLOY,-84.01113891601562,-6.515470504760742
LAQQUR,-57.50914764404297,39.986595153808594
CUYLAM,35.23136901855469,-37.655155181884766
VUKQAV,10.160552024841309,61.3820686340332
AXUGAC,-6.3327789306640625,-4.815595626831055
RAXYAU,124.3566665649414,-2.0360798835754395
MECZUR,-11.37657642364502,-55.57304382324219
HOSSOA,73.64569091796875,77.5215835571289
HIBFED,-15.659056663513184,47.184539794921875
FEHQIV,-92.49507141113281,41.4202995300293
HOVLEJ,-93.28328704833984,1.7094292640686035
XUGCAG,-15.848143577575684,-66.39169311523438
POPVAR,62.08318328857422,77.28443908691406
WIJCIF,60.64678955078125,76.50611877441406
TEKKOJ,-3.522975206375122,-12.358297348022461
LEPVIM,30.36082649230957,11.008171081542969
MOXYOQ,-45.67424011230469,-75.2376937866211
PITZUN,-69.30626678466797,21.45596694946289
CAJQOU,18.735774993896484,-13.35074234008789
MEXSOZ,-36.0630989074707,92.64849090576172
BOQHOE01,-10.349726676940918,-9.923916816711426
YAWCOQ,73.11800384521484,68.27706146240234
BOWKEF,12.015043258666992,-94.72779083251953
FICBEA,-51.800148010253906,83.07131958007812
ROYDAN,-31.155242919921875,86.22289276123047
RELPUX,-105.45198059082031,-7.969472408294678
TUZJIJ,35.61225509643555,-33.065704345703125
JIWNIM,-47.04457092285156,78.41080474853516
QABHIO,7.924254417419434,-86.13225555419922
GAPLAK,-69.73270416259766,35.127750396728516
VUXRAI,-1.0135610103607178,-42.531307220458984
MECZOL,-115.21500396728516,45.21120071411133
MOXVAX,88.15284729003906,-48.086997985839844
EZARAB,91.90595245361328,3.148268938064575
ZEXGUH,-36.481666564941406,25.731428146362305
IZUCEO,95.44322204589844,-7.083782196044922
LUJDAW,126.96430969238281,-1.3579589128494263
CELCEB,41.663002014160156,-49.2274284362793
RIMXAP,69.03086853027344,-45.549991607666016
XEPBUR,14.528605461120605,8.918316841125488
LIGZIL,-18.572425842285156,47.98819351196289
ERIWUY01,-61.533042907714844,-24.599653244018555
LORBAY01,-58.93366622924805,19.658193588256836
CEJPIU,51.60007095336914,-60.667667388916016
RAGMOC,5.1842451095581055,55.70410919189453
NONMIM,-35.53773498535156,30.261241912841797
GIJTAY,-4.273759841918945,-70.28485107421875
MUXSAB,40.28187561035156,60.643795013427734
COQYOX,56.84789276123047,-12.895513534545898
IPEVEF,-36.86200714111328,-87.20315551757812
BEFGOM,21.962270736694336,-62.0436897277832
MOZBAG,-17.119958877563477,-69.55470275878906
XALCUI,-25.490007400512695,-81.19342803955078
GEFFIK,37.87040328979492,56.14167022705078
ZOXCIA,105.79141998291016,-8.076204299926758
CYTRES10,-0.1875297874212265,-83.21166229248047
FECFOL,94.3260269165039,-29.79436492919922
GANYAW,-24.407360076904297,-85.23896789550781
YICMAY,13.106184959411621,-1.86971116065979
TOHHEG,50.32326126098633,52.55291748046875
OZETEU,-37.16645812988281,25.05160903930664
AQUMIL,88.63216400146484,-18.521621704101562
VAKVEJ,108.59192657470703,-20.005571365356445
SEYBED,-11.104659080505371,33.531978607177734
LUMSAN,-56.3612060546875,59.397117614746094
XEPCAY,-102.7589111328125,41.70462417602539
LILFAQ,85.62709045410156,78.51133728027344
GEDLAD,-64.94986724853516,-22.749141693115234
FOXPEO,15.407946586608887,-50.87676239013672
APUWIU,-66.00759887695312,32.25815963745117
LUJCUP,-15.790606498718262,40.41960906982422
ASAPIV,-96.14028930664062,-13.93951416015625
SAVWEU,-32.66452407836914,87.33270263671875
CACBOY,33.80950927734375,-31.56939697265625
UHOSEQ,124.7870864868164,2.5627055168151855
BUTVAP,-35.810447692871094,-97.59618377685547
ACEREH,7.6470513343811035,-54.11851501464844
NOKLAD,-64.55168151855469,60.357723236083984
KUDXIS,-11.410478591918945,-43.90948486328125
NASQED,-49.12760543823242,-8.900796890258789
REBXIH,28.746274948120117,-40.587223052978516
VESJUZ,-75.7372817993164,17.210840225219727
EWOJIM,-60.846473693847656,-0.51168292760849
OCIPUM,-15.308756828308105,36.81000518798828
NIQRUB,-0.7378578782081604,-64.22642517089844
KUCGAS,55.199806213378906,53.65266799926758
BOWJII,-5.6440534591674805,-64.06121063232422
FAKKUA,10.61235237121582,-57.77294921875
WIRRIY,-84.88885498046875,42.1463623046875
VAQSOW,74.75557708740234,-35.14827346801758
DINYEE10,-5.953864574432373,-86.16067504882812
IPOZAO01,-108.61870574951172,36.8886833190918
SABBAB,-20.385040283203125,63.11359405517578
TIWZEG,-21.793909072875977,-47.41368103027344
AJAKAX,80.79583740234375,68.09870910644531
FENQEX,-108.19904327392578,36.163787841796875
WIVDUA,15.004392623901367,0.6026611328125
CUWZAW,60.2523193359375,82.32107543945312
OPOZOK,134.2845916748047,5.676953315734863
JADGED,22.857860565185547,-68.62977600097656
NUYBUF,-31.866535186767578,86.8094711303711
BENWUO,96.9413833618164,-27.82904815673828
KOTNOY,-20.234210968017578,-63.42422103881836
ZEFFEX01,13.405104637145996,-79.45698547363281
SOHMUZ,-45.28510284423828,59.65153503417969
YUJFOY,-57.343265533447266,-0.2929556965827942
HABJUS,89.95292663574219,-25.700969696044922
QUQPAV,104.02743530273438,2.426409959793091
VAVYOK,-27.374380111694336,73.83399963378906
BEFGIC,-50.90559768676758,-19.774940490722656
BODVOH,114.17544555664062,14.560922622680664
BZASUC,-47.6399040222168,-24.45926284790039
KALZUT,128.2742462158203,3.3844332695007324
RIDKOG,83.30043029785156,82.1089096069336
TIBXIP,104.81427764892578,-47.57777786254883
YORZUD,78.51026153564453,42.81602478027344
QOQJOX,-30.36949348449707,36.58168411254883
ZODWIY,72.0606918334961,-30.86204719543457
HUBPUR,29.222402572631836,-27.657377243041992
YACXUZ,-106.7574462890625,-9.492566108703613
IVUMES,-65.41072845458984,65.32915496826172
FIFDAD,-38.828670501708984,91.08737182617188
LEBVOH,-23.895416259765625,-44.37214660644531
DOTGID,1.8641126155853271,-96.96812438964844
INACOQ,-64.05924224853516,-9.76712703704834
CUDPAS,-27.282541275024414,-85.3315200805664
AZEKIA,-27.25065040588379,-100.93461608886719
VIGGIC,-9.41574478149414,-47.18896484375
NEBXOJ,-76.65739440917969,-8.9481782913208
HONFIB,-41.89817428588867,-54.61857223510742
WATREP02,14.522124290466309,-76.74893188476562
YEPGOT,-37.48526382446289,80.40428161621094
DKPSAL10,-8.129512786865234,-9.720788955688477
EXANAT,10.43990421295166,-70.42555236816406
GUXVIH,-43.78364562988281,-4.791642189025879
GAZTOU,29.881546020507812,53.719139099121094
CAGQEK,68.52525329589844,-10.068541526794434
XIFNAC01,81.70556640625,78.65841674804688
ERAHEN,-12.43490982055664,-77.27468872070312
FAFGOL,-28.915552139282227,-79.36712646484375
TIGTOU,-37.56128692626953,85.58897399902344
TAJWOT,30.819257736206055,11.09061050415039
DIKSUM,24.039487838745117,-33.24179458618164
AMILEN,-105.8841552734375,44.48653793334961
ORELEE,-100.57132720947266,-12.253692626953125
MPPZPO,-89.98167419433594,22.969655990600586
XISVUU,2.337484121322632,-51.95987319946289
XISLIV01,89.21299743652344,-46.28115463256836
LIPXUD,7.3359785079956055,-70.86473846435547
KOSHUV,-15.706879615783691,-43.198509216308594
LEQMON,10.362455368041992,58.41106033325195
KIGMIX,102.49703216552734,-40.869102478027344
NAKBAF,-81.49081420898438,-3.5635030269622803
QOVRID,15.477697372436523,-92.68508911132812
LEPCES,0.8294171094894409,-92.59658813476562
OBAWUM,86.8543930053711,-14.830209732055664
HOZBOO,16.50859260559082,-89.00547790527344
UNOZIJ,8.109878540039062,-84.6591567993164
CAJTEP,-80.92963409423828,11.7389554977417
CIDCOI,90.60443115234375,-11.956991195678711
GABSUB,42.904903411865234,-55.16537094116211
HOMZAM,-41.231971740722656,61.503658294677734
SIHLON,22.103843688964844,-72.40377044677734
HONWAJ,40.00579071044922,-52.79130554199219
COGCEJ01,-5.797582626342773,-12.001387596130371
TEJWEL,91.31204223632812,-28.787425994873047
NOVTEX,91.7072525024414,-27.63357162475586
LIGPOJ,-27.315122604370117,72.11344909667969
MUYDUI,-60.045867919921875,2.7863669395446777
GEMLOD,-60.92510986328125,-24.26163673400879
RESGIG,2.2841665744781494,-56.44192123413086
VEZPEY,-74.13484954833984,-9.944289207458496
WAWVID,-32.52627182006836,38.6829719543457
PUCSOY,-65.25932312011719,-27.86839485168457
GAMFAC,-25.602691650390625,-53.47136306762695
XOQQUS,-32.71989440917969,-97.43840026855469
BOQXEK,-54.81383514404297,77.48622131347656
BEFGIG,-85.76329040527344,-16.13445472717285
TUJPEV,24.796655654907227,20.817188262939453
SAYPOZ,-17.140830993652344,36.64220428466797
LIQSIQ,-19.87062644958496,-38.858985900878906
AYOROW,-68.60841369628906,52.61391067504883
ZEXVUV,-31.40491485595703,-67.8134994506836
RATNIN01,68.1542739868164,64.7514419555664
TIHPAC,84.73643493652344,-19.017820358276367
GULQAH,54.104427337646484,58.849300384521484
SIZZUZ,-51.902061462402344,25.752473831176758
SABCEF,-72.66144561767578,-1.9061377048492432
UFOTOY,-3.438472270965576,-41.23245620727539
AXOVIU,-48.636924743652344,22.974702835083008
XAQCOI,111.04096984863281,-29.260683059692383
COZXIZ,4.7949419021606445,-65.84838104248047
HOWLIR,-6.4307122230529785,-8.03444766998291
VUZZOF,90.31185150146484,-39.95551681518555
VUXXIX,-19.53559684753418,-13.212058067321777
KARGIW,80.04841613769531,67.84227752685547
NEGTIC,-11.754691123962402,-54.24454879760742
MUPPUI,-53.49165344238281,38.44130325317383
AKENAG,-90.14551544189453,42.63512420654297
XUGNEU,74.99440002441406,-34.4155158996582
PEVCOL,12.789788246154785,-80.56715393066406
SIJZUI,-31.25242042541504,35.850616455078125
VAXJAJ,45.13115310668945,36.084228515625
CEQBAE,11.862585067749023,9.509088516235352
BAZTIJ01,76.19884490966797,84.22998809814453
QOVQAU,86.04852294921875,69.7456283569336
FIFCUW,-46.54885482788086,8.633782386779785
KOVDUU,89.95987701416016,87.78691864013672
UJOHEH,19.857458114624023,-10.537602424621582
UYEYEE,14.673294067382812,-48.435115814208984
HAVYEL,-57.54443359375,22.97039222717285
NEKRII,111.5185317993164,20.75051498413086
LHLASP01,94.03499603271484,-37.068519592285156
LEXQOW,60.342735290527344,81.59598541259766
YOXMEG,-69.2890396118164,23.269184112548828
NUQHEO,12.241789817810059,62.092132568359375
EKOCAL,-62.278076171875,57.98054504394531
REHTAB,-88.11144256591797,-17.444719314575195
MOXXIJ,30.100278854370117,-35.1370849609375
WUKBUB,-11.623580932617188,47.49848937988281
UMIPIR,-0.24610549211502075,-55.3795166015625
TICRII,-55.65257263183594,23.75450897216797
CUBBAD,-38.497615814208984,-1.6199395656585693
SARDAQ,127.19390869140625,4.13172721862793
RAYPOY,-50.760643005371094,78.05297088623047
GEHWOJ,98.69627380371094,-46.66442108154297
HONTUA,54.02153778076172,45.22075271606445
ITAQUS,44.76603698730469,30.234813690185547
HIDBOP,-84.34661102294922,-2.0227017402648926
EZIFID,-42.42166519165039,2.578993320465088
LUNNOX,92.02030944824219,86.39566802978516
YENVOG,-99.84668731689453,26.676637649536133
ORUXEF,25.21445083618164,-58.219093322753906
SIBYUA01,89.40442657470703,-29.588768005371094
LEXCEA,75.71166229248047,-14.290740966796875
GISWUB,78.52576446533203,45.01517105102539
ITIGEY,-22.90433692932129,-95.68966674804688
OQIFAX,-13.544702529907227,44.851871490478516
PEJTOQ,-53.8968620300293,27.46868896484375
ODUSUE,56.948211669921875,75.65826416015625
IVUKOA,-61.1956672668457,-5.538539886474609
YAHTUY,21.74191665649414,-22.207185745239258
TIMQIT,-24.460956573486328,-24.56595802307129
ACOYOG,107.22634887695312,-10.815620422363281
VELBEV,70.44495391845703,57.74497604370117
HEPQIG,102.44723510742188,-43.60914611816406
EVEMOI,20.92650032043457,-57.79231643676758
CIHDEF,-5.4455342292785645,-85.54812622070312
UGOREP,-31.108867645263672,-69.45453643798828
COSLIG,-105.53265380859375,-13.373031616210938
GIFFEJ,64.289306640625,49.30795669555664
HAMYIE,38.05833053588867,-40.40861511230469
ODIDAJ,68.52244567871094,-9.967168807983398
NAKYOQ,50.7265625,-60.15188980102539
KIJSED,-64.97183227539062,-18.275033950805664
WIBVEM,-39.470848083496094,62.35406494140625
TEZMAP,78.67765045166016,65.44590759277344
TAKDOB,67.28392028808594,-7.129175662994385
CAMHIJ,-78.42221069335938,5.504155158996582
NUQLOD,104.39371490478516,-11.299052238464355
OXANEI,-36.366607666015625,63.98710632324219
MUPNUG,56.68390655517578,-16.94388198852539
FOQNUX,20.08122444152832,52.789207458496094
PUHGUV,14.250774383544922,-50.1216926574707
HINRUU,18.15517807006836,-55.07980728149414
ZORVIL,-7.981448650360107,-50.21792984008789
UGOSEQ,132.693115234375,3.6361634731292725
HIFCOQ,-62.34867858886719,45.078857421875
UHAYEH,-18.716962814331055,-67.32366180419922
UWANEN,15.554805755615234,11.503422737121582
PEGDUE,92.83712768554688,-39.494178771972656
SUCTIV,98.46587371826172,-12.131101608276367
NENWEM,-53.569122314453125,-23.59457778930664
SOLHUY,11.304781913757324,-81.75508117675781
JIQFEX,45.882164001464844,39.49002456665039
DUZPAQ,17.92644691467285,-76.0684814453125
LOGDIW,103.85538482666016,-49.455665588378906
PARXAI,-77.37652587890625,58.447784423828125
SIHBIX,66.4916763305664,-7.124962329864502
GAXFUI,20.90654945373535,-59.70275115966797
XIYCUH,-77.68102264404297,20.313161849975586
WEGTOU,-3.3401832580566406,-50.907222747802734
UNIHUU,22.348833084106445,-66.64708709716797
IJELUE,-55.95352554321289,26.11178970336914
LOQXIB,-88.21758270263672,10.777322769165039
KIHXIJ,73.18441772460938,75.31238555908203
MUZTUY,-14.56957721710205,39.39799880981445
ZIPGOX,46.26736068725586,35.75419998168945
REKTAG,-6.167444229125977,-11.40324592590332
ABELIC,-46.05033874511719,-24.50800132751465
NETWUE,-25.620372772216797,66.02212524414062
QEMFIX,112.28881072998047,16.643503189086914
YIWCOW,29.708087921142578,51.597412109375
XAPXAN,-32.60063171386719,-98.11722564697266
GINMOG,-28.54944610595703,52.075660705566406
RATRUC,-62.815975189208984,42.91850662231445
CEHJEF,-37.93231201171875,66.58792114257812
DUJYEP,-15.277909278869629,-93.40460205078125
RUXQAC,-43.18456268310547,36.42318344116211
YITKOD,10.26930046081543,-83.47438049316406
POZNUQ,-56.17649841308594,-23.52193832397461
YUGQEZ,94.80034637451172,-34.133331298828125
YAJHIE,29.547168731689453,-56.53289031982422
ANILIV,-34.211788177490234,-98.41481018066406
CBCPIC,-5.241074085235596,1.6213935613632202
FEVJOI,-51.701541900634766,41.388545989990234
UNIQIU,53.570011138916016,-20.825191497802734
YICNEH,63.319488525390625,43.0340690612793
JAXSOR,78.9448013305664,-37.692138671875
LATDER,28.806795120239258,-47.08442687988281
EWIKAY,-11.63331127166748,-59.94853973388672
LUNZID,-77.587646484375,2.950704336166382
MEDHAG,-44.56219482421875,27.775371551513672
LISZES,38.378570556640625,-79.27897644042969
KOBNIB01,-103.79510498046875,8.943012237548828
KORHAD,-17.49119758605957,53.15199661254883
MOYMAP,-107.60137939453125,50.836036682128906
DEZDAO,22.907222747802734,-39.05129623413086
JIYQAM,77.94815826416016,-40.97408676147461
NUGZOF,29.116334915161133,-42.97282791137695
KOBGIV,64.92023468017578,46.036582946777344
XUYKIM,95.56427764892578,-37.36430358886719
YOCRUE,-57.2314567565918,72.42562866210938
ETIXIR,-73.00375366210938,65.91413879394531
NAKZOR,-75.92961883544922,57.291507720947266
NOJWOY,-45.94001007080078,62.42353439331055
GUYYIL,-95.05199432373047,-3.944937229156494
FAYYAI,-7.542930603027344,-0.8917088508605957
NUQHIS,53.887428283691406,10.43715763092041
NUMZED,-33.144752502441406,30.68107032775879
AYIJUP,21.10283088684082,-74.78340148925781
HAYLEC,-77.1318588256836,59.83320236206055
BARMIM,-96.9886703491211,-6.587024211883545
IJUPEI,26.933517456054688,-38.65480422973633
QIYJEQ,-75.60108184814453,-33.03542709350586
ATOLIF,-62.80231857299805,17.005094528198242
QAXZIB,-76.27123260498047,10.199300765991211
FEPFOX,-58.36923599243164,-21.936471939086914
ECEQIP,84.91665649414062,-52.26145553588867
QOFKEC,42.69077682495117,30.754533767700195
TITJAI,-35.46751022338867,86.15218353271484
TEHNAW01,89.46333312988281,2.480942964553833
MUPDOR,75.38418579101562,74.97145080566406
FEPFEN,-15.630864143371582,32.08407211303711
VAKKEA,99.51707458496094,-38.538795471191406
YAJGIC,-93.13179016113281,-18.313261032104492
HOLKUQ,-88.06358337402344,-13.080069541931152
MEDHIO,-58.6276741027832,40.766456604003906
TEJNEC,-24.79415512084961,62.757843017578125
ZUYLAI,-56.01334762573242,-25.023588180541992
XUVRAI,37.1397819519043,-36.750221252441406
YECWUC,60.43765640258789,67.27176666259766
WARPEN,-64.31668853759766,0.5432401299476624
JOKYIU,-80.12689971923828,19.936038970947266
TEZNIX,121.92967987060547,1.1697858572006226
MEDBEE,-22.90885353088379,-39.6345329284668
NOBYAE,14.395193099975586,-72.24855041503906
TIBXEL,-97.73078155517578,-13.6405029296875
MUZFEU,-8.873003959655762,-43.3050537109375
EPAXAX,-75.12034606933594,60.48835372924805
HOTGOP,76.61083984375,84.98606872558594
MOCCUE,-35.8443717956543,-93.61801147460938
ACETAF,108.73274993896484,20.24808692932129
YACFIU,77.29371643066406,63.68226623535156
YANBEX,-32.3148193359375,35.24013900756836
VOSWOS,69.80007934570312,-25.864952087402344
ACOPOA,-63.80088806152344,28.972230911254883
MIPBIZ,-6.99825382232666,-74.33269500732422
MIHSIJ,76.4465103149414,-41.376426696777344
NEBWOK,-103.89031982421875,10.170652389526367
UXOBIT,-52.831600189208984,79.8243408203125
SIBYUB,-52.3038444519043,27.737688064575195
GUYZOS,-76.8373794555664,-5.851269721984863
HUCRON,-36.443824768066406,-0.21594415605068207
QOLMEL,-74.25453186035156,-11.112617492675781
CAKYOE,27.396451950073242,-31.870683670043945
BOVZAP,-90.49531555175781,0.24521519243717194
YECHIY,-25.21438217163086,41.3338737487793
ZAZGEO,-6.076762676239014,-83.63844299316406
GAHHUT,-66.6227035522461,12.841010093688965
EFUNUP,53.66510772705078,58.079200744628906
ULEKIG,-17.49898910522461,54.181549072265625
AWAYUV,-57.38850402832031,66.74054718017578
LAWBER,-116.10318756103516,43.782344818115234
UDABOU,48.54528045654297,37.55335998535156
XAQCIC,-20.481708526611328,-57.602325439453125
GESRAB,-3.397240400314331,-93.95003509521484
VEJZAO,-9.44029712677002,-55.4067497253418
IKANAK,70.87561798095703,-7.54109001159668
RIDVIK,-70.86141967773438,11.739958763122559
KIZYEZ01,54.7154541015625,60.38541030883789
RAVLOS,84.4002456665039,72.55729675292969
XOTPUU,-98.34486389160156,57.71073913574219
GIMTON,-73.44593811035156,21.64847755432129
TORZAE,-84.81271362304688,41.48101806640625
TEYVUP,-48.20114517211914,23.799482345581055
WIPQOE01,-35.373390197753906,-93.1125259399414
YAWQOD,-94.11864471435547,-0.7294284105300903
XIYSIK,-89.23736572265625,0.0736294537782669
DAQYEC,-99.85350036621094,-5.260385036468506
QUBQAF,-54.01731491088867,23.20130729675293
EYUROI,59.01466369628906,78.07054138183594
CEXNEC,75.07740020751953,-40.60395812988281
PAVXAN,112.00761413574219,-32.75551986694336
QUTMOI,-11.780180931091309,-32.111122131347656
KATBAJ,-62.1701774597168,-14.502670288085938
BALRAH,94.06676483154297,-6.553828239440918
YAGKEY,-72.85193634033203,76.26197052001953
QASZIX,89.81853485107422,-26.186670303344727
HOGJAR,-0.7265408039093018,-55.1169548034668
EYIWEO,-60.55971145629883,69.00740814208984
MEDFUY,-56.37376022338867,65.60763549804688
HEMDOV,-94.11861419677734,-0.729345440864563
HIQMAX,105.25081634521484,-32.8853645324707
GUHHEX,77.46451568603516,43.07114791870117
UNIBOI,28.618545532226562,53.93752670288086
VIBSAE,5.502718448638916,60.02732467651367
VEFWAF,42.13539505004883,-33.243255615234375
GUZVEF,16.093990325927734,10.82989501953125
IVUMIW,59.09205627441406,76.67787170410156
CIMNAQ,5.18120002746582,-89.05237579345703
EXEJOH,-93.37198638916016,45.48497009277344
WIVPUM,-12.514315605163574,37.3283805847168
JIQFIB,-23.61710548400879,-72.7323226928711
GAGPIR,19.849424362182617,-65.23983764648438
WUYRIR,-34.44075393676758,-99.43147277832031
CEPMOC,64.48809051513672,-7.29713773727417
MAYTIT,-16.897855758666992,-80.80569458007812
VAKVIN,-14.773306846618652,-40.94472122192383
VUKSEC,-75.39287567138672,-7.463939189910889
LIQSUC,-7.3453192710876465,-12.476258277893066
TUVXEQ,15.048307418823242,11.526089668273926
WIWNAU,-62.79817581176758,-26.56563377380371
DIGCUS,71.96903228759766,-10.430521965026855
KUFWIT,52.70991897583008,-19.81596565246582
TIJMUU,5.924285888671875,-11.55007553100586
GIDGAF,59.606441497802734,77.6787109375
ICOPAV,-39.44314193725586,54.26857376098633
VEJKIH,53.16057586669922,-10.551451683044434
LUNZOJ,-87.59852600097656,41.441184997558594
SEPTIT,-88.88949584960938,41.40472412109375
KAPVAY,-93.29607391357422,53.14292907714844
GIYWIU,13.352813720703125,-76.05563354492188
WAKTUY,-109.00862884521484,18.41594886779785
RASCAQ,-27.948095321655273,-55.14595031738281
RASBOD,-38.28835678100586,90.95088195800781
XEZJAR,-75.825927734375,20.046010971069336
ZIKQOB,51.06199264526367,49.76103973388672
NORTOG,-8.019804954528809,-17.103317260742188
LATLAV,16.275413513183594,-89.90652465820312
LODGUH,-90.30662536621094,-19.633359909057617
ZEVROL,-104.41670227050781,37.03559875488281
TAKJOH,66.88215637207031,-20.04062271118164
EJEZAX,86.11153411865234,-35.817867279052734
UPEDIE,-94.34574127197266,14.74695873260498
ZEXWAC,67.38489532470703,52.61692810058594
IDOYOS,-54.535118103027344,-13.284736633300781
BEPTOH,134.12705993652344,6.261019229888916
AJAGEX,-54.595699310302734,59.89082336425781
OGEPOG,9.219222068786621,1.6906462907791138
GEHJEJ,112.52339172363281,21.070476531982422
YAXRAS,-35.692508697509766,0.12455038726329803
ALLCAM,-78.38683319091797,39.05907440185547
HETFEV,43.48127746582031,-53.0623779296875
BALJII,125.44248962402344,0.8830099701881409
TOJRAM,85.08763122558594,72.55626678466797
SARDIY,-66.3171615600586,16.289352416992188
CAHLUT,67.89659118652344,53.36840057373047
QANKUM,-19.19359016418457,-22.512672424316406
WIZBEN,2.9767332077026367,-4.726490020751953
VUKQEZ,-75.56256103515625,5.790792465209961
IKOMEC,-77.02513122558594,14.178352355957031
WAPQEL,65.99079895019531,49.464202880859375
KANBUZ,-10.515716552734375,30.291400909423828
FURYOI,-80.9834213256836,-26.526500701904297
YASGOQ04,81.8888931274414,-1.1065715551376343
BEMLUB,9.705597877502441,60.7152099609375
TEFLUL,29.618080139160156,50.680145263671875
PEXKAE,0.0758904367685318,-103.18064880371094
TUYKUV,-53.3672981262207,71.99659729003906
CIKNUI,-77.60961151123047,-17.434152603149414
RAWDIC,31.4283390045166,-49.35369110107422
RIMCAR,93.19837951660156,3.3286378383636475
QUDPIQ,-26.164478302001953,-52.03264236450195
WIVBEJ,86.80752563476562,76.20628356933594
YECVEL,33.912906646728516,-31.461000442504883
WIVQIB,-26.926721572875977,-97.22760772705078
PAFFEL,-38.345298767089844,-94.8523941040039
PAKZUZ,-50.290748596191406,28.8636417388916
PEDRIB,-12.32740306854248,35.530059814453125
VURZIU,87.61665344238281,-5.635589122772217
MUPPAP,-21.546689987182617,-34.325862884521484
ACERUX,40.842689514160156,-55.84870147705078
BOWJUU,38.82463836669922,58.117774963378906
AZUSET,-3.4053845405578613,-87.73623657226562
DUSYIA,91.41783142089844,85.67607116699219
GUZFAJ,-14.24007511138916,-76.91506958007812
VIPVOH,-38.944549560546875,0.2001316398382187
TAJSUV,82.58187866210938,70.1981201171875
CANFAC,103.95532989501953,-23.914335250854492
FOYSAO,-79.78278350830078,12.451889038085938
SODDOF,-52.35888671875,-27.67382049560547
WIDDES,79.45240783691406,-1.7102980613708496
WIJNIM,130.7859344482422,6.424383640289307
UGOSIU,106.0558090209961,-20.99611473083496
ABELEY,-85.51054382324219,40.93831253051758
CUDRUR,50.945674896240234,-10.478800773620605
LEMHIU,-43.1201286315918,68.77655792236328
VEJXAJ,103.32743072509766,-35.53077697753906
ACERAC,17.337438583374023,-61.58155822753906
WUTFID,60.111820220947266,79.88021850585938
EYOLOU,-17.967727661132812,45.81498336791992
YOVMAA,-60.34028625488281,14.490449905395508
WENDEC,59.09205627441406,76.67787170410156
REHSOO,29.993343353271484,10.930785179138184
HURMOX,-18.94224739074707,-37.98461151123047
OFEQAR,-73.98816680908203,-12.953558921813965
RINQOW,21.63333511352539,12.09161376953125
GAGPUD,-50.02202606201172,-20.96738052368164
MEXSIT,7.34547758102417,-57.742855072021484
ZEYRII,-48.22751998901367,72.69481658935547
VAPDIZ,-68.21116638183594,54.12737274169922
WADMIA,-78.65760803222656,9.615781784057617
VIGJEA,-8.844624519348145,31.791292190551758
REGKOD,-64.29290771484375,-25.9669189453125
ABEBUF,-98.27796936035156,60.3298225402832
TAHNAU,-63.55723190307617,-8.24897289276123
PEBZII,-56.680442810058594,74.71419525146484
IJOCOZ,36.335914611816406,-82.0439224243164
LEVWER,-37.88090896606445,46.84062957763672
GUXYEF,75.84999084472656,80.76343536376953
EYIWOY,-109.104248046875,45.77037811279297
MOXWAY,-2.623581647872925,1.3450559377670288
PORNER,122.95030975341797,3.5737321376800537
LILFOE,18.420923233032227,-58.22761535644531
CAMWOD,-16.133018493652344,-8.937740325927734
LUJCID,101.89666748046875,-47.449920654296875
GUYBUX,40.346824645996094,55.630062103271484
SOVFOA,85.75590515136719,87.0120620727539
VAQSIQ,37.84972381591797,-35.93126678466797
EQANAN,-33.26289749145508,82.775146484375
LUNYIC,-73.44591522216797,21.648509979248047
GIDVEU,-23.54547882080078,46.641841888427734
FITVAF,-107.625244140625,18.03328514099121
MEDCIJ,100.2872543334961,-47.857818603515625
ADAGUL,71.34737396240234,70.34268188476562
UPOQEW,112.40177917480469,15.785298347473145
CTSGLM,107.94683074951172,-46.51119613647461
TEWQOF,78.9980697631836,83.55268859863281
WUZYEX,-56.35906219482422,59.415504455566406
TENVOZ,-70.05244445800781,-12.029374122619629
CEHKEG,44.13743209838867,-44.34562301635742
NUHYOE,10.412554740905762,-58.235565185546875
PAMCAH,88.45266723632812,-41.3380126953125
APUVOZ,-105.91480255126953,13.717497825622559
TUTFIA,15.540454864501953,-49.42695236206055
TIQLIS,10.24280834197998,-57.67412567138672
CEGGUS,3.129992961883545,-31.817453384399414
KOVSOF,-83.6365737915039,-6.279546737670898
KIPGUO,29.661548614501953,54.302818298339844
GALHUZ,-34.2841911315918,-89.53434753417969
OJUBAY,-55.08399200439453,46.58088302612305
YUWNEJ,-94.98102569580078,3.4976208209991455
GAHFAX,67.41251373291016,77.27656555175781
XALWEM,-85.08589172363281,-20.366329193115234
QAMQUR,27.981969833374023,-52.016197204589844
VAXRAP,-32.69733428955078,67.66563415527344
QEMKAV,-29.166973114013672,79.5865478515625
ABELUP,-73.3495864868164,-14.761798858642578
YEPHOT,-97.48131561279297,25.25596046447754
ZOHVUP,-10.820361137390137,-90.96383666992188
QEDFEK,-22.779829025268555,-84.21337127685547
WAXSOG,2.106792688369751,-63.780303955078125
QIXVUO,-93.56271362304688,-17.855470657348633
ELOGOE,1.3700802326202393,-79.7994613647461
MOYZUX,-21.821733474731445,-79.4111557006836
NEQMOO,-1.4199624061584473,-103.57019805908203
LODGAO,-52.76554870605469,-4.424741744995117
YECXIR,106.1302490234375,-2.411820650100708
ZATGIO,68.33645629882812,45.461605072021484
LASGUJ,-75.59841918945312,-0.725836455821991
CIWNON,18.09371566772461,-73.01802062988281
PERCAU,-84.85075378417969,35.520042419433594
ZUPMUV,-78.69161224365234,15.831949234008789
LASHEW,78.95655059814453,-0.7404196858406067
NUQJAL,-38.62380599975586,-87.59489440917969
JOCMOD,16.467880249023438,-23.28095817565918
IPEPEB,31.40355110168457,-37.02660369873047
ZABWIM,-42.822757720947266,59.27042007446289
WELCID,90.62230682373047,2.004453182220459
EKEYEB,114.65469360351562,-26.778554916381836
CAKNUA,-8.505884170532227,-60.684288024902344
QEPQUA,32.829891204833984,-61.74928283691406
GUPXEX,-89.3948745727539,51.51985549926758
XULCEP,33.43989181518555,-62.05198669433594
ESAXAA24,11.614175796508789,-69.03549194335938
RAMLOK,-21.354984283447266,-99.59300231933594
RITKEM,-82.7591552734375,29.34225845336914
SAGNAT,-71.82200622558594,-4.68834924697876
ABORAO,98.04757690429688,-11.294918060302734
IDUNOK,-10.772791862487793,51.064247131347656
KUMRER,-28.47557258605957,52.128116607666016
RIRGUV,-87.34134674072266,31.128995895385742
PUCSIS,64.6763687133789,-4.071903228759766
EBEROV,57.510738372802734,57.8423957824707
WEYYUY,45.44303894042969,-55.71384048461914
BOYMEH,-79.41048431396484,13.116263389587402
AFONIV,9.798270225524902,-86.50994110107422
SARJUQ,91.26112365722656,85.9686508178711
CAKLUV,-22.37468719482422,60.789161682128906
WOCSUC,-49.408382415771484,-22.006608963012695
QEWHEH,-55.465850830078125,-7.013498306274414
ZOHXAX,31.230804443359375,-27.53200340270996
FIXQIM,-59.88737869262695,1.964938998222351
WIDNED,66.82330322265625,52.08264923095703
KICVOJ,97.04750061035156,-10.783661842346191
WOPDEM,78.67765045166016,65.44590759277344
TIRZEB,62.176963806152344,-19.266416549682617
SABDOQ,-39.620277404785156,87.09442901611328
NOFWUA,75.56507110595703,-36.00625228881836
SABKEN,-17.221431732177734,33.24623107910156
MUPPAO,52.855960845947266,36.57969665527344
UHAFAL,-2.9290518760681152,-79.36820220947266
CIHQUJ,32.13479232788086,8.764467239379883
HOGGER,-8.463205337524414,-78.05740356445312
NOZXIJ,37.90165710449219,-33.95547103881836
ESEDAK22,-96.6680679321289,38.229576110839844
VOCZET,18.8182315826416,-12.864336013793945
GOGCEM,24.031661987304688,-64.60069274902344
NUKWEW01,88.52198028564453,-10.449220657348633
YAGNIF,-26.49620819091797,79.12056732177734
NUQLAO,-53.12861633300781,44.28548812866211
FUHGUL,-22.712570190429688,-65.32569122314453
ZOLXAC,23.335081100463867,-59.13520050048828
UNUROL,67.04107666015625,71.15348815917969
DEMTEV,83.07398986816406,84.75312042236328
DEBJEA,81.8888931274414,-1.1065715551376343
FURWOG,7.1619744300842285,60.87672805786133
LIGLIY,20.406007766723633,-66.22233581542969
ZURHAY,-96.44331359863281,2.605381488800049
VAVMIR,-38.23399353027344,8.247995376586914
CIKNUI01,87.86524200439453,-43.05839920043945
RAWCOH,1.726318120956421,-52.20964431762695
PUKDIJ,111.39775085449219,-9.93387222290039
NAQPUT,128.74269104003906,5.6344757080078125
LEXKEI,86.53147888183594,-35.2896614074707
MUSXEE,-59.9078483581543,-5.659053325653076
EGUXAG,-15.52826976776123,47.9361572265625
YIFLOP,-63.85270309448242,4.771553039550781
GADQAE,132.01724243164062,15.802237510681152
KPIPFA10,-109.58140563964844,15.915987968444824
UZUZAS,-64.94939422607422,73.38760375976562
GASMOD,111.62088775634766,-33.245086669921875
EXANEX,-39.60000228881836,-52.724586486816406
LABSEM02,-19.95586395263672,-86.02761840820312
BUJWIN,12.241789817810059,62.092132568359375
XESXOJ,-22.409961700439453,54.88714599609375
QATBOG,-23.62767791748047,-60.642860412597656
JIRRIO,-76.52710723876953,17.311019897460938
UGOVIX,-92.93841552734375,41.889644622802734
XOKVEA,-37.998966217041016,92.11488342285156
VOHMEL,102.85868072509766,-6.341752529144287
YIPQIA,-29.99677085876465,-50.57577133178711
BOVXOB,71.23579406738281,-20.687496185302734
PUTMUO,-64.25495147705078,-19.401641845703125
GAGMIK,21.68572425842285,12.178988456726074
ACAXAD,-47.24201583862305,42.30218505859375
KAPKEU,-22.639089584350586,-57.030128479003906
UKESEI,-7.099760055541992,41.29703903198242
NIMDIW,75.94792938232422,57.34933853149414
WADPEZ,-6.10270881652832,-7.494265079498291
NOZLEW,-44.968910217285156,26.728429794311523
LUNMAI,-106.66409301757812,28.170215606689453
UTOMUM,14.276195526123047,-78.83738708496094
CIDCUO,27.416919708251953,53.038063049316406
OGEZIJ,-27.742712020874023,-56.579376220703125
FEYSIO,113.98602294921875,20.490665435791016
VITKEP,58.093528747558594,53.61246109008789
JEBRAM,8.335978507995605,-54.840118408203125
TUQYIQ,79.29962921142578,-16.77621078491211
GOGCAJ,-65.97311401367188,29.63099479675293
VAJKUM,112.15557098388672,-2.5425195693969727
DINSAU10,51.8753662109375,-58.71626663208008
GEHHOR,30.816720962524414,-58.22624588012695
OXUGIZ,-14.046133041381836,50.0340576171875
QETMUY,25.14329719543457,-48.909027099609375
PYOTCA01,-23.015933990478516,-102.44804382324219
UKUTOK,65.38776397705078,-5.679793834686279
QIQLUX,92.23259735107422,-41.06250762939453
HURCON,10.348268508911133,-15.453055381774902
XAPYUL,-31.31485939025879,-77.38079071044922
KAHRAO,-30.58863067626953,35.41652297973633
MISNUX,64.83187103271484,53.52471160888672
HOGFIU,-10.721014976501465,-67.89655303955078
OKOVAM,-49.423397064208984,23.064069747924805
KIHZEH,17.81087875366211,-54.42475509643555
IHIMEU,63.198394775390625,78.38256072998047
TOJMIR,-32.81693649291992,-91.28359985351562
AJALAY,-62.532806396484375,5.5837788581848145
VUXXET,-78.4195785522461,3.333711624145508
YONKUJ,106.54582977294922,-8.97433853149414
TEHYUA,53.71938705444336,47.638893127441406
RUXQEG,95.47998046875,-35.958213806152344
DUKJUR,-70.009033203125,53.17848587036133
YEYDEP,-21.42668914794922,-9.38613224029541
QALXAE,-18.258840560913086,54.12294006347656
BEBCET,49.880226135253906,-61.922142028808594
LOMREM,-65.68604278564453,-11.454519271850586
RONBAA,66.00091552734375,-1.3862054347991943
OHAGEK,79.58346557617188,42.194576263427734
KOBHES,65.7189712524414,-1.9851670265197754
OBARUG,0.5801425576210022,-5.311670303344727
WORNID,-93.15618896484375,7.224977493286133
FICVES,88.9572982788086,-1.6060861349105835
IVURUN,132.38047790527344,13.882246971130371
WADMEW,-19.367067337036133,-16.449947357177734
ELUWIU,125.83826446533203,-4.593772888183594
XEDWAI,62.792686462402344,43.16957473754883
XAYKAN,113.6301040649414,-29.473724365234375
VAGVEF,-21.626087188720703,-11.422126770019531
RERCUQ,-94.7143325805664,-1.3308781385421753
WOMGIO,112.11935424804688,5.69027042388916
WEJCEU,-3.576735258102417,-12.64952564239502
PARTAH,103.1800308227539,-39.4463005065918
MADGIK,66.3266830444336,-28.44847297668457
IDUBUF,-49.72489929199219,57.63510513305664
CEWQUU,112.70208740234375,-7.873054027557373
SECZOS,9.792243957519531,-15.776693344116211
GESCIS,-39.562034606933594,34.28868865966797
TOQPOH,-21.017345428466797,-65.2203369140625
AMAYUL,-32.53599548339844,9.724239349365234
XAZRAU,133.11865234375,4.065479278564453
VABZIJ,17.50967025756836,2.0116665363311768
ZENSOA,-92.77896881103516,-1.868166208267212
FIWYIW,-88.60259246826172,-1.2119799852371216
IFESAN,-18.248153686523438,-40.146244049072266
ZEFFEX,-68.37033081054688,-26.78330421447754
ZUHFIR,122.55158233642578,3.7794392108917236
REXNEP,65.73478698730469,-19.16790199279785
PEXPIT,-80.51297760009766,13.09450912475586
HOGJIZ,-3.389333963394165,-51.07122802734375
BUKGUM,99.52985382080078,-3.002274990081787
PEJVAE,6.416751384735107,-66.8069839477539
EHENIO,-18.368759155273438,-38.919700622558594
QAFZUT,77.7046890258789,44.53133773803711
OXUMEA,92.72566986083984,1.2122652530670166
HIBFON,-12.23426342010498,-32.7459831237793
TIHGAT,-52.646976470947266,-22.583669662475586
KAYFUN,-99.76957702636719,38.88404083251953
IVURAT,-7.214715480804443,-88.3958969116211
WUZDIG,82.6457290649414,-24.915281295776367
ANAWOE,-111.59658813476562,45.108394622802734
FEVKOJ,19.38910484313965,-9.942216873168945
FUHPAA,-1.7817835807800293,-1.3224778175354004
UXAWAU,100.65184020996094,-42.44321823120117
GEFFEG,84.19261169433594,-13.278045654296875
IWARON,-68.38289642333984,-19.693384170532227
NAQPED,73.5385513305664,-6.904145240783691
RUYXAM,-22.522693634033203,-70.59447479248047
CUYKOZ,77.46451568603516,43.07114791870117
CIKQIY,22.148813247680664,-68.99534606933594
AFUJES,-19.993471145629883,60.25730514526367
ISERUW,-24.095163345336914,61.769168853759766
VAKTUX,-68.41585540771484,80.20186614990234
IVUMOC,-27.352529525756836,48.71261215209961
SOHNAG,-57.37351608276367,-25.94146728515625
EVORAJ,65.6029052734375,53.27583312988281
NISLOQ01,51.66631317138672,2.1609106063842773
AXUVAR,-67.44447326660156,77.00469970703125
MUDSAF,22.506343841552734,-68.69384765625
WOKXOL,-26.839635848999023,-92.45357513427734
OFIWUW,-29.877439498901367,-66.84872436523438
EMAVUM,125.18276977539062,-1.7999037504196167
EVUMOY,74.5665283203125,70.92292022705078
SOHMUZ03,-70.60020446777344,10.182571411132812
XEZDIQ,-1.2826436758041382,-65.58458709716797
WICYEQ,24.723392486572266,-48.66952133178711
HEZSIO,37.12468719482422,-78.843994140625
GEHKAG,84.78375244140625,-45.56718826293945
TUQBIR,-34.276248931884766,-83.6109390258789
DAYWAC,103.4464111328125,0.16459034383296967
EPAMAK,1.1192234754562378,-57.224945068359375
VIJQOY,-40.354862213134766,-53.617977142333984
KIPWEO,76.86149597167969,-23.316381454467773
EPIWAC,-48.83309555053711,77.1210708618164
HIDCIK,-75.50149536132812,68.12293243408203
REWLAJ,57.99074172973633,-7.649282455444336
SAHHEQ,14.126335144042969,-57.641239166259766
GEBMOP01,-38.0647087097168,-1.2673676013946533
MOXWEC,-59.14238357543945,-13.412057876586914
BIFYOE,115.96902465820312,-15.703312873840332
LIHHAM,70.20116424560547,-16.427120208740234
VAQSAI,-3.8716278076171875,-40.38774871826172
NUQRAT,-114.9833984375,43.785091400146484
HURNEN,113.20309448242188,-19.06168556213379
VABHAI,-41.802520751953125,-6.957778453826904
KAHFAE,9.997663497924805,8.749955177307129
ODEFEJ,97.04106140136719,-46.775455474853516
HALHOT,76.09947967529297,-51.25074005126953
JAMPEV,-72.2597885131836,76.3383560180664
WOBNEH,2.436391592025757,-5.166924953460693
KASXAF,-74.31118774414062,9.56676959991455
NEWRIR,-93.38929748535156,-15.880687713623047
JONSAG,96.43748474121094,-32.27281188964844
HEMFAJ,-0.8616469502449036,-71.5615463256836
XOJYEC02,47.02884292602539,39.73236083984375
EYEGIA,-40.48732376098633,66.67902374267578
UNISOA,-58.54013442993164,15.988523483276367
AFOQIX,92.84141540527344,-5.718914985656738
VARVAP,5.89310884475708,-79.29927062988281
DUSKUY,-66.52233123779297,78.31947326660156
RIBFOZ,-50.356834411621094,37.94124221801758
POJQEK,-44.68401336669922,79.81145477294922
KIDLOB,-18.1586856842041,-100.60826110839844
ZEYLAS,115.56999969482422,-30.04840087890625
SURFOD,-21.544597625732422,-75.30167388916016
IMIGAO,-19.955883026123047,-86.02750396728516
OYUXOY,31.545127868652344,-56.505653381347656
KECJEK,-23.712661743164062,-91.97509765625
RIMWOC,13.800647735595703,-64.00428009033203
GATCAG,-31.84981918334961,34.67535400390625
VAKTOR,24.708498001098633,24.76941680908203
DUNCUM,-30.443334579467773,83.88360595703125
MIYLUB,-6.250965118408203,-84.50945281982422
LACTAN,49.14215850830078,52.407676696777344
ULOJOX,6.365228652954102,-78.70112609863281
DARGAH01,41.89376449584961,27.532270431518555
OLUTOH,28.187837600708008,-49.6236457824707
EKUMAY,65.12785339355469,48.43013000488281
ZATFOT,3.5151000022888184,-91.9406967163086
QARMEF,-62.982086181640625,6.796668529510498
RAVYAR,-48.65595626831055,21.673540115356445
WAGFIX,56.26211166381836,-18.757858276367188
DOWNEL,-61.8045654296875,68.55609130859375
YUKFUG,64.90050506591797,-16.46620750427246
NEBXID,-100.66510772705078,39.77799987792969
POBZAK,-36.523284912109375,-83.59850311279297
EWIJUR,-13.1653470993042,-71.3250732421875
GEHXEA,8.52545166015625,-11.387593269348145
XOBCEX,-28.754058837890625,3.9739019870758057
RUCFAX,76.97323608398438,85.14013671875
PEGDAH,-39.386085510253906,43.15788269042969
NAXZUL,10.97408676147461,5.500414848327637
XALVUB,-53.763492584228516,41.15214538574219
XAFTAC,-65.95321655273438,-2.7226006984710693
XITREZ,-93.57854461669922,39.34995651245117
AGUFUH,-30.595531463623047,-5.927791118621826
FIFWOJ,-52.49550247192383,-20.76083755493164
KASWEI,-32.61532211303711,83.75684356689453
CEBZUE10,-68.51800537109375,54.04631042480469
KIXCUQ,124.0494613647461,-0.9767906069755554
PUZZUF,11.03807544708252,61.45094680786133
BINFAI,112.9194107055664,3.4481146335601807
WAGCUG,-58.36673355102539,44.61349868774414
TAMBUE,118.8429946899414,-33.03608322143555
QEKMAX,130.77072143554688,8.349679946899414
BURXIX,-34.83736038208008,2.4401590824127197
XOKTIC,-19.89931869506836,-38.53424072265625
FOVBUO,7.604595184326172,-82.34230041503906
CEXKAV,30.816720962524414,-58.22624588012695
HABFOG,-25.666858673095703,49.28640365600586
XAQYOF,132.49188232421875,6.3518548011779785
XARVUJ,-23.894332885742188,-69.7490234375
KECMAJ,51.62869644165039,51.787200927734375
EZAQUU,-40.46916198730469,76.0088119506836
QIQLIL01,31.5762882232666,-54.8690299987793
QUFKEI,-75.36226654052734,61.52400207519531
QUBRAH,10.890876770019531,-0.7075735330581665
KIHZAD,-91.23084259033203,-18.71076011657715
YALWEO,90.66443634033203,87.8795394897461
ULOXIC,59.27436447143555,79.81034088134766
QUCRUC,-28.64991569519043,-48.790592193603516
YANBIB,-106.34516143798828,28.240692138671875
BALJEE,105.52056121826172,-16.37891387939453
DIJVOH,-18.839208602905273,-99.95103454589844
IXAVEI,-18.15927505493164,-47.06678009033203
KAKXAY,18.341394424438477,-59.631507873535156
LOFMAW,-40.64329147338867,-52.99302291870117
VITKIT,-59.95029067993164,-19.841739654541016
JAZQIN,-96.63796997070312,31.203033447265625
XUYBUQ,24.08551788330078,-69.97075653076172
HAGHIJ,-35.643714904785156,37.74161911010742
WOPCOV,-10.681804656982422,29.69725799560547
BOPGIY,108.6089859008789,-25.43292236328125
ITAQOM,-67.16024780273438,78.61207580566406
WUTDOH,-46.56505584716797,7.792906761169434
YOCRIS,82.4905014038086,-14.043506622314453
XAGYEN,-22.93827247619629,-16.32231903076172
TADROJ,124.89834594726562,-3.1578798294067383
QUOLUR,-87.91642761230469,42.20982360839844
OKUYOK,-114.88994598388672,48.98340606689453
DOWPEN,50.232784271240234,53.53630065917969
GEPDAK,-75.5110855102539,67.95199584960938
VIDNEC,128.4388427734375,8.5938081741333
TOZHOF01,91.06671905517578,-45.131988525390625
MEFLUF,-47.5223388671875,81.42098236083984
CATKEP,-22.461082458496094,-14.144681930541992
LUMRUG,39.71772003173828,-36.858028411865234
EADPBA,17.434507369995117,-77.28463745117188
MAJPOF,-27.038501739501953,-97.12740325927734
LUNYOI,-34.34611129760742,30.606660842895508
BIZXEO,92.61207580566406,-45.77979278564453
IDAFEB,-43.266082763671875,32.93821334838867
QUZZOC,-83.41462707519531,-19.4371337890625
LIGPEZ,80.48619842529297,-19.007484436035156
MUPNUH,-38.255130767822266,-4.851006507873535
IHILUJ,-48.289100646972656,76.35796356201172
TMPASD,-72.66865539550781,-15.414166450500488
FALSES,71.02172088623047,-8.985115051269531
BOMRUS,100.77340698242188,-36.679317474365234
TIWPIB,-69.55961608886719,35.154964447021484
MISDIC,94.36479187011719,-27.749425888061523
BIXBOC,-91.02606964111328,0.42322230339050293
JEJHAL,-30.07962417602539,39.46474838256836
ZIPMIW,66.48863220214844,69.4068832397461
VIVZOP,-90.18201446533203,41.61491775512695
VUZZEW,-87.54821014404297,-14.605549812316895
ROBFAS,-22.926509857177734,-58.625816345214844
HAYLAY,43.11947250366211,30.165401458740234
WIZLEX,114.87242889404297,-15.61806869506836
LARASC20,48.27190399169922,33.928672790527344
RORPOF,74.93282318115234,-9.246663093566895
LATBIT,74.99431610107422,-34.41556167602539
JOMHIF,51.55598068237305,-18.378488540649414
VAKKAW,28.49442481994629,-42.095741271972656
GEDLEH,13.691509246826172,-54.087833404541016
MIPCUN,67.1167221069336,60.06508255004883
JISRUZ,-38.44968795776367,-97.14771270751953
BAZTIJ,-10.631080627441406,-7.947783470153809
UKOSOD,66.89909362792969,70.4481430053711
TODNIM,-103.46334075927734,-13.022682189941406
ULAYAH,124.41044616699219,-5.130099296569824
JIQGIC,-29.441877365112305,4.252841949462891
XAZZEH,82.57230377197266,71.4686050415039
DETGEP,-45.029869079589844,1.4655323028564453
ADAVOQ,-43.717689514160156,-2.946014642715454
KIJTAA,-86.27379608154297,30.174060821533203
WEKWOC,13.459403991699219,-71.14156341552734
XITRUP,-108.90187072753906,12.997544288635254
CETSOJ,-5.030972003936768,-64.91751861572266
YACQOL,26.446941375732422,-26.689544677734375
DOKRUR,36.71489715576172,-58.09210205078125
GABYUE,77.76769256591797,64.16829681396484
NEFSUP,-10.520974159240723,-3.453319787979126
SAZKEK,-48.75770568847656,0.7565226554870605
SOLFAC,132.42198181152344,8.630821228027344
NIPHUR,-16.680919647216797,39.717247009277344
XEMMEK,108.4601058959961,-21.948131561279297
INEFIQ01,57.39750671386719,50.50730895996094
EVUMOX,-67.46012878417969,7.038539409637451
YONLAQ,-50.48439407348633,0.7400132417678833
HIRWOV,-112.47354125976562,47.80546569824219
IXUCIQ,131.134521484375,11.754242897033691
RECQOG,-69.49598693847656,-7.8814239501953125
ZIJZOL,95.96743774414062,-16.254314422607422
DUCZUX,4.094728946685791,-77.925537109375
POCPED,89.61190795898438,80.18791961669922
FINHIX,-0.49767056107521057,-96.86723327636719
MIFRAU04,85.37034606933594,73.6266860961914
VAGSEE,-83.45105743408203,-0.5622638463973999
SIZKUJ,-89.1706314086914,51.534366607666016
OWIXUO,39.08319854736328,-48.53718948364258
YEJYIV,-57.30927276611328,72.5690689086914
SIHLIH,1.505590558052063,-102.86870574951172
ZATMIU,-71.05250549316406,-25.181413650512695
MOWDOU,89.27384948730469,-29.64181137084961
TECCAF,29.178974151611328,51.49491882324219
YEHZES,-8.922335624694824,-8.160279273986816
FAYXUB,36.16323471069336,-83.75093841552734
ZIBBIX,-95.60729217529297,15.214420318603516
TEZMOC,-100.67670440673828,-13.130915641784668
WAKROS,-97.12476348876953,-0.07803153246641159
TUQYEM,13.691739082336426,2.5362956523895264
FIFCOQ,-72.2099380493164,-0.658798098564148
CISDAL,52.90616226196289,-17.468725204467773
OJENIA,-58.307640075683594,0.5667605400085449
KIJSIH,46.876007080078125,42.1125373840332
WAFFUG,-69.08167266845703,56.396846771240234
UVOKOG,-32.324989318847656,-71.94829559326172
RISFEH,-70.3800048828125,3.7653136253356934
LADCUQ,-108.25450897216797,27.694425582885742
YACDUE,-33.85519790649414,-91.92205810546875
TICPOK,-38.991119384765625,5.717191219329834
JIGKES01,85.8944320678711,-10.112007141113281
NOWDOU,47.78009033203125,46.52329635620117
XUBKUD,126.96420288085938,-1.3579809665679932
KIJTEE,-5.719903945922852,-8.402235984802246
URUGIY,39.06700897216797,-34.46590042114258
ZODJEK,79.80859375,52.07233428955078
SEDBAH,-24.979778289794922,33.02704620361328
PUNWOL,40.64695739746094,31.66759490966797
ERIWUY,64.55027770996094,69.25318145751953
QAMRAY,21.788118362426758,6.7099609375
OBUYER,82.62489318847656,-13.030387878417969
IVUNET,-22.54304313659668,48.300811767578125
KEWZUI,-106.32063293457031,43.29064178466797
NIDSOK,19.525897979736328,-57.423919677734375
FONJAU,-42.500728607177734,33.96152877807617
RIJCIY,-22.596519470214844,33.942405700683594
HISMAZ,59.7668571472168,-14.410870552062988
SOBBAM,-42.21142578125,37.2910041809082
LIPYAK,78.12203216552734,-22.251667022705078
NUNHAG,23.085208892822266,-63.283206939697266
YIDJIE,22.976591110229492,-69.06840515136719
XITGOZ,-88.98666381835938,-13.47240161895752
IVEKEC,-36.149681091308594,40.078556060791016
SAYPUF,-98.94245147705078,-6.662916660308838
HOWRAN,-51.9466438293457,-23.60433006286621
PEXNUD,-108.14974975585938,19.35005760192871
KAGPOB,-19.845230102539062,-80.20291137695312
GESCIQ,26.729740142822266,-47.704750061035156
XAGWUB,106.67650604248047,21.253780364990234
UNUNID,-77.9123764038086,61.35702133178711
POXFIU,70.86029815673828,-25.510242462158203
CEKKOU,-6.931244373321533,39.322505950927734
OBUBOE,84.02476501464844,-26.833913803100586
DOWPAJ,5.833043575286865,0.5423887968063354
TOJREQ,4.7011613845825195,-92.11769104003906
QAXZEX,-11.527684211730957,-35.4332389831543
SEVJAH,77.66886901855469,-2.0669238567352295
YEJKON,125.45523834228516,12.128007888793945
CUYXUQ,-102.44169616699219,-20.048885345458984
QAMROM,-37.85373306274414,74.7908706665039
NEBVOH,-36.590789794921875,90.4343490600586
DEYPOQ,75.77867126464844,-32.17059326171875
WELDEA,-98.3176498413086,19.555404663085938
UFAKUH,-27.550683975219727,73.61393737792969
TIJKIG,84.63179016113281,-23.4538631439209
XEBZUC,-70.06927490234375,20.792236328125
MINROS,81.53491973876953,68.11986541748047
QIPMIO,69.49679565429688,64.8472900390625
ESAWON,45.58988571166992,50.143943786621094
RIDKIA,-26.675195693969727,-57.11884307861328
ZIMHIO,83.20939636230469,-4.223593235015869
BOVVEP,4.956448078155518,2.785842180252075
MOHDIX,108.9841079711914,-19.955408096313477
LEDYEY,-50.88903045654297,25.441879272460938
FILGAI,-91.95109558105469,-1.2946946620941162
EZEGUN,75.24234771728516,77.06356048583984
MAKJUG,-64.22615051269531,45.89403533935547
NUMJUC,68.47266387939453,-16.928369522094727
TECCOW,-27.269533157348633,-100.86441802978516
ROMZOL,-31.733726501464844,-76.17936706542969
FERYEH,3.2008509635925293,-83.0259017944336
GAPNUI,116.24862670898438,-35.367584228515625
QELDEU,-50.21666717529297,-5.8517351150512695
RASMOR,-51.274478912353516,28.57790184020996
ROKPAK,-100.1312255859375,18.772855758666992
GIPQAX,35.69086837768555,-80.50679016113281
EXICEU,-14.509906768798828,-76.87327575683594
PEFGEO01,-52.28727722167969,15.50324821472168
PORVEA,-17.97307014465332,55.06669616699219
BOVYAO,-25.594812393188477,34.70336151123047
TIJKOM,28.017494201660156,-52.907413482666016
FEJWUP,103.18019104003906,-39.44644546508789
XAQQEM,-43.25840759277344,-74.58444213867188
VIPSOF,-34.339866638183594,91.20347595214844
BALDUR,59.20629119873047,68.00526428222656
SICQEC,29.940383911132812,20.488431930541992
ZOHWIE,-13.777270317077637,34.25468444824219
GESCUE,106.56570434570312,-46.09088897705078
PEZQAN,-53.011070251464844,39.16210174560547
QOLRIV,-11.515373229980469,-18.580106735229492
BAQQIW01,-85.8792495727539,-17.545228958129883
GIDGEJ,28.612760543823242,-28.187313079833984
FIDLIO,-32.00171661376953,-75.3624038696289
COZYOG,-9.94179916381836,-52.197776794433594
NELJEX,3.728142738342285,-68.77149200439453
CEPJOA,21.874780654907227,6.592681407928467
ZEQCEG,-40.52988052368164,-2.265641689300537
ZEGFAU,-14.656750679016113,-33.626800537109375
YAXWOL,-34.61935043334961,-96.08102416992188
EXUQUJ01,-40.54020690917969,-97.12606048583984
REHSUU,131.6455078125,13.217498779296875
JIMVUX,128.45497131347656,11.781817436218262
XUVQEL,9.676031112670898,3.6275715827941895
OYUZAM,132.43844604492188,15.138442993164062
NEFGIR,-34.950931549072266,92.27739715576172
MUHKEI01,71.29618072509766,-32.905094146728516
GOLZIR,-57.26598358154297,-25.12495231628418
FULLUV,45.57326126098633,-60.28968048095703
DOGWIF10,28.576276779174805,-35.5142936706543
IBUHEW,-101.58732604980469,-3.007948637008667
FEJXIE,-58.51849365234375,68.47477722167969
HOGFUG,-89.5354995727539,9.836835861206055
TEZNOD,37.638484954833984,-39.703311920166016
EPUHEF,65.62071990966797,-21.586870193481445
LADBOJ,84.15391540527344,-34.663368225097656
IXOHAE,103.75462341308594,-20.32784080505371
ULAZIQ,-21.512531280517578,-39.043373107910156
SUXVUC,5.732711315155029,-3.4340381622314453
AFITOA,107.57771301269531,-11.550868034362793
SIDHUK,95.5607681274414,-6.740542411804199
UHADOX,-9.085113525390625,-61.483551025390625
IDEVOG,-86.31756591796875,26.432008743286133
SAYNIQ,-37.91257095336914,44.984840393066406
ZUKSON,-46.057010650634766,40.83930587768555
QOCCUI,-51.744895935058594,68.99058532714844
EKUMOP,-67.39402770996094,22.931610107421875
NOSTOH,-40.76991271972656,-1.8588210344314575
CEQDIP,13.929459571838379,-81.23332214355469
ZZZAKD10,-86.95560455322266,-15.861054420471191
RAXZAV,74.61654663085938,71.29759979248047
MIGGIW,67.13967895507812,-29.110816955566406
AWUQUF,-8.897819519042969,-4.250738620758057
EQUSEQ,32.27988052368164,8.711606979370117
NAQMUQ,-86.60508728027344,9.184439659118652
ZEXWEG,28.9877872467041,-28.59221076965332
GEHJAF,2.2411434650421143,-41.32632827758789
KEFBON,-108.94355010986328,17.750755310058594
NEBGOQ,-65.15091705322266,61.94277572631836
DIBZAQ02,-23.952796936035156,48.04328536987305
BULKOK,96.59876251220703,-28.998414993286133
SUZNEH,60.92580795288086,70.62263488769531
DOCWIE,88.52152252197266,79.92134857177734
DEXTOQ,133.43312072753906,7.773712635040283
VILRUE,-72.0929183959961,-3.7008488178253174
IMAHOT,88.43901824951172,-31.250118255615234
EFAFIC,-41.342323303222656,85.01671600341797
MIHJIA,-60.54014587402344,-14.000419616699219
REZPET,-85.46774291992188,27.41973876953125
VIZZEL,126.58289337158203,5.56545352935791
GEYSAE,95.52970123291016,-10.393386840820312
PUWFOD,112.33871459960938,-0.7924110293388367
QUTMUO,-79.12309265136719,61.25351333618164
JIRXER,-12.659975051879883,-62.44496154785156
KIDNUH,-107.38937377929688,17.881092071533203
QIJYAJ,81.05912780761719,-10.648456573486328
ROFLAZ,-51.18345260620117,-24.661645889282227
SADYII,-19.70812225341797,-41.91238021850586
VAXHIN,-110.4580307006836,45.80827331542969
MNICPC,11.591774940490723,-89.57048797607422
TEWQUL,12.486116409301758,-90.93822479248047
XUMLUP,106.41099548339844,-47.168792724609375
LENKEV,5.028532981872559,-79.92804718017578
KAYFOH,110.76687622070312,2.0294642448425293
LUJCOJ,113.53965759277344,-31.453861236572266
EPUFON,53.337547302246094,-10.636919975280762
DOWPOX,71.60545349121094,-37.41667556762695
DOJMIZ,-53.583717346191406,78.1142807006836
DITHUK,102.81156158447266,-0.5919355750083923
YETLIS,-72.81446838378906,59.596988677978516
GERZUA,-92.64410400390625,-6.899115085601807
DUVGAC01,-75.9124984741211,53.30070877075195
KOVSAR,-111.17192840576172,45.22554397583008
GESKAS,83.28438568115234,86.89057922363281
RICBIP,-54.34868621826172,24.745990753173828
QUFCEB,-37.00747299194336,75.57211303710938
NAYGOK,-78.98722076416016,-35.104557037353516
VIGFIB,86.49659729003906,-50.95743179321289
ALACAT,-101.45811462402344,11.995548248291016
NIGKEW,-71.57874298095703,-3.94508695602417
VUHZIK,-78.03894805908203,-33.38946533203125
KEGSEV,56.312435150146484,54.90603256225586
SORYEF,52.5095329284668,53.663333892822266
ITIWIT,-5.96816349029541,-42.18952560424805
UROHUF,54.461181640625,-18.471269607543945
VUGMIT,-45.97359848022461,2.0776429176330566
KEWDAV,-76.42745208740234,-10.307781219482422
OGAJAL,-9.800400733947754,-53.24187088012695
ULIMEI,-104.4775390625,9.237417221069336
HOJKEY,-34.81007766723633,-56.7717170715332
KEFCAA,20.463531494140625,-65.56100463867188
FASJIU,-40.75723648071289,32.14775466918945
REWLIR,-9.94179916381836,-52.197776794433594
EXANIB,105.20899200439453,-14.997010231018066
NUGZEV,74.7459487915039,76.35319519042969
RUYGIC,80.6525650024414,44.57804870605469
FECGEC,61.99094009399414,68.75914001464844
NOLBEY,-12.89491081237793,-55.8160400390625
EXUQUJ,65.08505249023438,43.67449951171875
BEMQOC,-20.070602416992188,-77.63720703125
FESCUF,22.976591110229492,-69.06840515136719
IVUSEY,83.44880676269531,-15.804580688476562
XEJKUS,-19.147930145263672,-102.0830307006836
AJAHUO,69.74069213867188,-34.51567840576172
NUGKAE,-68.98251342773438,78.13706970214844
HIMGAL,-50.44157791137695,38.240238189697266
KAGPIV,92.72566986083984,1.2123172283172607
LIHBAG,7.86389684677124,-88.53290557861328
ZIKREQ,45.18943786621094,49.907588958740234
PECREW,-21.16010093688965,-101.3467025756836
GUDVEI,-4.487039089202881,-0.5238561034202576
KIWRIV,37.31599426269531,-27.171897888183594
KANBOT,25.75217056274414,-40.04026412963867
WUZDEC,-74.30293273925781,68.70903778076172
IFACUO,48.96030807495117,45.7874641418457
TAPNED,99.04481506347656,-47.26464080810547
XOGDOO,-2.5478999614715576,-88.64510345458984
KAYGIC,-11.947019577026367,-54.77593231201172
MUNSUM,73.61378479003906,68.85365295410156
PAVNOR,9.877264976501465,-65.73201751708984
PETPIP,-12.74099349975586,46.01065444946289
OLUTUN,28.598413467407227,-58.89924621582031
HOGFOA,67.06063842773438,69.9018325805664
MARXUC,39.63508605957031,-58.558006286621094
AJAHEY,-12.986408233642578,52.15102005004883
KERMOJ,-104.87330627441406,46.2658576965332
VULVOP,-36.78015899658203,42.350955963134766
GAXRUU,-35.31582260131836,87.56845092773438
XEGHAU,101.67308807373047,-23.05550193786621
ASULOP,-75.4345932006836,18.25311279296875
XOCMEK,4.019521236419678,4.23902702331543
GIDGIN,-44.884334564208984,63.97843551635742
XERCAB,-89.47510528564453,31.3643798828125
PUVZIR,59.34877014160156,69.22466278076172
PIGSOO,-85.82777404785156,5.68492317199707
UFETOR,-100.26996612548828,23.237592697143555
KETZAM,-93.88871002197266,-20.933053970336914
NUMHUA,69.35301971435547,56.43659591674805
VELVIU,-42.64094543457031,-0.09647378325462341
TENYAO,41.11907958984375,-54.61579895019531
ZIJDAZ,12.915090560913086,1.6054555177688599
EPUQEM,-98.10665893554688,40.126651763916016
LEDXOJ,110.84624481201172,-25.79706382751465
QUTBUF,-77.45928955078125,60.822288513183594
NENMEA,61.511199951171875,43.226444244384766
TILYUL,-28.318939208984375,29.657039642333984
QANLAT,-96.51898956298828,15.676377296447754
UJOGUW,-86.59819793701172,-16.711763381958008
XEYMAP,-93.51082611083984,9.502338409423828
COSDUK,-89.81228637695312,13.603972434997559
QAXZUN,35.40599822998047,-42.15428161621094
PUKDUW,-92.34600067138672,7.8075361251831055
ROJJEG,-70.52620697021484,65.82957458496094
TOMXEA,-21.443716049194336,-17.128053665161133
PUPGUD01,-23.24858856201172,-55.99562454223633
IROMAF,-74.8559799194336,-33.99845504760742
ITIQIL,-14.577908515930176,-92.72132110595703
HEPSAZ09,-18.956871032714844,-73.5771484375
ULABAN,-64.38098907470703,59.78287887573242
GUXTOL,-48.29209518432617,30.967504501342773
GUZXUW,4.274171352386475,6.373241901397705
HAGHAB,29.305652618408203,-42.17052459716797
EGUXOU,-61.115325927734375,54.89568328857422
DASYAB,31.574716567993164,-37.72393035888672
SOVBOU,86.53258514404297,74.00990295410156
HUVGOW,-62.53828048706055,-9.556838035583496
BUNHUP,-19.071868896484375,-23.38889503479004
NUMHOU,-33.88676834106445,-0.19127382338047028
SUZBEV,15.742117881774902,-88.54154968261719
DOSPOS,84.52819061279297,80.53677368164062
QUCSEN,60.731658935546875,80.94480895996094
BOQTEG,-12.821735382080078,48.93876647949219
HONTAG,-40.513938903808594,56.3001594543457
LISKEH,68.70231628417969,-35.37860107421875
XAPZEW,6.640862941741943,-87.6770248413086
NIJGIY,-104.19145965576172,-13.691217422485352
FOZZIG,-25.041015625,-21.724842071533203
CATJAK,-4.505706787109375,-85.2394027709961
TIMMIP,28.79442596435547,-33.47749710083008
IQUNUE,52.997230529785156,59.131141662597656
NAJZUW,-22.25148582458496,-20.644948959350586
PEZKEM,-36.57700729370117,39.436622619628906
YAHQEF,75.29873657226562,60.482765197753906
EWUTAT,-65.73474884033203,-27.075439453125
REHSII,29.253089904785156,-32.80363082885742
EDADUI,-89.63641357421875,32.20773696899414
NABMEL,-74.04302215576172,67.02589416503906
OCASAM,67.08431243896484,68.7948989868164
XAGYAJ,24.873701095581055,18.096786499023438
AZIHUM,116.57859802246094,3.2636637687683105
ZOCBOL,52.8559455871582,36.57957458496094
SAXCOK,-76.4678955078125,59.53788757324219
XOWKEB,-87.68653106689453,-20.09231185913086
EVEREE04,-116.23126983642578,46.03916549682617
GINSAA,90.80606079101562,-30.39963150024414
ECIROB,78.67029571533203,-31.24287986755371
VEKZIY,-67.61754608154297,19.68842315673828
ESEDAK11,59.80852508544922,68.23615264892578
QAYBAW,-45.30318069458008,89.00865936279297
FEVKUO,-2.0798676013946533,-44.6308479309082
BECNUS02,110.84881591796875,-7.912026405334473
VEZPAU,-14.10903263092041,-96.90804290771484
ETUCII,-69.08403015136719,66.62128448486328
YADSAA,113.90352630615234,-2.2523326873779297
FUQFEE,9.684730529785156,-76.68221282958984
UBOZAQ,-64.09564208984375,42.77932357788086
SOHDOJ,-45.280094146728516,28.94285011291504
EPUGAA,93.17186737060547,-14.129523277282715
COGREV,-30.977243423461914,69.91215515136719
EBUCOV,-111.1803207397461,41.801353454589844
ASOCIW,31.935102462768555,-36.00596618652344
QQQBTG01,71.56185150146484,-31.679615020751953
HUZLAP,102.85050201416016,-4.903383731842041
POZNOK,-13.673234939575195,41.31843566894531
WEDXEL,41.26814651489258,-33.19552993774414
BEKTET,1.7850204706192017,-69.1669921875
LATQEE,-29.622509002685547,-6.453194618225098
MEFJAI,-76.5437240600586,4.860320568084717
XICRIM,-65.66349792480469,-25.792112350463867
ULAWUZ,43.73225784301758,37.511566162109375
KEZFUS,9.314847946166992,58.11922836303711
HALJAH,47.058143615722656,46.76343536376953
ZUPZAO,-13.736433982849121,-12.779095649719238
ECEREM,11.59430980682373,8.02017593383789
EYOHEF,-93.31208801269531,46.419578552246094
GIYHUS,-2.9917352199554443,-24.122013092041016
FICYIB,42.955787658691406,51.98859405517578
DEFHUV,-53.236019134521484,-7.745028495788574
GOJJEU,-95.92858123779297,22.5449275970459
IPEVIJ,-67.80640411376953,-26.522642135620117
PUNWIF,52.28624725341797,-20.299110412597656
QAMBAK,-55.36861038208008,45.57834243774414
ZAVMER,51.29689025878906,49.17405700683594
OYEBAX,-76.27127838134766,10.199527740478516
VIPYEB,71.16961669921875,-21.737043380737305
VUXCAU,11.346955299377441,9.261368751525879
NAXYOC,-19.47101593017578,51.04563903808594
CEXJUO,10.189176559448242,-14.702927589416504
DISGUK,-58.734039306640625,-1.446823000907898
KOVSEV,41.700618743896484,27.047733306884766
JOKYOA,-63.00393295288086,74.38370513916016
ALOWUW,-103.81636047363281,29.61928939819336
TEHNAW,-90.8123550415039,50.76064682006836
QILVUF,-99.0167465209961,22.603796005249023
DEKXOI,-78.42765045166016,-20.30767250061035
JENKUM,6.146392822265625,-95.32037353515625
JOFJUK,112.8959732055664,13.995396614074707
EJORIG,100.54177856445312,-32.755760192871094
LUSXEE,18.50035285949707,-46.97254180908203
KOZKIT,-12.150370597839355,-76.14954376220703
TAZMIT,-81.4345474243164,15.304007530212402
UXACAZ,74.0400390625,-20.60608673095703
VEBZAH,-76.51880645751953,59.49137878417969
AWITOS,-83.52067565917969,-17.588516235351562
LEJRIB,-38.9837646484375,8.78870964050293
MOGZAJ,14.638838768005371,-89.86177062988281
EFAPUY,101.68936920166016,-43.66300582885742
XIJBOK,-47.035274505615234,79.01925659179688
ZIPHEO,-77.87762451171875,16.84017562866211
PUFFUS,-80.36312866210938,53.855064392089844
JESDIY,25.759366989135742,16.990476608276367
QAXYUM,-114.82279968261719,45.11935043334961
ZIPYIK,7.34547758102417,-57.742855072021484
SECZIM,8.51700496673584,-76.25443267822266
FAVBUC,59.809364318847656,-17.07282066345215
GIFDOR,-21.439342498779297,-11.28576946258545
WEKDID,66.79167938232422,-20.52904510498047
COZZIB,74.52529907226562,75.35978698730469
WEDXOV,14.921259880065918,-10.575798988342285
EMUDAS,-110.72026062011719,-10.470619201660156
MOFXUB,-74.49791717529297,-3.1940412521362305
REGKOD01,-115.26730346679688,44.65044021606445
SATLUV,18.4454402923584,-56.902137756347656
AQUFID,9.587060928344727,58.77389144897461
MADSIW,81.63654327392578,54.03467559814453
ZOKYUV,-33.981807708740234,91.5588607788086
MUFBOE,-0.3183460831642151,-46.4918098449707
XEGHIC,47.61405944824219,26.444536209106445
OZARAK,-99.85411071777344,41.60618591308594
ZIBCEU,-107.49053955078125,47.860130310058594
PATYOB,-91.95073699951172,6.773681640625
CEJTAM,-17.579532623291016,-46.420326232910156
AZULIR,-92.37577819824219,2.701206922531128
IPEVOP01,-58.834228515625,15.257345199584961
DOTRAF,-100.14131927490234,-13.640230178833008
QOLQOA,58.622188568115234,76.97046661376953
SETSAN,-29.19363784790039,3.9345333576202393
SIMVET,-59.33040237426758,69.65595245361328
NOPDAY,82.60541534423828,80.87028503417969
GENMIW,-14.881235122680664,-99.29037475585938
KOPKEH02,119.60968780517578,1.315807819366455
UMINOT,93.3685531616211,3.5998103618621826
XEQDAA,-98.86853790283203,23.102989196777344
VUXKAA,-28.16325569152832,-95.83055114746094
REXBEF,-37.39088439941406,65.72362518310547
GAGPOX,13.71489429473877,-62.771202087402344
GEXTIO,129.39247131347656,7.1648640632629395
SAPDUJ,44.20604705810547,-55.417701721191406
MOYKES,-64.30937194824219,43.27417755126953
XUYBIE,11.232552528381348,-71.05806732177734
TAFGAM,81.68576049804688,-13.579911231994629
NIVKAF,-74.9819564819336,3.720769166946411
JOBROK,67.724365234375,46.82108688354492
LECDOP,2.8147132396698,-97.77467346191406
BAQNUD,-43.071468353271484,-1.7203187942504883
CURSAL,5.00554084777832,-72.21963500976562
DAWDAH,-52.564022064208984,15.50625991821289
ITARAZ,-70.98456573486328,-15.918859481811523
CEQDAH,69.44725799560547,64.55192565917969
ZOHWUQ,-109.59169006347656,-10.635377883911133
ETOTIS,-27.2357177734375,-92.975341796875
XOTYUB01,-37.92417526245117,47.6044807434082
PAHZAA,74.08320617675781,-46.81787872314453
TIPFII,-73.06969451904297,67.72515106201172
VIJPAF,-61.06806945800781,7.963094234466553
IXOZIG02,-12.793460845947266,-62.34385299682617
PUVZEN,-32.83647918701172,74.61813354492188
ITAPUR,74.09078216552734,39.91426467895508
MICLAM,106.89993286132812,-49.19109344482422
EKEYOL,-54.2198486328125,26.2939453125
PAMXAE,17.651308059692383,4.377748966217041
SIJXAM,123.53041076660156,0.13472393155097961
EXIZEQ,67.33741760253906,77.28629302978516
EVEROO04,93.66007232666016,87.38241577148438
OYUXIS,-45.55875015258789,12.622820854187012
OWIXOI,49.058509826660156,-11.396186828613281
XULXIN,16.832151412963867,-7.741918087005615
HEGCUT,5.878270149230957,-5.2076640129089355
LUNYAU,110.5333480834961,-20.00832748413086
ACOYUM,12.901389122009277,-69.24459075927734
VUXNOT,48.60247039794922,-56.20289993286133
SAFXAA,92.83374786376953,-32.432918548583984
DZITUB20,-22.448562622070312,-61.5889892578125
IYEBIX,19.39540672302246,5.134774208068848
PIRLUZ,0.5222632884979248,-57.90370559692383
QURWOQ02,11.620756149291992,-79.54041290283203
KAXLII,-67.7446517944336,79.10057830810547
PITPOB,62.81338119506836,66.31350708007812
YUTSIR,2.4351727962493896,-92.99138641357422
PEKQUT,87.7964096069336,80.24193572998047
KEXXUG,-56.54186248779297,-23.978546142578125
HOQGUR,62.97209548950195,65.19879913330078
SARKII,-99.77938079833984,-2.207526922225952
VUXNEJ,39.54690170288086,-52.3065071105957
UBEKAP,-15.090604782104492,-46.25406265258789
CEMFIM,-21.667591094970703,-40.161258697509766
GADXOC,-49.47874069213867,-8.896437644958496
TUYKAB,43.56085205078125,-52.65971755981445
YAKREK,56.86514663696289,76.57923126220703
GUKSIO,-50.48161315917969,56.91658020019531
FEVKAV,-11.774520874023438,9.235918998718262
ZELROX,-20.359949111938477,-102.71994018554688
REBXON,42.24766540527344,-60.826969146728516
QUBROV,10.487648010253906,5.838178634643555
LUNMOW,-43.688682556152344,37.85196304321289
KECLOW,-37.660316467285156,82.75523376464844
VOVYEM,37.52561569213867,-47.07038116455078
QANLEX,77.60639190673828,-38.22370529174805
VELBAR,-64.88090515136719,69.3150405883789
AMAZAS,37.87040328979492,56.14167022705078
CIFZID,-43.170021057128906,66.98404693603516
BASZAY,-10.608186721801758,-76.08810424804688
WUVMEG,81.24850463867188,-0.9773389101028442
LIGNEW,-67.2109375,12.097600936889648
LIQQAF,49.6966552734375,50.31764602661133
SIBHEQ,82.82553100585938,-34.41679382324219
RITBUT,-95.47006225585938,20.855146408081055
TOQPUN,-30.43149185180664,4.043707370758057
TUJKUE,72.66639709472656,-10.11850357055664
YICMAY01,-93.62837219238281,39.20671081542969
ROJKUY,108.49671936035156,-8.84299087524414
WEPDIF,109.66779327392578,19.98542022705078
SIDJEW,-35.89918518066406,-94.63087463378906
FERZEI,-21.161714553833008,59.889434814453125
QEPXEP,-107.60111236572266,50.836177825927734
UHADEN,-4.1349568367004395,-72.20309448242188
KIGKIV,93.90225219726562,87.92781066894531
QUZZIW,57.96706771850586,-1.5727527141571045
FOWROZ,-95.10425567626953,7.445067882537842
PUZZOZ,54.275108337402344,47.46836853027344
MOXBUW,-49.85224533081055,65.4123306274414
YIQWUU,5.820512771606445,-32.02016830444336
EYURIC,-6.253020286560059,-84.51026916503906
MAKWAA,17.44394302368164,-65.7095947265625
XUYKEI,63.67230987548828,70.10546112060547
FOSFOK,-105.54942321777344,46.20237350463867
HUWNUL,-11.704435348510742,51.56779479980469
YUTTIS,-41.625831604003906,34.29497528076172
KIRGEB,84.01425170898438,-6.906101226806641
HAGBOG,-97.78083801269531,59.749732971191406
MIHMAU,84.60323333740234,-19.143966674804688
POVZOQ,72.29963684082031,53.999168395996094
ZATGAG01,-37.13318634033203,35.47873306274414
ORILEI,-44.87936782836914,69.17008972167969
UPOBIM,28.317312240600586,11.843880653381348
NUGRAJ,71.56200408935547,-31.680280685424805
TUFDIH,-13.102849960327148,-93.75960540771484
SOGXUH,20.879310607910156,-66.4640884399414
UDEPIG,112.01683044433594,21.681474685668945
VAFWUV,20.347679138183594,-13.441307067871094
YUFMAN,99.98281860351562,-43.71428680419922
WACNIA,-13.79626178741455,41.7816162109375
FUBJAO,-56.6702995300293,-19.829986572265625
KUVYOR,111.4674072265625,19.261423110961914
XOTPUT,-69.51732635498047,27.269758224487305
ULAXEK,92.52809143066406,0.6641057729721069
ORIKIL,56.39473342895508,54.166893005371094
PAQPEG,0.3635289669036865,-3.6296842098236084
EKOCIT,-25.918224334716797,-56.7841682434082
VEVYOM,-1.7493399381637573,-73.17217254638672
GUKWOZ,-75.2366714477539,57.77012634277344
HALHUZ,60.80013656616211,74.39142608642578
HINJAT,-20.467086791992188,-92.13932800292969
FABXIT,-1.9863297939300537,-73.60536193847656
PASLOO,-21.420207977294922,-83.25533294677734
SODJOK,35.91702651977539,-55.87163543701172
WAKKAV,-18.40108299255371,48.76652908325195
TACCUX,-17.496036529541016,54.1774787902832
FETDIS,100.72940826416016,-35.864925384521484
LEWPUY,-100.98651885986328,26.10902214050293
NUMZON,112.15975189208984,19.735530853271484
BUFHAN,-105.32524871826172,28.445119857788086
WADJUI,65.99072265625,49.464263916015625
ZAJJEZ,111.02359008789062,-11.182939529418945
VESZAX,-88.49625396728516,-16.151702880859375
XOVVEJ,-45.01884841918945,-74.64873504638672
NUKWUL,7.073904037475586,-80.06275177001953
GESQUU,100.87323760986328,-2.302704095840454
PUWFIX,101.98168182373047,-44.90654373168945
YUFDUA,-2.508862257003784,-13.531157493591309
GEDLIL,8.602030754089355,-76.22521209716797
EZEDAP,24.796655654907227,20.817188262939453
TEFMAS,-37.84060287475586,80.81392669677734
CACPAZ,61.84549331665039,-6.587418556213379
XUVTUE,121.01862335205078,4.327656269073486
CAVYED,-108.14974975585938,19.35005760192871
GIBSUJ,-48.5577278137207,-21.385684967041016
VAXRUJ,20.19922637939453,-73.1281509399414
GIFDUX,8.522035598754883,-61.2037239074707
HEYVAM,0.25966405868530273,-56.41244888305664
UBEHOA,109.58761596679688,-17.056474685668945
RATNIN,130.1761474609375,5.815726280212402
CAGQIO,-46.4881477355957,81.41513061523438
QIQKOS,-57.366912841796875,-4.23624849319458
TEHFAR,-28.298559188842773,54.83627700805664
CEKKOU01,-77.62395477294922,18.11096954345703
VAJPII,-11.248815536499023,-3.6389596462249756
PEKSIJ,44.349971771240234,-54.31988525390625
LEXQEM,-56.01707458496094,39.33876037597656
FUDDOX,3.6531405448913574,61.3029670715332
UBESAV,-17.559246063232422,-81.62974548339844
KUQVOI,-21.725893020629883,-79.4427719116211
MULPUH,-5.338870048522949,-71.93901824951172
ESAVIF,-0.3183460831642151,-46.4918098449707
COXYUK,-50.22856521606445,86.3309326171875
BOVWIU,-47.00786209106445,80.8786849975586
NUQYII,-50.31828689575195,22.91119956970215
IRAGAL,127.36412811279297,12.821065902709961
ULESUB,76.16646575927734,72.91726684570312
UZUFON,76.44732666015625,59.886444091796875
OFUYIZ,5.500268459320068,58.05373001098633
BATDUX,-13.262487411499023,-38.47504425048828
PUMFOV,-100.60295867919922,41.08953857421875
SETSAN01,-36.68336486816406,86.33338165283203
AGIVAR,-61.254554748535156,62.20287322998047
OCOQIK,11.446524620056152,-80.08202362060547
QUYJEA,-86.92830657958984,38.57316970825195
VEMKON,6.924360275268555,-32.87723922729492
PODYEM,35.93407440185547,-62.37818145751953
CAPKEL,-42.71074295043945,35.211891174316406
QUFROA,13.297327041625977,-67.0367202758789
GEWSUW,-19.57457733154297,-103.7973403930664
QOYLAR,61.46995162963867,66.48829650878906
EYEJAW,-21.598297119140625,-94.21599578857422
NUJWOF,-60.685306549072266,7.323920726776123
VAVYUQ,18.597021102905273,-73.98529052734375
VEVFUZ,-92.02011108398438,52.017250061035156
YERXUP,-106.78303527832031,22.996379852294922
JOJJOH,-26.48651885986328,-81.95549011230469
AKOBUZ,-22.81243324279785,-14.969964981079102
MENQUV,-32.569580078125,-70.3105697631836
VEGHOH,-75.88055419921875,-2.616055488586426
WOBQEM,68.49752044677734,-18.6218204498291
ZAQRIW,-24.861228942871094,-24.577775955200195
KAXSOT,-96.24788665771484,41.36492919921875
RACBED,34.184898376464844,11.35396957397461
KUQXAY,-67.088134765625,33.68632888793945
NORTAS,-104.98787689208984,45.241065979003906
HOLWAI,40.476505279541016,61.534088134765625
WUVXEQ,37.5899658203125,-38.887210845947266
IRAMEV01,117.12653350830078,-18.06069564819336
IFEFOR,77.10888671875,83.09382629394531
KENCIS,14.628137588500977,0.28791987895965576
QADCAB,87.77057647705078,83.64251708984375
BACQOO,17.247318267822266,-85.71002197265625
WUXYAQ,32.227394104003906,-62.03504943847656
HOGLIB,86.56185150146484,78.84617614746094
GUNWIX,74.94467163085938,-2.2213406562805176
LEWQUB,-24.9298038482666,-62.94456100463867
JUVNUM,104.61653137207031,-12.177013397216797
LONRIP,27.386371612548828,10.403589248657227
REJZUC,65.5813217163086,-15.164213180541992
LIPZOA,83.30122375488281,-4.291036128997803
BILKEO,-36.94170379638672,-4.334985256195068
PEZKIQ01,-35.96111297607422,-54.71377944946289
FANFOT,91.19686889648438,-42.78759002685547
OYUHAU,-35.417728424072266,12.03043270111084
SIDJIA,-64.79037475585938,0.9990484118461609
LATJAT,71.46916961669922,-5.437119483947754
OHEHIV,20.68019676208496,-54.135013580322266
AXAKOA,16.96337890625,-56.551578521728516
UPEMAE,92.47794342041016,-29.03341293334961
UFIRAG,13.699462890625,-7.964013576507568
JISZAM,17.509721755981445,2.011730194091797
XUBVEW,10.289676666259766,-60.722782135009766
ERELIZ,-42.15338134765625,37.07267379760742
TIKPAF,-84.80033874511719,-13.351978302001953
RASSUZ,-38.63308334350586,56.87631607055664
CAYZAE,-62.072784423828125,-11.958005905151367
GEFDOO,-96.55984497070312,36.11470031738281
KADFUR,-43.653282165527344,67.42842102050781
RESHAZ,-57.85834884643555,-9.1595458984375
XAFTEG,-26.058687210083008,-91.5562744140625
BPAMAL,131.1229705810547,15.235188484191895
NIJHEV,-37.99155044555664,-5.995918273925781
SAYQAM,78.5196304321289,51.98603820800781
XOBCAT,77.18939971923828,82.27567291259766
MAMCAF,-16.809467315673828,-84.02457427978516
NUQKOB,112.8910140991211,-29.05138397216797
CENLIT,49.142181396484375,52.407737731933594
KICWEA01,-87.79783630371094,45.87855529785156
IFEGAE,-18.249332427978516,-79.55870056152344
PEKTAC,-22.80450439453125,-69.17008972167969
WOVYOV,39.721221923828125,56.63547134399414
HOVFEF,-53.56246566772461,68.72024536132812
LEZNAG,-95.25543212890625,35.54218292236328
TEJWAG,-20.54082679748535,-27.80744171142578
QAFSAU,-93.245361328125,-0.6754598617553711
GAVHER,-24.114864349365234,44.26361083984375
CALWEV,54.19740295410156,-17.49734115600586
DICKIJ,-23.136173248291016,65.03986358642578
PUMGAI,90.00788116455078,-44.375728607177734
OCIPOG,11.414690971374512,-78.12565612792969
TOJNOY,96.46205139160156,-41.728485107421875
JILXOU,-46.938350677490234,64.3404541015625
XEDROR,47.65593719482422,29.291000366210938
NEZCAY,-34.09440231323242,-71.8466796875
BEQWAV,-103.9650650024414,22.929224014282227
NOLCAV,72.92642974853516,69.8788833618164
NUKZOJ,-21.69835662841797,-63.71537399291992
GUHMAX,51.614864349365234,-18.927139282226562
GUDTOQ,21.391626358032227,-60.55262756347656
GEFGEH,-50.741268157958984,0.044405899941921234
EFOMOB,-89.35283660888672,43.119041442871094
KECJAG,-45.68650436401367,29.726825714111328
SEFCIT,-93.89620208740234,36.63991928100586
EBONUG,-46.013633728027344,29.519075393676758
USAKOP,-96.66735076904297,45.507877349853516
VAGVIJ,-10.931219100952148,-76.52035522460938
OHIQUS,133.33346557617188,8.366373062133789
LUNZUP,115.56011199951172,3.258415937423706
BUBWIF,-46.02155685424805,78.0697021484375
YECXEN,-106.12861633300781,11.039873123168945
JELVAA,53.903358459472656,37.62874984741211
CAFBAR20,-86.30597686767578,6.948200225830078
MAHKEN,26.015560150146484,-41.15811538696289
JEDZOL,-103.20095825195312,48.720985412597656
UFIFAQ01,-64.09735107421875,43.26868438720703
IYUNOF,18.628694534301758,-40.685054779052734
QARGUO,15.247669219970703,13.646631240844727
XUVXER,-36.06734085083008,39.306480407714844
HUQWUN,-66.52703857421875,-22.67327117919922
XUVTOY,55.10731887817383,51.100833892822266
ATOLOL,-110.81307220458984,47.1030158996582
MOYLIW,114.70967102050781,4.508813858032227
XAZWAX,-35.15316390991211,-98.91712188720703
HAYVOT,-76.09921264648438,56.809078216552734
CEQDEL,24.495893478393555,52.642757415771484
DOTGOJ,-13.810322761535645,-76.53776550292969
LANXOP,58.469810485839844,72.5442886352539
XAGXIQ,67.07791137695312,45.76718521118164
IFEFIL,-71.80159759521484,-9.914955139160156
EMUROU,-39.236568450927734,68.04839324951172
FUSCIH01,19.488082885742188,-51.026527404785156
HEFVIY,-61.7725944519043,24.405122756958008
SAVZUO,-17.0554256439209,-31.276657104492188
BUNHID,-80.44963073730469,16.035043716430664
FARJAM,63.66233825683594,-22.123180389404297
POHZAN,15.559236526489258,-89.15568542480469
HOGFEQ,17.029998779296875,6.098982810974121
KAQBAF,-57.18255615234375,33.71074295043945
LEKRIC,109.4124526977539,-20.7699031829834
DUSCOK,79.33007049560547,-39.95644760131836
AKIBOM,24.324142456054688,-66.50846862792969
CUXZOM,7.6322455406188965,-11.574272155761719
SMZTMP01,-100.81263732910156,40.94838333129883
KOKHAV,50.21762466430664,-60.32290267944336
IYUVAA,-45.61398696899414,80.5162124633789
EDUYUZ,2.451566457748413,-73.98932647705078
YEXFUD,115.83905029296875,-15.430400848388672
PYMCBZ01,-65.39893341064453,64.70144653320312
DOKKIX,13.066489219665527,-72.73673248291016
TECCIQ,9.684067726135254,0.8113877177238464
XIBDUJ,46.53998565673828,46.933265686035156
YIFXOB,79.08147430419922,44.15034484863281
KOMTUC,7.537833213806152,-63.10844421386719
QOYKOE,-31.764049530029297,-67.21375274658203
UYIKUK,-34.17925262451172,-76.05538177490234
YAJGOI,-29.9471435546875,-82.39083862304688
LIDNUK,-62.225067138671875,-11.000617027282715
GEDLOR,113.51331329345703,-27.55847930908203
BIFFED,-88.2936782836914,37.84169006347656
CIXMIH,-90.67198944091797,30.981849670410156
YEFDOE,-18.5214786529541,46.14978790283203
PUNXOM,-69.21452331542969,-26.59038543701172
IVULER,4.485596656799316,-84.77519989013672
ONAPOJ,-86.12704467773438,5.742612361907959
YOVMEE,40.29145431518555,-31.782880783081055
RAMKOJ,49.968048095703125,36.2420539855957
GANYEA,-20.58136749267578,-44.729679107666016
HONTOU,75.1410140991211,79.75640106201172
ROMLOV,61.503211975097656,-6.094302177429199
NIWQOC,-53.2768440246582,-18.14788246154785
EXANUN,-59.97538757324219,-12.41877269744873
OFEPUK,-18.966238021850586,-60.90598678588867
WUVKEE,-65.37939453125,78.00592803955078
MEBHAD,4.318541049957275,-11.155744552612305
EPUPUB,-86.4053955078125,29.364681243896484
SECWEE,-85.87936401367188,34.30648422241211
UQEJAE,-94.67635345458984,1.5108263492584229
EWAMUL,-11.776819229125977,11.641759872436523
PEVDEC,78.01901245117188,84.50682830810547
POHFAU,-69.16450500488281,-25.991329193115234
MIJDIU,39.760711669921875,-43.896915435791016
LIGNUN,109.99381256103516,-33.02736282348633
ROQYED,-26.310405731201172,-93.7641372680664
NUTSOK,114.26246643066406,-31.363548278808594
MUPPES02,-88.11359405517578,9.829909324645996
TEKKID,38.77669143676758,-36.23625564575195
VILSEP,129.33384704589844,14.415409088134766
ULAJAV,23.219467163085938,-58.38845443725586
EYOMAH,-45.48320007324219,27.18450164794922
FECZES,-49.52545928955078,79.23192596435547
WOKXIF,-39.015281677246094,71.43746185302734
NAWZAQ,-64.64342498779297,45.98545837402344
QIRRAM,13.467023849487305,3.17938232421875
JUWHUG,-100.98131561279297,29.47020149230957
HOQGIF,-92.57876586914062,-7.376494884490967
TORZOS,-82.13532257080078,-9.4120512008667
CEHBAU,94.427490234375,-10.466130256652832
BURWAP,33.57596969604492,-37.799190521240234
UPEDEA,130.14111328125,1.032732605934143
FEYTOV,-24.124759674072266,-57.4339714050293
HEGHEJ,-41.765140533447266,59.28068542480469
JOXFOU,58.37864303588867,78.4961166381836
ZOCRAM,-91.00312042236328,2.2740252017974854
QAKDIR,49.05850601196289,-11.396193504333496
TAZKAJ,99.12721252441406,-32.81638717651367
HIVPIL,-9.481385231018066,-43.5106086730957
LOTGOQ,51.95245361328125,0.8967278599739075
MEDFOS,56.82527542114258,55.73511505126953
TUPTUU01,8.312275886535645,57.96592712402344
XAZSID,15.680648803710938,-48.724830627441406
HAGGUU,131.4464111328125,17.391998291015625
TIDFUH,-98.80301666259766,24.81983757019043
CIZYIU,-5.393980503082275,3.633136510848999
HUHDUK01,112.78539276123047,-29.0395450592041
QURWOQ03,62.72194290161133,-19.645854949951172
UFEVOT,99.12747192382812,-32.816368103027344
ELEGUY01,119.2711410522461,-33.30396270751953
GAZSOT,-17.576858520507812,-99.45484924316406
FIRHOG,-77.96122741699219,-0.5325927138328552
WUTFAV,71.88145446777344,-32.04230499267578
SILYIY,-68.73574829101562,9.897483825683594
UREXPO11,-73.13539123535156,66.95818328857422
DATQEV,-77.70446014404297,58.022403717041016
INEXIJ,20.021503448486328,4.160460472106934
EYIFAW,2.958597421646118,-79.01079559326172
UHADIR,-84.42774963378906,6.724282264709473
UFEVEJ,4.025379180908203,-48.95824432373047
YAFFUJ,-25.45995330810547,45.47385787963867
OKEXIO,-101.04693603515625,43.180538177490234
NINXOZ,-93.83837127685547,2.570345640182495
NUKYIC,73.06501770019531,-40.38959503173828
LUTXOP,36.240684509277344,-80.54046630859375
BULLAX,-96.82477569580078,58.49706268310547
UMUXIJ,89.30293273925781,82.3376693725586
DIRNUP,35.34878158569336,-60.12275695800781
LOLSUA,79.28521728515625,45.536354064941406
KUQYEB,-51.573280334472656,-23.261571884155273
XANPOT,61.66859436035156,76.98917388916016
PIYFAE,-87.64603424072266,28.164691925048828
YIJVIX,-48.59187316894531,75.82046508789062
XEQCUT,-78.38573455810547,53.93345642089844
FOHDIQ,111.1748275756836,-24.563785552978516
PORNOB,130.09799194335938,5.3155035972595215
ASAVUL,16.711013793945312,-52.427433013916016
FACXUD,103.67018127441406,-47.65815353393555
ZARHUX,74.74735260009766,-31.405654907226562
IVUQOG,31.95989418029785,17.051124572753906
PARXEM,-78.8295669555664,-34.517093658447266
MOXYUW,-8.521072387695312,-17.487051010131836
VIGDAR01,-6.798724174499512,1.3563703298568726
EHETOD,-52.017784118652344,82.00048828125
LEPDAP,4.8661322593688965,-38.178585052490234
SLCADC01,-17.45199203491211,-68.90666961669922
MIYBAX,-19.960580825805664,-17.077360153198242
OFIDIU,-73.11276245117188,58.50128173828125
GUDTAC,-7.916648864746094,-88.9986572265625
QIPMEK,-21.150177001953125,39.455230712890625
XOBVOC,20.31129264831543,-24.686023712158203
WOTDOB,-74.41400146484375,-31.701557159423828
ZONQIC,-76.20481872558594,10.167509078979492
ACOMOW,-12.167459487915039,-19.81005096435547
VEJZOC,-37.73152542114258,75.4285888671875
SECYEH,0.05816057324409485,-6.424019813537598
TAVZOI,52.98423385620117,45.58760070800781
RERCIE,-67.4771957397461,55.10301208496094
NUMYOM,76.29611206054688,64.26825714111328
AQEJEO,-39.19633483886719,83.6947021484375
ZITJIX,-97.75971221923828,-1.0070754289627075
ULEFIB,95.37511444091797,-28.285062789916992
LORNEM,-110.75212097167969,42.06326675415039
KIHYUW,75.61532592773438,-15.38082504272461
XULMAS,-104.23471069335938,-8.370819091796875
ZAQTUG,36.82692337036133,-58.323486328125
EMIQEZ,15.65082836151123,11.603804588317871
NIMGOI,60.09076690673828,68.65926361083984
UMIWET,75.790771484375,-16.063819885253906
QOYJUJ,-41.63241958618164,81.82380676269531
CEWCUC10,20.33870506286621,-12.913568496704102
NUQLOC,78.21806335449219,-23.52635955810547
CIMVED,39.47861099243164,-33.3188362121582
HIYCAT,-3.6463701725006104,-63.84701156616211
ODUSEO,113.70865631103516,-18.378738403320312
WANDIZ,116.35693359375,4.342037677764893
FOMFET,65.95336151123047,52.06904983520508
JIQFAT,94.65336608886719,88.55650329589844
PEGMOF,-63.587493896484375,29.685625076293945
ODIHOZ,1.8213675022125244,-84.53398895263672
MULPAN,-29.9471435546875,-82.39083862304688
VEVZON,117.42229461669922,-17.936681747436523
KOYWAW,10.932320594787598,-63.300777435302734
WIVQUN,73.5002212524414,-6.937820911407471
LEWREK,-49.839603424072266,40.19590759277344
RUKHAH,40.28187561035156,60.643795013427734
XELJUT,67.51661682128906,59.529197692871094
FIWWIT,28.08095932006836,-34.5391845703125
AVALIS,-107.0270004272461,44.85494613647461
XUJNOH,-43.55484390258789,82.56657409667969
DIDZEX,115.82953643798828,-35.206642150878906
XOJNAM,-71.89736938476562,5.737551689147949
GANYIE01,111.31375885009766,-30.70376205444336
LONRUB,-17.327476501464844,-74.3404541015625
LOQWUM01,-5.445167064666748,-85.54829406738281
OTIGAA,-28.847370147705078,-79.70889282226562
FEYZEQ,29.204092025756836,10.513715744018555
XALCOC,12.023537635803223,1.9678949117660522
VUSMAY,-53.27574157714844,78.01506042480469
KOXWEB,22.499542236328125,-28.875974655151367
TOMXIE,-88.62063598632812,-0.2284337878227234
KEKHAK,108.04861450195312,-3.376943349838257
PEFGEO,-58.11631774902344,-3.984410285949707
EDIXUM,-50.173561096191406,64.17208099365234
LEFYAY,74.1600112915039,-35.906700134277344
JUWHOA,-75.18212127685547,-6.475512981414795
ODIDEN,56.49642562866211,74.64215087890625
YUPPUX,-43.52618408203125,34.653377532958984
UKIVAO,-49.533451080322266,44.169063568115234
UJOGOQ,-61.859718322753906,21.164690017700195
GESJIZ,-54.95985412597656,60.879608154296875
XOLLAL,-21.31810760498047,61.22949981689453
XUNGIW,-48.392330169677734,72.2775650024414
PAXNIN,36.32381820678711,-60.743980407714844
SARQOV,-56.7087287902832,73.72076416015625
EGENOV,-100.41851806640625,-1.5786876678466797
YACYAG,-45.90983581542969,83.5759048461914
SAXPAK,20.570859909057617,-73.90316009521484
GUMVIU,-69.14802551269531,-15.36308765411377
ANILER01,-37.25223922729492,-87.39896392822266
YAWKEQ,-70.16590118408203,-16.59477996826172
ZEJLIM,96.09500122070312,-38.89405059814453
VUHFIO,-54.1500358581543,72.14601135253906
GALRIU,-21.793975830078125,48.530052185058594
VELWOB,-43.59051513671875,32.0655517578125
HESYAF,74.45073699951172,40.90916061401367
OFEGIT,38.54806900024414,-80.01338958740234
ZEXJOE,25.04636001586914,-39.57036590576172
TUFNUF,10.07216739654541,59.59489059448242
KUZJIZ,-34.13009262084961,-83.80421447753906
POCBER,-101.74737548828125,28.68311882019043
FOMDUI,112.0618896484375,20.3044376373291
YEPKAI,-13.002875328063965,-11.35902214050293
HANBOO,-4.484319686889648,0.3009383976459503
XAQRAJ,58.87074661254883,76.08787536621094
LATNAX,125.5285873413086,12.063910484313965
PVVAWG01,-4.620072364807129,-69.59043884277344
AFADIU,-101.98568725585938,26.020341873168945
MIPPEK,75.24237060546875,77.06352233886719
MECHAF,105.70844268798828,-5.015469074249268
FEQXIJ,9.859354972839355,-10.887048721313477
WEDLUO,94.58967590332031,87.6453628540039
HIQGAT,27.17674446105957,10.02619743347168
TOJQUF,52.35675811767578,4.099065780639648
YETFOV,60.04041290283203,-5.19877290725708
KAYGOI,-8.846354484558105,-47.23484802246094
BALVOZ,6.688855171203613,-73.74829864501953
ESODUO,-0.8404683470726013,-5.513582706451416
HIFRUN,7.632210731506348,-11.57426643371582
GEHROB,81.02288055419922,64.82908630371094
GAPMAN,-26.769947052001953,-51.12268829345703
CASCIJ,-29.026378631591797,-70.78750610351562
FIFFEG,13.686165809631348,-50.066993713378906
LOCLOF01,-42.478092193603516,68.4483871459961
XUPKUO,42.14190673828125,-34.21269226074219
GARQIC,6.331401824951172,-67.24552917480469
GIDFUY,29.79205322265625,20.363489151000977
TURNOM,36.485740661621094,-50.2640380859375
VUKPAU,82.58187866210938,70.1981201171875
DEYPUW,105.5010757446289,-46.40110778808594
CIYPUX,38.484107971191406,-78.21842193603516
REHTII,-90.64619445800781,-16.5950927734375
WUSMUU,-56.34769821166992,45.546878814697266
BECPOR,79.06735229492188,-39.814208984375
CUKVEK,62.78511428833008,70.90119934082031
YOVNAB,-48.319847106933594,32.25033950805664
BUDQEX,-35.486087799072266,7.776423454284668
TARPIO,47.113712310791016,37.728302001953125
FOXPOY,-73.11988067626953,63.91505432128906
TEYSIC,-45.87876892089844,22.111957550048828
WIJNOS01,7.631259441375732,-94.99632263183594
ULAWAF02,13.105191230773926,-93.33440399169922
CIPTUU,41.90616989135742,-46.426177978515625
YECXUD,-67.21504211425781,56.52396774291992
RUYZAO,26.89559555053711,-33.8376579284668
LAJJUF,131.30508422851562,12.749601364135742
MAVYUF,-76.37398529052734,5.018979072570801
FOVROX,47.115692138671875,35.505958557128906
RIQWUM,-68.87696075439453,17.844486236572266
LETBOF,-11.949341773986816,40.257694244384766
HIQHAU,33.19908142089844,-36.485107421875
OYUXAK,-10.080676078796387,-48.1463508605957
ZAJHAT,62.02987289428711,66.29297637939453
ICOVEF,-13.19051456451416,-61.815921783447266
YEDCUI,68.71745300292969,79.5506591796875
FARMEU,101.97107696533203,-41.94013977050781
DUZNOC,133.0452423095703,7.301000595092773
AWIHIY,-24.070112228393555,62.29972457885742
LOMHUR,5.342484951019287,-91.957763671875
YOYLEG,-15.034703254699707,-32.95919418334961
FALTET,50.12845993041992,32.35578155517578
QUVPUT,-74.55963897705078,10.715812683105469
XICROS,-46.52819061279297,83.37781524658203
JEPYIP,-95.10147094726562,37.99089050292969
TRYPTB,117.11095428466797,-19.01074981689453
UKAYIR,-8.192757606506348,37.724246978759766
VEDMAT,9.218635559082031,-12.794038772583008
LUNNAJ,-21.786293029785156,-41.366249084472656
XOMPUK,-17.155122756958008,-69.0491943359375
VIPXOJ,2.451594114303589,-73.98938751220703
YIRLOB,-111.71495819091797,25.70195198059082
PIGHAP,10.781012535095215,60.38520812988281
CEWQEE,-59.877540588378906,-20.480918884277344
RORMIW,-54.15021896362305,72.14571380615234
FAKJUY,-60.03350067138672,63.82398223876953
OLOBAS,-70.22498321533203,-12.076631546020508
QUSLUL,81.6461410522461,-14.567642211914062
EKAWOC,2.7437164783477783,-84.69850158691406
HOCJUH,55.16280746459961,-18.610248565673828
KECTAQ,101.20195770263672,-40.262535095214844
VOJKIR,-54.84947967529297,79.07380676269531
LIDNOE,36.225074768066406,-31.893449783325195
KIPHOJ,-32.50859069824219,-52.57530212402344
MIPVOW,10.364483833312988,6.213403224945068
UHUFOU,56.114959716796875,76.59965515136719
XAQREN,-47.290653228759766,41.346893310546875
BUQQEK,47.14014434814453,26.842069625854492
LOMTIQ,4.237574577331543,-78.8188705444336
GADYUI,-28.305763244628906,-66.8574447631836
XOJNUG,-73.8941650390625,-10.63884449005127
ISIJAW,66.36407470703125,-2.4286561012268066
MOGVUB,-43.849205017089844,78.47286224365234
EZIFEZ,-93.10555267333984,52.252342224121094
FIMTAW,34.12096405029297,-46.891265869140625
CAQLAJ,-96.15375518798828,18.899633407592773
LIGNOG,-44.99031448364258,-54.2600212097168
LOFJOH,-54.86696243286133,-25.773223876953125
GOGFOA,-108.61873626708984,36.88867950439453
LABJUX,-4.7082648277282715,-87.0451889038086
GADGUN,99.36935424804688,-41.8491096496582
YOZKUW,-61.119049072265625,70.6828384399414
KEBLUC,-67.28971862792969,47.08919143676758
WADMOG,110.71897888183594,-24.641887664794922
WINXAW,-25.58409309387207,-93.56951904296875
KUQXIG,71.7121353149414,-38.19194030761719
MEDCOP,-98.18379974365234,13.323538780212402
DIFNUC,19.445627212524414,-11.449875831604004
UMININ,-106.34293365478516,48.42420959472656
HURMUC,-47.86902618408203,57.93210220336914
WIVDUA03,3.668226718902588,-68.32698059082031
QECYII,109.39714813232422,-1.5912984609603882
HOGGUH,-13.126070022583008,-56.209964752197266
UNEZOC,21.418378829956055,11.066165924072266
VICPOM,-18.85821533203125,39.465049743652344
LAGVAU,-17.910179138183594,-81.39132690429688
NOBWIN,8.782904624938965,58.69086837768555
TOQQAU,-97.96419525146484,-5.452787399291992
GUFDOB,37.244754791259766,-54.518428802490234
NAQPIH,39.34796142578125,-54.34906768798828
XERCEF,-30.06768226623535,-93.23623657226562
AMAYOF,-5.381545066833496,-13.855087280273438
KIJFUI,-27.639244079589844,74.38358306884766
ZUPMOP,103.9022216796875,-22.776155471801758
AJAGUN,-65.58757781982422,-18.16683578491211
KEXZUJ,80.1482925415039,44.131439208984375
ROHDIB,-86.67800903320312,44.860015869140625
OBOVAF,-74.6539306640625,-14.295105934143066
IPEVUV,12.75427532196045,61.46366882324219
WOQBEJ,69.2513427734375,79.44369506835938
TEYSOI,92.22802734375,-6.22857666015625
SERHOX,-61.96604919433594,-11.549120903015137
BEPDOT,99.45439910888672,-27.62986946105957
QAMSAZ,-50.041255950927734,86.26605224609375
YUCPIW,-6.39566707611084,-53.713096618652344
NIQJAB,-54.254878997802734,61.56768798828125
LIGNAT,-93.1036605834961,53.529422760009766
VAVKIP,-1.0286765098571777,-0.6654256582260132
FEVLAW,19.276273727416992,-10.791919708251953
OCATUH,-35.35116195678711,-99.54713439941406
CUKKUR,23.764604568481445,53.58831787109375
PETYUJ,-55.09519577026367,41.57796859741211
CASYUT,17.653762817382812,-78.2839584350586
IXOXEZ,-0.3947353661060333,-96.00076293945312
SECDUB,-23.78775978088379,60.81974411010742
AGIJAF,-20.481761932373047,-57.6023063659668
SAQJUP,-84.34662628173828,-2.0226926803588867
UGOHUV,78.37664794921875,-36.24899673461914
OVEZIB,130.05413818359375,14.989601135253906
BZPCBQ,-10.835747718811035,-69.14481353759766
NEQNOP,52.08319091796875,-0.17822347581386566
UYAZEA,55.457855224609375,-18.673797607421875
JOXBEF,95.23360443115234,1.9614487886428833
WIHZUJ,-58.0328483581543,-10.599803924560547
AFONOB,-24.083328247070312,-74.64266204833984
LIBTUN,-97.67922973632812,24.509807586669922
SIHMAA,-89.6379623413086,37.52751541137695
RAWBOG,80.9273452758789,-1.6991366147994995
KIZYEZ,12.17218017578125,-67.6121597290039
SIBYUA,-19.321786880493164,-92.16451263427734
BAYWAC,45.61511993408203,49.42808532714844
VOBMOO,64.50089263916016,-16.228981018066406
MUYSIJ,25.949060440063477,21.318540573120117
TAPMEC,-37.44438934326172,-3.8284473419189453
NUKZID,-56.68970489501953,24.855104446411133
SEMRUY,-99.58505249023438,-8.246575355529785
EFUCEP,19.060550689697266,-46.45771789550781
MUPNER,-35.47063064575195,-94.20357513427734
OPEKAW,-15.617918968200684,-46.02251434326172
XEDSOS,-104.54539489746094,23.219900131225586
BEPTUN,-109.4402084350586,17.181243896484375
BUBXEC,-64.7239990234375,21.127931594848633
ZAJHOH,-111.83554077148438,-10.27608871459961
KOSYOG,41.202877044677734,33.01591873168945
BARBUR,92.72615814208984,3.851139545440674
AWOQUY,-58.345237731933594,18.59853744506836
TOSGUF,-10.702370643615723,-47.78984832763672
DIDZAT,117.20743560791016,-16.424484252929688
XUVQOV,4.4542059898376465,-91.82876586914062
BIDJEE,51.78805160522461,7.315628528594971
XAQQOW,-89.08867645263672,2.274925708770752
SOVDIQ,50.7076416015625,-60.44091033935547
CEXVAG,-18.722774505615234,-66.56317138671875
HISRIM,-42.613399505615234,35.04437255859375
CIVQEH,-85.5835952758789,-1.0419354438781738
OSEXOA,55.024627685546875,57.71656036376953
PEZJAH,-78.34895324707031,-20.461450576782227
KAZNAD,-21.3743896484375,-9.51659870147705
KUWMEW,-54.17498779296875,21.275548934936523
FALSUI,63.03193664550781,-12.350242614746094
ADAFOD01,69.74069213867188,-34.51567840576172
EZASEG,-9.498461723327637,-5.858019828796387
CIJTEU,-97.55380249023438,-2.3034493923187256
FERYIL,-38.12742614746094,-93.75995635986328
FAYTAC,45.03006362915039,49.20381546020508
PIRRAL,9.872295379638672,57.573787689208984
JOKYEQ,-79.76366424560547,-20.969749450683594
XISPEX,-2.388538122177124,-63.16424560546875
QOJNAF,94.32601928710938,-29.794282913208008
UKISUF,-8.560528755187988,-57.15486145019531
OHAGIO,52.1887092590332,61.946529388427734
EYEHAT,-6.0011115074157715,-46.997798919677734
NETTOZ,106.48988342285156,20.835405349731445
GUDVIM,-77.45928192138672,60.822296142578125
NIZLAK,111.30351257324219,-0.8280959129333496
BIHZAU,-62.39415740966797,4.150346755981445
EKEXOK,14.08681583404541,-56.23432922363281
FIMTUQ,-45.98188781738281,78.53022766113281
HECROZ,-64.14344787597656,30.583595275878906
VATTIV,-16.4622802734375,-17.171369552612305
KIZYAV,-18.274492263793945,-102.86212158203125
AQUMIL01,-29.85873031616211,67.14568328857422
KIBQOC,-73.4508285522461,3.525660514831543
WODDEZ,-68.36912536621094,22.28630828857422
URAKOO,-15.510169982910156,37.35039138793945
IHAXEW,39.73418045043945,-44.013694763183594
QAXYOG,115.51374816894531,-37.60728454589844
QEDXII,131.5208282470703,17.91337013244629
PUCTOZ,-67.97933197021484,14.919485092163086
ZELDAY,12.745841979980469,-92.55181121826172
ZUVXAR,-54.551963806152344,-23.157119750976562
MEWNUA,114.74072265625,-15.85012149810791
XIQFOS,100.85362243652344,-42.26678466796875
AXASOH,29.819307327270508,16.462522506713867
JOSLAG,129.04661560058594,9.734177589416504
WUDHUA,67.71391296386719,46.852970123291016
NUZSOS,89.4326400756836,-39.60567092895508
HEVJAT,-24.770448684692383,-72.00645446777344
EROROT,-24.402015686035156,-65.7000503540039
COLHIX,-2.1460347175598145,-75.3802490234375
FOACAM,-29.315324783325195,-53.83599853515625
YADSEE,-53.38051223754883,16.082719802856445
BIZTOV,47.83608627319336,45.327144622802734
CUXPET,-38.34904861450195,5.141841411590576
WEGMOM,-22.763023376464844,-13.020753860473633
CUYKUF,-36.54663848876953,66.97188568115234
QORROE,129.6536407470703,-1.0433350801467896
TEHDOD,-93.42460632324219,51.9942741394043
PAHZEE,-104.24098205566406,19.131471633911133
LADDIF,-52.41362762451172,79.61538696289062
EKOZIQ,30.483901977539062,-59.79483413696289
ZELFEE,130.2841796875,0.13428036868572235
URUDER,-88.54869842529297,28.106725692749023
RIVMIV,-35.53468704223633,-55.12010955810547
CILRUK,80.25390625,-11.486722946166992
QANPEB,2.5471723079681396,-81.123046875
SIMKUV,-17.381595611572266,-17.68216896057129
OHAGUA,9.261040687561035,-37.1633186340332
VUWQEL,-9.166910171508789,-60.34138870239258
VULDUC,90.92789459228516,87.06334686279297
ZPHCYQ,-23.602327346801758,64.44624328613281
MAHKAJ,9.265201568603516,-8.727073669433594
CAKZEV,37.30056381225586,-57.15919876098633
OJUBEC,-28.712158203125,-53.921817779541016
BARLAK,-57.86104965209961,-8.583877563476562
QEDNUM,-67.4212646484375,33.04459762573242
GUXSUQ,64.50269317626953,65.40291595458984
QECHOX,58.015865325927734,-2.5596349239349365
CELMUC,-92.06824493408203,43.923946380615234
DENXAW,-46.898406982421875,-22.85774040222168
TMABCA02,4.848355293273926,58.80663299560547
LAHHAH,5.550857067108154,-11.039234161376953
VUYHII,-11.04036808013916,50.07018280029297
RULYAA,124.12491607666016,-4.062779903411865
MOLGIE01,-10.115202903747559,-15.83604907989502
POVYAD,-54.85029220581055,44.586795806884766
HOGJOF,-52.30113220214844,69.24808502197266
FERLOH,21.79673194885254,52.96676254272461
VABVOL,-47.21067810058594,76.52069854736328
POWYAE,-77.78516387939453,-1.2738147974014282
JUGQEH,30.43763542175293,20.8536376953125
ETEFAN,80.04580688476562,67.8470687866211
SARDOE,-48.52927017211914,84.61058807373047
XULKOG,60.591854095458984,69.50330352783203
QEDVUS,-3.33730411529541,-72.76740264892578
IBUBAM,75.28682708740234,75.66902923583984
WELCAV,19.22703742980957,-45.85763168334961
BARHMP,2.8216588497161865,-85.06291961669922
QIBCEM,-72.66156005859375,-1.9064680337905884
FEPPUO,-65.07762908935547,47.25795364379883
AYUYUO,-97.28872680664062,36.68597412109375
WUVKOO,-18.472543716430664,-17.475126266479492
DAQYUQ,42.361934661865234,-32.91704177856445
ATUVEQ,75.5199203491211,-46.199275970458984
PEVCOL01,-89.55868530273438,-15.746519088745117
KABPOU,16.94645881652832,-58.656681060791016
FAKJOS,80.54110717773438,-14.533088684082031
GAGPEN,-49.29856872558594,-24.78923988342285
BOMCAJ,123.20665740966797,-2.805262565612793
WELYUH,111.52799224853516,0.8113477230072021
EDADOC,51.93406295776367,5.601637363433838
XOJNIU,-14.010920524597168,35.22118377685547
JAHJOV,68.5050048828125,-34.339115142822266
JOKXUF,-19.980581283569336,-47.9543571472168
MORVOF,54.71245574951172,38.1082878112793
RERDEB,-38.71207809448242,42.375457763671875
NARLOJ,10.781012535095215,60.38520812988281
LABKEI,23.035097122192383,6.3904242515563965
XAYGUA,-61.97358703613281,-20.17966651916504
PUPGOX,16.27825927734375,-51.92143630981445
SERRAL,79.7215576171875,50.630558013916016
SOWLOF,96.42440032958984,-45.949737548828125
ZILMIQ,12.93831729888916,-54.852989196777344
JAZROU,104.46178436279297,-11.439767837524414
FOVCAV,75.74690246582031,41.1447639465332
DOMQOL01,-37.1385498046875,25.13910675048828
AZOTOZ,-27.359363555908203,29.913236618041992
LUNZEZ,-104.56986999511719,22.12523078918457
ROSTUQ,-60.49083709716797,-6.137439250946045
XUKJOD,104.81427764892578,-47.57777786254883
VIMJAF,-38.35507583618164,57.382850646972656
MIPVIQ,45.48593521118164,40.71115493774414
WABSIB,38.40135955810547,-41.02890396118164
UHUFUA,-51.29719924926758,44.1354866027832
UHEVIN,8.284781455993652,-79.28221130371094
IVUPAR,118.67347717285156,-34.715389251708984
KEFBAZ,-102.22290802001953,-20.19554328918457
WAGFOD,-51.22819519042969,-0.8097069263458252
GIJLOD,28.46876335144043,18.072372436523438
GAYQUS,9.225908279418945,-52.825809478759766
XEPBOL,-30.164127349853516,80.6174545288086
XIPLUF,75.43461608886719,58.01206970214844
EWARIE,-30.63589096069336,67.82600402832031
UZUZIA,-67.07555389404297,61.82807159423828
YACXUZ01,-10.129752159118652,-51.24884796142578
MEYPIM,-90.31195068359375,-5.8389892578125
COQDES,-39.36469650268555,-3.63848876953125
TEYSUO,-106.65227508544922,21.684118270874023
QESBOG,-93.9536361694336,38.30069351196289
HAXFER01,-26.876806259155273,-53.5137825012207
QIRKAD,82.39006042480469,79.62508392333984
FEFJOR,-107.20634460449219,28.007198333740234
WAGDER,-45.13380432128906,26.88427734375
XUNCAL,85.09614562988281,-48.638427734375
FAFGUR,-10.077043533325195,-16.656469345092773
YOGCUU,-77.694091796875,-27.335453033447266
JAWVUZ,20.62386703491211,-54.433353424072266
FIYTEP,-53.16331100463867,71.01106262207031
CAHLON,-111.87701416015625,19.524892807006836
CESKAN,-34.76778030395508,37.237953186035156
HEDSAM,17.762027740478516,3.1607396602630615
JILWUW,-33.70559310913086,35.46601867675781
NUQHOY,36.43213653564453,-52.049259185791016
BACRAB,59.05249786376953,-14.127967834472656
LATKOI,38.972713470458984,-80.6148452758789
GEFFAC,-95.60729217529297,15.214420318603516
QOLSAM,-67.78880310058594,-25.77284812927246
GEKGIP,-17.7086181640625,-67.8914566040039
KIPWIS,-57.22168731689453,-22.725431442260742
PASLAY,-68.0684585571289,-18.905357360839844
ELUGUQ,-8.391782760620117,35.96393585205078
LOGDOC,76.49108123779297,-38.48927688598633
KICWOK,83.0062026977539,-9.371683120727539
MUPMUG,84.86924743652344,73.5330810546875
FOVQEP,-33.49911880493164,40.469207763671875
VIPDEH,-58.256980895996094,-7.367171764373779
SEZZIK,68.38893127441406,-29.349761962890625
SIMTEO,83.6997299194336,-35.228336334228516
IVEKIG,115.16887664794922,16.128183364868164
BIXDIZ,32.45735168457031,-61.06626510620117
BOMGUH,-65.56063079833984,21.75594711303711
GIKBEL,93.41007232666016,-30.470727920532227
IVORUI,-65.62177276611328,5.941440582275391
HEGHIL,109.10185241699219,-13.285614013671875
KIXCIE,90.22097778320312,3.5454928874969482
ZOBRUF,-58.81692123413086,2.4453978538513184
TIJCOI,51.743263244628906,2.6041502952575684
PIPLUY,-34.91785430908203,93.04685974121094
MOCXUX,-85.39732360839844,-21.759984970092773
GUPCAY,90.71214294433594,-42.17009353637695
YUKVEI,-89.67645263671875,-14.383135795593262
NUKYUO02,54.867618560791016,59.85017013549805
UHACUC,-44.56166458129883,89.15811920166016
VABGUB,-73.7313003540039,1.1325300931930542
FANFUZ,13.668131828308105,2.140587568283081
ABEBIT,-47.68697738647461,29.025163650512695
ERELOF,-89.05838775634766,2.2939796447753906
RILQOU,127.65901184082031,2.3656821250915527
SIZKOD,91.24175262451172,-13.028487205505371
JEYTUG,-64.03925323486328,-26.341819763183594
YACFEQ,-39.94301223754883,53.98623275756836
RERPAI,103.92674255371094,-48.10831069946289
FEJXOK,-46.83285903930664,55.19911575317383
QEZTAT,7.122506618499756,-82.46792602539062
VIRKIU,-23.11712646484375,-14.412250518798828
AGUTUT,79.86225128173828,-45.844329833984375
MIDRUN,-94.9205551147461,-17.21100616455078
WOLCUW,90.66443634033203,87.8795394897461
MOYLOC,87.4571304321289,79.01004791259766
UVOLAT,-40.00658416748047,84.1850357055664
LATKUN,-42.529354095458984,2.3180294036865234
IVEMOO,-19.488265991210938,51.69375228881836
PAVTAI,86.79037475585938,-36.06935501098633
QICJOE,-6.6214447021484375,-47.189090728759766
PIPQUD,80.98294830322266,-46.617923736572266
TIDFER,-52.289581298828125,0.42359301447868347
QOFSIQ,99.89285278320312,-21.892436981201172
DOHSOJ,-56.61357879638672,25.229759216308594
QOVQEY,96.81902313232422,-12.993339538574219
OHAHAH,0.1542656123638153,-89.70648193359375
MESWAL,-64.56719970703125,30.80147361755371
SAFNOE,28.586091995239258,-33.01087188720703
IZAJUO,65.52100372314453,-29.580150604248047
ZATJUD,-36.870697021484375,88.79244995117188
EPUHAB,110.86543273925781,0.19192153215408325
TILYIZ,-33.12926483154297,88.33003234863281
EPUDOK01,-74.42432403564453,-4.907639503479004
QANMEY,116.5591812133789,0.8682803511619568
UNECIB,82.9365463256836,-6.70611572265625
MADSOC,-85.38589477539062,-6.950451850891113
UROHOZ,-88.06697845458984,5.990133762359619
BEVZOV,53.97051239013672,11.342126846313477
WADXUX,66.43738555908203,-2.421570062637329
WOLZUS,18.75220489501953,-75.3866195678711
NAQNOL,-50.54512405395508,13.874187469482422
KABLEG,46.00100326538086,35.13358688354492
EDAFAQ,-79.41034698486328,13.1161527633667
DEYQEH,-56.94850540161133,-10.452406883239746
TACZII,-106.25228881835938,-11.84408950805664
YOPRUT,100.84712219238281,-32.955909729003906
NADKAH,-16.7587890625,-85.73870849609375
XIRKUG,51.753421783447266,4.701378345489502
ZUNREF,84.63176727294922,-23.45387077331543
UDEPOM,98.46700286865234,-28.934602737426758
OZOSED,40.41071701049805,33.262203216552734
HONVAI,-45.22637176513672,30.073211669921875
TUMWEF,109.54042053222656,-25.352855682373047
WADMAS,-8.708571434020996,-39.66714096069336
PEKRAA,-83.29350280761719,6.383395671844482
ZUWCAV,46.54369354248047,33.07743835449219
NOFQOR,-65.1170883178711,63.31879806518555
HONVUC,14.382615089416504,-8.949872016906738
XOWWEO,81.44585418701172,53.6754035949707
PEXZOK,-100.13943481445312,38.24923324584961
EZAQOO,91.00760650634766,-26.138145446777344
ZATHAH,-47.765594482421875,86.40505981445312
JARHIW,-37.05925750732422,-1.0579547882080078
ZIMHIO01,114.01301574707031,16.86776351928711
OKOKIL,4.003055572509766,-49.54180145263672
XETSEU,14.384480476379395,-50.6645393371582
HIBKEI,-34.8067741394043,38.67367172241211
BODSAO,88.48849487304688,82.05365753173828
PAGCAE,-19.375930786132812,-37.0641975402832
YAHJIC,70.6501235961914,-31.868261337280273
VURBEP,-11.902033805847168,36.558067321777344
QAXZOH,-62.38105773925781,-15.79916763305664
WUWQAJ,-6.785741329193115,-75.88253784179688
RIGFAQ,-1.6777982711791992,-0.2734752893447876
JARTII,-37.50911331176758,86.90367889404297
GODTUO,44.560787200927734,37.17514419555664
LAVMED,-11.8521146774292,-40.20169448852539
ENICIO,79.71900177001953,-37.9998664855957
RIQXOH,-0.09411923587322235,-99.37992858886719
DIPDUF,60.46802520751953,79.79617309570312
JOXBAB,26.60603904724121,17.527109146118164
VECTUV,2.5328712463378906,-51.05012512207031
IZEDAS,71.93170928955078,-34.9051513671875
BANPUC,82.31013488769531,75.02342987060547
CAJQAG,85.76996612548828,85.81278991699219
WEQHOT,-78.67802429199219,-32.850791931152344
MAYXAP,69.27278900146484,65.21479797363281
LIGNOH,-18.12999725341797,53.65796661376953
FEBSIR,-24.770448684692383,-72.00645446777344
IFABUN,-108.59629821777344,-7.0264892578125
VIGGOI,-29.946945190429688,-82.39108276367188
IXEJIE,54.11540985107422,11.128777503967285
QEGKAO,84.59513854980469,77.1879653930664
EMUZOE01,-74.74700927734375,-10.975580215454102
QUTCAM,-31.590238571166992,40.2803840637207
HURMEN,11.13394832611084,59.03764724731445
YOJFEK,5.693770408630371,-73.9683837890625
SAQJID,41.1085090637207,-79.81254577636719
LISFAY,-57.83698272705078,66.61656951904297
LEKROI,-20.294389724731445,-102.96255493164062
GEJMOY,-95.12403106689453,0.39955711364746094
FAJWIY,-66.18700408935547,16.502197265625
EMEVID,43.951438903808594,-36.4355354309082
SEQGAX,6.90779447555542,-98.5771484375
VUMTAB,93.95629119873047,-13.321826934814453
SOLBEC,36.59523010253906,-34.124263763427734
EBAWAG,92.09321594238281,-8.745157241821289
GANYEA01,-47.92538070678711,30.32015037536621
SAHCAG,82.46636199951172,-7.859506607055664
YUHGEN,47.30590057373047,47.097164154052734
REWKUC,103.9356918334961,-40.248451232910156
VEYRAT,64.5965805053711,-16.28709602355957
WUTFEZ,-7.606844425201416,-88.08170318603516
LIDPOG,100.37762451171875,-46.03839111328125
IFOFUF,114.64257049560547,-17.950531005859375
SEZDIL,29.256668090820312,-38.625518798828125
LIGPAV,48.75243377685547,34.87834930419922
TAZLUE,-5.48427152633667,-82.48042297363281
LESBOC,-59.70779037475586,4.038504600524902
IRUDOP,31.9975528717041,-52.09965133666992
AGAQOQ,-54.741241455078125,24.669727325439453
QEPRAH,119.94563293457031,3.5195858478546143
ADIZIA,-10.717447280883789,-9.187499046325684
ASOMAW,59.8067512512207,82.17293548583984
PADNUH,-100.01260375976562,27.55866813659668
PITPIV,-21.80612564086914,62.195743560791016
PUNXEC,84.75768280029297,89.02454376220703
FICTAO,-32.990482330322266,34.11003112792969
BARBAM,91.86872100830078,88.93726348876953
GEQXEH,-69.04212951660156,-21.012638092041016
UNUNOJ,85.10893249511719,0.25757119059562683
LOSCOL,-57.544769287109375,77.03114318847656
UWANAJ,-17.700105667114258,-94.44563293457031
VABSAU,-22.453386306762695,-93.43022918701172
ZATGOU,125.99331665039062,3.198482036590576
EBALEB,-81.59120178222656,13.842879295349121
JICWIB10,-27.548715591430664,77.82090759277344
CEMPOD,3.572927713394165,-87.50889587402344
SAVSUD,-26.97774887084961,63.786075592041016
EROHOJ,-8.416549682617188,44.60523986816406
KOTMAJ,101.99466705322266,-33.92953109741211
LUJSOZ,-102.10651397705078,42.99636459350586
COHWIF01,94.73118591308594,-13.519254684448242
TUVZIU,-46.25220489501953,68.35535430908203
NEBWAW,-15.452208518981934,-95.86143493652344
OSEGIF,-51.88235092163086,-22.15091896057129
WUVLEF,-51.20313262939453,23.200225830078125
MAKXED,-75.67682647705078,0.9667389392852783
VEKBEV,-21.328907012939453,-40.36968231201172
IPUYEZ,-54.73286056518555,-17.826461791992188
NEFFIQ,68.67198181152344,-44.90834045410156
SIMXUK,-111.71922302246094,43.52604675292969
ROPHIP,6.896481037139893,-95.4942398071289
FAVRID,69.49287414550781,64.84623718261719
SIHMEE,-64.94007873535156,72.36660766601562
QIGQIK,-27.320615768432617,-54.03573989868164
BEDTAF,-57.32057571411133,29.583566665649414
PURHIV,64.44670867919922,42.95185470581055
ITOXUL,134.45071411132812,8.070116996765137
BEKTAP,-59.02024841308594,43.0903434753418
NUJWEV,55.8156623840332,-17.55392074584961
XOGFIK,-22.845115661621094,-72.62557220458984
AYUQAN,-19.955907821655273,-86.02763366699219
ONAQAW,-88.744140625,42.7689094543457
OCEBUV,-53.595481872558594,-4.951076507568359
KECKUB,87.79228973388672,89.0717544555664
WUQDUJ,-38.16211700439453,42.094505310058594
IBOSEZ,9.261040687561035,-37.1633186340332
OTURIH,-112.82145690917969,45.98106384277344
VECTOP,11.940960884094238,60.68818283081055
LEDZOJ,-32.84039306640625,34.67643737792969
WEGTUA,83.57532501220703,55.023494720458984
FADHUP,-48.046085357666016,73.62041473388672
TITHAG,-13.140325546264648,-94.80816650390625
NUGJUX,81.49224853515625,53.70143127441406
MUROXA01,75.70774841308594,74.18387603759766
AQONIG,131.0168914794922,13.171944618225098
UXOBEP,-35.14115524291992,65.73700714111328
LOXCUY,-34.50459289550781,-95.85334014892578
DUNCOG,117.0804443359375,-36.350154876708984
DEBJAW,5.0841217041015625,-6.410985469818115
NAYCUN,-107.57836151123047,20.030521392822266
GAMCED,17.713239669799805,-75.67011260986328
EVACAG,-53.28985595703125,29.26154136657715
TMABCA01,-56.495643615722656,-5.112791538238525
MOFYAI,-20.808549880981445,-44.092742919921875
VESZEB,-31.88866424560547,-72.31373596191406
HIQMUT,78.21351623535156,64.62896728515625
XEHZEP,83.3978042602539,80.7118911743164
ROJRAM,-57.544254302978516,71.41707611083984
ZATHIP01,-103.81290435791016,28.131868362426758
JARTEE,-35.7044677734375,-87.8861083984375
TAZQIX,-63.15326690673828,13.91112995147705
DEJWAT,-15.95713996887207,45.10948181152344
UFORAK,-59.29365158081055,-4.480198860168457
NEFGEN,-28.5938663482666,-93.37403106689453
ETOYAP,-37.56066131591797,63.54315948486328
UMUZAG,66.98502349853516,49.88865280151367
MORVEV01,-43.93972396850586,79.20744323730469
PECWEB,84.1458740234375,76.9769515991211
KIHXEF,4.797232151031494,-5.789765357971191
UBEJOC,-25.752084732055664,-96.69522094726562
REHNAT01,56.114959716796875,76.59965515136719
NUGQOW,109.82203674316406,-17.42015266418457
PEVCUR,6.331289291381836,-67.2457504272461
ROPTIB,-98.46316528320312,57.927242279052734
TAZRAO,-59.30158233642578,-9.744058609008789
OQIWOD,80.56334686279297,68.42949676513672
JAJYUS,-77.4211196899414,-35.35095977783203
HOWZIF,115.16887664794922,16.128183364868164
GAXSAB,24.330169677734375,22.0150089263916
TIFTAD,86.90766906738281,77.13275146484375
LACSUG,78.52576446533203,45.01517105102539
YIFYUJ,52.840538024902344,-18.319581985473633
LIHBEK,-19.136371612548828,-100.55229187011719
YAJGAU,-61.0047492980957,20.927148818969727
TEZTIC,2.3342812061309814,-86.53056335449219
DEDMAD,49.88862991333008,54.58377456665039
LECDUV,-70.20542907714844,-7.281185626983643
LOFJEX,-47.057308197021484,19.065673828125
RANDAP,-45.58068084716797,57.77696990966797
TARPIO02,73.26383209228516,-20.882116317749023
YISDIN,37.25438690185547,-78.51013946533203
KUPBAB,37.09727096557617,-35.965965270996094
PEVCAX,94.83625793457031,-1.7392765283584595
PAVYUI,28.468387603759766,-60.330833435058594
VABGUB01,41.137474060058594,-46.297245025634766
GAZSEJ,-82.5481948852539,6.729901313781738
ZATLOZ,37.24467849731445,-57.75383377075195
IVUKIU,-71.48343658447266,58.16199493408203
NEWRUD,-97.72135162353516,21.682025909423828
ATALEP,-87.62517547607422,-0.9052699208259583
KIHXAB,40.430667877197266,60.095767974853516
EXEZIR,28.373916625976562,-52.94146728515625
FALXAS,-3.020878791809082,-71.07920837402344
DIYYOB,28.338918685913086,-51.91347122192383
YARQAJ,-43.58188247680664,29.276514053344727
EWUTEX,15.891623497009277,-51.970985412597656
UPELUX,-98.73075866699219,39.28346633911133
BENSUK,-102.93888854980469,-12.298628807067871
MEDCEF,-25.121816635131836,-96.81981658935547
KAHCUV01,-78.12139892578125,-24.881044387817383
XUVLUV,-101.7769775390625,39.444053649902344
YENVIA,48.08930969238281,36.79035568237305
HOXBOO,91.44878387451172,-15.532676696777344
AGOTAT,-84.94245147705078,-7.865518569946289
EGENIP,12.218125343322754,8.578694343566895
KEKGUD,129.1405792236328,7.913172245025635
ABULEQ,1.47332763671875,-41.776458740234375
UPIYUP,-65.26515197753906,5.369088649749756
ZOHWEA,-10.294133186340332,43.896751403808594
BICQUB01,-90.39292907714844,32.482643127441406
ZOHTEX,-18.325124740600586,-38.98521041870117
MEWTAL,-43.17240905761719,60.69044876098633
UFEZUD,-37.69365692138672,72.04782104492188
XONBEJ,-35.83969497680664,87.53559875488281
QUWZIS,35.39928436279297,-77.83951568603516
ZEYNID,7.680081367492676,-14.128117561340332
UKITEQ,-37.940696716308594,64.17057037353516
AYILEB,-84.07067108154297,40.446624755859375
VEMJII,130.53680419921875,0.299284964799881
HIBBID,-64.6824951171875,43.997528076171875
OZOTEE,-109.5921859741211,-11.234321594238281
XUVBEX,68.63426971435547,-8.924398422241211
HEZSOU,-12.992897033691406,-70.4834976196289
JECZAS,83.48272705078125,-0.7218649983406067
WIHJAA,-64.67898559570312,-5.702955722808838
NUNPUJ,18.403940200805664,13.033866882324219
XEDSUY,90.41383361816406,2.328444004058838
KAYHUP,-9.868289947509766,-37.57695770263672
KUWNAT,-8.996441841125488,-85.72659301757812
SIJXEQ,-96.19747924804688,-7.050612926483154
YAJGEY,-72.7232894897461,65.97152709960938
DEBXAL,67.25840759277344,51.43360137939453
VACJAM,10.260361671447754,6.681466102600098
KUVYUX,14.240863800048828,-56.87120056152344
DEBHUO,69.46269226074219,-25.029033660888672
TATWUI,-13.843574523925781,51.985191345214844
XIYSEG,7.0981879234313965,-80.7699203491211
ITIRIP,57.09230422973633,57.74958038330078
TUJKIV01,20.332422256469727,-26.289052963256836
HIQQEF,11.323403358459473,59.60482406616211
WIZBIR,-43.954933166503906,-74.19917297363281
ABIGIB,-59.39363479614258,19.343658447265625
NICVEB,-40.731624603271484,-91.19107055664062
PIVZAZ,68.54139709472656,52.87831115722656
UVIMAO,-19.304523468017578,-48.82328414916992
FOSFUQ,-17.26631736755371,-100.04655456542969
ZUPLEB,-31.733726501464844,-76.17936706542969
BULJID,6.671298503875732,3.005542039871216
EWINAZ,-31.80997657775879,-93.14229583740234
LIGNIA,-24.10771369934082,-21.892305374145508
XUVPOU,-33.92897415161133,-75.76542663574219
UGOSAM,-68.77462005615234,-22.062896728515625
GENTOJ,-104.4194564819336,23.780223846435547
DEWYOU,-20.239505767822266,-92.97765350341797
SOMHOU,-18.213424682617188,-79.5122299194336
UROLAQ,-70.07879638671875,17.73372459411621
VATVAP,-9.887457847595215,-69.6802978515625
YOLQOF,63.5821533203125,44.81431579589844
QUCKAB,-58.592674255371094,-21.436508178710938
BILXEA,72.31145477294922,-22.368227005004883
DATDUZ,-38.839107513427734,67.98811340332031
VEZWOM,-104.24462127685547,40.002357482910156
EZEGOH,-21.342771530151367,-73.93663787841797
RIMWIW,4.581635475158691,-0.7727983593940735
GIPQEB,-22.073789596557617,48.90958023071289
LIDNPP,84.4720230102539,1.3655377626419067
KAPSON,-58.68109130859375,-12.894006729125977
EWUTOH,-29.56907081604004,-81.44278717041016
VUTNAB,89.15965270996094,-5.503628253936768
PODLAV,98.92012786865234,-46.58662033081055
FOQHEY,90.00788116455078,-44.375728607177734
RAPHEV01,-54.4321174621582,49.69951629638672
FOSMIL,-33.17123794555664,4.568150997161865
JOKYAM,100.17912292480469,-40.97871398925781
ODIDIR,49.267738342285156,34.21452331542969
YIPLAN,5.062478542327881,7.161538124084473
DUHYOV,83.66694641113281,87.8460922241211
GAHJOO,77.18016052246094,-16.49077796936035
COPHAR,101.02627563476562,-38.468082427978516
RORNUJ,10.923019409179688,-34.08992385864258
EWAQAV,2.586390733718872,-0.5721935033798218
KENCOY,-22.613201141357422,-104.82689666748047
VULYOR,96.43158721923828,-5.9543843269348145
ZIXZAK,46.28367233276367,36.411373138427734
TICYIP,75.69110870361328,-13.458356857299805
BUNFUN,40.346824645996094,55.630062103271484
EFUNOJ,75.71533966064453,60.72930145263672
EDAPOQ,130.51022338867188,14.336738586425781
GUDTUW,89.66545867919922,-19.242822647094727
VELVOA,-21.342016220092773,-17.356182098388672
EDOROE,6.721981525421143,-5.087221145629883
NUKXUN02,-62.21883773803711,37.035179138183594
VIBBUG,9.479545593261719,-82.92695617675781
NUMHAG,-76.10448455810547,-35.01043701171875
PUKPUI,49.77250289916992,-18.271080017089844
VIDHOG,-60.160377502441406,-24.112281799316406
SUYZAP,-13.686009407043457,-75.38938903808594
EZIBIA,-69.970703125,20.980697631835938
QIPNAE,-111.59638977050781,45.10884475708008
FIKJIW,-53.28749084472656,79.06596374511719
KALQUM,17.149799346923828,-2.321016788482666
ZIBDEX,-77.61369323730469,-25.431556701660156
HEZDAU,-27.837602615356445,55.048160552978516
GIDVIY,-104.4775390625,9.237417221069336
ABEHOF,-37.510372161865234,81.50057220458984
TEMVAL,81.79885864257812,82.5184555053711
SOVNIA,-56.86525344848633,33.845027923583984
HUCYUB,30.81673812866211,-58.22611999511719
FIYXEQ,4.510951995849609,4.413181304931641
PIRXUL,95.0041275024414,-4.943634510040283
EYENAZ,-20.43699836730957,-33.44281768798828
HEMHAM,112.94664764404297,-19.563499450683594
IDAQAG,8.921088218688965,-78.62553405761719
LUWHOA,9.265069961547852,-8.727065086364746
RAVXOE,-14.355709075927734,-98.64225769042969
BOVVIT,-53.6512565612793,-10.938501358032227
AKUZUD,-55.547210693359375,-28.484806060791016
CAKZAR,-36.31576919555664,-96.86571502685547
NEQHIC,-62.68155288696289,-7.8582987785339355
ZIYFOF,81.19648742675781,52.973995208740234
DAKBAS,-20.287532806396484,-38.048946380615234
NUGZEV01,-62.6316032409668,58.660430908203125
RIGTIM,-105.29956817626953,-8.770967483520508
MESTEM,87.76182556152344,-24.646961212158203
UFIJEB,-60.501522064208984,21.178115844726562
QIQLIL,-88.12122344970703,35.990474700927734
NUMKAJ,-106.02775573730469,23.317556381225586
UDEPUS,-78.26393127441406,57.4566650390625
GUZFEN,41.7474250793457,-55.249759674072266
DAMMAF,73.18441772460938,75.31237030029297
XOQRAZ,9.896588325500488,-15.586403846740723
MOLGIE,-7.991766452789307,-76.33644104003906
CEWZAJ,0.42905130982398987,-92.7074966430664
WIHTUG,101.732421875,-31.50383186340332
YIZCOA,114.53852081298828,-30.592376708984375
PAQNOM,-33.57757568359375,68.1063003540039
MERWUF,-67.80599212646484,-20.864503860473633
NIYJIR,28.82021141052246,-56.738548278808594
YUCRAS,22.714067459106445,52.16084671020508
TICRUU,-7.0169501304626465,-39.69900894165039
WARPIP,77.71155548095703,-16.839937210083008
GIWWUI,-55.99340057373047,65.20490264892578
QISSUK,-11.392961502075195,10.768267631530762
CEWYIM20,81.81117248535156,81.92604064941406
NORTEW,82.95488739013672,79.89806365966797
HUVGIQ,18.209638595581055,6.605108261108398
VANDIA,65.14908599853516,65.26063537597656
NETXAL,57.2449836730957,-11.12005615234375
WUWQIR,131.5258026123047,18.490341186523438
VEJQAG,-82.13520812988281,-9.412176132202148
NEBVUN,92.35269165039062,-31.237586975097656
UFEVUZ,-114.7083511352539,41.31367111206055
NEBXUP,75.72124481201172,-14.706053733825684
DPHPZL,67.18690490722656,-3.367098808288574
UKISOZ,-58.969383239746094,17.732643127441406
FICXIZ,49.422550201416016,34.99492645263672
JALSOE,122.78367614746094,2.5294415950775146
RADFIM,-8.893889427185059,-3.9728856086730957
GAXSUV,-36.24863815307617,89.44287109375
VULVUV,78.46235656738281,-17.92081642150879
UNEGAV,104.96940612792969,-32.89126205444336
QOZYOV,33.013877868652344,-50.020530700683594
MUYDIW,-25.915781021118164,79.4139404296875
ENODIV,-9.609905242919922,10.517986297607422
BIGCEA,-64.27685546875,63.8779182434082
KEXZIX,-34.42927551269531,-91.25579071044922
TANZUH,-23.85942268371582,32.94446563720703
LOTGIK,-35.59876251220703,12.699104309082031
UKOSIX,8.091853141784668,-13.05993938446045
RURROM01,-92.98564147949219,-2.6599855422973633
AHULIA,-85.57125091552734,-20.194786071777344
RUDDEC01,-91.07496643066406,41.314449310302734
PASXIT,87.31392669677734,-6.100350379943848
MEDHOU,-47.120540618896484,-0.22879213094711304
DEJWEX,43.922950744628906,38.73686981201172
KIQRIN,-3.637526273727417,-63.65381622314453
TEWQAR,55.64492416381836,50.025115966796875
DASFIM,128.09864807128906,-0.895982027053833
TEVLEP,73.84890747070312,-2.0760178565979004
JEJNES,-60.25901412963867,63.04430389404297
MAYGAV,-58.58683776855469,-25.102500915527344
MORPLN01,42.65267562866211,-59.74239730834961
CAKZUL,72.24911499023438,-42.973289489746094
YEQGUA,37.72075271606445,-51.77936935424805
NOSROF,-87.0611572265625,-3.584827184677124
SOGFUS,130.3365478515625,0.8586235642433167
XAFSUV01,82.50210571289062,-10.293510437011719
SIKKIK,19.20865821838379,-69.2035140991211
YECVOV01,49.238895416259766,5.903179168701172
WIJCOL,-6.039445400238037,-67.71273803710938
ILIZUB,-21.86487579345703,-73.49201202392578
DOGDAH,46.099578857421875,34.60441207885742
QENGUL,105.42620849609375,-47.03334045410156
LEWRIO,-51.679264068603516,77.98675537109375
FOYTAP,37.918251037597656,-37.34017562866211
AMIHAH,41.44705581665039,31.853364944458008
NEVLEI,78.88668060302734,-45.80194854736328
AZUZIF,4.41287899017334,-55.50155258178711
UPEFAY,106.77838134765625,-49.15237808227539
TIRNOY,-38.94321823120117,-100.55244445800781
UMUZOR,-90.3324203491211,51.03477096557617
PATYER,102.25914001464844,-43.68686294555664
CAJVEP,70.76624298095703,-42.99917221069336
TARLAA,-97.48248291015625,59.924842834472656
XISWAA,39.965545654296875,-41.299373626708984
UTIMOC,110.72380828857422,0.7965492010116577
XUKDEM,-37.84060287475586,80.81392669677734
KIKLEW,-41.30603790283203,62.23672103881836
EWAQID,-60.05313491821289,28.51365852355957
YIPMOA,-32.14727020263672,32.79612350463867
PAVGOK,-40.54021072387695,-97.12604522705078
EZIDEX,-47.84133529663086,32.05430603027344
NAXBEX,-95.495361328125,8.418046951293945
MEDMUF,-106.1012191772461,-11.020755767822266
UNIZAV,-46.64886474609375,61.631587982177734
INEDIO,-45.55093002319336,68.18962860107422
GUDSUV,67.56726837158203,54.40922927856445
XOSFOB,-28.042125701904297,44.12290954589844
FOXCUT01,60.88725280761719,52.840118408203125
GIFFAF,65.60850524902344,-4.832051753997803
IPONOR,-72.98770141601562,15.081770896911621
VAFWOP,-95.28665924072266,2.534020185470581
KULSOA01,0.02079075202345848,-5.139713287353516
TETXIZ,51.85618209838867,61.388545989990234
CAGQUA,-68.26596069335938,21.504743576049805
TULPIA,52.1887092590332,61.946529388427734
VELWUH,-97.70716094970703,57.68412780761719
FIFDEH,-32.743896484375,-82.14971923828125
MUHKEI,-18.585298538208008,-80.78810119628906
WANJOM,-29.01913833618164,34.812164306640625
VORLOE,-10.387242317199707,48.60689926147461
HASXUY,-77.4227066040039,2.6842708587646484
OROWEY,51.93406295776367,5.601637363433838
REQCOJ,72.53840637207031,70.08707427978516
NOFXEL,-104.37981414794922,27.132326126098633
GISJUP,106.68113708496094,-26.049394607543945
COPSOS,81.63105010986328,69.27120971679688
WELDOK,-68.33085632324219,29.816083908081055
YIDLUW,-91.95100402832031,6.773364543914795
EWARAW,-106.2210693359375,-9.793039321899414
COZYEW,-105.21902465820312,47.33955001831055
TIYPEX,112.43553161621094,-33.40655517578125
QINQEN,-36.54601287841797,25.680282592773438
WODDID,-65.56156921386719,63.94339370727539
TAGZAC,-97.282958984375,58.04258346557617
SAZXID,-97.99038696289062,26.258113861083984
LACWEU,20.828575134277344,10.12947940826416
IJOKEX,70.44194793701172,-34.948490142822266
RIRFOQ,-29.3241024017334,-65.24768829345703
KIZYOJ,11.400734901428223,-80.97796630859375
DOMQOL,111.42395782470703,-32.05752182006836
CERLIY,75.30793762207031,53.34489440917969
OQIXAQ,-78.10275268554688,53.7775993347168
LOQYAU01,-18.718517303466797,-97.99683380126953
DUSKUZ,-60.52684020996094,15.555794715881348
IVEPIL,-92.54668426513672,1.0998600721359253
PASYEN,-31.939701080322266,35.703857421875
KOPKEH,-42.16416549682617,35.296695709228516
FOMFAQ,11.232638359069824,-67.79576110839844
UPAVUE,-28.828195571899414,-0.9725723266601562
EHIMOZ,-66.3001480102539,62.55418014526367
UMIMOS,130.37928771972656,11.926868438720703
BIFFIH,61.463409423828125,-6.1428022384643555
JIQHAT,38.45745086669922,55.68333435058594
TADROH,-41.6883544921875,-1.2224432229995728
VAJPOO,-0.27083495259284973,-44.61228942871094
RACZED,-23.10491943359375,-62.53020477294922
LUNZAV,-48.677207946777344,80.16595458984375
JUDWOU,-11.85950756072998,-19.098526000976562
NEBYEA,125.5894546508789,-5.3241496086120605
IPUYID,-71.12136840820312,-22.173038482666016
GAVFUG,-12.524188041687012,37.99606704711914
XEPBIF,-24.271841049194336,-24.948938369750977
VAWKEK,-93.37198638916016,45.48497009277344
YOHYAY,-75.39190673828125,-15.718464851379395
SAVZOH,-4.4023003578186035,-67.044921875
TAZMUF,0.32664549350738525,-94.33037567138672
NEBWEA,94.65408325195312,90.61697387695312
FALTAP,-35.87489318847656,10.220328330993652
GUYVUU01,74.69371795654297,40.6974983215332
CUFGIW,13.7181396484375,-91.15472412109375
AFONUH,-101.40345001220703,-12.59284496307373
GIKZOS,20.139989852905273,-74.816650390625
WADBUA,-94.82157135009766,22.120973587036133
VECYAF,74.47516632080078,40.37150573730469
WUXXUJ,9.899495124816895,-73.03244018554688
BAZRAV,-79.19135284423828,54.117523193359375
ZAKSIQ,-40.08423614501953,6.8050737380981445
FOMXAH,123.2144546508789,-1.8362252712249756
HOLHIC,-77.27490997314453,-25.527164459228516
AZUQAP,109.68136596679688,20.45511817932129
TIFSUW,-34.95546340942383,78.01887512207031
EROSIO,10.212703704833984,59.07484817504883
MULVUN,-63.481422424316406,-4.002696514129639
CEQBEI,-76.52710723876953,17.311019897460938
VIKSUF,18.672544479370117,-10.372700691223145
ACUDAG,-20.4126033782959,41.61252212524414
ZIPZEH,-3.6736104488372803,-68.51583862304688
LABYIW,71.26100158691406,-24.08423614501953
JAPCOS,-62.88766860961914,-7.944613456726074
YEXHOZ,71.02223205566406,-41.866539001464844
OJAHOY,-80.67950439453125,-9.124604225158691
YOCSIT,92.63512420654297,-39.624237060546875
BAJXET,-16.268171310424805,-91.27235412597656
QOLNOW,-18.598318099975586,46.05899429321289
DUMJUS,-75.58135986328125,1.8924741744995117
JEZFUT,-115.29296875,46.99363327026367
LEPCIW,-18.34487533569336,-77.46256256103516
KODVAB,-72.24618530273438,76.36382293701172
VEHZEN,-33.20560836791992,-90.418212890625
BAYQIF,49.161468505859375,29.818199157714844
YIRLUK,-62.98623275756836,-5.29609489440918
FISJAT,-113.4371109008789,22.372421264648438
DAFLUV,-16.637042999267578,47.805362701416016
IFEGEI,-12.73809814453125,-11.205987930297852
BOVXOB01,-34.49277877807617,2.371307373046875
UKITUG,109.27418518066406,-20.003231048583984
OBIDAF,18.959678649902344,-10.827779769897461
ZIPGIR,81.70560455322266,78.65938568115234
MOGVOV,65.35088348388672,-27.857650756835938
WADTOM,-110.45833587646484,45.808082580566406
XAXZOL,5.84634256362915,-13.059667587280273
QOPMUF,99.0716781616211,-11.709087371826172
LUNNUD,-70.70379638671875,-22.78408432006836
CEQKOC,-86.61578369140625,-14.890713691711426
OFEPIY,-13.872634887695312,-44.38502502441406
HARCAI,82.00411224365234,-26.02338981628418
BIWVUY,-29.004104614257812,-66.03105926513672
EWANIA,-21.616125106811523,-76.6001968383789
HEMDUB,-107.05847930908203,-8.296128273010254
HONTEK,13.914144515991211,-7.9916253089904785
FEPYUW,55.393524169921875,-19.556182861328125
YEHWIT,52.27888870239258,34.069664001464844
TIVCOS,58.04856872558594,-13.607122421264648
UFEROO,98.11507415771484,-5.080238342285156
VADLIX,18.551061630249023,-60.534706115722656
XARVIX,97.53177642822266,-9.494034767150879
HOTMEL,-56.09822463989258,40.42163848876953
FEXHOH,76.15449523925781,-49.737552642822266
ALABEU,55.04714584350586,47.89046859741211
BIPCIQ,50.027740478515625,49.47946548461914
FIDKOT,-36.476322174072266,71.99590301513672
PASWEO,94.2876968383789,3.984910488128662
LILDOC,-33.46890640258789,-71.36100006103516
SIYCEJ,-104.4981918334961,41.81220626831055
MOZCOU,82.32691955566406,81.79851531982422
DEYQOR,-40.91175842285156,73.09690856933594
XAQPEM,-74.61451721191406,-30.80817413330078
YONCAI,98.92012786865234,-46.58662033081055
WEQHIN,51.07147216796875,34.98247146606445
LIQTIP,-77.36823272705078,56.621360778808594
NUQXIH,-16.666471481323242,-46.365638732910156
LADCEA,-35.172672271728516,14.424691200256348
LARXIO,-65.82664489746094,17.004335403442383
IVEKUS,-67.3246078491211,20.610389709472656
QEDRIC,31.879070281982422,-34.21824264526367
PUJNIS,-91.1281509399414,-17.016942977905273
UPIQIW,-46.192955017089844,-1.5321660041809082
XICQAD,-76.63041687011719,19.652599334716797
MOCBAI,-48.00104522705078,20.17517852783203
ALIWEZ,75.33673095703125,-8.528675079345703
GUQKUA,27.888072967529297,53.22710418701172
JOKXOY,34.05879592895508,11.279033660888672
ESAQOE,73.75511932373047,-24.201614379882812
OFEGEP,-2.9028050899505615,-44.33573532104492
TAZKIR,38.58463668823242,-55.45261764526367
ROPTEX,-86.41485595703125,4.818385601043701
YEPQAP,35.821937561035156,-36.7257080078125
MOHNUT,-9.774843215942383,-10.247645378112793
NUKYAU,122.98893737792969,3.035011053085327
TUQVIN,-52.86032485961914,48.705055236816406
ULIZUM,-24.15375328063965,-53.68793487548828
ENIKOE,-17.258262634277344,-75.77049255371094
CASMAL,-84.67752838134766,33.82889938354492
ZEFCEU,47.51366424560547,50.914493560791016
HOCCEJ,-18.895627975463867,41.92271423339844
TAZWUN,96.81902313232422,-12.993339538574219
YECXOX,64.23321533203125,42.6135368347168
LANLAO,-41.550621032714844,59.62821960449219
KIHYIK,-58.18146514892578,-12.270730972290039
DUBWEF,-3.0208702087402344,-71.07870483398438
QIQSAO,112.9298324584961,19.84282112121582
TUQYUC,-102.11206817626953,-13.360835075378418
BIMJUC,47.80329513549805,52.69045639038086
LOQVOF01,32.809326171875,-59.314598083496094
SOHDEZ,100.37982940673828,-40.77632141113281
PRMESA10,-8.463205337524414,-78.05740356445312
PAXTIS,-6.985306262969971,-63.66986846923828
POVHEN01,-37.92097091674805,-97.0997314453125
MEDBUU,4.6736273765563965,-62.15064239501953
PEJGIY,-91.08605194091797,6.15348482131958
GUKYEQ,-47.53105163574219,68.84302520751953
OJUQAN,-38.691184997558594,66.9781723022461
NAKZIL,7.714646339416504,61.566558837890625
APEGEJ,-45.57821273803711,12.70924186706543
SIGPUW,-66.49068450927734,-17.9274959564209
ABAMAV,115.89936065673828,-34.77517318725586
SUYPIN,39.96554946899414,-41.29941177368164
WOMBAB,18.990598678588867,-56.374996185302734
LARXEK,74.2574691772461,66.85816955566406
RAHHEN,31.983318328857422,-58.873329162597656
KESKOM,83.9349136352539,-33.90446472167969
BICQUB,77.07579040527344,59.697113037109375
VIBNUQ,69.99348449707031,75.80252838134766
ACERAD,-8.460658073425293,41.47561264038086
HOSMAF,-59.04279327392578,75.02481079101562
MIYLOV,-50.865234375,23.631010055541992
ULAWEJ,-39.57964324951172,-2.001477003097534
DEFJEH,89.81845092773438,-26.186779022216797
NUKWEW,84.69288635253906,89.25579071044922
PEHFUF,-108.14217376708984,13.767491340637207
ACESEI,-72.90587615966797,-11.849360466003418
MUSSUR,-33.07664489746094,84.1913070678711
UBUHOQ,-21.80612564086914,62.195743560791016
KOFFOB,-39.80516815185547,39.86186218261719
MOKNAC,-74.93724822998047,9.254744529724121
BOQBEO,-3.8843886852264404,-56.030757904052734
DEQFUD,-0.42971813678741455,-43.42866134643555
SUGFAD,-81.64205932617188,5.765608787536621
PEFGIS,79.1366195678711,77.52064514160156
KULSOA,25.44277572631836,22.922853469848633
KAXMIJ,-99.06196594238281,-6.160238265991211
ZIPCOT,-55.14236068725586,-5.312373638153076
GAZRUY,-18.054607391357422,-30.961896896362305
HOJLIC,62.322303771972656,70.20097351074219
PAZFUS,-106.62794494628906,-7.177891254425049
FIWJIF,13.064454078674316,12.955838203430176
EYOJOR,45.378299713134766,-57.109214782714844
XAQRIR,-19.584941864013672,-102.6110610961914
NUQKOA,2.7416248321533203,-3.8204946517944336
EQUSAM,-48.89394760131836,-23.456789016723633
HIQSIL,-49.593509674072266,81.36689758300781
MEDNUG,-107.20634460449219,28.007198333740234
LUNMPO10,-22.526466369628906,-101.62826538085938
LONDOJ,-13.869091987609863,35.029571533203125
HAPQUN,19.523691177368164,-72.20442962646484
COHWIF,84.66529846191406,-35.31514358520508
IZUCIS,11.730727195739746,-90.307861328125
NUZTOT,-59.943668365478516,0.952697217464447
RIGDIW,-18.063892364501953,-75.01213073730469
FAKLEL,-54.18065643310547,-26.744203567504883
PEXNAJ,48.459251403808594,27.531585693359375
WETZAZ,-94.0149154663086,36.97263717651367
VAHHEU,-60.450008392333984,4.300889492034912
AFIJOQ,-95.47042083740234,21.580623626708984
KEXBAR,111.44466400146484,-24.772045135498047
IFILAM,-19.25452995300293,-75.46746826171875
FIRGUL,-15.803690910339355,-99.1148910522461
REXNAL,-47.23882293701172,67.71183013916016
XOTBIT,-100.84619903564453,15.503945350646973
UJIVAN,85.56645965576172,-51.622100830078125
XOMZOQ,12.52962875366211,0.3885377049446106
GIYMOT,26.951019287109375,-36.20222473144531
XAPXER,-55.21079635620117,-24.44495391845703
UNEZES,77.87561798095703,44.00373840332031
QOLSAM01,79.73259735107422,66.99988555908203
XIJXIB,-9.565679550170898,-48.674163818359375
LEFZIH,-7.987034797668457,-8.86596965789795
SUYYER,71.46022033691406,-40.232845306396484
EFOZAB01,86.60375213623047,-11.05341911315918
XABMEV,-8.842965126037598,-57.16522216796875
SORWEB,4.353734970092773,3.6598143577575684
LASGOD,-11.271596908569336,-69.6904525756836
YUGZEI,-113.09525299072266,20.58210563659668
GECZIZ,59.68047332763672,-16.775545120239258
VIKSOZ,91.15896606445312,-19.448518753051758
PUCTEP,91.36808776855469,-6.109612941741943
KIGKOB,-41.647254943847656,81.45291900634766
NUHYIY,-37.87772750854492,-100.48128509521484
LUNMEM,-27.32072639465332,-54.03557586669922
HONTIO,-51.80022430419922,83.0712890625
KIGDOU,76.33342742919922,-22.674222946166992
TORDUC,113.03341674804688,-30.575180053710938
FIDCIG,-20.69313621520996,-99.20343017578125
NITTAO,-55.05720901489258,77.0349349975586
SALQIG,-45.44965744018555,38.709564208984375
KICVUP,66.50350952148438,54.28590774536133
IVUREX,-87.61164093017578,25.418283462524414
ADIHOL,4.237634658813477,-78.81897735595703
FALSOC,-65.5256118774414,-24.876985549926758
RIGHUO,2.1067867279052734,-63.78012466430664
TIJCAU,-16.50978660583496,-31.203575134277344
XOMTUP01,58.681846618652344,73.78201293945312
HIBGOP,-47.70469665527344,40.632301330566406
BIRFIV,-1.8530466556549072,-15.118406295776367
AYIKUR,-19.696165084838867,46.74870300292969
GEXYAN,112.30081176757812,19.312416076660156
LOQWAS01,69.18770599365234,59.55925750732422
SOVMOF,117.24453735351562,-34.17070770263672
DUPFUQ,-17.83932876586914,-63.46043395996094
ORETIP,-27.746328353881836,-91.83916473388672
MEKXAB,-107.88037872314453,20.139873504638672
SAYPIT,-12.228734970092773,-57.10334777832031
UNEYOB,74.4579086303711,70.46222686767578
SEKHIA,-19.056867599487305,-48.93232727050781
GENLIV,124.78713989257812,2.56270170211792
VEKPOR,100.14390563964844,-32.609073638916016
PAXFIF,3.8687973022460938,-80.2718505859375
JICTUK01,48.9078483581543,-17.84157943725586
FIJXIF,-62.43191909790039,37.34661102294922
RIDSOQ,-42.450782775878906,85.55845642089844
GADGUN09,82.11260223388672,85.50133514404297
LIBYAY,-40.99717330932617,31.698841094970703
LODGAO02,116.33820343017578,-16.000394821166992
MOQGIJ,-9.219850540161133,-49.114707946777344
BALWAM,-5.674986839294434,-86.23796081542969
RAXYEY,-62.82752990722656,12.98880386352539
ESOZIX,-50.04783248901367,75.71135711669922
ULECEU,98.46046447753906,-39.42488479614258
EMUNAD,107.6373291015625,-1.1942390203475952
YEFXOX,-8.466634750366211,-38.4576301574707
OKEJUK,-22.209476470947266,61.89392852783203
USOBOU,-11.338964462280273,10.902010917663574
HUSVIA,-3.020792245864868,-71.07884979248047
MORVEV02,-6.251713275909424,-84.50990295410156
UGOWEU,-53.03829574584961,-11.205962181091309
GEHKOU,26.487735748291016,19.559715270996094
EZEHEY,65.30087280273438,44.79383087158203
BAHLEC,-55.208168029785156,-27.497896194458008
EZAPUT,-43.703433990478516,89.79278564453125
DITJAS,-89.87445068359375,11.29139232635498
LUNMUC,-0.23777608573436737,-43.494529724121094
DADMED,61.29987335205078,-8.032943725585938
KEBLAG,-84.06568908691406,5.729461193084717
HEYGEX,-84.17617797851562,27.830535888671875
NOLBIC,-32.28414535522461,-90.66869354248047
BEWMEY,20.914066314697266,53.48184585571289
JEPYOV,-19.53543472290039,-98.32746124267578
QULLUF02,1.1448147296905518,-96.94541931152344
VATXOF,-63.64316940307617,14.705005645751953
TEXPOB,13.53208065032959,-57.27676010131836
HIQRIK,29.387569427490234,-59.43976974487305
TOYMAV,1.4435718059539795,-41.88153076171875
UMUYUX,40.35276412963867,-59.73139572143555
DUVHAE,67.56192779541016,-13.520950317382812
UNEGEZ,-23.962238311767578,-84.01126098632812
FADHEZ,-71.00363159179688,-10.66037368774414
ZATGAG,-26.486408233642578,-81.95524597167969
BAYPOK,83.3978042602539,80.7118911743164
VECJOD,58.362335205078125,-13.81071662902832
GAXCEQ,130.43292236328125,9.70401382446289
LUWHEQ,-37.505741119384766,86.61931610107422
PESROV01,-27.11903953552246,74.31855010986328
FORLAB,-67.50607299804688,11.25049877166748
FAKLAH,93.53881072998047,86.73482513427734
GIKZUY,102.30847930908203,-3.3628764152526855
EFAWUF,10.436052322387695,-65.8991928100586
CEMNUH,-66.98816680908203,32.06089401245117
HONSOT,-97.39798736572266,30.09927749633789
ZIYVAH,-44.945072174072266,-1.5149805545806885
GANXUP01,-54.5856819152832,-19.75835418701172
EZAREF,2.336225748062134,-22.08026695251465
LIDVAW,-33.64387893676758,40.687644958496094
MENQIJ,81.10257720947266,78.06945037841797
UHAYIL,104.18750762939453,-30.018848419189453
GIQHUM,-85.27661895751953,28.375450134277344
COXGUS01,-61.979576110839844,58.46321487426758
WOJNEO,54.1373176574707,46.92634963989258
ZEFTUB,101.06473541259766,-40.4647102355957
ZIYFAR,-7.113846302032471,-48.67842102050781
HOLWAI02,69.66454315185547,57.38851547241211
LIJGAN,-96.45271301269531,-1.1183652877807617
IVEKOM,-64.59525299072266,21.079099655151367
QAWTEQ,83.03353881835938,-5.584120750427246
VEJZUI,56.4647102355957,-14.497011184692383
VEKBAR,-42.254669189453125,-55.298912048339844
HISRAC,-97.69169616699219,0.5203080773353577
REPFEX,70.40274047851562,-18.74197769165039
SEYWUP,32.881351470947266,-37.60102844238281
GEQXIL,33.301143646240234,-55.288787841796875
MEWJIK,-54.397457122802734,-17.6605224609375
NOSVAV,77.45142364501953,-23.241596221923828
POXJAQ,-2.282585620880127,-67.5625991821289
DUTTOC,-87.54821014404297,-14.605549812316895
ZAPTET,61.593753814697266,77.36717987060547
GUPCEC,-7.094253063201904,-43.22500228881836
PEBFIL,37.01844024658203,-81.08643341064453
AHUDAK,-107.66568756103516,-7.788195610046387
HONVOW,-84.09949493408203,9.873053550720215
TICROO,7.319903373718262,-10.386263847351074
RIGDUI,-3.018949270248413,-96.31831359863281
TPTPCM,-60.782501220703125,21.5908203125
MOGWAI,59.06033706665039,-6.733982563018799
PUCLEH,-24.279272079467773,-59.95195770263672
CONVAD,-45.78876495361328,9.548665046691895
PUVMIC,-101.99224090576172,-19.89230728149414
CIVPUW,-85.80603790283203,29.99493408203125
WADNUN,-74.98172760009766,3.7207043170928955
GENLOB,-35.028018951416016,-56.13850784301758
IXAJIC,-109.1346206665039,20.67047691345215
CUMNEE,-48.12493896484375,85.11036682128906
NEWSOY,93.38166046142578,-5.2011518478393555
TAZXAU,-38.4727783203125,73.7115707397461
RUQSOM,-6.435548782348633,-11.315129280090332
RACFUA,-1.5871245861053467,-1.3306591510772705
GEBMEF,82.29743957519531,78.50344848632812
RADFEI,54.74761199951172,9.927319526672363
MOZDAH,68.94798278808594,54.171356201171875
KOTMEN,104.5492935180664,0.9259802103042603
SOVHEQ,-99.98835754394531,26.357959747314453
LUZQEC,27.429048538208008,-48.80009841918945
WIWBOV,-15.84073257446289,-38.3739128112793
QAMRUS,-16.728759765625,53.392066955566406
INIHUL,-41.216007232666016,-0.8633414506912231
AHEROU,46.4420051574707,41.34111785888672
KIHXUV,-18.916893005371094,40.81257629394531
VAYGIM,-54.955047607421875,-24.13606834411621
BULTUZ,68.8791732788086,-23.697860717773438
JAKPOB,6.576107501983643,-62.887168884277344
KUFBIY,94.48918914794922,-14.37773609161377
COBLAG,19.938823699951172,52.41863250732422
XOTYUB,-31.85906219482422,-85.77899932861328
DATFEL,-31.834020614624023,-70.66788482666016
NIKYAK,-95.57672882080078,28.89836311340332
ENICOU,18.972763061523438,-70.20307922363281
ZEYJAQ,85.73979949951172,-47.5145378112793
JIGJOB,20.403776168823242,52.390926361083984
RADDUW,96.3048324584961,-11.033771514892578
ZAQRES,-79.70110321044922,54.06367111206055
PAHCIL,115.53831481933594,-33.59489440917969
TUMWOP,130.4656982421875,16.019681930541992
TEFMEW,59.76901626586914,80.69676971435547
LUSXII,-78.99778747558594,12.553954124450684
EWAROK,-39.87095260620117,66.246337890625
GAZSIN,-17.610769271850586,-62.15449142456055
UVIMES,-67.50975799560547,79.28158569335938
GESREF,-6.7416157722473145,-78.01848602294922
DOCWOK,-48.266693115234375,40.514102935791016
NABMAH,-62.482234954833984,3.9221749305725098
TOWPIH,105.1799545288086,-26.7185115814209
PARWOV,48.195213317871094,26.441892623901367
UFEWAG,79.80859375,52.07233428955078
NAQNAX,-77.6809310913086,20.313159942626953
LOQZEZ01,41.454830169677734,55.57175064086914
NIJLIE,10.804306030273438,-72.0478286743164
YOCZIB,68.59636688232422,-29.932008743286133
KAYHID,69.9799575805664,76.36471557617188
JIHNAS,-68.61793518066406,-25.668548583984375
IWOQES01,14.919594764709473,-84.61519622802734
CUZLUH,-47.30736541748047,-23.64350128173828
ZEYLEW,-50.06410598754883,64.5751724243164
DINKAO,-57.44795227050781,-12.231632232666016
GALBIF,75.348388671875,80.65349578857422
YIVZIP,113.18059539794922,-5.179216384887695
FIVXIU,-15.173298835754395,-100.00436401367188
CATHUC,79.43610382080078,51.28570556640625
CEMPAP,84.88153076171875,2.609666347503662
LUMYOH,-60.26109313964844,13.20980167388916
GOGQID,-62.2752799987793,72.21089172363281
XUBYOK,-105.75730895996094,18.504295349121094
ZAJJAV,47.81605529785156,39.75790786743164
QISMIQ,76.05490112304688,-34.93231964111328
SORWIF,94.11542510986328,88.92535400390625
YIFXUH,107.92171478271484,-19.881872177124023
MEANBC10,-22.62718391418457,55.1917610168457
LABKAE,-48.039947509765625,41.914817810058594
IVUNIX,3.1179447174072266,-40.83619689941406
KIHXOP,-31.041458129882812,-68.32759094238281
DARWOJ,76.97731018066406,82.40038299560547
ZOHWOK,3.0475783348083496,-11.64279842376709
HOFYOT,25.68921661376953,-36.863887786865234
SAFNOF,-14.749166488647461,-42.97648620605469
HIDVUM,93.9183120727539,1.2364689111709595
IJAHOR,-64.80657958984375,-16.87381935119629
PITYEW,-62.11294937133789,36.465423583984375
WARNUB,68.26960754394531,-29.948867797851562
NEWNIP,15.79660415649414,-91.37055206298828
PEVCIF,38.117008209228516,-48.352882385253906
ZAPFAX,9.66877269744873,60.06230545043945
COZZOH,0.9769837856292725,-0.2241773009300232
IVUPIZ,-26.13690185546875,-51.58096694946289
HIDCEG,30.455549240112305,-36.64325714111328
XISPOH,-71.44805908203125,-10.215156555175781
TEKSAH,-46.10099792480469,-15.036665916442871
VESZIF,-27.5423526763916,63.04386520385742
PAMPIF,58.33388137817383,74.9425048828125
NUKYEY,11.66784954071045,60.139427185058594
LUJJAC,91.5561752319336,-44.611053466796875
BAGFAS,-40.951602935791016,60.736942291259766
XUCKOX,-37.57376480102539,-92.80145263671875
ODEFUZ,73.7489013671875,74.27620697021484
CILLOA,-16.527193069458008,-7.151627540588379
LUNMIQ,12.263745307922363,-72.22417449951172
TEJVUZ,-34.652462005615234,11.768921852111816
GAWHET,74.25745391845703,66.8581771850586
BIDHUS,-67.14666748046875,-22.228107452392578
ENIKIY,56.83682632446289,-20.21082305908203
EPUJUW,75.46526336669922,60.001365661621094
UKISIT,42.91226577758789,-55.818199157714844
DADNAA,39.72120666503906,56.63548278808594
ISIJEA,68.62384796142578,-45.63074493408203
LODHIX,-58.16820526123047,-13.210628509521484
YADHIW,-34.67660140991211,31.431640625
XOKSUN,-101.39275360107422,26.534055709838867
TACDAE,-106.59928131103516,44.236244201660156
APAWAR,36.87572479248047,-50.321922302246094
EDATOS,22.160762786865234,-25.32579231262207
HIHPIY,-55.7048454284668,72.21515655517578
MBZDCN,-5.140353679656982,-56.24708557128906
AJOHEP,113.60407257080078,4.123305320739746
RIDWEH,-3.449448585510254,-93.74313354492188
FEQXEF,16.832256317138672,-7.741961479187012
DETGAN,73.99605560302734,64.29386138916016
NOVTAT,31.87155532836914,-31.544692993164062
QUWZEO,18.585289001464844,8.233946800231934
GEHKEK,35.54571533203125,-78.44722747802734
LEDYUQ,12.261906623840332,-95.39360046386719
VUKPEY,-53.08843994140625,-27.476823806762695
IAAMTA,-63.480224609375,30.355754852294922
ZINDEI,64.95740509033203,53.656795501708984
KUQRAQ,53.41255569458008,-17.381677627563477
NUKZEZ,55.245059967041016,50.80967712402344
YUDDIM,-31.169498443603516,68.63943481445312
QUBRUB,-59.40437316894531,-6.477783679962158
TOJNEO,-33.49007797241211,79.45079040527344
TUQYIN,-38.607547760009766,4.27783203125
IGERUJ,-62.406795501708984,67.6456069946289
OQIHAA,-23.674924850463867,-74.72148895263672
USAKIJ,12.356098175048828,-79.92703247070312
FOQHOI,-15.803922653198242,-99.11506652832031
SIQBEB,86.56185150146484,78.84617614746094
ZIKPOY,-54.700836181640625,74.35492706298828
AFIRIU,94.58967590332031,87.6453628540039
SUYNIM,-74.50240325927734,-3.488236665725708
ZUPZUI,-90.67234802246094,-17.676576614379883
RAVXUK,53.03349685668945,9.898929595947266
XEGJAW,19.964040756225586,-64.32662963867188
VIXDAK,-71.06622314453125,9.235589027404785
AMOZAG,-72.21902465820312,18.729034423828125
BIYGAT,-33.41068649291992,30.883207321166992
CEZCUH,35.981956481933594,-82.49181365966797
REGSEF,36.283931732177734,-83.53669738769531
CETTIE,40.23814010620117,-54.833770751953125
FIPREB,-21.73358917236328,-26.225608825683594
TOJMAJ,27.175067901611328,-38.14863967895508
KEFCEE,-15.209415435791016,-96.9455337524414
TENHAY,31.476322174072266,-33.29701614379883
GAPYOO,14.2615966796875,-58.453826904296875
JEGBAZ,-16.95526885986328,-8.554304122924805
UZUYUL,6.120696067810059,2.544832229614258
DUDDIQ,-38.109657287597656,26.002771377563477
OPITOX,75.83257293701172,-34.45138931274414
NUXFIV,111.44136810302734,-9.756229400634766
MUPNIV,39.95134353637695,58.228214263916016
OJUBOM,-21.150279998779297,49.05405807495117
ODOBIT,15.51611614227295,8.895238876342773
VELCAT,83.94044494628906,-26.89473533630371
SOGSEP,-115.16839599609375,46.703643798828125
LOCLOF,29.84798812866211,-41.4635124206543
JAHJIP,73.89762878417969,-38.680206298828125
PUPHAK,48.10409164428711,28.408611297607422
EJEDUU,-11.752096176147461,-64.16316986083984
EXISOW,79.01165771484375,53.63651657104492
RADDOQ,74.86836242675781,64.10847473144531
TAPCEW,-47.03518295288086,79.01922607421875
TICFOA,96.54383087158203,-31.825927734375
PORNIV,-7.0058207511901855,-44.10520553588867
CISDEP,75.45978546142578,-9.968737602233887
FOMFIX,-9.481170654296875,-43.51072311401367
HAJCAY,-68.95818328857422,60.11850357055664
OCAKAF,64.3970947265625,52.47860336303711
JUNXAU,54.51328659057617,9.650443077087402
BIDJII,-47.856605529785156,-9.86917781829834
QUKKOY,30.097536087036133,19.29599380493164
LIYBUT,-46.82898712158203,41.157203674316406
NUMHEK,-77.26287078857422,-27.07965087890625
DIGCIG,-69.03839874267578,14.645533561706543
ULAWOT,13.472424507141113,-9.938860893249512
MOZMIY,-20.27242088317871,-78.79627990722656
VECVAC,-89.981689453125,22.969654083251953
JOFHOC,-33.19804763793945,29.924535751342773
KUZGOD,132.05233764648438,1.3543369770050049
HICZIF,22.310808181762695,-25.976972579956055
WEXKEP,-22.22112464904785,-46.84536361694336
DUVCIH,-71.20425415039062,18.017484664916992
DUNVUE,17.016305923461914,-51.12034606933594
TECMUK,-18.088010787963867,-74.04315948486328
LATSEG,132.2143096923828,9.158963203430176
XETHEN,-16.94033432006836,56.27863311767578
XUYVAO,-85.95115661621094,32.56252670288086
WEKDID01,-72.55789184570312,-11.018265724182129
XIBCAP,2.0858118534088135,-85.65316009521484
ERAHAJ,-65.34416198730469,-23.258535385131836
DEVGOA,-69.77517700195312,12.520477294921875
ELEGUY,4.481448173522949,-91.48604583740234
APUYUI,-9.997322082519531,48.04723358154297
CURFOM,-17.128568649291992,53.26995086669922
TUMWIJ,29.31888198852539,-49.44779586791992
EYIYIU,53.15379333496094,58.35230255126953
BOZFUT,39.11863708496094,-60.18624496459961
LULROC,-60.34211730957031,57.81850814819336
TAFCAI,-23.37701988220215,-71.8460922241211
GABZUF,-54.709964752197266,71.7323226928711
PIGZEN,29.85572052001953,-27.484861373901367
BUWNIS,-33.886783599853516,1.5271202325820923
CIDDAV,-88.88304901123047,26.202260971069336
DEVYEL,14.432988166809082,6.306048393249512
VEMPOV,28.342914581298828,-50.37034606933594
TUDPIR01,33.750728607177734,-76.79265594482422
KAXROS,56.66969299316406,8.514605522155762
JOKYUG,-1.4223618507385254,-103.57555389404297
IDIXUR,30.00932502746582,-34.94691467285156
HILJAP,123.89472961425781,-0.09285277128219604
IPEKUM,-39.904212951660156,1.4607040882110596
YEQCED,110.4521713256836,-2.1185381412506104
ZOXVUF,63.00251770019531,-12.430212020874023
NAYCOH,-37.81321334838867,69.9725341796875
NEBXAV,-18.172483444213867,-19.308683395385742
OVUMEY,-114.28166961669922,46.08964157104492
EYEGOG,54.1607666015625,51.28549575805664
EZAQAA,77.97636413574219,-17.405790328979492
SOYQED,3.129603147506714,-81.82341766357422
KOBHIW,68.5128402709961,-9.581151008605957
JUGWUF,-61.87788009643555,-12.588906288146973
CUJMUP,89.66896057128906,85.91069030761719
HOFZIM,83.72257995605469,-16.107027053833008
YOWZEP,-30.566335678100586,61.960357666015625
ZUPGEZ,7.336052894592285,-70.86470794677734
EWANAS,58.897212982177734,-19.02825355529785
UNEYUH,-20.21946907043457,-11.931018829345703
HXSUCB,86.89700317382812,-35.75060272216797
WERLEO,-78.92188262939453,6.6370344161987305
IFOSUT,-98.78324890136719,20.566198348999023
AWUQEP,58.137351989746094,-2.4791882038116455
ZOHTIB,-7.562075138092041,-16.957372665405273
BURXUJ,-78.89208221435547,-34.93732833862305
FIJSOG,6.287441730499268,60.58650207519531
CUFRUT,-11.058427810668945,-60.292930603027344
XIYSII,4.721266269683838,5.736208438873291
XUMMAW,29.14124298095703,19.27176284790039
LATNEB,8.686776161193848,-61.42364501953125
KUVJOB,16.777706146240234,-67.44020080566406
WEFNUR,-56.02583694458008,-28.426197052001953
EQOSEL,115.66085815429688,3.38729190826416
CINXIH,-11.79845142364502,-90.9690933227539
NUBBAN,35.093196868896484,-41.75487518310547
ROQPEU,100.19332885742188,-29.905853271484375
YUHVUS,7.602305889129639,1.6470638513565063
UKEXIU,-57.9442253112793,43.006591796875
LABRAK,107.09520721435547,20.03037452697754
OZOSIH,74.35624694824219,-8.672480583190918
CAVCUY01,80.00276947021484,-45.97859191894531
CIWMAZ,-50.83826446533203,-24.283344268798828
EGENUB,-32.994956970214844,36.91246795654297
QUCNOS,-35.141029357910156,-88.8415298461914
BIKYOJ,99.17311096191406,-2.290334701538086
APUWAM,111.0776138305664,21.2066593170166
JOBZUY,-55.649208068847656,-27.437454223632812
JEDVIB,-43.0273551940918,83.61592102050781
QIJCUH,-37.560630798339844,82.77960968017578
VEJBOC,6.284120559692383,57.20376968383789
EHIQAQ,-3.2646267414093018,-83.34521484375
YARPAL,-10.588019371032715,49.74862289428711
PIJSUZ,39.67706298828125,-39.203243255615234
NUZTUZ,35.59022903442383,-77.63410186767578
NUMJAI,35.40599822998047,-42.15428161621094
HEXYIT,-43.60417938232422,59.222320556640625
FICBIE,-15.983789443969727,-99.94053649902344
KIJFOC,24.60078239440918,-66.40287780761719
LUWHIU,-53.46754837036133,84.13004302978516
PEXTUK,33.61659622192383,-76.63849639892578
SUVJEY,68.83068084716797,-24.821102142333984
HEPSAZ06,36.30485153198242,-79.63129425048828
CIRXAD,-25.16915512084961,42.89957046508789
DOPCUG,-54.55009460449219,49.267086029052734
YUCQUJ,69.86646270751953,57.54254913330078
FUHMUT,30.251815795898438,-50.39022445678711
LUVQEZ,92.61609649658203,-44.896976470947266
ULUKOE,-61.203102111816406,30.89610481262207
PAFFIP,-71.41609954833984,-7.2105231285095215
FOVQIT,15.224416732788086,-9.863665580749512
JAJYOM,-5.080784797668457,-66.29934692382812
MAJTOH,-23.93703842163086,-101.63746643066406
VOJLUD,-19.931270599365234,-100.35430908203125
LUWHAM,-69.41384887695312,-17.228511810302734
IDOHAN,-30.911470413208008,41.07535171508789
SIBGUF,-33.38163757324219,78.88998413085938
MUDSIN,93.21826934814453,87.81131744384766
YAJHUO,-74.07192993164062,67.98321533203125
PEDQOG,-69.8878173828125,9.57237720489502
NAWZUK,29.402082443237305,53.37599563598633
UYOCAN,4.555081844329834,-88.65428161621094
HEPSAZ02,-38.60743713378906,4.278297424316406
TCQBDX,78.71260070800781,-50.13878631591797
CEXVEK,-14.864073753356934,43.157958984375
SUZZIX,-101.42716979980469,28.388071060180664
CIKSEV,64.03487396240234,-7.184093475341797
UKEREI,-87.56539154052734,30.11341094970703
UGOROZ,19.335962295532227,-28.844985961914062
CEZCOB,97.39228820800781,-3.965684652328491
DADNEE,112.04533386230469,-6.683551788330078
VELXIW,-62.192779541015625,43.248809814453125
TIDCAK,10.067444801330566,-73.13180541992188
HUCXAF,-42.467987060546875,63.970375061035156
XAPSEN,-84.8003921508789,-13.351954460144043
ATAYIG,42.03561782836914,-34.25857162475586
TENNUX,-6.621506690979004,-67.64834594726562
XEGHOI,116.49883270263672,-34.78605270385742
PUMGOW,11.692192077636719,-70.28585815429688
AYUMEN,-20.66261863708496,-63.66962814331055
CEXLIE,-52.57975769042969,15.237342834472656
FIQYOX,-34.13925552368164,0.10863849520683289
PAZSIW,-43.850685119628906,-4.437190532684326
PUGGAA,-64.59432220458984,62.146522521972656
AHERAG,8.96408748626709,-31.41449737548828
PETQEM,104.1917724609375,-20.069904327392578
VOJKOX,104.91043853759766,-39.51942825317383
EGUHOE,-6.0326948165893555,-53.515342712402344
WINMIQ,-9.200355529785156,-55.43787384033203
OPITOX01,-54.061073303222656,22.524229049682617
XIPCOP,-20.463865280151367,-45.86906433105469
XITGIT,79.59342193603516,45.03178787231445
HIQFUM,105.53804779052734,-20.18312644958496
DIHSAS,-64.39575958251953,4.757730960845947
SAXPEO,-19.53543472290039,-98.32746124267578
YAHFOC,28.09425926208496,-40.78880310058594
KUXWIM,69.88247680664062,55.424705505371094
TINFAB,-82.43995666503906,5.513000011444092
EZEGIA,97.83519744873047,-3.899975299835205
ISICIX,-32.55280303955078,-78.7742919921875
VELWER,71.30270385742188,-25.170494079589844
XOBCAT01,-90.24456024169922,46.028202056884766
ZUPZES,8.73983097076416,-66.43551635742188
REWLEN,56.32017517089844,75.56913757324219
YOZBAT,118.26679229736328,3.674419403076172
LORWIZ,-69.60717010498047,77.16582489013672
GOKBAL,85.87043762207031,74.57969665527344
NIGMIB,-36.902828216552734,-91.39701080322266
XAPZUM,38.611209869384766,-47.65008544921875
KAXSUZ,-6.361330032348633,-78.02023315429688
HIDRAP,-44.33030700683594,-0.7957783937454224
SOYGAP,-102.24266052246094,6.909389495849609
OPUVIH,16.174808502197266,10.083704948425293
HEWFEW,-64.06788635253906,-5.705151081085205
UGOTUH,-16.03001594543457,51.79405975341797
SAZXEZ,80.9683609008789,-36.61464309692383
ZIYRUY,70.18512725830078,-33.340187072753906
KAYGUO,111.0566635131836,-4.516080379486084
IVUQUM,-26.486555099487305,-81.95572662353516
XATQES,-85.54839324951172,7.094471454620361
VEVPUJ,6.157318592071533,-96.40584564208984
GANXUP,-31.846595764160156,-76.71134185791016
GOWPOA,-23.013771057128906,55.9882698059082
WAPQIP,-51.700714111328125,24.72637176513672
FERYOR,-6.436001300811768,-57.313514709472656
VAXROD,-95.66999053955078,9.477493286132812
UGOWIY,32.51044464111328,-38.511260986328125
UKOSAP,-61.1204948425293,67.5909423828125
FAKKOU,-28.18965721130371,54.8399543762207
JUDPEG,-53.91302490234375,43.53223419189453
QOSWOM,-91.92631530761719,31.402305603027344
HAHKOT,-48.68791961669922,-8.763202667236328
XIRMAQ,114.34603118896484,-28.29306411743164
NUZMIG,101.8515396118164,-1.637833833694458
JOWZIG,82.21277618408203,86.39849853515625
RUJRAQ,3.8636279106140137,-74.39297485351562
LATKUO,19.368379592895508,4.9817023277282715
IFUSOS,41.41226577758789,-46.00281524658203
QOLNAI,-58.750980377197266,-24.112201690673828
LORQIT,59.99141311645508,77.74907684326172
GARGIT,-66.15756225585938,-18.8082332611084
ZILPET,-90.87980651855469,-19.21000099182129
ZANYOE,-69.83715057373047,10.958806037902832
YACYEK,52.776546478271484,47.457305908203125
YAXPEW,84.35060119628906,-12.263806343078613
HOLWOW,-29.451387405395508,4.430393695831299
UBUJIM03,56.586307525634766,77.0022201538086
LIGQID,-13.759521484375,-12.81356430053711
SUZQOU,-23.84889793395996,44.28955078125
XUCKIR,68.62547302246094,-25.293701171875
VIPXUP,-47.34138107299805,84.34329986572266
FUHDAO,-94.11488342285156,-20.839618682861328
OCAMUC,-67.9218978881836,57.03254699707031
WIGWUG,115.44501495361328,-36.42960739135742
XOBCIB,43.05023956298828,30.36980438232422
VODTUD,48.64809799194336,53.9954948425293
GAQFAH,-93.73481750488281,-15.381420135498047
DUTSOB,71.57836151123047,64.4424819946289
QACKEO,-29.726158142089844,-6.402759552001953
SEMLOO,-14.88119125366211,-99.29039001464844
KETSUY,-49.387168884277344,74.20439147949219
GIWTEN,-63.548423767089844,2.5717368125915527
GEHWID,-45.754180908203125,64.65803527832031
VUXVOB,-101.2087173461914,28.11720085144043
ULICAV01,-59.006507873535156,-5.988929748535156
SEMNAA,-77.33558654785156,0.5334974527359009
OKIQEE,-54.54557418823242,24.006309509277344
OZOSON,-15.791675567626953,-83.72952270507812
UKOLUE,-8.515451431274414,-7.368282318115234
DUNSAI,19.558101654052734,-50.722434997558594
BANZEX,-85.44548034667969,6.655725479125977
CEDPAF,-48.385135650634766,84.76529693603516
XITROJ,132.0242156982422,8.037251472473145
VEKZUI,-79.28684997558594,-21.660860061645508
QAMBEO,-74.08727264404297,4.581369400024414
NOLCEZ,14.680471420288086,9.85608959197998
FADHAV,-91.18634033203125,-1.953538179397583
QEPXEQ,-45.1409912109375,59.58913803100586
QUTBIT,-112.25431060791016,42.16938781738281
EBUDAI,18.084936141967773,-7.927628993988037
CIZPEH,-32.175052642822266,-98.07823181152344
VAKJUP,-71.58821868896484,9.065998077392578
FIRQED,-84.59168243408203,-12.423818588256836
GOPGEX,36.33381271362305,-35.61227035522461
MODXUZ,14.807923316955566,-21.727474212646484
EYOHOP,-23.117019653320312,-36.08045196533203
XUYBOK,-24.083328247070312,-74.64266204833984
QEHYAE,38.404052734375,-40.30792999267578
FOVRAJ,71.93596649169922,58.78928756713867
JAKDIM,-34.613529205322266,8.412485122680664
HIQFOG,69.996826171875,-24.63500213623047
MEWCUQ,89.9590072631836,-41.18999099731445
NUJFEF,95.1661376953125,-30.79057502746582
CEWZIR,36.45261764526367,-49.04586410522461
HIMGEP,70.09030151367188,53.326637268066406
XIBPOO,113.54736328125,0.7540636658668518
YENWAT01,64.88992309570312,43.549564361572266
UBUJIM01,-39.59656524658203,84.66974639892578
ENIBUZ,86.7313232421875,-10.5512056350708
HEQWOR,-77.34725952148438,-26.08863639831543
SOYVAE,-43.78366470336914,-4.791647434234619
SAYMUB01,3.829256057739258,-94.07211303710938
LIWFON,82.31636810302734,82.87284851074219
ZEYNOJ,-36.42568588256836,40.24321365356445
KUQWOL,-109.47181701660156,-10.10686206817627
FOQHIC,-68.29916381835938,13.39743709564209
EWOTUG,3.6996078491210938,-97.65827178955078
RUXPUV,-32.614112854003906,8.613340377807617
XAPWIU,-21.252038955688477,-83.47296142578125
TAZKOX,-52.40989685058594,79.18812561035156
MEDBAA,-24.236125946044922,-59.564430236816406
QOMTER,27.4775333404541,-27.22273826599121
NUKXEX01,83.17373657226562,-20.374568939208984
KUGKUV,34.15337371826172,-32.94477462768555
TEYXUT,-14.991067886352539,-55.25960922241211
RASZAQ,-97.84652709960938,57.470943450927734
XEYQIC,-8.25988483428955,-77.8997802734375
GESCAK,77.76741790771484,85.75594329833984
FARPUN,-104.2729263305664,30.678741455078125
GESBAJ,-24.809585571289062,-92.29705810546875
TAXXOI,89.88261413574219,-17.421039581298828
OVIMAJ,-33.592342376708984,36.88039016723633
CUDREY,84.79217529296875,-52.34612274169922
LARXAG,12.914985656738281,1.6055123805999756
NAXTAJ,-18.50649642944336,55.02231979370117
HOFSAX,-23.079206466674805,-23.9122371673584
ITAQEC,106.48673248291016,-33.37058639526367
FAFGOL02,90.99532318115234,84.14688873291016
GAZTUA,-80.79540252685547,-2.7399516105651855
BALNEK,-57.49876403808594,-23.680768966674805
XAGXOW,-65.04907989501953,69.46324920654297
VODWIV,-87.86851501464844,2.6334171295166016
EYEGUM,53.156314849853516,46.437965393066406
QUWXAI01,-24.54351234436035,-25.105234146118164
QOVLIZ,-69.5022201538086,79.86402130126953
ZOYCEX,-36.68336486816406,86.33338165283203
EZIFAV,72.22431945800781,59.20365905761719
FIWYOC,108.97000885009766,-1.6230778694152832
MUYVIM,34.59201431274414,-62.31043243408203
QEYKOU,71.65531158447266,77.57244873046875
YOKSAU,-32.02083969116211,37.904937744140625
VIDPOO,114.60114288330078,14.84300422668457
SILKIH,-97.70970916748047,29.55453872680664
NUKWOG,-36.22037887573242,-98.95423889160156
PEFJEQ,-52.19868087768555,22.089502334594727
LEZTET,11.979812622070312,-49.940677642822266
DINRUP01,-50.20871353149414,44.44705581665039
SOVQAV,-84.00322723388672,33.42478942871094
VEXZUX,79.23235321044922,73.06979370117188
NABCEZ,-67.34004974365234,73.90220642089844
UJOGUW01,-47.74553298950195,77.67280578613281
BALFAZ,-52.959503173828125,-23.672775268554688
PONPAK,-66.7500228881836,67.66014862060547
OXUVUZ,-9.19627571105957,-77.58853912353516
ETEYOR,-32.97509765625,-72.80695343017578
WOQBUZ,-20.279850006103516,-101.45445251464844
FEVJUO,82.33663940429688,-9.21923542022705
RIKYUF,-9.136740684509277,35.251502990722656
PEQQOS,8.441200256347656,56.28232955932617
FERNOJ,-34.11075973510742,32.760555267333984
CIHDIJ,108.428955078125,-8.481789588928223
FEPQAV,66.4912338256836,-19.951797485351562
UNEZAO01,5.0151543617248535,-39.22454833984375
ZEDTIO,-74.08727264404297,4.5813374519348145
PEXTAQ,7.972507953643799,-72.4083251953125
TEZREX,-12.783346176147461,42.46769714355469
DUNFUQ,76.93681335449219,61.89954376220703
VEYBAG,-73.29904174804688,-35.95220184326172
JIPZEO,-34.15998458862305,90.61808013916016
GESKIA,-10.555924415588379,-56.257205963134766
EYURUO,24.519697189331055,-58.104312896728516
ULEWIS,-46.89870071411133,-22.861007690429688
KAXNOQ,119.43508911132812,-34.7066650390625
DEBJIE,-4.445344924926758,-8.374427795410156
SAPRAC,77.8155746459961,82.66948699951172
SAHBUZ,-100.0545654296875,17.874895095825195
QEDZUX,28.935476303100586,50.6518440246582
LEXPOW,62.23421859741211,68.9896011352539
PAKRIG,47.58349609375,32.018672943115234
WEYFEN,-105.83793640136719,10.984869956970215
MOZBEK,-100.32227325439453,40.95259475708008
KIPKUT,-93.00677490234375,39.4581413269043
LECFAD,47.05537033081055,47.5387077331543
PIPMEJ,-15.211155891418457,-96.94428253173828
CIVWIQ,-23.810108184814453,-83.02259826660156
IBIYUP,-49.183189392089844,81.62813568115234
GUPCOM,117.4945068359375,4.1751556396484375
COKXUY,77.80290222167969,-44.5374870300293
UHACEM,-90.29969024658203,12.635130882263184
SECYIL,-3.5128767490386963,-79.18264770507812
SAYMUB,-11.46473503112793,10.588723182678223
XAXPOB,-56.67943572998047,-6.857560157775879
BEHKEF,-21.21435546875,-85.67089080810547
FAXYOV,-99.20126342773438,29.527685165405273
BILXUP,-70.95734405517578,14.033880233764648
QOLRAN,10.81285572052002,-34.29765319824219
LINFIX,-35.19132995605469,-90.0828628540039
LARGPH03,128.2742462158203,3.3844332695007324
DEJNAK,-85.17051696777344,33.09360885620117
XAPZAS,-31.571826934814453,-83.4848861694336
HAXHIB,96.42439270019531,-41.37542724609375
MUPQET,-107.80982208251953,11.322516441345215
PEVDAY,-2.0475704669952393,-55.524742126464844
WIVFAI,-22.41802406311035,-16.659482955932617
BAVYAY,-101.33598327636719,47.931400299072266
XEJLON,6.883665561676025,-90.22001647949219
JOXZOL,-36.751953125,8.564971923828125
QOLMIP,112.86115264892578,4.058846950531006
QOYKUK,46.8388671875,49.95669937133789
PUZZIT,-35.586341857910156,83.71614837646484
QAKBOU,-73.18500518798828,-36.15827941894531
NUPTEZ,-17.851425170898438,-62.52910232543945
QUHRES,-35.34233093261719,31.615787506103516
JIQLAZ,39.093284606933594,58.474098205566406
XELJED,-103.34848022460938,10.590648651123047
TOQNAR,-101.017333984375,-5.6952385902404785
FECGUS,72.61627960205078,-36.42461013793945
WICZUF,42.36763381958008,29.27391815185547
UNEFUO,107.08057403564453,-20.105098724365234
QUQBIQ,20.223962783813477,-25.85391616821289
AJAHOI,-93.52912902832031,24.812999725341797
RORNOD,-68.610107421875,59.652408599853516
MUMXEA,46.270267486572266,51.1248893737793
EZIBOG,73.49360656738281,-18.254552841186523
NUVFIV,36.062042236328125,-33.098453521728516
SIBDUC,-94.8675765991211,39.636905670166016
TONGOS,-92.302001953125,13.18947696685791
JAKDAE,-77.37344360351562,15.493948936462402
ACESUY,-42.026458740234375,36.818973541259766
JEMTEE,-51.31055450439453,40.35343933105469
NANQOJ,14.203458786010742,3.13550066947937
KIGKER,32.5387077331543,-61.686954498291016
FIQNAV,90.80138397216797,89.26725006103516
POVGAK,48.45567321777344,27.538768768310547
PURHUH,-11.742191314697266,-64.0955581665039
FAQKAN,-87.93644714355469,27.1536922454834
SEGZUZ,-41.927215576171875,-74.60327911376953
YUBTEW,-84.9968490600586,-16.004343032836914
FOBNUH,11.34332275390625,61.12929916381836
BANYOH,-60.0089111328125,66.21180725097656
XIDDAS,-12.044219970703125,-18.009521484375
RELPOR,-75.13433074951172,56.9055290222168
LIMCET,-45.85890579223633,6.963446617126465
BUVZIC,11.302628517150879,-30.574399948120117
UNEBOE,-18.798450469970703,-60.75347137451172
GUDVAE,-33.94953918457031,93.21519470214844
TALBAL,-64.29913330078125,-18.065752029418945
WAYVEZ,26.15485191345215,22.542646408081055
OMUXOK,-94.14613342285156,-1.7244898080825806
ORASAC,-30.09421730041504,65.05287170410156
APUWOA,82.66409301757812,-26.97402572631836
MEPTAR10,83.81637573242188,-10.899224281311035
XOWBUJ,-95.49720001220703,20.95039176940918
VUCBAY,-26.626821517944336,-102.70339965820312
EWAPUO,85.70883178710938,-11.43361759185791
AXOPEJ,28.270694732666016,-53.26924133300781
TOQKAN,-56.5567512512207,44.47687911987305
SAYNUD,-9.19588565826416,-76.83552551269531
HUJQEL,34.573360443115234,-29.065492630004883
UVOKUM,-61.40230941772461,56.88691329956055
LESRIM,41.639041900634766,-49.217227935791016
MANXOQ,-12.769807815551758,38.882015228271484
GECZEV,-60.72225570678711,-0.57344651222229
UGOVET,-55.98793029785156,-3.822808265686035
VACBEJ,-84.59414672851562,-14.917304039001465
VUNRON,-6.1670989990234375,-86.33106231689453
ZEXWIK,49.946773529052734,50.11835861206055
XOKTOI,-26.819686889648438,-25.337383270263672
MOXVEB,-17.016212463378906,-20.407861709594727
ICUTAD,55.187965393066406,-15.737770080566406
NUMZIH,119.6998062133789,1.3316115140914917
UBUPEP,-28.59383201599121,-93.37410736083984
YIKQIU,39.728675842285156,-46.683555603027344
NEQNEF,92.27896881103516,-31.31106185913086
PUZXIR,35.86992263793945,-61.28560256958008
VAPFEX,-13.35335922241211,-38.09292984008789
KIPBIX,-18.74502182006836,-39.763641357421875
AXAKUG,65.21784973144531,55.36520004272461
WUZPAL,-70.20428466796875,-6.872384548187256
AMUBAM,-94.99371337890625,-7.621779918670654
PIPMAF,22.743932723999023,-24.723100662231445
LAKXUS,-35.136741638183594,42.41767501831055
ASODOD,6.7751641273498535,-83.33271789550781
BUPQAF,129.76321411132812,11.098846435546875
ZOHTOH,-67.48155975341797,80.81685638427734
JAKBEG,-84.3955307006836,-18.897340774536133
VEJQEK,-112.75200653076172,23.36346435546875
TEQCAW,67.8319091796875,-23.680320739746094
BARAAD,78.51925659179688,-1.571746587753296
KURBUV03,-109.31124114990234,43.459197998046875
POKZAQ,-89.25945281982422,13.977396011352539
GOMDET,-76.11712646484375,16.542613983154297
LOFLAV,-68.96467590332031,60.23166275024414
YOQSIH,-13.140325546264648,-94.80816650390625
JIFHAK,60.70713424682617,67.6566390991211
XAQCUO,-51.136470794677734,-22.13787841796875
NUXGES,-81.01447296142578,15.06180477142334
DENWUP,-51.8647346496582,43.20372772216797
SETROA,41.44603729248047,-31.11765480041504
NAJMUK,29.606029510498047,53.060306549072266
LACWIY,22.310836791992188,-25.977039337158203
NISMAD,92.8973617553711,-29.169620513916016
FADGIC,-25.19476890563965,-91.9450454711914
ABUKUF,-33.290199279785156,-72.01273345947266
HACBAO,67.89611053466797,80.34699249267578
KAYGEY,-17.94923210144043,45.75556945800781
RUPVED,45.493900299072266,51.905391693115234
OLEZAH,-88.29692840576172,-14.59463882446289
OFUHUS,8.583394050598145,59.21712875366211
ULESAG,-72.53899383544922,68.49540710449219
FOBPAP,-5.215165138244629,-9.2232027053833
FAWBUE,112.1936264038086,-11.160270690917969
NERZET,-60.52814483642578,14.331243515014648
CAFBAM,78.2754898071289,63.884822845458984
WUVKII,-22.769643783569336,-93.32064819335938
TAZPES,60.04041290283203,-5.19877290725708
HIQSAD,67.40298461914062,56.54349899291992
WELCUP,-19.834320068359375,-80.16024017333984
AJEZAR,-21.365116119384766,-71.86914825439453
RORNAP,-31.55377769470215,-5.376715660095215
HOGLEX,-13.279643058776855,-18.08408546447754
APUVUF,-114.7083511352539,41.31367111206055
ZATHIP,-69.49882507324219,53.82883834838867
WOBPUB,15.249857902526855,2.441741704940796
AZOQAI,91.9528579711914,-28.556455612182617
FOWSAM,-60.10725784301758,-6.6759867668151855
MAFQIU,91.90982055664062,-17.934846878051758
NELYOW,-41.79578399658203,-7.064169406890869
NAVHIC,133.33184814453125,8.94412899017334
TUDPIR,-47.23171615600586,85.92908477783203
RETZEW,125.93605041503906,-3.853445529937744
LAGSUK,-103.62639617919922,40.650230407714844
PAQMIG,0.6242456436157227,-44.56840133666992
YOPXAC,87.40226745605469,-15.110631942749023
OFEQIZ,-105.92073059082031,20.272550582885742
WUFVUP,97.03244018554688,-38.26077651977539
YECYIS,55.23124694824219,-14.912627220153809
HMTHQU,-19.37272834777832,56.45481491088867
CEXGAR,1.3468025922775269,4.038759231567383
HAGWET,129.4793243408203,4.0356011390686035
HEWWAI,101.28321075439453,-6.468601226806641
RINQUC,-77.36570739746094,-17.947418212890625
GIHGEK,-0.02461249940097332,-5.222582817077637
LAGSOE,-58.978336334228516,24.299909591674805
GIDFIM,5.129829406738281,5.87280797958374
GOWBOJ,-105.05886840820312,46.00056076049805
VESYUQ,-59.56116485595703,-5.9985175132751465
NUZVAH,-11.344879150390625,33.47064208984375
QAJZEH,-4.094475269317627,-88.72843933105469
JOLJID,95.1303939819336,-43.247581481933594
RURROM,98.30974578857422,-27.426090240478516
SUZQIO,-107.7494888305664,18.136632919311523
NOSRIZ,35.775001525878906,-39.466285705566406
RESHIH,-103.71448516845703,41.280616760253906
UZUYIZ01,-56.00218963623047,75.20143127441406
QEHCUD,-80.45873260498047,-9.007953643798828
TEBMAO,4.971132278442383,-39.952796936035156
URMALN,76.01336669921875,68.45481872558594
EBOLEP,107.3886947631836,-13.405573844909668
EVETAB,100.70487213134766,-40.00705337524414
TAZMOZ,-31.468839645385742,2.5496513843536377
SABVUP,59.20629119873047,68.00526428222656
HAZMAA01,61.90761947631836,69.205810546875
KAMQOH,80.0273208618164,43.28850173950195
LIQFAU,-86.70915985107422,6.684704303741455
UGOTER,-88.38069152832031,31.152172088623047
MENXAI,51.90972900390625,0.07378053665161133
TACBAC,-93.82728576660156,44.05397415161133
SUDDEC,-1.2826182842254639,-65.58464813232422
HIPVAH,-110.26377868652344,43.7687873840332
MOGZEP,71.85270690917969,-17.41575050354004
JAZBES,-96.74163818359375,-4.352418422698975
KANBIN01,-47.0680046081543,25.007213592529297
PIXZEF,68.40338897705078,79.69013214111328
XERBUU,17.712322235107422,4.68496561050415
UZUZEW,-53.59250259399414,80.6875991821289
HEYDOI,52.466739654541016,57.702640533447266
PAKPEY,-47.044681549072266,29.482126235961914
XIBDOD,-61.31768798828125,7.868799686431885
HIQMOL,-68.89451599121094,30.19783592224121
TEWRAS,72.97825622558594,64.25851440429688
HEBQUC,-13.910480499267578,50.912620544433594
GESKUM,-69.64228057861328,11.512029647827148
HUQXAU,-56.628334045410156,76.64665985107422
AJACOF,69.6685791015625,-23.492263793945312
SECZEI,27.91211700439453,-41.54282760620117
AJODOU,21.219165802001953,-25.109161376953125
TOQGUD,15.258644104003906,-4.818892955780029
RESFOL,-44.9108772277832,89.13921356201172
BAKMOP,44.534912109375,41.708072662353516
BAQQIW,72.46661376953125,-39.96742248535156
DINLAN02,85.13055419921875,81.86029052734375
IVUKUG,90.08063507080078,-42.6425895690918
CEWZEN,85.87043762207031,74.57969665527344
TENYES,5.8450188636779785,-6.108959197998047
XEQXEX,-2.1719183921813965,-62.59933090209961
PUTMAU,-73.93769073486328,18.85028076171875
DAYWAC01,-99.57466125488281,-7.1842193603515625
IWASEE,128.9781951904297,12.721343040466309
WASRER,-69.5460205078125,77.18138885498047
QERLUV,-27.029319763183594,75.78095245361328
BEJGUT,-41.43522262573242,76.54147338867188
SIPVET,2.769907236099243,-86.72059631347656
VUXNIN,41.412296295166016,-46.00294876098633
IPAYIK,17.49474334716797,-8.250611305236816
SICQEE,64.74898529052734,51.7256965637207
PAHNOD,-25.56316375732422,-55.99916458129883
OYUYEP,0.691948652267456,-1.96723473072052
QIGVOR,52.3275146484375,-16.37694549560547
OVILUC,66.2245101928711,52.19241714477539
RIJTUZ,-3.9468140602111816,-88.5108642578125
VEFVIM,-34.24075698852539,1.4491115808486938
KEKGAJ,75.42510223388672,81.8048095703125
VEZPIC,134.3719940185547,7.077348709106445
XABLOE,-78.91142272949219,-27.7879695892334
EXUCUX,-73.56426239013672,16.472654342651367
HUNWUI,-83.31433868408203,-19.461816787719727
BIGHAD,-34.76213836669922,91.24845886230469
VAWPEP,18.213607788085938,-1.2956987619400024
AZUMEO,-25.640474319458008,-59.69939041137695
BUTBOJ,104.62472534179688,-29.888151168823242
LADCIE,33.02996826171875,-59.311153411865234
QURSUR,114.87332916259766,-35.88185119628906
PIXZIJ,94.89376068115234,-9.066730499267578
KIZYID,-62.62549591064453,-5.575023174285889
RAXYEX,-17.90744972229004,-66.2638168334961
XAPMIK,-53.018043518066406,27.109350204467773
FULLIJ,55.230098724365234,9.044257164001465
XIRLUJ,4.943021774291992,1.3933647871017456
FATQEA,45.97613525390625,33.92593002319336
SULSUO,-17.991796493530273,-91.52875518798828
EXIBIX,72.8992691040039,-37.760459899902344
ULICAV,75.61689758300781,-31.947704315185547
VECVAD,-87.42170715332031,-17.282705307006836
INEDIP,-94.41533660888672,22.489665985107422
LUTNUM,-0.26309168338775635,-6.454374313354492
DEKXUO,-19.363285064697266,-24.141002655029297
DALJIN,-26.305707931518555,76.28297424316406
VOWTEG,-61.83256149291992,65.02667999267578
PAKPAU,-21.48556137084961,58.9277458190918
XICPUW,101.42255401611328,-4.832141399383545
RALRUS,5.748660087585449,-94.99079132080078
TIPWIY,-105.81498718261719,30.169904708862305
ROGLIJ,93.64116668701172,-8.876864433288574
COWJUU,-38.16792678833008,67.41749572753906
CIXMAZ,-35.457115173339844,-89.362060546875
QOLROB,-92.98309326171875,44.56605529785156
KEVSAG,-84.9696044921875,-18.787109375
KADHIK,24.75504493713379,18.369577407836914
JETTOU,3.801553964614868,-55.538330078125
ACIFAT,-11.161531448364258,-61.089134216308594
FURAOX,-8.398908615112305,-76.96265411376953
QEPJAX,-22.918256759643555,-63.7596435546875
QAGJOX,83.94033813476562,-26.894689559936523
DUCCAI,-73.54772186279297,65.59510803222656
BOVWEQ,111.55447387695312,-30.39910316467285
XELBEZ,46.35226821899414,39.3737907409668
AYEHOB,-22.867265701293945,-75.46063995361328
GELSUM,22.799617767333984,-24.563827514648438
GOLGIZ,61.817108154296875,53.11714172363281
LATKEY,105.41647338867188,-16.978425979614258
DINPIC01,9.261040687561035,-37.1633186340332
ZOYBEW,3.7774548530578613,-6.903804302215576
CEKBOJ,114.54741668701172,-32.40776443481445
TACCIL,-92.2469482421875,52.94139099121094
CIHFEH,78.65331268310547,-1.4256541728973389
NARDAL,-9.573348045349121,31.538740158081055
GUXVAZ,-34.373374938964844,-52.40312576293945
IBIYOJ,-19.271577835083008,-65.615966796875
IMZMAL13,-22.155330657958984,60.514381408691406
MILGAT,-31.135684967041016,38.41990280151367
YAJVAJ,45.22721481323242,38.83552932739258
QAYTEQ,12.284235954284668,-78.75039672851562
QEPJEB,-109.20184326171875,37.78700256347656
VIWBIM,-57.406280517578125,-24.191028594970703
ACOPUG,123.37777709960938,0.7292669415473938
RORPUL,-25.709800720214844,-63.76020812988281
PEQPIL,3.4187185764312744,-87.33628845214844
ECUSUU,108.25247192382812,-1.2708282470703125
TOHGUS,65.58949279785156,-10.651093482971191
GATZOS,-75.33513641357422,-33.67995071411133
MOYZIL,-100.64207458496094,46.66952133178711
HABJIG,-42.64094543457031,-0.09647378325462341
HICZIF01,30.451799392700195,-48.318233489990234
HOWXAV,68.29411315917969,59.16828918457031
ZOYCOH,36.251548767089844,-82.79886627197266
GAXFOC,93.9776382446289,-38.224327087402344
GETYIO,-71.28836822509766,57.25395965576172
XAFSOP,-63.74344253540039,5.111631870269775
CEVVUU,-55.67387771606445,-8.741189956665039
LEWROY,-78.1431884765625,60.627723693847656
TMABCA,-23.63245964050293,-89.89134216308594
PIRYAS,-58.74375534057617,76.1865234375
MILKOL,65.38775634765625,-5.679793834686279
PANCYQ,-34.09376525878906,91.59343719482422
OTIZAT,-102.48255920410156,11.207053184509277
POYXOQ,20.19639015197754,-12.557052612304688
TEKREK,-18.263141632080078,-73.745361328125
XIXTOQ,-37.5109977722168,70.34989166259766
COHWOL,74.70198822021484,78.5112075805664
LOHNOM,-19.177200317382812,-103.9135513305664
ABUQAR,1.8968558311462402,-102.95384979248047
ULAXOU,94.48910522460938,-14.377628326416016
DAMSAM,-25.209810256958008,-91.71669006347656
FEVKEZ,70.90116119384766,-23.30491828918457
TUQHUJ,99.82239532470703,-42.84468078613281
JIQCER,3.4736533164978027,-96.83470153808594
PUJBOM,65.76961517333984,-19.22871208190918
XAZQIA,114.18866729736328,-34.97517776489258
KELVEE,6.141862869262695,59.39860153198242
SOKZUQ,-0.5930300354957581,-22.163415908813477
QOVHOZ,104.97926330566406,-7.520394325256348
TILYEV,13.811075210571289,-49.30556869506836
PUJKOV,-111.31961822509766,40.52945327758789
AWIDER,-72.3987045288086,4.756484508514404
QIDKOF,113.71525573730469,-33.42502975463867
COGCUZ,10.294929504394531,10.753405570983887
HOXHAE,112.5655288696289,1.7632412910461426
RILQUA,-90.2236557006836,31.56766700744629
WOVZOZ,-40.25229263305664,32.59098815917969
ZEXHES,-86.84292602539062,-19.510099411010742
WEDMEZ,82.61339569091797,-10.154474258422852
BIXBUI,-108.68238830566406,-6.822594165802002
MISNOR,19.95876121520996,4.970875263214111
QOLRER,-67.08787536621094,53.733985900878906
ROBZOX,69.44715118408203,64.55146026611328
VEVZIH,72.7245864868164,-25.56867027282715
IFUQAC,-75.08976745605469,21.56537437438965
ZECQUW,-69.6505126953125,16.18627166748047
TENVUF,81.87973022460938,-24.40083885192871
LODHOD,-42.54597854614258,83.43199920654297
RUBZUM,-80.80818176269531,17.84983253479004
LOQZEZ,-9.44383430480957,-9.127071380615234
LAGTAR,-85.25468444824219,37.16659927368164
HIQSEH,45.0539665222168,27.66423225402832
CUYKIT,-0.4962122440338135,-58.13645935058594
NIJGUK,20.054458618164062,-58.67405319213867
QEYMIU,39.502567291259766,-52.922725677490234
ZAKSAI01,48.59697341918945,-10.8350248336792
RAWDAU,18.423547744750977,13.033520698547363
SADTIC,-29.145179748535156,74.69485473632812
LIGZUX,12.5321044921875,2.512927770614624
RIPYIB,115.33518981933594,-17.11347007751465
WUKROJ,103.10282135009766,-0.3465111255645752
AGIGEE,93.99320220947266,-39.9632453918457
UFALIZ,29.076032638549805,54.059288024902344
HURCIH,79.06741333007812,-39.81427764892578
LOMZIY,70.13239288330078,-7.8563923835754395
YUQLOM,51.571407318115234,8.151203155517578
EHOZOT,92.20317077636719,87.32384490966797
SILPUA,89.9830551147461,-41.8336296081543
DIYYUH,-97.26561737060547,13.423524856567383
JUNDEE,9.333903312683105,-52.51070785522461
EBAWEK,-95.82701110839844,39.43674850463867
VUXNAF,26.39027214050293,-38.91243362426758
QUYVEO,9.401786804199219,-0.1523759365081787
MICLEQ,62.225372314453125,66.65442657470703
GESBUD,-10.64970588684082,-92.53838348388672
LATLAU,79.4662857055664,50.05506896972656
QETNAF,-46.4151611328125,3.4372897148132324
CIRXIL,-72.88391876220703,-6.267803192138672
CEKMEM,-17.892906188964844,-21.830873489379883
PELMOL,-45.797142028808594,9.46992015838623
VIHNOT,-54.879215240478516,48.55558776855469
WOHXEZ01,123.16352081298828,-3.4919025897979736
FULTIQ,96.59605407714844,-36.05220031738281
TCYPIC,-11.911839485168457,-40.565223693847656
VUKPIC,-50.77727508544922,-10.459071159362793
QUFSIV,3.230854034423828,-84.21922302246094
QACVAT,64.0184097290039,-5.210258483886719
NICVAX,89.58984375,3.514773368835449
CURBEX,8.172454833984375,-10.551407814025879
UJOHUX,-24.88054084777832,-37.042964935302734
SOVKAS,-5.655818462371826,-62.688480377197266
VICKEX,10.056901931762695,-70.4130859375
FARQIC,-22.827558517456055,-23.062166213989258
MUFCOF,24.03948402404785,-33.241817474365234
LAJKEQ,95.7966537475586,-11.081228256225586
SIZFUD,113.26217651367188,2.9289424419403076
LOBNUO,-46.656803131103516,2.988345146179199
OJEPIC,-69.79728698730469,8.287662506103516
LUNNEN,-64.15715789794922,8.764171600341797
QALDUE,36.48470687866211,-46.24716567993164
KAXSIN,90.2162857055664,83.33132934570312
DINSOK01,-19.100261688232422,40.89598846435547
XITMUM,-50.472171783447266,-22.842819213867188
PIYDUW,-100.30402374267578,30.405975341796875
SARPAG,-31.19705581665039,-54.330936431884766
XIFQEJ,41.956298828125,-56.780189514160156
VAVKEL,90.87541198730469,-32.69499969482422
LUJSIT,113.89295196533203,22.05579948425293
TENPAF,63.68996047973633,-8.600677490234375
GUPXIB,89.7179183959961,-47.76499557495117
PITYOG,46.96318817138672,34.42965316772461
JAKBOQ,-23.011259078979492,-15.66589641571045
JAZSAH,-48.07718276977539,-7.291842937469482
RUVPEE,25.422698974609375,52.497276306152344
IRUGIM,-47.85504913330078,63.79831314086914
VEGHUN,-60.351539611816406,76.41844177246094
EXEZOX,-34.97050094604492,71.17359924316406
OTIZIB,-67.19755554199219,45.570220947265625
VURKUP,98.1739273071289,-5.003090858459473
EFEBAW,-22.82417106628418,-38.10618591308594
PITZEX,38.550350189208984,-77.23556518554688
ESATUN,-57.72410202026367,43.6358528137207
ZEXPOJ,39.51825714111328,28.084413528442383
GONLIG,-33.43004608154297,9.50666618347168
XISLIV,-48.11091232299805,70.62142944335938
ZEYDOY,-77.12840270996094,17.212739944458008
GARVAW,-24.053852081298828,-14.778060913085938
FEDTIV,71.16922760009766,-24.121395111083984
YICLAA,124.89834594726562,-3.1578798294067383
GICXEZ,-45.24950408935547,2.692816734313965
BOQNUS,-69.00899505615234,30.509008407592773
XAGDAK,102.9424057006836,1.7258694171905518
NORKOX,24.034944534301758,-39.2019157409668
GIJTEC,-13.376937866210938,49.81256103515625
SAXHIK,-75.23141479492188,-17.514118194580078
TOQNOF,27.898426055908203,54.409915924072266
HOWRUH,-61.17626190185547,6.129043102264404
JOYJAK01,-23.00417137145996,48.89430618286133
UQOCOT,21.191234588623047,-57.79856491088867
DUJKOK,83.26888275146484,-25.457773208618164
HOQSEO,-39.57905197143555,4.679098129272461
SAMLAU,48.325321197509766,-12.272404670715332
WEJHAV01,53.84899139404297,34.593196868896484
CERVIG,-22.840044021606445,43.86890411376953
VAGHIY,-16.71558380126953,30.989694595336914
OFAZII,104.13331604003906,-38.12158966064453
CAKZOF,-35.190189361572266,71.14468383789062
ULEFEW,-15.32862663269043,-97.83927154541016
AHUYIL,-0.8419365286827087,-100.07559204101562
JUBBEQ,-102.20249938964844,6.842028617858887
SECZUY,-28.00509262084961,-66.45074462890625
MOGZOX,58.414405822753906,53.95329284667969
COZZEX,21.160245895385742,-54.99045944213867
UBUQIU,112.74675750732422,-5.384266376495361
NIRMIN,14.80198860168457,-90.9805679321289
CATKAL,2.7288687229156494,-82.68163299560547
BOVWOA,-15.725448608398438,-33.777156829833984
NUJWAR,-92.11634826660156,33.786354064941406
MOGWEM,-42.536075592041016,4.469987392425537
TOZHOF,18.096418380737305,1.3093445301055908
SANAPY,-107.40577697753906,19.86248779296875
FUFJEY,-85.25532531738281,11.021448135375977
CYTFGL,-6.797952175140381,-5.231821060180664
GALHEJ,-46.13768768310547,66.58528137207031
HURDEE,133.5460662841797,4.936326026916504
ZIYDAP,-58.78117370605469,61.96976852416992
TUDKIO,-22.927919387817383,-65.17668151855469
SOBCUI,16.47953224182129,-22.99190902709961
KODKIX,87.82430267333984,-15.682564735412598
FUWVAU,-100.01236724853516,-21.497289657592773
NINZAN,-76.69698333740234,1.1577647924423218
IDODIQ01,74.52529907226562,75.35978698730469
BERMOA,-75.43497467041016,18.253381729125977
AJADEX,111.03776550292969,20.46664047241211
DIGCOM,-85.3429946899414,-3.977764129638672
SOGGED,0.9972524642944336,-83.62989044189453
KURGOU,-72.16004180908203,74.92940521240234
NIXRUJ,64.6347427368164,-10.902381896972656
HONVIQ,50.008384704589844,-60.620975494384766
FIPLUO,-22.387311935424805,46.649593353271484
QOLNEM,21.497289657592773,-10.332322120666504
AKISEU,-54.4818229675293,69.19328308105469
LIGXEE,-48.78076934814453,57.6907958984375
WIMCUR,107.28984832763672,-12.595845222473145
ZAPFEB,34.64762496948242,-39.07557678222656
AFUHAM,-40.22722625732422,-54.91114044189453
EXIBET,115.13969421386719,22.528135299682617
SECYUX,-19.559492111206055,-84.34894561767578
BAYVOQ,-98.62468719482422,28.266860961914062
UFEZOY,-11.379050254821777,-40.02858352661133
EMUREJ,0.4371224045753479,-89.15123748779297
MORVEV,-5.656541347503662,-87.44081115722656
QUCKEH,103.93577575683594,-5.0119309425354
MIQQEL,60.75521469116211,-14.366647720336914
VELVUG,2.8446438312530518,-90.12464904785156
PEMBAL,-34.69602966308594,0.3416733145713806
QAGJAJ,-17.66811752319336,46.701961517333984
FURXEX,22.56704330444336,-69.3237075805664
NOQWIC,-41.88909912109375,84.24341583251953
HIVYOB,105.3317642211914,-33.6766242980957
QUTMIC,-17.199756622314453,-47.35472869873047
ECEROW,-59.31758499145508,22.771652221679688
MUFBOE01,-66.71402740478516,32.63935852050781
KETZEQ,-21.205236434936523,62.21084976196289
DERXEH,44.858028411865234,49.71426773071289
AMILUD,104.14105224609375,1.678353190422058
EWANOG,-63.18253707885742,4.5959248542785645
MUYTAC,-22.299213409423828,-38.25395965576172
DOWSAK,-27.040136337280273,-68.24642944335938
UYILEV,31.82347297668457,-55.559539794921875
UBIKUN,-36.23597717285156,85.20222473144531
JIYGUW,104.44898986816406,-3.58339786529541
HIDRET,79.34077453613281,44.45592498779297
ONIDEX,-60.107295989990234,-6.675832271575928
NORGEH,-89.96466064453125,12.926066398620605
QIWFEJ,-96.82298278808594,-16.511262893676758
FEQPOJ,66.04545593261719,46.68280029296875
ISANIB,-58.329566955566406,72.37710571289062
NEQMUU,101.04190826416016,-3.1882455348968506
TAZLEO,-4.216202259063721,0.9387597441673279
RIPYAT,17.834239959716797,-68.56063842773438
IDELIO,-20.263568878173828,-33.32831954956055
PAHHEO,109.1985855102539,-6.225733280181885
MEXHEG,-9.347501754760742,-69.98966979980469
JOKPUW,-34.755184173583984,-91.23892211914062
NAQMOK,-76.521484375,61.33854675292969
XAPZOG,-12.775529861450195,-82.17346954345703
ZEHDUL,-85.74385070800781,40.78094482421875
SOHMUZ01,84.61318969726562,-52.519222259521484
DIKCOQ,-35.54250717163086,-98.00138092041016
RECQUM,78.59918212890625,43.536563873291016
XEDQUW,28.78998565673828,-48.10021209716797
SIBYOV,28.155778884887695,52.58677291870117
UHORUF,-6.832901954650879,-37.71939468383789
NIDPUN,111.58260345458984,18.227426528930664
TANXEL,100.95174407958984,-49.35606002807617
NAGLYA10,34.62202835083008,-29.2113037109375
YIZQAA,27.0762882232666,-49.7907600402832
GIMQEC,-91.93551635742188,29.16095733642578
SARJOL,108.45574188232422,-6.247501850128174
QEPRIP,124.33168029785156,-2.6792800426483154
OTESEM,40.35279083251953,-59.73127365112305
XIJBIE,92.73259735107422,-30.515457153320312
IVULIV,13.129388809204102,11.642921447753906
UZUYIZ,57.931480407714844,-16.99036979675293
BUNHEZ,109.29729461669922,-29.8493595123291
YECHAQ,-4.293239116668701,-66.19031524658203
GEPNEW,76.28010559082031,-40.811134338378906
JIQLED,-93.18487548828125,43.35466766357422
TEYTAU,27.091629028320312,-52.72774124145508
KAYHEZ,-61.38215637207031,22.18175506591797
REHSAA,-80.98554229736328,-26.61367416381836
GUZDUB,-58.59800338745117,0.5532342195510864
NEBYAW,3.4736533164978027,-96.83470153808594
EPUSOZ,-78.57528686523438,18.43476104736328
TIHSAH,7.155570983886719,-89.70538330078125
HEGZUS,-33.21516418457031,82.13291931152344
DIMXOQ,-58.694400787353516,1.2383477687835693
WUTDEX,108.22465515136719,-33.87608337402344
NABCAV,3.1373038291931152,-84.61418151855469
GERCUF,-37.069915771484375,-51.91537857055664
VAVHIM,-34.75328826904297,7.700015068054199
POMKUZ,-70.47576141357422,53.68145751953125
NOSMIR,-49.749725341796875,81.43777465820312
UPOQAS,80.70301055908203,67.07530212402344
QAKWAA,-110.19335174560547,44.464454650878906
LATTIL,-32.614768981933594,-78.82747650146484
QAFROH,-74.99242401123047,-34.45631408691406
PITYAS,-0.770352840423584,-96.0263671875
TEZGIR,-102.34222412109375,8.452202796936035
LICMUH,74.92108154296875,71.40518951416016
XUMMEA,-34.535526275634766,-55.68727493286133
COXGUS,-71.34941101074219,-25.041383743286133
HEVMOO,-84.62354278564453,28.075931549072266
WADWAB,-47.18206787109375,2.227029800415039
HIQRUW,-3.395876407623291,-14.369396209716797
GENLUH,101.87631225585938,-4.586393356323242
SOLFUW,8.232865333557129,-64.52752685546875
QUFLAH,56.842124938964844,-12.353157997131348
LETSAG,3.54254412651062,-51.068092346191406
VUWLIJ,-83.94982147216797,27.416454315185547
YICKON,21.999807357788086,12.217947959899902
FICNAI,12.025378227233887,-0.5590894222259521
HUNJEH,79.7215576171875,50.630558013916016
NIJHAR,-59.61820983886719,4.859827518463135
BOVWAM,19.365755081176758,-22.714433670043945
PELNAY,-69.03504180908203,66.7095947265625
MIYTOF,-57.45882797241211,33.482666015625
YACRAY,-14.424959182739258,-44.57356262207031
ETABAC,97.65581512451172,-36.60701370239258
XOJNOA,-72.08587646484375,74.93746185302734
MIGVUU,-84.47251892089844,8.051947593688965
GEFDUU,-28.67327117919922,3.713155508041382
HODLES,68.16035461425781,-37.91275405883789
LOFKIB,-18.679140090942383,54.228248596191406
NOSXAU,-20.977632522583008,-61.54019546508789
EXISUC,63.782073974609375,55.298622131347656
UGOWOE,24.151098251342773,-49.279884338378906
QUQVEF,35.452938079833984,-51.685081481933594
SIHLED,-22.1998233795166,-59.95453643798828
YECHUK,-76.85163116455078,57.46902084350586
GEHKUA,56.309967041015625,-14.75525951385498
DATFAH,-25.951480865478516,-80.50297546386719
TEZNET,-37.516387939453125,-87.6858901977539
BIVSIJ02,-24.979185104370117,62.06095504760742
HONFEX,-35.36504364013672,-94.51445770263672
LATBOZ,18.821372985839844,-9.836621284484863
MISMAC,24.990812301635742,-26.224924087524414
FAFHEC,56.561885833740234,8.686068534851074
UGOSUG,50.5975456237793,53.87297821044922
GODQIZ,80.70301055908203,67.07530212402344
KEGCIJ,36.42599868774414,-61.27567672729492
WADNAT,37.717445373535156,-79.96234130859375
PUFFIG,3.4885964393615723,1.0710002183914185
IVUPEV,-46.85152816772461,56.03618240356445
NUQMUJ,-31.43658447265625,67.69166564941406
MODWIO,-67.269287109375,25.998428344726562
EBUCEL,-55.49468994140625,63.33433151245117
VUXTAJ,78.85010528564453,-31.517593383789062
HOCCOT,81.2324447631836,67.53227996826172
SERMOR,77.60945892333984,-50.35991287231445
MUYVOS,62.344764709472656,-19.013790130615234
USAKEF,-78.05345153808594,17.457786560058594
XITRID,-67.83906555175781,-21.04466438293457
AWAZUV,-3.3959102630615234,-14.3694486618042
VUMTEF,-29.15140151977539,-48.92178726196289
IVEPAD,50.06162643432617,35.90485763549805
TOKCUS,97.40751647949219,-38.14892578125
XAPZIA,44.4750862121582,-13.670613288879395
XOKSAT,87.91917419433594,-7.223025798797607
QAMRIG,99.95726013183594,-40.01387405395508
OTUKUM,-27.938289642333984,-56.50602722167969
GENMAO,-83.02607727050781,11.231924057006836
JEKGEL,-22.452896118164062,-91.8593521118164
FOMDOC,-78.65040588378906,9.618549346923828
PIJSIN,98.52481079101562,-7.036227703094482
NEFFEM,-37.788063049316406,45.54241180419922
DUCXOP,-85.54877471923828,31.64482307434082
EPUGEE,52.61832809448242,-58.14073944091797
FIJSIA,-89.23809051513672,40.556758880615234
MEGWAW,-21.80155372619629,-100.20381164550781
NOSXEY,-86.1508560180664,-18.40624237060547
OCAHIK,113.56920623779297,-0.2756606340408325
EHOVIG,57.77191162109375,54.01585388183594
QIPMUX,115.51374816894531,-37.60728454589844
LABQIR,-53.02120590209961,-8.292264938354492
VEJZIW,-11.1445951461792,-7.939911842346191
TAPDIB,4.927855014801025,6.559747695922852
YEXPOK,27.736562728881836,-37.21445846557617
WORQIG,-38.998111724853516,-87.0252685546875
XADTOL,-105.05644989013672,19.056922912597656
VEKMON,15.632726669311523,-85.80533599853516
SEPVES,-105.37561798095703,-10.870043754577637
BOWJEE,6.665741443634033,58.00835418701172
BAYQUR,84.5094985961914,-13.843823432922363
DAVPEW,-74.34292602539062,-12.353888511657715
SETYEY,-110.81305694580078,47.10301971435547
GAZSAF,-109.7584457397461,20.870159149169922
QUVKIE,-18.361501693725586,-59.970008850097656
YEPBEB,-43.64467239379883,86.33130645751953
GOLDIW,-35.090396881103516,36.47432327270508
LADDEB,26.114648818969727,-49.13815689086914
TOQNIZ,-20.959196090698242,62.67201232910156
AZOVUH,-46.10099792480469,-15.036665916442871
JIHQUP,-40.07234573364258,65.81705474853516
WITVEC,-15.452360153198242,-95.86156463623047
SUYYAN,43.40598678588867,-57.25688934326172
TEBREA,-63.5941162109375,31.938373565673828
BOKHAM01,73.41084289550781,59.35483932495117
CEPFEJ,-26.43402099609375,-102.91695404052734
HIQGEX,-47.361087799072266,-23.347238540649414
XOGDUU,-91.54078674316406,26.60931396484375
POVXAC,-27.74942970275879,-65.93416595458984
XAZROI,130.15972900390625,7.267431735992432
ATUTOY,7.691385269165039,-98.30699920654297
COLHOD,49.161502838134766,29.818204879760742
TICZUC,85.47466278076172,-36.76296615600586
QEJKUP,-53.699710845947266,21.26535987854004
NUMJEM,0.23670658469200134,-57.99776077270508
KUCQEG,11.217679023742676,9.5255126953125
DEJDII,64.90780639648438,-21.744047164916992
LACTIV,-94.47427368164062,40.442832946777344
PUQGOY,-25.602691650390625,-53.47136306762695
EKAZEY,104.61566925048828,-16.466629028320312
AYEPUR,36.57172393798828,-54.1932487487793
VIPXUQ,13.399466514587402,-71.91073608398438
CIXMON,82.33155822753906,0.47048214077949524
FUSCIH,-42.51488494873047,57.869285583496094
LUSWEB,37.09605407714844,-53.096431732177734
JUWHIU,63.05354309082031,42.01382064819336
BELDEB,5.638826370239258,2.256333351135254
PIJSOT,-53.11322021484375,27.24226951599121
WOCVIT,7.523767948150635,58.66822814941406
PAJFAI,-6.646873950958252,-69.34768676757812
TMBCAN,-10.385912895202637,45.297271728515625
VIWBEI,-15.218783378601074,-16.848289489746094
XOGFOQ,126.3577880859375,-0.09114993363618851
FETWIL,68.75695037841797,-29.393402099609375
OKOROY,-101.0196533203125,46.548465728759766
GEHKIO,11.551039695739746,-76.62808990478516
TINQOZ,103.17998504638672,-39.44642639160156
PITYIA,77.55390167236328,-38.550174713134766
KEKGIR,9.030198097229004,0.5759329199790955
JOCBAH,-24.192689895629883,-21.865686416625977
ANAPOX,-99.13406372070312,26.848896026611328
XUMKAU,49.11677932739258,44.88362503051758
FEPZAD,-95.63558959960938,-3.5707526206970215
AJAHIC,130.7859344482422,6.424383640289307
UBAJOZ,-61.83058547973633,76.48491668701172
UBEGOZ,-44.15194320678711,-1.426496982574463
DEKYAV,4.97182035446167,-79.27704620361328
OWOJER,-72.17555236816406,-24.585643768310547
VEQKIN,-71.7746353149414,65.7593994140625
FADHOJ,-104.52974700927734,20.62095832824707
EBESAI,42.45269012451172,33.483646392822266
TEYTAV,56.32017517089844,75.56913757324219
EMUMAC,-53.310184478759766,42.16866683959961
JAZSOV,7.333836555480957,-52.27879333496094
XIYVOS,-90.14566802978516,42.63532257080078
TEYYEE,-9.429286003112793,-38.318546295166016
KEMXEF,-23.664247512817383,-64.72537994384766
NUMJIQ,-34.541866302490234,-94.4336929321289
BOVVUF,22.830965042114258,-64.01161193847656
AYEQAY,16.373037338256836,8.472628593444824
FOSFIE,13.715083122253418,-62.7710075378418
TAFWEC,29.302736282348633,50.90262985229492
AMUZUE,88.13717651367188,85.47061920166016
EGOSEB,11.232671737670898,-67.79593658447266
NUKYUO,-33.9371223449707,8.314253807067871
TOYHUM,10.058647155761719,-51.73921585083008
XEMMIO,51.471214294433594,47.8983268737793
GESBEN,26.457971572875977,23.57143211364746
GOGBUC,84.49195098876953,-16.7796573638916
PIYDEG,-13.062129974365234,46.41383361816406
EWUTIB,19.538543701171875,-45.456504821777344
QOLMOV,16.5408935546875,-82.86026000976562
OLUTIB,-24.757686614990234,34.435794830322266
KASYEJ,22.326902389526367,-63.167415618896484
UNIRIT,-72.03765869140625,-31.76670265197754
UWEYON,-66.96052551269531,-23.375606536865234
BOVZAO,-72.53527069091797,-6.851760387420654
JIZZIB,75.83248138427734,-34.451202392578125
AFUJOC,-96.72882080078125,21.357189178466797
BISHIY05,-32.37706756591797,-68.5557632446289
WUKREZ,-57.98651123046875,45.43848419189453
WANKIF,-63.886314392089844,3.6255619525909424
QOTLIW,-18.895505905151367,41.92267990112305
VECVEH,91.77255249023438,-29.218050003051758
VIGNII,-22.681011199951172,-57.266807556152344
CEPZUV,-75.93048095703125,-34.59095764160156
ROJCEA,-110.17092895507812,22.78284454345703
FURYEY,-9.30468463897705,-61.10121536254883
YEQGOU,-63.29225540161133,-27.472360610961914
PUVNID,-111.0778579711914,-10.397631645202637
BACREE,-84.85186004638672,43.614627838134766
QIKDIX,-56.25555419921875,40.84722137451172
SOXFUG,103.49336242675781,-41.4716682434082
DUSLUY,5.316532611846924,-74.2708511352539
GUYVUU,-108.08609008789062,45.2179069519043
LOPPUE,-87.02987670898438,9.933968544006348
KAXSEJ,-12.200627326965332,-93.80111694335938
KITLUV,53.86857604980469,9.632857322692871
QADLOY,-36.63589096069336,91.005859375
SABNOA,-18.586374282836914,-77.51016235351562
XOHXAU,21.73002815246582,-65.31712341308594
BIDJAA,51.64902114868164,50.779232025146484
QUYKUS01,-58.59590148925781,70.0469741821289
RAFDEJ,-6.012589454650879,-76.27899169921875
LOQWIA01,47.836002349853516,45.32719421386719
MURHAK,-110.8338851928711,23.49028205871582
TIBXOV,-108.80655670166016,16.01742172241211
RISDAB,-50.505882263183594,42.7964973449707
ULAXAG,76.45780181884766,-50.67971420288086
RUYYIV,60.81932830810547,82.34724426269531
NUQLIW,81.6444320678711,-0.5166836977005005
NOZLIA,-49.45386505126953,32.88011932373047
GIGQIX,73.29268646240234,-32.46170425415039
SUYPIN01,130.33287048339844,10.737053871154785
RESGAY,-1.9301050901412964,-44.86202621459961
NUZTAF,74.3486328125,73.2059326171875
YEPPUI,19.850852966308594,-69.37024688720703
QUWZOY,112.42388153076172,20.4497127532959
NOSTUN,71.32302856445312,-5.426875591278076
AFESOU,-95.47042083740234,21.580623626708984
UTEJAG,69.01736450195312,55.23603057861328
PODRAC,77.58602142333984,-23.346872329711914
UCESAZ,17.031850814819336,-62.82746505737305
OCIJUG,5.752340316772461,-98.58010864257812
LIDPIA,-29.03893280029297,-71.07894134521484
NORTIA,-36.42782211303711,89.09771728515625
TOYHOG,-84.077880859375,-7.645834445953369
ULIBUO,-20.989816665649414,56.21601104736328
ESUXEV,-43.05122756958008,76.95006561279297
NOQFUV,19.354854583740234,-22.649686813354492
OFUHIG,-109.7821273803711,42.60955810546875
XONPUN,80.1954574584961,45.15252685546875
NUYDOB,58.095191955566406,-1.7563687562942505
MULPER,27.18966293334961,-33.003326416015625
NUQLES,-43.91223907470703,-3.248575210571289
JASHOB,-33.77301025390625,80.493896484375
VEMZIX,-64.55010223388672,-9.814269065856934
XIPVAU,73.63143920898438,53.960330963134766
MOJCOF,-67.1868896484375,-21.372541427612305
TIDMUO,-19.43604850769043,-13.802329063415527
MOXYEG,-20.95387077331543,-46.97124481201172
LOSHUZ,-61.57122039794922,30.98068618774414
GEVLOM,27.016944885253906,-48.5053825378418
LUNNIR,93.58888244628906,-7.034072399139404
NERLIJ,46.2683219909668,39.98725891113281
SOHDID,-20.67894172668457,-46.9058952331543
KERMID,11.993868827819824,-0.5793039798736572
DUJMOM,-61.49830627441406,-15.510260581970215
CIHHIM,75.13285827636719,74.42100524902344
DOWSEO,107.38873291015625,-13.405582427978516
KIGKOB01,92.700439453125,-6.768465995788574
WAPQAH,-18.21344757080078,-79.51213073730469
GEBMIJ,-31.841630935668945,-85.90132141113281
MENREG,-48.593841552734375,68.82658386230469
UTOBIP,38.13878631591797,58.01919937133789
EBOJAK,-42.96022415161133,59.538509368896484
TEWQEV,52.02614974975586,56.73063278198242
OZOTII,31.74471664428711,-51.82685089111328
NERDIB,49.50071716308594,53.19991683959961
SIRGEF,-3.27470326423645,-54.17695999145508
OMUXIE,-4.047479629516602,-56.30096435546875
CATJUE,90.69889831542969,85.54878997802734
VAVKUB,-18.620145797729492,-21.703495025634766
MBAZMS,-49.48460388183594,45.07735824584961
XOMZUW,-12.227152824401855,33.65891647338867
LABYOG,24.772083282470703,-25.589466094970703
LOYCUZ,83.53621673583984,41.5627555847168
OMELEZ,-11.703166961669922,47.88127136230469
VAVMAJ,-11.284233093261719,-15.963150978088379
RADGAF,-17.457948684692383,-95.06326293945312
IHIGIR,2.697354555130005,1.8903603553771973
ENIJUJ,69.3780746459961,-30.552019119262695
UHOSOA,36.67802429199219,-33.42439270019531
EPUGII,19.400177001953125,8.596145629882812
ORITAM,-9.819684982299805,43.99135971069336
RIBFIT,-79.43194580078125,-26.900142669677734
KAXRIM,81.0945816040039,79.32003784179688
FIGNER,125.99373626708984,3.197983503341675
TIPGIK,49.69316864013672,33.798099517822266
ADRTAR,-1.84959077835083,-2.3423168659210205
TOQGUD01,49.60103225708008,-0.11547700315713882
ASOMIE,-8.936503410339355,1.8749353885650635
FOSMIL01,8.1681547164917,8.811448097229004
YODBEA,-94.45394134521484,-16.270605087280273
DIHLOZ,-21.54480743408203,-75.30171203613281
DUDNIA,-22.818782806396484,-83.30647277832031
KUQXOM,-61.09294891357422,-7.384707927703857
TALBIT,-48.40177536010742,-9.905462265014648
IRUFIL,-91.45638275146484,-5.414687156677246
JASJUJ,52.0982780456543,61.025169372558594
DEGTIW,-58.132713317871094,46.71839904785156
FOYPAM,-78.73442077636719,-24.458938598632812
KAMREW,-6.941925525665283,-11.293028831481934
GUZXOQ,-107.32755279541016,48.09122085571289
HEBHOM,-53.69118881225586,42.74271011352539
NIFFOX,-95.82701110839844,39.43674850463867
CYTBGL01,-98.92843627929688,40.371803283691406
GAKPAJ,-14.213720321655273,-96.46015167236328
OJUHAE,13.851478576660156,11.76292610168457
LAXQAC,109.90140533447266,0.22797061502933502
ZIHQEQ,-106.35054779052734,-8.658561706542969
BARAPY10,-17.292911529541016,-63.91954040527344
WEDLAU,90.66443634033203,87.8795394897461
YAGNEB,34.27392578125,-33.3520622253418
PAJVEE,-30.66462516784668,38.213905334472656
XAQZUM,100.51424407958984,-24.6475830078125
POJFUQ,56.31281280517578,-20.29220962524414
BIWNAZ,-19.085935592651367,-17.57010841369629
ZESMES,-1.0517103672027588,-1.6590416431427002
KUZVOR,-5.830004692077637,-14.010988235473633
TORXOQ,-59.833683013916016,-7.743455410003662
IYEYIW,-27.67223358154297,-96.92118835449219
RUPRUR,13.158096313476562,-56.64403533935547
EBIFOK,9.11826229095459,0.3406563997268677
GAWLOG,-49.296443939208984,-9.667723655700684
VAKTOR01,-17.559255599975586,-81.62970733642578
QUHRAO,4.25849723815918,-79.74517059326172
APYSAL,-53.373661041259766,82.49083709716797
ENAGIK,87.22256469726562,-24.756731033325195
NUQKIV,-20.98773956298828,-15.577396392822266
GUMVOA,-103.85587310791016,41.97032165527344
MUDSEJ,17.19423484802246,-61.00261306762695
PEQQAE,34.710975646972656,-36.785125732421875
RADFUY,5.505101680755615,59.814056396484375
GENMES,-6.11838960647583,-70.36141204833984
HEDWEU,38.25275421142578,-60.08865737915039
DINSIE,-103.67273712158203,42.97126770019531
XEYLUI,94.00052642822266,-7.537735462188721
HAPCOU,26.545433044433594,-32.782588958740234
VUMDAJ,-16.315603256225586,-91.31940460205078
TETXOF,68.94926452636719,-20.01325798034668
RIHBUG,5.732444763183594,-55.68941879272461
GAVBAI,-12.332335472106934,-10.284628868103027
YAGKAT,13.332054138183594,-72.99559783935547
PUKDOP,9.004493713378906,-69.92111206054688
NIYGIN,84.66529846191406,-35.31514358520508
JOLCOE,-12.747065544128418,-56.1207160949707
ERAGOW,-39.03820037841797,91.27555084228516
RERCEA,63.71641159057617,-21.995813369750977
NEQPAD,-86.59806823730469,-16.71163558959961
LETJUT,5.559333324432373,-89.92567443847656
UMEXIU,-20.22572135925293,41.60124588012695
LALVED,-53.54115295410156,-9.850964546203613
KEWKOP,-23.251771926879883,-59.4585075378418
JICVUM10,-76.26705169677734,-10.696563720703125
DOCWUQ,-49.20164489746094,-25.229251861572266
XICRAE,19.0266170501709,-76.40385437011719
DITJEW,110.72785949707031,19.077640533447266
LATQII,-63.02116775512695,14.20085334777832
PAPJEZ,105.98660278320312,-8.10213565826416
FUZLES,-17.111400604248047,-20.70338249206543
VIBYOX,-61.04833984375,76.14935302734375
VOVZEN,39.985355377197266,26.66862678527832
TAZDOR,105.5010757446289,-46.40110778808594
EXEJUN,103.57118225097656,-4.030674934387207
YEVTEB,57.55213165283203,-18.211257934570312
HOFZOS,-111.73989868164062,43.96330261230469
YONLAO,28.247438430786133,-50.36904525756836
BIWMAZ,-87.93643188476562,27.153724670410156
REWCEE,-95.45790100097656,36.34190368652344
FEJWID,10.051742553710938,-7.937924861907959
KUJYOD,-74.5966796875,2.14897084236145
OFUBEA,16.267826080322266,11.08792495727539
MEGBUY,43.84364700317383,-57.16204833984375
UKITIU,116.75704956054688,-37.48466873168945
WOBQUC,-32.911964416503906,-56.334571838378906
EFOZAB02,90.8757553100586,-32.6945686340332
SIJZOC,19.190176010131836,-66.83563232421875
RUYTAI,-85.87936401367188,-17.545190811157227
OFIYOT,-66.54204559326172,63.42300796508789
PUPGUD,-16.795751571655273,-8.210140228271484
SIHLUT,-72.03472137451172,8.57674503326416
WOKGEI,-62.680030822753906,70.82864379882812
CIRMAT,77.88982391357422,-45.172630310058594
PUKPER,-64.1239242553711,12.856493949890137
CIXBOC,0.9190473556518555,-63.581336975097656
SERPIC,25.382625579833984,-47.63358688354492
QEYZIH,-88.21832275390625,37.84766387939453
AXOPIO,-44.895870208740234,-54.28425979614258
COZYUM,94.03498840332031,-37.06850814819336
TOHHIK,79.30445861816406,-31.87400245666504
DENWUP01,85.61587524414062,-8.572607040405273
NEDJUD,-1.3458881378173828,-2.449737310409546
VUXYOD,59.798797607421875,72.1290283203125
ULAWAF,-91.3569564819336,9.562065124511719
JAPWIJ,-86.48543548583984,33.83988952636719
SETRUG,90.92789459228516,87.06334686279297
QOBVAF,45.830810546875,30.471797943115234
ZOHWAW,-34.59686279296875,36.99620819091797
VACBIN,-94.91436767578125,29.013071060180664
ZOYCAT,-34.989654541015625,37.64430236816406
FOVRIU,-95.64071655273438,1.2952021360397339
HITQUA,39.01445007324219,-50.87773895263672
JIQFUN,101.06241607666016,-23.248878479003906
RAVPIO,-26.01943016052246,-61.95719909667969
QAFFIM,26.021772384643555,-36.89406204223633
DACBIW,-50.83824157714844,-24.283336639404297
JOYJEO,94.8687515258789,-34.43020248413086
SETRIU,77.64303588867188,65.11128234863281
ICEBOK,-6.798181533813477,-14.318718910217285
SERNAH,-26.571128845214844,44.9689826965332
QODNOP,-106.19308471679688,47.968475341796875
XAPWUG,77.57923889160156,83.75931549072266
YIKMAI,30.821868896484375,53.828453063964844
XECXOV,-52.874755859375,-20.521100997924805
LUTXUV,-6.955357074737549,39.352821350097656
JEPYEL,-24.225818634033203,-63.51031494140625
ZOHVEZ,-40.43446350097656,4.7509236335754395
QAHNOF,74.04778289794922,76.71653747558594
UMINAF,-19.53728485107422,-14.632242202758789
TIWPOH,-63.650630950927734,68.52481079101562
ETUBUT,-89.57975006103516,26.91656494140625
PUKJIP,54.987213134765625,-18.97974395751953
NEQNIJ,-52.78889465332031,77.9509506225586
KAPYIJ,-62.88290786743164,-5.983767032623291
JUMVEU,15.93663215637207,13.610136032104492
CIRNAU,-54.8669319152832,-25.77315330505371
CAPRAM,2.436375379562378,-5.166918754577637
NIMXUF,9.279842376708984,-65.32418823242188
XAGYIR,28.923446655273438,-29.143308639526367
DAQZIH,55.49304962158203,-14.496005058288574
XAGWOV,-94.05408477783203,13.67645263671875
BAYRAY,-58.76896286010742,18.96184730529785
NAWYOD,71.1719741821289,-15.18009090423584
EQAVOJ,-16.504796981811523,-6.853693962097168
DUJTUX,2.7946081161499023,-96.88140869140625
SALQUS,37.850791931152344,-57.082393646240234
KUQQUJ,56.954345703125,6.675682067871094
UNIZID,95.1602554321289,-39.03547286987305
ROFVEO,-111.29261016845703,22.66011619567871
QAMSED,-9.698660850524902,-11.549854278564453
TIHFOG,6.2364678382873535,1.6188218593597412
XERCIJ,132.3412322998047,4.895960807800293
JOTKIM,35.67988586425781,-61.641056060791016
MUYDOC,-100.14131927490234,-13.640230178833008
BOJGEN,-56.495906829833984,41.83417510986328
EKECOM01,9.559494018554688,3.207958936691284
KOPJUW,-45.41749954223633,60.36542510986328
DUMWEO,68.653076171875,-38.06908416748047
LEPFOF,-37.001983642578125,1.39682137966156
QAGJEN,20.005084991455078,-54.227806091308594
ODAPIV,92.46607208251953,5.322508811950684
XUVQUB,41.80216598510742,27.622682571411133
HOFYUZ,2.5153350830078125,-83.91513061523438
EZIDOH,-20.980649948120117,-82.37236022949219
YUKVIM,80.28691864013672,42.690086364746094
SEFVOO,47.27821350097656,38.91355895996094
HURMOW,-64.20406341552734,-19.617738723754883
XOJYEC,-9.901805877685547,-54.97799301147461
BOBXAU,4.446408748626709,-90.927734375
TYRTHM,-34.79376983642578,42.9602165222168
HIQROQ,-62.53826904296875,-9.55675220489502
MEFMAM,40.34454345703125,-60.85456848144531
KUWMUM,31.203189849853516,-42.067745208740234
METQOS,39.58537673950195,-59.014892578125
EZOPEP,-1.3022620677947998,0.8555588126182556
MICGAJ,10.612329483032227,-57.77305221557617
HAVFES,-59.36805725097656,-10.049850463867188
TETRIU,-8.273913383483887,-39.099098205566406
VIVZUV,-49.777645111083984,65.03132629394531
TAZPOC,86.61817932128906,-50.92819595336914
XAGZAK,-56.39548110961914,18.03567123413086
TUCLIM,128.2742462158203,3.3844332695007324
DUVHOR10,-77.44009399414062,18.035768508911133
PUQGIS,-5.426673412322998,1.1085628271102905
ACESOS,-18.172483444213867,-19.308683395385742
RAHXUV,72.92637634277344,69.87885284423828
CIJXOI,-52.4954719543457,-20.760765075683594
FUYLOB,-30.671794891357422,64.03842163085938
XUHYUW,89.01937103271484,-1.5487843751907349
WERLOY,-54.230140686035156,75.02983856201172
NIJCES,-52.22726821899414,25.49875259399414
NIDBEL,74.50286865234375,52.52233123779297
MCPATR,106.90137481689453,-17.874067306518555
XOJMUF,-13.009578704833984,-47.856624603271484
ZIPJEQ,-5.029953479766846,-44.659603118896484
IVULAN,8.953598976135254,-71.59675598144531
CABPOK,13.511323928833008,-58.19172668457031
JEJHUF,-21.055198669433594,46.47819519042969
KEZXAR,-45.554786682128906,10.021127700805664
SAZXOJ,73.86707305908203,-33.542274475097656
NEBWUO,9.224510192871094,57.12897872924805
GAVMAV,82.58588409423828,81.50048065185547
EPUQIQ,-77.72210693359375,14.006986618041992
LEGMUH,-100.13629913330078,28.925273895263672
WEWCOT,-11.905455589294434,-32.90584182739258
ABUKOZ,2.9023396968841553,1.93693208694458
NEQNUV,103.78526306152344,-33.364662170410156
SABBEF,111.95115661621094,-28.390483856201172
AXUFIJ,33.639713287353516,-56.09881591796875
OKUROE,-35.750125885009766,-96.35929870605469
WARNOV,10.102096557617188,7.315843105316162
ITIWAL,-4.435706615447998,1.0103614330291748
ODUQIO,-72.59812927246094,9.08705997467041
ZODWIY01,-41.76702880859375,78.40213775634766
BOVYUI,-20.92083168029785,41.495121002197266
CIWFOF,23.616024017333984,23.164655685424805
CINXED,62.00363540649414,79.35045623779297
EDAXIQ,17.247318267822266,-85.71002197265625
GINNIB,82.91055297851562,-24.583574295043945
LAPLIY,59.91346740722656,78.70722961425781
GOHHOA,-74.32501983642578,-34.69575500488281
ABOQUF,-41.0819091796875,85.8241195678711
ONAPUP,-5.453385353088379,4.4017133712768555
CACWEK,77.93925476074219,-39.43868637084961
PAQPIK,123.48450469970703,2.19775652885437
XIKLUA,-103.36861419677734,-12.996495246887207
PEGDEO,-42.743038177490234,-1.809062123298645
FEXSEJ,-59.94685745239258,22.078956604003906
MIJWUB,-49.84355926513672,36.6544303894043
ENAGEG,15.450665473937988,-24.51312255859375
FIDLOU,74.350341796875,73.50511169433594
KEFBIH,50.994266510009766,-10.43761157989502
VIJTIR,19.336278915405273,-85.10807800292969
ROPTAT,90.51493835449219,84.1504135131836
BEMLOV,6.566834449768066,5.109574317932129
RORMUI,18.884620666503906,-12.65781021118164
WUQQUW,-46.099517822265625,-2.6538124084472656
BARMPN,116.28361511230469,-16.583236694335938
MUBNED,8.09184455871582,-13.059938430786133
MOFDER,-31.1027774810791,81.42556762695312
CIRVUV,-107.8730239868164,11.689237594604492
JAJZON,66.92192840576172,50.877532958984375
KASXIN,-19.60602569580078,-81.78472137451172
KAYGAU,-12.006589889526367,-95.51223754882812
NOSVEZ,-33.226261138916016,35.36195373535156
NINFIB,-45.96551513671875,38.7851448059082
NAQXAE,9.075801849365234,-79.11256408691406
PEPGLF,49.01526641845703,-17.825992584228516
JETJEY,-40.96938705444336,-96.7071762084961
LIBXUR,-90.7823715209961,11.144445419311523
GOGYEJ,-30.293964385986328,67.53968048095703
MANXOS,-67.30557250976562,45.77936553955078
ZUWCEZ,102.21855163574219,-2.7161648273468018
KEBMAH,87.69377899169922,-39.39493179321289
ACONIR,-22.584705352783203,47.05502700805664
TUMJES,-73.19803619384766,-30.601186752319336
AFUGER,13.180459976196289,6.972620487213135
KIJSUT,-0.9059607982635498,-95.63287353515625
CUPNEJ,111.50516510009766,19.799741744995117
OCIQAT,91.6521224975586,-42.569923400878906
URIRAR,30.729915618896484,-32.45878982543945
JIMBAI,-53.32196807861328,83.48424530029297
ERIKOF,131.675048828125,3.326843500137329
EYOLIO,-106.98690795898438,22.12023162841797
ZIYDUJ,-102.25324249267578,25.429122924804688
BILKIS,16.71527099609375,-10.117226600646973
VISMUI,-70.5589599609375,6.195182800292969
NAQPAZ,118.91180419921875,-34.31989288330078
VEFMOL,47.3455696105957,48.308780670166016
AREJUF,-36.57773208618164,63.986427307128906
XAFSUV,78.64726257324219,-50.19015121459961
YIVQUQ,-7.772331714630127,-39.84096145629883
KEKHIS,8.707947731018066,60.024600982666016
WAPPUA,-41.06275177001953,72.89923858642578
FIJDUX,-51.58047103881836,78.77896118164062
EBONER,9.840547561645508,-86.78559112548828
SEZZOQ,38.82218933105469,-35.1224365234375
HIBKAE,-8.176650047302246,37.6998291015625
JEFLEM,3.8900535106658936,5.1659746170043945
UCOTUC,36.48469924926758,-46.24715805053711
ICOWAB,84.59516143798828,77.18791961669922
MIXTUJ,81.5322265625,-26.580610275268555
VOHMIP,-6.717034339904785,-56.24636459350586
KODLAT,-17.43638038635254,54.861167907714844
QICJUK,-55.81769561767578,-26.962934494018555
WEDKUN,59.7534294128418,81.58258819580078
WOPCUA,59.46781921386719,78.8198013305664
OSABIV,-85.44548034667969,6.655725479125977
QEYTOF,-76.24234771728516,-27.331092834472656
XOMZEG,92.05968475341797,-42.84953308105469
AGOCOQ,134.45071411132812,8.070116996765137
ARAMAK,-26.115140914916992,-72.95796966552734
SUYXIU,-88.67770385742188,9.102370262145996
QUDWIX,9.499427795410156,-70.86406707763672
GAQKOA,-42.772254943847656,4.412818431854248
NUKXAT,-52.65007781982422,28.232484817504883
RUYYAN,-48.41742706298828,-5.301071643829346
ROSYIK,-17.677043914794922,-25.61479377746582
DADMUT,-34.45668029785156,88.91259002685547
HOQGEB,59.94457244873047,73.14349365234375
QEYCAY,53.970298767089844,46.66634750366211
ZORVUX,-104.13786315917969,40.943092346191406
DITBAK,132.05393981933594,14.833765983581543
VIVZIJ,-79.92243957519531,18.183940887451172
CERXIH,75.56507110595703,-36.00625228881836
YOLKIV,48.993743896484375,45.10369873046875
EZIDUN,35.40599822998047,-42.15428161621094
PAHHAK,107.1780776977539,-15.563511848449707
RUDGEE,-71.31200408935547,-8.436812400817871
FUBHUG,81.60001373291016,-11.905841827392578
NUMJOW,-18.096988677978516,48.74040222167969
BOQNIG,6.761384010314941,-14.816936492919922
YUHGAJ,111.9048843383789,-1.5528898239135742
WAHGEV,28.628463745117188,17.699277877807617
OWIWUN,-20.972700119018555,-90.59652709960938
BALDOL,-51.29573440551758,81.54187774658203
CESRUN,104.90093994140625,-12.291425704956055
MOXYIK,116.35693359375,4.342037677764893
MANYEJ,-76.2848892211914,-11.868295669555664
UBUJIM,88.484130859375,-13.302424430847168
RUNHUG,19.647899627685547,-9.15220832824707
AQUMEH,10.014928817749023,-36.04995346069336
MUROXA,-69.80167388916016,-27.04906463623047
SUYNEI,27.052644729614258,49.7631721496582
JUYVIL,-35.240501403808594,-95.63360595703125
KEBCON,-23.15757942199707,-54.21944046020508
AMECUT,98.60787200927734,-11.933052062988281
MEKWUU,-45.037750244140625,0.5534067153930664
FASJEQ,129.89907836914062,8.398093223571777
YOVMUS,-103.80552673339844,-19.952037811279297
PARVOW,56.7431640625,52.09775161743164
KAPVUS,81.86442565917969,86.95423889160156
FERNEZ,-82.27593994140625,-5.924167633056641
RORNIX,-95.15185546875,37.002376556396484
GIYDEZ01,109.7574691772461,20.94131088256836
ABEKUN,44.82732009887695,25.910741806030273
TOMWOJ,-24.579668045043945,-15.684178352355957
CUNVUD,-4.003621578216553,-13.45065975189209
HEPSAZ05,-35.584171295166016,86.67815399169922
BIXMUS,-45.9903450012207,62.75303268432617
VEWZOM,-55.1837158203125,-8.060409545898438
XISVUT,-58.09629821777344,43.18661880493164
NUKWOF,-30.02861976623535,62.39029312133789
IVORAO,-43.9691276550293,30.33268165588379
VEFQEE,5.8167500495910645,-55.705204010009766
MEBZEC,-53.44327163696289,65.54692077636719
RAVXIY,-96.04695129394531,-7.553120136260986
VEJYUH,24.394784927368164,-25.264726638793945
GALHOT,68.76548767089844,-45.295509338378906
XELKAA,18.801544189453125,-11.465968132019043
FOFBEK,69.3101806640625,-38.88972473144531
POCHIA,88.76384735107422,-45.312904357910156
CIXBUI,-48.8811149597168,21.963666915893555
GIMPIF,-108.52949523925781,-10.465877532958984
YUYQAM,56.83682632446289,-20.21082305908203
XOKSAR,-7.05318546295166,-38.10845947265625
HEDRAL,-108.43290710449219,17.090198516845703
KUNTUK,-54.0821647644043,-24.20665168762207
FICNEN,-41.36875915527344,57.38482666015625
YACQUR,-62.07621765136719,65.13465881347656
EDASUX,-0.7039542198181152,-64.36227416992188
GEHLUD,-29.184612274169922,29.22648811340332
HIQNAA,99.40770721435547,-5.494312763214111
DILCAE,-13.970636367797852,-40.01140213012695
GAHDUP,-78.18360900878906,53.811771392822266
GAHFIF,-43.583980560302734,66.601806640625
YIRLOE,-69.00949096679688,19.845796585083008
CUVMUB,4.334500789642334,-8.301743507385254
